semanticSlotKey,songId,songIdx,displayTitle,titleLocalized,artist,packId,version,date,sideRaw,artworkRole,difficultyClass,numericSuffixRaw,jacketOverrideRaw,songJacketOverrideClasses,jacketNightRaw,titleOverride,audioOverride,primaryPath,primarySha256,physicalFileCount,apkPaths,apkSha256,widths,heights,mimes,fileSha256s,currentSongArtwork,evidence,confidence,catalogResourceIds,catalogVariantIds,coverageStatus,matchStatus
arcaea:abstrusedilemma:default,abstrusedilemma,341,Abstruse Dilemma,"{""en"":""Abstruse Dilemma""}",Ashrount vs. 打打だいず,eden,,1692230406,0,default,,,,,,,,assets/songs/dl_abstrusedilemma/1080_base.jpg,153249c53e297383c81657628686f9c92546a59439e268a06b95a21116051332,2,assets/songs/dl_abstrusedilemma/1080_base.jpg;assets/songs/dl_abstrusedilemma/1080_base_256.jpg,c2b58dcad54203645057a859524789f59cfd5ca13613b610d04ad087b58aac90,384;768,384;768,image/jpeg,025c1012ff52f71f3e53d16428c48ddf3bbad7c7c10fc35b1cbf3d74bba46bc1;153249c53e297383c81657628686f9c92546a59439e268a06b95a21116051332,true,original object SHA-256=153249c53e297383c81657628686f9c92546a59439e268a06b95a21116051332 equals APK image SHA; legacy filename IDX=341 maps to songlist.idx,confirmed,01a00090-6eab-719d-9b7a-d0928a4c8225,01a00090-6eab-7484-9469-cc6f2ae95faa,covered,confirmed
arcaea:acheron:default,acheron,484,Acheron,"{""en"":""Acheron""}",KARUT,single,,1756944000,1,default,,,,,,,,assets/songs/dl_acheron/1080_base.jpg,c88eaa1604e0f00dc1a1ab5289674f6458f0c37943bd5ef257b646c65c139567,2,assets/songs/dl_acheron/1080_base.jpg;assets/songs/dl_acheron/1080_base_256.jpg,c2b58dcad54203645057a859524789f59cfd5ca13613b610d04ad087b58aac90,384;768,384;768,image/jpeg,61441e3b998bac28ec2ac60b17e70cb1cbb2d594c5746934edb1d8c23d7e770b;c88eaa1604e0f00dc1a1ab5289674f6458f0c37943bd5ef257b646c65c139567,true,original object SHA-256=c88eaa1604e0f00dc1a1ab5289674f6458f0c37943bd5ef257b646c65c139567 equals APK image SHA; legacy filename IDX=484 maps to songlist.idx,confirmed,01a00090-6fbd-7798-a640-e0e378290d67,01a00090-6fbd-7aa5-9a28-f8af6bf140d8,covered,confirmed
arcaea:acidgod:default,acidgod,543,Acid God,"{""en"":""Acid God""}",Yuta Imai,single,,1785369601,1,default,,,,,,,,assets/songs/dl_acidgod/1080_base.jpg,fa80a68c1fef5324ed701d1390ba4b965533237ef14ae5ea6c9e9d051199fd11,2,assets/songs/dl_acidgod/1080_base.jpg;assets/songs/dl_acidgod/1080_base_256.jpg,c2b58dcad54203645057a859524789f59cfd5ca13613b610d04ad087b58aac90,384;768,384;768,image/jpeg,7b57803b66fd5d3642d22e9d14b2cd6179e32781df2c33c15294fc416399bf32;fa80a68c1fef5324ed701d1390ba4b965533237ef14ae5ea6c9e9d051199fd11,true,Current song-linked semantic slot has no Catalog Resource match,unknown,,,missing-from-catalog,unmatched
arcaea:aegleseeker:default,aegleseeker,213,Aegleseeker,"{""en"":""Aegleseeker""}",Silentroom vs Frums,observer,,1620691204,0,default,,,,,,,,assets/songs/dl_aegleseeker/1080_base.jpg,18ea41e3350a061120555ce73b11a449ac2bde7d95b3930b585e54b069fe671f,2,assets/songs/dl_aegleseeker/1080_base.jpg;assets/songs/dl_aegleseeker/1080_base_256.jpg,c2b58dcad54203645057a859524789f59cfd5ca13613b610d04ad087b58aac90,384;768,384;768,image/jpeg,18ea41e3350a061120555ce73b11a449ac2bde7d95b3930b585e54b069fe671f;bfe1a14e995e2d6553164037590d26424931c006a94b7274a9fa4488bd6f91fe,true,original object SHA-256=18ea41e3350a061120555ce73b11a449ac2bde7d95b3930b585e54b069fe671f equals APK image SHA; legacy filename IDX=213 maps to songlist.idx,confirmed,01a00090-70c7-72ed-aba9-6cd321c0c836,01a00090-70c7-72c2-8b88-031646de9aff,covered,confirmed
arcaea:aethercrest:default,aethercrest,443,Aether Crest: Astral,"{""en"":""Aether Crest: Astral""}",void (Mournfinale) × 水野健治,chunithm_append_3,,1740700800,0,default,,,,,,,,assets/songs/dl_aethercrest/1080_base.jpg,2990b2ca337ce1eb311f48f21e3b8b8fcd57a5881eae5ce8721ea1a0a3f88f83,2,assets/songs/dl_aethercrest/1080_base.jpg;assets/songs/dl_aethercrest/1080_base_256.jpg,c2b58dcad54203645057a859524789f59cfd5ca13613b610d04ad087b58aac90,384;768,384;768,image/jpeg,2990b2ca337ce1eb311f48f21e3b8b8fcd57a5881eae5ce8721ea1a0a3f88f83;ed3aa18c9a45aaf0b2e8c2a3771729f580a31043176bd27414c13955886cfee9,true,original object SHA-256=2990b2ca337ce1eb311f48f21e3b8b8fcd57a5881eae5ce8721ea1a0a3f88f83 equals APK image SHA; legacy filename IDX=443 maps to songlist.idx,confirmed,01a00090-71cb-7ea8-a381-37951c7df18c,01a00090-71cb-752c-ae65-4d48621bae10,covered,confirmed
arcaea:aidrew:default,aidrew,286,Ai Drew,"{""en"":""Ai Drew""}",Feryquitous,ongeki_append_1,,1664409601,1,default,,,,,,,,assets/songs/dl_aidrew/base.jpg,68e729dfa7ea6a22e15210e1b00ab2beee528f49cd9f9db8cbcb288f5c0815bd,2,assets/songs/dl_aidrew/base.jpg;assets/songs/dl_aidrew/base_256.jpg,c2b58dcad54203645057a859524789f59cfd5ca13613b610d04ad087b58aac90,256;512,256;512,image/jpeg,68e729dfa7ea6a22e15210e1b00ab2beee528f49cd9f9db8cbcb288f5c0815bd;f7e4ab9336a9e5a510d5039db4ee4ad6f518ed0d682d209ca0072bfd3c345122,true,original object SHA-256=68e729dfa7ea6a22e15210e1b00ab2beee528f49cd9f9db8cbcb288f5c0815bd equals APK image SHA; legacy filename IDX=286 maps to songlist.idx,confirmed,01a00090-72e8-78dd-a940-5dc7c87c63e2,01a00090-72e8-7b4b-ae45-51c643f0fefd,covered,confirmed
arcaea:aishite:default,aishite,541,"Love me, Love me, Love me","{""en"":""Love me, Love me, Love me"",""ja"":""愛して愛して愛して""}",きくお,virtualsingers,,1782345605,1,default,,,,,,,,assets/songs/dl_aishite/1080_base.jpg,157acc6f4ecd84710ca329b15112ae927fb39619efea1e81f99991465bc53ee3,2,assets/songs/dl_aishite/1080_base.jpg;assets/songs/dl_aishite/1080_base_256.jpg,c2b58dcad54203645057a859524789f59cfd5ca13613b610d04ad087b58aac90,384;768,384;768,image/jpeg,157acc6f4ecd84710ca329b15112ae927fb39619efea1e81f99991465bc53ee3;4985a9be190ab325cd1ade79f22043de40b84f0982600bc220a9dd15c42a9f4a,true,Current song-linked semantic slot has no Catalog Resource match,unknown,,,missing-from-catalog,unmatched
arcaea:aiueoon:default,aiueoon,132,AI[UE]OON,"{""en"":""AI[UE]OON""}",MYUKKE.,omatsuri,,1566432001,0,default,,,,,,,,assets/songs/dl_aiueoon/1080_base.jpg,b89fd22ee1c31633ac94f405aec6893f4a81997f2da18e85a1e5300927f50a63,2,assets/songs/dl_aiueoon/1080_base.jpg;assets/songs/dl_aiueoon/1080_base_256.jpg,c2b58dcad54203645057a859524789f59cfd5ca13613b610d04ad087b58aac90,384;768,384;768,image/jpeg,4e8c015d687e75db825e3df7591ed6d467ea00158f35dba641748a56cdb468dc;b89fd22ee1c31633ac94f405aec6893f4a81997f2da18e85a1e5300927f50a63,true,original object SHA-256=b89fd22ee1c31633ac94f405aec6893f4a81997f2da18e85a1e5300927f50a63 equals APK image SHA; legacy filename IDX=132 maps to songlist.idx,confirmed,01a00090-73be-7ad6-8035-9b9cf5f806b2,01a00090-73bf-7b0e-bb95-1fb5876a6282,covered,confirmed
arcaea:akinokagerou:default,akinokagerou,251,Haze of Autumn,"{""en"":""Haze of Autumn"",""ja"":""秋の陽炎""}",karatoPαnchii feat.はるの,musedash,,1640304000,0,default,,,,,,,,assets/songs/dl_akinokagerou/1080_base.jpg,a9ffa1ec0ab169e87afde6cba19f3e456ba3bc5f56fa6d19330c962159d7040d,2,assets/songs/dl_akinokagerou/1080_base.jpg;assets/songs/dl_akinokagerou/1080_base_256.jpg,c2b58dcad54203645057a859524789f59cfd5ca13613b610d04ad087b58aac90,384;768,384;768,image/jpeg,a9ffa1ec0ab169e87afde6cba19f3e456ba3bc5f56fa6d19330c962159d7040d;ccf34fd695d5d80dd501517a241dfd5215a821125c0615c9b8f3a118db2bba11,true,original object SHA-256=a9ffa1ec0ab169e87afde6cba19f3e456ba3bc5f56fa6d19330c962159d7040d equals APK image SHA; legacy filename IDX=251 maps to songlist.idx,confirmed,01a00090-5370-74d5-8996-c57cbedeaccf,01a00090-5370-7ffd-a625-b60916884945,covered,confirmed
arcaea:alephzero:default,alephzero,374,Aleph-0,"{""en"":""Aleph-0""}",LeaF,extend_2,,1709856006,1,default,,,,,,,,assets/songs/dl_alephzero/1080_base.jpg,fc6bc7b3bd4a50096d091f74a062419375ca7fc4cf0049d3d23bd7ce2a799091,2,assets/songs/dl_alephzero/1080_base.jpg;assets/songs/dl_alephzero/1080_base_256.jpg,c2b58dcad54203645057a859524789f59cfd5ca13613b610d04ad087b58aac90,384;768,384;768,image/jpeg,89c23e547107d71c5e2c836aee008f83d4ef3c0d4bbfac7be375cde20a054916;fc6bc7b3bd4a50096d091f74a062419375ca7fc4cf0049d3d23bd7ce2a799091,true,original object SHA-256=fc6bc7b3bd4a50096d091f74a062419375ca7fc4cf0049d3d23bd7ce2a799091 equals APK image SHA; legacy filename IDX=374 maps to songlist.idx,confirmed,01a00090-74d6-7b17-ae18-fe0ce7793405,01a00090-74d6-73a3-9a31-8973552351cd,covered,confirmed
arcaea:alexandrite:default,alexandrite,101,Alexandrite,"{""en"":""Alexandrite""}",WAiKURO,single,,1537142401,1,default,,,,,,,,assets/songs/dl_alexandrite/1080_base.jpg,d7cf41faa6f01eb5f19f239f01f0becc2234cf756b41fb79e6102e83081c03d4,2,assets/songs/dl_alexandrite/1080_base.jpg;assets/songs/dl_alexandrite/1080_base_256.jpg,c2b58dcad54203645057a859524789f59cfd5ca13613b610d04ad087b58aac90,384;768,384;768,image/jpeg,80b1283412af3c076deb9bfed4ac249a428f5c0d5ef55245dd8d94c3ed6d0e9b;d7cf41faa6f01eb5f19f239f01f0becc2234cf756b41fb79e6102e83081c03d4,true,original object SHA-256=d7cf41faa6f01eb5f19f239f01f0becc2234cf756b41fb79e6102e83081c03d4 equals APK image SHA; legacy filename IDX=101 maps to songlist.idx,confirmed,01a00090-75a2-7e7f-a8ca-a7477fccd682,01a00090-75a3-79dc-be34-37d46cbbae02,covered,confirmed
arcaea:alicealamode:default,alicealamode,183,Alice à la mode,"{""en"":""Alice à la mode"",""ko"":""Alice a la mode""}",Masanori Akita,alice,,1606953600,0,default,,,,,,,,assets/songs/dl_alicealamode/1080_base.jpg,c6dfbb4748f99663565225b2bbebeaec23686f83f5ad7dc184160c7af5d15c20,2,assets/songs/dl_alicealamode/1080_base.jpg;assets/songs/dl_alicealamode/1080_base_256.jpg,c2b58dcad54203645057a859524789f59cfd5ca13613b610d04ad087b58aac90,384;768,384;768,image/jpeg,ac3c92237f20e42db409d893759f569eab6cca47d3668b5e16c0b77bfa421fd2;c6dfbb4748f99663565225b2bbebeaec23686f83f5ad7dc184160c7af5d15c20,true,original object SHA-256=c6dfbb4748f99663565225b2bbebeaec23686f83f5ad7dc184160c7af5d15c20 equals APK image SHA; legacy filename IDX=183 maps to songlist.idx,confirmed,01a00090-76c1-70e3-b232-65a90b802c82,01a00090-76c1-7a5e-9d21-25b5b2b7a9f8,covered,confirmed
arcaea:alicessuitcase:default,alicessuitcase,185,Alice's Suitcase,"{""en"":""Alice's Suitcase""}",Endorfin.,alice,,1606953602,0,default,,,,,,,,assets/songs/dl_alicessuitcase/1080_base.jpg,c71961ce6fadab9ea102f33de61c2d0b7868fa3094d1416177ae8d4722239c3d,2,assets/songs/dl_alicessuitcase/1080_base.jpg;assets/songs/dl_alicessuitcase/1080_base_256.jpg,c2b58dcad54203645057a859524789f59cfd5ca13613b610d04ad087b58aac90,384;768,384;768,image/jpeg,7250fe7baa54a3d0d270344b40204b36dc31c05f6bb9384efffc500a31a18848;c71961ce6fadab9ea102f33de61c2d0b7868fa3094d1416177ae8d4722239c3d,true,original object SHA-256=c71961ce6fadab9ea102f33de61c2d0b7868fa3094d1416177ae8d4722239c3d equals APK image SHA; legacy filename IDX=185 maps to songlist.idx,confirmed,01a00090-77ee-733f-a5d0-08decc7c6c55,01a00090-77ee-744a-91c0-bc4a9a5e8bc3,covered,confirmed
arcaea:aloneandlorn:default,aloneandlorn,362,Alone & Lorn,"{""en"":""Alone & Lorn"",""ja"":""アローンアンドローン""}",Ponchi♪ feat.はぁち,extend_2,,1701302405,0,default,,,,,,,,assets/songs/dl_aloneandlorn/1080_base.jpg,af9c81b0f4dd86d640c6ecb5d3400bdf9dbcc4aa8e82784f437e9b4acdeab0a6,2,assets/songs/dl_aloneandlorn/1080_base.jpg;assets/songs/dl_aloneandlorn/1080_base_256.jpg,c2b58dcad54203645057a859524789f59cfd5ca13613b610d04ad087b58aac90,384;768,384;768,image/jpeg,6991d17f66289e3538d1bf8283a16175dfbe95e3dc9749f4c974f05624143434;af9c81b0f4dd86d640c6ecb5d3400bdf9dbcc4aa8e82784f437e9b4acdeab0a6,true,original object SHA-256=af9c81b0f4dd86d640c6ecb5d3400bdf9dbcc4aa8e82784f437e9b4acdeab0a6 equals APK image SHA; legacy filename IDX=362 maps to songlist.idx,confirmed,01a00092-72fd-7859-ba38-1266900d0b0c,01a00092-72fd-7833-ad9c-ab039522fb11,covered,confirmed
arcaea:altair:default,altair,271,Altair (feat. *spiLa*),"{""en"":""Altair (feat. *spiLa*)""}",kamome sano & you,base,,1657152000,0,default,,,,,,,,assets/songs/dl_altair/1080_base.jpg,767ea45bffeff1c51d907e6ccb422c9393a5d39a14f664fac7fcc43585d265cd,2,assets/songs/dl_altair/1080_base.jpg;assets/songs/dl_altair/1080_base_256.jpg,c2b58dcad54203645057a859524789f59cfd5ca13613b610d04ad087b58aac90,384;768,384;768,image/jpeg,70dbdf747a1f9fa7718b7cfb5fa18816d5343e6d2f5b45e218f89f2fc8b5c165;767ea45bffeff1c51d907e6ccb422c9393a5d39a14f664fac7fcc43585d265cd,true,original object SHA-256=767ea45bffeff1c51d907e6ccb422c9393a5d39a14f664fac7fcc43585d265cd equals APK image SHA; legacy filename IDX=271 maps to songlist.idx,confirmed,01a00090-7903-74a2-9540-fa662e43457c,01a00090-7903-7cab-bf56-bcde716ddf31,covered,confirmed
arcaea:altale:default,altale,162,Altale,"{""en"":""Altale""}",Sakuzyo,single,,1590537612,0,default,,,,,,,,assets/songs/dl_altale/1080_base.jpg,86771ead1905d95e86cf09661bc2fa59d98569ea84b61cf57062d30c13582319,2,assets/songs/dl_altale/1080_base.jpg;assets/songs/dl_altale/1080_base_256.jpg,c2b58dcad54203645057a859524789f59cfd5ca13613b610d04ad087b58aac90,384;768,384;768,image/jpeg,1ac594861d312e4453ed158baa98a6d28fc5e86110153a330e44f4243625d187;86771ead1905d95e86cf09661bc2fa59d98569ea84b61cf57062d30c13582319,true,original object SHA-256=86771ead1905d95e86cf09661bc2fa59d98569ea84b61cf57062d30c13582319 equals APK image SHA; legacy filename IDX=162 maps to songlist.idx,confirmed,01a00090-79db-75fb-93a5-510aa379c2fd,01a00090-79db-7cd2-a418-279c22b0f8ac,covered,confirmed
arcaea:alterale:default,alterale,225,AlterAle,"{""en"":""AlterAle""}",Arik Kau Delay (アラ＆かゆき＆でり）,observer_append_2,,1626825601,0,default,,,,,,,,assets/songs/dl_alterale/1080_base.jpg,1da862b6a07717cfcd4281d54faadb4afd767feaf50fc7dbafd5179cc3141296,2,assets/songs/dl_alterale/1080_base.jpg;assets/songs/dl_alterale/1080_base_256.jpg,c2b58dcad54203645057a859524789f59cfd5ca13613b610d04ad087b58aac90,384;768,384;768,image/jpeg,1da862b6a07717cfcd4281d54faadb4afd767feaf50fc7dbafd5179cc3141296;3d232c9f0295f9f8d5d267c23cbf18006109e7c5d785d8409ac0c66b08c9f57b,true,original object SHA-256=1da862b6a07717cfcd4281d54faadb4afd767feaf50fc7dbafd5179cc3141296 equals APK image SHA; legacy filename IDX=225 maps to songlist.idx,confirmed,01a00090-7bc9-7da1-b412-7b846e296b4f,01a00090-7bc9-774f-8222-33d06a6a208a,covered,confirmed
arcaea:alterego:default,alterego,400,ALTER EGO,"{""en"":""ALTER EGO""}",Yuta Imai vs Qlarabelle,nihil,,1722297606,1,default,,,,,,,,assets/songs/dl_alterego/1080_base.jpg,ae135d001b8f035bf1bc421e58ffc060ffa134789c664ffcddbf8f5248196fe0,2,assets/songs/dl_alterego/1080_base.jpg;assets/songs/dl_alterego/1080_base_256.jpg,c2b58dcad54203645057a859524789f59cfd5ca13613b610d04ad087b58aac90,384;768,384;768,image/jpeg,31a1a32b1277ddadddbf0fea9807dac9ec12e8416fb087ffb51b97f06d76e969;ae135d001b8f035bf1bc421e58ffc060ffa134789c664ffcddbf8f5248196fe0,true,original object SHA-256=ae135d001b8f035bf1bc421e58ffc060ffa134789c664ffcddbf8f5248196fe0 equals APK image SHA; legacy filename IDX=400 maps to songlist.idx,confirmed,01a00090-7a9d-7a0b-8a42-a339747baca4,01a00090-7a9d-7370-9908-0319d29a0322,covered,confirmed
arcaea:altergate:default,altergate,483,AlterGate,"{""en"":""AlterGate""}",MisoilePunch♪ ~タケノコ添え~,anima_append_1,,1755734405,1,default,,,,,,,,assets/songs/dl_altergate/1080_base.jpg,16a753ddcd901dbb992406d373eef496e663ce8dcef69da17969eec096461adb,2,assets/songs/dl_altergate/1080_base.jpg;assets/songs/dl_altergate/1080_base_256.jpg,c2b58dcad54203645057a859524789f59cfd5ca13613b610d04ad087b58aac90,384;768,384;768,image/jpeg,16a753ddcd901dbb992406d373eef496e663ce8dcef69da17969eec096461adb;371b4ade0c3df8c1810b8a8c0ec5b2d62899e08e08d73de5c89cc4f44b05ebdb,true,original object SHA-256=16a753ddcd901dbb992406d373eef496e663ce8dcef69da17969eec096461adb equals APK image SHA; legacy filename IDX=483 maps to songlist.idx,confirmed,01a00090-7cd9-7558-bffd-9c57e88fbe15,01a00090-7cd9-7132-81ee-66218332a781,covered,confirmed
arcaea:altersist:default,altersist,534,Altersist,"{""en"":""Altersist""}",void (Mournfinale),single,,1779926402,0,default,,,,,,,,assets/songs/dl_altersist/1080_base.jpg,bffcf3627a1f5f2b9e4d4db8b42fbfe1e1f43a15fe0c8657e265d6d188959580,2,assets/songs/dl_altersist/1080_base.jpg;assets/songs/dl_altersist/1080_base_256.jpg,c2b58dcad54203645057a859524789f59cfd5ca13613b610d04ad087b58aac90,384;768,384;768,image/jpeg,bffcf3627a1f5f2b9e4d4db8b42fbfe1e1f43a15fe0c8657e265d6d188959580;ec9be74633c303b6f5908321da689e92a597d6873c2f8c99f06cc706b2c18554,true,Current song-linked semantic slot has no Catalog Resource match,unknown,,,missing-from-catalog,unmatched
arcaea:amazingmightyyyy:default,amazingmightyyyy,198,AMAZING MIGHTYYYY!!!!,"{""en"":""AMAZING MIGHTYYYY!!!!""}",WAiKURO,maimai,,1610064003,1,default,,,,,,,,assets/songs/dl_amazingmightyyyy/base.jpg,b1ffde8e1ec51c676140c999272a399766e1deb8345e8ecff5199db48573cf17,2,assets/songs/dl_amazingmightyyyy/base.jpg;assets/songs/dl_amazingmightyyyy/base_256.jpg,c2b58dcad54203645057a859524789f59cfd5ca13613b610d04ad087b58aac90,256;512,256;512,image/jpeg,1f9cf1228f81e1073faf28d010bbac70f01cb819a9031d8793ae8b3849198ac3;b1ffde8e1ec51c676140c999272a399766e1deb8345e8ecff5199db48573cf17,true,original object SHA-256=b1ffde8e1ec51c676140c999272a399766e1deb8345e8ecff5199db48573cf17 equals APK image SHA; legacy filename IDX=198 maps to songlist.idx,confirmed,01a00090-7e03-7bfe-88b5-a02ad53c4f8f,01a00090-7e03-7ed6-b74a-ddcf00d3eda8,covered,confirmed
arcaea:amekagura:default,amekagura,346,Amekagura,"{""en"":""Amekagura"",""ja"":""雨神楽""}",荒谷サトル,extend_2,,1695772802,0,default,,,,,,,,assets/songs/dl_amekagura/1080_base.jpg,07df16246fd0b0cfffec1b53333072c8c909241282060ec7fe045697ac33e2c0,2,assets/songs/dl_amekagura/1080_base.jpg;assets/songs/dl_amekagura/1080_base_256.jpg,c2b58dcad54203645057a859524789f59cfd5ca13613b610d04ad087b58aac90,384;768,384;768,image/jpeg,07df16246fd0b0cfffec1b53333072c8c909241282060ec7fe045697ac33e2c0;8563e086eab31b90823d9fe1ff0b2771b73f7e6d83a30a0eaa7ad27d108f17e4,true,original object SHA-256=07df16246fd0b0cfffec1b53333072c8c909241282060ec7fe045697ac33e2c0 equals APK image SHA; legacy filename IDX=346 maps to songlist.idx,confirmed,01a00090-6670-7b7f-96a5-e457af2fe74e,01a00090-6670-714f-a5a9-015fe486e119,covered,confirmed
arcaea:amygdata:default,amygdata,153,amygdata,"{""en"":""amygdata""}",nitro,single,,1585094401,1,default,,,,,,,,assets/songs/dl_amygdata/1080_base.jpg,7161c495f311e9772bb91a7f96b9c38b2096450778eb01b43368252d2bbd98ea,2,assets/songs/dl_amygdata/1080_base.jpg;assets/songs/dl_amygdata/1080_base_256.jpg,c2b58dcad54203645057a859524789f59cfd5ca13613b610d04ad087b58aac90,384;768,384;768,image/jpeg,077a1e6d95ceac42a8e896ddc14c18beaa0018a183555564c699dea30538c2e0;7161c495f311e9772bb91a7f96b9c38b2096450778eb01b43368252d2bbd98ea,true,original object SHA-256=7161c495f311e9772bb91a7f96b9c38b2096450778eb01b43368252d2bbd98ea equals APK image SHA; legacy filename IDX=153 maps to songlist.idx,confirmed,01a00090-7ec1-7710-9689-35f072a0215b,01a00090-7ec1-776c-9d19-3eaabbde2ac8,covered,confirmed
arcaea:andorxor:default,andorxor,490,ANDORXOR,"{""en"":""ANDORXOR""}",Sobrem,eclipse,,1759363204,1,default,,,,,,,,assets/songs/dl_andorxor/1080_base.jpg,b3be9dfb0f17dc0190de605055553acee8625e79ec32a349bf7d2dda74bb385e,2,assets/songs/dl_andorxor/1080_base.jpg;assets/songs/dl_andorxor/1080_base_256.jpg,c2b58dcad54203645057a859524789f59cfd5ca13613b610d04ad087b58aac90,384;768,384;768,image/jpeg,16ab9dd43f114fca3990f7d5584ea890181fd122c54a71fe1800e2fbd578467f;b3be9dfb0f17dc0190de605055553acee8625e79ec32a349bf7d2dda74bb385e,true,original object SHA-256=b3be9dfb0f17dc0190de605055553acee8625e79ec32a349bf7d2dda74bb385e equals APK image SHA; legacy filename IDX=490 maps to songlist.idx,confirmed,01a00090-80dc-75f8-b284-caf5e1831fd0,01a00090-80dc-7263-8b5c-654267c057ad,covered,confirmed
arcaea:andrevivemelody:default,andrevivemelody,427,And Revive The Melody,"{""en"":""And Revive The Melody""}",黒魔,ongeki_append_2,,1732147204,1,default,,,,,,,,assets/songs/dl_andrevivemelody/base.jpg,71a5ced7c1ebe30c1fb31bbac578fc7dd6122a575298b6bfc63b23b7d1981747,2,assets/songs/dl_andrevivemelody/base.jpg;assets/songs/dl_andrevivemelody/base_256.jpg,c2b58dcad54203645057a859524789f59cfd5ca13613b610d04ad087b58aac90,256;512,256;512,image/jpeg,71a5ced7c1ebe30c1fb31bbac578fc7dd6122a575298b6bfc63b23b7d1981747;cf09b2fd3078ecd1c2636fd3034eb97b0f68acfda3c9a9686e785f03d8bb00c4,true,original object SHA-256=71a5ced7c1ebe30c1fb31bbac578fc7dd6122a575298b6bfc63b23b7d1981747 equals APK image SHA; legacy filename IDX=427 maps to songlist.idx,confirmed,01a00090-7fd6-7b24-948d-3637e7df59cb,01a00090-7fd6-7f42-94f0-22c0e36f4ec6,covered,confirmed
arcaea:angelsboundary:default,angelsboundary,498,Angel's Boundary,"{""en"":""Angel's Boundary""}",MEMODEMO,single,,1761782405,0,default,,,,,,,,assets/songs/dl_angelsboundary/1080_base.jpg,1b24dc80a0154e2e6ec7c32d8b5fdd10e6497a8cddb6e9b789ec9cc26cdbf119,2,assets/songs/dl_angelsboundary/1080_base.jpg;assets/songs/dl_angelsboundary/1080_base_256.jpg,c2b58dcad54203645057a859524789f59cfd5ca13613b610d04ad087b58aac90,384;768,384;767,image/jpeg,05a420ffa0051d4d7bbe5102f9837a0d84606c48d35e74902848ca384a7ccaad;1b24dc80a0154e2e6ec7c32d8b5fdd10e6497a8cddb6e9b789ec9cc26cdbf119,true,original object SHA-256=1b24dc80a0154e2e6ec7c32d8b5fdd10e6497a8cddb6e9b789ec9cc26cdbf119 equals APK image SHA; legacy filename IDX=498 maps to songlist.idx,confirmed,01a00090-8209-7480-999e-1642d2177722,01a00090-8209-7e93-83e3-781c74ff2342,covered,confirmed
arcaea:anokumene:default,anokumene,21,Anökumene,"{""en"":""Anökumene"",""ko"":""Anokumene"",""zh-Hant"":""Anokumene"",""zh-Hans"":""Anokumene""}",Jun Kuroda,base,,1491868801,1,default,,,,,,,,assets/songs/dl_anokumene/1080_base.jpg,45fdf678724d74e09e4f4ee411f0e564172132498bf2a67db40aa8fce97267db,2,assets/songs/dl_anokumene/1080_base.jpg;assets/songs/dl_anokumene/1080_base_256.jpg,c2b58dcad54203645057a859524789f59cfd5ca13613b610d04ad087b58aac90,384;768,384;768,image/jpeg,45fdf678724d74e09e4f4ee411f0e564172132498bf2a67db40aa8fce97267db;e57714a967dd257d3800b52287a45fc96fec277a36e97f815810424a98aa4c47,true,original object SHA-256=45fdf678724d74e09e4f4ee411f0e564172132498bf2a67db40aa8fce97267db equals APK image SHA; legacy filename IDX=21 maps to songlist.idx,confirmed,01a00090-8338-7d4e-ad62-7247b11db931,01a00090-8338-73cc-9e4f-ae857bc810f1,covered,confirmed
arcaea:antagonism:default,antagonism,156,Antagonism,"{""en"":""Antagonism""}",Yooh vs. siromaru,vs,,1590537601,1,default,,,,,,,,assets/songs/dl_antagonism/1080_base.jpg,8302607db4eab9dbe17dd665096fc4fca46abe1ab8ec8943044bfa9de904556c,2,assets/songs/dl_antagonism/1080_base.jpg;assets/songs/dl_antagonism/1080_base_256.jpg,c2b58dcad54203645057a859524789f59cfd5ca13613b610d04ad087b58aac90,384;768,384;768,image/jpeg,8302607db4eab9dbe17dd665096fc4fca46abe1ab8ec8943044bfa9de904556c;e5a2e585efc0108213379e62aa35f0dca4d38db967b5c44bf05894553f6d3792,true,original object SHA-256=8302607db4eab9dbe17dd665096fc4fca46abe1ab8ec8943044bfa9de904556c equals APK image SHA; legacy filename IDX=156 maps to songlist.idx,confirmed,01a00090-840f-7730-9bab-4a1752682699,01a00090-840f-7f3a-9ddf-ef4b97c2ee06,covered,confirmed
arcaea:antithese:default,antithese,113,Antithese,"{""en"":""Antithese""}",Blacklolita,zettai,,1553126402,1,default,,,,BYD,,,,assets/songs/dl_antithese/1080_base.jpg,333adce56dc0928eec5878dcfc3668233904f6faa90f55c28165d3239001a3ad,2,assets/songs/dl_antithese/1080_base.jpg;assets/songs/dl_antithese/1080_base_256.jpg,c2b58dcad54203645057a859524789f59cfd5ca13613b610d04ad087b58aac90,384;768,384;768,image/jpeg,333adce56dc0928eec5878dcfc3668233904f6faa90f55c28165d3239001a3ad;f9cc3a516057cb21c30b08ef1d8a97df8244044e9903b0712e158195fde9902e,true,original object SHA-256=333adce56dc0928eec5878dcfc3668233904f6faa90f55c28165d3239001a3ad equals APK image SHA; legacy filename IDX=113 maps to songlist.idx,confirmed,01a00090-8600-7a89-b9f4-61601bdc14f0,01a00090-8600-71b0-8565-f782c6236295,covered,confirmed
arcaea:antithese:difficulty:BYD,antithese,113,Antithese,"{""en"":""Antithese""}",Blacklolita,zettai,,1553126402,1,difficulty-specific,BYD,3,True,BYD,,,,assets/songs/dl_antithese/1080_3.jpg,8e70fd18d0914bdf845512149492d268ec1ee9aa091c9c8b9eae06ba6b03e3e0,2,assets/songs/dl_antithese/1080_3.jpg;assets/songs/dl_antithese/1080_3_256.jpg,c2b58dcad54203645057a859524789f59cfd5ca13613b610d04ad087b58aac90,384;768,384;768,image/jpeg,8e70fd18d0914bdf845512149492d268ec1ee9aa091c9c8b9eae06ba6b03e3e0;d90aedc45126790da3b3ff7073d9d694ea8ca352e0591922ba41ab7868958515,true,original object SHA-256=8e70fd18d0914bdf845512149492d268ec1ee9aa091c9c8b9eae06ba6b03e3e0 equals APK image SHA; legacy filename IDX=113 maps to songlist.idx,confirmed,01a00090-851a-7606-9d0c-e964330ef6fb,01a00090-851a-7a78-8104-bb4b22511b11,covered,confirmed
arcaea:aprilshowers:default,aprilshowers,195,April showers,"{""en"":""April showers"",""ja"":""四月の雨""}",cubesato,maimai,,1610064000,0,default,,,,,,,,assets/songs/dl_aprilshowers/base.jpg,b4b8a3231540be41f3555267ea9ecca9f750b90979a177860d20dba341a94b4d,2,assets/songs/dl_aprilshowers/base.jpg;assets/songs/dl_aprilshowers/base_256.jpg,c2b58dcad54203645057a859524789f59cfd5ca13613b610d04ad087b58aac90,256;512,256;512,image/jpeg,b4b8a3231540be41f3555267ea9ecca9f750b90979a177860d20dba341a94b4d;fc7bc19cbe0455c361d9846ec5e8205030bf334e4c1a387522697ef59613d5ea,true,original object SHA-256=b4b8a3231540be41f3555267ea9ecca9f750b90979a177860d20dba341a94b4d equals APK image SHA; legacy filename IDX=195 maps to songlist.idx,confirmed,01a00090-5921-7db0-bd6a-0ffe238385d0,01a00090-5921-7ffe-a8ef-7b95b77e9314,covered,confirmed
arcaea:arcahv:default,arcahv,161,Arcahv,"{""en"":""Arcahv""}",Feryquitous,vs,,1590537606,0,default,,,,,,,,assets/songs/arcahv/1080_base.jpg,95390acfe500657e41cc2d287130ac9b9c66e93fe6ad85e8d9c8d10e4a180217,2,assets/songs/arcahv/1080_base.jpg;assets/songs/arcahv/1080_base_256.jpg,c2b58dcad54203645057a859524789f59cfd5ca13613b610d04ad087b58aac90,384;768,384;768,image/jpeg,2c41e7dd425e85b17218ba7f9b2afc4567c7f6cdfdfeb386060e715711445ec7;95390acfe500657e41cc2d287130ac9b9c66e93fe6ad85e8d9c8d10e4a180217,true,original object SHA-256=95390acfe500657e41cc2d287130ac9b9c66e93fe6ad85e8d9c8d10e4a180217 equals APK image SHA; legacy filename IDX=161 maps to songlist.idx,confirmed,01a00090-86cf-748e-95a3-76ba9d8b9d7b,01a00090-86cf-7d3e-92da-03840405ca0f,covered,confirmed
arcaea:arcanaeden:default,arcanaeden,279,Arcana Eden,"{""en"":""Arcana Eden""}",Team Grimoire vs Sakuzyo vs Laur,finale,,1657152008,1,default,,,,,,,,assets/songs/dl_arcanaeden/1080_base.jpg,88efc9b2bef00c886bdba3103fac9d165ba64d103bc6ed63ffffb11fcf7fe370,2,assets/songs/dl_arcanaeden/1080_base.jpg;assets/songs/dl_arcanaeden/1080_base_256.jpg,c2b58dcad54203645057a859524789f59cfd5ca13613b610d04ad087b58aac90,384;768,384;768,image/jpeg,7033f8d52461cf951be20254de045032d53a768bf83557a85da51cf3b8be40ef;88efc9b2bef00c886bdba3103fac9d165ba64d103bc6ed63ffffb11fcf7fe370,true,original object SHA-256=88efc9b2bef00c886bdba3103fac9d165ba64d103bc6ed63ffffb11fcf7fe370 equals APK image SHA; legacy filename IDX=279 maps to songlist.idx,confirmed,01a00090-87da-7174-a75d-b22a194feb60,01a00090-87db-7bdc-b211-763961b7d0fa,covered,confirmed
arcaea:arghena:default,arghena,352,Arghena,"{""en"":""Arghena""}",Feryquitous vs Laur,eden_append_1,,1695772808,1,default,,,,,,,,assets/songs/dl_arghena/1080_base.jpg,5d99b33a2460adb1b57d65a6bba6a602b814201d215a7899199bc45cc7948855,2,assets/songs/dl_arghena/1080_base.jpg;assets/songs/dl_arghena/1080_base_256.jpg,c2b58dcad54203645057a859524789f59cfd5ca13613b610d04ad087b58aac90,384;768,384;768,image/jpeg,5d99b33a2460adb1b57d65a6bba6a602b814201d215a7899199bc45cc7948855;e5e900374b495aabd0685eb9e8d3918a6ac96f3df3ade527b1c1a91e4bea38b5,true,original object SHA-256=5d99b33a2460adb1b57d65a6bba6a602b814201d215a7899199bc45cc7948855 equals APK image SHA; legacy filename IDX=352 maps to songlist.idx,confirmed,01a00090-890b-7fef-934d-abeed82a738a,01a00090-890b-75fd-832f-bb4c4042e94c,covered,confirmed
arcaea:ascent:default,ascent,241,Ascent,"{""en"":""Ascent""}",TANUKI,nijuusei_append_1,,1636588801,0,default,,,,,,,,assets/songs/dl_ascent/1080_base.jpg,4ecd406f282448a8c6fde393a827da786d25ac0f94a77879a78ae67e0ef2f716,2,assets/songs/dl_ascent/1080_base.jpg;assets/songs/dl_ascent/1080_base_256.jpg,c2b58dcad54203645057a859524789f59cfd5ca13613b610d04ad087b58aac90,384;768,384;768,image/jpeg,4ecd406f282448a8c6fde393a827da786d25ac0f94a77879a78ae67e0ef2f716;8562afeff5a4ea7db93af60ab21d2e0263a09cf34a27e2c82962eca50b3c114f,true,original object SHA-256=4ecd406f282448a8c6fde393a827da786d25ac0f94a77879a78ae67e0ef2f716 equals APK image SHA; legacy filename IDX=241 maps to songlist.idx,confirmed,01a00090-8a33-7c69-bfd1-3292e98a9949,01a00090-8a33-7521-a10d-3365c09da2d0,covered,confirmed
arcaea:asgore:default,asgore,529,ASGORE,"{""en"":""ASGORE"",""ja"":""アズゴア""}",Toby Fox,undertale_append_1,,1777507202,0,default,,,,,,,,assets/songs/dl_asgore/1080_base.jpg,4d943735ac0d4ed19689f96ae2915c239366a529d0414b0954ee20e6b0ef08c8,2,assets/songs/dl_asgore/1080_base.jpg;assets/songs/dl_asgore/1080_base_256.jpg,c2b58dcad54203645057a859524789f59cfd5ca13613b610d04ad087b58aac90,384;768,384;768,image/jpeg,4d943735ac0d4ed19689f96ae2915c239366a529d0414b0954ee20e6b0ef08c8;8ef323dda461927430a1d8268d7157f05837bdfa9f432c7c664496e4d8f015b0,true,More than one Catalog Resource row points to this APK semantic slot,medium,01a00092-70de-7625-b782-96f51385999f;01a00092-7159-7bbd-947f-a6f3e808fa03,01a00092-70df-7b46-83bc-1f6c3b3abba3;01a00092-7159-743e-9ab8-82a1f50af9ea,multiple-catalog-matches,ambiguous
arcaea:ashenboundary:default,ashenboundary,405,Ashen 6oundary,"{""en"":""Ashen 6oundary""}",YUKIYANAGI,nihil,,1722297604,1,default,,,,,,,,assets/songs/dl_ashenboundary/1080_base.jpg,0ce6a565fbc2c5e78ea2719ff9287ae9a5fdd6b073017b4c0204e2b3368d030c,2,assets/songs/dl_ashenboundary/1080_base.jpg;assets/songs/dl_ashenboundary/1080_base_256.jpg,c2b58dcad54203645057a859524789f59cfd5ca13613b610d04ad087b58aac90,384;768,384;768,image/jpeg,0ce6a565fbc2c5e78ea2719ff9287ae9a5fdd6b073017b4c0204e2b3368d030c;e33b981e688fe4a480692a03dd0399db49ec50b111e617c7edefc204cb3308b9,true,original object SHA-256=0ce6a565fbc2c5e78ea2719ff9287ae9a5fdd6b073017b4c0204e2b3368d030c equals APK image SHA; legacy filename IDX=405 maps to songlist.idx,confirmed,01a00090-8b51-73ab-955c-b1f69691e74f,01a00090-8b51-717e-8a63-20b4b8bf19f0,covered,confirmed
arcaea:astralexe:default,astralexe,423,astral.exe,"{""en"":""astral.exe""}",Synzak & Laxeno57,extend_3,,1732147200,0,default,,,,,,,,assets/songs/dl_astralexe/1080_base.jpg,e20321758ebf219e7bb8222d023e459a2c1b9a301d2b9fb0baa6518b774deac1,2,assets/songs/dl_astralexe/1080_base.jpg;assets/songs/dl_astralexe/1080_base_256.jpg,c2b58dcad54203645057a859524789f59cfd5ca13613b610d04ad087b58aac90,384;768,384;768,image/jpeg,d1317753671ac65c1a6e65eff9b44c3545146f31e903ef8ae58b6cf7495d3808;e20321758ebf219e7bb8222d023e459a2c1b9a301d2b9fb0baa6518b774deac1,true,original object SHA-256=e20321758ebf219e7bb8222d023e459a2c1b9a301d2b9fb0baa6518b774deac1 equals APK image SHA; legacy filename IDX=423 maps to songlist.idx,confirmed,01a00090-8fb4-7de8-9fa2-ad831e6dd5e4,01a00090-8fb4-781b-99fe-4a6a2d43dce0,covered,confirmed
arcaea:astralquant:default,astralquant,434,Astral Quantization,"{""en"":""Astral Quantization""}",Dj Grimoire,lephon,,1732147211,3,default,,,,,,,,assets/songs/dl_astralquant/1080_base.jpg,d7dea9294a1adc171f363fbb8b4b0137ff175d50b227564c1c8cb5eb246bb39d,2,assets/songs/dl_astralquant/1080_base.jpg;assets/songs/dl_astralquant/1080_base_256.jpg,c2b58dcad54203645057a859524789f59cfd5ca13613b610d04ad087b58aac90,384;768,384;768,image/jpeg,51703ccef92e1735064e02bbdfbd05ac3d25e00d082440ebcda910726e0cafbe;d7dea9294a1adc171f363fbb8b4b0137ff175d50b227564c1c8cb5eb246bb39d,true,original object SHA-256=d7dea9294a1adc171f363fbb8b4b0137ff175d50b227564c1c8cb5eb246bb39d equals APK image SHA; legacy filename IDX=434 maps to songlist.idx,confirmed,01a00090-8d6c-7485-aefc-c03ef824e85c,01a00090-8d6c-7675-9eab-d0f5673397af,covered,confirmed
arcaea:astraltale:default,astraltale,103,Astral tale,"{""en"":""Astral tale""}",Noah,single,,1541635201,1,default,,,,,,,,assets/songs/dl_astraltale/1080_base.jpg,1bd9a63075042c859200c0815b52367406c7746df75f23273a23bf9e040bee02,2,assets/songs/dl_astraltale/1080_base.jpg;assets/songs/dl_astraltale/1080_base_256.jpg,c2b58dcad54203645057a859524789f59cfd5ca13613b610d04ad087b58aac90,384;768,384;768,image/jpeg,1bd9a63075042c859200c0815b52367406c7746df75f23273a23bf9e040bee02;9341b851857723eaefe9982239dad631caa5053dc58bbc3a9162d7eafdc22742,true,original object SHA-256=1bd9a63075042c859200c0815b52367406c7746df75f23273a23bf9e040bee02 equals APK image SHA; legacy filename IDX=103 maps to songlist.idx,confirmed,01a00090-8ea9-7da8-8844-2fbcc13db9c7,01a00090-8ea9-7e3b-b6c2-65b210f73963,covered,confirmed
arcaea:astrawalkthrough:default,astrawalkthrough,297,Astra walkthrough,"{""en"":""Astra walkthrough""}",paraoka,extend_2,,1674691203,1,default,,,,,,,,assets/songs/dl_astrawalkthrough/1080_base.jpg,cbd00b243ca74bf5a743136caa5668f94f622c11d0a29cebfa77cf5c5d3e0600,2,assets/songs/dl_astrawalkthrough/1080_base.jpg;assets/songs/dl_astrawalkthrough/1080_base_256.jpg,c2b58dcad54203645057a859524789f59cfd5ca13613b610d04ad087b58aac90,384;768,384;768,image/jpeg,b5acb32f90f2e34be9ccf12c5860bc4b36d8f3a87a89733ba2fe575f39fd8ddb;cbd00b243ca74bf5a743136caa5668f94f622c11d0a29cebfa77cf5c5d3e0600,true,original object SHA-256=cbd00b243ca74bf5a743136caa5668f94f622c11d0a29cebfa77cf5c5d3e0600 equals APK image SHA; legacy filename IDX=297 maps to songlist.idx,confirmed,01a00090-8c65-74b9-a9eb-ff0743ccb6d4,01a00090-8c65-78ce-bc4f-c9575f336d06,covered,confirmed
arcaea:aterlbus:default,aterlbus,38,αterlβus,"{""en"":""αterlβus"",""zh-Hant"":""aterlbus"",""zh-Hans"":""aterlbus""}",Aoi,dynamix,,1498176005,1,default,,,,,,,,assets/songs/dl_aterlbus/1080_base.jpg,521cec9139115362b1bd5c4c390d4e862ebb91e85959c627724c5d8c13219d63,2,assets/songs/dl_aterlbus/1080_base.jpg;assets/songs/dl_aterlbus/1080_base_256.jpg,c2b58dcad54203645057a859524789f59cfd5ca13613b610d04ad087b58aac90,384;768,384;768,image/jpeg,521cec9139115362b1bd5c4c390d4e862ebb91e85959c627724c5d8c13219d63;d25f71b849ae22e0993b9ae210bcfb6dfb5d22294606a1f1e2d621e5b14fe9fb,true,original object SHA-256=521cec9139115362b1bd5c4c390d4e862ebb91e85959c627724c5d8c13219d63 equals APK image SHA; legacy filename IDX=38 maps to songlist.idx,confirmed,01a00092-69f4-73b8-afd5-9b4bef2103ec,01a00092-69f4-756e-b06e-19e640cfff50,covered,confirmed
arcaea:attraqtia:default,attraqtia,203,AttraqtiA,"{""en"":""AttraqtiA""}",かめりあ,single,,1611187203,0,default,,,,,,,,assets/songs/dl_attraqtia/1080_base.jpg,75f7ce0fc09e07ae4dd58080c1279e01b060a5aff2f0c33748348dc02bb005cc,2,assets/songs/dl_attraqtia/1080_base.jpg;assets/songs/dl_attraqtia/1080_base_256.jpg,c2b58dcad54203645057a859524789f59cfd5ca13613b610d04ad087b58aac90,384;768,384;768,image/jpeg,75f7ce0fc09e07ae4dd58080c1279e01b060a5aff2f0c33748348dc02bb005cc;e02450323292ec1424321fe303d9fe8fb7db2b69e7ce6b3e7e944459b014431e,true,original object SHA-256=75f7ce0fc09e07ae4dd58080c1279e01b060a5aff2f0c33748348dc02bb005cc equals APK image SHA; legacy filename IDX=203 maps to songlist.idx,confirmed,01a00090-90a7-73bf-b897-b1b1c74f48b1,01a00090-90a7-751d-b72d-2d028a83c3b6,covered,confirmed
arcaea:aurgelmir:default,aurgelmir,261,Aurgelmir,"{""en"":""Aurgelmir""}",溝口ゆうま feat. 大瀬良あい,single,,1647993600,1,default,,,,,,,,assets/songs/dl_aurgelmir/1080_base.jpg,e4492d7ed1029a172cfa0ea6aa46029f9c85505783475ce8319a224486fd815a,2,assets/songs/dl_aurgelmir/1080_base.jpg;assets/songs/dl_aurgelmir/1080_base_256.jpg,c2b58dcad54203645057a859524789f59cfd5ca13613b610d04ad087b58aac90,384;768,384;768,image/jpeg,3b1fb43fe9be460414354c7a7d09d8dce9e7bb76d3f0a96602900cc6efaf5959;e4492d7ed1029a172cfa0ea6aa46029f9c85505783475ce8319a224486fd815a,true,original object SHA-256=e4492d7ed1029a172cfa0ea6aa46029f9c85505783475ce8319a224486fd815a equals APK image SHA; legacy filename IDX=261 maps to songlist.idx,confirmed,01a00090-91cb-7bac-86b2-eabf11770010,01a00090-91cc-795d-b357-22473a8a7646,covered,confirmed
arcaea:auxesia:default,auxesia,48,Auxesia,"{""en"":""Auxesia""}",ginkiha,single,,1502323206,0,default,,,,,,,,assets/songs/dl_auxesia/1080_base.jpg,0f9c129b99aeffdd5c6bf772c666e54a0ddf46c9b2ffa02e152a814e2cec48a9,2,assets/songs/dl_auxesia/1080_base.jpg;assets/songs/dl_auxesia/1080_base_256.jpg,c2b58dcad54203645057a859524789f59cfd5ca13613b610d04ad087b58aac90,384;768,379;758,image/jpeg,0b6e17128b46484b0b8f83bf6b017f632d74743038a3000ac7b6333efc890555;0f9c129b99aeffdd5c6bf772c666e54a0ddf46c9b2ffa02e152a814e2cec48a9,true,original object SHA-256=0f9c129b99aeffdd5c6bf772c666e54a0ddf46c9b2ffa02e152a814e2cec48a9 equals APK image SHA; legacy filename IDX=48 maps to songlist.idx,confirmed,01a00090-92fa-773e-a83a-a39a479b3f1e,01a00090-92fb-7db7-bb93-51c71e743f26,covered,confirmed
arcaea:avantraze:default,avantraze,144,Avant Raze,"{""en"":""Avant Raze""}",Sampling Masters MEGA,single,,1575849600,1,default,,,,,,,,assets/songs/dl_avantraze/1080_base.jpg,1a1d02c4fa65541bd54d0b8176b08377a14eea77e449c8b2077a352b326037fc,2,assets/songs/dl_avantraze/1080_base.jpg;assets/songs/dl_avantraze/1080_base_256.jpg,c2b58dcad54203645057a859524789f59cfd5ca13613b610d04ad087b58aac90,384;768,384;768,image/jpeg,1a1d02c4fa65541bd54d0b8176b08377a14eea77e449c8b2077a352b326037fc;c7c16d902b239c37f646d3ff515e06d5fdb4eb6f233c346b07551d2881ad2625,true,original object SHA-256=1a1d02c4fa65541bd54d0b8176b08377a14eea77e449c8b2077a352b326037fc equals APK image SHA; legacy filename IDX=144 maps to songlist.idx,confirmed,01a00090-940c-7875-b584-aecfdf8588a5,01a00090-940d-7b5a-8a9e-9c292316ff82,covered,confirmed
arcaea:avril:default,avril,260,Ävril -Flicka i krans-,"{""en"":""Ävril -Flicka i krans-"",""ko_dialog"":""Avril -Flicka i krans-""}",Rigël Theatre,base,,1645056000,0,default,,,,PRS;PST,,,,assets/songs/dl_avril/1080_base.jpg,d4d98900f69b88d103f4d1df269d0b0c3c31d148597056c5a1243b7e01bd49b1,2,assets/songs/dl_avril/1080_base.jpg;assets/songs/dl_avril/1080_base_256.jpg,c2b58dcad54203645057a859524789f59cfd5ca13613b610d04ad087b58aac90,384;768,384;768,image/jpeg,d4d98900f69b88d103f4d1df269d0b0c3c31d148597056c5a1243b7e01bd49b1;fbfb4bd0da0804b1b936b52fb1b4e445ac3482469dd9c9688c8a9d23f23a97dd,true,original object SHA-256=d4d98900f69b88d103f4d1df269d0b0c3c31d148597056c5a1243b7e01bd49b1 equals APK image SHA; legacy filename IDX=260 maps to songlist.idx,confirmed,01a00090-96f7-7b57-bb3b-de35ebb24a75,01a00090-96f7-744e-b430-ac66d3555e38,covered,confirmed
arcaea:avril:difficulty:PRS,avril,260,Ävril -Flicka i krans-,"{""en"":""Ävril -Flicka i krans-"",""ko_dialog"":""Avril -Flicka i krans-""}",Rigël Theatre,base,,1645056000,0,difficulty-specific,PRS,1,True,PRS;PST,,,,assets/songs/dl_avril/1080_1.jpg,6859453bba6199bac2bce470886777c867dfb0ffc1cc1fc65ee180277576d300,2,assets/songs/dl_avril/1080_1.jpg;assets/songs/dl_avril/1080_1_256.jpg,c2b58dcad54203645057a859524789f59cfd5ca13613b610d04ad087b58aac90,384;768,384;768,image/jpeg,0827b33be5df88bfd2a06d1d8f181f5cfa7ae08c9a6d33d4ebd02a33004fe50b;6859453bba6199bac2bce470886777c867dfb0ffc1cc1fc65ee180277576d300,true,original object SHA-256=6859453bba6199bac2bce470886777c867dfb0ffc1cc1fc65ee180277576d300 equals APK image SHA; legacy filename IDX=260 maps to songlist.idx,confirmed,01a00090-9609-7dcc-b017-94b645bb760e,01a00090-9609-71bc-ae8b-8f651bf7b140,covered,confirmed
arcaea:avril:difficulty:PST,avril,260,Ävril -Flicka i krans-,"{""en"":""Ävril -Flicka i krans-"",""ko_dialog"":""Avril -Flicka i krans-""}",Rigël Theatre,base,,1645056000,0,difficulty-specific,PST,0,True,PRS;PST,,,,assets/songs/dl_avril/1080_0.jpg,15e7f0c918850ddc59f56e7033b6303f7369c006021fe0ad866d48c64e3d738f,2,assets/songs/dl_avril/1080_0.jpg;assets/songs/dl_avril/1080_0_256.jpg,c2b58dcad54203645057a859524789f59cfd5ca13613b610d04ad087b58aac90,384;768,384;768,image/jpeg,15e7f0c918850ddc59f56e7033b6303f7369c006021fe0ad866d48c64e3d738f;9d039e598ff94a886f6feecdb582da24b9ea0ae77dca48df049d1b523cb67437,true,original object SHA-256=15e7f0c918850ddc59f56e7033b6303f7369c006021fe0ad866d48c64e3d738f equals APK image SHA; legacy filename IDX=260 maps to songlist.idx,confirmed,01a00090-951d-79eb-9556-6b73ba2cc935,01a00090-951d-7f6f-9005-3d07c6c5e5e2,covered,confirmed
arcaea:awakening:default,awakening,493,Wake in Hour,"{""en"":""Wake in Hour"",""ja"":""始マリノ詩""}",有村京悟 feat.July,extend_4,,1761782400,0,default,,,,,,,,assets/songs/dl_awakening/1080_base.jpg,e1a9aad3b595cdd43db24c459fdb62c3678676345419fafbaf481a8a66a8e2c7,2,assets/songs/dl_awakening/1080_base.jpg;assets/songs/dl_awakening/1080_base_256.jpg,c2b58dcad54203645057a859524789f59cfd5ca13613b610d04ad087b58aac90,384;768,384;768,image/jpeg,726028c5d1f197618bdb699d622eaa9725d2326733fde9e378d8deff802d5c98;e1a9aad3b595cdd43db24c459fdb62c3678676345419fafbaf481a8a66a8e2c7,true,legacy filename IDX=493 maps to songlist.idx; decoded RGB equality + RGB 64x64 normalized MAE; matched=assets/songs/dl_awakening/1080_base.jpg; decodedEqual=false; MAE=0.664469,high,01a00090-57d9-7b0d-97de-375f5a3a0242,01a00090-57d9-7ae6-9e52-76abe9db1b62,covered,high
arcaea:awakeninruins:default,awakeninruins,380,Awaken In Ruins,"{""en"":""Awaken In Ruins""}",Supa7onyz,extend_3,,1711324802,1,default,,,,,,,,assets/songs/dl_awakeninruins/1080_base.jpg,5cbc768eb7bc2136eead578e451c6139a6efbdb3c19163dace6c31aa027cb2d4,2,assets/songs/dl_awakeninruins/1080_base.jpg;assets/songs/dl_awakeninruins/1080_base_256.jpg,c2b58dcad54203645057a859524789f59cfd5ca13613b610d04ad087b58aac90,384;768,384;768,image/jpeg,0b6f06868a933dcf5c0f2b85956cb25c070931ec5dfdbdbf52399ddddf601555;5cbc768eb7bc2136eead578e451c6139a6efbdb3c19163dace6c31aa027cb2d4,true,original object SHA-256=5cbc768eb7bc2136eead578e451c6139a6efbdb3c19163dace6c31aa027cb2d4 equals APK image SHA; legacy filename IDX=380 maps to songlist.idx,confirmed,01a00090-97e2-745f-93e7-efb37e0934e4,01a00090-97e2-70cb-bb85-0cdeb12b7e27,covered,confirmed
arcaea:axiumcrisis:default,axiumcrisis,55,Axium Crisis,"{""en"":""Axium Crisis""}",ak+q,yugamu,,1509667207,1,default,,,,BYD,,,,assets/songs/dl_axiumcrisis/1080_base.jpg,0677d6cfbf33df489de3700d71d999a13fee34d8e417034d0f349881b010b97a,2,assets/songs/dl_axiumcrisis/1080_base.jpg;assets/songs/dl_axiumcrisis/1080_base_256.jpg,c2b58dcad54203645057a859524789f59cfd5ca13613b610d04ad087b58aac90,384;768,384;768,image/jpeg,0677d6cfbf33df489de3700d71d999a13fee34d8e417034d0f349881b010b97a;4125346fcec62caecc955b61f100106bb456b9e9d101d62b9e16b7ddb6990589,true,original object SHA-256=0677d6cfbf33df489de3700d71d999a13fee34d8e417034d0f349881b010b97a equals APK image SHA; legacy filename IDX=55 maps to songlist.idx,confirmed,01a00090-9a0b-7cc0-9158-e22fb858b631,01a00090-9a0b-7acc-be5a-89f212dff39f,covered,confirmed
arcaea:axiumcrisis:difficulty:BYD,axiumcrisis,55,Axium Crisis,"{""en"":""Axium Crisis""}",ak+q,yugamu,,1509667207,1,difficulty-specific,BYD,3,True,BYD,,"{""en"":""Axium Divergence""}",True,assets/songs/dl_axiumcrisis/1080_3.jpg,f8206f42b9ad090800de62f5dce0a9109f0ef9d9a799f9d997e750189486e179,2,assets/songs/dl_axiumcrisis/1080_3.jpg;assets/songs/dl_axiumcrisis/1080_3_256.jpg,c2b58dcad54203645057a859524789f59cfd5ca13613b610d04ad087b58aac90,384;768,384;768,image/jpeg,4829ac4f7e10379131a16562b0ba7b656b6eb234020dbe5de663c6054486e319;f8206f42b9ad090800de62f5dce0a9109f0ef9d9a799f9d997e750189486e179,true,original object SHA-256=f8206f42b9ad090800de62f5dce0a9109f0ef9d9a799f9d997e750189486e179 equals APK image SHA; legacy filename IDX=55 maps to songlist.idx,confirmed,01a00090-98d7-7acc-b795-84d09bb3d4cd,01a00090-98d7-72e3-a91d-eac45ee46c5d,covered,confirmed
arcaea:azalea:default,azalea,505,ΛZΛLEΛ,"{""en"":""ΛZΛLEΛ""}",ak+q × onoken,nextstage,,1763769605,0,default,,,,,,,,assets/songs/dl_azalea/1080_base.jpg,d0eed7005e446bff7cdfbc746cbc46a9101da827f342f2a9a2a6b8586af1b748,2,assets/songs/dl_azalea/1080_base.jpg;assets/songs/dl_azalea/1080_base_256.jpg,c2b58dcad54203645057a859524789f59cfd5ca13613b610d04ad087b58aac90,384;768,384;768,image/jpeg,7d17d3162dc55ed7e415f5c368fee3854d60e5914e131164cb03e7d4748a3a32;d0eed7005e446bff7cdfbc746cbc46a9101da827f342f2a9a2a6b8586af1b748,true,original object SHA-256=d0eed7005e446bff7cdfbc746cbc46a9101da827f342f2a9a2a6b8586af1b748 equals APK image SHA; legacy filename IDX=505 maps to songlist.idx,confirmed,01a00092-6c34-7cb9-9b88-c3dbf3d03b86,01a00092-6c34-78f7-aa7c-2ce6545f03ac,covered,confirmed
arcaea:babaroque:default,babaroque,8,Babaroque,"{""en"":""Babaroque""}",cYsmix,base,,1487980807,0,default,,,,,,,,assets/songs/dl_babaroque/1080_base.jpg,b3a70953250b2f432b6b835280c15ee4ae788be457865e1eeb778a633e2d01cb,2,assets/songs/dl_babaroque/1080_base.jpg;assets/songs/dl_babaroque/1080_base_256.jpg,c2b58dcad54203645057a859524789f59cfd5ca13613b610d04ad087b58aac90,384;768,384;768,image/jpeg,6da2efb6041a5634a0ce34af02f7d3c2e9f32f68b6f48f33572fff4111392d37;b3a70953250b2f432b6b835280c15ee4ae788be457865e1eeb778a633e2d01cb,true,original object SHA-256=b3a70953250b2f432b6b835280c15ee4ae788be457865e1eeb778a633e2d01cb equals APK image SHA; legacy filename IDX=8 maps to songlist.idx,confirmed,01a00090-9bde-7962-be6e-67f3b643fb10,01a00090-9bde-7099-a9d4-3f5115662485,covered,confirmed
arcaea:backtobasics:default,backtobasics,394,Back to Basics,"{""en"":""Back to Basics""}",m1dy,single,,1717027204,1,default,,,,,,,,assets/songs/dl_backtobasics/1080_base.jpg,f5e4080eb9072e3babbc5783d77ff0d3a9e4586a005d2533fd79b60ec9699f39,2,assets/songs/dl_backtobasics/1080_base.jpg;assets/songs/dl_backtobasics/1080_base_256.jpg,c2b58dcad54203645057a859524789f59cfd5ca13613b610d04ad087b58aac90,384;768,384;768,image/jpeg,5ea6a58bc564afabfba4ca67d052156c81d22eb1245f2c5a70dfad5b7f213c58;f5e4080eb9072e3babbc5783d77ff0d3a9e4586a005d2533fd79b60ec9699f39,true,original object SHA-256=f5e4080eb9072e3babbc5783d77ff0d3a9e4586a005d2533fd79b60ec9699f39 equals APK image SHA; legacy filename IDX=394 maps to songlist.idx,confirmed,01a00090-9c96-7235-a566-e5a1b52b33f9,01a00090-9c96-72cc-af7f-eec5e2e7732f,covered,confirmed
arcaea:badtek:default,badtek,173,BADTEK,"{""en"":""BADTEK""}",EBIMAYO,single,,1597968000,1,default,,,,,,,,assets/songs/dl_badtek/1080_base.jpg,0f4a7b4cc05cac1e624bd9cce69a68e4a53a617333418cae60132d0aef3b3a3c,2,assets/songs/dl_badtek/1080_base.jpg;assets/songs/dl_badtek/1080_base_256.jpg,c2b58dcad54203645057a859524789f59cfd5ca13613b610d04ad087b58aac90,384;768,384;768,image/jpeg,0f4a7b4cc05cac1e624bd9cce69a68e4a53a617333418cae60132d0aef3b3a3c;eb836763090286f2e33c48301575fa59c2b59288efbc1d8b875fc268cbfcdc16,true,original object SHA-256=0f4a7b4cc05cac1e624bd9cce69a68e4a53a617333418cae60132d0aef3b3a3c equals APK image SHA; legacy filename IDX=173 maps to songlist.idx,confirmed,01a00090-9dd7-781c-a2b1-25a76492a05c,01a00090-9dd7-7794-af37-579da116dd04,covered,confirmed
arcaea:bassline:default,bassline,207,Can I Friend You on Bassbook? Lol,"{""en"":""Can I Friend You on Bassbook? Lol"",""ja"":""ベースラインやってる？ｗ""}",かめりあ feat. ななひら,single,,1617926400,0,default,,,,,,,,assets/songs/dl_bassline/1080_base.jpg,ffd27e6668d98e07af9e2155042a73b1e378c42c5d8bc5b851968946d1715fc1,2,assets/songs/dl_bassline/1080_base.jpg;assets/songs/dl_bassline/1080_base_256.jpg,c2b58dcad54203645057a859524789f59cfd5ca13613b610d04ad087b58aac90,384;768,384;768,image/jpeg,5f47a3ee45467d1aaf6ecbdec181373037fc6eae5d63f82d5cc1a3ed22d0371d;ffd27e6668d98e07af9e2155042a73b1e378c42c5d8bc5b851968946d1715fc1,true,original object SHA-256=ffd27e6668d98e07af9e2155042a73b1e378c42c5d8bc5b851968946d1715fc1 equals APK image SHA; legacy filename IDX=207 maps to songlist.idx,confirmed,01a00092-857e-7802-b4b1-d4db3ac46b1e,01a00092-857e-71e6-8864-334c3568dcfd,covered,confirmed
arcaea:battlenoone:default,battlenoone,145,BATTLE NO.1,"{""en"":""BATTLE NO.1""}",TANO*C Sound Team,single,,1579046400,1,default,,,,,,,,assets/songs/dl_battlenoone/1080_base.jpg,63b2a16b7ecf6cd617ea45302f9f297b4055e1908f9136ea4b5ce63eee8a3a5e,2,assets/songs/dl_battlenoone/1080_base.jpg;assets/songs/dl_battlenoone/1080_base_256.jpg,c2b58dcad54203645057a859524789f59cfd5ca13613b610d04ad087b58aac90,384;768,384;768,image/jpeg,3c1c40c5194b88206d0f58f9a75d7db2d77f174683b56baa2b884f52458ee56a;63b2a16b7ecf6cd617ea45302f9f297b4055e1908f9136ea4b5ce63eee8a3a5e,true,original object SHA-256=63b2a16b7ecf6cd617ea45302f9f297b4055e1908f9136ea4b5ce63eee8a3a5e equals APK image SHA; legacy filename IDX=145 maps to songlist.idx,confirmed,01a00090-9efe-780a-984d-0386d23f4990,01a00090-9efe-7a58-8c34-9d851f894178,covered,confirmed
arcaea:bbkkbkk:default,bbkkbkk,347,B.B.K.K.B.K.K.,"{""en"":""B.B.K.K.B.K.K.""}",nora2r,single,,1695772803,1,default,,,,,,,,assets/songs/dl_bbkkbkk/1080_base.jpg,4c5e19c4b0b079789aa278ac35174707654f5dc49ce5fad2671f3566537abdb6,2,assets/songs/dl_bbkkbkk/1080_base.jpg;assets/songs/dl_bbkkbkk/1080_base_256.jpg,c2b58dcad54203645057a859524789f59cfd5ca13613b610d04ad087b58aac90,384;768,384;768,image/jpeg,4c5e19c4b0b079789aa278ac35174707654f5dc49ce5fad2671f3566537abdb6;5502404161419b433f9611fe5a3297339c8c0f5bdfb17a959cb37d29ffd524f9,true,original object SHA-256=4c5e19c4b0b079789aa278ac35174707654f5dc49ce5fad2671f3566537abdb6 equals APK image SHA; legacy filename IDX=347 maps to songlist.idx,confirmed,01a00090-9b31-7df3-847a-2e58a5829f13,01a00090-9b31-7727-9992-b5dc361b665a,covered,confirmed
arcaea:beautifuldreamer:default,beautifuldreamer,393,Beautiful Dreamer,"{""en"":""Beautiful Dreamer""}",M-Project,single,,1717027203,0,default,,,,,,,,assets/songs/dl_beautifuldreamer/1080_base.jpg,b8227a72d839e4cd5f1c88ab1968f795b7f38b74a6b0af2c9b27cb5cbeea5777,2,assets/songs/dl_beautifuldreamer/1080_base.jpg;assets/songs/dl_beautifuldreamer/1080_base_256.jpg,c2b58dcad54203645057a859524789f59cfd5ca13613b610d04ad087b58aac90,384;768,384;768,image/jpeg,65a2d3754f2692b17522f6e8cfc8226df2dde2e31304ffc3377b0332ee020f2a;b8227a72d839e4cd5f1c88ab1968f795b7f38b74a6b0af2c9b27cb5cbeea5777,true,original object SHA-256=b8227a72d839e4cd5f1c88ab1968f795b7f38b74a6b0af2c9b27cb5cbeea5777 equals APK image SHA; legacy filename IDX=393 maps to songlist.idx,confirmed,01a00090-a20e-78e8-a9cd-ef823dfaa7da,01a00090-a20f-74fd-851c-fc8152cb7deb,covered,confirmed
arcaea:besideyou:default,besideyou,188,Beside You,"{""en"":""Beside You""}",江口孝宏,alice_append_1,,1607558400,0,default,,,,,,,,assets/songs/dl_besideyou/1080_base.jpg,3cc12e25b6d090490b4fe2f57fdb1b2c997b8640c3e6c9fd45cea3f7da0adac0,2,assets/songs/dl_besideyou/1080_base.jpg;assets/songs/dl_besideyou/1080_base_256.jpg,c2b58dcad54203645057a859524789f59cfd5ca13613b610d04ad087b58aac90,384;768,384;768,image/jpeg,3cc12e25b6d090490b4fe2f57fdb1b2c997b8640c3e6c9fd45cea3f7da0adac0;f6788b6e9be0f59511b26c7e68a32fc9d1970e9ce0b18d39c58c3af3ed99e274,true,original object SHA-256=3cc12e25b6d090490b4fe2f57fdb1b2c997b8640c3e6c9fd45cea3f7da0adac0 equals APK image SHA; legacy filename IDX=188 maps to songlist.idx,confirmed,01a00090-a32b-75bb-9706-530581dbad20,01a00090-a32b-7e9e-a991-bad96e409a95,covered,confirmed
arcaea:bethere:default,bethere,78,Be There,"{""en"":""Be There""}",PSYQUI,single,,1527811201,0,default,,,,BYD,,,,assets/songs/dl_bethere/1080_base.jpg,fb08c8f841751c76c9a85efb1227d77779ff6f4cbec1579531629c100e4762dd,2,assets/songs/dl_bethere/1080_base.jpg;assets/songs/dl_bethere/1080_base_256.jpg,c2b58dcad54203645057a859524789f59cfd5ca13613b610d04ad087b58aac90,384;768,384;768,image/jpeg,2c41b41c5ec24338a2a3a5a5c30ac8f41011b434d2aa2d9b2cc77c596c4806de;fb08c8f841751c76c9a85efb1227d77779ff6f4cbec1579531629c100e4762dd,true,original object SHA-256=fb08c8f841751c76c9a85efb1227d77779ff6f4cbec1579531629c100e4762dd equals APK image SHA; legacy filename IDX=78 maps to songlist.idx,confirmed,01a00090-a103-7c9a-a36c-dcb4ae9de6ea,01a00090-a104-7c2b-8724-7f600dc50c2a,covered,confirmed
arcaea:bethere:difficulty:BYD,bethere,78,Be There,"{""en"":""Be There""}",PSYQUI,single,,1527811201,0,difficulty-specific,BYD,3,True,BYD,,,,assets/songs/dl_bethere/1080_3.jpg,d5032ce70d3193916cdc193b5f8b72e2b0d52a80685b7493f3c7aa131e07ce68,2,assets/songs/dl_bethere/1080_3.jpg;assets/songs/dl_bethere/1080_3_256.jpg,c2b58dcad54203645057a859524789f59cfd5ca13613b610d04ad087b58aac90,384;768,384;768,image/jpeg,23b09d5ed90fb5780fbdcc08ec448c5d8fd50b50a699027607f2f4df7710419a;d5032ce70d3193916cdc193b5f8b72e2b0d52a80685b7493f3c7aa131e07ce68,true,original object SHA-256=d5032ce70d3193916cdc193b5f8b72e2b0d52a80685b7493f3c7aa131e07ce68 equals APK image SHA; legacy filename IDX=78 maps to songlist.idx,confirmed,01a00090-9ff3-7e6b-a9a8-ff60906dbb32,01a00090-9ff3-7dbf-a863-9e99ce58ffb5,covered,confirmed
arcaea:blacklotus:default,blacklotus,164,Black Lotus,"{""en"":""Black Lotus""}",wa.,extend,,1590537611,1,default,,,,,,,,assets/songs/dl_blacklotus/1080_base.jpg,b0a7af0c60e23e1fbd73796ede496d6c41169e8ac571d9439b5233a6205c93f1,2,assets/songs/dl_blacklotus/1080_base.jpg;assets/songs/dl_blacklotus/1080_base_256.jpg,c2b58dcad54203645057a859524789f59cfd5ca13613b610d04ad087b58aac90,384;768,384;768,image/jpeg,035302be75cefc7a6d0655b239b77f794aaa45fde27e02ecc15d69dcc9a26403;b0a7af0c60e23e1fbd73796ede496d6c41169e8ac571d9439b5233a6205c93f1,true,original object SHA-256=b0a7af0c60e23e1fbd73796ede496d6c41169e8ac571d9439b5233a6205c93f1 equals APK image SHA; legacy filename IDX=164 maps to songlist.idx,confirmed,01a00090-a44c-7fe6-89a1-7bb4604e9729,01a00090-a44c-7534-adf1-b060302ce1da,covered,confirmed
arcaea:blackmind:default,blackmind,398,Black MInD,"{""en"":""Black MInD""}",COSIO,groovecoaster_append_1,,1719446403,1,default,,,,,,,,assets/songs/dl_blackmind/base.jpg,2954520c9070882dbdb7239ff958cf6d5f11b676bfcbeb5ddaee984f6d9fe4b0,2,assets/songs/dl_blackmind/base.jpg;assets/songs/dl_blackmind/base_256.jpg,c2b58dcad54203645057a859524789f59cfd5ca13613b610d04ad087b58aac90,256;512,256;512,image/jpeg,2954520c9070882dbdb7239ff958cf6d5f11b676bfcbeb5ddaee984f6d9fe4b0;f0a4343351df37a09967801eab010ae60cbba6eed4a2f80670be15c3445e89f2,true,original object SHA-256=2954520c9070882dbdb7239ff958cf6d5f11b676bfcbeb5ddaee984f6d9fe4b0 equals APK image SHA; legacy filename IDX=398 maps to songlist.idx,confirmed,01a00090-a548-779c-8fe2-cac41b628fdb,01a00090-a548-7f4e-89d3-aaea102fcabd,covered,confirmed
arcaea:blackmirror:default,blackmirror,451,Black Mirror on the Wall,"{""en"":""Black Mirror on the Wall""}",暁Records,extend_3,,1743033600,1,default,,,,,,,,assets/songs/dl_blackmirror/1080_base.jpg,13b2a8b9a6114364e65e1a7cbe6f156013e12d12555d70070a551c795bb794be,2,assets/songs/dl_blackmirror/1080_base.jpg;assets/songs/dl_blackmirror/1080_base_256.jpg,c2b58dcad54203645057a859524789f59cfd5ca13613b610d04ad087b58aac90,384;768,384;768,image/jpeg,13b2a8b9a6114364e65e1a7cbe6f156013e12d12555d70070a551c795bb794be;25c4e21f00da327566f862002b26bf85c2e999e7bca8c5e4b1b9203ba7ccced3,true,original object SHA-256=13b2a8b9a6114364e65e1a7cbe6f156013e12d12555d70070a551c795bb794be equals APK image SHA; legacy filename IDX=451 maps to songlist.idx,confirmed,01a00090-a61a-70c7-adc0-9f5760bae570,01a00090-a61a-7a7e-8b63-f721eab5a29c,covered,confirmed
arcaea:blackterritory:default,blackterritory,115,Black Territory,"{""en"":""Black Territory""}",DJ Myosuke,zettai,,1553126403,1,default,,,,,,,,assets/songs/dl_blackterritory/1080_base.jpg,61d46a76426da73f21a40864b9bee3874c47230ed58019fd17bcb0d3259564a9,2,assets/songs/dl_blackterritory/1080_base.jpg;assets/songs/dl_blackterritory/1080_base_256.jpg,c2b58dcad54203645057a859524789f59cfd5ca13613b610d04ad087b58aac90,384;768,384;768,image/jpeg,0075ec4a9751a0a234aff194cc7a69e3b9288f00145a1260ec4c2b82fc296c24;61d46a76426da73f21a40864b9bee3874c47230ed58019fd17bcb0d3259564a9,true,original object SHA-256=61d46a76426da73f21a40864b9bee3874c47230ed58019fd17bcb0d3259564a9 equals APK image SHA; legacy filename IDX=115 maps to songlist.idx,confirmed,01a00090-a725-7129-b9a2-4fd188f372a8,01a00090-a726-771b-a2cb-f1fe8164ea3b,covered,confirmed
arcaea:blaster:default,blaster,75,Blaster,"{""en"":""Blaster""}",Massive New Krew,base,,1520553600,1,default,,,,,,,,assets/songs/dl_blaster/1080_base.jpg,62405c200740c1c7b93bdf3fc17e91fb1fba6273958a52a0cc91d04420668f89,2,assets/songs/dl_blaster/1080_base.jpg;assets/songs/dl_blaster/1080_base_256.jpg,c2b58dcad54203645057a859524789f59cfd5ca13613b610d04ad087b58aac90,384;768,384;768,image/jpeg,62405c200740c1c7b93bdf3fc17e91fb1fba6273958a52a0cc91d04420668f89;ed125b3d4459aecbaddcfd00ac8f201a5441ad02abc7af4fb3135ac0db811483,true,original object SHA-256=62405c200740c1c7b93bdf3fc17e91fb1fba6273958a52a0cc91d04420668f89 equals APK image SHA; legacy filename IDX=75 maps to songlist.idx,confirmed,01a00090-a84c-7440-b394-163d23bd5281,01a00090-a84c-7c2a-9965-5e6a736309cf,covered,confirmed
arcaea:blazingair:default,blazingair,436,BlazinG AIR,"{""en"":""BlazinG AIR""}",kanone,chunithm_append_3,,1734566401,0,default,,,,,,,,assets/songs/dl_blazingair/1080_base.jpg,ccb3b76a865e8d1e6252204a19d1a6815b089587075cb28350d1765c002c78a6,2,assets/songs/dl_blazingair/1080_base.jpg;assets/songs/dl_blazingair/1080_base_256.jpg,c2b58dcad54203645057a859524789f59cfd5ca13613b610d04ad087b58aac90,384;768,384;768,image/jpeg,2bef655ed4549744af8332f243c1933b45c8c7e82e391cc47d0325e710182e18;ccb3b76a865e8d1e6252204a19d1a6815b089587075cb28350d1765c002c78a6,true,original object SHA-256=ccb3b76a865e8d1e6252204a19d1a6815b089587075cb28350d1765c002c78a6 equals APK image SHA; legacy filename IDX=436 maps to songlist.idx,confirmed,01a00090-a961-708d-944c-b21e43f1dc20,01a00090-a961-7054-854a-986e68ddbe1a,covered,confirmed
arcaea:blockedlibrary:default,blockedlibrary,246,Blocked Library,"{""en"":""Blocked Library""}",影虎。,dividedheart,,1639008002,1,default,,,,,,,,assets/songs/dl_blockedlibrary/1080_base.jpg,159b49dac63320eddc4330027b52e084c699131c9a5602a2979217fb2c1a3b53,2,assets/songs/dl_blockedlibrary/1080_base.jpg;assets/songs/dl_blockedlibrary/1080_base_256.jpg,c2b58dcad54203645057a859524789f59cfd5ca13613b610d04ad087b58aac90,384;768,384;768,image/jpeg,159b49dac63320eddc4330027b52e084c699131c9a5602a2979217fb2c1a3b53;cdb259ad6bac6441b39863784fa2ae07d2f9479aabe46c68d938abad45706104,true,original object SHA-256=159b49dac63320eddc4330027b52e084c699131c9a5602a2979217fb2c1a3b53 equals APK image SHA; legacy filename IDX=246 maps to songlist.idx,confirmed,01a00090-aa9f-728d-80e6-9b8f6d400897,01a00090-aa9f-7613-86f5-51583ba23404,covered,confirmed
arcaea:blossoms:default,blossoms,44,Blossoms,"{""en"":""Blossoms""}",T2Kazuya,mirai,,1502323201,0,default,,,,,,,,assets/songs/dl_blossoms/1080_base.jpg,e16f91c0e0fc7f1a6815de6a6fe0f244cdbfc614073191f26447decae9edd556,2,assets/songs/dl_blossoms/1080_base.jpg;assets/songs/dl_blossoms/1080_base_256.jpg,c2b58dcad54203645057a859524789f59cfd5ca13613b610d04ad087b58aac90,384;768,384;768,image/jpeg,4c8919eb65129286574287b0a3cbc6d33ee1c2f4c8087cbfe309edac828e8725;e16f91c0e0fc7f1a6815de6a6fe0f244cdbfc614073191f26447decae9edd556,true,original object SHA-256=e16f91c0e0fc7f1a6815de6a6fe0f244cdbfc614073191f26447decae9edd556 equals APK image SHA; legacy filename IDX=44 maps to songlist.idx,confirmed,01a00090-abc9-73f5-8bac-200a9dbab11e,01a00090-abc9-727c-bcac-d8315728bb81,covered,confirmed
arcaea:blrink:default,blrink,151,BLRINK,"{""en"":""BLRINK""}",Sta,prelude,,1583712000,1,default,,,,,,,,assets/songs/dl_blrink/1080_base.jpg,6cf2ce66cffb682dca26323a93e0b718eadae447b3a0b8e647d69fe874a01c5b,2,assets/songs/dl_blrink/1080_base.jpg;assets/songs/dl_blrink/1080_base_256.jpg,c2b58dcad54203645057a859524789f59cfd5ca13613b610d04ad087b58aac90,384;768,384;768,image/jpeg,6cf2ce66cffb682dca26323a93e0b718eadae447b3a0b8e647d69fe874a01c5b;b894159a04ee8b8afa5475a6c9d2fd24ccc709edee1b290b92ff48403dd1b868,true,original object SHA-256=6cf2ce66cffb682dca26323a93e0b718eadae447b3a0b8e647d69fe874a01c5b equals APK image SHA; legacy filename IDX=151 maps to songlist.idx,confirmed,01a00090-acea-796e-8221-d9f3c4323fc7,01a00090-acea-7088-871c-7ef4a1558d60,covered,confirmed
arcaea:bluecomet:default,bluecomet,234,blue comet,"{""en"":""blue comet""}",ああああ,extend,,1629849601,0,default,,,,,,,,assets/songs/dl_bluecomet/1080_base.jpg,0d79696ed41d3dd5d55d3ea43559b7ce3dc27bd34a4e78a860edde13c60c1305,2,assets/songs/dl_bluecomet/1080_base.jpg;assets/songs/dl_bluecomet/1080_base_256.jpg,c2b58dcad54203645057a859524789f59cfd5ca13613b610d04ad087b58aac90,384;768,384;768,image/jpeg,0d79696ed41d3dd5d55d3ea43559b7ce3dc27bd34a4e78a860edde13c60c1305;f5eefdb17dacf5e79ea7ad422f2cac0c1bec0b1a50cdd0770929c0e6d75d0ea8,true,original object SHA-256=0d79696ed41d3dd5d55d3ea43559b7ce3dc27bd34a4e78a860edde13c60c1305 equals APK image SHA; legacy filename IDX=234 maps to songlist.idx,confirmed,01a00090-ae1c-7919-a6a7-c29fc088044a,01a00090-ae1c-759d-b235-98b550c854a4,covered,confirmed
arcaea:bluerose:default,bluerose,245,Blue Rose,"{""en"":""Blue Rose""}",Cosmograph,dividedheart,,1639008001,0,default,,,,,,,,assets/songs/dl_bluerose/1080_base.jpg,f705ba87627e5a1a76bf33dbd60515f8700a3b24b8f23b490ef4286babab670b,2,assets/songs/dl_bluerose/1080_base.jpg;assets/songs/dl_bluerose/1080_base_256.jpg,c2b58dcad54203645057a859524789f59cfd5ca13613b610d04ad087b58aac90,384;768,384;768,image/jpeg,d45afbe784ba4a4109c07ad3deac8f6fbde8b83b832f9d03e83ec30fc7c25dc1;f705ba87627e5a1a76bf33dbd60515f8700a3b24b8f23b490ef4286babab670b,true,original object SHA-256=f705ba87627e5a1a76bf33dbd60515f8700a3b24b8f23b490ef4286babab670b equals APK image SHA; legacy filename IDX=245 maps to songlist.idx,confirmed,01a00090-af2c-7c38-8b43-d183846e1d39,01a00090-af2c-7699-8a70-d994996a1d71,covered,confirmed
arcaea:blythe:default,blythe,470,BlythE,"{""en"":""BlythE""}",M2U,djmax_append_1,,1750896006,1,default,,,,,,,,assets/songs/dl_blythe/1080_base.jpg,7560a5c44a49d727bc8245d94220fd0f3c710ea9b93e05cafe7f6d3bf50eafe3,2,assets/songs/dl_blythe/1080_base.jpg;assets/songs/dl_blythe/1080_base_256.jpg,c2b58dcad54203645057a859524789f59cfd5ca13613b610d04ad087b58aac90,384;768,384;768,image/jpeg,03bf8064ff5b104f24df0b2e7ceae34289749be08bda00a2ba6395137d2cfe41;7560a5c44a49d727bc8245d94220fd0f3c710ea9b93e05cafe7f6d3bf50eafe3,true,original object SHA-256=7560a5c44a49d727bc8245d94220fd0f3c710ea9b93e05cafe7f6d3bf50eafe3 equals APK image SHA; legacy filename IDX=470 maps to songlist.idx,confirmed,01a00090-b030-7694-8251-d521c94f1907,01a00090-b030-78a2-a6eb-98404dcc73eb,covered,confirmed
arcaea:bookmaker:default,bookmaker,89,Bookmaker (2D Version),"{""en"":""Bookmaker (2D Version)""}",Kobaryo,base,,1531699201,1,default,,,,BYD,,,,assets/songs/dl_bookmaker/1080_base.jpg,eb48bee0b63a4dffe3f058c02be64a412fbdcaadc5ccfc0fc0e66c0e866a9ed0,2,assets/songs/dl_bookmaker/1080_base.jpg;assets/songs/dl_bookmaker/1080_base_256.jpg,c2b58dcad54203645057a859524789f59cfd5ca13613b610d04ad087b58aac90,384;768,384;768,image/jpeg,4232f935c35c270504361562a94e13e4096717ffdb35b2f2398a0c6692fae318;eb48bee0b63a4dffe3f058c02be64a412fbdcaadc5ccfc0fc0e66c0e866a9ed0,true,original object SHA-256=eb48bee0b63a4dffe3f058c02be64a412fbdcaadc5ccfc0fc0e66c0e866a9ed0 equals APK image SHA; legacy filename IDX=89 maps to songlist.idx,confirmed,01a00090-b217-7c0c-9cdc-16095eb06a2f,01a00090-b217-7303-8c8e-2a65d05cc843,covered,confirmed
arcaea:bookmaker:difficulty:BYD,bookmaker,89,Bookmaker (2D Version),"{""en"":""Bookmaker (2D Version)""}",Kobaryo,base,,1531699201,1,difficulty-specific,BYD,3,True,BYD,,,,assets/songs/dl_bookmaker/1080_3.jpg,90913356565ac170b02e962121ef5a0f5fb2c427463bed29865e0d9c07737e1b,2,assets/songs/dl_bookmaker/1080_3.jpg;assets/songs/dl_bookmaker/1080_3_256.jpg,c2b58dcad54203645057a859524789f59cfd5ca13613b610d04ad087b58aac90,384;768,384;768,image/jpeg,90913356565ac170b02e962121ef5a0f5fb2c427463bed29865e0d9c07737e1b;a821e12f826d79879e630dade2cb9ed8d05045966777099289b330b93aaa115c,true,original object SHA-256=90913356565ac170b02e962121ef5a0f5fb2c427463bed29865e0d9c07737e1b equals APK image SHA; legacy filename IDX=89 maps to songlist.idx,confirmed,01a00090-b107-71a9-94fe-cbb48c3cea0f,01a00090-b107-7c2d-a92c-b3efaf76793d,covered,confirmed
arcaea:brandnewworld:default,brandnewworld,28,Brand new world,"{""en"":""Brand new world""}",U-ske,base,,1494547200,0,default,,,,,,,,assets/songs/brandnewworld/1080_base.jpg,2648a793db4b23d2c03e358ed6c8c0624f1e77199f05bc4dfcfdd5da817baab0,2,assets/songs/brandnewworld/1080_base.jpg;assets/songs/brandnewworld/1080_base_256.jpg,c2b58dcad54203645057a859524789f59cfd5ca13613b610d04ad087b58aac90,384;768,384;768,image/jpeg,2648a793db4b23d2c03e358ed6c8c0624f1e77199f05bc4dfcfdd5da817baab0;56194c808479aed509f74d07808e288c368e8416de5a288258f85677a7db5d40,true,original object SHA-256=2648a793db4b23d2c03e358ed6c8c0624f1e77199f05bc4dfcfdd5da817baab0 equals APK image SHA; legacy filename IDX=28 maps to songlist.idx,confirmed,01a00090-b2e7-7f06-87be-c6becba07834,01a00090-b2e7-756e-a037-bd67d726651e,covered,confirmed
arcaea:breachoffaith:default,breachoffaith,431,Breach of Faith,"{""en"":""Breach of Faith""}",Supire feat.eili,lephon,,1732147208,3,default,,,,,,,,assets/songs/dl_breachoffaith/1080_base.jpg,b6353736c0e2a7658d70676b332645ec2aa2127644d96c09cae149aa31d2f61d,2,assets/songs/dl_breachoffaith/1080_base.jpg;assets/songs/dl_breachoffaith/1080_base_256.jpg,c2b58dcad54203645057a859524789f59cfd5ca13613b610d04ad087b58aac90,384;768,384;768,image/jpeg,8764dcc0dfaa1928febe414b9a43c6e514bb4867e628256be487ddfb27c2d40f;b6353736c0e2a7658d70676b332645ec2aa2127644d96c09cae149aa31d2f61d,true,original object SHA-256=b6353736c0e2a7658d70676b332645ec2aa2127644d96c09cae149aa31d2f61d equals APK image SHA; legacy filename IDX=431 maps to songlist.idx,confirmed,01a00090-b3f3-797f-8d7d-841623ed4196,01a00090-b3f4-7f5d-b2df-dfa8aeb52520,covered,confirmed
arcaea:breakbreak:default,breakbreak,439,BREaK! BREaK! BREaK!,"{""en"":""BREaK! BREaK! BREaK!""}",HiTECH NINJA vs Cranky,maimai_append_2,,1737417600,1,default,,,,,,,,assets/songs/dl_breakbreak/1080_base.jpg,628109b54e1a72b21696a147a1d43812ed73ba9aa39fdada68157daf405adc40,2,assets/songs/dl_breakbreak/1080_base.jpg;assets/songs/dl_breakbreak/1080_base_256.jpg,c2b58dcad54203645057a859524789f59cfd5ca13613b610d04ad087b58aac90,384;768,384;768,image/jpeg,0dc820928dd5f02a595dc5b4734d196fb659e22e2dd7fc1791e5b3d72f749b46;628109b54e1a72b21696a147a1d43812ed73ba9aa39fdada68157daf405adc40,true,original object SHA-256=628109b54e1a72b21696a147a1d43812ed73ba9aa39fdada68157daf405adc40 equals APK image SHA; legacy filename IDX=439 maps to songlist.idx,confirmed,01a00090-b51d-740d-97b2-0cb9435c9b58,01a00090-b51d-720c-a2b5-b8ba137184eb,covered,confirmed
arcaea:buchigireberserker:default,buchigireberserker,176,BUCHiGiRE Berserker,"{""en"":""BUCHiGiRE Berserker""}",REDALiCE vs MASAKI,single,,1600214401,1,default,,,,,,,,assets/songs/dl_buchigireberserker/base.jpg,dcb3069a26be103320d7122835e2f2ad3a1fdfe2a24d746f5af9cc8de12b1d53,2,assets/songs/dl_buchigireberserker/base.jpg;assets/songs/dl_buchigireberserker/base_256.jpg,c2b58dcad54203645057a859524789f59cfd5ca13613b610d04ad087b58aac90,256;512,256;512,image/jpeg,2d2c87055543834bd9076ab75013d38fec44451ec725cbe6695f261f61880c9b;dcb3069a26be103320d7122835e2f2ad3a1fdfe2a24d746f5af9cc8de12b1d53,true,original object SHA-256=dcb3069a26be103320d7122835e2f2ad3a1fdfe2a24d746f5af9cc8de12b1d53 equals APK image SHA; legacy filename IDX=176 maps to songlist.idx,confirmed,01a00090-b63d-7153-bc6f-34493e15d1ab,01a00090-b63d-7853-bfc7-e6bb92bb3e19,covered,confirmed
arcaea:bulletwaiting:default,bulletwaiting,324,Bullet Waiting for Me (James Landino remix),"{""en"":""Bullet Waiting for Me (James Landino remix)""}",Nikki Simmons,cytusii,,1687910401,0,default,,,,,,,,assets/songs/dl_bulletwaiting/1080_base.jpg,9535570ca9dd995a88e6e03e7c8f89d500af260b70fa68aacec6b1207a183748,2,assets/songs/dl_bulletwaiting/1080_base.jpg;assets/songs/dl_bulletwaiting/1080_base_256.jpg,c2b58dcad54203645057a859524789f59cfd5ca13613b610d04ad087b58aac90,384;768,384;768,image/jpeg,9535570ca9dd995a88e6e03e7c8f89d500af260b70fa68aacec6b1207a183748;af11cf86d4725580daf86a92fba1ee46d187dc1d1bd860ebd7c16608b9f4662f,true,original object SHA-256=9535570ca9dd995a88e6e03e7c8f89d500af260b70fa68aacec6b1207a183748 equals APK image SHA; legacy filename IDX=324 maps to songlist.idx,confirmed,01a00090-b735-7194-b0e0-ce43e7e72e8f,01a00090-b735-76f4-9b21-6f18614d426d,covered,confirmed
arcaea:callimakarma:default,callimakarma,284,Callima Karma,"{""en"":""Callima Karma""}",t+pazolite vs Feryquitous,epilogue,,1657756803,2,default,,,,,,,,assets/songs/dl_callimakarma/1080_base.jpg,5676475aaf4a1c95227488de91a5ed3c6ec95555b59334b194951b1179a15347,2,assets/songs/dl_callimakarma/1080_base.jpg;assets/songs/dl_callimakarma/1080_base_256.jpg,c2b58dcad54203645057a859524789f59cfd5ca13613b610d04ad087b58aac90,384;768,384;768,image/jpeg,5676475aaf4a1c95227488de91a5ed3c6ec95555b59334b194951b1179a15347;cd2f97343a5bf4f9cdb4d844dca31dec364ce4c76dd6675045f1246a4b398ff5,true,original object SHA-256=5676475aaf4a1c95227488de91a5ed3c6ec95555b59334b194951b1179a15347 equals APK image SHA; legacy filename IDX=284 maps to songlist.idx,confirmed,01a00090-b8f1-7aa8-9593-095eda90a24f,01a00090-b8f1-7584-91b6-45988e0e603b,covered,confirmed
arcaea:callmyname:default,callmyname,80,Call My Name feat. Yukacco,"{""en"":""Call My Name feat. Yukacco""}",Mameyudoufu,single,,1529539201,0,default,,,,,,,,assets/songs/dl_callmyname/1080_base.jpg,53ef5abec75086d24db068b66b07bf890d2d809a179246753732c994824887b1,2,assets/songs/dl_callmyname/1080_base.jpg;assets/songs/dl_callmyname/1080_base_256.jpg,c2b58dcad54203645057a859524789f59cfd5ca13613b610d04ad087b58aac90,384;768,384;768,image/jpeg,53ef5abec75086d24db068b66b07bf890d2d809a179246753732c994824887b1;6911cefac471139a8a9cb47505e1ab51c3d560dcf645e00b09d073cee442964b,true,original object SHA-256=53ef5abec75086d24db068b66b07bf890d2d809a179246753732c994824887b1 equals APK image SHA; legacy filename IDX=80 maps to songlist.idx,confirmed,01a00090-b82c-7cb4-b503-e5b47dbdf95c,01a00090-b82c-786b-89ae-bcf4bf1e97da,covered,confirmed
arcaea:capella:default,capella,292,Capella,"{""en"":""Capella""}",ARForest,single,,1671667200,0,default,,,,,,,,assets/songs/dl_capella/1080_base.jpg,d3148fccde32006049dda9efe784e20493ee3b3bcc5517d39ec9f3335340e95e,2,assets/songs/dl_capella/1080_base.jpg;assets/songs/dl_capella/1080_base_256.jpg,c2b58dcad54203645057a859524789f59cfd5ca13613b610d04ad087b58aac90,384;768,384;768,image/jpeg,4c6406009958df4ed564082a2605e4a795e047b68c3754cc47083e35017c295c;d3148fccde32006049dda9efe784e20493ee3b3bcc5517d39ec9f3335340e95e,true,original object SHA-256=d3148fccde32006049dda9efe784e20493ee3b3bcc5517d39ec9f3335340e95e equals APK image SHA; legacy filename IDX=292 maps to songlist.idx,confirmed,01a00090-ba09-7d27-9819-048bb9302d39,01a00090-ba0a-7034-b8ac-b8ad4f63fea4,covered,confirmed
arcaea:caramelpop:default,caramelpop,519,Gimme Caramel Popcorn!,"{""en"":""Gimme Caramel Popcorn!"",""ja"":""キャラメルポップコーンたべたいよ〜""}",ヤミナベレコーズ feat. 繭糸,base,,1771459200,0,default,,,,,,,,assets/songs/caramelpop/1080_base.jpg,6df83e0913ef20f46ddd0a5c3e4e6cc9b263130684f57a3a1f69b3433d0d4cc7,2,assets/songs/caramelpop/1080_base.jpg;assets/songs/caramelpop/1080_base_256.jpg,c2b58dcad54203645057a859524789f59cfd5ca13613b610d04ad087b58aac90,384;768,384;768,image/jpeg,6df83e0913ef20f46ddd0a5c3e4e6cc9b263130684f57a3a1f69b3433d0d4cc7;f4663636b2a5d80f956b1f382a3b913514d5dbbf83f95f5a1b25e17ec4b29314,true,original object SHA-256=6df83e0913ef20f46ddd0a5c3e4e6cc9b263130684f57a3a1f69b3433d0d4cc7 equals APK image SHA; legacy filename IDX=519 maps to songlist.idx,confirmed,01a00092-75e9-7a2f-b672-faa2eb4c6937,01a00092-75ea-74e3-8979-d3cb31304003,covered,confirmed
arcaea:carminescythe:default,carminescythe,77,carmine:scythe,"{""en"":""carmine:scythe""}",かゆき,single,,1523516400,1,default,,,,,,,,assets/songs/dl_carminescythe/1080_base.jpg,b93d9a7e5f9afda5396e3ea3210f48dd5444d69561efee75453053d990129043,2,assets/songs/dl_carminescythe/1080_base.jpg;assets/songs/dl_carminescythe/1080_base_256.jpg,c2b58dcad54203645057a859524789f59cfd5ca13613b610d04ad087b58aac90,384;768,384;768,image/jpeg,3adebd83cdb0d11faa985ccb2b30f69027bb2612567d22b2369b4f90e7de8831;b93d9a7e5f9afda5396e3ea3210f48dd5444d69561efee75453053d990129043,true,original object SHA-256=b93d9a7e5f9afda5396e3ea3210f48dd5444d69561efee75453053d990129043 equals APK image SHA; legacy filename IDX=77 maps to songlist.idx,confirmed,01a00090-bb26-7cfb-9ea4-807a4b55540a,01a00090-bb26-773d-af5d-d228442da1fd,covered,confirmed
arcaea:chaintonite:default,chaintonite,514,CHAIN2NITE,"{""en"":""CHAIN2NITE""}",asuzora feat. cyber milk ちゃん,megarex,,1769644801,1,default,,,,,,,,assets/songs/dl_chaintonite/1080_base.jpg,1fe86663f7d2d3cb9bd4fefd745a84fd49becf167e8223aa6f965361b92b5f9a,2,assets/songs/dl_chaintonite/1080_base.jpg;assets/songs/dl_chaintonite/1080_base_256.jpg,c2b58dcad54203645057a859524789f59cfd5ca13613b610d04ad087b58aac90,384;768,384;768,image/jpeg,1fe86663f7d2d3cb9bd4fefd745a84fd49becf167e8223aa6f965361b92b5f9a;97274e20937089ec4eaa085fa27b435d1ceefeea9523215a217037f67ed643a6,true,original object SHA-256=1fe86663f7d2d3cb9bd4fefd745a84fd49becf167e8223aa6f965361b92b5f9a equals APK image SHA; legacy filename IDX=514 maps to songlist.idx,confirmed,01a00090-bc3f-785c-85ce-4f978f4cc130,01a00090-bc3f-7fba-8c76-4dd489635fd8,covered,confirmed
arcaea:chaos:default,chaos,327,CHAOS,"{""en"":""CHAOS""}",Æsir,cytusii,,1687910404,1,default,,,,,,,,assets/songs/dl_chaos/1080_base.jpg,24d94b8524782b7a80dafcd0dafc8315f5a55cc83479af852a8143e6aa30bfdf,2,assets/songs/dl_chaos/1080_base.jpg;assets/songs/dl_chaos/1080_base_256.jpg,c2b58dcad54203645057a859524789f59cfd5ca13613b610d04ad087b58aac90,384;768,384;768,image/jpeg,24d94b8524782b7a80dafcd0dafc8315f5a55cc83479af852a8143e6aa30bfdf;524dcae62ebd830aaa022454da44ce120449749ff499e8cb57ca12b9a12eff5d,true,original object SHA-256=24d94b8524782b7a80dafcd0dafc8315f5a55cc83479af852a8143e6aa30bfdf equals APK image SHA; legacy filename IDX=327 maps to songlist.idx,confirmed,01a00090-bd3a-77f5-8210-ec7facc81729,01a00090-bd3a-72ee-b98c-747840d7f5ae,covered,confirmed
arcaea:chaosblast:default,chaosblast,481,CHAOSBLAST,"{""en"":""CHAOSBLAST""}",QURELESS + 柚子花,anima_append_1,,1755734403,1,default,,,,,,,,assets/songs/dl_chaosblast/1080_base.jpg,dcc73e04cb353f9a9fcfbb176889f7128e2d5843dc1e4744eedaef0ef70e1840,2,assets/songs/dl_chaosblast/1080_base.jpg;assets/songs/dl_chaosblast/1080_base_256.jpg,c2b58dcad54203645057a859524789f59cfd5ca13613b610d04ad087b58aac90,384;768,384;768,image/jpeg,dcc73e04cb353f9a9fcfbb176889f7128e2d5843dc1e4744eedaef0ef70e1840;ef4a5f1d0d9498db64b55b1bec70a307e7d0e8a326d24db700bbfb164f295c13,true,original object SHA-256=dcc73e04cb353f9a9fcfbb176889f7128e2d5843dc1e4744eedaef0ef70e1840 equals APK image SHA; legacy filename IDX=481 maps to songlist.idx,confirmed,01a00090-be18-7bcd-88f5-91670bb909ce,01a00090-be19-7f3a-9179-34223d9e53f0,covered,confirmed
arcaea:chelsea:default,chelsea,131,Chelsea,"{""en"":""Chelsea""}",7mai,omatsuri,,1566432000,0,default,,,,,,,,assets/songs/dl_chelsea/1080_base.jpg,07e75915ae5168ff9b974c23a996f4bd000dce929adf0b7bd550ade20bb99133,2,assets/songs/dl_chelsea/1080_base.jpg;assets/songs/dl_chelsea/1080_base_256.jpg,c2b58dcad54203645057a859524789f59cfd5ca13613b610d04ad087b58aac90,384;768,384;768,image/jpeg,07e75915ae5168ff9b974c23a996f4bd000dce929adf0b7bd550ade20bb99133;3256b109193e80dabe063103a04fdc5cc1ceec9fc2ae41d1b75547d23056aab1,true,original object SHA-256=07e75915ae5168ff9b974c23a996f4bd000dce929adf0b7bd550ade20bb99133 equals APK image SHA; legacy filename IDX=131 maps to songlist.idx,confirmed,01a00090-bf35-7a7a-aa5f-3f6ac759be68,01a00090-bf35-742a-bcf4-4f72d6ea9376,covered,confirmed
arcaea:chromafill:default,chromafill,388,Chromafill,"{""en"":""Chromafill""}",ていぬ,single,,1714003203,0,default,,,,,,,,assets/songs/dl_chromafill/1080_base.jpg,64f909ff39ee85fcb15554f997ad3885e6ee3a4989a054b3f7a63fc4afc299df,2,assets/songs/dl_chromafill/1080_base.jpg;assets/songs/dl_chromafill/1080_base_256.jpg,c2b58dcad54203645057a859524789f59cfd5ca13613b610d04ad087b58aac90,384;768,384;768,image/jpeg,64f909ff39ee85fcb15554f997ad3885e6ee3a4989a054b3f7a63fc4afc299df;66e9d161a9595762d2f3dfe464cdde4a95b2c7d3e021c3e09f32660042e9da69,true,original object SHA-256=64f909ff39ee85fcb15554f997ad3885e6ee3a4989a054b3f7a63fc4afc299df equals APK image SHA; legacy filename IDX=388 maps to songlist.idx,confirmed,01a00090-c043-70a7-9c3d-11db82ea029c,01a00090-c043-7aaa-b88b-bfe8ac6cf0fd,covered,confirmed
arcaea:chronicle:default,chronicle,298,Chronicle,"{""en"":""Chronicle""}",Lime,extend_2,,1674691204,0,default,,,,,,,,assets/songs/dl_chronicle/1080_base.jpg,d61af364ba68ce82c92127d932bfc0e7fbd77ffc46b9eb1fb696be615fe73eea,2,assets/songs/dl_chronicle/1080_base.jpg;assets/songs/dl_chronicle/1080_base_256.jpg,c2b58dcad54203645057a859524789f59cfd5ca13613b610d04ad087b58aac90,384;768,384;768,image/jpeg,5d60ed8d5d1d514a88aff6231eba4a750a7c954e85c5577d54396500b910ccac;d61af364ba68ce82c92127d932bfc0e7fbd77ffc46b9eb1fb696be615fe73eea,true,original object SHA-256=d61af364ba68ce82c92127d932bfc0e7fbd77ffc46b9eb1fb696be615fe73eea equals APK image SHA; legacy filename IDX=298 maps to songlist.idx,confirmed,01a00090-c136-7d6a-80b4-8219e4e462e0,01a00090-c136-7851-8caa-77d10c2194c6,covered,confirmed
arcaea:chronologia:default,chronologia,545,chronologia,"{""en"":""chronologia""}",lowiro Sound Team (ak+q x nitro),single,,1785369603,0,default,,,,,,,,assets/songs/dl_chronologia/1080_base.jpg,6bee3e4079263a1e7d720038034e5feb8e5d90ff36f9a2a753650f72561ef17b,2,assets/songs/dl_chronologia/1080_base.jpg;assets/songs/dl_chronologia/1080_base_256.jpg,c2b58dcad54203645057a859524789f59cfd5ca13613b610d04ad087b58aac90,384;768,384;768,image/jpeg,2890065d0fdaece63d35381add32db744b07d48ea869b141e42a80768dfc495a;6bee3e4079263a1e7d720038034e5feb8e5d90ff36f9a2a753650f72561ef17b,true,Current song-linked semantic slot has no Catalog Resource match,unknown,,,missing-from-catalog,unmatched
arcaea:chronostasis:default,chronostasis,32,Chronostasis,"{""en"":""Chronostasis""}",黒皇帝,base,,1496188800,1,default,,,,,,,,assets/songs/chronostasis/1080_base.jpg,83d54b032989aeb822582402d9111ddc78428465dacc94191cfdaf74888bb9da,2,assets/songs/chronostasis/1080_base.jpg;assets/songs/chronostasis/1080_base_256.jpg,c2b58dcad54203645057a859524789f59cfd5ca13613b610d04ad087b58aac90,384;768,384;768,image/jpeg,163a143e2a5add3904bde74421c4c97b7d9074f711fdaa2946d2989e189b8c77;83d54b032989aeb822582402d9111ddc78428465dacc94191cfdaf74888bb9da,true,original object SHA-256=83d54b032989aeb822582402d9111ddc78428465dacc94191cfdaf74888bb9da equals APK image SHA; legacy filename IDX=32 maps to songlist.idx,confirmed,01a00090-c25b-72f5-9093-df04eedba523,01a00090-c25b-79a4-a3fe-191e2143d9bb,covered,confirmed
arcaea:climax:default,climax,199,Climax,"{""en"":""Climax""}",USAO,chunithm_append_1,,1611187200,1,default,,,,,,,,assets/songs/dl_climax/1080_base.jpg,9ec73d986526bd3072acadc3445b3d20ede79696082d5f3d245f7ccc76f6ff83,2,assets/songs/dl_climax/1080_base.jpg;assets/songs/dl_climax/1080_base_256.jpg,c2b58dcad54203645057a859524789f59cfd5ca13613b610d04ad087b58aac90,384;768,384;768,image/jpeg,9ec73d986526bd3072acadc3445b3d20ede79696082d5f3d245f7ccc76f6ff83;fde2a27a05283bbf3e153a1df47d851b2b6565daeb1c28ac0b44feac05eb2d36,true,original object SHA-256=9ec73d986526bd3072acadc3445b3d20ede79696082d5f3d245f7ccc76f6ff83 equals APK image SHA; legacy filename IDX=199 maps to songlist.idx,confirmed,01a00090-c341-70df-a3dd-6d0c811a393f,01a00090-c342-74bf-8f6a-27382f046cdf,covered,confirmed
arcaea:clotho:default,clotho,39,Clotho and the stargazer,"{""en"":""Clotho and the stargazer"",""ja"":""クロートーと星の観測者""}",しーけー,base,,1498176000,0,default,,,,,,,,assets/songs/clotho/1080_base.jpg,4ed0eabb16027456989fdba15706645e9912b20444168914eee63c4ea9370a9a,2,assets/songs/clotho/1080_base.jpg;assets/songs/clotho/1080_base_256.jpg,c2b58dcad54203645057a859524789f59cfd5ca13613b610d04ad087b58aac90,384;768,384;768,image/jpeg,4ed0eabb16027456989fdba15706645e9912b20444168914eee63c4ea9370a9a;b6cf41928be6d6934f6dfadd6544f125b897bfecb1e95071a9c765d51feaf37f,true,original object SHA-256=4ed0eabb16027456989fdba15706645e9912b20444168914eee63c4ea9370a9a equals APK image SHA; legacy filename IDX=39 maps to songlist.idx,confirmed,01a00092-771a-7e3d-af1f-d1a8135fd033,01a00092-771a-7b50-ad8f-38819baa5ad6,covered,confirmed
arcaea:coastalhighway:default,coastalhighway,214,Coastal Highway,"{""en"":""Coastal Highway""}",Glitch Droids,observer_append_1,,1620691205,0,default,,,,,,,,assets/songs/dl_coastalhighway/1080_base.jpg,0ea58c30e110c6945b77c8a8eae5585fe55e6cd355a938e40a1a525948ba9a79,2,assets/songs/dl_coastalhighway/1080_base.jpg;assets/songs/dl_coastalhighway/1080_base_256.jpg,c2b58dcad54203645057a859524789f59cfd5ca13613b610d04ad087b58aac90,384;768,384;768,image/jpeg,0ea58c30e110c6945b77c8a8eae5585fe55e6cd355a938e40a1a525948ba9a79;f7a66826e57accfe0fe62bc15282c7e42986c04559447fed7ac4b0a457547c91,true,original object SHA-256=0ea58c30e110c6945b77c8a8eae5585fe55e6cd355a938e40a1a525948ba9a79 equals APK image SHA; legacy filename IDX=214 maps to songlist.idx,confirmed,01a00090-c493-76bd-8a7a-50256f282c07,01a00090-c494-73c4-8ad9-6e59be5a610e,covered,confirmed
arcaea:cocorocosmetic:default,cocorocosmetic,291,cocoro*cosmetic,"{""en"":""cocoro*cosmetic""}",KOTONOHOUSE,single,,1668038400,0,default,,,,,,,,assets/songs/dl_cocorocosmetic/1080_base.jpg,4a9f6c0df3e43642e788384877d4f3be670bf520c15688ca4ca30eb5532ffe06,2,assets/songs/dl_cocorocosmetic/1080_base.jpg;assets/songs/dl_cocorocosmetic/1080_base_256.jpg,c2b58dcad54203645057a859524789f59cfd5ca13613b610d04ad087b58aac90,384;768,384;768,image/jpeg,4a9f6c0df3e43642e788384877d4f3be670bf520c15688ca4ca30eb5532ffe06;f3dd45c1f52972faa00df8d59a57fa451b78a1acc1760b805826c22d871850c2,true,original object SHA-256=4a9f6c0df3e43642e788384877d4f3be670bf520c15688ca4ca30eb5532ffe06 equals APK image SHA; legacy filename IDX=291 maps to songlist.idx,confirmed,01a00090-c591-7843-9ae7-ce8799c4e183,01a00090-c591-7f36-947d-fb332f6d2c98,covered,confirmed
arcaea:codeoblivion:default,codeoblivion,504,Code: Oblivion,"{""en"":""Code: Oblivion""}",Kobaryo × Gram,nextstage,,1763769604,1,default,,,,,,,,assets/songs/dl_codeoblivion/1080_base.jpg,6569324a5b83bae34371e26ca30cd5b59b63b658929a1b0ee0349f86a1216a94,2,assets/songs/dl_codeoblivion/1080_base.jpg;assets/songs/dl_codeoblivion/1080_base_256.jpg,c2b58dcad54203645057a859524789f59cfd5ca13613b610d04ad087b58aac90,384;768,384;768,image/jpeg,6569324a5b83bae34371e26ca30cd5b59b63b658929a1b0ee0349f86a1216a94;bfe8e2d42d49576887c2f7ac86df0cf28c5bca171cc2563c2546d1c60fee8963,true,original object SHA-256=6569324a5b83bae34371e26ca30cd5b59b63b658929a1b0ee0349f86a1216a94 equals APK image SHA; legacy filename IDX=504 maps to songlist.idx,confirmed,01a00090-c6bf-7cdb-bc6c-9593ba9d6e51,01a00090-c6bf-7c7d-872b-bab05a4ae190,covered,confirmed
arcaea:conflict:default,conflict,54,conflict,"{""en"":""conflict""}",siromaru + cranky,yugamu,,1509667206,1,default,,,,,,,,assets/songs/dl_conflict/1080_base.jpg,88f4c9d6e6cbc419300a8f893c6f0c1c36e3fa61c8e0d7408e99dbc6f61788bb,2,assets/songs/dl_conflict/1080_base.jpg;assets/songs/dl_conflict/1080_base_256.jpg,c2b58dcad54203645057a859524789f59cfd5ca13613b610d04ad087b58aac90,384;768,384;768,image/jpeg,7bac428ad6db836d74b4359aec54aea9ec00710deead3b37a0218c6e62497fdb;88f4c9d6e6cbc419300a8f893c6f0c1c36e3fa61c8e0d7408e99dbc6f61788bb,true,original object SHA-256=88f4c9d6e6cbc419300a8f893c6f0c1c36e3fa61c8e0d7408e99dbc6f61788bb equals APK image SHA; legacy filename IDX=54 maps to songlist.idx,confirmed,01a00090-c7d9-7543-b8d4-5868d5f57e3a,01a00090-c7d9-77dc-a413-53d40d217d07,covered,confirmed
arcaea:corpssansorganes:default,corpssansorganes,154,corps-sans-organes,"{""en"":""corps-sans-organes""}",cybermiso,mirai,,1585094402,1,default,,,,,,,,assets/songs/dl_corpssansorganes/1080_base.jpg,769046e4355a1dc73af0bbdc8587e916ca63f58bff75e87f5b5f6b7ffd743c95,2,assets/songs/dl_corpssansorganes/1080_base.jpg;assets/songs/dl_corpssansorganes/1080_base_256.jpg,c2b58dcad54203645057a859524789f59cfd5ca13613b610d04ad087b58aac90,384;768,384;768,image/jpeg,769046e4355a1dc73af0bbdc8587e916ca63f58bff75e87f5b5f6b7ffd743c95;f3ba9e04e6ebd09f1e9e105b2f3879bfdb1a31dc1a7f8853202846ac7893c93f,true,original object SHA-256=769046e4355a1dc73af0bbdc8587e916ca63f58bff75e87f5b5f6b7ffd743c95 equals APK image SHA; legacy filename IDX=154 maps to songlist.idx,confirmed,01a00090-c91e-70b6-9e3f-77b74efe61db,01a00090-c91e-7be3-a603-5017a4ea8832,covered,confirmed
arcaea:corruption:default,corruption,114,Corruption,"{""en"":""Corruption""}",3R2,zettai,,1553126404,1,default,,,,,,,,assets/songs/dl_corruption/1080_base.jpg,d448764f9da379bc24327013f4594e09195bba1d1e129b145ace822de55a770d,2,assets/songs/dl_corruption/1080_base.jpg;assets/songs/dl_corruption/1080_base_256.jpg,c2b58dcad54203645057a859524789f59cfd5ca13613b610d04ad087b58aac90,384;768,384;768,image/jpeg,caab9616469d3646e23e939b4648dd7eedf792e5f4b0a1ed8c788bc1c173e313;d448764f9da379bc24327013f4594e09195bba1d1e129b145ace822de55a770d,true,original object SHA-256=d448764f9da379bc24327013f4594e09195bba1d1e129b145ace822de55a770d equals APK image SHA; legacy filename IDX=114 maps to songlist.idx,confirmed,01a00090-ca48-7904-a841-bb47d72d59cc,01a00090-ca48-7e09-b8fa-f36d49a77f5c,covered,confirmed
arcaea:cosmica:default,cosmica,240,Cosmica,"{""en"":""Cosmica""}",Nhato,nijuusei_append_1,,1636588800,1,default,,,,,,,,assets/songs/dl_cosmica/1080_base.jpg,531b22fdfb94cc75f97544cffccc172bc0691de7e714a94a04baab2894e1e0c6,2,assets/songs/dl_cosmica/1080_base.jpg;assets/songs/dl_cosmica/1080_base_256.jpg,c2b58dcad54203645057a859524789f59cfd5ca13613b610d04ad087b58aac90,384;768,384;768,image/jpeg,0cb76d9f3c904dfc4bccf8d2f8fb33c5a13227a4e8a1ed72ea4b05c1a06241b7;531b22fdfb94cc75f97544cffccc172bc0691de7e714a94a04baab2894e1e0c6,true,original object SHA-256=531b22fdfb94cc75f97544cffccc172bc0691de7e714a94a04baab2894e1e0c6 equals APK image SHA; legacy filename IDX=240 maps to songlist.idx,confirmed,01a00090-cb53-782d-8d06-fe3383f8e415,01a00090-cb53-78bb-aadf-4e306700ac6a,covered,confirmed
arcaea:cosmogyral:default,cosmogyral,532,Cosmogyral,"{""en"":""Cosmogyral""}",Darren + Altermis,extend_4,,1779926400,0,default,,,,,,,,assets/songs/dl_cosmogyral/1080_base.jpg,683b2fed000aea65b323b927ae80637f76fcb614ad75b7fdf7b6f476dbc45210,2,assets/songs/dl_cosmogyral/1080_base.jpg;assets/songs/dl_cosmogyral/1080_base_256.jpg,c2b58dcad54203645057a859524789f59cfd5ca13613b610d04ad087b58aac90,384;768,384;768,image/jpeg,683b2fed000aea65b323b927ae80637f76fcb614ad75b7fdf7b6f476dbc45210;736139fdbf1dfab33c44fa4cad562ccbad9029a8c2912c6526cf4b09d3179704,true,Current song-linked semantic slot has no Catalog Resource match,unknown,,,missing-from-catalog,unmatched
arcaea:cosmopop:default,cosmopop,309,Cosmo Pop Funclub,"{""en"":""Cosmo Pop Funclub"",""ja"":""コスモポップファンクラブ""}",ナユタン星人,chunithm_append_2,,1679529600,0,default,,,,,,,,assets/songs/dl_cosmopop/1080_base.jpg,a9194ce32c2e6bfe8ceaa4c59886482db46c6efc0ea48976989423294dbd12aa,2,assets/songs/dl_cosmopop/1080_base.jpg;assets/songs/dl_cosmopop/1080_base_256.jpg,c2b58dcad54203645057a859524789f59cfd5ca13613b610d04ad087b58aac90,384;768,384;768,image/jpeg,5fdf00493f6e90df739dcc385bef77179ef4d45c1792de07034e40f338d46d57;a9194ce32c2e6bfe8ceaa4c59886482db46c6efc0ea48976989423294dbd12aa,true,original object SHA-256=a9194ce32c2e6bfe8ceaa4c59886482db46c6efc0ea48976989423294dbd12aa equals APK image SHA; legacy filename IDX=309 maps to songlist.idx,confirmed,01a00092-782a-7ae4-a59c-cd957cbd1899,01a00092-782b-79a4-9552-c4fa48cbc676,covered,confirmed
arcaea:crimsonquartz:default,crimsonquartz,419,Crimson Quartz,"{""en"":""Crimson Quartz""}",DiGiTAL WiNG with 空音,single,,1729728001,1,default,,,,,,,,assets/songs/dl_crimsonquartz/1080_base.jpg,75a8201a3dbde825cc787b49310dec1c34dc9bacebbb873e25a187d15a77a9f2,2,assets/songs/dl_crimsonquartz/1080_base.jpg;assets/songs/dl_crimsonquartz/1080_base_256.jpg,c2b58dcad54203645057a859524789f59cfd5ca13613b610d04ad087b58aac90,384;768,384;768,image/jpeg,59936a07edc08f65db63d7527cdea03506708882bd3f3512b2fafc9576a16505;75a8201a3dbde825cc787b49310dec1c34dc9bacebbb873e25a187d15a77a9f2,true,original object SHA-256=75a8201a3dbde825cc787b49310dec1c34dc9bacebbb873e25a187d15a77a9f2 equals APK image SHA; legacy filename IDX=419 maps to songlist.idx,confirmed,01a00090-cc4c-7a8e-90d0-30cdce5d38ff,01a00090-cc4c-76c6-bf97-ed75672366cc,covered,confirmed
arcaea:crimsonthrone:default,crimsonthrone,300,Crimson Throne,"{""en"":""Crimson Throne""}",Dimier√Lisb,single,,1677715200,1,default,,,,,,,,assets/songs/dl_crimsonthrone/1080_base.jpg,121f0b2c784f69c3758f93a49bf26783ed2b5d0e91379d7493b536cf7fbed273,2,assets/songs/dl_crimsonthrone/1080_base.jpg;assets/songs/dl_crimsonthrone/1080_base_256.jpg,c2b58dcad54203645057a859524789f59cfd5ca13613b610d04ad087b58aac90,384;768,384;768,image/jpeg,121f0b2c784f69c3758f93a49bf26783ed2b5d0e91379d7493b536cf7fbed273;16134f282ff3491b269dca4c8626940ce2181a6572404ce02c33379b7bb29447,true,original object SHA-256=121f0b2c784f69c3758f93a49bf26783ed2b5d0e91379d7493b536cf7fbed273 equals APK image SHA; legacy filename IDX=300 maps to songlist.idx,confirmed,01a00090-cd3f-752a-aae0-52e90a5c5cae,01a00090-cd3f-7fee-8521-f783db65c53f,covered,confirmed
arcaea:crossover:default,crossover,178,CROSS†OVER,"{""en"":""CROSS†OVER""}",HyuN feat. LyuU,extend,,1602028801,1,default,,,,,,,,assets/songs/dl_crossover/1080_base.jpg,022cb7e03cf4b4f167a976443328a850b9140dcd63c0476497f8660373a5575b,2,assets/songs/dl_crossover/1080_base.jpg;assets/songs/dl_crossover/1080_base_256.jpg,c2b58dcad54203645057a859524789f59cfd5ca13613b610d04ad087b58aac90,384;768,384;768,image/jpeg,022cb7e03cf4b4f167a976443328a850b9140dcd63c0476497f8660373a5575b;5f81b3055758d0a0c39ce95af70e471f5001654fb0010b27a4066fbc21c460e3,true,original object SHA-256=022cb7e03cf4b4f167a976443328a850b9140dcd63c0476497f8660373a5575b equals APK image SHA; legacy filename IDX=178 maps to songlist.idx,confirmed,01a00090-ce56-7e55-a0f4-36fb651801ae,01a00090-ce56-773b-810b-1532607df84c,covered,confirmed
arcaea:crosssoul:default,crosssoul,30,CROSS†SOUL,"{""en"":""CROSS†SOUL""}",HyuN feat. Syepias,single,,1496188803,1,default,,,,,,,,assets/songs/dl_crosssoul/1080_base.jpg,ace2cf22ef62aa48b68329fefde5729a17efa33ca715b2bafd51ef8011f7e2c0,2,assets/songs/dl_crosssoul/1080_base.jpg;assets/songs/dl_crosssoul/1080_base_256.jpg,c2b58dcad54203645057a859524789f59cfd5ca13613b610d04ad087b58aac90,384;768,384;768,image/jpeg,6c0138f7d489aa1172e45ca417f52946fe67ec855291d753a7befe31372eaecf;ace2cf22ef62aa48b68329fefde5729a17efa33ca715b2bafd51ef8011f7e2c0,true,original object SHA-256=ace2cf22ef62aa48b68329fefde5729a17efa33ca715b2bafd51ef8011f7e2c0 equals APK image SHA; legacy filename IDX=30 maps to songlist.idx,confirmed,01a00090-cf46-7b29-9d93-29a14692636f,01a00090-cf46-7e38-8045-eee56f1d283f,covered,confirmed
arcaea:cryogenic:default,cryogenic,525,Cryogenic,"{""en"":""Cryogenic""}",Camellia ft. Petra Gurin,single,,1773014403,1,default,,,,,,,,assets/songs/dl_cryogenic/1080_base.jpg,6746d417fb45f5eb0fa0db3ea50e66d567974436e8860f567ca74daa2fb61ed1,2,assets/songs/dl_cryogenic/1080_base.jpg;assets/songs/dl_cryogenic/1080_base_256.jpg,c2b58dcad54203645057a859524789f59cfd5ca13613b610d04ad087b58aac90,384;768,384;768,image/jpeg,4a1aa6c185ef5b079178ba5aaddd662957f558711c19af10d890eee7d820b0f8;6746d417fb45f5eb0fa0db3ea50e66d567974436e8860f567ca74daa2fb61ed1,true,original object SHA-256=6746d417fb45f5eb0fa0db3ea50e66d567974436e8860f567ca74daa2fb61ed1 equals APK image SHA; legacy filename IDX=525 maps to songlist.idx,confirmed,01a00090-d10c-7e9d-b002-58f77f998e07,01a00090-d10c-7a88-a6a4-f8c875c9f686,covered,confirmed
arcaea:crystalgravity:default,crystalgravity,210,Crystal Gravity,"{""en"":""Crystal Gravity""}",Tanchiky vs. siromaru,observer,,1620691201,1,default,,,,,,,,assets/songs/dl_crystalgravity/1080_base.jpg,1a959754f2c2e7721e0c1db995d79b62932776554bb035bf861406d299329dbf,2,assets/songs/dl_crystalgravity/1080_base.jpg;assets/songs/dl_crystalgravity/1080_base_256.jpg,c2b58dcad54203645057a859524789f59cfd5ca13613b610d04ad087b58aac90,384;768,384;768,image/jpeg,1a959754f2c2e7721e0c1db995d79b62932776554bb035bf861406d299329dbf;57edef4b72244a5c6d40c0e1acf68ba4bf5e414ba49d193e6a723e84828adede,true,original object SHA-256=1a959754f2c2e7721e0c1db995d79b62932776554bb035bf861406d299329dbf equals APK image SHA; legacy filename IDX=210 maps to songlist.idx,confirmed,01a00090-d230-71c7-85bf-79e5d1e33280,01a00090-d230-70b6-97fd-e580763ecf02,covered,confirmed
arcaea:csqn:default,csqn,535,c.s.q.n.,"{""en"":""c.s.q.n.""}",Aoi,single,,1779926403,1,default,,,,,,,,assets/songs/dl_csqn/1080_base.jpg,5f3a5f8e25a82f11d6a12b039d3d6bd671758b711cb52e34cf11365a5c249dcc,2,assets/songs/dl_csqn/1080_base.jpg;assets/songs/dl_csqn/1080_base_256.jpg,c2b58dcad54203645057a859524789f59cfd5ca13613b610d04ad087b58aac90,384;768,384;768,image/jpeg,4da39b20d3aa94d524f398d6c445f2d24dc7716adf70a377c900c0f16b8c05d4;5f3a5f8e25a82f11d6a12b039d3d6bd671758b711cb52e34cf11365a5c249dcc,true,Current song-linked semantic slot has no Catalog Resource match,unknown,,,missing-from-catalog,unmatched
arcaea:cyaegha:default,cyaegha,117,Cyaegha,"{""en"":""Cyaegha""}",USAO,zettai,,1553126406,1,default,,,,,,,,assets/songs/dl_cyaegha/1080_base.jpg,82be52ab73443c60daa90744120d201d5593497091d2f93084c6bd71fbd52041,2,assets/songs/dl_cyaegha/1080_base.jpg;assets/songs/dl_cyaegha/1080_base_256.jpg,c2b58dcad54203645057a859524789f59cfd5ca13613b610d04ad087b58aac90,384;768,384;768,image/jpeg,179a2d0173a7dcbb77e986b650802eb9c7a121bf9605924009db7bcf978d3bb4;82be52ab73443c60daa90744120d201d5593497091d2f93084c6bd71fbd52041,true,original object SHA-256=82be52ab73443c60daa90744120d201d5593497091d2f93084c6bd71fbd52041 equals APK image SHA; legacy filename IDX=117 maps to songlist.idx,confirmed,01a00090-d333-7f2c-87ba-bf1fd5eb6ab4,01a00090-d333-78d6-9e04-9cde8f3c1d72,covered,confirmed
arcaea:cyanine:default,cyanine,62,cyanine,"{""en"":""cyanine""}",jioyi,lanota,,1517443204,1,default,,,,,,,,assets/songs/dl_cyanine/1080_base.jpg,3ad57c065f5ca2a39e600e6351a90fc8305c8c877e40645d9894aafcb7721083,2,assets/songs/dl_cyanine/1080_base.jpg;assets/songs/dl_cyanine/1080_base_256.jpg,c2b58dcad54203645057a859524789f59cfd5ca13613b610d04ad087b58aac90,384;768,384;768,image/jpeg,3ad57c065f5ca2a39e600e6351a90fc8305c8c877e40645d9894aafcb7721083;c37baea2e0f1cd5b9b5aa5607a4c6f67fd368e3f8b0190595851a82a90c2fbc9,true,original object SHA-256=3ad57c065f5ca2a39e600e6351a90fc8305c8c877e40645d9894aafcb7721083 equals APK image SHA; legacy filename IDX=62 maps to songlist.idx,confirmed,01a00090-d44d-7e44-b5e4-357f4204c2c4,01a00090-d44d-733f-bf61-dd71d3ea1c5c,covered,confirmed
arcaea:cyberneciacatharsis:default,cyberneciacatharsis,79,Cybernecia Catharsis,"{""en"":""Cybernecia Catharsis""}",Tanchiky,base,,1527811200,1,default,,,,BYD,,,,assets/songs/dl_cyberneciacatharsis/1080_base.jpg,8befd80d30ed84424c61455bbd52f6616de93ce9bd87b6499810644e9b70c51d,2,assets/songs/dl_cyberneciacatharsis/1080_base.jpg;assets/songs/dl_cyberneciacatharsis/1080_base_256.jpg,c2b58dcad54203645057a859524789f59cfd5ca13613b610d04ad087b58aac90,384;768,384;768,image/jpeg,8befd80d30ed84424c61455bbd52f6616de93ce9bd87b6499810644e9b70c51d;da432aad0aaa7074bc89330236c5a5fae68a5572401a36d39ca2f49519de6cf7,true,original object SHA-256=8befd80d30ed84424c61455bbd52f6616de93ce9bd87b6499810644e9b70c51d equals APK image SHA; legacy filename IDX=79 maps to songlist.idx,confirmed,01a00090-d68c-7779-82d3-58d7eadde9a0,01a00090-d68c-7c1c-9eb5-8e2bbd353e7a,covered,confirmed
arcaea:cyberneciacatharsis:difficulty:BYD,cyberneciacatharsis,79,Cybernecia Catharsis,"{""en"":""Cybernecia Catharsis""}",Tanchiky,base,,1527811200,1,difficulty-specific,BYD,3,True,BYD,,,,assets/songs/dl_cyberneciacatharsis/1080_3.jpg,dbbd8678961435e8ce1e8bfd065171755ff97886b8fc45c58e1cbd09078de92a,2,assets/songs/dl_cyberneciacatharsis/1080_3.jpg;assets/songs/dl_cyberneciacatharsis/1080_3_256.jpg,c2b58dcad54203645057a859524789f59cfd5ca13613b610d04ad087b58aac90,384;768,384;768,image/jpeg,dbbd8678961435e8ce1e8bfd065171755ff97886b8fc45c58e1cbd09078de92a;ffbef165426fdc22aecc818035cd55793d5369e15d80ef57959474f083e7825c,true,original object SHA-256=dbbd8678961435e8ce1e8bfd065171755ff97886b8fc45c58e1cbd09078de92a equals APK image SHA; legacy filename IDX=79 maps to songlist.idx,confirmed,01a00090-d563-7a6f-8955-cdd765235201,01a00090-d564-7cd1-933f-89defb2106fb,covered,confirmed
arcaea:cycles:default,cycles,304,CYCLES,"{""en"":""CYCLES""}",Masayoshi Minoshima feat. 綾倉盟,maimai_append_1,,1677715204,0,default,,,,,,,,assets/songs/dl_cycles/base.jpg,691e4079ba594dc7e354d7b4b49a1bab9839df753ee241431c2c1b13eb61461a,2,assets/songs/dl_cycles/base.jpg;assets/songs/dl_cycles/base_256.jpg,c2b58dcad54203645057a859524789f59cfd5ca13613b610d04ad087b58aac90,256;512,256;512,image/jpeg,691e4079ba594dc7e354d7b4b49a1bab9839df753ee241431c2c1b13eb61461a;8c9ebe532cc3baa26d5feea7c3bfa79d3b82dbcab6fb449e8f86c2041b1ffcc4,true,original object SHA-256=691e4079ba594dc7e354d7b4b49a1bab9839df753ee241431c2c1b13eb61461a equals APK image SHA; legacy filename IDX=304 maps to songlist.idx,confirmed,01a00090-d797-7255-91de-d0ff927ae338,01a00090-d797-7d90-9b46-2ce706e88378,covered,confirmed
arcaea:daat:default,daat,438,DA'AT -The First Seeker of Souls-,"{""en"":""DA'AT -The First Seeker of Souls-""}",水野健治 VS 大国奏音,chunithm_append_3,,1734566402,1,default,,,,,,,,assets/songs/dl_daat/1080_base.jpg,e0e9c6add24e61c9f710331c74df98cc57520b78ea43844341643da2453b9052,2,assets/songs/dl_daat/1080_base.jpg;assets/songs/dl_daat/1080_base_256.jpg,c2b58dcad54203645057a859524789f59cfd5ca13613b610d04ad087b58aac90,384;768,384;768,image/jpeg,0209872be5f62b151f3cc18bb1d99727a064aea49a7450191d37e3e21de988ed;e0e9c6add24e61c9f710331c74df98cc57520b78ea43844341643da2453b9052,true,original object SHA-256=e0e9c6add24e61c9f710331c74df98cc57520b78ea43844341643da2453b9052 equals APK image SHA; legacy filename IDX=438 maps to songlist.idx,confirmed,01a00090-d826-73d6-9463-6db8c550bfdf,01a00090-d826-7d0e-bdf9-8423c9846302,covered,confirmed
arcaea:dandelion:default,dandelion,20,Dandelion,"{""en"":""Dandelion""}",Farhan,base,,1489968000,0,default,,,,,,,,assets/songs/dandelion/1080_base.jpg,f399ec7904fcfad3cbc13a5ba8e5da50cba4c44a83fe280a5850282b0a6e5979,2,assets/songs/dandelion/1080_base.jpg;assets/songs/dandelion/1080_base_256.jpg,c2b58dcad54203645057a859524789f59cfd5ca13613b610d04ad087b58aac90,384;768,384;768,image/jpeg,122a16e25e26967a2b82df86c6fa974eeb21df303a7749ce89c517633b5a971d;f399ec7904fcfad3cbc13a5ba8e5da50cba4c44a83fe280a5850282b0a6e5979,true,original object SHA-256=f399ec7904fcfad3cbc13a5ba8e5da50cba4c44a83fe280a5850282b0a6e5979 equals APK image SHA; legacy filename IDX=20 maps to songlist.idx,confirmed,01a00090-d91d-752e-8690-ccbf35a7d627,01a00090-d91e-74a5-b338-a45b0cc6834e,covered,confirmed
arcaea:dantalion:default,dantalion,158,Dantalion,"{""en"":""Dantalion""}",Team Grimoire,vs,,1590537603,1,default,,,,,,,,assets/songs/dl_dantalion/1080_base.jpg,f60a767af16e2915f53e11666f2cc6545615376edc31ef0880025fca9cf796b8,2,assets/songs/dl_dantalion/1080_base.jpg;assets/songs/dl_dantalion/1080_base_256.jpg,c2b58dcad54203645057a859524789f59cfd5ca13613b610d04ad087b58aac90,384;768,384;768,image/jpeg,410781490c156ca0047d6c1bdd3deaa703a03aa0b7ad7d17887f17700cd26868;f60a767af16e2915f53e11666f2cc6545615376edc31ef0880025fca9cf796b8,true,original object SHA-256=f60a767af16e2915f53e11666f2cc6545615376edc31ef0880025fca9cf796b8 equals APK image SHA; legacy filename IDX=158 maps to songlist.idx,confirmed,01a00090-d9f9-7cca-9ede-ec8627073e2c,01a00090-d9f9-7bcb-af42-0e6a949d7387,covered,confirmed
arcaea:darakunosono:default,darakunosono,90,Illegal Paradise,"{""ja"":""堕楽の園"",""en"":""Illegal Paradise""}",gmtn. (witch's slave),base,,1531699202,1,default,,,,,,,,assets/songs/dl_darakunosono/1080_base.jpg,20d86db32ef13971ebb0a1fdf8a875d29210a1c44b798488486e89e4370b429a,2,assets/songs/dl_darakunosono/1080_base.jpg;assets/songs/dl_darakunosono/1080_base_256.jpg,c2b58dcad54203645057a859524789f59cfd5ca13613b610d04ad087b58aac90,384;768,384;768,image/jpeg,20d86db32ef13971ebb0a1fdf8a875d29210a1c44b798488486e89e4370b429a;96e4df026ce565f41becab8422c7bfd30187034b24fa2ea21f81bc6c6989618a,true,original object SHA-256=20d86db32ef13971ebb0a1fdf8a875d29210a1c44b798488486e89e4370b429a equals APK image SHA; legacy filename IDX=90 maps to songlist.idx,confirmed,01a00090-3e20-7537-bab3-dcd18fd6237c,01a00090-3e20-710c-87bb-5728a520eb20,covered,confirmed
arcaea:dataerror:default,dataerror,29,DataErr0r,"{""en"":""DataErr0r""}",Cosmograph,single,,1496188802,1,default,,,,,,,,assets/songs/dl_dataerror/1080_base.jpg,0ba70552b2079c84e0cc285d0bef63dc862ffefdc9e0ef2fc512c41af7758808,2,assets/songs/dl_dataerror/1080_base.jpg;assets/songs/dl_dataerror/1080_base_256.jpg,c2b58dcad54203645057a859524789f59cfd5ca13613b610d04ad087b58aac90,384;768,384;768,image/jpeg,0ba70552b2079c84e0cc285d0bef63dc862ffefdc9e0ef2fc512c41af7758808;9db1cad88fa6756e854f84cf92818fd4f1d7251c9de4302763d6ad96382b5a24,true,original object SHA-256=0ba70552b2079c84e0cc285d0bef63dc862ffefdc9e0ef2fc512c41af7758808 equals APK image SHA; legacy filename IDX=29 maps to songlist.idx,confirmed,01a00090-daee-774b-af77-6170f4500359,01a00090-daee-7251-bda3-eac9acc558fd,covered,confirmed
arcaea:dazzlehop:default,dazzlehop,192,Dazzle hop,"{""en"":""Dazzle hop""}",Sampling Masters MEGA,ongeki,,1608163201,1,default,,,,,,,,assets/songs/dl_dazzlehop/base.jpg,ff2066fcb719fe0ae33d27d9f7c1031d834a5b87d9537da636018e6cf659f74c,2,assets/songs/dl_dazzlehop/base.jpg;assets/songs/dl_dazzlehop/base_256.jpg,c2b58dcad54203645057a859524789f59cfd5ca13613b610d04ad087b58aac90,256;512,256;512,image/jpeg,3fc10d919659cf3bfeeaedcb4d39bfbd21240650e0999f72638ec645a587e6ef;ff2066fcb719fe0ae33d27d9f7c1031d834a5b87d9537da636018e6cf659f74c,true,original object SHA-256=ff2066fcb719fe0ae33d27d9f7c1031d834a5b87d9537da636018e6cf659f74c equals APK image SHA; legacy filename IDX=192 maps to songlist.idx,confirmed,01a00090-dc02-7087-8c48-7b43171e99d4,01a00090-dc02-7b95-ba0a-3b60ba25400f,covered,confirmed
arcaea:ddd:default,ddd,263,DDD,"{""en"":""DDD""}",はがね,base,,1647993601,0,default,,,,,,,,assets/songs/dl_ddd/1080_base.jpg,9149da61e7aea7d366e5888ee26d0300fa791e9d257f44a26c2997612a619c2a,2,assets/songs/dl_ddd/1080_base.jpg;assets/songs/dl_ddd/1080_base_256.jpg,c2b58dcad54203645057a859524789f59cfd5ca13613b610d04ad087b58aac90,384;768,384;768,image/jpeg,3bd9ba7604ce52523408ef06c4d621b0dcb89cc09935517cafaa189a48a98788;9149da61e7aea7d366e5888ee26d0300fa791e9d257f44a26c2997612a619c2a,true,original object SHA-256=9149da61e7aea7d366e5888ee26d0300fa791e9d257f44a26c2997612a619c2a equals APK image SHA; legacy filename IDX=263 maps to songlist.idx,confirmed,01a00090-dce2-7892-8fd2-ce1f4b94cb23,01a00090-dce2-7a30-9aa7-e8fcc96a348b,covered,confirmed
arcaea:deathbyglamour:default,deathbyglamour,445,Death By Glamour,"{""en"":""Death By Glamour"",""ja"":""華麗なる死闘""}",Toby Fox,undertale,,1741478401,0,default,,,,,,,,assets/songs/dl_deathbyglamour/1080_base.jpg,360771d99014cfab5356add732e1cdd0782dcf0afe55b54021dde48724f823f9,2,assets/songs/dl_deathbyglamour/1080_base.jpg;assets/songs/dl_deathbyglamour/1080_base_256.jpg,c2b58dcad54203645057a859524789f59cfd5ca13613b610d04ad087b58aac90,384;768,384;768,image/jpeg,360771d99014cfab5356add732e1cdd0782dcf0afe55b54021dde48724f823f9;513b6e11d4cae33d574f7bf929dfb07b5b2db570690fc37cfd1211d8be33fdbf,true,original object SHA-256=360771d99014cfab5356add732e1cdd0782dcf0afe55b54021dde48724f823f9 equals APK image SHA; legacy filename IDX=445 maps to songlist.idx,confirmed,01a00090-4429-7a4d-b4a3-2ecedee0f640,01a00090-442a-795d-a061-ba690e52014d,covered,confirmed
arcaea:defection:default,defection,275,Defection,"{""en"":""Defection""}",TeddyLoid feat. DELTA,finale,,1657152004,0,default,,,,,,,,assets/songs/dl_defection/1080_base.jpg,f97b6821dcf26e8c96e2b642f4fa211cc6fdd0f0d134835a723ffb0c8cdf4fde,2,assets/songs/dl_defection/1080_base.jpg;assets/songs/dl_defection/1080_base_256.jpg,c2b58dcad54203645057a859524789f59cfd5ca13613b610d04ad087b58aac90,384;768,384;768,image/jpeg,26137fcb72af9bc959e23864ff3a8c9d751d0888afb0fc0dd8f16fe554b3074b;f97b6821dcf26e8c96e2b642f4fa211cc6fdd0f0d134835a723ffb0c8cdf4fde,true,original object SHA-256=f97b6821dcf26e8c96e2b642f4fa211cc6fdd0f0d134835a723ffb0c8cdf4fde equals APK image SHA; legacy filename IDX=275 maps to songlist.idx,confirmed,01a00090-ddc4-726f-8364-665560f9c16f,01a00090-ddc4-7e09-ade8-a4237be51434,covered,confirmed
arcaea:dematerialized:default,dematerialized,472,Dematerialized,"{""en"":""Dematerialized""}",In Love With A Ghost,base,,1753315200,1,default,,,,,,,,assets/songs/dematerialized/1080_base.jpg,f340bbabb58f9784ace26d178fef629d6935f9ebd28dcbe926948117a3dddedc,2,assets/songs/dematerialized/1080_base.jpg;assets/songs/dematerialized/1080_base_256.jpg,c2b58dcad54203645057a859524789f59cfd5ca13613b610d04ad087b58aac90,384;768,384;768,image/jpeg,6ec133b3540d8311757303bd4219c5149d87a8168cf1cead5106f30c25eb92fa;f340bbabb58f9784ace26d178fef629d6935f9ebd28dcbe926948117a3dddedc,true,original object SHA-256=f340bbabb58f9784ace26d178fef629d6935f9ebd28dcbe926948117a3dddedc equals APK image SHA; legacy filename IDX=472 maps to songlist.idx,confirmed,01a00090-decd-7196-9b26-aa7f7ae55345,01a00090-decd-74d5-b420-42b00f7bab4f,covered,confirmed
arcaea:dement:default,dement,19,Dement ~after legend~,"{""en"":""Dement ~after legend~""}",Cosmograph,base,,1489968000,1,default,,,,BYD,,,,assets/songs/dement/1080_base.jpg,880e3b136bf37b3b4e1d80b137e0506c2ac65b4bf4db0b0dc8659578b88d13a5,2,assets/songs/dement/1080_base.jpg;assets/songs/dement/1080_base_256.jpg,c2b58dcad54203645057a859524789f59cfd5ca13613b610d04ad087b58aac90,384;768,384;768,image/jpeg,3741f804a709aef35535b296722eb2980bd6626d5dbbfb5af15d06c908c41bdb;880e3b136bf37b3b4e1d80b137e0506c2ac65b4bf4db0b0dc8659578b88d13a5,true,original object SHA-256=880e3b136bf37b3b4e1d80b137e0506c2ac65b4bf4db0b0dc8659578b88d13a5 equals APK image SHA; legacy filename IDX=19 maps to songlist.idx,confirmed,01a00090-e0ee-74c4-bb44-cddfe0f74a9c,01a00090-e0ee-7ddd-9b14-485fec3f8184,covered,confirmed
arcaea:dement:difficulty:BYD,dement,19,Dement ~after legend~,"{""en"":""Dement ~after legend~""}",Cosmograph,base,,1489968000,1,difficulty-specific,BYD,3,True,BYD,,,,assets/songs/dement/1080_3.jpg,9fb1785b2150ea4dfb69c5388e963a426f6ad1c408a6f0b7d500adbd2fcc0c08,2,assets/songs/dement/1080_3.jpg;assets/songs/dement/1080_3_256.jpg,c2b58dcad54203645057a859524789f59cfd5ca13613b610d04ad087b58aac90,384;768,384;768,image/jpeg,9fb1785b2150ea4dfb69c5388e963a426f6ad1c408a6f0b7d500adbd2fcc0c08;cf0fa54b032fad386081f13028d5cdc9a8b728bb4fffd3e55017a60716554ac4,true,original object SHA-256=9fb1785b2150ea4dfb69c5388e963a426f6ad1c408a6f0b7d500adbd2fcc0c08 equals APK image SHA; legacy filename IDX=19 maps to songlist.idx,confirmed,01a00090-dfd8-7b98-a693-c2bb27a7b544,01a00090-dfd8-7cc8-8a69-1a976c1ddd5c,covered,confirmed
arcaea:desertrealm:default,desertrealm,526,Desertrealm,"{""en"":""Desertrealm""}","Masahiro ""Godspeed"" Aoki",single,,1773014404,1,default,,,,,,,,assets/songs/dl_desertrealm/1080_base.jpg,0f6e7331e3bcdb44601f26a25bbdcc4b0a24fbf8915434f6e276850fb2d23bc0,2,assets/songs/dl_desertrealm/1080_base.jpg;assets/songs/dl_desertrealm/1080_base_256.jpg,c2b58dcad54203645057a859524789f59cfd5ca13613b610d04ad087b58aac90,384;768,384;768,image/jpeg,0f6e7331e3bcdb44601f26a25bbdcc4b0a24fbf8915434f6e276850fb2d23bc0;ade116c24e77571612430a368fcf0c996c4fd670f7c7d50e0ed8bbd26307c1b0,true,original object SHA-256=0f6e7331e3bcdb44601f26a25bbdcc4b0a24fbf8915434f6e276850fb2d23bc0 equals APK image SHA; legacy filename IDX=526 maps to songlist.idx,confirmed,01a00090-e219-75a4-8d70-f7d4fe3952d1,01a00090-e219-70c9-b64a-4ab2f9ecda7f,covered,confirmed
arcaea:designant:default,designant,433,Designant.,"{""en"":""Designant.""}",Designant,lephon,,1732147210,3,default,,,,,,,,assets/songs/dl_designant/1080_base.jpg,b704884d2811331f760a6b0c91d54744ceef008b6234a5fe32c8315378e649f3,2,assets/songs/dl_designant/1080_base.jpg;assets/songs/dl_designant/1080_base_256.jpg,c2b58dcad54203645057a859524789f59cfd5ca13613b610d04ad087b58aac90,384;768,384;768,image/jpeg,a065fff65eef50a59c995ee3dcd777d5e73a9f1e5f31c553c450ae76968e9584;b704884d2811331f760a6b0c91d54744ceef008b6234a5fe32c8315378e649f3,true,original object SHA-256=b704884d2811331f760a6b0c91d54744ceef008b6234a5fe32c8315378e649f3 equals APK image SHA; legacy filename IDX=433 maps to songlist.idx,confirmed,01a00090-e32c-7a2e-b726-58e3a5093983,01a00090-e32c-77fc-adc7-1805cac3b556,covered,confirmed
arcaea:desive:default,desive,389,Désive,"{""en"":""Désive"",""ko_dialog"":""Desive""}",MisomyL,single,,1714003204,0,default,,,,,,,,assets/songs/dl_desive/1080_base.jpg,b7d4543f97aa01041d5767cb4990a4ebce5aa276ca972fe4aae6bd625cecd99d,2,assets/songs/dl_desive/1080_base.jpg;assets/songs/dl_desive/1080_base_256.jpg,c2b58dcad54203645057a859524789f59cfd5ca13613b610d04ad087b58aac90,384;768,384;768,image/jpeg,b7d4543f97aa01041d5767cb4990a4ebce5aa276ca972fe4aae6bd625cecd99d;d847abcc16d2a97c889e39ec9e970daf697e171b591b253612c0993882f85a66,true,original object SHA-256=b7d4543f97aa01041d5767cb4990a4ebce5aa276ca972fe4aae6bd625cecd99d equals APK image SHA; legacy filename IDX=389 maps to songlist.idx,confirmed,01a00090-e44e-7b0a-ad81-34def59ed495,01a00090-e44e-7916-93b4-45917b4ea2c3,covered,confirmed
arcaea:devillicsphere:default,devillicsphere,325,Devillic Sphere,"{""en"":""Devillic Sphere""}",3R2,cytusii,,1687910402,1,default,,,,,,,,assets/songs/dl_devillicsphere/1080_base.jpg,e54692570545aa96e30f571c21a2f3fcc34012831550c767f7bef2c91af0dfc1,2,assets/songs/dl_devillicsphere/1080_base.jpg;assets/songs/dl_devillicsphere/1080_base_256.jpg,c2b58dcad54203645057a859524789f59cfd5ca13613b610d04ad087b58aac90,384;768,384;768,image/jpeg,389b676fecb63ac43fe58b5f420c900bfd0f117d18bfb925a184d5019bb23963;e54692570545aa96e30f571c21a2f3fcc34012831550c767f7bef2c91af0dfc1,true,original object SHA-256=e54692570545aa96e30f571c21a2f3fcc34012831550c767f7bef2c91af0dfc1 equals APK image SHA; legacy filename IDX=325 maps to songlist.idx,confirmed,01a00090-e560-7aad-bc6c-9296ae3bba14,01a00090-e560-7fa4-9718-1dedfa7cb326,covered,confirmed
arcaea:dialnote:default,dialnote,293,Dialnote,"{""en"":""Dialnote"",""ja"":""だいあるのーと""}",七草くりむ,base,,1671667201,0,default,,,,,,,,assets/songs/dialnote/1080_base.jpg,ea8bddf98b46dd6f41827630a72cf004a84e5d59c26a8a846d7bcc51236fc226,2,assets/songs/dialnote/1080_base.jpg;assets/songs/dialnote/1080_base_256.jpg,c2b58dcad54203645057a859524789f59cfd5ca13613b610d04ad087b58aac90,384;768,384;768,image/jpeg,605518e52cc1a1c6b8e7d99e59a05a989eee5b024d7a8968c1b4a87dec4dfbbf;ea8bddf98b46dd6f41827630a72cf004a84e5d59c26a8a846d7bcc51236fc226,true,original object SHA-256=ea8bddf98b46dd6f41827630a72cf004a84e5d59c26a8a846d7bcc51236fc226 equals APK image SHA; legacy filename IDX=293 maps to songlist.idx,confirmed,01a00092-7add-7409-b035-f0202a9a7237,01a00092-7ade-79d3-a1ad-6b8b18fed867,covered,confirmed
arcaea:diesirae:default,diesirae,422,Dies irae,"{""en"":""Dies irae""}",お月さま交響曲,single,,1729728004,1,default,,,,,,,,assets/songs/dl_diesirae/1080_base.jpg,18b1fba7b8c740570163df545803d7ef1cf70d334c27b2af164d7d749b8141a9,2,assets/songs/dl_diesirae/1080_base.jpg;assets/songs/dl_diesirae/1080_base_256.jpg,c2b58dcad54203645057a859524789f59cfd5ca13613b610d04ad087b58aac90,384;768,384;768,image/jpeg,18b1fba7b8c740570163df545803d7ef1cf70d334c27b2af164d7d749b8141a9;cce2f3e03760c176834b2c22e435767ac70daef28b7a937bdd9aa31b24e3aedc,true,original object SHA-256=18b1fba7b8c740570163df545803d7ef1cf70d334c27b2af164d7d749b8141a9 equals APK image SHA; legacy filename IDX=422 maps to songlist.idx,confirmed,01a00090-e64d-7ca6-89b1-2601f29bddca,01a00090-e64d-7a84-a738-5a03e36fbc8b,covered,confirmed
arcaea:diode:default,diode,137,Diode,"{""en"":""Diode""}",Kolaa,base,,1570492800,0,default,,,,,,,,assets/songs/dl_diode/1080_base.jpg,d853971bd62a61ce07f8f43c884427773d8e5f0f35abf7cabb84736ecb2f2779,2,assets/songs/dl_diode/1080_base.jpg;assets/songs/dl_diode/1080_base_256.jpg,c2b58dcad54203645057a859524789f59cfd5ca13613b610d04ad087b58aac90,384;768,384;768,image/jpeg,4f88d7c592accacc7ee2f9094dcada8b8e1483b995a2c2c42ed3f51650ae3e81;d853971bd62a61ce07f8f43c884427773d8e5f0f35abf7cabb84736ecb2f2779,true,original object SHA-256=d853971bd62a61ce07f8f43c884427773d8e5f0f35abf7cabb84736ecb2f2779 equals APK image SHA; legacy filename IDX=137 maps to songlist.idx,confirmed,01a00090-e780-770f-a841-c877f671cd0b,01a00090-e780-723f-b99d-5ecf94be4f8f,covered,confirmed
arcaea:disintegration:default,disintegration,478,disintegration,"{""en"":""disintegration""}",ひゅ〜ぶ,extend_3,,1755734400,0,default,,,,,,,,assets/songs/dl_disintegration/1080_base.jpg,b03a4add2c8d2df6d6900604d8ec7799175869870421602728b19fb441307b16,2,assets/songs/dl_disintegration/1080_base.jpg;assets/songs/dl_disintegration/1080_base_256.jpg,c2b58dcad54203645057a859524789f59cfd5ca13613b610d04ad087b58aac90,384;768,384;768,image/jpeg,8a4c0273b4940854b47bf327c7bf97de0c5784796d6ce1cfca7ea8797f5e2d65;b03a4add2c8d2df6d6900604d8ec7799175869870421602728b19fb441307b16,true,original object SHA-256=b03a4add2c8d2df6d6900604d8ec7799175869870421602728b19fb441307b16 equals APK image SHA; legacy filename IDX=478 maps to songlist.idx,confirmed,01a00090-e893-7785-a689-dc09797d6dfa,01a00090-e893-7126-b6f3-0900a861f3a1,covered,confirmed
arcaea:distortedfate:default,distortedfate,386,Distorted Fate,"{""en"":""Distorted Fate""}",Sakuzyo,single,,1714003201,1,default,,,,,,,,assets/songs/dl_distortedfate/1080_base.jpg,2c50cccd8a17494f9341b759ccad2e4fb5e79e890a988129628afeea1ffdefd8,2,assets/songs/dl_distortedfate/1080_base.jpg;assets/songs/dl_distortedfate/1080_base_256.jpg,c2b58dcad54203645057a859524789f59cfd5ca13613b610d04ad087b58aac90,384;768,384;768,image/jpeg,0c341c3b6583f771b61c326de010fe30d849c7ca228e8bac543726cc1519069d;2c50cccd8a17494f9341b759ccad2e4fb5e79e890a988129628afeea1ffdefd8,true,original object SHA-256=2c50cccd8a17494f9341b759ccad2e4fb5e79e890a988129628afeea1ffdefd8 equals APK image SHA; legacy filename IDX=386 maps to songlist.idx,confirmed,01a00090-e9b1-79c8-89ef-0aa4fcd5863b,01a00090-e9b1-70d7-b519-73778910e6de,covered,confirmed
arcaea:distortionhuman:default,distortionhuman,401,Distortion Human,"{""en"":""Distortion Human"",""ja"":""ディストーション・ニンゲン""}",DJ Myosuke & KAJI,extend_3,,1722297600,1,default,,,,,,,,assets/songs/dl_distortionhuman/1080_base.jpg,6546f463d64c9f9d75ecbfe0002c199aa40d90d32213f90994418ffc38563cfc,2,assets/songs/dl_distortionhuman/1080_base.jpg;assets/songs/dl_distortionhuman/1080_base_256.jpg,c2b58dcad54203645057a859524789f59cfd5ca13613b610d04ad087b58aac90,384;768,384;768,image/jpeg,6546f463d64c9f9d75ecbfe0002c199aa40d90d32213f90994418ffc38563cfc;68144a4cf75a59779608cd883d9907e8bdffeb889aa6d312446e3fb29643d98d,true,original object SHA-256=6546f463d64c9f9d75ecbfe0002c199aa40d90d32213f90994418ffc38563cfc equals APK image SHA; legacy filename IDX=401 maps to songlist.idx,confirmed,01a00092-7b96-7bb1-bb61-2d15f74b80bb,01a00092-7b96-7fc0-8244-82ca9c66b906,covered,confirmed
arcaea:divinelight:default,divinelight,226,Divine Light of Myriad,"{""en"":""Divine Light of Myriad"",""ja"":""光速神授説 - Divine Light of Myriad -""}",yoho,observer_append_2,,1626825602,0,default,,,,,,,,assets/songs/dl_divinelight/1080_base.jpg,e009d790cb525d68fd4a419d39681f12714cf1c54a285de9fee178c00957a3a6,2,assets/songs/dl_divinelight/1080_base.jpg;assets/songs/dl_divinelight/1080_base_256.jpg,c2b58dcad54203645057a859524789f59cfd5ca13613b610d04ad087b58aac90,384;768,384;768,image/jpeg,50c8c9dfffe0aa766c15ae1fcc22be8d1359417a9ea38d105b64ceb1f9f963ec;e009d790cb525d68fd4a419d39681f12714cf1c54a285de9fee178c00957a3a6,true,original object SHA-256=e009d790cb525d68fd4a419d39681f12714cf1c54a285de9fee178c00957a3a6 equals APK image SHA; legacy filename IDX=226 maps to songlist.idx,confirmed,01a00090-4329-7a60-a7bd-3c4a6b53ce25,01a00090-4329-7c76-b470-601f9115d18b,covered,confirmed
arcaea:dontdie:default,dontdie,457,Don't Die,"{""en"":""Don't Die""}",Paul Bazooka,single,,1747872001,1,default,,,,,,,,assets/songs/dl_dontdie/1080_base.jpg,95a8b82b943aaa11c90bf61a08d6b9d89082be36547454581043061aa873a6a2,2,assets/songs/dl_dontdie/1080_base.jpg;assets/songs/dl_dontdie/1080_base_256.jpg,c2b58dcad54203645057a859524789f59cfd5ca13613b610d04ad087b58aac90,384;768,384;768,image/jpeg,95a8b82b943aaa11c90bf61a08d6b9d89082be36547454581043061aa873a6a2;c7ddb5e04dc8d21d46a5fff5f749641b764148e394d545a73544c9dcae827a06,true,original object SHA-256=95a8b82b943aaa11c90bf61a08d6b9d89082be36547454581043061aa873a6a2 equals APK image SHA; legacy filename IDX=457 maps to songlist.idx,confirmed,01a00090-ea9f-77e0-8fe6-472356bb2f86,01a00090-ea9f-7eb3-89d1-7af519877f61,covered,confirmed
arcaea:dontfightmusic:default,dontfightmusic,426,Don't Fight The Music,"{""en"":""Don't Fight The Music""}",黒魔,ongeki_append_2,,1732147203,1,default,,,,,,,,assets/songs/dl_dontfightmusic/base.jpg,bd65acf9b02f863419bae3e88572e4218a82cf8c780a84f8251c5b85e1f09012,2,assets/songs/dl_dontfightmusic/base.jpg;assets/songs/dl_dontfightmusic/base_256.jpg,c2b58dcad54203645057a859524789f59cfd5ca13613b610d04ad087b58aac90,256;512,256;512,image/jpeg,8deb2fd676e93f2d3b80cc2756ac72307df763e2773a1739e00cbf75d238da14;bd65acf9b02f863419bae3e88572e4218a82cf8c780a84f8251c5b85e1f09012,true,original object SHA-256=bd65acf9b02f863419bae3e88572e4218a82cf8c780a84f8251c5b85e1f09012 equals APK image SHA; legacy filename IDX=426 maps to songlist.idx,confirmed,01a00090-eb75-7376-8e8d-a8231bb09c42,01a00090-eb75-7376-9cc5-ee2365c5fcca,covered,confirmed
arcaea:dottodot:default,dottodot,122,Dot to Dot feat. shully,"{""en"":""Dot to Dot feat. shully""}",Mameyudoufu,single,,1556755202,0,default,,,,,,,,assets/songs/dl_dottodot/1080_base.jpg,4d213a2b03f5d023e50b34f078da2c304d6210905167777f26e8786817a9ba52,2,assets/songs/dl_dottodot/1080_base.jpg;assets/songs/dl_dottodot/1080_base_256.jpg,c2b58dcad54203645057a859524789f59cfd5ca13613b610d04ad087b58aac90,384;768,380;760,image/jpeg,4d213a2b03f5d023e50b34f078da2c304d6210905167777f26e8786817a9ba52;e8c6d7bc36e63f6bd5b174eb2841080e9c26d8adf5c5a284e8c6a8218203e409,true,original object SHA-256=4d213a2b03f5d023e50b34f078da2c304d6210905167777f26e8786817a9ba52 equals APK image SHA; legacy filename IDX=122 maps to songlist.idx,confirmed,01a00090-ec4e-787f-abc5-2db2ab1581cd,01a00090-ec4e-7e71-a50a-b917e2255099,covered,confirmed
arcaea:dreadnought:default,dreadnought,126,Dreadnought,"{""en"":""Dreadnought""}",Mastermind (xi + nora2r),single,,1563408000,1,default,,,,,,,,assets/songs/dl_dreadnought/1080_base.jpg,9ed0d54b362546fc37af6e8ed86edb90bd63be6949bba5e3d9c4767f7af5a7ae,2,assets/songs/dl_dreadnought/1080_base.jpg;assets/songs/dl_dreadnought/1080_base_256.jpg,c2b58dcad54203645057a859524789f59cfd5ca13613b610d04ad087b58aac90,384;768,384;768,image/jpeg,330499b7ebcbe97ed672461ad72d5052349823c5bb078baedb51110fcfb72bc3;9ed0d54b362546fc37af6e8ed86edb90bd63be6949bba5e3d9c4767f7af5a7ae,true,original object SHA-256=9ed0d54b362546fc37af6e8ed86edb90bd63be6949bba5e3d9c4767f7af5a7ae equals APK image SHA; legacy filename IDX=126 maps to songlist.idx,confirmed,01a00090-ed18-7307-bfee-8d2175466d7d,01a00090-ed18-7d5b-8611-9447519e1daa,covered,confirmed
arcaea:dreamgoeson:default,dreamgoeson,63,Dream goes on,"{""en"":""Dream goes on""}",Tiny Minim,lanota,,1517443200,0,default,,,,,,,,assets/songs/dl_dreamgoeson/1080_base.jpg,7fbdad3a534b820ac7abe3f40a28f5417bc21b16f2b99a85b27a763812f996c4,2,assets/songs/dl_dreamgoeson/1080_base.jpg;assets/songs/dl_dreamgoeson/1080_base_256.jpg,c2b58dcad54203645057a859524789f59cfd5ca13613b610d04ad087b58aac90,384;768,384;768,image/jpeg,1599799a618193293ff6327ba68027ad4bbd42fdb0a026d10114cc684bf233be;7fbdad3a534b820ac7abe3f40a28f5417bc21b16f2b99a85b27a763812f996c4,true,original object SHA-256=7fbdad3a534b820ac7abe3f40a28f5417bc21b16f2b99a85b27a763812f996c4 equals APK image SHA; legacy filename IDX=63 maps to songlist.idx,confirmed,01a00090-edfe-7240-b813-bcbc0d777ecd,01a00090-edfe-730e-9745-5c0769207736,covered,confirmed
arcaea:dreaminattraction:default,dreaminattraction,57,Dreamin' Attraction!!,"{""en"":""Dreamin' Attraction!!""}",翡乃イスカ,base,,1509667201,0,default,,,,,,,,assets/songs/dl_dreaminattraction/base.jpg,2d6228b450698c8a3db1e800cbd6df205b6dbe209329726fb5c49a0f6ebb59d1,2,assets/songs/dl_dreaminattraction/base.jpg;assets/songs/dl_dreaminattraction/base_256.jpg,c2b58dcad54203645057a859524789f59cfd5ca13613b610d04ad087b58aac90,256;512,256;512,image/jpeg,2d6228b450698c8a3db1e800cbd6df205b6dbe209329726fb5c49a0f6ebb59d1;b0737f5b43d87ee7e93d7bc8c50eb110966f41970320510ab65c73d5b71bfe1d,true,original object SHA-256=2d6228b450698c8a3db1e800cbd6df205b6dbe209329726fb5c49a0f6ebb59d1 equals APK image SHA; legacy filename IDX=57 maps to songlist.idx,confirmed,01a00090-eee8-7d31-9473-47c6cc46a357,01a00090-eee8-7049-845b-ef10904a51c5,covered,confirmed
arcaea:drg:default,drg,331,DRG,"{""en"":""DRG""}",onoken,cytusii_append_1,,1689724802,0,default,,,,,,,,assets/songs/dl_drg/1080_base.jpg,455eccd65124464b21563b0563b9c5d7ddba04d1a5e09eb75f1d74d5c378512e,2,assets/songs/dl_drg/1080_base.jpg;assets/songs/dl_drg/1080_base_256.jpg,c2b58dcad54203645057a859524789f59cfd5ca13613b610d04ad087b58aac90,384;768,384;768,image/jpeg,0582540a5510591dfa11aa8dc9f16b455881b6ecd8aa9d5379bad2486a178c29;455eccd65124464b21563b0563b9c5d7ddba04d1a5e09eb75f1d74d5c378512e,true,original object SHA-256=455eccd65124464b21563b0563b9c5d7ddba04d1a5e09eb75f1d74d5c378512e equals APK image SHA; legacy filename IDX=331 maps to songlist.idx,confirmed,01a00090-efb6-75fd-8534-756cd0ae594e,01a00090-efb6-7c83-a163-ddadb05ca771,covered,confirmed
arcaea:dropdead:default,dropdead,91,dropdead,"{""en"":""dropdead""}",Frums,single,,1533859201,1,default,,,,BYD,,,,assets/songs/dl_dropdead/1080_base.jpg,899af6aefeb3b4204e9865b908c2cdcdaf56dc813402770a2e96589725f01459,2,assets/songs/dl_dropdead/1080_base.jpg;assets/songs/dl_dropdead/1080_base_256.jpg,c2b58dcad54203645057a859524789f59cfd5ca13613b610d04ad087b58aac90,384;768,384;768,image/jpeg,406f142230714fa4f2e16fbdb8cc7f3e414f06cb152d9a7aebd751801b84c3b9;899af6aefeb3b4204e9865b908c2cdcdaf56dc813402770a2e96589725f01459,true,original object SHA-256=899af6aefeb3b4204e9865b908c2cdcdaf56dc813402770a2e96589725f01459 equals APK image SHA; legacy filename IDX=91 maps to songlist.idx,confirmed,01a00090-f196-75e8-a812-f249a51bd893,01a00090-f196-7a73-948a-095b80a95c8e,covered,confirmed
arcaea:dropdead:difficulty:BYD,dropdead,91,dropdead,"{""en"":""dropdead""}",Frums,single,,1533859201,1,difficulty-specific,BYD,3,True,BYD,,"{""en"":""overdead.""}",True,assets/songs/dl_dropdead/1080_3.jpg,b0459f1f27809f16e5103da23db9aba2d43884457e675beadc76ce69f07f0c14,2,assets/songs/dl_dropdead/1080_3.jpg;assets/songs/dl_dropdead/1080_3_256.jpg,c2b58dcad54203645057a859524789f59cfd5ca13613b610d04ad087b58aac90,384;768,384;768,image/jpeg,a0da390f66b00cbd14818821698404bde84d92bef5c091c27bee3c1e5f6e9162;b0459f1f27809f16e5103da23db9aba2d43884457e675beadc76ce69f07f0c14,true,More than one Catalog Resource row points to this APK semantic slot,medium,01a00090-f075-7a65-a6fe-9f633474150a;01a00091-c36d-7f63-a127-3f90aa03b939,01a00090-f075-7d01-914e-f9d8b56a6d60;01a00091-c36d-7dcd-855b-3f7d8efc584f,multiple-catalog-matches,ambiguous
arcaea:dualdependency:default,dualdependency,475,Dual Dependency,"{""en"":""Dual Dependency""}",seatrus,anima,,1753315203,0,default,,,,,,,,assets/songs/dl_dualdependency/1080_base.jpg,34ddd7a5a278207da353ddd5328eda1ea0b33ca035c346d894e2ea766adea6ba,2,assets/songs/dl_dualdependency/1080_base.jpg;assets/songs/dl_dualdependency/1080_base_256.jpg,c2b58dcad54203645057a859524789f59cfd5ca13613b610d04ad087b58aac90,384;768,384;768,image/jpeg,34ddd7a5a278207da353ddd5328eda1ea0b33ca035c346d894e2ea766adea6ba;caf1ba8b6cf227198b4c5bd0088c7305e5f2c1bc93b8e997d1afb4c84395149d,true,original object SHA-256=34ddd7a5a278207da353ddd5328eda1ea0b33ca035c346d894e2ea766adea6ba equals APK image SHA; legacy filename IDX=475 maps to songlist.idx,confirmed,01a00090-f2db-78e0-83fc-693124fe53c7,01a00090-f2db-76db-8e0e-4eedd0547a0c,covered,confirmed
arcaea:dualdoom:default,dualdoom,409,Dual Doom Deathmatch,"{""en"":""Dual Doom Deathmatch""}",Kobaryo vs HyuN,rotaeno,,1724889602,1,default,,,,,,,,assets/songs/dl_dualdoom/1080_base.jpg,8a178190f8e96d42ed88653b470dd087d4e7647125661f82f67b602c31b34778,2,assets/songs/dl_dualdoom/1080_base.jpg;assets/songs/dl_dualdoom/1080_base_256.jpg,c2b58dcad54203645057a859524789f59cfd5ca13613b610d04ad087b58aac90,384;768,384;768,image/jpeg,3fda721c34fdba774c92315d7475a659aa39286f083bb66753ba5b3478202a12;8a178190f8e96d42ed88653b470dd087d4e7647125661f82f67b602c31b34778,true,original object SHA-256=8a178190f8e96d42ed88653b470dd087d4e7647125661f82f67b602c31b34778 equals APK image SHA; legacy filename IDX=409 maps to songlist.idx,confirmed,01a00090-f3e6-7c30-82a5-c1058f700ace,01a00090-f3e6-74d0-8182-cd941914457e,covered,confirmed
arcaea:dullblade:default,dullblade,455,Dull Blade,"{""en"":""Dull Blade""}",stuv,single,,1745452801,1,default,,,,,,,,assets/songs/dl_dullblade/1080_base.jpg,46e67c943a5bdd35654c8ca3c97652f0c522bab0da760bad6db0814a177e69e7,2,assets/songs/dl_dullblade/1080_base.jpg;assets/songs/dl_dullblade/1080_base_256.jpg,c2b58dcad54203645057a859524789f59cfd5ca13613b610d04ad087b58aac90,384;768,384;768,image/jpeg,46e67c943a5bdd35654c8ca3c97652f0c522bab0da760bad6db0814a177e69e7;817ab1c71cc84647816240aa9f85e46f9a684ca47f7576fc4d0b3305dd0d327a,true,original object SHA-256=46e67c943a5bdd35654c8ca3c97652f0c522bab0da760bad6db0814a177e69e7 equals APK image SHA; legacy filename IDX=455 maps to songlist.idx,confirmed,01a00090-f504-7356-9846-c7473dd8ba16,01a00090-f504-7c49-b8aa-0898f24a1623,covered,confirmed
arcaea:dxfullmetal:default,dxfullmetal,107,DX Choseinou Full Metal Shojo,"{""ja"":""DX超性能フルメタル少女"",""en"":""DX Choseinou Full Metal Shojo""}",IOSYS TRAX (uno with.ちよこ),groovecoaster,,1546992001,0,default,,,,,,,,assets/songs/dl_dxfullmetal/1080_base.jpg,34748ea9707066a602aee44dcadf7c9b19a15231db2803de5d6e94c5a4ff7ff0,2,assets/songs/dl_dxfullmetal/1080_base.jpg;assets/songs/dl_dxfullmetal/1080_base_256.jpg,c2b58dcad54203645057a859524789f59cfd5ca13613b610d04ad087b58aac90,384;768,384;768,image/jpeg,06a57d0d6bcfee166156717b62c58d28bc32e67bfd77d6ac995b5dbd53199586;34748ea9707066a602aee44dcadf7c9b19a15231db2803de5d6e94c5a4ff7ff0,true,original object SHA-256=34748ea9707066a602aee44dcadf7c9b19a15231db2803de5d6e94c5a4ff7ff0 equals APK image SHA; legacy filename IDX=107 maps to songlist.idx,confirmed,01a00090-f5de-740b-8878-a726b986a99c,01a00090-f5de-7865-8898-067141e820be,covered,confirmed
arcaea:dynitikos:default,dynitikos,345,Dynitikós,"{""en"":""Dynitikós"",""ko_dialog"":""Dynitikos""}",Prower,extend_2,,1695772801,1,default,,,,,,,,assets/songs/dl_dynitikos/1080_base.jpg,72b5e0fb7f64e1460f3112a477d2561485b29980a0849dfc1e157f745650c11d,2,assets/songs/dl_dynitikos/1080_base.jpg;assets/songs/dl_dynitikos/1080_base_256.jpg,c2b58dcad54203645057a859524789f59cfd5ca13613b610d04ad087b58aac90,384;768,384;768,image/jpeg,72b5e0fb7f64e1460f3112a477d2561485b29980a0849dfc1e157f745650c11d;efe00a7d17cbc1af82fe8e134f6c359cd8b1d756add25f07e66aa10449fa405c,true,original object SHA-256=72b5e0fb7f64e1460f3112a477d2561485b29980a0849dfc1e157f745650c11d equals APK image SHA; legacy filename IDX=345 maps to songlist.idx,confirmed,01a00090-f700-7dea-9663-1320cbb32eea,01a00090-f700-79a3-97b8-d5aa4edf2746,covered,confirmed
arcaea:eccentrictale:default,eccentrictale,184,Eccentric Tale,"{""en"":""Eccentric Tale""}",Yamajet,alice,,1606953601,1,default,,,,BYD,,,,assets/songs/dl_eccentrictale/1080_base.jpg,789ed421fcffad2f3809ca5135b1831fb2e9edda28d33cff6e62639a465a20ec,2,assets/songs/dl_eccentrictale/1080_base.jpg;assets/songs/dl_eccentrictale/1080_base_256.jpg,c2b58dcad54203645057a859524789f59cfd5ca13613b610d04ad087b58aac90,384;768,384;768,image/jpeg,789ed421fcffad2f3809ca5135b1831fb2e9edda28d33cff6e62639a465a20ec;f54dff972b27bcdb07ce5ad620ba92420ee9ce22c504777713fc0df60bcc79f5,true,original object SHA-256=789ed421fcffad2f3809ca5135b1831fb2e9edda28d33cff6e62639a465a20ec equals APK image SHA; legacy filename IDX=184 maps to songlist.idx,confirmed,01a00090-f813-7882-9d76-31b7f3a066b5,01a00090-f813-7e2a-b299-f02df161402e,covered,confirmed
arcaea:eccentrictale:difficulty:BYD,eccentrictale,184,Eccentric Tale,"{""en"":""Eccentric Tale""}",Yamajet,alice,,1606953601,1,difficulty-specific,BYD,3,True,BYD,,,,assets/songs/dl_eccentrictale/1080_3.jpg,323b4333f1b13a939da1c4598dae865372bc3ee081aed34291ce910ab5d90219,2,assets/songs/dl_eccentrictale/1080_3.jpg;assets/songs/dl_eccentrictale/1080_3_256.jpg,c2b58dcad54203645057a859524789f59cfd5ca13613b610d04ad087b58aac90,384;768,384;768,image/jpeg,323b4333f1b13a939da1c4598dae865372bc3ee081aed34291ce910ab5d90219;7687eba7f7a42896584b6e63214cb70a57b6a1d58e94754eb5f8ce8bc137fc70,true,original object SHA-256=323b4333f1b13a939da1c4598dae865372bc3ee081aed34291ce910ab5d90219 equals APK image SHA; legacy filename IDX=184 maps to songlist.idx,confirmed,01a00090-f915-74b8-946f-3943452683ae,01a00090-f915-7c77-81b6-a4ec5cae428a,covered,confirmed
arcaea:edenwacca:default,edenwacca,360,eden,"{""en"":""eden""}","""漆黒""の堕天使《Gram》†Versus†""聖刻""の熾天使《Gram》",wacca_append_1,,1701302403,1,default,,,,,,,,assets/songs/dl_edenwacca/1080_base.jpg,6b4a9f0a150971727cf51aee40120c06e6db613e10fe70333bdb1dd5a296d3b6,2,assets/songs/dl_edenwacca/1080_base.jpg;assets/songs/dl_edenwacca/1080_base_256.jpg,c2b58dcad54203645057a859524789f59cfd5ca13613b610d04ad087b58aac90,384;768,384;768,image/jpeg,6b4a9f0a150971727cf51aee40120c06e6db613e10fe70333bdb1dd5a296d3b6;f545b26c64b848f21b9b9e509c850be6da5b2807b49fb591f1360138c15051d7,true,original object SHA-256=6b4a9f0a150971727cf51aee40120c06e6db613e10fe70333bdb1dd5a296d3b6 equals APK image SHA; legacy filename IDX=360 maps to songlist.idx,confirmed,01a00090-fa18-73a2-8908-8bcda11d2ee3,01a00090-fa18-7680-86bb-13a71faf5fe3,covered,confirmed
arcaea:egoeimi:default,egoeimi,351,Ego Eimi,"{""en"":""Ego Eimi""}",BlackY feat. Risa Yuzuki,eden_append_1,,1695772807,1,default,,,,,,,,assets/songs/dl_egoeimi/1080_base.jpg,2b39c1c2803e420137b64c390dc50829eda6af4880cba6958bbf23491b3c59c2,2,assets/songs/dl_egoeimi/1080_base.jpg;assets/songs/dl_egoeimi/1080_base_256.jpg,c2b58dcad54203645057a859524789f59cfd5ca13613b610d04ad087b58aac90,384;768,384;768,image/jpeg,2b39c1c2803e420137b64c390dc50829eda6af4880cba6958bbf23491b3c59c2;d932514e0df43b740f25f13f0341541c80f4a0d81bf087a72649a581cce71232,true,original object SHA-256=2b39c1c2803e420137b64c390dc50829eda6af4880cba6958bbf23491b3c59c2 equals APK image SHA; legacy filename IDX=351 maps to songlist.idx,confirmed,01a00090-faec-794b-b51c-6a31d7d7db02,01a00090-faec-7df3-94b9-42b8255222cb,covered,confirmed
arcaea:eightem:default,eightem,437,8-EM,"{""en"":""8-EM""}",Sampling Masters AYA,chunithm_append_3,,1734566402,1,default,,,,,,,,assets/songs/dl_eightem/1080_base.jpg,9cf640a2fdbea6e55fcb2f3206d980e05b13626109f37041b2d0de044bb7e203,2,assets/songs/dl_eightem/1080_base.jpg;assets/songs/dl_eightem/1080_base_256.jpg,c2b58dcad54203645057a859524789f59cfd5ca13613b610d04ad087b58aac90,384;768,384;768,image/jpeg,58165f7e58abb58e5dc08a1a21d05a546d41db3eb83e439f965a3e4e96eaffc6;9cf640a2fdbea6e55fcb2f3206d980e05b13626109f37041b2d0de044bb7e203,true,original object SHA-256=9cf640a2fdbea6e55fcb2f3206d980e05b13626109f37041b2d0de044bb7e203 equals APK image SHA; legacy filename IDX=437 maps to songlist.idx,confirmed,01a00090-3407-72cf-8dc2-810b43f341e0,01a00090-3407-7c57-abf2-98f81ef41d72,covered,confirmed
arcaea:einherjar:default,einherjar,147,Einherjar Joker,"{""en"":""Einherjar Joker""}",DJ Genki vs Gram,single,,1579478401,1,default,,,,BYD,,,,assets/songs/dl_einherjar/1080_base.jpg,cf26c12ce31719ec754c4a7cd7aec8a9504ea4595a7afa29a45b17a97e17826a,2,assets/songs/dl_einherjar/1080_base.jpg;assets/songs/dl_einherjar/1080_base_256.jpg,c2b58dcad54203645057a859524789f59cfd5ca13613b610d04ad087b58aac90,384;768,384;768,image/jpeg,0d798717c6b36c7efb33d3d0a32501d7bbda6309c93d7c36217ab2899b2ee985;cf26c12ce31719ec754c4a7cd7aec8a9504ea4595a7afa29a45b17a97e17826a,true,original object SHA-256=cf26c12ce31719ec754c4a7cd7aec8a9504ea4595a7afa29a45b17a97e17826a equals APK image SHA; legacy filename IDX=147 maps to songlist.idx,confirmed,01a00090-fce2-7566-93bd-cd3efd067012,01a00090-fce2-7c91-86c8-b09d2908c476,covered,confirmed
arcaea:einherjar:difficulty:BYD,einherjar,147,Einherjar Joker,"{""en"":""Einherjar Joker""}",DJ Genki vs Gram,single,,1579478401,1,difficulty-specific,BYD,3,True,BYD,,,,assets/songs/dl_einherjar/1080_3.jpg,07ac63328de1c8e4a5498a2cc5f53828c0f5298060a88af463fc5ae242fb6f77,2,assets/songs/dl_einherjar/1080_3.jpg;assets/songs/dl_einherjar/1080_3_256.jpg,c2b58dcad54203645057a859524789f59cfd5ca13613b610d04ad087b58aac90,384;768,384;768,image/jpeg,07ac63328de1c8e4a5498a2cc5f53828c0f5298060a88af463fc5ae242fb6f77;fd80de40409b932965d1a9cd2512e745896dd1250d64999d584191c0083e95aa,true,original object SHA-256=07ac63328de1c8e4a5498a2cc5f53828c0f5298060a88af463fc5ae242fb6f77 equals APK image SHA; legacy filename IDX=147 maps to songlist.idx,confirmed,01a00090-fbce-76b9-93fc-425e426f92f8,01a00090-fbcf-7202-8965-b64dbde1a46a,covered,confirmed
arcaea:empireofwinter:default,empireofwinter,105,Empire of Winter,"{""en"":""Empire of Winter""}",Street,single,,1545523200,0,default,,,,,,,,assets/songs/dl_empireofwinter/1080_base.jpg,1f6b45c0b8974c0246fd10e9f6674f0953dae08f9c22e828a2894a14d160981e,2,assets/songs/dl_empireofwinter/1080_base.jpg;assets/songs/dl_empireofwinter/1080_base_256.jpg,c2b58dcad54203645057a859524789f59cfd5ca13613b610d04ad087b58aac90,384;768,384;768,image/jpeg,1f6b45c0b8974c0246fd10e9f6674f0953dae08f9c22e828a2894a14d160981e;5735626c43d1e0910fce471dd369107443b61483b1a0c0bfadc4c801dbfe2f43,true,original object SHA-256=1f6b45c0b8974c0246fd10e9f6674f0953dae08f9c22e828a2894a14d160981e equals APK image SHA; legacy filename IDX=105 maps to songlist.idx,confirmed,01a00090-fde5-7f24-b393-be78a5f1056e,01a00090-fde5-7e08-b683-64daefea3de9,covered,confirmed
arcaea:enchantedlove:default,enchantedlove,204,enchanted love,"{""en"":""enchanted love""}",linear ring,extend,,1613001600,0,default,,,,,,,,assets/songs/dl_enchantedlove/1080_base.jpg,ecef9049c5e40837160b647c789a3ac336c4924d145ca72410bc11cd87fcd8d1,2,assets/songs/dl_enchantedlove/1080_base.jpg;assets/songs/dl_enchantedlove/1080_base_256.jpg,c2b58dcad54203645057a859524789f59cfd5ca13613b610d04ad087b58aac90,384;768,384;768,image/jpeg,56e5e3b57e54fc1d102525a32472beaa21c43c15abdcf7080ae00161ebf016ef;ecef9049c5e40837160b647c789a3ac336c4924d145ca72410bc11cd87fcd8d1,true,original object SHA-256=ecef9049c5e40837160b647c789a3ac336c4924d145ca72410bc11cd87fcd8d1 equals APK image SHA; legacy filename IDX=204 maps to songlist.idx,confirmed,01a00090-fefc-7eea-9b9d-7a8c1606b04f,01a00090-fefc-7c8b-a981-6a4e92950b10,covered,confirmed
arcaea:endmoonlight:default,endmoonlight,459,End of The Moonlight,"{""en"":""End of The Moonlight""}",Forte Escape,djmax,,1747872003,1,default,,,,,,,,assets/songs/dl_endmoonlight/1080_base.jpg,1cc3bbb8561de9b780895fbf768c0797c8e1d7c004b6a21cecabfd56b7bd1d4d,2,assets/songs/dl_endmoonlight/1080_base.jpg;assets/songs/dl_endmoonlight/1080_base_256.jpg,c2b58dcad54203645057a859524789f59cfd5ca13613b610d04ad087b58aac90,384;768,384;768,image/jpeg,1cc3bbb8561de9b780895fbf768c0797c8e1d7c004b6a21cecabfd56b7bd1d4d;d1141cefe6dc71daf4fc07ecce0675de40b41791811d9b910bac0cd664edba65,true,original object SHA-256=1cc3bbb8561de9b780895fbf768c0797c8e1d7c004b6a21cecabfd56b7bd1d4d equals APK image SHA; legacy filename IDX=459 maps to songlist.idx,confirmed,01a00090-ffb2-774f-ac7e-92af80bf5d2c,01a00090-ffb2-7edb-99c4-dd751ff8299e,covered,confirmed
arcaea:energysynergymatrix:default,energysynergymatrix,235,ENERGY SYNERGY MATRIX,"{""en"":""ENERGY SYNERGY MATRIX""}",Tanchiky,extend,,1631059200,1,default,,,,,,,,assets/songs/dl_energysynergymatrix/1080_base.jpg,a35af40f9af97055d330d2ff72428304111559768c04c6fa6dd02c28f4e33ba2,2,assets/songs/dl_energysynergymatrix/1080_base.jpg;assets/songs/dl_energysynergymatrix/1080_base_256.jpg,c2b58dcad54203645057a859524789f59cfd5ca13613b610d04ad087b58aac90,384;768,384;768,image/jpeg,4d2757d9efdb99550fa6fa4d4ecac17c3bea8f213dae7cfb6e132f1b6a63936b;a35af40f9af97055d330d2ff72428304111559768c04c6fa6dd02c28f4e33ba2,true,original object SHA-256=a35af40f9af97055d330d2ff72428304111559768c04c6fa6dd02c28f4e33ba2 equals APK image SHA; legacy filename IDX=235 maps to songlist.idx,confirmed,01a00091-009f-7837-9e85-3f635ac684be,01a00091-009f-7485-8b63-c1028615fc7b,covered,confirmed
arcaea:epicurus:default,epicurus,390,Hidden Rainbows of Epicurus,"{""en"":""Hidden Rainbows of Epicurus"",""ja"":""エピクロスの虹はもう見えない""}",SYNC.ART'S feat.Misato,base,,1717027200,0,default,,,,,,,,assets/songs/epicurus/1080_base.jpg,5659373c6d03174c0fadefb98a7ed6d5e6bbfaf87df891416d4f24abdda800c7,2,assets/songs/epicurus/1080_base.jpg;assets/songs/epicurus/1080_base_256.jpg,c2b58dcad54203645057a859524789f59cfd5ca13613b610d04ad087b58aac90,384;768,384;768,image/jpeg,4970727325139c8d38b9aa85c8fa7ef53e108df840db6f182b5a7cf6059b104a;5659373c6d03174c0fadefb98a7ed6d5e6bbfaf87df891416d4f24abdda800c7,true,original object SHA-256=5659373c6d03174c0fadefb98a7ed6d5e6bbfaf87df891416d4f24abdda800c7 equals APK image SHA; legacy filename IDX=390 maps to songlist.idx,confirmed,01a00092-7408-755d-9e09-0cf7f30eeac4,01a00092-7408-73de-a0a9-197a7933637c,covered,confirmed
arcaea:epitaxy:default,epitaxy,407,epitaxy,"{""en"":""epitaxy""}",Camellia,extend_3,,1724889600,0,default,,,,,,,,assets/songs/dl_epitaxy/1080_base.jpg,fc3a941d860cbbb056d3bf9cc3376d279137c6ed16a086603a9b6f3ac335daa2,2,assets/songs/dl_epitaxy/1080_base.jpg;assets/songs/dl_epitaxy/1080_base_256.jpg,c2b58dcad54203645057a859524789f59cfd5ca13613b610d04ad087b58aac90,384;768,384;768,image/jpeg,fa74542c1bdc88565dadf9c8eeab4d5f35a3f2b90b1f33e1f6450260802dd4b9;fc3a941d860cbbb056d3bf9cc3376d279137c6ed16a086603a9b6f3ac335daa2,true,original object SHA-256=fc3a941d860cbbb056d3bf9cc3376d279137c6ed16a086603a9b6f3ac335daa2 equals APK image SHA; legacy filename IDX=407 maps to songlist.idx,confirmed,01a00091-019b-72b0-a3e3-e109f6a98491,01a00091-019b-7574-b0b3-e0765411cbff,covered,confirmed
arcaea:equilibrium:default,equilibrium,155,Equilibrium,"{""en"":""Equilibrium""}",Maozon,vs,,1590537600,0,default,,,,,,,,assets/songs/dl_equilibrium/1080_base.jpg,6a2d833ed2b34df3d0f126404e6aaa1ca0923d59964f2fc4b78ad97f3eaa1295,2,assets/songs/dl_equilibrium/1080_base.jpg;assets/songs/dl_equilibrium/1080_base_256.jpg,c2b58dcad54203645057a859524789f59cfd5ca13613b610d04ad087b58aac90,384;768,384;768,image/jpeg,6a2d833ed2b34df3d0f126404e6aaa1ca0923d59964f2fc4b78ad97f3eaa1295;b1028c446313d1e1c1f6ade4c99a0b84c6e6ade75d64b7bf1552c9e4c0bbc80e,true,original object SHA-256=6a2d833ed2b34df3d0f126404e6aaa1ca0923d59964f2fc4b78ad97f3eaa1295 equals APK image SHA; legacy filename IDX=155 maps to songlist.idx,confirmed,01a00091-028b-7ad6-8d87-a4f6f25481ab,01a00091-028b-79b5-a70a-b22ec3426280,covered,confirmed
arcaea:espebranch:default,espebranch,94,LunarOrbit -believe in the Espebranch road-,"{""ja"":""白道、多希望羊と信じありく。"",""en"":""LunarOrbit -believe in the Espebranch road-""}",Apo11o program ft. 大瀬良あい,base,,1535673600,1,default,,,,,,,,assets/songs/dl_espebranch/1080_base.jpg,4eba0b4948e81389d36a7a8e44d81796b1ae02d989ce05a9796fa31af0e5c541,2,assets/songs/dl_espebranch/1080_base.jpg;assets/songs/dl_espebranch/1080_base_256.jpg,c2b58dcad54203645057a859524789f59cfd5ca13613b610d04ad087b58aac90,384;768,384;768,image/jpeg,4eba0b4948e81389d36a7a8e44d81796b1ae02d989ce05a9796fa31af0e5c541;c9a0a60722815d03f65b97fd8f8ac641d1a132833a9f7ca6d2d922a8eccc1561,true,original object SHA-256=4eba0b4948e81389d36a7a8e44d81796b1ae02d989ce05a9796fa31af0e5c541 equals APK image SHA; legacy filename IDX=94 maps to songlist.idx,confirmed,01a00090-3627-7c2f-9820-e12909a8bf17,01a00090-3627-7cd1-acd6-bb6cd94689bf,covered,confirmed
arcaea:essenceoftwilight:default,essenceoftwilight,14,Essence of Twilight,"{""en"":""Essence of Twilight""}",ak+q,core,,1487980816,1,default,,,,,,,,assets/songs/dl_essenceoftwilight/base.jpg,c87b336212e5d1650d433e97157a7c6d13b7bddc442543dadf34ea2d2451a5a0,2,assets/songs/dl_essenceoftwilight/base.jpg;assets/songs/dl_essenceoftwilight/base_256.jpg,c2b58dcad54203645057a859524789f59cfd5ca13613b610d04ad087b58aac90,256;512,256;512,image/jpeg,46f70df37426265e707293d7831cf51eecadb00cb195973a8847a88212667a33;c87b336212e5d1650d433e97157a7c6d13b7bddc442543dadf34ea2d2451a5a0,true,original object SHA-256=c87b336212e5d1650d433e97157a7c6d13b7bddc442543dadf34ea2d2451a5a0 equals APK image SHA; legacy filename IDX=14 maps to songlist.idx,confirmed,01a00091-0394-7abd-870f-fa9edf42c994,01a00091-0394-77d4-a2d2-3762e066ca0d,covered,confirmed
arcaea:eternitybreak:default,eternitybreak,485,Eternity Break,"{""en"":""Eternity Break""}",Puru,single,,1758758400,1,default,,,,,,,,assets/songs/dl_eternitybreak/1080_base.jpg,d406ddf5bc77b08f6af51ec8d880ce3460b06b77fd6245d61bd2c8beb5075ef6,2,assets/songs/dl_eternitybreak/1080_base.jpg;assets/songs/dl_eternitybreak/1080_base_256.jpg,c2b58dcad54203645057a859524789f59cfd5ca13613b610d04ad087b58aac90,384;768,384;768,image/jpeg,9bbfd1032b6ae99c1c2205da6b5ce67b58d9c61b60fccf5e0b8f4ef88340c42c;d406ddf5bc77b08f6af51ec8d880ce3460b06b77fd6245d61bd2c8beb5075ef6,true,original object SHA-256=d406ddf5bc77b08f6af51ec8d880ce3460b06b77fd6245d61bd2c8beb5075ef6 equals APK image SHA; legacy filename IDX=485 maps to songlist.idx,confirmed,01a00091-044e-7a96-9101-e259de74587f,01a00091-044e-7b63-bc37-4479f132149f,covered,confirmed
arcaea:etherstrike:default,etherstrike,86,Ether Strike,"{""en"":""Ether Strike""}",Akira Complex,rei,,1531699207,0,default,,,,,,,,assets/songs/dl_etherstrike/1080_base.jpg,7c38bc5b7d24aa26feed497ad7ddbe914c4a59af29f1d2d0749949edb58426ac,2,assets/songs/dl_etherstrike/1080_base.jpg;assets/songs/dl_etherstrike/1080_base_256.jpg,c2b58dcad54203645057a859524789f59cfd5ca13613b610d04ad087b58aac90,384;768,384;768,image/jpeg,7c38bc5b7d24aa26feed497ad7ddbe914c4a59af29f1d2d0749949edb58426ac;816fc715507c35cc4d4e3b7922e03169805a52fb68a7e556e3c6a4cf326c2160,true,original object SHA-256=7c38bc5b7d24aa26feed497ad7ddbe914c4a59af29f1d2d0749949edb58426ac equals APK image SHA; legacy filename IDX=86 maps to songlist.idx,confirmed,01a00091-0544-74d3-a519-3924e6af17f9,01a00091-0544-79c7-b175-38d4c5c7231f,covered,confirmed
arcaea:eveninginscarlet:default,eveninginscarlet,233,Evening in Scarlet,"{""en"":""Evening in Scarlet"",""ja"":""緋纏いの宵""}",Freezer feat.妃苺,single,,1629849600,1,default,,,,,,,,assets/songs/dl_eveninginscarlet/1080_base.jpg,47bcb24a5fcd4685ada2777473b14f5f4a2bbbb6dec2f6a69ac644e748b950ff,2,assets/songs/dl_eveninginscarlet/1080_base.jpg;assets/songs/dl_eveninginscarlet/1080_base_256.jpg,c2b58dcad54203645057a859524789f59cfd5ca13613b610d04ad087b58aac90,384;768,384;768,image/jpeg,47bcb24a5fcd4685ada2777473b14f5f4a2bbbb6dec2f6a69ac644e748b950ff;c142855a48ea244ec211480e369005c7a805497882f23d402bfb4219b090f62b,true,original object SHA-256=47bcb24a5fcd4685ada2777473b14f5f4a2bbbb6dec2f6a69ac644e748b950ff equals APK image SHA; legacy filename IDX=233 maps to songlist.idx,confirmed,01a00090-3f51-7122-b0bf-98aee256d818,01a00090-3f51-7bc3-a2e3-157152dcd16a,covered,confirmed
arcaea:evoltex:default,evoltex,36,Evoltex (poppi'n mix),"{""en"":""Evoltex (poppi'n mix)""}",Arch vs n3pu,dynamix,,1498176003,0,default,,,,,,,,assets/songs/dl_evoltex/1080_base.jpg,0ca6624fea846baf63375b33011b996571dbca55e2937c17eb5e0f740b1f05e8,2,assets/songs/dl_evoltex/1080_base.jpg;assets/songs/dl_evoltex/1080_base_256.jpg,c2b58dcad54203645057a859524789f59cfd5ca13613b610d04ad087b58aac90,384;768,384;768,image/jpeg,0ca6624fea846baf63375b33011b996571dbca55e2937c17eb5e0f740b1f05e8;df62f15e5260a94f754ad7dcb7ec186e41c4f620ef89b87c6aeb454adad38a38,true,original object SHA-256=0ca6624fea846baf63375b33011b996571dbca55e2937c17eb5e0f740b1f05e8 equals APK image SHA; legacy filename IDX=36 maps to songlist.idx,confirmed,01a00091-0651-7992-a2ad-95a2208414c3,01a00091-0651-7b9c-a261-f094256ae182,covered,confirmed
arcaea:extradimensional:default,extradimensional,477,Extradimensional Cosmic Phenomenon,"{""en"":""Extradimensional Cosmic Phenomenon"",""ja"":""多次元宇宙融合論""}",TAKIO feat. つぐ,anima,,1753315205,1,default,,,,,,,,assets/songs/dl_extradimensional/1080_base.jpg,e896b8315991d1fc312494d1bc504166d84971f8012a50a8344532bacf73c195,2,assets/songs/dl_extradimensional/1080_base.jpg;assets/songs/dl_extradimensional/1080_base_256.jpg,c2b58dcad54203645057a859524789f59cfd5ca13613b610d04ad087b58aac90,384;768,384;768,image/jpeg,dc5533884d6f760e6df469896372c8a1ad60150ece44de6a96ac8ecc59c706db;e896b8315991d1fc312494d1bc504166d84971f8012a50a8344532bacf73c195,true,original object SHA-256=e896b8315991d1fc312494d1bc504166d84971f8012a50a8344532bacf73c195 equals APK image SHA; legacy filename IDX=477 maps to songlist.idx,confirmed,01a00090-3ced-789c-861f-395b71a39ad4,01a00090-3ced-7081-bc43-8ffe7668bef5,covered,confirmed
arcaea:factorder:default,factorder,479,Factorder,"{""en"":""Factorder""}",瀬名 feat. 梨雛,anima_append_1,,1755734401,1,default,,,,,,,,assets/songs/dl_factorder/1080_base.jpg,3662be43b097fafb7d4a9b12f9ea1cec60338245b7e6e4f2b71f3bf6107a61f7,2,assets/songs/dl_factorder/1080_base.jpg;assets/songs/dl_factorder/1080_base_256.jpg,c2b58dcad54203645057a859524789f59cfd5ca13613b610d04ad087b58aac90,384;768,384;768,image/jpeg,3662be43b097fafb7d4a9b12f9ea1cec60338245b7e6e4f2b71f3bf6107a61f7;f4dad4023a5fdc3e4f65a4edd6b3de210608be054a388ad0b9281d9a54361695,true,original object SHA-256=3662be43b097fafb7d4a9b12f9ea1cec60338245b7e6e4f2b71f3bf6107a61f7 equals APK image SHA; legacy filename IDX=479 maps to songlist.idx,confirmed,01a00091-0789-7fdd-b559-e3d214551a81,01a00091-0789-7923-b437-2e9a1716e1b3,covered,confirmed
arcaea:faintlight:default,faintlight,169,Faint Light (Arcaea Edit),"{""en"":""Faint Light (Arcaea Edit)""}",Taishi,extend,,1594166400,0,default,,,,,,,,assets/songs/dl_faintlight/1080_base.jpg,1b5894f886141c9990d7d1de69a6187a1eb9baebde7f751623f2be18225ac59e,2,assets/songs/dl_faintlight/1080_base.jpg;assets/songs/dl_faintlight/1080_base_256.jpg,c2b58dcad54203645057a859524789f59cfd5ca13613b610d04ad087b58aac90,384;768,384;768,image/jpeg,1b5894f886141c9990d7d1de69a6187a1eb9baebde7f751623f2be18225ac59e;90495acf321ba5cc4ac2764bdc95ff7ffe8af9a2460c62139f2ba4f7bb6cb546,true,original object SHA-256=1b5894f886141c9990d7d1de69a6187a1eb9baebde7f751623f2be18225ac59e equals APK image SHA; legacy filename IDX=169 maps to songlist.idx,confirmed,01a00091-08af-7919-b31c-6a476efe3efb,01a00091-08af-73b3-b72c-0989bb8058ea,covered,confirmed
arcaea:fairytale:default,fairytale,6,Fairytale,"{""en"":""Fairytale""}",chitose,base,,1487980801,0,default,,,,BYD,,,,assets/songs/fairytale/1080_base.jpg,17cd6bb5b797dfb12f89e451a8944d91b8d3588653fa289ad80d9c55e868c7b5,2,assets/songs/fairytale/1080_base.jpg;assets/songs/fairytale/1080_base_256.jpg,c2b58dcad54203645057a859524789f59cfd5ca13613b610d04ad087b58aac90,384;768,384;768,image/jpeg,07b38f0d867b248cb7e9c23f1d4ba23b4048b9791925696e33c5c0275d221855;17cd6bb5b797dfb12f89e451a8944d91b8d3588653fa289ad80d9c55e868c7b5,true,original object SHA-256=17cd6bb5b797dfb12f89e451a8944d91b8d3588653fa289ad80d9c55e868c7b5 equals APK image SHA; legacy filename IDX=6 maps to songlist.idx,confirmed,01a00091-0a8b-7668-8cfa-b5c9792acb06,01a00091-0a8b-73b8-9678-86d32e62b215,covered,confirmed
arcaea:fairytale:difficulty:BYD,fairytale,6,Fairytale,"{""en"":""Fairytale""}",chitose,base,,1487980801,0,difficulty-specific,BYD,3,True,BYD,,,,assets/songs/fairytale/1080_3.jpg,78e5eaeab6f7b2dd83b64794e62629dd828d55992a7da99bb8eb12ad1ec6cf65,2,assets/songs/fairytale/1080_3.jpg;assets/songs/fairytale/1080_3_256.jpg,c2b58dcad54203645057a859524789f59cfd5ca13613b610d04ad087b58aac90,384;768,384;768,image/jpeg,78e5eaeab6f7b2dd83b64794e62629dd828d55992a7da99bb8eb12ad1ec6cf65;b65b8d7b26a3309c412fbc547e850221675c987a71f17aa061725b5543f9c3b6,true,original object SHA-256=78e5eaeab6f7b2dd83b64794e62629dd828d55992a7da99bb8eb12ad1ec6cf65 equals APK image SHA; legacy filename IDX=6 maps to songlist.idx,confirmed,01a00091-099a-7eec-90ef-7ca1351bc6db,01a00091-099a-735f-a19b-acd286f2b9ff,covered,confirmed
arcaea:fallensquare:default,fallensquare,92,Fallensquare,"{""en"":""Fallensquare""}",Silentroom,single,,1533859202,1,default,,,,,,,,assets/songs/dl_fallensquare/1080_base.jpg,27f8564a5416d301c290d67bf627e3c0f5e8f7773808922cc2b74a31eace4fde,2,assets/songs/dl_fallensquare/1080_base.jpg;assets/songs/dl_fallensquare/1080_base_256.jpg,c2b58dcad54203645057a859524789f59cfd5ca13613b610d04ad087b58aac90,384;768,384;768,image/jpeg,27f8564a5416d301c290d67bf627e3c0f5e8f7773808922cc2b74a31eace4fde;656c4fdb7eadf09666ec05a7d8331bf62b73a20310399afe7ef9f663882859b7,true,original object SHA-256=27f8564a5416d301c290d67bf627e3c0f5e8f7773808922cc2b74a31eace4fde equals APK image SHA; legacy filename IDX=92 maps to songlist.idx,confirmed,01a00091-0b8a-7bdb-9221-5e3f7b254cd0,01a00091-0b8a-7753-a2d2-8dc6664495fd,covered,confirmed
arcaea:fantasy:default,fantasy,353,FANTA5Y,"{""en"":""FANTA5Y""}",Moon Jelly & YUKIYANAGI,extend_2,,1698278400,0,default,,,,,,,,assets/songs/dl_fantasy/1080_base.jpg,972b93b609d57969628e2eac52b9a1dc980692b92c2d2829534048f9d4fb80e8,2,assets/songs/dl_fantasy/1080_base.jpg;assets/songs/dl_fantasy/1080_base_256.jpg,c2b58dcad54203645057a859524789f59cfd5ca13613b610d04ad087b58aac90,384;768,384;768,image/jpeg,7fe9b9aa559719598ae11d8682491520f9e560643122ffaa417566bfb0afb8c8;972b93b609d57969628e2eac52b9a1dc980692b92c2d2829534048f9d4fb80e8,true,original object SHA-256=972b93b609d57969628e2eac52b9a1dc980692b92c2d2829534048f9d4fb80e8 equals APK image SHA; legacy filename IDX=353 maps to songlist.idx,confirmed,01a00091-0c66-7cfd-9048-327d1c93e314,01a00091-0c66-77cf-ac7d-fa426d0077d4,covered,confirmed
arcaea:farawaylight:default,farawaylight,211,Far Away Light,"{""en"":""Far Away Light""}",technoplanet feat. はるの & 黒沢ダイスケ,observer,,1620691202,0,default,,,,,,,,assets/songs/dl_farawaylight/1080_base.jpg,8f8de472943fc72fafc41d356b5aa593ee1bb59b81573cb1d5f5d0a1d9c6b69e,2,assets/songs/dl_farawaylight/1080_base.jpg;assets/songs/dl_farawaylight/1080_base_256.jpg,c2b58dcad54203645057a859524789f59cfd5ca13613b610d04ad087b58aac90,384;768,384;768,image/jpeg,6744eda86b5a355f1efdff29db010119b470a2189a2b478f2a411021f42fd4ba;8f8de472943fc72fafc41d356b5aa593ee1bb59b81573cb1d5f5d0a1d9c6b69e,true,original object SHA-256=8f8de472943fc72fafc41d356b5aa593ee1bb59b81573cb1d5f5d0a1d9c6b69e equals APK image SHA; legacy filename IDX=211 maps to songlist.idx,confirmed,01a00091-0d5b-702a-965e-af08bc4d03f3,01a00091-0d5b-71da-a123-aa292a23cf89,covered,confirmed
arcaea:feelssoright:default,feelssoright,170,Feels So Right feat. Renko,"{""en"":""Feels So Right feat. Renko""}",Mysteka,single,,1594166401,0,default,,,,,,,,assets/songs/dl_feelssoright/1080_base.jpg,60de200d18ab8df6d89c46a8dd9bf9f9f5361e8482d8db1cfcb020a8c47546da,2,assets/songs/dl_feelssoright/1080_base.jpg;assets/songs/dl_feelssoright/1080_base_256.jpg,c2b58dcad54203645057a859524789f59cfd5ca13613b610d04ad087b58aac90,384;768,384;768,image/jpeg,60de200d18ab8df6d89c46a8dd9bf9f9f5361e8482d8db1cfcb020a8c47546da;b4fa637cc91340c1dd79829bf62e7163a421f16beca72f11f944663b360f64f8,true,original object SHA-256=60de200d18ab8df6d89c46a8dd9bf9f9f5361e8482d8db1cfcb020a8c47546da equals APK image SHA; legacy filename IDX=170 maps to songlist.idx,confirmed,01a00091-0e75-71b6-b189-e08133afa147,01a00091-0e75-78d8-8dc1-8ec06c5841de,covered,confirmed
arcaea:felis:default,felis,187,Felis,"{""en"":""Felis""}",M2U,alice,,1606953604,0,default,,,,,,,,assets/songs/dl_felis/1080_base.jpg,3224b4dfc36cf81be925e861b56eba55a4140c3fa5dc5beb50905aa09794938d,2,assets/songs/dl_felis/1080_base.jpg;assets/songs/dl_felis/1080_base_256.jpg,c2b58dcad54203645057a859524789f59cfd5ca13613b610d04ad087b58aac90,384;768,384;768,image/jpeg,1cee97c88a09a89a3df9b9af1d3329977565053bcf9c81ee37880f582aa3947c;3224b4dfc36cf81be925e861b56eba55a4140c3fa5dc5beb50905aa09794938d,true,original object SHA-256=3224b4dfc36cf81be925e861b56eba55a4140c3fa5dc5beb50905aa09794938d equals APK image SHA; legacy filename IDX=187 maps to songlist.idx,confirmed,01a00091-0f41-7f70-b43c-c3651a518220,01a00091-0f41-7c74-8edc-70db9ead879b,covered,confirmed
arcaea:felys:default,felys,365,felys final remix,"{""en"":""felys final remix""}",onoken,extend_2,,1703116801,1,default,,,,,,,,assets/songs/dl_felys/1080_base.jpg,94e0166d9e9cd46c36bb7bea8f6362fbfeae35b610ab806847367c09e0d10f33,2,assets/songs/dl_felys/1080_base.jpg;assets/songs/dl_felys/1080_base_256.jpg,c2b58dcad54203645057a859524789f59cfd5ca13613b610d04ad087b58aac90,384;768,384;768,image/jpeg,6894d04d6f39eb424291d95cc6f591b4b3445dff754c3ee7939e24b47ef6bfef;94e0166d9e9cd46c36bb7bea8f6362fbfeae35b610ab806847367c09e0d10f33,true,original object SHA-256=94e0166d9e9cd46c36bb7bea8f6362fbfeae35b610ab806847367c09e0d10f33 equals APK image SHA; legacy filename IDX=365 maps to songlist.idx,confirmed,01a00091-105f-70c3-be79-b4ee39f1b610,01a00091-105f-7e36-a4ff-c8cb333833cc,covered,confirmed
arcaea:filament:default,filament,143,Filament,"{""en"":""Filament""}",Puru,single,,1574726400,0,default,,,,,,,,assets/songs/dl_filament/1080_base.jpg,70fafaa5ede27043d3cd3233be1cbc8dfb0d5dee2bac34d4facf5b5d66feac49,2,assets/songs/dl_filament/1080_base.jpg;assets/songs/dl_filament/1080_base_256.jpg,c2b58dcad54203645057a859524789f59cfd5ca13613b610d04ad087b58aac90,384;768,384;768,image/jpeg,6aa7d3e6bcab922cbfc0e4c7fb5645f587a5bef373ead679a16620427468b8af;70fafaa5ede27043d3cd3233be1cbc8dfb0d5dee2bac34d4facf5b5d66feac49,true,original object SHA-256=70fafaa5ede27043d3cd3233be1cbc8dfb0d5dee2bac34d4facf5b5d66feac49 equals APK image SHA; legacy filename IDX=143 maps to songlist.idx,confirmed,01a00091-114e-75a6-b7e4-729cc436d72d,01a00091-114e-7ffb-9e67-e2b004521b29,covered,confirmed
arcaea:finalstep:default,finalstep,250,Final Step!,"{""en"":""Final Step!""}",Lime,musedash,,1640304000,1,default,,,,,,,,assets/songs/dl_finalstep/1080_base.jpg,9d3b9d538d8bc68dddadbdcdfff2c621c60d0c236954c64fc6f2773aabd2c56d,2,assets/songs/dl_finalstep/1080_base.jpg;assets/songs/dl_finalstep/1080_base_256.jpg,c2b58dcad54203645057a859524789f59cfd5ca13613b610d04ad087b58aac90,384;768,384;768,image/jpeg,50a3b05a15c9914a6e82748c936d4c7b43498821da0ee167f3614d2428d2c317;9d3b9d538d8bc68dddadbdcdfff2c621c60d0c236954c64fc6f2773aabd2c56d,true,original object SHA-256=9d3b9d538d8bc68dddadbdcdfff2c621c60d0c236954c64fc6f2773aabd2c56d equals APK image SHA; legacy filename IDX=250 maps to songlist.idx,confirmed,01a00091-1257-7d1d-855e-5a5278c76005,01a00091-1257-7e6f-ba98-6f0d89ebc0cf,covered,confirmed
arcaea:firstsnow:default,firstsnow,244,First Snow,"{""en"":""First Snow""}",黒魔,dividedheart,,1639008000,0,default,,,,,,,,assets/songs/dl_firstsnow/1080_base.jpg,b3e03a61d62db6d29d8005d643b9c88b8fc6deaeb1d3f9e41019fb2c021ffc5f,2,assets/songs/dl_firstsnow/1080_base.jpg;assets/songs/dl_firstsnow/1080_base_256.jpg,c2b58dcad54203645057a859524789f59cfd5ca13613b610d04ad087b58aac90,384;768,384;768,image/jpeg,b21e7e938bd70f847f6e6d54027f8bf1757275b130b24965b740207eaaf22e6b;b3e03a61d62db6d29d8005d643b9c88b8fc6deaeb1d3f9e41019fb2c021ffc5f,true,original object SHA-256=b3e03a61d62db6d29d8005d643b9c88b8fc6deaeb1d3f9e41019fb2c021ffc5f equals APK image SHA; legacy filename IDX=244 maps to songlist.idx,confirmed,01a00091-133d-7b79-a4bc-0ca4558c3a55,01a00091-133d-76af-b234-265c57743fd6,covered,confirmed
arcaea:flashback:default,flashback,24,Flashback,"{""en"":""Flashback""}",ARForest,shiawase,,1494547202,0,default,,,,,,,,assets/songs/dl_flashback/1080_base.jpg,9bd223dfc41ff3c8c129ae7869566f1197c4d1cc4c56ca99ef408fc5b4bbb7c8,2,assets/songs/dl_flashback/1080_base.jpg;assets/songs/dl_flashback/1080_base_256.jpg,c2b58dcad54203645057a859524789f59cfd5ca13613b610d04ad087b58aac90,384;768,384;768,image/jpeg,9bd223dfc41ff3c8c129ae7869566f1197c4d1cc4c56ca99ef408fc5b4bbb7c8;ece034113bb0948bf46538d5bb50ddd4d53d3e35fbbbb81285749990b11dfbdc,true,original object SHA-256=9bd223dfc41ff3c8c129ae7869566f1197c4d1cc4c56ca99ef408fc5b4bbb7c8 equals APK image SHA; legacy filename IDX=24 maps to songlist.idx,confirmed,01a00091-1460-77b2-85b3-e7586d54a942,01a00091-1460-7373-bae9-888c4df15fa8,covered,confirmed
arcaea:flexidefine:default,flexidefine,533,flexidefine,"{""en"":""flexidefine""}",Lamanya,extend_4,,1779926401,1,default,,,,,,,,assets/songs/dl_flexidefine/1080_base.jpg,f12f3b694a133d0e3ca9d23401a70da2c9282b904bb5a42007b8eb8dccd7c194,2,assets/songs/dl_flexidefine/1080_base.jpg;assets/songs/dl_flexidefine/1080_base_256.jpg,c2b58dcad54203645057a859524789f59cfd5ca13613b610d04ad087b58aac90,384;768,384;768,image/jpeg,86f26bd8c42665e3f43eab231dbd04f835baa691b9a93436e53379faf34f9125;f12f3b694a133d0e3ca9d23401a70da2c9282b904bb5a42007b8eb8dccd7c194,true,Current song-linked semantic slot has no Catalog Resource match,unknown,,,missing-from-catalog,unmatched
arcaea:floatingworld:default,floatingworld,387,Floating World,"{""en"":""Floating World""}",baker feat. botan,single,,1714003202,0,default,,,,,,,,assets/songs/dl_floatingworld/1080_base.jpg,9696d6cb15b627c384313aeeacc1eb42b015e93e4f4226dfdd4efb8f1e085564,2,assets/songs/dl_floatingworld/1080_base.jpg;assets/songs/dl_floatingworld/1080_base_256.jpg,c2b58dcad54203645057a859524789f59cfd5ca13613b610d04ad087b58aac90,384;768,384;768,image/jpeg,9696d6cb15b627c384313aeeacc1eb42b015e93e4f4226dfdd4efb8f1e085564;fb22c7bc819823e8a1b00262c1f161333f58780176da98bfd905ace1a28e490b,true,original object SHA-256=9696d6cb15b627c384313aeeacc1eb42b015e93e4f4226dfdd4efb8f1e085564 equals APK image SHA; legacy filename IDX=387 maps to songlist.idx,confirmed,01a00091-153b-7702-a3d4-6ee0305c65ec,01a00091-153b-7be0-b593-3cf2fa296e2c,covered,confirmed
arcaea:fluffyflash:default,fluffyflash,287,FLUFFY FLASH,"{""en"":""FLUFFY FLASH""}",Kobaryo,ongeki_append_1,,1664409602,0,default,,,,,,,,assets/songs/dl_fluffyflash/base.jpg,72c28e8bdd94fa980420464d3086e71eaff7fd4d7da2b948444b2fdc1af976ca,2,assets/songs/dl_fluffyflash/base.jpg;assets/songs/dl_fluffyflash/base_256.jpg,c2b58dcad54203645057a859524789f59cfd5ca13613b610d04ad087b58aac90,256;512,256;512,image/jpeg,72c28e8bdd94fa980420464d3086e71eaff7fd4d7da2b948444b2fdc1af976ca;df48190d239194fae5b8b44d15806b23524cf49c4e51b5f0ba55d43d664677ab,true,original object SHA-256=72c28e8bdd94fa980420464d3086e71eaff7fd4d7da2b948444b2fdc1af976ca equals APK image SHA; legacy filename IDX=287 maps to songlist.idx,confirmed,01a00091-1623-7dc0-8330-fa732073bec1,01a00091-1623-7e3b-9a42-154a5886813a,covered,confirmed
arcaea:flyburg:default,flyburg,25,Flyburg and Endroll,"{""en"":""Flyburg and Endroll"",""ja"":""フライブルクとエンドロウル""}",アリスシャッハと魔法の楽団,shiawase,,1494547203,0,default,,,,,,,,assets/songs/dl_flyburg/1080_base.jpg,0530871286f1af339a76ba8347b7ae380cea37a07c84d4409e481747768685cc,2,assets/songs/dl_flyburg/1080_base.jpg;assets/songs/dl_flyburg/1080_base_256.jpg,c2b58dcad54203645057a859524789f59cfd5ca13613b610d04ad087b58aac90,384;768,384;768,image/jpeg,0530871286f1af339a76ba8347b7ae380cea37a07c84d4409e481747768685cc;762318f9478fa085178824a505d70e0c8c54c60510a197b8dfbbef857254e265,true,original object SHA-256=0530871286f1af339a76ba8347b7ae380cea37a07c84d4409e481747768685cc equals APK image SHA; legacy filename IDX=25 maps to songlist.idx,confirmed,01a00092-806a-7cf1-82fc-782f4e85dbc0,01a00092-806a-7686-ba3d-c0972ba2b8bd,covered,confirmed
arcaea:fractureray:default,fractureray,87,Fracture Ray,"{""en"":""Fracture Ray""}",Sakuzyo,rei,,1531699208,0,default,,,,,,,,assets/songs/dl_fractureray/1080_base.jpg,f58a1953c0caea63829d0b3e6c654ee650d9b5e705b4d257255058e4146ee661,2,assets/songs/dl_fractureray/1080_base.jpg;assets/songs/dl_fractureray/1080_base_256.jpg,c2b58dcad54203645057a859524789f59cfd5ca13613b610d04ad087b58aac90,384;768,384;768,image/jpeg,76138db350d5a79ac78a4a62d183fc7c72f1d0bd1f639267b0d041769e47e6b8;f58a1953c0caea63829d0b3e6c654ee650d9b5e705b4d257255058e4146ee661,true,original object SHA-256=f58a1953c0caea63829d0b3e6c654ee650d9b5e705b4d257255058e4146ee661 equals APK image SHA; legacy filename IDX=87 maps to songlist.idx,confirmed,01a00091-16f5-79bd-a6b0-0cb8e1799efb,01a00091-16f5-7d78-bc41-ffd20b65f850,covered,confirmed
arcaea:freefall:default,freefall,138,FREEF4LL,"{""en"":""FREEF4LL""}",YUKIYANAGI,base,,1570492801,1,default,,,,BYD,,,,assets/songs/dl_freefall/1080_base.jpg,725d25de07985fe24b64292679711ba09c1870592695e6016e484a2f56de8b1d,2,assets/songs/dl_freefall/1080_base.jpg;assets/songs/dl_freefall/1080_base_256.jpg,c2b58dcad54203645057a859524789f59cfd5ca13613b610d04ad087b58aac90,384;768,384;768,image/jpeg,21363fd3a8a3a2713d975247a3779cbd37f916f98cf9a6540ee58d420bfd29c7;725d25de07985fe24b64292679711ba09c1870592695e6016e484a2f56de8b1d,true,original object SHA-256=725d25de07985fe24b64292679711ba09c1870592695e6016e484a2f56de8b1d equals APK image SHA; legacy filename IDX=138 maps to songlist.idx,confirmed,01a00091-1a49-73ae-bb7b-4a834fe580fe,01a00091-1a49-7d06-8399-b81e7b78f0ee,covered,confirmed
arcaea:freefall:difficulty:BYD,freefall,138,FREEF4LL,"{""en"":""FREEF4LL""}",YUKIYANAGI,base,,1570492801,1,difficulty-specific,BYD,3,True,BYD,,,,assets/songs/dl_freefall/1080_3.jpg,6900e6db825ecdf2085ead97d73d39fe3ca01c4f650a5d2e86e5d10003a11326,2,assets/songs/dl_freefall/1080_3.jpg;assets/songs/dl_freefall/1080_3_256.jpg,c2b58dcad54203645057a859524789f59cfd5ca13613b610d04ad087b58aac90,384;768,384;768,image/jpeg,05892c33827fc0fd17b9b316c38be101ab99b1a216af5ccdc99f64d69501c9cb;6900e6db825ecdf2085ead97d73d39fe3ca01c4f650a5d2e86e5d10003a11326,true,original object SHA-256=6900e6db825ecdf2085ead97d73d39fe3ca01c4f650a5d2e86e5d10003a11326 equals APK image SHA; legacy filename IDX=138 maps to songlist.idx,confirmed,01a00091-1925-76a8-9352-308e07c7322f,01a00091-1925-791c-aebf-159780ebaefc,covered,confirmed
arcaea:freemyself:default,freemyself,290,Free Myself,"{""en"":""Free Myself""}",lapix feat. mami,single,,1668038400,0,default,,,,,,,,assets/songs/dl_freemyself/1080_base.jpg,b142cd005a4ed3ef3b71e7aa17c3d0f7a2775359afeac7024e6b3121e1eabe22,2,assets/songs/dl_freemyself/1080_base.jpg;assets/songs/dl_freemyself/1080_base_256.jpg,c2b58dcad54203645057a859524789f59cfd5ca13613b610d04ad087b58aac90,384;768,384;768,image/jpeg,3ae0d8b575df05b3390d8bf30bba367c4d128a8738f410c26e1d3600851539aa;b142cd005a4ed3ef3b71e7aa17c3d0f7a2775359afeac7024e6b3121e1eabe22,true,original object SHA-256=b142cd005a4ed3ef3b71e7aa17c3d0f7a2775359afeac7024e6b3121e1eabe22 equals APK image SHA; legacy filename IDX=290 maps to songlist.idx,confirmed,01a00091-181f-734f-9758-28ff8ce066c4,01a00091-181f-70b4-8ffe-c7ad86dfa4a9,covered,confirmed
arcaea:furetemitai:default,furetemitai,416,FURETE-MITAI,"{""en"":""FURETE-MITAI"",""ja"":""フレテミタイ""}",みきとP,extend_3,,1727308802,0,default,,,,,,,,assets/songs/dl_furetemitai/1080_base.jpg,76d26df51745fa7004ea094790be859861268912dfc68ce7f1f2a78f7cd039c5,2,assets/songs/dl_furetemitai/1080_base.jpg;assets/songs/dl_furetemitai/1080_base_256.jpg,c2b58dcad54203645057a859524789f59cfd5ca13613b610d04ad087b58aac90,384;768,384;768,image/jpeg,25465d58a66841d2428c3a99188dfd7adfc5b009c34ee01cc67bb7f1e4e09af1;76d26df51745fa7004ea094790be859861268912dfc68ce7f1f2a78f7cd039c5,true,original object SHA-256=76d26df51745fa7004ea094790be859861268912dfc68ce7f1f2a78f7cd039c5 equals APK image SHA; legacy filename IDX=416 maps to songlist.idx,confirmed,01a00092-8354-7ab8-a0d8-9701f445454a,01a00092-8355-70d9-9303-a6d6fb068662,covered,confirmed
arcaea:galacticlove:default,galacticlove,318,Galactic Love,"{""en"":""Galactic Love""}",La prière,single,,1684972800,0,default,,,,,,,,assets/songs/dl_galacticlove/1080_base.jpg,24d9451505c685b29b16a47649d8545135080a20712ac6e1bb83a0b2e3c4fc0e,2,assets/songs/dl_galacticlove/1080_base.jpg;assets/songs/dl_galacticlove/1080_base_256.jpg,c2b58dcad54203645057a859524789f59cfd5ca13613b610d04ad087b58aac90,384;768,384;768,image/jpeg,24d9451505c685b29b16a47649d8545135080a20712ac6e1bb83a0b2e3c4fc0e;a8e1f186da93221e1c8788fb390f64c329368a81d90909950e26292f2f1e988a,true,original object SHA-256=24d9451505c685b29b16a47649d8545135080a20712ac6e1bb83a0b2e3c4fc0e equals APK image SHA; legacy filename IDX=318 maps to songlist.idx,confirmed,01a00091-1c30-7184-9fd2-d2aef02d91ab,01a00091-1c30-717c-9e73-3494e11798b7,covered,confirmed
arcaea:galaxyfriends:default,galaxyfriends,177,Galaxy Friends,"{""en"":""Galaxy Friends""}",Kobaryo,single,,1602028800,1,default,,,,,,,,assets/songs/dl_galaxyfriends/1080_base.jpg,249d233875438abfa67731534582b0ffda327babed2d99f016f742cc959b908c,2,assets/songs/dl_galaxyfriends/1080_base.jpg;assets/songs/dl_galaxyfriends/1080_base_256.jpg,c2b58dcad54203645057a859524789f59cfd5ca13613b610d04ad087b58aac90,384;768,384;768,image/jpeg,249d233875438abfa67731534582b0ffda327babed2d99f016f742cc959b908c;e6c5c5a4cf943fa96db2ffc49d8dd674a6f095108a333e4c1680be4098a14c80,true,original object SHA-256=249d233875438abfa67731534582b0ffda327babed2d99f016f742cc959b908c equals APK image SHA; legacy filename IDX=177 maps to songlist.idx,confirmed,01a00091-1d45-75e9-a84c-ea5ee3f48296,01a00091-1d45-7178-8b89-fc85ffa2ae8f,covered,confirmed
arcaea:garakuta:default,garakuta,123,Garakuta Doll Play,"{""en"":""Garakuta Doll Play""}",t+pazolite,chunithm,,1558573200,1,default,,,,,,,,assets/songs/dl_garakuta/1080_base.jpg,748229824b05ae15230f12f15610e05e683accf3b2c1ff6d3e49188905497629,2,assets/songs/dl_garakuta/1080_base.jpg;assets/songs/dl_garakuta/1080_base_256.jpg,c2b58dcad54203645057a859524789f59cfd5ca13613b610d04ad087b58aac90,384;768,384;768,image/jpeg,13a2ca4c13cbd74ceaaa2ee0eb5038cdb3666f11d3af8086a11db0b477f700d7;748229824b05ae15230f12f15610e05e683accf3b2c1ff6d3e49188905497629,true,original object SHA-256=748229824b05ae15230f12f15610e05e683accf3b2c1ff6d3e49188905497629 equals APK image SHA; legacy filename IDX=123 maps to songlist.idx,confirmed,01a00091-1e74-7527-b24a-a8a5693deb9d,01a00091-1e74-70d5-ad4b-406d2eebc889,covered,confirmed
arcaea:gekka:default,gekka,165,Gekka (Short Version),"{""en"":""Gekka (Short Version)""}",Nhato,extend,,1590537609,0,default,,,,,,,,assets/songs/dl_gekka/1080_base.jpg,abc66f55a4ecd917d0e7986a38d40c1680f3fbe8e73ce8999fa3261de25de89f,2,assets/songs/dl_gekka/1080_base.jpg;assets/songs/dl_gekka/1080_base_256.jpg,c2b58dcad54203645057a859524789f59cfd5ca13613b610d04ad087b58aac90,384;768,384;768,image/jpeg,952e20032cc0584904fd47d71714a152bbc9b1b5f323defbfa215935dadbf537;abc66f55a4ecd917d0e7986a38d40c1680f3fbe8e73ce8999fa3261de25de89f,true,original object SHA-256=abc66f55a4ecd917d0e7986a38d40c1680f3fbe8e73ce8999fa3261de25de89f equals APK image SHA; legacy filename IDX=165 maps to songlist.idx,confirmed,01a00091-1f93-7e0d-9829-2df81134d251,01a00091-1f93-71de-92d9-9dd676f9ca4c,covered,confirmed
arcaea:genesis:default,genesis,46,Genesis,"{""en"":""Genesis""}",Iris,mirai,,1502323204,1,default,,,,,,,,assets/songs/dl_genesis/1080_base.jpg,0d4f33a236e4cfa45bb41773d52abcb4499a336a472a1e2c45936a6561e73a1c,2,assets/songs/dl_genesis/1080_base.jpg;assets/songs/dl_genesis/1080_base_256.jpg,c2b58dcad54203645057a859524789f59cfd5ca13613b610d04ad087b58aac90,384;768,384;768,image/jpeg,0d4f33a236e4cfa45bb41773d52abcb4499a336a472a1e2c45936a6561e73a1c;91f8664c9d0aeb1bb7447200c7b7dcfe42edeffc85718648c183d57d3d0f6e7a,true,original object SHA-256=0d4f33a236e4cfa45bb41773d52abcb4499a336a472a1e2c45936a6561e73a1c equals APK image SHA; legacy filename IDX=46 maps to songlist.idx,confirmed,01a00091-2068-7493-a02d-cf60edf8c6dd,01a00091-2068-7986-a1dd-0ec66ea877c2,covered,confirmed
arcaea:genesischunithm:default,genesischunithm,311,Genesis,"{""en"":""Genesis""}",Morrigan feat.Lily,chunithm_append_2,,1679529602,1,default,,,,,,,,assets/songs/dl_genesischunithm/1080_base.jpg,5741161d9da3b1e99dd712eff61d402bcfdbc9398c041da913a331241d8437fb,2,assets/songs/dl_genesischunithm/1080_base.jpg;assets/songs/dl_genesischunithm/1080_base_256.jpg,c2b58dcad54203645057a859524789f59cfd5ca13613b610d04ad087b58aac90,384;768,384;768,image/jpeg,5741161d9da3b1e99dd712eff61d402bcfdbc9398c041da913a331241d8437fb;6419d028767354e6657242e835894d20018c217ef7fbe297fbaefdc13970d68e,true,original object SHA-256=5741161d9da3b1e99dd712eff61d402bcfdbc9398c041da913a331241d8437fb equals APK image SHA; legacy filename IDX=311 maps to songlist.idx,confirmed,01a00091-213e-7888-8548-1a365f7d5c58,01a00091-213e-783d-84e3-6fc394144b7c,covered,confirmed
arcaea:gengaozo:default,gengaozo,236,G e n g a o z o,"{""en"":""G e n g a o z o""}",-45,extend,,1632873600,1,default,,,,,,,,assets/songs/dl_gengaozo/base.jpg,187bda016b720ce1d3eb3d8fdff639ab792987541371b80988f01b41bf111a43,2,assets/songs/dl_gengaozo/base.jpg;assets/songs/dl_gengaozo/base_256.jpg,c2b58dcad54203645057a859524789f59cfd5ca13613b610d04ad087b58aac90,256;512,256;512,image/jpeg,187bda016b720ce1d3eb3d8fdff639ab792987541371b80988f01b41bf111a43;99a7910a8c4df250953bbb1410e72af2cfa6b6fb5f2b4a001a8a335d896b58dc,true,original object SHA-256=187bda016b720ce1d3eb3d8fdff639ab792987541371b80988f01b41bf111a43 equals APK image SHA; legacy filename IDX=236 maps to songlist.idx,confirmed,01a00091-1b4b-7481-9971-117d2d42b94f,01a00091-1b4b-7373-b40a-b66560523c04,covered,confirmed
arcaea:genocider:default,genocider,230,GENOCIDER,"{""en"":""GENOCIDER""}",DJ Myosuke,wacca,,1628553604,1,default,,,,,,,,assets/songs/dl_genocider/1080_base.jpg,54c5830cb115425ae9ee3cac43268a27a04a11a1f22ced3e18fb4618beed5a69,2,assets/songs/dl_genocider/1080_base.jpg;assets/songs/dl_genocider/1080_base_256.jpg,c2b58dcad54203645057a859524789f59cfd5ca13613b610d04ad087b58aac90,384;768,384;768,image/jpeg,54c5830cb115425ae9ee3cac43268a27a04a11a1f22ced3e18fb4618beed5a69;e083c8b5d41705a14bd9d0da6859178a1aed1c71e9c24a6d768fd0d36478206d,true,original object SHA-256=54c5830cb115425ae9ee3cac43268a27a04a11a1f22ced3e18fb4618beed5a69 equals APK image SHA; legacy filename IDX=230 maps to songlist.idx,confirmed,01a00091-2248-72ec-a864-d7ac1871cc1b,01a00091-2248-7b50-965a-22984a82fa19,covered,confirmed
arcaea:gensounosatellite:default,gensounosatellite,417,Gensou no Satellite,"{""en"":""Gensou no Satellite"",""ja"":""幻想のサテライト""}",豚乙女,single,,1727308803,1,default,,,,,,,,assets/songs/dl_gensounosatellite/1080_base.jpg,f0b22ef154e20423b578a66b71379a82deddb5e45a08eb4696c12aa04ef42b59,2,assets/songs/dl_gensounosatellite/1080_base.jpg;assets/songs/dl_gensounosatellite/1080_base_256.jpg,c2b58dcad54203645057a859524789f59cfd5ca13613b610d04ad087b58aac90,384;768,384;768,image/jpeg,d25f80d8c4b3f0baa6b5c533e2d5673aa63181cb93ec6200163a5322a1b6f847;f0b22ef154e20423b578a66b71379a82deddb5e45a08eb4696c12aa04ef42b59,true,original object SHA-256=f0b22ef154e20423b578a66b71379a82deddb5e45a08eb4696c12aa04ef42b59 equals APK image SHA; legacy filename IDX=417 maps to songlist.idx,confirmed,01a00090-44d2-7963-bfd0-87434c6ce88e,01a00090-44d2-7218-a6cf-51632121b8d7,covered,confirmed
arcaea:gimmedablood:default,gimmedablood,206,GIMME DA BLOOD,"{""en"":""GIMME DA BLOOD""}",C-Show,single,,1615248000,1,default,,,,,,,,assets/songs/dl_gimmedablood/1080_base.jpg,5ea09355f8855c8dac280735351d0fb1becb2c44fc1a86b1cd00a308fbeea638,2,assets/songs/dl_gimmedablood/1080_base.jpg;assets/songs/dl_gimmedablood/1080_base_256.jpg,c2b58dcad54203645057a859524789f59cfd5ca13613b610d04ad087b58aac90,384;768,384;768,image/jpeg,470431331fb11c6b9141c2452b18cc0771739999d08c9cf5fcd679e4da6f91bb;5ea09355f8855c8dac280735351d0fb1becb2c44fc1a86b1cd00a308fbeea638,true,original object SHA-256=5ea09355f8855c8dac280735351d0fb1becb2c44fc1a86b1cd00a308fbeea638 equals APK image SHA; legacy filename IDX=206 maps to songlist.idx,confirmed,01a00091-2349-7829-8e14-420a288e76bc,01a00091-234a-7541-a572-ac924d4e9b48,covered,confirmed
arcaea:gimmick:default,gimmick,315,GIMMICK,"{""en"":""GIMMICK""}",Ms.Sill,extend_2,,1682553601,1,default,,,,,,,,assets/songs/dl_gimmick/1080_base.jpg,cb7cb1327e1c1d4c7085cb7647b8df99f3ee02a42f556051eb3b53482e77320b,2,assets/songs/dl_gimmick/1080_base.jpg;assets/songs/dl_gimmick/1080_base_256.jpg,c2b58dcad54203645057a859524789f59cfd5ca13613b610d04ad087b58aac90,384;768,384;768,image/jpeg,9f99d9c61fc9853f4ce51f39ced8452d34f30e0c405e5b68c719bff5c9781581;cb7cb1327e1c1d4c7085cb7647b8df99f3ee02a42f556051eb3b53482e77320b,true,original object SHA-256=cb7cb1327e1c1d4c7085cb7647b8df99f3ee02a42f556051eb3b53482e77320b equals APK image SHA; legacy filename IDX=315 maps to songlist.idx,confirmed,01a00091-2443-7cdf-b627-bd8dce9de3f3,01a00091-2443-7401-8067-79435de79cca,covered,confirmed
arcaea:givemeanightmare:default,givemeanightmare,163,Give Me a Nightmare,"{""en"":""Give Me a Nightmare""}",アリスシャッハと魔法の楽団,extend,,1590537610,1,default,,,,,,,,assets/songs/dl_givemeanightmare/1080_base.jpg,c9c141b42df16ce9603d1d57219b48f9eebb987fd22b8155486c25295a11c9dd,2,assets/songs/dl_givemeanightmare/1080_base.jpg;assets/songs/dl_givemeanightmare/1080_base_256.jpg,c2b58dcad54203645057a859524789f59cfd5ca13613b610d04ad087b58aac90,384;768,384;768,image/jpeg,4f96adea3ea056e70d324efffa99d5da4578a521d14981bc9a86860e3ed54faa;c9c141b42df16ce9603d1d57219b48f9eebb987fd22b8155486c25295a11c9dd,true,original object SHA-256=c9c141b42df16ce9603d1d57219b48f9eebb987fd22b8155486c25295a11c9dd equals APK image SHA; legacy filename IDX=163 maps to songlist.idx,confirmed,01a00091-24fa-780e-98c3-07a46330351d,01a00091-24fa-72b2-aa57-d091cb1a4a18,covered,confirmed
arcaea:gloryroad:default,gloryroad,139,GLORY：ROAD,"{""en"":""GLORY：ROAD""}",uma vs. モリモリあつし,shiawase,,1570492802,0,default,,,,,,,,assets/songs/dl_gloryroad/1080_base.jpg,f84942b80d4a5d61cc3c4dc8105d3147328c747c0f892456e5aa758a0833f91c,2,assets/songs/dl_gloryroad/1080_base.jpg;assets/songs/dl_gloryroad/1080_base_256.jpg,c2b58dcad54203645057a859524789f59cfd5ca13613b610d04ad087b58aac90,384;768,384;768,image/jpeg,4c4a0c6d1c761def7c52cd17302fbb89a012029190b8b391c3726fddce7a4b55;f84942b80d4a5d61cc3c4dc8105d3147328c747c0f892456e5aa758a0833f91c,true,original object SHA-256=f84942b80d4a5d61cc3c4dc8105d3147328c747c0f892456e5aa758a0833f91c equals APK image SHA; legacy filename IDX=139 maps to songlist.idx,confirmed,01a00091-261e-76ca-b1e3-f980a339727d,01a00091-261e-73e4-840f-a876bbf9972c,covered,confirmed
arcaea:glow:default,glow,202,Glow,"{""en"":""Glow""}",SPACELECTRO,extend,,1611187204,1,default,,,,,,,,assets/songs/dl_glow/1080_base.jpg,e0412e6a284d8069759d2f4fd6faa64f7c336a01651e6924e544b8383ea17604,2,assets/songs/dl_glow/1080_base.jpg;assets/songs/dl_glow/1080_base_256.jpg,c2b58dcad54203645057a859524789f59cfd5ca13613b610d04ad087b58aac90,384;768,384;768,image/jpeg,74e081e082efd94a378330c7aa0baeb134ef7cfb4ebf54cc17eaed80537d4a61;e0412e6a284d8069759d2f4fd6faa64f7c336a01651e6924e544b8383ea17604,true,original object SHA-256=e0412e6a284d8069759d2f4fd6faa64f7c336a01651e6924e544b8383ea17604 equals APK image SHA; legacy filename IDX=202 maps to songlist.idx,confirmed,01a00091-2735-7f2a-a207-73ab934cbdf6,01a00091-2735-7021-ad10-e4c62f872f22,covered,confirmed
arcaea:goldenslaughterer:default,goldenslaughterer,237,goldenslaughterer,"{""en"":""goldenslaughterer""}",zts,single,,1632873601,1,default,,,,,,,,assets/songs/dl_goldenslaughterer/1080_base.jpg,9eb674ca2bfc017214687e9a82aa1ec850517a039315be14a063cadbd4c1435c,2,assets/songs/dl_goldenslaughterer/1080_base.jpg;assets/songs/dl_goldenslaughterer/1080_base_256.jpg,c2b58dcad54203645057a859524789f59cfd5ca13613b610d04ad087b58aac90,384;768,384;768,image/jpeg,12cc5fa5e46b52ea180931c81009ad0d4eae0b90c4df96cce629c26942827ef3;9eb674ca2bfc017214687e9a82aa1ec850517a039315be14a063cadbd4c1435c,true,original object SHA-256=9eb674ca2bfc017214687e9a82aa1ec850517a039315be14a063cadbd4c1435c equals APK image SHA; legacy filename IDX=237 maps to songlist.idx,confirmed,01a00091-2814-7c7d-88c0-59ff90248f42,01a00091-2815-7950-a612-86509759e200,covered,confirmed
arcaea:goodbyemerry:default,goodbyemerry,288,"Good bye, Merry-Go-Round.","{""en"":""Good bye, Merry-Go-Round.""}",Yooh,ongeki_append_1,,1664409603,1,default,,,,,,,,assets/songs/dl_goodbyemerry/1080_base.jpg,29937b9da64b3be1afbc799a8772998692b3514b3526dece97e3164367515be8,2,assets/songs/dl_goodbyemerry/1080_base.jpg;assets/songs/dl_goodbyemerry/1080_base_256.jpg,c2b58dcad54203645057a859524789f59cfd5ca13613b610d04ad087b58aac90,384;768,384;768,image/jpeg,29937b9da64b3be1afbc799a8772998692b3514b3526dece97e3164367515be8;a6423ebb503a52fd41438a9af361b23c10af32ee8ef26ebb3fdc65e85cf77374,true,original object SHA-256=29937b9da64b3be1afbc799a8772998692b3514b3526dece97e3164367515be8 equals APK image SHA; legacy filename IDX=288 maps to songlist.idx,confirmed,01a00091-291a-7a72-972d-2192b3d65c51,01a00091-291a-7458-816d-68aded7c19e2,covered,confirmed
arcaea:goodrage:default,goodrage,524,GOODRAGE,"{""en"":""GOODRAGE""}",EBIMAYO,single,,1773014402,0,default,,,,,,,,assets/songs/dl_goodrage/1080_base.jpg,5bd4b3b53eec921833e1fd13e4e63df9c18dbd914e2ee56d0b94d89f5e091a36,2,assets/songs/dl_goodrage/1080_base.jpg;assets/songs/dl_goodrage/1080_base_256.jpg,c2b58dcad54203645057a859524789f59cfd5ca13613b610d04ad087b58aac90,384;768,384;768,image/jpeg,2fe8a6bcfbf2d91d6ac70649789eb5132e969ec3a7893134e73fc95a30cfca03;5bd4b3b53eec921833e1fd13e4e63df9c18dbd914e2ee56d0b94d89f5e091a36,true,original object SHA-256=5bd4b3b53eec921833e1fd13e4e63df9c18dbd914e2ee56d0b94d89f5e091a36 equals APK image SHA; legacy filename IDX=524 maps to songlist.idx,confirmed,01a00091-29ef-776d-8792-39ceacd4120a,01a00091-29ef-778f-9e68-2d67509c14b1,covered,confirmed
arcaea:goodtek:default,goodtek,2,GOODTEK (Arcaea Edit),"{""en"":""GOODTEK (Arcaea Edit)""}",EBIMAYO,base,,1487980809,0,default,,,,BYD,,,,assets/songs/dl_goodtek/1080_base.jpg,0684b6610f1018af3918e4d4c97bf57adc2e137aa14e85396574131ff0a30734,2,assets/songs/dl_goodtek/1080_base.jpg;assets/songs/dl_goodtek/1080_base_256.jpg,c2b58dcad54203645057a859524789f59cfd5ca13613b610d04ad087b58aac90,384;768,384;768,image/jpeg,0684b6610f1018af3918e4d4c97bf57adc2e137aa14e85396574131ff0a30734;2c09413cdd04d3c42ea21a6c8118633416ea2dc2eb0f48a289080f2bf4efd6c3,true,original object SHA-256=0684b6610f1018af3918e4d4c97bf57adc2e137aa14e85396574131ff0a30734 equals APK image SHA; legacy filename IDX=2 maps to songlist.idx,confirmed,01a00091-2c08-79e0-9e29-37fefd8f5317,01a00091-2c08-7cf6-ab1f-b216086054f1,covered,confirmed
arcaea:goodtek:difficulty:BYD,goodtek,2,GOODTEK (Arcaea Edit),"{""en"":""GOODTEK (Arcaea Edit)""}",EBIMAYO,base,,1487980809,0,difficulty-specific,BYD,3,True,BYD,,,,assets/songs/dl_goodtek/1080_3.jpg,ba00b84b1745a6e287cf35adb79be7e582347eb3634abb4cdf71922e5c9d780d,2,assets/songs/dl_goodtek/1080_3.jpg;assets/songs/dl_goodtek/1080_3_256.jpg,c2b58dcad54203645057a859524789f59cfd5ca13613b610d04ad087b58aac90,384;768,384;768,image/jpeg,ba00b84b1745a6e287cf35adb79be7e582347eb3634abb4cdf71922e5c9d780d;d99bed1369d13dd77336aa84d9265996df06755fdbcece673f3a7a9379117100,true,original object SHA-256=ba00b84b1745a6e287cf35adb79be7e582347eb3634abb4cdf71922e5c9d780d equals APK image SHA; legacy filename IDX=2 maps to songlist.idx,confirmed,01a00091-2afa-794b-824f-d0898881c0c9,01a00091-2afa-79be-b8aa-64e7f2ab8d9b,covered,confirmed
arcaea:gothiveofra:default,gothiveofra,175,Got hive of Ra,"{""en"":""Got hive of Ra""}",E.G.G.,groovecoaster,,1600214400,0,default,,,,,,,,assets/songs/dl_gothiveofra/base.jpg,a8c8d4d45c8f87ee0304da2d265b4cfb3e3610dc2df0b7dfe7f627c282474861,2,assets/songs/dl_gothiveofra/base.jpg;assets/songs/dl_gothiveofra/base_256.jpg,c2b58dcad54203645057a859524789f59cfd5ca13613b610d04ad087b58aac90,256;512,256;512,image/jpeg,a8c8d4d45c8f87ee0304da2d265b4cfb3e3610dc2df0b7dfe7f627c282474861;bb7e83942b1f4269cda88991ce1c265ed3c179e2312d509dce69be8db321ad73,true,original object SHA-256=a8c8d4d45c8f87ee0304da2d265b4cfb3e3610dc2df0b7dfe7f627c282474861 equals APK image SHA; legacy filename IDX=175 maps to songlist.idx,confirmed,01a00091-2cfd-77ba-a4dc-6cea6879b424,01a00091-2cfd-7845-8bb6-42b39685cbee,covered,confirmed
arcaea:gou:default,gou,201,Misdeed -la bonté de Dieu et l'origine du mal-,"{""en"":""Misdeed -la bonté de Dieu et l'origine du mal-"",""ko_dialog"":""Misdeed -la bonte de Dieu et l'origine du mal-"",""ja"":""業 -善なる神とこの世の悪について-""}",光吉猛修 VS 穴山大輔,chunithm_append_1,,1611187202,0,default,,,,,,,,assets/songs/dl_gou/1080_base.jpg,448fd94ad2146f8c4a30dc7bbfaacdf068ecff18c6fdcabb39c54883a5a996eb,2,assets/songs/dl_gou/1080_base.jpg;assets/songs/dl_gou/1080_base_256.jpg,c2b58dcad54203645057a859524789f59cfd5ca13613b610d04ad087b58aac90,384;768,384;768,image/jpeg,448fd94ad2146f8c4a30dc7bbfaacdf068ecff18c6fdcabb39c54883a5a996eb;88c9de7029bbd8bb2b7ea26278286036000958ffab69f16e4df0ee35e6c9ca80,true,original object SHA-256=448fd94ad2146f8c4a30dc7bbfaacdf068ecff18c6fdcabb39c54883a5a996eb equals APK image SHA; legacy filename IDX=201 maps to songlist.idx,confirmed,01a00090-6302-7aba-a589-9830475623c8,01a00090-6302-7317-89bd-a28e85057115,covered,confirmed
arcaea:grandspell:default,grandspell,507,Grandspell,"{""en"":""Grandspell""}",Hylen,single,,1764201601,1,default,,,,,,,,assets/songs/dl_grandspell/1080_base.jpg,d299daaa046092dd3edb2ecebe9771bc1455e5b5b0cafa3fa3848a5d26fd054d,2,assets/songs/dl_grandspell/1080_base.jpg;assets/songs/dl_grandspell/1080_base_256.jpg,c2b58dcad54203645057a859524789f59cfd5ca13613b610d04ad087b58aac90,384;768,384;768,image/jpeg,9c36dc83f8b7c18f7870982dba1c6b8dfd2eac14c9662edd487bd25d82fdef7b;d299daaa046092dd3edb2ecebe9771bc1455e5b5b0cafa3fa3848a5d26fd054d,true,original object SHA-256=d299daaa046092dd3edb2ecebe9771bc1455e5b5b0cafa3fa3848a5d26fd054d equals APK image SHA; legacy filename IDX=507 maps to songlist.idx,confirmed,01a00091-2dd8-7a55-bca6-f8452dadf6a2,01a00091-2dd8-74a7-b4f4-02a2874c06cb,covered,confirmed
arcaea:grievouslady:default,grievouslady,56,Grievous Lady,"{""en"":""Grievous Lady""}",Team Grimoire vs Laur,yugamu,,1509667208,1,default,,,,,,,,assets/songs/dl_grievouslady/1080_base.jpg,c4ef01176997282a5a8feb11c40e21bd718f8b40c653eff0755f016dc83dd0d4,2,assets/songs/dl_grievouslady/1080_base.jpg;assets/songs/dl_grievouslady/1080_base_256.jpg,c2b58dcad54203645057a859524789f59cfd5ca13613b610d04ad087b58aac90,384;768,384;768,image/jpeg,c4ef01176997282a5a8feb11c40e21bd718f8b40c653eff0755f016dc83dd0d4;e028d012a0338887bfd0b9c4cfdc3643a0afe26c671aa305fa03bfaa507d175d,true,original object SHA-256=c4ef01176997282a5a8feb11c40e21bd718f8b40c653eff0755f016dc83dd0d4 equals APK image SHA; legacy filename IDX=56 maps to songlist.idx,confirmed,01a00091-2f1b-73ed-b138-02fd0bbd8de7,01a00091-2f1b-7370-bb71-208d12d0cf34,covered,confirmed
arcaea:grimheart:default,grimheart,119,Grimheart,"{""en"":""Grimheart""}",Puru,base,,1553126400,0,default,,,,,,,,assets/songs/grimheart/1080_base.jpg,06160750fd7a031baa45870093018aea0b3fda3acedcf22a5b71800d6e30667a,2,assets/songs/grimheart/1080_base.jpg;assets/songs/grimheart/1080_base_256.jpg,c2b58dcad54203645057a859524789f59cfd5ca13613b610d04ad087b58aac90,384;768,384;768,image/jpeg,06160750fd7a031baa45870093018aea0b3fda3acedcf22a5b71800d6e30667a;2b89d063f528f9d276ac969ea89feedfea47f5751b71b01883ca52939962a088,true,original object SHA-256=06160750fd7a031baa45870093018aea0b3fda3acedcf22a5b71800d6e30667a equals APK image SHA; legacy filename IDX=119 maps to songlist.idx,confirmed,01a00091-302f-7815-ac22-74b45bcf9d96,01a00091-302f-710e-a141-b83d1eca6e6f,covered,confirmed
arcaea:guardina:default,guardina,76,γuarδina,"{""en"":""γuarδina"",""kr"":""guardina"",""zh-Hant"":""guardina"",""zh-Hans"":""guardina""}",Aoi,single,,1525305600,0,default,,,,,,,,assets/songs/dl_guardina/1080_base.jpg,5985be6fb9fa13b11ca532e4aae11bfafd3b478df46b9ac36ce5ac6419884c18,2,assets/songs/dl_guardina/1080_base.jpg;assets/songs/dl_guardina/1080_base_256.jpg,c2b58dcad54203645057a859524789f59cfd5ca13613b610d04ad087b58aac90,384;768,384;768,image/jpeg,5985be6fb9fa13b11ca532e4aae11bfafd3b478df46b9ac36ce5ac6419884c18;ea8a146579066272f6b9536041160a5fb25e361b906a7d192cbea76afb1d0a3e,true,original object SHA-256=5985be6fb9fa13b11ca532e4aae11bfafd3b478df46b9ac36ce5ac6419884c18 equals APK image SHA; legacy filename IDX=76 maps to songlist.idx,confirmed,01a00092-6b11-77ed-a9b8-e60ce80b8297,01a00092-6b11-7c7b-925a-efeae0ab608c,covered,confirmed
arcaea:hailstone:default,hailstone,415,Hailstone,"{""en"":""Hailstone""}",Kazki Misora,extend_3,,1727308801,0,default,,,,,,,,assets/songs/dl_hailstone/1080_base.jpg,440188a49472a5194d6c73519870671036728c5c25fa967668b2fd43bd3044a3,2,assets/songs/dl_hailstone/1080_base.jpg;assets/songs/dl_hailstone/1080_base_256.jpg,c2b58dcad54203645057a859524789f59cfd5ca13613b610d04ad087b58aac90,384;768,384;768,image/jpeg,1c1fe286bc2a783ba88536fa24fc46724359102e537dc4ebfd178dce131d814a;440188a49472a5194d6c73519870671036728c5c25fa967668b2fd43bd3044a3,true,original object SHA-256=440188a49472a5194d6c73519870671036728c5c25fa967668b2fd43bd3044a3 equals APK image SHA; legacy filename IDX=415 maps to songlist.idx,confirmed,01a00091-3139-7d52-8bf2-c55524a9a01c,01a00091-3139-70d8-acf3-6e45e68d4335,covered,confirmed
arcaea:halcyon:default,halcyon,85,Halcyon,"{""en"":""Halcyon""}",xi,rei,,1531699206,0,default,,,,,,,,assets/songs/dl_halcyon/1080_base.jpg,bc660c4ccf0024b4d02aec31d79207695afdb6ccb1345c195389d64a97011143,2,assets/songs/dl_halcyon/1080_base.jpg;assets/songs/dl_halcyon/1080_base_256.jpg,c2b58dcad54203645057a859524789f59cfd5ca13613b610d04ad087b58aac90,384;768,384;768,image/jpeg,bc660c4ccf0024b4d02aec31d79207695afdb6ccb1345c195389d64a97011143;d84853608fbf8b4b892c2d594b2afc00043b43716cb13a470fab859c1a05de03,true,original object SHA-256=bc660c4ccf0024b4d02aec31d79207695afdb6ccb1345c195389d64a97011143 equals APK image SHA; legacy filename IDX=85 maps to songlist.idx,confirmed,01a00091-322c-7629-8702-e53ec4b7493a,01a00091-322c-7198-89c2-50396628d05d,covered,confirmed
arcaea:hallofmirrors:default,hallofmirrors,98,Hall of Mirrors,"{""en"":""Hall of Mirrors""}",Sta,tonesphere,,1538870401,1,default,,,,,,,,assets/songs/dl_hallofmirrors/1080_base.jpg,125cae1f29bfc95cd245336f1ae60cdc4dfac29f123a50e23e4d83128b468d46,2,assets/songs/dl_hallofmirrors/1080_base.jpg;assets/songs/dl_hallofmirrors/1080_base_256.jpg,c2b58dcad54203645057a859524789f59cfd5ca13613b610d04ad087b58aac90,384;768,384;768,image/jpeg,125cae1f29bfc95cd245336f1ae60cdc4dfac29f123a50e23e4d83128b468d46;8779dcb865a6e4a60ee5a265b8db0cba85124cac5e13b0dedea9ae705d705b95,true,original object SHA-256=125cae1f29bfc95cd245336f1ae60cdc4dfac29f123a50e23e4d83128b468d46 equals APK image SHA; legacy filename IDX=98 maps to songlist.idx,confirmed,01a00091-3319-783f-a35a-d0fb8d59f6be,01a00091-331a-7405-b351-8ba92dd2c47d,covered,confirmed
arcaea:harutopia:default,harutopia,47,Harutopia ~Utopia of Spring~,"{""ja"":""ハルトピア ~Utopia of Spring~"",""en"":""Harutopia ~Utopia of Spring~""}",A-zu-ra,base,,1502323200,0,default,,,,,,,,assets/songs/dl_harutopia/1080_base.jpg,30abd76f714513c403c898e1631fbd434120bf0697e0e4d06cf89f5f0c89dc66,2,assets/songs/dl_harutopia/1080_base.jpg;assets/songs/dl_harutopia/1080_base_256.jpg,c2b58dcad54203645057a859524789f59cfd5ca13613b610d04ad087b58aac90,384;768,384;768,image/jpeg,30abd76f714513c403c898e1631fbd434120bf0697e0e4d06cf89f5f0c89dc66;5065afda94e0e807d357f72ee3d015991b7c22448b1a3faedb27eeb5b697f80c,true,original object SHA-256=30abd76f714513c403c898e1631fbd434120bf0697e0e4d06cf89f5f0c89dc66 equals APK image SHA; legacy filename IDX=47 maps to songlist.idx,confirmed,01a00092-7d64-73b8-9797-6d14dcc8c4f9,01a00092-7d64-77fd-a7b3-1973477dfdf0,covered,confirmed
arcaea:headbonkache:default,headbonkache,262,Head BONK ache,"{""en"":""Head BONK ache""}",saaa ft. MC iwata Bros.,single,,1647993602,1,default,,,,,,,,assets/songs/dl_headbonkache/1080_base.jpg,9d3cd8c63df043d469562413187bb80e5927dda5d07e364ef491ceee0f0e7437,2,assets/songs/dl_headbonkache/1080_base.jpg;assets/songs/dl_headbonkache/1080_base_256.jpg,c2b58dcad54203645057a859524789f59cfd5ca13613b610d04ad087b58aac90,384;768,384;768,image/jpeg,9d3cd8c63df043d469562413187bb80e5927dda5d07e364ef491ceee0f0e7437;d52f2f68ca8f49f929947f910e6253aee703d84b14508098832b1ab6306dbdde,true,original object SHA-256=9d3cd8c63df043d469562413187bb80e5927dda5d07e364ef491ceee0f0e7437 equals APK image SHA; legacy filename IDX=262 maps to songlist.idx,confirmed,01a00091-3422-7fed-b525-18395dd057cb,01a00091-3422-77ba-b262-2b35eb29b93e,covered,confirmed
arcaea:hearditsaid:default,hearditsaid,7,I've heard it said,"{""en"":""I've heard it said""}",Combatplayer,core,,1487980812,0,default,,,,,,,,assets/songs/dl_hearditsaid/1080_base.jpg,62548e0e975f781592675ebfe8691894a3917350b54f7200fcd96cbabba23f68,2,assets/songs/dl_hearditsaid/1080_base.jpg;assets/songs/dl_hearditsaid/1080_base_256.jpg,c2b58dcad54203645057a859524789f59cfd5ca13613b610d04ad087b58aac90,384;768,384;768,image/jpeg,225c246fe92e8ee7c826a5ec2687d7988897633eb257f458ef5f93425366851b;62548e0e975f781592675ebfe8691894a3917350b54f7200fcd96cbabba23f68,true,original object SHA-256=62548e0e975f781592675ebfe8691894a3917350b54f7200fcd96cbabba23f68 equals APK image SHA; legacy filename IDX=7 maps to songlist.idx,confirmed,01a00091-4031-746b-ab6d-9167645d5d6a,01a00091-4031-7e8c-801e-1260adab0e0c,covered,confirmed
arcaea:heartache:default,heartache,444,Heartache,"{""en"":""Heartache"",""ja"":""心の痛み""}",Toby Fox,undertale,,1741478400,0,default,,,,,,,,assets/songs/dl_heartache/1080_base.jpg,ef94741f0b8fd0e0552e0280fbe7c3fe5fa5ec42ccfeff6dafe6760547c10ca5,2,assets/songs/dl_heartache/1080_base.jpg;assets/songs/dl_heartache/1080_base_256.jpg,c2b58dcad54203645057a859524789f59cfd5ca13613b610d04ad087b58aac90,384;768,384;768,image/jpeg,02122e2c3f2162e7b74dbd27a7d270c5508b2a13c97119f82c35e25c577ee247;ef94741f0b8fd0e0552e0280fbe7c3fe5fa5ec42ccfeff6dafe6760547c10ca5,true,original object SHA-256=ef94741f0b8fd0e0552e0280fbe7c3fe5fa5ec42ccfeff6dafe6760547c10ca5 equals APK image SHA; legacy filename IDX=444 maps to songlist.idx,confirmed,01a00090-5c5d-7233-adc4-efb9932362a4,01a00090-5c5d-7879-af94-5694d5854973,covered,confirmed
arcaea:heartjackin:default,heartjackin,189,Heart Jackin',"{""en"":""Heart Jackin'""}",Yu_Asahina,alice_append_1,,1607558401,0,default,,,,,,,,assets/songs/dl_heartjackin/1080_base.jpg,8bd3a89e527a7cd0bba6b0502ecc252b5d8b124d291d34cd63bde3f6edac6647,2,assets/songs/dl_heartjackin/1080_base.jpg;assets/songs/dl_heartjackin/1080_base_256.jpg,c2b58dcad54203645057a859524789f59cfd5ca13613b610d04ad087b58aac90,384;768,384;768,image/jpeg,5383468548c3223529cb7ddf19c4c7b6952f2e7efaa021f477c707a925161a79;8bd3a89e527a7cd0bba6b0502ecc252b5d8b124d291d34cd63bde3f6edac6647,true,original object SHA-256=8bd3a89e527a7cd0bba6b0502ecc252b5d8b124d291d34cd63bde3f6edac6647 equals APK image SHA; legacy filename IDX=189 maps to songlist.idx,confirmed,01a00091-354e-759a-b049-5c05daa7203a,01a00091-354e-7b9d-a143-ca08b3447ed3,covered,confirmed
arcaea:heavenlycaress:default,heavenlycaress,141,Heavenly caress,"{""en"":""Heavenly caress""}",Noah,single,,1572048001,0,default,,,,BYD,,,,assets/songs/dl_heavenlycaress/1080_base.jpg,4079bc7b48be6c261cb14f36139274fefe0824079787c2a170e8d5a46258f824,2,assets/songs/dl_heavenlycaress/1080_base.jpg;assets/songs/dl_heavenlycaress/1080_base_256.jpg,c2b58dcad54203645057a859524789f59cfd5ca13613b610d04ad087b58aac90,384;768,384;768,image/jpeg,4079bc7b48be6c261cb14f36139274fefe0824079787c2a170e8d5a46258f824;7b28440b1cffd8c504a81420f9d004572b69679f528d42d754089e1367259a24,true,original object SHA-256=4079bc7b48be6c261cb14f36139274fefe0824079787c2a170e8d5a46258f824 equals APK image SHA; legacy filename IDX=141 maps to songlist.idx,confirmed,01a00091-3769-75a6-af1b-5d9166a8d1f7,01a00091-3769-76ae-88db-42ce8e8399e1,covered,confirmed
arcaea:heavenlycaress:difficulty:BYD,heavenlycaress,141,Heavenly caress,"{""en"":""Heavenly caress""}",Noah,single,,1572048001,0,difficulty-specific,BYD,3,True,BYD,,,,assets/songs/dl_heavenlycaress/1080_3.jpg,31cfad86688bf4d27d128987b0786ae68320b62c72d077265bd52a24060e278f,2,assets/songs/dl_heavenlycaress/1080_3.jpg;assets/songs/dl_heavenlycaress/1080_3_256.jpg,c2b58dcad54203645057a859524789f59cfd5ca13613b610d04ad087b58aac90,384;768,384;768,image/jpeg,2805f311823235c1748d9ae5dca88fe4f480336c91805cc251d4b0f27313853b;31cfad86688bf4d27d128987b0786ae68320b62c72d077265bd52a24060e278f,true,original object SHA-256=31cfad86688bf4d27d128987b0786ae68320b62c72d077265bd52a24060e278f equals APK image SHA; legacy filename IDX=141 maps to songlist.idx,confirmed,01a00091-365b-77be-bdd0-5eb585f3473a,01a00091-365b-7d12-9929-2ecc36f85f6a,covered,confirmed
arcaea:heavensdoor:default,heavensdoor,129,Heavensdoor,"{""en"":""Heavensdoor""}",LeaF,prelude,,1563408003,1,default,,,,BYD,,,,assets/songs/dl_heavensdoor/1080_base.jpg,240484783a07f29d70ed0fd2b98bdd6d0f69abd638caa001aff71ae4e48a8098,2,assets/songs/dl_heavensdoor/1080_base.jpg;assets/songs/dl_heavensdoor/1080_base_256.jpg,c2b58dcad54203645057a859524789f59cfd5ca13613b610d04ad087b58aac90,384;768,384;768,image/jpeg,240484783a07f29d70ed0fd2b98bdd6d0f69abd638caa001aff71ae4e48a8098;facd002a52a96dc4dfd9b114cb035749febed33441bc31b5574614ad06d447f8,true,original object SHA-256=240484783a07f29d70ed0fd2b98bdd6d0f69abd638caa001aff71ae4e48a8098 equals APK image SHA; legacy filename IDX=129 maps to songlist.idx,confirmed,01a00091-399c-7ca6-8fde-0e0f70db0558,01a00091-399c-7649-adc0-6f3ec724ab7e,covered,confirmed
arcaea:heavensdoor:difficulty:BYD,heavensdoor,129,Heavensdoor,"{""en"":""Heavensdoor""}",LeaF,prelude,,1563408003,1,difficulty-specific,BYD,3,True,BYD,,,,assets/songs/dl_heavensdoor/1080_3.jpg,d04dfad1e2c9240cdb059ade18e539995013853206636cf75c40303d0e79d8f5,2,assets/songs/dl_heavensdoor/1080_3.jpg;assets/songs/dl_heavensdoor/1080_3_256.jpg,c2b58dcad54203645057a859524789f59cfd5ca13613b610d04ad087b58aac90,384;768,384;768,image/jpeg,a2697b5557518966f74f7ca35de813d5aca1e84e7cb1c1a0873f5bd30442ef68;d04dfad1e2c9240cdb059ade18e539995013853206636cf75c40303d0e79d8f5,true,original object SHA-256=d04dfad1e2c9240cdb059ade18e539995013853206636cf75c40303d0e79d8f5 equals APK image SHA; legacy filename IDX=129 maps to songlist.idx,confirmed,01a00091-3889-7145-b724-be55b30fd217,01a00091-388a-71b8-9658-d068117e8e03,covered,confirmed
arcaea:hellohell:default,hellohell,378,HELLOHELL,"{""en"":""HELLOHELL""}",暁Records,extend_3,,1711324800,1,default,,,,,,,,assets/songs/dl_hellohell/1080_base.jpg,1e30708e09e3b7ac5f2cad459f079512c973c335aa4d675252aa7d530c620a69,2,assets/songs/dl_hellohell/1080_base.jpg;assets/songs/dl_hellohell/1080_base_256.jpg,c2b58dcad54203645057a859524789f59cfd5ca13613b610d04ad087b58aac90,384;768,384;768,image/jpeg,1e30708e09e3b7ac5f2cad459f079512c973c335aa4d675252aa7d530c620a69;ea34ccef97268829c409ab5fd7e7162215b576cd2265030e8853c9f7314d3419,true,original object SHA-256=1e30708e09e3b7ac5f2cad459f079512c973c335aa4d675252aa7d530c620a69 equals APK image SHA; legacy filename IDX=378 maps to songlist.idx,confirmed,01a00091-3a52-7908-bc9e-157937754928,01a00091-3a52-708e-9933-46368d563fe5,covered,confirmed
arcaea:hiirogekka:default,hiirogekka,302,"Hiiro Gekka, Kyoushou no Zetsu (nayuta 2017 ver.)","{""en"":""Hiiro Gekka, Kyoushou no Zetsu (nayuta 2017 ver.)"",""ja"":""緋色月下、狂咲ノ絶 (nayuta 2017 ver.)""}",nayuta x 黒鳥(EastNewSound),single,,1677715202,1,default,,,,,,,,assets/songs/dl_hiirogekka/1080_base.jpg,115e163a9fe36ee827144eee2abea4b38c9ed61f82f6a9064dc393aa2a4b977e,2,assets/songs/dl_hiirogekka/1080_base.jpg;assets/songs/dl_hiirogekka/1080_base_256.jpg,c2b58dcad54203645057a859524789f59cfd5ca13613b610d04ad087b58aac90,384;768,384;768,image/jpeg,115e163a9fe36ee827144eee2abea4b38c9ed61f82f6a9064dc393aa2a4b977e;75d67cbc17cdc2f3994f54ba13b4ae0d2459ebefc93406bf584c90f106645987,true,original object SHA-256=115e163a9fe36ee827144eee2abea4b38c9ed61f82f6a9064dc393aa2a4b977e equals APK image SHA; legacy filename IDX=302 maps to songlist.idx,confirmed,01a00090-4073-79de-bc78-1884fec0917e,01a00090-4073-7d7e-9dbc-e3b5abd400b5,covered,confirmed
arcaea:hikari:default,hikari,96,Hikari,"{""ja"":""光"",""en"":""Hikari""}",THB,tonesphere,,1538870400,1,default,,,,,,,,assets/songs/dl_hikari/1080_base.jpg,8abb7905a552a418ff5b782003d93cc67d469a8fd872b528d73a4d2a47938d9b,2,assets/songs/dl_hikari/1080_base.jpg;assets/songs/dl_hikari/1080_base_256.jpg,c2b58dcad54203645057a859524789f59cfd5ca13613b610d04ad087b58aac90,384;768,384;768,image/jpeg,3ae24a0fa00767be1c4b9c2b84af115dd1146390ac90fa3e211deae5ece0cbd2;8abb7905a552a418ff5b782003d93cc67d469a8fd872b528d73a4d2a47938d9b,true,original object SHA-256=8abb7905a552a418ff5b782003d93cc67d469a8fd872b528d73a4d2a47938d9b equals APK image SHA; legacy filename IDX=96 maps to songlist.idx,confirmed,01a00090-4233-758a-9613-595499a8db23,01a00090-4233-70bb-a7e1-4e2d40d13e9a,covered,confirmed
arcaea:hivemind:default,hivemind,222,HIVEMIND,"{""en"":""HIVEMIND""}",かたぎり,extend,,1626825605,1,default,,,,,,,,assets/songs/dl_hivemind/1080_base.jpg,11a2c562e3a9e91f434c109853a8e9b2fcc75ec7c63981a30c34111cf7005f0a,2,assets/songs/dl_hivemind/1080_base.jpg;assets/songs/dl_hivemind/1080_base_256.jpg,c2b58dcad54203645057a859524789f59cfd5ca13613b610d04ad087b58aac90,384;768,384;768,image/jpeg,11a2c562e3a9e91f434c109853a8e9b2fcc75ec7c63981a30c34111cf7005f0a;ccad6f1b414dd10667726f8882a4d93d87fd0cf3a88430a1c4a6210af616d332,true,original object SHA-256=11a2c562e3a9e91f434c109853a8e9b2fcc75ec7c63981a30c34111cf7005f0a equals APK image SHA; legacy filename IDX=222 maps to songlist.idx,confirmed,01a00091-3c47-7acd-a33f-d6e74b6bdf7d,01a00091-3c47-7447-8bdf-c6d339afa08d,covered,confirmed
arcaea:hotarubinoyuki:default,hotarubinoyuki,368,Hotarubi no Yuki,"{""en"":""Hotarubi no Yuki"",""ja"":""蛍火の雪""}",Endorfin.,omatsuri,,1705017600,0,default,,,,,,,,assets/songs/dl_hotarubinoyuki/1080_base.jpg,9b0c620ff1a8eee62bd8260f3a97d6350745e74ccf0a373e22147025ed0ebcaf,2,assets/songs/dl_hotarubinoyuki/1080_base.jpg;assets/songs/dl_hotarubinoyuki/1080_base_256.jpg,c2b58dcad54203645057a859524789f59cfd5ca13613b610d04ad087b58aac90,384;768,384;768,image/jpeg,89c2018448af1b030d4692127d7777b90c7922e3e828aa5bf96379ababbe582f;9b0c620ff1a8eee62bd8260f3a97d6350745e74ccf0a373e22147025ed0ebcaf,true,original object SHA-256=9b0c620ff1a8eee62bd8260f3a97d6350745e74ccf0a373e22147025ed0ebcaf equals APK image SHA; legacy filename IDX=368 maps to songlist.idx,confirmed,01a00090-6448-732b-a4ec-f37bc52f3842,01a00090-6448-7fbc-b469-bc745cea9f20,covered,confirmed
arcaea:hybris:default,hybris,321,Hybris (The one who shattered),"{""en"":""Hybris (The one who shattered)"",""ja"":""ヒュブリスの頂に聳えるのは""}",qfeileadh feat.のあ,extend_2,,1684972803,1,default,,,,,,,,assets/songs/dl_hybris/1080_base.jpg,7397500e99530a0c9caa988cbf5a06b20264dee8b37e39b5411b2ea7653c8108,2,assets/songs/dl_hybris/1080_base.jpg;assets/songs/dl_hybris/1080_base_256.jpg,c2b58dcad54203645057a859524789f59cfd5ca13613b610d04ad087b58aac90,384;768,384;768,image/jpeg,7397500e99530a0c9caa988cbf5a06b20264dee8b37e39b5411b2ea7653c8108;87d36fabf7cc3014a77dd3c692649579487341fdc801a104977230b79a7c9bba,true,original object SHA-256=7397500e99530a0c9caa988cbf5a06b20264dee8b37e39b5411b2ea7653c8108 equals APK image SHA; legacy filename IDX=321 maps to songlist.idx,confirmed,01a00092-7f34-74e0-a538-4e353de2d8f4,01a00092-7f34-76a2-8e44-b85348518433,covered,confirmed
arcaea:hypervision:default,hypervision,399,HYPER VISION,"{""en"":""HYPER VISION""}",VOLTA,single,,1719446404,1,default,,,,,,,,assets/songs/dl_hypervision/1080_base.jpg,7a658b045d8493f65f96408fe1d9414886732adc7f93d1f39934f2e3e17470f5,2,assets/songs/dl_hypervision/1080_base.jpg;assets/songs/dl_hypervision/1080_base_256.jpg,c2b58dcad54203645057a859524789f59cfd5ca13613b610d04ad087b58aac90,384;768,384;768,image/jpeg,647664eafaeaf4fb9ecd1262196fc5a8a4c569b9e3bde84775fb1c2c8c68198e;7a658b045d8493f65f96408fe1d9414886732adc7f93d1f39934f2e3e17470f5,true,original object SHA-256=7a658b045d8493f65f96408fe1d9414886732adc7f93d1f39934f2e3e17470f5 equals APK image SHA; legacy filename IDX=399 maps to songlist.idx,confirmed,01a00091-3d46-79c1-b0a7-4be24907af34,01a00091-3d46-7ee0-a59f-b95d18ac1734,covered,confirmed
arcaea:hypnotize:default,hypnotize,404,Hypnotize,"{""en"":""Hypnotize""}",rejection,nihil,,1722297603,1,default,,,,,,,,assets/songs/dl_hypnotize/1080_base.jpg,673b008d82df8ce2180637eafbaa92580c9a87cca9822aed9aaba509dacd5a90,2,assets/songs/dl_hypnotize/1080_base.jpg;assets/songs/dl_hypnotize/1080_base_256.jpg,c2b58dcad54203645057a859524789f59cfd5ca13613b610d04ad087b58aac90,384;768,384;768,image/jpeg,673b008d82df8ce2180637eafbaa92580c9a87cca9822aed9aaba509dacd5a90;a8be8ebccae55860b9d4d76908f89650f7b2eebfee6d673115dececd41250a3c,true,original object SHA-256=673b008d82df8ce2180637eafbaa92580c9a87cca9822aed9aaba509dacd5a90 equals APK image SHA; legacy filename IDX=404 maps to songlist.idx,confirmed,01a00091-3e4a-78d0-aea5-eccbd719e419,01a00091-3e4a-7f0a-bd41-982b195e652f,covered,confirmed
arcaea:ichirin:default,ichirin,379,〇、,"{""en"":""〇、"",""ko_dialog"":""、""}",Kolaa & 熊子,extend_3,,1711324801,0,default,,,,,,,,assets/songs/dl_ichirin/1080_base.jpg,f2f96105e09227ee79652ea840b03c26bbd2ebf000d6ef81c281b34104bd1b5e,2,assets/songs/dl_ichirin/1080_base.jpg;assets/songs/dl_ichirin/1080_base_256.jpg,c2b58dcad54203645057a859524789f59cfd5ca13613b610d04ad087b58aac90,384;768,384;768,image/jpeg,97cc0e4e265bfa35946fd07e0f787203c568bf5f168e7b529a823031e096b6b7;f2f96105e09227ee79652ea840b03c26bbd2ebf000d6ef81c281b34104bd1b5e,true,original object SHA-256=f2f96105e09227ee79652ea840b03c26bbd2ebf000d6ef81c281b34104bd1b5e equals APK image SHA; legacy filename IDX=379 maps to songlist.idx,confirmed,01a00090-4e19-71a3-a4e0-94c8b1ac05ca,01a00090-4e19-70e3-aded-757e4d80800e,covered,confirmed
arcaea:iconoclast:default,iconoclast,53,Iconoclast,"{""en"":""Iconoclast""}",Yamajet,yugamu,,1509667203,1,default,,,,,,,,assets/songs/dl_iconoclast/1080_base.jpg,8a2231ffe30293b1b4a1ce96f42ddaec845ac58cb1b81227bd67296a6e1e970f,2,assets/songs/dl_iconoclast/1080_base.jpg;assets/songs/dl_iconoclast/1080_base_256.jpg,c2b58dcad54203645057a859524789f59cfd5ca13613b610d04ad087b58aac90,384;768,384;768,image/jpeg,44ab53cdea86b89db255a998139efc223365e5314d9a353bef083b0397dc8fcf;8a2231ffe30293b1b4a1ce96f42ddaec845ac58cb1b81227bd67296a6e1e970f,true,original object SHA-256=8a2231ffe30293b1b4a1ce96f42ddaec845ac58cb1b81227bd67296a6e1e970f equals APK image SHA; legacy filename IDX=53 maps to songlist.idx,confirmed,01a00091-413c-7e17-baab-812e0e31f9e7,01a00091-413c-703a-b987-3a6e1c318bc6,covered,confirmed
arcaea:ifi:default,ifi,159,#1f1e33,"{""en"":""#1f1e33""}",かめりあ(EDP),vs,,1590537604,1,default,,,,,,,,assets/songs/dl_ifi/1080_base.jpg,817c16bc8363f14610d7291d9d00c8c37994bd3e1d4abc0aad696bf1ab78b4b0,2,assets/songs/dl_ifi/1080_base.jpg;assets/songs/dl_ifi/1080_base_256.jpg,c2b58dcad54203645057a859524789f59cfd5ca13613b610d04ad087b58aac90,384;768,384;768,image/jpeg,817c16bc8363f14610d7291d9d00c8c37994bd3e1d4abc0aad696bf1ab78b4b0;eaeb6508b5bbbfbad748ecb8d1484c7fe43383eaf9480c6175a7f10e42f9c948,true,original object SHA-256=817c16bc8363f14610d7291d9d00c8c37994bd3e1d4abc0aad696bf1ab78b4b0 equals APK image SHA; legacy filename IDX=159 maps to songlist.idx,confirmed,01a00090-2c21-73d2-8911-e77b149fc14b,01a00090-2c21-7f62-916d-c5b8b2da0fcf,covered,confirmed
arcaea:ignition:default,ignition,435,Ignition,"{""en"":""Ignition""}",パソコン音楽クラブ,chunithm_append_3,,1734566400,0,default,,,,,,,,assets/songs/dl_ignition/1080_base.jpg,4b6b4e78aeb8b5d58c84d0339a0b2d31a7b824d32d4e17bb1a2154df3d20a3a0,2,assets/songs/dl_ignition/1080_base.jpg;assets/songs/dl_ignition/1080_base_256.jpg,c2b58dcad54203645057a859524789f59cfd5ca13613b610d04ad087b58aac90,384;768,384;768,image/jpeg,4b6b4e78aeb8b5d58c84d0339a0b2d31a7b824d32d4e17bb1a2154df3d20a3a0;53c3b10f3f6a8148d69277095a16b9d00a6c476baf3d7001c71d54da7e706399,true,original object SHA-256=4b6b4e78aeb8b5d58c84d0339a0b2d31a7b824d32d4e17bb1a2154df3d20a3a0 equals APK image SHA; legacy filename IDX=435 maps to songlist.idx,confirmed,01a00091-423b-70d6-b334-b0ed33b06bdc,01a00091-423b-7b50-8ce2-fc46d0b942ff,covered,confirmed
arcaea:ignotus:default,ignotus,41,Ignotus,"{""en"":""Ignotus""}",ak+q,base,,1500163200,1,default,,,,BYD,,,,assets/songs/dl_ignotus/1080_base.jpg,30b8e1b4e0526038c7cf5a68a79bcc202366313aab5ab8e414daa6177208d55f,2,assets/songs/dl_ignotus/1080_base.jpg;assets/songs/dl_ignotus/1080_base_256.jpg,c2b58dcad54203645057a859524789f59cfd5ca13613b610d04ad087b58aac90,384;768,384;768,image/jpeg,30b8e1b4e0526038c7cf5a68a79bcc202366313aab5ab8e414daa6177208d55f;f4cdeab9c672cb5d708a85ccdbe8d7427a78d3af3ef913d3ba887ff76fff2ae6,true,original object SHA-256=30b8e1b4e0526038c7cf5a68a79bcc202366313aab5ab8e414daa6177208d55f equals APK image SHA; legacy filename IDX=41 maps to songlist.idx,confirmed,01a00091-4538-7232-9fa4-ef85de588147,01a00091-4538-7012-b9b1-4a6600ac5937,covered,confirmed
arcaea:ignotus:difficulty:BYD,ignotus,41,Ignotus,"{""en"":""Ignotus""}",ak+q,base,,1500163200,1,difficulty-specific,BYD,3,True,BYD,,"{""en"":""Ignotus Afterburn""}",True,assets/songs/dl_ignotus/1080_3.jpg,12bda842b223a89a193f94a53c354b4b9070577188751384a150cf0ba6100145,2,assets/songs/dl_ignotus/1080_3.jpg;assets/songs/dl_ignotus/1080_3_256.jpg,c2b58dcad54203645057a859524789f59cfd5ca13613b610d04ad087b58aac90,384;768,384;768,image/jpeg,12bda842b223a89a193f94a53c354b4b9070577188751384a150cf0ba6100145;6c41009ee742fc1d86588bec9329e2c62ab12297608cd34f6f2da0d260fbc5fe,true,More than one Catalog Resource row points to this APK semantic slot,medium,01a00091-433a-7ed1-bfd0-6f97978d63d6;01a00091-4433-7261-acb2-de11ccfd2560,01a00091-433a-7e9b-9d7a-1ad253507cd4;01a00091-4433-7d92-b5f0-ced6ae125623,multiple-catalog-matches,ambiguous
arcaea:ii:default,ii,333, ͟͝͞Ⅱ́̕ ,"{""en"":"" ͟͝͞Ⅱ́̕ "",""zh-Hant"":""II"",""zh-Hans"":""II"",""ko"":""II""}",Cytus,cytusii_append_1,,1689724804,1,default,,,,PRS;PST,,,,assets/songs/dl_ii/1080_base.jpg,a1101320dfd2ee075487c99e73761fb9079f111cf51b013e38ceff8b04221f5d,2,assets/songs/dl_ii/1080_base.jpg;assets/songs/dl_ii/1080_base_256.jpg,c2b58dcad54203645057a859524789f59cfd5ca13613b610d04ad087b58aac90,384;768,384;768,image/jpeg,4a63244ce906c7df3719edfdf33e375f8bfcab845e2bcc464f33d31a86b5fd1c;a1101320dfd2ee075487c99e73761fb9079f111cf51b013e38ceff8b04221f5d,true,original object SHA-256=a1101320dfd2ee075487c99e73761fb9079f111cf51b013e38ceff8b04221f5d equals APK image SHA; legacy filename IDX=333 maps to songlist.idx,confirmed,01a00091-47e7-7913-8f18-6a3d6573bc1b,01a00091-47e7-7c79-a233-9452acbaa090,covered,confirmed
arcaea:ii:difficulty:PRS,ii,333, ͟͝͞Ⅱ́̕ ,"{""en"":"" ͟͝͞Ⅱ́̕ "",""zh-Hant"":""II"",""zh-Hans"":""II"",""ko"":""II""}",Cytus,cytusii_append_1,,1689724804,1,difficulty-specific,PRS,1,True,PRS;PST,,,,assets/songs/dl_ii/1080_1.jpg,28f8f56aab18112a7ae69ed7ad7be5a52fa337fb0a4cd5591bbe1ba71c88fadf,2,assets/songs/dl_ii/1080_1.jpg;assets/songs/dl_ii/1080_1_256.jpg,c2b58dcad54203645057a859524789f59cfd5ca13613b610d04ad087b58aac90,384;768,384;768,image/jpeg,28f8f56aab18112a7ae69ed7ad7be5a52fa337fb0a4cd5591bbe1ba71c88fadf;478ff29506805bfb9996fd28b42f6e8526ca4fe635796f08fc2b7d157bb1fda4,true,original object SHA-256=28f8f56aab18112a7ae69ed7ad7be5a52fa337fb0a4cd5591bbe1ba71c88fadf equals APK image SHA; legacy filename IDX=333 maps to songlist.idx,confirmed,01a00091-4706-7ce7-a1b5-c193c7331043,01a00091-4706-749d-9dec-d7d05563a20b,covered,confirmed
arcaea:ii:difficulty:PST,ii,333, ͟͝͞Ⅱ́̕ ,"{""en"":"" ͟͝͞Ⅱ́̕ "",""zh-Hant"":""II"",""zh-Hans"":""II"",""ko"":""II""}",Cytus,cytusii_append_1,,1689724804,1,difficulty-specific,PST,0,True,PRS;PST,,,,assets/songs/dl_ii/1080_0.jpg,0f1b82c121ff5bfb18368f3208b45c173cd4b95ce77b9a44c3cdf8daf134dd05,2,assets/songs/dl_ii/1080_0.jpg;assets/songs/dl_ii/1080_0_256.jpg,c2b58dcad54203645057a859524789f59cfd5ca13613b610d04ad087b58aac90,384;768,384;768,image/jpeg,0f1b82c121ff5bfb18368f3208b45c173cd4b95ce77b9a44c3cdf8daf134dd05;d6abcfb40e3c23fe3deccecc6d9e2dbfedcb60337f60fbe883dbcbb471d818e1,true,original object SHA-256=0f1b82c121ff5bfb18368f3208b45c173cd4b95ce77b9a44c3cdf8daf134dd05 equals APK image SHA; legacy filename IDX=333 maps to songlist.idx,confirmed,01a00091-4628-7159-9ba4-669f776cad55,01a00091-4628-7eff-a743-0e49a00747ba,covered,confirmed
arcaea:ikazuchi:default,ikazuchi,124,Ikazuchi,"{""en"":""Ikazuchi"",""ja"":""怒槌""}",光吉猛修,chunithm,,1558573201,1,default,,,,,,,,assets/songs/dl_ikazuchi/1080_base.jpg,ffb007c4d9691eb61c46d1e5d13ddf1e8dbc8f776df16b42b2c0d393e2a74f56,2,assets/songs/dl_ikazuchi/1080_base.jpg;assets/songs/dl_ikazuchi/1080_base_256.jpg,c2b58dcad54203645057a859524789f59cfd5ca13613b610d04ad087b58aac90,384;768,384;768,image/jpeg,266d667ffcc022aa8307d05e3f40ed33f92575e3fb82a0bb8aef64da383b7936;ffb007c4d9691eb61c46d1e5d13ddf1e8dbc8f776df16b42b2c0d393e2a74f56,true,original object SHA-256=ffb007c4d9691eb61c46d1e5d13ddf1e8dbc8f776df16b42b2c0d393e2a74f56 equals APK image SHA; legacy filename IDX=124 maps to songlist.idx,confirmed,01a00090-5216-7811-a1b5-0e5dd12083ed,01a00090-5216-71ae-9642-3e4827ffe39b,covered,confirmed
arcaea:impact:default,impact,310,IMPACT,"{""en"":""IMPACT""}",USAO feat. 光吉猛修,chunithm_append_2,,1679529601,0,default,,,,,,,,assets/songs/dl_impact/1080_base.jpg,1d66ffcca77fb721efae2d0d5328d9e3b9bca99a3166833d1ef968157dc93e82,2,assets/songs/dl_impact/1080_base.jpg;assets/songs/dl_impact/1080_base_256.jpg,c2b58dcad54203645057a859524789f59cfd5ca13613b610d04ad087b58aac90,384;768,384;768,image/jpeg,1d66ffcca77fb721efae2d0d5328d9e3b9bca99a3166833d1ef968157dc93e82;97c9186fcaac04fcde464d33ef48745b624a827f6473e9a4a4ba596dfbe92efb,true,original object SHA-256=1d66ffcca77fb721efae2d0d5328d9e3b9bca99a3166833d1ef968157dc93e82 equals APK image SHA; legacy filename IDX=310 maps to songlist.idx,confirmed,01a00091-48c9-7523-8bd7-6b2e73cdcf65,01a00091-48c9-7032-bbb4-2c29240b9512,covered,confirmed
arcaea:impurebird:default,impurebird,40,Impure Bird,"{""en"":""Impure Bird"",""ja"":""不浄な白い鳥""}",MIssionary,single,,1500163201,0,default,,,,,,,,assets/songs/dl_impurebird/1080_base.jpg,89442ac665b779f4995b883f9e787f44e65ac59f9f99dc1d28c73365af2e5895,2,assets/songs/dl_impurebird/1080_base.jpg;assets/songs/dl_impurebird/1080_base_256.jpg,c2b58dcad54203645057a859524789f59cfd5ca13613b610d04ad087b58aac90,384;768,384;768,image/jpeg,076fc4d1c8b372c1068b5e1483728449fa4fdc073d6aa5087e9c6bf0644c6d1e;89442ac665b779f4995b883f9e787f44e65ac59f9f99dc1d28c73365af2e5895,true,original object SHA-256=89442ac665b779f4995b883f9e787f44e65ac59f9f99dc1d28c73365af2e5895 equals APK image SHA; legacy filename IDX=40 maps to songlist.idx,confirmed,01a00090-3ad1-7a7c-93ec-a9d9ffd114a2,01a00090-3ad1-7862-81a8-aa048e153317,covered,confirmed
arcaea:incarnator:default,incarnator,501,INCARNATOR₀₀,"{""en"":""INCARNATOR₀₀"",""ko_dialog"":""INCARNATOR00"",""zh-Hans_dialog"":""INCARNATOR00"",""zh-Hant_dialog"":""INCARNATOR00""}",Silentroom × N²,nextstage,,1763769601,1,default,,,,,,,,assets/songs/dl_incarnator/1080_base.jpg,674228ca0c0e64a8de3823f1f4a7a9189be55aaa697c3e7c3e1a922155e2d3e9,2,assets/songs/dl_incarnator/1080_base.jpg;assets/songs/dl_incarnator/1080_base_256.jpg,c2b58dcad54203645057a859524789f59cfd5ca13613b610d04ad087b58aac90,384;768,384;768,image/jpeg,674228ca0c0e64a8de3823f1f4a7a9189be55aaa697c3e7c3e1a922155e2d3e9;94b400d833d011c29c7c41b737517919afe1fe34881eb070f679786ba11553b3,true,original object SHA-256=674228ca0c0e64a8de3823f1f4a7a9189be55aaa697c3e7c3e1a922155e2d3e9 equals APK image SHA; legacy filename IDX=501 maps to songlist.idx,confirmed,01a00091-4af1-716d-a82a-bf3766af1a8d,01a00091-4af1-7b6e-8778-90d1f4f69c48,covered,confirmed
arcaea:incompleteone:default,incompleteone,480,incomplete the one,"{""en"":""incomplete the one""}",Halv feat.Kuroa*,anima_append_1,,1755734402,1,default,,,,,,,,assets/songs/dl_incompleteone/1080_base.jpg,383f5b4b275ac28d59bc53416ee7409677b9540eac9309504d58f8f4a727d626,2,assets/songs/dl_incompleteone/1080_base.jpg;assets/songs/dl_incompleteone/1080_base_256.jpg,c2b58dcad54203645057a859524789f59cfd5ca13613b610d04ad087b58aac90,384;768,384;768,image/jpeg,383f5b4b275ac28d59bc53416ee7409677b9540eac9309504d58f8f4a727d626;e353dbe7680121ab91b9a400dd32b1cadd11d6d850de5bb1c1e3b159c1d1b400,true,original object SHA-256=383f5b4b275ac28d59bc53416ee7409677b9540eac9309504d58f8f4a727d626 equals APK image SHA; legacy filename IDX=480 maps to songlist.idx,confirmed,01a00091-4bfd-7ea4-90cb-ec658e1e815e,01a00091-4bfd-7da7-be0f-ceace5245116,covered,confirmed
arcaea:infinitedim:default,infinitedim,500,INFINITE DIMENSION,"{""en"":""INFINITE DIMENSION""}",DJ Noriken × P*Light,nextstage,,1763769600,0,default,,,,,,,,assets/songs/dl_infinitedim/1080_base.jpg,89158a6ae6dd811f4101c0739e67b74007f52e92f088096c1cce5928bb5a1770,2,assets/songs/dl_infinitedim/1080_base.jpg;assets/songs/dl_infinitedim/1080_base_256.jpg,c2b58dcad54203645057a859524789f59cfd5ca13613b610d04ad087b58aac90,384;768,384;768,image/jpeg,69cc096fe1786670f3ef0930909e33de4b2ad948a65516453620e1115cea31f5;89158a6ae6dd811f4101c0739e67b74007f52e92f088096c1cce5928bb5a1770,true,original object SHA-256=89158a6ae6dd811f4101c0739e67b74007f52e92f088096c1cce5928bb5a1770 equals APK image SHA; legacy filename IDX=500 maps to songlist.idx,confirmed,01a00091-4d07-7016-b979-ce48c8ca8d8f,01a00091-4d07-7366-a432-08cd3de57950,covered,confirmed
arcaea:infinitestrife:default,infinitestrife,276,"Infinite Strife,","{""en"":""Infinite Strife,""}",BlackYooh vs. siromaru,finale,,1657152005,1,default,,,,,,,,assets/songs/dl_infinitestrife/1080_base.jpg,539585072d42ca9d474bd12f86760174d6b983fd4a17e90d47071d950db971a9,2,assets/songs/dl_infinitestrife/1080_base.jpg;assets/songs/dl_infinitestrife/1080_base_256.jpg,c2b58dcad54203645057a859524789f59cfd5ca13613b610d04ad087b58aac90,384;768,384;768,image/jpeg,539585072d42ca9d474bd12f86760174d6b983fd4a17e90d47071d950db971a9;6f44b710fafadbb822981a9801b0228c8c3b88a08bf7516ad5263fd1dc4ed204,true,original object SHA-256=539585072d42ca9d474bd12f86760174d6b983fd4a17e90d47071d950db971a9 equals APK image SHA; legacy filename IDX=276 maps to songlist.idx,confirmed,01a00091-4e5d-75e2-b580-caba028a2449,01a00091-4e5d-7fcf-8a4a-1d0ce5690291,covered,confirmed
arcaea:infinity:default,infinity,306,[X],"{""en"":""[X]""}",Blacklolita,maimai_append_1,,1677715206,1,default,,,,,,,,assets/songs/dl_infinity/1080_base.jpg,3f7a5ccb066972e86fa874f2fb61bb379986c15f212e64dfdb6ea77c21715616,2,assets/songs/dl_infinity/1080_base.jpg;assets/songs/dl_infinity/1080_base_256.jpg,c2b58dcad54203645057a859524789f59cfd5ca13613b610d04ad087b58aac90,384;768,384;768,image/jpeg,3f7a5ccb066972e86fa874f2fb61bb379986c15f212e64dfdb6ea77c21715616;6d01998db9e3f71242320ad3b7ca205e85cafc65c6496e2a960038fba9eb1faa,true,original object SHA-256=3f7a5ccb066972e86fa874f2fb61bb379986c15f212e64dfdb6ea77c21715616 equals APK image SHA; legacy filename IDX=306 maps to songlist.idx,confirmed,01a00090-2b38-749b-9c4c-904953bcae72,01a00090-2b38-7611-9742-7923b6569ae6,covered,confirmed
arcaea:infinityheaven:default,infinityheaven,22,Infinity Heaven,"{""en"":""Infinity Heaven""}",HyuN,base,,1491868800,0,default,,,,BYD,,,,assets/songs/infinityheaven/1080_base.jpg,c4f3f2353793944937fdcea48bb5dc0368e986368d7dcbc3265c9264a3a4b663,2,assets/songs/infinityheaven/1080_base.jpg;assets/songs/infinityheaven/1080_base_256.jpg,c2b58dcad54203645057a859524789f59cfd5ca13613b610d04ad087b58aac90,384;768,384;768,image/jpeg,4923c409289a0106a5f6de2cf8b90b797d1a0ceba7459467e3ae44a0d9abe201;c4f3f2353793944937fdcea48bb5dc0368e986368d7dcbc3265c9264a3a4b663,true,original object SHA-256=c4f3f2353793944937fdcea48bb5dc0368e986368d7dcbc3265c9264a3a4b663 equals APK image SHA; legacy filename IDX=22 maps to songlist.idx,confirmed,01a00091-5079-7ce0-9c2b-57a78f12476a,01a00091-5079-7048-9f9a-301538b40d30,covered,confirmed
arcaea:infinityheaven:difficulty:BYD,infinityheaven,22,Infinity Heaven,"{""en"":""Infinity Heaven""}",HyuN,base,,1491868800,0,difficulty-specific,BYD,3,True,BYD,,,,assets/songs/infinityheaven/1080_3.jpg,96e68706acbc4c1f2b9add36a1269692d00ef6803250c6b896e0eaed2978869e,2,assets/songs/infinityheaven/1080_3.jpg;assets/songs/infinityheaven/1080_3_256.jpg,c2b58dcad54203645057a859524789f59cfd5ca13613b610d04ad087b58aac90,384;768,384;768,image/jpeg,0cb3cb500b8ed6d8544b42ebd4b92c11eae64326195b52db22a096e627708df9;96e68706acbc4c1f2b9add36a1269692d00ef6803250c6b896e0eaed2978869e,true,original object SHA-256=96e68706acbc4c1f2b9add36a1269692d00ef6803250c6b896e0eaed2978869e equals APK image SHA; legacy filename IDX=22 maps to songlist.idx,confirmed,01a00091-4f7a-724e-bff8-712e01d46995,01a00091-4f7a-704e-a6af-a48ba6bf16e4,covered,confirmed
arcaea:init:default,init,253,init(),"{""en"":""init()""}",kamome sano,single,,1642636800,1,default,,,,,,,,assets/songs/dl_init/1080_base.jpg,5c9fe74923d641deb88a53c3c6793e0fa29579e62e4cda2ad746c5182e9c29eb,2,assets/songs/dl_init/1080_base.jpg;assets/songs/dl_init/1080_base_256.jpg,c2b58dcad54203645057a859524789f59cfd5ca13613b610d04ad087b58aac90,384;768,384;768,image/jpeg,5c9fe74923d641deb88a53c3c6793e0fa29579e62e4cda2ad746c5182e9c29eb;5d4cb5621766c4d5d0cec6de218d520cef27d7a0352a8f18e1a61e41c61266d1,true,original object SHA-256=5c9fe74923d641deb88a53c3c6793e0fa29579e62e4cda2ad746c5182e9c29eb equals APK image SHA; legacy filename IDX=253 maps to songlist.idx,confirmed,01a00091-516b-7406-8469-89a852eab037,01a00091-516b-7d26-810e-3c294629efc4,covered,confirmed
arcaea:inkarusi:default,inkarusi,81,inkar-usi,"{""en"":""inkar-usi""}",DIA,base,,1529539200,0,default,,,,BYD,,,,assets/songs/inkarusi/1080_base.jpg,e9cb07bf359c77569a66714884f65931368f0e90b51f3ab393f7222f84744c2c,2,assets/songs/inkarusi/1080_base.jpg;assets/songs/inkarusi/1080_base_256.jpg,c2b58dcad54203645057a859524789f59cfd5ca13613b610d04ad087b58aac90,384;768,384;768,image/jpeg,7caf8f816963c239ebe0d1c7f9b5a6a300748a38ca240fe20d748c158fa24129;e9cb07bf359c77569a66714884f65931368f0e90b51f3ab393f7222f84744c2c,true,original object SHA-256=e9cb07bf359c77569a66714884f65931368f0e90b51f3ab393f7222f84744c2c equals APK image SHA; legacy filename IDX=81 maps to songlist.idx,confirmed,01a00091-533f-7204-b29a-998b89c34fec,01a00091-533f-7fd8-9bb5-692f6af6be44,covered,confirmed
arcaea:inkarusi:difficulty:BYD,inkarusi,81,inkar-usi,"{""en"":""inkar-usi""}",DIA,base,,1529539200,0,difficulty-specific,BYD,3,True,BYD,,,,assets/songs/inkarusi/1080_3.jpg,b1c4b4f3e46b79c68a15f8a625b266c5e5f6138984b0c5c18fa01a192b50acba,2,assets/songs/inkarusi/1080_3.jpg;assets/songs/inkarusi/1080_3_256.jpg,c2b58dcad54203645057a859524789f59cfd5ca13613b610d04ad087b58aac90,384;768,384;768,image/jpeg,61adc3cb7b8afb98a4f362f2bedd0a5db60222adaf3e089d9ac2ac3bd753e93b;b1c4b4f3e46b79c68a15f8a625b266c5e5f6138984b0c5c18fa01a192b50acba,true,original object SHA-256=b1c4b4f3e46b79c68a15f8a625b266c5e5f6138984b0c5c18fa01a192b50acba equals APK image SHA; legacy filename IDX=81 maps to songlist.idx,confirmed,01a00091-524b-7bb7-bc9c-ae2bf7541c27,01a00091-524b-7447-8aeb-ad08ec5a8802,covered,confirmed
arcaea:innocence:default,innocence,372,Innocence,"{""en"":""Innocence""}",Powerless feat. Sennzai,single,,1709856004,0,default,,,,,,,,assets/songs/dl_innocence/1080_base.jpg,46ab7bb77129c87d0335b8fcfb186472abbc0c17eae96b8d6e27708a78cce1a4,2,assets/songs/dl_innocence/1080_base.jpg;assets/songs/dl_innocence/1080_base_256.jpg,c2b58dcad54203645057a859524789f59cfd5ca13613b610d04ad087b58aac90,384;768,384;768,image/jpeg,46ab7bb77129c87d0335b8fcfb186472abbc0c17eae96b8d6e27708a78cce1a4;76c3a78daf1fda9d1a7ebae15fe98def4aa9dcebe03f089d9c0b1d077a7b2d9b,true,original object SHA-256=46ab7bb77129c87d0335b8fcfb186472abbc0c17eae96b8d6e27708a78cce1a4 equals APK image SHA; legacy filename IDX=372 maps to songlist.idx,confirmed,01a00091-5447-7e1e-8599-289d32c8129c,01a00091-5447-7083-a237-8ff4fd04522b,covered,confirmed
arcaea:internetoverdose:default,internetoverdose,254,INTERNET OVERDOSE,"{""en"":""INTERNET OVERDOSE""}",Aiobahn feat. KOTOKO,single,,1645056003,0,default,,,,,,,,assets/songs/dl_internetoverdose/1080_base.jpg,4ed6967df2afd518b2c55649a631836e610da62fd56b1d13cbd0024bccbe88fd,2,assets/songs/dl_internetoverdose/1080_base.jpg;assets/songs/dl_internetoverdose/1080_base_256.jpg,c2b58dcad54203645057a859524789f59cfd5ca13613b610d04ad087b58aac90,384;768,384;768,image/jpeg,4ed6967df2afd518b2c55649a631836e610da62fd56b1d13cbd0024bccbe88fd;ca6ff9639cb4ad3c255ff79d0df77ff6213b3bc3eb4c52d4a1ca19c6eaba8748,true,original object SHA-256=4ed6967df2afd518b2c55649a631836e610da62fd56b1d13cbd0024bccbe88fd equals APK image SHA; legacy filename IDX=254 maps to songlist.idx,confirmed,01a00091-5562-7599-b7c6-4f544d6b197c,01a00091-5562-7427-82e1-a86c3cb0558e,covered,confirmed
arcaea:internetyamero:default,internetyamero,323,INTERNET YAMERO,"{""en"":""INTERNET YAMERO""}",Aiobahn feat. KOTOKO,single,,1687910400,1,default,,,,,,,,assets/songs/dl_internetyamero/1080_base.jpg,8a52042a7999142a96bb7b69cbe2bc5e2cb3070f1b6f53af974612ad09c8561e,2,assets/songs/dl_internetyamero/1080_base.jpg;assets/songs/dl_internetyamero/1080_base_256.jpg,c2b58dcad54203645057a859524789f59cfd5ca13613b610d04ad087b58aac90,384;768,384;768,image/jpeg,8a52042a7999142a96bb7b69cbe2bc5e2cb3070f1b6f53af974612ad09c8561e;d2b942f2ecafa0664ef8550d908679853b8cf92446ec2a882bb8f1b0ed200df0,true,original object SHA-256=8a52042a7999142a96bb7b69cbe2bc5e2cb3070f1b6f53af974612ad09c8561e equals APK image SHA; legacy filename IDX=323 maps to songlist.idx,confirmed,01a00091-5672-7211-94fa-8d64dcd6fd48,01a00091-5673-7c94-9617-de60d65e9f01,covered,confirmed
arcaea:invain:default,invain,403,In Vain,"{""en"":""In Vain""}",ryhki,nihil,,1722297602,1,default,,,,,,,,assets/songs/dl_invain/1080_base.jpg,98af503c247d77be65d1d83caffc5c01f14ba1700eb329152d698ffc3bde7f9b,2,assets/songs/dl_invain/1080_base.jpg;assets/songs/dl_invain/1080_base_256.jpg,c2b58dcad54203645057a859524789f59cfd5ca13613b610d04ad087b58aac90,384;768,384;768,image/jpeg,103b5033fef6cb8dbf5d8da16322839aea6b9a38b01c4de15e4bb6985e6f12f2;98af503c247d77be65d1d83caffc5c01f14ba1700eb329152d698ffc3bde7f9b,true,original object SHA-256=98af503c247d77be65d1d83caffc5c01f14ba1700eb329152d698ffc3bde7f9b equals APK image SHA; legacy filename IDX=403 maps to songlist.idx,confirmed,01a00091-49d6-7739-a458-ccfa4bdff286,01a00091-49d6-7230-a424-4dbfcf6e5400,covered,confirmed
arcaea:invertedworld:default,invertedworld,410,Inverted World,"{""en"":""Inverted World""}",ARForest,rotaeno,,1724889603,0,default,,,,,,,,assets/songs/dl_invertedworld/1080_base.jpg,71b919e4d33f1d5b1a83087dfe940e92acdb11845ee461232c345feb8bd22200,2,assets/songs/dl_invertedworld/1080_base.jpg;assets/songs/dl_invertedworld/1080_base_256.jpg,c2b58dcad54203645057a859524789f59cfd5ca13613b610d04ad087b58aac90,384;768,384;768,image/jpeg,0a39f1ab3b08795386081514afdae9fb984ed0b55280d5bb956c5c8652ad1c3c;71b919e4d33f1d5b1a83087dfe940e92acdb11845ee461232c345feb8bd22200,true,original object SHA-256=71b919e4d33f1d5b1a83087dfe940e92acdb11845ee461232c345feb8bd22200 equals APK image SHA; legacy filename IDX=410 maps to songlist.idx,confirmed,01a00091-5781-7035-abd3-6243f952d008,01a00091-5781-7a09-a724-c332f28319ec,covered,confirmed
arcaea:ionostream:default,ionostream,373,IONOSTREAM,"{""en"":""IONOSTREAM""}",Tatsh,single,,1709856005,1,default,,,,,,,,assets/songs/dl_ionostream/1080_base.jpg,64b64e1be1196c1e07000212930dccb894d83c111fb2e89719bcb41dabb2568e,2,assets/songs/dl_ionostream/1080_base.jpg;assets/songs/dl_ionostream/1080_base_256.jpg,c2b58dcad54203645057a859524789f59cfd5ca13613b610d04ad087b58aac90,384;768,384;768,image/jpeg,64b64e1be1196c1e07000212930dccb894d83c111fb2e89719bcb41dabb2568e;bb34486c6666be77c976f0602415bb9835f4ce09e35c4257fc66f79218633dd2,true,original object SHA-256=64b64e1be1196c1e07000212930dccb894d83c111fb2e89719bcb41dabb2568e equals APK image SHA; legacy filename IDX=373 maps to songlist.idx,confirmed,01a00091-588c-7309-ba31-29b0921e5c66,01a00091-588c-711a-93ba-05e2a0175b39,covered,confirmed
arcaea:iwantyou:default,iwantyou,467,I want You,"{""en"":""I want You""}",Lin-G,djmax_append_1,,1750896003,0,default,,,,,,,,assets/songs/dl_iwantyou/1080_base.jpg,df75f7a9c88c818e33b8b7c58778c909a5c577086ebf47ed685fdb6005b524c4,2,assets/songs/dl_iwantyou/1080_base.jpg;assets/songs/dl_iwantyou/1080_base_256.jpg,c2b58dcad54203645057a859524789f59cfd5ca13613b610d04ad087b58aac90,384;768,384;768,image/jpeg,645c9f27d009299bd4bbbd0aca5de850ccaea16234725c52591cb02184bbcf8b;df75f7a9c88c818e33b8b7c58778c909a5c577086ebf47ed685fdb6005b524c4,true,original object SHA-256=df75f7a9c88c818e33b8b7c58778c909a5c577086ebf47ed685fdb6005b524c4 equals APK image SHA; legacy filename IDX=467 maps to songlist.idx,confirmed,01a00091-3f37-7f28-9c9c-7f6bf2bd732c,01a00091-3f37-7d0d-81df-4c510d5b4333,covered,confirmed
arcaea:izana:default,izana,148,IZANA,"{""en"":""IZANA""}",t+pazolite vs P*Light,single,,1579478402,0,default,,,,,,,,assets/songs/dl_izana/1080_base.jpg,0318e11eebf77f3308e755781ed6342e4afeace875b41da50255b327f7f32afa,2,assets/songs/dl_izana/1080_base.jpg;assets/songs/dl_izana/1080_base_256.jpg,c2b58dcad54203645057a859524789f59cfd5ca13613b610d04ad087b58aac90,384;768,384;768,image/jpeg,0318e11eebf77f3308e755781ed6342e4afeace875b41da50255b327f7f32afa;af0fd6673b704098b437c25d60c88a12a02ffbd2494f8ce40fcc8da2e5910c6e,true,original object SHA-256=0318e11eebf77f3308e755781ed6342e4afeace875b41da50255b327f7f32afa equals APK image SHA; legacy filename IDX=148 maps to songlist.idx,confirmed,01a00091-599e-7d6c-93aa-a9458f1b92b4,01a00091-599f-7570-ac67-a163c8ed8447,covered,confirmed
arcaea:jingle:default,jingle,371,Jingle,"{""en"":""Jingle""}",DJ Noriken,base,,1709856003,0,default,,,,,,,,assets/songs/jingle/1080_base.jpg,b1b50b2e6acbccdf7d6b84bd9d999c85334a45f2d6e5acea29baa22c4d77c93e,2,assets/songs/jingle/1080_base.jpg;assets/songs/jingle/1080_base_256.jpg,c2b58dcad54203645057a859524789f59cfd5ca13613b610d04ad087b58aac90,384;768,384;768,image/jpeg,926224bc2e4319c3b05f5c7680c0e059059523b841115e4795d7c0dcb5e4ed96;b1b50b2e6acbccdf7d6b84bd9d999c85334a45f2d6e5acea29baa22c4d77c93e,true,original object SHA-256=b1b50b2e6acbccdf7d6b84bd9d999c85334a45f2d6e5acea29baa22c4d77c93e equals APK image SHA; legacy filename IDX=371 maps to songlist.idx,confirmed,01a00091-5aaa-7649-bd7b-b0d27cfe33c8,01a00091-5aaa-72fa-92c0-1edefec32b92,covered,confirmed
arcaea:journey:default,journey,64,Journey,"{""en"":""Journey""}",ARForest,lanota,,1517443202,0,default,,,,,,,,assets/songs/dl_journey/1080_base.jpg,f678aeb14c82e99166013372c63a31d0db22d799a5a68f2ff9dc78e58413c2b5,2,assets/songs/dl_journey/1080_base.jpg;assets/songs/dl_journey/1080_base_256.jpg,c2b58dcad54203645057a859524789f59cfd5ca13613b610d04ad087b58aac90,384;768,384;768,image/jpeg,7770d43546d2c3b53fb39e51e79ce2e1a34bdb868d9d8f3ff4ac0efa1a1a445f;f678aeb14c82e99166013372c63a31d0db22d799a5a68f2ff9dc78e58413c2b5,true,original object SHA-256=f678aeb14c82e99166013372c63a31d0db22d799a5a68f2ff9dc78e58413c2b5 equals APK image SHA; legacy filename IDX=64 maps to songlist.idx,confirmed,01a00091-5bc1-71e2-8702-41dfba0fb76c,01a00091-5bc1-7235-a797-2713625451cc,covered,confirmed
arcaea:judgement:default,judgement,406,Judgement,"{""en"":""Judgement""}",Tatsunoshin,nihil,,1722297605,1,default,,,,,,,,assets/songs/dl_judgement/1080_base.jpg,4fbacc329c7a28173eec8d23f4fd4dad56458bd824d1550b4ba73bbc6d0bd6e5,2,assets/songs/dl_judgement/1080_base.jpg;assets/songs/dl_judgement/1080_base_256.jpg,c2b58dcad54203645057a859524789f59cfd5ca13613b610d04ad087b58aac90,384;768,384;768,image/jpeg,4fbacc329c7a28173eec8d23f4fd4dad56458bd824d1550b4ba73bbc6d0bd6e5;5bd1f76594061a7aec079b71dd0781f901eb2fc985fac9b73e05959f14b9df28,true,original object SHA-256=4fbacc329c7a28173eec8d23f4fd4dad56458bd824d1550b4ba73bbc6d0bd6e5 equals APK image SHA; legacy filename IDX=406 maps to songlist.idx,confirmed,01a00091-5cbc-7e84-8fd8-6e58dfeb7229,01a00091-5cbc-7624-bd9a-3af8400237d9,covered,confirmed
arcaea:jump:default,jump,186,Jump,"{""en"":""Jump""}",Rasmus Faber,alice,,1606953603,0,default,,,,,,,,assets/songs/dl_jump/1080_base.jpg,a3d504b95dd1ca0a6530c98ef166af21ff7d4672a2fa6bbed68a13a945430785,2,assets/songs/dl_jump/1080_base.jpg;assets/songs/dl_jump/1080_base_256.jpg,c2b58dcad54203645057a859524789f59cfd5ca13613b610d04ad087b58aac90,384;768,384;768,image/jpeg,a3d504b95dd1ca0a6530c98ef166af21ff7d4672a2fa6bbed68a13a945430785;eed62fe3b67b2a68ed0f72f7e30c3220b38fdeeb0bfab1f4343f3ec66692e0e2,true,original object SHA-256=a3d504b95dd1ca0a6530c98ef166af21ff7d4672a2fa6bbed68a13a945430785 equals APK image SHA; legacy filename IDX=186 maps to songlist.idx,confirmed,01a00091-5dc6-7330-8df1-6ceccf4cdbed,01a00091-5dc6-7fdc-84e8-a17d32fa5b17,covered,confirmed
arcaea:kamippoi:default,kamippoi,538,God-ish,"{""en"":""God-ish"",""ja"":""神っぽいな""}",ピノキオピー,virtualsingers,,1782345602,1,default,,,,,,,,assets/songs/dl_kamippoi/1080_base.jpg,4f78b1f7e100b6b18082683084e50813d6dfe5cc01c18f0797820dadf6887653,2,assets/songs/dl_kamippoi/1080_base.jpg;assets/songs/dl_kamippoi/1080_base_256.jpg,c2b58dcad54203645057a859524789f59cfd5ca13613b610d04ad087b58aac90,384;768,384;768,image/jpeg,4f78b1f7e100b6b18082683084e50813d6dfe5cc01c18f0797820dadf6887653;9bc28def59cf726b509862bc763b5a09b09ab989e9b54fe1a20fb40fedada4d5,true,Current song-linked semantic slot has no Catalog Resource match,unknown,,,missing-from-catalog,unmatched
arcaea:kanagawa:default,kanagawa,33,Kanagawa Cyber Culvert,"{""en"":""Kanagawa Cyber Culvert"",""ja"":""神奈川電脳暗渠""}",南ゆに,base,,1496188801,0,default,,,,BYD,,,,assets/songs/dl_kanagawa/1080_base.jpg,c16eb59d3d0386d648680a2624e2ae5a925a61f8498d3fd9558a41da0cfbcb1c,2,assets/songs/dl_kanagawa/1080_base.jpg;assets/songs/dl_kanagawa/1080_base_256.jpg,c2b58dcad54203645057a859524789f59cfd5ca13613b610d04ad087b58aac90,384;768,384;768,image/jpeg,c16eb59d3d0386d648680a2624e2ae5a925a61f8498d3fd9558a41da0cfbcb1c;e6a24a9fafb6dbc8dfc301a92fcf165e535b355cd0c2e290c47c9fe1af494261,true,original object SHA-256=c16eb59d3d0386d648680a2624e2ae5a925a61f8498d3fd9558a41da0cfbcb1c equals APK image SHA; legacy filename IDX=33 maps to songlist.idx,confirmed,01a00090-56b5-730e-835b-9050c4640de1,01a00090-56b5-75c9-b1ee-a1ab1dcae9df,covered,confirmed
arcaea:kanagawa:difficulty:BYD,kanagawa,33,Kanagawa Cyber Culvert,"{""en"":""Kanagawa Cyber Culvert"",""ja"":""神奈川電脳暗渠""}",南ゆに,base,,1496188801,0,difficulty-specific,BYD,3,True,BYD,,,,assets/songs/dl_kanagawa/1080_3.jpg,701a5c9f80aa9314030002a282705950fa47701ab4cbd6de63c8bbe89c41395f,2,assets/songs/dl_kanagawa/1080_3.jpg;assets/songs/dl_kanagawa/1080_3_256.jpg,c2b58dcad54203645057a859524789f59cfd5ca13613b610d04ad087b58aac90,384;768,384;768,image/jpeg,5e3b15d981419036b8b74c29119b11e5bf4b0156d3f192921e27bf78057ce1a5;701a5c9f80aa9314030002a282705950fa47701ab4cbd6de63c8bbe89c41395f,true,original object SHA-256=701a5c9f80aa9314030002a282705950fa47701ab4cbd6de63c8bbe89c41395f equals APK image SHA; legacy filename IDX=33 maps to songlist.idx,confirmed,01a00090-558e-7e61-b6e6-87d521177c4f,01a00090-558e-7885-80ab-2f3d12c9bf09,covered,confirmed
arcaea:kissinglucifer:default,kissinglucifer,259,Kissing Lucifer,"{""en"":""Kissing Lucifer""}",ETIA.,single,,1645056005,1,default,,,,,,,,assets/songs/dl_kissinglucifer/1080_base.jpg,0f7851bc49671062d65164c4c1e018cc6d4ad5fe2ddbeb497fb60a3f43bed15b,2,assets/songs/dl_kissinglucifer/1080_base.jpg;assets/songs/dl_kissinglucifer/1080_base_256.jpg,c2b58dcad54203645057a859524789f59cfd5ca13613b610d04ad087b58aac90,384;768,384;768,image/jpeg,0f7851bc49671062d65164c4c1e018cc6d4ad5fe2ddbeb497fb60a3f43bed15b;9a583f51289e543e5105aca37b39a8cdfb0948947b871d18ae377b3a98137568,true,original object SHA-256=0f7851bc49671062d65164c4c1e018cc6d4ad5fe2ddbeb497fb60a3f43bed15b equals APK image SHA; legacy filename IDX=259 maps to songlist.idx,confirmed,01a00091-5ee8-7443-a831-2ec4a5629d1e,01a00091-5ee8-74f2-954a-a70942503d79,covered,confirmed
arcaea:kokoro:default,kokoro,285,Heart,"{""en"":""Heart"",""ja"":""心""}",削除 (Violin : Katali),ongeki_append_1,,1664409600,0,default,,,,,,,,assets/songs/dl_kokoro/base.jpg,f3511beb8577c149680f9f5c9a48c42e6fb8aa11cac04ebb8be04801f3580196,2,assets/songs/dl_kokoro/base.jpg;assets/songs/dl_kokoro/base_256.jpg,c2b58dcad54203645057a859524789f59cfd5ca13613b610d04ad087b58aac90,256;512,256;512,image/jpeg,877d41c7bc6092bf638ef0809d220f1544e34ead3fd0552c365c5fc273215042;f3511beb8577c149680f9f5c9a48c42e6fb8aa11cac04ebb8be04801f3580196,true,original object SHA-256=f3511beb8577c149680f9f5c9a48c42e6fb8aa11cac04ebb8be04801f3580196 equals APK image SHA; legacy filename IDX=285 maps to songlist.idx,confirmed,01a00090-5b8c-7fff-a2a3-c260e7cfbf60,01a00090-5b8c-718b-a861-6a91da9d451c,covered,confirmed
arcaea:kyogenkigo:default,kyogenkigo,221,False Embellishment,"{""en"":""False Embellishment"",""ja"":""狂言綺語""}",影虎。 & ikaruga_nex,extend,,1626825604,1,default,,,,BYD,,,,assets/songs/dl_kyogenkigo/1080_base.jpg,10a8edc7118b10e29a5994882e04e0e2a0f6962d400549f66ea5edddcc50f0e4,2,assets/songs/dl_kyogenkigo/1080_base.jpg;assets/songs/dl_kyogenkigo/1080_base_256.jpg,c2b58dcad54203645057a859524789f59cfd5ca13613b610d04ad087b58aac90,384;768,384;768,image/jpeg,10a8edc7118b10e29a5994882e04e0e2a0f6962d400549f66ea5edddcc50f0e4;35dd6e7e59bfd71103b7d338f56ad6bf8559a8bd7058acf0c4fb3a32f3c960d4,true,original object SHA-256=10a8edc7118b10e29a5994882e04e0e2a0f6962d400549f66ea5edddcc50f0e4 equals APK image SHA; legacy filename IDX=221 maps to songlist.idx,confirmed,01a00090-4bf3-7485-9502-8e7d0de9b58c,01a00090-4bf3-7bda-958c-31290fd46997,covered,confirmed
arcaea:kyogenkigo:difficulty:BYD,kyogenkigo,221,False Embellishment,"{""en"":""False Embellishment"",""ja"":""狂言綺語""}",影虎。 & ikaruga_nex,extend,,1626825604,1,difficulty-specific,BYD,3,True,BYD,,,,assets/songs/dl_kyogenkigo/1080_3.jpg,dcff125f16d266c13b4274200388a8cc2be078955482c04946160c17f96e1c1d,2,assets/songs/dl_kyogenkigo/1080_3.jpg;assets/songs/dl_kyogenkigo/1080_3_256.jpg,c2b58dcad54203645057a859524789f59cfd5ca13613b610d04ad087b58aac90,384;768,384;768,image/jpeg,4210af36ad6649f5441bcc1a05cce3f712336fd91dbce3dd1e9fb4ccc59d929e;dcff125f16d266c13b4274200388a8cc2be078955482c04946160c17f96e1c1d,true,original object SHA-256=dcff125f16d266c13b4274200388a8cc2be078955482c04946160c17f96e1c1d equals APK image SHA; legacy filename IDX=221 maps to songlist.idx,confirmed,01a00090-4acc-735e-825b-a8b1b71eb777,01a00090-4acc-747e-afd9-4df51566ce52,covered,confirmed
arcaea:kyorenromance:default,kyorenromance,376,KYOREN ROMANCE,"{""en"":""KYOREN ROMANCE"",""ja"":""狂恋ROMANCE""}",REDALiCE vs DJ Myosuke feat. DELUTAYA,single,,1709856008,1,default,,,,,,,,assets/songs/dl_kyorenromance/1080_base.jpg,73df7f90951fffeb22abf3c48fe1e1ecc28853542e44cc008d614dcd73cecbac,2,assets/songs/dl_kyorenromance/1080_base.jpg;assets/songs/dl_kyorenromance/1080_base_256.jpg,c2b58dcad54203645057a859524789f59cfd5ca13613b610d04ad087b58aac90,384;768,384;768,image/jpeg,2370f437f6bce76890a57902d1a4c4eaf27e935d3fcb8fd509796b7b7fe98402;73df7f90951fffeb22abf3c48fe1e1ecc28853542e44cc008d614dcd73cecbac,true,original object SHA-256=73df7f90951fffeb22abf3c48fe1e1ecc28853542e44cc008d614dcd73cecbac equals APK image SHA; legacy filename IDX=376 maps to songlist.idx,confirmed,01a00090-49d4-7ea8-b075-1ccf7ebc0dec,01a00090-49d5-7c9e-ac94-c73df52c2bdd,covered,confirmed
arcaea:ladymadestar:default,ladymadestar,458,Ladymade Star,"{""en"":""Ladymade Star""}",ESTi,djmax,,1747872002,0,default,,,,,,,,assets/songs/dl_ladymadestar/1080_base.jpg,79d4547a95b5d16448416aa7ae94c1902bb7c4ba5679750e40c262de5c926339,2,assets/songs/dl_ladymadestar/1080_base.jpg;assets/songs/dl_ladymadestar/1080_base_256.jpg,c2b58dcad54203645057a859524789f59cfd5ca13613b610d04ad087b58aac90,384;768,384;768,image/jpeg,5001c49796c485abb16760eb6eab5aa6e1c096b505116ab5beb598026b246086;79d4547a95b5d16448416aa7ae94c1902bb7c4ba5679750e40c262de5c926339,true,original object SHA-256=79d4547a95b5d16448416aa7ae94c1902bb7c4ba5679750e40c262de5c926339 equals APK image SHA; legacy filename IDX=458 maps to songlist.idx,confirmed,01a00091-6234-71be-9554-36fcc3d0112c,01a00091-6234-7240-9bb8-10465625c5bb,covered,confirmed
arcaea:lamentrain:default,lamentrain,432,Lament Rain,"{""en"":""Lament Rain""}",Ashrount vs. 打打だいず,lephon,,1732147209,3,default,,,,,,,,assets/songs/dl_lamentrain/1080_base.jpg,e761fe0deaf121b780ca1f489553e6ceffdbb56f691b62c04485fd07725a8802,2,assets/songs/dl_lamentrain/1080_base.jpg;assets/songs/dl_lamentrain/1080_base_256.jpg,c2b58dcad54203645057a859524789f59cfd5ca13613b610d04ad087b58aac90,384;768,384;768,image/jpeg,de5cea91d14573639a02d12b28de2fff873f0e8dff5b05e35fa37a2cf2057412;e761fe0deaf121b780ca1f489553e6ceffdbb56f691b62c04485fd07725a8802,true,original object SHA-256=e761fe0deaf121b780ca1f489553e6ceffdbb56f691b62c04485fd07725a8802 equals APK image SHA; legacy filename IDX=432 maps to songlist.idx,confirmed,01a00091-634a-7376-b58a-4005ffeec7d1,01a00091-634a-781c-b4f2-5dbf02be4e19,covered,confirmed
arcaea:lamia:default,lamia,289,LAMIA,"{""en"":""LAMIA""}",BlackY,ongeki_append_1,,1664409604,1,default,,,,,,,,assets/songs/dl_lamia/base.jpg,1db0f29464b728ab65b2ed8fdf67c369e44cecc84433ea173b7a23bd8b7194e3,2,assets/songs/dl_lamia/base.jpg;assets/songs/dl_lamia/base_256.jpg,c2b58dcad54203645057a859524789f59cfd5ca13613b610d04ad087b58aac90,256;512,256;512,image/jpeg,1db0f29464b728ab65b2ed8fdf67c369e44cecc84433ea173b7a23bd8b7194e3;e378b259c22472b3941d2d82404e48eaffb2f25018f02100133064540e4839c9,true,original object SHA-256=1db0f29464b728ab65b2ed8fdf67c369e44cecc84433ea173b7a23bd8b7194e3 equals APK image SHA; legacy filename IDX=289 maps to songlist.idx,confirmed,01a00091-6465-7312-b9ab-8cf134907fa1,01a00091-6465-737d-b99e-7c36791cd056,covered,confirmed
arcaea:lapis:default,lapis,180,Lapis,"{""en"":""Lapis""}",SHIKI,extend,,1604016000,0,default,,,,,,,,assets/songs/dl_lapis/1080_base.jpg,b0d2bb30735b83073f429acae0fd6afc28f961894da1ea8f53047942d10d5d94,2,assets/songs/dl_lapis/1080_base.jpg;assets/songs/dl_lapis/1080_base_256.jpg,c2b58dcad54203645057a859524789f59cfd5ca13613b610d04ad087b58aac90,384;768,384;768,image/jpeg,b0d2bb30735b83073f429acae0fd6afc28f961894da1ea8f53047942d10d5d94;e7625f377359d608fb84c6c9456551d8c40692a378461d45dd6b0c6bd7fe61c9,true,original object SHA-256=b0d2bb30735b83073f429acae0fd6afc28f961894da1ea8f53047942d10d5d94 equals APK image SHA; legacy filename IDX=180 maps to songlist.idx,confirmed,01a00091-6550-7219-99ea-2b3530fe68e1,01a00091-6550-737f-b931-31932653bb43,covered,confirmed
arcaea:laqryma:default,laqryma,146,La'qryma of the Wasteland,"{""en"":""La'qryma of the Wasteland""}",DJ Noriken,single,,1579478400,1,default,,,,BYD,,,,assets/songs/dl_laqryma/1080_base.jpg,bc1eea5971a2e228e501bbc28506a8adc1d34e476c163ad739565dbaca72b821,2,assets/songs/dl_laqryma/1080_base.jpg;assets/songs/dl_laqryma/1080_base_256.jpg,c2b58dcad54203645057a859524789f59cfd5ca13613b610d04ad087b58aac90,384;768,384;768,image/jpeg,642051be823ada9df7b4cc5efc74fc5463a473c4165414158858492607f45c87;bc1eea5971a2e228e501bbc28506a8adc1d34e476c163ad739565dbaca72b821,true,original object SHA-256=bc1eea5971a2e228e501bbc28506a8adc1d34e476c163ad739565dbaca72b821 equals APK image SHA; legacy filename IDX=146 maps to songlist.idx,confirmed,01a00091-6124-7736-8ca2-e10efd90cd3a,01a00091-6124-77f2-8017-9f49f6649f9e,covered,confirmed
arcaea:laqryma:difficulty:BYD,laqryma,146,La'qryma of the Wasteland,"{""en"":""La'qryma of the Wasteland""}",DJ Noriken,single,,1579478400,1,difficulty-specific,BYD,3,True,BYD,,,,assets/songs/dl_laqryma/1080_3.jpg,11ce6de57e9583d9d3b57061060e2d7862ac796348291731fd2e3b3861226915,2,assets/songs/dl_laqryma/1080_3.jpg;assets/songs/dl_laqryma/1080_3_256.jpg,c2b58dcad54203645057a859524789f59cfd5ca13613b610d04ad087b58aac90,384;768,384;768,image/jpeg,11ce6de57e9583d9d3b57061060e2d7862ac796348291731fd2e3b3861226915;819a4d2cf8c81e54ea569ead74bfae77f33e4b178b40c988189f5a02366589d2,true,original object SHA-256=11ce6de57e9583d9d3b57061060e2d7862ac796348291731fd2e3b3861226915 equals APK image SHA; legacy filename IDX=146 maps to songlist.idx,confirmed,01a00091-5ff1-7733-8544-4763f518573e,01a00091-5ff1-79a2-9bbd-856eae0a94f2,covered,confirmed
arcaea:last:default,last,282,Last,"{""en"":""Last""}",onoken,epilogue,,1657756801,2,default,,,,BYD,,,,assets/songs/dl_last/1080_base.jpg,592e19744512ba195ce19cb4c21391f0b4f11074c7e28f0d2f37c82710be8cb1,2,assets/songs/dl_last/1080_base.jpg;assets/songs/dl_last/1080_base_256.jpg,c2b58dcad54203645057a859524789f59cfd5ca13613b610d04ad087b58aac90,384;768,384;768,image/jpeg,36ec069c76bce7f1ff3abf8221860664395d1e0017fb51414cb720e4e06dc5b1;592e19744512ba195ce19cb4c21391f0b4f11074c7e28f0d2f37c82710be8cb1,true,original object SHA-256=592e19744512ba195ce19cb4c21391f0b4f11074c7e28f0d2f37c82710be8cb1 equals APK image SHA; legacy filename IDX=282 maps to songlist.idx,confirmed,01a00091-6963-7ca0-bdf0-45365376f41d,01a00091-6963-7d65-a6c1-e2da54b6a300,covered,confirmed
arcaea:last:difficulty:BYD,last,282,Last,"{""en"":""Last""}",onoken,epilogue,,1657756801,2,difficulty-specific,BYD,3,True,BYD,,"{""en"":""Last | Moment""}",True,assets/songs/dl_last/1080_3.jpg,ccaaddfc77e9cd0d09df5008ccbea14a0459a41b470b80bba97152b3ff861ad6,2,assets/songs/dl_last/1080_3.jpg;assets/songs/dl_last/1080_3_256.jpg,c2b58dcad54203645057a859524789f59cfd5ca13613b610d04ad087b58aac90,384;768,384;768,image/jpeg,0e8cd330ba753e10da4ba77487a7472331d70bfbf06521c47ad2fc0b7f733d8f;ccaaddfc77e9cd0d09df5008ccbea14a0459a41b470b80bba97152b3ff861ad6,true,original object SHA-256=ccaaddfc77e9cd0d09df5008ccbea14a0459a41b470b80bba97152b3ff861ad6 equals APK image SHA; legacy filename IDX=282 maps to songlist.idx,confirmed,01a00091-6860-7a73-948a-da6197bfa2ea,01a00091-6861-777b-90e8-e6e40fc69f0b,covered,confirmed
arcaea:lastcelebration:default,lastcelebration,200,Last Celebration,"{""en"":""Last Celebration""}",Laur vs CK,chunithm_append_1,,1611187201,1,default,,,,,,,,assets/songs/dl_lastcelebration/1080_base.jpg,fb606293407c55d0def9f5d6c49735d8737628d89dc9cd5364a429f7259bef9c,2,assets/songs/dl_lastcelebration/1080_base.jpg;assets/songs/dl_lastcelebration/1080_base_256.jpg,c2b58dcad54203645057a859524789f59cfd5ca13613b610d04ad087b58aac90,384;768,384;768,image/jpeg,8c75bfd7a23afeef33c2b54f12cba8020224054fea0df56e12b0f7a195a26d51;fb606293407c55d0def9f5d6c49735d8737628d89dc9cd5364a429f7259bef9c,true,original object SHA-256=fb606293407c55d0def9f5d6c49735d8737628d89dc9cd5364a429f7259bef9c equals APK image SHA; legacy filename IDX=200 maps to songlist.idx,confirmed,01a00091-6642-77c9-8ecb-98b0d8ab03b1,01a00091-6643-7b34-ae9e-f36cc1cb01e7,covered,confirmed
arcaea:lastendconductor:default,lastendconductor,238,lastendconductor,"{""en"":""lastendconductor""}",zts,single,,1632873602,1,default,,,,,,,,assets/songs/dl_lastendconductor/1080_base.jpg,cc11db489855cc4e0a7639d8a51ce4fc9bff647fbeabdbfb27a879e02a1ddd6d,2,assets/songs/dl_lastendconductor/1080_base.jpg;assets/songs/dl_lastendconductor/1080_base_256.jpg,c2b58dcad54203645057a859524789f59cfd5ca13613b610d04ad087b58aac90,384;768,384;768,image/jpeg,8e5056f0a908280dfe9247d755a9391030d447cb6554658b206b1e51a5b05cda;cc11db489855cc4e0a7639d8a51ce4fc9bff647fbeabdbfb27a879e02a1ddd6d,true,original object SHA-256=cc11db489855cc4e0a7639d8a51ce4fc9bff647fbeabdbfb27a879e02a1ddd6d equals APK image SHA; legacy filename IDX=238 maps to songlist.idx,confirmed,01a00091-6a6a-7912-9386-2a0817c54fa8,01a00091-6a6a-7250-bf0c-496710865851,covered,confirmed
arcaea:lasteternity:default,lasteternity,283,Last | Eternity,"{""en"":""Last | Eternity""}",onoken,epilogue,,1657756802,2,default,,,,,,,,assets/songs/dl_lasteternity/1080_base.jpg,e6545afb39941700969ed9d80447e211a6a8c6ce22eea584ed6a01c38f522881,2,assets/songs/dl_lasteternity/1080_base.jpg;assets/songs/dl_lasteternity/1080_base_256.jpg,c2b58dcad54203645057a859524789f59cfd5ca13613b610d04ad087b58aac90,384;768,384;768,image/jpeg,59d61a47abfb03d68a4a64df0ddcc96ec94dcb5a54fab8921ac909b01541a6b9;e6545afb39941700969ed9d80447e211a6a8c6ce22eea584ed6a01c38f522881,true,original object SHA-256=e6545afb39941700969ed9d80447e211a6a8c6ce22eea584ed6a01c38f522881 equals APK image SHA; legacy filename IDX=283 maps to songlist.idx,confirmed,01a00091-6756-77ef-9575-a77bc7178f61,01a00091-6756-740b-bbed-8e3c67cb486d,covered,confirmed
arcaea:lastgoodbye:default,lastgoodbye,447,Last Goodbye,"{""en"":""Last Goodbye"",""ja"":""これでホントにサヨナラ""}",Toby Fox,undertale,,1741478403,0,default,,,,,,,,assets/songs/dl_lastgoodbye/1080_base.jpg,26b7880a0cbfcb00438a4dd806fdf6bf97e39560ffe558ff4ce8e1911ccac132,2,assets/songs/dl_lastgoodbye/1080_base.jpg;assets/songs/dl_lastgoodbye/1080_base_256.jpg,c2b58dcad54203645057a859524789f59cfd5ca13613b610d04ad087b58aac90,384;768,384;768,image/jpeg,26b7880a0cbfcb00438a4dd806fdf6bf97e39560ffe558ff4ce8e1911ccac132;b587a95c396fffab342dc64be6c3a1886ae6453b04282a4b7f56737a968cb773,true,original object SHA-256=26b7880a0cbfcb00438a4dd806fdf6bf97e39560ffe558ff4ce8e1911ccac132 equals APK image SHA; legacy filename IDX=447 maps to songlist.idx,confirmed,01a00092-7935-7979-862e-a92e9034f54c,01a00092-7935-7886-bb20-2c775f12f028,covered,confirmed
arcaea:lavie:default,lavie,537,Lavie,"{""en"":""Lavie"",""ja"":""ラヴィ""}",すりぃ,virtualsingers,,1782345601,1,default,,,,,,,,assets/songs/dl_lavie/1080_base.jpg,9793f3470aaf52020dd525c7a6f1bee370a02f1ba17af03a70f24ebb15283ace,2,assets/songs/dl_lavie/1080_base.jpg;assets/songs/dl_lavie/1080_base_256.jpg,c2b58dcad54203645057a859524789f59cfd5ca13613b610d04ad087b58aac90,384;768,384;768,image/jpeg,164c560aeab93029fcfe78797fc6c44cf8928712283c248819b2a64679994e9c;9793f3470aaf52020dd525c7a6f1bee370a02f1ba17af03a70f24ebb15283ace,true,Current song-linked semantic slot has no Catalog Resource match,unknown,,,missing-from-catalog,unmatched
arcaea:lawlesspoint:default,lawlesspoint,319,Lawless Point,"{""en"":""Lawless Point"",""ja"":""無法地点""}",La prière,extend_2,,1684972801,1,default,,,,,,,,assets/songs/dl_lawlesspoint/1080_base.jpg,629c377afeb44804b7397ce4aa840f12abb93ddcec0128b1bdcfd0d0f378b51a,2,assets/songs/dl_lawlesspoint/1080_base.jpg;assets/songs/dl_lawlesspoint/1080_base_256.jpg,c2b58dcad54203645057a859524789f59cfd5ca13613b610d04ad087b58aac90,384;768,384;768,image/jpeg,629c377afeb44804b7397ce4aa840f12abb93ddcec0128b1bdcfd0d0f378b51a;8b27b815a30f67f27f50cfbc5757b64fa0865026f36ee9113a768c1523e02d5e,true,original object SHA-256=629c377afeb44804b7397ce4aa840f12abb93ddcec0128b1bdcfd0d0f378b51a equals APK image SHA; legacy filename IDX=319 maps to songlist.idx,confirmed,01a00090-59c3-75b6-aad8-943a72f74d35,01a00090-59c3-726a-b375-f6d3392c13b5,covered,confirmed
arcaea:lazyaddiction:default,lazyaddiction,191,Lazy Addiction,"{""en"":""Lazy Addiction""}",sky_delta,ongeki,,1608163200,0,default,,,,,,,,assets/songs/dl_lazyaddiction/base.jpg,01a0a49008d29b8861e755d2a546e0123f7a71a43b6712b41bdcf645f6a81820,2,assets/songs/dl_lazyaddiction/base.jpg;assets/songs/dl_lazyaddiction/base_256.jpg,c2b58dcad54203645057a859524789f59cfd5ca13613b610d04ad087b58aac90,256;512,256;512,image/jpeg,01a0a49008d29b8861e755d2a546e0123f7a71a43b6712b41bdcf645f6a81820;2eb1430dec20b37a9bc24399e0f635709538ced5edf50e1bf37b73feedaec7f4,true,original object SHA-256=01a0a49008d29b8861e755d2a546e0123f7a71a43b6712b41bdcf645f6a81820 equals APK image SHA; legacy filename IDX=191 maps to songlist.idx,confirmed,01a00091-6b7a-7ec5-ba32-94a95d28d485,01a00091-6b7b-78b6-bec3-0507e3645706,covered,confirmed
arcaea:leaveallbehind:default,leaveallbehind,385,Leave All Behind,"{""en"":""Leave All Behind""}",rider,extend_3,,1714003200,1,default,,,,,,,,assets/songs/dl_leaveallbehind/1080_base.jpg,9eae6f03512835a6586ebfe264e7f956355f36584847c464a7ccda32e870c58b,2,assets/songs/dl_leaveallbehind/1080_base.jpg;assets/songs/dl_leaveallbehind/1080_base_256.jpg,c2b58dcad54203645057a859524789f59cfd5ca13613b610d04ad087b58aac90,384;768,384;768,image/jpeg,9eae6f03512835a6586ebfe264e7f956355f36584847c464a7ccda32e870c58b;ee762e3b7e02419758fac30e4836456fa698b6ee44a13e57e0ee9c1733084847,true,original object SHA-256=9eae6f03512835a6586ebfe264e7f956355f36584847c464a7ccda32e870c58b equals APK image SHA; legacy filename IDX=385 maps to songlist.idx,confirmed,01a00091-6c4d-7fcf-af88-25864a45d862,01a00091-6c4d-76b3-809d-72e276a03fee,covered,confirmed
arcaea:lethaeus:default,lethaeus,42,Lethaeus,"{""en"":""Lethaeus""}",Silentroom,mirai,,1502323205,1,default,,,,,,,,assets/songs/dl_lethaeus/1080_base.jpg,5f38cf409c00d9ef10389162a5adcd8a11afc133d15c78eec80facf4217dd9bf,2,assets/songs/dl_lethaeus/1080_base.jpg;assets/songs/dl_lethaeus/1080_base_256.jpg,c2b58dcad54203645057a859524789f59cfd5ca13613b610d04ad087b58aac90,384;768,384;768,image/jpeg,5f38cf409c00d9ef10389162a5adcd8a11afc133d15c78eec80facf4217dd9bf;c16f2ea43421c26e62279edb895bf6583f1b9c918ed35fd26474d511494a89b4,true,original object SHA-256=5f38cf409c00d9ef10389162a5adcd8a11afc133d15c78eec80facf4217dd9bf equals APK image SHA; legacy filename IDX=42 maps to songlist.idx,confirmed,01a00091-6f43-70b3-8e34-c2a09d8ac874,01a00091-6f43-7402-9c84-84ac23d35433,covered,confirmed
arcaea:lethalvoltage:default,lethalvoltage,382,Lethal Voltage,"{""en"":""Lethal Voltage""}",siqlo,extend_3,,1711324804,1,default,,,,,,,,assets/songs/dl_lethalvoltage/1080_base.jpg,fec8f9083ac1c83ffaa0692ad67c95d1bb49535947008dbc902b3de84bac51cc,2,assets/songs/dl_lethalvoltage/1080_base.jpg;assets/songs/dl_lethalvoltage/1080_base_256.jpg,c2b58dcad54203645057a859524789f59cfd5ca13613b610d04ad087b58aac90,384;768,384;768,image/jpeg,be878ea88448d8d8a9b84465acfd18e0f228f726f9b056cb028c2fc26434d384;fec8f9083ac1c83ffaa0692ad67c95d1bb49535947008dbc902b3de84bac51cc,true,original object SHA-256=fec8f9083ac1c83ffaa0692ad67c95d1bb49535947008dbc902b3de84bac51cc equals APK image SHA; legacy filename IDX=382 maps to songlist.idx,confirmed,01a00091-7044-765c-b866-dd757905a65a,01a00091-7044-7f3f-bd5b-66a5b3425925,covered,confirmed
arcaea:letsrock:default,letsrock,303,Let's Rock (Arcaea mix),"{""en"":""Let's Rock (Arcaea mix)""}",ikaruga_nex vs FALCHiON,extend_2,,1677715203,1,default,,,,,,,,assets/songs/dl_letsrock/1080_base.jpg,c3e3ce0237fedabed83dbca8ace64ac56b05f3c0eb1e7f1a05067d088078bae7,2,assets/songs/dl_letsrock/1080_base.jpg;assets/songs/dl_letsrock/1080_base_256.jpg,c2b58dcad54203645057a859524789f59cfd5ca13613b610d04ad087b58aac90,384;768,384;768,image/jpeg,c3e3ce0237fedabed83dbca8ace64ac56b05f3c0eb1e7f1a05067d088078bae7;e60a35243eb550ec3ea6fe711239bc84ff5d3e3d5df1a1e4aa943e01c6e261e8,true,original object SHA-256=c3e3ce0237fedabed83dbca8ace64ac56b05f3c0eb1e7f1a05067d088078bae7 equals APK image SHA; legacy filename IDX=303 maps to songlist.idx,confirmed,01a00091-6e2e-7f8a-9729-69f6c117f1a9,01a00091-6e2e-7f02-81e3-26d72b7f2a56,covered,confirmed
arcaea:letyoudivermx:default,letyoudivermx,231,Let you DIVE! (nitro rmx),"{""en"":""Let you DIVE! (nitro rmx)""}",nitro (lowiro),wacca,,1628553602,0,default,,,,,,,,assets/songs/dl_letyoudivermx/1080_base.jpg,ecb47bb50a0b41264907d9702f1d10d01c180603954d588c0c1798cbc4f2b819,2,assets/songs/dl_letyoudivermx/1080_base.jpg;assets/songs/dl_letyoudivermx/1080_base_256.jpg,c2b58dcad54203645057a859524789f59cfd5ca13613b610d04ad087b58aac90,384;768,384;768,image/jpeg,2a74686aacfc670b8a582d75dde953fd05a1033203409b2fa8cf80c698e23454;ecb47bb50a0b41264907d9702f1d10d01c180603954d588c0c1798cbc4f2b819,true,original object SHA-256=ecb47bb50a0b41264907d9702f1d10d01c180603954d588c0c1798cbc4f2b819 equals APK image SHA; legacy filename IDX=231 maps to songlist.idx,confirmed,01a00091-6d41-7394-b932-5fc0fc3a242c,01a00091-6d41-7254-b5ce-adf8d34a1db0,covered,confirmed
arcaea:liar:default,liar,469,Liar,"{""en"":""Liar""}",zts,djmax_append_1,,1750896005,1,default,,,,,,,,assets/songs/dl_liar/1080_base.jpg,0783be7e1a94f360f8302ba35062494f549c3f056647ef525990195777e60ea5,2,assets/songs/dl_liar/1080_base.jpg;assets/songs/dl_liar/1080_base_256.jpg,c2b58dcad54203645057a859524789f59cfd5ca13613b610d04ad087b58aac90,384;768,384;768,image/jpeg,0783be7e1a94f360f8302ba35062494f549c3f056647ef525990195777e60ea5;7caab416f3659081f8af150ac8e868501277005664c25fa7ec75aedd397c3e4b,true,original object SHA-256=0783be7e1a94f360f8302ba35062494f549c3f056647ef525990195777e60ea5 equals APK image SHA; legacy filename IDX=469 maps to songlist.idx,confirmed,01a00091-7157-7d1b-803c-46c7206b193c,01a00091-7158-74d9-b8a9-9515711c81cb,covered,confirmed
arcaea:libertas:default,libertas,111,Libertas,"{""en"":""Libertas""}",Zekk,single,,1549843200,0,default,,,,BYD,,,,assets/songs/dl_libertas/1080_base.jpg,a3efcd1265695298b56c1ca67f81ced69781aa2aa1cc1824de7218ab5477d025,2,assets/songs/dl_libertas/1080_base.jpg;assets/songs/dl_libertas/1080_base_256.jpg,c2b58dcad54203645057a859524789f59cfd5ca13613b610d04ad087b58aac90,384;768,384;768,image/jpeg,94099d8d3a4bf656a3957628b86ae82c0673dfe5f460eadff9b450c8f7cac5e2;a3efcd1265695298b56c1ca67f81ced69781aa2aa1cc1824de7218ab5477d025,true,original object SHA-256=a3efcd1265695298b56c1ca67f81ced69781aa2aa1cc1824de7218ab5477d025 equals APK image SHA; legacy filename IDX=111 maps to songlist.idx,confirmed,01a00091-734e-7309-a86f-a665a72c7ba9,01a00091-734f-7bb7-92ee-fc1eb34303c3,covered,confirmed
arcaea:libertas:difficulty:BYD,libertas,111,Libertas,"{""en"":""Libertas""}",Zekk,single,,1549843200,0,difficulty-specific,BYD,3,True,BYD,,,,assets/songs/dl_libertas/1080_3.jpg,b3a9a8cc2821be4fbf390aa5cd19d8be8f39ac18b4d917de10a4d08a77d65456,2,assets/songs/dl_libertas/1080_3.jpg;assets/songs/dl_libertas/1080_3_256.jpg,c2b58dcad54203645057a859524789f59cfd5ca13613b610d04ad087b58aac90,384;768,384;768,image/jpeg,b3a9a8cc2821be4fbf390aa5cd19d8be8f39ac18b4d917de10a4d08a77d65456;f531a7fe8a040b4298125877670106f8707ea060944f70eba5d34b8de7068e72,true,original object SHA-256=b3a9a8cc2821be4fbf390aa5cd19d8be8f39ac18b4d917de10a4d08a77d65456 equals APK image SHA; legacy filename IDX=111 maps to songlist.idx,confirmed,01a00091-723c-7be7-a8e0-58ad5fa46cff,01a00091-723c-7218-a718-3af1b8ba4d58,covered,confirmed
arcaea:lifeispiano:default,lifeispiano,208,Life is PIANO,"{""en"":""Life is PIANO""}",Junk,extend,,1617926401,0,default,,,,,,,,assets/songs/dl_lifeispiano/1080_base.jpg,16f60d19f4144f62963844bd70aa6ca78145652c61f27cb0cb18d568ed94f022,2,assets/songs/dl_lifeispiano/1080_base.jpg;assets/songs/dl_lifeispiano/1080_base_256.jpg,c2b58dcad54203645057a859524789f59cfd5ca13613b610d04ad087b58aac90,384;768,384;768,image/jpeg,16f60d19f4144f62963844bd70aa6ca78145652c61f27cb0cb18d568ed94f022;9bce563f2361f1bd83e767284bf17d24041f2481d9c0c55ea2564f201d190d0b,true,original object SHA-256=16f60d19f4144f62963844bd70aa6ca78145652c61f27cb0cb18d568ed94f022 equals APK image SHA; legacy filename IDX=208 maps to songlist.idx,confirmed,01a00091-7461-73dc-9704-91203d3be22f,01a00091-7461-7f76-aa3a-ca5d948a09e5,covered,confirmed
arcaea:liftoff:default,liftoff,424,LiftOff,"{""en"":""LiftOff""}",MAYA AKAI,ongeki_append_2,,1732147201,1,default,,,,,,,,assets/songs/dl_liftoff/base.jpg,d5a15cd370a2f6077879c9802492aca2a8a228ac9826442f94372385557d387f,2,assets/songs/dl_liftoff/base.jpg;assets/songs/dl_liftoff/base_256.jpg,c2b58dcad54203645057a859524789f59cfd5ca13613b610d04ad087b58aac90,256;512,256;512,image/jpeg,9f2ea6da328ba2d5c3f1cf5fc60951ae8d1b7960ecac101459e413d6d1da2329;d5a15cd370a2f6077879c9802492aca2a8a228ac9826442f94372385557d387f,true,original object SHA-256=d5a15cd370a2f6077879c9802492aca2a8a228ac9826442f94372385557d387f equals APK image SHA; legacy filename IDX=424 maps to songlist.idx,confirmed,01a00091-751b-74f2-9c32-001ec7562780,01a00091-751b-74bf-878d-6115cc7cd74c,covered,confirmed
arcaea:lightmyway:default,lightmyway,367,LIVHT MY WΔY,"{""en"":""LIVHT MY WΔY""}",かめりあ feat. STΔRLIVHT,single,,1703116802,1,default,,,,,,,,assets/songs/dl_lightmyway/1080_base.jpg,2d34d20f7505fb9157f4eda5926b7c5350b3ab882da6db70bebd3f8608e1d01a,2,assets/songs/dl_lightmyway/1080_base.jpg;assets/songs/dl_lightmyway/1080_base_256.jpg,c2b58dcad54203645057a859524789f59cfd5ca13613b610d04ad087b58aac90,384;768,384;768,image/jpeg,2d34d20f7505fb9157f4eda5926b7c5350b3ab882da6db70bebd3f8608e1d01a;3e5c6889741918a49c0ad9f7a2dc93ad7deb69685f15cd3822be2022b599013c,true,original object SHA-256=2d34d20f7505fb9157f4eda5926b7c5350b3ab882da6db70bebd3f8608e1d01a equals APK image SHA; legacy filename IDX=367 maps to songlist.idx,confirmed,01a00091-7ba0-7995-9c74-344b550cd967,01a00091-7ba0-7a20-9d42-975da42a95f7,covered,confirmed
arcaea:lightningscrew:default,lightningscrew,248,Lightning Screw,"{""en"":""Lightning Screw""}",HiTECH NINJA,dividedheart,,1639008004,0,default,,,,,,,,assets/songs/dl_lightningscrew/1080_base.jpg,e4feec91437c2d1955a4cda7010d0c92f74743142a947b97045ebee854abce4a,2,assets/songs/dl_lightningscrew/1080_base.jpg;assets/songs/dl_lightningscrew/1080_base_256.jpg,c2b58dcad54203645057a859524789f59cfd5ca13613b610d04ad087b58aac90,384;768,384;768,image/jpeg,7005ea18ca8db38478dd2b419b9150f4a34d978a19380620275ebd95d5cf99f7;e4feec91437c2d1955a4cda7010d0c92f74743142a947b97045ebee854abce4a,true,original object SHA-256=e4feec91437c2d1955a4cda7010d0c92f74743142a947b97045ebee854abce4a equals APK image SHA; legacy filename IDX=248 maps to songlist.idx,confirmed,01a00091-75d4-706e-bd0a-bd33a9e64cba,01a00091-75d4-747c-b818-6ec10ec47cb0,covered,confirmed
arcaea:lightsofmuse:default,lightsofmuse,249,Lights of Muse,"{""en"":""Lights of Muse""}",Ayatsugu_Otowa,musedash,,1640304000,0,default,,,,,,,,assets/songs/dl_lightsofmuse/base.jpg,939c3b23afba25c5dd3675647c20be7b2d9578bca87f3d71ba2a2d4df88ef65a,2,assets/songs/dl_lightsofmuse/base.jpg;assets/songs/dl_lightsofmuse/base_256.jpg,c2b58dcad54203645057a859524789f59cfd5ca13613b610d04ad087b58aac90,256;512,256;512,image/jpeg,39370ef1f3eb01fc50083a192f8e87123d399f682e3f93ed0dc0ca61b8760db8;939c3b23afba25c5dd3675647c20be7b2d9578bca87f3d71ba2a2d4df88ef65a,true,original object SHA-256=939c3b23afba25c5dd3675647c20be7b2d9578bca87f3d71ba2a2d4df88ef65a equals APK image SHA; legacy filename IDX=249 maps to songlist.idx,confirmed,01a00091-76d8-7b8b-b1d2-f65b51bea5b3,01a00091-76d8-79e3-acfe-214c9b8fe88a,covered,confirmed
arcaea:lilly:default,lilly,476,Lilly,"{""en"":""Lilly""}",Juggernaut.,anima,,1753315204,0,default,,,,,,,,assets/songs/dl_lilly/1080_base.jpg,55cb998585ac61e32ef39ed383e74fd0956e4fbee8b2431b240e291b69110c10,2,assets/songs/dl_lilly/1080_base.jpg;assets/songs/dl_lilly/1080_base_256.jpg,c2b58dcad54203645057a859524789f59cfd5ca13613b610d04ad087b58aac90,384;768,384;768,image/jpeg,55cb998585ac61e32ef39ed383e74fd0956e4fbee8b2431b240e291b69110c10;e55367f4e352a814d9b41b96a51477e1e3bec4a692099d9e0fb63442142fd07e,true,original object SHA-256=55cb998585ac61e32ef39ed383e74fd0956e4fbee8b2431b240e291b69110c10 equals APK image SHA; legacy filename IDX=476 maps to songlist.idx,confirmed,01a00091-777f-75fa-963d-79cfdc2f7c5e,01a00091-777f-7a6e-b187-3e8f8e85953c,covered,confirmed
arcaea:linearaccelerator:default,linearaccelerator,99,Linear Accelerator,"{""en"":""Linear Accelerator""}",THE SHAFT,tonesphere,,1538870403,0,default,,,,,,,,assets/songs/dl_linearaccelerator/1080_base.jpg,93f5e607c1bbac8eb7624b2bb05931117d88fec3931f66d66aa62598ffe9e202,2,assets/songs/dl_linearaccelerator/1080_base.jpg;assets/songs/dl_linearaccelerator/1080_base_256.jpg,c2b58dcad54203645057a859524789f59cfd5ca13613b610d04ad087b58aac90,384;768,384;768,image/jpeg,279612a2449245ad8d1e9b3639354661759b496ca40e1e70f28c777de220f95c;93f5e607c1bbac8eb7624b2bb05931117d88fec3931f66d66aa62598ffe9e202,true,original object SHA-256=93f5e607c1bbac8eb7624b2bb05931117d88fec3931f66d66aa62598ffe9e202 equals APK image SHA; legacy filename IDX=99 maps to songlist.idx,confirmed,01a00091-789d-7df4-b700-e27d429a1bb6,01a00091-789d-7f75-87a2-bc686d1f00fc,covered,confirmed
arcaea:livefastdieyoung:default,livefastdieyoung,242,Live Fast Die Young,"{""en"":""Live Fast Die Young""}",anubasu-anubasu,nijuusei_append_1,,1636588802,0,default,,,,,,,,assets/songs/dl_livefastdieyoung/1080_base.jpg,2a79a90212c6afb6971dc1d217b91f43c5d020643e635443e066bf63d6850810,2,assets/songs/dl_livefastdieyoung/1080_base.jpg;assets/songs/dl_livefastdieyoung/1080_base_256.jpg,c2b58dcad54203645057a859524789f59cfd5ca13613b610d04ad087b58aac90,384;768,384;768,image/jpeg,2a79a90212c6afb6971dc1d217b91f43c5d020643e635443e066bf63d6850810;4834ea949eddeab55a6db2aff070a0fa4ddf476d646abad9ea55ef3c67aa87e1,true,original object SHA-256=2a79a90212c6afb6971dc1d217b91f43c5d020643e635443e066bf63d6850810 equals APK image SHA; legacy filename IDX=242 maps to songlist.idx,confirmed,01a00091-798d-7706-8ace-22d7fb9ad2a4,01a00091-798d-7229-a5ef-a1c954e32c9b,covered,confirmed
arcaea:logos:default,logos,350,Logos,"{""en"":""Logos""}",polysha feat. 高城みよ,eden_append_1,,1695772806,1,default,,,,,,,,assets/songs/dl_logos/1080_base.jpg,e72ec193f147cad47f6cdf2590b19a915c08ee6622a28d108846dc6d05d22253,2,assets/songs/dl_logos/1080_base.jpg;assets/songs/dl_logos/1080_base_256.jpg,c2b58dcad54203645057a859524789f59cfd5ca13613b610d04ad087b58aac90,384;768,384;768,image/jpeg,05109412740e2285afa359c4555e5afa1791dee6ebf241d865f0b33343f70a58;e72ec193f147cad47f6cdf2590b19a915c08ee6622a28d108846dc6d05d22253,true,original object SHA-256=e72ec193f147cad47f6cdf2590b19a915c08ee6622a28d108846dc6d05d22253 equals APK image SHA; legacy filename IDX=350 maps to songlist.idx,confirmed,01a00091-7cd3-7d38-a124-5ce714a295f0,01a00091-7cd3-7f51-b9e4-c2656ece2f95,covered,confirmed
arcaea:loschen:default,loschen,212,Löschen,"{""en"":""Löschen"",""ko_dialog"":""Loschen""}",BlackY feat. Risa Yuzuki,observer,,1620691203,1,default,,,,,,,,assets/songs/dl_loschen/1080_base.jpg,479a3bea8fc46d7e898f8089470227bd3ffb474bab09680b3439753afe30b3b5,2,assets/songs/dl_loschen/1080_base.jpg;assets/songs/dl_loschen/1080_base_256.jpg,c2b58dcad54203645057a859524789f59cfd5ca13613b610d04ad087b58aac90,384;768,384;768,image/jpeg,479a3bea8fc46d7e898f8089470227bd3ffb474bab09680b3439753afe30b3b5;e3c71bda4e0c868ef2ff3f9c82fbbdf5f9aad6307c4756f17989bb76dc016477,true,original object SHA-256=479a3bea8fc46d7e898f8089470227bd3ffb474bab09680b3439753afe30b3b5 equals APK image SHA; legacy filename IDX=212 maps to songlist.idx,confirmed,01a00091-7e14-7dd8-97e2-81ed08d1bc23,01a00091-7e14-78fb-ab96-104860eca6f4,covered,confirmed
arcaea:lostcivilization:default,lostcivilization,1,Lost Civilization,"{""en"":""Lost Civilization""}",Laur vs CK,base,,1487980808,1,default,,,,BYD,,,,assets/songs/lostcivilization/base.jpg,60a2b739b289b174420ab12d6d9efb6271f992accc64b300087bb1436a9107d2,2,assets/songs/lostcivilization/base.jpg;assets/songs/lostcivilization/base_256.jpg,c2b58dcad54203645057a859524789f59cfd5ca13613b610d04ad087b58aac90,256;500,256;500,image/jpeg,60a2b739b289b174420ab12d6d9efb6271f992accc64b300087bb1436a9107d2;f0fd44212b509bf5b49cb67ada59943711822ed8c20e5a026dde5d8dbe2cda4b,true,original object SHA-256=60a2b739b289b174420ab12d6d9efb6271f992accc64b300087bb1436a9107d2 equals APK image SHA; legacy filename IDX=1 maps to songlist.idx,confirmed,01a00091-8036-71fb-a250-a48656c9d12f,01a00091-8036-703a-86f0-f598886e287e,covered,confirmed
arcaea:lostcivilization:difficulty:BYD,lostcivilization,1,Lost Civilization,"{""en"":""Lost Civilization""}",Laur vs CK,base,,1487980808,1,difficulty-specific,BYD,3,True,BYD,,,,assets/songs/lostcivilization/1080_3.jpg,1d2a911ae9cbfa39ad5a56019491650f3fb7fef0775eb9ac0d1717acce5cec93,2,assets/songs/lostcivilization/1080_3.jpg;assets/songs/lostcivilization/1080_3_256.jpg,c2b58dcad54203645057a859524789f59cfd5ca13613b610d04ad087b58aac90,384;768,384;768,image/jpeg,1d2a911ae9cbfa39ad5a56019491650f3fb7fef0775eb9ac0d1717acce5cec93;7043e88f0b56fd61d13b8ceebc432efdc49f6fd3acc39e0d20a95d6aaf4c9af6,true,original object SHA-256=1d2a911ae9cbfa39ad5a56019491650f3fb7fef0775eb9ac0d1717acce5cec93 equals APK image SHA; legacy filename IDX=1 maps to songlist.idx,confirmed,01a00091-7f10-7b3c-9977-8aaa7baef3f9,01a00091-7f10-7bee-8e3a-6d63139b547e,covered,confirmed
arcaea:lostdesire:default,lostdesire,157,Lost Desire,"{""en"":""Lost Desire""}",Powerless feat. Sennzai,vs,,1590537602,1,default,,,,,,,,assets/songs/dl_lostdesire/1080_base.jpg,4b9e42860df788cd9eb34a3e578db2197024c32265a111e84a6322994aa08f25,2,assets/songs/dl_lostdesire/1080_base.jpg;assets/songs/dl_lostdesire/1080_base_256.jpg,c2b58dcad54203645057a859524789f59cfd5ca13613b610d04ad087b58aac90,384;768,384;768,image/jpeg,4b9e42860df788cd9eb34a3e578db2197024c32265a111e84a6322994aa08f25;a7768f6b60bf41e30dc9ca8b7576c0658b27d5cd07655344338c23456d003c4d,true,original object SHA-256=4b9e42860df788cd9eb34a3e578db2197024c32265a111e84a6322994aa08f25 equals APK image SHA; legacy filename IDX=157 maps to songlist.idx,confirmed,01a00091-8126-74ed-8b8e-e76f35e193bf,01a00091-8126-7ac3-9bf1-c4bd9f265327,covered,confirmed
arcaea:lostemotion:default,lostemotion,314,Lost Emotion feat. nomico,"{""en"":""Lost Emotion feat. nomico""}",Masayoshi Minoshima(ALR),extend_2,,1682553600,0,default,,,,,,,,assets/songs/dl_lostemotion/1080_base.jpg,8861cffc1e796fac1c9dc7e6e65c4b2602c87eecf4c740212ff15080d46d49f3,2,assets/songs/dl_lostemotion/1080_base.jpg;assets/songs/dl_lostemotion/1080_base_256.jpg,c2b58dcad54203645057a859524789f59cfd5ca13613b610d04ad087b58aac90,384;768,384;768,image/jpeg,4446ce822b98fd9d0dbab9a5c5f5a5985366e64f9101c5a1c5d8df7834960bb4;8861cffc1e796fac1c9dc7e6e65c4b2602c87eecf4c740212ff15080d46d49f3,true,original object SHA-256=8861cffc1e796fac1c9dc7e6e65c4b2602c87eecf4c740212ff15080d46d49f3 equals APK image SHA; legacy filename IDX=314 maps to songlist.idx,confirmed,01a00091-8248-7749-9c5e-890a9471b706,01a00091-8248-7274-855a-071abfddb338,covered,confirmed
arcaea:lostintheabyss:default,lostintheabyss,320,Lost in the Abyss,"{""en"":""Lost in the Abyss""}",FELT,single,,1684972802,1,default,,,,,,,,assets/songs/dl_lostintheabyss/1080_base.jpg,8c20b011aa60835b1b794a1cb055960f2437826028471c31bffcdc70997567fc,2,assets/songs/dl_lostintheabyss/1080_base.jpg;assets/songs/dl_lostintheabyss/1080_base_256.jpg,c2b58dcad54203645057a859524789f59cfd5ca13613b610d04ad087b58aac90,384;768,379;758,image/jpeg,464621b41a2acd5a96e24346b0e861434cf644ce95ed244b53e05cc6c1bdcd6e;8c20b011aa60835b1b794a1cb055960f2437826028471c31bffcdc70997567fc,true,original object SHA-256=8c20b011aa60835b1b794a1cb055960f2437826028471c31bffcdc70997567fc equals APK image SHA; legacy filename IDX=320 maps to songlist.idx,confirmed,01a00091-8376-7f75-9cab-fb2f819eda8b,01a00091-8376-7415-82b9-6b1c3d7e038f,covered,confirmed
arcaea:lovelessdress:default,lovelessdress,281,Loveless Dress,"{""en"":""Loveless Dress""}",かねこちはる,epilogue,,1657756800,2,default,,,,,,,,assets/songs/dl_lovelessdress/1080_base.jpg,2cc70dd0fae70c6cd481f1f2cc85aeee76afc1150c7179c376b10f7fa66a00b2,2,assets/songs/dl_lovelessdress/1080_base.jpg;assets/songs/dl_lovelessdress/1080_base_256.jpg,c2b58dcad54203645057a859524789f59cfd5ca13613b610d04ad087b58aac90,384;768,384;768,image/jpeg,2cc70dd0fae70c6cd481f1f2cc85aeee76afc1150c7179c376b10f7fa66a00b2;44097670b50e3348ee7000a7569ebd5460fc1e0f40676a79688db56efd7155ea,true,original object SHA-256=2cc70dd0fae70c6cd481f1f2cc85aeee76afc1150c7179c376b10f7fa66a00b2 equals APK image SHA; legacy filename IDX=281 maps to songlist.idx,confirmed,01a00091-8435-7d3c-a42f-68c76b9473f4,01a00091-8435-72c7-89e5-fd7f22f29f62,covered,confirmed
arcaea:lucidtraveler:default,lucidtraveler,326,Lucid Traveler,"{""en"":""Lucid Traveler""}",Akira Complex vs 3R2,cytusii,,1687910403,1,default,,,,FTR,,,,assets/songs/dl_lucidtraveler/1080_base.jpg,6ebc533bdf2e5976a69e26ce5bc7248006654f1049234fe4898406435e1713f9,2,assets/songs/dl_lucidtraveler/1080_base.jpg;assets/songs/dl_lucidtraveler/1080_base_256.jpg,c2b58dcad54203645057a859524789f59cfd5ca13613b610d04ad087b58aac90,384;768,384;768,image/jpeg,25be01dc259b21852e58bcac83cfa057af78c75353963c3262e74f9414124ac1;6ebc533bdf2e5976a69e26ce5bc7248006654f1049234fe4898406435e1713f9,true,original object SHA-256=6ebc533bdf2e5976a69e26ce5bc7248006654f1049234fe4898406435e1713f9 equals APK image SHA; legacy filename IDX=326 maps to songlist.idx,confirmed,01a00091-8624-7064-bf7e-4f3246cd65a9,01a00091-8624-727c-8f2d-44d404d3128c,covered,confirmed
arcaea:lucidtraveler:difficulty:FTR,lucidtraveler,326,Lucid Traveler,"{""en"":""Lucid Traveler""}",Akira Complex vs 3R2,cytusii,,1687910403,1,difficulty-specific,FTR,2,True,FTR,,,,assets/songs/dl_lucidtraveler/1080_2.jpg,44806b19c2a75b158e325b87858086a8155daa1c3f6f64d350a69baa1f7a4df0,2,assets/songs/dl_lucidtraveler/1080_2.jpg;assets/songs/dl_lucidtraveler/1080_2_256.jpg,c2b58dcad54203645057a859524789f59cfd5ca13613b610d04ad087b58aac90,384;768,384;768,image/jpeg,44806b19c2a75b158e325b87858086a8155daa1c3f6f64d350a69baa1f7a4df0;b71e85f322caaff59c7c84f4b2be72f8db7ce2f7d44ceea21a8d519c9fb1b7e3,true,original object SHA-256=44806b19c2a75b158e325b87858086a8155daa1c3f6f64d350a69baa1f7a4df0 equals APK image SHA; legacy filename IDX=326 maps to songlist.idx,confirmed,01a00091-853b-7a08-9a95-d0177d998c6f,01a00091-853c-7509-b6c6-5b518cd7f87d,covered,confirmed
arcaea:lucifer:default,lucifer,5,Lucifer,"{""en"":""Lucifer""}",chitose,base,,1487980804,1,default,,,,,,,,assets/songs/dl_lucifer/base.jpg,980fd66ab331e38bb71111914b37113befb26b38cebcb490aa969fdc73c4adea,2,assets/songs/dl_lucifer/base.jpg;assets/songs/dl_lucifer/base_256.jpg,c2b58dcad54203645057a859524789f59cfd5ca13613b610d04ad087b58aac90,256;500,256;500,image/jpeg,8264b2263c76f6ef3e5b0add18e51bc7af14e9a412231bc1b7e69fd86f819dfe;980fd66ab331e38bb71111914b37113befb26b38cebcb490aa969fdc73c4adea,true,original object SHA-256=980fd66ab331e38bb71111914b37113befb26b38cebcb490aa969fdc73c4adea equals APK image SHA; legacy filename IDX=5 maps to songlist.idx,confirmed,01a00091-8702-7b72-afd6-4e91ca54a537,01a00091-8702-73b1-baf2-19cd0bd59399,covered,confirmed
arcaea:lumia:default,lumia,18,Lumia,"{""en"":""Lumia""}",sky_delta,core,,1487980815,0,default,,,,BYD,,,,assets/songs/dl_lumia/1080_base.jpg,b92371bb3dd10be500c4933160e3e2116e3eed9efb1149732729f3f2cdc31bcb,2,assets/songs/dl_lumia/1080_base.jpg;assets/songs/dl_lumia/1080_base_256.jpg,c2b58dcad54203645057a859524789f59cfd5ca13613b610d04ad087b58aac90,384;768,384;768,image/jpeg,341463af21516cc4d5b9e8e627aa88d91cb88b20afc2a92edc731d9fae4c6156;b92371bb3dd10be500c4933160e3e2116e3eed9efb1149732729f3f2cdc31bcb,true,original object SHA-256=b92371bb3dd10be500c4933160e3e2116e3eed9efb1149732729f3f2cdc31bcb equals APK image SHA; legacy filename IDX=18 maps to songlist.idx,confirmed,01a00091-88b0-7195-a81d-227bb8f0e63d,01a00091-88b0-7114-b944-155f71bccc68,covered,confirmed
arcaea:lumia:difficulty:BYD,lumia,18,Lumia,"{""en"":""Lumia""}",sky_delta,core,,1487980815,0,difficulty-specific,BYD,3,True,BYD,,,,assets/songs/dl_lumia/1080_3.jpg,ab8b69f87d9a2780f9a632669678711a1e385f9d4e9c27abe8062fe9952d45ea,2,assets/songs/dl_lumia/1080_3.jpg;assets/songs/dl_lumia/1080_3_256.jpg,c2b58dcad54203645057a859524789f59cfd5ca13613b610d04ad087b58aac90,384;768,384;768,image/jpeg,51c0046bec73dee267073ea8a5dee1137a0eb43cf3d7b369e051667ce2091d32;ab8b69f87d9a2780f9a632669678711a1e385f9d4e9c27abe8062fe9952d45ea,true,original object SHA-256=ab8b69f87d9a2780f9a632669678711a1e385f9d4e9c27abe8062fe9952d45ea equals APK image SHA; legacy filename IDX=18 maps to songlist.idx,confirmed,01a00091-87b3-79cb-ab73-c217fa84b0da,01a00091-87b3-7574-8b8b-a79ada81a463,covered,confirmed
arcaea:lunarossa:default,lunarossa,370,Luna Rossa,"{""en"":""Luna Rossa""}",r0y,single,,1706140808,1,default,,,,,,,,assets/songs/dl_lunarossa/1080_base.jpg,d81605216e469157018aa0a6c96b9cea219f3f72dd7f9eeff41e0e5e027e06ed,2,assets/songs/dl_lunarossa/1080_base.jpg;assets/songs/dl_lunarossa/1080_base_256.jpg,c2b58dcad54203645057a859524789f59cfd5ca13613b610d04ad087b58aac90,384;768,384;768,image/jpeg,d81605216e469157018aa0a6c96b9cea219f3f72dd7f9eeff41e0e5e027e06ed;d82edaa71c9c9aed1469c7d9ec9921255247c3303cea5b9d9cbaa246a5f79563,true,original object SHA-256=d81605216e469157018aa0a6c96b9cea219f3f72dd7f9eeff41e0e5e027e06ed equals APK image SHA; legacy filename IDX=370 maps to songlist.idx,confirmed,01a00091-89ad-7b22-a91d-438610ee84d8,01a00091-89ae-7982-a743-487537131890,covered,confirmed
arcaea:macromod:default,macromod,257,Macrocosmic Modulation,"{""en"":""Macrocosmic Modulation""}",JAKAZiD,single,,1645056004,0,default,,,,,,,,assets/songs/dl_macromod/1080_base.jpg,a5f438f6b99540de74b9c9cef44f3fa8bf29b11e57b77e0ec71090d120171c07,2,assets/songs/dl_macromod/1080_base.jpg;assets/songs/dl_macromod/1080_base_256.jpg,c2b58dcad54203645057a859524789f59cfd5ca13613b610d04ad087b58aac90,384;768,384;768,image/jpeg,51e5d90bc5d0f07741ec543bb216e9acf9db4fb20617ffa7a94ae2377b896efa;a5f438f6b99540de74b9c9cef44f3fa8bf29b11e57b77e0ec71090d120171c07,true,original object SHA-256=a5f438f6b99540de74b9c9cef44f3fa8bf29b11e57b77e0ec71090d120171c07 equals APK image SHA; legacy filename IDX=257 maps to songlist.idx,confirmed,01a00091-8ac7-742a-8d65-dedd44f177f0,01a00091-8ac8-7f4d-aa38-ed49414c7a5b,covered,confirmed
arcaea:magnolia:default,magnolia,334,Magnolia,"{""en"":""Magnolia""}",M2U Vocal by Guriri,cytusii_append_1,,1689724805,0,default,,,,,,,,assets/songs/dl_magnolia/1080_base.jpg,355c5b13cfaabb507c5ae09d6c21bbb3d4d738e13d0163626b03fb9116a0f197,2,assets/songs/dl_magnolia/1080_base.jpg;assets/songs/dl_magnolia/1080_base_256.jpg,c2b58dcad54203645057a859524789f59cfd5ca13613b610d04ad087b58aac90,384;768,384;768,image/jpeg,1d68fdd8cbb4639646f54bbcf39ba6d887c06301a8b25ce23dfa0d7508a8c317;355c5b13cfaabb507c5ae09d6c21bbb3d4d738e13d0163626b03fb9116a0f197,true,original object SHA-256=355c5b13cfaabb507c5ae09d6c21bbb3d4d738e13d0163626b03fb9116a0f197 equals APK image SHA; legacy filename IDX=334 maps to songlist.idx,confirmed,01a00091-8be8-7dab-8d5c-f7b8333e732f,01a00091-8be8-74ab-b12e-969d5b2d15ef,covered,confirmed
arcaea:mahoroba:default,mahoroba,172,MAHOROBA,"{""en"":""MAHOROBA""}",Zekk,single,,1596758400,0,default,,,,,,,,assets/songs/dl_mahoroba/1080_base.jpg,fe01e57679d45c361aa1faf58c016d74821bafde589f4b45f30ec05bff98d67c,2,assets/songs/dl_mahoroba/1080_base.jpg;assets/songs/dl_mahoroba/1080_base_256.jpg,c2b58dcad54203645057a859524789f59cfd5ca13613b610d04ad087b58aac90,384;768,384;768,image/jpeg,18294bbe17ef52418e96b4d5f10ba75ac80fafdb5b341db5eb4f22b2d302cfcb;fe01e57679d45c361aa1faf58c016d74821bafde589f4b45f30ec05bff98d67c,true,original object SHA-256=fe01e57679d45c361aa1faf58c016d74821bafde589f4b45f30ec05bff98d67c equals APK image SHA; legacy filename IDX=172 maps to songlist.idx,confirmed,01a00091-8cf8-71de-8128-213b4ad04e3d,01a00091-8cf9-7932-aa6c-82bf1d05c02e,covered,confirmed
arcaea:maliciousmischance:default,maliciousmischance,174,Malicious Mischance,"{""en"":""Malicious Mischance""}",s-don,single,,1599177600,1,default,,,,,,,,assets/songs/dl_maliciousmischance/1080_base.jpg,4b80990f570220e62a62788de05c6ac2eb908afb83a8270372c8da131a84720b,2,assets/songs/dl_maliciousmischance/1080_base.jpg;assets/songs/dl_maliciousmischance/1080_base_256.jpg,c2b58dcad54203645057a859524789f59cfd5ca13613b610d04ad087b58aac90,384;768,384;768,image/jpeg,414ea37b369dc92639e94ff7cce2f1cd56c47fedada3003fe176425db4e81662;4b80990f570220e62a62788de05c6ac2eb908afb83a8270372c8da131a84720b,true,original object SHA-256=4b80990f570220e62a62788de05c6ac2eb908afb83a8270372c8da131a84720b equals APK image SHA; legacy filename IDX=174 maps to songlist.idx,confirmed,01a00091-8dfa-7447-9bab-afa6944641e2,01a00091-8dfa-7318-8581-7c2d1cef55f3,covered,confirmed
arcaea:manicjeer:default,manicjeer,301,Manic Jeer,"{""en"":""Manic Jeer""}",ルゼ,single,,1677715201,1,default,,,,,,,,assets/songs/dl_manicjeer/1080_base.jpg,dffd5c9e0e660cc45170e9a48303f50fe79a98396726f6b583cb7d2e2d7b8c60,2,assets/songs/dl_manicjeer/1080_base.jpg;assets/songs/dl_manicjeer/1080_base_256.jpg,c2b58dcad54203645057a859524789f59cfd5ca13613b610d04ad087b58aac90,384;768,384;768,image/jpeg,4cfb7b4d86ad56aaf14fb10603a1d300f408f9cfddb2d071682d231dffcef85e;dffd5c9e0e660cc45170e9a48303f50fe79a98396726f6b583cb7d2e2d7b8c60,true,original object SHA-256=dffd5c9e0e660cc45170e9a48303f50fe79a98396726f6b583cb7d2e2d7b8c60 equals APK image SHA; legacy filename IDX=301 maps to songlist.idx,confirmed,01a00091-8f03-7e49-8821-b94e34398338,01a00091-8f03-7639-9f32-8ce3ccb62f11,covered,confirmed
arcaea:mantis:default,mantis,295,MANTIS (Arcaea Ultra-Bloodrush VIP),"{""en"":""MANTIS (Arcaea Ultra-Bloodrush VIP)""}",Akira Complex feat. kiraku,extend_2,,1674691201,1,default,,,,,,,,assets/songs/dl_mantis/1080_base.jpg,808670bba0463beed7c2ef1a64e6d061ff9d7c20e3fbe309adea6ea60ea729ff,2,assets/songs/dl_mantis/1080_base.jpg;assets/songs/dl_mantis/1080_base_256.jpg,c2b58dcad54203645057a859524789f59cfd5ca13613b610d04ad087b58aac90,384;768,384;768,image/jpeg,808670bba0463beed7c2ef1a64e6d061ff9d7c20e3fbe309adea6ea60ea729ff;8ed14db928ad4306b8bd42bd77ded5e3fa1fd161cf26445589d48223f33531cb,true,original object SHA-256=808670bba0463beed7c2ef1a64e6d061ff9d7c20e3fbe309adea6ea60ea729ff equals APK image SHA; legacy filename IDX=295 maps to songlist.idx,confirmed,01a00091-9026-793b-9a62-d8c310941372,01a00091-9026-7344-b502-7d817e7f11e5,covered,confirmed
arcaea:marenyx:default,marenyx,503,MARENYX,"{""en"":""MARENYX""}",BlackY × Aoi,nextstage,,1763769603,1,default,,,,,,,,assets/songs/dl_marenyx/1080_base.jpg,61796e99b4a43a14b4057565fe8c86ca442a3941a93b2f77bbfd6ac9c415046a,2,assets/songs/dl_marenyx/1080_base.jpg;assets/songs/dl_marenyx/1080_base_256.jpg,c2b58dcad54203645057a859524789f59cfd5ca13613b610d04ad087b58aac90,384;768,384;768,image/jpeg,61796e99b4a43a14b4057565fe8c86ca442a3941a93b2f77bbfd6ac9c415046a;f7fbce17fad4de604e20ee69a364c725134c1e47aa9c6f90188144816157d8e7,true,original object SHA-256=61796e99b4a43a14b4057565fe8c86ca442a3941a93b2f77bbfd6ac9c415046a equals APK image SHA; legacy filename IDX=503 maps to songlist.idx,confirmed,01a00091-913d-709d-bda4-ee00afa8ac5f,01a00091-913e-7d02-934b-6ed9cc0d2a24,covered,confirmed
arcaea:mask:default,mask,509,~_+,"{""en"":""~_+""}",AQUASINE ~ MEMODEMO + METAROOM,extend_4,,1766534401,0,default,,,,,,,,assets/songs/dl_mask/1080_base.jpg,9af71179dc7f04b175c6aa6d0897b2c83cf2b482d3bd2ab0f0ae671f8c6344c3,2,assets/songs/dl_mask/1080_base.jpg;assets/songs/dl_mask/1080_base_256.jpg,c2b58dcad54203645057a859524789f59cfd5ca13613b610d04ad087b58aac90,384;768,384;768,image/jpeg,7b2af3e2204f1b9db83b45070c225a4fa30fab701863ab8d6626de0dd5771474;9af71179dc7f04b175c6aa6d0897b2c83cf2b482d3bd2ab0f0ae671f8c6344c3,true,original object SHA-256=9af71179dc7f04b175c6aa6d0897b2c83cf2b482d3bd2ab0f0ae671f8c6344c3 equals APK image SHA; legacy filename IDX=509 maps to songlist.idx,confirmed,01a00090-2e03-7a71-a560-a57151b483a6,01a00090-2e03-7322-9b24-5484aceecdd0,covered,confirmed
arcaea:masqueradelegion:default,masqueradelegion,375,Masquerade Legion,"{""en"":""Masquerade Legion""}",Srav3R & DJ Noriken,single,,1709856007,1,default,,,,,,,,assets/songs/dl_masqueradelegion/1080_base.jpg,3048cb371c733f17f4408afce2876bd9b5ed9bb78231dba0cc2b7143c250d907,2,assets/songs/dl_masqueradelegion/1080_base.jpg;assets/songs/dl_masqueradelegion/1080_base_256.jpg,c2b58dcad54203645057a859524789f59cfd5ca13613b610d04ad087b58aac90,384;768,384;768,image/jpeg,3048cb371c733f17f4408afce2876bd9b5ed9bb78231dba0cc2b7143c250d907;d35aaeabb5ddd02cfadc8bb273e837df6c5a2bdf8966a6e1522015a80b247cc9,true,original object SHA-256=3048cb371c733f17f4408afce2876bd9b5ed9bb78231dba0cc2b7143c250d907 equals APK image SHA; legacy filename IDX=375 maps to songlist.idx,confirmed,01a00091-9256-76cc-88c5-4c0e3fb1b791,01a00091-9256-7eba-8d26-08eaf67404bb,covered,confirmed
arcaea:matenrou:default,matenrou,342,Kanjou no Matenrou ～Arr.Demetori,"{""en"":""Kanjou no Matenrou ～Arr.Demetori"",""ja"":""感情の摩天楼 ～Arr.Demetori""}",Demetori,extend_2,,1694664000,1,default,,,,,,,,assets/songs/dl_matenrou/1080_base.jpg,86e29c5cec2387448763f8fa4ddcfbf5618e0e3b18166b4dba8b483a084d996a,2,assets/songs/dl_matenrou/1080_base.jpg;assets/songs/dl_matenrou/1080_base_256.jpg,c2b58dcad54203645057a859524789f59cfd5ca13613b610d04ad087b58aac90,384;768,379;758,image/jpeg,0c29694c0a5dc964bbb1a3ded80007f78007477636aaff7317ef1543f256f87a;86e29c5cec2387448763f8fa4ddcfbf5618e0e3b18166b4dba8b483a084d996a,true,original object SHA-256=86e29c5cec2387448763f8fa4ddcfbf5618e0e3b18166b4dba8b483a084d996a equals APK image SHA; legacy filename IDX=342 maps to songlist.idx,confirmed,01a00090-4135-7140-a3de-02e06467a87e,01a00090-4135-776c-b4c2-5e4940cf4d97,covered,confirmed
arcaea:maxrage:default,maxrage,305,MAXRAGE,"{""en"":""MAXRAGE""}",EBIMAYO,maimai_append_1,,1677715205,1,default,,,,,,,,assets/songs/dl_maxrage/1080_base.jpg,902225060112c34ff0e4d399233f359aac2ca370de22edcd843382a508ccb7fc,2,assets/songs/dl_maxrage/1080_base.jpg;assets/songs/dl_maxrage/1080_base_256.jpg,c2b58dcad54203645057a859524789f59cfd5ca13613b610d04ad087b58aac90,384;768,384;768,image/jpeg,7392bbc5e7aeb28b0a9f513e6e35687d751910bee09b011dcebc9e81aa7345ef;902225060112c34ff0e4d399233f359aac2ca370de22edcd843382a508ccb7fc,true,original object SHA-256=902225060112c34ff0e4d399233f359aac2ca370de22edcd843382a508ccb7fc equals APK image SHA; legacy filename IDX=305 maps to songlist.idx,confirmed,01a00091-9378-77dd-98c9-f47ba668760c,01a00091-9378-7c29-a57b-b91b86ddb5a9,covered,confirmed
arcaea:mazenine:default,mazenine,82,Maze No.9,"{""en"":""Maze No.9"",""ja"":""九番目の迷路""}",アリスシャッハと魔法の楽団,rei,,1531699203,0,default,,,,,,,,assets/songs/dl_mazenine/1080_base.jpg,f32c341d60ea77876796101bfb40e52d4a86228aebaa235791644831502aa772,2,assets/songs/dl_mazenine/1080_base.jpg;assets/songs/dl_mazenine/1080_base_256.jpg,c2b58dcad54203645057a859524789f59cfd5ca13613b610d04ad087b58aac90,384;768,384;768,image/jpeg,2c4831a38463887627ebfbca2ae88055e9af9febbedc7dd20bd9a45207182037;f32c341d60ea77876796101bfb40e52d4a86228aebaa235791644831502aa772,true,original object SHA-256=f32c341d60ea77876796101bfb40e52d4a86228aebaa235791644831502aa772 equals APK image SHA; legacy filename IDX=82 maps to songlist.idx,confirmed,01a00090-48a8-706a-860a-16c4865639c5,01a00090-48a8-7969-9776-c6143152ef2d,covered,confirmed
arcaea:mazymetroplex:default,mazymetroplex,227,Mazy Metroplex,"{""en"":""Mazy Metroplex""}",aran,wacca,,1628553603,0,default,,,,,,,,assets/songs/dl_mazymetroplex/1080_base.jpg,079589f9dae2225143e362f1cac0856ee992f45d9e4c4eeed6549cc65815d67c,2,assets/songs/dl_mazymetroplex/1080_base.jpg;assets/songs/dl_mazymetroplex/1080_base_256.jpg,c2b58dcad54203645057a859524789f59cfd5ca13613b610d04ad087b58aac90,384;768,384;768,image/jpeg,079589f9dae2225143e362f1cac0856ee992f45d9e4c4eeed6549cc65815d67c;f301ceacaa9306595a2b5b05de39b3dca610643aecebd6ee1a6ca835f2d53d16,true,original object SHA-256=079589f9dae2225143e362f1cac0856ee992f45d9e4c4eeed6549cc65815d67c equals APK image SHA; legacy filename IDX=227 maps to songlist.idx,confirmed,01a00091-9482-70b0-984e-dd3066be0c49,01a00091-9482-7386-9e3d-387a614d2a05,covered,confirmed
arcaea:medusa:default,medusa,252,Medusa,"{""en"":""Medusa""}",HiTECH NINJA,musedash,,1640304000,1,default,,,,,,,,assets/songs/dl_medusa/1080_base.jpg,e0349877d1f0785fab8df03ab84cfee55fa0535e9e45b9991401c8cc8d49768a,2,assets/songs/dl_medusa/1080_base.jpg;assets/songs/dl_medusa/1080_base_256.jpg,c2b58dcad54203645057a859524789f59cfd5ca13613b610d04ad087b58aac90,384;768,384;768,image/jpeg,44e12d88386fd6ff99164a9d7f4543d4f6424d00cbb880a2d6b01fc7aafe9a0a;e0349877d1f0785fab8df03ab84cfee55fa0535e9e45b9991401c8cc8d49768a,true,original object SHA-256=e0349877d1f0785fab8df03ab84cfee55fa0535e9e45b9991401c8cc8d49768a equals APK image SHA; legacy filename IDX=252 maps to songlist.idx,confirmed,01a00091-954e-7a24-b0bd-3ad9fd1453fc,01a00091-954e-72ee-b263-c2c1b4fb62aa,covered,confirmed
arcaea:megalovania:default,megalovania,448,MEGALOVANIA,"{""en"":""MEGALOVANIA""}",Toby Fox,undertale,,1741478404,1,default,,,,,,,,assets/songs/dl_megalovania/1080_base.jpg,23260e6e6ea58351d6fbb967018e99dd265d9434774ab737613091d861488a24,2,assets/songs/dl_megalovania/1080_base.jpg;assets/songs/dl_megalovania/1080_base_256.jpg,c2b58dcad54203645057a859524789f59cfd5ca13613b610d04ad087b58aac90,384;768,384;768,image/jpeg,23260e6e6ea58351d6fbb967018e99dd265d9434774ab737613091d861488a24;e52b0c9a79e5753145496315c2a9255403223680b3dd8d4e85c651084b747fe2,true,original object SHA-256=23260e6e6ea58351d6fbb967018e99dd265d9434774ab737613091d861488a24 equals APK image SHA; legacy filename IDX=448 maps to songlist.idx,confirmed,01a00091-970e-7ff0-b10d-77b1925eab2f,01a00091-970e-7f0a-8b37-3b607af89cb9,covered,confirmed
arcaea:megalovaniarmx:default,megalovaniarmx,449,MEGALOVANIA (Camellia Remix),"{""en"":""MEGALOVANIA (Camellia Remix)""}",Camellia,single,,1741478405,1,default,,,,,,,,assets/songs/dl_megalovaniarmx/1080_base.jpg,cfea6c1d658df9c982573ec12eb015049d201727364a4413ed5dca022b94088e,2,assets/songs/dl_megalovaniarmx/1080_base.jpg;assets/songs/dl_megalovaniarmx/1080_base_256.jpg,c2b58dcad54203645057a859524789f59cfd5ca13613b610d04ad087b58aac90,384;768,384;768,image/jpeg,7c0ceaa649d198aaab5a3852ecf01f21c6563c874a0eb147203c095057675867;cfea6c1d658df9c982573ec12eb015049d201727364a4413ed5dca022b94088e,true,original object SHA-256=cfea6c1d658df9c982573ec12eb015049d201727364a4413ed5dca022b94088e equals APK image SHA; legacy filename IDX=449 maps to songlist.idx,confirmed,01a00091-9635-7db6-a6dd-b2a99f169aed,01a00091-9635-7c8d-be5b-a331c60d9b2d,covered,confirmed
arcaea:melodyoflove:default,melodyoflove,133,A Wandering Melody of Love,"{""en"":""A Wandering Melody of Love"",""ja"":""迷える音色は恋の唄""}",からとPαnchii少年 feat.はるの,omatsuri,,1566432002,0,default,,,,,FTR;PRS;PST,,,assets/songs/dl_melodyoflove/1080_base.jpg,c61fae31d1ba8ae30ec3de9b62bf655cc21b163957cfeeaab5d9ddfd583d8b76,2,assets/songs/dl_melodyoflove/1080_base.jpg;assets/songs/dl_melodyoflove/1080_base_256.jpg,c2b58dcad54203645057a859524789f59cfd5ca13613b610d04ad087b58aac90,384;768,384;768,image/jpeg,452678a4f1b5c2a5eaaf3c857681b5abf621d47a4c8ec32bdef18b172f721f47;c61fae31d1ba8ae30ec3de9b62bf655cc21b163957cfeeaab5d9ddfd583d8b76,true,original object SHA-256=c61fae31d1ba8ae30ec3de9b62bf655cc21b163957cfeeaab5d9ddfd583d8b76 equals APK image SHA; legacy filename IDX=133 maps to songlist.idx,confirmed,01a00090-4fe3-758b-bf03-dff6e798d8c8,01a00090-4fe3-77aa-ae4f-761369cd3d19,covered,confirmed
arcaea:melodyoflove:special:night,melodyoflove,133,A Wandering Melody of Love,"{""en"":""A Wandering Melody of Love"",""ja"":""迷える音色は恋の唄""}",からとPαnchii少年 feat.はるの,omatsuri,,1566432002,0,night/special,,,,,FTR;PRS;PST,,,assets/songs/dl_melodyoflove/1080_base_night.jpg,aa9ff607f39df09332482cd1f240499d7f8082c5d60204e4beb177ee4a7cbd10,2,assets/songs/dl_melodyoflove/1080_base_night.jpg;assets/songs/dl_melodyoflove/1080_base_night_256.jpg,c2b58dcad54203645057a859524789f59cfd5ca13613b610d04ad087b58aac90,384;768,384;768,image/jpeg,aa9ff607f39df09332482cd1f240499d7f8082c5d60204e4beb177ee4a7cbd10;cb9156cc9ac83c257e5bb4ad26f96d9ad9ccabed2758e80351fd02b91477c333,true,original object SHA-256=aa9ff607f39df09332482cd1f240499d7f8082c5d60204e4beb177ee4a7cbd10 equals APK image SHA; legacy filename IDX=133 maps to songlist.idx,confirmed,01a00090-4eda-72e5-a741-ff5de50e6fd2,01a00090-4eda-7d5d-8d6a-6fe57531171c,covered,confirmed
arcaea:meltyrhapsody:default,meltyrhapsody,517,Melty Rhapsody,"{""en"":""Melty Rhapsody"",""ja"":""メルティーラプソディー""}",lapix feat. PANXI,megarex,,1769644804,0,default,,,,,,,,assets/songs/dl_meltyrhapsody/1080_base.jpg,53a9a752a4624016c52e8c45da23a87519052a0aa9e235b55a79786d06005b57,2,assets/songs/dl_meltyrhapsody/1080_base.jpg;assets/songs/dl_meltyrhapsody/1080_base_256.jpg,c2b58dcad54203645057a859524789f59cfd5ca13613b610d04ad087b58aac90,384;768,384;768,image/jpeg,53a9a752a4624016c52e8c45da23a87519052a0aa9e235b55a79786d06005b57;6ec0279c051cf53c64fa0f5e01b7a65f99d81f29a9f421a6fd68c01705dd7672,true,original object SHA-256=53a9a752a4624016c52e8c45da23a87519052a0aa9e235b55a79786d06005b57 equals APK image SHA; legacy filename IDX=517 maps to songlist.idx,confirmed,01a00092-868f-7773-b8d3-95b39b85b760,01a00092-868f-76a5-8c35-c6a311974c02,covered,confirmed
arcaea:memoryfactory:default,memoryfactory,9,memoryfactory.lzh,"{""en"":""memoryfactory.lzh""}",Frums,core,,1487980813,0,default,,,,,,,,assets/songs/dl_memoryfactory/1080_base.jpg,a2e7d22cbabd6fdb153199ba3bb46f435826c72a8f22acd91d498d423ce3ecaa,2,assets/songs/dl_memoryfactory/1080_base.jpg;assets/songs/dl_memoryfactory/1080_base_256.jpg,c2b58dcad54203645057a859524789f59cfd5ca13613b610d04ad087b58aac90,384;768,384;768,image/jpeg,3893117033720521c501f0ca25628e1db5fd555ef48a6b5b8c0398c7d60b5ef3;a2e7d22cbabd6fdb153199ba3bb46f435826c72a8f22acd91d498d423ce3ecaa,true,original object SHA-256=a2e7d22cbabd6fdb153199ba3bb46f435826c72a8f22acd91d498d423ce3ecaa equals APK image SHA; legacy filename IDX=9 maps to songlist.idx,confirmed,01a00091-989f-7fdf-9d51-6553576875bd,01a00091-989f-70b7-92fd-dfcad93b28ac,covered,confirmed
arcaea:memoryforest:default,memoryforest,71,Memory Forest,"{""en"":""Memory Forest""}",ETIA.,nijuusei,,1521763203,0,default,,,,,,,,assets/songs/dl_memoryforest/1080_base.jpg,4d8523e0f2b4245c0fa74cc99f63cfda611519f5b42dc4292c2e0ea34ff7074e,2,assets/songs/dl_memoryforest/1080_base.jpg;assets/songs/dl_memoryforest/1080_base_256.jpg,c2b58dcad54203645057a859524789f59cfd5ca13613b610d04ad087b58aac90,384;768,384;768,image/jpeg,4d8523e0f2b4245c0fa74cc99f63cfda611519f5b42dc4292c2e0ea34ff7074e;e63a950b6f86b3d64985c0a0aadeb0aeeaaa82335e1f4d98e6222a3b8d0ac047,true,original object SHA-256=4d8523e0f2b4245c0fa74cc99f63cfda611519f5b42dc4292c2e0ea34ff7074e equals APK image SHA; legacy filename IDX=71 maps to songlist.idx,confirmed,01a00091-97a9-7ca5-836c-e2edc8248ecd,01a00091-97a9-742e-9fbd-ac77a578975b,covered,confirmed
arcaea:merlin:default,merlin,106,MERLIN,"{""en"":""MERLIN""}",REDALiCE,groovecoaster,,1546992000,0,default,,,,,,,,assets/songs/dl_merlin/1080_base.jpg,ec6415fb33d50ee6aea0ad098da0bacf80ac3ebcc67913e420e04621d48ec1c1,2,assets/songs/dl_merlin/1080_base.jpg;assets/songs/dl_merlin/1080_base_256.jpg,c2b58dcad54203645057a859524789f59cfd5ca13613b610d04ad087b58aac90,384;768,384;768,image/jpeg,ec6415fb33d50ee6aea0ad098da0bacf80ac3ebcc67913e420e04621d48ec1c1;f0c86c58fcc85533bbf706ebc3405c41985cd3ab632437f7e6de56a40db7d386,true,original object SHA-256=ec6415fb33d50ee6aea0ad098da0bacf80ac3ebcc67913e420e04621d48ec1c1 equals APK image SHA; legacy filename IDX=106 maps to songlist.idx,confirmed,01a00091-995a-7cd9-b2ea-b460d1f0770e,01a00091-995b-7dc5-ae1a-a383b45499fa,covered,confirmed
arcaea:metallicpunisher:default,metallicpunisher,74,Metallic Punisher,"{""en"":""Metallic Punisher""}",INNOCENT NOIZE,single,,1518480000,1,default,,,,,,,,assets/songs/dl_metallicpunisher/1080_base.jpg,a5f3bf057e0f62c8334fe0e4e5f1f4c6dab139a1e3b9539f04394c4d172d3d38,2,assets/songs/dl_metallicpunisher/1080_base.jpg;assets/songs/dl_metallicpunisher/1080_base_256.jpg,c2b58dcad54203645057a859524789f59cfd5ca13613b610d04ad087b58aac90,384;768,384;768,image/jpeg,a5f3bf057e0f62c8334fe0e4e5f1f4c6dab139a1e3b9539f04394c4d172d3d38;b0ee22c782681b2594ecca8c636ae8c94ee68025d76adf92186e6da296350c01,true,original object SHA-256=a5f3bf057e0f62c8334fe0e4e5f1f4c6dab139a1e3b9539f04394c4d172d3d38 equals APK image SHA; legacy filename IDX=74 maps to songlist.idx,confirmed,01a00091-9b52-7c54-a182-c3bcf66f6ee5,01a00091-9b52-765b-9271-9bdd2a0e38eb,covered,confirmed
arcaea:metamysteria:default,metamysteria,361,Meta-Mysteria,"{""en"":""Meta-Mysteria""}",DJ Noriken,wacca_append_1,,1701302404,0,default,,,,,,,,assets/songs/dl_metamysteria/1080_base.jpg,6e0c69bb4466766834c562bce10b772d885ca6da366705597da9fc2a22e6b5a9,2,assets/songs/dl_metamysteria/1080_base.jpg;assets/songs/dl_metamysteria/1080_base_256.jpg,c2b58dcad54203645057a859524789f59cfd5ca13613b610d04ad087b58aac90,384;768,384;768,image/jpeg,6e0c69bb4466766834c562bce10b772d885ca6da366705597da9fc2a22e6b5a9;9f65b3896dcdf3ccebb199ee7074273951f4005074e3d87298ee61c2b04c322f,true,original object SHA-256=6e0c69bb4466766834c562bce10b772d885ca6da366705597da9fc2a22e6b5a9 equals APK image SHA; legacy filename IDX=361 maps to songlist.idx,confirmed,01a00091-9a4a-736b-bdd5-cd312763d036,01a00091-9a4b-7494-b998-f5c63845f164,covered,confirmed
arcaea:miles:default,miles,466,Miles,"{""en"":""Miles""}",Electronic Boutique,single,,1750896002,0,default,,,,,,,,assets/songs/dl_miles/1080_base.jpg,03f23b511ea04e224ddc3fe72166cb0e0653c8907e6494dbb9452dd638544e95,2,assets/songs/dl_miles/1080_base.jpg;assets/songs/dl_miles/1080_base_256.jpg,c2b58dcad54203645057a859524789f59cfd5ca13613b610d04ad087b58aac90,384;768,384;768,image/jpeg,03f23b511ea04e224ddc3fe72166cb0e0653c8907e6494dbb9452dd638544e95;3fc25ce10007deb5d28f95258b20eb65368986b498bc33bd9b0c683f4049af37,true,original object SHA-256=03f23b511ea04e224ddc3fe72166cb0e0653c8907e6494dbb9452dd638544e95 equals APK image SHA; legacy filename IDX=466 maps to songlist.idx,confirmed,01a00091-9c4c-740a-a0d5-ac4e0895270a,01a00091-9c4c-7ce6-bf67-4ca7a79ca818,covered,confirmed
arcaea:mirinae:default,mirinae,383,MIRINAE,"{""en"":""MIRINAE""}",TAK × Zekk,single,,1711324805,0,default,,,,,,,,assets/songs/dl_mirinae/1080_base.jpg,36404670f509d12d3a7f8e5bbfa908ffd15a0393bf8f7d4c46f4cae121ddcf67,2,assets/songs/dl_mirinae/1080_base.jpg;assets/songs/dl_mirinae/1080_base_256.jpg,c2b58dcad54203645057a859524789f59cfd5ca13613b610d04ad087b58aac90,384;768,384;768,image/jpeg,36404670f509d12d3a7f8e5bbfa908ffd15a0393bf8f7d4c46f4cae121ddcf67;9cd2a31570c10f1b3494f60105c76b1275b7ed58bffc957126725bba51255d62,true,original object SHA-256=36404670f509d12d3a7f8e5bbfa908ffd15a0393bf8f7d4c46f4cae121ddcf67 equals APK image SHA; legacy filename IDX=383 maps to songlist.idx,confirmed,01a00091-9d31-7f24-8d89-fbbaf8ebdbb0,01a00091-9d31-7e22-b3fb-f88bfc558aa8,covered,confirmed
arcaea:mirrorrmx:default,mirrorrmx,530,MIRROR - kamome sano remix,"{""en"":""MIRROR - kamome sano remix""}",kamome sano,extend_4,,1777507203,0,default,,,,,,,,assets/songs/dl_mirrorrmx/1080_base.jpg,cb35bf81cc539640399f10fc0c09f31a5833a77df1fb789483071b02b0308b76,2,assets/songs/dl_mirrorrmx/1080_base.jpg;assets/songs/dl_mirrorrmx/1080_base_256.jpg,c2b58dcad54203645057a859524789f59cfd5ca13613b610d04ad087b58aac90,384;768,384;768,image/jpeg,89cdad6ccc4b2924e30c0df5f69d465ade21ed6e40fe5e88e8153bfa506ff52c;cb35bf81cc539640399f10fc0c09f31a5833a77df1fb789483071b02b0308b76,true,original object SHA-256=cb35bf81cc539640399f10fc0c09f31a5833a77df1fb789483071b02b0308b76 equals APK image SHA; legacy filename IDX=530 maps to songlist.idx,confirmed,01a00091-9e32-7906-85fb-783f19e6440a,01a00091-9e32-7d8c-b734-88249d27d5be,covered,confirmed
arcaea:mirzam:default,mirzam,136,Mirzam,"{""en"":""Mirzam""}",Aoi vs. siqlo,single,,1568246400,1,default,,,,,,,,assets/songs/dl_mirzam/1080_base.jpg,16bdffb9006563a6e555a0a56a88ce48445c7e0b9c576f7ed03eee1bf74b75bf,2,assets/songs/dl_mirzam/1080_base.jpg;assets/songs/dl_mirzam/1080_base_256.jpg,c2b58dcad54203645057a859524789f59cfd5ca13613b610d04ad087b58aac90,384;768,384;768,image/jpeg,08d3b06d6da057697099df25c5033dfa6c1cdf049111207d140fba9af43172cb;16bdffb9006563a6e555a0a56a88ce48445c7e0b9c576f7ed03eee1bf74b75bf,true,original object SHA-256=16bdffb9006563a6e555a0a56a88ce48445c7e0b9c576f7ed03eee1bf74b75bf equals APK image SHA; legacy filename IDX=136 maps to songlist.idx,confirmed,01a00091-9f16-764f-9d9c-45a9ae7a178b,01a00091-9f16-7b2d-abbf-72668e78c0f2,covered,confirmed
arcaea:mod:default,mod,494,mod,"{""en"":""mod""}",kalsoer,extend_4,,1761782401,0,default,,,,,,,,assets/songs/dl_mod/1080_base.jpg,85a841f603be34686e737c7fb415ef87a54db6d78a6f71456b0e8bd7e272c613,2,assets/songs/dl_mod/1080_base.jpg;assets/songs/dl_mod/1080_base_256.jpg,c2b58dcad54203645057a859524789f59cfd5ca13613b610d04ad087b58aac90,384;768,384;768,image/jpeg,85a841f603be34686e737c7fb415ef87a54db6d78a6f71456b0e8bd7e272c613;9b8d5d8ef2c661dd43efa5ed947af97bb2cd6fc94808ea9366204207aa8092fa,true,original object SHA-256=85a841f603be34686e737c7fb415ef87a54db6d78a6f71456b0e8bd7e272c613 equals APK image SHA; legacy filename IDX=494 maps to songlist.idx,confirmed,01a00091-a114-761c-8e5f-6504d9a6b6da,01a00091-a114-794b-ae10-f0243156373e,covered,confirmed
arcaea:modelista:default,modelista,50,Modelista,"{""en"":""Modelista""}",HiTECH NINJA,single,,1505520001,0,default,,,,,,,,assets/songs/dl_modelista/1080_base.jpg,e27efa8363ceb656c27867bde843d13263a6f4da9f5c3681efcbf96aef97b8fd,2,assets/songs/dl_modelista/1080_base.jpg;assets/songs/dl_modelista/1080_base_256.jpg,c2b58dcad54203645057a859524789f59cfd5ca13613b610d04ad087b58aac90,384;768,384;768,image/jpeg,2ee18fc2ea6edf12b0c46d83d6b12db6cd8d86ba755c3194b7418ebbfeae2c99;e27efa8363ceb656c27867bde843d13263a6f4da9f5c3681efcbf96aef97b8fd,true,original object SHA-256=e27efa8363ceb656c27867bde843d13263a6f4da9f5c3681efcbf96aef97b8fd equals APK image SHA; legacy filename IDX=50 maps to songlist.idx,confirmed,01a00091-a24f-7309-ad3a-041ad9805660,01a00091-a24f-71f9-9f2a-768d73e1e469,covered,confirmed
arcaea:monochromeprincess:default,monochromeprincess,140,Monochrome Princess,"{""en"":""Monochrome Princess""}",polysha,base,,1572048000,1,default,,,,,,,,assets/songs/dl_monochromeprincess/1080_base.jpg,9d199d265d66de50f9e9b6cb28c9880d91f2a12e362608baf9da9d5b06a4cba5,2,assets/songs/dl_monochromeprincess/1080_base.jpg;assets/songs/dl_monochromeprincess/1080_base_256.jpg,c2b58dcad54203645057a859524789f59cfd5ca13613b610d04ad087b58aac90,384;768,385;769,image/jpeg,9d199d265d66de50f9e9b6cb28c9880d91f2a12e362608baf9da9d5b06a4cba5;ecda29c87d27e9d6c21508620abcdf348b76311a8b70dee7381af8bd97090cda,true,original object SHA-256=9d199d265d66de50f9e9b6cb28c9880d91f2a12e362608baf9da9d5b06a4cba5 equals APK image SHA; legacy filename IDX=140 maps to songlist.idx,confirmed,01a00091-a354-7c48-9a74-fe05aee9e9ff,01a00091-a354-7590-9644-308f2c3809d7,covered,confirmed
arcaea:moonheart:default,moonheart,45,Moonheart,"{""en"":""Moonheart""}",翡乃イスカ,mirai,,1502323203,0,default,,,,BYD,,,,assets/songs/dl_moonheart/1080_base.jpg,42f47e92c3fbe3347e13e5a64bf104c7484fb691082804a9f8ac557b4c0a203a,2,assets/songs/dl_moonheart/1080_base.jpg;assets/songs/dl_moonheart/1080_base_256.jpg,c2b58dcad54203645057a859524789f59cfd5ca13613b610d04ad087b58aac90,384;768,384;768,image/jpeg,42f47e92c3fbe3347e13e5a64bf104c7484fb691082804a9f8ac557b4c0a203a;5c2c0c054cd76e84110d643c9fb05ada8754b7b0e022d21264ad14a4d5196870,true,original object SHA-256=42f47e92c3fbe3347e13e5a64bf104c7484fb691082804a9f8ac557b4c0a203a equals APK image SHA; legacy filename IDX=45 maps to songlist.idx,confirmed,01a00091-a525-7f5a-af89-41e7b8f68593,01a00091-a526-755b-87c9-61642402e6b8,covered,confirmed
arcaea:moonheart:difficulty:BYD,moonheart,45,Moonheart,"{""en"":""Moonheart""}",翡乃イスカ,mirai,,1502323203,0,difficulty-specific,BYD,3,True,BYD,,,,assets/songs/dl_moonheart/1080_3.jpg,a6ce6e864ea395da38395c5ecff81c69a5fd7f9e89f11ccf9ee0394285fce96c,2,assets/songs/dl_moonheart/1080_3.jpg;assets/songs/dl_moonheart/1080_3_256.jpg,c2b58dcad54203645057a859524789f59cfd5ca13613b610d04ad087b58aac90,384;768,384;768,image/jpeg,78651cf054d696c1a8eb428f6266895e4d2509aad7c53846f2c5e562f5b15b72;a6ce6e864ea395da38395c5ecff81c69a5fd7f9e89f11ccf9ee0394285fce96c,true,original object SHA-256=a6ce6e864ea395da38395c5ecff81c69a5fd7f9e89f11ccf9ee0394285fce96c equals APK image SHA; legacy filename IDX=45 maps to songlist.idx,confirmed,01a00091-a43f-7f51-b8a3-dff8facb8c4a,01a00091-a43f-7bd3-a53a-6657c1150d32,covered,confirmed
arcaea:moonlightofsandcastle:default,moonlightofsandcastle,34,Moonlight of Sand Castle,"{""en"":""Moonlight of Sand Castle""}",旅人E,dynamix,,1498176001,0,default,,,,,,,,assets/songs/dl_moonlightofsandcastle/1080_base.jpg,644f29ce287d17f1efa1e77cd3887e28a53e92c3cef8d3550aa4d2c902113853,2,assets/songs/dl_moonlightofsandcastle/1080_base.jpg;assets/songs/dl_moonlightofsandcastle/1080_base_256.jpg,c2b58dcad54203645057a859524789f59cfd5ca13613b610d04ad087b58aac90,384;768,384;768,image/jpeg,11d91bdde6167133fc889fd2436d19a399080d57b82a62a15aa2bcdac9da69e9;644f29ce287d17f1efa1e77cd3887e28a53e92c3cef8d3550aa4d2c902113853,true,original object SHA-256=644f29ce287d17f1efa1e77cd3887e28a53e92c3cef8d3550aa4d2c902113853 equals APK image SHA; legacy filename IDX=34 maps to songlist.idx,confirmed,01a00091-a619-759c-b9f0-e5171f980435,01a00091-a619-7e40-9548-932e83ab9c09,covered,confirmed
arcaea:morningloom:default,morningloom,381,MORNINGLOOM,"{""en"":""MORNINGLOOM""}",saaa,extend_3,,1711324803,0,default,,,,,,,,assets/songs/dl_morningloom/1080_base.jpg,2c1b3c26c51ca5d07c12d5ac5c0af122276f80df6117ad004df667a2acdbe974,2,assets/songs/dl_morningloom/1080_base.jpg;assets/songs/dl_morningloom/1080_base_256.jpg,c2b58dcad54203645057a859524789f59cfd5ca13613b610d04ad087b58aac90,384;768,384;768,image/jpeg,2c1b3c26c51ca5d07c12d5ac5c0af122276f80df6117ad004df667a2acdbe974;a16aee30bc6795975a6454b882c517cd75de7bd338473e0bea78ff2dcb9323ae,true,original object SHA-256=2c1b3c26c51ca5d07c12d5ac5c0af122276f80df6117ad004df667a2acdbe974 equals APK image SHA; legacy filename IDX=381 maps to songlist.idx,confirmed,01a00091-a717-7c61-8f40-b95ca8ede4c3,01a00091-a717-7833-9d8b-a63370823f27,covered,confirmed
arcaea:mu:default,mu,269,μ,"{""en"":""μ""}",Frums,single,,1653436801,0,default,,,,,,,,assets/songs/dl_mu/1080_base.jpg,b0f60efd36e42b12b95c76bb3c85117f9b74b2e047427de981a7d27dff6c320b,2,assets/songs/dl_mu/1080_base.jpg;assets/songs/dl_mu/1080_base_256.jpg,c2b58dcad54203645057a859524789f59cfd5ca13613b610d04ad087b58aac90,384;768,384;768,image/jpeg,8a500d706ed394d8f853d70f96c142bb6cfc788db15af24fbd6c9282caa98b9e;b0f60efd36e42b12b95c76bb3c85117f9b74b2e047427de981a7d27dff6c320b,true,original object SHA-256=b0f60efd36e42b12b95c76bb3c85117f9b74b2e047427de981a7d27dff6c320b equals APK image SHA; legacy filename IDX=269 maps to songlist.idx,confirmed,01a00092-6d50-7791-b2d1-6d6111783e84,01a00092-6d50-73fb-a8db-85dfdf61ab0f,covered,confirmed
arcaea:mukishitsu:default,mukishitsu,272,Redraw the Colorless World,"{""en"":""Redraw the Colorless World"",""ja"":""無機質世界に彩を""}",MisomyL,base,,1657152001,0,default,,,,,,,,assets/songs/dl_mukishitsu/base.jpg,55ff467e00e2cf46fb5dfa78595b8c71736858b2b9fc4d0286634ef2db071bac,2,assets/songs/dl_mukishitsu/base.jpg;assets/songs/dl_mukishitsu/base_256.jpg,c2b58dcad54203645057a859524789f59cfd5ca13613b610d04ad087b58aac90,256;512,256;512,image/jpeg,4152191d74eefe434c4c372a8bfbdd0a27d7611c45879385281a33b2cd9c57bb;55ff467e00e2cf46fb5dfa78595b8c71736858b2b9fc4d0286634ef2db071bac,true,original object SHA-256=55ff467e00e2cf46fb5dfa78595b8c71736858b2b9fc4d0286634ef2db071bac equals APK image SHA; legacy filename IDX=272 maps to songlist.idx,confirmed,01a00090-5abf-7182-bb83-eb366e5fa74c,01a00090-5abf-7ddd-b800-142da8072161,covered,confirmed
arcaea:mvurbd:default,mvurbd,411,MVURBD,"{""en"":""MVURBD""}",ETIA.,rotaeno,,1724889604,1,default,,,,,,,,assets/songs/dl_mvurbd/1080_base.jpg,470a9772b398d672b3b90577902a8c8785382c3555421ceb45c561ea2d8060f5,2,assets/songs/dl_mvurbd/1080_base.jpg;assets/songs/dl_mvurbd/1080_base_256.jpg,c2b58dcad54203645057a859524789f59cfd5ca13613b610d04ad087b58aac90,384;768,384;768,image/jpeg,1981f0ba9e75014a2e0b65cd494f0745e6088ff453ebdb16dd5e84971b0167a4;470a9772b398d672b3b90577902a8c8785382c3555421ceb45c561ea2d8060f5,true,original object SHA-256=470a9772b398d672b3b90577902a8c8785382c3555421ceb45c561ea2d8060f5 equals APK image SHA; legacy filename IDX=411 maps to songlist.idx,confirmed,01a00091-a7f7-740f-a4c7-217247f563aa,01a00091-a7f7-7835-a91e-075cc3e88964,covered,confirmed
arcaea:mylifeismine:default,mylifeismine,516,My life is mine alone!,"{""en"":""My life is mine alone!""}",Mylta feat. ねんね,megarex,,1769644803,0,default,,,,,,,,assets/songs/dl_mylifeismine/1080_base.jpg,767390bb4e020eaf9408ecd7e353ffaef5d702b442c4b9807a83cc20c8b8b9df,2,assets/songs/dl_mylifeismine/1080_base.jpg;assets/songs/dl_mylifeismine/1080_base_256.jpg,c2b58dcad54203645057a859524789f59cfd5ca13613b610d04ad087b58aac90,384;768,384;768,image/jpeg,70f6ca08ce9102d89d26706a48a1fb4a50a3e805306b61a453b47da2eec9872b;767390bb4e020eaf9408ecd7e353ffaef5d702b442c4b9807a83cc20c8b8b9df,true,original object SHA-256=767390bb4e020eaf9408ecd7e353ffaef5d702b442c4b9807a83cc20c8b8b9df equals APK image SHA; legacy filename IDX=516 maps to songlist.idx,confirmed,01a00091-a8f8-7ea3-8033-43df6f704b6c,01a00091-a8f8-7d24-bb6b-c76a6dfd5c70,covered,confirmed
arcaea:namelesspassion:default,namelesspassion,355,Nameless Passion,"{""en"":""Nameless Passion""}",天束 feat.Sennzai,eden_append_2,,1698278402,1,default,,,,,,,,assets/songs/dl_namelesspassion/1080_base.jpg,9ee077e33996366bc94dc902fbc510b7d3f35201f52750a6e95696e940f2e3d6,2,assets/songs/dl_namelesspassion/1080_base.jpg;assets/songs/dl_namelesspassion/1080_base_256.jpg,c2b58dcad54203645057a859524789f59cfd5ca13613b610d04ad087b58aac90,384;768,384;768,image/jpeg,39e09aa760e3b4915a9a087856f77ffdd7b362d7f45382e6df4d9efc88d5868d;9ee077e33996366bc94dc902fbc510b7d3f35201f52750a6e95696e940f2e3d6,true,original object SHA-256=9ee077e33996366bc94dc902fbc510b7d3f35201f52750a6e95696e940f2e3d6 equals APK image SHA; legacy filename IDX=355 maps to songlist.idx,confirmed,01a00091-a9e6-7ac2-8600-ae31951c1171,01a00091-a9e6-7ac2-8e08-2eb4d1498674,covered,confirmed
arcaea:nekonote:default,nekonote,268,Dancin' on a Cat's Paw,"{""en"":""Dancin' on a Cat's Paw"",""ja"":""ネコノテ・カリタガール""}",Ino(chronoize),base,,1651104004,0,default,,,,,,,,assets/songs/dl_nekonote/1080_base.jpg,c0aeeb11ee1d939acaf8aef6e91ef7d1d32ac03b9f046dd26e1f6150a11cf2f0,2,assets/songs/dl_nekonote/1080_base.jpg;assets/songs/dl_nekonote/1080_base_256.jpg,c2b58dcad54203645057a859524789f59cfd5ca13613b610d04ad087b58aac90,384;768,384;768,image/jpeg,c0aeeb11ee1d939acaf8aef6e91ef7d1d32ac03b9f046dd26e1f6150a11cf2f0;f1b2fd34381a179d6d750fec01dea4f567356d43e5f250eff293eab83ac1efae,true,original object SHA-256=c0aeeb11ee1d939acaf8aef6e91ef7d1d32ac03b9f046dd26e1f6150a11cf2f0 equals APK image SHA; legacy filename IDX=268 maps to songlist.idx,confirmed,01a00092-7c8c-7dcd-8eb6-21cda1e0061a,01a00092-7c8c-70cb-bf38-6d2106b526b9,covered,confirmed
arcaea:neokosmo:default,neokosmo,247,nέο κόsmo,"{""en"":""nέο κόsmo"",""ko"":""neo kosmo"",""zh-Hant"":""neo kosmo"",""zh-Hans"":""neo kosmo""}",ak+q × Street,dividedheart,,1639008003,1,default,,,,,,,,assets/songs/dl_neokosmo/1080_base.jpg,2f3d68e8b7b0c81d7acd36cc25f0089da255549d7a84d4c83212a89c561e1fa8,2,assets/songs/dl_neokosmo/1080_base.jpg;assets/songs/dl_neokosmo/1080_base_256.jpg,c2b58dcad54203645057a859524789f59cfd5ca13613b610d04ad087b58aac90,384;768,384;768,image/jpeg,2f3d68e8b7b0c81d7acd36cc25f0089da255549d7a84d4c83212a89c561e1fa8;3e7da0ca5bedfe2efc897015b312229f4220eac2fe7ad230d3635df7b4caf507,true,original object SHA-256=2f3d68e8b7b0c81d7acd36cc25f0089da255549d7a84d4c83212a89c561e1fa8 equals APK image SHA; legacy filename IDX=247 maps to songlist.idx,confirmed,01a00091-b60f-7cb5-bb46-992930dd6862,01a00091-b60f-7a2b-810b-d2bf0347a107,covered,confirmed
arcaea:neowings:default,neowings,258,NEO WINGS,"{""en"":""NEO WINGS""}",SOUND HOLIC feat. Nana Takahashi,single,,1645056006,1,default,,,,,,,,assets/songs/dl_neowings/1080_base.jpg,e59232feb54eb5f0061291003f867898b88056b04f14760883f26831bb9dfb60,2,assets/songs/dl_neowings/1080_base.jpg;assets/songs/dl_neowings/1080_base_256.jpg,c2b58dcad54203645057a859524789f59cfd5ca13613b610d04ad087b58aac90,384;768,384;768,image/jpeg,996caf4a9877eda4bd55575c6f4018acbc09a818cd5ee4f889907355351f150c;e59232feb54eb5f0061291003f867898b88056b04f14760883f26831bb9dfb60,true,original object SHA-256=e59232feb54eb5f0061291003f867898b88056b04f14760883f26831bb9dfb60 equals APK image SHA; legacy filename IDX=258 maps to songlist.idx,confirmed,01a00091-ab03-7b04-b799-322795733b78,01a00091-ab03-7e14-866e-f2290a571442,covered,confirmed
arcaea:newyorkbackraise:default,newyorkbackraise,317,New York Back Raise,"{""en"":""New York Back Raise""}",saaa + kei_iwata + stuv + わかどり,single,,1682553603,1,default,,,,,,,,assets/songs/dl_newyorkbackraise/1080_base.jpg,aee39a464929ca814cec8c58f8aab7f9ac1639721ee700099167622d6ea8be24,2,assets/songs/dl_newyorkbackraise/1080_base.jpg;assets/songs/dl_newyorkbackraise/1080_base_256.jpg,c2b58dcad54203645057a859524789f59cfd5ca13613b610d04ad087b58aac90,384;768,384;768,image/jpeg,3a27780405df876e16e5220cbf7d7991bf57321eadc0f754244b5754e371ed1e;aee39a464929ca814cec8c58f8aab7f9ac1639721ee700099167622d6ea8be24,true,original object SHA-256=aee39a464929ca814cec8c58f8aab7f9ac1639721ee700099167622d6ea8be24 equals APK image SHA; legacy filename IDX=317 maps to songlist.idx,confirmed,01a00091-ac02-702e-a1c6-1c341433f129,01a00091-ac02-70d8-9058-ac97959a2b73,covered,confirmed
arcaea:nexttoyou:default,nexttoyou,73,next to you,"{""en"":""next to you""}",uma feat. 橘花音,nijuusei,,1521763200,0,default,,,,BYD,,,,assets/songs/dl_nexttoyou/1080_base.jpg,c7895078750e38fcb71c30f9e196cbacb92466274ac46c2b9b615699fd4564b2,2,assets/songs/dl_nexttoyou/1080_base.jpg;assets/songs/dl_nexttoyou/1080_base_256.jpg,c2b58dcad54203645057a859524789f59cfd5ca13613b610d04ad087b58aac90,384;768,384;768,image/jpeg,5a89b7bb93483ebe680aa911fe9580263df1afae242716d6a4795f2ac4d03aa5;c7895078750e38fcb71c30f9e196cbacb92466274ac46c2b9b615699fd4564b2,true,original object SHA-256=c7895078750e38fcb71c30f9e196cbacb92466274ac46c2b9b615699fd4564b2 equals APK image SHA; legacy filename IDX=73 maps to songlist.idx,confirmed,01a00091-ae23-78df-bf68-80737d5f24ea,01a00091-ae24-7666-9699-7cef6f882c16,covered,confirmed
arcaea:nexttoyou:difficulty:BYD,nexttoyou,73,next to you,"{""en"":""next to you""}",uma feat. 橘花音,nijuusei,,1521763200,0,difficulty-specific,BYD,3,True,BYD,,,,assets/songs/dl_nexttoyou/1080_3.jpg,4335c5fb4912bed6c5cfdb5979e88555abd06a05679b42a1dfbe136b75bd69f2,2,assets/songs/dl_nexttoyou/1080_3.jpg;assets/songs/dl_nexttoyou/1080_3_256.jpg,c2b58dcad54203645057a859524789f59cfd5ca13613b610d04ad087b58aac90,384;768,384;768,image/jpeg,404dcc0c78c3ff80848f974ac0df32a14b351189c7314d038c7c612f57f3bbbe;4335c5fb4912bed6c5cfdb5979e88555abd06a05679b42a1dfbe136b75bd69f2,true,original object SHA-256=4335c5fb4912bed6c5cfdb5979e88555abd06a05679b42a1dfbe136b75bd69f2 equals APK image SHA; legacy filename IDX=73 maps to songlist.idx,confirmed,01a00091-acfb-7432-a7d5-119860f16533,01a00091-acfb-727b-9787-75146c245b2c,covered,confirmed
arcaea:nhelv:default,nhelv,93,Nhelv,"{""en"":""Nhelv""}",Silentroom,base,,1533859200,1,default,,,,BYD,,,,assets/songs/dl_nhelv/1080_base.jpg,e27d3fd73b9238972f65427592ae91640227631bc4de673fad465dd4ce168322,2,assets/songs/dl_nhelv/1080_base.jpg;assets/songs/dl_nhelv/1080_base_256.jpg,c2b58dcad54203645057a859524789f59cfd5ca13613b610d04ad087b58aac90,384;768,384;768,image/jpeg,a9210dd6ab5f0dae9241ecfd42f31f9bdf82f80e211f7996a92ae95ae65873e7;e27d3fd73b9238972f65427592ae91640227631bc4de673fad465dd4ce168322,true,original object SHA-256=e27d3fd73b9238972f65427592ae91640227631bc4de673fad465dd4ce168322 equals APK image SHA; legacy filename IDX=93 maps to songlist.idx,confirmed,01a00091-b037-7fdf-81c7-d2b3347e8b9a,01a00091-b037-7c56-b54d-993647c08c08,covered,confirmed
arcaea:nhelv:difficulty:BYD,nhelv,93,Nhelv,"{""en"":""Nhelv""}",Silentroom,base,,1533859200,1,difficulty-specific,BYD,3,True,BYD,,,,assets/songs/dl_nhelv/1080_3.jpg,36671c74d6226d3e83f6dee2fce6d84e4b552a613f765f51c8511922cba3339a,2,assets/songs/dl_nhelv/1080_3.jpg;assets/songs/dl_nhelv/1080_3_256.jpg,c2b58dcad54203645057a859524789f59cfd5ca13613b610d04ad087b58aac90,384;768,384;768,image/jpeg,36671c74d6226d3e83f6dee2fce6d84e4b552a613f765f51c8511922cba3339a;b40f412f46aaf430a87e24421dd14aa4e91cbe8f75d8f47eb0a89baad02caea9,true,original object SHA-256=36671c74d6226d3e83f6dee2fce6d84e4b552a613f765f51c8511922cba3339a equals APK image SHA; legacy filename IDX=93 maps to songlist.idx,confirmed,01a00091-af3c-70cf-a4d8-ff75358c33f7,01a00091-af3c-792b-935f-7155b49256bf,covered,confirmed
arcaea:nightmare:default,nightmare,462,Nightmare,"{""en"":""Nightmare""}",M2U,djmax,,1747872006,1,default,,,,,,,,assets/songs/dl_nightmare/1080_base.jpg,1e6f952c4912d4836bec6c469b6ce37dcf590856c5af2f7a8a3d32411a242391,2,assets/songs/dl_nightmare/1080_base.jpg;assets/songs/dl_nightmare/1080_base_256.jpg,c2b58dcad54203645057a859524789f59cfd5ca13613b610d04ad087b58aac90,384;768,384;768,image/jpeg,1e6f952c4912d4836bec6c469b6ce37dcf590856c5af2f7a8a3d32411a242391;a0c6ac4ea93e1325c725a6a73e3dedc5f52e295ca944cb9dade04e4f543e7616,true,original object SHA-256=1e6f952c4912d4836bec6c469b6ce37dcf590856c5af2f7a8a3d32411a242391 equals APK image SHA; legacy filename IDX=462 maps to songlist.idx,confirmed,01a00091-b101-7c7e-82ee-1f2f28dd67ec,01a00091-b101-76e5-ba01-b96ac4f6ba61,covered,confirmed
arcaea:nirvluce:default,nirvluce,26,Nirv lucE,"{""en"":""Nirv lucE""}",しーけー,shiawase,,1494547205,0,default,,,,,,,,assets/songs/dl_nirvluce/1080_base.jpg,c4838bbf09c9e6c0560fe844b518d7032b3353dc21f050488e6bbbabc60b0bcd,2,assets/songs/dl_nirvluce/1080_base.jpg;assets/songs/dl_nirvluce/1080_base_256.jpg,c2b58dcad54203645057a859524789f59cfd5ca13613b610d04ad087b58aac90,384;768,384;768,image/jpeg,66f75fce81563f4f270b4f79fc76e07b0f5072d928142d2311cf11ddbc09aae2;c4838bbf09c9e6c0560fe844b518d7032b3353dc21f050488e6bbbabc60b0bcd,true,original object SHA-256=c4838bbf09c9e6c0560fe844b518d7032b3353dc21f050488e6bbbabc60b0bcd equals APK image SHA; legacy filename IDX=26 maps to songlist.idx,confirmed,01a00091-b20a-7530-9c57-7280a4c9b9d5,01a00091-b20a-7dcd-bb4c-b4553e8e6967,covered,confirmed
arcaea:nnglooms:default,nnglooms,332,99 Glooms,"{""en"":""99 Glooms""}",Sta,cytusii_append_1,,1689724803,1,default,,,,,,,,assets/songs/dl_nnglooms/1080_base.jpg,98e3233551a13faa5c0e031a623edd9217ad3bee352a9b1f777101ed7fee2010,2,assets/songs/dl_nnglooms/1080_base.jpg;assets/songs/dl_nnglooms/1080_base_256.jpg,c2b58dcad54203645057a859524789f59cfd5ca13613b610d04ad087b58aac90,384;768,384;768,image/jpeg,6a604978b617c75c753476bb39a8d5d826981b769bbf9f6f96a606e258b184bc;98e3233551a13faa5c0e031a623edd9217ad3bee352a9b1f777101ed7fee2010,true,original object SHA-256=98e3233551a13faa5c0e031a623edd9217ad3bee352a9b1f777101ed7fee2010 equals APK image SHA; legacy filename IDX=332 maps to songlist.idx,confirmed,01a00090-353b-7288-bce7-391c0bed8cdd,01a00090-353b-75a8-9362-1393004e4458,covered,confirmed
arcaea:nowayback:default,nowayback,489,No Way Back,"{""en"":""No Way Back""}",Nhato,eclipse,,1759363203,0,default,,,,,,,,assets/songs/dl_nowayback/1080_base.jpg,0ea7a8be32fc06e9702249a1a6704075a46ed9676b9eb717609965ba9dc4a99d,2,assets/songs/dl_nowayback/1080_base.jpg;assets/songs/dl_nowayback/1080_base_256.jpg,c2b58dcad54203645057a859524789f59cfd5ca13613b610d04ad087b58aac90,384;768,384;768,image/jpeg,0ea7a8be32fc06e9702249a1a6704075a46ed9676b9eb717609965ba9dc4a99d;9c25b86743403f99db154359f12b1eb01876c2c8529a29650b8caab872a3b21e,true,original object SHA-256=0ea7a8be32fc06e9702249a1a6704075a46ed9676b9eb717609965ba9dc4a99d equals APK image SHA; legacy filename IDX=489 maps to songlist.idx,confirmed,01a00091-b31a-7e52-8705-3131b466da19,01a00091-b31a-7daa-8bdc-c52e001585f5,covered,confirmed
arcaea:nulctrl:default,nulctrl,256,NULCTRL,"{""en"":""NULCTRL""}",Silentroom,base,,1645056002,1,default,,,,,,,,assets/songs/dl_nulctrl/1080_base.jpg,8494d7577b7071861d4cbc479987664a14030b22213c90a7e951e0c6aa17c03e,2,assets/songs/dl_nulctrl/1080_base.jpg;assets/songs/dl_nulctrl/1080_base_256.jpg,c2b58dcad54203645057a859524789f59cfd5ca13613b610d04ad087b58aac90,384;768,384;768,image/jpeg,19d99266add60e4d9f239c079ad6487c603177d319f2f9c7603963089fbcec47;8494d7577b7071861d4cbc479987664a14030b22213c90a7e951e0c6aa17c03e,true,original object SHA-256=8494d7577b7071861d4cbc479987664a14030b22213c90a7e951e0c6aa17c03e equals APK image SHA; legacy filename IDX=256 maps to songlist.idx,confirmed,01a00091-b442-76bf-922e-131052d4c887,01a00091-b442-7c3a-967e-f868ae7480d8,covered,confirmed
arcaea:nullapophenia:default,nullapophenia,299,NULL APOPHENIA,"{""en"":""NULL APOPHENIA""}",N²,single,,1674691205,1,default,,,,,,,,assets/songs/dl_nullapophenia/1080_base.jpg,055d70ec85f39fcbaaedcbee54fed33efa831533a559a8e96d6138c733fd46d6,2,assets/songs/dl_nullapophenia/1080_base.jpg;assets/songs/dl_nullapophenia/1080_base_256.jpg,c2b58dcad54203645057a859524789f59cfd5ca13613b610d04ad087b58aac90,384;768,384;768,image/jpeg,055d70ec85f39fcbaaedcbee54fed33efa831533a559a8e96d6138c733fd46d6;e7788f3b06da0d3b39167643355a1d106ab1212cf258726590afe9d24869d92b,true,original object SHA-256=055d70ec85f39fcbaaedcbee54fed33efa831533a559a8e96d6138c733fd46d6 equals APK image SHA; legacy filename IDX=299 maps to songlist.idx,confirmed,01a00091-b50f-7bd5-81c4-25f01f42b58d,01a00091-b50f-7af5-b230-c8225377280c,covered,confirmed
arcaea:oblivia:default,oblivia,152,Oblivia,"{""en"":""Oblivia""}",Saiph,base,,1585094400,0,default,,,,BYD,,,,assets/songs/oblivia/1080_base.jpg,84c4c0bff5b09301a434d49f94dd620dd95d66420275be5a6e65f0841136a29e,2,assets/songs/oblivia/1080_base.jpg;assets/songs/oblivia/1080_base_256.jpg,c2b58dcad54203645057a859524789f59cfd5ca13613b610d04ad087b58aac90,384;768,384;768,image/jpeg,37c166c503a47fc4ffc3b843a2084b597a70fa23f55f9fc3774a55f1c4b97436;84c4c0bff5b09301a434d49f94dd620dd95d66420275be5a6e65f0841136a29e,true,original object SHA-256=84c4c0bff5b09301a434d49f94dd620dd95d66420275be5a6e65f0841136a29e equals APK image SHA; legacy filename IDX=152 maps to songlist.idx,confirmed,01a00091-b863-790c-9fc7-8abcc46daaea,01a00091-b863-73d8-8748-7f2b9ff2d01a,covered,confirmed
arcaea:oblivia:difficulty:BYD,oblivia,152,Oblivia,"{""en"":""Oblivia""}",Saiph,base,,1585094400,0,difficulty-specific,BYD,3,True,BYD,,,,assets/songs/oblivia/1080_3.jpg,dbe331c38d3d9c17ef9b02d9a5b99191e9284bc6d82c8f2192fe0358638b32f4,2,assets/songs/oblivia/1080_3.jpg;assets/songs/oblivia/1080_3_256.jpg,c2b58dcad54203645057a859524789f59cfd5ca13613b610d04ad087b58aac90,384;768,384;768,image/jpeg,307cd507387bbeb72a03fab73bb9117fb9acc5645d111389b340d5b6fe09a00a;dbe331c38d3d9c17ef9b02d9a5b99191e9284bc6d82c8f2192fe0358638b32f4,true,original object SHA-256=dbe331c38d3d9c17ef9b02d9a5b99191e9284bc6d82c8f2192fe0358638b32f4 equals APK image SHA; legacy filename IDX=152 maps to songlist.idx,confirmed,01a00091-b73d-7231-a7a3-45a42e274884,01a00091-b73d-73c6-b1d0-410896a0fa80,covered,confirmed
arcaea:oblivion:default,oblivion,461,OBLIVION,"{""en"":""OBLIVION""}",ESTi,djmax,,1747872005,1,default,,,,,,,,assets/songs/dl_oblivion/1080_base.jpg,42954e000e9d364cb44385816ddb5331b7f2cc634d7b27474f6e674de7373c35,2,assets/songs/dl_oblivion/1080_base.jpg;assets/songs/dl_oblivion/1080_base_256.jpg,c2b58dcad54203645057a859524789f59cfd5ca13613b610d04ad087b58aac90,384;768,384;768,image/jpeg,42954e000e9d364cb44385816ddb5331b7f2cc634d7b27474f6e674de7373c35;e51f7863466f8707d3e31ada52cecd181a9831a57ef13148614d8b94ea2e290d,true,original object SHA-256=42954e000e9d364cb44385816ddb5331b7f2cc634d7b27474f6e674de7373c35 equals APK image SHA; legacy filename IDX=461 maps to songlist.idx,confirmed,01a00091-b97c-7936-a0b4-1716aa3dc2ea,01a00091-b97c-75b6-81c6-dca98e7e6a82,covered,confirmed
arcaea:odysseia:default,odysseia,215,ΟΔΥΣΣΕΙΑ,"{""en"":""ΟΔΥΣΣΕΙΑ""}",Sober Bear,observer_append_1,,1620691206,1,default,,,,,,,,assets/songs/dl_odysseia/1080_base.jpg,19dc05dafd2a7615d9dd7c399398377db159f078cbe14d88eac6a1b6d074e3a5,2,assets/songs/dl_odysseia/1080_base.jpg;assets/songs/dl_odysseia/1080_base_256.jpg,c2b58dcad54203645057a859524789f59cfd5ca13613b610d04ad087b58aac90,384;768,384;768,image/jpeg,19dc05dafd2a7615d9dd7c399398377db159f078cbe14d88eac6a1b6d074e3a5;bbe69e2496b7e7cf409726d0810fb49624d2a5f736c215a864c30efdc25e09af,true,original object SHA-256=19dc05dafd2a7615d9dd7c399398377db159f078cbe14d88eac6a1b6d074e3a5 equals APK image SHA; legacy filename IDX=215 maps to songlist.idx,confirmed,01a00092-6e37-77c0-8976-b4779d9f3fcc,01a00092-6e37-7fd6-aa02-e46a7a557629,covered,confirmed
arcaea:oldschoolsalvage:default,oldschoolsalvage,392,Old School Salvage,"{""en"":""Old School Salvage""}",DJ SHARPNEL,extend_3,,1717027202,1,default,,,,,,,,assets/songs/dl_oldschoolsalvage/1080_base.jpg,d27f7cf234ca79bf6217345eaf48e381478451c64279627be218c5ab103ace4d,2,assets/songs/dl_oldschoolsalvage/1080_base.jpg;assets/songs/dl_oldschoolsalvage/1080_base_256.jpg,c2b58dcad54203645057a859524789f59cfd5ca13613b610d04ad087b58aac90,384;768,384;768,image/jpeg,a7acafdfdda44f221f9a2c5248bebc8fa23c81ead696e62c559daf254a705857;d27f7cf234ca79bf6217345eaf48e381478451c64279627be218c5ab103ace4d,true,original object SHA-256=d27f7cf234ca79bf6217345eaf48e381478451c64279627be218c5ab103ace4d equals APK image SHA; legacy filename IDX=392 maps to songlist.idx,confirmed,01a00091-ba4d-7d38-b10f-7d7a9ba73ffa,01a00091-ba4d-7891-b023-87388e33d92d,covered,confirmed
arcaea:omajinai:default,omajinai,513,OMAJINAI,"{""en"":""OMAJINAI"",""ja"":""おまじない""}",Tsubusare BOZZ × Madoka*,extend_4,,1769644800,0,default,,,,,,,,assets/songs/dl_omajinai/1080_base.jpg,911edea2b3287500759256f95d646ad280ac19fef9334f04752c33e1bf3dbf73,2,assets/songs/dl_omajinai/1080_base.jpg;assets/songs/dl_omajinai/1080_base_256.jpg,c2b58dcad54203645057a859524789f59cfd5ca13613b610d04ad087b58aac90,384;768,384;768,image/jpeg,911edea2b3287500759256f95d646ad280ac19fef9334f04752c33e1bf3dbf73;f077da07d52be415df86eebaed7f4b55bae656c81e934aaa2a2ba1a7228544b0,true,original object SHA-256=911edea2b3287500759256f95d646ad280ac19fef9334f04752c33e1bf3dbf73 equals APK image SHA; legacy filename IDX=513 maps to songlist.idx,confirmed,01a00092-7523-723b-b38f-5d9ed4b88ef4,01a00092-7523-79b7-b4c0-68f220b4c4cf,covered,confirmed
arcaea:omakeno:default,omakeno,108,OMAKENO Stroke,"{""en"":""OMAKENO Stroke""}",t+pazolite,groovecoaster,,1546992002,1,default,,,,,,,,assets/songs/dl_omakeno/1080_base.jpg,0eff4740bd05001e66a23b7b5ffecab98668a790e230a1eebea13255bc8432a7,2,assets/songs/dl_omakeno/1080_base.jpg;assets/songs/dl_omakeno/1080_base_256.jpg,c2b58dcad54203645057a859524789f59cfd5ca13613b610d04ad087b58aac90,384;768,384;768,image/jpeg,0eff4740bd05001e66a23b7b5ffecab98668a790e230a1eebea13255bc8432a7;b9aa5b6a276b70f968497a0848e533d40322b4fe1cbc37d9e726cf8ec9b65a95,true,original object SHA-256=0eff4740bd05001e66a23b7b5ffecab98668a790e230a1eebea13255bc8432a7 equals APK image SHA; legacy filename IDX=108 maps to songlist.idx,confirmed,01a00091-bb68-7d68-bc9e-b963fd97026f,01a00091-bb68-73c9-8d0c-168ace0e56ae,covered,confirmed
arcaea:omegafour:default,omegafour,194,ω4,"{""en"":""ω4"",""zh-Hant"":""w4"",""zh-Hans"":""w4""}",穴山大輔 VS 光吉猛修 VS Kai,ongeki,,1608163203,0,default,,,,,,,,assets/songs/dl_omegafour/base.jpg,9620a375bed96e5e083d3768fb16fcd46602d088417dbfb48e4ebfc528951b4a,2,assets/songs/dl_omegafour/base.jpg;assets/songs/dl_omegafour/base_256.jpg,c2b58dcad54203645057a859524789f59cfd5ca13613b610d04ad087b58aac90,256;512,256;512,image/jpeg,33226c1961244e432bec25e3849d6afe62ff4d6d076e72b9b999dd5cea5d1dcf;9620a375bed96e5e083d3768fb16fcd46602d088417dbfb48e4ebfc528951b4a,true,original object SHA-256=9620a375bed96e5e083d3768fb16fcd46602d088417dbfb48e4ebfc528951b4a equals APK image SHA; legacy filename IDX=194 maps to songlist.idx,confirmed,01a00092-6ff2-7fac-98cc-cb730060084e,01a00092-6ff3-7534-89c7-ac31e47b795b,covered,confirmed
arcaea:onandon:default,onandon,366,On And On!! feat. Jenga,"{""en"":""On And On!! feat. Jenga""}",ETIA.,extend_2,,1703116802,0,default,,,,,,,,assets/songs/dl_onandon/1080_base.jpg,7954ce55846e5c9c45809a8d780aec054924dd7294be68844102e654fd6dfabf,2,assets/songs/dl_onandon/1080_base.jpg;assets/songs/dl_onandon/1080_base_256.jpg,c2b58dcad54203645057a859524789f59cfd5ca13613b610d04ad087b58aac90,384;768,384;768,image/jpeg,1d25c6c4ef41f53fb1d1d2edd23825d8b7abdf8b2bf6fa960ad219dcd3bde970;7954ce55846e5c9c45809a8d780aec054924dd7294be68844102e654fd6dfabf,true,original object SHA-256=7954ce55846e5c9c45809a8d780aec054924dd7294be68844102e654fd6dfabf equals APK image SHA; legacy filename IDX=366 maps to songlist.idx,confirmed,01a00091-bc6f-719d-b50b-6baab0652a6c,01a00091-bc70-7459-891c-5a0c195fa4a7,covered,confirmed
arcaea:onefr:default,onefr,167,1F√,"{""en"":""1F√""}",WHITEFISTS,extend,,1590537608,0,default,,,,,,,,assets/songs/dl_onefr/1080_base.jpg,ec7117a9351670d1b896b044d08c2fff66760f6cfb939f7f244181a6f1e81c9e,2,assets/songs/dl_onefr/1080_base.jpg;assets/songs/dl_onefr/1080_base_256.jpg,c2b58dcad54203645057a859524789f59cfd5ca13613b610d04ad087b58aac90,384;768,384;768,image/jpeg,a8dee214c2ac7a9679ad6561af52b04931ac9f9b3ef1eeb77451968a4282b4a8;ec7117a9351670d1b896b044d08c2fff66760f6cfb939f7f244181a6f1e81c9e,true,original object SHA-256=ec7117a9351670d1b896b044d08c2fff66760f6cfb939f7f244181a6f1e81c9e equals APK image SHA; legacy filename IDX=167 maps to songlist.idx,confirmed,01a00090-3116-7b76-9fc4-b14db0f8df6b,01a00090-3116-7645-b6bd-6df5ac64b1a5,covered,confirmed
arcaea:onelastdrive:default,onelastdrive,59,One Last Drive,"{""en"":""One Last Drive""}",REDSHiFT,base,,1509667200,0,default,,,,,,,,assets/songs/onelastdrive/1080_base.jpg,337ebc7452dc2a003935cae1c061c836ac7e21a4e79a91be4c290cf2f50adf36,2,assets/songs/onelastdrive/1080_base.jpg;assets/songs/onelastdrive/1080_base_256.jpg,c2b58dcad54203645057a859524789f59cfd5ca13613b610d04ad087b58aac90,384;768,384;768,image/png,337ebc7452dc2a003935cae1c061c836ac7e21a4e79a91be4c290cf2f50adf36;67ead78d0cfa9f9508505fccad318055547734b5fb406d3f968c5c505f400004,true,original object SHA-256=337ebc7452dc2a003935cae1c061c836ac7e21a4e79a91be4c290cf2f50adf36 equals APK image SHA; legacy filename IDX=59 maps to songlist.idx,confirmed,01a00091-bd8b-7d82-acec-1fc5c6368824,01a00091-bd8b-715b-9f2e-114a57be6e52,covered,confirmed
arcaea:onestepcloser:default,onestepcloser,515,One Step Closer,"{""en"":""One Step Closer""}",Mameyudoufu × 藍月なくる,megarex,,1769644802,0,default,,,,,,,,assets/songs/dl_onestepcloser/1080_base.jpg,a80d8d0e40e9b4cb49b84f275090ac057dccf88fa5394a933eb5a5bdeb84d95d,2,assets/songs/dl_onestepcloser/1080_base.jpg;assets/songs/dl_onestepcloser/1080_base_256.jpg,c2b58dcad54203645057a859524789f59cfd5ca13613b610d04ad087b58aac90,384;768,384;768,image/jpeg,a80d8d0e40e9b4cb49b84f275090ac057dccf88fa5394a933eb5a5bdeb84d95d;b8a87267e46b1a0985bd8d17c42f45014030da2f6966e3cb3fdd74c9a2847c61,true,original object SHA-256=a80d8d0e40e9b4cb49b84f275090ac057dccf88fa5394a933eb5a5bdeb84d95d equals APK image SHA; legacy filename IDX=515 maps to songlist.idx,confirmed,01a00091-beca-7673-93ba-6143a57d6ea9,01a00091-beca-7a41-9c31-c8893c1871fe,covered,confirmed
arcaea:oracle:default,oracle,37,Oracle,"{""en"":""Oracle""}",TQ☆,dynamix,,1498176004,1,default,,,,,,,,assets/songs/dl_oracle/1080_base.jpg,2fb1805d49b4770449d8207ee76d24fabbe7778a784ef4f9655f1a4f17d26b53,2,assets/songs/dl_oracle/1080_base.jpg;assets/songs/dl_oracle/1080_base_256.jpg,c2b58dcad54203645057a859524789f59cfd5ca13613b610d04ad087b58aac90,384;768,384;768,image/jpeg,2fb1805d49b4770449d8207ee76d24fabbe7778a784ef4f9655f1a4f17d26b53;58d88bdc596d9405501f183ea4d69bca8440737d0c131b92784c9c83f1f360ea,true,original object SHA-256=2fb1805d49b4770449d8207ee76d24fabbe7778a784ef4f9655f1a4f17d26b53 equals APK image SHA; legacy filename IDX=37 maps to songlist.idx,confirmed,01a00091-bf9c-7bfc-a49a-2e72aa2cbe34,01a00091-bf9d-7b01-833f-fa8524c40bc7,covered,confirmed
arcaea:oshamascramble:default,oshamascramble,197,Oshama Scramble!,"{""en"":""Oshama Scramble!""}",t+pazolite,maimai,,1610064002,0,default,,,,,,,,assets/songs/dl_oshamascramble/base.jpg,b825ddd9e547159001f38d87970bab2bb311bb7fd89dca961e19920d5025ccf6,2,assets/songs/dl_oshamascramble/base.jpg;assets/songs/dl_oshamascramble/base_256.jpg,c2b58dcad54203645057a859524789f59cfd5ca13613b610d04ad087b58aac90,256;512,256;512,image/jpeg,b6c267e7ceb4eaecb90d88a0484dd65f761eb01de15f756720435f91b174b312;b825ddd9e547159001f38d87970bab2bb311bb7fd89dca961e19920d5025ccf6,true,original object SHA-256=b825ddd9e547159001f38d87970bab2bb311bb7fd89dca961e19920d5025ccf6 equals APK image SHA; legacy filename IDX=197 maps to songlist.idx,confirmed,01a00091-c086-7836-91d9-96d4fddd8d8a,01a00091-c087-7ff7-9797-b1dfe20bb906,covered,confirmed
arcaea:ouroboros:default,ouroboros,110,ouroboros -twin stroke of the end-,"{""en"":""ouroboros -twin stroke of the end-""}",Cranky VS MASAKI,groovecoaster,,1546992004,1,default,,,,,,,,assets/songs/dl_ouroboros/1080_base.jpg,41606c96c7202599c63691bded557f56ec55f8e42fdd682f78d2d49b82c99850,2,assets/songs/dl_ouroboros/1080_base.jpg;assets/songs/dl_ouroboros/1080_base_256.jpg,c2b58dcad54203645057a859524789f59cfd5ca13613b610d04ad087b58aac90,384;768,384;768,image/jpeg,41606c96c7202599c63691bded557f56ec55f8e42fdd682f78d2d49b82c99850;554219f26f36822f37f8662a3e9f3508f63fad685f2987079c5f49d4a9fbf146,true,original object SHA-256=41606c96c7202599c63691bded557f56ec55f8e42fdd682f78d2d49b82c99850 equals APK image SHA; legacy filename IDX=110 maps to songlist.idx,confirmed,01a00091-c132-7f67-b222-9a0cf8c70095,01a00091-c132-7fa3-9211-258226cb5373,covered,confirmed
arcaea:ouverture:default,ouverture,358,Ouvertüre,"{""en"":""Ouvertüre"",""ko_dialog"":""Ouverture""}",USAO & DJ Genki feat. ルーン(CV:河瀬茉希),wacca_append_1,,1701302401,1,default,,,,,,,,assets/songs/dl_ouverture/1080_base.jpg,7c2df74379d7c764ac7eeae95ee001afe0f0cf50a5470d22fb68c91add938dff,2,assets/songs/dl_ouverture/1080_base.jpg;assets/songs/dl_ouverture/1080_base_256.jpg,c2b58dcad54203645057a859524789f59cfd5ca13613b610d04ad087b58aac90,384;768,384;768,image/jpeg,4668ed4f2496bd092b4dfcf51cca270e0c9a10f8ff73274888d9f43293e7970b;7c2df74379d7c764ac7eeae95ee001afe0f0cf50a5470d22fb68c91add938dff,true,original object SHA-256=7c2df74379d7c764ac7eeae95ee001afe0f0cf50a5470d22fb68c91add938dff equals APK image SHA; legacy filename IDX=358 maps to songlist.idx,confirmed,01a00091-c258-7453-a64c-d992aed26eb5,01a00091-c258-7bb8-be56-8482143ae813,covered,confirmed
arcaea:overdrive:default,overdrive,364,Kanbu de Tomatte Sugu Tokeru,"{""en"":""Kanbu de Tomatte Sugu Tokeru"",""ja"":""患部で止まってすぐ溶ける　〜 狂気の優曇華院""}",ARM＋夕野ヨシミ (IOSYS) feat. miko,single,,1703116800,0,default,,,,,,,,assets/songs/dl_overdrive/1080_base.jpg,9fd7a591ff571745ec73d276e6f5f4f2f7bbc47dd6b019f217da0b4ce24938b7,2,assets/songs/dl_overdrive/1080_base.jpg;assets/songs/dl_overdrive/1080_base_256.jpg,c2b58dcad54203645057a859524789f59cfd5ca13613b610d04ad087b58aac90,384;768,384;768,image/jpeg,9fd7a591ff571745ec73d276e6f5f4f2f7bbc47dd6b019f217da0b4ce24938b7;a7656b8a8aa029181b1e466328af0b8c8d7b80c273e52b040fd938b5be6bae57,true,original object SHA-256=9fd7a591ff571745ec73d276e6f5f4f2f7bbc47dd6b019f217da0b4ce24938b7 equals APK image SHA; legacy filename IDX=364 maps to songlist.idx,confirmed,01a00090-45a9-776f-bcc5-8b136bc09ce1,01a00090-45a9-7a2f-b27d-b1801e401e86,covered,confirmed
arcaea:override:default,override,539,Override,"{""en"":""Override"",""ja"":""オーバーライド""}",吉田夜世,virtualsingers,,1782345603,0,default,,,,,,,,assets/songs/dl_override/1080_base.jpg,4bc47267c47d25fb1e155335efc84961a4acdaa7125449fd1f8dad8de78636bb,2,assets/songs/dl_override/1080_base.jpg;assets/songs/dl_override/1080_base_256.jpg,c2b58dcad54203645057a859524789f59cfd5ca13613b610d04ad087b58aac90,384;768,384;768,image/jpeg,46feb0294a099d220dc2082bea5a65b9520c301c6401211c3c6a28b9bf764406;4bc47267c47d25fb1e155335efc84961a4acdaa7125449fd1f8dad8de78636bb,true,Current song-linked semantic slot has no Catalog Resource match,unknown,,,missing-from-catalog,unmatched
arcaea:overwhelm:default,overwhelm,216,Overwhelm,"{""en"":""Overwhelm""}",xi,observer_append_1,,1620691207,0,default,,,,,,,,assets/songs/dl_overwhelm/1080_base.jpg,937ffdc023738b7ce414176f0f98e0bf610ff50776cfe4d67516b8bf43e15613,2,assets/songs/dl_overwhelm/1080_base.jpg;assets/songs/dl_overwhelm/1080_base_256.jpg,c2b58dcad54203645057a859524789f59cfd5ca13613b610d04ad087b58aac90,384;768,384;768,image/jpeg,1afad8fa55ec3a6c478405329ba1372ed0b5ca370e59b47098cdc7eb375ef416;937ffdc023738b7ce414176f0f98e0bf610ff50776cfe4d67516b8bf43e15613,true,original object SHA-256=937ffdc023738b7ce414176f0f98e0bf610ff50776cfe4d67516b8bf43e15613 equals APK image SHA; legacy filename IDX=216 maps to songlist.idx,confirmed,01a00091-c49a-7a67-8593-4dfcf0d32815,01a00091-c49a-7377-92fa-d65ee20a46f9,covered,confirmed
arcaea:paperwitch:default,paperwitch,209,Paper Witch,"{""en"":""Paper Witch""}",Yu-dachi,observer,,1620691200,0,default,,,,,,,,assets/songs/dl_paperwitch/1080_base.jpg,67970a13643f1cd8436e09744fbd48e64685a00154d0def5d27fecf7cd3a25ea,2,assets/songs/dl_paperwitch/1080_base.jpg;assets/songs/dl_paperwitch/1080_base_256.jpg,c2b58dcad54203645057a859524789f59cfd5ca13613b610d04ad087b58aac90,384;768,384;768,image/jpeg,19df0888b7bd39d4d1899fac334886d4747da548bb647e0776016fc4e7d5df68;67970a13643f1cd8436e09744fbd48e64685a00154d0def5d27fecf7cd3a25ea,true,original object SHA-256=67970a13643f1cd8436e09744fbd48e64685a00154d0def5d27fecf7cd3a25ea equals APK image SHA; legacy filename IDX=209 maps to songlist.idx,confirmed,01a00091-c5ad-7d1c-84fc-5cb89ce372d6,01a00091-c5ad-7523-bee5-234ed2c36a09,covered,confirmed
arcaea:paradise:default,paradise,27,Paradise,"{""en"":""Paradise""}",Sound Souler,shiawase,,1494547201,0,default,,,,,,,,assets/songs/dl_paradise/1080_base.jpg,e8d4fcee9d3cbd9746e5597195fca0737b9331b2ce86daf29b37abef06fa24a1,2,assets/songs/dl_paradise/1080_base.jpg;assets/songs/dl_paradise/1080_base_256.jpg,c2b58dcad54203645057a859524789f59cfd5ca13613b610d04ad087b58aac90,384;768,384;768,image/jpeg,3444d086844f390304ddbcd833db0e1138be1a2aaeb01cdcd3020197e9bf12fb;e8d4fcee9d3cbd9746e5597195fca0737b9331b2ce86daf29b37abef06fa24a1,true,original object SHA-256=e8d4fcee9d3cbd9746e5597195fca0737b9331b2ce86daf29b37abef06fa24a1 equals APK image SHA; legacy filename IDX=27 maps to songlist.idx,confirmed,01a00091-c6ac-7ca7-8ab5-82b794f062ff,01a00091-c6ac-7ff9-b046-b8655ca15998,covered,confirmed
arcaea:paradoxpalette:default,paradoxpalette,496,Paradox Palette,"{""en"":""Paradox Palette""}",Aethoro,extend_4,,1761782403,0,default,,,,,,,,assets/songs/dl_paradoxpalette/1080_base.jpg,96055e4182750a768b1da3d796f46f7f90094a0178375d7960bbc40ca651b76d,2,assets/songs/dl_paradoxpalette/1080_base.jpg;assets/songs/dl_paradoxpalette/1080_base_256.jpg,c2b58dcad54203645057a859524789f59cfd5ca13613b610d04ad087b58aac90,384;768,384;768,image/jpeg,96055e4182750a768b1da3d796f46f7f90094a0178375d7960bbc40ca651b76d;fda0a8d77742e062a446db0f58a5a819423c84852b0d6a19802d7403135b145d,true,original object SHA-256=96055e4182750a768b1da3d796f46f7f90094a0178375d7960bbc40ca651b76d equals APK image SHA; legacy filename IDX=496 maps to songlist.idx,confirmed,01a00091-c7aa-71f6-a8e2-1db6684556dc,01a00091-c7aa-7715-8436-8424f74dcd6a,covered,confirmed
arcaea:paranoidarc:default,paranoidarc,510,Paranoid Arc,"{""en"":""Paranoid Arc""}",t+pazolite,single,,1766534402,1,default,,,,,,,,assets/songs/dl_paranoidarc/1080_base.jpg,8b510bedcefcc5b6785c4a1304b29f72703e99e70873c811f315947cc380e7f3,2,assets/songs/dl_paranoidarc/1080_base.jpg;assets/songs/dl_paranoidarc/1080_base_256.jpg,c2b58dcad54203645057a859524789f59cfd5ca13613b610d04ad087b58aac90,384;768,384;768,image/jpeg,27a2cb2438aa568882a65ebaee8e460660af51b9acc5c4e0a4ab18586bf4f746;8b510bedcefcc5b6785c4a1304b29f72703e99e70873c811f315947cc380e7f3,true,original object SHA-256=8b510bedcefcc5b6785c4a1304b29f72703e99e70873c811f315947cc380e7f3 equals APK image SHA; legacy filename IDX=510 maps to songlist.idx,confirmed,01a00091-c8e5-7290-accd-c2fd3d3f1eae,01a00091-c8e5-7089-8739-5890d9d7fd02,covered,confirmed
arcaea:particle:default,particle,495,Particle,"{""en"":""Particle""}",Lime / Kankitsu,extend_4,,1761782402,1,default,,,,,,,,assets/songs/dl_particle/1080_base.jpg,2530523a139204bf8696a7db2c88339faad60b156b7d3b385109831ee3ac8ab9,2,assets/songs/dl_particle/1080_base.jpg;assets/songs/dl_particle/1080_base_256.jpg,c2b58dcad54203645057a859524789f59cfd5ca13613b610d04ad087b58aac90,384;768,384;768,image/jpeg,2530523a139204bf8696a7db2c88339faad60b156b7d3b385109831ee3ac8ab9;e021d3a1a6a04569e4b87ecdf0ca20ee8854b6bfb1c33930a7532b0f8e34d5c8,true,original object SHA-256=2530523a139204bf8696a7db2c88339faad60b156b7d3b385109831ee3ac8ab9 equals APK image SHA; legacy filename IDX=495 maps to songlist.idx,confirmed,01a00091-ca16-7001-bb4f-f04af4773ac6,01a00091-ca16-7d4f-80a3-75ccc6999a97,covered,confirmed
arcaea:partyvinyl:default,partyvinyl,23,Party Vinyl,"{""en"":""Party Vinyl""}",モリモリあつし,shiawase,,1494547204,0,default,,,,BYD,,,,assets/songs/dl_partyvinyl/1080_base.jpg,f6708fcbc98e662a64ecd6c18a570b6d593029a32567cb1b67196b1d747c4a4e,2,assets/songs/dl_partyvinyl/1080_base.jpg;assets/songs/dl_partyvinyl/1080_base_256.jpg,c2b58dcad54203645057a859524789f59cfd5ca13613b610d04ad087b58aac90,384;768,384;768,image/jpeg,ada6ced393c31984d6b6caeaf24d8cc9d919cf030b2a70d53616f43e127d8637;f6708fcbc98e662a64ecd6c18a570b6d593029a32567cb1b67196b1d747c4a4e,true,original object SHA-256=f6708fcbc98e662a64ecd6c18a570b6d593029a32567cb1b67196b1d747c4a4e equals APK image SHA; legacy filename IDX=23 maps to songlist.idx,confirmed,01a00091-cbf6-7b55-bc10-743f6d500058,01a00091-cbf6-7569-8b5a-4ecec4e465c4,covered,confirmed
arcaea:partyvinyl:difficulty:BYD,partyvinyl,23,Party Vinyl,"{""en"":""Party Vinyl""}",モリモリあつし,shiawase,,1494547204,0,difficulty-specific,BYD,3,True,BYD,,,,assets/songs/dl_partyvinyl/1080_3.jpg,d9a712378dc7209719818de960789d28b62f502e9a351a799d2b378cc656caff,2,assets/songs/dl_partyvinyl/1080_3.jpg;assets/songs/dl_partyvinyl/1080_3_256.jpg,c2b58dcad54203645057a859524789f59cfd5ca13613b610d04ad087b58aac90,384;768,384;768,image/jpeg,32ebd3f32d02d7d1e3dd596940fe192d56ec20332f590c03b90018609cedb086;d9a712378dc7209719818de960789d28b62f502e9a351a799d2b378cc656caff,true,original object SHA-256=d9a712378dc7209719818de960789d28b62f502e9a351a799d2b378cc656caff equals APK image SHA; legacy filename IDX=23 maps to songlist.idx,confirmed,01a00091-caed-79f2-b7a3-494c3ba73e84,01a00091-caed-7eb4-8248-339b616f4d1e,covered,confirmed
arcaea:pentiment:default,pentiment,278,Pentiment,"{""en"":""Pentiment""}",Nothing But Requiem with Museo,finale,,1657152007,1,default,,,,,,,,assets/songs/dl_pentiment/1080_base.jpg,a6812df4482c7b67c80400e0f37aa48356d410eb7b9117f1adbadbee82a1e661,2,assets/songs/dl_pentiment/1080_base.jpg;assets/songs/dl_pentiment/1080_base_256.jpg,c2b58dcad54203645057a859524789f59cfd5ca13613b610d04ad087b58aac90,384;768,384;768,image/jpeg,a6812df4482c7b67c80400e0f37aa48356d410eb7b9117f1adbadbee82a1e661;acf15aea38d28fcf454caa356afe1c774da13575c16d4aeadd8cb6698c22c32a,true,original object SHA-256=a6812df4482c7b67c80400e0f37aa48356d410eb7b9117f1adbadbee82a1e661 equals APK image SHA; legacy filename IDX=278 maps to songlist.idx,confirmed,01a00091-cd0b-7839-a932-5bea643efe30,01a00091-cd0b-72d8-930d-34c7b9a47a2c,covered,confirmed
arcaea:phantasia:default,phantasia,104,Phantasia,"{""en"":""Phantasia""}",Yunosuke,single,,1543449600,0,default,,,,,,,,assets/songs/dl_phantasia/1080_base.jpg,711631beb61da0940dbc2a6b224586a530de5985063c40d9188b6e0bd3065182,2,assets/songs/dl_phantasia/1080_base.jpg;assets/songs/dl_phantasia/1080_base_256.jpg,c2b58dcad54203645057a859524789f59cfd5ca13613b610d04ad087b58aac90,384;768,384;768,image/jpeg,711631beb61da0940dbc2a6b224586a530de5985063c40d9188b6e0bd3065182;a9b191090d6e7b46bc7ec108231ff5126b2462bea9896eb35c27b581f45dc974,true,original object SHA-256=711631beb61da0940dbc2a6b224586a530de5985063c40d9188b6e0bd3065182 equals APK image SHA; legacy filename IDX=104 maps to songlist.idx,confirmed,01a00091-ce49-78bf-94f8-3138a2feca2f,01a00091-ce49-77f0-8dd5-813d7fda6db9,covered,confirmed
arcaea:picopicotranslation:default,picopicotranslation,267,PICO-Pico-Translation!,"{""en"":""PICO-Pico-Translation!"",""ja"":""ピコPico*とらんすれーしょんっ！""}","t+pazolite,ななひら,Cranky,Pico*",single,,1651104003,1,default,,,,,,,,assets/songs/dl_picopicotranslation/1080_base.jpg,9a0e8744f238024b18d4b308705445bcd7de2dd6b8cef27c1c543a29fa09faf3,2,assets/songs/dl_picopicotranslation/1080_base.jpg;assets/songs/dl_picopicotranslation/1080_base_256.jpg,c2b58dcad54203645057a859524789f59cfd5ca13613b610d04ad087b58aac90,384;768,384;768,image/jpeg,836cb8aaef1e4c4d98bf3d7199430869b37fd362334adb19db308c87f824583f;9a0e8744f238024b18d4b308705445bcd7de2dd6b8cef27c1c543a29fa09faf3,true,original object SHA-256=9a0e8744f238024b18d4b308705445bcd7de2dd6b8cef27c1c543a29fa09faf3 equals APK image SHA; legacy filename IDX=267 maps to songlist.idx,confirmed,01a00092-7e10-7d8a-b21f-7cc44d13e18e,01a00092-7e10-7003-ba6c-dc8e532e9f3f,covered,confirmed
arcaea:placebobattler:default,placebobattler,450,Placebo♥Battler,"{""en"":""Placebo♥Battler"",""ja"":""プラシイボ♥バトラー""}",OSTER project,single,,1741478406,0,default,,,,,,,,assets/songs/dl_placebobattler/1080_base.jpg,f094f32412f70c8322cabfbf59f085f892dd56bc6cc0fd62fc54b41371411a8a,2,assets/songs/dl_placebobattler/1080_base.jpg;assets/songs/dl_placebobattler/1080_base_256.jpg,c2b58dcad54203645057a859524789f59cfd5ca13613b610d04ad087b58aac90,384;768,384;768,image/jpeg,14a53af309ce48001dc9a282f764b1416a4fe87ed3c8c2194e20de1cfde5af69;f094f32412f70c8322cabfbf59f085f892dd56bc6cc0fd62fc54b41371411a8a,true,original object SHA-256=f094f32412f70c8322cabfbf59f085f892dd56bc6cc0fd62fc54b41371411a8a equals APK image SHA; legacy filename IDX=450 maps to songlist.idx,confirmed,01a00092-81fe-7476-b8ca-bce04d1f3975,01a00092-81fe-767b-a611-36a98aa2a3ff,covered,confirmed
arcaea:pragmatism:default,pragmatism,16,PRAGMATISM,"{""en"":""PRAGMATISM""}",Laur,core,,1487980817,0,default,,,,BYD,,,,assets/songs/dl_pragmatism/1080_base.jpg,a32a70506581205aa27d12ffea4f2f8bf599ccc248e891cf41a13f22c12d3afd,2,assets/songs/dl_pragmatism/1080_base.jpg;assets/songs/dl_pragmatism/1080_base_256.jpg,c2b58dcad54203645057a859524789f59cfd5ca13613b610d04ad087b58aac90,384;768,384;768,image/jpeg,38a28a6c580bfdcccb016e75857a74eb7f79d4bca0f3bce59c935d5206b40160;a32a70506581205aa27d12ffea4f2f8bf599ccc248e891cf41a13f22c12d3afd,true,original object SHA-256=a32a70506581205aa27d12ffea4f2f8bf599ccc248e891cf41a13f22c12d3afd equals APK image SHA; legacy filename IDX=16 maps to songlist.idx,confirmed,01a00091-d041-711d-a40d-4b8e40650492,01a00091-d042-7640-bcd8-3c04061c6c11,covered,confirmed
arcaea:pragmatism:difficulty:BYD,pragmatism,16,PRAGMATISM,"{""en"":""PRAGMATISM""}",Laur,core,,1487980817,0,difficulty-specific,BYD,3,True,BYD,,"{""en"":""PRAGMATISM -RESURRECTION-""}",True,assets/songs/dl_pragmatism/1080_3.jpg,7a00b22487eaecd6a5836c6487a2da87490919153722d5db63790051cd1c2d5b,2,assets/songs/dl_pragmatism/1080_3.jpg;assets/songs/dl_pragmatism/1080_3_256.jpg,c2b58dcad54203645057a859524789f59cfd5ca13613b610d04ad087b58aac90,384;768,384;768,image/jpeg,7a00b22487eaecd6a5836c6487a2da87490919153722d5db63790051cd1c2d5b;d241e59a50a71eae6dc8e49723ce7344a35f4f43b7f2602e7a406a63569de28b,true,original object SHA-256=7a00b22487eaecd6a5836c6487a2da87490919153722d5db63790051cd1c2d5b equals APK image SHA; legacy filename IDX=16 maps to songlist.idx,confirmed,01a00091-cf2f-7c5d-9668-3a269cc65e7d,01a00091-cf2f-737e-b081-554a46f582be,covered,confirmed
arcaea:prayer:default,prayer,418,Prayer,"{""en"":""Prayer"",""ja"":""プレヤ""}",qfeileadh&レゾナンスもえこ,extend_3,,1729728000,0,default,,,,,,,,assets/songs/dl_prayer/1080_base.jpg,c37fc148713b731868e47809eb90da24fbc652216336d39774b318f7eb0e25e5,2,assets/songs/dl_prayer/1080_base.jpg;assets/songs/dl_prayer/1080_base_256.jpg,c2b58dcad54203645057a859524789f59cfd5ca13613b610d04ad087b58aac90,384;768,384;768,image/jpeg,9bada012ff2ff1cb04991b691723936b46c98963b83cef006dab68909ccf2b79;c37fc148713b731868e47809eb90da24fbc652216336d39774b318f7eb0e25e5,true,original object SHA-256=c37fc148713b731868e47809eb90da24fbc652216336d39774b318f7eb0e25e5 equals APK image SHA; legacy filename IDX=418 maps to songlist.idx,confirmed,01a00092-8498-7fbe-91e1-d4718df60a4e,01a00092-8498-77cd-bd50-329ee919c88d,covered,confirmed
arcaea:primevaltexture:default,primevaltexture,348,Primeval Texture,"{""en"":""Primeval Texture""}",くるぶっこちゃん,eden_append_1,,1695772804,0,default,,,,,,,,assets/songs/dl_primevaltexture/1080_base.jpg,a423606bde9473268e559f85c2d469a81f8505cba7151e38eaaab479f14da50b,2,assets/songs/dl_primevaltexture/1080_base.jpg;assets/songs/dl_primevaltexture/1080_base_256.jpg,c2b58dcad54203645057a859524789f59cfd5ca13613b610d04ad087b58aac90,384;768,384;768,image/jpeg,a423606bde9473268e559f85c2d469a81f8505cba7151e38eaaab479f14da50b;a80f5012cd186bcc7c40db8b026dda2973919ca1426bc6194beed35e99912c75,true,original object SHA-256=a423606bde9473268e559f85c2d469a81f8505cba7151e38eaaab479f14da50b equals APK image SHA; legacy filename IDX=348 maps to songlist.idx,confirmed,01a00091-d15c-700b-a0c2-5352bbc2144f,01a00091-d15c-778f-8d61-9154afef9975,covered,confirmed
arcaea:primitivelights:default,primitivelights,308,PRIMITIVE LIGHTS,"{""en"":""PRIMITIVE LIGHTS""}",TAG,single,,1678320000,0,default,,,,,,,,assets/songs/dl_primitivelights/1080_base.jpg,96cbf18a8ef6ab67379123ab9b831b6ab9fb286cbe6ecb96aeb32cbf92126803,2,assets/songs/dl_primitivelights/1080_base.jpg;assets/songs/dl_primitivelights/1080_base_256.jpg,c2b58dcad54203645057a859524789f59cfd5ca13613b610d04ad087b58aac90,384;768,384;768,image/jpeg,31db7a835982721543652d0b0c8b30b3ecfc9cc7a4ba355f2df5f65e6471f518;96cbf18a8ef6ab67379123ab9b831b6ab9fb286cbe6ecb96aeb32cbf92126803,true,original object SHA-256=96cbf18a8ef6ab67379123ab9b831b6ab9fb286cbe6ecb96aeb32cbf92126803 equals APK image SHA; legacy filename IDX=308 maps to songlist.idx,confirmed,01a00091-d269-7a87-88e9-3aca709989bd,01a00091-d269-763d-8fed-4bd10a4c62ae,covered,confirmed
arcaea:prism:default,prism,264,Prism,"{""en"":""Prism""}",bermei.inazawa ft. Chata,lanota_append_1,,1651104000,0,default,,,,PRS;PST,,,,assets/songs/dl_prism/1080_base.jpg,9cfb5047091f93666007e477e5ca521a3365cb1a895d3dbe0617284d539fb2b8,2,assets/songs/dl_prism/1080_base.jpg;assets/songs/dl_prism/1080_base_256.jpg,c2b58dcad54203645057a859524789f59cfd5ca13613b610d04ad087b58aac90,384;768,384;768,image/jpeg,9cfb5047091f93666007e477e5ca521a3365cb1a895d3dbe0617284d539fb2b8;a753c12cfb03bd3685bbb72778e0f2ded23ff449fe5594a77a44c5883beca142,true,original object SHA-256=9cfb5047091f93666007e477e5ca521a3365cb1a895d3dbe0617284d539fb2b8 equals APK image SHA; legacy filename IDX=264 maps to songlist.idx,confirmed,01a00091-d597-7728-a348-64bacb055dcd,01a00091-d597-7925-9e98-a8a216e70ebf,covered,confirmed
arcaea:prism:difficulty:PRS,prism,264,Prism,"{""en"":""Prism""}",bermei.inazawa ft. Chata,lanota_append_1,,1651104000,0,difficulty-specific,PRS,1,True,PRS;PST,,,,assets/songs/dl_prism/1080_1.jpg,df56dc50adeba0f3ffa0dd1f96f64237c12a69de362b8ee6960b7e6a1bec6893,2,assets/songs/dl_prism/1080_1.jpg;assets/songs/dl_prism/1080_1_256.jpg,c2b58dcad54203645057a859524789f59cfd5ca13613b610d04ad087b58aac90,384;768,384;768,image/jpeg,675df5e04c74fb6b67dc3bc9e8592b2bcff14d96f58bd699ab509cb4e2d7f9dd;df56dc50adeba0f3ffa0dd1f96f64237c12a69de362b8ee6960b7e6a1bec6893,true,original object SHA-256=df56dc50adeba0f3ffa0dd1f96f64237c12a69de362b8ee6960b7e6a1bec6893 equals APK image SHA; legacy filename IDX=264 maps to songlist.idx,confirmed,01a00091-d494-7d91-a532-71bb49110d86,01a00091-d494-7601-ac1e-6f5e46b19df9,covered,confirmed
arcaea:prism:difficulty:PST,prism,264,Prism,"{""en"":""Prism""}",bermei.inazawa ft. Chata,lanota_append_1,,1651104000,0,difficulty-specific,PST,0,True,PRS;PST,,,,assets/songs/dl_prism/1080_0.jpg,2cc7159640ab2911473af9bd777a70aaaa196095e29dffdff9877101ce3a20df,2,assets/songs/dl_prism/1080_0.jpg;assets/songs/dl_prism/1080_0_256.jpg,c2b58dcad54203645057a859524789f59cfd5ca13613b610d04ad087b58aac90,384;768,384;768,image/jpeg,2cc7159640ab2911473af9bd777a70aaaa196095e29dffdff9877101ce3a20df;b29b9dd838d8099621103e65f0f8c71f83a5409236185f841c4020e208f1ecd8,true,original object SHA-256=2cc7159640ab2911473af9bd777a70aaaa196095e29dffdff9877101ce3a20df equals APK image SHA; legacy filename IDX=264 maps to songlist.idx,confirmed,01a00091-d38b-7ef8-9af8-adeef81b8ab2,01a00091-d38b-7216-827d-dd5b5189dc85,covered,confirmed
arcaea:protoflicker:default,protoflicker,265,Protoflicker,"{""en"":""Protoflicker""}",Silentroom,lanota_append_1,,1651104001,1,default,,,,PRS;PST,,,,assets/songs/dl_protoflicker/1080_base.jpg,c484b796e32e494cd448447d9d30ac3d266903a5b850493049dc07851fbfc5bc,2,assets/songs/dl_protoflicker/1080_base.jpg;assets/songs/dl_protoflicker/1080_base_256.jpg,c2b58dcad54203645057a859524789f59cfd5ca13613b610d04ad087b58aac90,384;768,384;768,image/jpeg,c484b796e32e494cd448447d9d30ac3d266903a5b850493049dc07851fbfc5bc;e36218c5f603c0c57058beb12bc35756d9d60d8b9c43fa9ea316c0393c79fc77,true,original object SHA-256=c484b796e32e494cd448447d9d30ac3d266903a5b850493049dc07851fbfc5bc equals APK image SHA; legacy filename IDX=265 maps to songlist.idx,confirmed,01a00091-d8a9-7158-94a6-90e9aec124ef,01a00091-d8a9-7220-8d7e-1cfe036d07c6,covered,confirmed
arcaea:protoflicker:difficulty:PRS,protoflicker,265,Protoflicker,"{""en"":""Protoflicker""}",Silentroom,lanota_append_1,,1651104001,1,difficulty-specific,PRS,1,True,PRS;PST,,,,assets/songs/dl_protoflicker/1080_1.jpg,bccd1441388a2c66b0c99c65e26897ec639ced650b45d3e2961851722e0f4d6d,2,assets/songs/dl_protoflicker/1080_1.jpg;assets/songs/dl_protoflicker/1080_1_256.jpg,c2b58dcad54203645057a859524789f59cfd5ca13613b610d04ad087b58aac90,384;768,384;768,image/jpeg,a5090013359963f4b3f1b9225d603d33f30c039407a1251f8a9e883e985ea4a1;bccd1441388a2c66b0c99c65e26897ec639ced650b45d3e2961851722e0f4d6d,true,original object SHA-256=bccd1441388a2c66b0c99c65e26897ec639ced650b45d3e2961851722e0f4d6d equals APK image SHA; legacy filename IDX=265 maps to songlist.idx,confirmed,01a00091-d7a3-72cb-b86f-e30f8a8eaf98,01a00091-d7a3-7f6f-9b35-499d16081576,covered,confirmed
arcaea:protoflicker:difficulty:PST,protoflicker,265,Protoflicker,"{""en"":""Protoflicker""}",Silentroom,lanota_append_1,,1651104001,1,difficulty-specific,PST,0,True,PRS;PST,,,,assets/songs/dl_protoflicker/1080_0.jpg,bccd1441388a2c66b0c99c65e26897ec639ced650b45d3e2961851722e0f4d6d,2,assets/songs/dl_protoflicker/1080_0.jpg;assets/songs/dl_protoflicker/1080_0_256.jpg,c2b58dcad54203645057a859524789f59cfd5ca13613b610d04ad087b58aac90,384;768,384;768,image/jpeg,a5090013359963f4b3f1b9225d603d33f30c039407a1251f8a9e883e985ea4a1;bccd1441388a2c66b0c99c65e26897ec639ced650b45d3e2961851722e0f4d6d,true,original object SHA-256=bccd1441388a2c66b0c99c65e26897ec639ced650b45d3e2961851722e0f4d6d equals APK image SHA; legacy filename IDX=265 maps to songlist.idx,confirmed,01a00091-d6a6-7dd7-8acf-a477f60c4b18,01a00091-d6a6-7519-9b91-ef02702ebd87,covered,confirmed
arcaea:pupa:default,pupa,274,PUPA,"{""en"":""PUPA""}",モリモリあつし,single,,1657152003,1,default,,,,,,,,assets/songs/dl_pupa/1080_base.jpg,ab1cb356d7f581118d33f27829fc83af076170ed0aefed3f3e72714b67f88519,2,assets/songs/dl_pupa/1080_base.jpg;assets/songs/dl_pupa/1080_base_256.jpg,c2b58dcad54203645057a859524789f59cfd5ca13613b610d04ad087b58aac90,384;768,384;768,image/jpeg,18811993abd77fc0596352dfd7514f915b2d1df62cac8d3c8ab7abbbff4d630b;ab1cb356d7f581118d33f27829fc83af076170ed0aefed3f3e72714b67f88519,true,original object SHA-256=ab1cb356d7f581118d33f27829fc83af076170ed0aefed3f3e72714b67f88519 equals APK image SHA; legacy filename IDX=274 maps to songlist.idx,confirmed,01a00091-d9aa-7b85-aaf1-c31f8cef45bf,01a00091-d9aa-72e2-ba8e-bb5362962af1,covered,confirmed
arcaea:purgatorium:default,purgatorium,95,Purgatorium,"{""en"":""Purgatorium""}",お月さま交響曲,base,,1537142400,1,default,,,,BYD,,,,assets/songs/purgatorium/1080_base.jpg,16d1ccc59e9a614ca9c9466952dfc9c65477d29c7c52ec3544b6f26868fabe84,2,assets/songs/purgatorium/1080_base.jpg;assets/songs/purgatorium/1080_base_256.jpg,c2b58dcad54203645057a859524789f59cfd5ca13613b610d04ad087b58aac90,384;768,384;768,image/jpeg,16d1ccc59e9a614ca9c9466952dfc9c65477d29c7c52ec3544b6f26868fabe84;4574a454d539e0a129ead553434deea23987d0d60878b06727d25af44252bf54,true,original object SHA-256=16d1ccc59e9a614ca9c9466952dfc9c65477d29c7c52ec3544b6f26868fabe84 equals APK image SHA; legacy filename IDX=95 maps to songlist.idx,confirmed,01a00091-dba1-7316-b727-d53a4b35d705,01a00091-dba1-743c-87a4-a47c6282d2cd,covered,confirmed
arcaea:purgatorium:difficulty:BYD,purgatorium,95,Purgatorium,"{""en"":""Purgatorium""}",お月さま交響曲,base,,1537142400,1,difficulty-specific,BYD,3,True,BYD,,,,assets/songs/purgatorium/1080_3.jpg,5ca549a4c719aa0a58637b13a47ae82a9085cab4e157cb2bfbe2af8b182aefd3,2,assets/songs/purgatorium/1080_3.jpg;assets/songs/purgatorium/1080_3_256.jpg,c2b58dcad54203645057a859524789f59cfd5ca13613b610d04ad087b58aac90,384;768,384;768,image/jpeg,5ca549a4c719aa0a58637b13a47ae82a9085cab4e157cb2bfbe2af8b182aefd3;9d7923e788c642c3ccd40300456f0a334d6dde2a758ab90ab7e7a68bf89ee982,true,original object SHA-256=5ca549a4c719aa0a58637b13a47ae82a9085cab4e157cb2bfbe2af8b182aefd3 equals APK image SHA; legacy filename IDX=95 maps to songlist.idx,confirmed,01a00091-da86-71be-8b0e-8a2aa19a3aed,01a00091-da86-7841-a51d-e2c60e9d8302,covered,confirmed
arcaea:purpleverse:default,purpleverse,182,Purple Verse,"{""en"":""Purple Verse""}",Hommarju,extend,,1606953605,1,default,,,,BYD,,,,assets/songs/dl_purpleverse/1080_base.jpg,01f59745362206dd7caaf0521fd07c97d24285e8717469627353cce735f068ae,2,assets/songs/dl_purpleverse/1080_base.jpg;assets/songs/dl_purpleverse/1080_base_256.jpg,c2b58dcad54203645057a859524789f59cfd5ca13613b610d04ad087b58aac90,384;768,384;768,image/jpeg,01f59745362206dd7caaf0521fd07c97d24285e8717469627353cce735f068ae;8cec509c5d37ffbcef5ca66ff7495b0a84207e8d9f02624a96407df852e10d54,true,original object SHA-256=01f59745362206dd7caaf0521fd07c97d24285e8717469627353cce735f068ae equals APK image SHA; legacy filename IDX=182 maps to songlist.idx,confirmed,01a00091-ddb0-7dfd-a9a8-7044a706b3d8,01a00091-ddb1-791e-a49c-b3066ff513eb,covered,confirmed
arcaea:purpleverse:difficulty:BYD,purpleverse,182,Purple Verse,"{""en"":""Purple Verse""}",Hommarju,extend,,1606953605,1,difficulty-specific,BYD,3,True,BYD,,,,assets/songs/dl_purpleverse/1080_3.jpg,cce704c02b3b715e4cffcb0e16f64216cb00199cfd1afe00d4a96b34fcd8cfbe,2,assets/songs/dl_purpleverse/1080_3.jpg;assets/songs/dl_purpleverse/1080_3_256.jpg,c2b58dcad54203645057a859524789f59cfd5ca13613b610d04ad087b58aac90,384;768,384;768,image/jpeg,4c068808cccb91e0900803c35bda903775ddf29e69cc29fc275f141a7d5d6b9d;cce704c02b3b715e4cffcb0e16f64216cb00199cfd1afe00d4a96b34fcd8cfbe,true,original object SHA-256=cce704c02b3b715e4cffcb0e16f64216cb00199cfd1afe00d4a96b34fcd8cfbe equals APK image SHA; legacy filename IDX=182 maps to songlist.idx,confirmed,01a00091-dcb7-7fc2-ab50-0188be7481da,01a00091-dcb7-70e2-8a95-1ad9fc6350f1,covered,confirmed
arcaea:qovat:default,qovat,377,Qovat,"{""en"":""Qovat""}",owl＊tree,single,,1709856009,1,default,,,,,,,,assets/songs/dl_qovat/1080_base.jpg,14af883bcecfb9cd07cf809ac58ce3524ff160cb5e3835f958c525b761a38f7f,2,assets/songs/dl_qovat/1080_base.jpg;assets/songs/dl_qovat/1080_base_256.jpg,c2b58dcad54203645057a859524789f59cfd5ca13613b610d04ad087b58aac90,384;768,384;768,image/jpeg,14af883bcecfb9cd07cf809ac58ce3524ff160cb5e3835f958c525b761a38f7f;f127c0bd7bc400ca90514ea43eae1c838c68d76bf1d96bb9ffcf16debe6f67c3,true,original object SHA-256=14af883bcecfb9cd07cf809ac58ce3524ff160cb5e3835f958c525b761a38f7f equals APK image SHA; legacy filename IDX=377 maps to songlist.idx,confirmed,01a00091-deb3-7960-bf06-7d802e0a173b,01a00091-deb3-7151-ae56-43973bfe90a4,covered,confirmed
arcaea:qualia:default,qualia,15,qualia -ideaesthesia-,"{""en"":""qualia -ideaesthesia-""}",nitro,base,,1487980810,1,default,,,,BYD,,,,assets/songs/dl_qualia/base.jpg,2c2fac42847a4240fe810dbf9ad56e93f756febda049ec5dcbbbe9d8ddc6f970,2,assets/songs/dl_qualia/base.jpg;assets/songs/dl_qualia/base_256.jpg,c2b58dcad54203645057a859524789f59cfd5ca13613b610d04ad087b58aac90,256;500,256;500,image/jpeg,2c2fac42847a4240fe810dbf9ad56e93f756febda049ec5dcbbbe9d8ddc6f970;b23f2182bca558dfd3a085a48b67ba9ac554de0deb5adc1fc91ec9688a9eace4,true,original object SHA-256=2c2fac42847a4240fe810dbf9ad56e93f756febda049ec5dcbbbe9d8ddc6f970 equals APK image SHA; legacy filename IDX=15 maps to songlist.idx,confirmed,01a00091-e086-74c9-8afc-231cbac08edd,01a00091-e086-7551-b457-9d2ce0be92db,covered,confirmed
arcaea:qualia:difficulty:BYD,qualia,15,qualia -ideaesthesia-,"{""en"":""qualia -ideaesthesia-""}",nitro,base,,1487980810,1,difficulty-specific,BYD,3,True,BYD,,,,assets/songs/dl_qualia/1080_3.jpg,4485391a8f4e9afe03812d7506470e64d3a673497f0bc2589d2b74e821fd08b8,2,assets/songs/dl_qualia/1080_3.jpg;assets/songs/dl_qualia/1080_3_256.jpg,c2b58dcad54203645057a859524789f59cfd5ca13613b610d04ad087b58aac90,384;768,384;768,image/jpeg,05aa0eeea58b4065bf5c319b9d01159af37a6961053eb674758e67d045b74442;4485391a8f4e9afe03812d7506470e64d3a673497f0bc2589d2b74e821fd08b8,true,original object SHA-256=4485391a8f4e9afe03812d7506470e64d3a673497f0bc2589d2b74e821fd08b8 equals APK image SHA; legacy filename IDX=15 maps to songlist.idx,confirmed,01a00091-dfbd-7f0b-b689-9dff26eb4ad3,01a00091-dfbd-7615-aaa5-2dc42f7e23eb,covered,confirmed
arcaea:quon:default,quon,66,Quon,"{""en"":""Quon""}",Feryquitous,lanota,,1517443203,0,default,,,,,,,,assets/songs/dl_quon/1080_base.jpg,347a7f66c4fb8039847036380f829e96803a0770fcddfcda02c7e82305071f09,2,assets/songs/dl_quon/1080_base.jpg;assets/songs/dl_quon/1080_base_256.jpg,c2b58dcad54203645057a859524789f59cfd5ca13613b610d04ad087b58aac90,384;768,384;768,image/jpeg,347a7f66c4fb8039847036380f829e96803a0770fcddfcda02c7e82305071f09;a579a937ca905ffaad2cfffc1c82e438fdf766106f251254c9d20289fd771d9d,true,original object SHA-256=347a7f66c4fb8039847036380f829e96803a0770fcddfcda02c7e82305071f09 equals APK image SHA; legacy filename IDX=66 maps to songlist.idx,confirmed,01a00091-e215-72f1-ba89-1f09efd552bc,01a00091-e215-7c0b-8085-405dcca1794d,covered,confirmed
arcaea:quonwacca:default,quonwacca,228,Quon,"{""en"":""Quon""}",DJ Noriken,wacca,,1628553600,1,default,,,,,,,,assets/songs/dl_quonwacca/1080_base.jpg,330fe817a89319c55ca1de24c16228dfcbb327dab74da7b77f98024fd53598df,2,assets/songs/dl_quonwacca/1080_base.jpg;assets/songs/dl_quonwacca/1080_base_256.jpg,c2b58dcad54203645057a859524789f59cfd5ca13613b610d04ad087b58aac90,384;768,384;768,image/jpeg,005e9425e2133ee35c4e5741a07896f5d352a8cfa68275c58f555a077818a269;330fe817a89319c55ca1de24c16228dfcbb327dab74da7b77f98024fd53598df,true,original object SHA-256=330fe817a89319c55ca1de24c16228dfcbb327dab74da7b77f98024fd53598df equals APK image SHA; legacy filename IDX=228 maps to songlist.idx,confirmed,01a00091-e115-7fa9-a0a9-32fc263f898b,01a00091-e116-7e84-a02a-bab3aeb82121,covered,confirmed
arcaea:rabbitintheblackroom:default,rabbitintheblackroom,49,Rabbit In The Black Room,"{""en"":""Rabbit In The Black Room""}",Rabbit House,base,,1505520000,1,default,,,,,,,,assets/songs/dl_rabbitintheblackroom/1080_base.jpg,44ee2d66c0b1203dd17efce31df205a564ab0bf0807197a8188b87a6f7478204,2,assets/songs/dl_rabbitintheblackroom/1080_base.jpg;assets/songs/dl_rabbitintheblackroom/1080_base_256.jpg,c2b58dcad54203645057a859524789f59cfd5ca13613b610d04ad087b58aac90,384;768,384;768,image/jpeg,44ee2d66c0b1203dd17efce31df205a564ab0bf0807197a8188b87a6f7478204;725ac90370e95582847d3fa149f35217297ee0afbb0f2a75c1ae29df842c2d11,true,original object SHA-256=44ee2d66c0b1203dd17efce31df205a564ab0bf0807197a8188b87a6f7478204 equals APK image SHA; legacy filename IDX=49 maps to songlist.idx,confirmed,01a00091-e33b-7b4f-bd12-88e241e938bb,01a00091-e33b-7980-83a0-1405970753a5,covered,confirmed
arcaea:rainofconflict:default,rainofconflict,413,Rain of Conflict in a Radiant Abyss,"{""en"":""Rain of Conflict in a Radiant Abyss""}",ak+q,single,,1726099200,1,default,,,,,,,,assets/songs/dl_rainofconflict/1080_base.jpg,cd8cefa29c00076f7cc5c9e78708315f13968ed4f168620cfa39ea96e2d58278,2,assets/songs/dl_rainofconflict/1080_base.jpg;assets/songs/dl_rainofconflict/1080_base_256.jpg,c2b58dcad54203645057a859524789f59cfd5ca13613b610d04ad087b58aac90,384;768,384;768,image/jpeg,93c1ebfea9d2baa67bd3931d03ba1ed8b62a3fbc7469569c37441f56e4fb9345;cd8cefa29c00076f7cc5c9e78708315f13968ed4f168620cfa39ea96e2d58278,true,original object SHA-256=cd8cefa29c00076f7cc5c9e78708315f13968ed4f168620cfa39ea96e2d58278 equals APK image SHA; legacy filename IDX=413 maps to songlist.idx,confirmed,01a00091-e42a-7a1e-bae7-622641798c2e,01a00091-e42a-7d07-8dcc-a381567fb22b,covered,confirmed
arcaea:ravenspride:default,ravenspride,338,Raven's Pride,"{""en"":""Raven's Pride"",""ja"":""レイヴンズ・プライド""}",みーに feat. はらもりよしな,eden,,1692230403,1,default,,,,,,,,assets/songs/dl_ravenspride/1080_base.jpg,0f5884cf3a8c9d2276fcf1be3d4e6db7d4a7fb863ef777b7cb06366e77fce7f0,2,assets/songs/dl_ravenspride/1080_base.jpg;assets/songs/dl_ravenspride/1080_base_256.jpg,c2b58dcad54203645057a859524789f59cfd5ca13613b610d04ad087b58aac90,384;768,384;768,image/jpeg,0f5884cf3a8c9d2276fcf1be3d4e6db7d4a7fb863ef777b7cb06366e77fce7f0;67ed94ff2a59922ef03d1de66a235e8aa8665224644be0a643af616440f9c5a3,true,original object SHA-256=0f5884cf3a8c9d2276fcf1be3d4e6db7d4a7fb863ef777b7cb06366e77fce7f0 equals APK image SHA; legacy filename IDX=338 maps to songlist.idx,confirmed,01a00092-88ec-74c7-9175-5a9cc2135d10,01a00092-88ec-7021-a96f-15555176109a,covered,confirmed
arcaea:raysofremnant:default,raysofremnant,430,Rays of Remnant,"{""en"":""Rays of Remnant""}",May × Felysrator,lephon,,1732147207,3,default,,,,,,,,assets/songs/dl_raysofremnant/1080_base.jpg,8ca2777ba387486fa4a8aa90f46aa87dcd50b7f0862b31fbed22cd6b5977d423,2,assets/songs/dl_raysofremnant/1080_base.jpg;assets/songs/dl_raysofremnant/1080_base_256.jpg,c2b58dcad54203645057a859524789f59cfd5ca13613b610d04ad087b58aac90,384;768,384;768,image/jpeg,2e8a81577301a3f9741428f7b646cbd875e8aee7a3a37db260d50fcbe36ce9ac;8ca2777ba387486fa4a8aa90f46aa87dcd50b7f0862b31fbed22cd6b5977d423,true,original object SHA-256=8ca2777ba387486fa4a8aa90f46aa87dcd50b7f0862b31fbed22cd6b5977d423 equals APK image SHA; legacy filename IDX=430 maps to songlist.idx,confirmed,01a00091-e5e0-73b7-a67f-e16534e63ecc,01a00091-e5e0-709d-8b74-4ede411ada56,covered,confirmed
arcaea:reconstruction:default,reconstruction,35,REconstruction,"{""en"":""REconstruction""}",Ryazan,dynamix,,1498176002,0,default,,,,,,,,assets/songs/dl_reconstruction/1080_base.jpg,629c88b187da2e0e3b16a13c54a06c993de4c336bc97a4eb532ffbb90cebbc0e,2,assets/songs/dl_reconstruction/1080_base.jpg;assets/songs/dl_reconstruction/1080_base_256.jpg,c2b58dcad54203645057a859524789f59cfd5ca13613b610d04ad087b58aac90,384;768,384;768,image/jpeg,629c88b187da2e0e3b16a13c54a06c993de4c336bc97a4eb532ffbb90cebbc0e;8ac46c0bf9f90ede7fc9add66b9c86a00ad2bcfcbacb4c593a198fed68c0cae4,true,original object SHA-256=629c88b187da2e0e3b16a13c54a06c993de4c336bc97a4eb532ffbb90cebbc0e equals APK image SHA; legacy filename IDX=35 maps to songlist.idx,confirmed,01a00091-e71a-7e26-b642-121fd3858a28,01a00091-e71a-7f39-9554-b60e23d8f8e0,covered,confirmed
arcaea:redandblue:default,redandblue,58,Red and Blue,"{""en"":""Red and Blue""}",Silentroom,base,,1509667202,1,default,,,,BYD,,,,assets/songs/dl_redandblue/1080_base.jpg,ab7a30d457e37eeccfbf77119f50c1e2dcf99cee7b06d9ecb810b60919baa1fe,2,assets/songs/dl_redandblue/1080_base.jpg;assets/songs/dl_redandblue/1080_base_256.jpg,c2b58dcad54203645057a859524789f59cfd5ca13613b610d04ad087b58aac90,384;768,384;768,image/jpeg,0a4c6fa4c50380a039a6ea5271f070f204a13318b686a4c468862d33d8933f94;ab7a30d457e37eeccfbf77119f50c1e2dcf99cee7b06d9ecb810b60919baa1fe,true,original object SHA-256=ab7a30d457e37eeccfbf77119f50c1e2dcf99cee7b06d9ecb810b60919baa1fe equals APK image SHA; legacy filename IDX=58 maps to songlist.idx,confirmed,01a00091-e9df-78f4-bfcc-49801b926e45,01a00091-e9df-7eb8-bcec-068b26b7c9e3,covered,confirmed
arcaea:redandblue:difficulty:BYD,redandblue,58,Red and Blue,"{""en"":""Red and Blue""}",Silentroom,base,,1509667202,1,difficulty-specific,BYD,3,True,BYD,,"{""en"":""Red and Blue and Green""}",True,assets/songs/dl_redandblue/1080_3.jpg,6f82b56ef6e9eb8a055a73b6ee985192148d8e75248bf79bc428e78f67e88b9e,2,assets/songs/dl_redandblue/1080_3.jpg;assets/songs/dl_redandblue/1080_3_256.jpg,c2b58dcad54203645057a859524789f59cfd5ca13613b610d04ad087b58aac90,384;768,384;768,image/jpeg,6f82b56ef6e9eb8a055a73b6ee985192148d8e75248bf79bc428e78f67e88b9e;f11b959aa8ef16f5fd16d039f8867965a67eefc849f66e6fdc5b6757066561cc,true,More than one Catalog Resource row points to this APK semantic slot,medium,01a00091-e80b-72fc-bc58-c85e11af3f54;01a00091-e8f5-7d9b-90a1-952e1cb72dee,01a00091-e80b-77fd-9b30-7b964c62583b;01a00091-e8f5-7f22-ac5c-d5ff414d4f14,multiple-catalog-matches,ambiguous
arcaea:redolentshape:default,redolentshape,239,Redolent Shape,"{""en"":""Redolent Shape""}",Sanaas,single,,1634774400,1,default,,,,,,,,assets/songs/dl_redolentshape/1080_base.jpg,3123b22286ab4f5e0335cebf471bed969c172a53efc1f9fe21a06a60054bf5d4,2,assets/songs/dl_redolentshape/1080_base.jpg;assets/songs/dl_redolentshape/1080_base_256.jpg,c2b58dcad54203645057a859524789f59cfd5ca13613b610d04ad087b58aac90,384;768,384;768,image/jpeg,3123b22286ab4f5e0335cebf471bed969c172a53efc1f9fe21a06a60054bf5d4;e6bf1b8af239ae0db55191b2f7d8acca0aebb998352ec6fe8d689b33b785b2c6,true,original object SHA-256=3123b22286ab4f5e0335cebf471bed969c172a53efc1f9fe21a06a60054bf5d4 equals APK image SHA; legacy filename IDX=239 maps to songlist.idx,confirmed,01a00091-eb12-75d5-81c5-f625d5ac3a7d,01a00091-eb12-7abf-b015-8c5491655c8b,covered,confirmed
arcaea:reinvent:default,reinvent,68,Reinvent,"{""en"":""Reinvent""}",Sound Souler,base,,1513814400,0,default,,,,,,,,assets/songs/reinvent/1080_base.jpg,1ac37b63c2c292662cdb2b80e56c01f650e13e35b1fc23d18b84e0e9990993c0,2,assets/songs/reinvent/1080_base.jpg;assets/songs/reinvent/1080_base_256.jpg,c2b58dcad54203645057a859524789f59cfd5ca13613b610d04ad087b58aac90,384;768,384;768,image/jpeg,1ac37b63c2c292662cdb2b80e56c01f650e13e35b1fc23d18b84e0e9990993c0;2d13ba45fb93c714d195c3de374e61c801c6b7cc994fbb9addcc7dec58d19c6f,true,original object SHA-256=1ac37b63c2c292662cdb2b80e56c01f650e13e35b1fc23d18b84e0e9990993c0 equals APK image SHA; legacy filename IDX=68 maps to songlist.idx,confirmed,01a00091-ec2a-7329-bd1f-cee476a7b9f2,01a00091-ec2a-7eb7-9c16-5d692b0ec868,covered,confirmed
arcaea:rekkaresonance:default,rekkaresonance,220,REKKA RESONANCE,"{""en"":""REKKA RESONANCE"",""ja"":""烈華RESONANCE""}",REDALiCE vs Kobaryo,single,,1625011201,0,default,,,,,,,,assets/songs/dl_rekkaresonance/1080_base.jpg,7cce6ea514139ed78355d5ab34a6bc457266f62758423c2e34747159af86cfbb,2,assets/songs/dl_rekkaresonance/1080_base.jpg;assets/songs/dl_rekkaresonance/1080_base_256.jpg,c2b58dcad54203645057a859524789f59cfd5ca13613b610d04ad087b58aac90,384;768,384;768,image/jpeg,4f79bae8f7d9a9d54b03c7177f6913e20e88070e28b2d4fdaf7fe69adac3c2a1;7cce6ea514139ed78355d5ab34a6bc457266f62758423c2e34747159af86cfbb,true,original object SHA-256=7cce6ea514139ed78355d5ab34a6bc457266f62758423c2e34747159af86cfbb equals APK image SHA; legacy filename IDX=220 maps to songlist.idx,confirmed,01a00090-4d08-79e4-b202-6081e9eb9c00,01a00090-4d08-74f0-8831-d228f7431723,covered,confirmed
arcaea:relentless:default,relentless,11,Relentless,"{""en"":""Relentless""}",Akira Complex,core,,1487980814,1,default,,,,,,,,assets/songs/dl_relentless/1080_base.jpg,2ac167a05f2a1a29be5430124746411fbb7226fa7c5b2e2d53f2f5a481d4cf21,2,assets/songs/dl_relentless/1080_base.jpg;assets/songs/dl_relentless/1080_base_256.jpg,c2b58dcad54203645057a859524789f59cfd5ca13613b610d04ad087b58aac90,384;768,384;768,image/jpeg,2ac167a05f2a1a29be5430124746411fbb7226fa7c5b2e2d53f2f5a481d4cf21;d03ab2edcbac4811d676b973a1c0820dc0b1e67773560b4f872a1be141ecb12d,true,original object SHA-256=2ac167a05f2a1a29be5430124746411fbb7226fa7c5b2e2d53f2f5a481d4cf21 equals APK image SHA; legacy filename IDX=11 maps to songlist.idx,confirmed,01a00091-ed05-7964-8055-fb8a91dcb3ee,01a00091-ed05-7f8b-8e0f-b761ed432e53,covered,confirmed
arcaea:remindthesouls:default,remindthesouls,344,Remind the Souls (Short Version),"{""en"":""Remind the Souls (Short Version)""}",Nhato,base,,1695772800,0,default,,,,,,,,assets/songs/remindthesouls/1080_base.jpg,59dbc7ba9f5781125ffc7a725c67b3b804e54d3ff132b12761b94cfe6e9a4b46,2,assets/songs/remindthesouls/1080_base.jpg;assets/songs/remindthesouls/1080_base_256.jpg,c2b58dcad54203645057a859524789f59cfd5ca13613b610d04ad087b58aac90,384;768,384;768,image/jpeg,59dbc7ba9f5781125ffc7a725c67b3b804e54d3ff132b12761b94cfe6e9a4b46;7bf710fbc43faaabd7b49d30d40f5bc5615344c74c41a715ef48892ffa2b327f,true,original object SHA-256=59dbc7ba9f5781125ffc7a725c67b3b804e54d3ff132b12761b94cfe6e9a4b46 equals APK image SHA; legacy filename IDX=344 maps to songlist.idx,confirmed,01a00091-ee24-7b55-b83d-9f0f8ce115be,01a00091-ee24-76c9-bbf4-7647ec3e2ea6,covered,confirmed
arcaea:renegade:default,renegade,429,Renegade,"{""en"":""Renegade""}",sky_delta,lephon,,1732147206,3,default,,,,,,,,assets/songs/dl_renegade/1080_base.jpg,93743e67f14141bedd2e7b1cd9829b03ff5c56466be4b0c5e892b48c4c9c3176,2,assets/songs/dl_renegade/1080_base.jpg;assets/songs/dl_renegade/1080_base_256.jpg,c2b58dcad54203645057a859524789f59cfd5ca13613b610d04ad087b58aac90,384;768,384;768,image/jpeg,3f61443d4b6186363143fa1953782ce908b0551cd3682511adfccb1090466ea9;93743e67f14141bedd2e7b1cd9829b03ff5c56466be4b0c5e892b48c4c9c3176,true,original object SHA-256=93743e67f14141bedd2e7b1cd9829b03ff5c56466be4b0c5e892b48c4c9c3176 equals APK image SHA; legacy filename IDX=429 maps to songlist.idx,confirmed,01a00091-eefc-7ca5-b687-bc132369253c,01a00091-eefc-71f5-9587-0bfb7413b529,covered,confirmed
arcaea:revixy:default,revixy,118,ReviXy,"{""en"":""ReviXy""}",ikaruga_nex,base,,1553126401,1,default,,,,,,,,assets/songs/dl_revixy/1080_base.jpg,764514c7072527efc31450e2b6b4bf8556de4cf45fca5a7a83862d13db5cce1c,2,assets/songs/dl_revixy/1080_base.jpg;assets/songs/dl_revixy/1080_base_256.jpg,c2b58dcad54203645057a859524789f59cfd5ca13613b610d04ad087b58aac90,384;768,384;768,image/jpeg,605f398273437ca4960739757f700fa4e80fa7db0462007cfaf94fc7aa650fb7;764514c7072527efc31450e2b6b4bf8556de4cf45fca5a7a83862d13db5cce1c,true,original object SHA-256=764514c7072527efc31450e2b6b4bf8556de4cf45fca5a7a83862d13db5cce1c equals APK image SHA; legacy filename IDX=118 maps to songlist.idx,confirmed,01a00091-f00b-73c0-a78a-643d5b79b555,01a00091-f00c-7a80-a801-82f9cf5bb875,covered,confirmed
arcaea:rgb:default,rgb,336,RGB,"{""en"":""RGB""}",MEMODEMO X AQUASINE,extend_2,,1692230401,0,default,,,,,,,,assets/songs/dl_rgb/1080_base.jpg,2b49495224e9f8c22cc697979fc045288a5cef885a7d1821424e2990e8ad65c8,2,assets/songs/dl_rgb/1080_base.jpg;assets/songs/dl_rgb/1080_base_256.jpg,c2b58dcad54203645057a859524789f59cfd5ca13613b610d04ad087b58aac90,384;768,384;768,image/jpeg,2b49495224e9f8c22cc697979fc045288a5cef885a7d1821424e2990e8ad65c8;ea5f6ee4d77056bb9709c1543cb53e095211917d132e3c12d0b5703b26d5ba48,true,original object SHA-256=2b49495224e9f8c22cc697979fc045288a5cef885a7d1821424e2990e8ad65c8 equals APK image SHA; legacy filename IDX=336 maps to songlist.idx,confirmed,01a00091-f0ef-7f0c-9d39-46b713b3379c,01a00091-f0ef-7052-a690-c22e2907bc63,covered,confirmed
arcaea:ringedgenesis:default,ringedgenesis,130,Ringed Genesis,"{""en"":""Ringed Genesis""}",Edelritter,prelude,,1563408004,0,default,,,,,,,,assets/songs/dl_ringedgenesis/1080_base.jpg,b997e56f7e95b64fdc5384df3612d3990459b3949e299340a5d6e675efb3acf1,2,assets/songs/dl_ringedgenesis/1080_base.jpg;assets/songs/dl_ringedgenesis/1080_base_256.jpg,c2b58dcad54203645057a859524789f59cfd5ca13613b610d04ad087b58aac90,384;768,384;768,image/jpeg,9f6cb2f8c7b555c66714f1ceba9da0a1ef052ef413a7ec275549c82f800857b7;b997e56f7e95b64fdc5384df3612d3990459b3949e299340a5d6e675efb3acf1,true,original object SHA-256=b997e56f7e95b64fdc5384df3612d3990459b3949e299340a5d6e675efb3acf1 equals APK image SHA; legacy filename IDX=130 maps to songlist.idx,confirmed,01a00091-f1d6-7f15-b746-77a61ed65f55,01a00091-f1d6-710a-bb3f-a2fb7fa810fd,covered,confirmed
arcaea:riotsystem:default,riotsystem,531,Riot in the System,"{""en"":""Riot in the System""}",Laur & Massive New Krew feat. 社築,extend_4,,1777507204,1,default,,,,,,,,assets/songs/dl_riotsystem/1080_base.jpg,523890de0df4f5773a83e5d5e5baaa014da452368424d03925e632d92c859903,2,assets/songs/dl_riotsystem/1080_base.jpg;assets/songs/dl_riotsystem/1080_base_256.jpg,c2b58dcad54203645057a859524789f59cfd5ca13613b610d04ad087b58aac90,384;768,384;768,image/jpeg,523890de0df4f5773a83e5d5e5baaa014da452368424d03925e632d92c859903;6305731d5504601f545ebb79c063b2a71a539002376aa9382d6fc10da7fc0b06,true,original object SHA-256=523890de0df4f5773a83e5d5e5baaa014da452368424d03925e632d92c859903 equals APK image SHA; legacy filename IDX=531 maps to songlist.idx,confirmed,01a00091-f2d8-78e2-9129-07586f110a07,01a00091-f2d8-7198-8a3a-636c81e13ebb,covered,confirmed
arcaea:rise:default,rise,4,Rise,"{""en"":""Rise""}",Combatplayer,base,,1487980803,0,default,,,,,,,,assets/songs/rise/1080_base.jpg,25982d2236be0f516d259c04c8c5ef5d105b775454b2f6ee74d0bedbc706f280,2,assets/songs/rise/1080_base.jpg;assets/songs/rise/1080_base_256.jpg,c2b58dcad54203645057a859524789f59cfd5ca13613b610d04ad087b58aac90,384;768,384;768,image/jpeg,25982d2236be0f516d259c04c8c5ef5d105b775454b2f6ee74d0bedbc706f280;2a4703bd6da68ba64b8eb186e7c9a55feb2c4df53ad77efbc6e99291fdd4c01d,true,original object SHA-256=25982d2236be0f516d259c04c8c5ef5d105b775454b2f6ee74d0bedbc706f280 equals APK image SHA; legacy filename IDX=4 maps to songlist.idx,confirmed,01a00091-f4f5-743c-884c-02f698cc147f,01a00091-f4f6-7b97-9db6-1653c02f8b19,covered,confirmed
arcaea:riseoftheworld:default,riseoftheworld,339,Rise of the World,"{""en"":""Rise of the World""}",cosMo＠暴走P,eden,,1692230404,0,default,,,,,,,,assets/songs/dl_riseoftheworld/1080_base.jpg,c4833fe2d10bf66772c3ea4d387c1e48fe65fd8978e5534e74262370f2e14033,2,assets/songs/dl_riseoftheworld/1080_base.jpg;assets/songs/dl_riseoftheworld/1080_base_256.jpg,c2b58dcad54203645057a859524789f59cfd5ca13613b610d04ad087b58aac90,384;768,384;768,image/jpeg,14fdebdacd02ba8f856c76f29bc17c855e0a6b01eb9e5a550b1e83b265014742;c4833fe2d10bf66772c3ea4d387c1e48fe65fd8978e5534e74262370f2e14033,true,original object SHA-256=c4833fe2d10bf66772c3ea4d387c1e48fe65fd8978e5534e74262370f2e14033 equals APK image SHA; legacy filename IDX=339 maps to songlist.idx,confirmed,01a00091-f3f0-734a-8e54-00af6ff2a9be,01a00091-f3f0-7bc0-9201-3aee8f0a8a85,covered,confirmed
arcaea:romancewars:default,romancewars,43,Romance Wars,"{""en"":""Romance Wars"",""ja"":""vsキミ戦争""}",U-ske (feat. lueur),mirai,,1502323202,0,default,,,,,,,,assets/songs/dl_romancewars/1080_base.jpg,3fde76cd87474ec8bb6113d972402e0b356ff7bc6daa3d307a5af655999f5973,2,assets/songs/dl_romancewars/1080_base.jpg;assets/songs/dl_romancewars/1080_base_256.jpg,c2b58dcad54203645057a859524789f59cfd5ca13613b610d04ad087b58aac90,384;768,384;768,image/jpeg,3fde76cd87474ec8bb6113d972402e0b356ff7bc6daa3d307a5af655999f5973;4b9e2dd86fd7c778076da3db55b8fe3e1557e7c532c3f8ac81a26b44bd5ece05,true,original object SHA-256=3fde76cd87474ec8bb6113d972402e0b356ff7bc6daa3d307a5af655999f5973 equals APK image SHA; legacy filename IDX=43 maps to songlist.idx,confirmed,01a00092-55f1-7e09-9759-25e5154da597,01a00092-55f1-7b32-90e6-3d446085e8b5,covered,confirmed
arcaea:rostpagegene:default,rostpagegene,486,ROST PAGE GENE,"{""en"":""ROST PAGE GENE""}",MYUKKE.,extend_3,,1759363200,0,default,,,,,,,,assets/songs/dl_rostpagegene/1080_base.jpg,41799068f51f6a75711cfe6b6fdb54be1d09f5fdf534be901cf69c028f0d62f6,2,assets/songs/dl_rostpagegene/1080_base.jpg;assets/songs/dl_rostpagegene/1080_base_256.jpg,c2b58dcad54203645057a859524789f59cfd5ca13613b610d04ad087b58aac90,384;768,384;768,image/jpeg,41799068f51f6a75711cfe6b6fdb54be1d09f5fdf534be901cf69c028f0d62f6;947fec17c92ac8c21afbb2797cf9b92e67fcc1cdf313b5a5d603c8851e3686bf,true,original object SHA-256=41799068f51f6a75711cfe6b6fdb54be1d09f5fdf534be901cf69c028f0d62f6 equals APK image SHA; legacy filename IDX=486 maps to songlist.idx,confirmed,01a00091-f5e6-7fbe-ad50-c7f51bafc8b2,01a00091-f5e6-7779-ba67-4ad33ee4395a,covered,confirmed
arcaea:rugie:default,rugie,102,Rugie,"{""en"":""Rugie""}",Feryquitous feat.Sennzai,base,,1541635200,1,default,,,,,,,,assets/songs/dl_rugie/1080_base.jpg,a71ac2c4c5b25252189491465152ec9d367f3c0224378e4f98fbf6b55c773558,2,assets/songs/dl_rugie/1080_base.jpg;assets/songs/dl_rugie/1080_base_256.jpg,c2b58dcad54203645057a859524789f59cfd5ca13613b610d04ad087b58aac90,384;768,384;768,image/jpeg,044b2c645429b7ae69d2f2d4f3349923890864cdbf53e03673753ff3cdc0b384;a71ac2c4c5b25252189491465152ec9d367f3c0224378e4f98fbf6b55c773558,true,original object SHA-256=a71ac2c4c5b25252189491465152ec9d367f3c0224378e4f98fbf6b55c773558 equals APK image SHA; legacy filename IDX=102 maps to songlist.idx,confirmed,01a00091-f70b-7579-b255-caf794373015,01a00091-f70b-73c3-a716-53ac243b2b80,covered,confirmed
arcaea:sacrifice:default,sacrifice,335,SACRIFICE feat. ayame,"{""en"":""SACRIFICE feat. ayame""}",Masayoshi Minoshima(ALR),single,,1692230400,1,default,,,,,,,,assets/songs/dl_sacrifice/1080_base.jpg,5f9cd7227645d10c37ee6aa9610a695d31282577abfa5e40a83b478bdc878427,2,assets/songs/dl_sacrifice/1080_base.jpg;assets/songs/dl_sacrifice/1080_base_256.jpg,c2b58dcad54203645057a859524789f59cfd5ca13613b610d04ad087b58aac90,384;768,384;768,image/jpeg,5f9cd7227645d10c37ee6aa9610a695d31282577abfa5e40a83b478bdc878427;84f7f3c613d678b8395308e28bbdcd412b68ed1baf850e5ebe25e55ece6a8193,true,original object SHA-256=5f9cd7227645d10c37ee6aa9610a695d31282577abfa5e40a83b478bdc878427 equals APK image SHA; legacy filename IDX=335 maps to songlist.idx,confirmed,01a00091-f809-77de-b709-4067cbdfcbf3,01a00091-f809-7df7-829e-0cca553ea842,covered,confirmed
arcaea:saikyostronger:default,saikyostronger,149,SAIKYO STRONGER,"{""en"":""SAIKYO STRONGER"",""ja"":""最強STRONGER""}",REDALiCE vs USAO,single,,1579478403,1,default,,,,,,,,assets/songs/dl_saikyostronger/1080_base.jpg,653de36eaa744d0c14189edc22fe4580e48b35f22313339ddecbecc27d225ace,2,assets/songs/dl_saikyostronger/1080_base.jpg;assets/songs/dl_saikyostronger/1080_base_256.jpg,c2b58dcad54203645057a859524789f59cfd5ca13613b610d04ad087b58aac90,384;768,384;768,image/jpeg,3d2dbbd8eab8e2ff88e8ca780100fbebb4158bdf2450347342b19f42123686b1;653de36eaa744d0c14189edc22fe4580e48b35f22313339ddecbecc27d225ace,true,original object SHA-256=653de36eaa744d0c14189edc22fe4580e48b35f22313339ddecbecc27d225ace equals APK image SHA; legacy filename IDX=149 maps to songlist.idx,confirmed,01a00090-6d96-7172-ab6e-19276aff0f03,01a00090-6d96-7052-b023-cdfec60ca87a,covered,confirmed
arcaea:saintorsinner:default,saintorsinner,414,Saint or Sinner,"{""en"":""Saint or Sinner""}",crayvxn,prelude,,1727308800,1,default,,,,BYD,,,,assets/songs/dl_saintorsinner/1080_base.jpg,45476041c51a3d9db5cbbe9bfd3c3e7ee585d0138a51247f0caf9ac9fa3e6c63,2,assets/songs/dl_saintorsinner/1080_base.jpg;assets/songs/dl_saintorsinner/1080_base_256.jpg,c2b58dcad54203645057a859524789f59cfd5ca13613b610d04ad087b58aac90,384;768,384;768,image/jpeg,45476041c51a3d9db5cbbe9bfd3c3e7ee585d0138a51247f0caf9ac9fa3e6c63;6321c713d669debc3104b27bf635bb5452532be8ef7eb1e560c7e7cb15719b54,true,original object SHA-256=45476041c51a3d9db5cbbe9bfd3c3e7ee585d0138a51247f0caf9ac9fa3e6c63 equals APK image SHA; legacy filename IDX=414 maps to songlist.idx,confirmed,01a00091-f9fb-7862-b4c6-e924cf3c2e1f,01a00091-f9fb-7ee5-a536-b457ed4bab99,covered,confirmed
arcaea:saintorsinner:difficulty:BYD,saintorsinner,414,Saint or Sinner,"{""en"":""Saint or Sinner""}",crayvxn,prelude,,1727308800,1,difficulty-specific,BYD,3,True,BYD,,,,assets/songs/dl_saintorsinner/1080_3.jpg,945a473c98ad64f2f4264bbddfbb56c5e74ce57110d7c849c2f1e5adb483dfd7,2,assets/songs/dl_saintorsinner/1080_3.jpg;assets/songs/dl_saintorsinner/1080_3_256.jpg,c2b58dcad54203645057a859524789f59cfd5ca13613b610d04ad087b58aac90,384;768,384;768,image/jpeg,945a473c98ad64f2f4264bbddfbb56c5e74ce57110d7c849c2f1e5adb483dfd7;ac7206a5c09ef9e4738a9963af62861108aa870e97260afcb4637db8e37512cb,true,original object SHA-256=945a473c98ad64f2f4264bbddfbb56c5e74ce57110d7c849c2f1e5adb483dfd7 equals APK image SHA; legacy filename IDX=414 maps to songlist.idx,confirmed,01a00091-f8fa-7538-b2b6-28da0c3a862f,01a00091-f8fb-7a5a-9869-5bea71d17ca4,covered,confirmed
arcaea:sakurafubuki:default,sakurafubuki,255,Sakura Fubuki,"{""en"":""Sakura Fubuki""}",Street,base,,1645056001,0,default,,,,,,,,assets/songs/sakurafubuki/base.jpg,9b77d3aff6c147f2644f23bc101f48b114e811bb23c8e2f7f54f292de572a414,2,assets/songs/sakurafubuki/base.jpg;assets/songs/sakurafubuki/base_256.jpg,c2b58dcad54203645057a859524789f59cfd5ca13613b610d04ad087b58aac90,256;512,256;512,image/jpeg,9b77d3aff6c147f2644f23bc101f48b114e811bb23c8e2f7f54f292de572a414;eb66d31764502359a22a9911048e8a2609c0a477f63f17cfb82a3c8e52f7666e,true,original object SHA-256=9b77d3aff6c147f2644f23bc101f48b114e811bb23c8e2f7f54f292de572a414 equals APK image SHA; legacy filename IDX=255 maps to songlist.idx,confirmed,01a00091-faf7-7689-87a6-043208daea74,01a00091-faf7-7de8-a2a6-824774efe2a4,covered,confirmed
arcaea:sanskia:default,sanskia,270,san skia,"{""en"":""san skia""}",ユアミトス,base,,1653436802,0,default,,,,,,,,assets/songs/dl_sanskia/1080_base.jpg,860f4d0688c7f1aeee519f731335a50a503efe24640a0603a142db110ee6e2c0,2,assets/songs/dl_sanskia/1080_base.jpg;assets/songs/dl_sanskia/1080_base_256.jpg,c2b58dcad54203645057a859524789f59cfd5ca13613b610d04ad087b58aac90,384;768,384;768,image/jpeg,5b3a2686afb14983619930cc0b6b179bfef175bfe7ff97d4a7a1f7eee2c7714b;860f4d0688c7f1aeee519f731335a50a503efe24640a0603a142db110ee6e2c0,true,original object SHA-256=860f4d0688c7f1aeee519f731335a50a503efe24640a0603a142db110ee6e2c0 equals APK image SHA; legacy filename IDX=270 maps to songlist.idx,confirmed,01a00091-fbc3-7106-9a98-2a5deaf8f832,01a00091-fbc3-7ffd-89a0-25e764defb2e,covered,confirmed
arcaea:satisfaction:default,satisfaction,464,SATISFACTION,"{""en"":""SATISFACTION""}",P*Light & DJ Noriken feat. KMNZ,base,,1750896000,1,default,,,,,,,,assets/songs/satisfaction/1080_base.jpg,fcc77d26b3112897e50df6f86e20e876d748949d729126353a117aa59682e853,2,assets/songs/satisfaction/1080_base.jpg;assets/songs/satisfaction/1080_base_256.jpg,c2b58dcad54203645057a859524789f59cfd5ca13613b610d04ad087b58aac90,384;768,384;768,image/jpeg,05998dc4b91d871256374bd23256b156fb4cdf3600f7bd1c39f9c252d0fa1e23;fcc77d26b3112897e50df6f86e20e876d748949d729126353a117aa59682e853,true,original object SHA-256=fcc77d26b3112897e50df6f86e20e876d748949d729126353a117aa59682e853 equals APK image SHA; legacy filename IDX=464 maps to songlist.idx,confirmed,01a00091-fcc4-7744-83f9-f0260346e7be,01a00091-fcc5-71fe-9be2-a39fb4c2da37,covered,confirmed
arcaea:sayonarahatsukoi:default,sayonarahatsukoi,0,Sayonara Hatsukoi,"{""en"":""Sayonara Hatsukoi""}",REDSHiFT,base,,1487980800,0,default,,,,,,,,assets/songs/sayonarahatsukoi/1080_base.jpg,f52e17d61327a4d913a48e6319d826b5f8ae62a492ee2b85a99941c2a513196f,2,assets/songs/sayonarahatsukoi/1080_base.jpg;assets/songs/sayonarahatsukoi/1080_base_256.jpg,c2b58dcad54203645057a859524789f59cfd5ca13613b610d04ad087b58aac90,384;768,384;768,image/jpeg,3add15058823173952769e51f79158d4ad82381354032e77dc893b459f187887;f52e17d61327a4d913a48e6319d826b5f8ae62a492ee2b85a99941c2a513196f,true,original object SHA-256=f52e17d61327a4d913a48e6319d826b5f8ae62a492ee2b85a99941c2a513196f equals APK image SHA; legacy filename IDX=0 maps to songlist.idx,confirmed,01a00091-fdc4-7d33-b490-580ccdd51042,01a00091-fdc4-70b7-82c3-03bfc7382b14,covered,confirmed
arcaea:scarletcage:default,scarletcage,168,Scarlet Cage,"{""en"":""Scarlet Cage""}",Daisuke Kurosawa,single,,1594166402,1,default,,,,,,,,assets/songs/dl_scarletcage/1080_base.jpg,d06d676e03d292a43e9814ef0b30ab4f219b58d4969aff8ba9cb7efe99f4208d,2,assets/songs/dl_scarletcage/1080_base.jpg;assets/songs/dl_scarletcage/1080_base_256.jpg,c2b58dcad54203645057a859524789f59cfd5ca13613b610d04ad087b58aac90,384;768,384;768,image/jpeg,17faccb5f9a522033388d799be514ad2dbfd092031fada2cdc29dfc070e69a4f;d06d676e03d292a43e9814ef0b30ab4f219b58d4969aff8ba9cb7efe99f4208d,true,original object SHA-256=d06d676e03d292a43e9814ef0b30ab4f219b58d4969aff8ba9cb7efe99f4208d equals APK image SHA; legacy filename IDX=168 maps to songlist.idx,confirmed,01a00091-feac-7655-8670-cca466d90bff,01a00091-feac-7f78-9ea7-87fe211ef572,covered,confirmed
arcaea:scarletlance:default,scarletlance,109,Scarlet Lance,"{""en"":""Scarlet Lance""}",MASAKI (ZUNTATA),groovecoaster,,1546992003,0,default,,,,,,,,assets/songs/dl_scarletlance/1080_base.jpg,157258b772a1477f3a644a929607d08c784c261557d97b8c94201c48d80a7a44,2,assets/songs/dl_scarletlance/1080_base.jpg;assets/songs/dl_scarletlance/1080_base_256.jpg,c2b58dcad54203645057a859524789f59cfd5ca13613b610d04ad087b58aac90,384;768,384;768,image/jpeg,157258b772a1477f3a644a929607d08c784c261557d97b8c94201c48d80a7a44;c72e75c011cf370df94a61b4b74a604de1ba0024dcc201a28d30e8e24a47c921,true,original object SHA-256=157258b772a1477f3a644a929607d08c784c261557d97b8c94201c48d80a7a44 equals APK image SHA; legacy filename IDX=109 maps to songlist.idx,confirmed,01a00091-ffb8-78f0-b4f9-7c0ec3ee2340,01a00091-ffb8-72f6-93d3-d8a6caf98892,covered,confirmed
arcaea:scarletlunar:default,scarletlunar,474,Scarlet Lunar Empress,"{""en"":""Scarlet Lunar Empress"",""ja"":""朱月ノ姫""}",technoplanet feat. 夕月ティア,anima,,1753315202,0,default,,,,,,,,assets/songs/dl_scarletlunar/1080_base.jpg,6d388f97a8cf2a3c58849566fcecacd847b5ecadd463309f09b2aa461b8574d3,2,assets/songs/dl_scarletlunar/1080_base.jpg;assets/songs/dl_scarletlunar/1080_base_256.jpg,c2b58dcad54203645057a859524789f59cfd5ca13613b610d04ad087b58aac90,384;768,384;768,image/jpeg,04179da305b03861a71e1d8063db52004c834b8f98b545e6899bdd5b378eb1f5;6d388f97a8cf2a3c58849566fcecacd847b5ecadd463309f09b2aa461b8574d3,true,original object SHA-256=6d388f97a8cf2a3c58849566fcecacd847b5ecadd463309f09b2aa461b8574d3 equals APK image SHA; legacy filename IDX=474 maps to songlist.idx,confirmed,01a00090-6ada-73fb-876a-8b978392f29b,01a00090-6ada-7fd4-9976-162930b8834a,covered,confirmed
arcaea:seclusion:default,seclusion,223,Seclusion,"{""en"":""Seclusion""}",Laur feat. Sennzai,observer,,1626825603,1,default,,,,,,,,assets/songs/dl_seclusion/1080_base.jpg,c6ee94b0a73c6b25e214714b268ee6841816dd3293c0d9528992d3b034a76e16,2,assets/songs/dl_seclusion/1080_base.jpg;assets/songs/dl_seclusion/1080_base_256.jpg,c2b58dcad54203645057a859524789f59cfd5ca13613b610d04ad087b58aac90,384;768,384;768,image/jpeg,0950569a31bff3335157b8079a7290e3dd62141c7c007b78d6a073a6e8c62e18;c6ee94b0a73c6b25e214714b268ee6841816dd3293c0d9528992d3b034a76e16,true,original object SHA-256=c6ee94b0a73c6b25e214714b268ee6841816dd3293c0d9528992d3b034a76e16 equals APK image SHA; legacy filename IDX=223 maps to songlist.idx,confirmed,01a00092-00cb-7847-8038-5f8eccc4ce93,01a00092-00cb-73f1-91ac-ee8667ae2938,covered,confirmed
arcaea:seethelights:default,seethelights,473,See the Lights!,"{""en"":""See the Lights!""}",polysha feat. しろさきあや,anima,,1753315201,0,default,,,,,,,,assets/songs/dl_seethelights/1080_base.jpg,d93a23619fb8c5972fdbef6c1de5ee612893d899e021bf08a1b7f514ff260e1b,2,assets/songs/dl_seethelights/1080_base.jpg;assets/songs/dl_seethelights/1080_base_256.jpg,c2b58dcad54203645057a859524789f59cfd5ca13613b610d04ad087b58aac90,384;768,384;768,image/jpeg,82b6c2becab4fed45f5e462a00b923d217aca80b193001404872b0777af608e5;d93a23619fb8c5972fdbef6c1de5ee612893d899e021bf08a1b7f514ff260e1b,true,original object SHA-256=d93a23619fb8c5972fdbef6c1de5ee612893d899e021bf08a1b7f514ff260e1b equals APK image SHA; legacy filename IDX=473 maps to songlist.idx,confirmed,01a00092-01e7-7421-b792-6c7765f06768,01a00092-01e7-7a37-95d4-2fb080de5915,covered,confirmed
arcaea:senkyou:default,senkyou,142,Senkyou,"{""en"":""Senkyou""}",MYTK,base,,1574121600,0,default,,,,,,,,assets/songs/senkyou/1080_base.jpg,36f911157c9fb610e3d17d9c5203f4802b2cb06857a5ba03e4bc88d918fa277a,2,assets/songs/senkyou/1080_base.jpg;assets/songs/senkyou/1080_base_256.jpg,c2b58dcad54203645057a859524789f59cfd5ca13613b610d04ad087b58aac90,384;768,384;768,image/jpeg,36f911157c9fb610e3d17d9c5203f4802b2cb06857a5ba03e4bc88d918fa277a;9f73a3b980e48e1e7c8c9011faff5856f044d9d2b6c058a6d7321135d6424eea,true,original object SHA-256=36f911157c9fb610e3d17d9c5203f4802b2cb06857a5ba03e4bc88d918fa277a equals APK image SHA; legacy filename IDX=142 maps to songlist.idx,confirmed,01a00092-030d-7ddd-bacc-266980ace6c4,01a00092-030e-7987-a3bf-c1300b46406a,covered,confirmed
arcaea:seventhsense:default,seventhsense,196,7thSense,"{""en"":""7thSense""}",削除,maimai,,1610064001,1,default,,,,,,,,assets/songs/dl_seventhsense/base.jpg,360f8cb2503dde02db1ea802b76f02e3850e763524543d04b6832b5bc2769e9b,2,assets/songs/dl_seventhsense/base.jpg;assets/songs/dl_seventhsense/base_256.jpg,c2b58dcad54203645057a859524789f59cfd5ca13613b610d04ad087b58aac90,256;512,256;512,image/jpeg,360f8cb2503dde02db1ea802b76f02e3850e763524543d04b6832b5bc2769e9b;c0afa75f98ac4fc98172d93593c8b63df7d3bace1bdb34bd63455054e11f98fa,true,original object SHA-256=360f8cb2503dde02db1ea802b76f02e3850e763524543d04b6832b5bc2769e9b equals APK image SHA; legacy filename IDX=196 maps to songlist.idx,confirmed,01a00090-3342-7afa-a80c-009223d59680,01a00090-3342-71a4-afe8-cc50edab15a0,covered,confirmed
arcaea:shadesoflight:default,shadesoflight,12,Shades of Light in a Transcendent Realm,"{""en"":""Shades of Light in a Transcendent Realm""}",ak+q,base,,1487980806,0,default,,,,BYD,,,,assets/songs/shadesoflight/1080_base.jpg,72a8952166cec7b4d8b88fc4e692b926909a6814cf2695a77e21448b2080a462,2,assets/songs/shadesoflight/1080_base.jpg;assets/songs/shadesoflight/1080_base_256.jpg,c2b58dcad54203645057a859524789f59cfd5ca13613b610d04ad087b58aac90,384;768,384;768,image/jpeg,583865e9c4393b633aeeb97d87284993857dc1aa15036f0d2b996b60ff21e5c8;72a8952166cec7b4d8b88fc4e692b926909a6814cf2695a77e21448b2080a462,true,original object SHA-256=72a8952166cec7b4d8b88fc4e692b926909a6814cf2695a77e21448b2080a462 equals APK image SHA; legacy filename IDX=12 maps to songlist.idx,confirmed,01a00092-0519-7dc9-bc69-b64f8c7470ed,01a00092-0519-7255-835d-e22dfd8404bf,covered,confirmed
arcaea:shadesoflight:difficulty:BYD,shadesoflight,12,Shades of Light in a Transcendent Realm,"{""en"":""Shades of Light in a Transcendent Realm""}",ak+q,base,,1487980806,0,difficulty-specific,BYD,3,True,BYD,,,,assets/songs/shadesoflight/1080_3.jpg,9f6d414b4d2e915effec449e88a5d557884ad062f4f06c30ff7c7e9e9ea4ab59,2,assets/songs/shadesoflight/1080_3.jpg;assets/songs/shadesoflight/1080_3_256.jpg,c2b58dcad54203645057a859524789f59cfd5ca13613b610d04ad087b58aac90,384;768,384;768,image/jpeg,13b2305aaa005b0bac97a290a64effc46bac9921515cd57a7b97b1ef5427226b;9f6d414b4d2e915effec449e88a5d557884ad062f4f06c30ff7c7e9e9ea4ab59,true,original object SHA-256=9f6d414b4d2e915effec449e88a5d557884ad062f4f06c30ff7c7e9e9ea4ab59 equals APK image SHA; legacy filename IDX=12 maps to songlist.idx,confirmed,01a00092-042a-7a64-97d1-5f0521b640d9,01a00092-042a-7a69-a2a6-4107bd3c13a7,covered,confirmed
arcaea:sheriruth:default,sheriruth,17,Sheriruth,"{""en"":""Sheriruth""}",Team Grimoire,core,,1487980818,1,default,,,,,,,,assets/songs/dl_sheriruth/1080_base.jpg,03358515a63a80bdb89e22524d3e3ddb5d32b9f0f8033914fa3203aa6cf3a27e,2,assets/songs/dl_sheriruth/1080_base.jpg;assets/songs/dl_sheriruth/1080_base_256.jpg,c2b58dcad54203645057a859524789f59cfd5ca13613b610d04ad087b58aac90,384;768,384;768,image/jpeg,03358515a63a80bdb89e22524d3e3ddb5d32b9f0f8033914fa3203aa6cf3a27e;c3327675503ff8050b09bde01e90b5582ba93c285b454681aebcd42f32de55a0,true,original object SHA-256=03358515a63a80bdb89e22524d3e3ddb5d32b9f0f8033914fa3203aa6cf3a27e equals APK image SHA; legacy filename IDX=17 maps to songlist.idx,confirmed,01a00092-06dd-70a3-80d8-aad87e69aeac,01a00092-06dd-7761-b92a-0b7e194ba732,covered,confirmed
arcaea:sheriruthrmx:default,sheriruthrmx,232,Sheriruth (Laur Remix),"{""en"":""Sheriruth (Laur Remix)""}",Laur,single,,1628553605,1,default,,,,,,,,assets/songs/dl_sheriruthrmx/1080_base.jpg,5b4495c5279a62e55371970b9dd71472c8e326c08d89cafc39fcc9d8cbc4c3fe,2,assets/songs/dl_sheriruthrmx/1080_base.jpg;assets/songs/dl_sheriruthrmx/1080_base_256.jpg,c2b58dcad54203645057a859524789f59cfd5ca13613b610d04ad087b58aac90,384;768,384;768,image/jpeg,5b4495c5279a62e55371970b9dd71472c8e326c08d89cafc39fcc9d8cbc4c3fe;e60c8bb2747033071c710e3d2d16228a24d2863561afc19226052445cec9e75c,true,original object SHA-256=5b4495c5279a62e55371970b9dd71472c8e326c08d89cafc39fcc9d8cbc4c3fe equals APK image SHA; legacy filename IDX=232 maps to songlist.idx,confirmed,01a00092-05fe-7e08-8826-cf59ee2680a7,01a00092-05fe-74d3-b42d-3daa8af85a57,covered,confirmed
arcaea:shinchoku:default,shinchoku,452,Shinchoku Doudesuka?,"{""en"":""Shinchoku Doudesuka?"",""ja"":""進捗どうですか?""}",sumijun feat. ななひら,single,,1743033601,0,default,,,,,,,,assets/songs/dl_shinchoku/1080_base.jpg,89ceed5a24759300a355cc37978aae51536ca4c638665dea6bf6e45b019eb70a,2,assets/songs/dl_shinchoku/1080_base.jpg;assets/songs/dl_shinchoku/1080_base_256.jpg,c2b58dcad54203645057a859524789f59cfd5ca13613b610d04ad087b58aac90,384;768,384;768,image/jpeg,89ceed5a24759300a355cc37978aae51536ca4c638665dea6bf6e45b019eb70a;cccad7fbde7c0abd2eac7bc9c3d9d13238b3286a663bc5117cbf890e9a1ea846,true,original object SHA-256=89ceed5a24759300a355cc37978aae51536ca4c638665dea6bf6e45b019eb70a equals APK image SHA; legacy filename IDX=452 maps to songlist.idx,confirmed,01a00090-478e-797b-a957-4f7ec154f531,01a00090-478e-76a8-9aef-964104a18117,covered,confirmed
arcaea:shinoukyoseki:default,shinoukyoseki,520,The Forgotten Forest Haven,"{""en"":""The Forgotten Forest Haven"",""ja"":""森奥虚跡""}",ShiBa,extend_4,,1771459201,0,default,,,,,,,,assets/songs/dl_shinoukyoseki/1080_base.jpg,81693024fb152e583f82e72b3cd6a65decc18064ac6872fac2a396c93087cb15,2,assets/songs/dl_shinoukyoseki/1080_base.jpg;assets/songs/dl_shinoukyoseki/1080_base_256.jpg,c2b58dcad54203645057a859524789f59cfd5ca13613b610d04ad087b58aac90,384;768,384;768,image/jpeg,1766df35efb2dee063e340d585e039f0dbc8e98b2c6ca7b8dc46223d403f6d6c;81693024fb152e583f82e72b3cd6a65decc18064ac6872fac2a396c93087cb15,true,original object SHA-256=81693024fb152e583f82e72b3cd6a65decc18064ac6872fac2a396c93087cb15 equals APK image SHA; legacy filename IDX=520 maps to songlist.idx,confirmed,01a00090-548d-7e45-af45-52e7a12ebb0d,01a00090-548d-7b6a-b2a9-818565ce553e,covered,confirmed
arcaea:shrink:default,shrink,402,shrink,"{""en"":""shrink""}",Shohei Tsuchiya(ZUNTATA),single,,1722297601,0,default,,,,,,,,assets/songs/dl_shrink/1080_base.jpg,cd4be55466def228f2bb04dfd29eabfe894e4e88ab46ad65b69ff0514ff1cfba,2,assets/songs/dl_shrink/1080_base.jpg;assets/songs/dl_shrink/1080_base_256.jpg,c2b58dcad54203645057a859524789f59cfd5ca13613b610d04ad087b58aac90,384;768,384;768,image/jpeg,54a13ae1b64017ef0a283245fbc24eaba203f9941d7ff5a7726e4645a46ff61e;cd4be55466def228f2bb04dfd29eabfe894e4e88ab46ad65b69ff0514ff1cfba,true,original object SHA-256=cd4be55466def228f2bb04dfd29eabfe894e4e88ab46ad65b69ff0514ff1cfba equals APK image SHA; legacy filename IDX=402 maps to songlist.idx,confirmed,01a00092-07ea-75e2-a60c-64e9d785c9bd,01a00092-07ea-7fc1-9b3d-ec63f959f86d,covered,confirmed
arcaea:signal:default,signal,518,Signal,"{""en"":""Signal""}",rejection feat. Such,megarex,,1769644805,1,default,,,,,,,,assets/songs/dl_signal/1080_base.jpg,91346c38fb3712b5a251c520b5692ef2f51ee9148d55c0fac8a703218291502d,2,assets/songs/dl_signal/1080_base.jpg;assets/songs/dl_signal/1080_base_256.jpg,c2b58dcad54203645057a859524789f59cfd5ca13613b610d04ad087b58aac90,384;768,384;768,image/jpeg,6ed4c2b6f7a36cbc122a69131be38e914abd457bfc8b4036665cdc921786fa1c;91346c38fb3712b5a251c520b5692ef2f51ee9148d55c0fac8a703218291502d,true,original object SHA-256=91346c38fb3712b5a251c520b5692ef2f51ee9148d55c0fac8a703218291502d equals APK image SHA; legacy filename IDX=518 maps to songlist.idx,confirmed,01a00092-09e3-70ad-8962-19a6dca66556,01a00092-09e3-7332-ba01-9dbb48bf1709,covered,confirmed
arcaea:signof:default,signof,396,"Sign of ""10.5km""","{""en"":""Sign of \""10.5km\""""}",渡部恭久,groovecoaster_append_1,,1719446401,0,default,,,,,,,,assets/songs/dl_signof/base.jpg,297a477d5b66b3ba272f6d8dd1da6a53f97708003554282f8c4913b03629202e,2,assets/songs/dl_signof/base.jpg;assets/songs/dl_signof/base_256.jpg,c2b58dcad54203645057a859524789f59cfd5ca13613b610d04ad087b58aac90,256;512,256;512,image/jpeg,16b9c95f10d87da33fc54a843e0eb5c32096eb27e8cd77c568865cb01340d541;297a477d5b66b3ba272f6d8dd1da6a53f97708003554282f8c4913b03629202e,true,original object SHA-256=297a477d5b66b3ba272f6d8dd1da6a53f97708003554282f8c4913b03629202e equals APK image SHA; legacy filename IDX=396 maps to songlist.idx,confirmed,01a00092-08eb-7114-8066-632326bc1a32,01a00092-08eb-7233-950e-dfef88370b61,covered,confirmed
arcaea:silentrush:default,silentrush,69,Silent Rush,"{""en"":""Silent Rush""}",Soleily,nijuusei,,1521763201,1,default,,,,,,,,assets/songs/dl_silentrush/1080_base.jpg,e4fa0a740e410b9131797872ce5132b73616ac7ed7adf5a9cfe7c5b32e819e53,2,assets/songs/dl_silentrush/1080_base.jpg;assets/songs/dl_silentrush/1080_base_256.jpg,c2b58dcad54203645057a859524789f59cfd5ca13613b610d04ad087b58aac90,384;768,384;768,image/jpeg,936e21d6b46a6b227ebd9bca918c8dff4e11e457dbcbb8f988a7d6262b32953a;e4fa0a740e410b9131797872ce5132b73616ac7ed7adf5a9cfe7c5b32e819e53,true,original object SHA-256=e4fa0a740e410b9131797872ce5132b73616ac7ed7adf5a9cfe7c5b32e819e53 equals APK image SHA; legacy filename IDX=69 maps to songlist.idx,confirmed,01a00092-0aba-7f48-9a02-4fa1874b483d,01a00092-0aba-7a06-b090-71c937a044db,covered,confirmed
arcaea:singularity:default,singularity,70,Singularity,"{""en"":""Singularity""}",ETIA.,nijuusei,,1521763204,1,default,,,,BYD,,,,assets/songs/dl_singularity/1080_base.jpg,90116844e15c80e244d231ee2250e0d3ca839a65de590b59045d464ca381e58e,2,assets/songs/dl_singularity/1080_base.jpg;assets/songs/dl_singularity/1080_base_256.jpg,c2b58dcad54203645057a859524789f59cfd5ca13613b610d04ad087b58aac90,384;768,384;768,image/jpeg,90116844e15c80e244d231ee2250e0d3ca839a65de590b59045d464ca381e58e;eccfe893e714ef955c5b7134ea1298885e7f934da951fec164d055290ced4c02,true,original object SHA-256=90116844e15c80e244d231ee2250e0d3ca839a65de590b59045d464ca381e58e equals APK image SHA; legacy filename IDX=70 maps to songlist.idx,confirmed,01a00092-0df9-7ce1-bde6-229ebeb885ff,01a00092-0df9-7ef7-a503-133173ac63cc,covered,confirmed
arcaea:singularity:difficulty:BYD,singularity,70,Singularity,"{""en"":""Singularity""}",ETIA.,nijuusei,,1521763204,1,difficulty-specific,BYD,3,True,BYD,,"{""en"":""Singularity VVVIP""}",True,assets/songs/dl_singularity/1080_3.jpg,a230d3e62298ac32292d8b11411108ba2193d1da286c8eb009395b78fa325b7f,2,assets/songs/dl_singularity/1080_3.jpg;assets/songs/dl_singularity/1080_3_256.jpg,c2b58dcad54203645057a859524789f59cfd5ca13613b610d04ad087b58aac90,384;768,384;768,image/jpeg,8dec943df64080b4ff3b4da952cf256760cac19fbcec06febc83cf1bc063c50f;a230d3e62298ac32292d8b11411108ba2193d1da286c8eb009395b78fa325b7f,true,More than one Catalog Resource row points to this APK semantic slot,medium,01a00092-0bec-756a-a925-b2a00ece2b36;01a00092-0cf2-70b6-80ec-d1906cbf2388,01a00092-0bec-7c01-85d3-a894468024b5;01a00092-0cf2-7655-901b-0d69ed64a5f5,multiple-catalog-matches,ambiguous
arcaea:smallcloud:default,smallcloud,224,Small Cloud Sugar Candy,"{""en"":""Small Cloud Sugar Candy""}",テヅカ x Aoi feat.桃雛なの,observer_append_2,,1626825600,0,default,,,,BYD,,,,assets/songs/dl_smallcloud/1080_base.jpg,b057db407077f20cde9de824dd21fff7178c87a6f5218306079cb00ca2acfcb8,2,assets/songs/dl_smallcloud/1080_base.jpg;assets/songs/dl_smallcloud/1080_base_256.jpg,c2b58dcad54203645057a859524789f59cfd5ca13613b610d04ad087b58aac90,384;768,384;768,image/jpeg,b057db407077f20cde9de824dd21fff7178c87a6f5218306079cb00ca2acfcb8;f4c4013a92c32a2175b288fc1afba63027cf2a6b685a274e560a87ded2f4f289,true,original object SHA-256=b057db407077f20cde9de824dd21fff7178c87a6f5218306079cb00ca2acfcb8 equals APK image SHA; legacy filename IDX=224 maps to songlist.idx,confirmed,01a00092-100c-7c9b-8225-0efbad8cf34f,01a00092-100c-75ce-921a-9f2754be3476,covered,confirmed
arcaea:smallcloud:difficulty:BYD,smallcloud,224,Small Cloud Sugar Candy,"{""en"":""Small Cloud Sugar Candy""}",テヅカ x Aoi feat.桃雛なの,observer_append_2,,1626825600,0,difficulty-specific,BYD,3,True,BYD,,,,assets/songs/dl_smallcloud/1080_3.jpg,bb702c72ee03855a2f2f891c485578c8085264514821ca841b1bf63a805524f3,2,assets/songs/dl_smallcloud/1080_3.jpg;assets/songs/dl_smallcloud/1080_3_256.jpg,c2b58dcad54203645057a859524789f59cfd5ca13613b610d04ad087b58aac90,384;768,384;768,image/jpeg,518142bcf2dab1afa5365defa6a2f4cf08e0f8a65eb587c9e398589d0dcfed5f;bb702c72ee03855a2f2f891c485578c8085264514821ca841b1bf63a805524f3,true,original object SHA-256=bb702c72ee03855a2f2f891c485578c8085264514821ca841b1bf63a805524f3 equals APK image SHA; legacy filename IDX=224 maps to songlist.idx,confirmed,01a00092-0f01-7073-ac1c-1ed1e9ab1b51,01a00092-0f01-7821-9d2f-09415195e904,covered,confirmed
arcaea:snowwhite:default,snowwhite,10,Snow White,"{""en"":""Snow White""}",Puru,base,,1487980805,0,default,,,,,,,,assets/songs/snowwhite/base.jpg,8e08d6cf4d00ee62d658952c6e769f48258a7dda0d8f3e8b121bb7d355aa35e0,2,assets/songs/snowwhite/base.jpg;assets/songs/snowwhite/base_256.jpg,c2b58dcad54203645057a859524789f59cfd5ca13613b610d04ad087b58aac90,256;500,256;500,image/jpeg,8e08d6cf4d00ee62d658952c6e769f48258a7dda0d8f3e8b121bb7d355aa35e0;a869e77da256053320b71f821469430051ef081d192ecf0994dd0f94d3273c2e,true,original object SHA-256=8e08d6cf4d00ee62d658952c6e769f48258a7dda0d8f3e8b121bb7d355aa35e0 equals APK image SHA; legacy filename IDX=10 maps to songlist.idx,confirmed,01a00092-110a-7e85-ad77-1ebe40378c4e,01a00092-110a-707b-8966-822f204fbe51,covered,confirmed
arcaea:solitarydream:default,solitarydream,112,Solitary Dream,"{""en"":""Solitary Dream"",""ja"":""虚空の夢""}",ak+q feat. Sennzai,core,,1552089600,0,default,,,,,,,,assets/songs/dl_solitarydream/1080_base.jpg,626b63b4fb6e896ff6363bcb5d65e7642542de0518ad5e29b3492eeb8972e71f,2,assets/songs/dl_solitarydream/1080_base.jpg;assets/songs/dl_solitarydream/1080_base_256.jpg,c2b58dcad54203645057a859524789f59cfd5ca13613b610d04ad087b58aac90,384;768,384;768,image/jpeg,626b63b4fb6e896ff6363bcb5d65e7642542de0518ad5e29b3492eeb8972e71f;9cf58b539f4d6a8b53b8e07ea5f05cd8057eda9cab8f8896a3570a9d16dace9e,true,original object SHA-256=626b63b4fb6e896ff6363bcb5d65e7642542de0518ad5e29b3492eeb8972e71f equals APK image SHA; legacy filename IDX=112 maps to songlist.idx,confirmed,01a00090-5e20-7e46-b45e-3091b2b5f15e,01a00090-5e21-7127-8151-12eb1b6feb75,covered,confirmed
arcaea:solitarydream:special:ja,solitarydream,112,Solitary Dream,"{""en"":""Solitary Dream"",""ja"":""虚空の夢""}",ak+q feat. Sennzai,core,,1552089600,0,night/special,,,,,,,,assets/songs/dl_solitarydream/1080_base_ja.jpg,a87093565470931cd280b822a8ce3a89d8a2de16c5c7867c161baa4bea9f6428,2,assets/songs/dl_solitarydream/1080_base_ja.jpg;assets/songs/dl_solitarydream/1080_base_ja_256.jpg,c2b58dcad54203645057a859524789f59cfd5ca13613b610d04ad087b58aac90,384;768,384;768,image/jpeg,a87093565470931cd280b822a8ce3a89d8a2de16c5c7867c161baa4bea9f6428;b3f180559bb10413c0ef4a4886fb16b2741ee9f7a7e8d0a5bd8e6c073051f5dd,true,original object SHA-256=a87093565470931cd280b822a8ce3a89d8a2de16c5c7867c161baa4bea9f6428 equals APK image SHA; legacy filename IDX=112 maps to songlist.idx,confirmed,01a00090-5cfe-7c2c-a18d-3bc545e7afc5,01a00090-5cfe-7542-9ca9-e4d98aa4f1bd,covered,confirmed
arcaea:someday:default,someday,465,Someday,"{""en"":""Someday""}",NieN,extend_3,,1750896001,0,default,,,,,,,,assets/songs/dl_someday/1080_base.jpg,e06cb4566a44a7ba9dc7388ae5370f7a7864c55aa6af8b89f85acd2b62e120d6,2,assets/songs/dl_someday/1080_base.jpg;assets/songs/dl_someday/1080_base_256.jpg,c2b58dcad54203645057a859524789f59cfd5ca13613b610d04ad087b58aac90,384;768,384;768,image/jpeg,5e3ce6bc7a29adb21a3b9d39a1f1c4da6fd2ca7ef77db57b568110d6fab56230;e06cb4566a44a7ba9dc7388ae5370f7a7864c55aa6af8b89f85acd2b62e120d6,true,original object SHA-256=e06cb4566a44a7ba9dc7388ae5370f7a7864c55aa6af8b89f85acd2b62e120d6 equals APK image SHA; legacy filename IDX=465 maps to songlist.idx,confirmed,01a00092-11b7-7d0d-bf62-2f9ed53fa4f3,01a00092-11b7-7af0-a739-86fed2bd187d,covered,confirmed
arcaea:soundwitch:default,soundwitch,51,SOUNDWiTCH,"{""en"":""SOUNDWiTCH""}",HATE,yugamu,,1509667204,1,default,,,,,,,,assets/songs/dl_soundwitch/1080_base.jpg,f0309dfd56810576800331178147ee47b20118c33e9c0401882e56b50fd5f449,2,assets/songs/dl_soundwitch/1080_base.jpg;assets/songs/dl_soundwitch/1080_base_256.jpg,c2b58dcad54203645057a859524789f59cfd5ca13613b610d04ad087b58aac90,384;768,384;768,image/jpeg,f0309dfd56810576800331178147ee47b20118c33e9c0401882e56b50fd5f449;fd318d7d437564533f4639eb2bb1a2ab7f25e4ea9ed04480109d43df08dd0191,true,original object SHA-256=f0309dfd56810576800331178147ee47b20118c33e9c0401882e56b50fd5f449 equals APK image SHA; legacy filename IDX=51 maps to songlist.idx,confirmed,01a00092-1293-71ef-bb7a-3aaa51a1cfe5,01a00092-1293-77b9-be77-b7d73816acc1,covered,confirmed
arcaea:spearofjustice:default,spearofjustice,528,Spear of Justice,"{""en"":""Spear of Justice"",""ja"":""正義の槍""}",Toby Fox,undertale_append_1,,1777507201,0,default,,,,,,,,assets/songs/dl_spearofjustice/1080_base.jpg,b348ded63bb376e5e0d1c39c8aebf743a51e5deaa1b7dd843d551a080e1c49fd,2,assets/songs/dl_spearofjustice/1080_base.jpg;assets/songs/dl_spearofjustice/1080_base_256.jpg,c2b58dcad54203645057a859524789f59cfd5ca13613b610d04ad087b58aac90,384;768,384;768,image/jpeg,5ebf9d9071e49e774dc2a719e68c9d3accc2ab4fc6b8f56f829c450971bd3e09;b348ded63bb376e5e0d1c39c8aebf743a51e5deaa1b7dd843d551a080e1c49fd,true,More than one Catalog Resource row points to this APK semantic slot,medium,01a00090-68b3-7ebe-810c-b448a3ed8900;01a00090-6930-7a89-9152-0a4945385143,01a00090-68b3-75ce-b400-e5453b0a16b8;01a00090-6930-708b-b3c4-900bbfdace94,multiple-catalog-matches,ambiguous
arcaea:specta:default,specta,65,Specta,"{""en"":""Specta""}",Junk,lanota,,1517443202,0,default,,,,,,,,assets/songs/dl_specta/1080_base.jpg,ecead79bebb47aa709677ec10f81d2e3ad064041d0c466ea3766a06ef2a70d1e,2,assets/songs/dl_specta/1080_base.jpg;assets/songs/dl_specta/1080_base_256.jpg,c2b58dcad54203645057a859524789f59cfd5ca13613b610d04ad087b58aac90,384;768,384;768,image/jpeg,c3264412eaddab5cb16c9fe0f2908f5efb09c18300561dd41c5d0172d5173c82;ecead79bebb47aa709677ec10f81d2e3ad064041d0c466ea3766a06ef2a70d1e,true,original object SHA-256=ecead79bebb47aa709677ec10f81d2e3ad064041d0c466ea3766a06ef2a70d1e equals APK image SHA; legacy filename IDX=65 maps to songlist.idx,confirmed,01a00092-139e-7143-b5fb-f1c0941a3b56,01a00092-139e-78d3-b08b-666aa7e17b2f,covered,confirmed
arcaea:spiderdance:default,spiderdance,527,Spider Dance,"{""en"":""Spider Dance"",""ja"":""スパイダーダンス""}",Toby Fox,undertale_append_1,,1777507200,0,default,,,,,,,,assets/songs/dl_spiderdance/1080_base.jpg,a144fe0be0355c7da4a7b5da48805fd5b8e8f23264151686d0346953a9e5ec2d,2,assets/songs/dl_spiderdance/1080_base.jpg;assets/songs/dl_spiderdance/1080_base_256.jpg,c2b58dcad54203645057a859524789f59cfd5ca13613b610d04ad087b58aac90,384;768,384;768,image/jpeg,75b620a0d04dccfaf5cad10e0e7c76dab20da3d250e5cbabaf62fab2b6f04868;a144fe0be0355c7da4a7b5da48805fd5b8e8f23264151686d0346953a9e5ec2d,true,More than one Catalog Resource row points to this APK semantic slot,medium,01a00092-79c3-705b-9800-fbcd03699e36;01a00092-7a41-7f43-9096-fce409e69d45,01a00092-79c3-7858-94da-8875ce9597ee;01a00092-7a41-703d-b9b4-fb80ea612392,multiple-catalog-matches,ambiguous
arcaea:spidersthread:default,spidersthread,313,Spider's Thread,"{""en"":""Spider's Thread"",""ja"":""蜘蛛の糸""}",きくお×cosMo＠暴走P feat.影縫英,chunithm_append_2,,1679529604,1,default,,,,,,,,assets/songs/dl_spidersthread/1080_base.jpg,0d7d41b0b047c93dc011e260b97d75da6992281c1052a38d696fcabe95a20c71,2,assets/songs/dl_spidersthread/1080_base.jpg;assets/songs/dl_spidersthread/1080_base_256.jpg,c2b58dcad54203645057a859524789f59cfd5ca13613b610d04ad087b58aac90,384;768,384;768,image/jpeg,0d7d41b0b047c93dc011e260b97d75da6992281c1052a38d696fcabe95a20c71;4f10c757230b486e9e06fc78bcc0095ead72451b885706ba25ee6a9007ede8e1,true,original object SHA-256=0d7d41b0b047c93dc011e260b97d75da6992281c1052a38d696fcabe95a20c71 equals APK image SHA; legacy filename IDX=313 maps to songlist.idx,confirmed,01a00090-69d2-7ea3-8a75-9e9e1ffbc254,01a00090-69d2-7dd0-9450-63c828cc3913,covered,confirmed
arcaea:spiritdauntless:default,spiritdauntless,421,Spirit of the Dauntless,"{""en"":""Spirit of the Dauntless""}",KO3 & Relect,single,,1729728003,1,default,,,,,,,,assets/songs/dl_spiritdauntless/1080_base.jpg,9d679cacb3b5e28849fe898201c5be321f6779a32cf09cac4a72367ffdb7e5b5,2,assets/songs/dl_spiritdauntless/1080_base.jpg;assets/songs/dl_spiritdauntless/1080_base_256.jpg,c2b58dcad54203645057a859524789f59cfd5ca13613b610d04ad087b58aac90,384;768,384;768,image/jpeg,9d679cacb3b5e28849fe898201c5be321f6779a32cf09cac4a72367ffdb7e5b5;a3d84d11744a305de3c83d0aa39e94ddbe9a6adbbc4d0994d8474daeba3cc257,true,original object SHA-256=9d679cacb3b5e28849fe898201c5be321f6779a32cf09cac4a72367ffdb7e5b5 equals APK image SHA; legacy filename IDX=421 maps to songlist.idx,confirmed,01a00092-149f-7ac5-a0d1-4b44640b4cc2,01a00092-14a0-7956-a282-da30e9cbe2eb,covered,confirmed
arcaea:stager:default,stager,97,STAGER (ALL STAGE CLEAR),"{""en"":""STAGER (ALL STAGE CLEAR)""}",Ras,tonesphere,,1538870402,0,default,,,,PRS;PST,,,,assets/songs/dl_stager/base.jpg,952d16b9d38d7836966e0f25002b62b8eaa34237cfa738cd0cb682613c5156e8,2,assets/songs/dl_stager/base.jpg;assets/songs/dl_stager/base_256.jpg,c2b58dcad54203645057a859524789f59cfd5ca13613b610d04ad087b58aac90,256;512,256;512,image/jpeg,1bf8950c422b0af3c69b004f67f75e3518a897168a29308a5736b2eadcfc774f;952d16b9d38d7836966e0f25002b62b8eaa34237cfa738cd0cb682613c5156e8,true,original object SHA-256=952d16b9d38d7836966e0f25002b62b8eaa34237cfa738cd0cb682613c5156e8 equals APK image SHA; legacy filename IDX=97 maps to songlist.idx,confirmed,01a00092-1772-7317-a1c6-3754a249f470,01a00092-1772-75db-8225-230da0b95c5c,covered,confirmed
arcaea:stager:difficulty:PRS,stager,97,STAGER (ALL STAGE CLEAR),"{""en"":""STAGER (ALL STAGE CLEAR)""}",Ras,tonesphere,,1538870402,0,difficulty-specific,PRS,1,True,PRS;PST,,,,assets/songs/dl_stager/1.jpg,d2936858635b1c46d02cd84e6f7d77ea2d2a518442d09460d367ee28c444c2f5,2,assets/songs/dl_stager/1.jpg;assets/songs/dl_stager/1_256.jpg,c2b58dcad54203645057a859524789f59cfd5ca13613b610d04ad087b58aac90,256;512,256;512,image/jpeg,d2936858635b1c46d02cd84e6f7d77ea2d2a518442d09460d367ee28c444c2f5;d71fb328a992ca0f8fc80f92faaee1ca20ed6c763d877c503aad2df9f9a4d63a,true,original object SHA-256=d2936858635b1c46d02cd84e6f7d77ea2d2a518442d09460d367ee28c444c2f5 equals APK image SHA; legacy filename IDX=97 maps to songlist.idx,confirmed,01a00092-16ad-7d1a-8b0a-a247ee5bcb07,01a00092-16ad-7bcc-9771-b7d467555a33,covered,confirmed
arcaea:stager:difficulty:PST,stager,97,STAGER (ALL STAGE CLEAR),"{""en"":""STAGER (ALL STAGE CLEAR)""}",Ras,tonesphere,,1538870402,0,difficulty-specific,PST,0,True,PRS;PST,,,,assets/songs/dl_stager/0.jpg,1cd192de4f6c2c789f6e8a366a8c6d2622fad1b9585b4ac11acc2379344c031c,2,assets/songs/dl_stager/0.jpg;assets/songs/dl_stager/0_256.jpg,c2b58dcad54203645057a859524789f59cfd5ca13613b610d04ad087b58aac90,256;512,256;512,image/jpeg,18e50ec7dae60a5b4be82f1f30adfafabc0b0a7d24f16c56d27b3e6bd69c4f96;1cd192de4f6c2c789f6e8a366a8c6d2622fad1b9585b4ac11acc2379344c031c,true,original object SHA-256=1cd192de4f6c2c789f6e8a366a8c6d2622fad1b9585b4ac11acc2379344c031c equals APK image SHA; legacy filename IDX=97 maps to songlist.idx,confirmed,01a00092-15c9-7fa6-ada4-ff5b3540ee4f,01a00092-15c9-77d9-a74a-b6b8bd818e0e,covered,confirmed
arcaea:stargateextreme:default,stargateextreme,395,STARGATE EXTREME,"{""en"":""STARGATE EXTREME""}",KARUT,single,,1719446400,1,default,,,,,,,,assets/songs/dl_stargateextreme/1080_base.jpg,330f002fde1afa0fa7cefce1550b26583317203929380a88a9ec14e6939abea8,2,assets/songs/dl_stargateextreme/1080_base.jpg;assets/songs/dl_stargateextreme/1080_base_256.jpg,c2b58dcad54203645057a859524789f59cfd5ca13613b610d04ad087b58aac90,384;768,384;768,image/jpeg,330f002fde1afa0fa7cefce1550b26583317203929380a88a9ec14e6939abea8;e330a58460a832ec01209c45dced8c09fcd8c70a0977867219ccb521d4aefc4c,true,original object SHA-256=330f002fde1afa0fa7cefce1550b26583317203929380a88a9ec14e6939abea8 equals APK image SHA; legacy filename IDX=395 maps to songlist.idx,confirmed,01a00092-183b-7af7-9a06-1e4fcf3e43f2,01a00092-183b-795b-999f-37ea3f278605,covered,confirmed
arcaea:stasis:default,stasis,266,Stasis,"{""en"":""Stasis""}",Maozon,lanota_append_1,,1651104002,0,default,,,,PRS;PST,,,,assets/songs/dl_stasis/1080_base.jpg,49c2a13e8f621b563857c66fe27bd7487bc68a73760fb287545d39b724de3aae,2,assets/songs/dl_stasis/1080_base.jpg;assets/songs/dl_stasis/1080_base_256.jpg,c2b58dcad54203645057a859524789f59cfd5ca13613b610d04ad087b58aac90,384;768,384;768,image/jpeg,233016919409737c37316552bad0163489a384c03bfa9bd13aa3a10eaee5264f;49c2a13e8f621b563857c66fe27bd7487bc68a73760fb287545d39b724de3aae,true,original object SHA-256=49c2a13e8f621b563857c66fe27bd7487bc68a73760fb287545d39b724de3aae equals APK image SHA; legacy filename IDX=266 maps to songlist.idx,confirmed,01a00092-1b78-7479-b1b9-60d3492c31be,01a00092-1b78-7baf-bd1c-e5a1504a1d09,covered,confirmed
arcaea:stasis:difficulty:PRS,stasis,266,Stasis,"{""en"":""Stasis""}",Maozon,lanota_append_1,,1651104002,0,difficulty-specific,PRS,1,True,PRS;PST,,,,assets/songs/dl_stasis/1080_1.jpg,7800d7ba8e4ce84df292b4147bcd98f4638d5c7146cbad7f4f6bec9f9a43ef6e,2,assets/songs/dl_stasis/1080_1.jpg;assets/songs/dl_stasis/1080_1_256.jpg,c2b58dcad54203645057a859524789f59cfd5ca13613b610d04ad087b58aac90,384;768,384;768,image/jpeg,7800d7ba8e4ce84df292b4147bcd98f4638d5c7146cbad7f4f6bec9f9a43ef6e;c76df7875442a10534fcad424d011e168b9b338241e20c3013f878ec88a91d1c,true,original object SHA-256=7800d7ba8e4ce84df292b4147bcd98f4638d5c7146cbad7f4f6bec9f9a43ef6e equals APK image SHA; legacy filename IDX=266 maps to songlist.idx,confirmed,01a00092-1a5c-72ab-abd0-caecd78ebf2d,01a00092-1a5c-7b5e-a9f0-7b5cc683ed52,covered,confirmed
arcaea:stasis:difficulty:PST,stasis,266,Stasis,"{""en"":""Stasis""}",Maozon,lanota_append_1,,1651104002,0,difficulty-specific,PST,0,True,PRS;PST,,,,assets/songs/dl_stasis/1080_0.jpg,1dcf9025bf625a56d0eafd00a19a2b0f21eee684ca599e7c0c2c97e7eccf4391,2,assets/songs/dl_stasis/1080_0.jpg;assets/songs/dl_stasis/1080_0_256.jpg,c2b58dcad54203645057a859524789f59cfd5ca13613b610d04ad087b58aac90,384;768,384;768,image/jpeg,1dcf9025bf625a56d0eafd00a19a2b0f21eee684ca599e7c0c2c97e7eccf4391;c535db0884b66c1b867687f8d89c9cccaf8aad1c611d6928d86b844342f89385,true,original object SHA-256=1dcf9025bf625a56d0eafd00a19a2b0f21eee684ca599e7c0c2c97e7eccf4391 equals APK image SHA; legacy filename IDX=266 maps to songlist.idx,confirmed,01a00092-1941-7249-aafa-0646f36be54c,01a00092-1941-73f8-bce3-d32d5dbe6cc1,covered,confirmed
arcaea:straightintolights:default,straightintolights,440,Straight into the lights,"{""en"":""Straight into the lights""}",Cosmograph,maimai_append_2,,1737417601,1,default,,,,,,,,assets/songs/dl_straightintolights/1080_base.jpg,16ba879a0d32dc94a9dc798565f61817b9f047f7c53c80c429673f913dcbdd6c,2,assets/songs/dl_straightintolights/1080_base.jpg;assets/songs/dl_straightintolights/1080_base_256.jpg,c2b58dcad54203645057a859524789f59cfd5ca13613b610d04ad087b58aac90,384;768,384;768,image/jpeg,16ba879a0d32dc94a9dc798565f61817b9f047f7c53c80c429673f913dcbdd6c;fdf8d8479a1cb8241d4d9210a50b9e2047ae30d0b09eab2fc9f7baf47c4b1e8f,true,original object SHA-256=16ba879a0d32dc94a9dc798565f61817b9f047f7c53c80c429673f913dcbdd6c equals APK image SHA; legacy filename IDX=440 maps to songlist.idx,confirmed,01a00092-1c9b-7365-8450-4020d363f643,01a00092-1c9b-7edc-8a2a-f5e88ed12686,covered,confirmed
arcaea:stratoliner:default,stratoliner,357,Stratoliner,"{""en"":""Stratoliner""}",C-Show,wacca_append_1,,1701302400,1,default,,,,,,,,assets/songs/dl_stratoliner/1080_base.jpg,d13caef49812851a5d5458c40414e81f851d2d07fdfaaceb6329c9cc7633fd27,2,assets/songs/dl_stratoliner/1080_base.jpg;assets/songs/dl_stratoliner/1080_base_256.jpg,c2b58dcad54203645057a859524789f59cfd5ca13613b610d04ad087b58aac90,384;768,384;768,image/jpeg,1aa0627e4462505c4b5da39166fcd7341ce57fc3321d6c7d8addac1267cfcb32;d13caef49812851a5d5458c40414e81f851d2d07fdfaaceb6329c9cc7633fd27,true,original object SHA-256=d13caef49812851a5d5458c40414e81f851d2d07fdfaaceb6329c9cc7633fd27 equals APK image SHA; legacy filename IDX=357 maps to songlist.idx,confirmed,01a00092-1db7-77e5-994d-6d653e7e2f5a,01a00092-1db7-7d6a-8cf7-08c1648841d5,covered,confirmed
arcaea:strongholds:default,strongholds,72,Strongholds,"{""en"":""Strongholds""}",Yooh,nijuusei,,1521763202,1,default,,,,,,,,assets/songs/dl_strongholds/1080_base.jpg,e460c7cd4d01cbcb941b617d5622f3836bfb3f653b4529da58d7f993a59e6a65,2,assets/songs/dl_strongholds/1080_base.jpg;assets/songs/dl_strongholds/1080_base_256.jpg,c2b58dcad54203645057a859524789f59cfd5ca13613b610d04ad087b58aac90,384;768,384;768,image/jpeg,0246ca537f56f6ce6ef79c541beaec065d0692b340e07684cfee91682b5bff46;e460c7cd4d01cbcb941b617d5622f3836bfb3f653b4529da58d7f993a59e6a65,true,original object SHA-256=e460c7cd4d01cbcb941b617d5622f3836bfb3f653b4529da58d7f993a59e6a65 equals APK image SHA; legacy filename IDX=72 maps to songlist.idx,confirmed,01a00092-1ea3-74b8-9f1a-283572c95136,01a00092-1ea3-7a12-9fe6-c8102cbf3197,covered,confirmed
arcaea:subsphere:default,subsphere,511,Subsphere in Eclosion,"{""en"":""Subsphere in Eclosion"",""ja"":""羽化する亜球体""}",窓辺リカ,single,,1767139200,0,default,,,,,,,,assets/songs/dl_subsphere/1080_base.jpg,b144414f5fdb481624a3af1b8c28e611f6cb4763fd812fb34354f6f850701661,2,assets/songs/dl_subsphere/1080_base.jpg;assets/songs/dl_subsphere/1080_base_256.jpg,c2b58dcad54203645057a859524789f59cfd5ca13613b610d04ad087b58aac90,384;768,384;768,image/jpeg,b144414f5fdb481624a3af1b8c28e611f6cb4763fd812fb34354f6f850701661;be20554bbae72123d75455ef34a17fac2b5dc7224b9391d043e60f6791d2fd09,true,original object SHA-256=b144414f5fdb481624a3af1b8c28e611f6cb4763fd812fb34354f6f850701661 equals APK image SHA; legacy filename IDX=511 maps to songlist.idx,confirmed,01a00090-6550-797a-a164-19b91f3d09a0,01a00090-6550-77fd-a5d7-c3da75043d56,covered,confirmed
arcaea:sucromania:default,sucromania,536,Sucromania,"{""en"":""Sucromania"",""ja"":""ザラメノキワミ""}",STEAKA,single,,1782345600,1,default,,,,,,,,assets/songs/dl_sucromania/1080_base.jpg,a50ee7844cc7d981fd9a4819df411ca451d6ebcf74d2287e86432928dea4c988,2,assets/songs/dl_sucromania/1080_base.jpg;assets/songs/dl_sucromania/1080_base_256.jpg,c2b58dcad54203645057a859524789f59cfd5ca13613b610d04ad087b58aac90,384;768,384;768,image/jpeg,a45c6465202cff983e2ddaf6870c6cca8f110456323d3e59c68727130d9f2a7a;a50ee7844cc7d981fd9a4819df411ca451d6ebcf74d2287e86432928dea4c988,true,Current song-linked semantic slot has no Catalog Resource match,unknown,,,missing-from-catalog,unmatched
arcaea:sulfur:default,sulfur,84,Sulfur,"{""en"":""Sulfur""}",ぺのれり,rei,,1531699205,0,default,,,,,,,,assets/songs/dl_sulfur/1080_base.jpg,e85777d5cd590e005ada841ec37a805e042dc8a613267bf5b27c68f00657efa9,2,assets/songs/dl_sulfur/1080_base.jpg;assets/songs/dl_sulfur/1080_base_256.jpg,c2b58dcad54203645057a859524789f59cfd5ca13613b610d04ad087b58aac90,384;768,384;768,image/jpeg,922cf5c483f2eda725fb0d1d658ff2aea0af8410851cd5f1afde1442c9da5a5c;e85777d5cd590e005ada841ec37a805e042dc8a613267bf5b27c68f00657efa9,true,original object SHA-256=e85777d5cd590e005ada841ec37a805e042dc8a613267bf5b27c68f00657efa9 equals APK image SHA; legacy filename IDX=84 maps to songlist.idx,confirmed,01a00092-1f9f-77d8-90d7-b52109219d13,01a00092-1f9f-73d7-a32c-3e99118fcc76,covered,confirmed
arcaea:summerfireworks:default,summerfireworks,243,Summer Fireworks of Love,"{""en"":""Summer Fireworks of Love"",""ja"":""彩る夏の恋花火""}",karatoPαnchii feat.はるの,single,,1636588803,0,default,,,,,,,,assets/songs/dl_summerfireworks/1080_base.jpg,95ecc6c7acb92d70f3baf86a4826c4a7b7f280897c881739dac63a88c23b0e57,2,assets/songs/dl_summerfireworks/1080_base.jpg;assets/songs/dl_summerfireworks/1080_base_256.jpg,c2b58dcad54203645057a859524789f59cfd5ca13613b610d04ad087b58aac90,384;768,384;768,image/jpeg,5a3fc7162f85f2570912cf5a5935746515fba67e387bc95bd179e2ce03445313;95ecc6c7acb92d70f3baf86a4826c4a7b7f280897c881739dac63a88c23b0e57,true,original object SHA-256=95ecc6c7acb92d70f3baf86a4826c4a7b7f280897c881739dac63a88c23b0e57 equals APK image SHA; legacy filename IDX=243 maps to songlist.idx,confirmed,01a00090-3bda-74ad-b557-3f75aaf68cd8,01a00090-3bdb-7c69-a5e3-554bb06580f2,covered,confirmed
arcaea:suomi:default,suomi,88,Suomi,"{""en"":""Suomi""}",Aire,base,,1531699200,0,default,,,,,,,,assets/songs/dl_suomi/1080_base.jpg,440a47dd105361261de42525e2926ac36b3d391752634566cab7585f68161b35,2,assets/songs/dl_suomi/1080_base.jpg;assets/songs/dl_suomi/1080_base_256.jpg,c2b58dcad54203645057a859524789f59cfd5ca13613b610d04ad087b58aac90,384;768,384;768,image/jpeg,440a47dd105361261de42525e2926ac36b3d391752634566cab7585f68161b35;6558c5da23da4790aff0796d6225b5691ce7fba0226b8a947d25a755c79dabfd,true,original object SHA-256=440a47dd105361261de42525e2926ac36b3d391752634566cab7585f68161b35 equals APK image SHA; legacy filename IDX=88 maps to songlist.idx,confirmed,01a00092-2098-78ff-8234-05f3ba377fd9,01a00092-2098-7bac-ae1f-30d2be869f67,covered,confirmed
arcaea:superambulance:default,superambulance,425,SUPER AMBULANCE,"{""en"":""SUPER AMBULANCE""}",AJURIKA,ongeki_append_2,,1732147202,0,default,,,,,,,,assets/songs/dl_superambulance/base.jpg,3b9268c76677c73e5977fdf7767ab535cfa212cdac1df62b7a84b685d42e186f,2,assets/songs/dl_superambulance/base.jpg;assets/songs/dl_superambulance/base_256.jpg,c2b58dcad54203645057a859524789f59cfd5ca13613b610d04ad087b58aac90,256;512,256;512,image/jpeg,1b1f4afa1bc4c65e50c86b626955c67f40c37afa86c17d7104eee9f3b3a66e16;3b9268c76677c73e5977fdf7767ab535cfa212cdac1df62b7a84b685d42e186f,true,original object SHA-256=3b9268c76677c73e5977fdf7767ab535cfa212cdac1df62b7a84b685d42e186f equals APK image SHA; legacy filename IDX=425 maps to songlist.idx,confirmed,01a00092-21ca-74f8-966b-1246d6e148a8,01a00092-21ca-7c64-88bf-e81b70c0e855,covered,confirmed
arcaea:supernova:default,supernova,121,SUPERNOVA,"{""en"":""SUPERNOVA""}",BACO,base,,1556755201,1,default,,,,,,,,assets/songs/dl_supernova/1080_base.jpg,79b3bf8e7a7bb0ef642a9836f5fe36e2c2d943309a9110a89486fee87158cec1,2,assets/songs/dl_supernova/1080_base.jpg;assets/songs/dl_supernova/1080_base_256.jpg,c2b58dcad54203645057a859524789f59cfd5ca13613b610d04ad087b58aac90,384;768,384;768,image/jpeg,79b3bf8e7a7bb0ef642a9836f5fe36e2c2d943309a9110a89486fee87158cec1;ce1025b62641d3139f8469da59acaced7a688a31cf1adaeb55864e72bf792d58,true,original object SHA-256=79b3bf8e7a7bb0ef642a9836f5fe36e2c2d943309a9110a89486fee87158cec1 equals APK image SHA; legacy filename IDX=121 maps to songlist.idx,confirmed,01a00092-22b8-752b-a943-d225db713a85,01a00092-22b8-7520-bebd-7eb567290e72,covered,confirmed
arcaea:surrender:default,surrender,60,Surrender,"{""en"":""Surrender""}",void,single,,1511481600,0,default,,,,,,,,assets/songs/dl_surrender/1080_base.jpg,78fd053e02c7ffb3215c22559c410c65315325531e4208fdcac17bcc2edec692,2,assets/songs/dl_surrender/1080_base.jpg;assets/songs/dl_surrender/1080_base_256.jpg,c2b58dcad54203645057a859524789f59cfd5ca13613b610d04ad087b58aac90,384;768,384;768,image/jpeg,78fd053e02c7ffb3215c22559c410c65315325531e4208fdcac17bcc2edec692;c6aafef2b87f0da87c78aa9f014e8151b3c14427884d9ed9ff7598dab42abe84,true,original object SHA-256=78fd053e02c7ffb3215c22559c410c65315325531e4208fdcac17bcc2edec692 equals APK image SHA; legacy filename IDX=60 maps to songlist.idx,confirmed,01a00092-2391-78b2-9e1a-a39d9031bd27,01a00092-2391-7d60-91f2-ba7c0fbba287,covered,confirmed
arcaea:swansong:default,swansong,428,Swan Song,"{""en"":""Swan Song""}",void (Mournfinale),lephon,,1732147205,3,default,,,,,,,,assets/songs/dl_swansong/1080_base.jpg,d1451ffe5659f0f58c4b16ba265695b7c41d3486246e30cc4a1fe2029b86a63e,2,assets/songs/dl_swansong/1080_base.jpg;assets/songs/dl_swansong/1080_base_256.jpg,c2b58dcad54203645057a859524789f59cfd5ca13613b610d04ad087b58aac90,384;768,384;768,image/jpeg,abe1989ca1d075751c3e326a629a35e68f347ad25e4ebb5266f61f208236bb2e;d1451ffe5659f0f58c4b16ba265695b7c41d3486246e30cc4a1fe2029b86a63e,true,original object SHA-256=d1451ffe5659f0f58c4b16ba265695b7c41d3486246e30cc4a1fe2029b86a63e equals APK image SHA; legacy filename IDX=428 maps to songlist.idx,confirmed,01a00092-2490-7a6c-ac0c-c0d556508402,01a00092-2490-7199-a046-e50ae1d70744,covered,confirmed
arcaea:synthesis:default,synthesis,542,Synthesis.,"{""en"":""Synthesis.""}",tn-shi,single,,1785369600,1,default,,,,,,,,assets/songs/dl_synthesis/1080_base.jpg,e743b67c0432e5bc80dd810e8f4df539877503e69416e49693bb0c27d161a5ce,2,assets/songs/dl_synthesis/1080_base.jpg;assets/songs/dl_synthesis/1080_base_256.jpg,c2b58dcad54203645057a859524789f59cfd5ca13613b610d04ad087b58aac90,384;768,384;768,image/jpeg,d66eb69ad0ac2fe8d7c356a39df6be0f8f5605a33579e64c58347e5314957656;e743b67c0432e5bc80dd810e8f4df539877503e69416e49693bb0c27d161a5ce,true,Current song-linked semantic slot has no Catalog Resource match,unknown,,,missing-from-catalog,unmatched
arcaea:syriana:default,syriana,468,Syriana,"{""en"":""Syriana""}",BEXTER,djmax_append_1,,1750896004,1,default,,,,,,,,assets/songs/dl_syriana/1080_base.jpg,53e1d1a0e362e74d412a6d3672edf0d6bad11582beebde9eb4d0491a6e953190,2,assets/songs/dl_syriana/1080_base.jpg;assets/songs/dl_syriana/1080_base_256.jpg,c2b58dcad54203645057a859524789f59cfd5ca13613b610d04ad087b58aac90,384;768,384;768,image/jpeg,33f01dd12fe0ac0086eb8962d8a3c4243f09ba8c7ccbb7ba6a67fca4cfdba1f9;53e1d1a0e362e74d412a6d3672edf0d6bad11582beebde9eb4d0491a6e953190,true,original object SHA-256=53e1d1a0e362e74d412a6d3672edf0d6bad11582beebde9eb4d0491a6e953190 equals APK image SHA; legacy filename IDX=468 maps to songlist.idx,confirmed,01a00092-25b0-7355-8b5a-cbf99e325240,01a00092-25b0-7ea3-9888-ab7b6d4236be,covered,confirmed
arcaea:syro:default,syro,67,Syro,"{""en"":""Syro""}",Mitomoro,base,,1513814401,0,default,,,,,,,,assets/songs/dl_syro/1080_base.jpg,b88e5bb88ce5e1ab5b38f8e1772d55a1d89a839a56c2dfa85e6e214700755adb,2,assets/songs/dl_syro/1080_base.jpg;assets/songs/dl_syro/1080_base_256.jpg,c2b58dcad54203645057a859524789f59cfd5ca13613b610d04ad087b58aac90,384;768,384;768,image/jpeg,b88e5bb88ce5e1ab5b38f8e1772d55a1d89a839a56c2dfa85e6e214700755adb;bb08db189c8c86d5aae8c3b1aaacd58f8e2e3ac00dac7fbf5a096e74b115266b,true,original object SHA-256=b88e5bb88ce5e1ab5b38f8e1772d55a1d89a839a56c2dfa85e6e214700755adb equals APK image SHA; legacy filename IDX=67 maps to songlist.idx,confirmed,01a00092-2677-7ef7-a7d0-fd5e3a75f403,01a00092-2677-7fa5-9139-143e29dbc5d6,covered,confirmed
arcaea:syuten:default,syuten,330,syūten,"{""en"":""syūten"",""ko_dialog"":""syuten""}","Apo11o""COLLAPSAR""program ft. 大瀬良あい",cytusii_append_1,,1689724801,0,default,,,,,,,,assets/songs/dl_syuten/1080_base.jpg,ec53273e41f91f627bc59273ced768e98647f189e7af8146d6062bfc288a9256,2,assets/songs/dl_syuten/1080_base.jpg;assets/songs/dl_syuten/1080_base_256.jpg,c2b58dcad54203645057a859524789f59cfd5ca13613b610d04ad087b58aac90,384;768,384;768,image/jpeg,91c65030592f6ba4cef2354988485e376a9f1869065f249109cb067ecb73d7fd;ec53273e41f91f627bc59273ced768e98647f189e7af8146d6062bfc288a9256,true,original object SHA-256=ec53273e41f91f627bc59273ced768e98647f189e7af8146d6062bfc288a9256 equals APK image SHA; legacy filename IDX=330 maps to songlist.idx,confirmed,01a00092-2755-7a02-8043-07d46bfd471a,01a00092-2755-761a-8311-2dcf34c04990,covered,confirmed
arcaea:tabootears:default,tabootears,506,taboo tears you up 2017,"{""en"":""taboo tears you up 2017""}",REDALiCE,extend_4,,1764201600,1,default,,,,,,,,assets/songs/dl_tabootears/1080_base.jpg,5e59f240f58597ea52750e8926a211f8ebcbc0b815cb9eddcdc0b62a3f002989,2,assets/songs/dl_tabootears/1080_base.jpg;assets/songs/dl_tabootears/1080_base_256.jpg,c2b58dcad54203645057a859524789f59cfd5ca13613b610d04ad087b58aac90,384;768,384;768,image/jpeg,5e59f240f58597ea52750e8926a211f8ebcbc0b815cb9eddcdc0b62a3f002989;8669e3c96f2b0d8a0bc759ea87dac36fdeccb5c4244cebe5840df21b20f3edf3,true,original object SHA-256=5e59f240f58597ea52750e8926a211f8ebcbc0b815cb9eddcdc0b62a3f002989 equals APK image SHA; legacy filename IDX=506 maps to songlist.idx,confirmed,01a00092-2846-72cc-aadb-7c15fcd6b75b,01a00092-2846-7d20-81bb-98e53ea17aca,covered,confirmed
arcaea:take:default,take,205,Bamboo,"{""en"":""Bamboo"",""ja"":""竹""}",立秋 feat.ちょこ,extend,,1613001601,0,default,,,,,,,,assets/songs/dl_take/1080_base.jpg,33a5aa6ffcab98afa2faa7cfffd4744edf9d848039348c42acd7540adc779914,2,assets/songs/dl_take/1080_base.jpg;assets/songs/dl_take/1080_base_256.jpg,c2b58dcad54203645057a859524789f59cfd5ca13613b610d04ad087b58aac90,384;768,384;768,image/jpeg,33a5aa6ffcab98afa2faa7cfffd4744edf9d848039348c42acd7540adc779914;3ea107bb451abcd5fc89e4ed54aae63620ad8206368ea459d764e4aaed90bf0b,true,original object SHA-256=33a5aa6ffcab98afa2faa7cfffd4744edf9d848039348c42acd7540adc779914 equals APK image SHA; legacy filename IDX=205 maps to songlist.idx,confirmed,01a00090-6bfc-7816-ab65-f79ca1583eef,01a00090-6bfd-7e77-a1ab-12e71796c668,covered,confirmed
arcaea:tasogare:default,tasogare,391,Twilight Concerto,"{""en"":""Twilight Concerto"",""ja"":""黄昏の協奏曲""}",Scarlette,single,,1717027201,1,default,,,,,,,,assets/songs/dl_tasogare/1080_base.jpg,6476229fc88ed393cc9c5c658c71e62aaf5e042615234d819a9425d4fd11bc66,2,assets/songs/dl_tasogare/1080_base.jpg;assets/songs/dl_tasogare/1080_base_256.jpg,c2b58dcad54203645057a859524789f59cfd5ca13613b610d04ad087b58aac90,384;768,384;768,image/jpeg,3817bdfa3ca51c3da0882d3b8daabdff3af0538e93d16fd5e29eaca5ab5a8274;6476229fc88ed393cc9c5c658c71e62aaf5e042615234d819a9425d4fd11bc66,true,original object SHA-256=6476229fc88ed393cc9c5c658c71e62aaf5e042615234d819a9425d4fd11bc66 equals APK image SHA; legacy filename IDX=391 maps to songlist.idx,confirmed,01a00090-469d-7208-b53b-55de04a709c7,01a00090-469d-739c-be45-4dfdac73e98a,covered,confirmed
arcaea:tau:default,tau,454,τ (tau),"{""en"":""τ (tau)""}",Wooden,extend_3,,1745452800,0,default,,,,,,,,assets/songs/dl_tau/1080_base.jpg,fe3917be584546ab4764b7c193d6c3a93b1e452376d1fb5ab5a87d302a68e2ed,2,assets/songs/dl_tau/1080_base.jpg;assets/songs/dl_tau/1080_base_256.jpg,c2b58dcad54203645057a859524789f59cfd5ca13613b610d04ad087b58aac90,384;768,384;768,image/jpeg,03f5966fc17600dc7263e6776aca91d986d361a0fd8f42c7b37634f9e1f110f8;fe3917be584546ab4764b7c193d6c3a93b1e452376d1fb5ab5a87d302a68e2ed,true,original object SHA-256=fe3917be584546ab4764b7c193d6c3a93b1e452376d1fb5ab5a87d302a68e2ed equals APK image SHA; legacy filename IDX=454 maps to songlist.idx,confirmed,01a00092-6f1f-7ee6-b709-b1c6c7827782,01a00092-6f1f-70ac-ab24-4b42fa9b7518,covered,confirmed
arcaea:technicolour:default,technicolour,349,Technicolour,"{""en"":""Technicolour""}",Maozon,eden_append_1,,1695772805,0,default,,,,,,,,assets/songs/dl_technicolour/1080_base.jpg,1c69b22bceeda9c26dd98528221bee401fbc42621542482002b1566274c86076,2,assets/songs/dl_technicolour/1080_base.jpg;assets/songs/dl_technicolour/1080_base_256.jpg,c2b58dcad54203645057a859524789f59cfd5ca13613b610d04ad087b58aac90,384;768,384;768,image/jpeg,1c69b22bceeda9c26dd98528221bee401fbc42621542482002b1566274c86076;5d3115a982146ee1044362b50f5b00cb3531e369b86f0d424bb01d65d66fea7c,true,original object SHA-256=1c69b22bceeda9c26dd98528221bee401fbc42621542482002b1566274c86076 equals APK image SHA; legacy filename IDX=349 maps to songlist.idx,confirmed,01a00092-2953-7ff2-91f7-9eb9b003958a,01a00092-2953-70bd-b1f0-2725b4d6d296,covered,confirmed
arcaea:telepathy:default,telepathy,540,Telepathy,"{""en"":""Telepathy"",""ja"":""テレパシ""}",DECO*27,virtualsingers,,1782345604,0,default,,,,,,,,assets/songs/dl_telepathy/1080_base.jpg,735513dde12e5241ec26cd378175bb31919abd83349644e78430601748a9ed6a,2,assets/songs/dl_telepathy/1080_base.jpg;assets/songs/dl_telepathy/1080_base_256.jpg,c2b58dcad54203645057a859524789f59cfd5ca13613b610d04ad087b58aac90,384;768,384;768,image/jpeg,31ac83da4f9c610103bd0b817f131c138a5ff93957524aefa3d0a5385b45d206;735513dde12e5241ec26cd378175bb31919abd83349644e78430601748a9ed6a,true,Current song-linked semantic slot has no Catalog Resource match,unknown,,,missing-from-catalog,unmatched
arcaea:tempestissimo:default,tempestissimo,160,Tempestissimo,"{""en"":""Tempestissimo""}",t+pazolite,vs,,1590537605,1,default,,,,BYD,,,,assets/songs/dl_tempestissimo/1080_base.jpg,fc97eec33f0842cd15f0c435ed282e05504b422fe9317999aea4ecf00f58524d,2,assets/songs/dl_tempestissimo/1080_base.jpg;assets/songs/dl_tempestissimo/1080_base_256.jpg,c2b58dcad54203645057a859524789f59cfd5ca13613b610d04ad087b58aac90,384;768,384;768,image/jpeg,6e3be1bddbbbf20213766bcb64e54f0131f933a355d2bdd4b18ae39cadce7333;fc97eec33f0842cd15f0c435ed282e05504b422fe9317999aea4ecf00f58524d,true,original object SHA-256=fc97eec33f0842cd15f0c435ed282e05504b422fe9317999aea4ecf00f58524d equals APK image SHA; legacy filename IDX=160 maps to songlist.idx,confirmed,01a00092-2b5b-7d40-9161-2934fb5d4958,01a00092-2b5b-7534-b850-f136bf88bd30,covered,confirmed
arcaea:tempestissimo:difficulty:BYD,tempestissimo,160,Tempestissimo,"{""en"":""Tempestissimo""}",t+pazolite,vs,,1590537605,1,difficulty-specific,BYD,3,True,BYD,,,,assets/songs/dl_tempestissimo/1080_3.jpg,ab5160dfc69733dee2d6b33c124dc85f4ed9b127a74be21d95213a02ea42cf5b,2,assets/songs/dl_tempestissimo/1080_3.jpg;assets/songs/dl_tempestissimo/1080_3_256.jpg,c2b58dcad54203645057a859524789f59cfd5ca13613b610d04ad087b58aac90,384;768,384;768,image/jpeg,ab5160dfc69733dee2d6b33c124dc85f4ed9b127a74be21d95213a02ea42cf5b;bce2ff8d128c648e1d4c7dfb14f70dca616107ada71203bd44ca9ece0074ea9d,true,original object SHA-256=ab5160dfc69733dee2d6b33c124dc85f4ed9b127a74be21d95213a02ea42cf5b equals APK image SHA; legacy filename IDX=160 maps to songlist.idx,confirmed,01a00092-2a53-74ac-9a5b-9f99e9588791,01a00092-2a53-79ee-ac67-8ae0c77e61c4,covered,confirmed
arcaea:temptation:default,temptation,307,TEmPTaTiON,"{""en"":""TEmPTaTiON""}",かねこちはる,maimai_append_1,,1677715207,0,default,,,,,,,,assets/songs/dl_temptation/1080_base.jpg,f85a5f205b67b06b73eb37004266fa1aa9a86677f28d1ecbad07c10cf2242e73,2,assets/songs/dl_temptation/1080_base.jpg;assets/songs/dl_temptation/1080_base_256.jpg,c2b58dcad54203645057a859524789f59cfd5ca13613b610d04ad087b58aac90,384;768,384;768,image/jpeg,9e9720114909bbebf381674f2d25cdd32cbe93613ce08b4d57a1cb74c6f6c5b3;f85a5f205b67b06b73eb37004266fa1aa9a86677f28d1ecbad07c10cf2242e73,true,original object SHA-256=f85a5f205b67b06b73eb37004266fa1aa9a86677f28d1ecbad07c10cf2242e73 equals APK image SHA; legacy filename IDX=307 maps to songlist.idx,confirmed,01a00092-2c64-7652-bae5-7710de048338,01a00092-2c65-765c-b590-9d3e0a4c350b,covered,confirmed
arcaea:temptationgc:default,temptationgc,397,10pt8ion,"{""en"":""10pt8ion""}",Lite Show Magic,groovecoaster_append_1,,1719446402,1,default,,,,,,,,assets/songs/dl_temptationgc/base.jpg,dbc089cd7fe1175bb25f7822afa505e7c30d713469bbe5d11b9ed03021f8b57f,2,assets/songs/dl_temptationgc/base.jpg;assets/songs/dl_temptationgc/base_256.jpg,c2b58dcad54203645057a859524789f59cfd5ca13613b610d04ad087b58aac90,256;512,256;512,image/jpeg,ace4437823d31a242e39edc094383d1db2c4d5191f991e979263363949155656;dbc089cd7fe1175bb25f7822afa505e7c30d713469bbe5d11b9ed03021f8b57f,true,original object SHA-256=dbc089cd7fe1175bb25f7822afa505e7c30d713469bbe5d11b9ed03021f8b57f equals APK image SHA; legacy filename IDX=397 maps to songlist.idx,confirmed,01a00090-3020-795d-9f71-788abe647020,01a00090-3021-7c9c-8a26-5db4b761a917,covered,confirmed
arcaea:teravolt:default,teravolt,356,TeraVolt,"{""en"":""TeraVolt""}",Katali,eden_append_2,,1698278403,1,default,,,,,,,,assets/songs/dl_teravolt/1080_base.jpg,7c9e5c98c82cd324aa808c7b54de0b08a81606237518c4df7a2c7601c39bbed7,2,assets/songs/dl_teravolt/1080_base.jpg;assets/songs/dl_teravolt/1080_base_256.jpg,c2b58dcad54203645057a859524789f59cfd5ca13613b610d04ad087b58aac90,384;768,384;768,image/jpeg,49bb25f11488c7f1f5a184c36e2ba4fa766a2e277c049c978eee56039d3f8a29;7c9e5c98c82cd324aa808c7b54de0b08a81606237518c4df7a2c7601c39bbed7,true,original object SHA-256=7c9e5c98c82cd324aa808c7b54de0b08a81606237518c4df7a2c7601c39bbed7 equals APK image SHA; legacy filename IDX=356 maps to songlist.idx,confirmed,01a00092-2d52-7353-849e-c584e42674ef,01a00092-2d52-7428-bd2b-f4aff6d10c63,covered,confirmed
arcaea:teriqma:default,teriqma,171,Teriqma,"{""en"":""Teriqma""}",owl＊tree,single,,1594857600,1,default,,,,,,,,assets/songs/dl_teriqma/1080_base.jpg,a8b2b4d74b391e548214ad4ee2fdc577ba2d352906d2b08b144df6a9e116c621,2,assets/songs/dl_teriqma/1080_base.jpg;assets/songs/dl_teriqma/1080_base_256.jpg,c2b58dcad54203645057a859524789f59cfd5ca13613b610d04ad087b58aac90,384;768,384;768,image/jpeg,a8b2b4d74b391e548214ad4ee2fdc577ba2d352906d2b08b144df6a9e116c621;daee3acdc8aa882394edab3dfdd2b3c978542e069dc68dfa6d59862d526c84b2,true,original object SHA-256=a8b2b4d74b391e548214ad4ee2fdc577ba2d352906d2b08b144df6a9e116c621 equals APK image SHA; legacy filename IDX=171 maps to songlist.idx,confirmed,01a00092-2e69-77bc-afed-3fe1909a07ea,01a00092-2e69-7938-8024-394405b7f6e8,covered,confirmed
arcaea:testify:default,testify,280,Testify,"{""en"":""Testify""}",void (Mournfinale) feat. 星熊南巫,finale,,1657152009,2,default,,,,,,,,assets/songs/dl_testify/1080_base.jpg,57c1f230c2d16884f968253513d50224c3d28474f464a685dd19a6255e310b92,2,assets/songs/dl_testify/1080_base.jpg;assets/songs/dl_testify/1080_base_256.jpg,c2b58dcad54203645057a859524789f59cfd5ca13613b610d04ad087b58aac90,384;768,384;768,image/jpeg,57c1f230c2d16884f968253513d50224c3d28474f464a685dd19a6255e310b92;5f213f6bc88b1685310b735412ccf646234a86a52cac844cd5a06b7e40e5ab32,true,original object SHA-256=57c1f230c2d16884f968253513d50224c3d28474f464a685dd19a6255e310b92 equals APK image SHA; legacy filename IDX=280 maps to songlist.idx,confirmed,01a00092-2f8c-7e44-b756-82fe109c39c6,01a00092-2f8c-78fc-8abd-e686d20d9841,covered,confirmed
arcaea:theformula:default,theformula,369,The Formula,"{""en"":""The Formula""}",Junk,base,,1706140807,0,default,,,,,,,,assets/songs/theformula/1080_base.jpg,83489139152079a46c99fb13cb9fb0a274a1479f7eec6aeaee14da1c8607334f,2,assets/songs/theformula/1080_base.jpg;assets/songs/theformula/1080_base_256.jpg,c2b58dcad54203645057a859524789f59cfd5ca13613b610d04ad087b58aac90,384;768,384;768,image/jpeg,83489139152079a46c99fb13cb9fb0a274a1479f7eec6aeaee14da1c8607334f;882bc5878944190e43f68e312f6383e0800f1e2f9933a9ed06367541ed12806c,true,original object SHA-256=83489139152079a46c99fb13cb9fb0a274a1479f7eec6aeaee14da1c8607334f equals APK image SHA; legacy filename IDX=369 maps to songlist.idx,confirmed,01a00092-30b3-7ab9-9201-0c42b3ea6b36,01a00092-30b3-734c-ad35-14d65948c68f,covered,confirmed
arcaea:themessage:default,themessage,83,The Message,"{""en"":""The Message""}",Jun Kuroda,rei,,1531699204,0,default,,,,,,,,assets/songs/dl_themessage/1080_base.jpg,91b1b84d03cbdcc64a51cc5e366321375d5ed5356ce93434efb0132d394debdb,2,assets/songs/dl_themessage/1080_base.jpg;assets/songs/dl_themessage/1080_base_256.jpg,c2b58dcad54203645057a859524789f59cfd5ca13613b610d04ad087b58aac90,384;768,384;768,image/jpeg,91b1b84d03cbdcc64a51cc5e366321375d5ed5356ce93434efb0132d394debdb;d8aa6c4613300be15f4ba91d91009028e5179aad1cdc6f9897caad999aaf0496,true,original object SHA-256=91b1b84d03cbdcc64a51cc5e366321375d5ed5356ce93434efb0132d394debdb equals APK image SHA; legacy filename IDX=83 maps to songlist.idx,confirmed,01a00092-320c-7ad1-ba2e-9313a9630cd2,01a00092-320c-7c2b-82b9-6dcf765dfa69,covered,confirmed
arcaea:theraft:default,theraft,512,The 'Raft' taught me: your heart will always find a way.,"{""en"":""The 'Raft' taught me: your heart will always find a way."",""ja"":""［筏］は云う。幾ら漂流すれど不撓の心さえ有れば軈て行到ると。""}",庭師,single,,1767744000,1,default,,,,,,,,assets/songs/dl_theraft/1080_base.jpg,2bfe4f883d1c5ea6f73efcf5a6cc3a92e083449622f5d2e0725b5b2195930da0,2,assets/songs/dl_theraft/1080_base.jpg;assets/songs/dl_theraft/1080_base_256.jpg,c2b58dcad54203645057a859524789f59cfd5ca13613b610d04ad087b58aac90,384;768,384;768,image/jpeg,2bfe4f883d1c5ea6f73efcf5a6cc3a92e083449622f5d2e0725b5b2195930da0;3bee2bd1866522a77a0f0a81af8806eda4a4af2362c08100c463c54b347b8310,true,original object SHA-256=2bfe4f883d1c5ea6f73efcf5a6cc3a92e083449622f5d2e0725b5b2195930da0 equals APK image SHA; legacy filename IDX=512 maps to songlist.idx,confirmed,01a00090-2a2d-70ad-8998-bf48655bc664,01a00090-2a2d-7134-96b9-543d4a574f13,covered,confirmed
arcaea:thesurvivor:default,thesurvivor,316,The Survivor (Game Edit),"{""en"":""The Survivor (Game Edit)""}",Taishi,single,,1682553602,1,default,,,,,,,,assets/songs/dl_thesurvivor/1080_base.jpg,d4ebfeaf5dfaf63523351205f91806d98fbcd5707915c9d9280dbb2ec5e09453,2,assets/songs/dl_thesurvivor/1080_base.jpg;assets/songs/dl_thesurvivor/1080_base_256.jpg,c2b58dcad54203645057a859524789f59cfd5ca13613b610d04ad087b58aac90,384;768,384;768,image/jpeg,b48cf9c05b484f6ec80a2d1ba14e1ffb949dd94bb9396eb370c838338ed5d481;d4ebfeaf5dfaf63523351205f91806d98fbcd5707915c9d9280dbb2ec5e09453,true,original object SHA-256=d4ebfeaf5dfaf63523351205f91806d98fbcd5707915c9d9280dbb2ec5e09453 equals APK image SHA; legacy filename IDX=316 maps to songlist.idx,confirmed,01a00092-3333-7365-9386-1b85b31e8fbe,01a00092-3333-7813-8199-2426bdeed9c2,covered,confirmed
arcaea:theultimacy:default,theultimacy,219,THE ULTIMACY,"{""en"":""THE ULTIMACY""}",aran vs Massive New Krew,single,,1625011200,1,default,,,,,,,,assets/songs/dl_theultimacy/1080_base.jpg,cc4ebe20377d5318a781e65625bd3f6713a1b6f6108e8913b413d16710dc6c5a,2,assets/songs/dl_theultimacy/1080_base.jpg;assets/songs/dl_theultimacy/1080_base_256.jpg,c2b58dcad54203645057a859524789f59cfd5ca13613b610d04ad087b58aac90,384;768,384;768,image/jpeg,cc4ebe20377d5318a781e65625bd3f6713a1b6f6108e8913b413d16710dc6c5a;f61f3d3137e3683b2d14894cd53741be61b9697b11c04ded924be722e4c79839,true,original object SHA-256=cc4ebe20377d5318a781e65625bd3f6713a1b6f6108e8913b413d16710dc6c5a equals APK image SHA; legacy filename IDX=219 maps to songlist.idx,confirmed,01a00092-340f-7953-af1a-fbe731ed4090,01a00092-340f-76e1-9512-6f9529e1da19,covered,confirmed
arcaea:thirdavenue:default,thirdavenue,522,3rd Avenue,"{""en"":""3rd Avenue""}",Sound Souler,extend_4,,1773014400,1,default,,,,,,,,assets/songs/dl_thirdavenue/1080_base.jpg,cab725587fe778cbc17c6ae13de05289aa90d251513268d29cce73908a600ef1,2,assets/songs/dl_thirdavenue/1080_base.jpg;assets/songs/dl_thirdavenue/1080_base_256.jpg,c2b58dcad54203645057a859524789f59cfd5ca13613b610d04ad087b58aac90,384;768,384;768,image/jpeg,1bf0da26c72234c733a304e5770c3872432fca6ad17dac4346a84df7647cdc51;cab725587fe778cbc17c6ae13de05289aa90d251513268d29cce73908a600ef1,true,original object SHA-256=cab725587fe778cbc17c6ae13de05289aa90d251513268d29cce73908a600ef1 equals APK image SHA; legacy filename IDX=522 maps to songlist.idx,confirmed,01a00090-3238-73db-ade9-536e7c9dae3c,01a00090-3238-7dee-a5ba-83d9872a0dd3,covered,confirmed
arcaea:thirdsun:default,thirdsun,420,Third Sun,"{""en"":""Third Sun""}",Ash Astral,single,,1729728002,1,default,,,,,,,,assets/songs/dl_thirdsun/1080_base.jpg,50ba62371128c0d69b3e2d4862917460cfaa994b40b24fc5a3b1c20d28e43bdd,2,assets/songs/dl_thirdsun/1080_base.jpg;assets/songs/dl_thirdsun/1080_base_256.jpg,c2b58dcad54203645057a859524789f59cfd5ca13613b610d04ad087b58aac90,384;768,384;768,image/jpeg,01142f4276d3bb005f5ced66f013c39d87b4feac525f23740fa45d837bef033c;50ba62371128c0d69b3e2d4862917460cfaa994b40b24fc5a3b1c20d28e43bdd,true,original object SHA-256=50ba62371128c0d69b3e2d4862917460cfaa994b40b24fc5a3b1c20d28e43bdd equals APK image SHA; legacy filename IDX=420 maps to songlist.idx,confirmed,01a00092-351a-745d-95cf-3c3611f7ec0d,01a00092-351a-7a40-9e5d-cbd781cff8a6,covered,confirmed
arcaea:tictactoe:default,tictactoe,463,Tic! Tac! Toe!,"{""en"":""Tic! Tac! Toe!""}",TAK x Corbin,single,,1747872007,0,default,,,,,,,,assets/songs/dl_tictactoe/1080_base.jpg,19275771c85f19d1c96a6f32f2146715caf58532ae64f336fb43bd7362dc9f02,2,assets/songs/dl_tictactoe/1080_base.jpg;assets/songs/dl_tictactoe/1080_base_256.jpg,c2b58dcad54203645057a859524789f59cfd5ca13613b610d04ad087b58aac90,384;768,384;768,image/jpeg,19275771c85f19d1c96a6f32f2146715caf58532ae64f336fb43bd7362dc9f02;73f324eb25209e1d2e48d6d9c3a2cdc20af775c093914b730bc34f70d7d26896,true,original object SHA-256=19275771c85f19d1c96a6f32f2146715caf58532ae64f336fb43bd7362dc9f02 equals APK image SHA; legacy filename IDX=463 maps to songlist.idx,confirmed,01a00092-35f3-7bef-bfb9-86da5c1dfb66,01a00092-35f3-7ab6-8f9b-c530316a6edd,covered,confirmed
arcaea:tiemedowngently:default,tiemedowngently,134,Tie me down gently,"{""en"":""Tie me down gently""}",溝口ゆうま feat. 大瀬良あい,omatsuri,,1566432003,1,default,,,,,,,,assets/songs/dl_tiemedowngently/1080_base.jpg,12af5957e9a2e3e6e3cf959010c86162ed2b20507739c237d6b05fe9a27df76c,2,assets/songs/dl_tiemedowngently/1080_base.jpg;assets/songs/dl_tiemedowngently/1080_base_256.jpg,c2b58dcad54203645057a859524789f59cfd5ca13613b610d04ad087b58aac90,384;768,384;768,image/jpeg,12af5957e9a2e3e6e3cf959010c86162ed2b20507739c237d6b05fe9a27df76c;7c4e992f38d673762a4c6e092dd7c9f2f218b62d3e5c232346be74641de3fd91,true,original object SHA-256=12af5957e9a2e3e6e3cf959010c86162ed2b20507739c237d6b05fe9a27df76c equals APK image SHA; legacy filename IDX=134 maps to songlist.idx,confirmed,01a00092-36c8-7bf5-96eb-3209041a8d4a,01a00092-36c8-79a8-b499-0b8803915f33,covered,confirmed
arcaea:tiferet:default,tiferet,100,Tiferet,"{""en"":""Tiferet""}",xi + Sta,tonesphere,,1538870404,1,default,,,,,,,,assets/songs/dl_tiferet/1080_base.jpg,fdf102ea393a37af4fc9c0c0f9b796c1af7f0c9b122b6b95c15601af7d44c55f,2,assets/songs/dl_tiferet/1080_base.jpg;assets/songs/dl_tiferet/1080_base_256.jpg,c2b58dcad54203645057a859524789f59cfd5ca13613b610d04ad087b58aac90,384;768,384;768,image/jpeg,adcaff1672a1879366055074436b2fce7c5015d1f2830840481cd4fbede27418;fdf102ea393a37af4fc9c0c0f9b796c1af7f0c9b122b6b95c15601af7d44c55f,true,original object SHA-256=fdf102ea393a37af4fc9c0c0f9b796c1af7f0c9b122b6b95c15601af7d44c55f equals APK image SHA; legacy filename IDX=100 maps to songlist.idx,confirmed,01a00092-37da-7170-91fc-5ee9e927801b,01a00092-37da-7160-8f13-99b9929ba8da,covered,confirmed
arcaea:toaliceliddell:default,toaliceliddell,190,To: Alice Liddell,"{""en"":""To: Alice Liddell"",""ja"":""アリス・リデルに捧ぐ""}",モリモリあつし,alice_append_1,,1607558402,1,default,,,,,,,,assets/songs/dl_toaliceliddell/1080_base.jpg,a477ccd9be4e4ee92b6c36bc6ab12c39e755e7eda0baf67ad5edd479f7c29090,2,assets/songs/dl_toaliceliddell/1080_base.jpg;assets/songs/dl_toaliceliddell/1080_base_256.jpg,c2b58dcad54203645057a859524789f59cfd5ca13613b610d04ad087b58aac90,384;768,384;768,image/jpeg,5b99832ce0a7dd250bc7d1c8cd71816f18436c89188f47eb96f5de2914ec8bee;a477ccd9be4e4ee92b6c36bc6ab12c39e755e7eda0baf67ad5edd479f7c29090,true,original object SHA-256=a477ccd9be4e4ee92b6c36bc6ab12c39e755e7eda0baf67ad5edd479f7c29090 equals APK image SHA; legacy filename IDX=190 maps to songlist.idx,confirmed,01a00092-71f2-7a4b-9d9e-4f0130060353,01a00092-71f2-75a6-ba9a-c2e3d025fe8f,covered,confirmed
arcaea:tothefurthestdream:default,tothefurthestdream,343,To the Furthest Dream,"{""en"":""To the Furthest Dream"",""ja"":""彼方の夢へと""}",ii/night feat. 綺良雪,single,,1694664001,2,default,,,,PRS;PST,,,,assets/songs/dl_tothefurthestdream/1080_base.jpg,a2e14fbe9ef14e637493d0c3eb79aec8ae1fcf5bb2f8d283653d6de852206b99,2,assets/songs/dl_tothefurthestdream/1080_base.jpg;assets/songs/dl_tothefurthestdream/1080_base_256.jpg,c2b58dcad54203645057a859524789f59cfd5ca13613b610d04ad087b58aac90,384;768,384;768,image/jpeg,a2e14fbe9ef14e637493d0c3eb79aec8ae1fcf5bb2f8d283653d6de852206b99;ffa0a7a78ddc1902c385f6ec68f9a897f2adb29e0b16dcfa7fbd98bacdddbf0c,true,original object SHA-256=a2e14fbe9ef14e637493d0c3eb79aec8ae1fcf5bb2f8d283653d6de852206b99 equals APK image SHA; legacy filename IDX=343 maps to songlist.idx,confirmed,01a00090-39b8-7c9a-9f6e-daa351b4f56d,01a00090-39b8-73fb-9b6a-3cb81a003fe1,covered,confirmed
arcaea:tothefurthestdream:difficulty:PRS,tothefurthestdream,343,To the Furthest Dream,"{""en"":""To the Furthest Dream"",""ja"":""彼方の夢へと""}",ii/night feat. 綺良雪,single,,1694664001,2,difficulty-specific,PRS,1,True,PRS;PST,,,,assets/songs/dl_tothefurthestdream/1080_1.jpg,e8be9eb7d35305817529d466cc824b5e638fffc6f167f0df6206badb6959e0bb,2,assets/songs/dl_tothefurthestdream/1080_1.jpg;assets/songs/dl_tothefurthestdream/1080_1_256.jpg,c2b58dcad54203645057a859524789f59cfd5ca13613b610d04ad087b58aac90,384;768,384;768,image/jpeg,301029eeb3d0d60818a4f7b9555de6c5531cd0d4adc6a1b97d03b52f279b9c68;e8be9eb7d35305817529d466cc824b5e638fffc6f167f0df6206badb6959e0bb,true,original object SHA-256=e8be9eb7d35305817529d466cc824b5e638fffc6f167f0df6206badb6959e0bb equals APK image SHA; legacy filename IDX=343 maps to songlist.idx,confirmed,01a00090-388e-71ec-93e8-4c7433481491,01a00090-388e-7a6d-b75f-dff08f6b2e46,covered,confirmed
arcaea:tothefurthestdream:difficulty:PST,tothefurthestdream,343,To the Furthest Dream,"{""en"":""To the Furthest Dream"",""ja"":""彼方の夢へと""}",ii/night feat. 綺良雪,single,,1694664001,2,difficulty-specific,PST,0,True,PRS;PST,,,,assets/songs/dl_tothefurthestdream/1080_0.jpg,1b28d48da94b6fd0111b5f52eda6f92d4e8b5729954d0c52fe13e2aa8f0d412b,2,assets/songs/dl_tothefurthestdream/1080_0.jpg;assets/songs/dl_tothefurthestdream/1080_0_256.jpg,c2b58dcad54203645057a859524789f59cfd5ca13613b610d04ad087b58aac90,384;768,384;768,image/jpeg,1b28d48da94b6fd0111b5f52eda6f92d4e8b5729954d0c52fe13e2aa8f0d412b;9949bbafc0c27c2334952752c8bfec6f4ca3f478e628a5322b7979868a808502,true,original object SHA-256=1b28d48da94b6fd0111b5f52eda6f92d4e8b5729954d0c52fe13e2aa8f0d412b equals APK image SHA; legacy filename IDX=343 maps to songlist.idx,confirmed,01a00090-376c-79c6-8715-613b459b6f7c,01a00090-376c-7380-a688-6d860784744f,covered,confirmed
arcaea:tothemilkyway:default,tothemilkyway,322,To the Milky Way,"{""en"":""To the Milky Way""}",黒魔,single,,1684972804,0,default,,,,,,,,assets/songs/dl_tothemilkyway/1080_base.jpg,98d2c702324b763d5bb1a1ad77e852fd6857e10eaa812959b8a57513c3a13ee3,2,assets/songs/dl_tothemilkyway/1080_base.jpg;assets/songs/dl_tothemilkyway/1080_base_256.jpg,c2b58dcad54203645057a859524789f59cfd5ca13613b610d04ad087b58aac90,384;768,384;768,image/jpeg,7470ff78659cb8a52d0cfbb5a8794f136060e88fd250e721905a061396757695;98d2c702324b763d5bb1a1ad77e852fd6857e10eaa812959b8a57513c3a13ee3,true,original object SHA-256=98d2c702324b763d5bb1a1ad77e852fd6857e10eaa812959b8a57513c3a13ee3 equals APK image SHA; legacy filename IDX=322 maps to songlist.idx,confirmed,01a00092-38ca-7fff-adf0-239332c1b4ba,01a00092-38ca-7699-ac64-fc6f03e920d3,covered,confirmed
arcaea:transientspace:default,transientspace,354,Transient Space,"{""en"":""Transient Space""}","sleepless, Gardens, aspect",eden_append_2,,1698278401,1,default,,,,,,,,assets/songs/dl_transientspace/1080_base.jpg,9853cfe984bcb034528c75f20b6ca0ee6b66aa525bcc765d18edce015d414755,2,assets/songs/dl_transientspace/1080_base.jpg;assets/songs/dl_transientspace/1080_base_256.jpg,c2b58dcad54203645057a859524789f59cfd5ca13613b610d04ad087b58aac90,384;768,384;768,image/jpeg,9853cfe984bcb034528c75f20b6ca0ee6b66aa525bcc765d18edce015d414755;f61409aff80cda73595d42abce51867109297a3b6af14bcb13ef9f4096ed8568,true,original object SHA-256=9853cfe984bcb034528c75f20b6ca0ee6b66aa525bcc765d18edce015d414755 equals APK image SHA; legacy filename IDX=354 maps to songlist.idx,confirmed,01a00092-39e1-769d-ab60-7ff11116f062,01a00092-39e1-7186-a533-065ae8593671,covered,confirmed
arcaea:trapcrow:default,trapcrow,273,Trap Crow,"{""en"":""Trap Crow""}",Puru,base,,1657152002,1,default,,,,,,,,assets/songs/dl_trapcrow/1080_base.jpg,03fa4a0ad796c20c834b9d1387831b2fb687e52f31856a54ab1006422ff94c71,2,assets/songs/dl_trapcrow/1080_base.jpg;assets/songs/dl_trapcrow/1080_base_256.jpg,c2b58dcad54203645057a859524789f59cfd5ca13613b610d04ad087b58aac90,384;768,384;768,image/jpeg,03fa4a0ad796c20c834b9d1387831b2fb687e52f31856a54ab1006422ff94c71;39f30aae377a8a12d51a31ad256bc1ba77dd98b2487d6d152a24fcd647a2b3c9,true,original object SHA-256=03fa4a0ad796c20c834b9d1387831b2fb687e52f31856a54ab1006422ff94c71 equals APK image SHA; legacy filename IDX=273 maps to songlist.idx,confirmed,01a00092-3add-7af0-beed-3d45c6375621,01a00092-3add-70b8-b02f-3fc5065b216c,covered,confirmed
arcaea:trappola:default,trappola,52,trappola bewitching,"{""en"":""trappola bewitching"",""ja"":""妖艶魔女 -trappola bewitching-""}",gmtn.,yugamu,,1509667205,1,default,,,,BYD,,,,assets/songs/dl_trappola/1080_base.jpg,04bd9a8ae8a8bda1f70d3ad0465c0962c7b426c69d2eec8a6d53fcd3a8399b0e,2,assets/songs/dl_trappola/1080_base.jpg;assets/songs/dl_trappola/1080_base_256.jpg,c2b58dcad54203645057a859524789f59cfd5ca13613b610d04ad087b58aac90,384;768,384;768,image/jpeg,04bd9a8ae8a8bda1f70d3ad0465c0962c7b426c69d2eec8a6d53fcd3a8399b0e;17b64b49b9ca10ae4202ebff15b840c13b94bd2c87b011f6d35e13affea37d54,true,original object SHA-256=04bd9a8ae8a8bda1f70d3ad0465c0962c7b426c69d2eec8a6d53fcd3a8399b0e equals APK image SHA; legacy filename IDX=52 maps to songlist.idx,confirmed,01a00090-6081-7201-8f39-0b1b6be2a738,01a00090-6081-7cbc-8cd0-8472a2aac5a3,covered,confirmed
arcaea:trappola:difficulty:BYD,trappola,52,trappola bewitching,"{""en"":""trappola bewitching"",""ja"":""妖艶魔女 -trappola bewitching-""}",gmtn.,yugamu,,1509667205,1,difficulty-specific,BYD,3,True,BYD,,,,assets/songs/dl_trappola/1080_3.jpg,616441d62a7f4106819a8bc71b9fbf4ed6b2f0a02f8755bf65133fbda8498ce4,2,assets/songs/dl_trappola/1080_3.jpg;assets/songs/dl_trappola/1080_3_256.jpg,c2b58dcad54203645057a859524789f59cfd5ca13613b610d04ad087b58aac90,384;768,384;768,image/jpeg,616441d62a7f4106819a8bc71b9fbf4ed6b2f0a02f8755bf65133fbda8498ce4;78f10496e28cc9d7b518059bf68c727d8ffab14ed0ec796899d4b95a5da93a0b,true,original object SHA-256=616441d62a7f4106819a8bc71b9fbf4ed6b2f0a02f8755bf65133fbda8498ce4 equals APK image SHA; legacy filename IDX=52 maps to songlist.idx,confirmed,01a00090-5f4a-7114-99a3-499b7c2be84e,01a00090-5f4a-79ec-929d-ab84e1e4d9c1,covered,confirmed
arcaea:trpno:default,trpno,453,TRPNO,"{""en"":""TRPNO""}",Nauts,extend_3,,1743033602,0,default,,,,,,,,assets/songs/dl_trpno/1080_base.jpg,175fa913d238c5830e29a99f95ef4fd3a2e0107a2ba3995fefe52b3ac22a978b,2,assets/songs/dl_trpno/1080_base.jpg;assets/songs/dl_trpno/1080_base_256.jpg,c2b58dcad54203645057a859524789f59cfd5ca13613b610d04ad087b58aac90,384;768,384;768,image/jpeg,175fa913d238c5830e29a99f95ef4fd3a2e0107a2ba3995fefe52b3ac22a978b;1e7fcba1c583dc33392c23f69ae0987c2f56217ed236d2783e93ee12b780f47c,true,original object SHA-256=175fa913d238c5830e29a99f95ef4fd3a2e0107a2ba3995fefe52b3ac22a978b equals APK image SHA; legacy filename IDX=453 maps to songlist.idx,confirmed,01a00092-3bb6-7757-9141-7f32018caf43,01a00092-3bb7-7fda-b295-f605370cb65f,covered,confirmed
arcaea:trrricksters:default,trrricksters,312,Trrricksters!!,"{""en"":""Trrricksters!!""}",s-don vs. 翡乃イスカ,chunithm_append_2,,1679529603,1,default,,,,,,,,assets/songs/dl_trrricksters/1080_base.jpg,c0a60075b2085f2c65c6cc9ea9ef16f9b0e3a9c8666161822553f3d987446410,2,assets/songs/dl_trrricksters/1080_base.jpg;assets/songs/dl_trrricksters/1080_base_256.jpg,c2b58dcad54203645057a859524789f59cfd5ca13613b610d04ad087b58aac90,384;768,384;768,image/jpeg,2e7d693a2038920feb4e9424d9bb8ca51e472598640087fb18bcb01cc3592e20;c0a60075b2085f2c65c6cc9ea9ef16f9b0e3a9c8666161822553f3d987446410,true,original object SHA-256=c0a60075b2085f2c65c6cc9ea9ef16f9b0e3a9c8666161822553f3d987446410 equals APK image SHA; legacy filename IDX=312 maps to songlist.idx,confirmed,01a00092-3c7d-7543-b682-c60de32dfaf2,01a00092-3c7d-7d81-bcd5-43d94654772e,covered,confirmed
arcaea:tsukinimurakumo:default,tsukinimurakumo,294,"Tsuki ni Murakumo, Hana ni Kaze","{""en"":""Tsuki ni Murakumo, Hana ni Kaze"",""ja"":""月に叢雲華に風""}",幽閉サテライト,extend_2,,1674691200,1,default,,,,,,,,assets/songs/dl_tsukinimurakumo/1080_base.jpg,bd6a281e109b7d2823be99724f1ae06573ab2a84dd79549052045f0636c28e79,2,assets/songs/dl_tsukinimurakumo/1080_base.jpg;assets/songs/dl_tsukinimurakumo/1080_base_256.jpg,c2b58dcad54203645057a859524789f59cfd5ca13613b610d04ad087b58aac90,384;768,384;768,image/jpeg,23e38ed4f907dcbe6160d715afa76b815c50420016e4b9c9008bb2b6f48696a7;bd6a281e109b7d2823be99724f1ae06573ab2a84dd79549052045f0636c28e79,true,original object SHA-256=bd6a281e109b7d2823be99724f1ae06573ab2a84dd79549052045f0636c28e79 equals APK image SHA; legacy filename IDX=294 maps to songlist.idx,confirmed,01a00090-6789-7833-afea-f97d9a5c2a5e,01a00090-6789-7dd7-a5d6-2be091ce5905,covered,confirmed
arcaea:turbocharger:default,turbocharger,218,Turbocharger,"{""en"":""Turbocharger""}",A/I,extend,,1623283200,0,default,,,,,,,,assets/songs/dl_turbocharger/1080_base.jpg,1afffdc920fc4d40bc3c00d5ab252683d752bcc0084b3d208fa745cb4c0c43e3,2,assets/songs/dl_turbocharger/1080_base.jpg;assets/songs/dl_turbocharger/1080_base_256.jpg,c2b58dcad54203645057a859524789f59cfd5ca13613b610d04ad087b58aac90,384;768,384;768,image/jpeg,1afffdc920fc4d40bc3c00d5ab252683d752bcc0084b3d208fa745cb4c0c43e3;6972949fb9111b3017834f77c5d1a67883005cbdf17cbdd1d1361cbf1420acd7,true,original object SHA-256=1afffdc920fc4d40bc3c00d5ab252683d752bcc0084b3d208fa745cb4c0c43e3 equals APK image SHA; legacy filename IDX=218 maps to songlist.idx,confirmed,01a00092-3d92-7408-a3a7-7f313063d783,01a00092-3d92-7a55-9073-78857a22c55b,covered,confirmed
arcaea:uad:default,uad,460,U.A.D,"{""en"":""U.A.D""}",HAYAKO,djmax,,1747872004,0,default,,,,,,,,assets/songs/dl_uad/1080_base.jpg,f97603ba85d5783c88debd672eada8df58be0f6136a0b404b96c86c83fb677b5,2,assets/songs/dl_uad/1080_base.jpg;assets/songs/dl_uad/1080_base_256.jpg,c2b58dcad54203645057a859524789f59cfd5ca13613b610d04ad087b58aac90,384;768,384;768,image/jpeg,e0b37211a55caef181b520487347376687f2f6b191165fb25b5cf69a276e144f;f97603ba85d5783c88debd672eada8df58be0f6136a0b404b96c86c83fb677b5,true,original object SHA-256=f97603ba85d5783c88debd672eada8df58be0f6136a0b404b96c86c83fb677b5 equals APK image SHA; legacy filename IDX=460 maps to songlist.idx,confirmed,01a00092-3f83-7341-8acf-f984d1faf2b5,01a00092-3f83-72c0-a586-632ab7301dc9,covered,confirmed
arcaea:ultimatetaste:default,ultimatetaste,329,Ultimate taste,"{""en"":""Ultimate taste""}",ぱらどっと,extend_2,,1689724800,0,default,,,,,,,,assets/songs/dl_ultimatetaste/1080_base.jpg,9dff53d13ad0965ad4b643d73363897b20e39d11354c26f2e68ef25f07c6fc79,2,assets/songs/dl_ultimatetaste/1080_base.jpg;assets/songs/dl_ultimatetaste/1080_base_256.jpg,c2b58dcad54203645057a859524789f59cfd5ca13613b610d04ad087b58aac90,384;768,384;768,image/jpeg,96511a7e61367855c7880726d59bc8dc70c245763adf3832a697a78a2ac2fd74;9dff53d13ad0965ad4b643d73363897b20e39d11354c26f2e68ef25f07c6fc79,true,original object SHA-256=9dff53d13ad0965ad4b643d73363897b20e39d11354c26f2e68ef25f07c6fc79 equals APK image SHA; legacy filename IDX=329 maps to songlist.idx,confirmed,01a00092-402f-7306-b805-7fe1f6b9089c,01a00092-402f-737e-936a-418caea782b1,covered,confirmed
arcaea:ultradiaxon:default,ultradiaxon,384,ultradiaxon-N3,"{""en"":""ultradiaxon-N3""}",nitro (lowiro),single,,1712016000,1,default,,,,,,,,assets/songs/dl_ultradiaxon/1080_base.jpg,3fd23f42859a36f3838c085311417b44ad47a1cbbd3605de415164c5051022cf,2,assets/songs/dl_ultradiaxon/1080_base.jpg;assets/songs/dl_ultradiaxon/1080_base_256.jpg,c2b58dcad54203645057a859524789f59cfd5ca13613b610d04ad087b58aac90,384;768,384;768,image/jpeg,3fd23f42859a36f3838c085311417b44ad47a1cbbd3605de415164c5051022cf;6e9bb063d507b8571e631727795817e50bd941a6260b6fe20c2aec3d830756f0,true,original object SHA-256=3fd23f42859a36f3838c085311417b44ad47a1cbbd3605de415164c5051022cf equals APK image SHA; legacy filename IDX=384 maps to songlist.idx,confirmed,01a00092-412c-7572-90ec-05647bc3364a,01a00092-412c-7009-8b47-459ced2e9d7a,covered,confirmed
arcaea:undefined:default,undefined,508,undefined,"{""en"":""undefined""}",planless & 乃花こより,extend_4,,1766534400,1,default,,,,,,,,assets/songs/dl_undefined/1080_base.jpg,a09f4cac3b1838ebd39f0c6c43ba7f947114bad193d27dcf42981ef218d85fee,2,assets/songs/dl_undefined/1080_base.jpg;assets/songs/dl_undefined/1080_base_256.jpg,c2b58dcad54203645057a859524789f59cfd5ca13613b610d04ad087b58aac90,384;768,384;768,image/jpeg,a09f4cac3b1838ebd39f0c6c43ba7f947114bad193d27dcf42981ef218d85fee;c2d7b15db521e7468ca9c67441b576ecd2a9506bd64f7a47b15dd358b8353139,true,original object SHA-256=a09f4cac3b1838ebd39f0c6c43ba7f947114bad193d27dcf42981ef218d85fee equals APK image SHA; legacy filename IDX=508 maps to songlist.idx,confirmed,01a00092-4249-7107-84b4-4a63322461a9,01a00092-4249-7018-a6a3-e5ba2741fc7e,covered,confirmed
arcaea:undyingmacula:default,undyingmacula,491,Undying Macula,"{""en"":""Undying Macula""}",Ashrount,eclipse,,1759363205,1,default,,,,,,,,assets/songs/dl_undyingmacula/1080_base.jpg,50838fb7a2d9f29e5417ae6062f461fe96d29b22c889e54c4f6cd53043a793cf,2,assets/songs/dl_undyingmacula/1080_base.jpg;assets/songs/dl_undyingmacula/1080_base_256.jpg,c2b58dcad54203645057a859524789f59cfd5ca13613b610d04ad087b58aac90,384;768,384;768,image/jpeg,50838fb7a2d9f29e5417ae6062f461fe96d29b22c889e54c4f6cd53043a793cf;d2c3f613a0b32f1688fb87fe12e8f15e38e4831227a52aaf1da45d9da795498f,true,Current song-linked semantic slot has no Catalog Resource match,unknown,,,missing-from-catalog,unmatched
arcaea:unknownlevels:default,unknownlevels,340,UNKNOWN LEVELS,"{""en"":""UNKNOWN LEVELS""}",Yuta Imai,eden,,1692230405,1,default,,,,,,,,assets/songs/dl_unknownlevels/1080_base.jpg,7e10c1551043470910c40f6ca4d727f6e020b7455c301ac59c13b094061a5e44,2,assets/songs/dl_unknownlevels/1080_base.jpg;assets/songs/dl_unknownlevels/1080_base_256.jpg,c2b58dcad54203645057a859524789f59cfd5ca13613b610d04ad087b58aac90,384;768,384;768,image/jpeg,7e10c1551043470910c40f6ca4d727f6e020b7455c301ac59c13b094061a5e44;b32b39ce5463377cb188fa29efcfb466a754910392c1fb60485487d1ead6def7,true,original object SHA-256=7e10c1551043470910c40f6ca4d727f6e020b7455c301ac59c13b094061a5e44 equals APK image SHA; legacy filename IDX=340 maps to songlist.idx,confirmed,01a00092-4491-74bd-ad79-da19a364307e,01a00092-4491-7b25-bf96-b3cda72e4459,covered,confirmed
arcaea:unknownnum:default,unknownnum,521,+1(UNKNOWN)-NUMBER,"{""en"":""+1(UNKNOWN)-NUMBER""}",MEMODEMO × AQUASINE ^ (hackerling),single,,1771459202,1,default,,,,,,,,assets/songs/dl_unknownnum/1080_base.jpg,cf64e850b5387cc359f224a21ca5d1eee54159576f58c73bca6aea66f9d0129a,2,assets/songs/dl_unknownnum/1080_base.jpg;assets/songs/dl_unknownnum/1080_base_256.jpg,c2b58dcad54203645057a859524789f59cfd5ca13613b610d04ad087b58aac90,384;768,384;768,image/jpeg,cf64e850b5387cc359f224a21ca5d1eee54159576f58c73bca6aea66f9d0129a;ef27c40e54a7a54c83315519ff219c317b41ebc5bc90ca9993308b85aa1c63a5,true,original object SHA-256=cf64e850b5387cc359f224a21ca5d1eee54159576f58c73bca6aea66f9d0129a equals APK image SHA; legacy filename IDX=521 maps to songlist.idx,confirmed,01a00090-2d31-7849-8fcf-a4c98c88a10a,01a00090-2d31-78ab-afa0-f9fef33c618d,covered,confirmed
arcaea:unresolved:random:default,,,,,,,,,,default,,,,,,,,assets/songs/random/1080_base.jpg,f8d9197b14dd3725cfea166d93ccfc1364e6a309d546aace4032f91e873dc705,2,assets/songs/random/1080_base.jpg;assets/songs/random/1080_base_256.jpg,c2b58dcad54203645057a859524789f59cfd5ca13613b610d04ad087b58aac90,384;768,384;768,image/jpeg,1ddf33a0ddd39aca7d587601f75da7dc7f0aac992250a043fd129f7a8ba2316d;f8d9197b14dd3725cfea166d93ccfc1364e6a309d546aace4032f91e873dc705,false,APK image directory is not linked to a normal songlist record,low,01a00091-e535-7dc8-80e8-52cd781dd017,01a00091-e535-7bdb-8456-46e7007c7991,not-current-song,unresolved
arcaea:unresolved:tutorial:default,,,,,,,,,,default,,,,,,,,assets/songs/tutorial/base.jpg,bd71875762034d5c6219c45dada151b02f0eb437d1eec909b97c7e41a7b976d2,2,assets/songs/tutorial/base.jpg;assets/songs/tutorial/base_256.jpg,c2b58dcad54203645057a859524789f59cfd5ca13613b610d04ad087b58aac90,256;512,256;512,image/jpeg,bd71875762034d5c6219c45dada151b02f0eb437d1eec909b97c7e41a7b976d2;d0686a1f90e671756e47ec3bbd92f2c19aca81b16b9d19d92cfb5f586b7b86c6,false,APK image directory is not linked to a normal songlist record,low,01a00092-3eb3-73d1-9122-bed92921408b,01a00092-3eb3-7f29-b734-af7a7601edf3,not-current-song,unresolved
arcaea:usedtobe:default,usedtobe,328,Used to be,"{""en"":""Used to be""}",KIVΛ,cytusii,,1687910405,0,default,,,,,,,,assets/songs/dl_usedtobe/1080_base.jpg,c579c1575bbd21f3455d7004a7f56dbef7e902732c61b2d4dbe35133ddaa6c07,2,assets/songs/dl_usedtobe/1080_base.jpg;assets/songs/dl_usedtobe/1080_base_256.jpg,c2b58dcad54203645057a859524789f59cfd5ca13613b610d04ad087b58aac90,384;768,384;768,image/jpeg,0da542350f8ddf2d1ec0b21285c96190dc85da318c07f1fb7c3b3774286fa208;c579c1575bbd21f3455d7004a7f56dbef7e902732c61b2d4dbe35133ddaa6c07,true,original object SHA-256=c579c1575bbd21f3455d7004a7f56dbef7e902732c61b2d4dbe35133ddaa6c07 equals APK image SHA; legacy filename IDX=328 maps to songlist.idx,confirmed,01a00092-46ad-75f9-a252-ba8b8a26354b,01a00092-46ad-7921-a49c-e6b0f2ba0eda,covered,confirmed
arcaea:vainspire:default,vainspire,488,Vainspire,"{""en"":""Vainspire""}",satella,eclipse,,1759363202,1,default,,,,,,,,assets/songs/dl_vainspire/1080_base.jpg,1e41bb9caf74409e8908dfb00c32d6e6d2d75831e3ce8066ba75ad0022cfa277,2,assets/songs/dl_vainspire/1080_base.jpg;assets/songs/dl_vainspire/1080_base_256.jpg,c2b58dcad54203645057a859524789f59cfd5ca13613b610d04ad087b58aac90,384;768,384;768,image/jpeg,1e41bb9caf74409e8908dfb00c32d6e6d2d75831e3ce8066ba75ad0022cfa277;d58e6c4b7ea3efbdff29261fc19f5d9a2486b6b063b0827d4cecc5357d7fa111,true,original object SHA-256=1e41bb9caf74409e8908dfb00c32d6e6d2d75831e3ce8066ba75ad0022cfa277 equals APK image SHA; legacy filename IDX=488 maps to songlist.idx,confirmed,01a00092-47ad-73be-a5b3-63106b74acfd,01a00092-47ad-71e6-9070-f4c2f7466e40,covered,confirmed
arcaea:valhallazero:default,valhallazero,135,Valhalla:0,"{""en"":""Valhalla:0""}",Juggernaut.,omatsuri,,1566432004,1,default,,,,,,,,assets/songs/dl_valhallazero/1080_base.jpg,19b73d906f364cd6739daedcf7d268a6f2bee35be36685ea045af61db020a3d9,2,assets/songs/dl_valhallazero/1080_base.jpg;assets/songs/dl_valhallazero/1080_base_256.jpg,c2b58dcad54203645057a859524789f59cfd5ca13613b610d04ad087b58aac90,384;768,384;768,image/jpeg,19b73d906f364cd6739daedcf7d268a6f2bee35be36685ea045af61db020a3d9;c96ac2f0b1e5fdaa4b4aa114ee4c91e4afebc2f4eb3d5c2251c6d829b203ee93,true,original object SHA-256=19b73d906f364cd6739daedcf7d268a6f2bee35be36685ea045af61db020a3d9 equals APK image SHA; legacy filename IDX=135 maps to songlist.idx,confirmed,01a00092-48b7-767f-ac6d-8b1d5c130227,01a00092-48b8-7beb-acfc-948cac118c08,covered,confirmed
arcaea:vallista:default,vallista,523,Vallista,"{""en"":""Vallista""}",Sakuzyo,extend_4,,1773014401,0,default,,,,,,,,assets/songs/dl_vallista/1080_base.jpg,dc70ec7dbfccbcb6d28f67c5439f6512e920bb7e817f7dada8e9c72a67b10738,2,assets/songs/dl_vallista/1080_base.jpg;assets/songs/dl_vallista/1080_base_256.jpg,c2b58dcad54203645057a859524789f59cfd5ca13613b610d04ad087b58aac90,384;768,384;768,image/jpeg,c2bf4bbf1a3ecd0b6d5cf428a012013895d9163f6db58d8bb10c47ea7e744354;dc70ec7dbfccbcb6d28f67c5439f6512e920bb7e817f7dada8e9c72a67b10738,true,original object SHA-256=dc70ec7dbfccbcb6d28f67c5439f6512e920bb7e817f7dada8e9c72a67b10738 equals APK image SHA; legacy filename IDX=523 maps to songlist.idx,confirmed,01a00092-49cd-7511-804b-82d6c45430e7,01a00092-49cd-7de7-a955-20d8e7253047,covered,confirmed
arcaea:vandalism:default,vandalism,217,Vandalism,"{""en"":""Vandalism""}",Ashrount,extend,,1620691208,1,default,,,,,,,,assets/songs/dl_vandalism/1080_base.jpg,82bbc798e7484b910f55745809d03a43c8f6d5bcc868c4ef2dad409b41a2401f,2,assets/songs/dl_vandalism/1080_base.jpg;assets/songs/dl_vandalism/1080_base_256.jpg,c2b58dcad54203645057a859524789f59cfd5ca13613b610d04ad087b58aac90,384;768,385;770,image/jpeg,82bbc798e7484b910f55745809d03a43c8f6d5bcc868c4ef2dad409b41a2401f;bdabfc4f7986769344d1f884186d6e223817948661c0ae83d22bcd995dae54f7,true,original object SHA-256=82bbc798e7484b910f55745809d03a43c8f6d5bcc868c4ef2dad409b41a2401f equals APK image SHA; legacy filename IDX=217 maps to songlist.idx,confirmed,01a00092-4abc-78c8-8c41-bf3fe1372f8f,01a00092-4abd-7022-8b0d-19b2aadf263e,covered,confirmed
arcaea:vector:default,vector,120,VECTOЯ,"{""en"":""VECTOЯ""}",WHITEFISTS,base,,1556755200,1,default,,,,,,,,assets/songs/dl_vector/1080_base.jpg,66f985f424ecb8b58a65c8144c61854f77714aad62507470c6d70b35b282e525,2,assets/songs/dl_vector/1080_base.jpg;assets/songs/dl_vector/1080_base_256.jpg,c2b58dcad54203645057a859524789f59cfd5ca13613b610d04ad087b58aac90,384;768,384;768,image/jpeg,66914b9b5302d1938d97a91c7673e63a126aaa0ae7934dd2266ac7d2c56759e3;66f985f424ecb8b58a65c8144c61854f77714aad62507470c6d70b35b282e525,true,original object SHA-256=66f985f424ecb8b58a65c8144c61854f77714aad62507470c6d70b35b282e525 equals APK image SHA; legacy filename IDX=120 maps to songlist.idx,confirmed,01a00092-4bcc-72a3-b981-c8dcc657a2a6,01a00092-4bcd-75c4-910f-f35db992a2c5,covered,confirmed
arcaea:vexaria:default,vexaria,13,Vexaria,"{""en"":""Vexaria""}",ak+q,base,,1487980802,0,default,,,,BYD,,,,assets/songs/vexaria/1080_base.jpg,a6f654941bfa9e25c831f896b88b61ded6366e9fb6db9d21018ea9118265912f,2,assets/songs/vexaria/1080_base.jpg;assets/songs/vexaria/1080_base_256.jpg,c2b58dcad54203645057a859524789f59cfd5ca13613b610d04ad087b58aac90,384;768,384;768,image/jpeg,276286b26ee80761259055df2f12d44021ac417f5d84218efd89157176db4ddb;a6f654941bfa9e25c831f896b88b61ded6366e9fb6db9d21018ea9118265912f,true,original object SHA-256=a6f654941bfa9e25c831f896b88b61ded6366e9fb6db9d21018ea9118265912f equals APK image SHA; legacy filename IDX=13 maps to songlist.idx,confirmed,01a00092-4d76-70f3-b6f8-681c8e82fbff,01a00092-4d76-712e-a71a-9b65800b5de8,covered,confirmed
arcaea:vexaria:difficulty:BYD,vexaria,13,Vexaria,"{""en"":""Vexaria""}",ak+q,base,,1487980802,0,difficulty-specific,BYD,3,True,BYD,,,,assets/songs/vexaria/1080_3.jpg,59bdebe4ae85374bc481108822c114d8040090ec8f025d644089bab345284882,2,assets/songs/vexaria/1080_3.jpg;assets/songs/vexaria/1080_3_256.jpg,c2b58dcad54203645057a859524789f59cfd5ca13613b610d04ad087b58aac90,384;768,384;768,image/jpeg,506f7a01038425e7dc22da6c004ac8681f96d44ceb7cba080a5a325f2e50655f;59bdebe4ae85374bc481108822c114d8040090ec8f025d644089bab345284882,true,original object SHA-256=59bdebe4ae85374bc481108822c114d8040090ec8f025d644089bab345284882 equals APK image SHA; legacy filename IDX=13 maps to songlist.idx,confirmed,01a00092-4c90-78a4-a943-3da98a351121,01a00092-4c90-779b-a785-f904dabedbac,covered,confirmed
arcaea:viciousheroism:default,viciousheroism,116,Vicious Heroism,"{""en"":""Vicious Heroism""}",Kobaryo,zettai,,1553126405,1,default,,,,BYD,,,,assets/songs/dl_viciousheroism/1080_base.jpg,065571ac25b5e1b09d238eb51abedf4fb4896ef088f037cbbedb06a1e82320b4,2,assets/songs/dl_viciousheroism/1080_base.jpg;assets/songs/dl_viciousheroism/1080_base_256.jpg,c2b58dcad54203645057a859524789f59cfd5ca13613b610d04ad087b58aac90,384;768,384;768,image/jpeg,065571ac25b5e1b09d238eb51abedf4fb4896ef088f037cbbedb06a1e82320b4;4e7bffca5094f551dfc347af08fcb25573a9dc1663297f3d870c513d1afb6b7e,true,original object SHA-256=065571ac25b5e1b09d238eb51abedf4fb4896ef088f037cbbedb06a1e82320b4 equals APK image SHA; legacy filename IDX=116 maps to songlist.idx,confirmed,01a00092-4f86-795d-b2f5-18a814743413,01a00092-4f86-7e5c-8794-982ab583f693,covered,confirmed
arcaea:viciousheroism:difficulty:BYD,viciousheroism,116,Vicious Heroism,"{""en"":""Vicious Heroism""}",Kobaryo,zettai,,1553126405,1,difficulty-specific,BYD,3,True,BYD,,"{""en"":""Vicious [ANTi] Heroism""}",True,assets/songs/dl_viciousheroism/1080_3.jpg,d8d592e61cf03b47286084b0071fd66361bc4265a50d05d444dc6793c1b32552,2,assets/songs/dl_viciousheroism/1080_3.jpg;assets/songs/dl_viciousheroism/1080_3_256.jpg,c2b58dcad54203645057a859524789f59cfd5ca13613b610d04ad087b58aac90,384;768,384;768,image/jpeg,58068ad63d250b0f6df7af3d9ecc17ac14c7483e36635d9803c51f8fe63a59f9;d8d592e61cf03b47286084b0071fd66361bc4265a50d05d444dc6793c1b32552,true,original object SHA-256=d8d592e61cf03b47286084b0071fd66361bc4265a50d05d444dc6793c1b32552 equals APK image SHA; legacy filename IDX=116 maps to songlist.idx,confirmed,01a00092-4e58-77e5-be17-bcb86c78f22f,01a00092-4e58-7853-8eed-14f2f4beae4a,covered,confirmed
arcaea:vindication:default,vindication,128,Vindication,"{""en"":""Vindication""}",Laur,prelude,,1563408002,0,default,,,,,,,,assets/songs/dl_vindication/1080_base.jpg,60d805d3dc89112c4a48e9f92f7469fc35da58b03b0833bc56b79aa46c13a91f,2,assets/songs/dl_vindication/1080_base.jpg;assets/songs/dl_vindication/1080_base_256.jpg,c2b58dcad54203645057a859524789f59cfd5ca13613b610d04ad087b58aac90,384;768,384;768,image/jpeg,60d805d3dc89112c4a48e9f92f7469fc35da58b03b0833bc56b79aa46c13a91f;86e8fc9cf39255b1475c5cc013fc4bfa4e18c1ca899a7a169410a29417dad029,true,original object SHA-256=60d805d3dc89112c4a48e9f92f7469fc35da58b03b0833bc56b79aa46c13a91f equals APK image SHA; legacy filename IDX=128 maps to songlist.idx,confirmed,01a00092-508b-71f4-a8af-796ccdc7c12a,01a00092-508b-71a6-ab34-a0ef87b4c98e,covered,confirmed
arcaea:violaillyria:default,violaillyria,487,Viola Illyria,"{""en"":""Viola Illyria""}",Kolaa,eclipse,,1759363201,0,default,,,,,,,,assets/songs/dl_violaillyria/1080_base.jpg,cb9d792a5f95c8b23c66eec3667262fcbe32d11306e559c1d9012a6d8fa8d4ce,2,assets/songs/dl_violaillyria/1080_base.jpg;assets/songs/dl_violaillyria/1080_base_256.jpg,c2b58dcad54203645057a859524789f59cfd5ca13613b610d04ad087b58aac90,384;768,384;768,image/jpeg,ab8e431cf78f7109aff3990955f5ecf5e8adbd01993efacd77181e1d482df2bc;cb9d792a5f95c8b23c66eec3667262fcbe32d11306e559c1d9012a6d8fa8d4ce,true,original object SHA-256=cb9d792a5f95c8b23c66eec3667262fcbe32d11306e559c1d9012a6d8fa8d4ce equals APK image SHA; legacy filename IDX=487 maps to songlist.idx,confirmed,01a00092-51a8-7e21-8520-c35e862570cb,01a00092-51a8-7cf6-a02e-b81835935880,covered,confirmed
arcaea:virtus:default,virtus,441,ViRTUS,"{""en"":""ViRTUS""}",Hiro,maimai_append_2,,1737417602,0,default,,,,,,,,assets/songs/dl_virtus/1080_base.jpg,099ff9361329591028e8c371ad7eeef12e0d6207d1c260c74e7ea317fcb20bc4,2,assets/songs/dl_virtus/1080_base.jpg;assets/songs/dl_virtus/1080_base_256.jpg,c2b58dcad54203645057a859524789f59cfd5ca13613b610d04ad087b58aac90,384;768,384;768,image/jpeg,099ff9361329591028e8c371ad7eeef12e0d6207d1c260c74e7ea317fcb20bc4;c1596c3a31d1158b2258153094211c7128231cb7a765d2b11767bb6d6e0e38e1,true,original object SHA-256=099ff9361329591028e8c371ad7eeef12e0d6207d1c260c74e7ea317fcb20bc4 equals APK image SHA; legacy filename IDX=441 maps to songlist.idx,confirmed,01a00092-52d2-7652-b2b9-210415c20412,01a00092-52d2-7474-8278-9a386434a6c3,covered,confirmed
arcaea:vividtheory:default,vividtheory,166,Vivid Theory,"{""en"":""Vivid Theory""}",ak+q,extend,,1590537607,0,default,,,,,,,,assets/songs/dl_vividtheory/1080_base.jpg,c3aefc91f2f0df63b80130392c5c26824968d60fc385eeda1654228f0ece4a5d,2,assets/songs/dl_vividtheory/1080_base.jpg;assets/songs/dl_vividtheory/1080_base_256.jpg,c2b58dcad54203645057a859524789f59cfd5ca13613b610d04ad087b58aac90,384;768,384;768,image/jpeg,c3aefc91f2f0df63b80130392c5c26824968d60fc385eeda1654228f0ece4a5d;d6da75a9aef76b9e0ff30deadb509f5668e48e317974e5456e9c08a2fce9498a,true,original object SHA-256=c3aefc91f2f0df63b80130392c5c26824968d60fc385eeda1654228f0ece4a5d equals APK image SHA; legacy filename IDX=166 maps to songlist.idx,confirmed,01a00092-540e-794b-821a-822e83686439,01a00092-540e-71f6-980c-73c24a03485e,covered,confirmed
arcaea:viyella:default,viyella,3,cry of viyella,"{""en"":""cry of viyella""}",Laur,core,,1487980811,1,default,,,,,,,,assets/songs/dl_viyella/1080_base.jpg,2c5b40077af2bf47b9bff97bbf7e742f480e8f8aec1480a1fc389a07e3beffae,2,assets/songs/dl_viyella/1080_base.jpg;assets/songs/dl_viyella/1080_base_256.jpg,c2b58dcad54203645057a859524789f59cfd5ca13613b610d04ad087b58aac90,384;768,384;768,image/jpeg,2c5b40077af2bf47b9bff97bbf7e742f480e8f8aec1480a1fc389a07e3beffae;d302def248edde929726efea77b9f733b9b88bcd801fa3ad369b17e235f47581,true,original object SHA-256=2c5b40077af2bf47b9bff97bbf7e742f480e8f8aec1480a1fc389a07e3beffae equals APK image SHA; legacy filename IDX=3 maps to songlist.idx,confirmed,01a00090-d002-7f97-aec8-3c543de1cce0,01a00090-d003-727d-bc5f-301a5b50b9a1,covered,confirmed
arcaea:viyellastears:default,viyellastears,193,Viyella's Tears,"{""en"":""Viyella's Tears""}",Laur,ongeki,,1608163202,1,default,,,,,,,,assets/songs/dl_viyellastears/base.jpg,396b8d8eedc3ea3c50f0048e738265384798dd80a0444a8d79f53de331a02f07,2,assets/songs/dl_viyellastears/base.jpg;assets/songs/dl_viyellastears/base_256.jpg,c2b58dcad54203645057a859524789f59cfd5ca13613b610d04ad087b58aac90,256;512,256;512,image/jpeg,396b8d8eedc3ea3c50f0048e738265384798dd80a0444a8d79f53de331a02f07;e303076a7da92eeacce6b467bb966ed58c2570c655882a58d6b509fe9295c822,true,original object SHA-256=396b8d8eedc3ea3c50f0048e738265384798dd80a0444a8d79f53de331a02f07 equals APK image SHA; legacy filename IDX=193 maps to songlist.idx,confirmed,01a00092-5510-7f6c-83ec-f4b9aa34265a,01a00092-5510-7d90-b03a-031aacfaf42f,covered,confirmed
arcaea:vulcanus:default,vulcanus,412,Vulcānus,"{""en"":""Vulcānus"",""ko_dialog"":""Vulcanus""}",Team Grimoire vs Aoi,rotaeno,,1724889605,0,default,,,,,,,,assets/songs/dl_vulcanus/1080_base.jpg,28a6de88ee538e5cff6d7b594bf472395628be20e0815d9231599955b26d5b26,2,assets/songs/dl_vulcanus/1080_base.jpg;assets/songs/dl_vulcanus/1080_base_256.jpg,c2b58dcad54203645057a859524789f59cfd5ca13613b610d04ad087b58aac90,384;768,384;768,image/jpeg,28a6de88ee538e5cff6d7b594bf472395628be20e0815d9231599955b26d5b26;fc223dc6525981c498f11d14cc063bd85c2085231eb5bef85b41cb2c423b8732,true,original object SHA-256=28a6de88ee538e5cff6d7b594bf472395628be20e0815d9231599955b26d5b26 equals APK image SHA; legacy filename IDX=412 maps to songlist.idx,confirmed,01a00092-56fc-73d6-8476-8f7799261b75,01a00092-56fc-7418-b282-8eaf0369b55a,covered,confirmed
arcaea:waitfordawn:default,waitfordawn,337,WAIT FOR DAWN,"{""en"":""WAIT FOR DAWN""}",U-ske feat. 棗いつき,eden,,1692230402,0,default,,,,,,,,assets/songs/dl_waitfordawn/1080_base.jpg,80a715d877baa297352ccead1e9c07f57cc14a112a2ba7f44a8aa829e4521efd,2,assets/songs/dl_waitfordawn/1080_base.jpg;assets/songs/dl_waitfordawn/1080_base_256.jpg,c2b58dcad54203645057a859524789f59cfd5ca13613b610d04ad087b58aac90,384;768,384;768,image/jpeg,47fc3550c254b754bbf773a66922552168316d3994eb0d47e7c71b26114549fe;80a715d877baa297352ccead1e9c07f57cc14a112a2ba7f44a8aa829e4521efd,true,original object SHA-256=80a715d877baa297352ccead1e9c07f57cc14a112a2ba7f44a8aa829e4521efd equals APK image SHA; legacy filename IDX=337 maps to songlist.idx,confirmed,01a00092-581b-7736-aeb8-5b772fbeb992,01a00092-581b-7eeb-b709-52c41df70d75,covered,confirmed
arcaea:waltzforlorelei:default,waltzforlorelei,408,Waltz for Lorelei,"{""en"":""Waltz for Lorelei""}",Sobrem & 庭師,rotaeno,,1724889601,0,default,,,,,,,,assets/songs/dl_waltzforlorelei/1080_base.jpg,03e411531630e1ff9400aa6daceb50fecf0d60d75b6e0a7731939dbe1dbc92b1,2,assets/songs/dl_waltzforlorelei/1080_base.jpg;assets/songs/dl_waltzforlorelei/1080_base_256.jpg,c2b58dcad54203645057a859524789f59cfd5ca13613b610d04ad087b58aac90,384;768,384;768,image/jpeg,03e411531630e1ff9400aa6daceb50fecf0d60d75b6e0a7731939dbe1dbc92b1;11420ed9fc4f66a101ac880fd001a8359fc76e961d4b3dd4eacd1f8fe6c30c74,true,original object SHA-256=03e411531630e1ff9400aa6daceb50fecf0d60d75b6e0a7731939dbe1dbc92b1 equals APK image SHA; legacy filename IDX=408 maps to songlist.idx,confirmed,01a00092-592a-7523-92e8-cfdb818e9936,01a00092-592a-7977-a773-4c8fab0b5764,covered,confirmed
arcaea:welcomequeen:default,welcomequeen,482,"Welcome, Queen of Fiction.","{""en"":""Welcome, Queen of Fiction.""}",打打だいず,anima_append_1,,1755734404,1,default,,,,,,,,assets/songs/dl_welcomequeen/1080_base.jpg,2d91265bd299f2c4060652392ecbecc0fa5fd42807c0ed29a06c1c57641d7690,2,assets/songs/dl_welcomequeen/1080_base.jpg;assets/songs/dl_welcomequeen/1080_base_256.jpg,c2b58dcad54203645057a859524789f59cfd5ca13613b610d04ad087b58aac90,384;768,384;768,image/jpeg,2d91265bd299f2c4060652392ecbecc0fa5fd42807c0ed29a06c1c57641d7690;bf25e32385ddcab4c508f0eba7cc1559c4a7348fc2db104365d5e1e37edc6f42,true,original object SHA-256=2d91265bd299f2c4060652392ecbecc0fa5fd42807c0ed29a06c1c57641d7690 equals APK image SHA; legacy filename IDX=482 maps to songlist.idx,confirmed,01a00092-5b12-79e2-b5b8-e97a27410fa7,01a00092-5b12-7144-95df-04c5320724ec,covered,confirmed
arcaea:wereallgonnadie:default,wereallgonnadie,471,We're All Gonna Die,"{""en"":""We're All Gonna Die""}",Paul Bazooka,djmax_append_1,,1750896007,1,default,,,,,,,,assets/songs/dl_wereallgonnadie/1080_base.jpg,bdb9045aff681d8d33f8963c83a35e896cd70c7a9357824be4cf060f0b58d7e8,2,assets/songs/dl_wereallgonnadie/1080_base.jpg;assets/songs/dl_wereallgonnadie/1080_base_256.jpg,c2b58dcad54203645057a859524789f59cfd5ca13613b610d04ad087b58aac90,384;768,384;768,image/jpeg,496dfd94f5ef114070c4fbbd090875893f8eaffde9ef10ff6bf912a531cde14e;bdb9045aff681d8d33f8963c83a35e896cd70c7a9357824be4cf060f0b58d7e8,true,original object SHA-256=bdb9045aff681d8d33f8963c83a35e896cd70c7a9357824be4cf060f0b58d7e8 equals APK image SHA; legacy filename IDX=471 maps to songlist.idx,confirmed,01a00092-5a34-7c81-b06a-8550dd6aa80c,01a00092-5a34-78b1-8e33-b82c73a4c904,covered,confirmed
arcaea:wishuponasnow:default,wishuponasnow,363,Wish Upon a Snow,"{""en"":""Wish Upon a Snow""}",打打だいず,single,,1701302406,0,default,,,,,,,,assets/songs/dl_wishuponasnow/1080_base.jpg,61ee35213b94ba82db72f535d471ed1bb028ce4cfe077a279cf35494a19fcdc8,2,assets/songs/dl_wishuponasnow/1080_base.jpg;assets/songs/dl_wishuponasnow/1080_base_256.jpg,c2b58dcad54203645057a859524789f59cfd5ca13613b610d04ad087b58aac90,384;768,384;768,image/jpeg,61ee35213b94ba82db72f535d471ed1bb028ce4cfe077a279cf35494a19fcdc8;b67b9ef1bd4632a52eabc2a2929f52ac682a10f805bb6c9c7d1a62038d303ac6,true,original object SHA-256=61ee35213b94ba82db72f535d471ed1bb028ce4cfe077a279cf35494a19fcdc8 equals APK image SHA; legacy filename IDX=363 maps to songlist.idx,confirmed,01a00092-5c2e-7e05-8fc2-3aeb96ea528b,01a00092-5c2e-7194-bc59-0938dbcc35ec,covered,confirmed
arcaea:withu:default,withu,229,with U,"{""en"":""with U""}",t+pazolite & Massive New Krew feat. リリィ(CV:青木志貴),wacca,,1628553601,0,default,,,,,,,,assets/songs/dl_withu/1080_base.jpg,32ed8c594a0218bb0b6a90593f03fc78ef928e39eae85ea15d4bae5e5d8f248e,2,assets/songs/dl_withu/1080_base.jpg;assets/songs/dl_withu/1080_base_256.jpg,c2b58dcad54203645057a859524789f59cfd5ca13613b610d04ad087b58aac90,384;768,384;768,image/jpeg,32ed8c594a0218bb0b6a90593f03fc78ef928e39eae85ea15d4bae5e5d8f248e;ba3b6cc8dbf46b3dd680919b9d62bae7fc76e694ed165b42afa63bb0001cb493,true,original object SHA-256=32ed8c594a0218bb0b6a90593f03fc78ef928e39eae85ea15d4bae5e5d8f248e equals APK image SHA; legacy filename IDX=229 maps to songlist.idx,confirmed,01a00092-5d31-7cf7-bc9d-eacbedaef8d4,01a00092-5d31-7e62-880d-6c23ee9572e6,covered,confirmed
arcaea:wontbackdown:default,wontbackdown,456,Won't Back Down,"{""en"":""Won't Back Down""}",Pure 100% / KASA,extend_3,,1747872000,1,default,,,,,,,,assets/songs/dl_wontbackdown/1080_base.jpg,d73a0db6c2a779744f8b0df42e054fb7ccdf44ce4161c56bf6c55991e4e26830,2,assets/songs/dl_wontbackdown/1080_base.jpg;assets/songs/dl_wontbackdown/1080_base_256.jpg,c2b58dcad54203645057a859524789f59cfd5ca13613b610d04ad087b58aac90,384;768,384;768,image/jpeg,d73a0db6c2a779744f8b0df42e054fb7ccdf44ce4161c56bf6c55991e4e26830;fe2dc99cf95656dea44b1b8ea1c9f5255c90fc09c1a369dc9189a82b5366a96e,true,original object SHA-256=d73a0db6c2a779744f8b0df42e054fb7ccdf44ce4161c56bf6c55991e4e26830 equals APK image SHA; legacy filename IDX=456 maps to songlist.idx,confirmed,01a00092-5e20-7cfa-98c1-02fa04168a40,01a00092-5e20-7685-b71b-14a227912021,covered,confirmed
arcaea:worldender:default,worldender,277,World Ender,"{""en"":""World Ender"",""ja"":""魔王""}",sasakure.UK × TJ.hangneil,finale,,1657152006,0,default,,,,,,,,assets/songs/dl_worldender/1080_base.jpg,47f1644c6e7954d3fd002a5f54f67e11b268bb61a3e019abe3a65d5366c3fdb0,2,assets/songs/dl_worldender/1080_base.jpg;assets/songs/dl_worldender/1080_base_256.jpg,c2b58dcad54203645057a859524789f59cfd5ca13613b610d04ad087b58aac90,384;768,384;768,image/jpeg,42b7156db15b8f14a47f391a1498853c26cbf1ae110aebcecde8d732c04147e7;47f1644c6e7954d3fd002a5f54f67e11b268bb61a3e019abe3a65d5366c3fdb0,true,original object SHA-256=47f1644c6e7954d3fd002a5f54f67e11b268bb61a3e019abe3a65d5366c3fdb0 equals APK image SHA; legacy filename IDX=277 maps to songlist.idx,confirmed,01a00090-50fe-7707-86ac-acfab8ff5a5b,01a00090-50fe-70ab-875d-f181286d76c9,covered,confirmed
arcaea:worldexecuteme:default,worldexecuteme,150,world.execute(me);,"{""en"":""world.execute(me);""}",Mili,base,,1582243200,0,default,,,,,,,,assets/songs/worldexecuteme/1080_base.jpg,8b843ec95eb32f600f6082ab6522205e2f3c495db049145b0a2bfdec87111ca6,2,assets/songs/worldexecuteme/1080_base.jpg;assets/songs/worldexecuteme/1080_base_256.jpg,c2b58dcad54203645057a859524789f59cfd5ca13613b610d04ad087b58aac90,384;768,384;768,image/jpeg,69accd5aad2f8313ba5f4de68ecf0ea78342fe4060e8072a9a3b9dd2b1ed9744;8b843ec95eb32f600f6082ab6522205e2f3c495db049145b0a2bfdec87111ca6,true,original object SHA-256=8b843ec95eb32f600f6082ab6522205e2f3c495db049145b0a2bfdec87111ca6 equals APK image SHA; legacy filename IDX=150 maps to songlist.idx,confirmed,01a00092-612b-7293-b069-e6a5d0c7c6ab,01a00092-612b-78e4-895d-e4ef125c5b2e,covered,confirmed
arcaea:worldfragments:default,worldfragments,296,World Fragments III(radio edit),"{""en"":""World Fragments III(radio edit)""}",xi,extend_2,,1674691202,0,default,,,,,,,,assets/songs/dl_worldfragments/1080_base.jpg,6c01e6c8190f6a15ebfaaf38c8f643a64f6d68d96d5a7939ab9fd753802b8a01,2,assets/songs/dl_worldfragments/1080_base.jpg;assets/songs/dl_worldfragments/1080_base_256.jpg,c2b58dcad54203645057a859524789f59cfd5ca13613b610d04ad087b58aac90,384;768,384;768,image/jpeg,64504819d16f48d1cde386cc3afcb8b5f761a8e4710c50adbc14771a5e0353f3;6c01e6c8190f6a15ebfaaf38c8f643a64f6d68d96d5a7939ab9fd753802b8a01,true,original object SHA-256=6c01e6c8190f6a15ebfaaf38c8f643a64f6d68d96d5a7939ab9fd753802b8a01 equals APK image SHA; legacy filename IDX=296 maps to songlist.idx,confirmed,01a00092-5f1c-750a-b8c5-f11662e8c8ff,01a00092-5f1d-762d-a4d6-fcf49ac4206f,covered,confirmed
arcaea:worldvanquisher:default,worldvanquisher,125,World Vanquisher,"{""en"":""World Vanquisher""}",void (Mournfinale),chunithm,,1558573202,0,default,,,,,,,,assets/songs/dl_worldvanquisher/1080_base.jpg,b075bc927bcaa984e475118c3e10315e754aac89baf2d68450bf570002a47167,2,assets/songs/dl_worldvanquisher/1080_base.jpg;assets/songs/dl_worldvanquisher/1080_base_256.jpg,c2b58dcad54203645057a859524789f59cfd5ca13613b610d04ad087b58aac90,384;768,384;768,image/jpeg,7f6998d16191c47096fb3dcd0c50894c13b879314c0e7a6af53a64cf7c744e76;b075bc927bcaa984e475118c3e10315e754aac89baf2d68450bf570002a47167,true,original object SHA-256=b075bc927bcaa984e475118c3e10315e754aac89baf2d68450bf570002a47167 equals APK image SHA; legacy filename IDX=125 maps to songlist.idx,confirmed,01a00092-600f-7146-b704-50997f0c78bf,01a00092-600f-79a9-83ac-e233e6ff34bb,covered,confirmed
arcaea:xanatos:default,xanatos,181,Xanatos,"{""en"":""Xanatos""}",Tatsh,single,,1605744000,1,default,,,,,,,,assets/songs/dl_xanatos/1080_base.jpg,ae3c8a4a0c8b46567e22cf78795203ffde2048fcadfa305c0845f93920ff1180,2,assets/songs/dl_xanatos/1080_base.jpg;assets/songs/dl_xanatos/1080_base_256.jpg,c2b58dcad54203645057a859524789f59cfd5ca13613b610d04ad087b58aac90,384;768,384;768,image/jpeg,ae3c8a4a0c8b46567e22cf78795203ffde2048fcadfa305c0845f93920ff1180;d7a8d3fdfe1833f5fabe81f0be846b95c3f049d77cd450bf29062a1f9d2459fd,true,original object SHA-256=ae3c8a4a0c8b46567e22cf78795203ffde2048fcadfa305c0845f93920ff1180 equals APK image SHA; legacy filename IDX=181 maps to songlist.idx,confirmed,01a00092-6230-75da-be42-711a3a9b4432,01a00092-6231-7523-bb8e-2ad36c71749c,covered,confirmed
arcaea:xeraphinite:default,xeraphinite,179,Xeraphinite,"{""en"":""Xeraphinite""}",BlackY,single,,1604016001,0,default,,,,,,,,assets/songs/dl_xeraphinite/1080_base.jpg,ee5eff6708b7bd1acb20a7a4231697b48a057b4478f23018d37344ccb8573080,2,assets/songs/dl_xeraphinite/1080_base.jpg;assets/songs/dl_xeraphinite/1080_base_256.jpg,c2b58dcad54203645057a859524789f59cfd5ca13613b610d04ad087b58aac90,384;768,384;768,image/jpeg,08f1240a34f7fe61bdee1ab8350df4dfb6c1bd4210692867cba5bb9e2629685c;ee5eff6708b7bd1acb20a7a4231697b48a057b4478f23018d37344ccb8573080,true,original object SHA-256=ee5eff6708b7bd1acb20a7a4231697b48a057b4478f23018d37344ccb8573080 equals APK image SHA; legacy filename IDX=179 maps to songlist.idx,confirmed,01a00092-635c-74b5-929d-e602421177da,01a00092-635c-7d7b-8ce3-c5c1337c2e49,covered,confirmed
arcaea:xterfusion:default,xterfusion,499,Xterfusion,"{""en"":""Xterfusion""}",REDALiCE × t+pazolite,single,,1761782406,1,default,,,,,,,,assets/songs/dl_xterfusion/1080_base.jpg,7fd18b1997b591a004df3c7aa2e5ee9f1839290a3faf0200ecd9e3a9531697e7,2,assets/songs/dl_xterfusion/1080_base.jpg;assets/songs/dl_xterfusion/1080_base_256.jpg,c2b58dcad54203645057a859524789f59cfd5ca13613b610d04ad087b58aac90,384;768,384;768,image/jpeg,1a842a823adb9a5ef314d2d3c146e953f90725f2121cf64b136c21fef8e236a6;7fd18b1997b591a004df3c7aa2e5ee9f1839290a3faf0200ecd9e3a9531697e7,true,original object SHA-256=7fd18b1997b591a004df3c7aa2e5ee9f1839290a3faf0200ecd9e3a9531697e7 equals APK image SHA; legacy filename IDX=499 maps to songlist.idx,confirmed,01a00092-6460-7b4c-98a9-5eda87cf7437,01a00092-6460-72b2-ba89-55f554576539,covered,confirmed
arcaea:xtreme:default,xtreme,359,XTREME,"{""en"":""XTREME""}",USAO,wacca_append_1,,1701302402,1,default,,,,,,,,assets/songs/dl_xtreme/1080_base.jpg,b3e6cc2ac693d80f0aafeb7fe15fc61814a8e92c204908873ee8778e1b543e66,2,assets/songs/dl_xtreme/1080_base.jpg;assets/songs/dl_xtreme/1080_base_256.jpg,c2b58dcad54203645057a859524789f59cfd5ca13613b610d04ad087b58aac90,384;768,384;768,image/jpeg,b3e6cc2ac693d80f0aafeb7fe15fc61814a8e92c204908873ee8778e1b543e66;cb711260a787825e4dccdf7ac6b2e0a7ff5fc788556036c1b0d11f249ca40dd9,true,original object SHA-256=b3e6cc2ac693d80f0aafeb7fe15fc61814a8e92c204908873ee8778e1b543e66 equals APK image SHA; legacy filename IDX=359 maps to songlist.idx,confirmed,01a00092-658c-7dc5-87db-37a2b997136b,01a00092-658c-7ab2-89aa-75d48b8084a9,covered,confirmed
arcaea:xxium:default,xxium,497,Xxium and Purple haze,"{""en"":""Xxium and Purple haze""}",D.watt,extend_4,,1761782404,1,default,,,,,,,,assets/songs/dl_xxium/1080_base.jpg,232f3e69941cd043acea73917d034700d7dc832523d856a87867fbe5a92215a6,2,assets/songs/dl_xxium/1080_base.jpg;assets/songs/dl_xxium/1080_base_256.jpg,c2b58dcad54203645057a859524789f59cfd5ca13613b610d04ad087b58aac90,384;768,384;768,image/jpeg,232f3e69941cd043acea73917d034700d7dc832523d856a87867fbe5a92215a6;dac589d6ec6bbc21af6956ffaf90b37f27637f3b409e16c0c9af2d949a98b105,true,original object SHA-256=232f3e69941cd043acea73917d034700d7dc832523d856a87867fbe5a92215a6 equals APK image SHA; legacy filename IDX=497 maps to songlist.idx,confirmed,01a00092-66e0-74c1-8d38-a6598afcdbd6,01a00092-66e0-7cbd-9de9-9943ae348020,covered,confirmed
arcaea:yomibitoshirazu:default,yomibitoshirazu,442,yomibito_shirazu,"{""en"":""yomibito_shirazu"",""ja"":""ヨミビトシラズ""}",Limonène (サノカモメ+月島春果),maimai_append_2,,1737417602,0,default,,,,,,,,assets/songs/dl_yomibitoshirazu/1080_base.jpg,88acb9ab3024c7e03fde09d667893265abf31295b3f5d2ad61c0d417461b0e62,2,assets/songs/dl_yomibitoshirazu/1080_base.jpg;assets/songs/dl_yomibitoshirazu/1080_base_256.jpg,c2b58dcad54203645057a859524789f59cfd5ca13613b610d04ad087b58aac90,384;768,384;768,image/jpeg,6a6b3bb41ddb09631f272adbaccad7ad4fe10eb0f917659ea49804564ec17867;88acb9ab3024c7e03fde09d667893265abf31295b3f5d2ad61c0d417461b0e62,true,original object SHA-256=88acb9ab3024c7e03fde09d667893265abf31295b3f5d2ad61c0d417461b0e62 equals APK image SHA; legacy filename IDX=442 maps to songlist.idx,confirmed,01a00092-87af-7d10-a69d-35df62546544,01a00092-87af-7b44-a0b4-a57276ff0c97,covered,confirmed
arcaea:yourbestnightmare:default,yourbestnightmare,446,Your Best Nightmare,"{""en"":""Your Best Nightmare"",""ja"":""最高の悪夢""}",Toby Fox,undertale,,1741478402,1,default,,,,,,,,assets/songs/dl_yourbestnightmare/1080_base.jpg,5a03d5ed685c99c6d2823039820973451d94b9c8de56ffe51ed203516fedff77,2,assets/songs/dl_yourbestnightmare/1080_base.jpg;assets/songs/dl_yourbestnightmare/1080_base_256.jpg,c2b58dcad54203645057a859524789f59cfd5ca13613b610d04ad087b58aac90,384;768,384;768,image/jpeg,5a03d5ed685c99c6d2823039820973451d94b9c8de56ffe51ed203516fedff77;8a9016a7c93d7ea02c59e2b9ea58b8c01bf7e8d1ad81a00df82c911297b24e44,true,original object SHA-256=5a03d5ed685c99c6d2823039820973451d94b9c8de56ffe51ed203516fedff77 equals APK image SHA; legacy filename IDX=446 maps to songlist.idx,confirmed,01a00090-6cf3-7aad-af20-ac353713062b,01a00090-6cf3-76f4-9471-3758f10786b1,covered,confirmed
arcaea:yourvoiceso:default,yourvoiceso,31,Your voice so... feat. Such,"{""en"":""Your voice so... feat. Such""}",PSYQUI,single,,1496188804,0,default,,,,,,,,assets/songs/dl_yourvoiceso/1080_base.jpg,6469a4b8dd483df25737c1ea7f55a8b24332b4fd4b7b5f9c33b09ad9eae675ae,2,assets/songs/dl_yourvoiceso/1080_base.jpg;assets/songs/dl_yourvoiceso/1080_base_256.jpg,c2b58dcad54203645057a859524789f59cfd5ca13613b610d04ad087b58aac90,384;768,384;768,image/jpeg,6469a4b8dd483df25737c1ea7f55a8b24332b4fd4b7b5f9c33b09ad9eae675ae;9002ecbdf5d390b6c5f29d41231c31d932ab859edad445e6064ab5900251f139,true,original object SHA-256=6469a4b8dd483df25737c1ea7f55a8b24332b4fd4b7b5f9c33b09ad9eae675ae equals APK image SHA; legacy filename IDX=31 maps to songlist.idx,confirmed,01a00092-67ef-7670-af04-569e5b386865,01a00092-67ef-7bcf-ae9a-af3a0faa4c08,covered,confirmed
arcaea:yozakurafubuki:default,yozakurafubuki,61,Yosakura Fubuki,"{""en"":""Yosakura Fubuki"",""ja"":""夜桜吹雪""}",A.SAKA,single,,1511481601,0,default,,,,,,,,assets/songs/dl_yozakurafubuki/1080_base.jpg,7ff0097443b441903609fe56b869c0ba3390234063ed0c29a34c83e3cdc43e3c,2,assets/songs/dl_yozakurafubuki/1080_base.jpg;assets/songs/dl_yozakurafubuki/1080_base_256.jpg,c2b58dcad54203645057a859524789f59cfd5ca13613b610d04ad087b58aac90,384;768,384;768,image/jpeg,596471b4d1981b30f1ce3b384de3aafb5fe554b14be7947e5b3ac0ef4d5322dd;7ff0097443b441903609fe56b869c0ba3390234063ed0c29a34c83e3cdc43e3c,true,original object SHA-256=7ff0097443b441903609fe56b869c0ba3390234063ed0c29a34c83e3cdc43e3c equals APK image SHA; legacy filename IDX=61 maps to songlist.idx,confirmed,01a00090-61d3-7e6f-a1c0-1616613b8c61,01a00090-61d3-74fe-b3f2-fa34cffc5be8,covered,confirmed
arcaea:zephyrlast:default,zephyrlast,502,zephyrlasting,"{""en"":""zephyrlasting""}",s-don × nitro (lowiro),nextstage,,1763769602,1,default,,,,,,,,assets/songs/dl_zephyrlast/1080_base.jpg,5c6aed98efa0fb8a26c69eb0507215c558f56d6ff3914270ff11c16d841880a0,2,assets/songs/dl_zephyrlast/1080_base.jpg;assets/songs/dl_zephyrlast/1080_base_256.jpg,c2b58dcad54203645057a859524789f59cfd5ca13613b610d04ad087b58aac90,384;768,384;768,image/jpeg,5c6aed98efa0fb8a26c69eb0507215c558f56d6ff3914270ff11c16d841880a0;ec67a94843b2f7378793c26b833ff8ae7f9c78b1a5dd9133d7a7b30b9cce3c40,true,original object SHA-256=5c6aed98efa0fb8a26c69eb0507215c558f56d6ff3914270ff11c16d841880a0 equals APK image SHA; legacy filename IDX=502 maps to songlist.idx,confirmed,01a00092-68ba-76b8-a335-45948e2ad652,01a00092-68ba-72f1-97b2-7682e79a19a9,covered,confirmed
