songId,songIdx,displayTitle,titleLocalized,artist,packId,version,date,sideRaw,assetDirectoryKey,artworkRoleCandidate,difficultyClassCandidate,numericSuffixRaw,jacketOverrideRaw,songJacketOverrideClasses,jacketNightRaw,titleOverride,audioOverride,apkPath,apkSha256,fileSha256,sizeBytes,width,height,mime,imageCategory,resolutionRole,semanticSlotKey,rawFilenameStem,rawSuffix,isLowResolution,evidence,confidence
arcahv,161,Arcahv,"{""en"":""Arcahv""}",Feryquitous,vs,,1590537606,0,arcahv,default,,,,,,,,assets/songs/arcahv/1080_base.jpg,c2b58dcad54203645057a859524789f59cfd5ca13613b610d04ad087b58aac90,95390acfe500657e41cc2d287130ac9b9c66e93fe6ad85e8d9c8d10e4a180217,280662,768,768,image/jpeg,song-jacket,primary-resolution candidate,arcaea:arcahv:default,1080_base,,false,filename base/1080_base; _256 retained as APK rendition candidate,high
arcahv,161,Arcahv,"{""en"":""Arcahv""}",Feryquitous,vs,,1590537606,0,arcahv,default,,,,,,,,assets/songs/arcahv/1080_base_256.jpg,c2b58dcad54203645057a859524789f59cfd5ca13613b610d04ad087b58aac90,2c41e7dd425e85b17218ba7f9b2afc4567c7f6cdfdfeb386060e715711445ec7,78418,384,384,image/jpeg,song-jacket,low-resolution/derived candidate,arcaea:arcahv:default,1080_base,,true,filename base/1080_base; _256 retained as APK rendition candidate,high
brandnewworld,28,Brand new world,"{""en"":""Brand new world""}",U-ske,base,,1494547200,0,brandnewworld,default,,,,,,,,assets/songs/brandnewworld/1080_base.jpg,c2b58dcad54203645057a859524789f59cfd5ca13613b610d04ad087b58aac90,2648a793db4b23d2c03e358ed6c8c0624f1e77199f05bc4dfcfdd5da817baab0,325320,768,768,image/jpeg,song-jacket,primary-resolution candidate,arcaea:brandnewworld:default,1080_base,,false,filename base/1080_base; _256 retained as APK rendition candidate,high
brandnewworld,28,Brand new world,"{""en"":""Brand new world""}",U-ske,base,,1494547200,0,brandnewworld,default,,,,,,,,assets/songs/brandnewworld/1080_base_256.jpg,c2b58dcad54203645057a859524789f59cfd5ca13613b610d04ad087b58aac90,56194c808479aed509f74d07808e288c368e8416de5a288258f85677a7db5d40,94030,384,384,image/jpeg,song-jacket,low-resolution/derived candidate,arcaea:brandnewworld:default,1080_base,,true,filename base/1080_base; _256 retained as APK rendition candidate,high
caramelpop,519,Gimme Caramel Popcorn!,"{""en"":""Gimme Caramel Popcorn!"",""ja"":""キャラメルポップコーンたべたいよ〜""}",ヤミナベレコーズ feat. 繭糸,base,,1771459200,0,caramelpop,default,,,,,,,,assets/songs/caramelpop/1080_base.jpg,c2b58dcad54203645057a859524789f59cfd5ca13613b610d04ad087b58aac90,6df83e0913ef20f46ddd0a5c3e4e6cc9b263130684f57a3a1f69b3433d0d4cc7,541283,768,768,image/jpeg,song-jacket,primary-resolution candidate,arcaea:caramelpop:default,1080_base,,false,filename base/1080_base; _256 retained as APK rendition candidate,high
caramelpop,519,Gimme Caramel Popcorn!,"{""en"":""Gimme Caramel Popcorn!"",""ja"":""キャラメルポップコーンたべたいよ〜""}",ヤミナベレコーズ feat. 繭糸,base,,1771459200,0,caramelpop,default,,,,,,,,assets/songs/caramelpop/1080_base_256.jpg,c2b58dcad54203645057a859524789f59cfd5ca13613b610d04ad087b58aac90,f4663636b2a5d80f956b1f382a3b913514d5dbbf83f95f5a1b25e17ec4b29314,157546,384,384,image/jpeg,song-jacket,low-resolution/derived candidate,arcaea:caramelpop:default,1080_base,,true,filename base/1080_base; _256 retained as APK rendition candidate,high
chronostasis,32,Chronostasis,"{""en"":""Chronostasis""}",黒皇帝,base,,1496188800,1,chronostasis,default,,,,,,,,assets/songs/chronostasis/1080_base.jpg,c2b58dcad54203645057a859524789f59cfd5ca13613b610d04ad087b58aac90,83d54b032989aeb822582402d9111ddc78428465dacc94191cfdaf74888bb9da,193527,768,768,image/jpeg,song-jacket,primary-resolution candidate,arcaea:chronostasis:default,1080_base,,false,filename base/1080_base; _256 retained as APK rendition candidate,high
chronostasis,32,Chronostasis,"{""en"":""Chronostasis""}",黒皇帝,base,,1496188800,1,chronostasis,default,,,,,,,,assets/songs/chronostasis/1080_base_256.jpg,c2b58dcad54203645057a859524789f59cfd5ca13613b610d04ad087b58aac90,163a143e2a5add3904bde74421c4c97b7d9074f711fdaa2946d2989e189b8c77,50092,384,384,image/jpeg,song-jacket,low-resolution/derived candidate,arcaea:chronostasis:default,1080_base,,true,filename base/1080_base; _256 retained as APK rendition candidate,high
clotho,39,Clotho and the stargazer,"{""en"":""Clotho and the stargazer"",""ja"":""クロートーと星の観測者""}",しーけー,base,,1498176000,0,clotho,default,,,,,,,,assets/songs/clotho/1080_base.jpg,c2b58dcad54203645057a859524789f59cfd5ca13613b610d04ad087b58aac90,4ed0eabb16027456989fdba15706645e9912b20444168914eee63c4ea9370a9a,278122,768,768,image/jpeg,song-jacket,primary-resolution candidate,arcaea:clotho:default,1080_base,,false,filename base/1080_base; _256 retained as APK rendition candidate,high
clotho,39,Clotho and the stargazer,"{""en"":""Clotho and the stargazer"",""ja"":""クロートーと星の観測者""}",しーけー,base,,1498176000,0,clotho,default,,,,,,,,assets/songs/clotho/1080_base_256.jpg,c2b58dcad54203645057a859524789f59cfd5ca13613b610d04ad087b58aac90,b6cf41928be6d6934f6dfadd6544f125b897bfecb1e95071a9c765d51feaf37f,81045,384,384,image/jpeg,song-jacket,low-resolution/derived candidate,arcaea:clotho:default,1080_base,,true,filename base/1080_base; _256 retained as APK rendition candidate,high
dandelion,20,Dandelion,"{""en"":""Dandelion""}",Farhan,base,,1489968000,0,dandelion,default,,,,,,,,assets/songs/dandelion/1080_base.jpg,c2b58dcad54203645057a859524789f59cfd5ca13613b610d04ad087b58aac90,f399ec7904fcfad3cbc13a5ba8e5da50cba4c44a83fe280a5850282b0a6e5979,183331,768,768,image/jpeg,song-jacket,primary-resolution candidate,arcaea:dandelion:default,1080_base,,false,filename base/1080_base; _256 retained as APK rendition candidate,high
dandelion,20,Dandelion,"{""en"":""Dandelion""}",Farhan,base,,1489968000,0,dandelion,default,,,,,,,,assets/songs/dandelion/1080_base_256.jpg,c2b58dcad54203645057a859524789f59cfd5ca13613b610d04ad087b58aac90,122a16e25e26967a2b82df86c6fa974eeb21df303a7749ce89c517633b5a971d,46095,384,384,image/jpeg,song-jacket,low-resolution/derived candidate,arcaea:dandelion:default,1080_base,,true,filename base/1080_base; _256 retained as APK rendition candidate,high
dematerialized,472,Dematerialized,"{""en"":""Dematerialized""}",In Love With A Ghost,base,,1753315200,1,dematerialized,default,,,,,,,,assets/songs/dematerialized/1080_base.jpg,c2b58dcad54203645057a859524789f59cfd5ca13613b610d04ad087b58aac90,f340bbabb58f9784ace26d178fef629d6935f9ebd28dcbe926948117a3dddedc,305675,768,768,image/jpeg,song-jacket,primary-resolution candidate,arcaea:dematerialized:default,1080_base,,false,filename base/1080_base; _256 retained as APK rendition candidate,high
dematerialized,472,Dematerialized,"{""en"":""Dematerialized""}",In Love With A Ghost,base,,1753315200,1,dematerialized,default,,,,,,,,assets/songs/dematerialized/1080_base_256.jpg,c2b58dcad54203645057a859524789f59cfd5ca13613b610d04ad087b58aac90,6ec133b3540d8311757303bd4219c5149d87a8168cf1cead5106f30c25eb92fa,91267,384,384,image/jpeg,song-jacket,low-resolution/derived candidate,arcaea:dematerialized:default,1080_base,,true,filename base/1080_base; _256 retained as APK rendition candidate,high
dement,19,Dement ~after legend~,"{""en"":""Dement ~after legend~""}",Cosmograph,base,,1489968000,1,dement,difficulty-specific,BYD,3,True,BYD,,,,assets/songs/dement/1080_3.jpg,c2b58dcad54203645057a859524789f59cfd5ca13613b610d04ad087b58aac90,9fb1785b2150ea4dfb69c5388e963a426f6ad1c408a6f0b7d500adbd2fcc0c08,394381,768,768,image/jpeg,song-jacket,primary-resolution candidate,arcaea:dement:difficulty:BYD,1080_3,,false,numeric suffix=3; filename-to-ratingClass mapping is a candidate; jacketOverride=True,high
dement,19,Dement ~after legend~,"{""en"":""Dement ~after legend~""}",Cosmograph,base,,1489968000,1,dement,difficulty-specific,BYD,3,True,BYD,,,,assets/songs/dement/1080_3_256.jpg,c2b58dcad54203645057a859524789f59cfd5ca13613b610d04ad087b58aac90,cf0fa54b032fad386081f13028d5cdc9a8b728bb4fffd3e55017a60716554ac4,92811,384,384,image/jpeg,song-jacket,low-resolution/derived candidate,arcaea:dement:difficulty:BYD,1080_3,,true,numeric suffix=3; filename-to-ratingClass mapping is a candidate; jacketOverride=True,high
dement,19,Dement ~after legend~,"{""en"":""Dement ~after legend~""}",Cosmograph,base,,1489968000,1,dement,default,,,,BYD,,,,assets/songs/dement/1080_base.jpg,c2b58dcad54203645057a859524789f59cfd5ca13613b610d04ad087b58aac90,880e3b136bf37b3b4e1d80b137e0506c2ac65b4bf4db0b0dc8659578b88d13a5,362058,768,768,image/jpeg,song-jacket,primary-resolution candidate,arcaea:dement:default,1080_base,,false,filename base/1080_base; _256 retained as APK rendition candidate,high
dement,19,Dement ~after legend~,"{""en"":""Dement ~after legend~""}",Cosmograph,base,,1489968000,1,dement,default,,,,BYD,,,,assets/songs/dement/1080_base_256.jpg,c2b58dcad54203645057a859524789f59cfd5ca13613b610d04ad087b58aac90,3741f804a709aef35535b296722eb2980bd6626d5dbbfb5af15d06c908c41bdb,84888,384,384,image/jpeg,song-jacket,low-resolution/derived candidate,arcaea:dement:default,1080_base,,true,filename base/1080_base; _256 retained as APK rendition candidate,high
dialnote,293,Dialnote,"{""en"":""Dialnote"",""ja"":""だいあるのーと""}",七草くりむ,base,,1671667201,0,dialnote,default,,,,,,,,assets/songs/dialnote/1080_base.jpg,c2b58dcad54203645057a859524789f59cfd5ca13613b610d04ad087b58aac90,ea8bddf98b46dd6f41827630a72cf004a84e5d59c26a8a846d7bcc51236fc226,87203,768,768,image/jpeg,song-jacket,primary-resolution candidate,arcaea:dialnote:default,1080_base,,false,filename base/1080_base; _256 retained as APK rendition candidate,high
dialnote,293,Dialnote,"{""en"":""Dialnote"",""ja"":""だいあるのーと""}",七草くりむ,base,,1671667201,0,dialnote,default,,,,,,,,assets/songs/dialnote/1080_base_256.jpg,c2b58dcad54203645057a859524789f59cfd5ca13613b610d04ad087b58aac90,605518e52cc1a1c6b8e7d99e59a05a989eee5b024d7a8968c1b4a87dec4dfbbf,29792,384,384,image/jpeg,song-jacket,low-resolution/derived candidate,arcaea:dialnote:default,1080_base,,true,filename base/1080_base; _256 retained as APK rendition candidate,high
abstrusedilemma,341,Abstruse Dilemma,"{""en"":""Abstruse Dilemma""}",Ashrount vs. 打打だいず,eden,,1692230406,0,dl_abstrusedilemma,default,,,,,,,,assets/songs/dl_abstrusedilemma/1080_base.jpg,c2b58dcad54203645057a859524789f59cfd5ca13613b610d04ad087b58aac90,153249c53e297383c81657628686f9c92546a59439e268a06b95a21116051332,307885,768,768,image/jpeg,song-jacket,primary-resolution candidate,arcaea:abstrusedilemma:default,1080_base,,false,filename base/1080_base; _256 retained as APK rendition candidate,high
abstrusedilemma,341,Abstruse Dilemma,"{""en"":""Abstruse Dilemma""}",Ashrount vs. 打打だいず,eden,,1692230406,0,dl_abstrusedilemma,default,,,,,,,,assets/songs/dl_abstrusedilemma/1080_base_256.jpg,c2b58dcad54203645057a859524789f59cfd5ca13613b610d04ad087b58aac90,025c1012ff52f71f3e53d16428c48ddf3bbad7c7c10fc35b1cbf3d74bba46bc1,87215,384,384,image/jpeg,song-jacket,low-resolution/derived candidate,arcaea:abstrusedilemma:default,1080_base,,true,filename base/1080_base; _256 retained as APK rendition candidate,high
acheron,484,Acheron,"{""en"":""Acheron""}",KARUT,single,,1756944000,1,dl_acheron,default,,,,,,,,assets/songs/dl_acheron/1080_base.jpg,c2b58dcad54203645057a859524789f59cfd5ca13613b610d04ad087b58aac90,c88eaa1604e0f00dc1a1ab5289674f6458f0c37943bd5ef257b646c65c139567,415353,768,768,image/jpeg,song-jacket,primary-resolution candidate,arcaea:acheron:default,1080_base,,false,filename base/1080_base; _256 retained as APK rendition candidate,high
acheron,484,Acheron,"{""en"":""Acheron""}",KARUT,single,,1756944000,1,dl_acheron,default,,,,,,,,assets/songs/dl_acheron/1080_base_256.jpg,c2b58dcad54203645057a859524789f59cfd5ca13613b610d04ad087b58aac90,61441e3b998bac28ec2ac60b17e70cb1cbb2d594c5746934edb1d8c23d7e770b,121942,384,384,image/jpeg,song-jacket,low-resolution/derived candidate,arcaea:acheron:default,1080_base,,true,filename base/1080_base; _256 retained as APK rendition candidate,high
acidgod,543,Acid God,"{""en"":""Acid God""}",Yuta Imai,single,,1785369601,1,dl_acidgod,default,,,,,,,,assets/songs/dl_acidgod/1080_base.jpg,c2b58dcad54203645057a859524789f59cfd5ca13613b610d04ad087b58aac90,fa80a68c1fef5324ed701d1390ba4b965533237ef14ae5ea6c9e9d051199fd11,579884,768,768,image/jpeg,song-jacket,primary-resolution candidate,arcaea:acidgod:default,1080_base,,false,filename base/1080_base; _256 retained as APK rendition candidate,high
acidgod,543,Acid God,"{""en"":""Acid God""}",Yuta Imai,single,,1785369601,1,dl_acidgod,default,,,,,,,,assets/songs/dl_acidgod/1080_base_256.jpg,c2b58dcad54203645057a859524789f59cfd5ca13613b610d04ad087b58aac90,7b57803b66fd5d3642d22e9d14b2cd6179e32781df2c33c15294fc416399bf32,182185,384,384,image/jpeg,song-jacket,low-resolution/derived candidate,arcaea:acidgod:default,1080_base,,true,filename base/1080_base; _256 retained as APK rendition candidate,high
aegleseeker,213,Aegleseeker,"{""en"":""Aegleseeker""}",Silentroom vs Frums,observer,,1620691204,0,dl_aegleseeker,default,,,,,,,,assets/songs/dl_aegleseeker/1080_base.jpg,c2b58dcad54203645057a859524789f59cfd5ca13613b610d04ad087b58aac90,18ea41e3350a061120555ce73b11a449ac2bde7d95b3930b585e54b069fe671f,251419,768,768,image/jpeg,song-jacket,primary-resolution candidate,arcaea:aegleseeker:default,1080_base,,false,filename base/1080_base; _256 retained as APK rendition candidate,high
aegleseeker,213,Aegleseeker,"{""en"":""Aegleseeker""}",Silentroom vs Frums,observer,,1620691204,0,dl_aegleseeker,default,,,,,,,,assets/songs/dl_aegleseeker/1080_base_256.jpg,c2b58dcad54203645057a859524789f59cfd5ca13613b610d04ad087b58aac90,bfe1a14e995e2d6553164037590d26424931c006a94b7274a9fa4488bd6f91fe,67806,384,384,image/jpeg,song-jacket,low-resolution/derived candidate,arcaea:aegleseeker:default,1080_base,,true,filename base/1080_base; _256 retained as APK rendition candidate,high
aethercrest,443,Aether Crest: Astral,"{""en"":""Aether Crest: Astral""}",void (Mournfinale) × 水野健治,chunithm_append_3,,1740700800,0,dl_aethercrest,default,,,,,,,,assets/songs/dl_aethercrest/1080_base.jpg,c2b58dcad54203645057a859524789f59cfd5ca13613b610d04ad087b58aac90,2990b2ca337ce1eb311f48f21e3b8b8fcd57a5881eae5ce8721ea1a0a3f88f83,377563,768,768,image/jpeg,song-jacket,primary-resolution candidate,arcaea:aethercrest:default,1080_base,,false,filename base/1080_base; _256 retained as APK rendition candidate,high
aethercrest,443,Aether Crest: Astral,"{""en"":""Aether Crest: Astral""}",void (Mournfinale) × 水野健治,chunithm_append_3,,1740700800,0,dl_aethercrest,default,,,,,,,,assets/songs/dl_aethercrest/1080_base_256.jpg,c2b58dcad54203645057a859524789f59cfd5ca13613b610d04ad087b58aac90,ed3aa18c9a45aaf0b2e8c2a3771729f580a31043176bd27414c13955886cfee9,104520,384,384,image/jpeg,song-jacket,low-resolution/derived candidate,arcaea:aethercrest:default,1080_base,,true,filename base/1080_base; _256 retained as APK rendition candidate,high
aidrew,286,Ai Drew,"{""en"":""Ai Drew""}",Feryquitous,ongeki_append_1,,1664409601,1,dl_aidrew,default,,,,,,,,assets/songs/dl_aidrew/base.jpg,c2b58dcad54203645057a859524789f59cfd5ca13613b610d04ad087b58aac90,68e729dfa7ea6a22e15210e1b00ab2beee528f49cd9f9db8cbcb288f5c0815bd,169382,512,512,image/jpeg,song-jacket,primary-resolution candidate,arcaea:aidrew:default,base,,false,filename base/1080_base; _256 retained as APK rendition candidate,high
aidrew,286,Ai Drew,"{""en"":""Ai Drew""}",Feryquitous,ongeki_append_1,,1664409601,1,dl_aidrew,default,,,,,,,,assets/songs/dl_aidrew/base_256.jpg,c2b58dcad54203645057a859524789f59cfd5ca13613b610d04ad087b58aac90,f7e4ab9336a9e5a510d5039db4ee4ad6f518ed0d682d209ca0072bfd3c345122,74176,256,256,image/jpeg,song-directory-image,low-resolution/derived candidate,arcaea:aidrew:default,base,,true,filename base/1080_base; _256 retained as APK rendition candidate,high
aishite,541,"Love me, Love me, Love me","{""en"":""Love me, Love me, Love me"",""ja"":""愛して愛して愛して""}",きくお,virtualsingers,,1782345605,1,dl_aishite,default,,,,,,,,assets/songs/dl_aishite/1080_base.jpg,c2b58dcad54203645057a859524789f59cfd5ca13613b610d04ad087b58aac90,157acc6f4ecd84710ca329b15112ae927fb39619efea1e81f99991465bc53ee3,183127,768,768,image/jpeg,song-jacket,primary-resolution candidate,arcaea:aishite:default,1080_base,,false,filename base/1080_base; _256 retained as APK rendition candidate,high
aishite,541,"Love me, Love me, Love me","{""en"":""Love me, Love me, Love me"",""ja"":""愛して愛して愛して""}",きくお,virtualsingers,,1782345605,1,dl_aishite,default,,,,,,,,assets/songs/dl_aishite/1080_base_256.jpg,c2b58dcad54203645057a859524789f59cfd5ca13613b610d04ad087b58aac90,4985a9be190ab325cd1ade79f22043de40b84f0982600bc220a9dd15c42a9f4a,82937,384,384,image/jpeg,song-jacket,low-resolution/derived candidate,arcaea:aishite:default,1080_base,,true,filename base/1080_base; _256 retained as APK rendition candidate,high
aiueoon,132,AI[UE]OON,"{""en"":""AI[UE]OON""}",MYUKKE.,omatsuri,,1566432001,0,dl_aiueoon,default,,,,,,,,assets/songs/dl_aiueoon/1080_base.jpg,c2b58dcad54203645057a859524789f59cfd5ca13613b610d04ad087b58aac90,b89fd22ee1c31633ac94f405aec6893f4a81997f2da18e85a1e5300927f50a63,373874,768,768,image/jpeg,song-jacket,primary-resolution candidate,arcaea:aiueoon:default,1080_base,,false,filename base/1080_base; _256 retained as APK rendition candidate,high
aiueoon,132,AI[UE]OON,"{""en"":""AI[UE]OON""}",MYUKKE.,omatsuri,,1566432001,0,dl_aiueoon,default,,,,,,,,assets/songs/dl_aiueoon/1080_base_256.jpg,c2b58dcad54203645057a859524789f59cfd5ca13613b610d04ad087b58aac90,4e8c015d687e75db825e3df7591ed6d467ea00158f35dba641748a56cdb468dc,100754,384,384,image/jpeg,song-jacket,low-resolution/derived candidate,arcaea:aiueoon:default,1080_base,,true,filename base/1080_base; _256 retained as APK rendition candidate,high
akinokagerou,251,Haze of Autumn,"{""en"":""Haze of Autumn"",""ja"":""秋の陽炎""}",karatoPαnchii feat.はるの,musedash,,1640304000,0,dl_akinokagerou,default,,,,,,,,assets/songs/dl_akinokagerou/1080_base.jpg,c2b58dcad54203645057a859524789f59cfd5ca13613b610d04ad087b58aac90,a9ffa1ec0ab169e87afde6cba19f3e456ba3bc5f56fa6d19330c962159d7040d,376509,768,768,image/jpeg,song-jacket,primary-resolution candidate,arcaea:akinokagerou:default,1080_base,,false,filename base/1080_base; _256 retained as APK rendition candidate,high
akinokagerou,251,Haze of Autumn,"{""en"":""Haze of Autumn"",""ja"":""秋の陽炎""}",karatoPαnchii feat.はるの,musedash,,1640304000,0,dl_akinokagerou,default,,,,,,,,assets/songs/dl_akinokagerou/1080_base_256.jpg,c2b58dcad54203645057a859524789f59cfd5ca13613b610d04ad087b58aac90,ccf34fd695d5d80dd501517a241dfd5215a821125c0615c9b8f3a118db2bba11,98311,384,384,image/jpeg,song-jacket,low-resolution/derived candidate,arcaea:akinokagerou:default,1080_base,,true,filename base/1080_base; _256 retained as APK rendition candidate,high
alephzero,374,Aleph-0,"{""en"":""Aleph-0""}",LeaF,extend_2,,1709856006,1,dl_alephzero,default,,,,,,,,assets/songs/dl_alephzero/1080_base.jpg,c2b58dcad54203645057a859524789f59cfd5ca13613b610d04ad087b58aac90,fc6bc7b3bd4a50096d091f74a062419375ca7fc4cf0049d3d23bd7ce2a799091,128513,768,768,image/jpeg,song-jacket,primary-resolution candidate,arcaea:alephzero:default,1080_base,,false,filename base/1080_base; _256 retained as APK rendition candidate,high
alephzero,374,Aleph-0,"{""en"":""Aleph-0""}",LeaF,extend_2,,1709856006,1,dl_alephzero,default,,,,,,,,assets/songs/dl_alephzero/1080_base_256.jpg,c2b58dcad54203645057a859524789f59cfd5ca13613b610d04ad087b58aac90,89c23e547107d71c5e2c836aee008f83d4ef3c0d4bbfac7be375cde20a054916,42576,384,384,image/jpeg,song-jacket,low-resolution/derived candidate,arcaea:alephzero:default,1080_base,,true,filename base/1080_base; _256 retained as APK rendition candidate,high
alexandrite,101,Alexandrite,"{""en"":""Alexandrite""}",WAiKURO,single,,1537142401,1,dl_alexandrite,default,,,,,,,,assets/songs/dl_alexandrite/1080_base.jpg,c2b58dcad54203645057a859524789f59cfd5ca13613b610d04ad087b58aac90,d7cf41faa6f01eb5f19f239f01f0becc2234cf756b41fb79e6102e83081c03d4,355807,768,768,image/jpeg,song-jacket,primary-resolution candidate,arcaea:alexandrite:default,1080_base,,false,filename base/1080_base; _256 retained as APK rendition candidate,high
alexandrite,101,Alexandrite,"{""en"":""Alexandrite""}",WAiKURO,single,,1537142401,1,dl_alexandrite,default,,,,,,,,assets/songs/dl_alexandrite/1080_base_256.jpg,c2b58dcad54203645057a859524789f59cfd5ca13613b610d04ad087b58aac90,80b1283412af3c076deb9bfed4ac249a428f5c0d5ef55245dd8d94c3ed6d0e9b,86679,384,384,image/jpeg,song-jacket,low-resolution/derived candidate,arcaea:alexandrite:default,1080_base,,true,filename base/1080_base; _256 retained as APK rendition candidate,high
alicealamode,183,Alice à la mode,"{""en"":""Alice à la mode"",""ko"":""Alice a la mode""}",Masanori Akita,alice,,1606953600,0,dl_alicealamode,default,,,,,,,,assets/songs/dl_alicealamode/1080_base.jpg,c2b58dcad54203645057a859524789f59cfd5ca13613b610d04ad087b58aac90,c6dfbb4748f99663565225b2bbebeaec23686f83f5ad7dc184160c7af5d15c20,358433,768,768,image/jpeg,song-jacket,primary-resolution candidate,arcaea:alicealamode:default,1080_base,,false,filename base/1080_base; _256 retained as APK rendition candidate,high
alicealamode,183,Alice à la mode,"{""en"":""Alice à la mode"",""ko"":""Alice a la mode""}",Masanori Akita,alice,,1606953600,0,dl_alicealamode,default,,,,,,,,assets/songs/dl_alicealamode/1080_base_256.jpg,c2b58dcad54203645057a859524789f59cfd5ca13613b610d04ad087b58aac90,ac3c92237f20e42db409d893759f569eab6cca47d3668b5e16c0b77bfa421fd2,90593,384,384,image/jpeg,song-jacket,low-resolution/derived candidate,arcaea:alicealamode:default,1080_base,,true,filename base/1080_base; _256 retained as APK rendition candidate,high
alicessuitcase,185,Alice's Suitcase,"{""en"":""Alice's Suitcase""}",Endorfin.,alice,,1606953602,0,dl_alicessuitcase,default,,,,,,,,assets/songs/dl_alicessuitcase/1080_base.jpg,c2b58dcad54203645057a859524789f59cfd5ca13613b610d04ad087b58aac90,c71961ce6fadab9ea102f33de61c2d0b7868fa3094d1416177ae8d4722239c3d,306816,768,768,image/jpeg,song-jacket,primary-resolution candidate,arcaea:alicessuitcase:default,1080_base,,false,filename base/1080_base; _256 retained as APK rendition candidate,high
alicessuitcase,185,Alice's Suitcase,"{""en"":""Alice's Suitcase""}",Endorfin.,alice,,1606953602,0,dl_alicessuitcase,default,,,,,,,,assets/songs/dl_alicessuitcase/1080_base_256.jpg,c2b58dcad54203645057a859524789f59cfd5ca13613b610d04ad087b58aac90,7250fe7baa54a3d0d270344b40204b36dc31c05f6bb9384efffc500a31a18848,78074,384,384,image/jpeg,song-jacket,low-resolution/derived candidate,arcaea:alicessuitcase:default,1080_base,,true,filename base/1080_base; _256 retained as APK rendition candidate,high
aloneandlorn,362,Alone & Lorn,"{""en"":""Alone & Lorn"",""ja"":""アローンアンドローン""}",Ponchi♪ feat.はぁち,extend_2,,1701302405,0,dl_aloneandlorn,default,,,,,,,,assets/songs/dl_aloneandlorn/1080_base.jpg,c2b58dcad54203645057a859524789f59cfd5ca13613b610d04ad087b58aac90,af9c81b0f4dd86d640c6ecb5d3400bdf9dbcc4aa8e82784f437e9b4acdeab0a6,298498,768,768,image/jpeg,song-jacket,primary-resolution candidate,arcaea:aloneandlorn:default,1080_base,,false,filename base/1080_base; _256 retained as APK rendition candidate,high
aloneandlorn,362,Alone & Lorn,"{""en"":""Alone & Lorn"",""ja"":""アローンアンドローン""}",Ponchi♪ feat.はぁち,extend_2,,1701302405,0,dl_aloneandlorn,default,,,,,,,,assets/songs/dl_aloneandlorn/1080_base_256.jpg,c2b58dcad54203645057a859524789f59cfd5ca13613b610d04ad087b58aac90,6991d17f66289e3538d1bf8283a16175dfbe95e3dc9749f4c974f05624143434,115791,384,384,image/jpeg,song-jacket,low-resolution/derived candidate,arcaea:aloneandlorn:default,1080_base,,true,filename base/1080_base; _256 retained as APK rendition candidate,high
altair,271,Altair (feat. *spiLa*),"{""en"":""Altair (feat. *spiLa*)""}",kamome sano & you,base,,1657152000,0,dl_altair,default,,,,,,,,assets/songs/dl_altair/1080_base.jpg,c2b58dcad54203645057a859524789f59cfd5ca13613b610d04ad087b58aac90,767ea45bffeff1c51d907e6ccb422c9393a5d39a14f664fac7fcc43585d265cd,199082,768,768,image/jpeg,song-jacket,primary-resolution candidate,arcaea:altair:default,1080_base,,false,filename base/1080_base; _256 retained as APK rendition candidate,high
altair,271,Altair (feat. *spiLa*),"{""en"":""Altair (feat. *spiLa*)""}",kamome sano & you,base,,1657152000,0,dl_altair,default,,,,,,,,assets/songs/dl_altair/1080_base_256.jpg,c2b58dcad54203645057a859524789f59cfd5ca13613b610d04ad087b58aac90,70dbdf747a1f9fa7718b7cfb5fa18816d5343e6d2f5b45e218f89f2fc8b5c165,47687,384,384,image/jpeg,song-jacket,low-resolution/derived candidate,arcaea:altair:default,1080_base,,true,filename base/1080_base; _256 retained as APK rendition candidate,high
altale,162,Altale,"{""en"":""Altale""}",Sakuzyo,single,,1590537612,0,dl_altale,default,,,,,,,,assets/songs/dl_altale/1080_base.jpg,c2b58dcad54203645057a859524789f59cfd5ca13613b610d04ad087b58aac90,86771ead1905d95e86cf09661bc2fa59d98569ea84b61cf57062d30c13582319,134422,768,768,image/jpeg,song-jacket,primary-resolution candidate,arcaea:altale:default,1080_base,,false,filename base/1080_base; _256 retained as APK rendition candidate,high
altale,162,Altale,"{""en"":""Altale""}",Sakuzyo,single,,1590537612,0,dl_altale,default,,,,,,,,assets/songs/dl_altale/1080_base_256.jpg,c2b58dcad54203645057a859524789f59cfd5ca13613b610d04ad087b58aac90,1ac594861d312e4453ed158baa98a6d28fc5e86110153a330e44f4243625d187,47680,384,384,image/jpeg,song-jacket,low-resolution/derived candidate,arcaea:altale:default,1080_base,,true,filename base/1080_base; _256 retained as APK rendition candidate,high
alterale,225,AlterAle,"{""en"":""AlterAle""}",Arik Kau Delay (アラ＆かゆき＆でり）,observer_append_2,,1626825601,0,dl_alterale,default,,,,,,,,assets/songs/dl_alterale/1080_base.jpg,c2b58dcad54203645057a859524789f59cfd5ca13613b610d04ad087b58aac90,1da862b6a07717cfcd4281d54faadb4afd767feaf50fc7dbafd5179cc3141296,357297,768,768,image/jpeg,song-jacket,primary-resolution candidate,arcaea:alterale:default,1080_base,,false,filename base/1080_base; _256 retained as APK rendition candidate,high
alterale,225,AlterAle,"{""en"":""AlterAle""}",Arik Kau Delay (アラ＆かゆき＆でり）,observer_append_2,,1626825601,0,dl_alterale,default,,,,,,,,assets/songs/dl_alterale/1080_base_256.jpg,c2b58dcad54203645057a859524789f59cfd5ca13613b610d04ad087b58aac90,3d232c9f0295f9f8d5d267c23cbf18006109e7c5d785d8409ac0c66b08c9f57b,91338,384,384,image/jpeg,song-jacket,low-resolution/derived candidate,arcaea:alterale:default,1080_base,,true,filename base/1080_base; _256 retained as APK rendition candidate,high
alterego,400,ALTER EGO,"{""en"":""ALTER EGO""}",Yuta Imai vs Qlarabelle,nihil,,1722297606,1,dl_alterego,default,,,,,,,,assets/songs/dl_alterego/1080_base.jpg,c2b58dcad54203645057a859524789f59cfd5ca13613b610d04ad087b58aac90,ae135d001b8f035bf1bc421e58ffc060ffa134789c664ffcddbf8f5248196fe0,385768,768,768,image/jpeg,song-jacket,primary-resolution candidate,arcaea:alterego:default,1080_base,,false,filename base/1080_base; _256 retained as APK rendition candidate,high
alterego,400,ALTER EGO,"{""en"":""ALTER EGO""}",Yuta Imai vs Qlarabelle,nihil,,1722297606,1,dl_alterego,default,,,,,,,,assets/songs/dl_alterego/1080_base_256.jpg,c2b58dcad54203645057a859524789f59cfd5ca13613b610d04ad087b58aac90,31a1a32b1277ddadddbf0fea9807dac9ec12e8416fb087ffb51b97f06d76e969,122636,384,384,image/jpeg,song-jacket,low-resolution/derived candidate,arcaea:alterego:default,1080_base,,true,filename base/1080_base; _256 retained as APK rendition candidate,high
altergate,483,AlterGate,"{""en"":""AlterGate""}",MisoilePunch♪ ~タケノコ添え~,anima_append_1,,1755734405,1,dl_altergate,default,,,,,,,,assets/songs/dl_altergate/1080_base.jpg,c2b58dcad54203645057a859524789f59cfd5ca13613b610d04ad087b58aac90,16a753ddcd901dbb992406d373eef496e663ce8dcef69da17969eec096461adb,419213,768,768,image/jpeg,song-jacket,primary-resolution candidate,arcaea:altergate:default,1080_base,,false,filename base/1080_base; _256 retained as APK rendition candidate,high
altergate,483,AlterGate,"{""en"":""AlterGate""}",MisoilePunch♪ ~タケノコ添え~,anima_append_1,,1755734405,1,dl_altergate,default,,,,,,,,assets/songs/dl_altergate/1080_base_256.jpg,c2b58dcad54203645057a859524789f59cfd5ca13613b610d04ad087b58aac90,371b4ade0c3df8c1810b8a8c0ec5b2d62899e08e08d73de5c89cc4f44b05ebdb,153885,384,384,image/jpeg,song-jacket,low-resolution/derived candidate,arcaea:altergate:default,1080_base,,true,filename base/1080_base; _256 retained as APK rendition candidate,high
altersist,534,Altersist,"{""en"":""Altersist""}",void (Mournfinale),single,,1779926402,0,dl_altersist,default,,,,,,,,assets/songs/dl_altersist/1080_base.jpg,c2b58dcad54203645057a859524789f59cfd5ca13613b610d04ad087b58aac90,bffcf3627a1f5f2b9e4d4db8b42fbfe1e1f43a15fe0c8657e265d6d188959580,313926,768,768,image/jpeg,song-jacket,primary-resolution candidate,arcaea:altersist:default,1080_base,,false,filename base/1080_base; _256 retained as APK rendition candidate,high
altersist,534,Altersist,"{""en"":""Altersist""}",void (Mournfinale),single,,1779926402,0,dl_altersist,default,,,,,,,,assets/songs/dl_altersist/1080_base_256.jpg,c2b58dcad54203645057a859524789f59cfd5ca13613b610d04ad087b58aac90,ec9be74633c303b6f5908321da689e92a597d6873c2f8c99f06cc706b2c18554,93101,384,384,image/jpeg,song-jacket,low-resolution/derived candidate,arcaea:altersist:default,1080_base,,true,filename base/1080_base; _256 retained as APK rendition candidate,high
amazingmightyyyy,198,AMAZING MIGHTYYYY!!!!,"{""en"":""AMAZING MIGHTYYYY!!!!""}",WAiKURO,maimai,,1610064003,1,dl_amazingmightyyyy,default,,,,,,,,assets/songs/dl_amazingmightyyyy/base.jpg,c2b58dcad54203645057a859524789f59cfd5ca13613b610d04ad087b58aac90,b1ffde8e1ec51c676140c999272a399766e1deb8345e8ecff5199db48573cf17,130731,512,512,image/jpeg,song-jacket,primary-resolution candidate,arcaea:amazingmightyyyy:default,base,,false,filename base/1080_base; _256 retained as APK rendition candidate,high
amazingmightyyyy,198,AMAZING MIGHTYYYY!!!!,"{""en"":""AMAZING MIGHTYYYY!!!!""}",WAiKURO,maimai,,1610064003,1,dl_amazingmightyyyy,default,,,,,,,,assets/songs/dl_amazingmightyyyy/base_256.jpg,c2b58dcad54203645057a859524789f59cfd5ca13613b610d04ad087b58aac90,1f9cf1228f81e1073faf28d010bbac70f01cb819a9031d8793ae8b3849198ac3,56919,256,256,image/jpeg,song-directory-image,low-resolution/derived candidate,arcaea:amazingmightyyyy:default,base,,true,filename base/1080_base; _256 retained as APK rendition candidate,high
amekagura,346,Amekagura,"{""en"":""Amekagura"",""ja"":""雨神楽""}",荒谷サトル,extend_2,,1695772802,0,dl_amekagura,default,,,,,,,,assets/songs/dl_amekagura/1080_base.jpg,c2b58dcad54203645057a859524789f59cfd5ca13613b610d04ad087b58aac90,07df16246fd0b0cfffec1b53333072c8c909241282060ec7fe045697ac33e2c0,275662,768,768,image/jpeg,song-jacket,primary-resolution candidate,arcaea:amekagura:default,1080_base,,false,filename base/1080_base; _256 retained as APK rendition candidate,high
amekagura,346,Amekagura,"{""en"":""Amekagura"",""ja"":""雨神楽""}",荒谷サトル,extend_2,,1695772802,0,dl_amekagura,default,,,,,,,,assets/songs/dl_amekagura/1080_base_256.jpg,c2b58dcad54203645057a859524789f59cfd5ca13613b610d04ad087b58aac90,8563e086eab31b90823d9fe1ff0b2771b73f7e6d83a30a0eaa7ad27d108f17e4,97055,384,384,image/jpeg,song-jacket,low-resolution/derived candidate,arcaea:amekagura:default,1080_base,,true,filename base/1080_base; _256 retained as APK rendition candidate,high
amygdata,153,amygdata,"{""en"":""amygdata""}",nitro,single,,1585094401,1,dl_amygdata,default,,,,,,,,assets/songs/dl_amygdata/1080_base.jpg,c2b58dcad54203645057a859524789f59cfd5ca13613b610d04ad087b58aac90,7161c495f311e9772bb91a7f96b9c38b2096450778eb01b43368252d2bbd98ea,330521,768,768,image/jpeg,song-jacket,primary-resolution candidate,arcaea:amygdata:default,1080_base,,false,filename base/1080_base; _256 retained as APK rendition candidate,high
amygdata,153,amygdata,"{""en"":""amygdata""}",nitro,single,,1585094401,1,dl_amygdata,default,,,,,,,,assets/songs/dl_amygdata/1080_base_256.jpg,c2b58dcad54203645057a859524789f59cfd5ca13613b610d04ad087b58aac90,077a1e6d95ceac42a8e896ddc14c18beaa0018a183555564c699dea30538c2e0,87037,384,384,image/jpeg,song-jacket,low-resolution/derived candidate,arcaea:amygdata:default,1080_base,,true,filename base/1080_base; _256 retained as APK rendition candidate,high
andorxor,490,ANDORXOR,"{""en"":""ANDORXOR""}",Sobrem,eclipse,,1759363204,1,dl_andorxor,default,,,,,,,,assets/songs/dl_andorxor/1080_base.jpg,c2b58dcad54203645057a859524789f59cfd5ca13613b610d04ad087b58aac90,b3be9dfb0f17dc0190de605055553acee8625e79ec32a349bf7d2dda74bb385e,366324,768,768,image/jpeg,song-jacket,primary-resolution candidate,arcaea:andorxor:default,1080_base,,false,filename base/1080_base; _256 retained as APK rendition candidate,high
andorxor,490,ANDORXOR,"{""en"":""ANDORXOR""}",Sobrem,eclipse,,1759363204,1,dl_andorxor,default,,,,,,,,assets/songs/dl_andorxor/1080_base_256.jpg,c2b58dcad54203645057a859524789f59cfd5ca13613b610d04ad087b58aac90,16ab9dd43f114fca3990f7d5584ea890181fd122c54a71fe1800e2fbd578467f,107472,384,384,image/jpeg,song-jacket,low-resolution/derived candidate,arcaea:andorxor:default,1080_base,,true,filename base/1080_base; _256 retained as APK rendition candidate,high
andrevivemelody,427,And Revive The Melody,"{""en"":""And Revive The Melody""}",黒魔,ongeki_append_2,,1732147204,1,dl_andrevivemelody,default,,,,,,,,assets/songs/dl_andrevivemelody/base.jpg,c2b58dcad54203645057a859524789f59cfd5ca13613b610d04ad087b58aac90,71a5ced7c1ebe30c1fb31bbac578fc7dd6122a575298b6bfc63b23b7d1981747,219026,512,512,image/jpeg,song-jacket,primary-resolution candidate,arcaea:andrevivemelody:default,base,,false,filename base/1080_base; _256 retained as APK rendition candidate,high
andrevivemelody,427,And Revive The Melody,"{""en"":""And Revive The Melody""}",黒魔,ongeki_append_2,,1732147204,1,dl_andrevivemelody,default,,,,,,,,assets/songs/dl_andrevivemelody/base_256.jpg,c2b58dcad54203645057a859524789f59cfd5ca13613b610d04ad087b58aac90,cf09b2fd3078ecd1c2636fd3034eb97b0f68acfda3c9a9686e785f03d8bb00c4,66562,256,256,image/jpeg,song-directory-image,low-resolution/derived candidate,arcaea:andrevivemelody:default,base,,true,filename base/1080_base; _256 retained as APK rendition candidate,high
angelsboundary,498,Angel's Boundary,"{""en"":""Angel's Boundary""}",MEMODEMO,single,,1761782405,0,dl_angelsboundary,default,,,,,,,,assets/songs/dl_angelsboundary/1080_base.jpg,c2b58dcad54203645057a859524789f59cfd5ca13613b610d04ad087b58aac90,1b24dc80a0154e2e6ec7c32d8b5fdd10e6497a8cddb6e9b789ec9cc26cdbf119,426641,768,767,image/jpeg,song-jacket,primary-resolution candidate,arcaea:angelsboundary:default,1080_base,,false,filename base/1080_base; _256 retained as APK rendition candidate,high
angelsboundary,498,Angel's Boundary,"{""en"":""Angel's Boundary""}",MEMODEMO,single,,1761782405,0,dl_angelsboundary,default,,,,,,,,assets/songs/dl_angelsboundary/1080_base_256.jpg,c2b58dcad54203645057a859524789f59cfd5ca13613b610d04ad087b58aac90,05a420ffa0051d4d7bbe5102f9837a0d84606c48d35e74902848ca384a7ccaad,135273,384,384,image/jpeg,song-jacket,low-resolution/derived candidate,arcaea:angelsboundary:default,1080_base,,true,filename base/1080_base; _256 retained as APK rendition candidate,high
anokumene,21,Anökumene,"{""en"":""Anökumene"",""ko"":""Anokumene"",""zh-Hant"":""Anokumene"",""zh-Hans"":""Anokumene""}",Jun Kuroda,base,,1491868801,1,dl_anokumene,default,,,,,,,,assets/songs/dl_anokumene/1080_base.jpg,c2b58dcad54203645057a859524789f59cfd5ca13613b610d04ad087b58aac90,45fdf678724d74e09e4f4ee411f0e564172132498bf2a67db40aa8fce97267db,153284,768,768,image/jpeg,song-jacket,primary-resolution candidate,arcaea:anokumene:default,1080_base,,false,filename base/1080_base; _256 retained as APK rendition candidate,high
anokumene,21,Anökumene,"{""en"":""Anökumene"",""ko"":""Anokumene"",""zh-Hant"":""Anokumene"",""zh-Hans"":""Anokumene""}",Jun Kuroda,base,,1491868801,1,dl_anokumene,default,,,,,,,,assets/songs/dl_anokumene/1080_base_256.jpg,c2b58dcad54203645057a859524789f59cfd5ca13613b610d04ad087b58aac90,e57714a967dd257d3800b52287a45fc96fec277a36e97f815810424a98aa4c47,45369,384,384,image/jpeg,song-jacket,low-resolution/derived candidate,arcaea:anokumene:default,1080_base,,true,filename base/1080_base; _256 retained as APK rendition candidate,high
antagonism,156,Antagonism,"{""en"":""Antagonism""}",Yooh vs. siromaru,vs,,1590537601,1,dl_antagonism,default,,,,,,,,assets/songs/dl_antagonism/1080_base.jpg,c2b58dcad54203645057a859524789f59cfd5ca13613b610d04ad087b58aac90,8302607db4eab9dbe17dd665096fc4fca46abe1ab8ec8943044bfa9de904556c,253832,768,768,image/jpeg,song-jacket,primary-resolution candidate,arcaea:antagonism:default,1080_base,,false,filename base/1080_base; _256 retained as APK rendition candidate,high
antagonism,156,Antagonism,"{""en"":""Antagonism""}",Yooh vs. siromaru,vs,,1590537601,1,dl_antagonism,default,,,,,,,,assets/songs/dl_antagonism/1080_base_256.jpg,c2b58dcad54203645057a859524789f59cfd5ca13613b610d04ad087b58aac90,e5a2e585efc0108213379e62aa35f0dca4d38db967b5c44bf05894553f6d3792,69091,384,384,image/jpeg,song-jacket,low-resolution/derived candidate,arcaea:antagonism:default,1080_base,,true,filename base/1080_base; _256 retained as APK rendition candidate,high
antithese,113,Antithese,"{""en"":""Antithese""}",Blacklolita,zettai,,1553126402,1,dl_antithese,difficulty-specific,BYD,3,True,BYD,,,,assets/songs/dl_antithese/1080_3.jpg,c2b58dcad54203645057a859524789f59cfd5ca13613b610d04ad087b58aac90,8e70fd18d0914bdf845512149492d268ec1ee9aa091c9c8b9eae06ba6b03e3e0,244952,768,768,image/jpeg,song-jacket,primary-resolution candidate,arcaea:antithese:difficulty:BYD,1080_3,,false,numeric suffix=3; filename-to-ratingClass mapping is a candidate; jacketOverride=True,high
antithese,113,Antithese,"{""en"":""Antithese""}",Blacklolita,zettai,,1553126402,1,dl_antithese,difficulty-specific,BYD,3,True,BYD,,,,assets/songs/dl_antithese/1080_3_256.jpg,c2b58dcad54203645057a859524789f59cfd5ca13613b610d04ad087b58aac90,d90aedc45126790da3b3ff7073d9d694ea8ca352e0591922ba41ab7868958515,65634,384,384,image/jpeg,song-jacket,low-resolution/derived candidate,arcaea:antithese:difficulty:BYD,1080_3,,true,numeric suffix=3; filename-to-ratingClass mapping is a candidate; jacketOverride=True,high
antithese,113,Antithese,"{""en"":""Antithese""}",Blacklolita,zettai,,1553126402,1,dl_antithese,default,,,,BYD,,,,assets/songs/dl_antithese/1080_base.jpg,c2b58dcad54203645057a859524789f59cfd5ca13613b610d04ad087b58aac90,333adce56dc0928eec5878dcfc3668233904f6faa90f55c28165d3239001a3ad,175277,768,768,image/jpeg,song-jacket,primary-resolution candidate,arcaea:antithese:default,1080_base,,false,filename base/1080_base; _256 retained as APK rendition candidate,high
antithese,113,Antithese,"{""en"":""Antithese""}",Blacklolita,zettai,,1553126402,1,dl_antithese,default,,,,BYD,,,,assets/songs/dl_antithese/1080_base_256.jpg,c2b58dcad54203645057a859524789f59cfd5ca13613b610d04ad087b58aac90,f9cc3a516057cb21c30b08ef1d8a97df8244044e9903b0712e158195fde9902e,47967,384,384,image/jpeg,song-jacket,low-resolution/derived candidate,arcaea:antithese:default,1080_base,,true,filename base/1080_base; _256 retained as APK rendition candidate,high
aprilshowers,195,April showers,"{""en"":""April showers"",""ja"":""四月の雨""}",cubesato,maimai,,1610064000,0,dl_aprilshowers,default,,,,,,,,assets/songs/dl_aprilshowers/base.jpg,c2b58dcad54203645057a859524789f59cfd5ca13613b610d04ad087b58aac90,b4b8a3231540be41f3555267ea9ecca9f750b90979a177860d20dba341a94b4d,104454,512,512,image/jpeg,song-jacket,primary-resolution candidate,arcaea:aprilshowers:default,base,,false,filename base/1080_base; _256 retained as APK rendition candidate,high
aprilshowers,195,April showers,"{""en"":""April showers"",""ja"":""四月の雨""}",cubesato,maimai,,1610064000,0,dl_aprilshowers,default,,,,,,,,assets/songs/dl_aprilshowers/base_256.jpg,c2b58dcad54203645057a859524789f59cfd5ca13613b610d04ad087b58aac90,fc7bc19cbe0455c361d9846ec5e8205030bf334e4c1a387522697ef59613d5ea,47801,256,256,image/jpeg,song-directory-image,low-resolution/derived candidate,arcaea:aprilshowers:default,base,,true,filename base/1080_base; _256 retained as APK rendition candidate,high
arcanaeden,279,Arcana Eden,"{""en"":""Arcana Eden""}",Team Grimoire vs Sakuzyo vs Laur,finale,,1657152008,1,dl_arcanaeden,default,,,,,,,,assets/songs/dl_arcanaeden/1080_base.jpg,c2b58dcad54203645057a859524789f59cfd5ca13613b610d04ad087b58aac90,88efc9b2bef00c886bdba3103fac9d165ba64d103bc6ed63ffffb11fcf7fe370,446407,768,768,image/jpeg,song-jacket,primary-resolution candidate,arcaea:arcanaeden:default,1080_base,,false,filename base/1080_base; _256 retained as APK rendition candidate,high
arcanaeden,279,Arcana Eden,"{""en"":""Arcana Eden""}",Team Grimoire vs Sakuzyo vs Laur,finale,,1657152008,1,dl_arcanaeden,default,,,,,,,,assets/songs/dl_arcanaeden/1080_base_256.jpg,c2b58dcad54203645057a859524789f59cfd5ca13613b610d04ad087b58aac90,7033f8d52461cf951be20254de045032d53a768bf83557a85da51cf3b8be40ef,111932,384,384,image/jpeg,song-jacket,low-resolution/derived candidate,arcaea:arcanaeden:default,1080_base,,true,filename base/1080_base; _256 retained as APK rendition candidate,high
arghena,352,Arghena,"{""en"":""Arghena""}",Feryquitous vs Laur,eden_append_1,,1695772808,1,dl_arghena,default,,,,,,,,assets/songs/dl_arghena/1080_base.jpg,c2b58dcad54203645057a859524789f59cfd5ca13613b610d04ad087b58aac90,5d99b33a2460adb1b57d65a6bba6a602b814201d215a7899199bc45cc7948855,363592,768,768,image/jpeg,song-jacket,primary-resolution candidate,arcaea:arghena:default,1080_base,,false,filename base/1080_base; _256 retained as APK rendition candidate,high
arghena,352,Arghena,"{""en"":""Arghena""}",Feryquitous vs Laur,eden_append_1,,1695772808,1,dl_arghena,default,,,,,,,,assets/songs/dl_arghena/1080_base_256.jpg,c2b58dcad54203645057a859524789f59cfd5ca13613b610d04ad087b58aac90,e5e900374b495aabd0685eb9e8d3918a6ac96f3df3ade527b1c1a91e4bea38b5,148862,384,384,image/jpeg,song-jacket,low-resolution/derived candidate,arcaea:arghena:default,1080_base,,true,filename base/1080_base; _256 retained as APK rendition candidate,high
ascent,241,Ascent,"{""en"":""Ascent""}",TANUKI,nijuusei_append_1,,1636588801,0,dl_ascent,default,,,,,,,,assets/songs/dl_ascent/1080_base.jpg,c2b58dcad54203645057a859524789f59cfd5ca13613b610d04ad087b58aac90,4ecd406f282448a8c6fde393a827da786d25ac0f94a77879a78ae67e0ef2f716,315834,768,768,image/jpeg,song-jacket,primary-resolution candidate,arcaea:ascent:default,1080_base,,false,filename base/1080_base; _256 retained as APK rendition candidate,high
ascent,241,Ascent,"{""en"":""Ascent""}",TANUKI,nijuusei_append_1,,1636588801,0,dl_ascent,default,,,,,,,,assets/songs/dl_ascent/1080_base_256.jpg,c2b58dcad54203645057a859524789f59cfd5ca13613b610d04ad087b58aac90,8562afeff5a4ea7db93af60ab21d2e0263a09cf34a27e2c82962eca50b3c114f,88205,384,384,image/jpeg,song-jacket,low-resolution/derived candidate,arcaea:ascent:default,1080_base,,true,filename base/1080_base; _256 retained as APK rendition candidate,high
asgore,529,ASGORE,"{""en"":""ASGORE"",""ja"":""アズゴア""}",Toby Fox,undertale_append_1,,1777507202,0,dl_asgore,default,,,,,,,,assets/songs/dl_asgore/1080_base.jpg,c2b58dcad54203645057a859524789f59cfd5ca13613b610d04ad087b58aac90,4d943735ac0d4ed19689f96ae2915c239366a529d0414b0954ee20e6b0ef08c8,87899,768,768,image/jpeg,song-jacket,primary-resolution candidate,arcaea:asgore:default,1080_base,,false,filename base/1080_base; _256 retained as APK rendition candidate,high
asgore,529,ASGORE,"{""en"":""ASGORE"",""ja"":""アズゴア""}",Toby Fox,undertale_append_1,,1777507202,0,dl_asgore,default,,,,,,,,assets/songs/dl_asgore/1080_base_256.jpg,c2b58dcad54203645057a859524789f59cfd5ca13613b610d04ad087b58aac90,8ef323dda461927430a1d8268d7157f05837bdfa9f432c7c664496e4d8f015b0,37287,384,384,image/jpeg,song-jacket,low-resolution/derived candidate,arcaea:asgore:default,1080_base,,true,filename base/1080_base; _256 retained as APK rendition candidate,high
ashenboundary,405,Ashen 6oundary,"{""en"":""Ashen 6oundary""}",YUKIYANAGI,nihil,,1722297604,1,dl_ashenboundary,default,,,,,,,,assets/songs/dl_ashenboundary/1080_base.jpg,c2b58dcad54203645057a859524789f59cfd5ca13613b610d04ad087b58aac90,0ce6a565fbc2c5e78ea2719ff9287ae9a5fdd6b073017b4c0204e2b3368d030c,375057,768,768,image/jpeg,song-jacket,primary-resolution candidate,arcaea:ashenboundary:default,1080_base,,false,filename base/1080_base; _256 retained as APK rendition candidate,high
ashenboundary,405,Ashen 6oundary,"{""en"":""Ashen 6oundary""}",YUKIYANAGI,nihil,,1722297604,1,dl_ashenboundary,default,,,,,,,,assets/songs/dl_ashenboundary/1080_base_256.jpg,c2b58dcad54203645057a859524789f59cfd5ca13613b610d04ad087b58aac90,e33b981e688fe4a480692a03dd0399db49ec50b111e617c7edefc204cb3308b9,116781,384,384,image/jpeg,song-jacket,low-resolution/derived candidate,arcaea:ashenboundary:default,1080_base,,true,filename base/1080_base; _256 retained as APK rendition candidate,high
astralexe,423,astral.exe,"{""en"":""astral.exe""}",Synzak & Laxeno57,extend_3,,1732147200,0,dl_astralexe,default,,,,,,,,assets/songs/dl_astralexe/1080_base.jpg,c2b58dcad54203645057a859524789f59cfd5ca13613b610d04ad087b58aac90,e20321758ebf219e7bb8222d023e459a2c1b9a301d2b9fb0baa6518b774deac1,244138,768,768,image/jpeg,song-jacket,primary-resolution candidate,arcaea:astralexe:default,1080_base,,false,filename base/1080_base; _256 retained as APK rendition candidate,high
astralexe,423,astral.exe,"{""en"":""astral.exe""}",Synzak & Laxeno57,extend_3,,1732147200,0,dl_astralexe,default,,,,,,,,assets/songs/dl_astralexe/1080_base_256.jpg,c2b58dcad54203645057a859524789f59cfd5ca13613b610d04ad087b58aac90,d1317753671ac65c1a6e65eff9b44c3545146f31e903ef8ae58b6cf7495d3808,102076,384,384,image/jpeg,song-jacket,low-resolution/derived candidate,arcaea:astralexe:default,1080_base,,true,filename base/1080_base; _256 retained as APK rendition candidate,high
astralquant,434,Astral Quantization,"{""en"":""Astral Quantization""}",Dj Grimoire,lephon,,1732147211,3,dl_astralquant,default,,,,,,,,assets/songs/dl_astralquant/1080_base.jpg,c2b58dcad54203645057a859524789f59cfd5ca13613b610d04ad087b58aac90,d7dea9294a1adc171f363fbb8b4b0137ff175d50b227564c1c8cb5eb246bb39d,467877,768,768,image/jpeg,song-jacket,primary-resolution candidate,arcaea:astralquant:default,1080_base,,false,filename base/1080_base; _256 retained as APK rendition candidate,high
astralquant,434,Astral Quantization,"{""en"":""Astral Quantization""}",Dj Grimoire,lephon,,1732147211,3,dl_astralquant,default,,,,,,,,assets/songs/dl_astralquant/1080_base_256.jpg,c2b58dcad54203645057a859524789f59cfd5ca13613b610d04ad087b58aac90,51703ccef92e1735064e02bbdfbd05ac3d25e00d082440ebcda910726e0cafbe,150943,384,384,image/jpeg,song-jacket,low-resolution/derived candidate,arcaea:astralquant:default,1080_base,,true,filename base/1080_base; _256 retained as APK rendition candidate,high
astraltale,103,Astral tale,"{""en"":""Astral tale""}",Noah,single,,1541635201,1,dl_astraltale,default,,,,,,,,assets/songs/dl_astraltale/1080_base.jpg,c2b58dcad54203645057a859524789f59cfd5ca13613b610d04ad087b58aac90,1bd9a63075042c859200c0815b52367406c7746df75f23273a23bf9e040bee02,322351,768,768,image/jpeg,song-jacket,primary-resolution candidate,arcaea:astraltale:default,1080_base,,false,filename base/1080_base; _256 retained as APK rendition candidate,high
astraltale,103,Astral tale,"{""en"":""Astral tale""}",Noah,single,,1541635201,1,dl_astraltale,default,,,,,,,,assets/songs/dl_astraltale/1080_base_256.jpg,c2b58dcad54203645057a859524789f59cfd5ca13613b610d04ad087b58aac90,9341b851857723eaefe9982239dad631caa5053dc58bbc3a9162d7eafdc22742,84341,384,384,image/jpeg,song-jacket,low-resolution/derived candidate,arcaea:astraltale:default,1080_base,,true,filename base/1080_base; _256 retained as APK rendition candidate,high
astrawalkthrough,297,Astra walkthrough,"{""en"":""Astra walkthrough""}",paraoka,extend_2,,1674691203,1,dl_astrawalkthrough,default,,,,,,,,assets/songs/dl_astrawalkthrough/1080_base.jpg,c2b58dcad54203645057a859524789f59cfd5ca13613b610d04ad087b58aac90,cbd00b243ca74bf5a743136caa5668f94f622c11d0a29cebfa77cf5c5d3e0600,349687,768,768,image/jpeg,song-jacket,primary-resolution candidate,arcaea:astrawalkthrough:default,1080_base,,false,filename base/1080_base; _256 retained as APK rendition candidate,high
astrawalkthrough,297,Astra walkthrough,"{""en"":""Astra walkthrough""}",paraoka,extend_2,,1674691203,1,dl_astrawalkthrough,default,,,,,,,,assets/songs/dl_astrawalkthrough/1080_base_256.jpg,c2b58dcad54203645057a859524789f59cfd5ca13613b610d04ad087b58aac90,b5acb32f90f2e34be9ccf12c5860bc4b36d8f3a87a89733ba2fe575f39fd8ddb,83696,384,384,image/jpeg,song-jacket,low-resolution/derived candidate,arcaea:astrawalkthrough:default,1080_base,,true,filename base/1080_base; _256 retained as APK rendition candidate,high
aterlbus,38,αterlβus,"{""en"":""αterlβus"",""zh-Hant"":""aterlbus"",""zh-Hans"":""aterlbus""}",Aoi,dynamix,,1498176005,1,dl_aterlbus,default,,,,,,,,assets/songs/dl_aterlbus/1080_base.jpg,c2b58dcad54203645057a859524789f59cfd5ca13613b610d04ad087b58aac90,521cec9139115362b1bd5c4c390d4e862ebb91e85959c627724c5d8c13219d63,284939,768,768,image/jpeg,song-jacket,primary-resolution candidate,arcaea:aterlbus:default,1080_base,,false,filename base/1080_base; _256 retained as APK rendition candidate,high
aterlbus,38,αterlβus,"{""en"":""αterlβus"",""zh-Hant"":""aterlbus"",""zh-Hans"":""aterlbus""}",Aoi,dynamix,,1498176005,1,dl_aterlbus,default,,,,,,,,assets/songs/dl_aterlbus/1080_base_256.jpg,c2b58dcad54203645057a859524789f59cfd5ca13613b610d04ad087b58aac90,d25f71b849ae22e0993b9ae210bcfb6dfb5d22294606a1f1e2d621e5b14fe9fb,73287,384,384,image/jpeg,song-jacket,low-resolution/derived candidate,arcaea:aterlbus:default,1080_base,,true,filename base/1080_base; _256 retained as APK rendition candidate,high
attraqtia,203,AttraqtiA,"{""en"":""AttraqtiA""}",かめりあ,single,,1611187203,0,dl_attraqtia,default,,,,,,,,assets/songs/dl_attraqtia/1080_base.jpg,c2b58dcad54203645057a859524789f59cfd5ca13613b610d04ad087b58aac90,75f7ce0fc09e07ae4dd58080c1279e01b060a5aff2f0c33748348dc02bb005cc,463457,768,768,image/jpeg,song-jacket,primary-resolution candidate,arcaea:attraqtia:default,1080_base,,false,filename base/1080_base; _256 retained as APK rendition candidate,high
attraqtia,203,AttraqtiA,"{""en"":""AttraqtiA""}",かめりあ,single,,1611187203,0,dl_attraqtia,default,,,,,,,,assets/songs/dl_attraqtia/1080_base_256.jpg,c2b58dcad54203645057a859524789f59cfd5ca13613b610d04ad087b58aac90,e02450323292ec1424321fe303d9fe8fb7db2b69e7ce6b3e7e944459b014431e,113145,384,384,image/jpeg,song-jacket,low-resolution/derived candidate,arcaea:attraqtia:default,1080_base,,true,filename base/1080_base; _256 retained as APK rendition candidate,high
aurgelmir,261,Aurgelmir,"{""en"":""Aurgelmir""}",溝口ゆうま feat. 大瀬良あい,single,,1647993600,1,dl_aurgelmir,default,,,,,,,,assets/songs/dl_aurgelmir/1080_base.jpg,c2b58dcad54203645057a859524789f59cfd5ca13613b610d04ad087b58aac90,e4492d7ed1029a172cfa0ea6aa46029f9c85505783475ce8319a224486fd815a,364619,768,768,image/jpeg,song-jacket,primary-resolution candidate,arcaea:aurgelmir:default,1080_base,,false,filename base/1080_base; _256 retained as APK rendition candidate,high
aurgelmir,261,Aurgelmir,"{""en"":""Aurgelmir""}",溝口ゆうま feat. 大瀬良あい,single,,1647993600,1,dl_aurgelmir,default,,,,,,,,assets/songs/dl_aurgelmir/1080_base_256.jpg,c2b58dcad54203645057a859524789f59cfd5ca13613b610d04ad087b58aac90,3b1fb43fe9be460414354c7a7d09d8dce9e7bb76d3f0a96602900cc6efaf5959,92982,384,384,image/jpeg,song-jacket,low-resolution/derived candidate,arcaea:aurgelmir:default,1080_base,,true,filename base/1080_base; _256 retained as APK rendition candidate,high
auxesia,48,Auxesia,"{""en"":""Auxesia""}",ginkiha,single,,1502323206,0,dl_auxesia,default,,,,,,,,assets/songs/dl_auxesia/1080_base.jpg,c2b58dcad54203645057a859524789f59cfd5ca13613b610d04ad087b58aac90,0f9c129b99aeffdd5c6bf772c666e54a0ddf46c9b2ffa02e152a814e2cec48a9,319114,768,758,image/jpeg,song-jacket,primary-resolution candidate,arcaea:auxesia:default,1080_base,,false,filename base/1080_base; _256 retained as APK rendition candidate,high
auxesia,48,Auxesia,"{""en"":""Auxesia""}",ginkiha,single,,1502323206,0,dl_auxesia,default,,,,,,,,assets/songs/dl_auxesia/1080_base_256.jpg,c2b58dcad54203645057a859524789f59cfd5ca13613b610d04ad087b58aac90,0b6e17128b46484b0b8f83bf6b017f632d74743038a3000ac7b6333efc890555,84799,384,379,image/jpeg,song-jacket,low-resolution/derived candidate,arcaea:auxesia:default,1080_base,,true,filename base/1080_base; _256 retained as APK rendition candidate,high
avantraze,144,Avant Raze,"{""en"":""Avant Raze""}",Sampling Masters MEGA,single,,1575849600,1,dl_avantraze,default,,,,,,,,assets/songs/dl_avantraze/1080_base.jpg,c2b58dcad54203645057a859524789f59cfd5ca13613b610d04ad087b58aac90,1a1d02c4fa65541bd54d0b8176b08377a14eea77e449c8b2077a352b326037fc,349227,768,768,image/jpeg,song-jacket,primary-resolution candidate,arcaea:avantraze:default,1080_base,,false,filename base/1080_base; _256 retained as APK rendition candidate,high
avantraze,144,Avant Raze,"{""en"":""Avant Raze""}",Sampling Masters MEGA,single,,1575849600,1,dl_avantraze,default,,,,,,,,assets/songs/dl_avantraze/1080_base_256.jpg,c2b58dcad54203645057a859524789f59cfd5ca13613b610d04ad087b58aac90,c7c16d902b239c37f646d3ff515e06d5fdb4eb6f233c346b07551d2881ad2625,89277,384,384,image/jpeg,song-jacket,low-resolution/derived candidate,arcaea:avantraze:default,1080_base,,true,filename base/1080_base; _256 retained as APK rendition candidate,high
avril,260,Ävril -Flicka i krans-,"{""en"":""Ävril -Flicka i krans-"",""ko_dialog"":""Avril -Flicka i krans-""}",Rigël Theatre,base,,1645056000,0,dl_avril,difficulty-specific,PST,0,True,PRS;PST,,,,assets/songs/dl_avril/1080_0.jpg,c2b58dcad54203645057a859524789f59cfd5ca13613b610d04ad087b58aac90,15e7f0c918850ddc59f56e7033b6303f7369c006021fe0ad866d48c64e3d738f,214863,768,768,image/jpeg,song-jacket,primary-resolution candidate,arcaea:avril:difficulty:PST,1080_0,,false,numeric suffix=0; filename-to-ratingClass mapping is a candidate; jacketOverride=True,high
avril,260,Ävril -Flicka i krans-,"{""en"":""Ävril -Flicka i krans-"",""ko_dialog"":""Avril -Flicka i krans-""}",Rigël Theatre,base,,1645056000,0,dl_avril,difficulty-specific,PST,0,True,PRS;PST,,,,assets/songs/dl_avril/1080_0_256.jpg,c2b58dcad54203645057a859524789f59cfd5ca13613b610d04ad087b58aac90,9d039e598ff94a886f6feecdb582da24b9ea0ae77dca48df049d1b523cb67437,60865,384,384,image/jpeg,song-jacket,low-resolution/derived candidate,arcaea:avril:difficulty:PST,1080_0,,true,numeric suffix=0; filename-to-ratingClass mapping is a candidate; jacketOverride=True,high
avril,260,Ävril -Flicka i krans-,"{""en"":""Ävril -Flicka i krans-"",""ko_dialog"":""Avril -Flicka i krans-""}",Rigël Theatre,base,,1645056000,0,dl_avril,difficulty-specific,PRS,1,True,PRS;PST,,,,assets/songs/dl_avril/1080_1.jpg,c2b58dcad54203645057a859524789f59cfd5ca13613b610d04ad087b58aac90,6859453bba6199bac2bce470886777c867dfb0ffc1cc1fc65ee180277576d300,214271,768,768,image/jpeg,song-jacket,primary-resolution candidate,arcaea:avril:difficulty:PRS,1080_1,,false,numeric suffix=1; filename-to-ratingClass mapping is a candidate; jacketOverride=True,high
avril,260,Ävril -Flicka i krans-,"{""en"":""Ävril -Flicka i krans-"",""ko_dialog"":""Avril -Flicka i krans-""}",Rigël Theatre,base,,1645056000,0,dl_avril,difficulty-specific,PRS,1,True,PRS;PST,,,,assets/songs/dl_avril/1080_1_256.jpg,c2b58dcad54203645057a859524789f59cfd5ca13613b610d04ad087b58aac90,0827b33be5df88bfd2a06d1d8f181f5cfa7ae08c9a6d33d4ebd02a33004fe50b,60901,384,384,image/jpeg,song-jacket,low-resolution/derived candidate,arcaea:avril:difficulty:PRS,1080_1,,true,numeric suffix=1; filename-to-ratingClass mapping is a candidate; jacketOverride=True,high
avril,260,Ävril -Flicka i krans-,"{""en"":""Ävril -Flicka i krans-"",""ko_dialog"":""Avril -Flicka i krans-""}",Rigël Theatre,base,,1645056000,0,dl_avril,default,,,,PRS;PST,,,,assets/songs/dl_avril/1080_base.jpg,c2b58dcad54203645057a859524789f59cfd5ca13613b610d04ad087b58aac90,d4d98900f69b88d103f4d1df269d0b0c3c31d148597056c5a1243b7e01bd49b1,213528,768,768,image/jpeg,song-jacket,primary-resolution candidate,arcaea:avril:default,1080_base,,false,filename base/1080_base; _256 retained as APK rendition candidate,high
avril,260,Ävril -Flicka i krans-,"{""en"":""Ävril -Flicka i krans-"",""ko_dialog"":""Avril -Flicka i krans-""}",Rigël Theatre,base,,1645056000,0,dl_avril,default,,,,PRS;PST,,,,assets/songs/dl_avril/1080_base_256.jpg,c2b58dcad54203645057a859524789f59cfd5ca13613b610d04ad087b58aac90,fbfb4bd0da0804b1b936b52fb1b4e445ac3482469dd9c9688c8a9d23f23a97dd,60752,384,384,image/jpeg,song-jacket,low-resolution/derived candidate,arcaea:avril:default,1080_base,,true,filename base/1080_base; _256 retained as APK rendition candidate,high
awakening,493,Wake in Hour,"{""en"":""Wake in Hour"",""ja"":""始マリノ詩""}",有村京悟 feat.July,extend_4,,1761782400,0,dl_awakening,default,,,,,,,,assets/songs/dl_awakening/1080_base.jpg,c2b58dcad54203645057a859524789f59cfd5ca13613b610d04ad087b58aac90,e1a9aad3b595cdd43db24c459fdb62c3678676345419fafbaf481a8a66a8e2c7,455199,768,768,image/jpeg,song-jacket,primary-resolution candidate,arcaea:awakening:default,1080_base,,false,filename base/1080_base; _256 retained as APK rendition candidate,high
awakening,493,Wake in Hour,"{""en"":""Wake in Hour"",""ja"":""始マリノ詩""}",有村京悟 feat.July,extend_4,,1761782400,0,dl_awakening,default,,,,,,,,assets/songs/dl_awakening/1080_base_256.jpg,c2b58dcad54203645057a859524789f59cfd5ca13613b610d04ad087b58aac90,726028c5d1f197618bdb699d622eaa9725d2326733fde9e378d8deff802d5c98,127184,384,384,image/jpeg,song-jacket,low-resolution/derived candidate,arcaea:awakening:default,1080_base,,true,filename base/1080_base; _256 retained as APK rendition candidate,high
awakeninruins,380,Awaken In Ruins,"{""en"":""Awaken In Ruins""}",Supa7onyz,extend_3,,1711324802,1,dl_awakeninruins,default,,,,,,,,assets/songs/dl_awakeninruins/1080_base.jpg,c2b58dcad54203645057a859524789f59cfd5ca13613b610d04ad087b58aac90,5cbc768eb7bc2136eead578e451c6139a6efbdb3c19163dace6c31aa027cb2d4,209364,768,768,image/jpeg,song-jacket,primary-resolution candidate,arcaea:awakeninruins:default,1080_base,,false,filename base/1080_base; _256 retained as APK rendition candidate,high
awakeninruins,380,Awaken In Ruins,"{""en"":""Awaken In Ruins""}",Supa7onyz,extend_3,,1711324802,1,dl_awakeninruins,default,,,,,,,,assets/songs/dl_awakeninruins/1080_base_256.jpg,c2b58dcad54203645057a859524789f59cfd5ca13613b610d04ad087b58aac90,0b6f06868a933dcf5c0f2b85956cb25c070931ec5dfdbdbf52399ddddf601555,80457,384,384,image/jpeg,song-jacket,low-resolution/derived candidate,arcaea:awakeninruins:default,1080_base,,true,filename base/1080_base; _256 retained as APK rendition candidate,high
axiumcrisis,55,Axium Crisis,"{""en"":""Axium Crisis""}",ak+q,yugamu,,1509667207,1,dl_axiumcrisis,difficulty-specific,BYD,3,True,BYD,,"{""en"":""Axium Divergence""}",True,assets/songs/dl_axiumcrisis/1080_3.jpg,c2b58dcad54203645057a859524789f59cfd5ca13613b610d04ad087b58aac90,f8206f42b9ad090800de62f5dce0a9109f0ef9d9a799f9d997e750189486e179,450168,768,768,image/jpeg,song-jacket,primary-resolution candidate,arcaea:axiumcrisis:difficulty:BYD,1080_3,,false,numeric suffix=3; filename-to-ratingClass mapping is a candidate; jacketOverride=True,high
axiumcrisis,55,Axium Crisis,"{""en"":""Axium Crisis""}",ak+q,yugamu,,1509667207,1,dl_axiumcrisis,difficulty-specific,BYD,3,True,BYD,,"{""en"":""Axium Divergence""}",True,assets/songs/dl_axiumcrisis/1080_3_256.jpg,c2b58dcad54203645057a859524789f59cfd5ca13613b610d04ad087b58aac90,4829ac4f7e10379131a16562b0ba7b656b6eb234020dbe5de663c6054486e319,110124,384,384,image/jpeg,song-jacket,low-resolution/derived candidate,arcaea:axiumcrisis:difficulty:BYD,1080_3,,true,numeric suffix=3; filename-to-ratingClass mapping is a candidate; jacketOverride=True,high
axiumcrisis,55,Axium Crisis,"{""en"":""Axium Crisis""}",ak+q,yugamu,,1509667207,1,dl_axiumcrisis,default,,,,BYD,,,,assets/songs/dl_axiumcrisis/1080_base.jpg,c2b58dcad54203645057a859524789f59cfd5ca13613b610d04ad087b58aac90,0677d6cfbf33df489de3700d71d999a13fee34d8e417034d0f349881b010b97a,314829,768,768,image/jpeg,song-jacket,primary-resolution candidate,arcaea:axiumcrisis:default,1080_base,,false,filename base/1080_base; _256 retained as APK rendition candidate,high
axiumcrisis,55,Axium Crisis,"{""en"":""Axium Crisis""}",ak+q,yugamu,,1509667207,1,dl_axiumcrisis,default,,,,BYD,,,,assets/songs/dl_axiumcrisis/1080_base_256.jpg,c2b58dcad54203645057a859524789f59cfd5ca13613b610d04ad087b58aac90,4125346fcec62caecc955b61f100106bb456b9e9d101d62b9e16b7ddb6990589,81780,384,384,image/jpeg,song-jacket,low-resolution/derived candidate,arcaea:axiumcrisis:default,1080_base,,true,filename base/1080_base; _256 retained as APK rendition candidate,high
azalea,505,ΛZΛLEΛ,"{""en"":""ΛZΛLEΛ""}",ak+q × onoken,nextstage,,1763769605,0,dl_azalea,default,,,,,,,,assets/songs/dl_azalea/1080_base.jpg,c2b58dcad54203645057a859524789f59cfd5ca13613b610d04ad087b58aac90,d0eed7005e446bff7cdfbc746cbc46a9101da827f342f2a9a2a6b8586af1b748,319711,768,768,image/jpeg,song-jacket,primary-resolution candidate,arcaea:azalea:default,1080_base,,false,filename base/1080_base; _256 retained as APK rendition candidate,high
azalea,505,ΛZΛLEΛ,"{""en"":""ΛZΛLEΛ""}",ak+q × onoken,nextstage,,1763769605,0,dl_azalea,default,,,,,,,,assets/songs/dl_azalea/1080_base_256.jpg,c2b58dcad54203645057a859524789f59cfd5ca13613b610d04ad087b58aac90,7d17d3162dc55ed7e415f5c368fee3854d60e5914e131164cb03e7d4748a3a32,91088,384,384,image/jpeg,song-jacket,low-resolution/derived candidate,arcaea:azalea:default,1080_base,,true,filename base/1080_base; _256 retained as APK rendition candidate,high
babaroque,8,Babaroque,"{""en"":""Babaroque""}",cYsmix,base,,1487980807,0,dl_babaroque,default,,,,,,,,assets/songs/dl_babaroque/1080_base.jpg,c2b58dcad54203645057a859524789f59cfd5ca13613b610d04ad087b58aac90,b3a70953250b2f432b6b835280c15ee4ae788be457865e1eeb778a633e2d01cb,192132,768,768,image/jpeg,song-jacket,primary-resolution candidate,arcaea:babaroque:default,1080_base,,false,filename base/1080_base; _256 retained as APK rendition candidate,high
babaroque,8,Babaroque,"{""en"":""Babaroque""}",cYsmix,base,,1487980807,0,dl_babaroque,default,,,,,,,,assets/songs/dl_babaroque/1080_base_256.jpg,c2b58dcad54203645057a859524789f59cfd5ca13613b610d04ad087b58aac90,6da2efb6041a5634a0ce34af02f7d3c2e9f32f68b6f48f33572fff4111392d37,36957,384,384,image/jpeg,song-jacket,low-resolution/derived candidate,arcaea:babaroque:default,1080_base,,true,filename base/1080_base; _256 retained as APK rendition candidate,high
backtobasics,394,Back to Basics,"{""en"":""Back to Basics""}",m1dy,single,,1717027204,1,dl_backtobasics,default,,,,,,,,assets/songs/dl_backtobasics/1080_base.jpg,c2b58dcad54203645057a859524789f59cfd5ca13613b610d04ad087b58aac90,f5e4080eb9072e3babbc5783d77ff0d3a9e4586a005d2533fd79b60ec9699f39,498479,768,768,image/jpeg,song-jacket,primary-resolution candidate,arcaea:backtobasics:default,1080_base,,false,filename base/1080_base; _256 retained as APK rendition candidate,high
backtobasics,394,Back to Basics,"{""en"":""Back to Basics""}",m1dy,single,,1717027204,1,dl_backtobasics,default,,,,,,,,assets/songs/dl_backtobasics/1080_base_256.jpg,c2b58dcad54203645057a859524789f59cfd5ca13613b610d04ad087b58aac90,5ea6a58bc564afabfba4ca67d052156c81d22eb1245f2c5a70dfad5b7f213c58,161833,384,384,image/jpeg,song-jacket,low-resolution/derived candidate,arcaea:backtobasics:default,1080_base,,true,filename base/1080_base; _256 retained as APK rendition candidate,high
badtek,173,BADTEK,"{""en"":""BADTEK""}",EBIMAYO,single,,1597968000,1,dl_badtek,default,,,,,,,,assets/songs/dl_badtek/1080_base.jpg,c2b58dcad54203645057a859524789f59cfd5ca13613b610d04ad087b58aac90,0f4a7b4cc05cac1e624bd9cce69a68e4a53a617333418cae60132d0aef3b3a3c,399742,768,768,image/jpeg,song-jacket,primary-resolution candidate,arcaea:badtek:default,1080_base,,false,filename base/1080_base; _256 retained as APK rendition candidate,high
badtek,173,BADTEK,"{""en"":""BADTEK""}",EBIMAYO,single,,1597968000,1,dl_badtek,default,,,,,,,,assets/songs/dl_badtek/1080_base_256.jpg,c2b58dcad54203645057a859524789f59cfd5ca13613b610d04ad087b58aac90,eb836763090286f2e33c48301575fa59c2b59288efbc1d8b875fc268cbfcdc16,105303,384,384,image/jpeg,song-jacket,low-resolution/derived candidate,arcaea:badtek:default,1080_base,,true,filename base/1080_base; _256 retained as APK rendition candidate,high
bassline,207,Can I Friend You on Bassbook? Lol,"{""en"":""Can I Friend You on Bassbook? Lol"",""ja"":""ベースラインやってる？ｗ""}",かめりあ feat. ななひら,single,,1617926400,0,dl_bassline,default,,,,,,,,assets/songs/dl_bassline/1080_base.jpg,c2b58dcad54203645057a859524789f59cfd5ca13613b610d04ad087b58aac90,ffd27e6668d98e07af9e2155042a73b1e378c42c5d8bc5b851968946d1715fc1,332434,768,768,image/jpeg,song-jacket,primary-resolution candidate,arcaea:bassline:default,1080_base,,false,filename base/1080_base; _256 retained as APK rendition candidate,high
bassline,207,Can I Friend You on Bassbook? Lol,"{""en"":""Can I Friend You on Bassbook? Lol"",""ja"":""ベースラインやってる？ｗ""}",かめりあ feat. ななひら,single,,1617926400,0,dl_bassline,default,,,,,,,,assets/songs/dl_bassline/1080_base_256.jpg,c2b58dcad54203645057a859524789f59cfd5ca13613b610d04ad087b58aac90,5f47a3ee45467d1aaf6ecbdec181373037fc6eae5d63f82d5cc1a3ed22d0371d,99024,384,384,image/jpeg,song-jacket,low-resolution/derived candidate,arcaea:bassline:default,1080_base,,true,filename base/1080_base; _256 retained as APK rendition candidate,high
battlenoone,145,BATTLE NO.1,"{""en"":""BATTLE NO.1""}",TANO*C Sound Team,single,,1579046400,1,dl_battlenoone,default,,,,,,,,assets/songs/dl_battlenoone/1080_base.jpg,c2b58dcad54203645057a859524789f59cfd5ca13613b610d04ad087b58aac90,63b2a16b7ecf6cd617ea45302f9f297b4055e1908f9136ea4b5ce63eee8a3a5e,283359,768,768,image/jpeg,song-jacket,primary-resolution candidate,arcaea:battlenoone:default,1080_base,,false,filename base/1080_base; _256 retained as APK rendition candidate,high
battlenoone,145,BATTLE NO.1,"{""en"":""BATTLE NO.1""}",TANO*C Sound Team,single,,1579046400,1,dl_battlenoone,default,,,,,,,,assets/songs/dl_battlenoone/1080_base_256.jpg,c2b58dcad54203645057a859524789f59cfd5ca13613b610d04ad087b58aac90,3c1c40c5194b88206d0f58f9a75d7db2d77f174683b56baa2b884f52458ee56a,63495,384,384,image/jpeg,song-jacket,low-resolution/derived candidate,arcaea:battlenoone:default,1080_base,,true,filename base/1080_base; _256 retained as APK rendition candidate,high
bbkkbkk,347,B.B.K.K.B.K.K.,"{""en"":""B.B.K.K.B.K.K.""}",nora2r,single,,1695772803,1,dl_bbkkbkk,default,,,,,,,,assets/songs/dl_bbkkbkk/1080_base.jpg,c2b58dcad54203645057a859524789f59cfd5ca13613b610d04ad087b58aac90,4c5e19c4b0b079789aa278ac35174707654f5dc49ce5fad2671f3566537abdb6,85490,768,768,image/jpeg,song-jacket,primary-resolution candidate,arcaea:bbkkbkk:default,1080_base,,false,filename base/1080_base; _256 retained as APK rendition candidate,high
bbkkbkk,347,B.B.K.K.B.K.K.,"{""en"":""B.B.K.K.B.K.K.""}",nora2r,single,,1695772803,1,dl_bbkkbkk,default,,,,,,,,assets/songs/dl_bbkkbkk/1080_base_256.jpg,c2b58dcad54203645057a859524789f59cfd5ca13613b610d04ad087b58aac90,5502404161419b433f9611fe5a3297339c8c0f5bdfb17a959cb37d29ffd524f9,26905,384,384,image/jpeg,song-jacket,low-resolution/derived candidate,arcaea:bbkkbkk:default,1080_base,,true,filename base/1080_base; _256 retained as APK rendition candidate,high
beautifuldreamer,393,Beautiful Dreamer,"{""en"":""Beautiful Dreamer""}",M-Project,single,,1717027203,0,dl_beautifuldreamer,default,,,,,,,,assets/songs/dl_beautifuldreamer/1080_base.jpg,c2b58dcad54203645057a859524789f59cfd5ca13613b610d04ad087b58aac90,b8227a72d839e4cd5f1c88ab1968f795b7f38b74a6b0af2c9b27cb5cbeea5777,442123,768,768,image/jpeg,song-jacket,primary-resolution candidate,arcaea:beautifuldreamer:default,1080_base,,false,filename base/1080_base; _256 retained as APK rendition candidate,high
beautifuldreamer,393,Beautiful Dreamer,"{""en"":""Beautiful Dreamer""}",M-Project,single,,1717027203,0,dl_beautifuldreamer,default,,,,,,,,assets/songs/dl_beautifuldreamer/1080_base_256.jpg,c2b58dcad54203645057a859524789f59cfd5ca13613b610d04ad087b58aac90,65a2d3754f2692b17522f6e8cfc8226df2dde2e31304ffc3377b0332ee020f2a,155985,384,384,image/jpeg,song-jacket,low-resolution/derived candidate,arcaea:beautifuldreamer:default,1080_base,,true,filename base/1080_base; _256 retained as APK rendition candidate,high
besideyou,188,Beside You,"{""en"":""Beside You""}",江口孝宏,alice_append_1,,1607558400,0,dl_besideyou,default,,,,,,,,assets/songs/dl_besideyou/1080_base.jpg,c2b58dcad54203645057a859524789f59cfd5ca13613b610d04ad087b58aac90,3cc12e25b6d090490b4fe2f57fdb1b2c997b8640c3e6c9fd45cea3f7da0adac0,310345,768,768,image/jpeg,song-jacket,primary-resolution candidate,arcaea:besideyou:default,1080_base,,false,filename base/1080_base; _256 retained as APK rendition candidate,high
besideyou,188,Beside You,"{""en"":""Beside You""}",江口孝宏,alice_append_1,,1607558400,0,dl_besideyou,default,,,,,,,,assets/songs/dl_besideyou/1080_base_256.jpg,c2b58dcad54203645057a859524789f59cfd5ca13613b610d04ad087b58aac90,f6788b6e9be0f59511b26c7e68a32fc9d1970e9ce0b18d39c58c3af3ed99e274,83840,384,384,image/jpeg,song-jacket,low-resolution/derived candidate,arcaea:besideyou:default,1080_base,,true,filename base/1080_base; _256 retained as APK rendition candidate,high
bethere,78,Be There,"{""en"":""Be There""}",PSYQUI,single,,1527811201,0,dl_bethere,difficulty-specific,BYD,3,True,BYD,,,,assets/songs/dl_bethere/1080_3.jpg,c2b58dcad54203645057a859524789f59cfd5ca13613b610d04ad087b58aac90,d5032ce70d3193916cdc193b5f8b72e2b0d52a80685b7493f3c7aa131e07ce68,316912,768,768,image/jpeg,song-jacket,primary-resolution candidate,arcaea:bethere:difficulty:BYD,1080_3,,false,numeric suffix=3; filename-to-ratingClass mapping is a candidate; jacketOverride=True,high
bethere,78,Be There,"{""en"":""Be There""}",PSYQUI,single,,1527811201,0,dl_bethere,difficulty-specific,BYD,3,True,BYD,,,,assets/songs/dl_bethere/1080_3_256.jpg,c2b58dcad54203645057a859524789f59cfd5ca13613b610d04ad087b58aac90,23b09d5ed90fb5780fbdcc08ec448c5d8fd50b50a699027607f2f4df7710419a,89171,384,384,image/jpeg,song-jacket,low-resolution/derived candidate,arcaea:bethere:difficulty:BYD,1080_3,,true,numeric suffix=3; filename-to-ratingClass mapping is a candidate; jacketOverride=True,high
bethere,78,Be There,"{""en"":""Be There""}",PSYQUI,single,,1527811201,0,dl_bethere,default,,,,BYD,,,,assets/songs/dl_bethere/1080_base.jpg,c2b58dcad54203645057a859524789f59cfd5ca13613b610d04ad087b58aac90,fb08c8f841751c76c9a85efb1227d77779ff6f4cbec1579531629c100e4762dd,294137,768,768,image/jpeg,song-jacket,primary-resolution candidate,arcaea:bethere:default,1080_base,,false,filename base/1080_base; _256 retained as APK rendition candidate,high
bethere,78,Be There,"{""en"":""Be There""}",PSYQUI,single,,1527811201,0,dl_bethere,default,,,,BYD,,,,assets/songs/dl_bethere/1080_base_256.jpg,c2b58dcad54203645057a859524789f59cfd5ca13613b610d04ad087b58aac90,2c41b41c5ec24338a2a3a5a5c30ac8f41011b434d2aa2d9b2cc77c596c4806de,73573,384,384,image/jpeg,song-jacket,low-resolution/derived candidate,arcaea:bethere:default,1080_base,,true,filename base/1080_base; _256 retained as APK rendition candidate,high
blacklotus,164,Black Lotus,"{""en"":""Black Lotus""}",wa.,extend,,1590537611,1,dl_blacklotus,default,,,,,,,,assets/songs/dl_blacklotus/1080_base.jpg,c2b58dcad54203645057a859524789f59cfd5ca13613b610d04ad087b58aac90,b0a7af0c60e23e1fbd73796ede496d6c41169e8ac571d9439b5233a6205c93f1,280500,768,768,image/jpeg,song-jacket,primary-resolution candidate,arcaea:blacklotus:default,1080_base,,false,filename base/1080_base; _256 retained as APK rendition candidate,high
blacklotus,164,Black Lotus,"{""en"":""Black Lotus""}",wa.,extend,,1590537611,1,dl_blacklotus,default,,,,,,,,assets/songs/dl_blacklotus/1080_base_256.jpg,c2b58dcad54203645057a859524789f59cfd5ca13613b610d04ad087b58aac90,035302be75cefc7a6d0655b239b77f794aaa45fde27e02ecc15d69dcc9a26403,83286,384,384,image/jpeg,song-jacket,low-resolution/derived candidate,arcaea:blacklotus:default,1080_base,,true,filename base/1080_base; _256 retained as APK rendition candidate,high
blackmind,398,Black MInD,"{""en"":""Black MInD""}",COSIO,groovecoaster_append_1,,1719446403,1,dl_blackmind,default,,,,,,,,assets/songs/dl_blackmind/base.jpg,c2b58dcad54203645057a859524789f59cfd5ca13613b610d04ad087b58aac90,2954520c9070882dbdb7239ff958cf6d5f11b676bfcbeb5ddaee984f6d9fe4b0,121447,512,512,image/jpeg,song-jacket,primary-resolution candidate,arcaea:blackmind:default,base,,false,filename base/1080_base; _256 retained as APK rendition candidate,high
blackmind,398,Black MInD,"{""en"":""Black MInD""}",COSIO,groovecoaster_append_1,,1719446403,1,dl_blackmind,default,,,,,,,,assets/songs/dl_blackmind/base_256.jpg,c2b58dcad54203645057a859524789f59cfd5ca13613b610d04ad087b58aac90,f0a4343351df37a09967801eab010ae60cbba6eed4a2f80670be15c3445e89f2,44500,256,256,image/jpeg,song-directory-image,low-resolution/derived candidate,arcaea:blackmind:default,base,,true,filename base/1080_base; _256 retained as APK rendition candidate,high
blackmirror,451,Black Mirror on the Wall,"{""en"":""Black Mirror on the Wall""}",暁Records,extend_3,,1743033600,1,dl_blackmirror,default,,,,,,,,assets/songs/dl_blackmirror/1080_base.jpg,c2b58dcad54203645057a859524789f59cfd5ca13613b610d04ad087b58aac90,13b2a8b9a6114364e65e1a7cbe6f156013e12d12555d70070a551c795bb794be,381137,768,768,image/jpeg,song-jacket,primary-resolution candidate,arcaea:blackmirror:default,1080_base,,false,filename base/1080_base; _256 retained as APK rendition candidate,high
blackmirror,451,Black Mirror on the Wall,"{""en"":""Black Mirror on the Wall""}",暁Records,extend_3,,1743033600,1,dl_blackmirror,default,,,,,,,,assets/songs/dl_blackmirror/1080_base_256.jpg,c2b58dcad54203645057a859524789f59cfd5ca13613b610d04ad087b58aac90,25c4e21f00da327566f862002b26bf85c2e999e7bca8c5e4b1b9203ba7ccced3,116228,384,384,image/jpeg,song-jacket,low-resolution/derived candidate,arcaea:blackmirror:default,1080_base,,true,filename base/1080_base; _256 retained as APK rendition candidate,high
blackterritory,115,Black Territory,"{""en"":""Black Territory""}",DJ Myosuke,zettai,,1553126403,1,dl_blackterritory,default,,,,,,,,assets/songs/dl_blackterritory/1080_base.jpg,c2b58dcad54203645057a859524789f59cfd5ca13613b610d04ad087b58aac90,61d46a76426da73f21a40864b9bee3874c47230ed58019fd17bcb0d3259564a9,387339,768,768,image/jpeg,song-jacket,primary-resolution candidate,arcaea:blackterritory:default,1080_base,,false,filename base/1080_base; _256 retained as APK rendition candidate,high
blackterritory,115,Black Territory,"{""en"":""Black Territory""}",DJ Myosuke,zettai,,1553126403,1,dl_blackterritory,default,,,,,,,,assets/songs/dl_blackterritory/1080_base_256.jpg,c2b58dcad54203645057a859524789f59cfd5ca13613b610d04ad087b58aac90,0075ec4a9751a0a234aff194cc7a69e3b9288f00145a1260ec4c2b82fc296c24,92908,384,384,image/jpeg,song-jacket,low-resolution/derived candidate,arcaea:blackterritory:default,1080_base,,true,filename base/1080_base; _256 retained as APK rendition candidate,high
blaster,75,Blaster,"{""en"":""Blaster""}",Massive New Krew,base,,1520553600,1,dl_blaster,default,,,,,,,,assets/songs/dl_blaster/1080_base.jpg,c2b58dcad54203645057a859524789f59cfd5ca13613b610d04ad087b58aac90,62405c200740c1c7b93bdf3fc17e91fb1fba6273958a52a0cc91d04420668f89,341117,768,768,image/jpeg,song-jacket,primary-resolution candidate,arcaea:blaster:default,1080_base,,false,filename base/1080_base; _256 retained as APK rendition candidate,high
blaster,75,Blaster,"{""en"":""Blaster""}",Massive New Krew,base,,1520553600,1,dl_blaster,default,,,,,,,,assets/songs/dl_blaster/1080_base_256.jpg,c2b58dcad54203645057a859524789f59cfd5ca13613b610d04ad087b58aac90,ed125b3d4459aecbaddcfd00ac8f201a5441ad02abc7af4fb3135ac0db811483,94984,384,384,image/jpeg,song-jacket,low-resolution/derived candidate,arcaea:blaster:default,1080_base,,true,filename base/1080_base; _256 retained as APK rendition candidate,high
blazingair,436,BlazinG AIR,"{""en"":""BlazinG AIR""}",kanone,chunithm_append_3,,1734566401,0,dl_blazingair,default,,,,,,,,assets/songs/dl_blazingair/1080_base.jpg,c2b58dcad54203645057a859524789f59cfd5ca13613b610d04ad087b58aac90,ccb3b76a865e8d1e6252204a19d1a6815b089587075cb28350d1765c002c78a6,629558,768,768,image/jpeg,song-jacket,primary-resolution candidate,arcaea:blazingair:default,1080_base,,false,filename base/1080_base; _256 retained as APK rendition candidate,high
blazingair,436,BlazinG AIR,"{""en"":""BlazinG AIR""}",kanone,chunithm_append_3,,1734566401,0,dl_blazingair,default,,,,,,,,assets/songs/dl_blazingair/1080_base_256.jpg,c2b58dcad54203645057a859524789f59cfd5ca13613b610d04ad087b58aac90,2bef655ed4549744af8332f243c1933b45c8c7e82e391cc47d0325e710182e18,142696,384,384,image/jpeg,song-jacket,low-resolution/derived candidate,arcaea:blazingair:default,1080_base,,true,filename base/1080_base; _256 retained as APK rendition candidate,high
blockedlibrary,246,Blocked Library,"{""en"":""Blocked Library""}",影虎。,dividedheart,,1639008002,1,dl_blockedlibrary,default,,,,,,,,assets/songs/dl_blockedlibrary/1080_base.jpg,c2b58dcad54203645057a859524789f59cfd5ca13613b610d04ad087b58aac90,159b49dac63320eddc4330027b52e084c699131c9a5602a2979217fb2c1a3b53,381487,768,768,image/jpeg,song-jacket,primary-resolution candidate,arcaea:blockedlibrary:default,1080_base,,false,filename base/1080_base; _256 retained as APK rendition candidate,high
blockedlibrary,246,Blocked Library,"{""en"":""Blocked Library""}",影虎。,dividedheart,,1639008002,1,dl_blockedlibrary,default,,,,,,,,assets/songs/dl_blockedlibrary/1080_base_256.jpg,c2b58dcad54203645057a859524789f59cfd5ca13613b610d04ad087b58aac90,cdb259ad6bac6441b39863784fa2ae07d2f9479aabe46c68d938abad45706104,106058,384,384,image/jpeg,song-jacket,low-resolution/derived candidate,arcaea:blockedlibrary:default,1080_base,,true,filename base/1080_base; _256 retained as APK rendition candidate,high
blossoms,44,Blossoms,"{""en"":""Blossoms""}",T2Kazuya,mirai,,1502323201,0,dl_blossoms,default,,,,,,,,assets/songs/dl_blossoms/1080_base.jpg,c2b58dcad54203645057a859524789f59cfd5ca13613b610d04ad087b58aac90,e16f91c0e0fc7f1a6815de6a6fe0f244cdbfc614073191f26447decae9edd556,284973,768,768,image/jpeg,song-jacket,primary-resolution candidate,arcaea:blossoms:default,1080_base,,false,filename base/1080_base; _256 retained as APK rendition candidate,high
blossoms,44,Blossoms,"{""en"":""Blossoms""}",T2Kazuya,mirai,,1502323201,0,dl_blossoms,default,,,,,,,,assets/songs/dl_blossoms/1080_base_256.jpg,c2b58dcad54203645057a859524789f59cfd5ca13613b610d04ad087b58aac90,4c8919eb65129286574287b0a3cbc6d33ee1c2f4c8087cbfe309edac828e8725,75376,384,384,image/jpeg,song-jacket,low-resolution/derived candidate,arcaea:blossoms:default,1080_base,,true,filename base/1080_base; _256 retained as APK rendition candidate,high
blrink,151,BLRINK,"{""en"":""BLRINK""}",Sta,prelude,,1583712000,1,dl_blrink,default,,,,,,,,assets/songs/dl_blrink/1080_base.jpg,c2b58dcad54203645057a859524789f59cfd5ca13613b610d04ad087b58aac90,6cf2ce66cffb682dca26323a93e0b718eadae447b3a0b8e647d69fe874a01c5b,384659,768,768,image/jpeg,song-jacket,primary-resolution candidate,arcaea:blrink:default,1080_base,,false,filename base/1080_base; _256 retained as APK rendition candidate,high
blrink,151,BLRINK,"{""en"":""BLRINK""}",Sta,prelude,,1583712000,1,dl_blrink,default,,,,,,,,assets/songs/dl_blrink/1080_base_256.jpg,c2b58dcad54203645057a859524789f59cfd5ca13613b610d04ad087b58aac90,b894159a04ee8b8afa5475a6c9d2fd24ccc709edee1b290b92ff48403dd1b868,89895,384,384,image/jpeg,song-jacket,low-resolution/derived candidate,arcaea:blrink:default,1080_base,,true,filename base/1080_base; _256 retained as APK rendition candidate,high
bluecomet,234,blue comet,"{""en"":""blue comet""}",ああああ,extend,,1629849601,0,dl_bluecomet,default,,,,,,,,assets/songs/dl_bluecomet/1080_base.jpg,c2b58dcad54203645057a859524789f59cfd5ca13613b610d04ad087b58aac90,0d79696ed41d3dd5d55d3ea43559b7ce3dc27bd34a4e78a860edde13c60c1305,334626,768,768,image/jpeg,song-jacket,primary-resolution candidate,arcaea:bluecomet:default,1080_base,,false,filename base/1080_base; _256 retained as APK rendition candidate,high
bluecomet,234,blue comet,"{""en"":""blue comet""}",ああああ,extend,,1629849601,0,dl_bluecomet,default,,,,,,,,assets/songs/dl_bluecomet/1080_base_256.jpg,c2b58dcad54203645057a859524789f59cfd5ca13613b610d04ad087b58aac90,f5eefdb17dacf5e79ea7ad422f2cac0c1bec0b1a50cdd0770929c0e6d75d0ea8,89826,384,384,image/jpeg,song-jacket,low-resolution/derived candidate,arcaea:bluecomet:default,1080_base,,true,filename base/1080_base; _256 retained as APK rendition candidate,high
bluerose,245,Blue Rose,"{""en"":""Blue Rose""}",Cosmograph,dividedheart,,1639008001,0,dl_bluerose,default,,,,,,,,assets/songs/dl_bluerose/1080_base.jpg,c2b58dcad54203645057a859524789f59cfd5ca13613b610d04ad087b58aac90,f705ba87627e5a1a76bf33dbd60515f8700a3b24b8f23b490ef4286babab670b,328131,768,768,image/jpeg,song-jacket,primary-resolution candidate,arcaea:bluerose:default,1080_base,,false,filename base/1080_base; _256 retained as APK rendition candidate,high
bluerose,245,Blue Rose,"{""en"":""Blue Rose""}",Cosmograph,dividedheart,,1639008001,0,dl_bluerose,default,,,,,,,,assets/songs/dl_bluerose/1080_base_256.jpg,c2b58dcad54203645057a859524789f59cfd5ca13613b610d04ad087b58aac90,d45afbe784ba4a4109c07ad3deac8f6fbde8b83b832f9d03e83ec30fc7c25dc1,80561,384,384,image/jpeg,song-jacket,low-resolution/derived candidate,arcaea:bluerose:default,1080_base,,true,filename base/1080_base; _256 retained as APK rendition candidate,high
blythe,470,BlythE,"{""en"":""BlythE""}",M2U,djmax_append_1,,1750896006,1,dl_blythe,default,,,,,,,,assets/songs/dl_blythe/1080_base.jpg,c2b58dcad54203645057a859524789f59cfd5ca13613b610d04ad087b58aac90,7560a5c44a49d727bc8245d94220fd0f3c710ea9b93e05cafe7f6d3bf50eafe3,168096,768,768,image/jpeg,song-jacket,primary-resolution candidate,arcaea:blythe:default,1080_base,,false,filename base/1080_base; _256 retained as APK rendition candidate,high
blythe,470,BlythE,"{""en"":""BlythE""}",M2U,djmax_append_1,,1750896006,1,dl_blythe,default,,,,,,,,assets/songs/dl_blythe/1080_base_256.jpg,c2b58dcad54203645057a859524789f59cfd5ca13613b610d04ad087b58aac90,03bf8064ff5b104f24df0b2e7ceae34289749be08bda00a2ba6395137d2cfe41,80255,384,384,image/jpeg,song-jacket,low-resolution/derived candidate,arcaea:blythe:default,1080_base,,true,filename base/1080_base; _256 retained as APK rendition candidate,high
bookmaker,89,Bookmaker (2D Version),"{""en"":""Bookmaker (2D Version)""}",Kobaryo,base,,1531699201,1,dl_bookmaker,difficulty-specific,BYD,3,True,BYD,,,,assets/songs/dl_bookmaker/1080_3.jpg,c2b58dcad54203645057a859524789f59cfd5ca13613b610d04ad087b58aac90,90913356565ac170b02e962121ef5a0f5fb2c427463bed29865e0d9c07737e1b,424734,768,768,image/jpeg,song-jacket,primary-resolution candidate,arcaea:bookmaker:difficulty:BYD,1080_3,,false,numeric suffix=3; filename-to-ratingClass mapping is a candidate; jacketOverride=True,high
bookmaker,89,Bookmaker (2D Version),"{""en"":""Bookmaker (2D Version)""}",Kobaryo,base,,1531699201,1,dl_bookmaker,difficulty-specific,BYD,3,True,BYD,,,,assets/songs/dl_bookmaker/1080_3_256.jpg,c2b58dcad54203645057a859524789f59cfd5ca13613b610d04ad087b58aac90,a821e12f826d79879e630dade2cb9ed8d05045966777099289b330b93aaa115c,95288,384,384,image/jpeg,song-jacket,low-resolution/derived candidate,arcaea:bookmaker:difficulty:BYD,1080_3,,true,numeric suffix=3; filename-to-ratingClass mapping is a candidate; jacketOverride=True,high
bookmaker,89,Bookmaker (2D Version),"{""en"":""Bookmaker (2D Version)""}",Kobaryo,base,,1531699201,1,dl_bookmaker,default,,,,BYD,,,,assets/songs/dl_bookmaker/1080_base.jpg,c2b58dcad54203645057a859524789f59cfd5ca13613b610d04ad087b58aac90,eb48bee0b63a4dffe3f058c02be64a412fbdcaadc5ccfc0fc0e66c0e866a9ed0,188811,768,768,image/jpeg,song-jacket,primary-resolution candidate,arcaea:bookmaker:default,1080_base,,false,filename base/1080_base; _256 retained as APK rendition candidate,high
bookmaker,89,Bookmaker (2D Version),"{""en"":""Bookmaker (2D Version)""}",Kobaryo,base,,1531699201,1,dl_bookmaker,default,,,,BYD,,,,assets/songs/dl_bookmaker/1080_base_256.jpg,c2b58dcad54203645057a859524789f59cfd5ca13613b610d04ad087b58aac90,4232f935c35c270504361562a94e13e4096717ffdb35b2f2398a0c6692fae318,62533,384,384,image/jpeg,song-jacket,low-resolution/derived candidate,arcaea:bookmaker:default,1080_base,,true,filename base/1080_base; _256 retained as APK rendition candidate,high
breachoffaith,431,Breach of Faith,"{""en"":""Breach of Faith""}",Supire feat.eili,lephon,,1732147208,3,dl_breachoffaith,default,,,,,,,,assets/songs/dl_breachoffaith/1080_base.jpg,c2b58dcad54203645057a859524789f59cfd5ca13613b610d04ad087b58aac90,b6353736c0e2a7658d70676b332645ec2aa2127644d96c09cae149aa31d2f61d,347912,768,768,image/jpeg,song-jacket,primary-resolution candidate,arcaea:breachoffaith:default,1080_base,,false,filename base/1080_base; _256 retained as APK rendition candidate,high
breachoffaith,431,Breach of Faith,"{""en"":""Breach of Faith""}",Supire feat.eili,lephon,,1732147208,3,dl_breachoffaith,default,,,,,,,,assets/songs/dl_breachoffaith/1080_base_256.jpg,c2b58dcad54203645057a859524789f59cfd5ca13613b610d04ad087b58aac90,8764dcc0dfaa1928febe414b9a43c6e514bb4867e628256be487ddfb27c2d40f,112058,384,384,image/jpeg,song-jacket,low-resolution/derived candidate,arcaea:breachoffaith:default,1080_base,,true,filename base/1080_base; _256 retained as APK rendition candidate,high
breakbreak,439,BREaK! BREaK! BREaK!,"{""en"":""BREaK! BREaK! BREaK!""}",HiTECH NINJA vs Cranky,maimai_append_2,,1737417600,1,dl_breakbreak,default,,,,,,,,assets/songs/dl_breakbreak/1080_base.jpg,c2b58dcad54203645057a859524789f59cfd5ca13613b610d04ad087b58aac90,628109b54e1a72b21696a147a1d43812ed73ba9aa39fdada68157daf405adc40,406074,768,768,image/jpeg,song-jacket,primary-resolution candidate,arcaea:breakbreak:default,1080_base,,false,filename base/1080_base; _256 retained as APK rendition candidate,high
breakbreak,439,BREaK! BREaK! BREaK!,"{""en"":""BREaK! BREaK! BREaK!""}",HiTECH NINJA vs Cranky,maimai_append_2,,1737417600,1,dl_breakbreak,default,,,,,,,,assets/songs/dl_breakbreak/1080_base_256.jpg,c2b58dcad54203645057a859524789f59cfd5ca13613b610d04ad087b58aac90,0dc820928dd5f02a595dc5b4734d196fb659e22e2dd7fc1791e5b3d72f749b46,108952,384,384,image/jpeg,song-jacket,low-resolution/derived candidate,arcaea:breakbreak:default,1080_base,,true,filename base/1080_base; _256 retained as APK rendition candidate,high
buchigireberserker,176,BUCHiGiRE Berserker,"{""en"":""BUCHiGiRE Berserker""}",REDALiCE vs MASAKI,single,,1600214401,1,dl_buchigireberserker,default,,,,,,,,assets/songs/dl_buchigireberserker/base.jpg,c2b58dcad54203645057a859524789f59cfd5ca13613b610d04ad087b58aac90,dcb3069a26be103320d7122835e2f2ad3a1fdfe2a24d746f5af9cc8de12b1d53,203643,512,512,image/jpeg,song-jacket,primary-resolution candidate,arcaea:buchigireberserker:default,base,,false,filename base/1080_base; _256 retained as APK rendition candidate,high
buchigireberserker,176,BUCHiGiRE Berserker,"{""en"":""BUCHiGiRE Berserker""}",REDALiCE vs MASAKI,single,,1600214401,1,dl_buchigireberserker,default,,,,,,,,assets/songs/dl_buchigireberserker/base_256.jpg,c2b58dcad54203645057a859524789f59cfd5ca13613b610d04ad087b58aac90,2d2c87055543834bd9076ab75013d38fec44451ec725cbe6695f261f61880c9b,85623,256,256,image/jpeg,song-directory-image,low-resolution/derived candidate,arcaea:buchigireberserker:default,base,,true,filename base/1080_base; _256 retained as APK rendition candidate,high
bulletwaiting,324,Bullet Waiting for Me (James Landino remix),"{""en"":""Bullet Waiting for Me (James Landino remix)""}",Nikki Simmons,cytusii,,1687910401,0,dl_bulletwaiting,default,,,,,,,,assets/songs/dl_bulletwaiting/1080_base.jpg,c2b58dcad54203645057a859524789f59cfd5ca13613b610d04ad087b58aac90,9535570ca9dd995a88e6e03e7c8f89d500af260b70fa68aacec6b1207a183748,207751,768,768,image/jpeg,song-jacket,primary-resolution candidate,arcaea:bulletwaiting:default,1080_base,,false,filename base/1080_base; _256 retained as APK rendition candidate,high
bulletwaiting,324,Bullet Waiting for Me (James Landino remix),"{""en"":""Bullet Waiting for Me (James Landino remix)""}",Nikki Simmons,cytusii,,1687910401,0,dl_bulletwaiting,default,,,,,,,,assets/songs/dl_bulletwaiting/1080_base_256.jpg,c2b58dcad54203645057a859524789f59cfd5ca13613b610d04ad087b58aac90,af11cf86d4725580daf86a92fba1ee46d187dc1d1bd860ebd7c16608b9f4662f,55246,384,384,image/jpeg,song-jacket,low-resolution/derived candidate,arcaea:bulletwaiting:default,1080_base,,true,filename base/1080_base; _256 retained as APK rendition candidate,high
callimakarma,284,Callima Karma,"{""en"":""Callima Karma""}",t+pazolite vs Feryquitous,epilogue,,1657756803,2,dl_callimakarma,default,,,,,,,,assets/songs/dl_callimakarma/1080_base.jpg,c2b58dcad54203645057a859524789f59cfd5ca13613b610d04ad087b58aac90,5676475aaf4a1c95227488de91a5ed3c6ec95555b59334b194951b1179a15347,271980,768,768,image/jpeg,song-jacket,primary-resolution candidate,arcaea:callimakarma:default,1080_base,,false,filename base/1080_base; _256 retained as APK rendition candidate,high
callimakarma,284,Callima Karma,"{""en"":""Callima Karma""}",t+pazolite vs Feryquitous,epilogue,,1657756803,2,dl_callimakarma,default,,,,,,,,assets/songs/dl_callimakarma/1080_base_256.jpg,c2b58dcad54203645057a859524789f59cfd5ca13613b610d04ad087b58aac90,cd2f97343a5bf4f9cdb4d844dca31dec364ce4c76dd6675045f1246a4b398ff5,68962,384,384,image/jpeg,song-jacket,low-resolution/derived candidate,arcaea:callimakarma:default,1080_base,,true,filename base/1080_base; _256 retained as APK rendition candidate,high
callmyname,80,Call My Name feat. Yukacco,"{""en"":""Call My Name feat. Yukacco""}",Mameyudoufu,single,,1529539201,0,dl_callmyname,default,,,,,,,,assets/songs/dl_callmyname/1080_base.jpg,c2b58dcad54203645057a859524789f59cfd5ca13613b610d04ad087b58aac90,53ef5abec75086d24db068b66b07bf890d2d809a179246753732c994824887b1,135732,768,768,image/jpeg,song-jacket,primary-resolution candidate,arcaea:callmyname:default,1080_base,,false,filename base/1080_base; _256 retained as APK rendition candidate,high
callmyname,80,Call My Name feat. Yukacco,"{""en"":""Call My Name feat. Yukacco""}",Mameyudoufu,single,,1529539201,0,dl_callmyname,default,,,,,,,,assets/songs/dl_callmyname/1080_base_256.jpg,c2b58dcad54203645057a859524789f59cfd5ca13613b610d04ad087b58aac90,6911cefac471139a8a9cb47505e1ab51c3d560dcf645e00b09d073cee442964b,34353,384,384,image/jpeg,song-jacket,low-resolution/derived candidate,arcaea:callmyname:default,1080_base,,true,filename base/1080_base; _256 retained as APK rendition candidate,high
capella,292,Capella,"{""en"":""Capella""}",ARForest,single,,1671667200,0,dl_capella,default,,,,,,,,assets/songs/dl_capella/1080_base.jpg,c2b58dcad54203645057a859524789f59cfd5ca13613b610d04ad087b58aac90,d3148fccde32006049dda9efe784e20493ee3b3bcc5517d39ec9f3335340e95e,309192,768,768,image/jpeg,song-jacket,primary-resolution candidate,arcaea:capella:default,1080_base,,false,filename base/1080_base; _256 retained as APK rendition candidate,high
capella,292,Capella,"{""en"":""Capella""}",ARForest,single,,1671667200,0,dl_capella,default,,,,,,,,assets/songs/dl_capella/1080_base_256.jpg,c2b58dcad54203645057a859524789f59cfd5ca13613b610d04ad087b58aac90,4c6406009958df4ed564082a2605e4a795e047b68c3754cc47083e35017c295c,79387,384,384,image/jpeg,song-jacket,low-resolution/derived candidate,arcaea:capella:default,1080_base,,true,filename base/1080_base; _256 retained as APK rendition candidate,high
carminescythe,77,carmine:scythe,"{""en"":""carmine:scythe""}",かゆき,single,,1523516400,1,dl_carminescythe,default,,,,,,,,assets/songs/dl_carminescythe/1080_base.jpg,c2b58dcad54203645057a859524789f59cfd5ca13613b610d04ad087b58aac90,b93d9a7e5f9afda5396e3ea3210f48dd5444d69561efee75453053d990129043,338095,768,768,image/jpeg,song-jacket,primary-resolution candidate,arcaea:carminescythe:default,1080_base,,false,filename base/1080_base; _256 retained as APK rendition candidate,high
carminescythe,77,carmine:scythe,"{""en"":""carmine:scythe""}",かゆき,single,,1523516400,1,dl_carminescythe,default,,,,,,,,assets/songs/dl_carminescythe/1080_base_256.jpg,c2b58dcad54203645057a859524789f59cfd5ca13613b610d04ad087b58aac90,3adebd83cdb0d11faa985ccb2b30f69027bb2612567d22b2369b4f90e7de8831,98786,384,384,image/jpeg,song-jacket,low-resolution/derived candidate,arcaea:carminescythe:default,1080_base,,true,filename base/1080_base; _256 retained as APK rendition candidate,high
chaintonite,514,CHAIN2NITE,"{""en"":""CHAIN2NITE""}",asuzora feat. cyber milk ちゃん,megarex,,1769644801,1,dl_chaintonite,default,,,,,,,,assets/songs/dl_chaintonite/1080_base.jpg,c2b58dcad54203645057a859524789f59cfd5ca13613b610d04ad087b58aac90,1fe86663f7d2d3cb9bd4fefd745a84fd49becf167e8223aa6f965361b92b5f9a,340000,768,768,image/jpeg,song-jacket,primary-resolution candidate,arcaea:chaintonite:default,1080_base,,false,filename base/1080_base; _256 retained as APK rendition candidate,high
chaintonite,514,CHAIN2NITE,"{""en"":""CHAIN2NITE""}",asuzora feat. cyber milk ちゃん,megarex,,1769644801,1,dl_chaintonite,default,,,,,,,,assets/songs/dl_chaintonite/1080_base_256.jpg,c2b58dcad54203645057a859524789f59cfd5ca13613b610d04ad087b58aac90,97274e20937089ec4eaa085fa27b435d1ceefeea9523215a217037f67ed643a6,98641,384,384,image/jpeg,song-jacket,low-resolution/derived candidate,arcaea:chaintonite:default,1080_base,,true,filename base/1080_base; _256 retained as APK rendition candidate,high
chaos,327,CHAOS,"{""en"":""CHAOS""}",Æsir,cytusii,,1687910404,1,dl_chaos,default,,,,,,,,assets/songs/dl_chaos/1080_base.jpg,c2b58dcad54203645057a859524789f59cfd5ca13613b610d04ad087b58aac90,24d94b8524782b7a80dafcd0dafc8315f5a55cc83479af852a8143e6aa30bfdf,210503,768,768,image/jpeg,song-jacket,primary-resolution candidate,arcaea:chaos:default,1080_base,,false,filename base/1080_base; _256 retained as APK rendition candidate,high
chaos,327,CHAOS,"{""en"":""CHAOS""}",Æsir,cytusii,,1687910404,1,dl_chaos,default,,,,,,,,assets/songs/dl_chaos/1080_base_256.jpg,c2b58dcad54203645057a859524789f59cfd5ca13613b610d04ad087b58aac90,524dcae62ebd830aaa022454da44ce120449749ff499e8cb57ca12b9a12eff5d,63904,384,384,image/jpeg,song-jacket,low-resolution/derived candidate,arcaea:chaos:default,1080_base,,true,filename base/1080_base; _256 retained as APK rendition candidate,high
chaosblast,481,CHAOSBLAST,"{""en"":""CHAOSBLAST""}",QURELESS + 柚子花,anima_append_1,,1755734403,1,dl_chaosblast,default,,,,,,,,assets/songs/dl_chaosblast/1080_base.jpg,c2b58dcad54203645057a859524789f59cfd5ca13613b610d04ad087b58aac90,dcc73e04cb353f9a9fcfbb176889f7128e2d5843dc1e4744eedaef0ef70e1840,408693,768,768,image/jpeg,song-jacket,primary-resolution candidate,arcaea:chaosblast:default,1080_base,,false,filename base/1080_base; _256 retained as APK rendition candidate,high
chaosblast,481,CHAOSBLAST,"{""en"":""CHAOSBLAST""}",QURELESS + 柚子花,anima_append_1,,1755734403,1,dl_chaosblast,default,,,,,,,,assets/songs/dl_chaosblast/1080_base_256.jpg,c2b58dcad54203645057a859524789f59cfd5ca13613b610d04ad087b58aac90,ef4a5f1d0d9498db64b55b1bec70a307e7d0e8a326d24db700bbfb164f295c13,137337,384,384,image/jpeg,song-jacket,low-resolution/derived candidate,arcaea:chaosblast:default,1080_base,,true,filename base/1080_base; _256 retained as APK rendition candidate,high
chelsea,131,Chelsea,"{""en"":""Chelsea""}",7mai,omatsuri,,1566432000,0,dl_chelsea,default,,,,,,,,assets/songs/dl_chelsea/1080_base.jpg,c2b58dcad54203645057a859524789f59cfd5ca13613b610d04ad087b58aac90,07e75915ae5168ff9b974c23a996f4bd000dce929adf0b7bd550ade20bb99133,323518,768,768,image/jpeg,song-jacket,primary-resolution candidate,arcaea:chelsea:default,1080_base,,false,filename base/1080_base; _256 retained as APK rendition candidate,high
chelsea,131,Chelsea,"{""en"":""Chelsea""}",7mai,omatsuri,,1566432000,0,dl_chelsea,default,,,,,,,,assets/songs/dl_chelsea/1080_base_256.jpg,c2b58dcad54203645057a859524789f59cfd5ca13613b610d04ad087b58aac90,3256b109193e80dabe063103a04fdc5cc1ceec9fc2ae41d1b75547d23056aab1,88934,384,384,image/jpeg,song-jacket,low-resolution/derived candidate,arcaea:chelsea:default,1080_base,,true,filename base/1080_base; _256 retained as APK rendition candidate,high
chromafill,388,Chromafill,"{""en"":""Chromafill""}",ていぬ,single,,1714003203,0,dl_chromafill,default,,,,,,,,assets/songs/dl_chromafill/1080_base.jpg,c2b58dcad54203645057a859524789f59cfd5ca13613b610d04ad087b58aac90,64f909ff39ee85fcb15554f997ad3885e6ee3a4989a054b3f7a63fc4afc299df,219729,768,768,image/jpeg,song-jacket,primary-resolution candidate,arcaea:chromafill:default,1080_base,,false,filename base/1080_base; _256 retained as APK rendition candidate,high
chromafill,388,Chromafill,"{""en"":""Chromafill""}",ていぬ,single,,1714003203,0,dl_chromafill,default,,,,,,,,assets/songs/dl_chromafill/1080_base_256.jpg,c2b58dcad54203645057a859524789f59cfd5ca13613b610d04ad087b58aac90,66e9d161a9595762d2f3dfe464cdde4a95b2c7d3e021c3e09f32660042e9da69,86539,384,384,image/jpeg,song-jacket,low-resolution/derived candidate,arcaea:chromafill:default,1080_base,,true,filename base/1080_base; _256 retained as APK rendition candidate,high
chronicle,298,Chronicle,"{""en"":""Chronicle""}",Lime,extend_2,,1674691204,0,dl_chronicle,default,,,,,,,,assets/songs/dl_chronicle/1080_base.jpg,c2b58dcad54203645057a859524789f59cfd5ca13613b610d04ad087b58aac90,d61af364ba68ce82c92127d932bfc0e7fbd77ffc46b9eb1fb696be615fe73eea,324539,768,768,image/jpeg,song-jacket,primary-resolution candidate,arcaea:chronicle:default,1080_base,,false,filename base/1080_base; _256 retained as APK rendition candidate,high
chronicle,298,Chronicle,"{""en"":""Chronicle""}",Lime,extend_2,,1674691204,0,dl_chronicle,default,,,,,,,,assets/songs/dl_chronicle/1080_base_256.jpg,c2b58dcad54203645057a859524789f59cfd5ca13613b610d04ad087b58aac90,5d60ed8d5d1d514a88aff6231eba4a750a7c954e85c5577d54396500b910ccac,81750,384,384,image/jpeg,song-jacket,low-resolution/derived candidate,arcaea:chronicle:default,1080_base,,true,filename base/1080_base; _256 retained as APK rendition candidate,high
chronologia,545,chronologia,"{""en"":""chronologia""}",lowiro Sound Team (ak+q x nitro),single,,1785369603,0,dl_chronologia,default,,,,,,,,assets/songs/dl_chronologia/1080_base.jpg,c2b58dcad54203645057a859524789f59cfd5ca13613b610d04ad087b58aac90,6bee3e4079263a1e7d720038034e5feb8e5d90ff36f9a2a753650f72561ef17b,287276,768,768,image/jpeg,song-jacket,primary-resolution candidate,arcaea:chronologia:default,1080_base,,false,filename base/1080_base; _256 retained as APK rendition candidate,high
chronologia,545,chronologia,"{""en"":""chronologia""}",lowiro Sound Team (ak+q x nitro),single,,1785369603,0,dl_chronologia,default,,,,,,,,assets/songs/dl_chronologia/1080_base_256.jpg,c2b58dcad54203645057a859524789f59cfd5ca13613b610d04ad087b58aac90,2890065d0fdaece63d35381add32db744b07d48ea869b141e42a80768dfc495a,101862,384,384,image/jpeg,song-jacket,low-resolution/derived candidate,arcaea:chronologia:default,1080_base,,true,filename base/1080_base; _256 retained as APK rendition candidate,high
climax,199,Climax,"{""en"":""Climax""}",USAO,chunithm_append_1,,1611187200,1,dl_climax,default,,,,,,,,assets/songs/dl_climax/1080_base.jpg,c2b58dcad54203645057a859524789f59cfd5ca13613b610d04ad087b58aac90,9ec73d986526bd3072acadc3445b3d20ede79696082d5f3d245f7ccc76f6ff83,518998,768,768,image/jpeg,song-jacket,primary-resolution candidate,arcaea:climax:default,1080_base,,false,filename base/1080_base; _256 retained as APK rendition candidate,high
climax,199,Climax,"{""en"":""Climax""}",USAO,chunithm_append_1,,1611187200,1,dl_climax,default,,,,,,,,assets/songs/dl_climax/1080_base_256.jpg,c2b58dcad54203645057a859524789f59cfd5ca13613b610d04ad087b58aac90,fde2a27a05283bbf3e153a1df47d851b2b6565daeb1c28ac0b44feac05eb2d36,127601,384,384,image/jpeg,song-jacket,low-resolution/derived candidate,arcaea:climax:default,1080_base,,true,filename base/1080_base; _256 retained as APK rendition candidate,high
coastalhighway,214,Coastal Highway,"{""en"":""Coastal Highway""}",Glitch Droids,observer_append_1,,1620691205,0,dl_coastalhighway,default,,,,,,,,assets/songs/dl_coastalhighway/1080_base.jpg,c2b58dcad54203645057a859524789f59cfd5ca13613b610d04ad087b58aac90,0ea58c30e110c6945b77c8a8eae5585fe55e6cd355a938e40a1a525948ba9a79,280211,768,768,image/jpeg,song-jacket,primary-resolution candidate,arcaea:coastalhighway:default,1080_base,,false,filename base/1080_base; _256 retained as APK rendition candidate,high
coastalhighway,214,Coastal Highway,"{""en"":""Coastal Highway""}",Glitch Droids,observer_append_1,,1620691205,0,dl_coastalhighway,default,,,,,,,,assets/songs/dl_coastalhighway/1080_base_256.jpg,c2b58dcad54203645057a859524789f59cfd5ca13613b610d04ad087b58aac90,f7a66826e57accfe0fe62bc15282c7e42986c04559447fed7ac4b0a457547c91,83576,384,384,image/jpeg,song-jacket,low-resolution/derived candidate,arcaea:coastalhighway:default,1080_base,,true,filename base/1080_base; _256 retained as APK rendition candidate,high
cocorocosmetic,291,cocoro*cosmetic,"{""en"":""cocoro*cosmetic""}",KOTONOHOUSE,single,,1668038400,0,dl_cocorocosmetic,default,,,,,,,,assets/songs/dl_cocorocosmetic/1080_base.jpg,c2b58dcad54203645057a859524789f59cfd5ca13613b610d04ad087b58aac90,4a9f6c0df3e43642e788384877d4f3be670bf520c15688ca4ca30eb5532ffe06,382972,768,768,image/jpeg,song-jacket,primary-resolution candidate,arcaea:cocorocosmetic:default,1080_base,,false,filename base/1080_base; _256 retained as APK rendition candidate,high
cocorocosmetic,291,cocoro*cosmetic,"{""en"":""cocoro*cosmetic""}",KOTONOHOUSE,single,,1668038400,0,dl_cocorocosmetic,default,,,,,,,,assets/songs/dl_cocorocosmetic/1080_base_256.jpg,c2b58dcad54203645057a859524789f59cfd5ca13613b610d04ad087b58aac90,f3dd45c1f52972faa00df8d59a57fa451b78a1acc1760b805826c22d871850c2,110114,384,384,image/jpeg,song-jacket,low-resolution/derived candidate,arcaea:cocorocosmetic:default,1080_base,,true,filename base/1080_base; _256 retained as APK rendition candidate,high
codeoblivion,504,Code: Oblivion,"{""en"":""Code: Oblivion""}",Kobaryo × Gram,nextstage,,1763769604,1,dl_codeoblivion,default,,,,,,,,assets/songs/dl_codeoblivion/1080_base.jpg,c2b58dcad54203645057a859524789f59cfd5ca13613b610d04ad087b58aac90,6569324a5b83bae34371e26ca30cd5b59b63b658929a1b0ee0349f86a1216a94,390707,768,768,image/jpeg,song-jacket,primary-resolution candidate,arcaea:codeoblivion:default,1080_base,,false,filename base/1080_base; _256 retained as APK rendition candidate,high
codeoblivion,504,Code: Oblivion,"{""en"":""Code: Oblivion""}",Kobaryo × Gram,nextstage,,1763769604,1,dl_codeoblivion,default,,,,,,,,assets/songs/dl_codeoblivion/1080_base_256.jpg,c2b58dcad54203645057a859524789f59cfd5ca13613b610d04ad087b58aac90,bfe8e2d42d49576887c2f7ac86df0cf28c5bca171cc2563c2546d1c60fee8963,111933,384,384,image/jpeg,song-jacket,low-resolution/derived candidate,arcaea:codeoblivion:default,1080_base,,true,filename base/1080_base; _256 retained as APK rendition candidate,high
conflict,54,conflict,"{""en"":""conflict""}",siromaru + cranky,yugamu,,1509667206,1,dl_conflict,default,,,,,,,,assets/songs/dl_conflict/1080_base.jpg,c2b58dcad54203645057a859524789f59cfd5ca13613b610d04ad087b58aac90,88f4c9d6e6cbc419300a8f893c6f0c1c36e3fa61c8e0d7408e99dbc6f61788bb,468348,768,768,image/jpeg,song-jacket,primary-resolution candidate,arcaea:conflict:default,1080_base,,false,filename base/1080_base; _256 retained as APK rendition candidate,high
conflict,54,conflict,"{""en"":""conflict""}",siromaru + cranky,yugamu,,1509667206,1,dl_conflict,default,,,,,,,,assets/songs/dl_conflict/1080_base_256.jpg,c2b58dcad54203645057a859524789f59cfd5ca13613b610d04ad087b58aac90,7bac428ad6db836d74b4359aec54aea9ec00710deead3b37a0218c6e62497fdb,103928,384,384,image/jpeg,song-jacket,low-resolution/derived candidate,arcaea:conflict:default,1080_base,,true,filename base/1080_base; _256 retained as APK rendition candidate,high
corpssansorganes,154,corps-sans-organes,"{""en"":""corps-sans-organes""}",cybermiso,mirai,,1585094402,1,dl_corpssansorganes,default,,,,,,,,assets/songs/dl_corpssansorganes/1080_base.jpg,c2b58dcad54203645057a859524789f59cfd5ca13613b610d04ad087b58aac90,769046e4355a1dc73af0bbdc8587e916ca63f58bff75e87f5b5f6b7ffd743c95,398150,768,768,image/jpeg,song-jacket,primary-resolution candidate,arcaea:corpssansorganes:default,1080_base,,false,filename base/1080_base; _256 retained as APK rendition candidate,high
corpssansorganes,154,corps-sans-organes,"{""en"":""corps-sans-organes""}",cybermiso,mirai,,1585094402,1,dl_corpssansorganes,default,,,,,,,,assets/songs/dl_corpssansorganes/1080_base_256.jpg,c2b58dcad54203645057a859524789f59cfd5ca13613b610d04ad087b58aac90,f3ba9e04e6ebd09f1e9e105b2f3879bfdb1a31dc1a7f8853202846ac7893c93f,107644,384,384,image/jpeg,song-jacket,low-resolution/derived candidate,arcaea:corpssansorganes:default,1080_base,,true,filename base/1080_base; _256 retained as APK rendition candidate,high
corruption,114,Corruption,"{""en"":""Corruption""}",3R2,zettai,,1553126404,1,dl_corruption,default,,,,,,,,assets/songs/dl_corruption/1080_base.jpg,c2b58dcad54203645057a859524789f59cfd5ca13613b610d04ad087b58aac90,d448764f9da379bc24327013f4594e09195bba1d1e129b145ace822de55a770d,321351,768,768,image/jpeg,song-jacket,primary-resolution candidate,arcaea:corruption:default,1080_base,,false,filename base/1080_base; _256 retained as APK rendition candidate,high
corruption,114,Corruption,"{""en"":""Corruption""}",3R2,zettai,,1553126404,1,dl_corruption,default,,,,,,,,assets/songs/dl_corruption/1080_base_256.jpg,c2b58dcad54203645057a859524789f59cfd5ca13613b610d04ad087b58aac90,caab9616469d3646e23e939b4648dd7eedf792e5f4b0a1ed8c788bc1c173e313,84068,384,384,image/jpeg,song-jacket,low-resolution/derived candidate,arcaea:corruption:default,1080_base,,true,filename base/1080_base; _256 retained as APK rendition candidate,high
cosmica,240,Cosmica,"{""en"":""Cosmica""}",Nhato,nijuusei_append_1,,1636588800,1,dl_cosmica,default,,,,,,,,assets/songs/dl_cosmica/1080_base.jpg,c2b58dcad54203645057a859524789f59cfd5ca13613b610d04ad087b58aac90,531b22fdfb94cc75f97544cffccc172bc0691de7e714a94a04baab2894e1e0c6,243507,768,768,image/jpeg,song-jacket,primary-resolution candidate,arcaea:cosmica:default,1080_base,,false,filename base/1080_base; _256 retained as APK rendition candidate,high
cosmica,240,Cosmica,"{""en"":""Cosmica""}",Nhato,nijuusei_append_1,,1636588800,1,dl_cosmica,default,,,,,,,,assets/songs/dl_cosmica/1080_base_256.jpg,c2b58dcad54203645057a859524789f59cfd5ca13613b610d04ad087b58aac90,0cb76d9f3c904dfc4bccf8d2f8fb33c5a13227a4e8a1ed72ea4b05c1a06241b7,65119,384,384,image/jpeg,song-jacket,low-resolution/derived candidate,arcaea:cosmica:default,1080_base,,true,filename base/1080_base; _256 retained as APK rendition candidate,high
cosmogyral,532,Cosmogyral,"{""en"":""Cosmogyral""}",Darren + Altermis,extend_4,,1779926400,0,dl_cosmogyral,default,,,,,,,,assets/songs/dl_cosmogyral/1080_base.jpg,c2b58dcad54203645057a859524789f59cfd5ca13613b610d04ad087b58aac90,683b2fed000aea65b323b927ae80637f76fcb614ad75b7fdf7b6f476dbc45210,518581,768,768,image/jpeg,song-jacket,primary-resolution candidate,arcaea:cosmogyral:default,1080_base,,false,filename base/1080_base; _256 retained as APK rendition candidate,high
cosmogyral,532,Cosmogyral,"{""en"":""Cosmogyral""}",Darren + Altermis,extend_4,,1779926400,0,dl_cosmogyral,default,,,,,,,,assets/songs/dl_cosmogyral/1080_base_256.jpg,c2b58dcad54203645057a859524789f59cfd5ca13613b610d04ad087b58aac90,736139fdbf1dfab33c44fa4cad562ccbad9029a8c2912c6526cf4b09d3179704,151927,384,384,image/jpeg,song-jacket,low-resolution/derived candidate,arcaea:cosmogyral:default,1080_base,,true,filename base/1080_base; _256 retained as APK rendition candidate,high
cosmopop,309,Cosmo Pop Funclub,"{""en"":""Cosmo Pop Funclub"",""ja"":""コスモポップファンクラブ""}",ナユタン星人,chunithm_append_2,,1679529600,0,dl_cosmopop,default,,,,,,,,assets/songs/dl_cosmopop/1080_base.jpg,c2b58dcad54203645057a859524789f59cfd5ca13613b610d04ad087b58aac90,a9194ce32c2e6bfe8ceaa4c59886482db46c6efc0ea48976989423294dbd12aa,332010,768,768,image/jpeg,song-jacket,primary-resolution candidate,arcaea:cosmopop:default,1080_base,,false,filename base/1080_base; _256 retained as APK rendition candidate,high
cosmopop,309,Cosmo Pop Funclub,"{""en"":""Cosmo Pop Funclub"",""ja"":""コスモポップファンクラブ""}",ナユタン星人,chunithm_append_2,,1679529600,0,dl_cosmopop,default,,,,,,,,assets/songs/dl_cosmopop/1080_base_256.jpg,c2b58dcad54203645057a859524789f59cfd5ca13613b610d04ad087b58aac90,5fdf00493f6e90df739dcc385bef77179ef4d45c1792de07034e40f338d46d57,91176,384,384,image/jpeg,song-jacket,low-resolution/derived candidate,arcaea:cosmopop:default,1080_base,,true,filename base/1080_base; _256 retained as APK rendition candidate,high
crimsonquartz,419,Crimson Quartz,"{""en"":""Crimson Quartz""}",DiGiTAL WiNG with 空音,single,,1729728001,1,dl_crimsonquartz,default,,,,,,,,assets/songs/dl_crimsonquartz/1080_base.jpg,c2b58dcad54203645057a859524789f59cfd5ca13613b610d04ad087b58aac90,75a8201a3dbde825cc787b49310dec1c34dc9bacebbb873e25a187d15a77a9f2,289984,768,768,image/jpeg,song-jacket,primary-resolution candidate,arcaea:crimsonquartz:default,1080_base,,false,filename base/1080_base; _256 retained as APK rendition candidate,high
crimsonquartz,419,Crimson Quartz,"{""en"":""Crimson Quartz""}",DiGiTAL WiNG with 空音,single,,1729728001,1,dl_crimsonquartz,default,,,,,,,,assets/songs/dl_crimsonquartz/1080_base_256.jpg,c2b58dcad54203645057a859524789f59cfd5ca13613b610d04ad087b58aac90,59936a07edc08f65db63d7527cdea03506708882bd3f3512b2fafc9576a16505,86075,384,384,image/jpeg,song-jacket,low-resolution/derived candidate,arcaea:crimsonquartz:default,1080_base,,true,filename base/1080_base; _256 retained as APK rendition candidate,high
crimsonthrone,300,Crimson Throne,"{""en"":""Crimson Throne""}",Dimier√Lisb,single,,1677715200,1,dl_crimsonthrone,default,,,,,,,,assets/songs/dl_crimsonthrone/1080_base.jpg,c2b58dcad54203645057a859524789f59cfd5ca13613b610d04ad087b58aac90,121f0b2c784f69c3758f93a49bf26783ed2b5d0e91379d7493b536cf7fbed273,348012,768,768,image/jpeg,song-jacket,primary-resolution candidate,arcaea:crimsonthrone:default,1080_base,,false,filename base/1080_base; _256 retained as APK rendition candidate,high
crimsonthrone,300,Crimson Throne,"{""en"":""Crimson Throne""}",Dimier√Lisb,single,,1677715200,1,dl_crimsonthrone,default,,,,,,,,assets/songs/dl_crimsonthrone/1080_base_256.jpg,c2b58dcad54203645057a859524789f59cfd5ca13613b610d04ad087b58aac90,16134f282ff3491b269dca4c8626940ce2181a6572404ce02c33379b7bb29447,82614,384,384,image/jpeg,song-jacket,low-resolution/derived candidate,arcaea:crimsonthrone:default,1080_base,,true,filename base/1080_base; _256 retained as APK rendition candidate,high
crossover,178,CROSS†OVER,"{""en"":""CROSS†OVER""}",HyuN feat. LyuU,extend,,1602028801,1,dl_crossover,default,,,,,,,,assets/songs/dl_crossover/1080_base.jpg,c2b58dcad54203645057a859524789f59cfd5ca13613b610d04ad087b58aac90,022cb7e03cf4b4f167a976443328a850b9140dcd63c0476497f8660373a5575b,280009,768,768,image/jpeg,song-jacket,primary-resolution candidate,arcaea:crossover:default,1080_base,,false,filename base/1080_base; _256 retained as APK rendition candidate,high
crossover,178,CROSS†OVER,"{""en"":""CROSS†OVER""}",HyuN feat. LyuU,extend,,1602028801,1,dl_crossover,default,,,,,,,,assets/songs/dl_crossover/1080_base_256.jpg,c2b58dcad54203645057a859524789f59cfd5ca13613b610d04ad087b58aac90,5f81b3055758d0a0c39ce95af70e471f5001654fb0010b27a4066fbc21c460e3,62522,384,384,image/jpeg,song-jacket,low-resolution/derived candidate,arcaea:crossover:default,1080_base,,true,filename base/1080_base; _256 retained as APK rendition candidate,high
crosssoul,30,CROSS†SOUL,"{""en"":""CROSS†SOUL""}",HyuN feat. Syepias,single,,1496188803,1,dl_crosssoul,default,,,,,,,,assets/songs/dl_crosssoul/1080_base.jpg,c2b58dcad54203645057a859524789f59cfd5ca13613b610d04ad087b58aac90,ace2cf22ef62aa48b68329fefde5729a17efa33ca715b2bafd51ef8011f7e2c0,156223,768,768,image/jpeg,song-jacket,primary-resolution candidate,arcaea:crosssoul:default,1080_base,,false,filename base/1080_base; _256 retained as APK rendition candidate,high
crosssoul,30,CROSS†SOUL,"{""en"":""CROSS†SOUL""}",HyuN feat. Syepias,single,,1496188803,1,dl_crosssoul,default,,,,,,,,assets/songs/dl_crosssoul/1080_base_256.jpg,c2b58dcad54203645057a859524789f59cfd5ca13613b610d04ad087b58aac90,6c0138f7d489aa1172e45ca417f52946fe67ec855291d753a7befe31372eaecf,25399,384,384,image/jpeg,song-jacket,low-resolution/derived candidate,arcaea:crosssoul:default,1080_base,,true,filename base/1080_base; _256 retained as APK rendition candidate,high
cryogenic,525,Cryogenic,"{""en"":""Cryogenic""}",Camellia ft. Petra Gurin,single,,1773014403,1,dl_cryogenic,default,,,,,,,,assets/songs/dl_cryogenic/1080_base.jpg,c2b58dcad54203645057a859524789f59cfd5ca13613b610d04ad087b58aac90,6746d417fb45f5eb0fa0db3ea50e66d567974436e8860f567ca74daa2fb61ed1,415172,768,768,image/jpeg,song-jacket,primary-resolution candidate,arcaea:cryogenic:default,1080_base,,false,filename base/1080_base; _256 retained as APK rendition candidate,high
cryogenic,525,Cryogenic,"{""en"":""Cryogenic""}",Camellia ft. Petra Gurin,single,,1773014403,1,dl_cryogenic,default,,,,,,,,assets/songs/dl_cryogenic/1080_base_256.jpg,c2b58dcad54203645057a859524789f59cfd5ca13613b610d04ad087b58aac90,4a1aa6c185ef5b079178ba5aaddd662957f558711c19af10d890eee7d820b0f8,118393,384,384,image/jpeg,song-jacket,low-resolution/derived candidate,arcaea:cryogenic:default,1080_base,,true,filename base/1080_base; _256 retained as APK rendition candidate,high
crystalgravity,210,Crystal Gravity,"{""en"":""Crystal Gravity""}",Tanchiky vs. siromaru,observer,,1620691201,1,dl_crystalgravity,default,,,,,,,,assets/songs/dl_crystalgravity/1080_base.jpg,c2b58dcad54203645057a859524789f59cfd5ca13613b610d04ad087b58aac90,1a959754f2c2e7721e0c1db995d79b62932776554bb035bf861406d299329dbf,334535,768,768,image/jpeg,song-jacket,primary-resolution candidate,arcaea:crystalgravity:default,1080_base,,false,filename base/1080_base; _256 retained as APK rendition candidate,high
crystalgravity,210,Crystal Gravity,"{""en"":""Crystal Gravity""}",Tanchiky vs. siromaru,observer,,1620691201,1,dl_crystalgravity,default,,,,,,,,assets/songs/dl_crystalgravity/1080_base_256.jpg,c2b58dcad54203645057a859524789f59cfd5ca13613b610d04ad087b58aac90,57edef4b72244a5c6d40c0e1acf68ba4bf5e414ba49d193e6a723e84828adede,89439,384,384,image/jpeg,song-jacket,low-resolution/derived candidate,arcaea:crystalgravity:default,1080_base,,true,filename base/1080_base; _256 retained as APK rendition candidate,high
csqn,535,c.s.q.n.,"{""en"":""c.s.q.n.""}",Aoi,single,,1779926403,1,dl_csqn,default,,,,,,,,assets/songs/dl_csqn/1080_base.jpg,c2b58dcad54203645057a859524789f59cfd5ca13613b610d04ad087b58aac90,5f3a5f8e25a82f11d6a12b039d3d6bd671758b711cb52e34cf11365a5c249dcc,70541,768,768,image/jpeg,song-jacket,primary-resolution candidate,arcaea:csqn:default,1080_base,,false,filename base/1080_base; _256 retained as APK rendition candidate,high
csqn,535,c.s.q.n.,"{""en"":""c.s.q.n.""}",Aoi,single,,1779926403,1,dl_csqn,default,,,,,,,,assets/songs/dl_csqn/1080_base_256.jpg,c2b58dcad54203645057a859524789f59cfd5ca13613b610d04ad087b58aac90,4da39b20d3aa94d524f398d6c445f2d24dc7716adf70a377c900c0f16b8c05d4,30362,384,384,image/jpeg,song-jacket,low-resolution/derived candidate,arcaea:csqn:default,1080_base,,true,filename base/1080_base; _256 retained as APK rendition candidate,high
cyaegha,117,Cyaegha,"{""en"":""Cyaegha""}",USAO,zettai,,1553126406,1,dl_cyaegha,default,,,,,,,,assets/songs/dl_cyaegha/1080_base.jpg,c2b58dcad54203645057a859524789f59cfd5ca13613b610d04ad087b58aac90,82be52ab73443c60daa90744120d201d5593497091d2f93084c6bd71fbd52041,350507,768,768,image/jpeg,song-jacket,primary-resolution candidate,arcaea:cyaegha:default,1080_base,,false,filename base/1080_base; _256 retained as APK rendition candidate,high
cyaegha,117,Cyaegha,"{""en"":""Cyaegha""}",USAO,zettai,,1553126406,1,dl_cyaegha,default,,,,,,,,assets/songs/dl_cyaegha/1080_base_256.jpg,c2b58dcad54203645057a859524789f59cfd5ca13613b610d04ad087b58aac90,179a2d0173a7dcbb77e986b650802eb9c7a121bf9605924009db7bcf978d3bb4,88867,384,384,image/jpeg,song-jacket,low-resolution/derived candidate,arcaea:cyaegha:default,1080_base,,true,filename base/1080_base; _256 retained as APK rendition candidate,high
cyanine,62,cyanine,"{""en"":""cyanine""}",jioyi,lanota,,1517443204,1,dl_cyanine,default,,,,,,,,assets/songs/dl_cyanine/1080_base.jpg,c2b58dcad54203645057a859524789f59cfd5ca13613b610d04ad087b58aac90,3ad57c065f5ca2a39e600e6351a90fc8305c8c877e40645d9894aafcb7721083,377367,768,768,image/jpeg,song-jacket,primary-resolution candidate,arcaea:cyanine:default,1080_base,,false,filename base/1080_base; _256 retained as APK rendition candidate,high
cyanine,62,cyanine,"{""en"":""cyanine""}",jioyi,lanota,,1517443204,1,dl_cyanine,default,,,,,,,,assets/songs/dl_cyanine/1080_base_256.jpg,c2b58dcad54203645057a859524789f59cfd5ca13613b610d04ad087b58aac90,c37baea2e0f1cd5b9b5aa5607a4c6f67fd368e3f8b0190595851a82a90c2fbc9,124107,384,384,image/jpeg,song-jacket,low-resolution/derived candidate,arcaea:cyanine:default,1080_base,,true,filename base/1080_base; _256 retained as APK rendition candidate,high
cyberneciacatharsis,79,Cybernecia Catharsis,"{""en"":""Cybernecia Catharsis""}",Tanchiky,base,,1527811200,1,dl_cyberneciacatharsis,difficulty-specific,BYD,3,True,BYD,,,,assets/songs/dl_cyberneciacatharsis/1080_3.jpg,c2b58dcad54203645057a859524789f59cfd5ca13613b610d04ad087b58aac90,dbbd8678961435e8ce1e8bfd065171755ff97886b8fc45c58e1cbd09078de92a,384253,768,768,image/jpeg,song-jacket,primary-resolution candidate,arcaea:cyberneciacatharsis:difficulty:BYD,1080_3,,false,numeric suffix=3; filename-to-ratingClass mapping is a candidate; jacketOverride=True,high
cyberneciacatharsis,79,Cybernecia Catharsis,"{""en"":""Cybernecia Catharsis""}",Tanchiky,base,,1527811200,1,dl_cyberneciacatharsis,difficulty-specific,BYD,3,True,BYD,,,,assets/songs/dl_cyberneciacatharsis/1080_3_256.jpg,c2b58dcad54203645057a859524789f59cfd5ca13613b610d04ad087b58aac90,ffbef165426fdc22aecc818035cd55793d5369e15d80ef57959474f083e7825c,138787,384,384,image/jpeg,song-jacket,low-resolution/derived candidate,arcaea:cyberneciacatharsis:difficulty:BYD,1080_3,,true,numeric suffix=3; filename-to-ratingClass mapping is a candidate; jacketOverride=True,high
cyberneciacatharsis,79,Cybernecia Catharsis,"{""en"":""Cybernecia Catharsis""}",Tanchiky,base,,1527811200,1,dl_cyberneciacatharsis,default,,,,BYD,,,,assets/songs/dl_cyberneciacatharsis/1080_base.jpg,c2b58dcad54203645057a859524789f59cfd5ca13613b610d04ad087b58aac90,8befd80d30ed84424c61455bbd52f6616de93ce9bd87b6499810644e9b70c51d,318460,768,768,image/jpeg,song-jacket,primary-resolution candidate,arcaea:cyberneciacatharsis:default,1080_base,,false,filename base/1080_base; _256 retained as APK rendition candidate,high
cyberneciacatharsis,79,Cybernecia Catharsis,"{""en"":""Cybernecia Catharsis""}",Tanchiky,base,,1527811200,1,dl_cyberneciacatharsis,default,,,,BYD,,,,assets/songs/dl_cyberneciacatharsis/1080_base_256.jpg,c2b58dcad54203645057a859524789f59cfd5ca13613b610d04ad087b58aac90,da432aad0aaa7074bc89330236c5a5fae68a5572401a36d39ca2f49519de6cf7,83644,384,384,image/jpeg,song-jacket,low-resolution/derived candidate,arcaea:cyberneciacatharsis:default,1080_base,,true,filename base/1080_base; _256 retained as APK rendition candidate,high
cycles,304,CYCLES,"{""en"":""CYCLES""}",Masayoshi Minoshima feat. 綾倉盟,maimai_append_1,,1677715204,0,dl_cycles,default,,,,,,,,assets/songs/dl_cycles/base.jpg,c2b58dcad54203645057a859524789f59cfd5ca13613b610d04ad087b58aac90,691e4079ba594dc7e354d7b4b49a1bab9839df753ee241431c2c1b13eb61461a,58155,512,512,image/jpeg,song-jacket,primary-resolution candidate,arcaea:cycles:default,base,,false,filename base/1080_base; _256 retained as APK rendition candidate,high
cycles,304,CYCLES,"{""en"":""CYCLES""}",Masayoshi Minoshima feat. 綾倉盟,maimai_append_1,,1677715204,0,dl_cycles,default,,,,,,,,assets/songs/dl_cycles/base_256.jpg,c2b58dcad54203645057a859524789f59cfd5ca13613b610d04ad087b58aac90,8c9ebe532cc3baa26d5feea7c3bfa79d3b82dbcab6fb449e8f86c2041b1ffcc4,31426,256,256,image/jpeg,song-directory-image,low-resolution/derived candidate,arcaea:cycles:default,base,,true,filename base/1080_base; _256 retained as APK rendition candidate,high
daat,438,DA'AT -The First Seeker of Souls-,"{""en"":""DA'AT -The First Seeker of Souls-""}",水野健治 VS 大国奏音,chunithm_append_3,,1734566402,1,dl_daat,default,,,,,,,,assets/songs/dl_daat/1080_base.jpg,c2b58dcad54203645057a859524789f59cfd5ca13613b610d04ad087b58aac90,e0e9c6add24e61c9f710331c74df98cc57520b78ea43844341643da2453b9052,574549,768,768,image/jpeg,song-jacket,primary-resolution candidate,arcaea:daat:default,1080_base,,false,filename base/1080_base; _256 retained as APK rendition candidate,high
daat,438,DA'AT -The First Seeker of Souls-,"{""en"":""DA'AT -The First Seeker of Souls-""}",水野健治 VS 大国奏音,chunithm_append_3,,1734566402,1,dl_daat,default,,,,,,,,assets/songs/dl_daat/1080_base_256.jpg,c2b58dcad54203645057a859524789f59cfd5ca13613b610d04ad087b58aac90,0209872be5f62b151f3cc18bb1d99727a064aea49a7450191d37e3e21de988ed,117483,384,384,image/jpeg,song-jacket,low-resolution/derived candidate,arcaea:daat:default,1080_base,,true,filename base/1080_base; _256 retained as APK rendition candidate,high
dantalion,158,Dantalion,"{""en"":""Dantalion""}",Team Grimoire,vs,,1590537603,1,dl_dantalion,default,,,,,,,,assets/songs/dl_dantalion/1080_base.jpg,c2b58dcad54203645057a859524789f59cfd5ca13613b610d04ad087b58aac90,f60a767af16e2915f53e11666f2cc6545615376edc31ef0880025fca9cf796b8,337619,768,768,image/jpeg,song-jacket,primary-resolution candidate,arcaea:dantalion:default,1080_base,,false,filename base/1080_base; _256 retained as APK rendition candidate,high
dantalion,158,Dantalion,"{""en"":""Dantalion""}",Team Grimoire,vs,,1590537603,1,dl_dantalion,default,,,,,,,,assets/songs/dl_dantalion/1080_base_256.jpg,c2b58dcad54203645057a859524789f59cfd5ca13613b610d04ad087b58aac90,410781490c156ca0047d6c1bdd3deaa703a03aa0b7ad7d17887f17700cd26868,65379,384,384,image/jpeg,song-jacket,low-resolution/derived candidate,arcaea:dantalion:default,1080_base,,true,filename base/1080_base; _256 retained as APK rendition candidate,high
darakunosono,90,Illegal Paradise,"{""ja"":""堕楽の園"",""en"":""Illegal Paradise""}",gmtn. (witch's slave),base,,1531699202,1,dl_darakunosono,default,,,,,,,,assets/songs/dl_darakunosono/1080_base.jpg,c2b58dcad54203645057a859524789f59cfd5ca13613b610d04ad087b58aac90,20d86db32ef13971ebb0a1fdf8a875d29210a1c44b798488486e89e4370b429a,373001,768,768,image/jpeg,song-jacket,primary-resolution candidate,arcaea:darakunosono:default,1080_base,,false,filename base/1080_base; _256 retained as APK rendition candidate,high
darakunosono,90,Illegal Paradise,"{""ja"":""堕楽の園"",""en"":""Illegal Paradise""}",gmtn. (witch's slave),base,,1531699202,1,dl_darakunosono,default,,,,,,,,assets/songs/dl_darakunosono/1080_base_256.jpg,c2b58dcad54203645057a859524789f59cfd5ca13613b610d04ad087b58aac90,96e4df026ce565f41becab8422c7bfd30187034b24fa2ea21f81bc6c6989618a,84174,384,384,image/jpeg,song-jacket,low-resolution/derived candidate,arcaea:darakunosono:default,1080_base,,true,filename base/1080_base; _256 retained as APK rendition candidate,high
dataerror,29,DataErr0r,"{""en"":""DataErr0r""}",Cosmograph,single,,1496188802,1,dl_dataerror,default,,,,,,,,assets/songs/dl_dataerror/1080_base.jpg,c2b58dcad54203645057a859524789f59cfd5ca13613b610d04ad087b58aac90,0ba70552b2079c84e0cc285d0bef63dc862ffefdc9e0ef2fc512c41af7758808,422782,768,768,image/jpeg,song-jacket,primary-resolution candidate,arcaea:dataerror:default,1080_base,,false,filename base/1080_base; _256 retained as APK rendition candidate,high
dataerror,29,DataErr0r,"{""en"":""DataErr0r""}",Cosmograph,single,,1496188802,1,dl_dataerror,default,,,,,,,,assets/songs/dl_dataerror/1080_base_256.jpg,c2b58dcad54203645057a859524789f59cfd5ca13613b610d04ad087b58aac90,9db1cad88fa6756e854f84cf92818fd4f1d7251c9de4302763d6ad96382b5a24,98585,384,384,image/jpeg,song-jacket,low-resolution/derived candidate,arcaea:dataerror:default,1080_base,,true,filename base/1080_base; _256 retained as APK rendition candidate,high
dazzlehop,192,Dazzle hop,"{""en"":""Dazzle hop""}",Sampling Masters MEGA,ongeki,,1608163201,1,dl_dazzlehop,default,,,,,,,,assets/songs/dl_dazzlehop/base.jpg,c2b58dcad54203645057a859524789f59cfd5ca13613b610d04ad087b58aac90,ff2066fcb719fe0ae33d27d9f7c1031d834a5b87d9537da636018e6cf659f74c,282663,512,512,image/jpeg,song-jacket,primary-resolution candidate,arcaea:dazzlehop:default,base,,false,filename base/1080_base; _256 retained as APK rendition candidate,high
dazzlehop,192,Dazzle hop,"{""en"":""Dazzle hop""}",Sampling Masters MEGA,ongeki,,1608163201,1,dl_dazzlehop,default,,,,,,,,assets/songs/dl_dazzlehop/base_256.jpg,c2b58dcad54203645057a859524789f59cfd5ca13613b610d04ad087b58aac90,3fc10d919659cf3bfeeaedcb4d39bfbd21240650e0999f72638ec645a587e6ef,87012,256,256,image/jpeg,song-directory-image,low-resolution/derived candidate,arcaea:dazzlehop:default,base,,true,filename base/1080_base; _256 retained as APK rendition candidate,high
ddd,263,DDD,"{""en"":""DDD""}",はがね,base,,1647993601,0,dl_ddd,default,,,,,,,,assets/songs/dl_ddd/1080_base.jpg,c2b58dcad54203645057a859524789f59cfd5ca13613b610d04ad087b58aac90,9149da61e7aea7d366e5888ee26d0300fa791e9d257f44a26c2997612a619c2a,165895,768,768,image/jpeg,song-jacket,primary-resolution candidate,arcaea:ddd:default,1080_base,,false,filename base/1080_base; _256 retained as APK rendition candidate,high
ddd,263,DDD,"{""en"":""DDD""}",はがね,base,,1647993601,0,dl_ddd,default,,,,,,,,assets/songs/dl_ddd/1080_base_256.jpg,c2b58dcad54203645057a859524789f59cfd5ca13613b610d04ad087b58aac90,3bd9ba7604ce52523408ef06c4d621b0dcb89cc09935517cafaa189a48a98788,45963,384,384,image/jpeg,song-jacket,low-resolution/derived candidate,arcaea:ddd:default,1080_base,,true,filename base/1080_base; _256 retained as APK rendition candidate,high
deathbyglamour,445,Death By Glamour,"{""en"":""Death By Glamour"",""ja"":""華麗なる死闘""}",Toby Fox,undertale,,1741478401,0,dl_deathbyglamour,default,,,,,,,,assets/songs/dl_deathbyglamour/1080_base.jpg,c2b58dcad54203645057a859524789f59cfd5ca13613b610d04ad087b58aac90,360771d99014cfab5356add732e1cdd0782dcf0afe55b54021dde48724f823f9,115455,768,768,image/jpeg,song-jacket,primary-resolution candidate,arcaea:deathbyglamour:default,1080_base,,false,filename base/1080_base; _256 retained as APK rendition candidate,high
deathbyglamour,445,Death By Glamour,"{""en"":""Death By Glamour"",""ja"":""華麗なる死闘""}",Toby Fox,undertale,,1741478401,0,dl_deathbyglamour,default,,,,,,,,assets/songs/dl_deathbyglamour/1080_base_256.jpg,c2b58dcad54203645057a859524789f59cfd5ca13613b610d04ad087b58aac90,513b6e11d4cae33d574f7bf929dfb07b5b2db570690fc37cfd1211d8be33fdbf,44951,384,384,image/jpeg,song-jacket,low-resolution/derived candidate,arcaea:deathbyglamour:default,1080_base,,true,filename base/1080_base; _256 retained as APK rendition candidate,high
defection,275,Defection,"{""en"":""Defection""}",TeddyLoid feat. DELTA,finale,,1657152004,0,dl_defection,default,,,,,,,,assets/songs/dl_defection/1080_base.jpg,c2b58dcad54203645057a859524789f59cfd5ca13613b610d04ad087b58aac90,f97b6821dcf26e8c96e2b642f4fa211cc6fdd0f0d134835a723ffb0c8cdf4fde,301077,768,768,image/jpeg,song-jacket,primary-resolution candidate,arcaea:defection:default,1080_base,,false,filename base/1080_base; _256 retained as APK rendition candidate,high
defection,275,Defection,"{""en"":""Defection""}",TeddyLoid feat. DELTA,finale,,1657152004,0,dl_defection,default,,,,,,,,assets/songs/dl_defection/1080_base_256.jpg,c2b58dcad54203645057a859524789f59cfd5ca13613b610d04ad087b58aac90,26137fcb72af9bc959e23864ff3a8c9d751d0888afb0fc0dd8f16fe554b3074b,77237,384,384,image/jpeg,song-jacket,low-resolution/derived candidate,arcaea:defection:default,1080_base,,true,filename base/1080_base; _256 retained as APK rendition candidate,high
desertrealm,526,Desertrealm,"{""en"":""Desertrealm""}","Masahiro ""Godspeed"" Aoki",single,,1773014404,1,dl_desertrealm,default,,,,,,,,assets/songs/dl_desertrealm/1080_base.jpg,c2b58dcad54203645057a859524789f59cfd5ca13613b610d04ad087b58aac90,0f6e7331e3bcdb44601f26a25bbdcc4b0a24fbf8915434f6e276850fb2d23bc0,386543,768,768,image/jpeg,song-jacket,primary-resolution candidate,arcaea:desertrealm:default,1080_base,,false,filename base/1080_base; _256 retained as APK rendition candidate,high
desertrealm,526,Desertrealm,"{""en"":""Desertrealm""}","Masahiro ""Godspeed"" Aoki",single,,1773014404,1,dl_desertrealm,default,,,,,,,,assets/songs/dl_desertrealm/1080_base_256.jpg,c2b58dcad54203645057a859524789f59cfd5ca13613b610d04ad087b58aac90,ade116c24e77571612430a368fcf0c996c4fd670f7c7d50e0ed8bbd26307c1b0,103488,384,384,image/jpeg,song-jacket,low-resolution/derived candidate,arcaea:desertrealm:default,1080_base,,true,filename base/1080_base; _256 retained as APK rendition candidate,high
designant,433,Designant.,"{""en"":""Designant.""}",Designant,lephon,,1732147210,3,dl_designant,default,,,,,,,,assets/songs/dl_designant/1080_base.jpg,c2b58dcad54203645057a859524789f59cfd5ca13613b610d04ad087b58aac90,b704884d2811331f760a6b0c91d54744ceef008b6234a5fe32c8315378e649f3,387387,768,768,image/jpeg,song-jacket,primary-resolution candidate,arcaea:designant:default,1080_base,,false,filename base/1080_base; _256 retained as APK rendition candidate,high
designant,433,Designant.,"{""en"":""Designant.""}",Designant,lephon,,1732147210,3,dl_designant,default,,,,,,,,assets/songs/dl_designant/1080_base_256.jpg,c2b58dcad54203645057a859524789f59cfd5ca13613b610d04ad087b58aac90,a065fff65eef50a59c995ee3dcd777d5e73a9f1e5f31c553c450ae76968e9584,107738,384,384,image/jpeg,song-jacket,low-resolution/derived candidate,arcaea:designant:default,1080_base,,true,filename base/1080_base; _256 retained as APK rendition candidate,high
desive,389,Désive,"{""en"":""Désive"",""ko_dialog"":""Desive""}",MisomyL,single,,1714003204,0,dl_desive,default,,,,,,,,assets/songs/dl_desive/1080_base.jpg,c2b58dcad54203645057a859524789f59cfd5ca13613b610d04ad087b58aac90,b7d4543f97aa01041d5767cb4990a4ebce5aa276ca972fe4aae6bd625cecd99d,411774,768,768,image/jpeg,song-jacket,primary-resolution candidate,arcaea:desive:default,1080_base,,false,filename base/1080_base; _256 retained as APK rendition candidate,high
desive,389,Désive,"{""en"":""Désive"",""ko_dialog"":""Desive""}",MisomyL,single,,1714003204,0,dl_desive,default,,,,,,,,assets/songs/dl_desive/1080_base_256.jpg,c2b58dcad54203645057a859524789f59cfd5ca13613b610d04ad087b58aac90,d847abcc16d2a97c889e39ec9e970daf697e171b591b253612c0993882f85a66,112522,384,384,image/jpeg,song-jacket,low-resolution/derived candidate,arcaea:desive:default,1080_base,,true,filename base/1080_base; _256 retained as APK rendition candidate,high
devillicsphere,325,Devillic Sphere,"{""en"":""Devillic Sphere""}",3R2,cytusii,,1687910402,1,dl_devillicsphere,default,,,,,,,,assets/songs/dl_devillicsphere/1080_base.jpg,c2b58dcad54203645057a859524789f59cfd5ca13613b610d04ad087b58aac90,e54692570545aa96e30f571c21a2f3fcc34012831550c767f7bef2c91af0dfc1,192218,768,768,image/jpeg,song-jacket,primary-resolution candidate,arcaea:devillicsphere:default,1080_base,,false,filename base/1080_base; _256 retained as APK rendition candidate,high
devillicsphere,325,Devillic Sphere,"{""en"":""Devillic Sphere""}",3R2,cytusii,,1687910402,1,dl_devillicsphere,default,,,,,,,,assets/songs/dl_devillicsphere/1080_base_256.jpg,c2b58dcad54203645057a859524789f59cfd5ca13613b610d04ad087b58aac90,389b676fecb63ac43fe58b5f420c900bfd0f117d18bfb925a184d5019bb23963,53705,384,384,image/jpeg,song-jacket,low-resolution/derived candidate,arcaea:devillicsphere:default,1080_base,,true,filename base/1080_base; _256 retained as APK rendition candidate,high
diesirae,422,Dies irae,"{""en"":""Dies irae""}",お月さま交響曲,single,,1729728004,1,dl_diesirae,default,,,,,,,,assets/songs/dl_diesirae/1080_base.jpg,c2b58dcad54203645057a859524789f59cfd5ca13613b610d04ad087b58aac90,18b1fba7b8c740570163df545803d7ef1cf70d334c27b2af164d7d749b8141a9,489202,768,768,image/jpeg,song-jacket,primary-resolution candidate,arcaea:diesirae:default,1080_base,,false,filename base/1080_base; _256 retained as APK rendition candidate,high
diesirae,422,Dies irae,"{""en"":""Dies irae""}",お月さま交響曲,single,,1729728004,1,dl_diesirae,default,,,,,,,,assets/songs/dl_diesirae/1080_base_256.jpg,c2b58dcad54203645057a859524789f59cfd5ca13613b610d04ad087b58aac90,cce2f3e03760c176834b2c22e435767ac70daef28b7a937bdd9aa31b24e3aedc,135614,384,384,image/jpeg,song-jacket,low-resolution/derived candidate,arcaea:diesirae:default,1080_base,,true,filename base/1080_base; _256 retained as APK rendition candidate,high
diode,137,Diode,"{""en"":""Diode""}",Kolaa,base,,1570492800,0,dl_diode,default,,,,,,,,assets/songs/dl_diode/1080_base.jpg,c2b58dcad54203645057a859524789f59cfd5ca13613b610d04ad087b58aac90,d853971bd62a61ce07f8f43c884427773d8e5f0f35abf7cabb84736ecb2f2779,316349,768,768,image/jpeg,song-jacket,primary-resolution candidate,arcaea:diode:default,1080_base,,false,filename base/1080_base; _256 retained as APK rendition candidate,high
diode,137,Diode,"{""en"":""Diode""}",Kolaa,base,,1570492800,0,dl_diode,default,,,,,,,,assets/songs/dl_diode/1080_base_256.jpg,c2b58dcad54203645057a859524789f59cfd5ca13613b610d04ad087b58aac90,4f88d7c592accacc7ee2f9094dcada8b8e1483b995a2c2c42ed3f51650ae3e81,91827,384,384,image/jpeg,song-jacket,low-resolution/derived candidate,arcaea:diode:default,1080_base,,true,filename base/1080_base; _256 retained as APK rendition candidate,high
disintegration,478,disintegration,"{""en"":""disintegration""}",ひゅ〜ぶ,extend_3,,1755734400,0,dl_disintegration,default,,,,,,,,assets/songs/dl_disintegration/1080_base.jpg,c2b58dcad54203645057a859524789f59cfd5ca13613b610d04ad087b58aac90,b03a4add2c8d2df6d6900604d8ec7799175869870421602728b19fb441307b16,439731,768,768,image/jpeg,song-jacket,primary-resolution candidate,arcaea:disintegration:default,1080_base,,false,filename base/1080_base; _256 retained as APK rendition candidate,high
disintegration,478,disintegration,"{""en"":""disintegration""}",ひゅ〜ぶ,extend_3,,1755734400,0,dl_disintegration,default,,,,,,,,assets/songs/dl_disintegration/1080_base_256.jpg,c2b58dcad54203645057a859524789f59cfd5ca13613b610d04ad087b58aac90,8a4c0273b4940854b47bf327c7bf97de0c5784796d6ce1cfca7ea8797f5e2d65,128971,384,384,image/jpeg,song-jacket,low-resolution/derived candidate,arcaea:disintegration:default,1080_base,,true,filename base/1080_base; _256 retained as APK rendition candidate,high
distortedfate,386,Distorted Fate,"{""en"":""Distorted Fate""}",Sakuzyo,single,,1714003201,1,dl_distortedfate,default,,,,,,,,assets/songs/dl_distortedfate/1080_base.jpg,c2b58dcad54203645057a859524789f59cfd5ca13613b610d04ad087b58aac90,2c50cccd8a17494f9341b759ccad2e4fb5e79e890a988129628afeea1ffdefd8,256808,768,768,image/jpeg,song-jacket,primary-resolution candidate,arcaea:distortedfate:default,1080_base,,false,filename base/1080_base; _256 retained as APK rendition candidate,high
distortedfate,386,Distorted Fate,"{""en"":""Distorted Fate""}",Sakuzyo,single,,1714003201,1,dl_distortedfate,default,,,,,,,,assets/songs/dl_distortedfate/1080_base_256.jpg,c2b58dcad54203645057a859524789f59cfd5ca13613b610d04ad087b58aac90,0c341c3b6583f771b61c326de010fe30d849c7ca228e8bac543726cc1519069d,78594,384,384,image/jpeg,song-jacket,low-resolution/derived candidate,arcaea:distortedfate:default,1080_base,,true,filename base/1080_base; _256 retained as APK rendition candidate,high
distortionhuman,401,Distortion Human,"{""en"":""Distortion Human"",""ja"":""ディストーション・ニンゲン""}",DJ Myosuke & KAJI,extend_3,,1722297600,1,dl_distortionhuman,default,,,,,,,,assets/songs/dl_distortionhuman/1080_base.jpg,c2b58dcad54203645057a859524789f59cfd5ca13613b610d04ad087b58aac90,6546f463d64c9f9d75ecbfe0002c199aa40d90d32213f90994418ffc38563cfc,266129,768,768,image/jpeg,song-jacket,primary-resolution candidate,arcaea:distortionhuman:default,1080_base,,false,filename base/1080_base; _256 retained as APK rendition candidate,high
distortionhuman,401,Distortion Human,"{""en"":""Distortion Human"",""ja"":""ディストーション・ニンゲン""}",DJ Myosuke & KAJI,extend_3,,1722297600,1,dl_distortionhuman,default,,,,,,,,assets/songs/dl_distortionhuman/1080_base_256.jpg,c2b58dcad54203645057a859524789f59cfd5ca13613b610d04ad087b58aac90,68144a4cf75a59779608cd883d9907e8bdffeb889aa6d312446e3fb29643d98d,96843,384,384,image/jpeg,song-jacket,low-resolution/derived candidate,arcaea:distortionhuman:default,1080_base,,true,filename base/1080_base; _256 retained as APK rendition candidate,high
divinelight,226,Divine Light of Myriad,"{""en"":""Divine Light of Myriad"",""ja"":""光速神授説 - Divine Light of Myriad -""}",yoho,observer_append_2,,1626825602,0,dl_divinelight,default,,,,,,,,assets/songs/dl_divinelight/1080_base.jpg,c2b58dcad54203645057a859524789f59cfd5ca13613b610d04ad087b58aac90,e009d790cb525d68fd4a419d39681f12714cf1c54a285de9fee178c00957a3a6,245981,768,768,image/jpeg,song-jacket,primary-resolution candidate,arcaea:divinelight:default,1080_base,,false,filename base/1080_base; _256 retained as APK rendition candidate,high
divinelight,226,Divine Light of Myriad,"{""en"":""Divine Light of Myriad"",""ja"":""光速神授説 - Divine Light of Myriad -""}",yoho,observer_append_2,,1626825602,0,dl_divinelight,default,,,,,,,,assets/songs/dl_divinelight/1080_base_256.jpg,c2b58dcad54203645057a859524789f59cfd5ca13613b610d04ad087b58aac90,50c8c9dfffe0aa766c15ae1fcc22be8d1359417a9ea38d105b64ceb1f9f963ec,66314,384,384,image/jpeg,song-jacket,low-resolution/derived candidate,arcaea:divinelight:default,1080_base,,true,filename base/1080_base; _256 retained as APK rendition candidate,high
dontdie,457,Don't Die,"{""en"":""Don't Die""}",Paul Bazooka,single,,1747872001,1,dl_dontdie,default,,,,,,,,assets/songs/dl_dontdie/1080_base.jpg,c2b58dcad54203645057a859524789f59cfd5ca13613b610d04ad087b58aac90,95a8b82b943aaa11c90bf61a08d6b9d89082be36547454581043061aa873a6a2,172108,768,768,image/jpeg,song-jacket,primary-resolution candidate,arcaea:dontdie:default,1080_base,,false,filename base/1080_base; _256 retained as APK rendition candidate,high
dontdie,457,Don't Die,"{""en"":""Don't Die""}",Paul Bazooka,single,,1747872001,1,dl_dontdie,default,,,,,,,,assets/songs/dl_dontdie/1080_base_256.jpg,c2b58dcad54203645057a859524789f59cfd5ca13613b610d04ad087b58aac90,c7ddb5e04dc8d21d46a5fff5f749641b764148e394d545a73544c9dcae827a06,84554,384,384,image/jpeg,song-jacket,low-resolution/derived candidate,arcaea:dontdie:default,1080_base,,true,filename base/1080_base; _256 retained as APK rendition candidate,high
dontfightmusic,426,Don't Fight The Music,"{""en"":""Don't Fight The Music""}",黒魔,ongeki_append_2,,1732147203,1,dl_dontfightmusic,default,,,,,,,,assets/songs/dl_dontfightmusic/base.jpg,c2b58dcad54203645057a859524789f59cfd5ca13613b610d04ad087b58aac90,bd65acf9b02f863419bae3e88572e4218a82cf8c780a84f8251c5b85e1f09012,162643,512,512,image/jpeg,song-jacket,primary-resolution candidate,arcaea:dontfightmusic:default,base,,false,filename base/1080_base; _256 retained as APK rendition candidate,high
dontfightmusic,426,Don't Fight The Music,"{""en"":""Don't Fight The Music""}",黒魔,ongeki_append_2,,1732147203,1,dl_dontfightmusic,default,,,,,,,,assets/songs/dl_dontfightmusic/base_256.jpg,c2b58dcad54203645057a859524789f59cfd5ca13613b610d04ad087b58aac90,8deb2fd676e93f2d3b80cc2756ac72307df763e2773a1739e00cbf75d238da14,50745,256,256,image/jpeg,song-directory-image,low-resolution/derived candidate,arcaea:dontfightmusic:default,base,,true,filename base/1080_base; _256 retained as APK rendition candidate,high
dottodot,122,Dot to Dot feat. shully,"{""en"":""Dot to Dot feat. shully""}",Mameyudoufu,single,,1556755202,0,dl_dottodot,default,,,,,,,,assets/songs/dl_dottodot/1080_base.jpg,c2b58dcad54203645057a859524789f59cfd5ca13613b610d04ad087b58aac90,4d213a2b03f5d023e50b34f078da2c304d6210905167777f26e8786817a9ba52,143258,768,760,image/jpeg,song-jacket,primary-resolution candidate,arcaea:dottodot:default,1080_base,,false,filename base/1080_base; _256 retained as APK rendition candidate,high
dottodot,122,Dot to Dot feat. shully,"{""en"":""Dot to Dot feat. shully""}",Mameyudoufu,single,,1556755202,0,dl_dottodot,default,,,,,,,,assets/songs/dl_dottodot/1080_base_256.jpg,c2b58dcad54203645057a859524789f59cfd5ca13613b610d04ad087b58aac90,e8c6d7bc36e63f6bd5b174eb2841080e9c26d8adf5c5a284e8c6a8218203e409,42178,384,380,image/jpeg,song-jacket,low-resolution/derived candidate,arcaea:dottodot:default,1080_base,,true,filename base/1080_base; _256 retained as APK rendition candidate,high
dreadnought,126,Dreadnought,"{""en"":""Dreadnought""}",Mastermind (xi + nora2r),single,,1563408000,1,dl_dreadnought,default,,,,,,,,assets/songs/dl_dreadnought/1080_base.jpg,c2b58dcad54203645057a859524789f59cfd5ca13613b610d04ad087b58aac90,9ed0d54b362546fc37af6e8ed86edb90bd63be6949bba5e3d9c4767f7af5a7ae,182049,768,768,image/jpeg,song-jacket,primary-resolution candidate,arcaea:dreadnought:default,1080_base,,false,filename base/1080_base; _256 retained as APK rendition candidate,high
dreadnought,126,Dreadnought,"{""en"":""Dreadnought""}",Mastermind (xi + nora2r),single,,1563408000,1,dl_dreadnought,default,,,,,,,,assets/songs/dl_dreadnought/1080_base_256.jpg,c2b58dcad54203645057a859524789f59cfd5ca13613b610d04ad087b58aac90,330499b7ebcbe97ed672461ad72d5052349823c5bb078baedb51110fcfb72bc3,50877,384,384,image/jpeg,song-jacket,low-resolution/derived candidate,arcaea:dreadnought:default,1080_base,,true,filename base/1080_base; _256 retained as APK rendition candidate,high
dreamgoeson,63,Dream goes on,"{""en"":""Dream goes on""}",Tiny Minim,lanota,,1517443200,0,dl_dreamgoeson,default,,,,,,,,assets/songs/dl_dreamgoeson/1080_base.jpg,c2b58dcad54203645057a859524789f59cfd5ca13613b610d04ad087b58aac90,7fbdad3a534b820ac7abe3f40a28f5417bc21b16f2b99a85b27a763812f996c4,237276,768,768,image/jpeg,song-jacket,primary-resolution candidate,arcaea:dreamgoeson:default,1080_base,,false,filename base/1080_base; _256 retained as APK rendition candidate,high
dreamgoeson,63,Dream goes on,"{""en"":""Dream goes on""}",Tiny Minim,lanota,,1517443200,0,dl_dreamgoeson,default,,,,,,,,assets/songs/dl_dreamgoeson/1080_base_256.jpg,c2b58dcad54203645057a859524789f59cfd5ca13613b610d04ad087b58aac90,1599799a618193293ff6327ba68027ad4bbd42fdb0a026d10114cc684bf233be,76499,384,384,image/jpeg,song-jacket,low-resolution/derived candidate,arcaea:dreamgoeson:default,1080_base,,true,filename base/1080_base; _256 retained as APK rendition candidate,high
dreaminattraction,57,Dreamin' Attraction!!,"{""en"":""Dreamin' Attraction!!""}",翡乃イスカ,base,,1509667201,0,dl_dreaminattraction,default,,,,,,,,assets/songs/dl_dreaminattraction/base.jpg,c2b58dcad54203645057a859524789f59cfd5ca13613b610d04ad087b58aac90,2d6228b450698c8a3db1e800cbd6df205b6dbe209329726fb5c49a0f6ebb59d1,110786,512,512,image/jpeg,song-jacket,primary-resolution candidate,arcaea:dreaminattraction:default,base,,false,filename base/1080_base; _256 retained as APK rendition candidate,high
dreaminattraction,57,Dreamin' Attraction!!,"{""en"":""Dreamin' Attraction!!""}",翡乃イスカ,base,,1509667201,0,dl_dreaminattraction,default,,,,,,,,assets/songs/dl_dreaminattraction/base_256.jpg,c2b58dcad54203645057a859524789f59cfd5ca13613b610d04ad087b58aac90,b0737f5b43d87ee7e93d7bc8c50eb110966f41970320510ab65c73d5b71bfe1d,53844,256,256,image/jpeg,song-directory-image,low-resolution/derived candidate,arcaea:dreaminattraction:default,base,,true,filename base/1080_base; _256 retained as APK rendition candidate,high
drg,331,DRG,"{""en"":""DRG""}",onoken,cytusii_append_1,,1689724802,0,dl_drg,default,,,,,,,,assets/songs/dl_drg/1080_base.jpg,c2b58dcad54203645057a859524789f59cfd5ca13613b610d04ad087b58aac90,455eccd65124464b21563b0563b9c5d7ddba04d1a5e09eb75f1d74d5c378512e,127546,768,768,image/jpeg,song-jacket,primary-resolution candidate,arcaea:drg:default,1080_base,,false,filename base/1080_base; _256 retained as APK rendition candidate,high
drg,331,DRG,"{""en"":""DRG""}",onoken,cytusii_append_1,,1689724802,0,dl_drg,default,,,,,,,,assets/songs/dl_drg/1080_base_256.jpg,c2b58dcad54203645057a859524789f59cfd5ca13613b610d04ad087b58aac90,0582540a5510591dfa11aa8dc9f16b455881b6ecd8aa9d5379bad2486a178c29,36645,384,384,image/jpeg,song-jacket,low-resolution/derived candidate,arcaea:drg:default,1080_base,,true,filename base/1080_base; _256 retained as APK rendition candidate,high
dropdead,91,dropdead,"{""en"":""dropdead""}",Frums,single,,1533859201,1,dl_dropdead,difficulty-specific,BYD,3,True,BYD,,"{""en"":""overdead.""}",True,assets/songs/dl_dropdead/1080_3.jpg,c2b58dcad54203645057a859524789f59cfd5ca13613b610d04ad087b58aac90,b0459f1f27809f16e5103da23db9aba2d43884457e675beadc76ce69f07f0c14,347870,768,768,image/jpeg,song-jacket,primary-resolution candidate,arcaea:dropdead:difficulty:BYD,1080_3,,false,numeric suffix=3; filename-to-ratingClass mapping is a candidate; jacketOverride=True,high
dropdead,91,dropdead,"{""en"":""dropdead""}",Frums,single,,1533859201,1,dl_dropdead,difficulty-specific,BYD,3,True,BYD,,"{""en"":""overdead.""}",True,assets/songs/dl_dropdead/1080_3_256.jpg,c2b58dcad54203645057a859524789f59cfd5ca13613b610d04ad087b58aac90,a0da390f66b00cbd14818821698404bde84d92bef5c091c27bee3c1e5f6e9162,87104,384,384,image/jpeg,song-jacket,low-resolution/derived candidate,arcaea:dropdead:difficulty:BYD,1080_3,,true,numeric suffix=3; filename-to-ratingClass mapping is a candidate; jacketOverride=True,high
dropdead,91,dropdead,"{""en"":""dropdead""}",Frums,single,,1533859201,1,dl_dropdead,default,,,,BYD,,,,assets/songs/dl_dropdead/1080_base.jpg,c2b58dcad54203645057a859524789f59cfd5ca13613b610d04ad087b58aac90,899af6aefeb3b4204e9865b908c2cdcdaf56dc813402770a2e96589725f01459,543285,768,768,image/jpeg,song-jacket,primary-resolution candidate,arcaea:dropdead:default,1080_base,,false,filename base/1080_base; _256 retained as APK rendition candidate,high
dropdead,91,dropdead,"{""en"":""dropdead""}",Frums,single,,1533859201,1,dl_dropdead,default,,,,BYD,,,,assets/songs/dl_dropdead/1080_base_256.jpg,c2b58dcad54203645057a859524789f59cfd5ca13613b610d04ad087b58aac90,406f142230714fa4f2e16fbdb8cc7f3e414f06cb152d9a7aebd751801b84c3b9,118543,384,384,image/jpeg,song-jacket,low-resolution/derived candidate,arcaea:dropdead:default,1080_base,,true,filename base/1080_base; _256 retained as APK rendition candidate,high
dualdependency,475,Dual Dependency,"{""en"":""Dual Dependency""}",seatrus,anima,,1753315203,0,dl_dualdependency,default,,,,,,,,assets/songs/dl_dualdependency/1080_base.jpg,c2b58dcad54203645057a859524789f59cfd5ca13613b610d04ad087b58aac90,34ddd7a5a278207da353ddd5328eda1ea0b33ca035c346d894e2ea766adea6ba,359874,768,768,image/jpeg,song-jacket,primary-resolution candidate,arcaea:dualdependency:default,1080_base,,false,filename base/1080_base; _256 retained as APK rendition candidate,high
dualdependency,475,Dual Dependency,"{""en"":""Dual Dependency""}",seatrus,anima,,1753315203,0,dl_dualdependency,default,,,,,,,,assets/songs/dl_dualdependency/1080_base_256.jpg,c2b58dcad54203645057a859524789f59cfd5ca13613b610d04ad087b58aac90,caf1ba8b6cf227198b4c5bd0088c7305e5f2c1bc93b8e997d1afb4c84395149d,107146,384,384,image/jpeg,song-jacket,low-resolution/derived candidate,arcaea:dualdependency:default,1080_base,,true,filename base/1080_base; _256 retained as APK rendition candidate,high
dualdoom,409,Dual Doom Deathmatch,"{""en"":""Dual Doom Deathmatch""}",Kobaryo vs HyuN,rotaeno,,1724889602,1,dl_dualdoom,default,,,,,,,,assets/songs/dl_dualdoom/1080_base.jpg,c2b58dcad54203645057a859524789f59cfd5ca13613b610d04ad087b58aac90,8a178190f8e96d42ed88653b470dd087d4e7647125661f82f67b602c31b34778,411802,768,768,image/jpeg,song-jacket,primary-resolution candidate,arcaea:dualdoom:default,1080_base,,false,filename base/1080_base; _256 retained as APK rendition candidate,high
dualdoom,409,Dual Doom Deathmatch,"{""en"":""Dual Doom Deathmatch""}",Kobaryo vs HyuN,rotaeno,,1724889602,1,dl_dualdoom,default,,,,,,,,assets/songs/dl_dualdoom/1080_base_256.jpg,c2b58dcad54203645057a859524789f59cfd5ca13613b610d04ad087b58aac90,3fda721c34fdba774c92315d7475a659aa39286f083bb66753ba5b3478202a12,164754,384,384,image/jpeg,song-jacket,low-resolution/derived candidate,arcaea:dualdoom:default,1080_base,,true,filename base/1080_base; _256 retained as APK rendition candidate,high
dullblade,455,Dull Blade,"{""en"":""Dull Blade""}",stuv,single,,1745452801,1,dl_dullblade,default,,,,,,,,assets/songs/dl_dullblade/1080_base.jpg,c2b58dcad54203645057a859524789f59cfd5ca13613b610d04ad087b58aac90,46e67c943a5bdd35654c8ca3c97652f0c522bab0da760bad6db0814a177e69e7,210586,768,768,image/jpeg,song-jacket,primary-resolution candidate,arcaea:dullblade:default,1080_base,,false,filename base/1080_base; _256 retained as APK rendition candidate,high
dullblade,455,Dull Blade,"{""en"":""Dull Blade""}",stuv,single,,1745452801,1,dl_dullblade,default,,,,,,,,assets/songs/dl_dullblade/1080_base_256.jpg,c2b58dcad54203645057a859524789f59cfd5ca13613b610d04ad087b58aac90,817ab1c71cc84647816240aa9f85e46f9a684ca47f7576fc4d0b3305dd0d327a,75826,384,384,image/jpeg,song-jacket,low-resolution/derived candidate,arcaea:dullblade:default,1080_base,,true,filename base/1080_base; _256 retained as APK rendition candidate,high
dxfullmetal,107,DX Choseinou Full Metal Shojo,"{""ja"":""DX超性能フルメタル少女"",""en"":""DX Choseinou Full Metal Shojo""}",IOSYS TRAX (uno with.ちよこ),groovecoaster,,1546992001,0,dl_dxfullmetal,default,,,,,,,,assets/songs/dl_dxfullmetal/1080_base.jpg,c2b58dcad54203645057a859524789f59cfd5ca13613b610d04ad087b58aac90,34748ea9707066a602aee44dcadf7c9b19a15231db2803de5d6e94c5a4ff7ff0,426038,768,768,image/jpeg,song-jacket,primary-resolution candidate,arcaea:dxfullmetal:default,1080_base,,false,filename base/1080_base; _256 retained as APK rendition candidate,high
dxfullmetal,107,DX Choseinou Full Metal Shojo,"{""ja"":""DX超性能フルメタル少女"",""en"":""DX Choseinou Full Metal Shojo""}",IOSYS TRAX (uno with.ちよこ),groovecoaster,,1546992001,0,dl_dxfullmetal,default,,,,,,,,assets/songs/dl_dxfullmetal/1080_base_256.jpg,c2b58dcad54203645057a859524789f59cfd5ca13613b610d04ad087b58aac90,06a57d0d6bcfee166156717b62c58d28bc32e67bfd77d6ac995b5dbd53199586,121332,384,384,image/jpeg,song-jacket,low-resolution/derived candidate,arcaea:dxfullmetal:default,1080_base,,true,filename base/1080_base; _256 retained as APK rendition candidate,high
dynitikos,345,Dynitikós,"{""en"":""Dynitikós"",""ko_dialog"":""Dynitikos""}",Prower,extend_2,,1695772801,1,dl_dynitikos,default,,,,,,,,assets/songs/dl_dynitikos/1080_base.jpg,c2b58dcad54203645057a859524789f59cfd5ca13613b610d04ad087b58aac90,72b5e0fb7f64e1460f3112a477d2561485b29980a0849dfc1e157f745650c11d,276853,768,768,image/jpeg,song-jacket,primary-resolution candidate,arcaea:dynitikos:default,1080_base,,false,filename base/1080_base; _256 retained as APK rendition candidate,high
dynitikos,345,Dynitikós,"{""en"":""Dynitikós"",""ko_dialog"":""Dynitikos""}",Prower,extend_2,,1695772801,1,dl_dynitikos,default,,,,,,,,assets/songs/dl_dynitikos/1080_base_256.jpg,c2b58dcad54203645057a859524789f59cfd5ca13613b610d04ad087b58aac90,efe00a7d17cbc1af82fe8e134f6c359cd8b1d756add25f07e66aa10449fa405c,98611,384,384,image/jpeg,song-jacket,low-resolution/derived candidate,arcaea:dynitikos:default,1080_base,,true,filename base/1080_base; _256 retained as APK rendition candidate,high
eccentrictale,184,Eccentric Tale,"{""en"":""Eccentric Tale""}",Yamajet,alice,,1606953601,1,dl_eccentrictale,difficulty-specific,BYD,3,True,BYD,,,,assets/songs/dl_eccentrictale/1080_3.jpg,c2b58dcad54203645057a859524789f59cfd5ca13613b610d04ad087b58aac90,323b4333f1b13a939da1c4598dae865372bc3ee081aed34291ce910ab5d90219,299252,768,768,image/jpeg,song-jacket,primary-resolution candidate,arcaea:eccentrictale:difficulty:BYD,1080_3,,false,numeric suffix=3; filename-to-ratingClass mapping is a candidate; jacketOverride=True,high
eccentrictale,184,Eccentric Tale,"{""en"":""Eccentric Tale""}",Yamajet,alice,,1606953601,1,dl_eccentrictale,difficulty-specific,BYD,3,True,BYD,,,,assets/songs/dl_eccentrictale/1080_3_256.jpg,c2b58dcad54203645057a859524789f59cfd5ca13613b610d04ad087b58aac90,7687eba7f7a42896584b6e63214cb70a57b6a1d58e94754eb5f8ce8bc137fc70,81490,384,384,image/jpeg,song-jacket,low-resolution/derived candidate,arcaea:eccentrictale:difficulty:BYD,1080_3,,true,numeric suffix=3; filename-to-ratingClass mapping is a candidate; jacketOverride=True,high
eccentrictale,184,Eccentric Tale,"{""en"":""Eccentric Tale""}",Yamajet,alice,,1606953601,1,dl_eccentrictale,default,,,,BYD,,,,assets/songs/dl_eccentrictale/1080_base.jpg,c2b58dcad54203645057a859524789f59cfd5ca13613b610d04ad087b58aac90,789ed421fcffad2f3809ca5135b1831fb2e9edda28d33cff6e62639a465a20ec,256493,768,768,image/jpeg,song-jacket,primary-resolution candidate,arcaea:eccentrictale:default,1080_base,,false,filename base/1080_base; _256 retained as APK rendition candidate,high
eccentrictale,184,Eccentric Tale,"{""en"":""Eccentric Tale""}",Yamajet,alice,,1606953601,1,dl_eccentrictale,default,,,,BYD,,,,assets/songs/dl_eccentrictale/1080_base_256.jpg,c2b58dcad54203645057a859524789f59cfd5ca13613b610d04ad087b58aac90,f54dff972b27bcdb07ce5ad620ba92420ee9ce22c504777713fc0df60bcc79f5,67386,384,384,image/jpeg,song-jacket,low-resolution/derived candidate,arcaea:eccentrictale:default,1080_base,,true,filename base/1080_base; _256 retained as APK rendition candidate,high
edenwacca,360,eden,"{""en"":""eden""}","""漆黒""の堕天使《Gram》†Versus†""聖刻""の熾天使《Gram》",wacca_append_1,,1701302403,1,dl_edenwacca,default,,,,,,,,assets/songs/dl_edenwacca/1080_base.jpg,c2b58dcad54203645057a859524789f59cfd5ca13613b610d04ad087b58aac90,6b4a9f0a150971727cf51aee40120c06e6db613e10fe70333bdb1dd5a296d3b6,214919,768,768,image/jpeg,song-jacket,primary-resolution candidate,arcaea:edenwacca:default,1080_base,,false,filename base/1080_base; _256 retained as APK rendition candidate,high
edenwacca,360,eden,"{""en"":""eden""}","""漆黒""の堕天使《Gram》†Versus†""聖刻""の熾天使《Gram》",wacca_append_1,,1701302403,1,dl_edenwacca,default,,,,,,,,assets/songs/dl_edenwacca/1080_base_256.jpg,c2b58dcad54203645057a859524789f59cfd5ca13613b610d04ad087b58aac90,f545b26c64b848f21b9b9e509c850be6da5b2807b49fb591f1360138c15051d7,50728,384,384,image/jpeg,song-jacket,low-resolution/derived candidate,arcaea:edenwacca:default,1080_base,,true,filename base/1080_base; _256 retained as APK rendition candidate,high
egoeimi,351,Ego Eimi,"{""en"":""Ego Eimi""}",BlackY feat. Risa Yuzuki,eden_append_1,,1695772807,1,dl_egoeimi,default,,,,,,,,assets/songs/dl_egoeimi/1080_base.jpg,c2b58dcad54203645057a859524789f59cfd5ca13613b610d04ad087b58aac90,2b39c1c2803e420137b64c390dc50829eda6af4880cba6958bbf23491b3c59c2,145137,768,768,image/jpeg,song-jacket,primary-resolution candidate,arcaea:egoeimi:default,1080_base,,false,filename base/1080_base; _256 retained as APK rendition candidate,high
egoeimi,351,Ego Eimi,"{""en"":""Ego Eimi""}",BlackY feat. Risa Yuzuki,eden_append_1,,1695772807,1,dl_egoeimi,default,,,,,,,,assets/songs/dl_egoeimi/1080_base_256.jpg,c2b58dcad54203645057a859524789f59cfd5ca13613b610d04ad087b58aac90,d932514e0df43b740f25f13f0341541c80f4a0d81bf087a72649a581cce71232,60942,384,384,image/jpeg,song-jacket,low-resolution/derived candidate,arcaea:egoeimi:default,1080_base,,true,filename base/1080_base; _256 retained as APK rendition candidate,high
eightem,437,8-EM,"{""en"":""8-EM""}",Sampling Masters AYA,chunithm_append_3,,1734566402,1,dl_eightem,default,,,,,,,,assets/songs/dl_eightem/1080_base.jpg,c2b58dcad54203645057a859524789f59cfd5ca13613b610d04ad087b58aac90,9cf640a2fdbea6e55fcb2f3206d980e05b13626109f37041b2d0de044bb7e203,424772,768,768,image/jpeg,song-jacket,primary-resolution candidate,arcaea:eightem:default,1080_base,,false,filename base/1080_base; _256 retained as APK rendition candidate,high
eightem,437,8-EM,"{""en"":""8-EM""}",Sampling Masters AYA,chunithm_append_3,,1734566402,1,dl_eightem,default,,,,,,,,assets/songs/dl_eightem/1080_base_256.jpg,c2b58dcad54203645057a859524789f59cfd5ca13613b610d04ad087b58aac90,58165f7e58abb58e5dc08a1a21d05a546d41db3eb83e439f965a3e4e96eaffc6,131738,384,384,image/jpeg,song-jacket,low-resolution/derived candidate,arcaea:eightem:default,1080_base,,true,filename base/1080_base; _256 retained as APK rendition candidate,high
einherjar,147,Einherjar Joker,"{""en"":""Einherjar Joker""}",DJ Genki vs Gram,single,,1579478401,1,dl_einherjar,difficulty-specific,BYD,3,True,BYD,,,,assets/songs/dl_einherjar/1080_3.jpg,c2b58dcad54203645057a859524789f59cfd5ca13613b610d04ad087b58aac90,07ac63328de1c8e4a5498a2cc5f53828c0f5298060a88af463fc5ae242fb6f77,272468,768,768,image/jpeg,song-jacket,primary-resolution candidate,arcaea:einherjar:difficulty:BYD,1080_3,,false,numeric suffix=3; filename-to-ratingClass mapping is a candidate; jacketOverride=True,high
einherjar,147,Einherjar Joker,"{""en"":""Einherjar Joker""}",DJ Genki vs Gram,single,,1579478401,1,dl_einherjar,difficulty-specific,BYD,3,True,BYD,,,,assets/songs/dl_einherjar/1080_3_256.jpg,c2b58dcad54203645057a859524789f59cfd5ca13613b610d04ad087b58aac90,fd80de40409b932965d1a9cd2512e745896dd1250d64999d584191c0083e95aa,104148,384,384,image/jpeg,song-jacket,low-resolution/derived candidate,arcaea:einherjar:difficulty:BYD,1080_3,,true,numeric suffix=3; filename-to-ratingClass mapping is a candidate; jacketOverride=True,high
einherjar,147,Einherjar Joker,"{""en"":""Einherjar Joker""}",DJ Genki vs Gram,single,,1579478401,1,dl_einherjar,default,,,,BYD,,,,assets/songs/dl_einherjar/1080_base.jpg,c2b58dcad54203645057a859524789f59cfd5ca13613b610d04ad087b58aac90,cf26c12ce31719ec754c4a7cd7aec8a9504ea4595a7afa29a45b17a97e17826a,247602,768,768,image/jpeg,song-jacket,primary-resolution candidate,arcaea:einherjar:default,1080_base,,false,filename base/1080_base; _256 retained as APK rendition candidate,high
einherjar,147,Einherjar Joker,"{""en"":""Einherjar Joker""}",DJ Genki vs Gram,single,,1579478401,1,dl_einherjar,default,,,,BYD,,,,assets/songs/dl_einherjar/1080_base_256.jpg,c2b58dcad54203645057a859524789f59cfd5ca13613b610d04ad087b58aac90,0d798717c6b36c7efb33d3d0a32501d7bbda6309c93d7c36217ab2899b2ee985,67269,384,384,image/jpeg,song-jacket,low-resolution/derived candidate,arcaea:einherjar:default,1080_base,,true,filename base/1080_base; _256 retained as APK rendition candidate,high
empireofwinter,105,Empire of Winter,"{""en"":""Empire of Winter""}",Street,single,,1545523200,0,dl_empireofwinter,default,,,,,,,,assets/songs/dl_empireofwinter/1080_base.jpg,c2b58dcad54203645057a859524789f59cfd5ca13613b610d04ad087b58aac90,1f6b45c0b8974c0246fd10e9f6674f0953dae08f9c22e828a2894a14d160981e,352101,768,768,image/jpeg,song-jacket,primary-resolution candidate,arcaea:empireofwinter:default,1080_base,,false,filename base/1080_base; _256 retained as APK rendition candidate,high
empireofwinter,105,Empire of Winter,"{""en"":""Empire of Winter""}",Street,single,,1545523200,0,dl_empireofwinter,default,,,,,,,,assets/songs/dl_empireofwinter/1080_base_256.jpg,c2b58dcad54203645057a859524789f59cfd5ca13613b610d04ad087b58aac90,5735626c43d1e0910fce471dd369107443b61483b1a0c0bfadc4c801dbfe2f43,91251,384,384,image/jpeg,song-jacket,low-resolution/derived candidate,arcaea:empireofwinter:default,1080_base,,true,filename base/1080_base; _256 retained as APK rendition candidate,high
enchantedlove,204,enchanted love,"{""en"":""enchanted love""}",linear ring,extend,,1613001600,0,dl_enchantedlove,default,,,,,,,,assets/songs/dl_enchantedlove/1080_base.jpg,c2b58dcad54203645057a859524789f59cfd5ca13613b610d04ad087b58aac90,ecef9049c5e40837160b647c789a3ac336c4924d145ca72410bc11cd87fcd8d1,97291,768,768,image/jpeg,song-jacket,primary-resolution candidate,arcaea:enchantedlove:default,1080_base,,false,filename base/1080_base; _256 retained as APK rendition candidate,high
enchantedlove,204,enchanted love,"{""en"":""enchanted love""}",linear ring,extend,,1613001600,0,dl_enchantedlove,default,,,,,,,,assets/songs/dl_enchantedlove/1080_base_256.jpg,c2b58dcad54203645057a859524789f59cfd5ca13613b610d04ad087b58aac90,56e5e3b57e54fc1d102525a32472beaa21c43c15abdcf7080ae00161ebf016ef,35114,384,384,image/jpeg,song-jacket,low-resolution/derived candidate,arcaea:enchantedlove:default,1080_base,,true,filename base/1080_base; _256 retained as APK rendition candidate,high
endmoonlight,459,End of The Moonlight,"{""en"":""End of The Moonlight""}",Forte Escape,djmax,,1747872003,1,dl_endmoonlight,default,,,,,,,,assets/songs/dl_endmoonlight/1080_base.jpg,c2b58dcad54203645057a859524789f59cfd5ca13613b610d04ad087b58aac90,1cc3bbb8561de9b780895fbf768c0797c8e1d7c004b6a21cecabfd56b7bd1d4d,198294,768,768,image/jpeg,song-jacket,primary-resolution candidate,arcaea:endmoonlight:default,1080_base,,false,filename base/1080_base; _256 retained as APK rendition candidate,high
endmoonlight,459,End of The Moonlight,"{""en"":""End of The Moonlight""}",Forte Escape,djmax,,1747872003,1,dl_endmoonlight,default,,,,,,,,assets/songs/dl_endmoonlight/1080_base_256.jpg,c2b58dcad54203645057a859524789f59cfd5ca13613b610d04ad087b58aac90,d1141cefe6dc71daf4fc07ecce0675de40b41791811d9b910bac0cd664edba65,94326,384,384,image/jpeg,song-jacket,low-resolution/derived candidate,arcaea:endmoonlight:default,1080_base,,true,filename base/1080_base; _256 retained as APK rendition candidate,high
energysynergymatrix,235,ENERGY SYNERGY MATRIX,"{""en"":""ENERGY SYNERGY MATRIX""}",Tanchiky,extend,,1631059200,1,dl_energysynergymatrix,default,,,,,,,,assets/songs/dl_energysynergymatrix/1080_base.jpg,c2b58dcad54203645057a859524789f59cfd5ca13613b610d04ad087b58aac90,a35af40f9af97055d330d2ff72428304111559768c04c6fa6dd02c28f4e33ba2,274936,768,768,image/jpeg,song-jacket,primary-resolution candidate,arcaea:energysynergymatrix:default,1080_base,,false,filename base/1080_base; _256 retained as APK rendition candidate,high
energysynergymatrix,235,ENERGY SYNERGY MATRIX,"{""en"":""ENERGY SYNERGY MATRIX""}",Tanchiky,extend,,1631059200,1,dl_energysynergymatrix,default,,,,,,,,assets/songs/dl_energysynergymatrix/1080_base_256.jpg,c2b58dcad54203645057a859524789f59cfd5ca13613b610d04ad087b58aac90,4d2757d9efdb99550fa6fa4d4ecac17c3bea8f213dae7cfb6e132f1b6a63936b,87800,384,384,image/jpeg,song-jacket,low-resolution/derived candidate,arcaea:energysynergymatrix:default,1080_base,,true,filename base/1080_base; _256 retained as APK rendition candidate,high
epitaxy,407,epitaxy,"{""en"":""epitaxy""}",Camellia,extend_3,,1724889600,0,dl_epitaxy,default,,,,,,,,assets/songs/dl_epitaxy/1080_base.jpg,c2b58dcad54203645057a859524789f59cfd5ca13613b610d04ad087b58aac90,fc3a941d860cbbb056d3bf9cc3376d279137c6ed16a086603a9b6f3ac335daa2,241479,768,768,image/jpeg,song-jacket,primary-resolution candidate,arcaea:epitaxy:default,1080_base,,false,filename base/1080_base; _256 retained as APK rendition candidate,high
epitaxy,407,epitaxy,"{""en"":""epitaxy""}",Camellia,extend_3,,1724889600,0,dl_epitaxy,default,,,,,,,,assets/songs/dl_epitaxy/1080_base_256.jpg,c2b58dcad54203645057a859524789f59cfd5ca13613b610d04ad087b58aac90,fa74542c1bdc88565dadf9c8eeab4d5f35a3f2b90b1f33e1f6450260802dd4b9,96325,384,384,image/jpeg,song-jacket,low-resolution/derived candidate,arcaea:epitaxy:default,1080_base,,true,filename base/1080_base; _256 retained as APK rendition candidate,high
equilibrium,155,Equilibrium,"{""en"":""Equilibrium""}",Maozon,vs,,1590537600,0,dl_equilibrium,default,,,,,,,,assets/songs/dl_equilibrium/1080_base.jpg,c2b58dcad54203645057a859524789f59cfd5ca13613b610d04ad087b58aac90,6a2d833ed2b34df3d0f126404e6aaa1ca0923d59964f2fc4b78ad97f3eaa1295,275083,768,768,image/jpeg,song-jacket,primary-resolution candidate,arcaea:equilibrium:default,1080_base,,false,filename base/1080_base; _256 retained as APK rendition candidate,high
equilibrium,155,Equilibrium,"{""en"":""Equilibrium""}",Maozon,vs,,1590537600,0,dl_equilibrium,default,,,,,,,,assets/songs/dl_equilibrium/1080_base_256.jpg,c2b58dcad54203645057a859524789f59cfd5ca13613b610d04ad087b58aac90,b1028c446313d1e1c1f6ade4c99a0b84c6e6ade75d64b7bf1552c9e4c0bbc80e,78596,384,384,image/jpeg,song-jacket,low-resolution/derived candidate,arcaea:equilibrium:default,1080_base,,true,filename base/1080_base; _256 retained as APK rendition candidate,high
espebranch,94,LunarOrbit -believe in the Espebranch road-,"{""ja"":""白道、多希望羊と信じありく。"",""en"":""LunarOrbit -believe in the Espebranch road-""}",Apo11o program ft. 大瀬良あい,base,,1535673600,1,dl_espebranch,default,,,,,,,,assets/songs/dl_espebranch/1080_base.jpg,c2b58dcad54203645057a859524789f59cfd5ca13613b610d04ad087b58aac90,4eba0b4948e81389d36a7a8e44d81796b1ae02d989ce05a9796fa31af0e5c541,441882,768,768,image/jpeg,song-jacket,primary-resolution candidate,arcaea:espebranch:default,1080_base,,false,filename base/1080_base; _256 retained as APK rendition candidate,high
espebranch,94,LunarOrbit -believe in the Espebranch road-,"{""ja"":""白道、多希望羊と信じありく。"",""en"":""LunarOrbit -believe in the Espebranch road-""}",Apo11o program ft. 大瀬良あい,base,,1535673600,1,dl_espebranch,default,,,,,,,,assets/songs/dl_espebranch/1080_base_256.jpg,c2b58dcad54203645057a859524789f59cfd5ca13613b610d04ad087b58aac90,c9a0a60722815d03f65b97fd8f8ac641d1a132833a9f7ca6d2d922a8eccc1561,115991,384,384,image/jpeg,song-jacket,low-resolution/derived candidate,arcaea:espebranch:default,1080_base,,true,filename base/1080_base; _256 retained as APK rendition candidate,high
essenceoftwilight,14,Essence of Twilight,"{""en"":""Essence of Twilight""}",ak+q,core,,1487980816,1,dl_essenceoftwilight,default,,,,,,,,assets/songs/dl_essenceoftwilight/base.jpg,c2b58dcad54203645057a859524789f59cfd5ca13613b610d04ad087b58aac90,c87b336212e5d1650d433e97157a7c6d13b7bddc442543dadf34ea2d2451a5a0,93887,512,512,image/jpeg,song-jacket,primary-resolution candidate,arcaea:essenceoftwilight:default,base,,false,filename base/1080_base; _256 retained as APK rendition candidate,high
essenceoftwilight,14,Essence of Twilight,"{""en"":""Essence of Twilight""}",ak+q,core,,1487980816,1,dl_essenceoftwilight,default,,,,,,,,assets/songs/dl_essenceoftwilight/base_256.jpg,c2b58dcad54203645057a859524789f59cfd5ca13613b610d04ad087b58aac90,46f70df37426265e707293d7831cf51eecadb00cb195973a8847a88212667a33,26753,256,256,image/jpeg,song-directory-image,low-resolution/derived candidate,arcaea:essenceoftwilight:default,base,,true,filename base/1080_base; _256 retained as APK rendition candidate,high
eternitybreak,485,Eternity Break,"{""en"":""Eternity Break""}",Puru,single,,1758758400,1,dl_eternitybreak,default,,,,,,,,assets/songs/dl_eternitybreak/1080_base.jpg,c2b58dcad54203645057a859524789f59cfd5ca13613b610d04ad087b58aac90,d406ddf5bc77b08f6af51ec8d880ce3460b06b77fd6245d61bd2c8beb5075ef6,319552,768,768,image/jpeg,song-jacket,primary-resolution candidate,arcaea:eternitybreak:default,1080_base,,false,filename base/1080_base; _256 retained as APK rendition candidate,high
eternitybreak,485,Eternity Break,"{""en"":""Eternity Break""}",Puru,single,,1758758400,1,dl_eternitybreak,default,,,,,,,,assets/songs/dl_eternitybreak/1080_base_256.jpg,c2b58dcad54203645057a859524789f59cfd5ca13613b610d04ad087b58aac90,9bbfd1032b6ae99c1c2205da6b5ce67b58d9c61b60fccf5e0b8f4ef88340c42c,90056,384,384,image/jpeg,song-jacket,low-resolution/derived candidate,arcaea:eternitybreak:default,1080_base,,true,filename base/1080_base; _256 retained as APK rendition candidate,high
etherstrike,86,Ether Strike,"{""en"":""Ether Strike""}",Akira Complex,rei,,1531699207,0,dl_etherstrike,default,,,,,,,,assets/songs/dl_etherstrike/1080_base.jpg,c2b58dcad54203645057a859524789f59cfd5ca13613b610d04ad087b58aac90,7c38bc5b7d24aa26feed497ad7ddbe914c4a59af29f1d2d0749949edb58426ac,349672,768,768,image/jpeg,song-jacket,primary-resolution candidate,arcaea:etherstrike:default,1080_base,,false,filename base/1080_base; _256 retained as APK rendition candidate,high
etherstrike,86,Ether Strike,"{""en"":""Ether Strike""}",Akira Complex,rei,,1531699207,0,dl_etherstrike,default,,,,,,,,assets/songs/dl_etherstrike/1080_base_256.jpg,c2b58dcad54203645057a859524789f59cfd5ca13613b610d04ad087b58aac90,816fc715507c35cc4d4e3b7922e03169805a52fb68a7e556e3c6a4cf326c2160,76660,384,384,image/jpeg,song-jacket,low-resolution/derived candidate,arcaea:etherstrike:default,1080_base,,true,filename base/1080_base; _256 retained as APK rendition candidate,high
eveninginscarlet,233,Evening in Scarlet,"{""en"":""Evening in Scarlet"",""ja"":""緋纏いの宵""}",Freezer feat.妃苺,single,,1629849600,1,dl_eveninginscarlet,default,,,,,,,,assets/songs/dl_eveninginscarlet/1080_base.jpg,c2b58dcad54203645057a859524789f59cfd5ca13613b610d04ad087b58aac90,47bcb24a5fcd4685ada2777473b14f5f4a2bbbb6dec2f6a69ac644e748b950ff,403538,768,768,image/jpeg,song-jacket,primary-resolution candidate,arcaea:eveninginscarlet:default,1080_base,,false,filename base/1080_base; _256 retained as APK rendition candidate,high
eveninginscarlet,233,Evening in Scarlet,"{""en"":""Evening in Scarlet"",""ja"":""緋纏いの宵""}",Freezer feat.妃苺,single,,1629849600,1,dl_eveninginscarlet,default,,,,,,,,assets/songs/dl_eveninginscarlet/1080_base_256.jpg,c2b58dcad54203645057a859524789f59cfd5ca13613b610d04ad087b58aac90,c142855a48ea244ec211480e369005c7a805497882f23d402bfb4219b090f62b,99083,384,384,image/jpeg,song-jacket,low-resolution/derived candidate,arcaea:eveninginscarlet:default,1080_base,,true,filename base/1080_base; _256 retained as APK rendition candidate,high
evoltex,36,Evoltex (poppi'n mix),"{""en"":""Evoltex (poppi'n mix)""}",Arch vs n3pu,dynamix,,1498176003,0,dl_evoltex,default,,,,,,,,assets/songs/dl_evoltex/1080_base.jpg,c2b58dcad54203645057a859524789f59cfd5ca13613b610d04ad087b58aac90,0ca6624fea846baf63375b33011b996571dbca55e2937c17eb5e0f740b1f05e8,397599,768,768,image/jpeg,song-jacket,primary-resolution candidate,arcaea:evoltex:default,1080_base,,false,filename base/1080_base; _256 retained as APK rendition candidate,high
evoltex,36,Evoltex (poppi'n mix),"{""en"":""Evoltex (poppi'n mix)""}",Arch vs n3pu,dynamix,,1498176003,0,dl_evoltex,default,,,,,,,,assets/songs/dl_evoltex/1080_base_256.jpg,c2b58dcad54203645057a859524789f59cfd5ca13613b610d04ad087b58aac90,df62f15e5260a94f754ad7dcb7ec186e41c4f620ef89b87c6aeb454adad38a38,125487,384,384,image/jpeg,song-jacket,low-resolution/derived candidate,arcaea:evoltex:default,1080_base,,true,filename base/1080_base; _256 retained as APK rendition candidate,high
extradimensional,477,Extradimensional Cosmic Phenomenon,"{""en"":""Extradimensional Cosmic Phenomenon"",""ja"":""多次元宇宙融合論""}",TAKIO feat. つぐ,anima,,1753315205,1,dl_extradimensional,default,,,,,,,,assets/songs/dl_extradimensional/1080_base.jpg,c2b58dcad54203645057a859524789f59cfd5ca13613b610d04ad087b58aac90,e896b8315991d1fc312494d1bc504166d84971f8012a50a8344532bacf73c195,442076,768,768,image/jpeg,song-jacket,primary-resolution candidate,arcaea:extradimensional:default,1080_base,,false,filename base/1080_base; _256 retained as APK rendition candidate,high
extradimensional,477,Extradimensional Cosmic Phenomenon,"{""en"":""Extradimensional Cosmic Phenomenon"",""ja"":""多次元宇宙融合論""}",TAKIO feat. つぐ,anima,,1753315205,1,dl_extradimensional,default,,,,,,,,assets/songs/dl_extradimensional/1080_base_256.jpg,c2b58dcad54203645057a859524789f59cfd5ca13613b610d04ad087b58aac90,dc5533884d6f760e6df469896372c8a1ad60150ece44de6a96ac8ecc59c706db,126229,384,384,image/jpeg,song-jacket,low-resolution/derived candidate,arcaea:extradimensional:default,1080_base,,true,filename base/1080_base; _256 retained as APK rendition candidate,high
factorder,479,Factorder,"{""en"":""Factorder""}",瀬名 feat. 梨雛,anima_append_1,,1755734401,1,dl_factorder,default,,,,,,,,assets/songs/dl_factorder/1080_base.jpg,c2b58dcad54203645057a859524789f59cfd5ca13613b610d04ad087b58aac90,3662be43b097fafb7d4a9b12f9ea1cec60338245b7e6e4f2b71f3bf6107a61f7,493759,768,768,image/jpeg,song-jacket,primary-resolution candidate,arcaea:factorder:default,1080_base,,false,filename base/1080_base; _256 retained as APK rendition candidate,high
factorder,479,Factorder,"{""en"":""Factorder""}",瀬名 feat. 梨雛,anima_append_1,,1755734401,1,dl_factorder,default,,,,,,,,assets/songs/dl_factorder/1080_base_256.jpg,c2b58dcad54203645057a859524789f59cfd5ca13613b610d04ad087b58aac90,f4dad4023a5fdc3e4f65a4edd6b3de210608be054a388ad0b9281d9a54361695,135580,384,384,image/jpeg,song-jacket,low-resolution/derived candidate,arcaea:factorder:default,1080_base,,true,filename base/1080_base; _256 retained as APK rendition candidate,high
faintlight,169,Faint Light (Arcaea Edit),"{""en"":""Faint Light (Arcaea Edit)""}",Taishi,extend,,1594166400,0,dl_faintlight,default,,,,,,,,assets/songs/dl_faintlight/1080_base.jpg,c2b58dcad54203645057a859524789f59cfd5ca13613b610d04ad087b58aac90,1b5894f886141c9990d7d1de69a6187a1eb9baebde7f751623f2be18225ac59e,215264,768,768,image/jpeg,song-jacket,primary-resolution candidate,arcaea:faintlight:default,1080_base,,false,filename base/1080_base; _256 retained as APK rendition candidate,high
faintlight,169,Faint Light (Arcaea Edit),"{""en"":""Faint Light (Arcaea Edit)""}",Taishi,extend,,1594166400,0,dl_faintlight,default,,,,,,,,assets/songs/dl_faintlight/1080_base_256.jpg,c2b58dcad54203645057a859524789f59cfd5ca13613b610d04ad087b58aac90,90495acf321ba5cc4ac2764bdc95ff7ffe8af9a2460c62139f2ba4f7bb6cb546,55705,384,384,image/jpeg,song-jacket,low-resolution/derived candidate,arcaea:faintlight:default,1080_base,,true,filename base/1080_base; _256 retained as APK rendition candidate,high
fallensquare,92,Fallensquare,"{""en"":""Fallensquare""}",Silentroom,single,,1533859202,1,dl_fallensquare,default,,,,,,,,assets/songs/dl_fallensquare/1080_base.jpg,c2b58dcad54203645057a859524789f59cfd5ca13613b610d04ad087b58aac90,27f8564a5416d301c290d67bf627e3c0f5e8f7773808922cc2b74a31eace4fde,149297,768,768,image/jpeg,song-jacket,primary-resolution candidate,arcaea:fallensquare:default,1080_base,,false,filename base/1080_base; _256 retained as APK rendition candidate,high
fallensquare,92,Fallensquare,"{""en"":""Fallensquare""}",Silentroom,single,,1533859202,1,dl_fallensquare,default,,,,,,,,assets/songs/dl_fallensquare/1080_base_256.jpg,c2b58dcad54203645057a859524789f59cfd5ca13613b610d04ad087b58aac90,656c4fdb7eadf09666ec05a7d8331bf62b73a20310399afe7ef9f663882859b7,39718,384,384,image/jpeg,song-jacket,low-resolution/derived candidate,arcaea:fallensquare:default,1080_base,,true,filename base/1080_base; _256 retained as APK rendition candidate,high
fantasy,353,FANTA5Y,"{""en"":""FANTA5Y""}",Moon Jelly & YUKIYANAGI,extend_2,,1698278400,0,dl_fantasy,default,,,,,,,,assets/songs/dl_fantasy/1080_base.jpg,c2b58dcad54203645057a859524789f59cfd5ca13613b610d04ad087b58aac90,972b93b609d57969628e2eac52b9a1dc980692b92c2d2829534048f9d4fb80e8,179539,768,768,image/jpeg,song-jacket,primary-resolution candidate,arcaea:fantasy:default,1080_base,,false,filename base/1080_base; _256 retained as APK rendition candidate,high
fantasy,353,FANTA5Y,"{""en"":""FANTA5Y""}",Moon Jelly & YUKIYANAGI,extend_2,,1698278400,0,dl_fantasy,default,,,,,,,,assets/songs/dl_fantasy/1080_base_256.jpg,c2b58dcad54203645057a859524789f59cfd5ca13613b610d04ad087b58aac90,7fe9b9aa559719598ae11d8682491520f9e560643122ffaa417566bfb0afb8c8,77615,384,384,image/jpeg,song-jacket,low-resolution/derived candidate,arcaea:fantasy:default,1080_base,,true,filename base/1080_base; _256 retained as APK rendition candidate,high
farawaylight,211,Far Away Light,"{""en"":""Far Away Light""}",technoplanet feat. はるの & 黒沢ダイスケ,observer,,1620691202,0,dl_farawaylight,default,,,,,,,,assets/songs/dl_farawaylight/1080_base.jpg,c2b58dcad54203645057a859524789f59cfd5ca13613b610d04ad087b58aac90,8f8de472943fc72fafc41d356b5aa593ee1bb59b81573cb1d5f5d0a1d9c6b69e,350906,768,768,image/jpeg,song-jacket,primary-resolution candidate,arcaea:farawaylight:default,1080_base,,false,filename base/1080_base; _256 retained as APK rendition candidate,high
farawaylight,211,Far Away Light,"{""en"":""Far Away Light""}",technoplanet feat. はるの & 黒沢ダイスケ,observer,,1620691202,0,dl_farawaylight,default,,,,,,,,assets/songs/dl_farawaylight/1080_base_256.jpg,c2b58dcad54203645057a859524789f59cfd5ca13613b610d04ad087b58aac90,6744eda86b5a355f1efdff29db010119b470a2189a2b478f2a411021f42fd4ba,94770,384,384,image/jpeg,song-jacket,low-resolution/derived candidate,arcaea:farawaylight:default,1080_base,,true,filename base/1080_base; _256 retained as APK rendition candidate,high
feelssoright,170,Feels So Right feat. Renko,"{""en"":""Feels So Right feat. Renko""}",Mysteka,single,,1594166401,0,dl_feelssoright,default,,,,,,,,assets/songs/dl_feelssoright/1080_base.jpg,c2b58dcad54203645057a859524789f59cfd5ca13613b610d04ad087b58aac90,60de200d18ab8df6d89c46a8dd9bf9f9f5361e8482d8db1cfcb020a8c47546da,174916,768,768,image/jpeg,song-jacket,primary-resolution candidate,arcaea:feelssoright:default,1080_base,,false,filename base/1080_base; _256 retained as APK rendition candidate,high
feelssoright,170,Feels So Right feat. Renko,"{""en"":""Feels So Right feat. Renko""}",Mysteka,single,,1594166401,0,dl_feelssoright,default,,,,,,,,assets/songs/dl_feelssoright/1080_base_256.jpg,c2b58dcad54203645057a859524789f59cfd5ca13613b610d04ad087b58aac90,b4fa637cc91340c1dd79829bf62e7163a421f16beca72f11f944663b360f64f8,49527,384,384,image/jpeg,song-jacket,low-resolution/derived candidate,arcaea:feelssoright:default,1080_base,,true,filename base/1080_base; _256 retained as APK rendition candidate,high
felis,187,Felis,"{""en"":""Felis""}",M2U,alice,,1606953604,0,dl_felis,default,,,,,,,,assets/songs/dl_felis/1080_base.jpg,c2b58dcad54203645057a859524789f59cfd5ca13613b610d04ad087b58aac90,3224b4dfc36cf81be925e861b56eba55a4140c3fa5dc5beb50905aa09794938d,337071,768,768,image/jpeg,song-jacket,primary-resolution candidate,arcaea:felis:default,1080_base,,false,filename base/1080_base; _256 retained as APK rendition candidate,high
felis,187,Felis,"{""en"":""Felis""}",M2U,alice,,1606953604,0,dl_felis,default,,,,,,,,assets/songs/dl_felis/1080_base_256.jpg,c2b58dcad54203645057a859524789f59cfd5ca13613b610d04ad087b58aac90,1cee97c88a09a89a3df9b9af1d3329977565053bcf9c81ee37880f582aa3947c,89476,384,384,image/jpeg,song-jacket,low-resolution/derived candidate,arcaea:felis:default,1080_base,,true,filename base/1080_base; _256 retained as APK rendition candidate,high
felys,365,felys final remix,"{""en"":""felys final remix""}",onoken,extend_2,,1703116801,1,dl_felys,default,,,,,,,,assets/songs/dl_felys/1080_base.jpg,c2b58dcad54203645057a859524789f59cfd5ca13613b610d04ad087b58aac90,94e0166d9e9cd46c36bb7bea8f6362fbfeae35b610ab806847367c09e0d10f33,235856,768,768,image/jpeg,song-jacket,primary-resolution candidate,arcaea:felys:default,1080_base,,false,filename base/1080_base; _256 retained as APK rendition candidate,high
felys,365,felys final remix,"{""en"":""felys final remix""}",onoken,extend_2,,1703116801,1,dl_felys,default,,,,,,,,assets/songs/dl_felys/1080_base_256.jpg,c2b58dcad54203645057a859524789f59cfd5ca13613b610d04ad087b58aac90,6894d04d6f39eb424291d95cc6f591b4b3445dff754c3ee7939e24b47ef6bfef,65922,384,384,image/jpeg,song-jacket,low-resolution/derived candidate,arcaea:felys:default,1080_base,,true,filename base/1080_base; _256 retained as APK rendition candidate,high
filament,143,Filament,"{""en"":""Filament""}",Puru,single,,1574726400,0,dl_filament,default,,,,,,,,assets/songs/dl_filament/1080_base.jpg,c2b58dcad54203645057a859524789f59cfd5ca13613b610d04ad087b58aac90,70fafaa5ede27043d3cd3233be1cbc8dfb0d5dee2bac34d4facf5b5d66feac49,305727,768,768,image/jpeg,song-jacket,primary-resolution candidate,arcaea:filament:default,1080_base,,false,filename base/1080_base; _256 retained as APK rendition candidate,high
filament,143,Filament,"{""en"":""Filament""}",Puru,single,,1574726400,0,dl_filament,default,,,,,,,,assets/songs/dl_filament/1080_base_256.jpg,c2b58dcad54203645057a859524789f59cfd5ca13613b610d04ad087b58aac90,6aa7d3e6bcab922cbfc0e4c7fb5645f587a5bef373ead679a16620427468b8af,56308,384,384,image/jpeg,song-jacket,low-resolution/derived candidate,arcaea:filament:default,1080_base,,true,filename base/1080_base; _256 retained as APK rendition candidate,high
finalstep,250,Final Step!,"{""en"":""Final Step!""}",Lime,musedash,,1640304000,1,dl_finalstep,default,,,,,,,,assets/songs/dl_finalstep/1080_base.jpg,c2b58dcad54203645057a859524789f59cfd5ca13613b610d04ad087b58aac90,9d3b9d538d8bc68dddadbdcdfff2c621c60d0c236954c64fc6f2773aabd2c56d,186358,768,768,image/jpeg,song-jacket,primary-resolution candidate,arcaea:finalstep:default,1080_base,,false,filename base/1080_base; _256 retained as APK rendition candidate,high
finalstep,250,Final Step!,"{""en"":""Final Step!""}",Lime,musedash,,1640304000,1,dl_finalstep,default,,,,,,,,assets/songs/dl_finalstep/1080_base_256.jpg,c2b58dcad54203645057a859524789f59cfd5ca13613b610d04ad087b58aac90,50a3b05a15c9914a6e82748c936d4c7b43498821da0ee167f3614d2428d2c317,53883,384,384,image/jpeg,song-jacket,low-resolution/derived candidate,arcaea:finalstep:default,1080_base,,true,filename base/1080_base; _256 retained as APK rendition candidate,high
firstsnow,244,First Snow,"{""en"":""First Snow""}",黒魔,dividedheart,,1639008000,0,dl_firstsnow,default,,,,,,,,assets/songs/dl_firstsnow/1080_base.jpg,c2b58dcad54203645057a859524789f59cfd5ca13613b610d04ad087b58aac90,b3e03a61d62db6d29d8005d643b9c88b8fc6deaeb1d3f9e41019fb2c021ffc5f,323098,768,768,image/jpeg,song-jacket,primary-resolution candidate,arcaea:firstsnow:default,1080_base,,false,filename base/1080_base; _256 retained as APK rendition candidate,high
firstsnow,244,First Snow,"{""en"":""First Snow""}",黒魔,dividedheart,,1639008000,0,dl_firstsnow,default,,,,,,,,assets/songs/dl_firstsnow/1080_base_256.jpg,c2b58dcad54203645057a859524789f59cfd5ca13613b610d04ad087b58aac90,b21e7e938bd70f847f6e6d54027f8bf1757275b130b24965b740207eaaf22e6b,79790,384,384,image/jpeg,song-jacket,low-resolution/derived candidate,arcaea:firstsnow:default,1080_base,,true,filename base/1080_base; _256 retained as APK rendition candidate,high
flashback,24,Flashback,"{""en"":""Flashback""}",ARForest,shiawase,,1494547202,0,dl_flashback,default,,,,,,,,assets/songs/dl_flashback/1080_base.jpg,c2b58dcad54203645057a859524789f59cfd5ca13613b610d04ad087b58aac90,9bd223dfc41ff3c8c129ae7869566f1197c4d1cc4c56ca99ef408fc5b4bbb7c8,170796,768,768,image/jpeg,song-jacket,primary-resolution candidate,arcaea:flashback:default,1080_base,,false,filename base/1080_base; _256 retained as APK rendition candidate,high
flashback,24,Flashback,"{""en"":""Flashback""}",ARForest,shiawase,,1494547202,0,dl_flashback,default,,,,,,,,assets/songs/dl_flashback/1080_base_256.jpg,c2b58dcad54203645057a859524789f59cfd5ca13613b610d04ad087b58aac90,ece034113bb0948bf46538d5bb50ddd4d53d3e35fbbbb81285749990b11dfbdc,47788,384,384,image/jpeg,song-jacket,low-resolution/derived candidate,arcaea:flashback:default,1080_base,,true,filename base/1080_base; _256 retained as APK rendition candidate,high
flexidefine,533,flexidefine,"{""en"":""flexidefine""}",Lamanya,extend_4,,1779926401,1,dl_flexidefine,default,,,,,,,,assets/songs/dl_flexidefine/1080_base.jpg,c2b58dcad54203645057a859524789f59cfd5ca13613b610d04ad087b58aac90,f12f3b694a133d0e3ca9d23401a70da2c9282b904bb5a42007b8eb8dccd7c194,605330,768,768,image/jpeg,song-jacket,primary-resolution candidate,arcaea:flexidefine:default,1080_base,,false,filename base/1080_base; _256 retained as APK rendition candidate,high
flexidefine,533,flexidefine,"{""en"":""flexidefine""}",Lamanya,extend_4,,1779926401,1,dl_flexidefine,default,,,,,,,,assets/songs/dl_flexidefine/1080_base_256.jpg,c2b58dcad54203645057a859524789f59cfd5ca13613b610d04ad087b58aac90,86f26bd8c42665e3f43eab231dbd04f835baa691b9a93436e53379faf34f9125,192855,384,384,image/jpeg,song-jacket,low-resolution/derived candidate,arcaea:flexidefine:default,1080_base,,true,filename base/1080_base; _256 retained as APK rendition candidate,high
floatingworld,387,Floating World,"{""en"":""Floating World""}",baker feat. botan,single,,1714003202,0,dl_floatingworld,default,,,,,,,,assets/songs/dl_floatingworld/1080_base.jpg,c2b58dcad54203645057a859524789f59cfd5ca13613b610d04ad087b58aac90,9696d6cb15b627c384313aeeacc1eb42b015e93e4f4226dfdd4efb8f1e085564,269631,768,768,image/jpeg,song-jacket,primary-resolution candidate,arcaea:floatingworld:default,1080_base,,false,filename base/1080_base; _256 retained as APK rendition candidate,high
floatingworld,387,Floating World,"{""en"":""Floating World""}",baker feat. botan,single,,1714003202,0,dl_floatingworld,default,,,,,,,,assets/songs/dl_floatingworld/1080_base_256.jpg,c2b58dcad54203645057a859524789f59cfd5ca13613b610d04ad087b58aac90,fb22c7bc819823e8a1b00262c1f161333f58780176da98bfd905ace1a28e490b,104163,384,384,image/jpeg,song-jacket,low-resolution/derived candidate,arcaea:floatingworld:default,1080_base,,true,filename base/1080_base; _256 retained as APK rendition candidate,high
fluffyflash,287,FLUFFY FLASH,"{""en"":""FLUFFY FLASH""}",Kobaryo,ongeki_append_1,,1664409602,0,dl_fluffyflash,default,,,,,,,,assets/songs/dl_fluffyflash/base.jpg,c2b58dcad54203645057a859524789f59cfd5ca13613b610d04ad087b58aac90,72c28e8bdd94fa980420464d3086e71eaff7fd4d7da2b948444b2fdc1af976ca,264086,512,512,image/jpeg,song-jacket,primary-resolution candidate,arcaea:fluffyflash:default,base,,false,filename base/1080_base; _256 retained as APK rendition candidate,high
fluffyflash,287,FLUFFY FLASH,"{""en"":""FLUFFY FLASH""}",Kobaryo,ongeki_append_1,,1664409602,0,dl_fluffyflash,default,,,,,,,,assets/songs/dl_fluffyflash/base_256.jpg,c2b58dcad54203645057a859524789f59cfd5ca13613b610d04ad087b58aac90,df48190d239194fae5b8b44d15806b23524cf49c4e51b5f0ba55d43d664677ab,71809,256,256,image/jpeg,song-directory-image,low-resolution/derived candidate,arcaea:fluffyflash:default,base,,true,filename base/1080_base; _256 retained as APK rendition candidate,high
flyburg,25,Flyburg and Endroll,"{""en"":""Flyburg and Endroll"",""ja"":""フライブルクとエンドロウル""}",アリスシャッハと魔法の楽団,shiawase,,1494547203,0,dl_flyburg,default,,,,,,,,assets/songs/dl_flyburg/1080_base.jpg,c2b58dcad54203645057a859524789f59cfd5ca13613b610d04ad087b58aac90,0530871286f1af339a76ba8347b7ae380cea37a07c84d4409e481747768685cc,735429,768,768,image/jpeg,song-jacket,primary-resolution candidate,arcaea:flyburg:default,1080_base,,false,filename base/1080_base; _256 retained as APK rendition candidate,high
flyburg,25,Flyburg and Endroll,"{""en"":""Flyburg and Endroll"",""ja"":""フライブルクとエンドロウル""}",アリスシャッハと魔法の楽団,shiawase,,1494547203,0,dl_flyburg,default,,,,,,,,assets/songs/dl_flyburg/1080_base_256.jpg,c2b58dcad54203645057a859524789f59cfd5ca13613b610d04ad087b58aac90,762318f9478fa085178824a505d70e0c8c54c60510a197b8dfbbef857254e265,173616,384,384,image/jpeg,song-jacket,low-resolution/derived candidate,arcaea:flyburg:default,1080_base,,true,filename base/1080_base; _256 retained as APK rendition candidate,high
fractureray,87,Fracture Ray,"{""en"":""Fracture Ray""}",Sakuzyo,rei,,1531699208,0,dl_fractureray,default,,,,,,,,assets/songs/dl_fractureray/1080_base.jpg,c2b58dcad54203645057a859524789f59cfd5ca13613b610d04ad087b58aac90,f58a1953c0caea63829d0b3e6c654ee650d9b5e705b4d257255058e4146ee661,445506,768,768,image/jpeg,song-jacket,primary-resolution candidate,arcaea:fractureray:default,1080_base,,false,filename base/1080_base; _256 retained as APK rendition candidate,high
fractureray,87,Fracture Ray,"{""en"":""Fracture Ray""}",Sakuzyo,rei,,1531699208,0,dl_fractureray,default,,,,,,,,assets/songs/dl_fractureray/1080_base_256.jpg,c2b58dcad54203645057a859524789f59cfd5ca13613b610d04ad087b58aac90,76138db350d5a79ac78a4a62d183fc7c72f1d0bd1f639267b0d041769e47e6b8,102853,384,384,image/jpeg,song-jacket,low-resolution/derived candidate,arcaea:fractureray:default,1080_base,,true,filename base/1080_base; _256 retained as APK rendition candidate,high
freefall,138,FREEF4LL,"{""en"":""FREEF4LL""}",YUKIYANAGI,base,,1570492801,1,dl_freefall,difficulty-specific,BYD,3,True,BYD,,,,assets/songs/dl_freefall/1080_3.jpg,c2b58dcad54203645057a859524789f59cfd5ca13613b610d04ad087b58aac90,6900e6db825ecdf2085ead97d73d39fe3ca01c4f650a5d2e86e5d10003a11326,403948,768,768,image/jpeg,song-jacket,primary-resolution candidate,arcaea:freefall:difficulty:BYD,1080_3,,false,numeric suffix=3; filename-to-ratingClass mapping is a candidate; jacketOverride=True,high
freefall,138,FREEF4LL,"{""en"":""FREEF4LL""}",YUKIYANAGI,base,,1570492801,1,dl_freefall,difficulty-specific,BYD,3,True,BYD,,,,assets/songs/dl_freefall/1080_3_256.jpg,c2b58dcad54203645057a859524789f59cfd5ca13613b610d04ad087b58aac90,05892c33827fc0fd17b9b316c38be101ab99b1a216af5ccdc99f64d69501c9cb,108821,384,384,image/jpeg,song-jacket,low-resolution/derived candidate,arcaea:freefall:difficulty:BYD,1080_3,,true,numeric suffix=3; filename-to-ratingClass mapping is a candidate; jacketOverride=True,high
freefall,138,FREEF4LL,"{""en"":""FREEF4LL""}",YUKIYANAGI,base,,1570492801,1,dl_freefall,default,,,,BYD,,,,assets/songs/dl_freefall/1080_base.jpg,c2b58dcad54203645057a859524789f59cfd5ca13613b610d04ad087b58aac90,725d25de07985fe24b64292679711ba09c1870592695e6016e484a2f56de8b1d,302412,768,768,image/jpeg,song-jacket,primary-resolution candidate,arcaea:freefall:default,1080_base,,false,filename base/1080_base; _256 retained as APK rendition candidate,high
freefall,138,FREEF4LL,"{""en"":""FREEF4LL""}",YUKIYANAGI,base,,1570492801,1,dl_freefall,default,,,,BYD,,,,assets/songs/dl_freefall/1080_base_256.jpg,c2b58dcad54203645057a859524789f59cfd5ca13613b610d04ad087b58aac90,21363fd3a8a3a2713d975247a3779cbd37f916f98cf9a6540ee58d420bfd29c7,81884,384,384,image/jpeg,song-jacket,low-resolution/derived candidate,arcaea:freefall:default,1080_base,,true,filename base/1080_base; _256 retained as APK rendition candidate,high
freemyself,290,Free Myself,"{""en"":""Free Myself""}",lapix feat. mami,single,,1668038400,0,dl_freemyself,default,,,,,,,,assets/songs/dl_freemyself/1080_base.jpg,c2b58dcad54203645057a859524789f59cfd5ca13613b610d04ad087b58aac90,b142cd005a4ed3ef3b71e7aa17c3d0f7a2775359afeac7024e6b3121e1eabe22,307738,768,768,image/jpeg,song-jacket,primary-resolution candidate,arcaea:freemyself:default,1080_base,,false,filename base/1080_base; _256 retained as APK rendition candidate,high
freemyself,290,Free Myself,"{""en"":""Free Myself""}",lapix feat. mami,single,,1668038400,0,dl_freemyself,default,,,,,,,,assets/songs/dl_freemyself/1080_base_256.jpg,c2b58dcad54203645057a859524789f59cfd5ca13613b610d04ad087b58aac90,3ae0d8b575df05b3390d8bf30bba367c4d128a8738f410c26e1d3600851539aa,88731,384,384,image/jpeg,song-jacket,low-resolution/derived candidate,arcaea:freemyself:default,1080_base,,true,filename base/1080_base; _256 retained as APK rendition candidate,high
furetemitai,416,FURETE-MITAI,"{""en"":""FURETE-MITAI"",""ja"":""フレテミタイ""}",みきとP,extend_3,,1727308802,0,dl_furetemitai,default,,,,,,,,assets/songs/dl_furetemitai/1080_base.jpg,c2b58dcad54203645057a859524789f59cfd5ca13613b610d04ad087b58aac90,76d26df51745fa7004ea094790be859861268912dfc68ce7f1f2a78f7cd039c5,582904,768,768,image/jpeg,song-jacket,primary-resolution candidate,arcaea:furetemitai:default,1080_base,,false,filename base/1080_base; _256 retained as APK rendition candidate,high
furetemitai,416,FURETE-MITAI,"{""en"":""FURETE-MITAI"",""ja"":""フレテミタイ""}",みきとP,extend_3,,1727308802,0,dl_furetemitai,default,,,,,,,,assets/songs/dl_furetemitai/1080_base_256.jpg,c2b58dcad54203645057a859524789f59cfd5ca13613b610d04ad087b58aac90,25465d58a66841d2428c3a99188dfd7adfc5b009c34ee01cc67bb7f1e4e09af1,199001,384,384,image/jpeg,song-jacket,low-resolution/derived candidate,arcaea:furetemitai:default,1080_base,,true,filename base/1080_base; _256 retained as APK rendition candidate,high
galacticlove,318,Galactic Love,"{""en"":""Galactic Love""}",La prière,single,,1684972800,0,dl_galacticlove,default,,,,,,,,assets/songs/dl_galacticlove/1080_base.jpg,c2b58dcad54203645057a859524789f59cfd5ca13613b610d04ad087b58aac90,24d9451505c685b29b16a47649d8545135080a20712ac6e1bb83a0b2e3c4fc0e,349335,768,768,image/jpeg,song-jacket,primary-resolution candidate,arcaea:galacticlove:default,1080_base,,false,filename base/1080_base; _256 retained as APK rendition candidate,high
galacticlove,318,Galactic Love,"{""en"":""Galactic Love""}",La prière,single,,1684972800,0,dl_galacticlove,default,,,,,,,,assets/songs/dl_galacticlove/1080_base_256.jpg,c2b58dcad54203645057a859524789f59cfd5ca13613b610d04ad087b58aac90,a8e1f186da93221e1c8788fb390f64c329368a81d90909950e26292f2f1e988a,90528,384,384,image/jpeg,song-jacket,low-resolution/derived candidate,arcaea:galacticlove:default,1080_base,,true,filename base/1080_base; _256 retained as APK rendition candidate,high
galaxyfriends,177,Galaxy Friends,"{""en"":""Galaxy Friends""}",Kobaryo,single,,1602028800,1,dl_galaxyfriends,default,,,,,,,,assets/songs/dl_galaxyfriends/1080_base.jpg,c2b58dcad54203645057a859524789f59cfd5ca13613b610d04ad087b58aac90,249d233875438abfa67731534582b0ffda327babed2d99f016f742cc959b908c,409121,768,768,image/jpeg,song-jacket,primary-resolution candidate,arcaea:galaxyfriends:default,1080_base,,false,filename base/1080_base; _256 retained as APK rendition candidate,high
galaxyfriends,177,Galaxy Friends,"{""en"":""Galaxy Friends""}",Kobaryo,single,,1602028800,1,dl_galaxyfriends,default,,,,,,,,assets/songs/dl_galaxyfriends/1080_base_256.jpg,c2b58dcad54203645057a859524789f59cfd5ca13613b610d04ad087b58aac90,e6c5c5a4cf943fa96db2ffc49d8dd674a6f095108a333e4c1680be4098a14c80,102047,384,384,image/jpeg,song-jacket,low-resolution/derived candidate,arcaea:galaxyfriends:default,1080_base,,true,filename base/1080_base; _256 retained as APK rendition candidate,high
garakuta,123,Garakuta Doll Play,"{""en"":""Garakuta Doll Play""}",t+pazolite,chunithm,,1558573200,1,dl_garakuta,default,,,,,,,,assets/songs/dl_garakuta/1080_base.jpg,c2b58dcad54203645057a859524789f59cfd5ca13613b610d04ad087b58aac90,748229824b05ae15230f12f15610e05e683accf3b2c1ff6d3e49188905497629,378937,768,768,image/jpeg,song-jacket,primary-resolution candidate,arcaea:garakuta:default,1080_base,,false,filename base/1080_base; _256 retained as APK rendition candidate,high
garakuta,123,Garakuta Doll Play,"{""en"":""Garakuta Doll Play""}",t+pazolite,chunithm,,1558573200,1,dl_garakuta,default,,,,,,,,assets/songs/dl_garakuta/1080_base_256.jpg,c2b58dcad54203645057a859524789f59cfd5ca13613b610d04ad087b58aac90,13a2ca4c13cbd74ceaaa2ee0eb5038cdb3666f11d3af8086a11db0b477f700d7,98663,384,384,image/jpeg,song-jacket,low-resolution/derived candidate,arcaea:garakuta:default,1080_base,,true,filename base/1080_base; _256 retained as APK rendition candidate,high
gekka,165,Gekka (Short Version),"{""en"":""Gekka (Short Version)""}",Nhato,extend,,1590537609,0,dl_gekka,default,,,,,,,,assets/songs/dl_gekka/1080_base.jpg,c2b58dcad54203645057a859524789f59cfd5ca13613b610d04ad087b58aac90,abc66f55a4ecd917d0e7986a38d40c1680f3fbe8e73ce8999fa3261de25de89f,182891,768,768,image/jpeg,song-jacket,primary-resolution candidate,arcaea:gekka:default,1080_base,,false,filename base/1080_base; _256 retained as APK rendition candidate,high
gekka,165,Gekka (Short Version),"{""en"":""Gekka (Short Version)""}",Nhato,extend,,1590537609,0,dl_gekka,default,,,,,,,,assets/songs/dl_gekka/1080_base_256.jpg,c2b58dcad54203645057a859524789f59cfd5ca13613b610d04ad087b58aac90,952e20032cc0584904fd47d71714a152bbc9b1b5f323defbfa215935dadbf537,48509,384,384,image/jpeg,song-jacket,low-resolution/derived candidate,arcaea:gekka:default,1080_base,,true,filename base/1080_base; _256 retained as APK rendition candidate,high
genesis,46,Genesis,"{""en"":""Genesis""}",Iris,mirai,,1502323204,1,dl_genesis,default,,,,,,,,assets/songs/dl_genesis/1080_base.jpg,c2b58dcad54203645057a859524789f59cfd5ca13613b610d04ad087b58aac90,0d4f33a236e4cfa45bb41773d52abcb4499a336a472a1e2c45936a6561e73a1c,169864,768,768,image/jpeg,song-jacket,primary-resolution candidate,arcaea:genesis:default,1080_base,,false,filename base/1080_base; _256 retained as APK rendition candidate,high
genesis,46,Genesis,"{""en"":""Genesis""}",Iris,mirai,,1502323204,1,dl_genesis,default,,,,,,,,assets/songs/dl_genesis/1080_base_256.jpg,c2b58dcad54203645057a859524789f59cfd5ca13613b610d04ad087b58aac90,91f8664c9d0aeb1bb7447200c7b7dcfe42edeffc85718648c183d57d3d0f6e7a,42770,384,384,image/jpeg,song-jacket,low-resolution/derived candidate,arcaea:genesis:default,1080_base,,true,filename base/1080_base; _256 retained as APK rendition candidate,high
genesischunithm,311,Genesis,"{""en"":""Genesis""}",Morrigan feat.Lily,chunithm_append_2,,1679529602,1,dl_genesischunithm,default,,,,,,,,assets/songs/dl_genesischunithm/1080_base.jpg,c2b58dcad54203645057a859524789f59cfd5ca13613b610d04ad087b58aac90,5741161d9da3b1e99dd712eff61d402bcfdbc9398c041da913a331241d8437fb,317887,768,768,image/jpeg,song-jacket,primary-resolution candidate,arcaea:genesischunithm:default,1080_base,,false,filename base/1080_base; _256 retained as APK rendition candidate,high
genesischunithm,311,Genesis,"{""en"":""Genesis""}",Morrigan feat.Lily,chunithm_append_2,,1679529602,1,dl_genesischunithm,default,,,,,,,,assets/songs/dl_genesischunithm/1080_base_256.jpg,c2b58dcad54203645057a859524789f59cfd5ca13613b610d04ad087b58aac90,6419d028767354e6657242e835894d20018c217ef7fbe297fbaefdc13970d68e,86297,384,384,image/jpeg,song-jacket,low-resolution/derived candidate,arcaea:genesischunithm:default,1080_base,,true,filename base/1080_base; _256 retained as APK rendition candidate,high
gengaozo,236,G e n g a o z o,"{""en"":""G e n g a o z o""}",-45,extend,,1632873600,1,dl_gengaozo,default,,,,,,,,assets/songs/dl_gengaozo/base.jpg,c2b58dcad54203645057a859524789f59cfd5ca13613b610d04ad087b58aac90,187bda016b720ce1d3eb3d8fdff639ab792987541371b80988f01b41bf111a43,204718,512,512,image/jpeg,song-jacket,primary-resolution candidate,arcaea:gengaozo:default,base,,false,filename base/1080_base; _256 retained as APK rendition candidate,high
gengaozo,236,G e n g a o z o,"{""en"":""G e n g a o z o""}",-45,extend,,1632873600,1,dl_gengaozo,default,,,,,,,,assets/songs/dl_gengaozo/base_256.jpg,c2b58dcad54203645057a859524789f59cfd5ca13613b610d04ad087b58aac90,99a7910a8c4df250953bbb1410e72af2cfa6b6fb5f2b4a001a8a335d896b58dc,61452,256,256,image/jpeg,song-directory-image,low-resolution/derived candidate,arcaea:gengaozo:default,base,,true,filename base/1080_base; _256 retained as APK rendition candidate,high
genocider,230,GENOCIDER,"{""en"":""GENOCIDER""}",DJ Myosuke,wacca,,1628553604,1,dl_genocider,default,,,,,,,,assets/songs/dl_genocider/1080_base.jpg,c2b58dcad54203645057a859524789f59cfd5ca13613b610d04ad087b58aac90,54c5830cb115425ae9ee3cac43268a27a04a11a1f22ced3e18fb4618beed5a69,340269,768,768,image/jpeg,song-jacket,primary-resolution candidate,arcaea:genocider:default,1080_base,,false,filename base/1080_base; _256 retained as APK rendition candidate,high
genocider,230,GENOCIDER,"{""en"":""GENOCIDER""}",DJ Myosuke,wacca,,1628553604,1,dl_genocider,default,,,,,,,,assets/songs/dl_genocider/1080_base_256.jpg,c2b58dcad54203645057a859524789f59cfd5ca13613b610d04ad087b58aac90,e083c8b5d41705a14bd9d0da6859178a1aed1c71e9c24a6d768fd0d36478206d,75528,384,384,image/jpeg,song-jacket,low-resolution/derived candidate,arcaea:genocider:default,1080_base,,true,filename base/1080_base; _256 retained as APK rendition candidate,high
gensounosatellite,417,Gensou no Satellite,"{""en"":""Gensou no Satellite"",""ja"":""幻想のサテライト""}",豚乙女,single,,1727308803,1,dl_gensounosatellite,default,,,,,,,,assets/songs/dl_gensounosatellite/1080_base.jpg,c2b58dcad54203645057a859524789f59cfd5ca13613b610d04ad087b58aac90,f0b22ef154e20423b578a66b71379a82deddb5e45a08eb4696c12aa04ef42b59,214964,768,768,image/jpeg,song-jacket,primary-resolution candidate,arcaea:gensounosatellite:default,1080_base,,false,filename base/1080_base; _256 retained as APK rendition candidate,high
gensounosatellite,417,Gensou no Satellite,"{""en"":""Gensou no Satellite"",""ja"":""幻想のサテライト""}",豚乙女,single,,1727308803,1,dl_gensounosatellite,default,,,,,,,,assets/songs/dl_gensounosatellite/1080_base_256.jpg,c2b58dcad54203645057a859524789f59cfd5ca13613b610d04ad087b58aac90,d25f80d8c4b3f0baa6b5c533e2d5673aa63181cb93ec6200163a5322a1b6f847,67655,384,384,image/jpeg,song-jacket,low-resolution/derived candidate,arcaea:gensounosatellite:default,1080_base,,true,filename base/1080_base; _256 retained as APK rendition candidate,high
gimmedablood,206,GIMME DA BLOOD,"{""en"":""GIMME DA BLOOD""}",C-Show,single,,1615248000,1,dl_gimmedablood,default,,,,,,,,assets/songs/dl_gimmedablood/1080_base.jpg,c2b58dcad54203645057a859524789f59cfd5ca13613b610d04ad087b58aac90,5ea09355f8855c8dac280735351d0fb1becb2c44fc1a86b1cd00a308fbeea638,240458,768,768,image/jpeg,song-jacket,primary-resolution candidate,arcaea:gimmedablood:default,1080_base,,false,filename base/1080_base; _256 retained as APK rendition candidate,high
gimmedablood,206,GIMME DA BLOOD,"{""en"":""GIMME DA BLOOD""}",C-Show,single,,1615248000,1,dl_gimmedablood,default,,,,,,,,assets/songs/dl_gimmedablood/1080_base_256.jpg,c2b58dcad54203645057a859524789f59cfd5ca13613b610d04ad087b58aac90,470431331fb11c6b9141c2452b18cc0771739999d08c9cf5fcd679e4da6f91bb,68123,384,384,image/jpeg,song-jacket,low-resolution/derived candidate,arcaea:gimmedablood:default,1080_base,,true,filename base/1080_base; _256 retained as APK rendition candidate,high
gimmick,315,GIMMICK,"{""en"":""GIMMICK""}",Ms.Sill,extend_2,,1682553601,1,dl_gimmick,default,,,,,,,,assets/songs/dl_gimmick/1080_base.jpg,c2b58dcad54203645057a859524789f59cfd5ca13613b610d04ad087b58aac90,cb7cb1327e1c1d4c7085cb7647b8df99f3ee02a42f556051eb3b53482e77320b,90982,768,768,image/jpeg,song-jacket,primary-resolution candidate,arcaea:gimmick:default,1080_base,,false,filename base/1080_base; _256 retained as APK rendition candidate,high
gimmick,315,GIMMICK,"{""en"":""GIMMICK""}",Ms.Sill,extend_2,,1682553601,1,dl_gimmick,default,,,,,,,,assets/songs/dl_gimmick/1080_base_256.jpg,c2b58dcad54203645057a859524789f59cfd5ca13613b610d04ad087b58aac90,9f99d9c61fc9853f4ce51f39ced8452d34f30e0c405e5b68c719bff5c9781581,27123,384,384,image/jpeg,song-jacket,low-resolution/derived candidate,arcaea:gimmick:default,1080_base,,true,filename base/1080_base; _256 retained as APK rendition candidate,high
givemeanightmare,163,Give Me a Nightmare,"{""en"":""Give Me a Nightmare""}",アリスシャッハと魔法の楽団,extend,,1590537610,1,dl_givemeanightmare,default,,,,,,,,assets/songs/dl_givemeanightmare/1080_base.jpg,c2b58dcad54203645057a859524789f59cfd5ca13613b610d04ad087b58aac90,c9c141b42df16ce9603d1d57219b48f9eebb987fd22b8155486c25295a11c9dd,425158,768,768,image/jpeg,song-jacket,primary-resolution candidate,arcaea:givemeanightmare:default,1080_base,,false,filename base/1080_base; _256 retained as APK rendition candidate,high
givemeanightmare,163,Give Me a Nightmare,"{""en"":""Give Me a Nightmare""}",アリスシャッハと魔法の楽団,extend,,1590537610,1,dl_givemeanightmare,default,,,,,,,,assets/songs/dl_givemeanightmare/1080_base_256.jpg,c2b58dcad54203645057a859524789f59cfd5ca13613b610d04ad087b58aac90,4f96adea3ea056e70d324efffa99d5da4578a521d14981bc9a86860e3ed54faa,115284,384,384,image/jpeg,song-jacket,low-resolution/derived candidate,arcaea:givemeanightmare:default,1080_base,,true,filename base/1080_base; _256 retained as APK rendition candidate,high
gloryroad,139,GLORY：ROAD,"{""en"":""GLORY：ROAD""}",uma vs. モリモリあつし,shiawase,,1570492802,0,dl_gloryroad,default,,,,,,,,assets/songs/dl_gloryroad/1080_base.jpg,c2b58dcad54203645057a859524789f59cfd5ca13613b610d04ad087b58aac90,f84942b80d4a5d61cc3c4dc8105d3147328c747c0f892456e5aa758a0833f91c,320325,768,768,image/jpeg,song-jacket,primary-resolution candidate,arcaea:gloryroad:default,1080_base,,false,filename base/1080_base; _256 retained as APK rendition candidate,high
gloryroad,139,GLORY：ROAD,"{""en"":""GLORY：ROAD""}",uma vs. モリモリあつし,shiawase,,1570492802,0,dl_gloryroad,default,,,,,,,,assets/songs/dl_gloryroad/1080_base_256.jpg,c2b58dcad54203645057a859524789f59cfd5ca13613b610d04ad087b58aac90,4c4a0c6d1c761def7c52cd17302fbb89a012029190b8b391c3726fddce7a4b55,86072,384,384,image/jpeg,song-jacket,low-resolution/derived candidate,arcaea:gloryroad:default,1080_base,,true,filename base/1080_base; _256 retained as APK rendition candidate,high
glow,202,Glow,"{""en"":""Glow""}",SPACELECTRO,extend,,1611187204,1,dl_glow,default,,,,,,,,assets/songs/dl_glow/1080_base.jpg,c2b58dcad54203645057a859524789f59cfd5ca13613b610d04ad087b58aac90,e0412e6a284d8069759d2f4fd6faa64f7c336a01651e6924e544b8383ea17604,187657,768,768,image/jpeg,song-jacket,primary-resolution candidate,arcaea:glow:default,1080_base,,false,filename base/1080_base; _256 retained as APK rendition candidate,high
glow,202,Glow,"{""en"":""Glow""}",SPACELECTRO,extend,,1611187204,1,dl_glow,default,,,,,,,,assets/songs/dl_glow/1080_base_256.jpg,c2b58dcad54203645057a859524789f59cfd5ca13613b610d04ad087b58aac90,74e081e082efd94a378330c7aa0baeb134ef7cfb4ebf54cc17eaed80537d4a61,39829,384,384,image/jpeg,song-jacket,low-resolution/derived candidate,arcaea:glow:default,1080_base,,true,filename base/1080_base; _256 retained as APK rendition candidate,high
goldenslaughterer,237,goldenslaughterer,"{""en"":""goldenslaughterer""}",zts,single,,1632873601,1,dl_goldenslaughterer,default,,,,,,,,assets/songs/dl_goldenslaughterer/1080_base.jpg,c2b58dcad54203645057a859524789f59cfd5ca13613b610d04ad087b58aac90,9eb674ca2bfc017214687e9a82aa1ec850517a039315be14a063cadbd4c1435c,292889,768,768,image/jpeg,song-jacket,primary-resolution candidate,arcaea:goldenslaughterer:default,1080_base,,false,filename base/1080_base; _256 retained as APK rendition candidate,high
goldenslaughterer,237,goldenslaughterer,"{""en"":""goldenslaughterer""}",zts,single,,1632873601,1,dl_goldenslaughterer,default,,,,,,,,assets/songs/dl_goldenslaughterer/1080_base_256.jpg,c2b58dcad54203645057a859524789f59cfd5ca13613b610d04ad087b58aac90,12cc5fa5e46b52ea180931c81009ad0d4eae0b90c4df96cce629c26942827ef3,81274,384,384,image/jpeg,song-jacket,low-resolution/derived candidate,arcaea:goldenslaughterer:default,1080_base,,true,filename base/1080_base; _256 retained as APK rendition candidate,high
goodbyemerry,288,"Good bye, Merry-Go-Round.","{""en"":""Good bye, Merry-Go-Round.""}",Yooh,ongeki_append_1,,1664409603,1,dl_goodbyemerry,default,,,,,,,,assets/songs/dl_goodbyemerry/1080_base.jpg,c2b58dcad54203645057a859524789f59cfd5ca13613b610d04ad087b58aac90,29937b9da64b3be1afbc799a8772998692b3514b3526dece97e3164367515be8,161135,768,768,image/jpeg,song-jacket,primary-resolution candidate,arcaea:goodbyemerry:default,1080_base,,false,filename base/1080_base; _256 retained as APK rendition candidate,high
goodbyemerry,288,"Good bye, Merry-Go-Round.","{""en"":""Good bye, Merry-Go-Round.""}",Yooh,ongeki_append_1,,1664409603,1,dl_goodbyemerry,default,,,,,,,,assets/songs/dl_goodbyemerry/1080_base_256.jpg,c2b58dcad54203645057a859524789f59cfd5ca13613b610d04ad087b58aac90,a6423ebb503a52fd41438a9af361b23c10af32ee8ef26ebb3fdc65e85cf77374,53309,384,384,image/jpeg,song-jacket,low-resolution/derived candidate,arcaea:goodbyemerry:default,1080_base,,true,filename base/1080_base; _256 retained as APK rendition candidate,high
goodrage,524,GOODRAGE,"{""en"":""GOODRAGE""}",EBIMAYO,single,,1773014402,0,dl_goodrage,default,,,,,,,,assets/songs/dl_goodrage/1080_base.jpg,c2b58dcad54203645057a859524789f59cfd5ca13613b610d04ad087b58aac90,5bd4b3b53eec921833e1fd13e4e63df9c18dbd914e2ee56d0b94d89f5e091a36,474840,768,768,image/jpeg,song-jacket,primary-resolution candidate,arcaea:goodrage:default,1080_base,,false,filename base/1080_base; _256 retained as APK rendition candidate,high
goodrage,524,GOODRAGE,"{""en"":""GOODRAGE""}",EBIMAYO,single,,1773014402,0,dl_goodrage,default,,,,,,,,assets/songs/dl_goodrage/1080_base_256.jpg,c2b58dcad54203645057a859524789f59cfd5ca13613b610d04ad087b58aac90,2fe8a6bcfbf2d91d6ac70649789eb5132e969ec3a7893134e73fc95a30cfca03,138166,384,384,image/jpeg,song-jacket,low-resolution/derived candidate,arcaea:goodrage:default,1080_base,,true,filename base/1080_base; _256 retained as APK rendition candidate,high
goodtek,2,GOODTEK (Arcaea Edit),"{""en"":""GOODTEK (Arcaea Edit)""}",EBIMAYO,base,,1487980809,0,dl_goodtek,difficulty-specific,BYD,3,True,BYD,,,,assets/songs/dl_goodtek/1080_3.jpg,c2b58dcad54203645057a859524789f59cfd5ca13613b610d04ad087b58aac90,ba00b84b1745a6e287cf35adb79be7e582347eb3634abb4cdf71922e5c9d780d,323513,768,768,image/jpeg,song-jacket,primary-resolution candidate,arcaea:goodtek:difficulty:BYD,1080_3,,false,numeric suffix=3; filename-to-ratingClass mapping is a candidate; jacketOverride=True,high
goodtek,2,GOODTEK (Arcaea Edit),"{""en"":""GOODTEK (Arcaea Edit)""}",EBIMAYO,base,,1487980809,0,dl_goodtek,difficulty-specific,BYD,3,True,BYD,,,,assets/songs/dl_goodtek/1080_3_256.jpg,c2b58dcad54203645057a859524789f59cfd5ca13613b610d04ad087b58aac90,d99bed1369d13dd77336aa84d9265996df06755fdbcece673f3a7a9379117100,105018,384,384,image/jpeg,song-jacket,low-resolution/derived candidate,arcaea:goodtek:difficulty:BYD,1080_3,,true,numeric suffix=3; filename-to-ratingClass mapping is a candidate; jacketOverride=True,high
goodtek,2,GOODTEK (Arcaea Edit),"{""en"":""GOODTEK (Arcaea Edit)""}",EBIMAYO,base,,1487980809,0,dl_goodtek,default,,,,BYD,,,,assets/songs/dl_goodtek/1080_base.jpg,c2b58dcad54203645057a859524789f59cfd5ca13613b610d04ad087b58aac90,0684b6610f1018af3918e4d4c97bf57adc2e137aa14e85396574131ff0a30734,258664,768,768,image/jpeg,song-jacket,primary-resolution candidate,arcaea:goodtek:default,1080_base,,false,filename base/1080_base; _256 retained as APK rendition candidate,high
goodtek,2,GOODTEK (Arcaea Edit),"{""en"":""GOODTEK (Arcaea Edit)""}",EBIMAYO,base,,1487980809,0,dl_goodtek,default,,,,BYD,,,,assets/songs/dl_goodtek/1080_base_256.jpg,c2b58dcad54203645057a859524789f59cfd5ca13613b610d04ad087b58aac90,2c09413cdd04d3c42ea21a6c8118633416ea2dc2eb0f48a289080f2bf4efd6c3,63467,384,384,image/jpeg,song-jacket,low-resolution/derived candidate,arcaea:goodtek:default,1080_base,,true,filename base/1080_base; _256 retained as APK rendition candidate,high
gothiveofra,175,Got hive of Ra,"{""en"":""Got hive of Ra""}",E.G.G.,groovecoaster,,1600214400,0,dl_gothiveofra,default,,,,,,,,assets/songs/dl_gothiveofra/base.jpg,c2b58dcad54203645057a859524789f59cfd5ca13613b610d04ad087b58aac90,a8c8d4d45c8f87ee0304da2d265b4cfb3e3610dc2df0b7dfe7f627c282474861,186017,512,512,image/jpeg,song-jacket,primary-resolution candidate,arcaea:gothiveofra:default,base,,false,filename base/1080_base; _256 retained as APK rendition candidate,high
gothiveofra,175,Got hive of Ra,"{""en"":""Got hive of Ra""}",E.G.G.,groovecoaster,,1600214400,0,dl_gothiveofra,default,,,,,,,,assets/songs/dl_gothiveofra/base_256.jpg,c2b58dcad54203645057a859524789f59cfd5ca13613b610d04ad087b58aac90,bb7e83942b1f4269cda88991ce1c265ed3c179e2312d509dce69be8db321ad73,81412,256,256,image/jpeg,song-directory-image,low-resolution/derived candidate,arcaea:gothiveofra:default,base,,true,filename base/1080_base; _256 retained as APK rendition candidate,high
gou,201,Misdeed -la bonté de Dieu et l'origine du mal-,"{""en"":""Misdeed -la bonté de Dieu et l'origine du mal-"",""ko_dialog"":""Misdeed -la bonte de Dieu et l'origine du mal-"",""ja"":""業 -善なる神とこの世の悪について-""}",光吉猛修 VS 穴山大輔,chunithm_append_1,,1611187202,0,dl_gou,default,,,,,,,,assets/songs/dl_gou/1080_base.jpg,c2b58dcad54203645057a859524789f59cfd5ca13613b610d04ad087b58aac90,448fd94ad2146f8c4a30dc7bbfaacdf068ecff18c6fdcabb39c54883a5a996eb,459452,768,768,image/jpeg,song-jacket,primary-resolution candidate,arcaea:gou:default,1080_base,,false,filename base/1080_base; _256 retained as APK rendition candidate,high
gou,201,Misdeed -la bonté de Dieu et l'origine du mal-,"{""en"":""Misdeed -la bonté de Dieu et l'origine du mal-"",""ko_dialog"":""Misdeed -la bonte de Dieu et l'origine du mal-"",""ja"":""業 -善なる神とこの世の悪について-""}",光吉猛修 VS 穴山大輔,chunithm_append_1,,1611187202,0,dl_gou,default,,,,,,,,assets/songs/dl_gou/1080_base_256.jpg,c2b58dcad54203645057a859524789f59cfd5ca13613b610d04ad087b58aac90,88c9de7029bbd8bb2b7ea26278286036000958ffab69f16e4df0ee35e6c9ca80,117960,384,384,image/jpeg,song-jacket,low-resolution/derived candidate,arcaea:gou:default,1080_base,,true,filename base/1080_base; _256 retained as APK rendition candidate,high
grandspell,507,Grandspell,"{""en"":""Grandspell""}",Hylen,single,,1764201601,1,dl_grandspell,default,,,,,,,,assets/songs/dl_grandspell/1080_base.jpg,c2b58dcad54203645057a859524789f59cfd5ca13613b610d04ad087b58aac90,d299daaa046092dd3edb2ecebe9771bc1455e5b5b0cafa3fa3848a5d26fd054d,625666,768,768,image/jpeg,song-jacket,primary-resolution candidate,arcaea:grandspell:default,1080_base,,false,filename base/1080_base; _256 retained as APK rendition candidate,high
grandspell,507,Grandspell,"{""en"":""Grandspell""}",Hylen,single,,1764201601,1,dl_grandspell,default,,,,,,,,assets/songs/dl_grandspell/1080_base_256.jpg,c2b58dcad54203645057a859524789f59cfd5ca13613b610d04ad087b58aac90,9c36dc83f8b7c18f7870982dba1c6b8dfd2eac14c9662edd487bd25d82fdef7b,160251,384,384,image/jpeg,song-jacket,low-resolution/derived candidate,arcaea:grandspell:default,1080_base,,true,filename base/1080_base; _256 retained as APK rendition candidate,high
grievouslady,56,Grievous Lady,"{""en"":""Grievous Lady""}",Team Grimoire vs Laur,yugamu,,1509667208,1,dl_grievouslady,default,,,,,,,,assets/songs/dl_grievouslady/1080_base.jpg,c2b58dcad54203645057a859524789f59cfd5ca13613b610d04ad087b58aac90,c4ef01176997282a5a8feb11c40e21bd718f8b40c653eff0755f016dc83dd0d4,291023,768,768,image/jpeg,song-jacket,primary-resolution candidate,arcaea:grievouslady:default,1080_base,,false,filename base/1080_base; _256 retained as APK rendition candidate,high
grievouslady,56,Grievous Lady,"{""en"":""Grievous Lady""}",Team Grimoire vs Laur,yugamu,,1509667208,1,dl_grievouslady,default,,,,,,,,assets/songs/dl_grievouslady/1080_base_256.jpg,c2b58dcad54203645057a859524789f59cfd5ca13613b610d04ad087b58aac90,e028d012a0338887bfd0b9c4cfdc3643a0afe26c671aa305fa03bfaa507d175d,75958,384,384,image/jpeg,song-jacket,low-resolution/derived candidate,arcaea:grievouslady:default,1080_base,,true,filename base/1080_base; _256 retained as APK rendition candidate,high
guardina,76,γuarδina,"{""en"":""γuarδina"",""kr"":""guardina"",""zh-Hant"":""guardina"",""zh-Hans"":""guardina""}",Aoi,single,,1525305600,0,dl_guardina,default,,,,,,,,assets/songs/dl_guardina/1080_base.jpg,c2b58dcad54203645057a859524789f59cfd5ca13613b610d04ad087b58aac90,5985be6fb9fa13b11ca532e4aae11bfafd3b478df46b9ac36ce5ac6419884c18,350578,768,768,image/jpeg,song-jacket,primary-resolution candidate,arcaea:guardina:default,1080_base,,false,filename base/1080_base; _256 retained as APK rendition candidate,high
guardina,76,γuarδina,"{""en"":""γuarδina"",""kr"":""guardina"",""zh-Hant"":""guardina"",""zh-Hans"":""guardina""}",Aoi,single,,1525305600,0,dl_guardina,default,,,,,,,,assets/songs/dl_guardina/1080_base_256.jpg,c2b58dcad54203645057a859524789f59cfd5ca13613b610d04ad087b58aac90,ea8a146579066272f6b9536041160a5fb25e361b906a7d192cbea76afb1d0a3e,96848,384,384,image/jpeg,song-jacket,low-resolution/derived candidate,arcaea:guardina:default,1080_base,,true,filename base/1080_base; _256 retained as APK rendition candidate,high
hailstone,415,Hailstone,"{""en"":""Hailstone""}",Kazki Misora,extend_3,,1727308801,0,dl_hailstone,default,,,,,,,,assets/songs/dl_hailstone/1080_base.jpg,c2b58dcad54203645057a859524789f59cfd5ca13613b610d04ad087b58aac90,440188a49472a5194d6c73519870671036728c5c25fa967668b2fd43bd3044a3,300805,768,768,image/jpeg,song-jacket,primary-resolution candidate,arcaea:hailstone:default,1080_base,,false,filename base/1080_base; _256 retained as APK rendition candidate,high
hailstone,415,Hailstone,"{""en"":""Hailstone""}",Kazki Misora,extend_3,,1727308801,0,dl_hailstone,default,,,,,,,,assets/songs/dl_hailstone/1080_base_256.jpg,c2b58dcad54203645057a859524789f59cfd5ca13613b610d04ad087b58aac90,1c1fe286bc2a783ba88536fa24fc46724359102e537dc4ebfd178dce131d814a,89465,384,384,image/jpeg,song-jacket,low-resolution/derived candidate,arcaea:hailstone:default,1080_base,,true,filename base/1080_base; _256 retained as APK rendition candidate,high
halcyon,85,Halcyon,"{""en"":""Halcyon""}",xi,rei,,1531699206,0,dl_halcyon,default,,,,,,,,assets/songs/dl_halcyon/1080_base.jpg,c2b58dcad54203645057a859524789f59cfd5ca13613b610d04ad087b58aac90,bc660c4ccf0024b4d02aec31d79207695afdb6ccb1345c195389d64a97011143,249277,768,768,image/jpeg,song-jacket,primary-resolution candidate,arcaea:halcyon:default,1080_base,,false,filename base/1080_base; _256 retained as APK rendition candidate,high
halcyon,85,Halcyon,"{""en"":""Halcyon""}",xi,rei,,1531699206,0,dl_halcyon,default,,,,,,,,assets/songs/dl_halcyon/1080_base_256.jpg,c2b58dcad54203645057a859524789f59cfd5ca13613b610d04ad087b58aac90,d84853608fbf8b4b892c2d594b2afc00043b43716cb13a470fab859c1a05de03,66420,384,384,image/jpeg,song-jacket,low-resolution/derived candidate,arcaea:halcyon:default,1080_base,,true,filename base/1080_base; _256 retained as APK rendition candidate,high
hallofmirrors,98,Hall of Mirrors,"{""en"":""Hall of Mirrors""}",Sta,tonesphere,,1538870401,1,dl_hallofmirrors,default,,,,,,,,assets/songs/dl_hallofmirrors/1080_base.jpg,c2b58dcad54203645057a859524789f59cfd5ca13613b610d04ad087b58aac90,125cae1f29bfc95cd245336f1ae60cdc4dfac29f123a50e23e4d83128b468d46,274400,768,768,image/jpeg,song-jacket,primary-resolution candidate,arcaea:hallofmirrors:default,1080_base,,false,filename base/1080_base; _256 retained as APK rendition candidate,high
hallofmirrors,98,Hall of Mirrors,"{""en"":""Hall of Mirrors""}",Sta,tonesphere,,1538870401,1,dl_hallofmirrors,default,,,,,,,,assets/songs/dl_hallofmirrors/1080_base_256.jpg,c2b58dcad54203645057a859524789f59cfd5ca13613b610d04ad087b58aac90,8779dcb865a6e4a60ee5a265b8db0cba85124cac5e13b0dedea9ae705d705b95,75555,384,384,image/jpeg,song-jacket,low-resolution/derived candidate,arcaea:hallofmirrors:default,1080_base,,true,filename base/1080_base; _256 retained as APK rendition candidate,high
harutopia,47,Harutopia ~Utopia of Spring~,"{""ja"":""ハルトピア ~Utopia of Spring~"",""en"":""Harutopia ~Utopia of Spring~""}",A-zu-ra,base,,1502323200,0,dl_harutopia,default,,,,,,,,assets/songs/dl_harutopia/1080_base.jpg,c2b58dcad54203645057a859524789f59cfd5ca13613b610d04ad087b58aac90,30abd76f714513c403c898e1631fbd434120bf0697e0e4d06cf89f5f0c89dc66,78272,768,768,image/jpeg,song-jacket,primary-resolution candidate,arcaea:harutopia:default,1080_base,,false,filename base/1080_base; _256 retained as APK rendition candidate,high
harutopia,47,Harutopia ~Utopia of Spring~,"{""ja"":""ハルトピア ~Utopia of Spring~"",""en"":""Harutopia ~Utopia of Spring~""}",A-zu-ra,base,,1502323200,0,dl_harutopia,default,,,,,,,,assets/songs/dl_harutopia/1080_base_256.jpg,c2b58dcad54203645057a859524789f59cfd5ca13613b610d04ad087b58aac90,5065afda94e0e807d357f72ee3d015991b7c22448b1a3faedb27eeb5b697f80c,26482,384,384,image/jpeg,song-jacket,low-resolution/derived candidate,arcaea:harutopia:default,1080_base,,true,filename base/1080_base; _256 retained as APK rendition candidate,high
headbonkache,262,Head BONK ache,"{""en"":""Head BONK ache""}",saaa ft. MC iwata Bros.,single,,1647993602,1,dl_headbonkache,default,,,,,,,,assets/songs/dl_headbonkache/1080_base.jpg,c2b58dcad54203645057a859524789f59cfd5ca13613b610d04ad087b58aac90,9d3cd8c63df043d469562413187bb80e5927dda5d07e364ef491ceee0f0e7437,602213,768,768,image/jpeg,song-jacket,primary-resolution candidate,arcaea:headbonkache:default,1080_base,,false,filename base/1080_base; _256 retained as APK rendition candidate,high
headbonkache,262,Head BONK ache,"{""en"":""Head BONK ache""}",saaa ft. MC iwata Bros.,single,,1647993602,1,dl_headbonkache,default,,,,,,,,assets/songs/dl_headbonkache/1080_base_256.jpg,c2b58dcad54203645057a859524789f59cfd5ca13613b610d04ad087b58aac90,d52f2f68ca8f49f929947f910e6253aee703d84b14508098832b1ab6306dbdde,142462,384,384,image/jpeg,song-jacket,low-resolution/derived candidate,arcaea:headbonkache:default,1080_base,,true,filename base/1080_base; _256 retained as APK rendition candidate,high
hearditsaid,7,I've heard it said,"{""en"":""I've heard it said""}",Combatplayer,core,,1487980812,0,dl_hearditsaid,default,,,,,,,,assets/songs/dl_hearditsaid/1080_base.jpg,c2b58dcad54203645057a859524789f59cfd5ca13613b610d04ad087b58aac90,62548e0e975f781592675ebfe8691894a3917350b54f7200fcd96cbabba23f68,288799,768,768,image/jpeg,song-jacket,primary-resolution candidate,arcaea:hearditsaid:default,1080_base,,false,filename base/1080_base; _256 retained as APK rendition candidate,high
hearditsaid,7,I've heard it said,"{""en"":""I've heard it said""}",Combatplayer,core,,1487980812,0,dl_hearditsaid,default,,,,,,,,assets/songs/dl_hearditsaid/1080_base_256.jpg,c2b58dcad54203645057a859524789f59cfd5ca13613b610d04ad087b58aac90,225c246fe92e8ee7c826a5ec2687d7988897633eb257f458ef5f93425366851b,79692,384,384,image/jpeg,song-jacket,low-resolution/derived candidate,arcaea:hearditsaid:default,1080_base,,true,filename base/1080_base; _256 retained as APK rendition candidate,high
heartache,444,Heartache,"{""en"":""Heartache"",""ja"":""心の痛み""}",Toby Fox,undertale,,1741478400,0,dl_heartache,default,,,,,,,,assets/songs/dl_heartache/1080_base.jpg,c2b58dcad54203645057a859524789f59cfd5ca13613b610d04ad087b58aac90,ef94741f0b8fd0e0552e0280fbe7c3fe5fa5ec42ccfeff6dafe6760547c10ca5,105971,768,768,image/jpeg,song-jacket,primary-resolution candidate,arcaea:heartache:default,1080_base,,false,filename base/1080_base; _256 retained as APK rendition candidate,high
heartache,444,Heartache,"{""en"":""Heartache"",""ja"":""心の痛み""}",Toby Fox,undertale,,1741478400,0,dl_heartache,default,,,,,,,,assets/songs/dl_heartache/1080_base_256.jpg,c2b58dcad54203645057a859524789f59cfd5ca13613b610d04ad087b58aac90,02122e2c3f2162e7b74dbd27a7d270c5508b2a13c97119f82c35e25c577ee247,40145,384,384,image/jpeg,song-jacket,low-resolution/derived candidate,arcaea:heartache:default,1080_base,,true,filename base/1080_base; _256 retained as APK rendition candidate,high
heartjackin,189,Heart Jackin',"{""en"":""Heart Jackin'""}",Yu_Asahina,alice_append_1,,1607558401,0,dl_heartjackin,default,,,,,,,,assets/songs/dl_heartjackin/1080_base.jpg,c2b58dcad54203645057a859524789f59cfd5ca13613b610d04ad087b58aac90,8bd3a89e527a7cd0bba6b0502ecc252b5d8b124d291d34cd63bde3f6edac6647,281320,768,768,image/jpeg,song-jacket,primary-resolution candidate,arcaea:heartjackin:default,1080_base,,false,filename base/1080_base; _256 retained as APK rendition candidate,high
heartjackin,189,Heart Jackin',"{""en"":""Heart Jackin'""}",Yu_Asahina,alice_append_1,,1607558401,0,dl_heartjackin,default,,,,,,,,assets/songs/dl_heartjackin/1080_base_256.jpg,c2b58dcad54203645057a859524789f59cfd5ca13613b610d04ad087b58aac90,5383468548c3223529cb7ddf19c4c7b6952f2e7efaa021f477c707a925161a79,72415,384,384,image/jpeg,song-jacket,low-resolution/derived candidate,arcaea:heartjackin:default,1080_base,,true,filename base/1080_base; _256 retained as APK rendition candidate,high
heavenlycaress,141,Heavenly caress,"{""en"":""Heavenly caress""}",Noah,single,,1572048001,0,dl_heavenlycaress,difficulty-specific,BYD,3,True,BYD,,,,assets/songs/dl_heavenlycaress/1080_3.jpg,c2b58dcad54203645057a859524789f59cfd5ca13613b610d04ad087b58aac90,31cfad86688bf4d27d128987b0786ae68320b62c72d077265bd52a24060e278f,298337,768,768,image/jpeg,song-jacket,primary-resolution candidate,arcaea:heavenlycaress:difficulty:BYD,1080_3,,false,numeric suffix=3; filename-to-ratingClass mapping is a candidate; jacketOverride=True,high
heavenlycaress,141,Heavenly caress,"{""en"":""Heavenly caress""}",Noah,single,,1572048001,0,dl_heavenlycaress,difficulty-specific,BYD,3,True,BYD,,,,assets/songs/dl_heavenlycaress/1080_3_256.jpg,c2b58dcad54203645057a859524789f59cfd5ca13613b610d04ad087b58aac90,2805f311823235c1748d9ae5dca88fe4f480336c91805cc251d4b0f27313853b,83558,384,384,image/jpeg,song-jacket,low-resolution/derived candidate,arcaea:heavenlycaress:difficulty:BYD,1080_3,,true,numeric suffix=3; filename-to-ratingClass mapping is a candidate; jacketOverride=True,high
heavenlycaress,141,Heavenly caress,"{""en"":""Heavenly caress""}",Noah,single,,1572048001,0,dl_heavenlycaress,default,,,,BYD,,,,assets/songs/dl_heavenlycaress/1080_base.jpg,c2b58dcad54203645057a859524789f59cfd5ca13613b610d04ad087b58aac90,4079bc7b48be6c261cb14f36139274fefe0824079787c2a170e8d5a46258f824,328723,768,768,image/jpeg,song-jacket,primary-resolution candidate,arcaea:heavenlycaress:default,1080_base,,false,filename base/1080_base; _256 retained as APK rendition candidate,high
heavenlycaress,141,Heavenly caress,"{""en"":""Heavenly caress""}",Noah,single,,1572048001,0,dl_heavenlycaress,default,,,,BYD,,,,assets/songs/dl_heavenlycaress/1080_base_256.jpg,c2b58dcad54203645057a859524789f59cfd5ca13613b610d04ad087b58aac90,7b28440b1cffd8c504a81420f9d004572b69679f528d42d754089e1367259a24,80672,384,384,image/jpeg,song-jacket,low-resolution/derived candidate,arcaea:heavenlycaress:default,1080_base,,true,filename base/1080_base; _256 retained as APK rendition candidate,high
heavensdoor,129,Heavensdoor,"{""en"":""Heavensdoor""}",LeaF,prelude,,1563408003,1,dl_heavensdoor,difficulty-specific,BYD,3,True,BYD,,,,assets/songs/dl_heavensdoor/1080_3.jpg,c2b58dcad54203645057a859524789f59cfd5ca13613b610d04ad087b58aac90,d04dfad1e2c9240cdb059ade18e539995013853206636cf75c40303d0e79d8f5,331778,768,768,image/jpeg,song-jacket,primary-resolution candidate,arcaea:heavensdoor:difficulty:BYD,1080_3,,false,numeric suffix=3; filename-to-ratingClass mapping is a candidate; jacketOverride=True,high
heavensdoor,129,Heavensdoor,"{""en"":""Heavensdoor""}",LeaF,prelude,,1563408003,1,dl_heavensdoor,difficulty-specific,BYD,3,True,BYD,,,,assets/songs/dl_heavensdoor/1080_3_256.jpg,c2b58dcad54203645057a859524789f59cfd5ca13613b610d04ad087b58aac90,a2697b5557518966f74f7ca35de813d5aca1e84e7cb1c1a0873f5bd30442ef68,85496,384,384,image/jpeg,song-jacket,low-resolution/derived candidate,arcaea:heavensdoor:difficulty:BYD,1080_3,,true,numeric suffix=3; filename-to-ratingClass mapping is a candidate; jacketOverride=True,high
heavensdoor,129,Heavensdoor,"{""en"":""Heavensdoor""}",LeaF,prelude,,1563408003,1,dl_heavensdoor,default,,,,BYD,,,,assets/songs/dl_heavensdoor/1080_base.jpg,c2b58dcad54203645057a859524789f59cfd5ca13613b610d04ad087b58aac90,240484783a07f29d70ed0fd2b98bdd6d0f69abd638caa001aff71ae4e48a8098,85527,768,768,image/jpeg,song-jacket,primary-resolution candidate,arcaea:heavensdoor:default,1080_base,,false,filename base/1080_base; _256 retained as APK rendition candidate,high
heavensdoor,129,Heavensdoor,"{""en"":""Heavensdoor""}",LeaF,prelude,,1563408003,1,dl_heavensdoor,default,,,,BYD,,,,assets/songs/dl_heavensdoor/1080_base_256.jpg,c2b58dcad54203645057a859524789f59cfd5ca13613b610d04ad087b58aac90,facd002a52a96dc4dfd9b114cb035749febed33441bc31b5574614ad06d447f8,18912,384,384,image/jpeg,song-jacket,low-resolution/derived candidate,arcaea:heavensdoor:default,1080_base,,true,filename base/1080_base; _256 retained as APK rendition candidate,high
hellohell,378,HELLOHELL,"{""en"":""HELLOHELL""}",暁Records,extend_3,,1711324800,1,dl_hellohell,default,,,,,,,,assets/songs/dl_hellohell/1080_base.jpg,c2b58dcad54203645057a859524789f59cfd5ca13613b610d04ad087b58aac90,1e30708e09e3b7ac5f2cad459f079512c973c335aa4d675252aa7d530c620a69,276790,768,768,image/jpeg,song-jacket,primary-resolution candidate,arcaea:hellohell:default,1080_base,,false,filename base/1080_base; _256 retained as APK rendition candidate,high
hellohell,378,HELLOHELL,"{""en"":""HELLOHELL""}",暁Records,extend_3,,1711324800,1,dl_hellohell,default,,,,,,,,assets/songs/dl_hellohell/1080_base_256.jpg,c2b58dcad54203645057a859524789f59cfd5ca13613b610d04ad087b58aac90,ea34ccef97268829c409ab5fd7e7162215b576cd2265030e8853c9f7314d3419,106060,384,384,image/jpeg,song-jacket,low-resolution/derived candidate,arcaea:hellohell:default,1080_base,,true,filename base/1080_base; _256 retained as APK rendition candidate,high
hiirogekka,302,"Hiiro Gekka, Kyoushou no Zetsu (nayuta 2017 ver.)","{""en"":""Hiiro Gekka, Kyoushou no Zetsu (nayuta 2017 ver.)"",""ja"":""緋色月下、狂咲ノ絶 (nayuta 2017 ver.)""}",nayuta x 黒鳥(EastNewSound),single,,1677715202,1,dl_hiirogekka,default,,,,,,,,assets/songs/dl_hiirogekka/1080_base.jpg,c2b58dcad54203645057a859524789f59cfd5ca13613b610d04ad087b58aac90,115e163a9fe36ee827144eee2abea4b38c9ed61f82f6a9064dc393aa2a4b977e,218977,768,768,image/jpeg,song-jacket,primary-resolution candidate,arcaea:hiirogekka:default,1080_base,,false,filename base/1080_base; _256 retained as APK rendition candidate,high
hiirogekka,302,"Hiiro Gekka, Kyoushou no Zetsu (nayuta 2017 ver.)","{""en"":""Hiiro Gekka, Kyoushou no Zetsu (nayuta 2017 ver.)"",""ja"":""緋色月下、狂咲ノ絶 (nayuta 2017 ver.)""}",nayuta x 黒鳥(EastNewSound),single,,1677715202,1,dl_hiirogekka,default,,,,,,,,assets/songs/dl_hiirogekka/1080_base_256.jpg,c2b58dcad54203645057a859524789f59cfd5ca13613b610d04ad087b58aac90,75d67cbc17cdc2f3994f54ba13b4ae0d2459ebefc93406bf584c90f106645987,51472,384,384,image/jpeg,song-jacket,low-resolution/derived candidate,arcaea:hiirogekka:default,1080_base,,true,filename base/1080_base; _256 retained as APK rendition candidate,high
hikari,96,Hikari,"{""ja"":""光"",""en"":""Hikari""}",THB,tonesphere,,1538870400,1,dl_hikari,default,,,,,,,,assets/songs/dl_hikari/1080_base.jpg,c2b58dcad54203645057a859524789f59cfd5ca13613b610d04ad087b58aac90,8abb7905a552a418ff5b782003d93cc67d469a8fd872b528d73a4d2a47938d9b,283494,768,768,image/jpeg,song-jacket,primary-resolution candidate,arcaea:hikari:default,1080_base,,false,filename base/1080_base; _256 retained as APK rendition candidate,high
hikari,96,Hikari,"{""ja"":""光"",""en"":""Hikari""}",THB,tonesphere,,1538870400,1,dl_hikari,default,,,,,,,,assets/songs/dl_hikari/1080_base_256.jpg,c2b58dcad54203645057a859524789f59cfd5ca13613b610d04ad087b58aac90,3ae24a0fa00767be1c4b9c2b84af115dd1146390ac90fa3e211deae5ece0cbd2,73161,384,384,image/jpeg,song-jacket,low-resolution/derived candidate,arcaea:hikari:default,1080_base,,true,filename base/1080_base; _256 retained as APK rendition candidate,high
hivemind,222,HIVEMIND,"{""en"":""HIVEMIND""}",かたぎり,extend,,1626825605,1,dl_hivemind,default,,,,,,,,assets/songs/dl_hivemind/1080_base.jpg,c2b58dcad54203645057a859524789f59cfd5ca13613b610d04ad087b58aac90,11a2c562e3a9e91f434c109853a8e9b2fcc75ec7c63981a30c34111cf7005f0a,254625,768,768,image/jpeg,song-jacket,primary-resolution candidate,arcaea:hivemind:default,1080_base,,false,filename base/1080_base; _256 retained as APK rendition candidate,high
hivemind,222,HIVEMIND,"{""en"":""HIVEMIND""}",かたぎり,extend,,1626825605,1,dl_hivemind,default,,,,,,,,assets/songs/dl_hivemind/1080_base_256.jpg,c2b58dcad54203645057a859524789f59cfd5ca13613b610d04ad087b58aac90,ccad6f1b414dd10667726f8882a4d93d87fd0cf3a88430a1c4a6210af616d332,74466,384,384,image/jpeg,song-jacket,low-resolution/derived candidate,arcaea:hivemind:default,1080_base,,true,filename base/1080_base; _256 retained as APK rendition candidate,high
hotarubinoyuki,368,Hotarubi no Yuki,"{""en"":""Hotarubi no Yuki"",""ja"":""蛍火の雪""}",Endorfin.,omatsuri,,1705017600,0,dl_hotarubinoyuki,default,,,,,,,,assets/songs/dl_hotarubinoyuki/1080_base.jpg,c2b58dcad54203645057a859524789f59cfd5ca13613b610d04ad087b58aac90,9b0c620ff1a8eee62bd8260f3a97d6350745e74ccf0a373e22147025ed0ebcaf,271109,768,768,image/jpeg,song-jacket,primary-resolution candidate,arcaea:hotarubinoyuki:default,1080_base,,false,filename base/1080_base; _256 retained as APK rendition candidate,high
hotarubinoyuki,368,Hotarubi no Yuki,"{""en"":""Hotarubi no Yuki"",""ja"":""蛍火の雪""}",Endorfin.,omatsuri,,1705017600,0,dl_hotarubinoyuki,default,,,,,,,,assets/songs/dl_hotarubinoyuki/1080_base_256.jpg,c2b58dcad54203645057a859524789f59cfd5ca13613b610d04ad087b58aac90,89c2018448af1b030d4692127d7777b90c7922e3e828aa5bf96379ababbe582f,89535,384,384,image/jpeg,song-jacket,low-resolution/derived candidate,arcaea:hotarubinoyuki:default,1080_base,,true,filename base/1080_base; _256 retained as APK rendition candidate,high
hybris,321,Hybris (The one who shattered),"{""en"":""Hybris (The one who shattered)"",""ja"":""ヒュブリスの頂に聳えるのは""}",qfeileadh feat.のあ,extend_2,,1684972803,1,dl_hybris,default,,,,,,,,assets/songs/dl_hybris/1080_base.jpg,c2b58dcad54203645057a859524789f59cfd5ca13613b610d04ad087b58aac90,7397500e99530a0c9caa988cbf5a06b20264dee8b37e39b5411b2ea7653c8108,446174,768,768,image/jpeg,song-jacket,primary-resolution candidate,arcaea:hybris:default,1080_base,,false,filename base/1080_base; _256 retained as APK rendition candidate,high
hybris,321,Hybris (The one who shattered),"{""en"":""Hybris (The one who shattered)"",""ja"":""ヒュブリスの頂に聳えるのは""}",qfeileadh feat.のあ,extend_2,,1684972803,1,dl_hybris,default,,,,,,,,assets/songs/dl_hybris/1080_base_256.jpg,c2b58dcad54203645057a859524789f59cfd5ca13613b610d04ad087b58aac90,87d36fabf7cc3014a77dd3c692649579487341fdc801a104977230b79a7c9bba,102269,384,384,image/jpeg,song-jacket,low-resolution/derived candidate,arcaea:hybris:default,1080_base,,true,filename base/1080_base; _256 retained as APK rendition candidate,high
hypervision,399,HYPER VISION,"{""en"":""HYPER VISION""}",VOLTA,single,,1719446404,1,dl_hypervision,default,,,,,,,,assets/songs/dl_hypervision/1080_base.jpg,c2b58dcad54203645057a859524789f59cfd5ca13613b610d04ad087b58aac90,7a658b045d8493f65f96408fe1d9414886732adc7f93d1f39934f2e3e17470f5,288223,768,768,image/jpeg,song-jacket,primary-resolution candidate,arcaea:hypervision:default,1080_base,,false,filename base/1080_base; _256 retained as APK rendition candidate,high
hypervision,399,HYPER VISION,"{""en"":""HYPER VISION""}",VOLTA,single,,1719446404,1,dl_hypervision,default,,,,,,,,assets/songs/dl_hypervision/1080_base_256.jpg,c2b58dcad54203645057a859524789f59cfd5ca13613b610d04ad087b58aac90,647664eafaeaf4fb9ecd1262196fc5a8a4c569b9e3bde84775fb1c2c8c68198e,100181,384,384,image/jpeg,song-jacket,low-resolution/derived candidate,arcaea:hypervision:default,1080_base,,true,filename base/1080_base; _256 retained as APK rendition candidate,high
hypnotize,404,Hypnotize,"{""en"":""Hypnotize""}",rejection,nihil,,1722297603,1,dl_hypnotize,default,,,,,,,,assets/songs/dl_hypnotize/1080_base.jpg,c2b58dcad54203645057a859524789f59cfd5ca13613b610d04ad087b58aac90,673b008d82df8ce2180637eafbaa92580c9a87cca9822aed9aaba509dacd5a90,241104,768,768,image/jpeg,song-jacket,primary-resolution candidate,arcaea:hypnotize:default,1080_base,,false,filename base/1080_base; _256 retained as APK rendition candidate,high
hypnotize,404,Hypnotize,"{""en"":""Hypnotize""}",rejection,nihil,,1722297603,1,dl_hypnotize,default,,,,,,,,assets/songs/dl_hypnotize/1080_base_256.jpg,c2b58dcad54203645057a859524789f59cfd5ca13613b610d04ad087b58aac90,a8be8ebccae55860b9d4d76908f89650f7b2eebfee6d673115dececd41250a3c,78675,384,384,image/jpeg,song-jacket,low-resolution/derived candidate,arcaea:hypnotize:default,1080_base,,true,filename base/1080_base; _256 retained as APK rendition candidate,high
ichirin,379,〇、,"{""en"":""〇、"",""ko_dialog"":""、""}",Kolaa & 熊子,extend_3,,1711324801,0,dl_ichirin,default,,,,,,,,assets/songs/dl_ichirin/1080_base.jpg,c2b58dcad54203645057a859524789f59cfd5ca13613b610d04ad087b58aac90,f2f96105e09227ee79652ea840b03c26bbd2ebf000d6ef81c281b34104bd1b5e,122128,768,768,image/jpeg,song-jacket,primary-resolution candidate,arcaea:ichirin:default,1080_base,,false,filename base/1080_base; _256 retained as APK rendition candidate,high
ichirin,379,〇、,"{""en"":""〇、"",""ko_dialog"":""、""}",Kolaa & 熊子,extend_3,,1711324801,0,dl_ichirin,default,,,,,,,,assets/songs/dl_ichirin/1080_base_256.jpg,c2b58dcad54203645057a859524789f59cfd5ca13613b610d04ad087b58aac90,97cc0e4e265bfa35946fd07e0f787203c568bf5f168e7b529a823031e096b6b7,46279,384,384,image/jpeg,song-jacket,low-resolution/derived candidate,arcaea:ichirin:default,1080_base,,true,filename base/1080_base; _256 retained as APK rendition candidate,high
iconoclast,53,Iconoclast,"{""en"":""Iconoclast""}",Yamajet,yugamu,,1509667203,1,dl_iconoclast,default,,,,,,,,assets/songs/dl_iconoclast/1080_base.jpg,c2b58dcad54203645057a859524789f59cfd5ca13613b610d04ad087b58aac90,8a2231ffe30293b1b4a1ce96f42ddaec845ac58cb1b81227bd67296a6e1e970f,270901,768,768,image/jpeg,song-jacket,primary-resolution candidate,arcaea:iconoclast:default,1080_base,,false,filename base/1080_base; _256 retained as APK rendition candidate,high
iconoclast,53,Iconoclast,"{""en"":""Iconoclast""}",Yamajet,yugamu,,1509667203,1,dl_iconoclast,default,,,,,,,,assets/songs/dl_iconoclast/1080_base_256.jpg,c2b58dcad54203645057a859524789f59cfd5ca13613b610d04ad087b58aac90,44ab53cdea86b89db255a998139efc223365e5314d9a353bef083b0397dc8fcf,72002,384,384,image/jpeg,song-jacket,low-resolution/derived candidate,arcaea:iconoclast:default,1080_base,,true,filename base/1080_base; _256 retained as APK rendition candidate,high
ifi,159,#1f1e33,"{""en"":""#1f1e33""}",かめりあ(EDP),vs,,1590537604,1,dl_ifi,default,,,,,,,,assets/songs/dl_ifi/1080_base.jpg,c2b58dcad54203645057a859524789f59cfd5ca13613b610d04ad087b58aac90,817c16bc8363f14610d7291d9d00c8c37994bd3e1d4abc0aad696bf1ab78b4b0,356257,768,768,image/jpeg,song-jacket,primary-resolution candidate,arcaea:ifi:default,1080_base,,false,filename base/1080_base; _256 retained as APK rendition candidate,high
ifi,159,#1f1e33,"{""en"":""#1f1e33""}",かめりあ(EDP),vs,,1590537604,1,dl_ifi,default,,,,,,,,assets/songs/dl_ifi/1080_base_256.jpg,c2b58dcad54203645057a859524789f59cfd5ca13613b610d04ad087b58aac90,eaeb6508b5bbbfbad748ecb8d1484c7fe43383eaf9480c6175a7f10e42f9c948,92939,384,384,image/jpeg,song-jacket,low-resolution/derived candidate,arcaea:ifi:default,1080_base,,true,filename base/1080_base; _256 retained as APK rendition candidate,high
ignition,435,Ignition,"{""en"":""Ignition""}",パソコン音楽クラブ,chunithm_append_3,,1734566400,0,dl_ignition,default,,,,,,,,assets/songs/dl_ignition/1080_base.jpg,c2b58dcad54203645057a859524789f59cfd5ca13613b610d04ad087b58aac90,4b6b4e78aeb8b5d58c84d0339a0b2d31a7b824d32d4e17bb1a2154df3d20a3a0,441689,768,768,image/jpeg,song-jacket,primary-resolution candidate,arcaea:ignition:default,1080_base,,false,filename base/1080_base; _256 retained as APK rendition candidate,high
ignition,435,Ignition,"{""en"":""Ignition""}",パソコン音楽クラブ,chunithm_append_3,,1734566400,0,dl_ignition,default,,,,,,,,assets/songs/dl_ignition/1080_base_256.jpg,c2b58dcad54203645057a859524789f59cfd5ca13613b610d04ad087b58aac90,53c3b10f3f6a8148d69277095a16b9d00a6c476baf3d7001c71d54da7e706399,118544,384,384,image/jpeg,song-jacket,low-resolution/derived candidate,arcaea:ignition:default,1080_base,,true,filename base/1080_base; _256 retained as APK rendition candidate,high
ignotus,41,Ignotus,"{""en"":""Ignotus""}",ak+q,base,,1500163200,1,dl_ignotus,difficulty-specific,BYD,3,True,BYD,,"{""en"":""Ignotus Afterburn""}",True,assets/songs/dl_ignotus/1080_3.jpg,c2b58dcad54203645057a859524789f59cfd5ca13613b610d04ad087b58aac90,12bda842b223a89a193f94a53c354b4b9070577188751384a150cf0ba6100145,206041,768,768,image/jpeg,song-jacket,primary-resolution candidate,arcaea:ignotus:difficulty:BYD,1080_3,,false,numeric suffix=3; filename-to-ratingClass mapping is a candidate; jacketOverride=True,high
ignotus,41,Ignotus,"{""en"":""Ignotus""}",ak+q,base,,1500163200,1,dl_ignotus,difficulty-specific,BYD,3,True,BYD,,"{""en"":""Ignotus Afterburn""}",True,assets/songs/dl_ignotus/1080_3_256.jpg,c2b58dcad54203645057a859524789f59cfd5ca13613b610d04ad087b58aac90,6c41009ee742fc1d86588bec9329e2c62ab12297608cd34f6f2da0d260fbc5fe,60444,384,384,image/jpeg,song-jacket,low-resolution/derived candidate,arcaea:ignotus:difficulty:BYD,1080_3,,true,numeric suffix=3; filename-to-ratingClass mapping is a candidate; jacketOverride=True,high
ignotus,41,Ignotus,"{""en"":""Ignotus""}",ak+q,base,,1500163200,1,dl_ignotus,default,,,,BYD,,,,assets/songs/dl_ignotus/1080_base.jpg,c2b58dcad54203645057a859524789f59cfd5ca13613b610d04ad087b58aac90,30b8e1b4e0526038c7cf5a68a79bcc202366313aab5ab8e414daa6177208d55f,260795,768,768,image/jpeg,song-jacket,primary-resolution candidate,arcaea:ignotus:default,1080_base,,false,filename base/1080_base; _256 retained as APK rendition candidate,high
ignotus,41,Ignotus,"{""en"":""Ignotus""}",ak+q,base,,1500163200,1,dl_ignotus,default,,,,BYD,,,,assets/songs/dl_ignotus/1080_base_256.jpg,c2b58dcad54203645057a859524789f59cfd5ca13613b610d04ad087b58aac90,f4cdeab9c672cb5d708a85ccdbe8d7427a78d3af3ef913d3ba887ff76fff2ae6,58249,384,384,image/jpeg,song-jacket,low-resolution/derived candidate,arcaea:ignotus:default,1080_base,,true,filename base/1080_base; _256 retained as APK rendition candidate,high
ii,333, ͟͝͞Ⅱ́̕ ,"{""en"":"" ͟͝͞Ⅱ́̕ "",""zh-Hant"":""II"",""zh-Hans"":""II"",""ko"":""II""}",Cytus,cytusii_append_1,,1689724804,1,dl_ii,difficulty-specific,PST,0,True,PRS;PST,,,,assets/songs/dl_ii/1080_0.jpg,c2b58dcad54203645057a859524789f59cfd5ca13613b610d04ad087b58aac90,0f1b82c121ff5bfb18368f3208b45c173cd4b95ce77b9a44c3cdf8daf134dd05,152375,768,768,image/jpeg,song-jacket,primary-resolution candidate,arcaea:ii:difficulty:PST,1080_0,,false,numeric suffix=0; filename-to-ratingClass mapping is a candidate; jacketOverride=True,high
ii,333, ͟͝͞Ⅱ́̕ ,"{""en"":"" ͟͝͞Ⅱ́̕ "",""zh-Hant"":""II"",""zh-Hans"":""II"",""ko"":""II""}",Cytus,cytusii_append_1,,1689724804,1,dl_ii,difficulty-specific,PST,0,True,PRS;PST,,,,assets/songs/dl_ii/1080_0_256.jpg,c2b58dcad54203645057a859524789f59cfd5ca13613b610d04ad087b58aac90,d6abcfb40e3c23fe3deccecc6d9e2dbfedcb60337f60fbe883dbcbb471d818e1,43332,384,384,image/jpeg,song-jacket,low-resolution/derived candidate,arcaea:ii:difficulty:PST,1080_0,,true,numeric suffix=0; filename-to-ratingClass mapping is a candidate; jacketOverride=True,high
ii,333, ͟͝͞Ⅱ́̕ ,"{""en"":"" ͟͝͞Ⅱ́̕ "",""zh-Hant"":""II"",""zh-Hans"":""II"",""ko"":""II""}",Cytus,cytusii_append_1,,1689724804,1,dl_ii,difficulty-specific,PRS,1,True,PRS;PST,,,,assets/songs/dl_ii/1080_1.jpg,c2b58dcad54203645057a859524789f59cfd5ca13613b610d04ad087b58aac90,28f8f56aab18112a7ae69ed7ad7be5a52fa337fb0a4cd5591bbe1ba71c88fadf,149707,768,768,image/jpeg,song-jacket,primary-resolution candidate,arcaea:ii:difficulty:PRS,1080_1,,false,numeric suffix=1; filename-to-ratingClass mapping is a candidate; jacketOverride=True,high
ii,333, ͟͝͞Ⅱ́̕ ,"{""en"":"" ͟͝͞Ⅱ́̕ "",""zh-Hant"":""II"",""zh-Hans"":""II"",""ko"":""II""}",Cytus,cytusii_append_1,,1689724804,1,dl_ii,difficulty-specific,PRS,1,True,PRS;PST,,,,assets/songs/dl_ii/1080_1_256.jpg,c2b58dcad54203645057a859524789f59cfd5ca13613b610d04ad087b58aac90,478ff29506805bfb9996fd28b42f6e8526ca4fe635796f08fc2b7d157bb1fda4,42208,384,384,image/jpeg,song-jacket,low-resolution/derived candidate,arcaea:ii:difficulty:PRS,1080_1,,true,numeric suffix=1; filename-to-ratingClass mapping is a candidate; jacketOverride=True,high
ii,333, ͟͝͞Ⅱ́̕ ,"{""en"":"" ͟͝͞Ⅱ́̕ "",""zh-Hant"":""II"",""zh-Hans"":""II"",""ko"":""II""}",Cytus,cytusii_append_1,,1689724804,1,dl_ii,default,,,,PRS;PST,,,,assets/songs/dl_ii/1080_base.jpg,c2b58dcad54203645057a859524789f59cfd5ca13613b610d04ad087b58aac90,a1101320dfd2ee075487c99e73761fb9079f111cf51b013e38ceff8b04221f5d,162145,768,768,image/jpeg,song-jacket,primary-resolution candidate,arcaea:ii:default,1080_base,,false,filename base/1080_base; _256 retained as APK rendition candidate,high
ii,333, ͟͝͞Ⅱ́̕ ,"{""en"":"" ͟͝͞Ⅱ́̕ "",""zh-Hant"":""II"",""zh-Hans"":""II"",""ko"":""II""}",Cytus,cytusii_append_1,,1689724804,1,dl_ii,default,,,,PRS;PST,,,,assets/songs/dl_ii/1080_base_256.jpg,c2b58dcad54203645057a859524789f59cfd5ca13613b610d04ad087b58aac90,4a63244ce906c7df3719edfdf33e375f8bfcab845e2bcc464f33d31a86b5fd1c,45197,384,384,image/jpeg,song-jacket,low-resolution/derived candidate,arcaea:ii:default,1080_base,,true,filename base/1080_base; _256 retained as APK rendition candidate,high
ikazuchi,124,Ikazuchi,"{""en"":""Ikazuchi"",""ja"":""怒槌""}",光吉猛修,chunithm,,1558573201,1,dl_ikazuchi,default,,,,,,,,assets/songs/dl_ikazuchi/1080_base.jpg,c2b58dcad54203645057a859524789f59cfd5ca13613b610d04ad087b58aac90,ffb007c4d9691eb61c46d1e5d13ddf1e8dbc8f776df16b42b2c0d393e2a74f56,581813,768,768,image/jpeg,song-jacket,primary-resolution candidate,arcaea:ikazuchi:default,1080_base,,false,filename base/1080_base; _256 retained as APK rendition candidate,high
ikazuchi,124,Ikazuchi,"{""en"":""Ikazuchi"",""ja"":""怒槌""}",光吉猛修,chunithm,,1558573201,1,dl_ikazuchi,default,,,,,,,,assets/songs/dl_ikazuchi/1080_base_256.jpg,c2b58dcad54203645057a859524789f59cfd5ca13613b610d04ad087b58aac90,266d667ffcc022aa8307d05e3f40ed33f92575e3fb82a0bb8aef64da383b7936,134365,384,384,image/jpeg,song-jacket,low-resolution/derived candidate,arcaea:ikazuchi:default,1080_base,,true,filename base/1080_base; _256 retained as APK rendition candidate,high
impact,310,IMPACT,"{""en"":""IMPACT""}",USAO feat. 光吉猛修,chunithm_append_2,,1679529601,0,dl_impact,default,,,,,,,,assets/songs/dl_impact/1080_base.jpg,c2b58dcad54203645057a859524789f59cfd5ca13613b610d04ad087b58aac90,1d66ffcca77fb721efae2d0d5328d9e3b9bca99a3166833d1ef968157dc93e82,305550,768,768,image/jpeg,song-jacket,primary-resolution candidate,arcaea:impact:default,1080_base,,false,filename base/1080_base; _256 retained as APK rendition candidate,high
impact,310,IMPACT,"{""en"":""IMPACT""}",USAO feat. 光吉猛修,chunithm_append_2,,1679529601,0,dl_impact,default,,,,,,,,assets/songs/dl_impact/1080_base_256.jpg,c2b58dcad54203645057a859524789f59cfd5ca13613b610d04ad087b58aac90,97c9186fcaac04fcde464d33ef48745b624a827f6473e9a4a4ba596dfbe92efb,83955,384,384,image/jpeg,song-jacket,low-resolution/derived candidate,arcaea:impact:default,1080_base,,true,filename base/1080_base; _256 retained as APK rendition candidate,high
impurebird,40,Impure Bird,"{""en"":""Impure Bird"",""ja"":""不浄な白い鳥""}",MIssionary,single,,1500163201,0,dl_impurebird,default,,,,,,,,assets/songs/dl_impurebird/1080_base.jpg,c2b58dcad54203645057a859524789f59cfd5ca13613b610d04ad087b58aac90,89442ac665b779f4995b883f9e787f44e65ac59f9f99dc1d28c73365af2e5895,267549,768,768,image/jpeg,song-jacket,primary-resolution candidate,arcaea:impurebird:default,1080_base,,false,filename base/1080_base; _256 retained as APK rendition candidate,high
impurebird,40,Impure Bird,"{""en"":""Impure Bird"",""ja"":""不浄な白い鳥""}",MIssionary,single,,1500163201,0,dl_impurebird,default,,,,,,,,assets/songs/dl_impurebird/1080_base_256.jpg,c2b58dcad54203645057a859524789f59cfd5ca13613b610d04ad087b58aac90,076fc4d1c8b372c1068b5e1483728449fa4fdc073d6aa5087e9c6bf0644c6d1e,78568,384,384,image/jpeg,song-jacket,low-resolution/derived candidate,arcaea:impurebird:default,1080_base,,true,filename base/1080_base; _256 retained as APK rendition candidate,high
incarnator,501,INCARNATOR₀₀,"{""en"":""INCARNATOR₀₀"",""ko_dialog"":""INCARNATOR00"",""zh-Hans_dialog"":""INCARNATOR00"",""zh-Hant_dialog"":""INCARNATOR00""}",Silentroom × N²,nextstage,,1763769601,1,dl_incarnator,default,,,,,,,,assets/songs/dl_incarnator/1080_base.jpg,c2b58dcad54203645057a859524789f59cfd5ca13613b610d04ad087b58aac90,674228ca0c0e64a8de3823f1f4a7a9189be55aaa697c3e7c3e1a922155e2d3e9,399686,768,768,image/jpeg,song-jacket,primary-resolution candidate,arcaea:incarnator:default,1080_base,,false,filename base/1080_base; _256 retained as APK rendition candidate,high
incarnator,501,INCARNATOR₀₀,"{""en"":""INCARNATOR₀₀"",""ko_dialog"":""INCARNATOR00"",""zh-Hans_dialog"":""INCARNATOR00"",""zh-Hant_dialog"":""INCARNATOR00""}",Silentroom × N²,nextstage,,1763769601,1,dl_incarnator,default,,,,,,,,assets/songs/dl_incarnator/1080_base_256.jpg,c2b58dcad54203645057a859524789f59cfd5ca13613b610d04ad087b58aac90,94b400d833d011c29c7c41b737517919afe1fe34881eb070f679786ba11553b3,101925,384,384,image/jpeg,song-jacket,low-resolution/derived candidate,arcaea:incarnator:default,1080_base,,true,filename base/1080_base; _256 retained as APK rendition candidate,high
incompleteone,480,incomplete the one,"{""en"":""incomplete the one""}",Halv feat.Kuroa*,anima_append_1,,1755734402,1,dl_incompleteone,default,,,,,,,,assets/songs/dl_incompleteone/1080_base.jpg,c2b58dcad54203645057a859524789f59cfd5ca13613b610d04ad087b58aac90,383f5b4b275ac28d59bc53416ee7409677b9540eac9309504d58f8f4a727d626,303464,768,768,image/jpeg,song-jacket,primary-resolution candidate,arcaea:incompleteone:default,1080_base,,false,filename base/1080_base; _256 retained as APK rendition candidate,high
incompleteone,480,incomplete the one,"{""en"":""incomplete the one""}",Halv feat.Kuroa*,anima_append_1,,1755734402,1,dl_incompleteone,default,,,,,,,,assets/songs/dl_incompleteone/1080_base_256.jpg,c2b58dcad54203645057a859524789f59cfd5ca13613b610d04ad087b58aac90,e353dbe7680121ab91b9a400dd32b1cadd11d6d850de5bb1c1e3b159c1d1b400,112274,384,384,image/jpeg,song-jacket,low-resolution/derived candidate,arcaea:incompleteone:default,1080_base,,true,filename base/1080_base; _256 retained as APK rendition candidate,high
infinitedim,500,INFINITE DIMENSION,"{""en"":""INFINITE DIMENSION""}",DJ Noriken × P*Light,nextstage,,1763769600,0,dl_infinitedim,default,,,,,,,,assets/songs/dl_infinitedim/1080_base.jpg,c2b58dcad54203645057a859524789f59cfd5ca13613b610d04ad087b58aac90,89158a6ae6dd811f4101c0739e67b74007f52e92f088096c1cce5928bb5a1770,577160,768,768,image/jpeg,song-jacket,primary-resolution candidate,arcaea:infinitedim:default,1080_base,,false,filename base/1080_base; _256 retained as APK rendition candidate,high
infinitedim,500,INFINITE DIMENSION,"{""en"":""INFINITE DIMENSION""}",DJ Noriken × P*Light,nextstage,,1763769600,0,dl_infinitedim,default,,,,,,,,assets/songs/dl_infinitedim/1080_base_256.jpg,c2b58dcad54203645057a859524789f59cfd5ca13613b610d04ad087b58aac90,69cc096fe1786670f3ef0930909e33de4b2ad948a65516453620e1115cea31f5,169041,384,384,image/jpeg,song-jacket,low-resolution/derived candidate,arcaea:infinitedim:default,1080_base,,true,filename base/1080_base; _256 retained as APK rendition candidate,high
infinitestrife,276,"Infinite Strife,","{""en"":""Infinite Strife,""}",BlackYooh vs. siromaru,finale,,1657152005,1,dl_infinitestrife,default,,,,,,,,assets/songs/dl_infinitestrife/1080_base.jpg,c2b58dcad54203645057a859524789f59cfd5ca13613b610d04ad087b58aac90,539585072d42ca9d474bd12f86760174d6b983fd4a17e90d47071d950db971a9,352083,768,768,image/jpeg,song-jacket,primary-resolution candidate,arcaea:infinitestrife:default,1080_base,,false,filename base/1080_base; _256 retained as APK rendition candidate,high
infinitestrife,276,"Infinite Strife,","{""en"":""Infinite Strife,""}",BlackYooh vs. siromaru,finale,,1657152005,1,dl_infinitestrife,default,,,,,,,,assets/songs/dl_infinitestrife/1080_base_256.jpg,c2b58dcad54203645057a859524789f59cfd5ca13613b610d04ad087b58aac90,6f44b710fafadbb822981a9801b0228c8c3b88a08bf7516ad5263fd1dc4ed204,94756,384,384,image/jpeg,song-jacket,low-resolution/derived candidate,arcaea:infinitestrife:default,1080_base,,true,filename base/1080_base; _256 retained as APK rendition candidate,high
infinity,306,[X],"{""en"":""[X]""}",Blacklolita,maimai_append_1,,1677715206,1,dl_infinity,default,,,,,,,,assets/songs/dl_infinity/1080_base.jpg,c2b58dcad54203645057a859524789f59cfd5ca13613b610d04ad087b58aac90,3f7a5ccb066972e86fa874f2fb61bb379986c15f212e64dfdb6ea77c21715616,171313,768,768,image/jpeg,song-jacket,primary-resolution candidate,arcaea:infinity:default,1080_base,,false,filename base/1080_base; _256 retained as APK rendition candidate,high
infinity,306,[X],"{""en"":""[X]""}",Blacklolita,maimai_append_1,,1677715206,1,dl_infinity,default,,,,,,,,assets/songs/dl_infinity/1080_base_256.jpg,c2b58dcad54203645057a859524789f59cfd5ca13613b610d04ad087b58aac90,6d01998db9e3f71242320ad3b7ca205e85cafc65c6496e2a960038fba9eb1faa,48938,384,384,image/jpeg,song-jacket,low-resolution/derived candidate,arcaea:infinity:default,1080_base,,true,filename base/1080_base; _256 retained as APK rendition candidate,high
init,253,init(),"{""en"":""init()""}",kamome sano,single,,1642636800,1,dl_init,default,,,,,,,,assets/songs/dl_init/1080_base.jpg,c2b58dcad54203645057a859524789f59cfd5ca13613b610d04ad087b58aac90,5c9fe74923d641deb88a53c3c6793e0fa29579e62e4cda2ad746c5182e9c29eb,253148,768,768,image/jpeg,song-jacket,primary-resolution candidate,arcaea:init:default,1080_base,,false,filename base/1080_base; _256 retained as APK rendition candidate,high
init,253,init(),"{""en"":""init()""}",kamome sano,single,,1642636800,1,dl_init,default,,,,,,,,assets/songs/dl_init/1080_base_256.jpg,c2b58dcad54203645057a859524789f59cfd5ca13613b610d04ad087b58aac90,5d4cb5621766c4d5d0cec6de218d520cef27d7a0352a8f18e1a61e41c61266d1,64113,384,384,image/jpeg,song-jacket,low-resolution/derived candidate,arcaea:init:default,1080_base,,true,filename base/1080_base; _256 retained as APK rendition candidate,high
innocence,372,Innocence,"{""en"":""Innocence""}",Powerless feat. Sennzai,single,,1709856004,0,dl_innocence,default,,,,,,,,assets/songs/dl_innocence/1080_base.jpg,c2b58dcad54203645057a859524789f59cfd5ca13613b610d04ad087b58aac90,46ab7bb77129c87d0335b8fcfb186472abbc0c17eae96b8d6e27708a78cce1a4,301242,768,768,image/jpeg,song-jacket,primary-resolution candidate,arcaea:innocence:default,1080_base,,false,filename base/1080_base; _256 retained as APK rendition candidate,high
innocence,372,Innocence,"{""en"":""Innocence""}",Powerless feat. Sennzai,single,,1709856004,0,dl_innocence,default,,,,,,,,assets/songs/dl_innocence/1080_base_256.jpg,c2b58dcad54203645057a859524789f59cfd5ca13613b610d04ad087b58aac90,76c3a78daf1fda9d1a7ebae15fe98def4aa9dcebe03f089d9c0b1d077a7b2d9b,95281,384,384,image/jpeg,song-jacket,low-resolution/derived candidate,arcaea:innocence:default,1080_base,,true,filename base/1080_base; _256 retained as APK rendition candidate,high
internetoverdose,254,INTERNET OVERDOSE,"{""en"":""INTERNET OVERDOSE""}",Aiobahn feat. KOTOKO,single,,1645056003,0,dl_internetoverdose,default,,,,,,,,assets/songs/dl_internetoverdose/1080_base.jpg,c2b58dcad54203645057a859524789f59cfd5ca13613b610d04ad087b58aac90,4ed6967df2afd518b2c55649a631836e610da62fd56b1d13cbd0024bccbe88fd,319683,768,768,image/jpeg,song-jacket,primary-resolution candidate,arcaea:internetoverdose:default,1080_base,,false,filename base/1080_base; _256 retained as APK rendition candidate,high
internetoverdose,254,INTERNET OVERDOSE,"{""en"":""INTERNET OVERDOSE""}",Aiobahn feat. KOTOKO,single,,1645056003,0,dl_internetoverdose,default,,,,,,,,assets/songs/dl_internetoverdose/1080_base_256.jpg,c2b58dcad54203645057a859524789f59cfd5ca13613b610d04ad087b58aac90,ca6ff9639cb4ad3c255ff79d0df77ff6213b3bc3eb4c52d4a1ca19c6eaba8748,91257,384,384,image/jpeg,song-jacket,low-resolution/derived candidate,arcaea:internetoverdose:default,1080_base,,true,filename base/1080_base; _256 retained as APK rendition candidate,high
internetyamero,323,INTERNET YAMERO,"{""en"":""INTERNET YAMERO""}",Aiobahn feat. KOTOKO,single,,1687910400,1,dl_internetyamero,default,,,,,,,,assets/songs/dl_internetyamero/1080_base.jpg,c2b58dcad54203645057a859524789f59cfd5ca13613b610d04ad087b58aac90,8a52042a7999142a96bb7b69cbe2bc5e2cb3070f1b6f53af974612ad09c8561e,344182,768,768,image/jpeg,song-jacket,primary-resolution candidate,arcaea:internetyamero:default,1080_base,,false,filename base/1080_base; _256 retained as APK rendition candidate,high
internetyamero,323,INTERNET YAMERO,"{""en"":""INTERNET YAMERO""}",Aiobahn feat. KOTOKO,single,,1687910400,1,dl_internetyamero,default,,,,,,,,assets/songs/dl_internetyamero/1080_base_256.jpg,c2b58dcad54203645057a859524789f59cfd5ca13613b610d04ad087b58aac90,d2b942f2ecafa0664ef8550d908679853b8cf92446ec2a882bb8f1b0ed200df0,99731,384,384,image/jpeg,song-jacket,low-resolution/derived candidate,arcaea:internetyamero:default,1080_base,,true,filename base/1080_base; _256 retained as APK rendition candidate,high
invain,403,In Vain,"{""en"":""In Vain""}",ryhki,nihil,,1722297602,1,dl_invain,default,,,,,,,,assets/songs/dl_invain/1080_base.jpg,c2b58dcad54203645057a859524789f59cfd5ca13613b610d04ad087b58aac90,98af503c247d77be65d1d83caffc5c01f14ba1700eb329152d698ffc3bde7f9b,322442,768,768,image/jpeg,song-jacket,primary-resolution candidate,arcaea:invain:default,1080_base,,false,filename base/1080_base; _256 retained as APK rendition candidate,high
invain,403,In Vain,"{""en"":""In Vain""}",ryhki,nihil,,1722297602,1,dl_invain,default,,,,,,,,assets/songs/dl_invain/1080_base_256.jpg,c2b58dcad54203645057a859524789f59cfd5ca13613b610d04ad087b58aac90,103b5033fef6cb8dbf5d8da16322839aea6b9a38b01c4de15e4bb6985e6f12f2,99447,384,384,image/jpeg,song-jacket,low-resolution/derived candidate,arcaea:invain:default,1080_base,,true,filename base/1080_base; _256 retained as APK rendition candidate,high
invertedworld,410,Inverted World,"{""en"":""Inverted World""}",ARForest,rotaeno,,1724889603,0,dl_invertedworld,default,,,,,,,,assets/songs/dl_invertedworld/1080_base.jpg,c2b58dcad54203645057a859524789f59cfd5ca13613b610d04ad087b58aac90,71b919e4d33f1d5b1a83087dfe940e92acdb11845ee461232c345feb8bd22200,305157,768,768,image/jpeg,song-jacket,primary-resolution candidate,arcaea:invertedworld:default,1080_base,,false,filename base/1080_base; _256 retained as APK rendition candidate,high
invertedworld,410,Inverted World,"{""en"":""Inverted World""}",ARForest,rotaeno,,1724889603,0,dl_invertedworld,default,,,,,,,,assets/songs/dl_invertedworld/1080_base_256.jpg,c2b58dcad54203645057a859524789f59cfd5ca13613b610d04ad087b58aac90,0a39f1ab3b08795386081514afdae9fb984ed0b55280d5bb956c5c8652ad1c3c,111557,384,384,image/jpeg,song-jacket,low-resolution/derived candidate,arcaea:invertedworld:default,1080_base,,true,filename base/1080_base; _256 retained as APK rendition candidate,high
ionostream,373,IONOSTREAM,"{""en"":""IONOSTREAM""}",Tatsh,single,,1709856005,1,dl_ionostream,default,,,,,,,,assets/songs/dl_ionostream/1080_base.jpg,c2b58dcad54203645057a859524789f59cfd5ca13613b610d04ad087b58aac90,64b64e1be1196c1e07000212930dccb894d83c111fb2e89719bcb41dabb2568e,285186,768,768,image/jpeg,song-jacket,primary-resolution candidate,arcaea:ionostream:default,1080_base,,false,filename base/1080_base; _256 retained as APK rendition candidate,high
ionostream,373,IONOSTREAM,"{""en"":""IONOSTREAM""}",Tatsh,single,,1709856005,1,dl_ionostream,default,,,,,,,,assets/songs/dl_ionostream/1080_base_256.jpg,c2b58dcad54203645057a859524789f59cfd5ca13613b610d04ad087b58aac90,bb34486c6666be77c976f0602415bb9835f4ce09e35c4257fc66f79218633dd2,91126,384,384,image/jpeg,song-jacket,low-resolution/derived candidate,arcaea:ionostream:default,1080_base,,true,filename base/1080_base; _256 retained as APK rendition candidate,high
iwantyou,467,I want You,"{""en"":""I want You""}",Lin-G,djmax_append_1,,1750896003,0,dl_iwantyou,default,,,,,,,,assets/songs/dl_iwantyou/1080_base.jpg,c2b58dcad54203645057a859524789f59cfd5ca13613b610d04ad087b58aac90,df75f7a9c88c818e33b8b7c58778c909a5c577086ebf47ed685fdb6005b524c4,230914,768,768,image/jpeg,song-jacket,primary-resolution candidate,arcaea:iwantyou:default,1080_base,,false,filename base/1080_base; _256 retained as APK rendition candidate,high
iwantyou,467,I want You,"{""en"":""I want You""}",Lin-G,djmax_append_1,,1750896003,0,dl_iwantyou,default,,,,,,,,assets/songs/dl_iwantyou/1080_base_256.jpg,c2b58dcad54203645057a859524789f59cfd5ca13613b610d04ad087b58aac90,645c9f27d009299bd4bbbd0aca5de850ccaea16234725c52591cb02184bbcf8b,105797,384,384,image/jpeg,song-jacket,low-resolution/derived candidate,arcaea:iwantyou:default,1080_base,,true,filename base/1080_base; _256 retained as APK rendition candidate,high
izana,148,IZANA,"{""en"":""IZANA""}",t+pazolite vs P*Light,single,,1579478402,0,dl_izana,default,,,,,,,,assets/songs/dl_izana/1080_base.jpg,c2b58dcad54203645057a859524789f59cfd5ca13613b610d04ad087b58aac90,0318e11eebf77f3308e755781ed6342e4afeace875b41da50255b327f7f32afa,317902,768,768,image/jpeg,song-jacket,primary-resolution candidate,arcaea:izana:default,1080_base,,false,filename base/1080_base; _256 retained as APK rendition candidate,high
izana,148,IZANA,"{""en"":""IZANA""}",t+pazolite vs P*Light,single,,1579478402,0,dl_izana,default,,,,,,,,assets/songs/dl_izana/1080_base_256.jpg,c2b58dcad54203645057a859524789f59cfd5ca13613b610d04ad087b58aac90,af0fd6673b704098b437c25d60c88a12a02ffbd2494f8ce40fcc8da2e5910c6e,82837,384,384,image/jpeg,song-jacket,low-resolution/derived candidate,arcaea:izana:default,1080_base,,true,filename base/1080_base; _256 retained as APK rendition candidate,high
journey,64,Journey,"{""en"":""Journey""}",ARForest,lanota,,1517443202,0,dl_journey,default,,,,,,,,assets/songs/dl_journey/1080_base.jpg,c2b58dcad54203645057a859524789f59cfd5ca13613b610d04ad087b58aac90,f678aeb14c82e99166013372c63a31d0db22d799a5a68f2ff9dc78e58413c2b5,273131,768,768,image/jpeg,song-jacket,primary-resolution candidate,arcaea:journey:default,1080_base,,false,filename base/1080_base; _256 retained as APK rendition candidate,high
journey,64,Journey,"{""en"":""Journey""}",ARForest,lanota,,1517443202,0,dl_journey,default,,,,,,,,assets/songs/dl_journey/1080_base_256.jpg,c2b58dcad54203645057a859524789f59cfd5ca13613b610d04ad087b58aac90,7770d43546d2c3b53fb39e51e79ce2e1a34bdb868d9d8f3ff4ac0efa1a1a445f,87029,384,384,image/jpeg,song-jacket,low-resolution/derived candidate,arcaea:journey:default,1080_base,,true,filename base/1080_base; _256 retained as APK rendition candidate,high
judgement,406,Judgement,"{""en"":""Judgement""}",Tatsunoshin,nihil,,1722297605,1,dl_judgement,default,,,,,,,,assets/songs/dl_judgement/1080_base.jpg,c2b58dcad54203645057a859524789f59cfd5ca13613b610d04ad087b58aac90,4fbacc329c7a28173eec8d23f4fd4dad56458bd824d1550b4ba73bbc6d0bd6e5,283439,768,768,image/jpeg,song-jacket,primary-resolution candidate,arcaea:judgement:default,1080_base,,false,filename base/1080_base; _256 retained as APK rendition candidate,high
judgement,406,Judgement,"{""en"":""Judgement""}",Tatsunoshin,nihil,,1722297605,1,dl_judgement,default,,,,,,,,assets/songs/dl_judgement/1080_base_256.jpg,c2b58dcad54203645057a859524789f59cfd5ca13613b610d04ad087b58aac90,5bd1f76594061a7aec079b71dd0781f901eb2fc985fac9b73e05959f14b9df28,92315,384,384,image/jpeg,song-jacket,low-resolution/derived candidate,arcaea:judgement:default,1080_base,,true,filename base/1080_base; _256 retained as APK rendition candidate,high
jump,186,Jump,"{""en"":""Jump""}",Rasmus Faber,alice,,1606953603,0,dl_jump,default,,,,,,,,assets/songs/dl_jump/1080_base.jpg,c2b58dcad54203645057a859524789f59cfd5ca13613b610d04ad087b58aac90,a3d504b95dd1ca0a6530c98ef166af21ff7d4672a2fa6bbed68a13a945430785,346067,768,768,image/jpeg,song-jacket,primary-resolution candidate,arcaea:jump:default,1080_base,,false,filename base/1080_base; _256 retained as APK rendition candidate,high
jump,186,Jump,"{""en"":""Jump""}",Rasmus Faber,alice,,1606953603,0,dl_jump,default,,,,,,,,assets/songs/dl_jump/1080_base_256.jpg,c2b58dcad54203645057a859524789f59cfd5ca13613b610d04ad087b58aac90,eed62fe3b67b2a68ed0f72f7e30c3220b38fdeeb0bfab1f4343f3ec66692e0e2,91317,384,384,image/jpeg,song-jacket,low-resolution/derived candidate,arcaea:jump:default,1080_base,,true,filename base/1080_base; _256 retained as APK rendition candidate,high
kamippoi,538,God-ish,"{""en"":""God-ish"",""ja"":""神っぽいな""}",ピノキオピー,virtualsingers,,1782345602,1,dl_kamippoi,default,,,,,,,,assets/songs/dl_kamippoi/1080_base.jpg,c2b58dcad54203645057a859524789f59cfd5ca13613b610d04ad087b58aac90,4f78b1f7e100b6b18082683084e50813d6dfe5cc01c18f0797820dadf6887653,259860,768,768,image/jpeg,song-jacket,primary-resolution candidate,arcaea:kamippoi:default,1080_base,,false,filename base/1080_base; _256 retained as APK rendition candidate,high
kamippoi,538,God-ish,"{""en"":""God-ish"",""ja"":""神っぽいな""}",ピノキオピー,virtualsingers,,1782345602,1,dl_kamippoi,default,,,,,,,,assets/songs/dl_kamippoi/1080_base_256.jpg,c2b58dcad54203645057a859524789f59cfd5ca13613b610d04ad087b58aac90,9bc28def59cf726b509862bc763b5a09b09ab989e9b54fe1a20fb40fedada4d5,87842,384,384,image/jpeg,song-jacket,low-resolution/derived candidate,arcaea:kamippoi:default,1080_base,,true,filename base/1080_base; _256 retained as APK rendition candidate,high
kanagawa,33,Kanagawa Cyber Culvert,"{""en"":""Kanagawa Cyber Culvert"",""ja"":""神奈川電脳暗渠""}",南ゆに,base,,1496188801,0,dl_kanagawa,difficulty-specific,BYD,3,True,BYD,,,,assets/songs/dl_kanagawa/1080_3.jpg,c2b58dcad54203645057a859524789f59cfd5ca13613b610d04ad087b58aac90,701a5c9f80aa9314030002a282705950fa47701ab4cbd6de63c8bbe89c41395f,346084,768,768,image/jpeg,song-jacket,primary-resolution candidate,arcaea:kanagawa:difficulty:BYD,1080_3,,false,numeric suffix=3; filename-to-ratingClass mapping is a candidate; jacketOverride=True,high
kanagawa,33,Kanagawa Cyber Culvert,"{""en"":""Kanagawa Cyber Culvert"",""ja"":""神奈川電脳暗渠""}",南ゆに,base,,1496188801,0,dl_kanagawa,difficulty-specific,BYD,3,True,BYD,,,,assets/songs/dl_kanagawa/1080_3_256.jpg,c2b58dcad54203645057a859524789f59cfd5ca13613b610d04ad087b58aac90,5e3b15d981419036b8b74c29119b11e5bf4b0156d3f192921e27bf78057ce1a5,86073,384,384,image/jpeg,song-jacket,low-resolution/derived candidate,arcaea:kanagawa:difficulty:BYD,1080_3,,true,numeric suffix=3; filename-to-ratingClass mapping is a candidate; jacketOverride=True,high
kanagawa,33,Kanagawa Cyber Culvert,"{""en"":""Kanagawa Cyber Culvert"",""ja"":""神奈川電脳暗渠""}",南ゆに,base,,1496188801,0,dl_kanagawa,default,,,,BYD,,,,assets/songs/dl_kanagawa/1080_base.jpg,c2b58dcad54203645057a859524789f59cfd5ca13613b610d04ad087b58aac90,c16eb59d3d0386d648680a2624e2ae5a925a61f8498d3fd9558a41da0cfbcb1c,283650,768,768,image/jpeg,song-jacket,primary-resolution candidate,arcaea:kanagawa:default,1080_base,,false,filename base/1080_base; _256 retained as APK rendition candidate,high
kanagawa,33,Kanagawa Cyber Culvert,"{""en"":""Kanagawa Cyber Culvert"",""ja"":""神奈川電脳暗渠""}",南ゆに,base,,1496188801,0,dl_kanagawa,default,,,,BYD,,,,assets/songs/dl_kanagawa/1080_base_256.jpg,c2b58dcad54203645057a859524789f59cfd5ca13613b610d04ad087b58aac90,e6a24a9fafb6dbc8dfc301a92fcf165e535b355cd0c2e290c47c9fe1af494261,69731,384,384,image/jpeg,song-jacket,low-resolution/derived candidate,arcaea:kanagawa:default,1080_base,,true,filename base/1080_base; _256 retained as APK rendition candidate,high
kissinglucifer,259,Kissing Lucifer,"{""en"":""Kissing Lucifer""}",ETIA.,single,,1645056005,1,dl_kissinglucifer,default,,,,,,,,assets/songs/dl_kissinglucifer/1080_base.jpg,c2b58dcad54203645057a859524789f59cfd5ca13613b610d04ad087b58aac90,0f7851bc49671062d65164c4c1e018cc6d4ad5fe2ddbeb497fb60a3f43bed15b,268753,768,768,image/jpeg,song-jacket,primary-resolution candidate,arcaea:kissinglucifer:default,1080_base,,false,filename base/1080_base; _256 retained as APK rendition candidate,high
kissinglucifer,259,Kissing Lucifer,"{""en"":""Kissing Lucifer""}",ETIA.,single,,1645056005,1,dl_kissinglucifer,default,,,,,,,,assets/songs/dl_kissinglucifer/1080_base_256.jpg,c2b58dcad54203645057a859524789f59cfd5ca13613b610d04ad087b58aac90,9a583f51289e543e5105aca37b39a8cdfb0948947b871d18ae377b3a98137568,69155,384,384,image/jpeg,song-jacket,low-resolution/derived candidate,arcaea:kissinglucifer:default,1080_base,,true,filename base/1080_base; _256 retained as APK rendition candidate,high
kokoro,285,Heart,"{""en"":""Heart"",""ja"":""心""}",削除 (Violin : Katali),ongeki_append_1,,1664409600,0,dl_kokoro,default,,,,,,,,assets/songs/dl_kokoro/base.jpg,c2b58dcad54203645057a859524789f59cfd5ca13613b610d04ad087b58aac90,f3511beb8577c149680f9f5c9a48c42e6fb8aa11cac04ebb8be04801f3580196,177216,512,512,image/jpeg,song-jacket,primary-resolution candidate,arcaea:kokoro:default,base,,false,filename base/1080_base; _256 retained as APK rendition candidate,high
kokoro,285,Heart,"{""en"":""Heart"",""ja"":""心""}",削除 (Violin : Katali),ongeki_append_1,,1664409600,0,dl_kokoro,default,,,,,,,,assets/songs/dl_kokoro/base_256.jpg,c2b58dcad54203645057a859524789f59cfd5ca13613b610d04ad087b58aac90,877d41c7bc6092bf638ef0809d220f1544e34ead3fd0552c365c5fc273215042,74477,256,256,image/jpeg,song-directory-image,low-resolution/derived candidate,arcaea:kokoro:default,base,,true,filename base/1080_base; _256 retained as APK rendition candidate,high
kyogenkigo,221,False Embellishment,"{""en"":""False Embellishment"",""ja"":""狂言綺語""}",影虎。 & ikaruga_nex,extend,,1626825604,1,dl_kyogenkigo,difficulty-specific,BYD,3,True,BYD,,,,assets/songs/dl_kyogenkigo/1080_3.jpg,c2b58dcad54203645057a859524789f59cfd5ca13613b610d04ad087b58aac90,dcff125f16d266c13b4274200388a8cc2be078955482c04946160c17f96e1c1d,409778,768,768,image/jpeg,song-jacket,primary-resolution candidate,arcaea:kyogenkigo:difficulty:BYD,1080_3,,false,numeric suffix=3; filename-to-ratingClass mapping is a candidate; jacketOverride=True,high
kyogenkigo,221,False Embellishment,"{""en"":""False Embellishment"",""ja"":""狂言綺語""}",影虎。 & ikaruga_nex,extend,,1626825604,1,dl_kyogenkigo,difficulty-specific,BYD,3,True,BYD,,,,assets/songs/dl_kyogenkigo/1080_3_256.jpg,c2b58dcad54203645057a859524789f59cfd5ca13613b610d04ad087b58aac90,4210af36ad6649f5441bcc1a05cce3f712336fd91dbce3dd1e9fb4ccc59d929e,120529,384,384,image/jpeg,song-jacket,low-resolution/derived candidate,arcaea:kyogenkigo:difficulty:BYD,1080_3,,true,numeric suffix=3; filename-to-ratingClass mapping is a candidate; jacketOverride=True,high
kyogenkigo,221,False Embellishment,"{""en"":""False Embellishment"",""ja"":""狂言綺語""}",影虎。 & ikaruga_nex,extend,,1626825604,1,dl_kyogenkigo,default,,,,BYD,,,,assets/songs/dl_kyogenkigo/1080_base.jpg,c2b58dcad54203645057a859524789f59cfd5ca13613b610d04ad087b58aac90,10a8edc7118b10e29a5994882e04e0e2a0f6962d400549f66ea5edddcc50f0e4,377242,768,768,image/jpeg,song-jacket,primary-resolution candidate,arcaea:kyogenkigo:default,1080_base,,false,filename base/1080_base; _256 retained as APK rendition candidate,high
kyogenkigo,221,False Embellishment,"{""en"":""False Embellishment"",""ja"":""狂言綺語""}",影虎。 & ikaruga_nex,extend,,1626825604,1,dl_kyogenkigo,default,,,,BYD,,,,assets/songs/dl_kyogenkigo/1080_base_256.jpg,c2b58dcad54203645057a859524789f59cfd5ca13613b610d04ad087b58aac90,35dd6e7e59bfd71103b7d338f56ad6bf8559a8bd7058acf0c4fb3a32f3c960d4,98300,384,384,image/jpeg,song-jacket,low-resolution/derived candidate,arcaea:kyogenkigo:default,1080_base,,true,filename base/1080_base; _256 retained as APK rendition candidate,high
kyorenromance,376,KYOREN ROMANCE,"{""en"":""KYOREN ROMANCE"",""ja"":""狂恋ROMANCE""}",REDALiCE vs DJ Myosuke feat. DELUTAYA,single,,1709856008,1,dl_kyorenromance,default,,,,,,,,assets/songs/dl_kyorenromance/1080_base.jpg,c2b58dcad54203645057a859524789f59cfd5ca13613b610d04ad087b58aac90,73df7f90951fffeb22abf3c48fe1e1ecc28853542e44cc008d614dcd73cecbac,213618,768,768,image/jpeg,song-jacket,primary-resolution candidate,arcaea:kyorenromance:default,1080_base,,false,filename base/1080_base; _256 retained as APK rendition candidate,high
kyorenromance,376,KYOREN ROMANCE,"{""en"":""KYOREN ROMANCE"",""ja"":""狂恋ROMANCE""}",REDALiCE vs DJ Myosuke feat. DELUTAYA,single,,1709856008,1,dl_kyorenromance,default,,,,,,,,assets/songs/dl_kyorenromance/1080_base_256.jpg,c2b58dcad54203645057a859524789f59cfd5ca13613b610d04ad087b58aac90,2370f437f6bce76890a57902d1a4c4eaf27e935d3fcb8fd509796b7b7fe98402,80199,384,384,image/jpeg,song-jacket,low-resolution/derived candidate,arcaea:kyorenromance:default,1080_base,,true,filename base/1080_base; _256 retained as APK rendition candidate,high
ladymadestar,458,Ladymade Star,"{""en"":""Ladymade Star""}",ESTi,djmax,,1747872002,0,dl_ladymadestar,default,,,,,,,,assets/songs/dl_ladymadestar/1080_base.jpg,c2b58dcad54203645057a859524789f59cfd5ca13613b610d04ad087b58aac90,79d4547a95b5d16448416aa7ae94c1902bb7c4ba5679750e40c262de5c926339,298311,768,768,image/jpeg,song-jacket,primary-resolution candidate,arcaea:ladymadestar:default,1080_base,,false,filename base/1080_base; _256 retained as APK rendition candidate,high
ladymadestar,458,Ladymade Star,"{""en"":""Ladymade Star""}",ESTi,djmax,,1747872002,0,dl_ladymadestar,default,,,,,,,,assets/songs/dl_ladymadestar/1080_base_256.jpg,c2b58dcad54203645057a859524789f59cfd5ca13613b610d04ad087b58aac90,5001c49796c485abb16760eb6eab5aa6e1c096b505116ab5beb598026b246086,132259,384,384,image/jpeg,song-jacket,low-resolution/derived candidate,arcaea:ladymadestar:default,1080_base,,true,filename base/1080_base; _256 retained as APK rendition candidate,high
lamentrain,432,Lament Rain,"{""en"":""Lament Rain""}",Ashrount vs. 打打だいず,lephon,,1732147209,3,dl_lamentrain,default,,,,,,,,assets/songs/dl_lamentrain/1080_base.jpg,c2b58dcad54203645057a859524789f59cfd5ca13613b610d04ad087b58aac90,e761fe0deaf121b780ca1f489553e6ceffdbb56f691b62c04485fd07725a8802,343834,768,768,image/jpeg,song-jacket,primary-resolution candidate,arcaea:lamentrain:default,1080_base,,false,filename base/1080_base; _256 retained as APK rendition candidate,high
lamentrain,432,Lament Rain,"{""en"":""Lament Rain""}",Ashrount vs. 打打だいず,lephon,,1732147209,3,dl_lamentrain,default,,,,,,,,assets/songs/dl_lamentrain/1080_base_256.jpg,c2b58dcad54203645057a859524789f59cfd5ca13613b610d04ad087b58aac90,de5cea91d14573639a02d12b28de2fff873f0e8dff5b05e35fa37a2cf2057412,98171,384,384,image/jpeg,song-jacket,low-resolution/derived candidate,arcaea:lamentrain:default,1080_base,,true,filename base/1080_base; _256 retained as APK rendition candidate,high
lamia,289,LAMIA,"{""en"":""LAMIA""}",BlackY,ongeki_append_1,,1664409604,1,dl_lamia,default,,,,,,,,assets/songs/dl_lamia/base.jpg,c2b58dcad54203645057a859524789f59cfd5ca13613b610d04ad087b58aac90,1db0f29464b728ab65b2ed8fdf67c369e44cecc84433ea173b7a23bd8b7194e3,234307,512,512,image/jpeg,song-jacket,primary-resolution candidate,arcaea:lamia:default,base,,false,filename base/1080_base; _256 retained as APK rendition candidate,high
lamia,289,LAMIA,"{""en"":""LAMIA""}",BlackY,ongeki_append_1,,1664409604,1,dl_lamia,default,,,,,,,,assets/songs/dl_lamia/base_256.jpg,c2b58dcad54203645057a859524789f59cfd5ca13613b610d04ad087b58aac90,e378b259c22472b3941d2d82404e48eaffb2f25018f02100133064540e4839c9,85509,256,256,image/jpeg,song-directory-image,low-resolution/derived candidate,arcaea:lamia:default,base,,true,filename base/1080_base; _256 retained as APK rendition candidate,high
lapis,180,Lapis,"{""en"":""Lapis""}",SHIKI,extend,,1604016000,0,dl_lapis,default,,,,,,,,assets/songs/dl_lapis/1080_base.jpg,c2b58dcad54203645057a859524789f59cfd5ca13613b610d04ad087b58aac90,b0d2bb30735b83073f429acae0fd6afc28f961894da1ea8f53047942d10d5d94,186821,768,768,image/jpeg,song-jacket,primary-resolution candidate,arcaea:lapis:default,1080_base,,false,filename base/1080_base; _256 retained as APK rendition candidate,high
lapis,180,Lapis,"{""en"":""Lapis""}",SHIKI,extend,,1604016000,0,dl_lapis,default,,,,,,,,assets/songs/dl_lapis/1080_base_256.jpg,c2b58dcad54203645057a859524789f59cfd5ca13613b610d04ad087b58aac90,e7625f377359d608fb84c6c9456551d8c40692a378461d45dd6b0c6bd7fe61c9,50560,384,384,image/jpeg,song-jacket,low-resolution/derived candidate,arcaea:lapis:default,1080_base,,true,filename base/1080_base; _256 retained as APK rendition candidate,high
laqryma,146,La'qryma of the Wasteland,"{""en"":""La'qryma of the Wasteland""}",DJ Noriken,single,,1579478400,1,dl_laqryma,difficulty-specific,BYD,3,True,BYD,,,,assets/songs/dl_laqryma/1080_3.jpg,c2b58dcad54203645057a859524789f59cfd5ca13613b610d04ad087b58aac90,11ce6de57e9583d9d3b57061060e2d7862ac796348291731fd2e3b3861226915,473496,768,768,image/jpeg,song-jacket,primary-resolution candidate,arcaea:laqryma:difficulty:BYD,1080_3,,false,numeric suffix=3; filename-to-ratingClass mapping is a candidate; jacketOverride=True,high
laqryma,146,La'qryma of the Wasteland,"{""en"":""La'qryma of the Wasteland""}",DJ Noriken,single,,1579478400,1,dl_laqryma,difficulty-specific,BYD,3,True,BYD,,,,assets/songs/dl_laqryma/1080_3_256.jpg,c2b58dcad54203645057a859524789f59cfd5ca13613b610d04ad087b58aac90,819a4d2cf8c81e54ea569ead74bfae77f33e4b178b40c988189f5a02366589d2,113554,384,384,image/jpeg,song-jacket,low-resolution/derived candidate,arcaea:laqryma:difficulty:BYD,1080_3,,true,numeric suffix=3; filename-to-ratingClass mapping is a candidate; jacketOverride=True,high
laqryma,146,La'qryma of the Wasteland,"{""en"":""La'qryma of the Wasteland""}",DJ Noriken,single,,1579478400,1,dl_laqryma,default,,,,BYD,,,,assets/songs/dl_laqryma/1080_base.jpg,c2b58dcad54203645057a859524789f59cfd5ca13613b610d04ad087b58aac90,bc1eea5971a2e228e501bbc28506a8adc1d34e476c163ad739565dbaca72b821,370099,768,768,image/jpeg,song-jacket,primary-resolution candidate,arcaea:laqryma:default,1080_base,,false,filename base/1080_base; _256 retained as APK rendition candidate,high
laqryma,146,La'qryma of the Wasteland,"{""en"":""La'qryma of the Wasteland""}",DJ Noriken,single,,1579478400,1,dl_laqryma,default,,,,BYD,,,,assets/songs/dl_laqryma/1080_base_256.jpg,c2b58dcad54203645057a859524789f59cfd5ca13613b610d04ad087b58aac90,642051be823ada9df7b4cc5efc74fc5463a473c4165414158858492607f45c87,87445,384,384,image/jpeg,song-jacket,low-resolution/derived candidate,arcaea:laqryma:default,1080_base,,true,filename base/1080_base; _256 retained as APK rendition candidate,high
last,282,Last,"{""en"":""Last""}",onoken,epilogue,,1657756801,2,dl_last,difficulty-specific,BYD,3,True,BYD,,"{""en"":""Last | Moment""}",True,assets/songs/dl_last/1080_3.jpg,c2b58dcad54203645057a859524789f59cfd5ca13613b610d04ad087b58aac90,ccaaddfc77e9cd0d09df5008ccbea14a0459a41b470b80bba97152b3ff861ad6,269787,768,768,image/jpeg,song-jacket,primary-resolution candidate,arcaea:last:difficulty:BYD,1080_3,,false,numeric suffix=3; filename-to-ratingClass mapping is a candidate; jacketOverride=True,high
last,282,Last,"{""en"":""Last""}",onoken,epilogue,,1657756801,2,dl_last,difficulty-specific,BYD,3,True,BYD,,"{""en"":""Last | Moment""}",True,assets/songs/dl_last/1080_3_256.jpg,c2b58dcad54203645057a859524789f59cfd5ca13613b610d04ad087b58aac90,0e8cd330ba753e10da4ba77487a7472331d70bfbf06521c47ad2fc0b7f733d8f,71906,384,384,image/jpeg,song-jacket,low-resolution/derived candidate,arcaea:last:difficulty:BYD,1080_3,,true,numeric suffix=3; filename-to-ratingClass mapping is a candidate; jacketOverride=True,high
last,282,Last,"{""en"":""Last""}",onoken,epilogue,,1657756801,2,dl_last,default,,,,BYD,,,,assets/songs/dl_last/1080_base.jpg,c2b58dcad54203645057a859524789f59cfd5ca13613b610d04ad087b58aac90,592e19744512ba195ce19cb4c21391f0b4f11074c7e28f0d2f37c82710be8cb1,267792,768,768,image/jpeg,song-jacket,primary-resolution candidate,arcaea:last:default,1080_base,,false,filename base/1080_base; _256 retained as APK rendition candidate,high
last,282,Last,"{""en"":""Last""}",onoken,epilogue,,1657756801,2,dl_last,default,,,,BYD,,,,assets/songs/dl_last/1080_base_256.jpg,c2b58dcad54203645057a859524789f59cfd5ca13613b610d04ad087b58aac90,36ec069c76bce7f1ff3abf8221860664395d1e0017fb51414cb720e4e06dc5b1,72616,384,384,image/jpeg,song-jacket,low-resolution/derived candidate,arcaea:last:default,1080_base,,true,filename base/1080_base; _256 retained as APK rendition candidate,high
lastcelebration,200,Last Celebration,"{""en"":""Last Celebration""}",Laur vs CK,chunithm_append_1,,1611187201,1,dl_lastcelebration,default,,,,,,,,assets/songs/dl_lastcelebration/1080_base.jpg,c2b58dcad54203645057a859524789f59cfd5ca13613b610d04ad087b58aac90,fb606293407c55d0def9f5d6c49735d8737628d89dc9cd5364a429f7259bef9c,364360,768,768,image/jpeg,song-jacket,primary-resolution candidate,arcaea:lastcelebration:default,1080_base,,false,filename base/1080_base; _256 retained as APK rendition candidate,high
lastcelebration,200,Last Celebration,"{""en"":""Last Celebration""}",Laur vs CK,chunithm_append_1,,1611187201,1,dl_lastcelebration,default,,,,,,,,assets/songs/dl_lastcelebration/1080_base_256.jpg,c2b58dcad54203645057a859524789f59cfd5ca13613b610d04ad087b58aac90,8c75bfd7a23afeef33c2b54f12cba8020224054fea0df56e12b0f7a195a26d51,95325,384,384,image/jpeg,song-jacket,low-resolution/derived candidate,arcaea:lastcelebration:default,1080_base,,true,filename base/1080_base; _256 retained as APK rendition candidate,high
lastendconductor,238,lastendconductor,"{""en"":""lastendconductor""}",zts,single,,1632873602,1,dl_lastendconductor,default,,,,,,,,assets/songs/dl_lastendconductor/1080_base.jpg,c2b58dcad54203645057a859524789f59cfd5ca13613b610d04ad087b58aac90,cc11db489855cc4e0a7639d8a51ce4fc9bff647fbeabdbfb27a879e02a1ddd6d,319983,768,768,image/jpeg,song-jacket,primary-resolution candidate,arcaea:lastendconductor:default,1080_base,,false,filename base/1080_base; _256 retained as APK rendition candidate,high
lastendconductor,238,lastendconductor,"{""en"":""lastendconductor""}",zts,single,,1632873602,1,dl_lastendconductor,default,,,,,,,,assets/songs/dl_lastendconductor/1080_base_256.jpg,c2b58dcad54203645057a859524789f59cfd5ca13613b610d04ad087b58aac90,8e5056f0a908280dfe9247d755a9391030d447cb6554658b206b1e51a5b05cda,87870,384,384,image/jpeg,song-jacket,low-resolution/derived candidate,arcaea:lastendconductor:default,1080_base,,true,filename base/1080_base; _256 retained as APK rendition candidate,high
lasteternity,283,Last | Eternity,"{""en"":""Last | Eternity""}",onoken,epilogue,,1657756802,2,dl_lasteternity,default,,,,,,,,assets/songs/dl_lasteternity/1080_base.jpg,c2b58dcad54203645057a859524789f59cfd5ca13613b610d04ad087b58aac90,e6545afb39941700969ed9d80447e211a6a8c6ce22eea584ed6a01c38f522881,264825,768,768,image/jpeg,song-jacket,primary-resolution candidate,arcaea:lasteternity:default,1080_base,,false,filename base/1080_base; _256 retained as APK rendition candidate,high
lasteternity,283,Last | Eternity,"{""en"":""Last | Eternity""}",onoken,epilogue,,1657756802,2,dl_lasteternity,default,,,,,,,,assets/songs/dl_lasteternity/1080_base_256.jpg,c2b58dcad54203645057a859524789f59cfd5ca13613b610d04ad087b58aac90,59d61a47abfb03d68a4a64df0ddcc96ec94dcb5a54fab8921ac909b01541a6b9,72410,384,384,image/jpeg,song-jacket,low-resolution/derived candidate,arcaea:lasteternity:default,1080_base,,true,filename base/1080_base; _256 retained as APK rendition candidate,high
lastgoodbye,447,Last Goodbye,"{""en"":""Last Goodbye"",""ja"":""これでホントにサヨナラ""}",Toby Fox,undertale,,1741478403,0,dl_lastgoodbye,default,,,,,,,,assets/songs/dl_lastgoodbye/1080_base.jpg,c2b58dcad54203645057a859524789f59cfd5ca13613b610d04ad087b58aac90,26b7880a0cbfcb00438a4dd806fdf6bf97e39560ffe558ff4ce8e1911ccac132,68834,768,768,image/jpeg,song-jacket,primary-resolution candidate,arcaea:lastgoodbye:default,1080_base,,false,filename base/1080_base; _256 retained as APK rendition candidate,high
lastgoodbye,447,Last Goodbye,"{""en"":""Last Goodbye"",""ja"":""これでホントにサヨナラ""}",Toby Fox,undertale,,1741478403,0,dl_lastgoodbye,default,,,,,,,,assets/songs/dl_lastgoodbye/1080_base_256.jpg,c2b58dcad54203645057a859524789f59cfd5ca13613b610d04ad087b58aac90,b587a95c396fffab342dc64be6c3a1886ae6453b04282a4b7f56737a968cb773,27681,384,384,image/jpeg,song-jacket,low-resolution/derived candidate,arcaea:lastgoodbye:default,1080_base,,true,filename base/1080_base; _256 retained as APK rendition candidate,high
lavie,537,Lavie,"{""en"":""Lavie"",""ja"":""ラヴィ""}",すりぃ,virtualsingers,,1782345601,1,dl_lavie,default,,,,,,,,assets/songs/dl_lavie/1080_base.jpg,c2b58dcad54203645057a859524789f59cfd5ca13613b610d04ad087b58aac90,9793f3470aaf52020dd525c7a6f1bee370a02f1ba17af03a70f24ebb15283ace,196970,768,768,image/jpeg,song-jacket,primary-resolution candidate,arcaea:lavie:default,1080_base,,false,filename base/1080_base; _256 retained as APK rendition candidate,high
lavie,537,Lavie,"{""en"":""Lavie"",""ja"":""ラヴィ""}",すりぃ,virtualsingers,,1782345601,1,dl_lavie,default,,,,,,,,assets/songs/dl_lavie/1080_base_256.jpg,c2b58dcad54203645057a859524789f59cfd5ca13613b610d04ad087b58aac90,164c560aeab93029fcfe78797fc6c44cf8928712283c248819b2a64679994e9c,78684,384,384,image/jpeg,song-jacket,low-resolution/derived candidate,arcaea:lavie:default,1080_base,,true,filename base/1080_base; _256 retained as APK rendition candidate,high
lawlesspoint,319,Lawless Point,"{""en"":""Lawless Point"",""ja"":""無法地点""}",La prière,extend_2,,1684972801,1,dl_lawlesspoint,default,,,,,,,,assets/songs/dl_lawlesspoint/1080_base.jpg,c2b58dcad54203645057a859524789f59cfd5ca13613b610d04ad087b58aac90,629c377afeb44804b7397ce4aa840f12abb93ddcec0128b1bdcfd0d0f378b51a,254936,768,768,image/jpeg,song-jacket,primary-resolution candidate,arcaea:lawlesspoint:default,1080_base,,false,filename base/1080_base; _256 retained as APK rendition candidate,high
lawlesspoint,319,Lawless Point,"{""en"":""Lawless Point"",""ja"":""無法地点""}",La prière,extend_2,,1684972801,1,dl_lawlesspoint,default,,,,,,,,assets/songs/dl_lawlesspoint/1080_base_256.jpg,c2b58dcad54203645057a859524789f59cfd5ca13613b610d04ad087b58aac90,8b27b815a30f67f27f50cfbc5757b64fa0865026f36ee9113a768c1523e02d5e,77237,384,384,image/jpeg,song-jacket,low-resolution/derived candidate,arcaea:lawlesspoint:default,1080_base,,true,filename base/1080_base; _256 retained as APK rendition candidate,high
lazyaddiction,191,Lazy Addiction,"{""en"":""Lazy Addiction""}",sky_delta,ongeki,,1608163200,0,dl_lazyaddiction,default,,,,,,,,assets/songs/dl_lazyaddiction/base.jpg,c2b58dcad54203645057a859524789f59cfd5ca13613b610d04ad087b58aac90,01a0a49008d29b8861e755d2a546e0123f7a71a43b6712b41bdcf645f6a81820,152064,512,512,image/jpeg,song-jacket,primary-resolution candidate,arcaea:lazyaddiction:default,base,,false,filename base/1080_base; _256 retained as APK rendition candidate,high
lazyaddiction,191,Lazy Addiction,"{""en"":""Lazy Addiction""}",sky_delta,ongeki,,1608163200,0,dl_lazyaddiction,default,,,,,,,,assets/songs/dl_lazyaddiction/base_256.jpg,c2b58dcad54203645057a859524789f59cfd5ca13613b610d04ad087b58aac90,2eb1430dec20b37a9bc24399e0f635709538ced5edf50e1bf37b73feedaec7f4,75269,256,256,image/jpeg,song-directory-image,low-resolution/derived candidate,arcaea:lazyaddiction:default,base,,true,filename base/1080_base; _256 retained as APK rendition candidate,high
leaveallbehind,385,Leave All Behind,"{""en"":""Leave All Behind""}",rider,extend_3,,1714003200,1,dl_leaveallbehind,default,,,,,,,,assets/songs/dl_leaveallbehind/1080_base.jpg,c2b58dcad54203645057a859524789f59cfd5ca13613b610d04ad087b58aac90,9eae6f03512835a6586ebfe264e7f956355f36584847c464a7ccda32e870c58b,193821,768,768,image/jpeg,song-jacket,primary-resolution candidate,arcaea:leaveallbehind:default,1080_base,,false,filename base/1080_base; _256 retained as APK rendition candidate,high
leaveallbehind,385,Leave All Behind,"{""en"":""Leave All Behind""}",rider,extend_3,,1714003200,1,dl_leaveallbehind,default,,,,,,,,assets/songs/dl_leaveallbehind/1080_base_256.jpg,c2b58dcad54203645057a859524789f59cfd5ca13613b610d04ad087b58aac90,ee762e3b7e02419758fac30e4836456fa698b6ee44a13e57e0ee9c1733084847,86302,384,384,image/jpeg,song-jacket,low-resolution/derived candidate,arcaea:leaveallbehind:default,1080_base,,true,filename base/1080_base; _256 retained as APK rendition candidate,high
lethaeus,42,Lethaeus,"{""en"":""Lethaeus""}",Silentroom,mirai,,1502323205,1,dl_lethaeus,default,,,,,,,,assets/songs/dl_lethaeus/1080_base.jpg,c2b58dcad54203645057a859524789f59cfd5ca13613b610d04ad087b58aac90,5f38cf409c00d9ef10389162a5adcd8a11afc133d15c78eec80facf4217dd9bf,215948,768,768,image/jpeg,song-jacket,primary-resolution candidate,arcaea:lethaeus:default,1080_base,,false,filename base/1080_base; _256 retained as APK rendition candidate,high
lethaeus,42,Lethaeus,"{""en"":""Lethaeus""}",Silentroom,mirai,,1502323205,1,dl_lethaeus,default,,,,,,,,assets/songs/dl_lethaeus/1080_base_256.jpg,c2b58dcad54203645057a859524789f59cfd5ca13613b610d04ad087b58aac90,c16f2ea43421c26e62279edb895bf6583f1b9c918ed35fd26474d511494a89b4,62286,384,384,image/jpeg,song-jacket,low-resolution/derived candidate,arcaea:lethaeus:default,1080_base,,true,filename base/1080_base; _256 retained as APK rendition candidate,high
lethalvoltage,382,Lethal Voltage,"{""en"":""Lethal Voltage""}",siqlo,extend_3,,1711324804,1,dl_lethalvoltage,default,,,,,,,,assets/songs/dl_lethalvoltage/1080_base.jpg,c2b58dcad54203645057a859524789f59cfd5ca13613b610d04ad087b58aac90,fec8f9083ac1c83ffaa0692ad67c95d1bb49535947008dbc902b3de84bac51cc,325255,768,768,image/jpeg,song-jacket,primary-resolution candidate,arcaea:lethalvoltage:default,1080_base,,false,filename base/1080_base; _256 retained as APK rendition candidate,high
lethalvoltage,382,Lethal Voltage,"{""en"":""Lethal Voltage""}",siqlo,extend_3,,1711324804,1,dl_lethalvoltage,default,,,,,,,,assets/songs/dl_lethalvoltage/1080_base_256.jpg,c2b58dcad54203645057a859524789f59cfd5ca13613b610d04ad087b58aac90,be878ea88448d8d8a9b84465acfd18e0f228f726f9b056cb028c2fc26434d384,100209,384,384,image/jpeg,song-jacket,low-resolution/derived candidate,arcaea:lethalvoltage:default,1080_base,,true,filename base/1080_base; _256 retained as APK rendition candidate,high
letsrock,303,Let's Rock (Arcaea mix),"{""en"":""Let's Rock (Arcaea mix)""}",ikaruga_nex vs FALCHiON,extend_2,,1677715203,1,dl_letsrock,default,,,,,,,,assets/songs/dl_letsrock/1080_base.jpg,c2b58dcad54203645057a859524789f59cfd5ca13613b610d04ad087b58aac90,c3e3ce0237fedabed83dbca8ace64ac56b05f3c0eb1e7f1a05067d088078bae7,334565,768,768,image/jpeg,song-jacket,primary-resolution candidate,arcaea:letsrock:default,1080_base,,false,filename base/1080_base; _256 retained as APK rendition candidate,high
letsrock,303,Let's Rock (Arcaea mix),"{""en"":""Let's Rock (Arcaea mix)""}",ikaruga_nex vs FALCHiON,extend_2,,1677715203,1,dl_letsrock,default,,,,,,,,assets/songs/dl_letsrock/1080_base_256.jpg,c2b58dcad54203645057a859524789f59cfd5ca13613b610d04ad087b58aac90,e60a35243eb550ec3ea6fe711239bc84ff5d3e3d5df1a1e4aa943e01c6e261e8,91094,384,384,image/jpeg,song-jacket,low-resolution/derived candidate,arcaea:letsrock:default,1080_base,,true,filename base/1080_base; _256 retained as APK rendition candidate,high
letyoudivermx,231,Let you DIVE! (nitro rmx),"{""en"":""Let you DIVE! (nitro rmx)""}",nitro (lowiro),wacca,,1628553602,0,dl_letyoudivermx,default,,,,,,,,assets/songs/dl_letyoudivermx/1080_base.jpg,c2b58dcad54203645057a859524789f59cfd5ca13613b610d04ad087b58aac90,ecb47bb50a0b41264907d9702f1d10d01c180603954d588c0c1798cbc4f2b819,246805,768,768,image/jpeg,song-jacket,primary-resolution candidate,arcaea:letyoudivermx:default,1080_base,,false,filename base/1080_base; _256 retained as APK rendition candidate,high
letyoudivermx,231,Let you DIVE! (nitro rmx),"{""en"":""Let you DIVE! (nitro rmx)""}",nitro (lowiro),wacca,,1628553602,0,dl_letyoudivermx,default,,,,,,,,assets/songs/dl_letyoudivermx/1080_base_256.jpg,c2b58dcad54203645057a859524789f59cfd5ca13613b610d04ad087b58aac90,2a74686aacfc670b8a582d75dde953fd05a1033203409b2fa8cf80c698e23454,78349,384,384,image/jpeg,song-jacket,low-resolution/derived candidate,arcaea:letyoudivermx:default,1080_base,,true,filename base/1080_base; _256 retained as APK rendition candidate,high
liar,469,Liar,"{""en"":""Liar""}",zts,djmax_append_1,,1750896005,1,dl_liar,default,,,,,,,,assets/songs/dl_liar/1080_base.jpg,c2b58dcad54203645057a859524789f59cfd5ca13613b610d04ad087b58aac90,0783be7e1a94f360f8302ba35062494f549c3f056647ef525990195777e60ea5,261304,768,768,image/jpeg,song-jacket,primary-resolution candidate,arcaea:liar:default,1080_base,,false,filename base/1080_base; _256 retained as APK rendition candidate,high
liar,469,Liar,"{""en"":""Liar""}",zts,djmax_append_1,,1750896005,1,dl_liar,default,,,,,,,,assets/songs/dl_liar/1080_base_256.jpg,c2b58dcad54203645057a859524789f59cfd5ca13613b610d04ad087b58aac90,7caab416f3659081f8af150ac8e868501277005664c25fa7ec75aedd397c3e4b,84578,384,384,image/jpeg,song-jacket,low-resolution/derived candidate,arcaea:liar:default,1080_base,,true,filename base/1080_base; _256 retained as APK rendition candidate,high
libertas,111,Libertas,"{""en"":""Libertas""}",Zekk,single,,1549843200,0,dl_libertas,difficulty-specific,BYD,3,True,BYD,,,,assets/songs/dl_libertas/1080_3.jpg,c2b58dcad54203645057a859524789f59cfd5ca13613b610d04ad087b58aac90,b3a9a8cc2821be4fbf390aa5cd19d8be8f39ac18b4d917de10a4d08a77d65456,324546,768,768,image/jpeg,song-jacket,primary-resolution candidate,arcaea:libertas:difficulty:BYD,1080_3,,false,numeric suffix=3; filename-to-ratingClass mapping is a candidate; jacketOverride=True,high
libertas,111,Libertas,"{""en"":""Libertas""}",Zekk,single,,1549843200,0,dl_libertas,difficulty-specific,BYD,3,True,BYD,,,,assets/songs/dl_libertas/1080_3_256.jpg,c2b58dcad54203645057a859524789f59cfd5ca13613b610d04ad087b58aac90,f531a7fe8a040b4298125877670106f8707ea060944f70eba5d34b8de7068e72,119170,384,384,image/jpeg,song-jacket,low-resolution/derived candidate,arcaea:libertas:difficulty:BYD,1080_3,,true,numeric suffix=3; filename-to-ratingClass mapping is a candidate; jacketOverride=True,high
libertas,111,Libertas,"{""en"":""Libertas""}",Zekk,single,,1549843200,0,dl_libertas,default,,,,BYD,,,,assets/songs/dl_libertas/1080_base.jpg,c2b58dcad54203645057a859524789f59cfd5ca13613b610d04ad087b58aac90,a3efcd1265695298b56c1ca67f81ced69781aa2aa1cc1824de7218ab5477d025,344621,768,768,image/jpeg,song-jacket,primary-resolution candidate,arcaea:libertas:default,1080_base,,false,filename base/1080_base; _256 retained as APK rendition candidate,high
libertas,111,Libertas,"{""en"":""Libertas""}",Zekk,single,,1549843200,0,dl_libertas,default,,,,BYD,,,,assets/songs/dl_libertas/1080_base_256.jpg,c2b58dcad54203645057a859524789f59cfd5ca13613b610d04ad087b58aac90,94099d8d3a4bf656a3957628b86ae82c0673dfe5f460eadff9b450c8f7cac5e2,83206,384,384,image/jpeg,song-jacket,low-resolution/derived candidate,arcaea:libertas:default,1080_base,,true,filename base/1080_base; _256 retained as APK rendition candidate,high
lifeispiano,208,Life is PIANO,"{""en"":""Life is PIANO""}",Junk,extend,,1617926401,0,dl_lifeispiano,default,,,,,,,,assets/songs/dl_lifeispiano/1080_base.jpg,c2b58dcad54203645057a859524789f59cfd5ca13613b610d04ad087b58aac90,16f60d19f4144f62963844bd70aa6ca78145652c61f27cb0cb18d568ed94f022,117908,768,768,image/jpeg,song-jacket,primary-resolution candidate,arcaea:lifeispiano:default,1080_base,,false,filename base/1080_base; _256 retained as APK rendition candidate,high
lifeispiano,208,Life is PIANO,"{""en"":""Life is PIANO""}",Junk,extend,,1617926401,0,dl_lifeispiano,default,,,,,,,,assets/songs/dl_lifeispiano/1080_base_256.jpg,c2b58dcad54203645057a859524789f59cfd5ca13613b610d04ad087b58aac90,9bce563f2361f1bd83e767284bf17d24041f2481d9c0c55ea2564f201d190d0b,31639,384,384,image/jpeg,song-jacket,low-resolution/derived candidate,arcaea:lifeispiano:default,1080_base,,true,filename base/1080_base; _256 retained as APK rendition candidate,high
liftoff,424,LiftOff,"{""en"":""LiftOff""}",MAYA AKAI,ongeki_append_2,,1732147201,1,dl_liftoff,default,,,,,,,,assets/songs/dl_liftoff/base.jpg,c2b58dcad54203645057a859524789f59cfd5ca13613b610d04ad087b58aac90,d5a15cd370a2f6077879c9802492aca2a8a228ac9826442f94372385557d387f,97151,512,512,image/jpeg,song-jacket,primary-resolution candidate,arcaea:liftoff:default,base,,false,filename base/1080_base; _256 retained as APK rendition candidate,high
liftoff,424,LiftOff,"{""en"":""LiftOff""}",MAYA AKAI,ongeki_append_2,,1732147201,1,dl_liftoff,default,,,,,,,,assets/songs/dl_liftoff/base_256.jpg,c2b58dcad54203645057a859524789f59cfd5ca13613b610d04ad087b58aac90,9f2ea6da328ba2d5c3f1cf5fc60951ae8d1b7960ecac101459e413d6d1da2329,36349,256,256,image/jpeg,song-directory-image,low-resolution/derived candidate,arcaea:liftoff:default,base,,true,filename base/1080_base; _256 retained as APK rendition candidate,high
lightmyway,367,LIVHT MY WΔY,"{""en"":""LIVHT MY WΔY""}",かめりあ feat. STΔRLIVHT,single,,1703116802,1,dl_lightmyway,default,,,,,,,,assets/songs/dl_lightmyway/1080_base.jpg,c2b58dcad54203645057a859524789f59cfd5ca13613b610d04ad087b58aac90,2d34d20f7505fb9157f4eda5926b7c5350b3ab882da6db70bebd3f8608e1d01a,390917,768,768,image/jpeg,song-jacket,primary-resolution candidate,arcaea:lightmyway:default,1080_base,,false,filename base/1080_base; _256 retained as APK rendition candidate,high
lightmyway,367,LIVHT MY WΔY,"{""en"":""LIVHT MY WΔY""}",かめりあ feat. STΔRLIVHT,single,,1703116802,1,dl_lightmyway,default,,,,,,,,assets/songs/dl_lightmyway/1080_base_256.jpg,c2b58dcad54203645057a859524789f59cfd5ca13613b610d04ad087b58aac90,3e5c6889741918a49c0ad9f7a2dc93ad7deb69685f15cd3822be2022b599013c,126237,384,384,image/jpeg,song-jacket,low-resolution/derived candidate,arcaea:lightmyway:default,1080_base,,true,filename base/1080_base; _256 retained as APK rendition candidate,high
lightningscrew,248,Lightning Screw,"{""en"":""Lightning Screw""}",HiTECH NINJA,dividedheart,,1639008004,0,dl_lightningscrew,default,,,,,,,,assets/songs/dl_lightningscrew/1080_base.jpg,c2b58dcad54203645057a859524789f59cfd5ca13613b610d04ad087b58aac90,e4feec91437c2d1955a4cda7010d0c92f74743142a947b97045ebee854abce4a,333314,768,768,image/jpeg,song-jacket,primary-resolution candidate,arcaea:lightningscrew:default,1080_base,,false,filename base/1080_base; _256 retained as APK rendition candidate,high
lightningscrew,248,Lightning Screw,"{""en"":""Lightning Screw""}",HiTECH NINJA,dividedheart,,1639008004,0,dl_lightningscrew,default,,,,,,,,assets/songs/dl_lightningscrew/1080_base_256.jpg,c2b58dcad54203645057a859524789f59cfd5ca13613b610d04ad087b58aac90,7005ea18ca8db38478dd2b419b9150f4a34d978a19380620275ebd95d5cf99f7,84003,384,384,image/jpeg,song-jacket,low-resolution/derived candidate,arcaea:lightningscrew:default,1080_base,,true,filename base/1080_base; _256 retained as APK rendition candidate,high
lightsofmuse,249,Lights of Muse,"{""en"":""Lights of Muse""}",Ayatsugu_Otowa,musedash,,1640304000,0,dl_lightsofmuse,default,,,,,,,,assets/songs/dl_lightsofmuse/base.jpg,c2b58dcad54203645057a859524789f59cfd5ca13613b610d04ad087b58aac90,939c3b23afba25c5dd3675647c20be7b2d9578bca87f3d71ba2a2d4df88ef65a,109375,512,512,image/jpeg,song-jacket,primary-resolution candidate,arcaea:lightsofmuse:default,base,,false,filename base/1080_base; _256 retained as APK rendition candidate,high
lightsofmuse,249,Lights of Muse,"{""en"":""Lights of Muse""}",Ayatsugu_Otowa,musedash,,1640304000,0,dl_lightsofmuse,default,,,,,,,,assets/songs/dl_lightsofmuse/base_256.jpg,c2b58dcad54203645057a859524789f59cfd5ca13613b610d04ad087b58aac90,39370ef1f3eb01fc50083a192f8e87123d399f682e3f93ed0dc0ca61b8760db8,53945,256,256,image/jpeg,song-directory-image,low-resolution/derived candidate,arcaea:lightsofmuse:default,base,,true,filename base/1080_base; _256 retained as APK rendition candidate,high
lilly,476,Lilly,"{""en"":""Lilly""}",Juggernaut.,anima,,1753315204,0,dl_lilly,default,,,,,,,,assets/songs/dl_lilly/1080_base.jpg,c2b58dcad54203645057a859524789f59cfd5ca13613b610d04ad087b58aac90,55cb998585ac61e32ef39ed383e74fd0956e4fbee8b2431b240e291b69110c10,418623,768,768,image/jpeg,song-jacket,primary-resolution candidate,arcaea:lilly:default,1080_base,,false,filename base/1080_base; _256 retained as APK rendition candidate,high
lilly,476,Lilly,"{""en"":""Lilly""}",Juggernaut.,anima,,1753315204,0,dl_lilly,default,,,,,,,,assets/songs/dl_lilly/1080_base_256.jpg,c2b58dcad54203645057a859524789f59cfd5ca13613b610d04ad087b58aac90,e55367f4e352a814d9b41b96a51477e1e3bec4a692099d9e0fb63442142fd07e,111036,384,384,image/jpeg,song-jacket,low-resolution/derived candidate,arcaea:lilly:default,1080_base,,true,filename base/1080_base; _256 retained as APK rendition candidate,high
linearaccelerator,99,Linear Accelerator,"{""en"":""Linear Accelerator""}",THE SHAFT,tonesphere,,1538870403,0,dl_linearaccelerator,default,,,,,,,,assets/songs/dl_linearaccelerator/1080_base.jpg,c2b58dcad54203645057a859524789f59cfd5ca13613b610d04ad087b58aac90,93f5e607c1bbac8eb7624b2bb05931117d88fec3931f66d66aa62598ffe9e202,268007,768,768,image/jpeg,song-jacket,primary-resolution candidate,arcaea:linearaccelerator:default,1080_base,,false,filename base/1080_base; _256 retained as APK rendition candidate,high
linearaccelerator,99,Linear Accelerator,"{""en"":""Linear Accelerator""}",THE SHAFT,tonesphere,,1538870403,0,dl_linearaccelerator,default,,,,,,,,assets/songs/dl_linearaccelerator/1080_base_256.jpg,c2b58dcad54203645057a859524789f59cfd5ca13613b610d04ad087b58aac90,279612a2449245ad8d1e9b3639354661759b496ca40e1e70f28c777de220f95c,68266,384,384,image/jpeg,song-jacket,low-resolution/derived candidate,arcaea:linearaccelerator:default,1080_base,,true,filename base/1080_base; _256 retained as APK rendition candidate,high
livefastdieyoung,242,Live Fast Die Young,"{""en"":""Live Fast Die Young""}",anubasu-anubasu,nijuusei_append_1,,1636588802,0,dl_livefastdieyoung,default,,,,,,,,assets/songs/dl_livefastdieyoung/1080_base.jpg,c2b58dcad54203645057a859524789f59cfd5ca13613b610d04ad087b58aac90,2a79a90212c6afb6971dc1d217b91f43c5d020643e635443e066bf63d6850810,277615,768,768,image/jpeg,song-jacket,primary-resolution candidate,arcaea:livefastdieyoung:default,1080_base,,false,filename base/1080_base; _256 retained as APK rendition candidate,high
livefastdieyoung,242,Live Fast Die Young,"{""en"":""Live Fast Die Young""}",anubasu-anubasu,nijuusei_append_1,,1636588802,0,dl_livefastdieyoung,default,,,,,,,,assets/songs/dl_livefastdieyoung/1080_base_256.jpg,c2b58dcad54203645057a859524789f59cfd5ca13613b610d04ad087b58aac90,4834ea949eddeab55a6db2aff070a0fa4ddf476d646abad9ea55ef3c67aa87e1,76875,384,384,image/jpeg,song-jacket,low-resolution/derived candidate,arcaea:livefastdieyoung:default,1080_base,,true,filename base/1080_base; _256 retained as APK rendition candidate,high
logos,350,Logos,"{""en"":""Logos""}",polysha feat. 高城みよ,eden_append_1,,1695772806,1,dl_logos,default,,,,,,,,assets/songs/dl_logos/1080_base.jpg,c2b58dcad54203645057a859524789f59cfd5ca13613b610d04ad087b58aac90,e72ec193f147cad47f6cdf2590b19a915c08ee6622a28d108846dc6d05d22253,346416,768,768,image/jpeg,song-jacket,primary-resolution candidate,arcaea:logos:default,1080_base,,false,filename base/1080_base; _256 retained as APK rendition candidate,high
logos,350,Logos,"{""en"":""Logos""}",polysha feat. 高城みよ,eden_append_1,,1695772806,1,dl_logos,default,,,,,,,,assets/songs/dl_logos/1080_base_256.jpg,c2b58dcad54203645057a859524789f59cfd5ca13613b610d04ad087b58aac90,05109412740e2285afa359c4555e5afa1791dee6ebf241d865f0b33343f70a58,105858,384,384,image/jpeg,song-jacket,low-resolution/derived candidate,arcaea:logos:default,1080_base,,true,filename base/1080_base; _256 retained as APK rendition candidate,high
loschen,212,Löschen,"{""en"":""Löschen"",""ko_dialog"":""Loschen""}",BlackY feat. Risa Yuzuki,observer,,1620691203,1,dl_loschen,default,,,,,,,,assets/songs/dl_loschen/1080_base.jpg,c2b58dcad54203645057a859524789f59cfd5ca13613b610d04ad087b58aac90,479a3bea8fc46d7e898f8089470227bd3ffb474bab09680b3439753afe30b3b5,276138,768,768,image/jpeg,song-jacket,primary-resolution candidate,arcaea:loschen:default,1080_base,,false,filename base/1080_base; _256 retained as APK rendition candidate,high
loschen,212,Löschen,"{""en"":""Löschen"",""ko_dialog"":""Loschen""}",BlackY feat. Risa Yuzuki,observer,,1620691203,1,dl_loschen,default,,,,,,,,assets/songs/dl_loschen/1080_base_256.jpg,c2b58dcad54203645057a859524789f59cfd5ca13613b610d04ad087b58aac90,e3c71bda4e0c868ef2ff3f9c82fbbdf5f9aad6307c4756f17989bb76dc016477,73363,384,384,image/jpeg,song-jacket,low-resolution/derived candidate,arcaea:loschen:default,1080_base,,true,filename base/1080_base; _256 retained as APK rendition candidate,high
lostdesire,157,Lost Desire,"{""en"":""Lost Desire""}",Powerless feat. Sennzai,vs,,1590537602,1,dl_lostdesire,default,,,,,,,,assets/songs/dl_lostdesire/1080_base.jpg,c2b58dcad54203645057a859524789f59cfd5ca13613b610d04ad087b58aac90,4b9e42860df788cd9eb34a3e578db2197024c32265a111e84a6322994aa08f25,344808,768,768,image/jpeg,song-jacket,primary-resolution candidate,arcaea:lostdesire:default,1080_base,,false,filename base/1080_base; _256 retained as APK rendition candidate,high
lostdesire,157,Lost Desire,"{""en"":""Lost Desire""}",Powerless feat. Sennzai,vs,,1590537602,1,dl_lostdesire,default,,,,,,,,assets/songs/dl_lostdesire/1080_base_256.jpg,c2b58dcad54203645057a859524789f59cfd5ca13613b610d04ad087b58aac90,a7768f6b60bf41e30dc9ca8b7576c0658b27d5cd07655344338c23456d003c4d,88721,384,384,image/jpeg,song-jacket,low-resolution/derived candidate,arcaea:lostdesire:default,1080_base,,true,filename base/1080_base; _256 retained as APK rendition candidate,high
lostemotion,314,Lost Emotion feat. nomico,"{""en"":""Lost Emotion feat. nomico""}",Masayoshi Minoshima(ALR),extend_2,,1682553600,0,dl_lostemotion,default,,,,,,,,assets/songs/dl_lostemotion/1080_base.jpg,c2b58dcad54203645057a859524789f59cfd5ca13613b610d04ad087b58aac90,8861cffc1e796fac1c9dc7e6e65c4b2602c87eecf4c740212ff15080d46d49f3,411589,768,768,image/jpeg,song-jacket,primary-resolution candidate,arcaea:lostemotion:default,1080_base,,false,filename base/1080_base; _256 retained as APK rendition candidate,high
lostemotion,314,Lost Emotion feat. nomico,"{""en"":""Lost Emotion feat. nomico""}",Masayoshi Minoshima(ALR),extend_2,,1682553600,0,dl_lostemotion,default,,,,,,,,assets/songs/dl_lostemotion/1080_base_256.jpg,c2b58dcad54203645057a859524789f59cfd5ca13613b610d04ad087b58aac90,4446ce822b98fd9d0dbab9a5c5f5a5985366e64f9101c5a1c5d8df7834960bb4,110462,384,384,image/jpeg,song-jacket,low-resolution/derived candidate,arcaea:lostemotion:default,1080_base,,true,filename base/1080_base; _256 retained as APK rendition candidate,high
lostintheabyss,320,Lost in the Abyss,"{""en"":""Lost in the Abyss""}",FELT,single,,1684972802,1,dl_lostintheabyss,default,,,,,,,,assets/songs/dl_lostintheabyss/1080_base.jpg,c2b58dcad54203645057a859524789f59cfd5ca13613b610d04ad087b58aac90,8c20b011aa60835b1b794a1cb055960f2437826028471c31bffcdc70997567fc,157709,768,758,image/jpeg,song-jacket,primary-resolution candidate,arcaea:lostintheabyss:default,1080_base,,false,filename base/1080_base; _256 retained as APK rendition candidate,high
lostintheabyss,320,Lost in the Abyss,"{""en"":""Lost in the Abyss""}",FELT,single,,1684972802,1,dl_lostintheabyss,default,,,,,,,,assets/songs/dl_lostintheabyss/1080_base_256.jpg,c2b58dcad54203645057a859524789f59cfd5ca13613b610d04ad087b58aac90,464621b41a2acd5a96e24346b0e861434cf644ce95ed244b53e05cc6c1bdcd6e,45791,384,379,image/jpeg,song-jacket,low-resolution/derived candidate,arcaea:lostintheabyss:default,1080_base,,true,filename base/1080_base; _256 retained as APK rendition candidate,high
lovelessdress,281,Loveless Dress,"{""en"":""Loveless Dress""}",かねこちはる,epilogue,,1657756800,2,dl_lovelessdress,default,,,,,,,,assets/songs/dl_lovelessdress/1080_base.jpg,c2b58dcad54203645057a859524789f59cfd5ca13613b610d04ad087b58aac90,2cc70dd0fae70c6cd481f1f2cc85aeee76afc1150c7179c376b10f7fa66a00b2,280628,768,768,image/jpeg,song-jacket,primary-resolution candidate,arcaea:lovelessdress:default,1080_base,,false,filename base/1080_base; _256 retained as APK rendition candidate,high
lovelessdress,281,Loveless Dress,"{""en"":""Loveless Dress""}",かねこちはる,epilogue,,1657756800,2,dl_lovelessdress,default,,,,,,,,assets/songs/dl_lovelessdress/1080_base_256.jpg,c2b58dcad54203645057a859524789f59cfd5ca13613b610d04ad087b58aac90,44097670b50e3348ee7000a7569ebd5460fc1e0f40676a79688db56efd7155ea,61743,384,384,image/jpeg,song-jacket,low-resolution/derived candidate,arcaea:lovelessdress:default,1080_base,,true,filename base/1080_base; _256 retained as APK rendition candidate,high
lucidtraveler,326,Lucid Traveler,"{""en"":""Lucid Traveler""}",Akira Complex vs 3R2,cytusii,,1687910403,1,dl_lucidtraveler,difficulty-specific,FTR,2,True,FTR,,,,assets/songs/dl_lucidtraveler/1080_2.jpg,c2b58dcad54203645057a859524789f59cfd5ca13613b610d04ad087b58aac90,44806b19c2a75b158e325b87858086a8155daa1c3f6f64d350a69baa1f7a4df0,265192,768,768,image/jpeg,song-jacket,primary-resolution candidate,arcaea:lucidtraveler:difficulty:FTR,1080_2,,false,numeric suffix=2; filename-to-ratingClass mapping is a candidate; jacketOverride=True,high
lucidtraveler,326,Lucid Traveler,"{""en"":""Lucid Traveler""}",Akira Complex vs 3R2,cytusii,,1687910403,1,dl_lucidtraveler,difficulty-specific,FTR,2,True,FTR,,,,assets/songs/dl_lucidtraveler/1080_2_256.jpg,c2b58dcad54203645057a859524789f59cfd5ca13613b610d04ad087b58aac90,b71e85f322caaff59c7c84f4b2be72f8db7ce2f7d44ceea21a8d519c9fb1b7e3,67133,384,384,image/jpeg,song-jacket,low-resolution/derived candidate,arcaea:lucidtraveler:difficulty:FTR,1080_2,,true,numeric suffix=2; filename-to-ratingClass mapping is a candidate; jacketOverride=True,high
lucidtraveler,326,Lucid Traveler,"{""en"":""Lucid Traveler""}",Akira Complex vs 3R2,cytusii,,1687910403,1,dl_lucidtraveler,default,,,,FTR,,,,assets/songs/dl_lucidtraveler/1080_base.jpg,c2b58dcad54203645057a859524789f59cfd5ca13613b610d04ad087b58aac90,6ebc533bdf2e5976a69e26ce5bc7248006654f1049234fe4898406435e1713f9,267762,768,768,image/jpeg,song-jacket,primary-resolution candidate,arcaea:lucidtraveler:default,1080_base,,false,filename base/1080_base; _256 retained as APK rendition candidate,high
lucidtraveler,326,Lucid Traveler,"{""en"":""Lucid Traveler""}",Akira Complex vs 3R2,cytusii,,1687910403,1,dl_lucidtraveler,default,,,,FTR,,,,assets/songs/dl_lucidtraveler/1080_base_256.jpg,c2b58dcad54203645057a859524789f59cfd5ca13613b610d04ad087b58aac90,25be01dc259b21852e58bcac83cfa057af78c75353963c3262e74f9414124ac1,67441,384,384,image/jpeg,song-jacket,low-resolution/derived candidate,arcaea:lucidtraveler:default,1080_base,,true,filename base/1080_base; _256 retained as APK rendition candidate,high
lucifer,5,Lucifer,"{""en"":""Lucifer""}",chitose,base,,1487980804,1,dl_lucifer,default,,,,,,,,assets/songs/dl_lucifer/base.jpg,c2b58dcad54203645057a859524789f59cfd5ca13613b610d04ad087b58aac90,980fd66ab331e38bb71111914b37113befb26b38cebcb490aa969fdc73c4adea,103090,500,500,image/jpeg,song-jacket,primary-resolution candidate,arcaea:lucifer:default,base,,false,filename base/1080_base; _256 retained as APK rendition candidate,high
lucifer,5,Lucifer,"{""en"":""Lucifer""}",chitose,base,,1487980804,1,dl_lucifer,default,,,,,,,,assets/songs/dl_lucifer/base_256.jpg,c2b58dcad54203645057a859524789f59cfd5ca13613b610d04ad087b58aac90,8264b2263c76f6ef3e5b0add18e51bc7af14e9a412231bc1b7e69fd86f819dfe,24214,256,256,image/jpeg,song-directory-image,low-resolution/derived candidate,arcaea:lucifer:default,base,,true,filename base/1080_base; _256 retained as APK rendition candidate,high
lumia,18,Lumia,"{""en"":""Lumia""}",sky_delta,core,,1487980815,0,dl_lumia,difficulty-specific,BYD,3,True,BYD,,,,assets/songs/dl_lumia/1080_3.jpg,c2b58dcad54203645057a859524789f59cfd5ca13613b610d04ad087b58aac90,ab8b69f87d9a2780f9a632669678711a1e385f9d4e9c27abe8062fe9952d45ea,252105,768,768,image/jpeg,song-jacket,primary-resolution candidate,arcaea:lumia:difficulty:BYD,1080_3,,false,numeric suffix=3; filename-to-ratingClass mapping is a candidate; jacketOverride=True,high
lumia,18,Lumia,"{""en"":""Lumia""}",sky_delta,core,,1487980815,0,dl_lumia,difficulty-specific,BYD,3,True,BYD,,,,assets/songs/dl_lumia/1080_3_256.jpg,c2b58dcad54203645057a859524789f59cfd5ca13613b610d04ad087b58aac90,51c0046bec73dee267073ea8a5dee1137a0eb43cf3d7b369e051667ce2091d32,67840,384,384,image/jpeg,song-jacket,low-resolution/derived candidate,arcaea:lumia:difficulty:BYD,1080_3,,true,numeric suffix=3; filename-to-ratingClass mapping is a candidate; jacketOverride=True,high
lumia,18,Lumia,"{""en"":""Lumia""}",sky_delta,core,,1487980815,0,dl_lumia,default,,,,BYD,,,,assets/songs/dl_lumia/1080_base.jpg,c2b58dcad54203645057a859524789f59cfd5ca13613b610d04ad087b58aac90,b92371bb3dd10be500c4933160e3e2116e3eed9efb1149732729f3f2cdc31bcb,221290,768,768,image/jpeg,song-jacket,primary-resolution candidate,arcaea:lumia:default,1080_base,,false,filename base/1080_base; _256 retained as APK rendition candidate,high
lumia,18,Lumia,"{""en"":""Lumia""}",sky_delta,core,,1487980815,0,dl_lumia,default,,,,BYD,,,,assets/songs/dl_lumia/1080_base_256.jpg,c2b58dcad54203645057a859524789f59cfd5ca13613b610d04ad087b58aac90,341463af21516cc4d5b9e8e627aa88d91cb88b20afc2a92edc731d9fae4c6156,59178,384,384,image/jpeg,song-jacket,low-resolution/derived candidate,arcaea:lumia:default,1080_base,,true,filename base/1080_base; _256 retained as APK rendition candidate,high
lunarossa,370,Luna Rossa,"{""en"":""Luna Rossa""}",r0y,single,,1706140808,1,dl_lunarossa,default,,,,,,,,assets/songs/dl_lunarossa/1080_base.jpg,c2b58dcad54203645057a859524789f59cfd5ca13613b610d04ad087b58aac90,d81605216e469157018aa0a6c96b9cea219f3f72dd7f9eeff41e0e5e027e06ed,320101,768,768,image/jpeg,song-jacket,primary-resolution candidate,arcaea:lunarossa:default,1080_base,,false,filename base/1080_base; _256 retained as APK rendition candidate,high
lunarossa,370,Luna Rossa,"{""en"":""Luna Rossa""}",r0y,single,,1706140808,1,dl_lunarossa,default,,,,,,,,assets/songs/dl_lunarossa/1080_base_256.jpg,c2b58dcad54203645057a859524789f59cfd5ca13613b610d04ad087b58aac90,d82edaa71c9c9aed1469c7d9ec9921255247c3303cea5b9d9cbaa246a5f79563,122338,384,384,image/jpeg,song-jacket,low-resolution/derived candidate,arcaea:lunarossa:default,1080_base,,true,filename base/1080_base; _256 retained as APK rendition candidate,high
macromod,257,Macrocosmic Modulation,"{""en"":""Macrocosmic Modulation""}",JAKAZiD,single,,1645056004,0,dl_macromod,default,,,,,,,,assets/songs/dl_macromod/1080_base.jpg,c2b58dcad54203645057a859524789f59cfd5ca13613b610d04ad087b58aac90,a5f438f6b99540de74b9c9cef44f3fa8bf29b11e57b77e0ec71090d120171c07,386509,768,768,image/jpeg,song-jacket,primary-resolution candidate,arcaea:macromod:default,1080_base,,false,filename base/1080_base; _256 retained as APK rendition candidate,high
macromod,257,Macrocosmic Modulation,"{""en"":""Macrocosmic Modulation""}",JAKAZiD,single,,1645056004,0,dl_macromod,default,,,,,,,,assets/songs/dl_macromod/1080_base_256.jpg,c2b58dcad54203645057a859524789f59cfd5ca13613b610d04ad087b58aac90,51e5d90bc5d0f07741ec543bb216e9acf9db4fb20617ffa7a94ae2377b896efa,97382,384,384,image/jpeg,song-jacket,low-resolution/derived candidate,arcaea:macromod:default,1080_base,,true,filename base/1080_base; _256 retained as APK rendition candidate,high
magnolia,334,Magnolia,"{""en"":""Magnolia""}",M2U Vocal by Guriri,cytusii_append_1,,1689724805,0,dl_magnolia,default,,,,,,,,assets/songs/dl_magnolia/1080_base.jpg,c2b58dcad54203645057a859524789f59cfd5ca13613b610d04ad087b58aac90,355c5b13cfaabb507c5ae09d6c21bbb3d4d738e13d0163626b03fb9116a0f197,245008,768,768,image/jpeg,song-jacket,primary-resolution candidate,arcaea:magnolia:default,1080_base,,false,filename base/1080_base; _256 retained as APK rendition candidate,high
magnolia,334,Magnolia,"{""en"":""Magnolia""}",M2U Vocal by Guriri,cytusii_append_1,,1689724805,0,dl_magnolia,default,,,,,,,,assets/songs/dl_magnolia/1080_base_256.jpg,c2b58dcad54203645057a859524789f59cfd5ca13613b610d04ad087b58aac90,1d68fdd8cbb4639646f54bbcf39ba6d887c06301a8b25ce23dfa0d7508a8c317,64738,384,384,image/jpeg,song-jacket,low-resolution/derived candidate,arcaea:magnolia:default,1080_base,,true,filename base/1080_base; _256 retained as APK rendition candidate,high
mahoroba,172,MAHOROBA,"{""en"":""MAHOROBA""}",Zekk,single,,1596758400,0,dl_mahoroba,default,,,,,,,,assets/songs/dl_mahoroba/1080_base.jpg,c2b58dcad54203645057a859524789f59cfd5ca13613b610d04ad087b58aac90,fe01e57679d45c361aa1faf58c016d74821bafde589f4b45f30ec05bff98d67c,375011,768,768,image/jpeg,song-jacket,primary-resolution candidate,arcaea:mahoroba:default,1080_base,,false,filename base/1080_base; _256 retained as APK rendition candidate,high
mahoroba,172,MAHOROBA,"{""en"":""MAHOROBA""}",Zekk,single,,1596758400,0,dl_mahoroba,default,,,,,,,,assets/songs/dl_mahoroba/1080_base_256.jpg,c2b58dcad54203645057a859524789f59cfd5ca13613b610d04ad087b58aac90,18294bbe17ef52418e96b4d5f10ba75ac80fafdb5b341db5eb4f22b2d302cfcb,80842,384,384,image/jpeg,song-jacket,low-resolution/derived candidate,arcaea:mahoroba:default,1080_base,,true,filename base/1080_base; _256 retained as APK rendition candidate,high
maliciousmischance,174,Malicious Mischance,"{""en"":""Malicious Mischance""}",s-don,single,,1599177600,1,dl_maliciousmischance,default,,,,,,,,assets/songs/dl_maliciousmischance/1080_base.jpg,c2b58dcad54203645057a859524789f59cfd5ca13613b610d04ad087b58aac90,4b80990f570220e62a62788de05c6ac2eb908afb83a8270372c8da131a84720b,281907,768,768,image/jpeg,song-jacket,primary-resolution candidate,arcaea:maliciousmischance:default,1080_base,,false,filename base/1080_base; _256 retained as APK rendition candidate,high
maliciousmischance,174,Malicious Mischance,"{""en"":""Malicious Mischance""}",s-don,single,,1599177600,1,dl_maliciousmischance,default,,,,,,,,assets/songs/dl_maliciousmischance/1080_base_256.jpg,c2b58dcad54203645057a859524789f59cfd5ca13613b610d04ad087b58aac90,414ea37b369dc92639e94ff7cce2f1cd56c47fedada3003fe176425db4e81662,78808,384,384,image/jpeg,song-jacket,low-resolution/derived candidate,arcaea:maliciousmischance:default,1080_base,,true,filename base/1080_base; _256 retained as APK rendition candidate,high
manicjeer,301,Manic Jeer,"{""en"":""Manic Jeer""}",ルゼ,single,,1677715201,1,dl_manicjeer,default,,,,,,,,assets/songs/dl_manicjeer/1080_base.jpg,c2b58dcad54203645057a859524789f59cfd5ca13613b610d04ad087b58aac90,dffd5c9e0e660cc45170e9a48303f50fe79a98396726f6b583cb7d2e2d7b8c60,393213,768,768,image/jpeg,song-jacket,primary-resolution candidate,arcaea:manicjeer:default,1080_base,,false,filename base/1080_base; _256 retained as APK rendition candidate,high
manicjeer,301,Manic Jeer,"{""en"":""Manic Jeer""}",ルゼ,single,,1677715201,1,dl_manicjeer,default,,,,,,,,assets/songs/dl_manicjeer/1080_base_256.jpg,c2b58dcad54203645057a859524789f59cfd5ca13613b610d04ad087b58aac90,4cfb7b4d86ad56aaf14fb10603a1d300f408f9cfddb2d071682d231dffcef85e,93525,384,384,image/jpeg,song-jacket,low-resolution/derived candidate,arcaea:manicjeer:default,1080_base,,true,filename base/1080_base; _256 retained as APK rendition candidate,high
mantis,295,MANTIS (Arcaea Ultra-Bloodrush VIP),"{""en"":""MANTIS (Arcaea Ultra-Bloodrush VIP)""}",Akira Complex feat. kiraku,extend_2,,1674691201,1,dl_mantis,default,,,,,,,,assets/songs/dl_mantis/1080_base.jpg,c2b58dcad54203645057a859524789f59cfd5ca13613b610d04ad087b58aac90,808670bba0463beed7c2ef1a64e6d061ff9d7c20e3fbe309adea6ea60ea729ff,396942,768,768,image/jpeg,song-jacket,primary-resolution candidate,arcaea:mantis:default,1080_base,,false,filename base/1080_base; _256 retained as APK rendition candidate,high
mantis,295,MANTIS (Arcaea Ultra-Bloodrush VIP),"{""en"":""MANTIS (Arcaea Ultra-Bloodrush VIP)""}",Akira Complex feat. kiraku,extend_2,,1674691201,1,dl_mantis,default,,,,,,,,assets/songs/dl_mantis/1080_base_256.jpg,c2b58dcad54203645057a859524789f59cfd5ca13613b610d04ad087b58aac90,8ed14db928ad4306b8bd42bd77ded5e3fa1fd161cf26445589d48223f33531cb,89846,384,384,image/jpeg,song-jacket,low-resolution/derived candidate,arcaea:mantis:default,1080_base,,true,filename base/1080_base; _256 retained as APK rendition candidate,high
marenyx,503,MARENYX,"{""en"":""MARENYX""}",BlackY × Aoi,nextstage,,1763769603,1,dl_marenyx,default,,,,,,,,assets/songs/dl_marenyx/1080_base.jpg,c2b58dcad54203645057a859524789f59cfd5ca13613b610d04ad087b58aac90,61796e99b4a43a14b4057565fe8c86ca442a3941a93b2f77bbfd6ac9c415046a,389186,768,768,image/jpeg,song-jacket,primary-resolution candidate,arcaea:marenyx:default,1080_base,,false,filename base/1080_base; _256 retained as APK rendition candidate,high
marenyx,503,MARENYX,"{""en"":""MARENYX""}",BlackY × Aoi,nextstage,,1763769603,1,dl_marenyx,default,,,,,,,,assets/songs/dl_marenyx/1080_base_256.jpg,c2b58dcad54203645057a859524789f59cfd5ca13613b610d04ad087b58aac90,f7fbce17fad4de604e20ee69a364c725134c1e47aa9c6f90188144816157d8e7,129112,384,384,image/jpeg,song-jacket,low-resolution/derived candidate,arcaea:marenyx:default,1080_base,,true,filename base/1080_base; _256 retained as APK rendition candidate,high
mask,509,~_+,"{""en"":""~_+""}",AQUASINE ~ MEMODEMO + METAROOM,extend_4,,1766534401,0,dl_mask,default,,,,,,,,assets/songs/dl_mask/1080_base.jpg,c2b58dcad54203645057a859524789f59cfd5ca13613b610d04ad087b58aac90,9af71179dc7f04b175c6aa6d0897b2c83cf2b482d3bd2ab0f0ae671f8c6344c3,446926,768,768,image/jpeg,song-jacket,primary-resolution candidate,arcaea:mask:default,1080_base,,false,filename base/1080_base; _256 retained as APK rendition candidate,high
mask,509,~_+,"{""en"":""~_+""}",AQUASINE ~ MEMODEMO + METAROOM,extend_4,,1766534401,0,dl_mask,default,,,,,,,,assets/songs/dl_mask/1080_base_256.jpg,c2b58dcad54203645057a859524789f59cfd5ca13613b610d04ad087b58aac90,7b2af3e2204f1b9db83b45070c225a4fa30fab701863ab8d6626de0dd5771474,124562,384,384,image/jpeg,song-jacket,low-resolution/derived candidate,arcaea:mask:default,1080_base,,true,filename base/1080_base; _256 retained as APK rendition candidate,high
masqueradelegion,375,Masquerade Legion,"{""en"":""Masquerade Legion""}",Srav3R & DJ Noriken,single,,1709856007,1,dl_masqueradelegion,default,,,,,,,,assets/songs/dl_masqueradelegion/1080_base.jpg,c2b58dcad54203645057a859524789f59cfd5ca13613b610d04ad087b58aac90,3048cb371c733f17f4408afce2876bd9b5ed9bb78231dba0cc2b7143c250d907,350492,768,768,image/jpeg,song-jacket,primary-resolution candidate,arcaea:masqueradelegion:default,1080_base,,false,filename base/1080_base; _256 retained as APK rendition candidate,high
masqueradelegion,375,Masquerade Legion,"{""en"":""Masquerade Legion""}",Srav3R & DJ Noriken,single,,1709856007,1,dl_masqueradelegion,default,,,,,,,,assets/songs/dl_masqueradelegion/1080_base_256.jpg,c2b58dcad54203645057a859524789f59cfd5ca13613b610d04ad087b58aac90,d35aaeabb5ddd02cfadc8bb273e837df6c5a2bdf8966a6e1522015a80b247cc9,118531,384,384,image/jpeg,song-jacket,low-resolution/derived candidate,arcaea:masqueradelegion:default,1080_base,,true,filename base/1080_base; _256 retained as APK rendition candidate,high
matenrou,342,Kanjou no Matenrou ～Arr.Demetori,"{""en"":""Kanjou no Matenrou ～Arr.Demetori"",""ja"":""感情の摩天楼 ～Arr.Demetori""}",Demetori,extend_2,,1694664000,1,dl_matenrou,default,,,,,,,,assets/songs/dl_matenrou/1080_base.jpg,c2b58dcad54203645057a859524789f59cfd5ca13613b610d04ad087b58aac90,86e29c5cec2387448763f8fa4ddcfbf5618e0e3b18166b4dba8b483a084d996a,251263,768,758,image/jpeg,song-jacket,primary-resolution candidate,arcaea:matenrou:default,1080_base,,false,filename base/1080_base; _256 retained as APK rendition candidate,high
matenrou,342,Kanjou no Matenrou ～Arr.Demetori,"{""en"":""Kanjou no Matenrou ～Arr.Demetori"",""ja"":""感情の摩天楼 ～Arr.Demetori""}",Demetori,extend_2,,1694664000,1,dl_matenrou,default,,,,,,,,assets/songs/dl_matenrou/1080_base_256.jpg,c2b58dcad54203645057a859524789f59cfd5ca13613b610d04ad087b58aac90,0c29694c0a5dc964bbb1a3ded80007f78007477636aaff7317ef1543f256f87a,64235,384,379,image/jpeg,song-jacket,low-resolution/derived candidate,arcaea:matenrou:default,1080_base,,true,filename base/1080_base; _256 retained as APK rendition candidate,high
maxrage,305,MAXRAGE,"{""en"":""MAXRAGE""}",EBIMAYO,maimai_append_1,,1677715205,1,dl_maxrage,default,,,,,,,,assets/songs/dl_maxrage/1080_base.jpg,c2b58dcad54203645057a859524789f59cfd5ca13613b610d04ad087b58aac90,902225060112c34ff0e4d399233f359aac2ca370de22edcd843382a508ccb7fc,339423,768,768,image/jpeg,song-jacket,primary-resolution candidate,arcaea:maxrage:default,1080_base,,false,filename base/1080_base; _256 retained as APK rendition candidate,high
maxrage,305,MAXRAGE,"{""en"":""MAXRAGE""}",EBIMAYO,maimai_append_1,,1677715205,1,dl_maxrage,default,,,,,,,,assets/songs/dl_maxrage/1080_base_256.jpg,c2b58dcad54203645057a859524789f59cfd5ca13613b610d04ad087b58aac90,7392bbc5e7aeb28b0a9f513e6e35687d751910bee09b011dcebc9e81aa7345ef,90647,384,384,image/jpeg,song-jacket,low-resolution/derived candidate,arcaea:maxrage:default,1080_base,,true,filename base/1080_base; _256 retained as APK rendition candidate,high
mazenine,82,Maze No.9,"{""en"":""Maze No.9"",""ja"":""九番目の迷路""}",アリスシャッハと魔法の楽団,rei,,1531699203,0,dl_mazenine,default,,,,,,,,assets/songs/dl_mazenine/1080_base.jpg,c2b58dcad54203645057a859524789f59cfd5ca13613b610d04ad087b58aac90,f32c341d60ea77876796101bfb40e52d4a86228aebaa235791644831502aa772,396726,768,768,image/jpeg,song-jacket,primary-resolution candidate,arcaea:mazenine:default,1080_base,,false,filename base/1080_base; _256 retained as APK rendition candidate,high
mazenine,82,Maze No.9,"{""en"":""Maze No.9"",""ja"":""九番目の迷路""}",アリスシャッハと魔法の楽団,rei,,1531699203,0,dl_mazenine,default,,,,,,,,assets/songs/dl_mazenine/1080_base_256.jpg,c2b58dcad54203645057a859524789f59cfd5ca13613b610d04ad087b58aac90,2c4831a38463887627ebfbca2ae88055e9af9febbedc7dd20bd9a45207182037,106345,384,384,image/jpeg,song-jacket,low-resolution/derived candidate,arcaea:mazenine:default,1080_base,,true,filename base/1080_base; _256 retained as APK rendition candidate,high
mazymetroplex,227,Mazy Metroplex,"{""en"":""Mazy Metroplex""}",aran,wacca,,1628553603,0,dl_mazymetroplex,default,,,,,,,,assets/songs/dl_mazymetroplex/1080_base.jpg,c2b58dcad54203645057a859524789f59cfd5ca13613b610d04ad087b58aac90,079589f9dae2225143e362f1cac0856ee992f45d9e4c4eeed6549cc65815d67c,454873,768,768,image/jpeg,song-jacket,primary-resolution candidate,arcaea:mazymetroplex:default,1080_base,,false,filename base/1080_base; _256 retained as APK rendition candidate,high
mazymetroplex,227,Mazy Metroplex,"{""en"":""Mazy Metroplex""}",aran,wacca,,1628553603,0,dl_mazymetroplex,default,,,,,,,,assets/songs/dl_mazymetroplex/1080_base_256.jpg,c2b58dcad54203645057a859524789f59cfd5ca13613b610d04ad087b58aac90,f301ceacaa9306595a2b5b05de39b3dca610643aecebd6ee1a6ca835f2d53d16,71763,384,384,image/jpeg,song-jacket,low-resolution/derived candidate,arcaea:mazymetroplex:default,1080_base,,true,filename base/1080_base; _256 retained as APK rendition candidate,high
medusa,252,Medusa,"{""en"":""Medusa""}",HiTECH NINJA,musedash,,1640304000,1,dl_medusa,default,,,,,,,,assets/songs/dl_medusa/1080_base.jpg,c2b58dcad54203645057a859524789f59cfd5ca13613b610d04ad087b58aac90,e0349877d1f0785fab8df03ab84cfee55fa0535e9e45b9991401c8cc8d49768a,253252,768,768,image/jpeg,song-jacket,primary-resolution candidate,arcaea:medusa:default,1080_base,,false,filename base/1080_base; _256 retained as APK rendition candidate,high
medusa,252,Medusa,"{""en"":""Medusa""}",HiTECH NINJA,musedash,,1640304000,1,dl_medusa,default,,,,,,,,assets/songs/dl_medusa/1080_base_256.jpg,c2b58dcad54203645057a859524789f59cfd5ca13613b610d04ad087b58aac90,44e12d88386fd6ff99164a9d7f4543d4f6424d00cbb880a2d6b01fc7aafe9a0a,83843,384,384,image/jpeg,song-jacket,low-resolution/derived candidate,arcaea:medusa:default,1080_base,,true,filename base/1080_base; _256 retained as APK rendition candidate,high
megalovania,448,MEGALOVANIA,"{""en"":""MEGALOVANIA""}",Toby Fox,undertale,,1741478404,1,dl_megalovania,default,,,,,,,,assets/songs/dl_megalovania/1080_base.jpg,c2b58dcad54203645057a859524789f59cfd5ca13613b610d04ad087b58aac90,23260e6e6ea58351d6fbb967018e99dd265d9434774ab737613091d861488a24,99067,768,768,image/jpeg,song-jacket,primary-resolution candidate,arcaea:megalovania:default,1080_base,,false,filename base/1080_base; _256 retained as APK rendition candidate,high
megalovania,448,MEGALOVANIA,"{""en"":""MEGALOVANIA""}",Toby Fox,undertale,,1741478404,1,dl_megalovania,default,,,,,,,,assets/songs/dl_megalovania/1080_base_256.jpg,c2b58dcad54203645057a859524789f59cfd5ca13613b610d04ad087b58aac90,e52b0c9a79e5753145496315c2a9255403223680b3dd8d4e85c651084b747fe2,42318,384,384,image/jpeg,song-jacket,low-resolution/derived candidate,arcaea:megalovania:default,1080_base,,true,filename base/1080_base; _256 retained as APK rendition candidate,high
megalovaniarmx,449,MEGALOVANIA (Camellia Remix),"{""en"":""MEGALOVANIA (Camellia Remix)""}",Camellia,single,,1741478405,1,dl_megalovaniarmx,default,,,,,,,,assets/songs/dl_megalovaniarmx/1080_base.jpg,c2b58dcad54203645057a859524789f59cfd5ca13613b610d04ad087b58aac90,cfea6c1d658df9c982573ec12eb015049d201727364a4413ed5dca022b94088e,212890,768,768,image/jpeg,song-jacket,primary-resolution candidate,arcaea:megalovaniarmx:default,1080_base,,false,filename base/1080_base; _256 retained as APK rendition candidate,high
megalovaniarmx,449,MEGALOVANIA (Camellia Remix),"{""en"":""MEGALOVANIA (Camellia Remix)""}",Camellia,single,,1741478405,1,dl_megalovaniarmx,default,,,,,,,,assets/songs/dl_megalovaniarmx/1080_base_256.jpg,c2b58dcad54203645057a859524789f59cfd5ca13613b610d04ad087b58aac90,7c0ceaa649d198aaab5a3852ecf01f21c6563c874a0eb147203c095057675867,90012,384,384,image/jpeg,song-jacket,low-resolution/derived candidate,arcaea:megalovaniarmx:default,1080_base,,true,filename base/1080_base; _256 retained as APK rendition candidate,high
melodyoflove,133,A Wandering Melody of Love,"{""en"":""A Wandering Melody of Love"",""ja"":""迷える音色は恋の唄""}",からとPαnchii少年 feat.はるの,omatsuri,,1566432002,0,dl_melodyoflove,default,,,,,FTR;PRS;PST,,,assets/songs/dl_melodyoflove/1080_base.jpg,c2b58dcad54203645057a859524789f59cfd5ca13613b610d04ad087b58aac90,c61fae31d1ba8ae30ec3de9b62bf655cc21b163957cfeeaab5d9ddfd583d8b76,302871,768,768,image/jpeg,song-jacket,primary-resolution candidate,arcaea:melodyoflove:default,1080_base,,false,filename base/1080_base; _256 retained as APK rendition candidate,high
melodyoflove,133,A Wandering Melody of Love,"{""en"":""A Wandering Melody of Love"",""ja"":""迷える音色は恋の唄""}",からとPαnchii少年 feat.はるの,omatsuri,,1566432002,0,dl_melodyoflove,default,,,,,FTR;PRS;PST,,,assets/songs/dl_melodyoflove/1080_base_256.jpg,c2b58dcad54203645057a859524789f59cfd5ca13613b610d04ad087b58aac90,452678a4f1b5c2a5eaaf3c857681b5abf621d47a4c8ec32bdef18b172f721f47,86387,384,384,image/jpeg,song-jacket,low-resolution/derived candidate,arcaea:melodyoflove:default,1080_base,,true,filename base/1080_base; _256 retained as APK rendition candidate,high
melodyoflove,133,A Wandering Melody of Love,"{""en"":""A Wandering Melody of Love"",""ja"":""迷える音色は恋の唄""}",からとPαnchii少年 feat.はるの,omatsuri,,1566432002,0,dl_melodyoflove,night/special,,,,,FTR;PRS;PST,,,assets/songs/dl_melodyoflove/1080_base_night.jpg,c2b58dcad54203645057a859524789f59cfd5ca13613b610d04ad087b58aac90,aa9ff607f39df09332482cd1f240499d7f8082c5d60204e4beb177ee4a7cbd10,305605,768,768,image/jpeg,song-jacket,primary-resolution candidate,arcaea:melodyoflove:special:night,1080_base_night,night,false,base suffix=night; jacketNight classes=PST;PRS;FTR; jacketLocalized/locale path is separate from numeric difficulty,high
melodyoflove,133,A Wandering Melody of Love,"{""en"":""A Wandering Melody of Love"",""ja"":""迷える音色は恋の唄""}",からとPαnchii少年 feat.はるの,omatsuri,,1566432002,0,dl_melodyoflove,night/special,,,,,FTR;PRS;PST,,,assets/songs/dl_melodyoflove/1080_base_night_256.jpg,c2b58dcad54203645057a859524789f59cfd5ca13613b610d04ad087b58aac90,cb9156cc9ac83c257e5bb4ad26f96d9ad9ccabed2758e80351fd02b91477c333,86100,384,384,image/jpeg,song-jacket,low-resolution/derived candidate,arcaea:melodyoflove:special:night,1080_base_night,night,true,base suffix=night; jacketNight classes=PST;PRS;FTR; jacketLocalized/locale path is separate from numeric difficulty,high
meltyrhapsody,517,Melty Rhapsody,"{""en"":""Melty Rhapsody"",""ja"":""メルティーラプソディー""}",lapix feat. PANXI,megarex,,1769644804,0,dl_meltyrhapsody,default,,,,,,,,assets/songs/dl_meltyrhapsody/1080_base.jpg,c2b58dcad54203645057a859524789f59cfd5ca13613b610d04ad087b58aac90,53a9a752a4624016c52e8c45da23a87519052a0aa9e235b55a79786d06005b57,409565,768,768,image/jpeg,song-jacket,primary-resolution candidate,arcaea:meltyrhapsody:default,1080_base,,false,filename base/1080_base; _256 retained as APK rendition candidate,high
meltyrhapsody,517,Melty Rhapsody,"{""en"":""Melty Rhapsody"",""ja"":""メルティーラプソディー""}",lapix feat. PANXI,megarex,,1769644804,0,dl_meltyrhapsody,default,,,,,,,,assets/songs/dl_meltyrhapsody/1080_base_256.jpg,c2b58dcad54203645057a859524789f59cfd5ca13613b610d04ad087b58aac90,6ec0279c051cf53c64fa0f5e01b7a65f99d81f29a9f421a6fd68c01705dd7672,128712,384,384,image/jpeg,song-jacket,low-resolution/derived candidate,arcaea:meltyrhapsody:default,1080_base,,true,filename base/1080_base; _256 retained as APK rendition candidate,high
memoryfactory,9,memoryfactory.lzh,"{""en"":""memoryfactory.lzh""}",Frums,core,,1487980813,0,dl_memoryfactory,default,,,,,,,,assets/songs/dl_memoryfactory/1080_base.jpg,c2b58dcad54203645057a859524789f59cfd5ca13613b610d04ad087b58aac90,a2e7d22cbabd6fdb153199ba3bb46f435826c72a8f22acd91d498d423ce3ecaa,83523,768,768,image/jpeg,song-jacket,primary-resolution candidate,arcaea:memoryfactory:default,1080_base,,false,filename base/1080_base; _256 retained as APK rendition candidate,high
memoryfactory,9,memoryfactory.lzh,"{""en"":""memoryfactory.lzh""}",Frums,core,,1487980813,0,dl_memoryfactory,default,,,,,,,,assets/songs/dl_memoryfactory/1080_base_256.jpg,c2b58dcad54203645057a859524789f59cfd5ca13613b610d04ad087b58aac90,3893117033720521c501f0ca25628e1db5fd555ef48a6b5b8c0398c7d60b5ef3,28817,384,384,image/jpeg,song-jacket,low-resolution/derived candidate,arcaea:memoryfactory:default,1080_base,,true,filename base/1080_base; _256 retained as APK rendition candidate,high
memoryforest,71,Memory Forest,"{""en"":""Memory Forest""}",ETIA.,nijuusei,,1521763203,0,dl_memoryforest,default,,,,,,,,assets/songs/dl_memoryforest/1080_base.jpg,c2b58dcad54203645057a859524789f59cfd5ca13613b610d04ad087b58aac90,4d8523e0f2b4245c0fa74cc99f63cfda611519f5b42dc4292c2e0ea34ff7074e,246968,768,768,image/jpeg,song-jacket,primary-resolution candidate,arcaea:memoryforest:default,1080_base,,false,filename base/1080_base; _256 retained as APK rendition candidate,high
memoryforest,71,Memory Forest,"{""en"":""Memory Forest""}",ETIA.,nijuusei,,1521763203,0,dl_memoryforest,default,,,,,,,,assets/songs/dl_memoryforest/1080_base_256.jpg,c2b58dcad54203645057a859524789f59cfd5ca13613b610d04ad087b58aac90,e63a950b6f86b3d64985c0a0aadeb0aeeaaa82335e1f4d98e6222a3b8d0ac047,67928,384,384,image/jpeg,song-jacket,low-resolution/derived candidate,arcaea:memoryforest:default,1080_base,,true,filename base/1080_base; _256 retained as APK rendition candidate,high
merlin,106,MERLIN,"{""en"":""MERLIN""}",REDALiCE,groovecoaster,,1546992000,0,dl_merlin,default,,,,,,,,assets/songs/dl_merlin/1080_base.jpg,c2b58dcad54203645057a859524789f59cfd5ca13613b610d04ad087b58aac90,ec6415fb33d50ee6aea0ad098da0bacf80ac3ebcc67913e420e04621d48ec1c1,264199,768,768,image/jpeg,song-jacket,primary-resolution candidate,arcaea:merlin:default,1080_base,,false,filename base/1080_base; _256 retained as APK rendition candidate,high
merlin,106,MERLIN,"{""en"":""MERLIN""}",REDALiCE,groovecoaster,,1546992000,0,dl_merlin,default,,,,,,,,assets/songs/dl_merlin/1080_base_256.jpg,c2b58dcad54203645057a859524789f59cfd5ca13613b610d04ad087b58aac90,f0c86c58fcc85533bbf706ebc3405c41985cd3ab632437f7e6de56a40db7d386,70135,384,384,image/jpeg,song-jacket,low-resolution/derived candidate,arcaea:merlin:default,1080_base,,true,filename base/1080_base; _256 retained as APK rendition candidate,high
metallicpunisher,74,Metallic Punisher,"{""en"":""Metallic Punisher""}",INNOCENT NOIZE,single,,1518480000,1,dl_metallicpunisher,default,,,,,,,,assets/songs/dl_metallicpunisher/1080_base.jpg,c2b58dcad54203645057a859524789f59cfd5ca13613b610d04ad087b58aac90,a5f3bf057e0f62c8334fe0e4e5f1f4c6dab139a1e3b9539f04394c4d172d3d38,260226,768,768,image/jpeg,song-jacket,primary-resolution candidate,arcaea:metallicpunisher:default,1080_base,,false,filename base/1080_base; _256 retained as APK rendition candidate,high
metallicpunisher,74,Metallic Punisher,"{""en"":""Metallic Punisher""}",INNOCENT NOIZE,single,,1518480000,1,dl_metallicpunisher,default,,,,,,,,assets/songs/dl_metallicpunisher/1080_base_256.jpg,c2b58dcad54203645057a859524789f59cfd5ca13613b610d04ad087b58aac90,b0ee22c782681b2594ecca8c636ae8c94ee68025d76adf92186e6da296350c01,71122,384,384,image/jpeg,song-jacket,low-resolution/derived candidate,arcaea:metallicpunisher:default,1080_base,,true,filename base/1080_base; _256 retained as APK rendition candidate,high
metamysteria,361,Meta-Mysteria,"{""en"":""Meta-Mysteria""}",DJ Noriken,wacca_append_1,,1701302404,0,dl_metamysteria,default,,,,,,,,assets/songs/dl_metamysteria/1080_base.jpg,c2b58dcad54203645057a859524789f59cfd5ca13613b610d04ad087b58aac90,6e0c69bb4466766834c562bce10b772d885ca6da366705597da9fc2a22e6b5a9,322701,768,768,image/jpeg,song-jacket,primary-resolution candidate,arcaea:metamysteria:default,1080_base,,false,filename base/1080_base; _256 retained as APK rendition candidate,high
metamysteria,361,Meta-Mysteria,"{""en"":""Meta-Mysteria""}",DJ Noriken,wacca_append_1,,1701302404,0,dl_metamysteria,default,,,,,,,,assets/songs/dl_metamysteria/1080_base_256.jpg,c2b58dcad54203645057a859524789f59cfd5ca13613b610d04ad087b58aac90,9f65b3896dcdf3ccebb199ee7074273951f4005074e3d87298ee61c2b04c322f,78918,384,384,image/jpeg,song-jacket,low-resolution/derived candidate,arcaea:metamysteria:default,1080_base,,true,filename base/1080_base; _256 retained as APK rendition candidate,high
miles,466,Miles,"{""en"":""Miles""}",Electronic Boutique,single,,1750896002,0,dl_miles,default,,,,,,,,assets/songs/dl_miles/1080_base.jpg,c2b58dcad54203645057a859524789f59cfd5ca13613b610d04ad087b58aac90,03f23b511ea04e224ddc3fe72166cb0e0653c8907e6494dbb9452dd638544e95,186615,768,768,image/jpeg,song-jacket,primary-resolution candidate,arcaea:miles:default,1080_base,,false,filename base/1080_base; _256 retained as APK rendition candidate,high
miles,466,Miles,"{""en"":""Miles""}",Electronic Boutique,single,,1750896002,0,dl_miles,default,,,,,,,,assets/songs/dl_miles/1080_base_256.jpg,c2b58dcad54203645057a859524789f59cfd5ca13613b610d04ad087b58aac90,3fc25ce10007deb5d28f95258b20eb65368986b498bc33bd9b0c683f4049af37,95809,384,384,image/jpeg,song-jacket,low-resolution/derived candidate,arcaea:miles:default,1080_base,,true,filename base/1080_base; _256 retained as APK rendition candidate,high
mirinae,383,MIRINAE,"{""en"":""MIRINAE""}",TAK × Zekk,single,,1711324805,0,dl_mirinae,default,,,,,,,,assets/songs/dl_mirinae/1080_base.jpg,c2b58dcad54203645057a859524789f59cfd5ca13613b610d04ad087b58aac90,36404670f509d12d3a7f8e5bbfa908ffd15a0393bf8f7d4c46f4cae121ddcf67,249914,768,768,image/jpeg,song-jacket,primary-resolution candidate,arcaea:mirinae:default,1080_base,,false,filename base/1080_base; _256 retained as APK rendition candidate,high
mirinae,383,MIRINAE,"{""en"":""MIRINAE""}",TAK × Zekk,single,,1711324805,0,dl_mirinae,default,,,,,,,,assets/songs/dl_mirinae/1080_base_256.jpg,c2b58dcad54203645057a859524789f59cfd5ca13613b610d04ad087b58aac90,9cd2a31570c10f1b3494f60105c76b1275b7ed58bffc957126725bba51255d62,87433,384,384,image/jpeg,song-jacket,low-resolution/derived candidate,arcaea:mirinae:default,1080_base,,true,filename base/1080_base; _256 retained as APK rendition candidate,high
mirrorrmx,530,MIRROR - kamome sano remix,"{""en"":""MIRROR - kamome sano remix""}",kamome sano,extend_4,,1777507203,0,dl_mirrorrmx,default,,,,,,,,assets/songs/dl_mirrorrmx/1080_base.jpg,c2b58dcad54203645057a859524789f59cfd5ca13613b610d04ad087b58aac90,cb35bf81cc539640399f10fc0c09f31a5833a77df1fb789483071b02b0308b76,282473,768,768,image/jpeg,song-jacket,primary-resolution candidate,arcaea:mirrorrmx:default,1080_base,,false,filename base/1080_base; _256 retained as APK rendition candidate,high
mirrorrmx,530,MIRROR - kamome sano remix,"{""en"":""MIRROR - kamome sano remix""}",kamome sano,extend_4,,1777507203,0,dl_mirrorrmx,default,,,,,,,,assets/songs/dl_mirrorrmx/1080_base_256.jpg,c2b58dcad54203645057a859524789f59cfd5ca13613b610d04ad087b58aac90,89cdad6ccc4b2924e30c0df5f69d465ade21ed6e40fe5e88e8153bfa506ff52c,110244,384,384,image/jpeg,song-jacket,low-resolution/derived candidate,arcaea:mirrorrmx:default,1080_base,,true,filename base/1080_base; _256 retained as APK rendition candidate,high
mirzam,136,Mirzam,"{""en"":""Mirzam""}",Aoi vs. siqlo,single,,1568246400,1,dl_mirzam,default,,,,,,,,assets/songs/dl_mirzam/1080_base.jpg,c2b58dcad54203645057a859524789f59cfd5ca13613b610d04ad087b58aac90,16bdffb9006563a6e555a0a56a88ce48445c7e0b9c576f7ed03eee1bf74b75bf,294643,768,768,image/jpeg,song-jacket,primary-resolution candidate,arcaea:mirzam:default,1080_base,,false,filename base/1080_base; _256 retained as APK rendition candidate,high
mirzam,136,Mirzam,"{""en"":""Mirzam""}",Aoi vs. siqlo,single,,1568246400,1,dl_mirzam,default,,,,,,,,assets/songs/dl_mirzam/1080_base_256.jpg,c2b58dcad54203645057a859524789f59cfd5ca13613b610d04ad087b58aac90,08d3b06d6da057697099df25c5033dfa6c1cdf049111207d140fba9af43172cb,81422,384,384,image/jpeg,song-jacket,low-resolution/derived candidate,arcaea:mirzam:default,1080_base,,true,filename base/1080_base; _256 retained as APK rendition candidate,high
mod,494,mod,"{""en"":""mod""}",kalsoer,extend_4,,1761782401,0,dl_mod,default,,,,,,,,assets/songs/dl_mod/1080_base.jpg,c2b58dcad54203645057a859524789f59cfd5ca13613b610d04ad087b58aac90,85a841f603be34686e737c7fb415ef87a54db6d78a6f71456b0e8bd7e272c613,490804,768,768,image/jpeg,song-jacket,primary-resolution candidate,arcaea:mod:default,1080_base,,false,filename base/1080_base; _256 retained as APK rendition candidate,high
mod,494,mod,"{""en"":""mod""}",kalsoer,extend_4,,1761782401,0,dl_mod,default,,,,,,,,assets/songs/dl_mod/1080_base_256.jpg,c2b58dcad54203645057a859524789f59cfd5ca13613b610d04ad087b58aac90,9b8d5d8ef2c661dd43efa5ed947af97bb2cd6fc94808ea9366204207aa8092fa,124243,384,384,image/jpeg,song-jacket,low-resolution/derived candidate,arcaea:mod:default,1080_base,,true,filename base/1080_base; _256 retained as APK rendition candidate,high
modelista,50,Modelista,"{""en"":""Modelista""}",HiTECH NINJA,single,,1505520001,0,dl_modelista,default,,,,,,,,assets/songs/dl_modelista/1080_base.jpg,c2b58dcad54203645057a859524789f59cfd5ca13613b610d04ad087b58aac90,e27efa8363ceb656c27867bde843d13263a6f4da9f5c3681efcbf96aef97b8fd,327450,768,768,image/jpeg,song-jacket,primary-resolution candidate,arcaea:modelista:default,1080_base,,false,filename base/1080_base; _256 retained as APK rendition candidate,high
modelista,50,Modelista,"{""en"":""Modelista""}",HiTECH NINJA,single,,1505520001,0,dl_modelista,default,,,,,,,,assets/songs/dl_modelista/1080_base_256.jpg,c2b58dcad54203645057a859524789f59cfd5ca13613b610d04ad087b58aac90,2ee18fc2ea6edf12b0c46d83d6b12db6cd8d86ba755c3194b7418ebbfeae2c99,77575,384,384,image/jpeg,song-jacket,low-resolution/derived candidate,arcaea:modelista:default,1080_base,,true,filename base/1080_base; _256 retained as APK rendition candidate,high
monochromeprincess,140,Monochrome Princess,"{""en"":""Monochrome Princess""}",polysha,base,,1572048000,1,dl_monochromeprincess,default,,,,,,,,assets/songs/dl_monochromeprincess/1080_base.jpg,c2b58dcad54203645057a859524789f59cfd5ca13613b610d04ad087b58aac90,9d199d265d66de50f9e9b6cb28c9880d91f2a12e362608baf9da9d5b06a4cba5,233474,768,769,image/jpeg,song-jacket,primary-resolution candidate,arcaea:monochromeprincess:default,1080_base,,false,filename base/1080_base; _256 retained as APK rendition candidate,high
monochromeprincess,140,Monochrome Princess,"{""en"":""Monochrome Princess""}",polysha,base,,1572048000,1,dl_monochromeprincess,default,,,,,,,,assets/songs/dl_monochromeprincess/1080_base_256.jpg,c2b58dcad54203645057a859524789f59cfd5ca13613b610d04ad087b58aac90,ecda29c87d27e9d6c21508620abcdf348b76311a8b70dee7381af8bd97090cda,62394,384,385,image/jpeg,song-jacket,low-resolution/derived candidate,arcaea:monochromeprincess:default,1080_base,,true,filename base/1080_base; _256 retained as APK rendition candidate,high
moonheart,45,Moonheart,"{""en"":""Moonheart""}",翡乃イスカ,mirai,,1502323203,0,dl_moonheart,difficulty-specific,BYD,3,True,BYD,,,,assets/songs/dl_moonheart/1080_3.jpg,c2b58dcad54203645057a859524789f59cfd5ca13613b610d04ad087b58aac90,a6ce6e864ea395da38395c5ecff81c69a5fd7f9e89f11ccf9ee0394285fce96c,243902,768,768,image/jpeg,song-jacket,primary-resolution candidate,arcaea:moonheart:difficulty:BYD,1080_3,,false,numeric suffix=3; filename-to-ratingClass mapping is a candidate; jacketOverride=True,high
moonheart,45,Moonheart,"{""en"":""Moonheart""}",翡乃イスカ,mirai,,1502323203,0,dl_moonheart,difficulty-specific,BYD,3,True,BYD,,,,assets/songs/dl_moonheart/1080_3_256.jpg,c2b58dcad54203645057a859524789f59cfd5ca13613b610d04ad087b58aac90,78651cf054d696c1a8eb428f6266895e4d2509aad7c53846f2c5e562f5b15b72,71297,384,384,image/jpeg,song-jacket,low-resolution/derived candidate,arcaea:moonheart:difficulty:BYD,1080_3,,true,numeric suffix=3; filename-to-ratingClass mapping is a candidate; jacketOverride=True,high
moonheart,45,Moonheart,"{""en"":""Moonheart""}",翡乃イスカ,mirai,,1502323203,0,dl_moonheart,default,,,,BYD,,,,assets/songs/dl_moonheart/1080_base.jpg,c2b58dcad54203645057a859524789f59cfd5ca13613b610d04ad087b58aac90,42f47e92c3fbe3347e13e5a64bf104c7484fb691082804a9f8ac557b4c0a203a,233053,768,768,image/jpeg,song-jacket,primary-resolution candidate,arcaea:moonheart:default,1080_base,,false,filename base/1080_base; _256 retained as APK rendition candidate,high
moonheart,45,Moonheart,"{""en"":""Moonheart""}",翡乃イスカ,mirai,,1502323203,0,dl_moonheart,default,,,,BYD,,,,assets/songs/dl_moonheart/1080_base_256.jpg,c2b58dcad54203645057a859524789f59cfd5ca13613b610d04ad087b58aac90,5c2c0c054cd76e84110d643c9fb05ada8754b7b0e022d21264ad14a4d5196870,64263,384,384,image/jpeg,song-jacket,low-resolution/derived candidate,arcaea:moonheart:default,1080_base,,true,filename base/1080_base; _256 retained as APK rendition candidate,high
moonlightofsandcastle,34,Moonlight of Sand Castle,"{""en"":""Moonlight of Sand Castle""}",旅人E,dynamix,,1498176001,0,dl_moonlightofsandcastle,default,,,,,,,,assets/songs/dl_moonlightofsandcastle/1080_base.jpg,c2b58dcad54203645057a859524789f59cfd5ca13613b610d04ad087b58aac90,644f29ce287d17f1efa1e77cd3887e28a53e92c3cef8d3550aa4d2c902113853,173288,768,768,image/jpeg,song-jacket,primary-resolution candidate,arcaea:moonlightofsandcastle:default,1080_base,,false,filename base/1080_base; _256 retained as APK rendition candidate,high
moonlightofsandcastle,34,Moonlight of Sand Castle,"{""en"":""Moonlight of Sand Castle""}",旅人E,dynamix,,1498176001,0,dl_moonlightofsandcastle,default,,,,,,,,assets/songs/dl_moonlightofsandcastle/1080_base_256.jpg,c2b58dcad54203645057a859524789f59cfd5ca13613b610d04ad087b58aac90,11d91bdde6167133fc889fd2436d19a399080d57b82a62a15aa2bcdac9da69e9,63279,384,384,image/jpeg,song-jacket,low-resolution/derived candidate,arcaea:moonlightofsandcastle:default,1080_base,,true,filename base/1080_base; _256 retained as APK rendition candidate,high
morningloom,381,MORNINGLOOM,"{""en"":""MORNINGLOOM""}",saaa,extend_3,,1711324803,0,dl_morningloom,default,,,,,,,,assets/songs/dl_morningloom/1080_base.jpg,c2b58dcad54203645057a859524789f59cfd5ca13613b610d04ad087b58aac90,2c1b3c26c51ca5d07c12d5ac5c0af122276f80df6117ad004df667a2acdbe974,169349,768,768,image/jpeg,song-jacket,primary-resolution candidate,arcaea:morningloom:default,1080_base,,false,filename base/1080_base; _256 retained as APK rendition candidate,high
morningloom,381,MORNINGLOOM,"{""en"":""MORNINGLOOM""}",saaa,extend_3,,1711324803,0,dl_morningloom,default,,,,,,,,assets/songs/dl_morningloom/1080_base_256.jpg,c2b58dcad54203645057a859524789f59cfd5ca13613b610d04ad087b58aac90,a16aee30bc6795975a6454b882c517cd75de7bd338473e0bea78ff2dcb9323ae,71757,384,384,image/jpeg,song-jacket,low-resolution/derived candidate,arcaea:morningloom:default,1080_base,,true,filename base/1080_base; _256 retained as APK rendition candidate,high
mu,269,μ,"{""en"":""μ""}",Frums,single,,1653436801,0,dl_mu,default,,,,,,,,assets/songs/dl_mu/1080_base.jpg,c2b58dcad54203645057a859524789f59cfd5ca13613b610d04ad087b58aac90,b0f60efd36e42b12b95c76bb3c85117f9b74b2e047427de981a7d27dff6c320b,166019,768,768,image/jpeg,song-jacket,primary-resolution candidate,arcaea:mu:default,1080_base,,false,filename base/1080_base; _256 retained as APK rendition candidate,high
mu,269,μ,"{""en"":""μ""}",Frums,single,,1653436801,0,dl_mu,default,,,,,,,,assets/songs/dl_mu/1080_base_256.jpg,c2b58dcad54203645057a859524789f59cfd5ca13613b610d04ad087b58aac90,8a500d706ed394d8f853d70f96c142bb6cfc788db15af24fbd6c9282caa98b9e,49899,384,384,image/jpeg,song-jacket,low-resolution/derived candidate,arcaea:mu:default,1080_base,,true,filename base/1080_base; _256 retained as APK rendition candidate,high
mukishitsu,272,Redraw the Colorless World,"{""en"":""Redraw the Colorless World"",""ja"":""無機質世界に彩を""}",MisomyL,base,,1657152001,0,dl_mukishitsu,default,,,,,,,,assets/songs/dl_mukishitsu/base.jpg,c2b58dcad54203645057a859524789f59cfd5ca13613b610d04ad087b58aac90,55ff467e00e2cf46fb5dfa78595b8c71736858b2b9fc4d0286634ef2db071bac,154931,512,512,image/jpeg,song-jacket,primary-resolution candidate,arcaea:mukishitsu:default,base,,false,filename base/1080_base; _256 retained as APK rendition candidate,high
mukishitsu,272,Redraw the Colorless World,"{""en"":""Redraw the Colorless World"",""ja"":""無機質世界に彩を""}",MisomyL,base,,1657152001,0,dl_mukishitsu,default,,,,,,,,assets/songs/dl_mukishitsu/base_256.jpg,c2b58dcad54203645057a859524789f59cfd5ca13613b610d04ad087b58aac90,4152191d74eefe434c4c372a8bfbdd0a27d7611c45879385281a33b2cd9c57bb,69093,256,256,image/jpeg,song-directory-image,low-resolution/derived candidate,arcaea:mukishitsu:default,base,,true,filename base/1080_base; _256 retained as APK rendition candidate,high
mvurbd,411,MVURBD,"{""en"":""MVURBD""}",ETIA.,rotaeno,,1724889604,1,dl_mvurbd,default,,,,,,,,assets/songs/dl_mvurbd/1080_base.jpg,c2b58dcad54203645057a859524789f59cfd5ca13613b610d04ad087b58aac90,470a9772b398d672b3b90577902a8c8785382c3555421ceb45c561ea2d8060f5,280234,768,768,image/jpeg,song-jacket,primary-resolution candidate,arcaea:mvurbd:default,1080_base,,false,filename base/1080_base; _256 retained as APK rendition candidate,high
mvurbd,411,MVURBD,"{""en"":""MVURBD""}",ETIA.,rotaeno,,1724889604,1,dl_mvurbd,default,,,,,,,,assets/songs/dl_mvurbd/1080_base_256.jpg,c2b58dcad54203645057a859524789f59cfd5ca13613b610d04ad087b58aac90,1981f0ba9e75014a2e0b65cd494f0745e6088ff453ebdb16dd5e84971b0167a4,118962,384,384,image/jpeg,song-jacket,low-resolution/derived candidate,arcaea:mvurbd:default,1080_base,,true,filename base/1080_base; _256 retained as APK rendition candidate,high
mylifeismine,516,My life is mine alone!,"{""en"":""My life is mine alone!""}",Mylta feat. ねんね,megarex,,1769644803,0,dl_mylifeismine,default,,,,,,,,assets/songs/dl_mylifeismine/1080_base.jpg,c2b58dcad54203645057a859524789f59cfd5ca13613b610d04ad087b58aac90,767390bb4e020eaf9408ecd7e353ffaef5d702b442c4b9807a83cc20c8b8b9df,274809,768,768,image/jpeg,song-jacket,primary-resolution candidate,arcaea:mylifeismine:default,1080_base,,false,filename base/1080_base; _256 retained as APK rendition candidate,high
mylifeismine,516,My life is mine alone!,"{""en"":""My life is mine alone!""}",Mylta feat. ねんね,megarex,,1769644803,0,dl_mylifeismine,default,,,,,,,,assets/songs/dl_mylifeismine/1080_base_256.jpg,c2b58dcad54203645057a859524789f59cfd5ca13613b610d04ad087b58aac90,70f6ca08ce9102d89d26706a48a1fb4a50a3e805306b61a453b47da2eec9872b,100743,384,384,image/jpeg,song-jacket,low-resolution/derived candidate,arcaea:mylifeismine:default,1080_base,,true,filename base/1080_base; _256 retained as APK rendition candidate,high
namelesspassion,355,Nameless Passion,"{""en"":""Nameless Passion""}",天束 feat.Sennzai,eden_append_2,,1698278402,1,dl_namelesspassion,default,,,,,,,,assets/songs/dl_namelesspassion/1080_base.jpg,c2b58dcad54203645057a859524789f59cfd5ca13613b610d04ad087b58aac90,9ee077e33996366bc94dc902fbc510b7d3f35201f52750a6e95696e940f2e3d6,261781,768,768,image/jpeg,song-jacket,primary-resolution candidate,arcaea:namelesspassion:default,1080_base,,false,filename base/1080_base; _256 retained as APK rendition candidate,high
namelesspassion,355,Nameless Passion,"{""en"":""Nameless Passion""}",天束 feat.Sennzai,eden_append_2,,1698278402,1,dl_namelesspassion,default,,,,,,,,assets/songs/dl_namelesspassion/1080_base_256.jpg,c2b58dcad54203645057a859524789f59cfd5ca13613b610d04ad087b58aac90,39e09aa760e3b4915a9a087856f77ffdd7b362d7f45382e6df4d9efc88d5868d,101892,384,384,image/jpeg,song-jacket,low-resolution/derived candidate,arcaea:namelesspassion:default,1080_base,,true,filename base/1080_base; _256 retained as APK rendition candidate,high
nekonote,268,Dancin' on a Cat's Paw,"{""en"":""Dancin' on a Cat's Paw"",""ja"":""ネコノテ・カリタガール""}",Ino(chronoize),base,,1651104004,0,dl_nekonote,default,,,,,,,,assets/songs/dl_nekonote/1080_base.jpg,c2b58dcad54203645057a859524789f59cfd5ca13613b610d04ad087b58aac90,c0aeeb11ee1d939acaf8aef6e91ef7d1d32ac03b9f046dd26e1f6150a11cf2f0,177045,768,768,image/jpeg,song-jacket,primary-resolution candidate,arcaea:nekonote:default,1080_base,,false,filename base/1080_base; _256 retained as APK rendition candidate,high
nekonote,268,Dancin' on a Cat's Paw,"{""en"":""Dancin' on a Cat's Paw"",""ja"":""ネコノテ・カリタガール""}",Ino(chronoize),base,,1651104004,0,dl_nekonote,default,,,,,,,,assets/songs/dl_nekonote/1080_base_256.jpg,c2b58dcad54203645057a859524789f59cfd5ca13613b610d04ad087b58aac90,f1b2fd34381a179d6d750fec01dea4f567356d43e5f250eff293eab83ac1efae,51290,384,384,image/jpeg,song-jacket,low-resolution/derived candidate,arcaea:nekonote:default,1080_base,,true,filename base/1080_base; _256 retained as APK rendition candidate,high
neokosmo,247,nέο κόsmo,"{""en"":""nέο κόsmo"",""ko"":""neo kosmo"",""zh-Hant"":""neo kosmo"",""zh-Hans"":""neo kosmo""}",ak+q × Street,dividedheart,,1639008003,1,dl_neokosmo,default,,,,,,,,assets/songs/dl_neokosmo/1080_base.jpg,c2b58dcad54203645057a859524789f59cfd5ca13613b610d04ad087b58aac90,2f3d68e8b7b0c81d7acd36cc25f0089da255549d7a84d4c83212a89c561e1fa8,359499,768,768,image/jpeg,song-jacket,primary-resolution candidate,arcaea:neokosmo:default,1080_base,,false,filename base/1080_base; _256 retained as APK rendition candidate,high
neokosmo,247,nέο κόsmo,"{""en"":""nέο κόsmo"",""ko"":""neo kosmo"",""zh-Hant"":""neo kosmo"",""zh-Hans"":""neo kosmo""}",ak+q × Street,dividedheart,,1639008003,1,dl_neokosmo,default,,,,,,,,assets/songs/dl_neokosmo/1080_base_256.jpg,c2b58dcad54203645057a859524789f59cfd5ca13613b610d04ad087b58aac90,3e7da0ca5bedfe2efc897015b312229f4220eac2fe7ad230d3635df7b4caf507,97267,384,384,image/jpeg,song-jacket,low-resolution/derived candidate,arcaea:neokosmo:default,1080_base,,true,filename base/1080_base; _256 retained as APK rendition candidate,high
neowings,258,NEO WINGS,"{""en"":""NEO WINGS""}",SOUND HOLIC feat. Nana Takahashi,single,,1645056006,1,dl_neowings,default,,,,,,,,assets/songs/dl_neowings/1080_base.jpg,c2b58dcad54203645057a859524789f59cfd5ca13613b610d04ad087b58aac90,e59232feb54eb5f0061291003f867898b88056b04f14760883f26831bb9dfb60,269679,768,768,image/jpeg,song-jacket,primary-resolution candidate,arcaea:neowings:default,1080_base,,false,filename base/1080_base; _256 retained as APK rendition candidate,high
neowings,258,NEO WINGS,"{""en"":""NEO WINGS""}",SOUND HOLIC feat. Nana Takahashi,single,,1645056006,1,dl_neowings,default,,,,,,,,assets/songs/dl_neowings/1080_base_256.jpg,c2b58dcad54203645057a859524789f59cfd5ca13613b610d04ad087b58aac90,996caf4a9877eda4bd55575c6f4018acbc09a818cd5ee4f889907355351f150c,76648,384,384,image/jpeg,song-jacket,low-resolution/derived candidate,arcaea:neowings:default,1080_base,,true,filename base/1080_base; _256 retained as APK rendition candidate,high
newyorkbackraise,317,New York Back Raise,"{""en"":""New York Back Raise""}",saaa + kei_iwata + stuv + わかどり,single,,1682553603,1,dl_newyorkbackraise,default,,,,,,,,assets/songs/dl_newyorkbackraise/1080_base.jpg,c2b58dcad54203645057a859524789f59cfd5ca13613b610d04ad087b58aac90,aee39a464929ca814cec8c58f8aab7f9ac1639721ee700099167622d6ea8be24,267019,768,768,image/jpeg,song-jacket,primary-resolution candidate,arcaea:newyorkbackraise:default,1080_base,,false,filename base/1080_base; _256 retained as APK rendition candidate,high
newyorkbackraise,317,New York Back Raise,"{""en"":""New York Back Raise""}",saaa + kei_iwata + stuv + わかどり,single,,1682553603,1,dl_newyorkbackraise,default,,,,,,,,assets/songs/dl_newyorkbackraise/1080_base_256.jpg,c2b58dcad54203645057a859524789f59cfd5ca13613b610d04ad087b58aac90,3a27780405df876e16e5220cbf7d7991bf57321eadc0f754244b5754e371ed1e,78715,384,384,image/jpeg,song-jacket,low-resolution/derived candidate,arcaea:newyorkbackraise:default,1080_base,,true,filename base/1080_base; _256 retained as APK rendition candidate,high
nexttoyou,73,next to you,"{""en"":""next to you""}",uma feat. 橘花音,nijuusei,,1521763200,0,dl_nexttoyou,difficulty-specific,BYD,3,True,BYD,,,,assets/songs/dl_nexttoyou/1080_3.jpg,c2b58dcad54203645057a859524789f59cfd5ca13613b610d04ad087b58aac90,4335c5fb4912bed6c5cfdb5979e88555abd06a05679b42a1dfbe136b75bd69f2,313469,768,768,image/jpeg,song-jacket,primary-resolution candidate,arcaea:nexttoyou:difficulty:BYD,1080_3,,false,numeric suffix=3; filename-to-ratingClass mapping is a candidate; jacketOverride=True,high
nexttoyou,73,next to you,"{""en"":""next to you""}",uma feat. 橘花音,nijuusei,,1521763200,0,dl_nexttoyou,difficulty-specific,BYD,3,True,BYD,,,,assets/songs/dl_nexttoyou/1080_3_256.jpg,c2b58dcad54203645057a859524789f59cfd5ca13613b610d04ad087b58aac90,404dcc0c78c3ff80848f974ac0df32a14b351189c7314d038c7c612f57f3bbbe,83431,384,384,image/jpeg,song-jacket,low-resolution/derived candidate,arcaea:nexttoyou:difficulty:BYD,1080_3,,true,numeric suffix=3; filename-to-ratingClass mapping is a candidate; jacketOverride=True,high
nexttoyou,73,next to you,"{""en"":""next to you""}",uma feat. 橘花音,nijuusei,,1521763200,0,dl_nexttoyou,default,,,,BYD,,,,assets/songs/dl_nexttoyou/1080_base.jpg,c2b58dcad54203645057a859524789f59cfd5ca13613b610d04ad087b58aac90,c7895078750e38fcb71c30f9e196cbacb92466274ac46c2b9b615699fd4564b2,308199,768,768,image/jpeg,song-jacket,primary-resolution candidate,arcaea:nexttoyou:default,1080_base,,false,filename base/1080_base; _256 retained as APK rendition candidate,high
nexttoyou,73,next to you,"{""en"":""next to you""}",uma feat. 橘花音,nijuusei,,1521763200,0,dl_nexttoyou,default,,,,BYD,,,,assets/songs/dl_nexttoyou/1080_base_256.jpg,c2b58dcad54203645057a859524789f59cfd5ca13613b610d04ad087b58aac90,5a89b7bb93483ebe680aa911fe9580263df1afae242716d6a4795f2ac4d03aa5,79715,384,384,image/jpeg,song-jacket,low-resolution/derived candidate,arcaea:nexttoyou:default,1080_base,,true,filename base/1080_base; _256 retained as APK rendition candidate,high
nhelv,93,Nhelv,"{""en"":""Nhelv""}",Silentroom,base,,1533859200,1,dl_nhelv,difficulty-specific,BYD,3,True,BYD,,,,assets/songs/dl_nhelv/1080_3.jpg,c2b58dcad54203645057a859524789f59cfd5ca13613b610d04ad087b58aac90,36671c74d6226d3e83f6dee2fce6d84e4b552a613f765f51c8511922cba3339a,380708,768,768,image/jpeg,song-jacket,primary-resolution candidate,arcaea:nhelv:difficulty:BYD,1080_3,,false,numeric suffix=3; filename-to-ratingClass mapping is a candidate; jacketOverride=True,high
nhelv,93,Nhelv,"{""en"":""Nhelv""}",Silentroom,base,,1533859200,1,dl_nhelv,difficulty-specific,BYD,3,True,BYD,,,,assets/songs/dl_nhelv/1080_3_256.jpg,c2b58dcad54203645057a859524789f59cfd5ca13613b610d04ad087b58aac90,b40f412f46aaf430a87e24421dd14aa4e91cbe8f75d8f47eb0a89baad02caea9,87446,384,384,image/jpeg,song-jacket,low-resolution/derived candidate,arcaea:nhelv:difficulty:BYD,1080_3,,true,numeric suffix=3; filename-to-ratingClass mapping is a candidate; jacketOverride=True,high
nhelv,93,Nhelv,"{""en"":""Nhelv""}",Silentroom,base,,1533859200,1,dl_nhelv,default,,,,BYD,,,,assets/songs/dl_nhelv/1080_base.jpg,c2b58dcad54203645057a859524789f59cfd5ca13613b610d04ad087b58aac90,e27d3fd73b9238972f65427592ae91640227631bc4de673fad465dd4ce168322,399006,768,768,image/jpeg,song-jacket,primary-resolution candidate,arcaea:nhelv:default,1080_base,,false,filename base/1080_base; _256 retained as APK rendition candidate,high
nhelv,93,Nhelv,"{""en"":""Nhelv""}",Silentroom,base,,1533859200,1,dl_nhelv,default,,,,BYD,,,,assets/songs/dl_nhelv/1080_base_256.jpg,c2b58dcad54203645057a859524789f59cfd5ca13613b610d04ad087b58aac90,a9210dd6ab5f0dae9241ecfd42f31f9bdf82f80e211f7996a92ae95ae65873e7,49678,384,384,image/jpeg,song-jacket,low-resolution/derived candidate,arcaea:nhelv:default,1080_base,,true,filename base/1080_base; _256 retained as APK rendition candidate,high
nightmare,462,Nightmare,"{""en"":""Nightmare""}",M2U,djmax,,1747872006,1,dl_nightmare,default,,,,,,,,assets/songs/dl_nightmare/1080_base.jpg,c2b58dcad54203645057a859524789f59cfd5ca13613b610d04ad087b58aac90,1e6f952c4912d4836bec6c469b6ce37dcf590856c5af2f7a8a3d32411a242391,268984,768,768,image/jpeg,song-jacket,primary-resolution candidate,arcaea:nightmare:default,1080_base,,false,filename base/1080_base; _256 retained as APK rendition candidate,high
nightmare,462,Nightmare,"{""en"":""Nightmare""}",M2U,djmax,,1747872006,1,dl_nightmare,default,,,,,,,,assets/songs/dl_nightmare/1080_base_256.jpg,c2b58dcad54203645057a859524789f59cfd5ca13613b610d04ad087b58aac90,a0c6ac4ea93e1325c725a6a73e3dedc5f52e295ca944cb9dade04e4f543e7616,102879,384,384,image/jpeg,song-jacket,low-resolution/derived candidate,arcaea:nightmare:default,1080_base,,true,filename base/1080_base; _256 retained as APK rendition candidate,high
nirvluce,26,Nirv lucE,"{""en"":""Nirv lucE""}",しーけー,shiawase,,1494547205,0,dl_nirvluce,default,,,,,,,,assets/songs/dl_nirvluce/1080_base.jpg,c2b58dcad54203645057a859524789f59cfd5ca13613b610d04ad087b58aac90,c4838bbf09c9e6c0560fe844b518d7032b3353dc21f050488e6bbbabc60b0bcd,281316,768,768,image/jpeg,song-jacket,primary-resolution candidate,arcaea:nirvluce:default,1080_base,,false,filename base/1080_base; _256 retained as APK rendition candidate,high
nirvluce,26,Nirv lucE,"{""en"":""Nirv lucE""}",しーけー,shiawase,,1494547205,0,dl_nirvluce,default,,,,,,,,assets/songs/dl_nirvluce/1080_base_256.jpg,c2b58dcad54203645057a859524789f59cfd5ca13613b610d04ad087b58aac90,66f75fce81563f4f270b4f79fc76e07b0f5072d928142d2311cf11ddbc09aae2,77481,384,384,image/jpeg,song-jacket,low-resolution/derived candidate,arcaea:nirvluce:default,1080_base,,true,filename base/1080_base; _256 retained as APK rendition candidate,high
nnglooms,332,99 Glooms,"{""en"":""99 Glooms""}",Sta,cytusii_append_1,,1689724803,1,dl_nnglooms,default,,,,,,,,assets/songs/dl_nnglooms/1080_base.jpg,c2b58dcad54203645057a859524789f59cfd5ca13613b610d04ad087b58aac90,98e3233551a13faa5c0e031a623edd9217ad3bee352a9b1f777101ed7fee2010,165148,768,768,image/jpeg,song-jacket,primary-resolution candidate,arcaea:nnglooms:default,1080_base,,false,filename base/1080_base; _256 retained as APK rendition candidate,high
nnglooms,332,99 Glooms,"{""en"":""99 Glooms""}",Sta,cytusii_append_1,,1689724803,1,dl_nnglooms,default,,,,,,,,assets/songs/dl_nnglooms/1080_base_256.jpg,c2b58dcad54203645057a859524789f59cfd5ca13613b610d04ad087b58aac90,6a604978b617c75c753476bb39a8d5d826981b769bbf9f6f96a606e258b184bc,45872,384,384,image/jpeg,song-jacket,low-resolution/derived candidate,arcaea:nnglooms:default,1080_base,,true,filename base/1080_base; _256 retained as APK rendition candidate,high
nowayback,489,No Way Back,"{""en"":""No Way Back""}",Nhato,eclipse,,1759363203,0,dl_nowayback,default,,,,,,,,assets/songs/dl_nowayback/1080_base.jpg,c2b58dcad54203645057a859524789f59cfd5ca13613b610d04ad087b58aac90,0ea7a8be32fc06e9702249a1a6704075a46ed9676b9eb717609965ba9dc4a99d,450267,768,768,image/jpeg,song-jacket,primary-resolution candidate,arcaea:nowayback:default,1080_base,,false,filename base/1080_base; _256 retained as APK rendition candidate,high
nowayback,489,No Way Back,"{""en"":""No Way Back""}",Nhato,eclipse,,1759363203,0,dl_nowayback,default,,,,,,,,assets/songs/dl_nowayback/1080_base_256.jpg,c2b58dcad54203645057a859524789f59cfd5ca13613b610d04ad087b58aac90,9c25b86743403f99db154359f12b1eb01876c2c8529a29650b8caab872a3b21e,123233,384,384,image/jpeg,song-jacket,low-resolution/derived candidate,arcaea:nowayback:default,1080_base,,true,filename base/1080_base; _256 retained as APK rendition candidate,high
nulctrl,256,NULCTRL,"{""en"":""NULCTRL""}",Silentroom,base,,1645056002,1,dl_nulctrl,default,,,,,,,,assets/songs/dl_nulctrl/1080_base.jpg,c2b58dcad54203645057a859524789f59cfd5ca13613b610d04ad087b58aac90,8494d7577b7071861d4cbc479987664a14030b22213c90a7e951e0c6aa17c03e,148167,768,768,image/jpeg,song-jacket,primary-resolution candidate,arcaea:nulctrl:default,1080_base,,false,filename base/1080_base; _256 retained as APK rendition candidate,high
nulctrl,256,NULCTRL,"{""en"":""NULCTRL""}",Silentroom,base,,1645056002,1,dl_nulctrl,default,,,,,,,,assets/songs/dl_nulctrl/1080_base_256.jpg,c2b58dcad54203645057a859524789f59cfd5ca13613b610d04ad087b58aac90,19d99266add60e4d9f239c079ad6487c603177d319f2f9c7603963089fbcec47,42984,384,384,image/jpeg,song-jacket,low-resolution/derived candidate,arcaea:nulctrl:default,1080_base,,true,filename base/1080_base; _256 retained as APK rendition candidate,high
nullapophenia,299,NULL APOPHENIA,"{""en"":""NULL APOPHENIA""}",N²,single,,1674691205,1,dl_nullapophenia,default,,,,,,,,assets/songs/dl_nullapophenia/1080_base.jpg,c2b58dcad54203645057a859524789f59cfd5ca13613b610d04ad087b58aac90,055d70ec85f39fcbaaedcbee54fed33efa831533a559a8e96d6138c733fd46d6,241728,768,768,image/jpeg,song-jacket,primary-resolution candidate,arcaea:nullapophenia:default,1080_base,,false,filename base/1080_base; _256 retained as APK rendition candidate,high
nullapophenia,299,NULL APOPHENIA,"{""en"":""NULL APOPHENIA""}",N²,single,,1674691205,1,dl_nullapophenia,default,,,,,,,,assets/songs/dl_nullapophenia/1080_base_256.jpg,c2b58dcad54203645057a859524789f59cfd5ca13613b610d04ad087b58aac90,e7788f3b06da0d3b39167643355a1d106ab1212cf258726590afe9d24869d92b,69373,384,384,image/jpeg,song-jacket,low-resolution/derived candidate,arcaea:nullapophenia:default,1080_base,,true,filename base/1080_base; _256 retained as APK rendition candidate,high
oblivion,461,OBLIVION,"{""en"":""OBLIVION""}",ESTi,djmax,,1747872005,1,dl_oblivion,default,,,,,,,,assets/songs/dl_oblivion/1080_base.jpg,c2b58dcad54203645057a859524789f59cfd5ca13613b610d04ad087b58aac90,42954e000e9d364cb44385816ddb5331b7f2cc634d7b27474f6e674de7373c35,152821,768,768,image/jpeg,song-jacket,primary-resolution candidate,arcaea:oblivion:default,1080_base,,false,filename base/1080_base; _256 retained as APK rendition candidate,high
oblivion,461,OBLIVION,"{""en"":""OBLIVION""}",ESTi,djmax,,1747872005,1,dl_oblivion,default,,,,,,,,assets/songs/dl_oblivion/1080_base_256.jpg,c2b58dcad54203645057a859524789f59cfd5ca13613b610d04ad087b58aac90,e51f7863466f8707d3e31ada52cecd181a9831a57ef13148614d8b94ea2e290d,71140,384,384,image/jpeg,song-jacket,low-resolution/derived candidate,arcaea:oblivion:default,1080_base,,true,filename base/1080_base; _256 retained as APK rendition candidate,high
odysseia,215,ΟΔΥΣΣΕΙΑ,"{""en"":""ΟΔΥΣΣΕΙΑ""}",Sober Bear,observer_append_1,,1620691206,1,dl_odysseia,default,,,,,,,,assets/songs/dl_odysseia/1080_base.jpg,c2b58dcad54203645057a859524789f59cfd5ca13613b610d04ad087b58aac90,19dc05dafd2a7615d9dd7c399398377db159f078cbe14d88eac6a1b6d074e3a5,240958,768,768,image/jpeg,song-jacket,primary-resolution candidate,arcaea:odysseia:default,1080_base,,false,filename base/1080_base; _256 retained as APK rendition candidate,high
odysseia,215,ΟΔΥΣΣΕΙΑ,"{""en"":""ΟΔΥΣΣΕΙΑ""}",Sober Bear,observer_append_1,,1620691206,1,dl_odysseia,default,,,,,,,,assets/songs/dl_odysseia/1080_base_256.jpg,c2b58dcad54203645057a859524789f59cfd5ca13613b610d04ad087b58aac90,bbe69e2496b7e7cf409726d0810fb49624d2a5f736c215a864c30efdc25e09af,52193,384,384,image/jpeg,song-jacket,low-resolution/derived candidate,arcaea:odysseia:default,1080_base,,true,filename base/1080_base; _256 retained as APK rendition candidate,high
oldschoolsalvage,392,Old School Salvage,"{""en"":""Old School Salvage""}",DJ SHARPNEL,extend_3,,1717027202,1,dl_oldschoolsalvage,default,,,,,,,,assets/songs/dl_oldschoolsalvage/1080_base.jpg,c2b58dcad54203645057a859524789f59cfd5ca13613b610d04ad087b58aac90,d27f7cf234ca79bf6217345eaf48e381478451c64279627be218c5ab103ace4d,385427,768,768,image/jpeg,song-jacket,primary-resolution candidate,arcaea:oldschoolsalvage:default,1080_base,,false,filename base/1080_base; _256 retained as APK rendition candidate,high
oldschoolsalvage,392,Old School Salvage,"{""en"":""Old School Salvage""}",DJ SHARPNEL,extend_3,,1717027202,1,dl_oldschoolsalvage,default,,,,,,,,assets/songs/dl_oldschoolsalvage/1080_base_256.jpg,c2b58dcad54203645057a859524789f59cfd5ca13613b610d04ad087b58aac90,a7acafdfdda44f221f9a2c5248bebc8fa23c81ead696e62c559daf254a705857,155601,384,384,image/jpeg,song-jacket,low-resolution/derived candidate,arcaea:oldschoolsalvage:default,1080_base,,true,filename base/1080_base; _256 retained as APK rendition candidate,high
omajinai,513,OMAJINAI,"{""en"":""OMAJINAI"",""ja"":""おまじない""}",Tsubusare BOZZ × Madoka*,extend_4,,1769644800,0,dl_omajinai,default,,,,,,,,assets/songs/dl_omajinai/1080_base.jpg,c2b58dcad54203645057a859524789f59cfd5ca13613b610d04ad087b58aac90,911edea2b3287500759256f95d646ad280ac19fef9334f04752c33e1bf3dbf73,195602,768,768,image/jpeg,song-jacket,primary-resolution candidate,arcaea:omajinai:default,1080_base,,false,filename base/1080_base; _256 retained as APK rendition candidate,high
omajinai,513,OMAJINAI,"{""en"":""OMAJINAI"",""ja"":""おまじない""}",Tsubusare BOZZ × Madoka*,extend_4,,1769644800,0,dl_omajinai,default,,,,,,,,assets/songs/dl_omajinai/1080_base_256.jpg,c2b58dcad54203645057a859524789f59cfd5ca13613b610d04ad087b58aac90,f077da07d52be415df86eebaed7f4b55bae656c81e934aaa2a2ba1a7228544b0,75276,384,384,image/jpeg,song-jacket,low-resolution/derived candidate,arcaea:omajinai:default,1080_base,,true,filename base/1080_base; _256 retained as APK rendition candidate,high
omakeno,108,OMAKENO Stroke,"{""en"":""OMAKENO Stroke""}",t+pazolite,groovecoaster,,1546992002,1,dl_omakeno,default,,,,,,,,assets/songs/dl_omakeno/1080_base.jpg,c2b58dcad54203645057a859524789f59cfd5ca13613b610d04ad087b58aac90,0eff4740bd05001e66a23b7b5ffecab98668a790e230a1eebea13255bc8432a7,302120,768,768,image/jpeg,song-jacket,primary-resolution candidate,arcaea:omakeno:default,1080_base,,false,filename base/1080_base; _256 retained as APK rendition candidate,high
omakeno,108,OMAKENO Stroke,"{""en"":""OMAKENO Stroke""}",t+pazolite,groovecoaster,,1546992002,1,dl_omakeno,default,,,,,,,,assets/songs/dl_omakeno/1080_base_256.jpg,c2b58dcad54203645057a859524789f59cfd5ca13613b610d04ad087b58aac90,b9aa5b6a276b70f968497a0848e533d40322b4fe1cbc37d9e726cf8ec9b65a95,75706,384,384,image/jpeg,song-jacket,low-resolution/derived candidate,arcaea:omakeno:default,1080_base,,true,filename base/1080_base; _256 retained as APK rendition candidate,high
omegafour,194,ω4,"{""en"":""ω4"",""zh-Hant"":""w4"",""zh-Hans"":""w4""}",穴山大輔 VS 光吉猛修 VS Kai,ongeki,,1608163203,0,dl_omegafour,default,,,,,,,,assets/songs/dl_omegafour/base.jpg,c2b58dcad54203645057a859524789f59cfd5ca13613b610d04ad087b58aac90,9620a375bed96e5e083d3768fb16fcd46602d088417dbfb48e4ebfc528951b4a,203138,512,512,image/jpeg,song-jacket,primary-resolution candidate,arcaea:omegafour:default,base,,false,filename base/1080_base; _256 retained as APK rendition candidate,high
omegafour,194,ω4,"{""en"":""ω4"",""zh-Hant"":""w4"",""zh-Hans"":""w4""}",穴山大輔 VS 光吉猛修 VS Kai,ongeki,,1608163203,0,dl_omegafour,default,,,,,,,,assets/songs/dl_omegafour/base_256.jpg,c2b58dcad54203645057a859524789f59cfd5ca13613b610d04ad087b58aac90,33226c1961244e432bec25e3849d6afe62ff4d6d076e72b9b999dd5cea5d1dcf,74339,256,256,image/jpeg,song-directory-image,low-resolution/derived candidate,arcaea:omegafour:default,base,,true,filename base/1080_base; _256 retained as APK rendition candidate,high
onandon,366,On And On!! feat. Jenga,"{""en"":""On And On!! feat. Jenga""}",ETIA.,extend_2,,1703116802,0,dl_onandon,default,,,,,,,,assets/songs/dl_onandon/1080_base.jpg,c2b58dcad54203645057a859524789f59cfd5ca13613b610d04ad087b58aac90,7954ce55846e5c9c45809a8d780aec054924dd7294be68844102e654fd6dfabf,267401,768,768,image/jpeg,song-jacket,primary-resolution candidate,arcaea:onandon:default,1080_base,,false,filename base/1080_base; _256 retained as APK rendition candidate,high
onandon,366,On And On!! feat. Jenga,"{""en"":""On And On!! feat. Jenga""}",ETIA.,extend_2,,1703116802,0,dl_onandon,default,,,,,,,,assets/songs/dl_onandon/1080_base_256.jpg,c2b58dcad54203645057a859524789f59cfd5ca13613b610d04ad087b58aac90,1d25c6c4ef41f53fb1d1d2edd23825d8b7abdf8b2bf6fa960ad219dcd3bde970,89849,384,384,image/jpeg,song-jacket,low-resolution/derived candidate,arcaea:onandon:default,1080_base,,true,filename base/1080_base; _256 retained as APK rendition candidate,high
onefr,167,1F√,"{""en"":""1F√""}",WHITEFISTS,extend,,1590537608,0,dl_onefr,default,,,,,,,,assets/songs/dl_onefr/1080_base.jpg,c2b58dcad54203645057a859524789f59cfd5ca13613b610d04ad087b58aac90,ec7117a9351670d1b896b044d08c2fff66760f6cfb939f7f244181a6f1e81c9e,324890,768,768,image/jpeg,song-jacket,primary-resolution candidate,arcaea:onefr:default,1080_base,,false,filename base/1080_base; _256 retained as APK rendition candidate,high
onefr,167,1F√,"{""en"":""1F√""}",WHITEFISTS,extend,,1590537608,0,dl_onefr,default,,,,,,,,assets/songs/dl_onefr/1080_base_256.jpg,c2b58dcad54203645057a859524789f59cfd5ca13613b610d04ad087b58aac90,a8dee214c2ac7a9679ad6561af52b04931ac9f9b3ef1eeb77451968a4282b4a8,67324,384,384,image/jpeg,song-jacket,low-resolution/derived candidate,arcaea:onefr:default,1080_base,,true,filename base/1080_base; _256 retained as APK rendition candidate,high
onestepcloser,515,One Step Closer,"{""en"":""One Step Closer""}",Mameyudoufu × 藍月なくる,megarex,,1769644802,0,dl_onestepcloser,default,,,,,,,,assets/songs/dl_onestepcloser/1080_base.jpg,c2b58dcad54203645057a859524789f59cfd5ca13613b610d04ad087b58aac90,a80d8d0e40e9b4cb49b84f275090ac057dccf88fa5394a933eb5a5bdeb84d95d,241782,768,768,image/jpeg,song-jacket,primary-resolution candidate,arcaea:onestepcloser:default,1080_base,,false,filename base/1080_base; _256 retained as APK rendition candidate,high
onestepcloser,515,One Step Closer,"{""en"":""One Step Closer""}",Mameyudoufu × 藍月なくる,megarex,,1769644802,0,dl_onestepcloser,default,,,,,,,,assets/songs/dl_onestepcloser/1080_base_256.jpg,c2b58dcad54203645057a859524789f59cfd5ca13613b610d04ad087b58aac90,b8a87267e46b1a0985bd8d17c42f45014030da2f6966e3cb3fdd74c9a2847c61,90592,384,384,image/jpeg,song-jacket,low-resolution/derived candidate,arcaea:onestepcloser:default,1080_base,,true,filename base/1080_base; _256 retained as APK rendition candidate,high
oracle,37,Oracle,"{""en"":""Oracle""}",TQ☆,dynamix,,1498176004,1,dl_oracle,default,,,,,,,,assets/songs/dl_oracle/1080_base.jpg,c2b58dcad54203645057a859524789f59cfd5ca13613b610d04ad087b58aac90,2fb1805d49b4770449d8207ee76d24fabbe7778a784ef4f9655f1a4f17d26b53,209255,768,768,image/jpeg,song-jacket,primary-resolution candidate,arcaea:oracle:default,1080_base,,false,filename base/1080_base; _256 retained as APK rendition candidate,high
oracle,37,Oracle,"{""en"":""Oracle""}",TQ☆,dynamix,,1498176004,1,dl_oracle,default,,,,,,,,assets/songs/dl_oracle/1080_base_256.jpg,c2b58dcad54203645057a859524789f59cfd5ca13613b610d04ad087b58aac90,58d88bdc596d9405501f183ea4d69bca8440737d0c131b92784c9c83f1f360ea,63843,384,384,image/jpeg,song-jacket,low-resolution/derived candidate,arcaea:oracle:default,1080_base,,true,filename base/1080_base; _256 retained as APK rendition candidate,high
oshamascramble,197,Oshama Scramble!,"{""en"":""Oshama Scramble!""}",t+pazolite,maimai,,1610064002,0,dl_oshamascramble,default,,,,,,,,assets/songs/dl_oshamascramble/base.jpg,c2b58dcad54203645057a859524789f59cfd5ca13613b610d04ad087b58aac90,b825ddd9e547159001f38d87970bab2bb311bb7fd89dca961e19920d5025ccf6,82765,512,512,image/jpeg,song-jacket,primary-resolution candidate,arcaea:oshamascramble:default,base,,false,filename base/1080_base; _256 retained as APK rendition candidate,high
oshamascramble,197,Oshama Scramble!,"{""en"":""Oshama Scramble!""}",t+pazolite,maimai,,1610064002,0,dl_oshamascramble,default,,,,,,,,assets/songs/dl_oshamascramble/base_256.jpg,c2b58dcad54203645057a859524789f59cfd5ca13613b610d04ad087b58aac90,b6c267e7ceb4eaecb90d88a0484dd65f761eb01de15f756720435f91b174b312,45108,256,256,image/jpeg,song-directory-image,low-resolution/derived candidate,arcaea:oshamascramble:default,base,,true,filename base/1080_base; _256 retained as APK rendition candidate,high
ouroboros,110,ouroboros -twin stroke of the end-,"{""en"":""ouroboros -twin stroke of the end-""}",Cranky VS MASAKI,groovecoaster,,1546992004,1,dl_ouroboros,default,,,,,,,,assets/songs/dl_ouroboros/1080_base.jpg,c2b58dcad54203645057a859524789f59cfd5ca13613b610d04ad087b58aac90,41606c96c7202599c63691bded557f56ec55f8e42fdd682f78d2d49b82c99850,363266,768,768,image/jpeg,song-jacket,primary-resolution candidate,arcaea:ouroboros:default,1080_base,,false,filename base/1080_base; _256 retained as APK rendition candidate,high
ouroboros,110,ouroboros -twin stroke of the end-,"{""en"":""ouroboros -twin stroke of the end-""}",Cranky VS MASAKI,groovecoaster,,1546992004,1,dl_ouroboros,default,,,,,,,,assets/songs/dl_ouroboros/1080_base_256.jpg,c2b58dcad54203645057a859524789f59cfd5ca13613b610d04ad087b58aac90,554219f26f36822f37f8662a3e9f3508f63fad685f2987079c5f49d4a9fbf146,93679,384,384,image/jpeg,song-jacket,low-resolution/derived candidate,arcaea:ouroboros:default,1080_base,,true,filename base/1080_base; _256 retained as APK rendition candidate,high
ouverture,358,Ouvertüre,"{""en"":""Ouvertüre"",""ko_dialog"":""Ouverture""}",USAO & DJ Genki feat. ルーン(CV:河瀬茉希),wacca_append_1,,1701302401,1,dl_ouverture,default,,,,,,,,assets/songs/dl_ouverture/1080_base.jpg,c2b58dcad54203645057a859524789f59cfd5ca13613b610d04ad087b58aac90,7c2df74379d7c764ac7eeae95ee001afe0f0cf50a5470d22fb68c91add938dff,361386,768,768,image/jpeg,song-jacket,primary-resolution candidate,arcaea:ouverture:default,1080_base,,false,filename base/1080_base; _256 retained as APK rendition candidate,high
ouverture,358,Ouvertüre,"{""en"":""Ouvertüre"",""ko_dialog"":""Ouverture""}",USAO & DJ Genki feat. ルーン(CV:河瀬茉希),wacca_append_1,,1701302401,1,dl_ouverture,default,,,,,,,,assets/songs/dl_ouverture/1080_base_256.jpg,c2b58dcad54203645057a859524789f59cfd5ca13613b610d04ad087b58aac90,4668ed4f2496bd092b4dfcf51cca270e0c9a10f8ff73274888d9f43293e7970b,151060,384,384,image/jpeg,song-jacket,low-resolution/derived candidate,arcaea:ouverture:default,1080_base,,true,filename base/1080_base; _256 retained as APK rendition candidate,high
overdrive,364,Kanbu de Tomatte Sugu Tokeru,"{""en"":""Kanbu de Tomatte Sugu Tokeru"",""ja"":""患部で止まってすぐ溶ける　〜 狂気の優曇華院""}",ARM＋夕野ヨシミ (IOSYS) feat. miko,single,,1703116800,0,dl_overdrive,default,,,,,,,,assets/songs/dl_overdrive/1080_base.jpg,c2b58dcad54203645057a859524789f59cfd5ca13613b610d04ad087b58aac90,9fd7a591ff571745ec73d276e6f5f4f2f7bbc47dd6b019f217da0b4ce24938b7,247343,768,768,image/jpeg,song-jacket,primary-resolution candidate,arcaea:overdrive:default,1080_base,,false,filename base/1080_base; _256 retained as APK rendition candidate,high
overdrive,364,Kanbu de Tomatte Sugu Tokeru,"{""en"":""Kanbu de Tomatte Sugu Tokeru"",""ja"":""患部で止まってすぐ溶ける　〜 狂気の優曇華院""}",ARM＋夕野ヨシミ (IOSYS) feat. miko,single,,1703116800,0,dl_overdrive,default,,,,,,,,assets/songs/dl_overdrive/1080_base_256.jpg,c2b58dcad54203645057a859524789f59cfd5ca13613b610d04ad087b58aac90,a7656b8a8aa029181b1e466328af0b8c8d7b80c273e52b040fd938b5be6bae57,89635,384,384,image/jpeg,song-jacket,low-resolution/derived candidate,arcaea:overdrive:default,1080_base,,true,filename base/1080_base; _256 retained as APK rendition candidate,high
override,539,Override,"{""en"":""Override"",""ja"":""オーバーライド""}",吉田夜世,virtualsingers,,1782345603,0,dl_override,default,,,,,,,,assets/songs/dl_override/1080_base.jpg,c2b58dcad54203645057a859524789f59cfd5ca13613b610d04ad087b58aac90,4bc47267c47d25fb1e155335efc84961a4acdaa7125449fd1f8dad8de78636bb,259361,768,768,image/jpeg,song-jacket,primary-resolution candidate,arcaea:override:default,1080_base,,false,filename base/1080_base; _256 retained as APK rendition candidate,high
override,539,Override,"{""en"":""Override"",""ja"":""オーバーライド""}",吉田夜世,virtualsingers,,1782345603,0,dl_override,default,,,,,,,,assets/songs/dl_override/1080_base_256.jpg,c2b58dcad54203645057a859524789f59cfd5ca13613b610d04ad087b58aac90,46feb0294a099d220dc2082bea5a65b9520c301c6401211c3c6a28b9bf764406,81591,384,384,image/jpeg,song-jacket,low-resolution/derived candidate,arcaea:override:default,1080_base,,true,filename base/1080_base; _256 retained as APK rendition candidate,high
overwhelm,216,Overwhelm,"{""en"":""Overwhelm""}",xi,observer_append_1,,1620691207,0,dl_overwhelm,default,,,,,,,,assets/songs/dl_overwhelm/1080_base.jpg,c2b58dcad54203645057a859524789f59cfd5ca13613b610d04ad087b58aac90,937ffdc023738b7ce414176f0f98e0bf610ff50776cfe4d67516b8bf43e15613,298471,768,768,image/jpeg,song-jacket,primary-resolution candidate,arcaea:overwhelm:default,1080_base,,false,filename base/1080_base; _256 retained as APK rendition candidate,high
overwhelm,216,Overwhelm,"{""en"":""Overwhelm""}",xi,observer_append_1,,1620691207,0,dl_overwhelm,default,,,,,,,,assets/songs/dl_overwhelm/1080_base_256.jpg,c2b58dcad54203645057a859524789f59cfd5ca13613b610d04ad087b58aac90,1afad8fa55ec3a6c478405329ba1372ed0b5ca370e59b47098cdc7eb375ef416,78763,384,384,image/jpeg,song-jacket,low-resolution/derived candidate,arcaea:overwhelm:default,1080_base,,true,filename base/1080_base; _256 retained as APK rendition candidate,high
paperwitch,209,Paper Witch,"{""en"":""Paper Witch""}",Yu-dachi,observer,,1620691200,0,dl_paperwitch,default,,,,,,,,assets/songs/dl_paperwitch/1080_base.jpg,c2b58dcad54203645057a859524789f59cfd5ca13613b610d04ad087b58aac90,67970a13643f1cd8436e09744fbd48e64685a00154d0def5d27fecf7cd3a25ea,264678,768,768,image/jpeg,song-jacket,primary-resolution candidate,arcaea:paperwitch:default,1080_base,,false,filename base/1080_base; _256 retained as APK rendition candidate,high
paperwitch,209,Paper Witch,"{""en"":""Paper Witch""}",Yu-dachi,observer,,1620691200,0,dl_paperwitch,default,,,,,,,,assets/songs/dl_paperwitch/1080_base_256.jpg,c2b58dcad54203645057a859524789f59cfd5ca13613b610d04ad087b58aac90,19df0888b7bd39d4d1899fac334886d4747da548bb647e0776016fc4e7d5df68,73121,384,384,image/jpeg,song-jacket,low-resolution/derived candidate,arcaea:paperwitch:default,1080_base,,true,filename base/1080_base; _256 retained as APK rendition candidate,high
paradise,27,Paradise,"{""en"":""Paradise""}",Sound Souler,shiawase,,1494547201,0,dl_paradise,default,,,,,,,,assets/songs/dl_paradise/1080_base.jpg,c2b58dcad54203645057a859524789f59cfd5ca13613b610d04ad087b58aac90,e8d4fcee9d3cbd9746e5597195fca0737b9331b2ce86daf29b37abef06fa24a1,213955,768,768,image/jpeg,song-jacket,primary-resolution candidate,arcaea:paradise:default,1080_base,,false,filename base/1080_base; _256 retained as APK rendition candidate,high
paradise,27,Paradise,"{""en"":""Paradise""}",Sound Souler,shiawase,,1494547201,0,dl_paradise,default,,,,,,,,assets/songs/dl_paradise/1080_base_256.jpg,c2b58dcad54203645057a859524789f59cfd5ca13613b610d04ad087b58aac90,3444d086844f390304ddbcd833db0e1138be1a2aaeb01cdcd3020197e9bf12fb,66895,384,384,image/jpeg,song-jacket,low-resolution/derived candidate,arcaea:paradise:default,1080_base,,true,filename base/1080_base; _256 retained as APK rendition candidate,high
paradoxpalette,496,Paradox Palette,"{""en"":""Paradox Palette""}",Aethoro,extend_4,,1761782403,0,dl_paradoxpalette,default,,,,,,,,assets/songs/dl_paradoxpalette/1080_base.jpg,c2b58dcad54203645057a859524789f59cfd5ca13613b610d04ad087b58aac90,96055e4182750a768b1da3d796f46f7f90094a0178375d7960bbc40ca651b76d,443606,768,768,image/jpeg,song-jacket,primary-resolution candidate,arcaea:paradoxpalette:default,1080_base,,false,filename base/1080_base; _256 retained as APK rendition candidate,high
paradoxpalette,496,Paradox Palette,"{""en"":""Paradox Palette""}",Aethoro,extend_4,,1761782403,0,dl_paradoxpalette,default,,,,,,,,assets/songs/dl_paradoxpalette/1080_base_256.jpg,c2b58dcad54203645057a859524789f59cfd5ca13613b610d04ad087b58aac90,fda0a8d77742e062a446db0f58a5a819423c84852b0d6a19802d7403135b145d,120364,384,384,image/jpeg,song-jacket,low-resolution/derived candidate,arcaea:paradoxpalette:default,1080_base,,true,filename base/1080_base; _256 retained as APK rendition candidate,high
paranoidarc,510,Paranoid Arc,"{""en"":""Paranoid Arc""}",t+pazolite,single,,1766534402,1,dl_paranoidarc,default,,,,,,,,assets/songs/dl_paranoidarc/1080_base.jpg,c2b58dcad54203645057a859524789f59cfd5ca13613b610d04ad087b58aac90,8b510bedcefcc5b6785c4a1304b29f72703e99e70873c811f315947cc380e7f3,425960,768,768,image/jpeg,song-jacket,primary-resolution candidate,arcaea:paranoidarc:default,1080_base,,false,filename base/1080_base; _256 retained as APK rendition candidate,high
paranoidarc,510,Paranoid Arc,"{""en"":""Paranoid Arc""}",t+pazolite,single,,1766534402,1,dl_paranoidarc,default,,,,,,,,assets/songs/dl_paranoidarc/1080_base_256.jpg,c2b58dcad54203645057a859524789f59cfd5ca13613b610d04ad087b58aac90,27a2cb2438aa568882a65ebaee8e460660af51b9acc5c4e0a4ab18586bf4f746,121969,384,384,image/jpeg,song-jacket,low-resolution/derived candidate,arcaea:paranoidarc:default,1080_base,,true,filename base/1080_base; _256 retained as APK rendition candidate,high
particle,495,Particle,"{""en"":""Particle""}",Lime / Kankitsu,extend_4,,1761782402,1,dl_particle,default,,,,,,,,assets/songs/dl_particle/1080_base.jpg,c2b58dcad54203645057a859524789f59cfd5ca13613b610d04ad087b58aac90,2530523a139204bf8696a7db2c88339faad60b156b7d3b385109831ee3ac8ab9,182838,768,768,image/jpeg,song-jacket,primary-resolution candidate,arcaea:particle:default,1080_base,,false,filename base/1080_base; _256 retained as APK rendition candidate,high
particle,495,Particle,"{""en"":""Particle""}",Lime / Kankitsu,extend_4,,1761782402,1,dl_particle,default,,,,,,,,assets/songs/dl_particle/1080_base_256.jpg,c2b58dcad54203645057a859524789f59cfd5ca13613b610d04ad087b58aac90,e021d3a1a6a04569e4b87ecdf0ca20ee8854b6bfb1c33930a7532b0f8e34d5c8,69893,384,384,image/jpeg,song-jacket,low-resolution/derived candidate,arcaea:particle:default,1080_base,,true,filename base/1080_base; _256 retained as APK rendition candidate,high
partyvinyl,23,Party Vinyl,"{""en"":""Party Vinyl""}",モリモリあつし,shiawase,,1494547204,0,dl_partyvinyl,difficulty-specific,BYD,3,True,BYD,,,,assets/songs/dl_partyvinyl/1080_3.jpg,c2b58dcad54203645057a859524789f59cfd5ca13613b610d04ad087b58aac90,d9a712378dc7209719818de960789d28b62f502e9a351a799d2b378cc656caff,300029,768,768,image/jpeg,song-jacket,primary-resolution candidate,arcaea:partyvinyl:difficulty:BYD,1080_3,,false,numeric suffix=3; filename-to-ratingClass mapping is a candidate; jacketOverride=True,high
partyvinyl,23,Party Vinyl,"{""en"":""Party Vinyl""}",モリモリあつし,shiawase,,1494547204,0,dl_partyvinyl,difficulty-specific,BYD,3,True,BYD,,,,assets/songs/dl_partyvinyl/1080_3_256.jpg,c2b58dcad54203645057a859524789f59cfd5ca13613b610d04ad087b58aac90,32ebd3f32d02d7d1e3dd596940fe192d56ec20332f590c03b90018609cedb086,75760,384,384,image/jpeg,song-jacket,low-resolution/derived candidate,arcaea:partyvinyl:difficulty:BYD,1080_3,,true,numeric suffix=3; filename-to-ratingClass mapping is a candidate; jacketOverride=True,high
partyvinyl,23,Party Vinyl,"{""en"":""Party Vinyl""}",モリモリあつし,shiawase,,1494547204,0,dl_partyvinyl,default,,,,BYD,,,,assets/songs/dl_partyvinyl/1080_base.jpg,c2b58dcad54203645057a859524789f59cfd5ca13613b610d04ad087b58aac90,f6708fcbc98e662a64ecd6c18a570b6d593029a32567cb1b67196b1d747c4a4e,283071,768,768,image/jpeg,song-jacket,primary-resolution candidate,arcaea:partyvinyl:default,1080_base,,false,filename base/1080_base; _256 retained as APK rendition candidate,high
partyvinyl,23,Party Vinyl,"{""en"":""Party Vinyl""}",モリモリあつし,shiawase,,1494547204,0,dl_partyvinyl,default,,,,BYD,,,,assets/songs/dl_partyvinyl/1080_base_256.jpg,c2b58dcad54203645057a859524789f59cfd5ca13613b610d04ad087b58aac90,ada6ced393c31984d6b6caeaf24d8cc9d919cf030b2a70d53616f43e127d8637,77002,384,384,image/jpeg,song-jacket,low-resolution/derived candidate,arcaea:partyvinyl:default,1080_base,,true,filename base/1080_base; _256 retained as APK rendition candidate,high
pentiment,278,Pentiment,"{""en"":""Pentiment""}",Nothing But Requiem with Museo,finale,,1657152007,1,dl_pentiment,default,,,,,,,,assets/songs/dl_pentiment/1080_base.jpg,c2b58dcad54203645057a859524789f59cfd5ca13613b610d04ad087b58aac90,a6812df4482c7b67c80400e0f37aa48356d410eb7b9117f1adbadbee82a1e661,506117,768,768,image/jpeg,song-jacket,primary-resolution candidate,arcaea:pentiment:default,1080_base,,false,filename base/1080_base; _256 retained as APK rendition candidate,high
pentiment,278,Pentiment,"{""en"":""Pentiment""}",Nothing But Requiem with Museo,finale,,1657152007,1,dl_pentiment,default,,,,,,,,assets/songs/dl_pentiment/1080_base_256.jpg,c2b58dcad54203645057a859524789f59cfd5ca13613b610d04ad087b58aac90,acf15aea38d28fcf454caa356afe1c774da13575c16d4aeadd8cb6698c22c32a,120888,384,384,image/jpeg,song-jacket,low-resolution/derived candidate,arcaea:pentiment:default,1080_base,,true,filename base/1080_base; _256 retained as APK rendition candidate,high
phantasia,104,Phantasia,"{""en"":""Phantasia""}",Yunosuke,single,,1543449600,0,dl_phantasia,default,,,,,,,,assets/songs/dl_phantasia/1080_base.jpg,c2b58dcad54203645057a859524789f59cfd5ca13613b610d04ad087b58aac90,711631beb61da0940dbc2a6b224586a530de5985063c40d9188b6e0bd3065182,376037,768,768,image/jpeg,song-jacket,primary-resolution candidate,arcaea:phantasia:default,1080_base,,false,filename base/1080_base; _256 retained as APK rendition candidate,high
phantasia,104,Phantasia,"{""en"":""Phantasia""}",Yunosuke,single,,1543449600,0,dl_phantasia,default,,,,,,,,assets/songs/dl_phantasia/1080_base_256.jpg,c2b58dcad54203645057a859524789f59cfd5ca13613b610d04ad087b58aac90,a9b191090d6e7b46bc7ec108231ff5126b2462bea9896eb35c27b581f45dc974,67086,384,384,image/jpeg,song-jacket,low-resolution/derived candidate,arcaea:phantasia:default,1080_base,,true,filename base/1080_base; _256 retained as APK rendition candidate,high
picopicotranslation,267,PICO-Pico-Translation!,"{""en"":""PICO-Pico-Translation!"",""ja"":""ピコPico*とらんすれーしょんっ！""}","t+pazolite,ななひら,Cranky,Pico*",single,,1651104003,1,dl_picopicotranslation,default,,,,,,,,assets/songs/dl_picopicotranslation/1080_base.jpg,c2b58dcad54203645057a859524789f59cfd5ca13613b610d04ad087b58aac90,9a0e8744f238024b18d4b308705445bcd7de2dd6b8cef27c1c543a29fa09faf3,564170,768,768,image/jpeg,song-jacket,primary-resolution candidate,arcaea:picopicotranslation:default,1080_base,,false,filename base/1080_base; _256 retained as APK rendition candidate,high
picopicotranslation,267,PICO-Pico-Translation!,"{""en"":""PICO-Pico-Translation!"",""ja"":""ピコPico*とらんすれーしょんっ！""}","t+pazolite,ななひら,Cranky,Pico*",single,,1651104003,1,dl_picopicotranslation,default,,,,,,,,assets/songs/dl_picopicotranslation/1080_base_256.jpg,c2b58dcad54203645057a859524789f59cfd5ca13613b610d04ad087b58aac90,836cb8aaef1e4c4d98bf3d7199430869b37fd362334adb19db308c87f824583f,146837,384,384,image/jpeg,song-jacket,low-resolution/derived candidate,arcaea:picopicotranslation:default,1080_base,,true,filename base/1080_base; _256 retained as APK rendition candidate,high
placebobattler,450,Placebo♥Battler,"{""en"":""Placebo♥Battler"",""ja"":""プラシイボ♥バトラー""}",OSTER project,single,,1741478406,0,dl_placebobattler,default,,,,,,,,assets/songs/dl_placebobattler/1080_base.jpg,c2b58dcad54203645057a859524789f59cfd5ca13613b610d04ad087b58aac90,f094f32412f70c8322cabfbf59f085f892dd56bc6cc0fd62fc54b41371411a8a,546087,768,768,image/jpeg,song-jacket,primary-resolution candidate,arcaea:placebobattler:default,1080_base,,false,filename base/1080_base; _256 retained as APK rendition candidate,high
placebobattler,450,Placebo♥Battler,"{""en"":""Placebo♥Battler"",""ja"":""プラシイボ♥バトラー""}",OSTER project,single,,1741478406,0,dl_placebobattler,default,,,,,,,,assets/songs/dl_placebobattler/1080_base_256.jpg,c2b58dcad54203645057a859524789f59cfd5ca13613b610d04ad087b58aac90,14a53af309ce48001dc9a282f764b1416a4fe87ed3c8c2194e20de1cfde5af69,148271,384,384,image/jpeg,song-jacket,low-resolution/derived candidate,arcaea:placebobattler:default,1080_base,,true,filename base/1080_base; _256 retained as APK rendition candidate,high
pragmatism,16,PRAGMATISM,"{""en"":""PRAGMATISM""}",Laur,core,,1487980817,0,dl_pragmatism,difficulty-specific,BYD,3,True,BYD,,"{""en"":""PRAGMATISM -RESURRECTION-""}",True,assets/songs/dl_pragmatism/1080_3.jpg,c2b58dcad54203645057a859524789f59cfd5ca13613b610d04ad087b58aac90,7a00b22487eaecd6a5836c6487a2da87490919153722d5db63790051cd1c2d5b,319981,768,768,image/jpeg,song-jacket,primary-resolution candidate,arcaea:pragmatism:difficulty:BYD,1080_3,,false,numeric suffix=3; filename-to-ratingClass mapping is a candidate; jacketOverride=True,high
pragmatism,16,PRAGMATISM,"{""en"":""PRAGMATISM""}",Laur,core,,1487980817,0,dl_pragmatism,difficulty-specific,BYD,3,True,BYD,,"{""en"":""PRAGMATISM -RESURRECTION-""}",True,assets/songs/dl_pragmatism/1080_3_256.jpg,c2b58dcad54203645057a859524789f59cfd5ca13613b610d04ad087b58aac90,d241e59a50a71eae6dc8e49723ce7344a35f4f43b7f2602e7a406a63569de28b,84788,384,384,image/jpeg,song-jacket,low-resolution/derived candidate,arcaea:pragmatism:difficulty:BYD,1080_3,,true,numeric suffix=3; filename-to-ratingClass mapping is a candidate; jacketOverride=True,high
pragmatism,16,PRAGMATISM,"{""en"":""PRAGMATISM""}",Laur,core,,1487980817,0,dl_pragmatism,default,,,,BYD,,,,assets/songs/dl_pragmatism/1080_base.jpg,c2b58dcad54203645057a859524789f59cfd5ca13613b610d04ad087b58aac90,a32a70506581205aa27d12ffea4f2f8bf599ccc248e891cf41a13f22c12d3afd,336825,768,768,image/jpeg,song-jacket,primary-resolution candidate,arcaea:pragmatism:default,1080_base,,false,filename base/1080_base; _256 retained as APK rendition candidate,high
pragmatism,16,PRAGMATISM,"{""en"":""PRAGMATISM""}",Laur,core,,1487980817,0,dl_pragmatism,default,,,,BYD,,,,assets/songs/dl_pragmatism/1080_base_256.jpg,c2b58dcad54203645057a859524789f59cfd5ca13613b610d04ad087b58aac90,38a28a6c580bfdcccb016e75857a74eb7f79d4bca0f3bce59c935d5206b40160,90956,384,384,image/jpeg,song-jacket,low-resolution/derived candidate,arcaea:pragmatism:default,1080_base,,true,filename base/1080_base; _256 retained as APK rendition candidate,high
prayer,418,Prayer,"{""en"":""Prayer"",""ja"":""プレヤ""}",qfeileadh&レゾナンスもえこ,extend_3,,1729728000,0,dl_prayer,default,,,,,,,,assets/songs/dl_prayer/1080_base.jpg,c2b58dcad54203645057a859524789f59cfd5ca13613b610d04ad087b58aac90,c37fc148713b731868e47809eb90da24fbc652216336d39774b318f7eb0e25e5,277813,768,768,image/jpeg,song-jacket,primary-resolution candidate,arcaea:prayer:default,1080_base,,false,filename base/1080_base; _256 retained as APK rendition candidate,high
prayer,418,Prayer,"{""en"":""Prayer"",""ja"":""プレヤ""}",qfeileadh&レゾナンスもえこ,extend_3,,1729728000,0,dl_prayer,default,,,,,,,,assets/songs/dl_prayer/1080_base_256.jpg,c2b58dcad54203645057a859524789f59cfd5ca13613b610d04ad087b58aac90,9bada012ff2ff1cb04991b691723936b46c98963b83cef006dab68909ccf2b79,89764,384,384,image/jpeg,song-jacket,low-resolution/derived candidate,arcaea:prayer:default,1080_base,,true,filename base/1080_base; _256 retained as APK rendition candidate,high
primevaltexture,348,Primeval Texture,"{""en"":""Primeval Texture""}",くるぶっこちゃん,eden_append_1,,1695772804,0,dl_primevaltexture,default,,,,,,,,assets/songs/dl_primevaltexture/1080_base.jpg,c2b58dcad54203645057a859524789f59cfd5ca13613b610d04ad087b58aac90,a423606bde9473268e559f85c2d469a81f8505cba7151e38eaaab479f14da50b,250356,768,768,image/jpeg,song-jacket,primary-resolution candidate,arcaea:primevaltexture:default,1080_base,,false,filename base/1080_base; _256 retained as APK rendition candidate,high
primevaltexture,348,Primeval Texture,"{""en"":""Primeval Texture""}",くるぶっこちゃん,eden_append_1,,1695772804,0,dl_primevaltexture,default,,,,,,,,assets/songs/dl_primevaltexture/1080_base_256.jpg,c2b58dcad54203645057a859524789f59cfd5ca13613b610d04ad087b58aac90,a80f5012cd186bcc7c40db8b026dda2973919ca1426bc6194beed35e99912c75,80353,384,384,image/jpeg,song-jacket,low-resolution/derived candidate,arcaea:primevaltexture:default,1080_base,,true,filename base/1080_base; _256 retained as APK rendition candidate,high
primitivelights,308,PRIMITIVE LIGHTS,"{""en"":""PRIMITIVE LIGHTS""}",TAG,single,,1678320000,0,dl_primitivelights,default,,,,,,,,assets/songs/dl_primitivelights/1080_base.jpg,c2b58dcad54203645057a859524789f59cfd5ca13613b610d04ad087b58aac90,96cbf18a8ef6ab67379123ab9b831b6ab9fb286cbe6ecb96aeb32cbf92126803,379620,768,768,image/jpeg,song-jacket,primary-resolution candidate,arcaea:primitivelights:default,1080_base,,false,filename base/1080_base; _256 retained as APK rendition candidate,high
primitivelights,308,PRIMITIVE LIGHTS,"{""en"":""PRIMITIVE LIGHTS""}",TAG,single,,1678320000,0,dl_primitivelights,default,,,,,,,,assets/songs/dl_primitivelights/1080_base_256.jpg,c2b58dcad54203645057a859524789f59cfd5ca13613b610d04ad087b58aac90,31db7a835982721543652d0b0c8b30b3ecfc9cc7a4ba355f2df5f65e6471f518,100002,384,384,image/jpeg,song-jacket,low-resolution/derived candidate,arcaea:primitivelights:default,1080_base,,true,filename base/1080_base; _256 retained as APK rendition candidate,high
prism,264,Prism,"{""en"":""Prism""}",bermei.inazawa ft. Chata,lanota_append_1,,1651104000,0,dl_prism,difficulty-specific,PST,0,True,PRS;PST,,,,assets/songs/dl_prism/1080_0.jpg,c2b58dcad54203645057a859524789f59cfd5ca13613b610d04ad087b58aac90,2cc7159640ab2911473af9bd777a70aaaa196095e29dffdff9877101ce3a20df,273928,768,768,image/jpeg,song-jacket,primary-resolution candidate,arcaea:prism:difficulty:PST,1080_0,,false,numeric suffix=0; filename-to-ratingClass mapping is a candidate; jacketOverride=True,high
prism,264,Prism,"{""en"":""Prism""}",bermei.inazawa ft. Chata,lanota_append_1,,1651104000,0,dl_prism,difficulty-specific,PST,0,True,PRS;PST,,,,assets/songs/dl_prism/1080_0_256.jpg,c2b58dcad54203645057a859524789f59cfd5ca13613b610d04ad087b58aac90,b29b9dd838d8099621103e65f0f8c71f83a5409236185f841c4020e208f1ecd8,70242,384,384,image/jpeg,song-jacket,low-resolution/derived candidate,arcaea:prism:difficulty:PST,1080_0,,true,numeric suffix=0; filename-to-ratingClass mapping is a candidate; jacketOverride=True,high
prism,264,Prism,"{""en"":""Prism""}",bermei.inazawa ft. Chata,lanota_append_1,,1651104000,0,dl_prism,difficulty-specific,PRS,1,True,PRS;PST,,,,assets/songs/dl_prism/1080_1.jpg,c2b58dcad54203645057a859524789f59cfd5ca13613b610d04ad087b58aac90,df56dc50adeba0f3ffa0dd1f96f64237c12a69de362b8ee6960b7e6a1bec6893,263146,768,768,image/jpeg,song-jacket,primary-resolution candidate,arcaea:prism:difficulty:PRS,1080_1,,false,numeric suffix=1; filename-to-ratingClass mapping is a candidate; jacketOverride=True,high
prism,264,Prism,"{""en"":""Prism""}",bermei.inazawa ft. Chata,lanota_append_1,,1651104000,0,dl_prism,difficulty-specific,PRS,1,True,PRS;PST,,,,assets/songs/dl_prism/1080_1_256.jpg,c2b58dcad54203645057a859524789f59cfd5ca13613b610d04ad087b58aac90,675df5e04c74fb6b67dc3bc9e8592b2bcff14d96f58bd699ab509cb4e2d7f9dd,67660,384,384,image/jpeg,song-jacket,low-resolution/derived candidate,arcaea:prism:difficulty:PRS,1080_1,,true,numeric suffix=1; filename-to-ratingClass mapping is a candidate; jacketOverride=True,high
prism,264,Prism,"{""en"":""Prism""}",bermei.inazawa ft. Chata,lanota_append_1,,1651104000,0,dl_prism,default,,,,PRS;PST,,,,assets/songs/dl_prism/1080_base.jpg,c2b58dcad54203645057a859524789f59cfd5ca13613b610d04ad087b58aac90,9cfb5047091f93666007e477e5ca521a3365cb1a895d3dbe0617284d539fb2b8,284844,768,768,image/jpeg,song-jacket,primary-resolution candidate,arcaea:prism:default,1080_base,,false,filename base/1080_base; _256 retained as APK rendition candidate,high
prism,264,Prism,"{""en"":""Prism""}",bermei.inazawa ft. Chata,lanota_append_1,,1651104000,0,dl_prism,default,,,,PRS;PST,,,,assets/songs/dl_prism/1080_base_256.jpg,c2b58dcad54203645057a859524789f59cfd5ca13613b610d04ad087b58aac90,a753c12cfb03bd3685bbb72778e0f2ded23ff449fe5594a77a44c5883beca142,73971,384,384,image/jpeg,song-jacket,low-resolution/derived candidate,arcaea:prism:default,1080_base,,true,filename base/1080_base; _256 retained as APK rendition candidate,high
protoflicker,265,Protoflicker,"{""en"":""Protoflicker""}",Silentroom,lanota_append_1,,1651104001,1,dl_protoflicker,difficulty-specific,PST,0,True,PRS;PST,,,,assets/songs/dl_protoflicker/1080_0.jpg,c2b58dcad54203645057a859524789f59cfd5ca13613b610d04ad087b58aac90,bccd1441388a2c66b0c99c65e26897ec639ced650b45d3e2961851722e0f4d6d,261192,768,768,image/jpeg,song-jacket,primary-resolution candidate,arcaea:protoflicker:difficulty:PST,1080_0,,false,numeric suffix=0; filename-to-ratingClass mapping is a candidate; jacketOverride=True,high
protoflicker,265,Protoflicker,"{""en"":""Protoflicker""}",Silentroom,lanota_append_1,,1651104001,1,dl_protoflicker,difficulty-specific,PST,0,True,PRS;PST,,,,assets/songs/dl_protoflicker/1080_0_256.jpg,c2b58dcad54203645057a859524789f59cfd5ca13613b610d04ad087b58aac90,a5090013359963f4b3f1b9225d603d33f30c039407a1251f8a9e883e985ea4a1,68745,384,384,image/jpeg,song-jacket,low-resolution/derived candidate,arcaea:protoflicker:difficulty:PST,1080_0,,true,numeric suffix=0; filename-to-ratingClass mapping is a candidate; jacketOverride=True,high
protoflicker,265,Protoflicker,"{""en"":""Protoflicker""}",Silentroom,lanota_append_1,,1651104001,1,dl_protoflicker,difficulty-specific,PRS,1,True,PRS;PST,,,,assets/songs/dl_protoflicker/1080_1.jpg,c2b58dcad54203645057a859524789f59cfd5ca13613b610d04ad087b58aac90,bccd1441388a2c66b0c99c65e26897ec639ced650b45d3e2961851722e0f4d6d,261192,768,768,image/jpeg,song-jacket,primary-resolution candidate,arcaea:protoflicker:difficulty:PRS,1080_1,,false,numeric suffix=1; filename-to-ratingClass mapping is a candidate; jacketOverride=True,high
protoflicker,265,Protoflicker,"{""en"":""Protoflicker""}",Silentroom,lanota_append_1,,1651104001,1,dl_protoflicker,difficulty-specific,PRS,1,True,PRS;PST,,,,assets/songs/dl_protoflicker/1080_1_256.jpg,c2b58dcad54203645057a859524789f59cfd5ca13613b610d04ad087b58aac90,a5090013359963f4b3f1b9225d603d33f30c039407a1251f8a9e883e985ea4a1,68745,384,384,image/jpeg,song-jacket,low-resolution/derived candidate,arcaea:protoflicker:difficulty:PRS,1080_1,,true,numeric suffix=1; filename-to-ratingClass mapping is a candidate; jacketOverride=True,high
protoflicker,265,Protoflicker,"{""en"":""Protoflicker""}",Silentroom,lanota_append_1,,1651104001,1,dl_protoflicker,default,,,,PRS;PST,,,,assets/songs/dl_protoflicker/1080_base.jpg,c2b58dcad54203645057a859524789f59cfd5ca13613b610d04ad087b58aac90,c484b796e32e494cd448447d9d30ac3d266903a5b850493049dc07851fbfc5bc,279814,768,768,image/jpeg,song-jacket,primary-resolution candidate,arcaea:protoflicker:default,1080_base,,false,filename base/1080_base; _256 retained as APK rendition candidate,high
protoflicker,265,Protoflicker,"{""en"":""Protoflicker""}",Silentroom,lanota_append_1,,1651104001,1,dl_protoflicker,default,,,,PRS;PST,,,,assets/songs/dl_protoflicker/1080_base_256.jpg,c2b58dcad54203645057a859524789f59cfd5ca13613b610d04ad087b58aac90,e36218c5f603c0c57058beb12bc35756d9d60d8b9c43fa9ea316c0393c79fc77,74325,384,384,image/jpeg,song-jacket,low-resolution/derived candidate,arcaea:protoflicker:default,1080_base,,true,filename base/1080_base; _256 retained as APK rendition candidate,high
pupa,274,PUPA,"{""en"":""PUPA""}",モリモリあつし,single,,1657152003,1,dl_pupa,default,,,,,,,,assets/songs/dl_pupa/1080_base.jpg,c2b58dcad54203645057a859524789f59cfd5ca13613b610d04ad087b58aac90,ab1cb356d7f581118d33f27829fc83af076170ed0aefed3f3e72714b67f88519,169655,768,768,image/jpeg,song-jacket,primary-resolution candidate,arcaea:pupa:default,1080_base,,false,filename base/1080_base; _256 retained as APK rendition candidate,high
pupa,274,PUPA,"{""en"":""PUPA""}",モリモリあつし,single,,1657152003,1,dl_pupa,default,,,,,,,,assets/songs/dl_pupa/1080_base_256.jpg,c2b58dcad54203645057a859524789f59cfd5ca13613b610d04ad087b58aac90,18811993abd77fc0596352dfd7514f915b2d1df62cac8d3c8ab7abbbff4d630b,51151,384,384,image/jpeg,song-jacket,low-resolution/derived candidate,arcaea:pupa:default,1080_base,,true,filename base/1080_base; _256 retained as APK rendition candidate,high
purpleverse,182,Purple Verse,"{""en"":""Purple Verse""}",Hommarju,extend,,1606953605,1,dl_purpleverse,difficulty-specific,BYD,3,True,BYD,,,,assets/songs/dl_purpleverse/1080_3.jpg,c2b58dcad54203645057a859524789f59cfd5ca13613b610d04ad087b58aac90,cce704c02b3b715e4cffcb0e16f64216cb00199cfd1afe00d4a96b34fcd8cfbe,221023,768,768,image/jpeg,song-jacket,primary-resolution candidate,arcaea:purpleverse:difficulty:BYD,1080_3,,false,numeric suffix=3; filename-to-ratingClass mapping is a candidate; jacketOverride=True,high
purpleverse,182,Purple Verse,"{""en"":""Purple Verse""}",Hommarju,extend,,1606953605,1,dl_purpleverse,difficulty-specific,BYD,3,True,BYD,,,,assets/songs/dl_purpleverse/1080_3_256.jpg,c2b58dcad54203645057a859524789f59cfd5ca13613b610d04ad087b58aac90,4c068808cccb91e0900803c35bda903775ddf29e69cc29fc275f141a7d5d6b9d,92623,384,384,image/jpeg,song-jacket,low-resolution/derived candidate,arcaea:purpleverse:difficulty:BYD,1080_3,,true,numeric suffix=3; filename-to-ratingClass mapping is a candidate; jacketOverride=True,high
purpleverse,182,Purple Verse,"{""en"":""Purple Verse""}",Hommarju,extend,,1606953605,1,dl_purpleverse,default,,,,BYD,,,,assets/songs/dl_purpleverse/1080_base.jpg,c2b58dcad54203645057a859524789f59cfd5ca13613b610d04ad087b58aac90,01f59745362206dd7caaf0521fd07c97d24285e8717469627353cce735f068ae,283776,768,768,image/jpeg,song-jacket,primary-resolution candidate,arcaea:purpleverse:default,1080_base,,false,filename base/1080_base; _256 retained as APK rendition candidate,high
purpleverse,182,Purple Verse,"{""en"":""Purple Verse""}",Hommarju,extend,,1606953605,1,dl_purpleverse,default,,,,BYD,,,,assets/songs/dl_purpleverse/1080_base_256.jpg,c2b58dcad54203645057a859524789f59cfd5ca13613b610d04ad087b58aac90,8cec509c5d37ffbcef5ca66ff7495b0a84207e8d9f02624a96407df852e10d54,60185,384,384,image/jpeg,song-jacket,low-resolution/derived candidate,arcaea:purpleverse:default,1080_base,,true,filename base/1080_base; _256 retained as APK rendition candidate,high
qovat,377,Qovat,"{""en"":""Qovat""}",owl＊tree,single,,1709856009,1,dl_qovat,default,,,,,,,,assets/songs/dl_qovat/1080_base.jpg,c2b58dcad54203645057a859524789f59cfd5ca13613b610d04ad087b58aac90,14af883bcecfb9cd07cf809ac58ce3524ff160cb5e3835f958c525b761a38f7f,283935,768,768,image/jpeg,song-jacket,primary-resolution candidate,arcaea:qovat:default,1080_base,,false,filename base/1080_base; _256 retained as APK rendition candidate,high
qovat,377,Qovat,"{""en"":""Qovat""}",owl＊tree,single,,1709856009,1,dl_qovat,default,,,,,,,,assets/songs/dl_qovat/1080_base_256.jpg,c2b58dcad54203645057a859524789f59cfd5ca13613b610d04ad087b58aac90,f127c0bd7bc400ca90514ea43eae1c838c68d76bf1d96bb9ffcf16debe6f67c3,96804,384,384,image/jpeg,song-jacket,low-resolution/derived candidate,arcaea:qovat:default,1080_base,,true,filename base/1080_base; _256 retained as APK rendition candidate,high
qualia,15,qualia -ideaesthesia-,"{""en"":""qualia -ideaesthesia-""}",nitro,base,,1487980810,1,dl_qualia,difficulty-specific,BYD,3,True,BYD,,,,assets/songs/dl_qualia/1080_3.jpg,c2b58dcad54203645057a859524789f59cfd5ca13613b610d04ad087b58aac90,4485391a8f4e9afe03812d7506470e64d3a673497f0bc2589d2b74e821fd08b8,171446,768,768,image/jpeg,song-jacket,primary-resolution candidate,arcaea:qualia:difficulty:BYD,1080_3,,false,numeric suffix=3; filename-to-ratingClass mapping is a candidate; jacketOverride=True,high
qualia,15,qualia -ideaesthesia-,"{""en"":""qualia -ideaesthesia-""}",nitro,base,,1487980810,1,dl_qualia,difficulty-specific,BYD,3,True,BYD,,,,assets/songs/dl_qualia/1080_3_256.jpg,c2b58dcad54203645057a859524789f59cfd5ca13613b610d04ad087b58aac90,05aa0eeea58b4065bf5c319b9d01159af37a6961053eb674758e67d045b74442,37635,384,384,image/jpeg,song-jacket,low-resolution/derived candidate,arcaea:qualia:difficulty:BYD,1080_3,,true,numeric suffix=3; filename-to-ratingClass mapping is a candidate; jacketOverride=True,high
qualia,15,qualia -ideaesthesia-,"{""en"":""qualia -ideaesthesia-""}",nitro,base,,1487980810,1,dl_qualia,default,,,,BYD,,,,assets/songs/dl_qualia/base.jpg,c2b58dcad54203645057a859524789f59cfd5ca13613b610d04ad087b58aac90,2c2fac42847a4240fe810dbf9ad56e93f756febda049ec5dcbbbe9d8ddc6f970,36846,500,500,image/jpeg,song-jacket,primary-resolution candidate,arcaea:qualia:default,base,,false,filename base/1080_base; _256 retained as APK rendition candidate,high
qualia,15,qualia -ideaesthesia-,"{""en"":""qualia -ideaesthesia-""}",nitro,base,,1487980810,1,dl_qualia,default,,,,BYD,,,,assets/songs/dl_qualia/base_256.jpg,c2b58dcad54203645057a859524789f59cfd5ca13613b610d04ad087b58aac90,b23f2182bca558dfd3a085a48b67ba9ac554de0deb5adc1fc91ec9688a9eace4,12001,256,256,image/jpeg,song-directory-image,low-resolution/derived candidate,arcaea:qualia:default,base,,true,filename base/1080_base; _256 retained as APK rendition candidate,high
quon,66,Quon,"{""en"":""Quon""}",Feryquitous,lanota,,1517443203,0,dl_quon,default,,,,,,,,assets/songs/dl_quon/1080_base.jpg,c2b58dcad54203645057a859524789f59cfd5ca13613b610d04ad087b58aac90,347a7f66c4fb8039847036380f829e96803a0770fcddfcda02c7e82305071f09,333329,768,768,image/jpeg,song-jacket,primary-resolution candidate,arcaea:quon:default,1080_base,,false,filename base/1080_base; _256 retained as APK rendition candidate,high
quon,66,Quon,"{""en"":""Quon""}",Feryquitous,lanota,,1517443203,0,dl_quon,default,,,,,,,,assets/songs/dl_quon/1080_base_256.jpg,c2b58dcad54203645057a859524789f59cfd5ca13613b610d04ad087b58aac90,a579a937ca905ffaad2cfffc1c82e438fdf766106f251254c9d20289fd771d9d,87520,384,384,image/jpeg,song-jacket,low-resolution/derived candidate,arcaea:quon:default,1080_base,,true,filename base/1080_base; _256 retained as APK rendition candidate,high
quonwacca,228,Quon,"{""en"":""Quon""}",DJ Noriken,wacca,,1628553600,1,dl_quonwacca,default,,,,,,,,assets/songs/dl_quonwacca/1080_base.jpg,c2b58dcad54203645057a859524789f59cfd5ca13613b610d04ad087b58aac90,330fe817a89319c55ca1de24c16228dfcbb327dab74da7b77f98024fd53598df,244278,768,768,image/jpeg,song-jacket,primary-resolution candidate,arcaea:quonwacca:default,1080_base,,false,filename base/1080_base; _256 retained as APK rendition candidate,high
quonwacca,228,Quon,"{""en"":""Quon""}",DJ Noriken,wacca,,1628553600,1,dl_quonwacca,default,,,,,,,,assets/songs/dl_quonwacca/1080_base_256.jpg,c2b58dcad54203645057a859524789f59cfd5ca13613b610d04ad087b58aac90,005e9425e2133ee35c4e5741a07896f5d352a8cfa68275c58f555a077818a269,74124,384,384,image/jpeg,song-jacket,low-resolution/derived candidate,arcaea:quonwacca:default,1080_base,,true,filename base/1080_base; _256 retained as APK rendition candidate,high
rabbitintheblackroom,49,Rabbit In The Black Room,"{""en"":""Rabbit In The Black Room""}",Rabbit House,base,,1505520000,1,dl_rabbitintheblackroom,default,,,,,,,,assets/songs/dl_rabbitintheblackroom/1080_base.jpg,c2b58dcad54203645057a859524789f59cfd5ca13613b610d04ad087b58aac90,44ee2d66c0b1203dd17efce31df205a564ab0bf0807197a8188b87a6f7478204,224189,768,768,image/jpeg,song-jacket,primary-resolution candidate,arcaea:rabbitintheblackroom:default,1080_base,,false,filename base/1080_base; _256 retained as APK rendition candidate,high
rabbitintheblackroom,49,Rabbit In The Black Room,"{""en"":""Rabbit In The Black Room""}",Rabbit House,base,,1505520000,1,dl_rabbitintheblackroom,default,,,,,,,,assets/songs/dl_rabbitintheblackroom/1080_base_256.jpg,c2b58dcad54203645057a859524789f59cfd5ca13613b610d04ad087b58aac90,725ac90370e95582847d3fa149f35217297ee0afbb0f2a75c1ae29df842c2d11,61980,384,384,image/jpeg,song-jacket,low-resolution/derived candidate,arcaea:rabbitintheblackroom:default,1080_base,,true,filename base/1080_base; _256 retained as APK rendition candidate,high
rainofconflict,413,Rain of Conflict in a Radiant Abyss,"{""en"":""Rain of Conflict in a Radiant Abyss""}",ak+q,single,,1726099200,1,dl_rainofconflict,default,,,,,,,,assets/songs/dl_rainofconflict/1080_base.jpg,c2b58dcad54203645057a859524789f59cfd5ca13613b610d04ad087b58aac90,cd8cefa29c00076f7cc5c9e78708315f13968ed4f168620cfa39ea96e2d58278,336530,768,768,image/jpeg,song-jacket,primary-resolution candidate,arcaea:rainofconflict:default,1080_base,,false,filename base/1080_base; _256 retained as APK rendition candidate,high
rainofconflict,413,Rain of Conflict in a Radiant Abyss,"{""en"":""Rain of Conflict in a Radiant Abyss""}",ak+q,single,,1726099200,1,dl_rainofconflict,default,,,,,,,,assets/songs/dl_rainofconflict/1080_base_256.jpg,c2b58dcad54203645057a859524789f59cfd5ca13613b610d04ad087b58aac90,93c1ebfea9d2baa67bd3931d03ba1ed8b62a3fbc7469569c37441f56e4fb9345,116871,384,384,image/jpeg,song-jacket,low-resolution/derived candidate,arcaea:rainofconflict:default,1080_base,,true,filename base/1080_base; _256 retained as APK rendition candidate,high
ravenspride,338,Raven's Pride,"{""en"":""Raven's Pride"",""ja"":""レイヴンズ・プライド""}",みーに feat. はらもりよしな,eden,,1692230403,1,dl_ravenspride,default,,,,,,,,assets/songs/dl_ravenspride/1080_base.jpg,c2b58dcad54203645057a859524789f59cfd5ca13613b610d04ad087b58aac90,0f5884cf3a8c9d2276fcf1be3d4e6db7d4a7fb863ef777b7cb06366e77fce7f0,399273,768,768,image/jpeg,song-jacket,primary-resolution candidate,arcaea:ravenspride:default,1080_base,,false,filename base/1080_base; _256 retained as APK rendition candidate,high
ravenspride,338,Raven's Pride,"{""en"":""Raven's Pride"",""ja"":""レイヴンズ・プライド""}",みーに feat. はらもりよしな,eden,,1692230403,1,dl_ravenspride,default,,,,,,,,assets/songs/dl_ravenspride/1080_base_256.jpg,c2b58dcad54203645057a859524789f59cfd5ca13613b610d04ad087b58aac90,67ed94ff2a59922ef03d1de66a235e8aa8665224644be0a643af616440f9c5a3,112142,384,384,image/jpeg,song-jacket,low-resolution/derived candidate,arcaea:ravenspride:default,1080_base,,true,filename base/1080_base; _256 retained as APK rendition candidate,high
raysofremnant,430,Rays of Remnant,"{""en"":""Rays of Remnant""}",May × Felysrator,lephon,,1732147207,3,dl_raysofremnant,default,,,,,,,,assets/songs/dl_raysofremnant/1080_base.jpg,c2b58dcad54203645057a859524789f59cfd5ca13613b610d04ad087b58aac90,8ca2777ba387486fa4a8aa90f46aa87dcd50b7f0862b31fbed22cd6b5977d423,376843,768,768,image/jpeg,song-jacket,primary-resolution candidate,arcaea:raysofremnant:default,1080_base,,false,filename base/1080_base; _256 retained as APK rendition candidate,high
raysofremnant,430,Rays of Remnant,"{""en"":""Rays of Remnant""}",May × Felysrator,lephon,,1732147207,3,dl_raysofremnant,default,,,,,,,,assets/songs/dl_raysofremnant/1080_base_256.jpg,c2b58dcad54203645057a859524789f59cfd5ca13613b610d04ad087b58aac90,2e8a81577301a3f9741428f7b646cbd875e8aee7a3a37db260d50fcbe36ce9ac,124803,384,384,image/jpeg,song-jacket,low-resolution/derived candidate,arcaea:raysofremnant:default,1080_base,,true,filename base/1080_base; _256 retained as APK rendition candidate,high
reconstruction,35,REconstruction,"{""en"":""REconstruction""}",Ryazan,dynamix,,1498176002,0,dl_reconstruction,default,,,,,,,,assets/songs/dl_reconstruction/1080_base.jpg,c2b58dcad54203645057a859524789f59cfd5ca13613b610d04ad087b58aac90,629c88b187da2e0e3b16a13c54a06c993de4c336bc97a4eb532ffbb90cebbc0e,238164,768,768,image/jpeg,song-jacket,primary-resolution candidate,arcaea:reconstruction:default,1080_base,,false,filename base/1080_base; _256 retained as APK rendition candidate,high
reconstruction,35,REconstruction,"{""en"":""REconstruction""}",Ryazan,dynamix,,1498176002,0,dl_reconstruction,default,,,,,,,,assets/songs/dl_reconstruction/1080_base_256.jpg,c2b58dcad54203645057a859524789f59cfd5ca13613b610d04ad087b58aac90,8ac46c0bf9f90ede7fc9add66b9c86a00ad2bcfcbacb4c593a198fed68c0cae4,74556,384,384,image/jpeg,song-jacket,low-resolution/derived candidate,arcaea:reconstruction:default,1080_base,,true,filename base/1080_base; _256 retained as APK rendition candidate,high
redandblue,58,Red and Blue,"{""en"":""Red and Blue""}",Silentroom,base,,1509667202,1,dl_redandblue,difficulty-specific,BYD,3,True,BYD,,"{""en"":""Red and Blue and Green""}",True,assets/songs/dl_redandblue/1080_3.jpg,c2b58dcad54203645057a859524789f59cfd5ca13613b610d04ad087b58aac90,6f82b56ef6e9eb8a055a73b6ee985192148d8e75248bf79bc428e78f67e88b9e,220488,768,768,image/jpeg,song-jacket,primary-resolution candidate,arcaea:redandblue:difficulty:BYD,1080_3,,false,numeric suffix=3; filename-to-ratingClass mapping is a candidate; jacketOverride=True,high
redandblue,58,Red and Blue,"{""en"":""Red and Blue""}",Silentroom,base,,1509667202,1,dl_redandblue,difficulty-specific,BYD,3,True,BYD,,"{""en"":""Red and Blue and Green""}",True,assets/songs/dl_redandblue/1080_3_256.jpg,c2b58dcad54203645057a859524789f59cfd5ca13613b610d04ad087b58aac90,f11b959aa8ef16f5fd16d039f8867965a67eefc849f66e6fdc5b6757066561cc,55828,384,384,image/jpeg,song-jacket,low-resolution/derived candidate,arcaea:redandblue:difficulty:BYD,1080_3,,true,numeric suffix=3; filename-to-ratingClass mapping is a candidate; jacketOverride=True,high
redandblue,58,Red and Blue,"{""en"":""Red and Blue""}",Silentroom,base,,1509667202,1,dl_redandblue,default,,,,BYD,,,,assets/songs/dl_redandblue/1080_base.jpg,c2b58dcad54203645057a859524789f59cfd5ca13613b610d04ad087b58aac90,ab7a30d457e37eeccfbf77119f50c1e2dcf99cee7b06d9ecb810b60919baa1fe,407694,768,768,image/jpeg,song-jacket,primary-resolution candidate,arcaea:redandblue:default,1080_base,,false,filename base/1080_base; _256 retained as APK rendition candidate,high
redandblue,58,Red and Blue,"{""en"":""Red and Blue""}",Silentroom,base,,1509667202,1,dl_redandblue,default,,,,BYD,,,,assets/songs/dl_redandblue/1080_base_256.jpg,c2b58dcad54203645057a859524789f59cfd5ca13613b610d04ad087b58aac90,0a4c6fa4c50380a039a6ea5271f070f204a13318b686a4c468862d33d8933f94,89676,384,384,image/jpeg,song-jacket,low-resolution/derived candidate,arcaea:redandblue:default,1080_base,,true,filename base/1080_base; _256 retained as APK rendition candidate,high
redolentshape,239,Redolent Shape,"{""en"":""Redolent Shape""}",Sanaas,single,,1634774400,1,dl_redolentshape,default,,,,,,,,assets/songs/dl_redolentshape/1080_base.jpg,c2b58dcad54203645057a859524789f59cfd5ca13613b610d04ad087b58aac90,3123b22286ab4f5e0335cebf471bed969c172a53efc1f9fe21a06a60054bf5d4,353231,768,768,image/jpeg,song-jacket,primary-resolution candidate,arcaea:redolentshape:default,1080_base,,false,filename base/1080_base; _256 retained as APK rendition candidate,high
redolentshape,239,Redolent Shape,"{""en"":""Redolent Shape""}",Sanaas,single,,1634774400,1,dl_redolentshape,default,,,,,,,,assets/songs/dl_redolentshape/1080_base_256.jpg,c2b58dcad54203645057a859524789f59cfd5ca13613b610d04ad087b58aac90,e6bf1b8af239ae0db55191b2f7d8acca0aebb998352ec6fe8d689b33b785b2c6,94990,384,384,image/jpeg,song-jacket,low-resolution/derived candidate,arcaea:redolentshape:default,1080_base,,true,filename base/1080_base; _256 retained as APK rendition candidate,high
rekkaresonance,220,REKKA RESONANCE,"{""en"":""REKKA RESONANCE"",""ja"":""烈華RESONANCE""}",REDALiCE vs Kobaryo,single,,1625011201,0,dl_rekkaresonance,default,,,,,,,,assets/songs/dl_rekkaresonance/1080_base.jpg,c2b58dcad54203645057a859524789f59cfd5ca13613b610d04ad087b58aac90,7cce6ea514139ed78355d5ab34a6bc457266f62758423c2e34747159af86cfbb,338263,768,768,image/jpeg,song-jacket,primary-resolution candidate,arcaea:rekkaresonance:default,1080_base,,false,filename base/1080_base; _256 retained as APK rendition candidate,high
rekkaresonance,220,REKKA RESONANCE,"{""en"":""REKKA RESONANCE"",""ja"":""烈華RESONANCE""}",REDALiCE vs Kobaryo,single,,1625011201,0,dl_rekkaresonance,default,,,,,,,,assets/songs/dl_rekkaresonance/1080_base_256.jpg,c2b58dcad54203645057a859524789f59cfd5ca13613b610d04ad087b58aac90,4f79bae8f7d9a9d54b03c7177f6913e20e88070e28b2d4fdaf7fe69adac3c2a1,87632,384,384,image/jpeg,song-jacket,low-resolution/derived candidate,arcaea:rekkaresonance:default,1080_base,,true,filename base/1080_base; _256 retained as APK rendition candidate,high
relentless,11,Relentless,"{""en"":""Relentless""}",Akira Complex,core,,1487980814,1,dl_relentless,default,,,,,,,,assets/songs/dl_relentless/1080_base.jpg,c2b58dcad54203645057a859524789f59cfd5ca13613b610d04ad087b58aac90,2ac167a05f2a1a29be5430124746411fbb7226fa7c5b2e2d53f2f5a481d4cf21,360644,768,768,image/jpeg,song-jacket,primary-resolution candidate,arcaea:relentless:default,1080_base,,false,filename base/1080_base; _256 retained as APK rendition candidate,high
relentless,11,Relentless,"{""en"":""Relentless""}",Akira Complex,core,,1487980814,1,dl_relentless,default,,,,,,,,assets/songs/dl_relentless/1080_base_256.jpg,c2b58dcad54203645057a859524789f59cfd5ca13613b610d04ad087b58aac90,d03ab2edcbac4811d676b973a1c0820dc0b1e67773560b4f872a1be141ecb12d,91419,384,384,image/jpeg,song-jacket,low-resolution/derived candidate,arcaea:relentless:default,1080_base,,true,filename base/1080_base; _256 retained as APK rendition candidate,high
renegade,429,Renegade,"{""en"":""Renegade""}",sky_delta,lephon,,1732147206,3,dl_renegade,default,,,,,,,,assets/songs/dl_renegade/1080_base.jpg,c2b58dcad54203645057a859524789f59cfd5ca13613b610d04ad087b58aac90,93743e67f14141bedd2e7b1cd9829b03ff5c56466be4b0c5e892b48c4c9c3176,258789,768,768,image/jpeg,song-jacket,primary-resolution candidate,arcaea:renegade:default,1080_base,,false,filename base/1080_base; _256 retained as APK rendition candidate,high
renegade,429,Renegade,"{""en"":""Renegade""}",sky_delta,lephon,,1732147206,3,dl_renegade,default,,,,,,,,assets/songs/dl_renegade/1080_base_256.jpg,c2b58dcad54203645057a859524789f59cfd5ca13613b610d04ad087b58aac90,3f61443d4b6186363143fa1953782ce908b0551cd3682511adfccb1090466ea9,87916,384,384,image/jpeg,song-jacket,low-resolution/derived candidate,arcaea:renegade:default,1080_base,,true,filename base/1080_base; _256 retained as APK rendition candidate,high
revixy,118,ReviXy,"{""en"":""ReviXy""}",ikaruga_nex,base,,1553126401,1,dl_revixy,default,,,,,,,,assets/songs/dl_revixy/1080_base.jpg,c2b58dcad54203645057a859524789f59cfd5ca13613b610d04ad087b58aac90,764514c7072527efc31450e2b6b4bf8556de4cf45fca5a7a83862d13db5cce1c,365983,768,768,image/jpeg,song-jacket,primary-resolution candidate,arcaea:revixy:default,1080_base,,false,filename base/1080_base; _256 retained as APK rendition candidate,high
revixy,118,ReviXy,"{""en"":""ReviXy""}",ikaruga_nex,base,,1553126401,1,dl_revixy,default,,,,,,,,assets/songs/dl_revixy/1080_base_256.jpg,c2b58dcad54203645057a859524789f59cfd5ca13613b610d04ad087b58aac90,605f398273437ca4960739757f700fa4e80fa7db0462007cfaf94fc7aa650fb7,174637,384,384,image/jpeg,song-jacket,low-resolution/derived candidate,arcaea:revixy:default,1080_base,,true,filename base/1080_base; _256 retained as APK rendition candidate,high
rgb,336,RGB,"{""en"":""RGB""}",MEMODEMO X AQUASINE,extend_2,,1692230401,0,dl_rgb,default,,,,,,,,assets/songs/dl_rgb/1080_base.jpg,c2b58dcad54203645057a859524789f59cfd5ca13613b610d04ad087b58aac90,2b49495224e9f8c22cc697979fc045288a5cef885a7d1821424e2990e8ad65c8,244098,768,768,image/jpeg,song-jacket,primary-resolution candidate,arcaea:rgb:default,1080_base,,false,filename base/1080_base; _256 retained as APK rendition candidate,high
rgb,336,RGB,"{""en"":""RGB""}",MEMODEMO X AQUASINE,extend_2,,1692230401,0,dl_rgb,default,,,,,,,,assets/songs/dl_rgb/1080_base_256.jpg,c2b58dcad54203645057a859524789f59cfd5ca13613b610d04ad087b58aac90,ea5f6ee4d77056bb9709c1543cb53e095211917d132e3c12d0b5703b26d5ba48,61576,384,384,image/jpeg,song-jacket,low-resolution/derived candidate,arcaea:rgb:default,1080_base,,true,filename base/1080_base; _256 retained as APK rendition candidate,high
ringedgenesis,130,Ringed Genesis,"{""en"":""Ringed Genesis""}",Edelritter,prelude,,1563408004,0,dl_ringedgenesis,default,,,,,,,,assets/songs/dl_ringedgenesis/1080_base.jpg,c2b58dcad54203645057a859524789f59cfd5ca13613b610d04ad087b58aac90,b997e56f7e95b64fdc5384df3612d3990459b3949e299340a5d6e675efb3acf1,293809,768,768,image/jpeg,song-jacket,primary-resolution candidate,arcaea:ringedgenesis:default,1080_base,,false,filename base/1080_base; _256 retained as APK rendition candidate,high
ringedgenesis,130,Ringed Genesis,"{""en"":""Ringed Genesis""}",Edelritter,prelude,,1563408004,0,dl_ringedgenesis,default,,,,,,,,assets/songs/dl_ringedgenesis/1080_base_256.jpg,c2b58dcad54203645057a859524789f59cfd5ca13613b610d04ad087b58aac90,9f6cb2f8c7b555c66714f1ceba9da0a1ef052ef413a7ec275549c82f800857b7,81208,384,384,image/jpeg,song-jacket,low-resolution/derived candidate,arcaea:ringedgenesis:default,1080_base,,true,filename base/1080_base; _256 retained as APK rendition candidate,high
riotsystem,531,Riot in the System,"{""en"":""Riot in the System""}",Laur & Massive New Krew feat. 社築,extend_4,,1777507204,1,dl_riotsystem,default,,,,,,,,assets/songs/dl_riotsystem/1080_base.jpg,c2b58dcad54203645057a859524789f59cfd5ca13613b610d04ad087b58aac90,523890de0df4f5773a83e5d5e5baaa014da452368424d03925e632d92c859903,382164,768,768,image/jpeg,song-jacket,primary-resolution candidate,arcaea:riotsystem:default,1080_base,,false,filename base/1080_base; _256 retained as APK rendition candidate,high
riotsystem,531,Riot in the System,"{""en"":""Riot in the System""}",Laur & Massive New Krew feat. 社築,extend_4,,1777507204,1,dl_riotsystem,default,,,,,,,,assets/songs/dl_riotsystem/1080_base_256.jpg,c2b58dcad54203645057a859524789f59cfd5ca13613b610d04ad087b58aac90,6305731d5504601f545ebb79c063b2a71a539002376aa9382d6fc10da7fc0b06,112940,384,384,image/jpeg,song-jacket,low-resolution/derived candidate,arcaea:riotsystem:default,1080_base,,true,filename base/1080_base; _256 retained as APK rendition candidate,high
riseoftheworld,339,Rise of the World,"{""en"":""Rise of the World""}",cosMo＠暴走P,eden,,1692230404,0,dl_riseoftheworld,default,,,,,,,,assets/songs/dl_riseoftheworld/1080_base.jpg,c2b58dcad54203645057a859524789f59cfd5ca13613b610d04ad087b58aac90,c4833fe2d10bf66772c3ea4d387c1e48fe65fd8978e5534e74262370f2e14033,336244,768,768,image/jpeg,song-jacket,primary-resolution candidate,arcaea:riseoftheworld:default,1080_base,,false,filename base/1080_base; _256 retained as APK rendition candidate,high
riseoftheworld,339,Rise of the World,"{""en"":""Rise of the World""}",cosMo＠暴走P,eden,,1692230404,0,dl_riseoftheworld,default,,,,,,,,assets/songs/dl_riseoftheworld/1080_base_256.jpg,c2b58dcad54203645057a859524789f59cfd5ca13613b610d04ad087b58aac90,14fdebdacd02ba8f856c76f29bc17c855e0a6b01eb9e5a550b1e83b265014742,88068,384,384,image/jpeg,song-jacket,low-resolution/derived candidate,arcaea:riseoftheworld:default,1080_base,,true,filename base/1080_base; _256 retained as APK rendition candidate,high
romancewars,43,Romance Wars,"{""en"":""Romance Wars"",""ja"":""vsキミ戦争""}",U-ske (feat. lueur),mirai,,1502323202,0,dl_romancewars,default,,,,,,,,assets/songs/dl_romancewars/1080_base.jpg,c2b58dcad54203645057a859524789f59cfd5ca13613b610d04ad087b58aac90,3fde76cd87474ec8bb6113d972402e0b356ff7bc6daa3d307a5af655999f5973,333332,768,768,image/jpeg,song-jacket,primary-resolution candidate,arcaea:romancewars:default,1080_base,,false,filename base/1080_base; _256 retained as APK rendition candidate,high
romancewars,43,Romance Wars,"{""en"":""Romance Wars"",""ja"":""vsキミ戦争""}",U-ske (feat. lueur),mirai,,1502323202,0,dl_romancewars,default,,,,,,,,assets/songs/dl_romancewars/1080_base_256.jpg,c2b58dcad54203645057a859524789f59cfd5ca13613b610d04ad087b58aac90,4b9e2dd86fd7c778076da3db55b8fe3e1557e7c532c3f8ac81a26b44bd5ece05,89287,384,384,image/jpeg,song-jacket,low-resolution/derived candidate,arcaea:romancewars:default,1080_base,,true,filename base/1080_base; _256 retained as APK rendition candidate,high
rostpagegene,486,ROST PAGE GENE,"{""en"":""ROST PAGE GENE""}",MYUKKE.,extend_3,,1759363200,0,dl_rostpagegene,default,,,,,,,,assets/songs/dl_rostpagegene/1080_base.jpg,c2b58dcad54203645057a859524789f59cfd5ca13613b610d04ad087b58aac90,41799068f51f6a75711cfe6b6fdb54be1d09f5fdf534be901cf69c028f0d62f6,537892,768,768,image/jpeg,song-jacket,primary-resolution candidate,arcaea:rostpagegene:default,1080_base,,false,filename base/1080_base; _256 retained as APK rendition candidate,high
rostpagegene,486,ROST PAGE GENE,"{""en"":""ROST PAGE GENE""}",MYUKKE.,extend_3,,1759363200,0,dl_rostpagegene,default,,,,,,,,assets/songs/dl_rostpagegene/1080_base_256.jpg,c2b58dcad54203645057a859524789f59cfd5ca13613b610d04ad087b58aac90,947fec17c92ac8c21afbb2797cf9b92e67fcc1cdf313b5a5d603c8851e3686bf,165411,384,384,image/jpeg,song-jacket,low-resolution/derived candidate,arcaea:rostpagegene:default,1080_base,,true,filename base/1080_base; _256 retained as APK rendition candidate,high
rugie,102,Rugie,"{""en"":""Rugie""}",Feryquitous feat.Sennzai,base,,1541635200,1,dl_rugie,default,,,,,,,,assets/songs/dl_rugie/1080_base.jpg,c2b58dcad54203645057a859524789f59cfd5ca13613b610d04ad087b58aac90,a71ac2c4c5b25252189491465152ec9d367f3c0224378e4f98fbf6b55c773558,255734,768,768,image/jpeg,song-jacket,primary-resolution candidate,arcaea:rugie:default,1080_base,,false,filename base/1080_base; _256 retained as APK rendition candidate,high
rugie,102,Rugie,"{""en"":""Rugie""}",Feryquitous feat.Sennzai,base,,1541635200,1,dl_rugie,default,,,,,,,,assets/songs/dl_rugie/1080_base_256.jpg,c2b58dcad54203645057a859524789f59cfd5ca13613b610d04ad087b58aac90,044b2c645429b7ae69d2f2d4f3349923890864cdbf53e03673753ff3cdc0b384,61425,384,384,image/jpeg,song-jacket,low-resolution/derived candidate,arcaea:rugie:default,1080_base,,true,filename base/1080_base; _256 retained as APK rendition candidate,high
sacrifice,335,SACRIFICE feat. ayame,"{""en"":""SACRIFICE feat. ayame""}",Masayoshi Minoshima(ALR),single,,1692230400,1,dl_sacrifice,default,,,,,,,,assets/songs/dl_sacrifice/1080_base.jpg,c2b58dcad54203645057a859524789f59cfd5ca13613b610d04ad087b58aac90,5f9cd7227645d10c37ee6aa9610a695d31282577abfa5e40a83b478bdc878427,235547,768,768,image/jpeg,song-jacket,primary-resolution candidate,arcaea:sacrifice:default,1080_base,,false,filename base/1080_base; _256 retained as APK rendition candidate,high
sacrifice,335,SACRIFICE feat. ayame,"{""en"":""SACRIFICE feat. ayame""}",Masayoshi Minoshima(ALR),single,,1692230400,1,dl_sacrifice,default,,,,,,,,assets/songs/dl_sacrifice/1080_base_256.jpg,c2b58dcad54203645057a859524789f59cfd5ca13613b610d04ad087b58aac90,84f7f3c613d678b8395308e28bbdcd412b68ed1baf850e5ebe25e55ece6a8193,71389,384,384,image/jpeg,song-jacket,low-resolution/derived candidate,arcaea:sacrifice:default,1080_base,,true,filename base/1080_base; _256 retained as APK rendition candidate,high
saikyostronger,149,SAIKYO STRONGER,"{""en"":""SAIKYO STRONGER"",""ja"":""最強STRONGER""}",REDALiCE vs USAO,single,,1579478403,1,dl_saikyostronger,default,,,,,,,,assets/songs/dl_saikyostronger/1080_base.jpg,c2b58dcad54203645057a859524789f59cfd5ca13613b610d04ad087b58aac90,653de36eaa744d0c14189edc22fe4580e48b35f22313339ddecbecc27d225ace,315245,768,768,image/jpeg,song-jacket,primary-resolution candidate,arcaea:saikyostronger:default,1080_base,,false,filename base/1080_base; _256 retained as APK rendition candidate,high
saikyostronger,149,SAIKYO STRONGER,"{""en"":""SAIKYO STRONGER"",""ja"":""最強STRONGER""}",REDALiCE vs USAO,single,,1579478403,1,dl_saikyostronger,default,,,,,,,,assets/songs/dl_saikyostronger/1080_base_256.jpg,c2b58dcad54203645057a859524789f59cfd5ca13613b610d04ad087b58aac90,3d2dbbd8eab8e2ff88e8ca780100fbebb4158bdf2450347342b19f42123686b1,85375,384,384,image/jpeg,song-jacket,low-resolution/derived candidate,arcaea:saikyostronger:default,1080_base,,true,filename base/1080_base; _256 retained as APK rendition candidate,high
saintorsinner,414,Saint or Sinner,"{""en"":""Saint or Sinner""}",crayvxn,prelude,,1727308800,1,dl_saintorsinner,difficulty-specific,BYD,3,True,BYD,,,,assets/songs/dl_saintorsinner/1080_3.jpg,c2b58dcad54203645057a859524789f59cfd5ca13613b610d04ad087b58aac90,945a473c98ad64f2f4264bbddfbb56c5e74ce57110d7c849c2f1e5adb483dfd7,291920,768,768,image/jpeg,song-jacket,primary-resolution candidate,arcaea:saintorsinner:difficulty:BYD,1080_3,,false,numeric suffix=3; filename-to-ratingClass mapping is a candidate; jacketOverride=True,high
saintorsinner,414,Saint or Sinner,"{""en"":""Saint or Sinner""}",crayvxn,prelude,,1727308800,1,dl_saintorsinner,difficulty-specific,BYD,3,True,BYD,,,,assets/songs/dl_saintorsinner/1080_3_256.jpg,c2b58dcad54203645057a859524789f59cfd5ca13613b610d04ad087b58aac90,ac7206a5c09ef9e4738a9963af62861108aa870e97260afcb4637db8e37512cb,99934,384,384,image/jpeg,song-jacket,low-resolution/derived candidate,arcaea:saintorsinner:difficulty:BYD,1080_3,,true,numeric suffix=3; filename-to-ratingClass mapping is a candidate; jacketOverride=True,high
saintorsinner,414,Saint or Sinner,"{""en"":""Saint or Sinner""}",crayvxn,prelude,,1727308800,1,dl_saintorsinner,default,,,,BYD,,,,assets/songs/dl_saintorsinner/1080_base.jpg,c2b58dcad54203645057a859524789f59cfd5ca13613b610d04ad087b58aac90,45476041c51a3d9db5cbbe9bfd3c3e7ee585d0138a51247f0caf9ac9fa3e6c63,284265,768,768,image/jpeg,song-jacket,primary-resolution candidate,arcaea:saintorsinner:default,1080_base,,false,filename base/1080_base; _256 retained as APK rendition candidate,high
saintorsinner,414,Saint or Sinner,"{""en"":""Saint or Sinner""}",crayvxn,prelude,,1727308800,1,dl_saintorsinner,default,,,,BYD,,,,assets/songs/dl_saintorsinner/1080_base_256.jpg,c2b58dcad54203645057a859524789f59cfd5ca13613b610d04ad087b58aac90,6321c713d669debc3104b27bf635bb5452532be8ef7eb1e560c7e7cb15719b54,87248,384,384,image/jpeg,song-jacket,low-resolution/derived candidate,arcaea:saintorsinner:default,1080_base,,true,filename base/1080_base; _256 retained as APK rendition candidate,high
sanskia,270,san skia,"{""en"":""san skia""}",ユアミトス,base,,1653436802,0,dl_sanskia,default,,,,,,,,assets/songs/dl_sanskia/1080_base.jpg,c2b58dcad54203645057a859524789f59cfd5ca13613b610d04ad087b58aac90,860f4d0688c7f1aeee519f731335a50a503efe24640a0603a142db110ee6e2c0,246424,768,768,image/jpeg,song-jacket,primary-resolution candidate,arcaea:sanskia:default,1080_base,,false,filename base/1080_base; _256 retained as APK rendition candidate,high
sanskia,270,san skia,"{""en"":""san skia""}",ユアミトス,base,,1653436802,0,dl_sanskia,default,,,,,,,,assets/songs/dl_sanskia/1080_base_256.jpg,c2b58dcad54203645057a859524789f59cfd5ca13613b610d04ad087b58aac90,5b3a2686afb14983619930cc0b6b179bfef175bfe7ff97d4a7a1f7eee2c7714b,67061,384,384,image/jpeg,song-jacket,low-resolution/derived candidate,arcaea:sanskia:default,1080_base,,true,filename base/1080_base; _256 retained as APK rendition candidate,high
scarletcage,168,Scarlet Cage,"{""en"":""Scarlet Cage""}",Daisuke Kurosawa,single,,1594166402,1,dl_scarletcage,default,,,,,,,,assets/songs/dl_scarletcage/1080_base.jpg,c2b58dcad54203645057a859524789f59cfd5ca13613b610d04ad087b58aac90,d06d676e03d292a43e9814ef0b30ab4f219b58d4969aff8ba9cb7efe99f4208d,319848,768,768,image/jpeg,song-jacket,primary-resolution candidate,arcaea:scarletcage:default,1080_base,,false,filename base/1080_base; _256 retained as APK rendition candidate,high
scarletcage,168,Scarlet Cage,"{""en"":""Scarlet Cage""}",Daisuke Kurosawa,single,,1594166402,1,dl_scarletcage,default,,,,,,,,assets/songs/dl_scarletcage/1080_base_256.jpg,c2b58dcad54203645057a859524789f59cfd5ca13613b610d04ad087b58aac90,17faccb5f9a522033388d799be514ad2dbfd092031fada2cdc29dfc070e69a4f,85552,384,384,image/jpeg,song-jacket,low-resolution/derived candidate,arcaea:scarletcage:default,1080_base,,true,filename base/1080_base; _256 retained as APK rendition candidate,high
scarletlance,109,Scarlet Lance,"{""en"":""Scarlet Lance""}",MASAKI (ZUNTATA),groovecoaster,,1546992003,0,dl_scarletlance,default,,,,,,,,assets/songs/dl_scarletlance/1080_base.jpg,c2b58dcad54203645057a859524789f59cfd5ca13613b610d04ad087b58aac90,157258b772a1477f3a644a929607d08c784c261557d97b8c94201c48d80a7a44,352383,768,768,image/jpeg,song-jacket,primary-resolution candidate,arcaea:scarletlance:default,1080_base,,false,filename base/1080_base; _256 retained as APK rendition candidate,high
scarletlance,109,Scarlet Lance,"{""en"":""Scarlet Lance""}",MASAKI (ZUNTATA),groovecoaster,,1546992003,0,dl_scarletlance,default,,,,,,,,assets/songs/dl_scarletlance/1080_base_256.jpg,c2b58dcad54203645057a859524789f59cfd5ca13613b610d04ad087b58aac90,c72e75c011cf370df94a61b4b74a604de1ba0024dcc201a28d30e8e24a47c921,100900,384,384,image/jpeg,song-jacket,low-resolution/derived candidate,arcaea:scarletlance:default,1080_base,,true,filename base/1080_base; _256 retained as APK rendition candidate,high
scarletlunar,474,Scarlet Lunar Empress,"{""en"":""Scarlet Lunar Empress"",""ja"":""朱月ノ姫""}",technoplanet feat. 夕月ティア,anima,,1753315202,0,dl_scarletlunar,default,,,,,,,,assets/songs/dl_scarletlunar/1080_base.jpg,c2b58dcad54203645057a859524789f59cfd5ca13613b610d04ad087b58aac90,6d388f97a8cf2a3c58849566fcecacd847b5ecadd463309f09b2aa461b8574d3,503237,768,768,image/jpeg,song-jacket,primary-resolution candidate,arcaea:scarletlunar:default,1080_base,,false,filename base/1080_base; _256 retained as APK rendition candidate,high
scarletlunar,474,Scarlet Lunar Empress,"{""en"":""Scarlet Lunar Empress"",""ja"":""朱月ノ姫""}",technoplanet feat. 夕月ティア,anima,,1753315202,0,dl_scarletlunar,default,,,,,,,,assets/songs/dl_scarletlunar/1080_base_256.jpg,c2b58dcad54203645057a859524789f59cfd5ca13613b610d04ad087b58aac90,04179da305b03861a71e1d8063db52004c834b8f98b545e6899bdd5b378eb1f5,134079,384,384,image/jpeg,song-jacket,low-resolution/derived candidate,arcaea:scarletlunar:default,1080_base,,true,filename base/1080_base; _256 retained as APK rendition candidate,high
seclusion,223,Seclusion,"{""en"":""Seclusion""}",Laur feat. Sennzai,observer,,1626825603,1,dl_seclusion,default,,,,,,,,assets/songs/dl_seclusion/1080_base.jpg,c2b58dcad54203645057a859524789f59cfd5ca13613b610d04ad087b58aac90,c6ee94b0a73c6b25e214714b268ee6841816dd3293c0d9528992d3b034a76e16,330845,768,768,image/jpeg,song-jacket,primary-resolution candidate,arcaea:seclusion:default,1080_base,,false,filename base/1080_base; _256 retained as APK rendition candidate,high
seclusion,223,Seclusion,"{""en"":""Seclusion""}",Laur feat. Sennzai,observer,,1626825603,1,dl_seclusion,default,,,,,,,,assets/songs/dl_seclusion/1080_base_256.jpg,c2b58dcad54203645057a859524789f59cfd5ca13613b610d04ad087b58aac90,0950569a31bff3335157b8079a7290e3dd62141c7c007b78d6a073a6e8c62e18,85228,384,384,image/jpeg,song-jacket,low-resolution/derived candidate,arcaea:seclusion:default,1080_base,,true,filename base/1080_base; _256 retained as APK rendition candidate,high
seethelights,473,See the Lights!,"{""en"":""See the Lights!""}",polysha feat. しろさきあや,anima,,1753315201,0,dl_seethelights,default,,,,,,,,assets/songs/dl_seethelights/1080_base.jpg,c2b58dcad54203645057a859524789f59cfd5ca13613b610d04ad087b58aac90,d93a23619fb8c5972fdbef6c1de5ee612893d899e021bf08a1b7f514ff260e1b,497060,768,768,image/jpeg,song-jacket,primary-resolution candidate,arcaea:seethelights:default,1080_base,,false,filename base/1080_base; _256 retained as APK rendition candidate,high
seethelights,473,See the Lights!,"{""en"":""See the Lights!""}",polysha feat. しろさきあや,anima,,1753315201,0,dl_seethelights,default,,,,,,,,assets/songs/dl_seethelights/1080_base_256.jpg,c2b58dcad54203645057a859524789f59cfd5ca13613b610d04ad087b58aac90,82b6c2becab4fed45f5e462a00b923d217aca80b193001404872b0777af608e5,126694,384,384,image/jpeg,song-jacket,low-resolution/derived candidate,arcaea:seethelights:default,1080_base,,true,filename base/1080_base; _256 retained as APK rendition candidate,high
seventhsense,196,7thSense,"{""en"":""7thSense""}",削除,maimai,,1610064001,1,dl_seventhsense,default,,,,,,,,assets/songs/dl_seventhsense/base.jpg,c2b58dcad54203645057a859524789f59cfd5ca13613b610d04ad087b58aac90,360f8cb2503dde02db1ea802b76f02e3850e763524543d04b6832b5bc2769e9b,122560,512,512,image/jpeg,song-jacket,primary-resolution candidate,arcaea:seventhsense:default,base,,false,filename base/1080_base; _256 retained as APK rendition candidate,high
seventhsense,196,7thSense,"{""en"":""7thSense""}",削除,maimai,,1610064001,1,dl_seventhsense,default,,,,,,,,assets/songs/dl_seventhsense/base_256.jpg,c2b58dcad54203645057a859524789f59cfd5ca13613b610d04ad087b58aac90,c0afa75f98ac4fc98172d93593c8b63df7d3bace1bdb34bd63455054e11f98fa,54084,256,256,image/jpeg,song-directory-image,low-resolution/derived candidate,arcaea:seventhsense:default,base,,true,filename base/1080_base; _256 retained as APK rendition candidate,high
sheriruth,17,Sheriruth,"{""en"":""Sheriruth""}",Team Grimoire,core,,1487980818,1,dl_sheriruth,default,,,,,,,,assets/songs/dl_sheriruth/1080_base.jpg,c2b58dcad54203645057a859524789f59cfd5ca13613b610d04ad087b58aac90,03358515a63a80bdb89e22524d3e3ddb5d32b9f0f8033914fa3203aa6cf3a27e,285555,768,768,image/jpeg,song-jacket,primary-resolution candidate,arcaea:sheriruth:default,1080_base,,false,filename base/1080_base; _256 retained as APK rendition candidate,high
sheriruth,17,Sheriruth,"{""en"":""Sheriruth""}",Team Grimoire,core,,1487980818,1,dl_sheriruth,default,,,,,,,,assets/songs/dl_sheriruth/1080_base_256.jpg,c2b58dcad54203645057a859524789f59cfd5ca13613b610d04ad087b58aac90,c3327675503ff8050b09bde01e90b5582ba93c285b454681aebcd42f32de55a0,75651,384,384,image/jpeg,song-jacket,low-resolution/derived candidate,arcaea:sheriruth:default,1080_base,,true,filename base/1080_base; _256 retained as APK rendition candidate,high
sheriruthrmx,232,Sheriruth (Laur Remix),"{""en"":""Sheriruth (Laur Remix)""}",Laur,single,,1628553605,1,dl_sheriruthrmx,default,,,,,,,,assets/songs/dl_sheriruthrmx/1080_base.jpg,c2b58dcad54203645057a859524789f59cfd5ca13613b610d04ad087b58aac90,5b4495c5279a62e55371970b9dd71472c8e326c08d89cafc39fcc9d8cbc4c3fe,184537,768,768,image/jpeg,song-jacket,primary-resolution candidate,arcaea:sheriruthrmx:default,1080_base,,false,filename base/1080_base; _256 retained as APK rendition candidate,high
sheriruthrmx,232,Sheriruth (Laur Remix),"{""en"":""Sheriruth (Laur Remix)""}",Laur,single,,1628553605,1,dl_sheriruthrmx,default,,,,,,,,assets/songs/dl_sheriruthrmx/1080_base_256.jpg,c2b58dcad54203645057a859524789f59cfd5ca13613b610d04ad087b58aac90,e60c8bb2747033071c710e3d2d16228a24d2863561afc19226052445cec9e75c,55888,384,384,image/jpeg,song-jacket,low-resolution/derived candidate,arcaea:sheriruthrmx:default,1080_base,,true,filename base/1080_base; _256 retained as APK rendition candidate,high
shinchoku,452,Shinchoku Doudesuka?,"{""en"":""Shinchoku Doudesuka?"",""ja"":""進捗どうですか?""}",sumijun feat. ななひら,single,,1743033601,0,dl_shinchoku,default,,,,,,,,assets/songs/dl_shinchoku/1080_base.jpg,c2b58dcad54203645057a859524789f59cfd5ca13613b610d04ad087b58aac90,89ceed5a24759300a355cc37978aae51536ca4c638665dea6bf6e45b019eb70a,428375,768,768,image/jpeg,song-jacket,primary-resolution candidate,arcaea:shinchoku:default,1080_base,,false,filename base/1080_base; _256 retained as APK rendition candidate,high
shinchoku,452,Shinchoku Doudesuka?,"{""en"":""Shinchoku Doudesuka?"",""ja"":""進捗どうですか?""}",sumijun feat. ななひら,single,,1743033601,0,dl_shinchoku,default,,,,,,,,assets/songs/dl_shinchoku/1080_base_256.jpg,c2b58dcad54203645057a859524789f59cfd5ca13613b610d04ad087b58aac90,cccad7fbde7c0abd2eac7bc9c3d9d13238b3286a663bc5117cbf890e9a1ea846,132246,384,384,image/jpeg,song-jacket,low-resolution/derived candidate,arcaea:shinchoku:default,1080_base,,true,filename base/1080_base; _256 retained as APK rendition candidate,high
shinoukyoseki,520,The Forgotten Forest Haven,"{""en"":""The Forgotten Forest Haven"",""ja"":""森奥虚跡""}",ShiBa,extend_4,,1771459201,0,dl_shinoukyoseki,default,,,,,,,,assets/songs/dl_shinoukyoseki/1080_base.jpg,c2b58dcad54203645057a859524789f59cfd5ca13613b610d04ad087b58aac90,81693024fb152e583f82e72b3cd6a65decc18064ac6872fac2a396c93087cb15,301591,768,768,image/jpeg,song-jacket,primary-resolution candidate,arcaea:shinoukyoseki:default,1080_base,,false,filename base/1080_base; _256 retained as APK rendition candidate,high
shinoukyoseki,520,The Forgotten Forest Haven,"{""en"":""The Forgotten Forest Haven"",""ja"":""森奥虚跡""}",ShiBa,extend_4,,1771459201,0,dl_shinoukyoseki,default,,,,,,,,assets/songs/dl_shinoukyoseki/1080_base_256.jpg,c2b58dcad54203645057a859524789f59cfd5ca13613b610d04ad087b58aac90,1766df35efb2dee063e340d585e039f0dbc8e98b2c6ca7b8dc46223d403f6d6c,90537,384,384,image/jpeg,song-jacket,low-resolution/derived candidate,arcaea:shinoukyoseki:default,1080_base,,true,filename base/1080_base; _256 retained as APK rendition candidate,high
shrink,402,shrink,"{""en"":""shrink""}",Shohei Tsuchiya(ZUNTATA),single,,1722297601,0,dl_shrink,default,,,,,,,,assets/songs/dl_shrink/1080_base.jpg,c2b58dcad54203645057a859524789f59cfd5ca13613b610d04ad087b58aac90,cd4be55466def228f2bb04dfd29eabfe894e4e88ab46ad65b69ff0514ff1cfba,240079,768,768,image/jpeg,song-jacket,primary-resolution candidate,arcaea:shrink:default,1080_base,,false,filename base/1080_base; _256 retained as APK rendition candidate,high
shrink,402,shrink,"{""en"":""shrink""}",Shohei Tsuchiya(ZUNTATA),single,,1722297601,0,dl_shrink,default,,,,,,,,assets/songs/dl_shrink/1080_base_256.jpg,c2b58dcad54203645057a859524789f59cfd5ca13613b610d04ad087b58aac90,54a13ae1b64017ef0a283245fbc24eaba203f9941d7ff5a7726e4645a46ff61e,82877,384,384,image/jpeg,song-jacket,low-resolution/derived candidate,arcaea:shrink:default,1080_base,,true,filename base/1080_base; _256 retained as APK rendition candidate,high
signal,518,Signal,"{""en"":""Signal""}",rejection feat. Such,megarex,,1769644805,1,dl_signal,default,,,,,,,,assets/songs/dl_signal/1080_base.jpg,c2b58dcad54203645057a859524789f59cfd5ca13613b610d04ad087b58aac90,91346c38fb3712b5a251c520b5692ef2f51ee9148d55c0fac8a703218291502d,188620,768,768,image/jpeg,song-jacket,primary-resolution candidate,arcaea:signal:default,1080_base,,false,filename base/1080_base; _256 retained as APK rendition candidate,high
signal,518,Signal,"{""en"":""Signal""}",rejection feat. Such,megarex,,1769644805,1,dl_signal,default,,,,,,,,assets/songs/dl_signal/1080_base_256.jpg,c2b58dcad54203645057a859524789f59cfd5ca13613b610d04ad087b58aac90,6ed4c2b6f7a36cbc122a69131be38e914abd457bfc8b4036665cdc921786fa1c,69842,384,384,image/jpeg,song-jacket,low-resolution/derived candidate,arcaea:signal:default,1080_base,,true,filename base/1080_base; _256 retained as APK rendition candidate,high
signof,396,"Sign of ""10.5km""","{""en"":""Sign of \""10.5km\""""}",渡部恭久,groovecoaster_append_1,,1719446401,0,dl_signof,default,,,,,,,,assets/songs/dl_signof/base.jpg,c2b58dcad54203645057a859524789f59cfd5ca13613b610d04ad087b58aac90,297a477d5b66b3ba272f6d8dd1da6a53f97708003554282f8c4913b03629202e,161590,512,512,image/jpeg,song-jacket,primary-resolution candidate,arcaea:signof:default,base,,false,filename base/1080_base; _256 retained as APK rendition candidate,high
signof,396,"Sign of ""10.5km""","{""en"":""Sign of \""10.5km\""""}",渡部恭久,groovecoaster_append_1,,1719446401,0,dl_signof,default,,,,,,,,assets/songs/dl_signof/base_256.jpg,c2b58dcad54203645057a859524789f59cfd5ca13613b610d04ad087b58aac90,16b9c95f10d87da33fc54a843e0eb5c32096eb27e8cd77c568865cb01340d541,60399,256,256,image/jpeg,song-directory-image,low-resolution/derived candidate,arcaea:signof:default,base,,true,filename base/1080_base; _256 retained as APK rendition candidate,high
silentrush,69,Silent Rush,"{""en"":""Silent Rush""}",Soleily,nijuusei,,1521763201,1,dl_silentrush,default,,,,,,,,assets/songs/dl_silentrush/1080_base.jpg,c2b58dcad54203645057a859524789f59cfd5ca13613b610d04ad087b58aac90,e4fa0a740e410b9131797872ce5132b73616ac7ed7adf5a9cfe7c5b32e819e53,390950,768,768,image/jpeg,song-jacket,primary-resolution candidate,arcaea:silentrush:default,1080_base,,false,filename base/1080_base; _256 retained as APK rendition candidate,high
silentrush,69,Silent Rush,"{""en"":""Silent Rush""}",Soleily,nijuusei,,1521763201,1,dl_silentrush,default,,,,,,,,assets/songs/dl_silentrush/1080_base_256.jpg,c2b58dcad54203645057a859524789f59cfd5ca13613b610d04ad087b58aac90,936e21d6b46a6b227ebd9bca918c8dff4e11e457dbcbb8f988a7d6262b32953a,90549,384,384,image/jpeg,song-jacket,low-resolution/derived candidate,arcaea:silentrush:default,1080_base,,true,filename base/1080_base; _256 retained as APK rendition candidate,high
singularity,70,Singularity,"{""en"":""Singularity""}",ETIA.,nijuusei,,1521763204,1,dl_singularity,difficulty-specific,BYD,3,True,BYD,,"{""en"":""Singularity VVVIP""}",True,assets/songs/dl_singularity/1080_3.jpg,c2b58dcad54203645057a859524789f59cfd5ca13613b610d04ad087b58aac90,a230d3e62298ac32292d8b11411108ba2193d1da286c8eb009395b78fa325b7f,272861,768,768,image/jpeg,song-jacket,primary-resolution candidate,arcaea:singularity:difficulty:BYD,1080_3,,false,numeric suffix=3; filename-to-ratingClass mapping is a candidate; jacketOverride=True,high
singularity,70,Singularity,"{""en"":""Singularity""}",ETIA.,nijuusei,,1521763204,1,dl_singularity,difficulty-specific,BYD,3,True,BYD,,"{""en"":""Singularity VVVIP""}",True,assets/songs/dl_singularity/1080_3_256.jpg,c2b58dcad54203645057a859524789f59cfd5ca13613b610d04ad087b58aac90,8dec943df64080b4ff3b4da952cf256760cac19fbcec06febc83cf1bc063c50f,74938,384,384,image/jpeg,song-jacket,low-resolution/derived candidate,arcaea:singularity:difficulty:BYD,1080_3,,true,numeric suffix=3; filename-to-ratingClass mapping is a candidate; jacketOverride=True,high
singularity,70,Singularity,"{""en"":""Singularity""}",ETIA.,nijuusei,,1521763204,1,dl_singularity,default,,,,BYD,,,,assets/songs/dl_singularity/1080_base.jpg,c2b58dcad54203645057a859524789f59cfd5ca13613b610d04ad087b58aac90,90116844e15c80e244d231ee2250e0d3ca839a65de590b59045d464ca381e58e,264921,768,768,image/jpeg,song-jacket,primary-resolution candidate,arcaea:singularity:default,1080_base,,false,filename base/1080_base; _256 retained as APK rendition candidate,high
singularity,70,Singularity,"{""en"":""Singularity""}",ETIA.,nijuusei,,1521763204,1,dl_singularity,default,,,,BYD,,,,assets/songs/dl_singularity/1080_base_256.jpg,c2b58dcad54203645057a859524789f59cfd5ca13613b610d04ad087b58aac90,eccfe893e714ef955c5b7134ea1298885e7f934da951fec164d055290ced4c02,69797,384,384,image/jpeg,song-jacket,low-resolution/derived candidate,arcaea:singularity:default,1080_base,,true,filename base/1080_base; _256 retained as APK rendition candidate,high
smallcloud,224,Small Cloud Sugar Candy,"{""en"":""Small Cloud Sugar Candy""}",テヅカ x Aoi feat.桃雛なの,observer_append_2,,1626825600,0,dl_smallcloud,difficulty-specific,BYD,3,True,BYD,,,,assets/songs/dl_smallcloud/1080_3.jpg,c2b58dcad54203645057a859524789f59cfd5ca13613b610d04ad087b58aac90,bb702c72ee03855a2f2f891c485578c8085264514821ca841b1bf63a805524f3,416486,768,768,image/jpeg,song-jacket,primary-resolution candidate,arcaea:smallcloud:difficulty:BYD,1080_3,,false,numeric suffix=3; filename-to-ratingClass mapping is a candidate; jacketOverride=True,high
smallcloud,224,Small Cloud Sugar Candy,"{""en"":""Small Cloud Sugar Candy""}",テヅカ x Aoi feat.桃雛なの,observer_append_2,,1626825600,0,dl_smallcloud,difficulty-specific,BYD,3,True,BYD,,,,assets/songs/dl_smallcloud/1080_3_256.jpg,c2b58dcad54203645057a859524789f59cfd5ca13613b610d04ad087b58aac90,518142bcf2dab1afa5365defa6a2f4cf08e0f8a65eb587c9e398589d0dcfed5f,129087,384,384,image/jpeg,song-jacket,low-resolution/derived candidate,arcaea:smallcloud:difficulty:BYD,1080_3,,true,numeric suffix=3; filename-to-ratingClass mapping is a candidate; jacketOverride=True,high
smallcloud,224,Small Cloud Sugar Candy,"{""en"":""Small Cloud Sugar Candy""}",テヅカ x Aoi feat.桃雛なの,observer_append_2,,1626825600,0,dl_smallcloud,default,,,,BYD,,,,assets/songs/dl_smallcloud/1080_base.jpg,c2b58dcad54203645057a859524789f59cfd5ca13613b610d04ad087b58aac90,b057db407077f20cde9de824dd21fff7178c87a6f5218306079cb00ca2acfcb8,327508,768,768,image/jpeg,song-jacket,primary-resolution candidate,arcaea:smallcloud:default,1080_base,,false,filename base/1080_base; _256 retained as APK rendition candidate,high
smallcloud,224,Small Cloud Sugar Candy,"{""en"":""Small Cloud Sugar Candy""}",テヅカ x Aoi feat.桃雛なの,observer_append_2,,1626825600,0,dl_smallcloud,default,,,,BYD,,,,assets/songs/dl_smallcloud/1080_base_256.jpg,c2b58dcad54203645057a859524789f59cfd5ca13613b610d04ad087b58aac90,f4c4013a92c32a2175b288fc1afba63027cf2a6b685a274e560a87ded2f4f289,94625,384,384,image/jpeg,song-jacket,low-resolution/derived candidate,arcaea:smallcloud:default,1080_base,,true,filename base/1080_base; _256 retained as APK rendition candidate,high
solitarydream,112,Solitary Dream,"{""en"":""Solitary Dream"",""ja"":""虚空の夢""}",ak+q feat. Sennzai,core,,1552089600,0,dl_solitarydream,default,,,,,,,,assets/songs/dl_solitarydream/1080_base.jpg,c2b58dcad54203645057a859524789f59cfd5ca13613b610d04ad087b58aac90,626b63b4fb6e896ff6363bcb5d65e7642542de0518ad5e29b3492eeb8972e71f,285666,768,768,image/jpeg,song-jacket,primary-resolution candidate,arcaea:solitarydream:default,1080_base,,false,filename base/1080_base; _256 retained as APK rendition candidate,high
solitarydream,112,Solitary Dream,"{""en"":""Solitary Dream"",""ja"":""虚空の夢""}",ak+q feat. Sennzai,core,,1552089600,0,dl_solitarydream,default,,,,,,,,assets/songs/dl_solitarydream/1080_base_256.jpg,c2b58dcad54203645057a859524789f59cfd5ca13613b610d04ad087b58aac90,9cf58b539f4d6a8b53b8e07ea5f05cd8057eda9cab8f8896a3570a9d16dace9e,107954,384,384,image/jpeg,song-jacket,low-resolution/derived candidate,arcaea:solitarydream:default,1080_base,,true,filename base/1080_base; _256 retained as APK rendition candidate,high
solitarydream,112,Solitary Dream,"{""en"":""Solitary Dream"",""ja"":""虚空の夢""}",ak+q feat. Sennzai,core,,1552089600,0,dl_solitarydream,night/special,,,,,,,,assets/songs/dl_solitarydream/1080_base_ja.jpg,c2b58dcad54203645057a859524789f59cfd5ca13613b610d04ad087b58aac90,a87093565470931cd280b822a8ce3a89d8a2de16c5c7867c161baa4bea9f6428,322249,768,768,image/jpeg,song-jacket,primary-resolution candidate,arcaea:solitarydream:special:ja,1080_base_ja,ja,false,base suffix=ja; jacketNight classes=none; jacketLocalized/locale path is separate from numeric difficulty,medium
solitarydream,112,Solitary Dream,"{""en"":""Solitary Dream"",""ja"":""虚空の夢""}",ak+q feat. Sennzai,core,,1552089600,0,dl_solitarydream,night/special,,,,,,,,assets/songs/dl_solitarydream/1080_base_ja_256.jpg,c2b58dcad54203645057a859524789f59cfd5ca13613b610d04ad087b58aac90,b3f180559bb10413c0ef4a4886fb16b2741ee9f7a7e8d0a5bd8e6c073051f5dd,82605,384,384,image/jpeg,song-jacket,low-resolution/derived candidate,arcaea:solitarydream:special:ja,1080_base_ja,ja,true,base suffix=ja; jacketNight classes=none; jacketLocalized/locale path is separate from numeric difficulty,medium
someday,465,Someday,"{""en"":""Someday""}",NieN,extend_3,,1750896001,0,dl_someday,default,,,,,,,,assets/songs/dl_someday/1080_base.jpg,c2b58dcad54203645057a859524789f59cfd5ca13613b610d04ad087b58aac90,e06cb4566a44a7ba9dc7388ae5370f7a7864c55aa6af8b89f85acd2b62e120d6,125937,768,768,image/jpeg,song-jacket,primary-resolution candidate,arcaea:someday:default,1080_base,,false,filename base/1080_base; _256 retained as APK rendition candidate,high
someday,465,Someday,"{""en"":""Someday""}",NieN,extend_3,,1750896001,0,dl_someday,default,,,,,,,,assets/songs/dl_someday/1080_base_256.jpg,c2b58dcad54203645057a859524789f59cfd5ca13613b610d04ad087b58aac90,5e3ce6bc7a29adb21a3b9d39a1f1c4da6fd2ca7ef77db57b568110d6fab56230,64061,384,384,image/jpeg,song-jacket,low-resolution/derived candidate,arcaea:someday:default,1080_base,,true,filename base/1080_base; _256 retained as APK rendition candidate,high
soundwitch,51,SOUNDWiTCH,"{""en"":""SOUNDWiTCH""}",HATE,yugamu,,1509667204,1,dl_soundwitch,default,,,,,,,,assets/songs/dl_soundwitch/1080_base.jpg,c2b58dcad54203645057a859524789f59cfd5ca13613b610d04ad087b58aac90,f0309dfd56810576800331178147ee47b20118c33e9c0401882e56b50fd5f449,365610,768,768,image/jpeg,song-jacket,primary-resolution candidate,arcaea:soundwitch:default,1080_base,,false,filename base/1080_base; _256 retained as APK rendition candidate,high
soundwitch,51,SOUNDWiTCH,"{""en"":""SOUNDWiTCH""}",HATE,yugamu,,1509667204,1,dl_soundwitch,default,,,,,,,,assets/songs/dl_soundwitch/1080_base_256.jpg,c2b58dcad54203645057a859524789f59cfd5ca13613b610d04ad087b58aac90,fd318d7d437564533f4639eb2bb1a2ab7f25e4ea9ed04480109d43df08dd0191,86642,384,384,image/jpeg,song-jacket,low-resolution/derived candidate,arcaea:soundwitch:default,1080_base,,true,filename base/1080_base; _256 retained as APK rendition candidate,high
spearofjustice,528,Spear of Justice,"{""en"":""Spear of Justice"",""ja"":""正義の槍""}",Toby Fox,undertale_append_1,,1777507201,0,dl_spearofjustice,default,,,,,,,,assets/songs/dl_spearofjustice/1080_base.jpg,c2b58dcad54203645057a859524789f59cfd5ca13613b610d04ad087b58aac90,b348ded63bb376e5e0d1c39c8aebf743a51e5deaa1b7dd843d551a080e1c49fd,104328,768,768,image/jpeg,song-jacket,primary-resolution candidate,arcaea:spearofjustice:default,1080_base,,false,filename base/1080_base; _256 retained as APK rendition candidate,high
spearofjustice,528,Spear of Justice,"{""en"":""Spear of Justice"",""ja"":""正義の槍""}",Toby Fox,undertale_append_1,,1777507201,0,dl_spearofjustice,default,,,,,,,,assets/songs/dl_spearofjustice/1080_base_256.jpg,c2b58dcad54203645057a859524789f59cfd5ca13613b610d04ad087b58aac90,5ebf9d9071e49e774dc2a719e68c9d3accc2ab4fc6b8f56f829c450971bd3e09,44148,384,384,image/jpeg,song-jacket,low-resolution/derived candidate,arcaea:spearofjustice:default,1080_base,,true,filename base/1080_base; _256 retained as APK rendition candidate,high
specta,65,Specta,"{""en"":""Specta""}",Junk,lanota,,1517443202,0,dl_specta,default,,,,,,,,assets/songs/dl_specta/1080_base.jpg,c2b58dcad54203645057a859524789f59cfd5ca13613b610d04ad087b58aac90,ecead79bebb47aa709677ec10f81d2e3ad064041d0c466ea3766a06ef2a70d1e,303646,768,768,image/jpeg,song-jacket,primary-resolution candidate,arcaea:specta:default,1080_base,,false,filename base/1080_base; _256 retained as APK rendition candidate,high
specta,65,Specta,"{""en"":""Specta""}",Junk,lanota,,1517443202,0,dl_specta,default,,,,,,,,assets/songs/dl_specta/1080_base_256.jpg,c2b58dcad54203645057a859524789f59cfd5ca13613b610d04ad087b58aac90,c3264412eaddab5cb16c9fe0f2908f5efb09c18300561dd41c5d0172d5173c82,103686,384,384,image/jpeg,song-jacket,low-resolution/derived candidate,arcaea:specta:default,1080_base,,true,filename base/1080_base; _256 retained as APK rendition candidate,high
spiderdance,527,Spider Dance,"{""en"":""Spider Dance"",""ja"":""スパイダーダンス""}",Toby Fox,undertale_append_1,,1777507200,0,dl_spiderdance,default,,,,,,,,assets/songs/dl_spiderdance/1080_base.jpg,c2b58dcad54203645057a859524789f59cfd5ca13613b610d04ad087b58aac90,a144fe0be0355c7da4a7b5da48805fd5b8e8f23264151686d0346953a9e5ec2d,101912,768,768,image/jpeg,song-jacket,primary-resolution candidate,arcaea:spiderdance:default,1080_base,,false,filename base/1080_base; _256 retained as APK rendition candidate,high
spiderdance,527,Spider Dance,"{""en"":""Spider Dance"",""ja"":""スパイダーダンス""}",Toby Fox,undertale_append_1,,1777507200,0,dl_spiderdance,default,,,,,,,,assets/songs/dl_spiderdance/1080_base_256.jpg,c2b58dcad54203645057a859524789f59cfd5ca13613b610d04ad087b58aac90,75b620a0d04dccfaf5cad10e0e7c76dab20da3d250e5cbabaf62fab2b6f04868,43569,384,384,image/jpeg,song-jacket,low-resolution/derived candidate,arcaea:spiderdance:default,1080_base,,true,filename base/1080_base; _256 retained as APK rendition candidate,high
spidersthread,313,Spider's Thread,"{""en"":""Spider's Thread"",""ja"":""蜘蛛の糸""}",きくお×cosMo＠暴走P feat.影縫英,chunithm_append_2,,1679529604,1,dl_spidersthread,default,,,,,,,,assets/songs/dl_spidersthread/1080_base.jpg,c2b58dcad54203645057a859524789f59cfd5ca13613b610d04ad087b58aac90,0d7d41b0b047c93dc011e260b97d75da6992281c1052a38d696fcabe95a20c71,235338,768,768,image/jpeg,song-jacket,primary-resolution candidate,arcaea:spidersthread:default,1080_base,,false,filename base/1080_base; _256 retained as APK rendition candidate,high
spidersthread,313,Spider's Thread,"{""en"":""Spider's Thread"",""ja"":""蜘蛛の糸""}",きくお×cosMo＠暴走P feat.影縫英,chunithm_append_2,,1679529604,1,dl_spidersthread,default,,,,,,,,assets/songs/dl_spidersthread/1080_base_256.jpg,c2b58dcad54203645057a859524789f59cfd5ca13613b610d04ad087b58aac90,4f10c757230b486e9e06fc78bcc0095ead72451b885706ba25ee6a9007ede8e1,69038,384,384,image/jpeg,song-jacket,low-resolution/derived candidate,arcaea:spidersthread:default,1080_base,,true,filename base/1080_base; _256 retained as APK rendition candidate,high
spiritdauntless,421,Spirit of the Dauntless,"{""en"":""Spirit of the Dauntless""}",KO3 & Relect,single,,1729728003,1,dl_spiritdauntless,default,,,,,,,,assets/songs/dl_spiritdauntless/1080_base.jpg,c2b58dcad54203645057a859524789f59cfd5ca13613b610d04ad087b58aac90,9d679cacb3b5e28849fe898201c5be321f6779a32cf09cac4a72367ffdb7e5b5,381387,768,768,image/jpeg,song-jacket,primary-resolution candidate,arcaea:spiritdauntless:default,1080_base,,false,filename base/1080_base; _256 retained as APK rendition candidate,high
spiritdauntless,421,Spirit of the Dauntless,"{""en"":""Spirit of the Dauntless""}",KO3 & Relect,single,,1729728003,1,dl_spiritdauntless,default,,,,,,,,assets/songs/dl_spiritdauntless/1080_base_256.jpg,c2b58dcad54203645057a859524789f59cfd5ca13613b610d04ad087b58aac90,a3d84d11744a305de3c83d0aa39e94ddbe9a6adbbc4d0994d8474daeba3cc257,108860,384,384,image/jpeg,song-jacket,low-resolution/derived candidate,arcaea:spiritdauntless:default,1080_base,,true,filename base/1080_base; _256 retained as APK rendition candidate,high
stager,97,STAGER (ALL STAGE CLEAR),"{""en"":""STAGER (ALL STAGE CLEAR)""}",Ras,tonesphere,,1538870402,0,dl_stager,difficulty-specific,PST,0,True,PRS;PST,,,,assets/songs/dl_stager/0.jpg,c2b58dcad54203645057a859524789f59cfd5ca13613b610d04ad087b58aac90,1cd192de4f6c2c789f6e8a366a8c6d2622fad1b9585b4ac11acc2379344c031c,164225,512,512,image/jpeg,song-jacket,primary-resolution candidate,arcaea:stager:difficulty:PST,0,,false,numeric suffix=0; filename-to-ratingClass mapping is a candidate; jacketOverride=True,high
stager,97,STAGER (ALL STAGE CLEAR),"{""en"":""STAGER (ALL STAGE CLEAR)""}",Ras,tonesphere,,1538870402,0,dl_stager,difficulty-specific,PST,0,True,PRS;PST,,,,assets/songs/dl_stager/0_256.jpg,c2b58dcad54203645057a859524789f59cfd5ca13613b610d04ad087b58aac90,18e50ec7dae60a5b4be82f1f30adfafabc0b0a7d24f16c56d27b3e6bd69c4f96,90226,256,256,image/jpeg,song-directory-image,low-resolution/derived candidate,arcaea:stager:difficulty:PST,0,,true,numeric suffix=0; filename-to-ratingClass mapping is a candidate; jacketOverride=True,high
stager,97,STAGER (ALL STAGE CLEAR),"{""en"":""STAGER (ALL STAGE CLEAR)""}",Ras,tonesphere,,1538870402,0,dl_stager,difficulty-specific,PRS,1,True,PRS;PST,,,,assets/songs/dl_stager/1.jpg,c2b58dcad54203645057a859524789f59cfd5ca13613b610d04ad087b58aac90,d2936858635b1c46d02cd84e6f7d77ea2d2a518442d09460d367ee28c444c2f5,147509,512,512,image/jpeg,song-jacket,primary-resolution candidate,arcaea:stager:difficulty:PRS,1,,false,numeric suffix=1; filename-to-ratingClass mapping is a candidate; jacketOverride=True,high
stager,97,STAGER (ALL STAGE CLEAR),"{""en"":""STAGER (ALL STAGE CLEAR)""}",Ras,tonesphere,,1538870402,0,dl_stager,difficulty-specific,PRS,1,True,PRS;PST,,,,assets/songs/dl_stager/1_256.jpg,c2b58dcad54203645057a859524789f59cfd5ca13613b610d04ad087b58aac90,d71fb328a992ca0f8fc80f92faaee1ca20ed6c763d877c503aad2df9f9a4d63a,73941,256,256,image/jpeg,song-directory-image,low-resolution/derived candidate,arcaea:stager:difficulty:PRS,1,,true,numeric suffix=1; filename-to-ratingClass mapping is a candidate; jacketOverride=True,high
stager,97,STAGER (ALL STAGE CLEAR),"{""en"":""STAGER (ALL STAGE CLEAR)""}",Ras,tonesphere,,1538870402,0,dl_stager,default,,,,PRS;PST,,,,assets/songs/dl_stager/base.jpg,c2b58dcad54203645057a859524789f59cfd5ca13613b610d04ad087b58aac90,952d16b9d38d7836966e0f25002b62b8eaa34237cfa738cd0cb682613c5156e8,136061,512,512,image/jpeg,song-jacket,primary-resolution candidate,arcaea:stager:default,base,,false,filename base/1080_base; _256 retained as APK rendition candidate,high
stager,97,STAGER (ALL STAGE CLEAR),"{""en"":""STAGER (ALL STAGE CLEAR)""}",Ras,tonesphere,,1538870402,0,dl_stager,default,,,,PRS;PST,,,,assets/songs/dl_stager/base_256.jpg,c2b58dcad54203645057a859524789f59cfd5ca13613b610d04ad087b58aac90,1bf8950c422b0af3c69b004f67f75e3518a897168a29308a5736b2eadcfc774f,67380,256,256,image/jpeg,song-directory-image,low-resolution/derived candidate,arcaea:stager:default,base,,true,filename base/1080_base; _256 retained as APK rendition candidate,high
stargateextreme,395,STARGATE EXTREME,"{""en"":""STARGATE EXTREME""}",KARUT,single,,1719446400,1,dl_stargateextreme,default,,,,,,,,assets/songs/dl_stargateextreme/1080_base.jpg,c2b58dcad54203645057a859524789f59cfd5ca13613b610d04ad087b58aac90,330f002fde1afa0fa7cefce1550b26583317203929380a88a9ec14e6939abea8,322973,768,768,image/jpeg,song-jacket,primary-resolution candidate,arcaea:stargateextreme:default,1080_base,,false,filename base/1080_base; _256 retained as APK rendition candidate,high
stargateextreme,395,STARGATE EXTREME,"{""en"":""STARGATE EXTREME""}",KARUT,single,,1719446400,1,dl_stargateextreme,default,,,,,,,,assets/songs/dl_stargateextreme/1080_base_256.jpg,c2b58dcad54203645057a859524789f59cfd5ca13613b610d04ad087b58aac90,e330a58460a832ec01209c45dced8c09fcd8c70a0977867219ccb521d4aefc4c,100008,384,384,image/jpeg,song-jacket,low-resolution/derived candidate,arcaea:stargateextreme:default,1080_base,,true,filename base/1080_base; _256 retained as APK rendition candidate,high
stasis,266,Stasis,"{""en"":""Stasis""}",Maozon,lanota_append_1,,1651104002,0,dl_stasis,difficulty-specific,PST,0,True,PRS;PST,,,,assets/songs/dl_stasis/1080_0.jpg,c2b58dcad54203645057a859524789f59cfd5ca13613b610d04ad087b58aac90,1dcf9025bf625a56d0eafd00a19a2b0f21eee684ca599e7c0c2c97e7eccf4391,324061,768,768,image/jpeg,song-jacket,primary-resolution candidate,arcaea:stasis:difficulty:PST,1080_0,,false,numeric suffix=0; filename-to-ratingClass mapping is a candidate; jacketOverride=True,high
stasis,266,Stasis,"{""en"":""Stasis""}",Maozon,lanota_append_1,,1651104002,0,dl_stasis,difficulty-specific,PST,0,True,PRS;PST,,,,assets/songs/dl_stasis/1080_0_256.jpg,c2b58dcad54203645057a859524789f59cfd5ca13613b610d04ad087b58aac90,c535db0884b66c1b867687f8d89c9cccaf8aad1c611d6928d86b844342f89385,86988,384,384,image/jpeg,song-jacket,low-resolution/derived candidate,arcaea:stasis:difficulty:PST,1080_0,,true,numeric suffix=0; filename-to-ratingClass mapping is a candidate; jacketOverride=True,high
stasis,266,Stasis,"{""en"":""Stasis""}",Maozon,lanota_append_1,,1651104002,0,dl_stasis,difficulty-specific,PRS,1,True,PRS;PST,,,,assets/songs/dl_stasis/1080_1.jpg,c2b58dcad54203645057a859524789f59cfd5ca13613b610d04ad087b58aac90,7800d7ba8e4ce84df292b4147bcd98f4638d5c7146cbad7f4f6bec9f9a43ef6e,328002,768,768,image/jpeg,song-jacket,primary-resolution candidate,arcaea:stasis:difficulty:PRS,1080_1,,false,numeric suffix=1; filename-to-ratingClass mapping is a candidate; jacketOverride=True,high
stasis,266,Stasis,"{""en"":""Stasis""}",Maozon,lanota_append_1,,1651104002,0,dl_stasis,difficulty-specific,PRS,1,True,PRS;PST,,,,assets/songs/dl_stasis/1080_1_256.jpg,c2b58dcad54203645057a859524789f59cfd5ca13613b610d04ad087b58aac90,c76df7875442a10534fcad424d011e168b9b338241e20c3013f878ec88a91d1c,88014,384,384,image/jpeg,song-jacket,low-resolution/derived candidate,arcaea:stasis:difficulty:PRS,1080_1,,true,numeric suffix=1; filename-to-ratingClass mapping is a candidate; jacketOverride=True,high
stasis,266,Stasis,"{""en"":""Stasis""}",Maozon,lanota_append_1,,1651104002,0,dl_stasis,default,,,,PRS;PST,,,,assets/songs/dl_stasis/1080_base.jpg,c2b58dcad54203645057a859524789f59cfd5ca13613b610d04ad087b58aac90,49c2a13e8f621b563857c66fe27bd7487bc68a73760fb287545d39b724de3aae,328115,768,768,image/jpeg,song-jacket,primary-resolution candidate,arcaea:stasis:default,1080_base,,false,filename base/1080_base; _256 retained as APK rendition candidate,high
stasis,266,Stasis,"{""en"":""Stasis""}",Maozon,lanota_append_1,,1651104002,0,dl_stasis,default,,,,PRS;PST,,,,assets/songs/dl_stasis/1080_base_256.jpg,c2b58dcad54203645057a859524789f59cfd5ca13613b610d04ad087b58aac90,233016919409737c37316552bad0163489a384c03bfa9bd13aa3a10eaee5264f,87800,384,384,image/jpeg,song-jacket,low-resolution/derived candidate,arcaea:stasis:default,1080_base,,true,filename base/1080_base; _256 retained as APK rendition candidate,high
straightintolights,440,Straight into the lights,"{""en"":""Straight into the lights""}",Cosmograph,maimai_append_2,,1737417601,1,dl_straightintolights,default,,,,,,,,assets/songs/dl_straightintolights/1080_base.jpg,c2b58dcad54203645057a859524789f59cfd5ca13613b610d04ad087b58aac90,16ba879a0d32dc94a9dc798565f61817b9f047f7c53c80c429673f913dcbdd6c,357948,768,768,image/jpeg,song-jacket,primary-resolution candidate,arcaea:straightintolights:default,1080_base,,false,filename base/1080_base; _256 retained as APK rendition candidate,high
straightintolights,440,Straight into the lights,"{""en"":""Straight into the lights""}",Cosmograph,maimai_append_2,,1737417601,1,dl_straightintolights,default,,,,,,,,assets/songs/dl_straightintolights/1080_base_256.jpg,c2b58dcad54203645057a859524789f59cfd5ca13613b610d04ad087b58aac90,fdf8d8479a1cb8241d4d9210a50b9e2047ae30d0b09eab2fc9f7baf47c4b1e8f,109887,384,384,image/jpeg,song-jacket,low-resolution/derived candidate,arcaea:straightintolights:default,1080_base,,true,filename base/1080_base; _256 retained as APK rendition candidate,high
stratoliner,357,Stratoliner,"{""en"":""Stratoliner""}",C-Show,wacca_append_1,,1701302400,1,dl_stratoliner,default,,,,,,,,assets/songs/dl_stratoliner/1080_base.jpg,c2b58dcad54203645057a859524789f59cfd5ca13613b610d04ad087b58aac90,d13caef49812851a5d5458c40414e81f851d2d07fdfaaceb6329c9cc7633fd27,234545,768,768,image/jpeg,song-jacket,primary-resolution candidate,arcaea:stratoliner:default,1080_base,,false,filename base/1080_base; _256 retained as APK rendition candidate,high
stratoliner,357,Stratoliner,"{""en"":""Stratoliner""}",C-Show,wacca_append_1,,1701302400,1,dl_stratoliner,default,,,,,,,,assets/songs/dl_stratoliner/1080_base_256.jpg,c2b58dcad54203645057a859524789f59cfd5ca13613b610d04ad087b58aac90,1aa0627e4462505c4b5da39166fcd7341ce57fc3321d6c7d8addac1267cfcb32,105170,384,384,image/jpeg,song-jacket,low-resolution/derived candidate,arcaea:stratoliner:default,1080_base,,true,filename base/1080_base; _256 retained as APK rendition candidate,high
strongholds,72,Strongholds,"{""en"":""Strongholds""}",Yooh,nijuusei,,1521763202,1,dl_strongholds,default,,,,,,,,assets/songs/dl_strongholds/1080_base.jpg,c2b58dcad54203645057a859524789f59cfd5ca13613b610d04ad087b58aac90,e460c7cd4d01cbcb941b617d5622f3836bfb3f653b4529da58d7f993a59e6a65,240576,768,768,image/jpeg,song-jacket,primary-resolution candidate,arcaea:strongholds:default,1080_base,,false,filename base/1080_base; _256 retained as APK rendition candidate,high
strongholds,72,Strongholds,"{""en"":""Strongholds""}",Yooh,nijuusei,,1521763202,1,dl_strongholds,default,,,,,,,,assets/songs/dl_strongholds/1080_base_256.jpg,c2b58dcad54203645057a859524789f59cfd5ca13613b610d04ad087b58aac90,0246ca537f56f6ce6ef79c541beaec065d0692b340e07684cfee91682b5bff46,67362,384,384,image/jpeg,song-jacket,low-resolution/derived candidate,arcaea:strongholds:default,1080_base,,true,filename base/1080_base; _256 retained as APK rendition candidate,high
subsphere,511,Subsphere in Eclosion,"{""en"":""Subsphere in Eclosion"",""ja"":""羽化する亜球体""}",窓辺リカ,single,,1767139200,0,dl_subsphere,default,,,,,,,,assets/songs/dl_subsphere/1080_base.jpg,c2b58dcad54203645057a859524789f59cfd5ca13613b610d04ad087b58aac90,b144414f5fdb481624a3af1b8c28e611f6cb4763fd812fb34354f6f850701661,411255,768,768,image/jpeg,song-jacket,primary-resolution candidate,arcaea:subsphere:default,1080_base,,false,filename base/1080_base; _256 retained as APK rendition candidate,high
subsphere,511,Subsphere in Eclosion,"{""en"":""Subsphere in Eclosion"",""ja"":""羽化する亜球体""}",窓辺リカ,single,,1767139200,0,dl_subsphere,default,,,,,,,,assets/songs/dl_subsphere/1080_base_256.jpg,c2b58dcad54203645057a859524789f59cfd5ca13613b610d04ad087b58aac90,be20554bbae72123d75455ef34a17fac2b5dc7224b9391d043e60f6791d2fd09,120644,384,384,image/jpeg,song-jacket,low-resolution/derived candidate,arcaea:subsphere:default,1080_base,,true,filename base/1080_base; _256 retained as APK rendition candidate,high
sucromania,536,Sucromania,"{""en"":""Sucromania"",""ja"":""ザラメノキワミ""}",STEAKA,single,,1782345600,1,dl_sucromania,default,,,,,,,,assets/songs/dl_sucromania/1080_base.jpg,c2b58dcad54203645057a859524789f59cfd5ca13613b610d04ad087b58aac90,a50ee7844cc7d981fd9a4819df411ca451d6ebcf74d2287e86432928dea4c988,474549,768,768,image/jpeg,song-jacket,primary-resolution candidate,arcaea:sucromania:default,1080_base,,false,filename base/1080_base; _256 retained as APK rendition candidate,high
sucromania,536,Sucromania,"{""en"":""Sucromania"",""ja"":""ザラメノキワミ""}",STEAKA,single,,1782345600,1,dl_sucromania,default,,,,,,,,assets/songs/dl_sucromania/1080_base_256.jpg,c2b58dcad54203645057a859524789f59cfd5ca13613b610d04ad087b58aac90,a45c6465202cff983e2ddaf6870c6cca8f110456323d3e59c68727130d9f2a7a,146964,384,384,image/jpeg,song-jacket,low-resolution/derived candidate,arcaea:sucromania:default,1080_base,,true,filename base/1080_base; _256 retained as APK rendition candidate,high
sulfur,84,Sulfur,"{""en"":""Sulfur""}",ぺのれり,rei,,1531699205,0,dl_sulfur,default,,,,,,,,assets/songs/dl_sulfur/1080_base.jpg,c2b58dcad54203645057a859524789f59cfd5ca13613b610d04ad087b58aac90,e85777d5cd590e005ada841ec37a805e042dc8a613267bf5b27c68f00657efa9,239761,768,768,image/jpeg,song-jacket,primary-resolution candidate,arcaea:sulfur:default,1080_base,,false,filename base/1080_base; _256 retained as APK rendition candidate,high
sulfur,84,Sulfur,"{""en"":""Sulfur""}",ぺのれり,rei,,1531699205,0,dl_sulfur,default,,,,,,,,assets/songs/dl_sulfur/1080_base_256.jpg,c2b58dcad54203645057a859524789f59cfd5ca13613b610d04ad087b58aac90,922cf5c483f2eda725fb0d1d658ff2aea0af8410851cd5f1afde1442c9da5a5c,70860,384,384,image/jpeg,song-jacket,low-resolution/derived candidate,arcaea:sulfur:default,1080_base,,true,filename base/1080_base; _256 retained as APK rendition candidate,high
summerfireworks,243,Summer Fireworks of Love,"{""en"":""Summer Fireworks of Love"",""ja"":""彩る夏の恋花火""}",karatoPαnchii feat.はるの,single,,1636588803,0,dl_summerfireworks,default,,,,,,,,assets/songs/dl_summerfireworks/1080_base.jpg,c2b58dcad54203645057a859524789f59cfd5ca13613b610d04ad087b58aac90,95ecc6c7acb92d70f3baf86a4826c4a7b7f280897c881739dac63a88c23b0e57,292435,768,768,image/jpeg,song-jacket,primary-resolution candidate,arcaea:summerfireworks:default,1080_base,,false,filename base/1080_base; _256 retained as APK rendition candidate,high
summerfireworks,243,Summer Fireworks of Love,"{""en"":""Summer Fireworks of Love"",""ja"":""彩る夏の恋花火""}",karatoPαnchii feat.はるの,single,,1636588803,0,dl_summerfireworks,default,,,,,,,,assets/songs/dl_summerfireworks/1080_base_256.jpg,c2b58dcad54203645057a859524789f59cfd5ca13613b610d04ad087b58aac90,5a3fc7162f85f2570912cf5a5935746515fba67e387bc95bd179e2ce03445313,80471,384,384,image/jpeg,song-jacket,low-resolution/derived candidate,arcaea:summerfireworks:default,1080_base,,true,filename base/1080_base; _256 retained as APK rendition candidate,high
suomi,88,Suomi,"{""en"":""Suomi""}",Aire,base,,1531699200,0,dl_suomi,default,,,,,,,,assets/songs/dl_suomi/1080_base.jpg,c2b58dcad54203645057a859524789f59cfd5ca13613b610d04ad087b58aac90,440a47dd105361261de42525e2926ac36b3d391752634566cab7585f68161b35,397635,768,768,image/jpeg,song-jacket,primary-resolution candidate,arcaea:suomi:default,1080_base,,false,filename base/1080_base; _256 retained as APK rendition candidate,high
suomi,88,Suomi,"{""en"":""Suomi""}",Aire,base,,1531699200,0,dl_suomi,default,,,,,,,,assets/songs/dl_suomi/1080_base_256.jpg,c2b58dcad54203645057a859524789f59cfd5ca13613b610d04ad087b58aac90,6558c5da23da4790aff0796d6225b5691ce7fba0226b8a947d25a755c79dabfd,109687,384,384,image/jpeg,song-jacket,low-resolution/derived candidate,arcaea:suomi:default,1080_base,,true,filename base/1080_base; _256 retained as APK rendition candidate,high
superambulance,425,SUPER AMBULANCE,"{""en"":""SUPER AMBULANCE""}",AJURIKA,ongeki_append_2,,1732147202,0,dl_superambulance,default,,,,,,,,assets/songs/dl_superambulance/base.jpg,c2b58dcad54203645057a859524789f59cfd5ca13613b610d04ad087b58aac90,3b9268c76677c73e5977fdf7767ab535cfa212cdac1df62b7a84b685d42e186f,203460,512,512,image/jpeg,song-jacket,primary-resolution candidate,arcaea:superambulance:default,base,,false,filename base/1080_base; _256 retained as APK rendition candidate,high
superambulance,425,SUPER AMBULANCE,"{""en"":""SUPER AMBULANCE""}",AJURIKA,ongeki_append_2,,1732147202,0,dl_superambulance,default,,,,,,,,assets/songs/dl_superambulance/base_256.jpg,c2b58dcad54203645057a859524789f59cfd5ca13613b610d04ad087b58aac90,1b1f4afa1bc4c65e50c86b626955c67f40c37afa86c17d7104eee9f3b3a66e16,73086,256,256,image/jpeg,song-directory-image,low-resolution/derived candidate,arcaea:superambulance:default,base,,true,filename base/1080_base; _256 retained as APK rendition candidate,high
supernova,121,SUPERNOVA,"{""en"":""SUPERNOVA""}",BACO,base,,1556755201,1,dl_supernova,default,,,,,,,,assets/songs/dl_supernova/1080_base.jpg,c2b58dcad54203645057a859524789f59cfd5ca13613b610d04ad087b58aac90,79b3bf8e7a7bb0ef642a9836f5fe36e2c2d943309a9110a89486fee87158cec1,152585,768,768,image/jpeg,song-jacket,primary-resolution candidate,arcaea:supernova:default,1080_base,,false,filename base/1080_base; _256 retained as APK rendition candidate,high
supernova,121,SUPERNOVA,"{""en"":""SUPERNOVA""}",BACO,base,,1556755201,1,dl_supernova,default,,,,,,,,assets/songs/dl_supernova/1080_base_256.jpg,c2b58dcad54203645057a859524789f59cfd5ca13613b610d04ad087b58aac90,ce1025b62641d3139f8469da59acaced7a688a31cf1adaeb55864e72bf792d58,40836,384,384,image/jpeg,song-jacket,low-resolution/derived candidate,arcaea:supernova:default,1080_base,,true,filename base/1080_base; _256 retained as APK rendition candidate,high
surrender,60,Surrender,"{""en"":""Surrender""}",void,single,,1511481600,0,dl_surrender,default,,,,,,,,assets/songs/dl_surrender/1080_base.jpg,c2b58dcad54203645057a859524789f59cfd5ca13613b610d04ad087b58aac90,78fd053e02c7ffb3215c22559c410c65315325531e4208fdcac17bcc2edec692,288113,768,768,image/jpeg,song-jacket,primary-resolution candidate,arcaea:surrender:default,1080_base,,false,filename base/1080_base; _256 retained as APK rendition candidate,high
surrender,60,Surrender,"{""en"":""Surrender""}",void,single,,1511481600,0,dl_surrender,default,,,,,,,,assets/songs/dl_surrender/1080_base_256.jpg,c2b58dcad54203645057a859524789f59cfd5ca13613b610d04ad087b58aac90,c6aafef2b87f0da87c78aa9f014e8151b3c14427884d9ed9ff7598dab42abe84,76082,384,384,image/jpeg,song-jacket,low-resolution/derived candidate,arcaea:surrender:default,1080_base,,true,filename base/1080_base; _256 retained as APK rendition candidate,high
swansong,428,Swan Song,"{""en"":""Swan Song""}",void (Mournfinale),lephon,,1732147205,3,dl_swansong,default,,,,,,,,assets/songs/dl_swansong/1080_base.jpg,c2b58dcad54203645057a859524789f59cfd5ca13613b610d04ad087b58aac90,d1451ffe5659f0f58c4b16ba265695b7c41d3486246e30cc4a1fe2029b86a63e,349394,768,768,image/jpeg,song-jacket,primary-resolution candidate,arcaea:swansong:default,1080_base,,false,filename base/1080_base; _256 retained as APK rendition candidate,high
swansong,428,Swan Song,"{""en"":""Swan Song""}",void (Mournfinale),lephon,,1732147205,3,dl_swansong,default,,,,,,,,assets/songs/dl_swansong/1080_base_256.jpg,c2b58dcad54203645057a859524789f59cfd5ca13613b610d04ad087b58aac90,abe1989ca1d075751c3e326a629a35e68f347ad25e4ebb5266f61f208236bb2e,125604,384,384,image/jpeg,song-jacket,low-resolution/derived candidate,arcaea:swansong:default,1080_base,,true,filename base/1080_base; _256 retained as APK rendition candidate,high
synthesis,542,Synthesis.,"{""en"":""Synthesis.""}",tn-shi,single,,1785369600,1,dl_synthesis,default,,,,,,,,assets/songs/dl_synthesis/1080_base.jpg,c2b58dcad54203645057a859524789f59cfd5ca13613b610d04ad087b58aac90,e743b67c0432e5bc80dd810e8f4df539877503e69416e49693bb0c27d161a5ce,592011,768,768,image/jpeg,song-jacket,primary-resolution candidate,arcaea:synthesis:default,1080_base,,false,filename base/1080_base; _256 retained as APK rendition candidate,high
synthesis,542,Synthesis.,"{""en"":""Synthesis.""}",tn-shi,single,,1785369600,1,dl_synthesis,default,,,,,,,,assets/songs/dl_synthesis/1080_base_256.jpg,c2b58dcad54203645057a859524789f59cfd5ca13613b610d04ad087b58aac90,d66eb69ad0ac2fe8d7c356a39df6be0f8f5605a33579e64c58347e5314957656,145044,384,384,image/jpeg,song-jacket,low-resolution/derived candidate,arcaea:synthesis:default,1080_base,,true,filename base/1080_base; _256 retained as APK rendition candidate,high
syriana,468,Syriana,"{""en"":""Syriana""}",BEXTER,djmax_append_1,,1750896004,1,dl_syriana,default,,,,,,,,assets/songs/dl_syriana/1080_base.jpg,c2b58dcad54203645057a859524789f59cfd5ca13613b610d04ad087b58aac90,53e1d1a0e362e74d412a6d3672edf0d6bad11582beebde9eb4d0491a6e953190,170936,768,768,image/jpeg,song-jacket,primary-resolution candidate,arcaea:syriana:default,1080_base,,false,filename base/1080_base; _256 retained as APK rendition candidate,high
syriana,468,Syriana,"{""en"":""Syriana""}",BEXTER,djmax_append_1,,1750896004,1,dl_syriana,default,,,,,,,,assets/songs/dl_syriana/1080_base_256.jpg,c2b58dcad54203645057a859524789f59cfd5ca13613b610d04ad087b58aac90,33f01dd12fe0ac0086eb8962d8a3c4243f09ba8c7ccbb7ba6a67fca4cfdba1f9,90660,384,384,image/jpeg,song-jacket,low-resolution/derived candidate,arcaea:syriana:default,1080_base,,true,filename base/1080_base; _256 retained as APK rendition candidate,high
syro,67,Syro,"{""en"":""Syro""}",Mitomoro,base,,1513814401,0,dl_syro,default,,,,,,,,assets/songs/dl_syro/1080_base.jpg,c2b58dcad54203645057a859524789f59cfd5ca13613b610d04ad087b58aac90,b88e5bb88ce5e1ab5b38f8e1772d55a1d89a839a56c2dfa85e6e214700755adb,181289,768,768,image/jpeg,song-jacket,primary-resolution candidate,arcaea:syro:default,1080_base,,false,filename base/1080_base; _256 retained as APK rendition candidate,high
syro,67,Syro,"{""en"":""Syro""}",Mitomoro,base,,1513814401,0,dl_syro,default,,,,,,,,assets/songs/dl_syro/1080_base_256.jpg,c2b58dcad54203645057a859524789f59cfd5ca13613b610d04ad087b58aac90,bb08db189c8c86d5aae8c3b1aaacd58f8e2e3ac00dac7fbf5a096e74b115266b,53384,384,384,image/jpeg,song-jacket,low-resolution/derived candidate,arcaea:syro:default,1080_base,,true,filename base/1080_base; _256 retained as APK rendition candidate,high
syuten,330,syūten,"{""en"":""syūten"",""ko_dialog"":""syuten""}","Apo11o""COLLAPSAR""program ft. 大瀬良あい",cytusii_append_1,,1689724801,0,dl_syuten,default,,,,,,,,assets/songs/dl_syuten/1080_base.jpg,c2b58dcad54203645057a859524789f59cfd5ca13613b610d04ad087b58aac90,ec53273e41f91f627bc59273ced768e98647f189e7af8146d6062bfc288a9256,192508,768,768,image/jpeg,song-jacket,primary-resolution candidate,arcaea:syuten:default,1080_base,,false,filename base/1080_base; _256 retained as APK rendition candidate,high
syuten,330,syūten,"{""en"":""syūten"",""ko_dialog"":""syuten""}","Apo11o""COLLAPSAR""program ft. 大瀬良あい",cytusii_append_1,,1689724801,0,dl_syuten,default,,,,,,,,assets/songs/dl_syuten/1080_base_256.jpg,c2b58dcad54203645057a859524789f59cfd5ca13613b610d04ad087b58aac90,91c65030592f6ba4cef2354988485e376a9f1869065f249109cb067ecb73d7fd,53917,384,384,image/jpeg,song-jacket,low-resolution/derived candidate,arcaea:syuten:default,1080_base,,true,filename base/1080_base; _256 retained as APK rendition candidate,high
tabootears,506,taboo tears you up 2017,"{""en"":""taboo tears you up 2017""}",REDALiCE,extend_4,,1764201600,1,dl_tabootears,default,,,,,,,,assets/songs/dl_tabootears/1080_base.jpg,c2b58dcad54203645057a859524789f59cfd5ca13613b610d04ad087b58aac90,5e59f240f58597ea52750e8926a211f8ebcbc0b815cb9eddcdc0b62a3f002989,399570,768,768,image/jpeg,song-jacket,primary-resolution candidate,arcaea:tabootears:default,1080_base,,false,filename base/1080_base; _256 retained as APK rendition candidate,high
tabootears,506,taboo tears you up 2017,"{""en"":""taboo tears you up 2017""}",REDALiCE,extend_4,,1764201600,1,dl_tabootears,default,,,,,,,,assets/songs/dl_tabootears/1080_base_256.jpg,c2b58dcad54203645057a859524789f59cfd5ca13613b610d04ad087b58aac90,8669e3c96f2b0d8a0bc759ea87dac36fdeccb5c4244cebe5840df21b20f3edf3,144693,384,384,image/jpeg,song-jacket,low-resolution/derived candidate,arcaea:tabootears:default,1080_base,,true,filename base/1080_base; _256 retained as APK rendition candidate,high
take,205,Bamboo,"{""en"":""Bamboo"",""ja"":""竹""}",立秋 feat.ちょこ,extend,,1613001601,0,dl_take,default,,,,,,,,assets/songs/dl_take/1080_base.jpg,c2b58dcad54203645057a859524789f59cfd5ca13613b610d04ad087b58aac90,33a5aa6ffcab98afa2faa7cfffd4744edf9d848039348c42acd7540adc779914,280317,768,768,image/jpeg,song-jacket,primary-resolution candidate,arcaea:take:default,1080_base,,false,filename base/1080_base; _256 retained as APK rendition candidate,high
take,205,Bamboo,"{""en"":""Bamboo"",""ja"":""竹""}",立秋 feat.ちょこ,extend,,1613001601,0,dl_take,default,,,,,,,,assets/songs/dl_take/1080_base_256.jpg,c2b58dcad54203645057a859524789f59cfd5ca13613b610d04ad087b58aac90,3ea107bb451abcd5fc89e4ed54aae63620ad8206368ea459d764e4aaed90bf0b,87550,384,384,image/jpeg,song-jacket,low-resolution/derived candidate,arcaea:take:default,1080_base,,true,filename base/1080_base; _256 retained as APK rendition candidate,high
tasogare,391,Twilight Concerto,"{""en"":""Twilight Concerto"",""ja"":""黄昏の協奏曲""}",Scarlette,single,,1717027201,1,dl_tasogare,default,,,,,,,,assets/songs/dl_tasogare/1080_base.jpg,c2b58dcad54203645057a859524789f59cfd5ca13613b610d04ad087b58aac90,6476229fc88ed393cc9c5c658c71e62aaf5e042615234d819a9425d4fd11bc66,344711,768,768,image/jpeg,song-jacket,primary-resolution candidate,arcaea:tasogare:default,1080_base,,false,filename base/1080_base; _256 retained as APK rendition candidate,high
tasogare,391,Twilight Concerto,"{""en"":""Twilight Concerto"",""ja"":""黄昏の協奏曲""}",Scarlette,single,,1717027201,1,dl_tasogare,default,,,,,,,,assets/songs/dl_tasogare/1080_base_256.jpg,c2b58dcad54203645057a859524789f59cfd5ca13613b610d04ad087b58aac90,3817bdfa3ca51c3da0882d3b8daabdff3af0538e93d16fd5e29eaca5ab5a8274,75942,384,384,image/jpeg,song-jacket,low-resolution/derived candidate,arcaea:tasogare:default,1080_base,,true,filename base/1080_base; _256 retained as APK rendition candidate,high
tau,454,τ (tau),"{""en"":""τ (tau)""}",Wooden,extend_3,,1745452800,0,dl_tau,default,,,,,,,,assets/songs/dl_tau/1080_base.jpg,c2b58dcad54203645057a859524789f59cfd5ca13613b610d04ad087b58aac90,fe3917be584546ab4764b7c193d6c3a93b1e452376d1fb5ab5a87d302a68e2ed,212466,768,768,image/jpeg,song-jacket,primary-resolution candidate,arcaea:tau:default,1080_base,,false,filename base/1080_base; _256 retained as APK rendition candidate,high
tau,454,τ (tau),"{""en"":""τ (tau)""}",Wooden,extend_3,,1745452800,0,dl_tau,default,,,,,,,,assets/songs/dl_tau/1080_base_256.jpg,c2b58dcad54203645057a859524789f59cfd5ca13613b610d04ad087b58aac90,03f5966fc17600dc7263e6776aca91d986d361a0fd8f42c7b37634f9e1f110f8,81258,384,384,image/jpeg,song-jacket,low-resolution/derived candidate,arcaea:tau:default,1080_base,,true,filename base/1080_base; _256 retained as APK rendition candidate,high
technicolour,349,Technicolour,"{""en"":""Technicolour""}",Maozon,eden_append_1,,1695772805,0,dl_technicolour,default,,,,,,,,assets/songs/dl_technicolour/1080_base.jpg,c2b58dcad54203645057a859524789f59cfd5ca13613b610d04ad087b58aac90,1c69b22bceeda9c26dd98528221bee401fbc42621542482002b1566274c86076,177502,768,768,image/jpeg,song-jacket,primary-resolution candidate,arcaea:technicolour:default,1080_base,,false,filename base/1080_base; _256 retained as APK rendition candidate,high
technicolour,349,Technicolour,"{""en"":""Technicolour""}",Maozon,eden_append_1,,1695772805,0,dl_technicolour,default,,,,,,,,assets/songs/dl_technicolour/1080_base_256.jpg,c2b58dcad54203645057a859524789f59cfd5ca13613b610d04ad087b58aac90,5d3115a982146ee1044362b50f5b00cb3531e369b86f0d424bb01d65d66fea7c,63631,384,384,image/jpeg,song-jacket,low-resolution/derived candidate,arcaea:technicolour:default,1080_base,,true,filename base/1080_base; _256 retained as APK rendition candidate,high
telepathy,540,Telepathy,"{""en"":""Telepathy"",""ja"":""テレパシ""}",DECO*27,virtualsingers,,1782345604,0,dl_telepathy,default,,,,,,,,assets/songs/dl_telepathy/1080_base.jpg,c2b58dcad54203645057a859524789f59cfd5ca13613b610d04ad087b58aac90,735513dde12e5241ec26cd378175bb31919abd83349644e78430601748a9ed6a,503166,768,768,image/jpeg,song-jacket,primary-resolution candidate,arcaea:telepathy:default,1080_base,,false,filename base/1080_base; _256 retained as APK rendition candidate,high
telepathy,540,Telepathy,"{""en"":""Telepathy"",""ja"":""テレパシ""}",DECO*27,virtualsingers,,1782345604,0,dl_telepathy,default,,,,,,,,assets/songs/dl_telepathy/1080_base_256.jpg,c2b58dcad54203645057a859524789f59cfd5ca13613b610d04ad087b58aac90,31ac83da4f9c610103bd0b817f131c138a5ff93957524aefa3d0a5385b45d206,166257,384,384,image/jpeg,song-jacket,low-resolution/derived candidate,arcaea:telepathy:default,1080_base,,true,filename base/1080_base; _256 retained as APK rendition candidate,high
tempestissimo,160,Tempestissimo,"{""en"":""Tempestissimo""}",t+pazolite,vs,,1590537605,1,dl_tempestissimo,difficulty-specific,BYD,3,True,BYD,,,,assets/songs/dl_tempestissimo/1080_3.jpg,c2b58dcad54203645057a859524789f59cfd5ca13613b610d04ad087b58aac90,ab5160dfc69733dee2d6b33c124dc85f4ed9b127a74be21d95213a02ea42cf5b,272439,768,768,image/jpeg,song-jacket,primary-resolution candidate,arcaea:tempestissimo:difficulty:BYD,1080_3,,false,numeric suffix=3; filename-to-ratingClass mapping is a candidate; jacketOverride=True,high
tempestissimo,160,Tempestissimo,"{""en"":""Tempestissimo""}",t+pazolite,vs,,1590537605,1,dl_tempestissimo,difficulty-specific,BYD,3,True,BYD,,,,assets/songs/dl_tempestissimo/1080_3_256.jpg,c2b58dcad54203645057a859524789f59cfd5ca13613b610d04ad087b58aac90,bce2ff8d128c648e1d4c7dfb14f70dca616107ada71203bd44ca9ece0074ea9d,73846,384,384,image/jpeg,song-jacket,low-resolution/derived candidate,arcaea:tempestissimo:difficulty:BYD,1080_3,,true,numeric suffix=3; filename-to-ratingClass mapping is a candidate; jacketOverride=True,high
tempestissimo,160,Tempestissimo,"{""en"":""Tempestissimo""}",t+pazolite,vs,,1590537605,1,dl_tempestissimo,default,,,,BYD,,,,assets/songs/dl_tempestissimo/1080_base.jpg,c2b58dcad54203645057a859524789f59cfd5ca13613b610d04ad087b58aac90,fc97eec33f0842cd15f0c435ed282e05504b422fe9317999aea4ecf00f58524d,270818,768,768,image/jpeg,song-jacket,primary-resolution candidate,arcaea:tempestissimo:default,1080_base,,false,filename base/1080_base; _256 retained as APK rendition candidate,high
tempestissimo,160,Tempestissimo,"{""en"":""Tempestissimo""}",t+pazolite,vs,,1590537605,1,dl_tempestissimo,default,,,,BYD,,,,assets/songs/dl_tempestissimo/1080_base_256.jpg,c2b58dcad54203645057a859524789f59cfd5ca13613b610d04ad087b58aac90,6e3be1bddbbbf20213766bcb64e54f0131f933a355d2bdd4b18ae39cadce7333,72928,384,384,image/jpeg,song-jacket,low-resolution/derived candidate,arcaea:tempestissimo:default,1080_base,,true,filename base/1080_base; _256 retained as APK rendition candidate,high
temptation,307,TEmPTaTiON,"{""en"":""TEmPTaTiON""}",かねこちはる,maimai_append_1,,1677715207,0,dl_temptation,default,,,,,,,,assets/songs/dl_temptation/1080_base.jpg,c2b58dcad54203645057a859524789f59cfd5ca13613b610d04ad087b58aac90,f85a5f205b67b06b73eb37004266fa1aa9a86677f28d1ecbad07c10cf2242e73,205527,768,768,image/jpeg,song-jacket,primary-resolution candidate,arcaea:temptation:default,1080_base,,false,filename base/1080_base; _256 retained as APK rendition candidate,high
temptation,307,TEmPTaTiON,"{""en"":""TEmPTaTiON""}",かねこちはる,maimai_append_1,,1677715207,0,dl_temptation,default,,,,,,,,assets/songs/dl_temptation/1080_base_256.jpg,c2b58dcad54203645057a859524789f59cfd5ca13613b610d04ad087b58aac90,9e9720114909bbebf381674f2d25cdd32cbe93613ce08b4d57a1cb74c6f6c5b3,57332,384,384,image/jpeg,song-jacket,low-resolution/derived candidate,arcaea:temptation:default,1080_base,,true,filename base/1080_base; _256 retained as APK rendition candidate,high
temptationgc,397,10pt8ion,"{""en"":""10pt8ion""}",Lite Show Magic,groovecoaster_append_1,,1719446402,1,dl_temptationgc,default,,,,,,,,assets/songs/dl_temptationgc/base.jpg,c2b58dcad54203645057a859524789f59cfd5ca13613b610d04ad087b58aac90,dbc089cd7fe1175bb25f7822afa505e7c30d713469bbe5d11b9ed03021f8b57f,183624,512,512,image/jpeg,song-jacket,primary-resolution candidate,arcaea:temptationgc:default,base,,false,filename base/1080_base; _256 retained as APK rendition candidate,high
temptationgc,397,10pt8ion,"{""en"":""10pt8ion""}",Lite Show Magic,groovecoaster_append_1,,1719446402,1,dl_temptationgc,default,,,,,,,,assets/songs/dl_temptationgc/base_256.jpg,c2b58dcad54203645057a859524789f59cfd5ca13613b610d04ad087b58aac90,ace4437823d31a242e39edc094383d1db2c4d5191f991e979263363949155656,66637,256,256,image/jpeg,song-directory-image,low-resolution/derived candidate,arcaea:temptationgc:default,base,,true,filename base/1080_base; _256 retained as APK rendition candidate,high
teravolt,356,TeraVolt,"{""en"":""TeraVolt""}",Katali,eden_append_2,,1698278403,1,dl_teravolt,default,,,,,,,,assets/songs/dl_teravolt/1080_base.jpg,c2b58dcad54203645057a859524789f59cfd5ca13613b610d04ad087b58aac90,7c9e5c98c82cd324aa808c7b54de0b08a81606237518c4df7a2c7601c39bbed7,233988,768,768,image/jpeg,song-jacket,primary-resolution candidate,arcaea:teravolt:default,1080_base,,false,filename base/1080_base; _256 retained as APK rendition candidate,high
teravolt,356,TeraVolt,"{""en"":""TeraVolt""}",Katali,eden_append_2,,1698278403,1,dl_teravolt,default,,,,,,,,assets/songs/dl_teravolt/1080_base_256.jpg,c2b58dcad54203645057a859524789f59cfd5ca13613b610d04ad087b58aac90,49bb25f11488c7f1f5a184c36e2ba4fa766a2e277c049c978eee56039d3f8a29,94624,384,384,image/jpeg,song-jacket,low-resolution/derived candidate,arcaea:teravolt:default,1080_base,,true,filename base/1080_base; _256 retained as APK rendition candidate,high
teriqma,171,Teriqma,"{""en"":""Teriqma""}",owl＊tree,single,,1594857600,1,dl_teriqma,default,,,,,,,,assets/songs/dl_teriqma/1080_base.jpg,c2b58dcad54203645057a859524789f59cfd5ca13613b610d04ad087b58aac90,a8b2b4d74b391e548214ad4ee2fdc577ba2d352906d2b08b144df6a9e116c621,341631,768,768,image/jpeg,song-jacket,primary-resolution candidate,arcaea:teriqma:default,1080_base,,false,filename base/1080_base; _256 retained as APK rendition candidate,high
teriqma,171,Teriqma,"{""en"":""Teriqma""}",owl＊tree,single,,1594857600,1,dl_teriqma,default,,,,,,,,assets/songs/dl_teriqma/1080_base_256.jpg,c2b58dcad54203645057a859524789f59cfd5ca13613b610d04ad087b58aac90,daee3acdc8aa882394edab3dfdd2b3c978542e069dc68dfa6d59862d526c84b2,84126,384,384,image/jpeg,song-jacket,low-resolution/derived candidate,arcaea:teriqma:default,1080_base,,true,filename base/1080_base; _256 retained as APK rendition candidate,high
testify,280,Testify,"{""en"":""Testify""}",void (Mournfinale) feat. 星熊南巫,finale,,1657152009,2,dl_testify,default,,,,,,,,assets/songs/dl_testify/1080_base.jpg,c2b58dcad54203645057a859524789f59cfd5ca13613b610d04ad087b58aac90,57c1f230c2d16884f968253513d50224c3d28474f464a685dd19a6255e310b92,343165,768,768,image/jpeg,song-jacket,primary-resolution candidate,arcaea:testify:default,1080_base,,false,filename base/1080_base; _256 retained as APK rendition candidate,high
testify,280,Testify,"{""en"":""Testify""}",void (Mournfinale) feat. 星熊南巫,finale,,1657152009,2,dl_testify,default,,,,,,,,assets/songs/dl_testify/1080_base_256.jpg,c2b58dcad54203645057a859524789f59cfd5ca13613b610d04ad087b58aac90,5f213f6bc88b1685310b735412ccf646234a86a52cac844cd5a06b7e40e5ab32,87337,384,384,image/jpeg,song-jacket,low-resolution/derived candidate,arcaea:testify:default,1080_base,,true,filename base/1080_base; _256 retained as APK rendition candidate,high
themessage,83,The Message,"{""en"":""The Message""}",Jun Kuroda,rei,,1531699204,0,dl_themessage,default,,,,,,,,assets/songs/dl_themessage/1080_base.jpg,c2b58dcad54203645057a859524789f59cfd5ca13613b610d04ad087b58aac90,91b1b84d03cbdcc64a51cc5e366321375d5ed5356ce93434efb0132d394debdb,380890,768,768,image/jpeg,song-jacket,primary-resolution candidate,arcaea:themessage:default,1080_base,,false,filename base/1080_base; _256 retained as APK rendition candidate,high
themessage,83,The Message,"{""en"":""The Message""}",Jun Kuroda,rei,,1531699204,0,dl_themessage,default,,,,,,,,assets/songs/dl_themessage/1080_base_256.jpg,c2b58dcad54203645057a859524789f59cfd5ca13613b610d04ad087b58aac90,d8aa6c4613300be15f4ba91d91009028e5179aad1cdc6f9897caad999aaf0496,91045,384,384,image/jpeg,song-jacket,low-resolution/derived candidate,arcaea:themessage:default,1080_base,,true,filename base/1080_base; _256 retained as APK rendition candidate,high
theraft,512,The 'Raft' taught me: your heart will always find a way.,"{""en"":""The 'Raft' taught me: your heart will always find a way."",""ja"":""［筏］は云う。幾ら漂流すれど不撓の心さえ有れば軈て行到ると。""}",庭師,single,,1767744000,1,dl_theraft,default,,,,,,,,assets/songs/dl_theraft/1080_base.jpg,c2b58dcad54203645057a859524789f59cfd5ca13613b610d04ad087b58aac90,2bfe4f883d1c5ea6f73efcf5a6cc3a92e083449622f5d2e0725b5b2195930da0,229765,768,768,image/jpeg,song-jacket,primary-resolution candidate,arcaea:theraft:default,1080_base,,false,filename base/1080_base; _256 retained as APK rendition candidate,high
theraft,512,The 'Raft' taught me: your heart will always find a way.,"{""en"":""The 'Raft' taught me: your heart will always find a way."",""ja"":""［筏］は云う。幾ら漂流すれど不撓の心さえ有れば軈て行到ると。""}",庭師,single,,1767744000,1,dl_theraft,default,,,,,,,,assets/songs/dl_theraft/1080_base_256.jpg,c2b58dcad54203645057a859524789f59cfd5ca13613b610d04ad087b58aac90,3bee2bd1866522a77a0f0a81af8806eda4a4af2362c08100c463c54b347b8310,71107,384,384,image/jpeg,song-jacket,low-resolution/derived candidate,arcaea:theraft:default,1080_base,,true,filename base/1080_base; _256 retained as APK rendition candidate,high
thesurvivor,316,The Survivor (Game Edit),"{""en"":""The Survivor (Game Edit)""}",Taishi,single,,1682553602,1,dl_thesurvivor,default,,,,,,,,assets/songs/dl_thesurvivor/1080_base.jpg,c2b58dcad54203645057a859524789f59cfd5ca13613b610d04ad087b58aac90,d4ebfeaf5dfaf63523351205f91806d98fbcd5707915c9d9280dbb2ec5e09453,309901,768,768,image/jpeg,song-jacket,primary-resolution candidate,arcaea:thesurvivor:default,1080_base,,false,filename base/1080_base; _256 retained as APK rendition candidate,high
thesurvivor,316,The Survivor (Game Edit),"{""en"":""The Survivor (Game Edit)""}",Taishi,single,,1682553602,1,dl_thesurvivor,default,,,,,,,,assets/songs/dl_thesurvivor/1080_base_256.jpg,c2b58dcad54203645057a859524789f59cfd5ca13613b610d04ad087b58aac90,b48cf9c05b484f6ec80a2d1ba14e1ffb949dd94bb9396eb370c838338ed5d481,96305,384,384,image/jpeg,song-jacket,low-resolution/derived candidate,arcaea:thesurvivor:default,1080_base,,true,filename base/1080_base; _256 retained as APK rendition candidate,high
theultimacy,219,THE ULTIMACY,"{""en"":""THE ULTIMACY""}",aran vs Massive New Krew,single,,1625011200,1,dl_theultimacy,default,,,,,,,,assets/songs/dl_theultimacy/1080_base.jpg,c2b58dcad54203645057a859524789f59cfd5ca13613b610d04ad087b58aac90,cc4ebe20377d5318a781e65625bd3f6713a1b6f6108e8913b413d16710dc6c5a,276197,768,768,image/jpeg,song-jacket,primary-resolution candidate,arcaea:theultimacy:default,1080_base,,false,filename base/1080_base; _256 retained as APK rendition candidate,high
theultimacy,219,THE ULTIMACY,"{""en"":""THE ULTIMACY""}",aran vs Massive New Krew,single,,1625011200,1,dl_theultimacy,default,,,,,,,,assets/songs/dl_theultimacy/1080_base_256.jpg,c2b58dcad54203645057a859524789f59cfd5ca13613b610d04ad087b58aac90,f61f3d3137e3683b2d14894cd53741be61b9697b11c04ded924be722e4c79839,76585,384,384,image/jpeg,song-jacket,low-resolution/derived candidate,arcaea:theultimacy:default,1080_base,,true,filename base/1080_base; _256 retained as APK rendition candidate,high
thirdavenue,522,3rd Avenue,"{""en"":""3rd Avenue""}",Sound Souler,extend_4,,1773014400,1,dl_thirdavenue,default,,,,,,,,assets/songs/dl_thirdavenue/1080_base.jpg,c2b58dcad54203645057a859524789f59cfd5ca13613b610d04ad087b58aac90,cab725587fe778cbc17c6ae13de05289aa90d251513268d29cce73908a600ef1,347702,768,768,image/jpeg,song-jacket,primary-resolution candidate,arcaea:thirdavenue:default,1080_base,,false,filename base/1080_base; _256 retained as APK rendition candidate,high
thirdavenue,522,3rd Avenue,"{""en"":""3rd Avenue""}",Sound Souler,extend_4,,1773014400,1,dl_thirdavenue,default,,,,,,,,assets/songs/dl_thirdavenue/1080_base_256.jpg,c2b58dcad54203645057a859524789f59cfd5ca13613b610d04ad087b58aac90,1bf0da26c72234c733a304e5770c3872432fca6ad17dac4346a84df7647cdc51,104640,384,384,image/jpeg,song-jacket,low-resolution/derived candidate,arcaea:thirdavenue:default,1080_base,,true,filename base/1080_base; _256 retained as APK rendition candidate,high
thirdsun,420,Third Sun,"{""en"":""Third Sun""}",Ash Astral,single,,1729728002,1,dl_thirdsun,default,,,,,,,,assets/songs/dl_thirdsun/1080_base.jpg,c2b58dcad54203645057a859524789f59cfd5ca13613b610d04ad087b58aac90,50ba62371128c0d69b3e2d4862917460cfaa994b40b24fc5a3b1c20d28e43bdd,150014,768,768,image/jpeg,song-jacket,primary-resolution candidate,arcaea:thirdsun:default,1080_base,,false,filename base/1080_base; _256 retained as APK rendition candidate,high
thirdsun,420,Third Sun,"{""en"":""Third Sun""}",Ash Astral,single,,1729728002,1,dl_thirdsun,default,,,,,,,,assets/songs/dl_thirdsun/1080_base_256.jpg,c2b58dcad54203645057a859524789f59cfd5ca13613b610d04ad087b58aac90,01142f4276d3bb005f5ced66f013c39d87b4feac525f23740fa45d837bef033c,53655,384,384,image/jpeg,song-jacket,low-resolution/derived candidate,arcaea:thirdsun:default,1080_base,,true,filename base/1080_base; _256 retained as APK rendition candidate,high
tictactoe,463,Tic! Tac! Toe!,"{""en"":""Tic! Tac! Toe!""}",TAK x Corbin,single,,1747872007,0,dl_tictactoe,default,,,,,,,,assets/songs/dl_tictactoe/1080_base.jpg,c2b58dcad54203645057a859524789f59cfd5ca13613b610d04ad087b58aac90,19275771c85f19d1c96a6f32f2146715caf58532ae64f336fb43bd7362dc9f02,181276,768,768,image/jpeg,song-jacket,primary-resolution candidate,arcaea:tictactoe:default,1080_base,,false,filename base/1080_base; _256 retained as APK rendition candidate,high
tictactoe,463,Tic! Tac! Toe!,"{""en"":""Tic! Tac! Toe!""}",TAK x Corbin,single,,1747872007,0,dl_tictactoe,default,,,,,,,,assets/songs/dl_tictactoe/1080_base_256.jpg,c2b58dcad54203645057a859524789f59cfd5ca13613b610d04ad087b58aac90,73f324eb25209e1d2e48d6d9c3a2cdc20af775c093914b730bc34f70d7d26896,90220,384,384,image/jpeg,song-jacket,low-resolution/derived candidate,arcaea:tictactoe:default,1080_base,,true,filename base/1080_base; _256 retained as APK rendition candidate,high
tiemedowngently,134,Tie me down gently,"{""en"":""Tie me down gently""}",溝口ゆうま feat. 大瀬良あい,omatsuri,,1566432003,1,dl_tiemedowngently,default,,,,,,,,assets/songs/dl_tiemedowngently/1080_base.jpg,c2b58dcad54203645057a859524789f59cfd5ca13613b610d04ad087b58aac90,12af5957e9a2e3e6e3cf959010c86162ed2b20507739c237d6b05fe9a27df76c,281670,768,768,image/jpeg,song-jacket,primary-resolution candidate,arcaea:tiemedowngently:default,1080_base,,false,filename base/1080_base; _256 retained as APK rendition candidate,high
tiemedowngently,134,Tie me down gently,"{""en"":""Tie me down gently""}",溝口ゆうま feat. 大瀬良あい,omatsuri,,1566432003,1,dl_tiemedowngently,default,,,,,,,,assets/songs/dl_tiemedowngently/1080_base_256.jpg,c2b58dcad54203645057a859524789f59cfd5ca13613b610d04ad087b58aac90,7c4e992f38d673762a4c6e092dd7c9f2f218b62d3e5c232346be74641de3fd91,73788,384,384,image/jpeg,song-jacket,low-resolution/derived candidate,arcaea:tiemedowngently:default,1080_base,,true,filename base/1080_base; _256 retained as APK rendition candidate,high
tiferet,100,Tiferet,"{""en"":""Tiferet""}",xi + Sta,tonesphere,,1538870404,1,dl_tiferet,default,,,,,,,,assets/songs/dl_tiferet/1080_base.jpg,c2b58dcad54203645057a859524789f59cfd5ca13613b610d04ad087b58aac90,fdf102ea393a37af4fc9c0c0f9b796c1af7f0c9b122b6b95c15601af7d44c55f,235771,768,768,image/jpeg,song-jacket,primary-resolution candidate,arcaea:tiferet:default,1080_base,,false,filename base/1080_base; _256 retained as APK rendition candidate,high
tiferet,100,Tiferet,"{""en"":""Tiferet""}",xi + Sta,tonesphere,,1538870404,1,dl_tiferet,default,,,,,,,,assets/songs/dl_tiferet/1080_base_256.jpg,c2b58dcad54203645057a859524789f59cfd5ca13613b610d04ad087b58aac90,adcaff1672a1879366055074436b2fce7c5015d1f2830840481cd4fbede27418,65281,384,384,image/jpeg,song-jacket,low-resolution/derived candidate,arcaea:tiferet:default,1080_base,,true,filename base/1080_base; _256 retained as APK rendition candidate,high
toaliceliddell,190,To: Alice Liddell,"{""en"":""To: Alice Liddell"",""ja"":""アリス・リデルに捧ぐ""}",モリモリあつし,alice_append_1,,1607558402,1,dl_toaliceliddell,default,,,,,,,,assets/songs/dl_toaliceliddell/1080_base.jpg,c2b58dcad54203645057a859524789f59cfd5ca13613b610d04ad087b58aac90,a477ccd9be4e4ee92b6c36bc6ab12c39e755e7eda0baf67ad5edd479f7c29090,251570,768,768,image/jpeg,song-jacket,primary-resolution candidate,arcaea:toaliceliddell:default,1080_base,,false,filename base/1080_base; _256 retained as APK rendition candidate,high
toaliceliddell,190,To: Alice Liddell,"{""en"":""To: Alice Liddell"",""ja"":""アリス・リデルに捧ぐ""}",モリモリあつし,alice_append_1,,1607558402,1,dl_toaliceliddell,default,,,,,,,,assets/songs/dl_toaliceliddell/1080_base_256.jpg,c2b58dcad54203645057a859524789f59cfd5ca13613b610d04ad087b58aac90,5b99832ce0a7dd250bc7d1c8cd71816f18436c89188f47eb96f5de2914ec8bee,67555,384,384,image/jpeg,song-jacket,low-resolution/derived candidate,arcaea:toaliceliddell:default,1080_base,,true,filename base/1080_base; _256 retained as APK rendition candidate,high
tothefurthestdream,343,To the Furthest Dream,"{""en"":""To the Furthest Dream"",""ja"":""彼方の夢へと""}",ii/night feat. 綺良雪,single,,1694664001,2,dl_tothefurthestdream,difficulty-specific,PST,0,True,PRS;PST,,,,assets/songs/dl_tothefurthestdream/1080_0.jpg,c2b58dcad54203645057a859524789f59cfd5ca13613b610d04ad087b58aac90,1b28d48da94b6fd0111b5f52eda6f92d4e8b5729954d0c52fe13e2aa8f0d412b,317157,768,768,image/jpeg,song-jacket,primary-resolution candidate,arcaea:tothefurthestdream:difficulty:PST,1080_0,,false,numeric suffix=0; filename-to-ratingClass mapping is a candidate; jacketOverride=True,high
tothefurthestdream,343,To the Furthest Dream,"{""en"":""To the Furthest Dream"",""ja"":""彼方の夢へと""}",ii/night feat. 綺良雪,single,,1694664001,2,dl_tothefurthestdream,difficulty-specific,PST,0,True,PRS;PST,,,,assets/songs/dl_tothefurthestdream/1080_0_256.jpg,c2b58dcad54203645057a859524789f59cfd5ca13613b610d04ad087b58aac90,9949bbafc0c27c2334952752c8bfec6f4ca3f478e628a5322b7979868a808502,81926,384,384,image/jpeg,song-jacket,low-resolution/derived candidate,arcaea:tothefurthestdream:difficulty:PST,1080_0,,true,numeric suffix=0; filename-to-ratingClass mapping is a candidate; jacketOverride=True,high
tothefurthestdream,343,To the Furthest Dream,"{""en"":""To the Furthest Dream"",""ja"":""彼方の夢へと""}",ii/night feat. 綺良雪,single,,1694664001,2,dl_tothefurthestdream,difficulty-specific,PRS,1,True,PRS;PST,,,,assets/songs/dl_tothefurthestdream/1080_1.jpg,c2b58dcad54203645057a859524789f59cfd5ca13613b610d04ad087b58aac90,e8be9eb7d35305817529d466cc824b5e638fffc6f167f0df6206badb6959e0bb,318068,768,768,image/jpeg,song-jacket,primary-resolution candidate,arcaea:tothefurthestdream:difficulty:PRS,1080_1,,false,numeric suffix=1; filename-to-ratingClass mapping is a candidate; jacketOverride=True,high
tothefurthestdream,343,To the Furthest Dream,"{""en"":""To the Furthest Dream"",""ja"":""彼方の夢へと""}",ii/night feat. 綺良雪,single,,1694664001,2,dl_tothefurthestdream,difficulty-specific,PRS,1,True,PRS;PST,,,,assets/songs/dl_tothefurthestdream/1080_1_256.jpg,c2b58dcad54203645057a859524789f59cfd5ca13613b610d04ad087b58aac90,301029eeb3d0d60818a4f7b9555de6c5531cd0d4adc6a1b97d03b52f279b9c68,81606,384,384,image/jpeg,song-jacket,low-resolution/derived candidate,arcaea:tothefurthestdream:difficulty:PRS,1080_1,,true,numeric suffix=1; filename-to-ratingClass mapping is a candidate; jacketOverride=True,high
tothefurthestdream,343,To the Furthest Dream,"{""en"":""To the Furthest Dream"",""ja"":""彼方の夢へと""}",ii/night feat. 綺良雪,single,,1694664001,2,dl_tothefurthestdream,default,,,,PRS;PST,,,,assets/songs/dl_tothefurthestdream/1080_base.jpg,c2b58dcad54203645057a859524789f59cfd5ca13613b610d04ad087b58aac90,a2e14fbe9ef14e637493d0c3eb79aec8ae1fcf5bb2f8d283653d6de852206b99,316011,768,768,image/jpeg,song-jacket,primary-resolution candidate,arcaea:tothefurthestdream:default,1080_base,,false,filename base/1080_base; _256 retained as APK rendition candidate,high
tothefurthestdream,343,To the Furthest Dream,"{""en"":""To the Furthest Dream"",""ja"":""彼方の夢へと""}",ii/night feat. 綺良雪,single,,1694664001,2,dl_tothefurthestdream,default,,,,PRS;PST,,,,assets/songs/dl_tothefurthestdream/1080_base_256.jpg,c2b58dcad54203645057a859524789f59cfd5ca13613b610d04ad087b58aac90,ffa0a7a78ddc1902c385f6ec68f9a897f2adb29e0b16dcfa7fbd98bacdddbf0c,81642,384,384,image/jpeg,song-jacket,low-resolution/derived candidate,arcaea:tothefurthestdream:default,1080_base,,true,filename base/1080_base; _256 retained as APK rendition candidate,high
tothemilkyway,322,To the Milky Way,"{""en"":""To the Milky Way""}",黒魔,single,,1684972804,0,dl_tothemilkyway,default,,,,,,,,assets/songs/dl_tothemilkyway/1080_base.jpg,c2b58dcad54203645057a859524789f59cfd5ca13613b610d04ad087b58aac90,98d2c702324b763d5bb1a1ad77e852fd6857e10eaa812959b8a57513c3a13ee3,351624,768,768,image/jpeg,song-jacket,primary-resolution candidate,arcaea:tothemilkyway:default,1080_base,,false,filename base/1080_base; _256 retained as APK rendition candidate,high
tothemilkyway,322,To the Milky Way,"{""en"":""To the Milky Way""}",黒魔,single,,1684972804,0,dl_tothemilkyway,default,,,,,,,,assets/songs/dl_tothemilkyway/1080_base_256.jpg,c2b58dcad54203645057a859524789f59cfd5ca13613b610d04ad087b58aac90,7470ff78659cb8a52d0cfbb5a8794f136060e88fd250e721905a061396757695,91866,384,384,image/jpeg,song-jacket,low-resolution/derived candidate,arcaea:tothemilkyway:default,1080_base,,true,filename base/1080_base; _256 retained as APK rendition candidate,high
transientspace,354,Transient Space,"{""en"":""Transient Space""}","sleepless, Gardens, aspect",eden_append_2,,1698278401,1,dl_transientspace,default,,,,,,,,assets/songs/dl_transientspace/1080_base.jpg,c2b58dcad54203645057a859524789f59cfd5ca13613b610d04ad087b58aac90,9853cfe984bcb034528c75f20b6ca0ee6b66aa525bcc765d18edce015d414755,216875,768,768,image/jpeg,song-jacket,primary-resolution candidate,arcaea:transientspace:default,1080_base,,false,filename base/1080_base; _256 retained as APK rendition candidate,high
transientspace,354,Transient Space,"{""en"":""Transient Space""}","sleepless, Gardens, aspect",eden_append_2,,1698278401,1,dl_transientspace,default,,,,,,,,assets/songs/dl_transientspace/1080_base_256.jpg,c2b58dcad54203645057a859524789f59cfd5ca13613b610d04ad087b58aac90,f61409aff80cda73595d42abce51867109297a3b6af14bcb13ef9f4096ed8568,79941,384,384,image/jpeg,song-jacket,low-resolution/derived candidate,arcaea:transientspace:default,1080_base,,true,filename base/1080_base; _256 retained as APK rendition candidate,high
trapcrow,273,Trap Crow,"{""en"":""Trap Crow""}",Puru,base,,1657152002,1,dl_trapcrow,default,,,,,,,,assets/songs/dl_trapcrow/1080_base.jpg,c2b58dcad54203645057a859524789f59cfd5ca13613b610d04ad087b58aac90,03fa4a0ad796c20c834b9d1387831b2fb687e52f31856a54ab1006422ff94c71,171701,768,768,image/jpeg,song-jacket,primary-resolution candidate,arcaea:trapcrow:default,1080_base,,false,filename base/1080_base; _256 retained as APK rendition candidate,high
trapcrow,273,Trap Crow,"{""en"":""Trap Crow""}",Puru,base,,1657152002,1,dl_trapcrow,default,,,,,,,,assets/songs/dl_trapcrow/1080_base_256.jpg,c2b58dcad54203645057a859524789f59cfd5ca13613b610d04ad087b58aac90,39f30aae377a8a12d51a31ad256bc1ba77dd98b2487d6d152a24fcd647a2b3c9,33754,384,384,image/jpeg,song-jacket,low-resolution/derived candidate,arcaea:trapcrow:default,1080_base,,true,filename base/1080_base; _256 retained as APK rendition candidate,high
trappola,52,trappola bewitching,"{""en"":""trappola bewitching"",""ja"":""妖艶魔女 -trappola bewitching-""}",gmtn.,yugamu,,1509667205,1,dl_trappola,difficulty-specific,BYD,3,True,BYD,,,,assets/songs/dl_trappola/1080_3.jpg,c2b58dcad54203645057a859524789f59cfd5ca13613b610d04ad087b58aac90,616441d62a7f4106819a8bc71b9fbf4ed6b2f0a02f8755bf65133fbda8498ce4,421207,768,768,image/jpeg,song-jacket,primary-resolution candidate,arcaea:trappola:difficulty:BYD,1080_3,,false,numeric suffix=3; filename-to-ratingClass mapping is a candidate; jacketOverride=True,high
trappola,52,trappola bewitching,"{""en"":""trappola bewitching"",""ja"":""妖艶魔女 -trappola bewitching-""}",gmtn.,yugamu,,1509667205,1,dl_trappola,difficulty-specific,BYD,3,True,BYD,,,,assets/songs/dl_trappola/1080_3_256.jpg,c2b58dcad54203645057a859524789f59cfd5ca13613b610d04ad087b58aac90,78f10496e28cc9d7b518059bf68c727d8ffab14ed0ec796899d4b95a5da93a0b,109368,384,384,image/jpeg,song-jacket,low-resolution/derived candidate,arcaea:trappola:difficulty:BYD,1080_3,,true,numeric suffix=3; filename-to-ratingClass mapping is a candidate; jacketOverride=True,high
trappola,52,trappola bewitching,"{""en"":""trappola bewitching"",""ja"":""妖艶魔女 -trappola bewitching-""}",gmtn.,yugamu,,1509667205,1,dl_trappola,default,,,,BYD,,,,assets/songs/dl_trappola/1080_base.jpg,c2b58dcad54203645057a859524789f59cfd5ca13613b610d04ad087b58aac90,04bd9a8ae8a8bda1f70d3ad0465c0962c7b426c69d2eec8a6d53fcd3a8399b0e,543730,768,768,image/jpeg,song-jacket,primary-resolution candidate,arcaea:trappola:default,1080_base,,false,filename base/1080_base; _256 retained as APK rendition candidate,high
trappola,52,trappola bewitching,"{""en"":""trappola bewitching"",""ja"":""妖艶魔女 -trappola bewitching-""}",gmtn.,yugamu,,1509667205,1,dl_trappola,default,,,,BYD,,,,assets/songs/dl_trappola/1080_base_256.jpg,c2b58dcad54203645057a859524789f59cfd5ca13613b610d04ad087b58aac90,17b64b49b9ca10ae4202ebff15b840c13b94bd2c87b011f6d35e13affea37d54,130289,384,384,image/jpeg,song-jacket,low-resolution/derived candidate,arcaea:trappola:default,1080_base,,true,filename base/1080_base; _256 retained as APK rendition candidate,high
trpno,453,TRPNO,"{""en"":""TRPNO""}",Nauts,extend_3,,1743033602,0,dl_trpno,default,,,,,,,,assets/songs/dl_trpno/1080_base.jpg,c2b58dcad54203645057a859524789f59cfd5ca13613b610d04ad087b58aac90,175fa913d238c5830e29a99f95ef4fd3a2e0107a2ba3995fefe52b3ac22a978b,131156,768,768,image/jpeg,song-jacket,primary-resolution candidate,arcaea:trpno:default,1080_base,,false,filename base/1080_base; _256 retained as APK rendition candidate,high
trpno,453,TRPNO,"{""en"":""TRPNO""}",Nauts,extend_3,,1743033602,0,dl_trpno,default,,,,,,,,assets/songs/dl_trpno/1080_base_256.jpg,c2b58dcad54203645057a859524789f59cfd5ca13613b610d04ad087b58aac90,1e7fcba1c583dc33392c23f69ae0987c2f56217ed236d2783e93ee12b780f47c,51903,384,384,image/jpeg,song-jacket,low-resolution/derived candidate,arcaea:trpno:default,1080_base,,true,filename base/1080_base; _256 retained as APK rendition candidate,high
trrricksters,312,Trrricksters!!,"{""en"":""Trrricksters!!""}",s-don vs. 翡乃イスカ,chunithm_append_2,,1679529603,1,dl_trrricksters,default,,,,,,,,assets/songs/dl_trrricksters/1080_base.jpg,c2b58dcad54203645057a859524789f59cfd5ca13613b610d04ad087b58aac90,c0a60075b2085f2c65c6cc9ea9ef16f9b0e3a9c8666161822553f3d987446410,347532,768,768,image/jpeg,song-jacket,primary-resolution candidate,arcaea:trrricksters:default,1080_base,,false,filename base/1080_base; _256 retained as APK rendition candidate,high
trrricksters,312,Trrricksters!!,"{""en"":""Trrricksters!!""}",s-don vs. 翡乃イスカ,chunithm_append_2,,1679529603,1,dl_trrricksters,default,,,,,,,,assets/songs/dl_trrricksters/1080_base_256.jpg,c2b58dcad54203645057a859524789f59cfd5ca13613b610d04ad087b58aac90,2e7d693a2038920feb4e9424d9bb8ca51e472598640087fb18bcb01cc3592e20,84204,384,384,image/jpeg,song-jacket,low-resolution/derived candidate,arcaea:trrricksters:default,1080_base,,true,filename base/1080_base; _256 retained as APK rendition candidate,high
tsukinimurakumo,294,"Tsuki ni Murakumo, Hana ni Kaze","{""en"":""Tsuki ni Murakumo, Hana ni Kaze"",""ja"":""月に叢雲華に風""}",幽閉サテライト,extend_2,,1674691200,1,dl_tsukinimurakumo,default,,,,,,,,assets/songs/dl_tsukinimurakumo/1080_base.jpg,c2b58dcad54203645057a859524789f59cfd5ca13613b610d04ad087b58aac90,bd6a281e109b7d2823be99724f1ae06573ab2a84dd79549052045f0636c28e79,373247,768,768,image/jpeg,song-jacket,primary-resolution candidate,arcaea:tsukinimurakumo:default,1080_base,,false,filename base/1080_base; _256 retained as APK rendition candidate,high
tsukinimurakumo,294,"Tsuki ni Murakumo, Hana ni Kaze","{""en"":""Tsuki ni Murakumo, Hana ni Kaze"",""ja"":""月に叢雲華に風""}",幽閉サテライト,extend_2,,1674691200,1,dl_tsukinimurakumo,default,,,,,,,,assets/songs/dl_tsukinimurakumo/1080_base_256.jpg,c2b58dcad54203645057a859524789f59cfd5ca13613b610d04ad087b58aac90,23e38ed4f907dcbe6160d715afa76b815c50420016e4b9c9008bb2b6f48696a7,92466,384,384,image/jpeg,song-jacket,low-resolution/derived candidate,arcaea:tsukinimurakumo:default,1080_base,,true,filename base/1080_base; _256 retained as APK rendition candidate,high
turbocharger,218,Turbocharger,"{""en"":""Turbocharger""}",A/I,extend,,1623283200,0,dl_turbocharger,default,,,,,,,,assets/songs/dl_turbocharger/1080_base.jpg,c2b58dcad54203645057a859524789f59cfd5ca13613b610d04ad087b58aac90,1afffdc920fc4d40bc3c00d5ab252683d752bcc0084b3d208fa745cb4c0c43e3,397867,768,768,image/jpeg,song-jacket,primary-resolution candidate,arcaea:turbocharger:default,1080_base,,false,filename base/1080_base; _256 retained as APK rendition candidate,high
turbocharger,218,Turbocharger,"{""en"":""Turbocharger""}",A/I,extend,,1623283200,0,dl_turbocharger,default,,,,,,,,assets/songs/dl_turbocharger/1080_base_256.jpg,c2b58dcad54203645057a859524789f59cfd5ca13613b610d04ad087b58aac90,6972949fb9111b3017834f77c5d1a67883005cbdf17cbdd1d1361cbf1420acd7,103921,384,384,image/jpeg,song-jacket,low-resolution/derived candidate,arcaea:turbocharger:default,1080_base,,true,filename base/1080_base; _256 retained as APK rendition candidate,high
uad,460,U.A.D,"{""en"":""U.A.D""}",HAYAKO,djmax,,1747872004,0,dl_uad,default,,,,,,,,assets/songs/dl_uad/1080_base.jpg,c2b58dcad54203645057a859524789f59cfd5ca13613b610d04ad087b58aac90,f97603ba85d5783c88debd672eada8df58be0f6136a0b404b96c86c83fb677b5,96603,768,768,image/jpeg,song-jacket,primary-resolution candidate,arcaea:uad:default,1080_base,,false,filename base/1080_base; _256 retained as APK rendition candidate,high
uad,460,U.A.D,"{""en"":""U.A.D""}",HAYAKO,djmax,,1747872004,0,dl_uad,default,,,,,,,,assets/songs/dl_uad/1080_base_256.jpg,c2b58dcad54203645057a859524789f59cfd5ca13613b610d04ad087b58aac90,e0b37211a55caef181b520487347376687f2f6b191165fb25b5cf69a276e144f,56001,384,384,image/jpeg,song-jacket,low-resolution/derived candidate,arcaea:uad:default,1080_base,,true,filename base/1080_base; _256 retained as APK rendition candidate,high
ultimatetaste,329,Ultimate taste,"{""en"":""Ultimate taste""}",ぱらどっと,extend_2,,1689724800,0,dl_ultimatetaste,default,,,,,,,,assets/songs/dl_ultimatetaste/1080_base.jpg,c2b58dcad54203645057a859524789f59cfd5ca13613b610d04ad087b58aac90,9dff53d13ad0965ad4b643d73363897b20e39d11354c26f2e68ef25f07c6fc79,269793,768,768,image/jpeg,song-jacket,primary-resolution candidate,arcaea:ultimatetaste:default,1080_base,,false,filename base/1080_base; _256 retained as APK rendition candidate,high
ultimatetaste,329,Ultimate taste,"{""en"":""Ultimate taste""}",ぱらどっと,extend_2,,1689724800,0,dl_ultimatetaste,default,,,,,,,,assets/songs/dl_ultimatetaste/1080_base_256.jpg,c2b58dcad54203645057a859524789f59cfd5ca13613b610d04ad087b58aac90,96511a7e61367855c7880726d59bc8dc70c245763adf3832a697a78a2ac2fd74,79075,384,384,image/jpeg,song-jacket,low-resolution/derived candidate,arcaea:ultimatetaste:default,1080_base,,true,filename base/1080_base; _256 retained as APK rendition candidate,high
ultradiaxon,384,ultradiaxon-N3,"{""en"":""ultradiaxon-N3""}",nitro (lowiro),single,,1712016000,1,dl_ultradiaxon,default,,,,,,,,assets/songs/dl_ultradiaxon/1080_base.jpg,c2b58dcad54203645057a859524789f59cfd5ca13613b610d04ad087b58aac90,3fd23f42859a36f3838c085311417b44ad47a1cbbd3605de415164c5051022cf,386576,768,768,image/jpeg,song-jacket,primary-resolution candidate,arcaea:ultradiaxon:default,1080_base,,false,filename base/1080_base; _256 retained as APK rendition candidate,high
ultradiaxon,384,ultradiaxon-N3,"{""en"":""ultradiaxon-N3""}",nitro (lowiro),single,,1712016000,1,dl_ultradiaxon,default,,,,,,,,assets/songs/dl_ultradiaxon/1080_base_256.jpg,c2b58dcad54203645057a859524789f59cfd5ca13613b610d04ad087b58aac90,6e9bb063d507b8571e631727795817e50bd941a6260b6fe20c2aec3d830756f0,120885,384,384,image/jpeg,song-jacket,low-resolution/derived candidate,arcaea:ultradiaxon:default,1080_base,,true,filename base/1080_base; _256 retained as APK rendition candidate,high
undefined,508,undefined,"{""en"":""undefined""}",planless & 乃花こより,extend_4,,1766534400,1,dl_undefined,default,,,,,,,,assets/songs/dl_undefined/1080_base.jpg,c2b58dcad54203645057a859524789f59cfd5ca13613b610d04ad087b58aac90,a09f4cac3b1838ebd39f0c6c43ba7f947114bad193d27dcf42981ef218d85fee,371995,768,768,image/jpeg,song-jacket,primary-resolution candidate,arcaea:undefined:default,1080_base,,false,filename base/1080_base; _256 retained as APK rendition candidate,high
undefined,508,undefined,"{""en"":""undefined""}",planless & 乃花こより,extend_4,,1766534400,1,dl_undefined,default,,,,,,,,assets/songs/dl_undefined/1080_base_256.jpg,c2b58dcad54203645057a859524789f59cfd5ca13613b610d04ad087b58aac90,c2d7b15db521e7468ca9c67441b576ecd2a9506bd64f7a47b15dd358b8353139,104718,384,384,image/jpeg,song-jacket,low-resolution/derived candidate,arcaea:undefined:default,1080_base,,true,filename base/1080_base; _256 retained as APK rendition candidate,high
undyingmacula,491,Undying Macula,"{""en"":""Undying Macula""}",Ashrount,eclipse,,1759363205,1,dl_undyingmacula,default,,,,,,,,assets/songs/dl_undyingmacula/1080_base.jpg,c2b58dcad54203645057a859524789f59cfd5ca13613b610d04ad087b58aac90,50838fb7a2d9f29e5417ae6062f461fe96d29b22c889e54c4f6cd53043a793cf,463979,768,768,image/jpeg,song-jacket,primary-resolution candidate,arcaea:undyingmacula:default,1080_base,,false,filename base/1080_base; _256 retained as APK rendition candidate,high
undyingmacula,491,Undying Macula,"{""en"":""Undying Macula""}",Ashrount,eclipse,,1759363205,1,dl_undyingmacula,default,,,,,,,,assets/songs/dl_undyingmacula/1080_base_256.jpg,c2b58dcad54203645057a859524789f59cfd5ca13613b610d04ad087b58aac90,d2c3f613a0b32f1688fb87fe12e8f15e38e4831227a52aaf1da45d9da795498f,125804,384,384,image/jpeg,song-jacket,low-resolution/derived candidate,arcaea:undyingmacula:default,1080_base,,true,filename base/1080_base; _256 retained as APK rendition candidate,high
unknownlevels,340,UNKNOWN LEVELS,"{""en"":""UNKNOWN LEVELS""}",Yuta Imai,eden,,1692230405,1,dl_unknownlevels,default,,,,,,,,assets/songs/dl_unknownlevels/1080_base.jpg,c2b58dcad54203645057a859524789f59cfd5ca13613b610d04ad087b58aac90,7e10c1551043470910c40f6ca4d727f6e020b7455c301ac59c13b094061a5e44,343162,768,768,image/jpeg,song-jacket,primary-resolution candidate,arcaea:unknownlevels:default,1080_base,,false,filename base/1080_base; _256 retained as APK rendition candidate,high
unknownlevels,340,UNKNOWN LEVELS,"{""en"":""UNKNOWN LEVELS""}",Yuta Imai,eden,,1692230405,1,dl_unknownlevels,default,,,,,,,,assets/songs/dl_unknownlevels/1080_base_256.jpg,c2b58dcad54203645057a859524789f59cfd5ca13613b610d04ad087b58aac90,b32b39ce5463377cb188fa29efcfb466a754910392c1fb60485487d1ead6def7,90842,384,384,image/jpeg,song-jacket,low-resolution/derived candidate,arcaea:unknownlevels:default,1080_base,,true,filename base/1080_base; _256 retained as APK rendition candidate,high
unknownnum,521,+1(UNKNOWN)-NUMBER,"{""en"":""+1(UNKNOWN)-NUMBER""}",MEMODEMO × AQUASINE ^ (hackerling),single,,1771459202,1,dl_unknownnum,default,,,,,,,,assets/songs/dl_unknownnum/1080_base.jpg,c2b58dcad54203645057a859524789f59cfd5ca13613b610d04ad087b58aac90,cf64e850b5387cc359f224a21ca5d1eee54159576f58c73bca6aea66f9d0129a,207193,768,768,image/jpeg,song-jacket,primary-resolution candidate,arcaea:unknownnum:default,1080_base,,false,filename base/1080_base; _256 retained as APK rendition candidate,high
unknownnum,521,+1(UNKNOWN)-NUMBER,"{""en"":""+1(UNKNOWN)-NUMBER""}",MEMODEMO × AQUASINE ^ (hackerling),single,,1771459202,1,dl_unknownnum,default,,,,,,,,assets/songs/dl_unknownnum/1080_base_256.jpg,c2b58dcad54203645057a859524789f59cfd5ca13613b610d04ad087b58aac90,ef27c40e54a7a54c83315519ff219c317b41ebc5bc90ca9993308b85aa1c63a5,95592,384,384,image/jpeg,song-jacket,low-resolution/derived candidate,arcaea:unknownnum:default,1080_base,,true,filename base/1080_base; _256 retained as APK rendition candidate,high
usedtobe,328,Used to be,"{""en"":""Used to be""}",KIVΛ,cytusii,,1687910405,0,dl_usedtobe,default,,,,,,,,assets/songs/dl_usedtobe/1080_base.jpg,c2b58dcad54203645057a859524789f59cfd5ca13613b610d04ad087b58aac90,c579c1575bbd21f3455d7004a7f56dbef7e902732c61b2d4dbe35133ddaa6c07,269983,768,768,image/jpeg,song-jacket,primary-resolution candidate,arcaea:usedtobe:default,1080_base,,false,filename base/1080_base; _256 retained as APK rendition candidate,high
usedtobe,328,Used to be,"{""en"":""Used to be""}",KIVΛ,cytusii,,1687910405,0,dl_usedtobe,default,,,,,,,,assets/songs/dl_usedtobe/1080_base_256.jpg,c2b58dcad54203645057a859524789f59cfd5ca13613b610d04ad087b58aac90,0da542350f8ddf2d1ec0b21285c96190dc85da318c07f1fb7c3b3774286fa208,61266,384,384,image/jpeg,song-jacket,low-resolution/derived candidate,arcaea:usedtobe:default,1080_base,,true,filename base/1080_base; _256 retained as APK rendition candidate,high
vainspire,488,Vainspire,"{""en"":""Vainspire""}",satella,eclipse,,1759363202,1,dl_vainspire,default,,,,,,,,assets/songs/dl_vainspire/1080_base.jpg,c2b58dcad54203645057a859524789f59cfd5ca13613b610d04ad087b58aac90,1e41bb9caf74409e8908dfb00c32d6e6d2d75831e3ce8066ba75ad0022cfa277,429107,768,768,image/jpeg,song-jacket,primary-resolution candidate,arcaea:vainspire:default,1080_base,,false,filename base/1080_base; _256 retained as APK rendition candidate,high
vainspire,488,Vainspire,"{""en"":""Vainspire""}",satella,eclipse,,1759363202,1,dl_vainspire,default,,,,,,,,assets/songs/dl_vainspire/1080_base_256.jpg,c2b58dcad54203645057a859524789f59cfd5ca13613b610d04ad087b58aac90,d58e6c4b7ea3efbdff29261fc19f5d9a2486b6b063b0827d4cecc5357d7fa111,165535,384,384,image/jpeg,song-jacket,low-resolution/derived candidate,arcaea:vainspire:default,1080_base,,true,filename base/1080_base; _256 retained as APK rendition candidate,high
valhallazero,135,Valhalla:0,"{""en"":""Valhalla:0""}",Juggernaut.,omatsuri,,1566432004,1,dl_valhallazero,default,,,,,,,,assets/songs/dl_valhallazero/1080_base.jpg,c2b58dcad54203645057a859524789f59cfd5ca13613b610d04ad087b58aac90,19b73d906f364cd6739daedcf7d268a6f2bee35be36685ea045af61db020a3d9,256070,768,768,image/jpeg,song-jacket,primary-resolution candidate,arcaea:valhallazero:default,1080_base,,false,filename base/1080_base; _256 retained as APK rendition candidate,high
valhallazero,135,Valhalla:0,"{""en"":""Valhalla:0""}",Juggernaut.,omatsuri,,1566432004,1,dl_valhallazero,default,,,,,,,,assets/songs/dl_valhallazero/1080_base_256.jpg,c2b58dcad54203645057a859524789f59cfd5ca13613b610d04ad087b58aac90,c96ac2f0b1e5fdaa4b4aa114ee4c91e4afebc2f4eb3d5c2251c6d829b203ee93,73166,384,384,image/jpeg,song-jacket,low-resolution/derived candidate,arcaea:valhallazero:default,1080_base,,true,filename base/1080_base; _256 retained as APK rendition candidate,high
vallista,523,Vallista,"{""en"":""Vallista""}",Sakuzyo,extend_4,,1773014401,0,dl_vallista,default,,,,,,,,assets/songs/dl_vallista/1080_base.jpg,c2b58dcad54203645057a859524789f59cfd5ca13613b610d04ad087b58aac90,dc70ec7dbfccbcb6d28f67c5439f6512e920bb7e817f7dada8e9c72a67b10738,156919,768,768,image/jpeg,song-jacket,primary-resolution candidate,arcaea:vallista:default,1080_base,,false,filename base/1080_base; _256 retained as APK rendition candidate,high
vallista,523,Vallista,"{""en"":""Vallista""}",Sakuzyo,extend_4,,1773014401,0,dl_vallista,default,,,,,,,,assets/songs/dl_vallista/1080_base_256.jpg,c2b58dcad54203645057a859524789f59cfd5ca13613b610d04ad087b58aac90,c2bf4bbf1a3ecd0b6d5cf428a012013895d9163f6db58d8bb10c47ea7e744354,60144,384,384,image/jpeg,song-jacket,low-resolution/derived candidate,arcaea:vallista:default,1080_base,,true,filename base/1080_base; _256 retained as APK rendition candidate,high
vandalism,217,Vandalism,"{""en"":""Vandalism""}",Ashrount,extend,,1620691208,1,dl_vandalism,default,,,,,,,,assets/songs/dl_vandalism/1080_base.jpg,c2b58dcad54203645057a859524789f59cfd5ca13613b610d04ad087b58aac90,82bbc798e7484b910f55745809d03a43c8f6d5bcc868c4ef2dad409b41a2401f,405934,768,770,image/jpeg,song-jacket,primary-resolution candidate,arcaea:vandalism:default,1080_base,,false,filename base/1080_base; _256 retained as APK rendition candidate,high
vandalism,217,Vandalism,"{""en"":""Vandalism""}",Ashrount,extend,,1620691208,1,dl_vandalism,default,,,,,,,,assets/songs/dl_vandalism/1080_base_256.jpg,c2b58dcad54203645057a859524789f59cfd5ca13613b610d04ad087b58aac90,bdabfc4f7986769344d1f884186d6e223817948661c0ae83d22bcd995dae54f7,110082,384,385,image/jpeg,song-jacket,low-resolution/derived candidate,arcaea:vandalism:default,1080_base,,true,filename base/1080_base; _256 retained as APK rendition candidate,high
vector,120,VECTOЯ,"{""en"":""VECTOЯ""}",WHITEFISTS,base,,1556755200,1,dl_vector,default,,,,,,,,assets/songs/dl_vector/1080_base.jpg,c2b58dcad54203645057a859524789f59cfd5ca13613b610d04ad087b58aac90,66f985f424ecb8b58a65c8144c61854f77714aad62507470c6d70b35b282e525,133463,768,768,image/jpeg,song-jacket,primary-resolution candidate,arcaea:vector:default,1080_base,,false,filename base/1080_base; _256 retained as APK rendition candidate,high
vector,120,VECTOЯ,"{""en"":""VECTOЯ""}",WHITEFISTS,base,,1556755200,1,dl_vector,default,,,,,,,,assets/songs/dl_vector/1080_base_256.jpg,c2b58dcad54203645057a859524789f59cfd5ca13613b610d04ad087b58aac90,66914b9b5302d1938d97a91c7673e63a126aaa0ae7934dd2266ac7d2c56759e3,35710,384,384,image/jpeg,song-jacket,low-resolution/derived candidate,arcaea:vector:default,1080_base,,true,filename base/1080_base; _256 retained as APK rendition candidate,high
viciousheroism,116,Vicious Heroism,"{""en"":""Vicious Heroism""}",Kobaryo,zettai,,1553126405,1,dl_viciousheroism,difficulty-specific,BYD,3,True,BYD,,"{""en"":""Vicious [ANTi] Heroism""}",True,assets/songs/dl_viciousheroism/1080_3.jpg,c2b58dcad54203645057a859524789f59cfd5ca13613b610d04ad087b58aac90,d8d592e61cf03b47286084b0071fd66361bc4265a50d05d444dc6793c1b32552,320239,768,768,image/jpeg,song-jacket,primary-resolution candidate,arcaea:viciousheroism:difficulty:BYD,1080_3,,false,numeric suffix=3; filename-to-ratingClass mapping is a candidate; jacketOverride=True,high
viciousheroism,116,Vicious Heroism,"{""en"":""Vicious Heroism""}",Kobaryo,zettai,,1553126405,1,dl_viciousheroism,difficulty-specific,BYD,3,True,BYD,,"{""en"":""Vicious [ANTi] Heroism""}",True,assets/songs/dl_viciousheroism/1080_3_256.jpg,c2b58dcad54203645057a859524789f59cfd5ca13613b610d04ad087b58aac90,58068ad63d250b0f6df7af3d9ecc17ac14c7483e36635d9803c51f8fe63a59f9,113290,384,384,image/jpeg,song-jacket,low-resolution/derived candidate,arcaea:viciousheroism:difficulty:BYD,1080_3,,true,numeric suffix=3; filename-to-ratingClass mapping is a candidate; jacketOverride=True,high
viciousheroism,116,Vicious Heroism,"{""en"":""Vicious Heroism""}",Kobaryo,zettai,,1553126405,1,dl_viciousheroism,default,,,,BYD,,,,assets/songs/dl_viciousheroism/1080_base.jpg,c2b58dcad54203645057a859524789f59cfd5ca13613b610d04ad087b58aac90,065571ac25b5e1b09d238eb51abedf4fb4896ef088f037cbbedb06a1e82320b4,291896,768,768,image/jpeg,song-jacket,primary-resolution candidate,arcaea:viciousheroism:default,1080_base,,false,filename base/1080_base; _256 retained as APK rendition candidate,high
viciousheroism,116,Vicious Heroism,"{""en"":""Vicious Heroism""}",Kobaryo,zettai,,1553126405,1,dl_viciousheroism,default,,,,BYD,,,,assets/songs/dl_viciousheroism/1080_base_256.jpg,c2b58dcad54203645057a859524789f59cfd5ca13613b610d04ad087b58aac90,4e7bffca5094f551dfc347af08fcb25573a9dc1663297f3d870c513d1afb6b7e,78136,384,384,image/jpeg,song-jacket,low-resolution/derived candidate,arcaea:viciousheroism:default,1080_base,,true,filename base/1080_base; _256 retained as APK rendition candidate,high
vindication,128,Vindication,"{""en"":""Vindication""}",Laur,prelude,,1563408002,0,dl_vindication,default,,,,,,,,assets/songs/dl_vindication/1080_base.jpg,c2b58dcad54203645057a859524789f59cfd5ca13613b610d04ad087b58aac90,60d805d3dc89112c4a48e9f92f7469fc35da58b03b0833bc56b79aa46c13a91f,302054,768,768,image/jpeg,song-jacket,primary-resolution candidate,arcaea:vindication:default,1080_base,,false,filename base/1080_base; _256 retained as APK rendition candidate,high
vindication,128,Vindication,"{""en"":""Vindication""}",Laur,prelude,,1563408002,0,dl_vindication,default,,,,,,,,assets/songs/dl_vindication/1080_base_256.jpg,c2b58dcad54203645057a859524789f59cfd5ca13613b610d04ad087b58aac90,86e8fc9cf39255b1475c5cc013fc4bfa4e18c1ca899a7a169410a29417dad029,84152,384,384,image/jpeg,song-jacket,low-resolution/derived candidate,arcaea:vindication:default,1080_base,,true,filename base/1080_base; _256 retained as APK rendition candidate,high
violaillyria,487,Viola Illyria,"{""en"":""Viola Illyria""}",Kolaa,eclipse,,1759363201,0,dl_violaillyria,default,,,,,,,,assets/songs/dl_violaillyria/1080_base.jpg,c2b58dcad54203645057a859524789f59cfd5ca13613b610d04ad087b58aac90,cb9d792a5f95c8b23c66eec3667262fcbe32d11306e559c1d9012a6d8fa8d4ce,388928,768,768,image/jpeg,song-jacket,primary-resolution candidate,arcaea:violaillyria:default,1080_base,,false,filename base/1080_base; _256 retained as APK rendition candidate,high
violaillyria,487,Viola Illyria,"{""en"":""Viola Illyria""}",Kolaa,eclipse,,1759363201,0,dl_violaillyria,default,,,,,,,,assets/songs/dl_violaillyria/1080_base_256.jpg,c2b58dcad54203645057a859524789f59cfd5ca13613b610d04ad087b58aac90,ab8e431cf78f7109aff3990955f5ecf5e8adbd01993efacd77181e1d482df2bc,111492,384,384,image/jpeg,song-jacket,low-resolution/derived candidate,arcaea:violaillyria:default,1080_base,,true,filename base/1080_base; _256 retained as APK rendition candidate,high
virtus,441,ViRTUS,"{""en"":""ViRTUS""}",Hiro,maimai_append_2,,1737417602,0,dl_virtus,default,,,,,,,,assets/songs/dl_virtus/1080_base.jpg,c2b58dcad54203645057a859524789f59cfd5ca13613b610d04ad087b58aac90,099ff9361329591028e8c371ad7eeef12e0d6207d1c260c74e7ea317fcb20bc4,439976,768,768,image/jpeg,song-jacket,primary-resolution candidate,arcaea:virtus:default,1080_base,,false,filename base/1080_base; _256 retained as APK rendition candidate,high
virtus,441,ViRTUS,"{""en"":""ViRTUS""}",Hiro,maimai_append_2,,1737417602,0,dl_virtus,default,,,,,,,,assets/songs/dl_virtus/1080_base_256.jpg,c2b58dcad54203645057a859524789f59cfd5ca13613b610d04ad087b58aac90,c1596c3a31d1158b2258153094211c7128231cb7a765d2b11767bb6d6e0e38e1,145183,384,384,image/jpeg,song-jacket,low-resolution/derived candidate,arcaea:virtus:default,1080_base,,true,filename base/1080_base; _256 retained as APK rendition candidate,high
vividtheory,166,Vivid Theory,"{""en"":""Vivid Theory""}",ak+q,extend,,1590537607,0,dl_vividtheory,default,,,,,,,,assets/songs/dl_vividtheory/1080_base.jpg,c2b58dcad54203645057a859524789f59cfd5ca13613b610d04ad087b58aac90,c3aefc91f2f0df63b80130392c5c26824968d60fc385eeda1654228f0ece4a5d,276895,768,768,image/jpeg,song-jacket,primary-resolution candidate,arcaea:vividtheory:default,1080_base,,false,filename base/1080_base; _256 retained as APK rendition candidate,high
vividtheory,166,Vivid Theory,"{""en"":""Vivid Theory""}",ak+q,extend,,1590537607,0,dl_vividtheory,default,,,,,,,,assets/songs/dl_vividtheory/1080_base_256.jpg,c2b58dcad54203645057a859524789f59cfd5ca13613b610d04ad087b58aac90,d6da75a9aef76b9e0ff30deadb509f5668e48e317974e5456e9c08a2fce9498a,74036,384,384,image/jpeg,song-jacket,low-resolution/derived candidate,arcaea:vividtheory:default,1080_base,,true,filename base/1080_base; _256 retained as APK rendition candidate,high
viyella,3,cry of viyella,"{""en"":""cry of viyella""}",Laur,core,,1487980811,1,dl_viyella,default,,,,,,,,assets/songs/dl_viyella/1080_base.jpg,c2b58dcad54203645057a859524789f59cfd5ca13613b610d04ad087b58aac90,2c5b40077af2bf47b9bff97bbf7e742f480e8f8aec1480a1fc389a07e3beffae,236196,768,768,image/jpeg,song-jacket,primary-resolution candidate,arcaea:viyella:default,1080_base,,false,filename base/1080_base; _256 retained as APK rendition candidate,high
viyella,3,cry of viyella,"{""en"":""cry of viyella""}",Laur,core,,1487980811,1,dl_viyella,default,,,,,,,,assets/songs/dl_viyella/1080_base_256.jpg,c2b58dcad54203645057a859524789f59cfd5ca13613b610d04ad087b58aac90,d302def248edde929726efea77b9f733b9b88bcd801fa3ad369b17e235f47581,51365,384,384,image/jpeg,song-jacket,low-resolution/derived candidate,arcaea:viyella:default,1080_base,,true,filename base/1080_base; _256 retained as APK rendition candidate,high
viyellastears,193,Viyella's Tears,"{""en"":""Viyella's Tears""}",Laur,ongeki,,1608163202,1,dl_viyellastears,default,,,,,,,,assets/songs/dl_viyellastears/base.jpg,c2b58dcad54203645057a859524789f59cfd5ca13613b610d04ad087b58aac90,396b8d8eedc3ea3c50f0048e738265384798dd80a0444a8d79f53de331a02f07,227840,512,512,image/jpeg,song-jacket,primary-resolution candidate,arcaea:viyellastears:default,base,,false,filename base/1080_base; _256 retained as APK rendition candidate,high
viyellastears,193,Viyella's Tears,"{""en"":""Viyella's Tears""}",Laur,ongeki,,1608163202,1,dl_viyellastears,default,,,,,,,,assets/songs/dl_viyellastears/base_256.jpg,c2b58dcad54203645057a859524789f59cfd5ca13613b610d04ad087b58aac90,e303076a7da92eeacce6b467bb966ed58c2570c655882a58d6b509fe9295c822,84584,256,256,image/jpeg,song-directory-image,low-resolution/derived candidate,arcaea:viyellastears:default,base,,true,filename base/1080_base; _256 retained as APK rendition candidate,high
vulcanus,412,Vulcānus,"{""en"":""Vulcānus"",""ko_dialog"":""Vulcanus""}",Team Grimoire vs Aoi,rotaeno,,1724889605,0,dl_vulcanus,default,,,,,,,,assets/songs/dl_vulcanus/1080_base.jpg,c2b58dcad54203645057a859524789f59cfd5ca13613b610d04ad087b58aac90,28a6de88ee538e5cff6d7b594bf472395628be20e0815d9231599955b26d5b26,387768,768,768,image/jpeg,song-jacket,primary-resolution candidate,arcaea:vulcanus:default,1080_base,,false,filename base/1080_base; _256 retained as APK rendition candidate,high
vulcanus,412,Vulcānus,"{""en"":""Vulcānus"",""ko_dialog"":""Vulcanus""}",Team Grimoire vs Aoi,rotaeno,,1724889605,0,dl_vulcanus,default,,,,,,,,assets/songs/dl_vulcanus/1080_base_256.jpg,c2b58dcad54203645057a859524789f59cfd5ca13613b610d04ad087b58aac90,fc223dc6525981c498f11d14cc063bd85c2085231eb5bef85b41cb2c423b8732,146304,384,384,image/jpeg,song-jacket,low-resolution/derived candidate,arcaea:vulcanus:default,1080_base,,true,filename base/1080_base; _256 retained as APK rendition candidate,high
waitfordawn,337,WAIT FOR DAWN,"{""en"":""WAIT FOR DAWN""}",U-ske feat. 棗いつき,eden,,1692230402,0,dl_waitfordawn,default,,,,,,,,assets/songs/dl_waitfordawn/1080_base.jpg,c2b58dcad54203645057a859524789f59cfd5ca13613b610d04ad087b58aac90,80a715d877baa297352ccead1e9c07f57cc14a112a2ba7f44a8aa829e4521efd,312333,768,768,image/jpeg,song-jacket,primary-resolution candidate,arcaea:waitfordawn:default,1080_base,,false,filename base/1080_base; _256 retained as APK rendition candidate,high
waitfordawn,337,WAIT FOR DAWN,"{""en"":""WAIT FOR DAWN""}",U-ske feat. 棗いつき,eden,,1692230402,0,dl_waitfordawn,default,,,,,,,,assets/songs/dl_waitfordawn/1080_base_256.jpg,c2b58dcad54203645057a859524789f59cfd5ca13613b610d04ad087b58aac90,47fc3550c254b754bbf773a66922552168316d3994eb0d47e7c71b26114549fe,87146,384,384,image/jpeg,song-jacket,low-resolution/derived candidate,arcaea:waitfordawn:default,1080_base,,true,filename base/1080_base; _256 retained as APK rendition candidate,high
waltzforlorelei,408,Waltz for Lorelei,"{""en"":""Waltz for Lorelei""}",Sobrem & 庭師,rotaeno,,1724889601,0,dl_waltzforlorelei,default,,,,,,,,assets/songs/dl_waltzforlorelei/1080_base.jpg,c2b58dcad54203645057a859524789f59cfd5ca13613b610d04ad087b58aac90,03e411531630e1ff9400aa6daceb50fecf0d60d75b6e0a7731939dbe1dbc92b1,332148,768,768,image/jpeg,song-jacket,primary-resolution candidate,arcaea:waltzforlorelei:default,1080_base,,false,filename base/1080_base; _256 retained as APK rendition candidate,high
waltzforlorelei,408,Waltz for Lorelei,"{""en"":""Waltz for Lorelei""}",Sobrem & 庭師,rotaeno,,1724889601,0,dl_waltzforlorelei,default,,,,,,,,assets/songs/dl_waltzforlorelei/1080_base_256.jpg,c2b58dcad54203645057a859524789f59cfd5ca13613b610d04ad087b58aac90,11420ed9fc4f66a101ac880fd001a8359fc76e961d4b3dd4eacd1f8fe6c30c74,132100,384,384,image/jpeg,song-jacket,low-resolution/derived candidate,arcaea:waltzforlorelei:default,1080_base,,true,filename base/1080_base; _256 retained as APK rendition candidate,high
welcomequeen,482,"Welcome, Queen of Fiction.","{""en"":""Welcome, Queen of Fiction.""}",打打だいず,anima_append_1,,1755734404,1,dl_welcomequeen,default,,,,,,,,assets/songs/dl_welcomequeen/1080_base.jpg,c2b58dcad54203645057a859524789f59cfd5ca13613b610d04ad087b58aac90,2d91265bd299f2c4060652392ecbecc0fa5fd42807c0ed29a06c1c57641d7690,385303,768,768,image/jpeg,song-jacket,primary-resolution candidate,arcaea:welcomequeen:default,1080_base,,false,filename base/1080_base; _256 retained as APK rendition candidate,high
welcomequeen,482,"Welcome, Queen of Fiction.","{""en"":""Welcome, Queen of Fiction.""}",打打だいず,anima_append_1,,1755734404,1,dl_welcomequeen,default,,,,,,,,assets/songs/dl_welcomequeen/1080_base_256.jpg,c2b58dcad54203645057a859524789f59cfd5ca13613b610d04ad087b58aac90,bf25e32385ddcab4c508f0eba7cc1559c4a7348fc2db104365d5e1e37edc6f42,136330,384,384,image/jpeg,song-jacket,low-resolution/derived candidate,arcaea:welcomequeen:default,1080_base,,true,filename base/1080_base; _256 retained as APK rendition candidate,high
wereallgonnadie,471,We're All Gonna Die,"{""en"":""We're All Gonna Die""}",Paul Bazooka,djmax_append_1,,1750896007,1,dl_wereallgonnadie,default,,,,,,,,assets/songs/dl_wereallgonnadie/1080_base.jpg,c2b58dcad54203645057a859524789f59cfd5ca13613b610d04ad087b58aac90,bdb9045aff681d8d33f8963c83a35e896cd70c7a9357824be4cf060f0b58d7e8,145404,768,768,image/jpeg,song-jacket,primary-resolution candidate,arcaea:wereallgonnadie:default,1080_base,,false,filename base/1080_base; _256 retained as APK rendition candidate,high
wereallgonnadie,471,We're All Gonna Die,"{""en"":""We're All Gonna Die""}",Paul Bazooka,djmax_append_1,,1750896007,1,dl_wereallgonnadie,default,,,,,,,,assets/songs/dl_wereallgonnadie/1080_base_256.jpg,c2b58dcad54203645057a859524789f59cfd5ca13613b610d04ad087b58aac90,496dfd94f5ef114070c4fbbd090875893f8eaffde9ef10ff6bf912a531cde14e,70712,384,384,image/jpeg,song-jacket,low-resolution/derived candidate,arcaea:wereallgonnadie:default,1080_base,,true,filename base/1080_base; _256 retained as APK rendition candidate,high
wishuponasnow,363,Wish Upon a Snow,"{""en"":""Wish Upon a Snow""}",打打だいず,single,,1701302406,0,dl_wishuponasnow,default,,,,,,,,assets/songs/dl_wishuponasnow/1080_base.jpg,c2b58dcad54203645057a859524789f59cfd5ca13613b610d04ad087b58aac90,61ee35213b94ba82db72f535d471ed1bb028ce4cfe077a279cf35494a19fcdc8,248519,768,768,image/jpeg,song-jacket,primary-resolution candidate,arcaea:wishuponasnow:default,1080_base,,false,filename base/1080_base; _256 retained as APK rendition candidate,high
wishuponasnow,363,Wish Upon a Snow,"{""en"":""Wish Upon a Snow""}",打打だいず,single,,1701302406,0,dl_wishuponasnow,default,,,,,,,,assets/songs/dl_wishuponasnow/1080_base_256.jpg,c2b58dcad54203645057a859524789f59cfd5ca13613b610d04ad087b58aac90,b67b9ef1bd4632a52eabc2a2929f52ac682a10f805bb6c9c7d1a62038d303ac6,97068,384,384,image/jpeg,song-jacket,low-resolution/derived candidate,arcaea:wishuponasnow:default,1080_base,,true,filename base/1080_base; _256 retained as APK rendition candidate,high
withu,229,with U,"{""en"":""with U""}",t+pazolite & Massive New Krew feat. リリィ(CV:青木志貴),wacca,,1628553601,0,dl_withu,default,,,,,,,,assets/songs/dl_withu/1080_base.jpg,c2b58dcad54203645057a859524789f59cfd5ca13613b610d04ad087b58aac90,32ed8c594a0218bb0b6a90593f03fc78ef928e39eae85ea15d4bae5e5d8f248e,234206,768,768,image/jpeg,song-jacket,primary-resolution candidate,arcaea:withu:default,1080_base,,false,filename base/1080_base; _256 retained as APK rendition candidate,high
withu,229,with U,"{""en"":""with U""}",t+pazolite & Massive New Krew feat. リリィ(CV:青木志貴),wacca,,1628553601,0,dl_withu,default,,,,,,,,assets/songs/dl_withu/1080_base_256.jpg,c2b58dcad54203645057a859524789f59cfd5ca13613b610d04ad087b58aac90,ba3b6cc8dbf46b3dd680919b9d62bae7fc76e694ed165b42afa63bb0001cb493,67359,384,384,image/jpeg,song-jacket,low-resolution/derived candidate,arcaea:withu:default,1080_base,,true,filename base/1080_base; _256 retained as APK rendition candidate,high
wontbackdown,456,Won't Back Down,"{""en"":""Won't Back Down""}",Pure 100% / KASA,extend_3,,1747872000,1,dl_wontbackdown,default,,,,,,,,assets/songs/dl_wontbackdown/1080_base.jpg,c2b58dcad54203645057a859524789f59cfd5ca13613b610d04ad087b58aac90,d73a0db6c2a779744f8b0df42e054fb7ccdf44ce4161c56bf6c55991e4e26830,304089,768,768,image/jpeg,song-jacket,primary-resolution candidate,arcaea:wontbackdown:default,1080_base,,false,filename base/1080_base; _256 retained as APK rendition candidate,high
wontbackdown,456,Won't Back Down,"{""en"":""Won't Back Down""}",Pure 100% / KASA,extend_3,,1747872000,1,dl_wontbackdown,default,,,,,,,,assets/songs/dl_wontbackdown/1080_base_256.jpg,c2b58dcad54203645057a859524789f59cfd5ca13613b610d04ad087b58aac90,fe2dc99cf95656dea44b1b8ea1c9f5255c90fc09c1a369dc9189a82b5366a96e,128023,384,384,image/jpeg,song-jacket,low-resolution/derived candidate,arcaea:wontbackdown:default,1080_base,,true,filename base/1080_base; _256 retained as APK rendition candidate,high
worldender,277,World Ender,"{""en"":""World Ender"",""ja"":""魔王""}",sasakure.UK × TJ.hangneil,finale,,1657152006,0,dl_worldender,default,,,,,,,,assets/songs/dl_worldender/1080_base.jpg,c2b58dcad54203645057a859524789f59cfd5ca13613b610d04ad087b58aac90,47f1644c6e7954d3fd002a5f54f67e11b268bb61a3e019abe3a65d5366c3fdb0,282497,768,768,image/jpeg,song-jacket,primary-resolution candidate,arcaea:worldender:default,1080_base,,false,filename base/1080_base; _256 retained as APK rendition candidate,high
worldender,277,World Ender,"{""en"":""World Ender"",""ja"":""魔王""}",sasakure.UK × TJ.hangneil,finale,,1657152006,0,dl_worldender,default,,,,,,,,assets/songs/dl_worldender/1080_base_256.jpg,c2b58dcad54203645057a859524789f59cfd5ca13613b610d04ad087b58aac90,42b7156db15b8f14a47f391a1498853c26cbf1ae110aebcecde8d732c04147e7,69521,384,384,image/jpeg,song-jacket,low-resolution/derived candidate,arcaea:worldender:default,1080_base,,true,filename base/1080_base; _256 retained as APK rendition candidate,high
worldfragments,296,World Fragments III(radio edit),"{""en"":""World Fragments III(radio edit)""}",xi,extend_2,,1674691202,0,dl_worldfragments,default,,,,,,,,assets/songs/dl_worldfragments/1080_base.jpg,c2b58dcad54203645057a859524789f59cfd5ca13613b610d04ad087b58aac90,6c01e6c8190f6a15ebfaaf38c8f643a64f6d68d96d5a7939ab9fd753802b8a01,232678,768,768,image/jpeg,song-jacket,primary-resolution candidate,arcaea:worldfragments:default,1080_base,,false,filename base/1080_base; _256 retained as APK rendition candidate,high
worldfragments,296,World Fragments III(radio edit),"{""en"":""World Fragments III(radio edit)""}",xi,extend_2,,1674691202,0,dl_worldfragments,default,,,,,,,,assets/songs/dl_worldfragments/1080_base_256.jpg,c2b58dcad54203645057a859524789f59cfd5ca13613b610d04ad087b58aac90,64504819d16f48d1cde386cc3afcb8b5f761a8e4710c50adbc14771a5e0353f3,64033,384,384,image/jpeg,song-jacket,low-resolution/derived candidate,arcaea:worldfragments:default,1080_base,,true,filename base/1080_base; _256 retained as APK rendition candidate,high
worldvanquisher,125,World Vanquisher,"{""en"":""World Vanquisher""}",void (Mournfinale),chunithm,,1558573202,0,dl_worldvanquisher,default,,,,,,,,assets/songs/dl_worldvanquisher/1080_base.jpg,c2b58dcad54203645057a859524789f59cfd5ca13613b610d04ad087b58aac90,b075bc927bcaa984e475118c3e10315e754aac89baf2d68450bf570002a47167,327472,768,768,image/jpeg,song-jacket,primary-resolution candidate,arcaea:worldvanquisher:default,1080_base,,false,filename base/1080_base; _256 retained as APK rendition candidate,high
worldvanquisher,125,World Vanquisher,"{""en"":""World Vanquisher""}",void (Mournfinale),chunithm,,1558573202,0,dl_worldvanquisher,default,,,,,,,,assets/songs/dl_worldvanquisher/1080_base_256.jpg,c2b58dcad54203645057a859524789f59cfd5ca13613b610d04ad087b58aac90,7f6998d16191c47096fb3dcd0c50894c13b879314c0e7a6af53a64cf7c744e76,92975,384,384,image/jpeg,song-jacket,low-resolution/derived candidate,arcaea:worldvanquisher:default,1080_base,,true,filename base/1080_base; _256 retained as APK rendition candidate,high
xanatos,181,Xanatos,"{""en"":""Xanatos""}",Tatsh,single,,1605744000,1,dl_xanatos,default,,,,,,,,assets/songs/dl_xanatos/1080_base.jpg,c2b58dcad54203645057a859524789f59cfd5ca13613b610d04ad087b58aac90,ae3c8a4a0c8b46567e22cf78795203ffde2048fcadfa305c0845f93920ff1180,365530,768,768,image/jpeg,song-jacket,primary-resolution candidate,arcaea:xanatos:default,1080_base,,false,filename base/1080_base; _256 retained as APK rendition candidate,high
xanatos,181,Xanatos,"{""en"":""Xanatos""}",Tatsh,single,,1605744000,1,dl_xanatos,default,,,,,,,,assets/songs/dl_xanatos/1080_base_256.jpg,c2b58dcad54203645057a859524789f59cfd5ca13613b610d04ad087b58aac90,d7a8d3fdfe1833f5fabe81f0be846b95c3f049d77cd450bf29062a1f9d2459fd,94353,384,384,image/jpeg,song-jacket,low-resolution/derived candidate,arcaea:xanatos:default,1080_base,,true,filename base/1080_base; _256 retained as APK rendition candidate,high
xeraphinite,179,Xeraphinite,"{""en"":""Xeraphinite""}",BlackY,single,,1604016001,0,dl_xeraphinite,default,,,,,,,,assets/songs/dl_xeraphinite/1080_base.jpg,c2b58dcad54203645057a859524789f59cfd5ca13613b610d04ad087b58aac90,ee5eff6708b7bd1acb20a7a4231697b48a057b4478f23018d37344ccb8573080,226239,768,768,image/jpeg,song-jacket,primary-resolution candidate,arcaea:xeraphinite:default,1080_base,,false,filename base/1080_base; _256 retained as APK rendition candidate,high
xeraphinite,179,Xeraphinite,"{""en"":""Xeraphinite""}",BlackY,single,,1604016001,0,dl_xeraphinite,default,,,,,,,,assets/songs/dl_xeraphinite/1080_base_256.jpg,c2b58dcad54203645057a859524789f59cfd5ca13613b610d04ad087b58aac90,08f1240a34f7fe61bdee1ab8350df4dfb6c1bd4210692867cba5bb9e2629685c,63143,384,384,image/jpeg,song-jacket,low-resolution/derived candidate,arcaea:xeraphinite:default,1080_base,,true,filename base/1080_base; _256 retained as APK rendition candidate,high
xterfusion,499,Xterfusion,"{""en"":""Xterfusion""}",REDALiCE × t+pazolite,single,,1761782406,1,dl_xterfusion,default,,,,,,,,assets/songs/dl_xterfusion/1080_base.jpg,c2b58dcad54203645057a859524789f59cfd5ca13613b610d04ad087b58aac90,7fd18b1997b591a004df3c7aa2e5ee9f1839290a3faf0200ecd9e3a9531697e7,383745,768,768,image/jpeg,song-jacket,primary-resolution candidate,arcaea:xterfusion:default,1080_base,,false,filename base/1080_base; _256 retained as APK rendition candidate,high
xterfusion,499,Xterfusion,"{""en"":""Xterfusion""}",REDALiCE × t+pazolite,single,,1761782406,1,dl_xterfusion,default,,,,,,,,assets/songs/dl_xterfusion/1080_base_256.jpg,c2b58dcad54203645057a859524789f59cfd5ca13613b610d04ad087b58aac90,1a842a823adb9a5ef314d2d3c146e953f90725f2121cf64b136c21fef8e236a6,105519,384,384,image/jpeg,song-jacket,low-resolution/derived candidate,arcaea:xterfusion:default,1080_base,,true,filename base/1080_base; _256 retained as APK rendition candidate,high
xtreme,359,XTREME,"{""en"":""XTREME""}",USAO,wacca_append_1,,1701302402,1,dl_xtreme,default,,,,,,,,assets/songs/dl_xtreme/1080_base.jpg,c2b58dcad54203645057a859524789f59cfd5ca13613b610d04ad087b58aac90,b3e6cc2ac693d80f0aafeb7fe15fc61814a8e92c204908873ee8778e1b543e66,525329,768,768,image/jpeg,song-jacket,primary-resolution candidate,arcaea:xtreme:default,1080_base,,false,filename base/1080_base; _256 retained as APK rendition candidate,high
xtreme,359,XTREME,"{""en"":""XTREME""}",USAO,wacca_append_1,,1701302402,1,dl_xtreme,default,,,,,,,,assets/songs/dl_xtreme/1080_base_256.jpg,c2b58dcad54203645057a859524789f59cfd5ca13613b610d04ad087b58aac90,cb711260a787825e4dccdf7ac6b2e0a7ff5fc788556036c1b0d11f249ca40dd9,128069,384,384,image/jpeg,song-jacket,low-resolution/derived candidate,arcaea:xtreme:default,1080_base,,true,filename base/1080_base; _256 retained as APK rendition candidate,high
xxium,497,Xxium and Purple haze,"{""en"":""Xxium and Purple haze""}",D.watt,extend_4,,1761782404,1,dl_xxium,default,,,,,,,,assets/songs/dl_xxium/1080_base.jpg,c2b58dcad54203645057a859524789f59cfd5ca13613b610d04ad087b58aac90,232f3e69941cd043acea73917d034700d7dc832523d856a87867fbe5a92215a6,509961,768,768,image/jpeg,song-jacket,primary-resolution candidate,arcaea:xxium:default,1080_base,,false,filename base/1080_base; _256 retained as APK rendition candidate,high
xxium,497,Xxium and Purple haze,"{""en"":""Xxium and Purple haze""}",D.watt,extend_4,,1761782404,1,dl_xxium,default,,,,,,,,assets/songs/dl_xxium/1080_base_256.jpg,c2b58dcad54203645057a859524789f59cfd5ca13613b610d04ad087b58aac90,dac589d6ec6bbc21af6956ffaf90b37f27637f3b409e16c0c9af2d949a98b105,136905,384,384,image/jpeg,song-jacket,low-resolution/derived candidate,arcaea:xxium:default,1080_base,,true,filename base/1080_base; _256 retained as APK rendition candidate,high
yomibitoshirazu,442,yomibito_shirazu,"{""en"":""yomibito_shirazu"",""ja"":""ヨミビトシラズ""}",Limonène (サノカモメ+月島春果),maimai_append_2,,1737417602,0,dl_yomibitoshirazu,default,,,,,,,,assets/songs/dl_yomibitoshirazu/1080_base.jpg,c2b58dcad54203645057a859524789f59cfd5ca13613b610d04ad087b58aac90,88acb9ab3024c7e03fde09d667893265abf31295b3f5d2ad61c0d417461b0e62,407151,768,768,image/jpeg,song-jacket,primary-resolution candidate,arcaea:yomibitoshirazu:default,1080_base,,false,filename base/1080_base; _256 retained as APK rendition candidate,high
yomibitoshirazu,442,yomibito_shirazu,"{""en"":""yomibito_shirazu"",""ja"":""ヨミビトシラズ""}",Limonène (サノカモメ+月島春果),maimai_append_2,,1737417602,0,dl_yomibitoshirazu,default,,,,,,,,assets/songs/dl_yomibitoshirazu/1080_base_256.jpg,c2b58dcad54203645057a859524789f59cfd5ca13613b610d04ad087b58aac90,6a6b3bb41ddb09631f272adbaccad7ad4fe10eb0f917659ea49804564ec17867,134043,384,384,image/jpeg,song-jacket,low-resolution/derived candidate,arcaea:yomibitoshirazu:default,1080_base,,true,filename base/1080_base; _256 retained as APK rendition candidate,high
yourbestnightmare,446,Your Best Nightmare,"{""en"":""Your Best Nightmare"",""ja"":""最高の悪夢""}",Toby Fox,undertale,,1741478402,1,dl_yourbestnightmare,default,,,,,,,,assets/songs/dl_yourbestnightmare/1080_base.jpg,c2b58dcad54203645057a859524789f59cfd5ca13613b610d04ad087b58aac90,5a03d5ed685c99c6d2823039820973451d94b9c8de56ffe51ed203516fedff77,106307,768,768,image/jpeg,song-jacket,primary-resolution candidate,arcaea:yourbestnightmare:default,1080_base,,false,filename base/1080_base; _256 retained as APK rendition candidate,high
yourbestnightmare,446,Your Best Nightmare,"{""en"":""Your Best Nightmare"",""ja"":""最高の悪夢""}",Toby Fox,undertale,,1741478402,1,dl_yourbestnightmare,default,,,,,,,,assets/songs/dl_yourbestnightmare/1080_base_256.jpg,c2b58dcad54203645057a859524789f59cfd5ca13613b610d04ad087b58aac90,8a9016a7c93d7ea02c59e2b9ea58b8c01bf7e8d1ad81a00df82c911297b24e44,42302,384,384,image/jpeg,song-jacket,low-resolution/derived candidate,arcaea:yourbestnightmare:default,1080_base,,true,filename base/1080_base; _256 retained as APK rendition candidate,high
yourvoiceso,31,Your voice so... feat. Such,"{""en"":""Your voice so... feat. Such""}",PSYQUI,single,,1496188804,0,dl_yourvoiceso,default,,,,,,,,assets/songs/dl_yourvoiceso/1080_base.jpg,c2b58dcad54203645057a859524789f59cfd5ca13613b610d04ad087b58aac90,6469a4b8dd483df25737c1ea7f55a8b24332b4fd4b7b5f9c33b09ad9eae675ae,154283,768,768,image/jpeg,song-jacket,primary-resolution candidate,arcaea:yourvoiceso:default,1080_base,,false,filename base/1080_base; _256 retained as APK rendition candidate,high
yourvoiceso,31,Your voice so... feat. Such,"{""en"":""Your voice so... feat. Such""}",PSYQUI,single,,1496188804,0,dl_yourvoiceso,default,,,,,,,,assets/songs/dl_yourvoiceso/1080_base_256.jpg,c2b58dcad54203645057a859524789f59cfd5ca13613b610d04ad087b58aac90,9002ecbdf5d390b6c5f29d41231c31d932ab859edad445e6064ab5900251f139,48168,384,384,image/jpeg,song-jacket,low-resolution/derived candidate,arcaea:yourvoiceso:default,1080_base,,true,filename base/1080_base; _256 retained as APK rendition candidate,high
yozakurafubuki,61,Yosakura Fubuki,"{""en"":""Yosakura Fubuki"",""ja"":""夜桜吹雪""}",A.SAKA,single,,1511481601,0,dl_yozakurafubuki,default,,,,,,,,assets/songs/dl_yozakurafubuki/1080_base.jpg,c2b58dcad54203645057a859524789f59cfd5ca13613b610d04ad087b58aac90,7ff0097443b441903609fe56b869c0ba3390234063ed0c29a34c83e3cdc43e3c,356452,768,768,image/jpeg,song-jacket,primary-resolution candidate,arcaea:yozakurafubuki:default,1080_base,,false,filename base/1080_base; _256 retained as APK rendition candidate,high
yozakurafubuki,61,Yosakura Fubuki,"{""en"":""Yosakura Fubuki"",""ja"":""夜桜吹雪""}",A.SAKA,single,,1511481601,0,dl_yozakurafubuki,default,,,,,,,,assets/songs/dl_yozakurafubuki/1080_base_256.jpg,c2b58dcad54203645057a859524789f59cfd5ca13613b610d04ad087b58aac90,596471b4d1981b30f1ce3b384de3aafb5fe554b14be7947e5b3ac0ef4d5322dd,90677,384,384,image/jpeg,song-jacket,low-resolution/derived candidate,arcaea:yozakurafubuki:default,1080_base,,true,filename base/1080_base; _256 retained as APK rendition candidate,high
zephyrlast,502,zephyrlasting,"{""en"":""zephyrlasting""}",s-don × nitro (lowiro),nextstage,,1763769602,1,dl_zephyrlast,default,,,,,,,,assets/songs/dl_zephyrlast/1080_base.jpg,c2b58dcad54203645057a859524789f59cfd5ca13613b610d04ad087b58aac90,5c6aed98efa0fb8a26c69eb0507215c558f56d6ff3914270ff11c16d841880a0,528792,768,768,image/jpeg,song-jacket,primary-resolution candidate,arcaea:zephyrlast:default,1080_base,,false,filename base/1080_base; _256 retained as APK rendition candidate,high
zephyrlast,502,zephyrlasting,"{""en"":""zephyrlasting""}",s-don × nitro (lowiro),nextstage,,1763769602,1,dl_zephyrlast,default,,,,,,,,assets/songs/dl_zephyrlast/1080_base_256.jpg,c2b58dcad54203645057a859524789f59cfd5ca13613b610d04ad087b58aac90,ec67a94843b2f7378793c26b833ff8ae7f9c78b1a5dd9133d7a7b30b9cce3c40,145522,384,384,image/jpeg,song-jacket,low-resolution/derived candidate,arcaea:zephyrlast:default,1080_base,,true,filename base/1080_base; _256 retained as APK rendition candidate,high
epicurus,390,Hidden Rainbows of Epicurus,"{""en"":""Hidden Rainbows of Epicurus"",""ja"":""エピクロスの虹はもう見えない""}",SYNC.ART'S feat.Misato,base,,1717027200,0,epicurus,default,,,,,,,,assets/songs/epicurus/1080_base.jpg,c2b58dcad54203645057a859524789f59cfd5ca13613b610d04ad087b58aac90,5659373c6d03174c0fadefb98a7ed6d5e6bbfaf87df891416d4f24abdda800c7,401893,768,768,image/jpeg,song-jacket,primary-resolution candidate,arcaea:epicurus:default,1080_base,,false,filename base/1080_base; _256 retained as APK rendition candidate,high
epicurus,390,Hidden Rainbows of Epicurus,"{""en"":""Hidden Rainbows of Epicurus"",""ja"":""エピクロスの虹はもう見えない""}",SYNC.ART'S feat.Misato,base,,1717027200,0,epicurus,default,,,,,,,,assets/songs/epicurus/1080_base_256.jpg,c2b58dcad54203645057a859524789f59cfd5ca13613b610d04ad087b58aac90,4970727325139c8d38b9aa85c8fa7ef53e108df840db6f182b5a7cf6059b104a,135987,384,384,image/jpeg,song-jacket,low-resolution/derived candidate,arcaea:epicurus:default,1080_base,,true,filename base/1080_base; _256 retained as APK rendition candidate,high
fairytale,6,Fairytale,"{""en"":""Fairytale""}",chitose,base,,1487980801,0,fairytale,difficulty-specific,BYD,3,True,BYD,,,,assets/songs/fairytale/1080_3.jpg,c2b58dcad54203645057a859524789f59cfd5ca13613b610d04ad087b58aac90,78e5eaeab6f7b2dd83b64794e62629dd828d55992a7da99bb8eb12ad1ec6cf65,210908,768,768,image/jpeg,song-jacket,primary-resolution candidate,arcaea:fairytale:difficulty:BYD,1080_3,,false,numeric suffix=3; filename-to-ratingClass mapping is a candidate; jacketOverride=True,high
fairytale,6,Fairytale,"{""en"":""Fairytale""}",chitose,base,,1487980801,0,fairytale,difficulty-specific,BYD,3,True,BYD,,,,assets/songs/fairytale/1080_3_256.jpg,c2b58dcad54203645057a859524789f59cfd5ca13613b610d04ad087b58aac90,b65b8d7b26a3309c412fbc547e850221675c987a71f17aa061725b5543f9c3b6,51561,384,384,image/jpeg,song-jacket,low-resolution/derived candidate,arcaea:fairytale:difficulty:BYD,1080_3,,true,numeric suffix=3; filename-to-ratingClass mapping is a candidate; jacketOverride=True,high
fairytale,6,Fairytale,"{""en"":""Fairytale""}",chitose,base,,1487980801,0,fairytale,default,,,,BYD,,,,assets/songs/fairytale/1080_base.jpg,c2b58dcad54203645057a859524789f59cfd5ca13613b610d04ad087b58aac90,17cd6bb5b797dfb12f89e451a8944d91b8d3588653fa289ad80d9c55e868c7b5,230941,768,768,image/jpeg,song-jacket,primary-resolution candidate,arcaea:fairytale:default,1080_base,,false,filename base/1080_base; _256 retained as APK rendition candidate,high
fairytale,6,Fairytale,"{""en"":""Fairytale""}",chitose,base,,1487980801,0,fairytale,default,,,,BYD,,,,assets/songs/fairytale/1080_base_256.jpg,c2b58dcad54203645057a859524789f59cfd5ca13613b610d04ad087b58aac90,07b38f0d867b248cb7e9c23f1d4ba23b4048b9791925696e33c5c0275d221855,57399,384,384,image/jpeg,song-jacket,low-resolution/derived candidate,arcaea:fairytale:default,1080_base,,true,filename base/1080_base; _256 retained as APK rendition candidate,high
grimheart,119,Grimheart,"{""en"":""Grimheart""}",Puru,base,,1553126400,0,grimheart,default,,,,,,,,assets/songs/grimheart/1080_base.jpg,c2b58dcad54203645057a859524789f59cfd5ca13613b610d04ad087b58aac90,06160750fd7a031baa45870093018aea0b3fda3acedcf22a5b71800d6e30667a,268471,768,768,image/jpeg,song-jacket,primary-resolution candidate,arcaea:grimheart:default,1080_base,,false,filename base/1080_base; _256 retained as APK rendition candidate,high
grimheart,119,Grimheart,"{""en"":""Grimheart""}",Puru,base,,1553126400,0,grimheart,default,,,,,,,,assets/songs/grimheart/1080_base_256.jpg,c2b58dcad54203645057a859524789f59cfd5ca13613b610d04ad087b58aac90,2b89d063f528f9d276ac969ea89feedfea47f5751b71b01883ca52939962a088,63428,384,384,image/jpeg,song-jacket,low-resolution/derived candidate,arcaea:grimheart:default,1080_base,,true,filename base/1080_base; _256 retained as APK rendition candidate,high
infinityheaven,22,Infinity Heaven,"{""en"":""Infinity Heaven""}",HyuN,base,,1491868800,0,infinityheaven,difficulty-specific,BYD,3,True,BYD,,,,assets/songs/infinityheaven/1080_3.jpg,c2b58dcad54203645057a859524789f59cfd5ca13613b610d04ad087b58aac90,96e68706acbc4c1f2b9add36a1269692d00ef6803250c6b896e0eaed2978869e,243181,768,768,image/jpeg,song-jacket,primary-resolution candidate,arcaea:infinityheaven:difficulty:BYD,1080_3,,false,numeric suffix=3; filename-to-ratingClass mapping is a candidate; jacketOverride=True,high
infinityheaven,22,Infinity Heaven,"{""en"":""Infinity Heaven""}",HyuN,base,,1491868800,0,infinityheaven,difficulty-specific,BYD,3,True,BYD,,,,assets/songs/infinityheaven/1080_3_256.jpg,c2b58dcad54203645057a859524789f59cfd5ca13613b610d04ad087b58aac90,0cb3cb500b8ed6d8544b42ebd4b92c11eae64326195b52db22a096e627708df9,65989,384,384,image/jpeg,song-jacket,low-resolution/derived candidate,arcaea:infinityheaven:difficulty:BYD,1080_3,,true,numeric suffix=3; filename-to-ratingClass mapping is a candidate; jacketOverride=True,high
infinityheaven,22,Infinity Heaven,"{""en"":""Infinity Heaven""}",HyuN,base,,1491868800,0,infinityheaven,default,,,,BYD,,,,assets/songs/infinityheaven/1080_base.jpg,c2b58dcad54203645057a859524789f59cfd5ca13613b610d04ad087b58aac90,c4f3f2353793944937fdcea48bb5dc0368e986368d7dcbc3265c9264a3a4b663,187495,768,768,image/jpeg,song-jacket,primary-resolution candidate,arcaea:infinityheaven:default,1080_base,,false,filename base/1080_base; _256 retained as APK rendition candidate,high
infinityheaven,22,Infinity Heaven,"{""en"":""Infinity Heaven""}",HyuN,base,,1491868800,0,infinityheaven,default,,,,BYD,,,,assets/songs/infinityheaven/1080_base_256.jpg,c2b58dcad54203645057a859524789f59cfd5ca13613b610d04ad087b58aac90,4923c409289a0106a5f6de2cf8b90b797d1a0ceba7459467e3ae44a0d9abe201,54302,384,384,image/jpeg,song-jacket,low-resolution/derived candidate,arcaea:infinityheaven:default,1080_base,,true,filename base/1080_base; _256 retained as APK rendition candidate,high
inkarusi,81,inkar-usi,"{""en"":""inkar-usi""}",DIA,base,,1529539200,0,inkarusi,difficulty-specific,BYD,3,True,BYD,,,,assets/songs/inkarusi/1080_3.jpg,c2b58dcad54203645057a859524789f59cfd5ca13613b610d04ad087b58aac90,b1c4b4f3e46b79c68a15f8a625b266c5e5f6138984b0c5c18fa01a192b50acba,191314,768,768,image/jpeg,song-jacket,primary-resolution candidate,arcaea:inkarusi:difficulty:BYD,1080_3,,false,numeric suffix=3; filename-to-ratingClass mapping is a candidate; jacketOverride=True,high
inkarusi,81,inkar-usi,"{""en"":""inkar-usi""}",DIA,base,,1529539200,0,inkarusi,difficulty-specific,BYD,3,True,BYD,,,,assets/songs/inkarusi/1080_3_256.jpg,c2b58dcad54203645057a859524789f59cfd5ca13613b610d04ad087b58aac90,61adc3cb7b8afb98a4f362f2bedd0a5db60222adaf3e089d9ac2ac3bd753e93b,71716,384,384,image/jpeg,song-jacket,low-resolution/derived candidate,arcaea:inkarusi:difficulty:BYD,1080_3,,true,numeric suffix=3; filename-to-ratingClass mapping is a candidate; jacketOverride=True,high
inkarusi,81,inkar-usi,"{""en"":""inkar-usi""}",DIA,base,,1529539200,0,inkarusi,default,,,,BYD,,,,assets/songs/inkarusi/1080_base.jpg,c2b58dcad54203645057a859524789f59cfd5ca13613b610d04ad087b58aac90,e9cb07bf359c77569a66714884f65931368f0e90b51f3ab393f7222f84744c2c,314837,768,768,image/jpeg,song-jacket,primary-resolution candidate,arcaea:inkarusi:default,1080_base,,false,filename base/1080_base; _256 retained as APK rendition candidate,high
inkarusi,81,inkar-usi,"{""en"":""inkar-usi""}",DIA,base,,1529539200,0,inkarusi,default,,,,BYD,,,,assets/songs/inkarusi/1080_base_256.jpg,c2b58dcad54203645057a859524789f59cfd5ca13613b610d04ad087b58aac90,7caf8f816963c239ebe0d1c7f9b5a6a300748a38ca240fe20d748c158fa24129,120284,384,384,image/jpeg,song-jacket,low-resolution/derived candidate,arcaea:inkarusi:default,1080_base,,true,filename base/1080_base; _256 retained as APK rendition candidate,high
jingle,371,Jingle,"{""en"":""Jingle""}",DJ Noriken,base,,1709856003,0,jingle,default,,,,,,,,assets/songs/jingle/1080_base.jpg,c2b58dcad54203645057a859524789f59cfd5ca13613b610d04ad087b58aac90,b1b50b2e6acbccdf7d6b84bd9d999c85334a45f2d6e5acea29baa22c4d77c93e,298021,768,768,image/jpeg,song-jacket,primary-resolution candidate,arcaea:jingle:default,1080_base,,false,filename base/1080_base; _256 retained as APK rendition candidate,high
jingle,371,Jingle,"{""en"":""Jingle""}",DJ Noriken,base,,1709856003,0,jingle,default,,,,,,,,assets/songs/jingle/1080_base_256.jpg,c2b58dcad54203645057a859524789f59cfd5ca13613b610d04ad087b58aac90,926224bc2e4319c3b05f5c7680c0e059059523b841115e4795d7c0dcb5e4ed96,117292,384,384,image/jpeg,song-jacket,low-resolution/derived candidate,arcaea:jingle:default,1080_base,,true,filename base/1080_base; _256 retained as APK rendition candidate,high
lostcivilization,1,Lost Civilization,"{""en"":""Lost Civilization""}",Laur vs CK,base,,1487980808,1,lostcivilization,difficulty-specific,BYD,3,True,BYD,,,,assets/songs/lostcivilization/1080_3.jpg,c2b58dcad54203645057a859524789f59cfd5ca13613b610d04ad087b58aac90,1d2a911ae9cbfa39ad5a56019491650f3fb7fef0775eb9ac0d1717acce5cec93,403788,768,768,image/jpeg,song-jacket,primary-resolution candidate,arcaea:lostcivilization:difficulty:BYD,1080_3,,false,numeric suffix=3; filename-to-ratingClass mapping is a candidate; jacketOverride=True,high
lostcivilization,1,Lost Civilization,"{""en"":""Lost Civilization""}",Laur vs CK,base,,1487980808,1,lostcivilization,difficulty-specific,BYD,3,True,BYD,,,,assets/songs/lostcivilization/1080_3_256.jpg,c2b58dcad54203645057a859524789f59cfd5ca13613b610d04ad087b58aac90,7043e88f0b56fd61d13b8ceebc432efdc49f6fd3acc39e0d20a95d6aaf4c9af6,94639,384,384,image/jpeg,song-jacket,low-resolution/derived candidate,arcaea:lostcivilization:difficulty:BYD,1080_3,,true,numeric suffix=3; filename-to-ratingClass mapping is a candidate; jacketOverride=True,high
lostcivilization,1,Lost Civilization,"{""en"":""Lost Civilization""}",Laur vs CK,base,,1487980808,1,lostcivilization,default,,,,BYD,,,,assets/songs/lostcivilization/base.jpg,c2b58dcad54203645057a859524789f59cfd5ca13613b610d04ad087b58aac90,60a2b739b289b174420ab12d6d9efb6271f992accc64b300087bb1436a9107d2,138314,500,500,image/jpeg,song-jacket,primary-resolution candidate,arcaea:lostcivilization:default,base,,false,filename base/1080_base; _256 retained as APK rendition candidate,high
lostcivilization,1,Lost Civilization,"{""en"":""Lost Civilization""}",Laur vs CK,base,,1487980808,1,lostcivilization,default,,,,BYD,,,,assets/songs/lostcivilization/base_256.jpg,c2b58dcad54203645057a859524789f59cfd5ca13613b610d04ad087b58aac90,f0fd44212b509bf5b49cb67ada59943711822ed8c20e5a026dde5d8dbe2cda4b,39034,256,256,image/jpeg,song-directory-image,low-resolution/derived candidate,arcaea:lostcivilization:default,base,,true,filename base/1080_base; _256 retained as APK rendition candidate,high
oblivia,152,Oblivia,"{""en"":""Oblivia""}",Saiph,base,,1585094400,0,oblivia,difficulty-specific,BYD,3,True,BYD,,,,assets/songs/oblivia/1080_3.jpg,c2b58dcad54203645057a859524789f59cfd5ca13613b610d04ad087b58aac90,dbe331c38d3d9c17ef9b02d9a5b99191e9284bc6d82c8f2192fe0358638b32f4,342814,768,768,image/jpeg,song-jacket,primary-resolution candidate,arcaea:oblivia:difficulty:BYD,1080_3,,false,numeric suffix=3; filename-to-ratingClass mapping is a candidate; jacketOverride=True,high
oblivia,152,Oblivia,"{""en"":""Oblivia""}",Saiph,base,,1585094400,0,oblivia,difficulty-specific,BYD,3,True,BYD,,,,assets/songs/oblivia/1080_3_256.jpg,c2b58dcad54203645057a859524789f59cfd5ca13613b610d04ad087b58aac90,307cd507387bbeb72a03fab73bb9117fb9acc5645d111389b340d5b6fe09a00a,133024,384,384,image/jpeg,song-jacket,low-resolution/derived candidate,arcaea:oblivia:difficulty:BYD,1080_3,,true,numeric suffix=3; filename-to-ratingClass mapping is a candidate; jacketOverride=True,high
oblivia,152,Oblivia,"{""en"":""Oblivia""}",Saiph,base,,1585094400,0,oblivia,default,,,,BYD,,,,assets/songs/oblivia/1080_base.jpg,c2b58dcad54203645057a859524789f59cfd5ca13613b610d04ad087b58aac90,84c4c0bff5b09301a434d49f94dd620dd95d66420275be5a6e65f0841136a29e,308664,768,768,image/jpeg,song-jacket,primary-resolution candidate,arcaea:oblivia:default,1080_base,,false,filename base/1080_base; _256 retained as APK rendition candidate,high
oblivia,152,Oblivia,"{""en"":""Oblivia""}",Saiph,base,,1585094400,0,oblivia,default,,,,BYD,,,,assets/songs/oblivia/1080_base_256.jpg,c2b58dcad54203645057a859524789f59cfd5ca13613b610d04ad087b58aac90,37c166c503a47fc4ffc3b843a2084b597a70fa23f55f9fc3774a55f1c4b97436,89419,384,384,image/jpeg,song-jacket,low-resolution/derived candidate,arcaea:oblivia:default,1080_base,,true,filename base/1080_base; _256 retained as APK rendition candidate,high
onelastdrive,59,One Last Drive,"{""en"":""One Last Drive""}",REDSHiFT,base,,1509667200,0,onelastdrive,default,,,,,,,,assets/songs/onelastdrive/1080_base.jpg,c2b58dcad54203645057a859524789f59cfd5ca13613b610d04ad087b58aac90,337ebc7452dc2a003935cae1c061c836ac7e21a4e79a91be4c290cf2f50adf36,405950,768,768,image/png,song-jacket,primary-resolution candidate,arcaea:onelastdrive:default,1080_base,,false,filename base/1080_base; _256 retained as APK rendition candidate,high
onelastdrive,59,One Last Drive,"{""en"":""One Last Drive""}",REDSHiFT,base,,1509667200,0,onelastdrive,default,,,,,,,,assets/songs/onelastdrive/1080_base_256.jpg,c2b58dcad54203645057a859524789f59cfd5ca13613b610d04ad087b58aac90,67ead78d0cfa9f9508505fccad318055547734b5fb406d3f968c5c505f400004,115937,384,384,image/png,song-jacket,low-resolution/derived candidate,arcaea:onelastdrive:default,1080_base,,true,filename base/1080_base; _256 retained as APK rendition candidate,high
purgatorium,95,Purgatorium,"{""en"":""Purgatorium""}",お月さま交響曲,base,,1537142400,1,purgatorium,difficulty-specific,BYD,3,True,BYD,,,,assets/songs/purgatorium/1080_3.jpg,c2b58dcad54203645057a859524789f59cfd5ca13613b610d04ad087b58aac90,5ca549a4c719aa0a58637b13a47ae82a9085cab4e157cb2bfbe2af8b182aefd3,342898,768,768,image/jpeg,song-jacket,primary-resolution candidate,arcaea:purgatorium:difficulty:BYD,1080_3,,false,numeric suffix=3; filename-to-ratingClass mapping is a candidate; jacketOverride=True,high
purgatorium,95,Purgatorium,"{""en"":""Purgatorium""}",お月さま交響曲,base,,1537142400,1,purgatorium,difficulty-specific,BYD,3,True,BYD,,,,assets/songs/purgatorium/1080_3_256.jpg,c2b58dcad54203645057a859524789f59cfd5ca13613b610d04ad087b58aac90,9d7923e788c642c3ccd40300456f0a334d6dde2a758ab90ab7e7a68bf89ee982,86986,384,384,image/jpeg,song-jacket,low-resolution/derived candidate,arcaea:purgatorium:difficulty:BYD,1080_3,,true,numeric suffix=3; filename-to-ratingClass mapping is a candidate; jacketOverride=True,high
purgatorium,95,Purgatorium,"{""en"":""Purgatorium""}",お月さま交響曲,base,,1537142400,1,purgatorium,default,,,,BYD,,,,assets/songs/purgatorium/1080_base.jpg,c2b58dcad54203645057a859524789f59cfd5ca13613b610d04ad087b58aac90,16d1ccc59e9a614ca9c9466952dfc9c65477d29c7c52ec3544b6f26868fabe84,315662,768,768,image/jpeg,song-jacket,primary-resolution candidate,arcaea:purgatorium:default,1080_base,,false,filename base/1080_base; _256 retained as APK rendition candidate,high
purgatorium,95,Purgatorium,"{""en"":""Purgatorium""}",お月さま交響曲,base,,1537142400,1,purgatorium,default,,,,BYD,,,,assets/songs/purgatorium/1080_base_256.jpg,c2b58dcad54203645057a859524789f59cfd5ca13613b610d04ad087b58aac90,4574a454d539e0a129ead553434deea23987d0d60878b06727d25af44252bf54,80086,384,384,image/jpeg,song-jacket,low-resolution/derived candidate,arcaea:purgatorium:default,1080_base,,true,filename base/1080_base; _256 retained as APK rendition candidate,high
,,,,,,,,,random,default,,,,,,,,assets/songs/random/1080_base.jpg,c2b58dcad54203645057a859524789f59cfd5ca13613b610d04ad087b58aac90,f8d9197b14dd3725cfea166d93ccfc1364e6a309d546aace4032f91e873dc705,39973,768,768,image/jpeg,song-jacket,primary-resolution candidate,arcaea:unresolved:random:default,1080_base,,false,filename base/1080_base; _256 retained as APK rendition candidate,high
,,,,,,,,,random,default,,,,,,,,assets/songs/random/1080_base_256.jpg,c2b58dcad54203645057a859524789f59cfd5ca13613b610d04ad087b58aac90,1ddf33a0ddd39aca7d587601f75da7dc7f0aac992250a043fd129f7a8ba2316d,14910,384,384,image/jpeg,song-jacket,low-resolution/derived candidate,arcaea:unresolved:random:default,1080_base,,true,filename base/1080_base; _256 retained as APK rendition candidate,high
reinvent,68,Reinvent,"{""en"":""Reinvent""}",Sound Souler,base,,1513814400,0,reinvent,default,,,,,,,,assets/songs/reinvent/1080_base.jpg,c2b58dcad54203645057a859524789f59cfd5ca13613b610d04ad087b58aac90,1ac37b63c2c292662cdb2b80e56c01f650e13e35b1fc23d18b84e0e9990993c0,191199,768,768,image/jpeg,song-jacket,primary-resolution candidate,arcaea:reinvent:default,1080_base,,false,filename base/1080_base; _256 retained as APK rendition candidate,high
reinvent,68,Reinvent,"{""en"":""Reinvent""}",Sound Souler,base,,1513814400,0,reinvent,default,,,,,,,,assets/songs/reinvent/1080_base_256.jpg,c2b58dcad54203645057a859524789f59cfd5ca13613b610d04ad087b58aac90,2d13ba45fb93c714d195c3de374e61c801c6b7cc994fbb9addcc7dec58d19c6f,49235,384,384,image/jpeg,song-jacket,low-resolution/derived candidate,arcaea:reinvent:default,1080_base,,true,filename base/1080_base; _256 retained as APK rendition candidate,high
remindthesouls,344,Remind the Souls (Short Version),"{""en"":""Remind the Souls (Short Version)""}",Nhato,base,,1695772800,0,remindthesouls,default,,,,,,,,assets/songs/remindthesouls/1080_base.jpg,c2b58dcad54203645057a859524789f59cfd5ca13613b610d04ad087b58aac90,59dbc7ba9f5781125ffc7a725c67b3b804e54d3ff132b12761b94cfe6e9a4b46,266336,768,768,image/jpeg,song-jacket,primary-resolution candidate,arcaea:remindthesouls:default,1080_base,,false,filename base/1080_base; _256 retained as APK rendition candidate,high
remindthesouls,344,Remind the Souls (Short Version),"{""en"":""Remind the Souls (Short Version)""}",Nhato,base,,1695772800,0,remindthesouls,default,,,,,,,,assets/songs/remindthesouls/1080_base_256.jpg,c2b58dcad54203645057a859524789f59cfd5ca13613b610d04ad087b58aac90,7bf710fbc43faaabd7b49d30d40f5bc5615344c74c41a715ef48892ffa2b327f,93374,384,384,image/jpeg,song-jacket,low-resolution/derived candidate,arcaea:remindthesouls:default,1080_base,,true,filename base/1080_base; _256 retained as APK rendition candidate,high
rise,4,Rise,"{""en"":""Rise""}",Combatplayer,base,,1487980803,0,rise,default,,,,,,,,assets/songs/rise/1080_base.jpg,c2b58dcad54203645057a859524789f59cfd5ca13613b610d04ad087b58aac90,25982d2236be0f516d259c04c8c5ef5d105b775454b2f6ee74d0bedbc706f280,186541,768,768,image/jpeg,song-jacket,primary-resolution candidate,arcaea:rise:default,1080_base,,false,filename base/1080_base; _256 retained as APK rendition candidate,high
rise,4,Rise,"{""en"":""Rise""}",Combatplayer,base,,1487980803,0,rise,default,,,,,,,,assets/songs/rise/1080_base_256.jpg,c2b58dcad54203645057a859524789f59cfd5ca13613b610d04ad087b58aac90,2a4703bd6da68ba64b8eb186e7c9a55feb2c4df53ad77efbc6e99291fdd4c01d,54456,384,384,image/jpeg,song-jacket,low-resolution/derived candidate,arcaea:rise:default,1080_base,,true,filename base/1080_base; _256 retained as APK rendition candidate,high
sakurafubuki,255,Sakura Fubuki,"{""en"":""Sakura Fubuki""}",Street,base,,1645056001,0,sakurafubuki,default,,,,,,,,assets/songs/sakurafubuki/base.jpg,c2b58dcad54203645057a859524789f59cfd5ca13613b610d04ad087b58aac90,9b77d3aff6c147f2644f23bc101f48b114e811bb23c8e2f7f54f292de572a414,131255,512,512,image/jpeg,song-jacket,primary-resolution candidate,arcaea:sakurafubuki:default,base,,false,filename base/1080_base; _256 retained as APK rendition candidate,high
sakurafubuki,255,Sakura Fubuki,"{""en"":""Sakura Fubuki""}",Street,base,,1645056001,0,sakurafubuki,default,,,,,,,,assets/songs/sakurafubuki/base_256.jpg,c2b58dcad54203645057a859524789f59cfd5ca13613b610d04ad087b58aac90,eb66d31764502359a22a9911048e8a2609c0a477f63f17cfb82a3c8e52f7666e,58336,256,256,image/jpeg,song-directory-image,low-resolution/derived candidate,arcaea:sakurafubuki:default,base,,true,filename base/1080_base; _256 retained as APK rendition candidate,high
satisfaction,464,SATISFACTION,"{""en"":""SATISFACTION""}",P*Light & DJ Noriken feat. KMNZ,base,,1750896000,1,satisfaction,default,,,,,,,,assets/songs/satisfaction/1080_base.jpg,c2b58dcad54203645057a859524789f59cfd5ca13613b610d04ad087b58aac90,fcc77d26b3112897e50df6f86e20e876d748949d729126353a117aa59682e853,332615,768,768,image/jpeg,song-jacket,primary-resolution candidate,arcaea:satisfaction:default,1080_base,,false,filename base/1080_base; _256 retained as APK rendition candidate,high
satisfaction,464,SATISFACTION,"{""en"":""SATISFACTION""}",P*Light & DJ Noriken feat. KMNZ,base,,1750896000,1,satisfaction,default,,,,,,,,assets/songs/satisfaction/1080_base_256.jpg,c2b58dcad54203645057a859524789f59cfd5ca13613b610d04ad087b58aac90,05998dc4b91d871256374bd23256b156fb4cdf3600f7bd1c39f9c252d0fa1e23,116890,384,384,image/jpeg,song-jacket,low-resolution/derived candidate,arcaea:satisfaction:default,1080_base,,true,filename base/1080_base; _256 retained as APK rendition candidate,high
sayonarahatsukoi,0,Sayonara Hatsukoi,"{""en"":""Sayonara Hatsukoi""}",REDSHiFT,base,,1487980800,0,sayonarahatsukoi,default,,,,,,,,assets/songs/sayonarahatsukoi/1080_base.jpg,c2b58dcad54203645057a859524789f59cfd5ca13613b610d04ad087b58aac90,f52e17d61327a4d913a48e6319d826b5f8ae62a492ee2b85a99941c2a513196f,241492,768,768,image/jpeg,song-jacket,primary-resolution candidate,arcaea:sayonarahatsukoi:default,1080_base,,false,filename base/1080_base; _256 retained as APK rendition candidate,high
sayonarahatsukoi,0,Sayonara Hatsukoi,"{""en"":""Sayonara Hatsukoi""}",REDSHiFT,base,,1487980800,0,sayonarahatsukoi,default,,,,,,,,assets/songs/sayonarahatsukoi/1080_base_256.jpg,c2b58dcad54203645057a859524789f59cfd5ca13613b610d04ad087b58aac90,3add15058823173952769e51f79158d4ad82381354032e77dc893b459f187887,69664,384,384,image/jpeg,song-jacket,low-resolution/derived candidate,arcaea:sayonarahatsukoi:default,1080_base,,true,filename base/1080_base; _256 retained as APK rendition candidate,high
senkyou,142,Senkyou,"{""en"":""Senkyou""}",MYTK,base,,1574121600,0,senkyou,default,,,,,,,,assets/songs/senkyou/1080_base.jpg,c2b58dcad54203645057a859524789f59cfd5ca13613b610d04ad087b58aac90,36f911157c9fb610e3d17d9c5203f4802b2cb06857a5ba03e4bc88d918fa277a,337738,768,768,image/jpeg,song-jacket,primary-resolution candidate,arcaea:senkyou:default,1080_base,,false,filename base/1080_base; _256 retained as APK rendition candidate,high
senkyou,142,Senkyou,"{""en"":""Senkyou""}",MYTK,base,,1574121600,0,senkyou,default,,,,,,,,assets/songs/senkyou/1080_base_256.jpg,c2b58dcad54203645057a859524789f59cfd5ca13613b610d04ad087b58aac90,9f73a3b980e48e1e7c8c9011faff5856f044d9d2b6c058a6d7321135d6424eea,87026,384,384,image/jpeg,song-jacket,low-resolution/derived candidate,arcaea:senkyou:default,1080_base,,true,filename base/1080_base; _256 retained as APK rendition candidate,high
shadesoflight,12,Shades of Light in a Transcendent Realm,"{""en"":""Shades of Light in a Transcendent Realm""}",ak+q,base,,1487980806,0,shadesoflight,difficulty-specific,BYD,3,True,BYD,,,,assets/songs/shadesoflight/1080_3.jpg,c2b58dcad54203645057a859524789f59cfd5ca13613b610d04ad087b58aac90,9f6d414b4d2e915effec449e88a5d557884ad062f4f06c30ff7c7e9e9ea4ab59,193649,768,768,image/jpeg,song-jacket,primary-resolution candidate,arcaea:shadesoflight:difficulty:BYD,1080_3,,false,numeric suffix=3; filename-to-ratingClass mapping is a candidate; jacketOverride=True,high
shadesoflight,12,Shades of Light in a Transcendent Realm,"{""en"":""Shades of Light in a Transcendent Realm""}",ak+q,base,,1487980806,0,shadesoflight,difficulty-specific,BYD,3,True,BYD,,,,assets/songs/shadesoflight/1080_3_256.jpg,c2b58dcad54203645057a859524789f59cfd5ca13613b610d04ad087b58aac90,13b2305aaa005b0bac97a290a64effc46bac9921515cd57a7b97b1ef5427226b,53054,384,384,image/jpeg,song-jacket,low-resolution/derived candidate,arcaea:shadesoflight:difficulty:BYD,1080_3,,true,numeric suffix=3; filename-to-ratingClass mapping is a candidate; jacketOverride=True,high
shadesoflight,12,Shades of Light in a Transcendent Realm,"{""en"":""Shades of Light in a Transcendent Realm""}",ak+q,base,,1487980806,0,shadesoflight,default,,,,BYD,,,,assets/songs/shadesoflight/1080_base.jpg,c2b58dcad54203645057a859524789f59cfd5ca13613b610d04ad087b58aac90,72a8952166cec7b4d8b88fc4e692b926909a6814cf2695a77e21448b2080a462,187165,768,768,image/jpeg,song-jacket,primary-resolution candidate,arcaea:shadesoflight:default,1080_base,,false,filename base/1080_base; _256 retained as APK rendition candidate,high
shadesoflight,12,Shades of Light in a Transcendent Realm,"{""en"":""Shades of Light in a Transcendent Realm""}",ak+q,base,,1487980806,0,shadesoflight,default,,,,BYD,,,,assets/songs/shadesoflight/1080_base_256.jpg,c2b58dcad54203645057a859524789f59cfd5ca13613b610d04ad087b58aac90,583865e9c4393b633aeeb97d87284993857dc1aa15036f0d2b996b60ff21e5c8,51666,384,384,image/jpeg,song-jacket,low-resolution/derived candidate,arcaea:shadesoflight:default,1080_base,,true,filename base/1080_base; _256 retained as APK rendition candidate,high
snowwhite,10,Snow White,"{""en"":""Snow White""}",Puru,base,,1487980805,0,snowwhite,default,,,,,,,,assets/songs/snowwhite/base.jpg,c2b58dcad54203645057a859524789f59cfd5ca13613b610d04ad087b58aac90,8e08d6cf4d00ee62d658952c6e769f48258a7dda0d8f3e8b121bb7d355aa35e0,72755,500,500,image/jpeg,song-jacket,primary-resolution candidate,arcaea:snowwhite:default,base,,false,filename base/1080_base; _256 retained as APK rendition candidate,high
snowwhite,10,Snow White,"{""en"":""Snow White""}",Puru,base,,1487980805,0,snowwhite,default,,,,,,,,assets/songs/snowwhite/base_256.jpg,c2b58dcad54203645057a859524789f59cfd5ca13613b610d04ad087b58aac90,a869e77da256053320b71f821469430051ef081d192ecf0994dd0f94d3273c2e,25854,256,256,image/jpeg,song-directory-image,low-resolution/derived candidate,arcaea:snowwhite:default,base,,true,filename base/1080_base; _256 retained as APK rendition candidate,high
theformula,369,The Formula,"{""en"":""The Formula""}",Junk,base,,1706140807,0,theformula,default,,,,,,,,assets/songs/theformula/1080_base.jpg,c2b58dcad54203645057a859524789f59cfd5ca13613b610d04ad087b58aac90,83489139152079a46c99fb13cb9fb0a274a1479f7eec6aeaee14da1c8607334f,435128,768,768,image/jpeg,song-jacket,primary-resolution candidate,arcaea:theformula:default,1080_base,,false,filename base/1080_base; _256 retained as APK rendition candidate,high
theformula,369,The Formula,"{""en"":""The Formula""}",Junk,base,,1706140807,0,theformula,default,,,,,,,,assets/songs/theformula/1080_base_256.jpg,c2b58dcad54203645057a859524789f59cfd5ca13613b610d04ad087b58aac90,882bc5878944190e43f68e312f6383e0800f1e2f9933a9ed06367541ed12806c,144383,384,384,image/jpeg,song-jacket,low-resolution/derived candidate,arcaea:theformula:default,1080_base,,true,filename base/1080_base; _256 retained as APK rendition candidate,high
,,,,,,,,,tutorial,default,,,,,,,,assets/songs/tutorial/base.jpg,c2b58dcad54203645057a859524789f59cfd5ca13613b610d04ad087b58aac90,bd71875762034d5c6219c45dada151b02f0eb437d1eec909b97c7e41a7b976d2,83926,512,512,image/jpeg,song-jacket,primary-resolution candidate,arcaea:unresolved:tutorial:default,base,,false,filename base/1080_base; _256 retained as APK rendition candidate,high
,,,,,,,,,tutorial,default,,,,,,,,assets/songs/tutorial/base_256.jpg,c2b58dcad54203645057a859524789f59cfd5ca13613b610d04ad087b58aac90,d0686a1f90e671756e47ec3bbd92f2c19aca81b16b9d19d92cfb5f586b7b86c6,31377,256,256,image/jpeg,song-directory-image,low-resolution/derived candidate,arcaea:unresolved:tutorial:default,base,,true,filename base/1080_base; _256 retained as APK rendition candidate,high
vexaria,13,Vexaria,"{""en"":""Vexaria""}",ak+q,base,,1487980802,0,vexaria,difficulty-specific,BYD,3,True,BYD,,,,assets/songs/vexaria/1080_3.jpg,c2b58dcad54203645057a859524789f59cfd5ca13613b610d04ad087b58aac90,59bdebe4ae85374bc481108822c114d8040090ec8f025d644089bab345284882,211832,768,768,image/jpeg,song-jacket,primary-resolution candidate,arcaea:vexaria:difficulty:BYD,1080_3,,false,numeric suffix=3; filename-to-ratingClass mapping is a candidate; jacketOverride=True,high
vexaria,13,Vexaria,"{""en"":""Vexaria""}",ak+q,base,,1487980802,0,vexaria,difficulty-specific,BYD,3,True,BYD,,,,assets/songs/vexaria/1080_3_256.jpg,c2b58dcad54203645057a859524789f59cfd5ca13613b610d04ad087b58aac90,506f7a01038425e7dc22da6c004ac8681f96d44ceb7cba080a5a325f2e50655f,54907,384,384,image/jpeg,song-jacket,low-resolution/derived candidate,arcaea:vexaria:difficulty:BYD,1080_3,,true,numeric suffix=3; filename-to-ratingClass mapping is a candidate; jacketOverride=True,high
vexaria,13,Vexaria,"{""en"":""Vexaria""}",ak+q,base,,1487980802,0,vexaria,default,,,,BYD,,,,assets/songs/vexaria/1080_base.jpg,c2b58dcad54203645057a859524789f59cfd5ca13613b610d04ad087b58aac90,a6f654941bfa9e25c831f896b88b61ded6366e9fb6db9d21018ea9118265912f,203309,768,768,image/jpeg,song-jacket,primary-resolution candidate,arcaea:vexaria:default,1080_base,,false,filename base/1080_base; _256 retained as APK rendition candidate,high
vexaria,13,Vexaria,"{""en"":""Vexaria""}",ak+q,base,,1487980802,0,vexaria,default,,,,BYD,,,,assets/songs/vexaria/1080_base_256.jpg,c2b58dcad54203645057a859524789f59cfd5ca13613b610d04ad087b58aac90,276286b26ee80761259055df2f12d44021ac417f5d84218efd89157176db4ddb,54323,384,384,image/jpeg,song-jacket,low-resolution/derived candidate,arcaea:vexaria:default,1080_base,,true,filename base/1080_base; _256 retained as APK rendition candidate,high
worldexecuteme,150,world.execute(me);,"{""en"":""world.execute(me);""}",Mili,base,,1582243200,0,worldexecuteme,default,,,,,,,,assets/songs/worldexecuteme/1080_base.jpg,c2b58dcad54203645057a859524789f59cfd5ca13613b610d04ad087b58aac90,8b843ec95eb32f600f6082ab6522205e2f3c495db049145b0a2bfdec87111ca6,445671,768,768,image/jpeg,song-jacket,primary-resolution candidate,arcaea:worldexecuteme:default,1080_base,,false,filename base/1080_base; _256 retained as APK rendition candidate,high
worldexecuteme,150,world.execute(me);,"{""en"":""world.execute(me);""}",Mili,base,,1582243200,0,worldexecuteme,default,,,,,,,,assets/songs/worldexecuteme/1080_base_256.jpg,c2b58dcad54203645057a859524789f59cfd5ca13613b610d04ad087b58aac90,69accd5aad2f8313ba5f4de68ecf0ea78342fe4060e8072a9a3b9dd2b1ed9744,74412,384,384,image/jpeg,song-jacket,low-resolution/derived candidate,arcaea:worldexecuteme:default,1080_base,,true,filename base/1080_base; _256 retained as APK rendition candidate,high
