path,sizeBytes,sha256,detectedType,category,width,height,mode,format,hasAlpha,parseError
assets/Default/Button_Disable.png,1111,60a8c220e4653b35d9ac57800b24cc0aae9e9365ddb846041aa15fc94b6102ae,PNG,other-image,46,36,RGBA,PNG,True,
assets/Default/Button_Normal.png,1113,230bd3d925b9efb300065a914ad1bab770b09f7d691d1edbb10bb5b73cc3e34d,PNG,other-image,46,36,RGBA,PNG,True,
assets/Default/Button_Press.png,1153,a2e9d9fc7e64c0134e340e293358d127f60845be9649f5f5f8769094a4ae406a,PNG,other-image,46,36,RGBA,PNG,True,
assets/Default/ImageFile.png,1735,9268e2dadddebbb051acb3ab9f78789b1cd2046fab1b09d28cfc7becd175b8d8,PNG,other-image,46,46,RGBA,PNG,True,
assets/Default/Sprite.png,1773,a40c26d13dc5604843b85f14177d66bd9a3423e4f481f9d11c8b0a78d0064296,PNG,other-image,46,46,RGBA,PNG,True,
assets/app-data/story/cg/0-3.jpg,1575430,5407433637d0c14042edeaa29ad5dbe85fa332dc7a7d63fa2bf6a33c6b17c3cc,JPEG,story-cg,1920,1080,RGB,JPEG,False,
assets/app-data/story/cg/1-1.jpg,492608,eb75c8b8186c757c7dbcdda0ecff5170ddcb158c6445ef3d00f5edce2892ed6a,JPEG,story-cg,1920,1080,RGB,JPEG,False,
assets/app-data/story/cg/1-8.jpg,604862,9b83c2338e088dc60c0bc13c8be16abd6f4a78e3530718e560a3d0631fadfcbb,JPEG,story-cg,1920,1080,RGB,JPEG,False,
assets/app-data/story/cg/1-ZR.jpg,531724,c686d3905ee56d45777bcc84372b7a6aeb113d4ada44d9672cef439db03c346e,JPEG,story-cg,1920,1080,RGB,JPEG,False,
assets/app-data/story/cg/10-5.jpg,466907,02fbe2915a2628884f484ae5c35bdafe56e864f36649685d9aad551f4b28fed3,JPEG,story-cg,1920,1080,RGB,JPEG,False,
assets/app-data/story/cg/11-2.jpg,564393,913c8de445f89aa3800caf2cffd7a096d6df0f6a42a5015486130f8f1adec31c,JPEG,story-cg,1920,1080,RGB,JPEG,False,
assets/app-data/story/cg/11-8-1.jpg,405340,94896f3c049c15c37110b6ca0771a89626ae6f4099b1cb88d891bed882767800,JPEG,story-cg,1920,1080,L,JPEG,False,
assets/app-data/story/cg/11-8-2.jpg,746417,0095ce4c2013a76b0c18e1fafbf093958299556bf247647067106bee78de63a6,JPEG,story-cg,1920,1080,RGB,JPEG,False,
assets/app-data/story/cg/12-6-1.jpg,794898,745a4d9e96390bf9580728a0ac93ffa6c1dd5032e4351a99b9464fce651b4137,JPEG,story-cg,1920,1080,RGB,JPEG,False,
assets/app-data/story/cg/12-6-2.jpg,905260,a603c58e6ab892ce2ca37920d88cfd8412d797cc3605019cd108e3f4b7b28c4e,JPEG,story-cg,1920,1080,RGB,JPEG,False,
assets/app-data/story/cg/12-X.jpg,600950,8e028d0c40ff7086e5d126995bc9a239d53ea02d926d263410c41cfb1aafc502,JPEG,story-cg,1920,1080,RGB,JPEG,False,
assets/app-data/story/cg/15-4.jpg,983991,c6b8685b35c540a2dbbff424a9042139a88e511be2067440174a65cd8de87ecd,JPEG,story-cg,1920,1080,RGB,JPEG,False,
assets/app-data/story/cg/16-7-1.jpg,353073,afbd66a88a7270b7bf06c8bb1bc949301aea740fdea13ec4ce318954c9be6ce5,JPEG,story-cg,1920,1080,RGB,JPEG,False,
assets/app-data/story/cg/16-7-2.jpg,463380,7b1c347de3577490606129f255d43870dffb34225ef676e18bf9ab253c893624,JPEG,story-cg,1920,1080,RGB,JPEG,False,
assets/app-data/story/cg/16-8.jpg,877019,1f7a68aaf7ca746c1b3d8fcdc0fa662ad3ed9bc454602b55ef146e75e4c15eca,JPEG,story-cg,1920,1080,RGB,JPEG,False,
assets/app-data/story/cg/17-6-1.jpg,472045,e27ae81bd37ededc624573299988d5d7e1c7b3ccf49a4a284eeb7d17255d6bd5,JPEG,story-cg,1920,1080,RGB,JPEG,False,
assets/app-data/story/cg/17-6-2.jpg,315162,f6d873880ccfa2b83fd6c38bf20ae52915bf15f9368b1e6f187bdf165025b605,JPEG,story-cg,1920,1080,RGB,JPEG,False,
assets/app-data/story/cg/18-1.jpg,369376,bc5fbc13e2b784e3756ca51033e5efb8425ec6da628d591eeb885b15980c50b2,JPEG,story-cg,1920,1079,RGB,JPEG,False,
assets/app-data/story/cg/18-2.jpg,514506,0ea82870863427eb19f8b0860b891168c906f310ed8d0d2d64c16cbece879709,JPEG,story-cg,1920,1080,RGB,JPEG,False,
assets/app-data/story/cg/18-6.jpg,554690,912f25c082f9aaf0b659d69b19da6ef092686949bb13ef847207deaf6f2d0609,JPEG,story-cg,1920,1080,RGB,JPEG,False,
assets/app-data/story/cg/18-7.jpg,464830,120af0b137c62ccd032dcc3c65dcbe1265d286b6352d116fa8e99c2614bf00fb,JPEG,story-cg,1920,1080,RGB,JPEG,False,
assets/app-data/story/cg/18-8.jpg,393043,dce5afc6d78bd926944a21e729203aa5656fd2ef51e923a6cbec9265cd3b3d4b,JPEG,story-cg,1920,1080,RGB,JPEG,False,
assets/app-data/story/cg/2-1.jpg,461291,ead964e69719c9cbb405db18840481cda6e5199c1531fde4318f8a38c7d9fb54,JPEG,story-cg,1920,1080,RGB,JPEG,False,
assets/app-data/story/cg/2-8.jpg,537238,4be9f8f33fa003afe4f6fa0034f7a10f2687db25ec8a9f788c0802aced71520b,JPEG,story-cg,1920,1080,RGB,JPEG,False,
assets/app-data/story/cg/2-D.jpg,655639,e149d742719ddd6c1742659db69c12126dfda43f7431b108a23d0d297318c333,JPEG,story-cg,1920,1080,RGB,JPEG,False,
assets/app-data/story/cg/20-1.jpg,615837,6eecf714a5065250fd9f3a143fecbc2c49998cafe5e748e8aa9a5c6774bf92f2,JPEG,story-cg,1920,1080,RGB,JPEG,False,
assets/app-data/story/cg/20-4.jpg,453894,4071351663dae541c686e4d5357d6148dd121594ca72dcd699276853bb00c2fc,JPEG,story-cg,1920,1080,RGB,JPEG,False,
assets/app-data/story/cg/20-6.jpg,329822,494ca3b1cd0cb5a916cbb29604fd5c4d7aa70fd3b344c7fe4e8d501cfc13738b,JPEG,story-cg,1920,1080,RGB,JPEG,False,
assets/app-data/story/cg/21-2.jpg,468575,d7c8f7ae70624ea9fe73a6a39a7639251e9607c16b30f9e5d203344bf8e6ecda,JPEG,story-cg,1920,1080,RGB,JPEG,False,
assets/app-data/story/cg/21-3.jpg,413694,a401e24b7f28e2ad0e28b40140988fd78e00a3e1fbde9415df3489924e634f94,JPEG,story-cg,1920,1080,RGB,JPEG,False,
assets/app-data/story/cg/21-5-1.jpg,1008203,bb598d31aebcca3953b4820379cfdaaaa82f3bc89e9096d6b32a1d0187fc4b3f,JPEG,story-cg,1920,1080,RGB,JPEG,False,
assets/app-data/story/cg/21-5-2.jpg,568514,4689d7036a429a772396169b512858dd86e19a965db02b289813ad414181e254,JPEG,story-cg,1920,1080,RGB,JPEG,False,
assets/app-data/story/cg/22-1.jpg,506911,227be37fa66a6735cdf46785e38cc2ccb8031ea8bf6f76575940d00e62dea95c,JPEG,story-cg,1920,1080,RGB,JPEG,False,
assets/app-data/story/cg/22-2-1.jpg,915086,6220b9290816fc7c9b0e65a4fd971ebaba12c3c2ad1516b97206420b286791fa,JPEG,story-cg,1920,1080,RGB,JPEG,False,
assets/app-data/story/cg/22-2-2.jpg,868905,ee8bff0c80533c59e1d91693f20439f8b92ca89bc0d96241e06c9ba56cd45b4b,JPEG,story-cg,1920,1080,RGB,JPEG,False,
assets/app-data/story/cg/22-4.jpg,607442,cdd3dc287de6469a745013b188b6320f94a22ce26e52d54251169c81bb33f851,JPEG,story-cg,1920,1080,RGB,JPEG,False,
assets/app-data/story/cg/22-5.jpg,782815,569f7f14b980f8ff5528fb80b3d4a238da22e7d6defcd77fe841e8ca07d7f5a6,JPEG,story-cg,1920,1080,RGB,JPEG,False,
assets/app-data/story/cg/23-2.jpg,470300,f6fe05a1d0194c6cf2a972e6f518c95a1e657f4d459264ba5b62b5ba7d9801ed,JPEG,story-cg,1920,1080,RGB,JPEG,False,
assets/app-data/story/cg/23-7.jpg,365685,b19c6e95f8d309d9015495ca64df06c9d14b85891ac55df8e174ff65792eaab7,JPEG,story-cg,1920,1080,RGB,JPEG,False,
assets/app-data/story/cg/23-8.jpg,277328,bad850584422fd3526f064b9b1b2bfb8394d2bd753b9888d6ba27ec2acd6e945,JPEG,story-cg,1920,1080,RGB,JPEG,False,
assets/app-data/story/cg/3-1.jpg,503722,85848c55dfdedf4d12cb723a920ee11eb0f2a05935de263ba89eee9d915d1258,JPEG,story-cg,1920,1080,RGB,JPEG,False,
assets/app-data/story/cg/4-1.jpg,477544,1259aab032ff7b176a717a74fc46265e7b0eba4de80715067a68fec790e112d7,JPEG,story-cg,1920,1080,RGB,JPEG,False,
assets/app-data/story/cg/4-7.jpg,496915,c34947c9dfd5c77de140986387bf254d828e45135730fd47c4ef5ead46d38dae,JPEG,story-cg,1920,1080,RGB,JPEG,False,
assets/app-data/story/cg/5-1.jpg,614910,48458a8e9f9a3228d4c30eb7856e359ae02f4db09e8e523761d36c06a94826a9,JPEG,story-cg,1920,1080,RGB,JPEG,False,
assets/app-data/story/cg/5-6.jpg,766671,608dd712194f8e52af6941fa3a1f5ffb93dd29376bbb5897c04e51d3590db72a,JPEG,story-cg,1920,1080,RGB,JPEG,False,
assets/app-data/story/cg/7-6.jpg,622488,1caeb092f27bfbfbfc917cae9a19c1ba95486244def870c2b399411222f47d54,JPEG,story-cg,1920,1080,RGB,JPEG,False,
assets/app-data/story/cg/9-5.jpg,797025,2ad915532ce81b5b09ba9c9e5610f980a93e8b4b31ccb95fe523334a158debf8,JPEG,story-cg,1920,1080,RGB,JPEG,False,
assets/app-data/story/cg/99-6.jpg,191699,364c686ad51df6fcd15e3c8c75df55c1c1404b6855c4a3fc64853b3988d616db,JPEG,story-cg,1920,1080,RGB,JPEG,False,
assets/app-data/story/cg/E-1_epilogue.jpg,361662,b7d93624bdfcd1779483fa5b34bab9de8384bf22b2bd5af1fa55a6da45205fe0,JPEG,story-cg,1920,1080,RGB,JPEG,False,
assets/app-data/story/cg/E-2_epilogue.jpg,277547,4f21c975193b0155c96d1508e16978bc6b2f8f6a8c47a63de2a82bdb29f1c60a,JPEG,story-cg,1920,1080,RGB,JPEG,False,
assets/app-data/story/cg/E-4_epilogue.jpg,756756,34ed3c80dd58f0d041f830a506cfb5283953aef677e4ddc9c352bc302183f9b5,JPEG,story-cg,1920,1080,RGB,JPEG,False,
assets/app-data/story/cg/F-2.jpg,518439,fa5e03a0b5315091a52e002e8c5ff47142b4247add04f839eeb50f28d111ab86,JPEG,story-cg,1920,1080,RGB,JPEG,False,
assets/app-data/story/cg/F-5.jpg,689219,1df12e2eb529574c1f9720728a8b8a975dbb3f76059c6d4191094be8a44c635d,JPEG,story-cg,1920,1080,RGB,JPEG,False,
assets/app-data/story/cg/F-7-1.jpg,441415,f4503631a658cbf55f490234749c59518f6fe6e5a749190d552d8dd0ef771f5e,JPEG,story-cg,1920,1080,RGB,JPEG,False,
assets/app-data/story/cg/F-7-2.jpg,342403,28230a774d633172938307cfb0d3dbefb537bb0a71d2783ceff12fc50fab0688,JPEG,story-cg,1920,1080,RGB,JPEG,False,
assets/app-data/story/cg/F-7.jpg,665809,0fe4e535abfe2bb6684d3e3cb2e07cb1d78b6f57daefd00467ad0492835dc0c8,JPEG,story-cg,1920,1080,RGB,JPEG,False,
assets/app-data/story/cg/V-10.jpg,479350,073cd41fb510c634db47f688e91e2fe6182f18a8b96d2b70bfbdc68fce356f04,JPEG,story-cg,1920,1080,RGB,JPEG,False,
assets/app-data/story/vn/res/2bar_bottom.png,9834,a9565e9572f5e08652943d7c268421fd27340e3fd91cc0d94837a6f4240acbf1,PNG,story-vn-resource,2000,960,RGBA,PNG,True,
assets/app-data/story/vn/res/2bar_top.png,9830,0ea10e9f406fcbf6f7184445f43d46ef1884bbf17fab9cd8768aec4644b2ac48,PNG,story-vn-resource,2000,960,RGBA,PNG,True,
assets/app-data/story/vn/res/2black.png,67,68b4f78ae46214945f6494f74bfdbd28f9e59ce7ad03ff793ac383e2beea3645,PNG,story-vn-resource,1,1,1,PNG,False,
assets/app-data/story/vn/res/2black_fade.png,8523,459438604b125060aa5a1097ea8963fd2df0e0ff253bcab6d4e46d26034a4c02,PNG,story-vn-resource,1636,729,RGBA,PNG,True,
assets/app-data/story/vn/res/2black_left.png,7837,65f48ead869d0b9d4a22221e1aba617b9d3bdc854d695145724a5ddc3e0567dc,PNG,story-vn-resource,1391,729,RGBA,PNG,True,
assets/app-data/story/vn/res/2white.png,67,a73ab44cfa90f4820f00b4970e78f3cd43d9102a251092ce6546568d42bd8c84,PNG,story-vn-resource,1,1,1,PNG,False,
assets/app-data/story/vn/res/2white40.png,68,d2111a1bdaf49f3deb4fdbf28c5d9d9b9a5ffc8aca80302a44a796091e5be80f,PNG,story-vn-resource,1,1,LA,PNG,True,
assets/app-data/story/vn/res/3bar_bottom.png,9834,a9565e9572f5e08652943d7c268421fd27340e3fd91cc0d94837a6f4240acbf1,PNG,story-vn-resource,2000,960,RGBA,PNG,True,
assets/app-data/story/vn/res/3bar_top.png,9830,0ea10e9f406fcbf6f7184445f43d46ef1884bbf17fab9cd8768aec4644b2ac48,PNG,story-vn-resource,2000,960,RGBA,PNG,True,
assets/app-data/story/vn/res/3black.png,67,68b4f78ae46214945f6494f74bfdbd28f9e59ce7ad03ff793ac383e2beea3645,PNG,story-vn-resource,1,1,1,PNG,False,
assets/app-data/story/vn/res/3black_fade.png,8523,3a9bf684846abf008fe47db890ae382555c7905c8f9ec8abd642997a1c484e6c,PNG,story-vn-resource,1636,729,RGBA,PNG,True,
assets/app-data/story/vn/res/3black_left.png,7837,65f48ead869d0b9d4a22221e1aba617b9d3bdc854d695145724a5ddc3e0567dc,PNG,story-vn-resource,1391,729,RGBA,PNG,True,
assets/app-data/story/vn/res/3white.png,67,a73ab44cfa90f4820f00b4970e78f3cd43d9102a251092ce6546568d42bd8c84,PNG,story-vn-resource,1,1,1,PNG,False,
assets/app-data/story/vn/res/4black.png,67,68b4f78ae46214945f6494f74bfdbd28f9e59ce7ad03ff793ac383e2beea3645,PNG,story-vn-resource,1,1,1,PNG,False,
assets/app-data/story/vn/res/5black.png,67,68b4f78ae46214945f6494f74bfdbd28f9e59ce7ad03ff793ac383e2beea3645,PNG,story-vn-resource,1,1,1,PNG,False,
assets/app-data/story/vn/res/TBC2.png,24349,f4e80d5d44cee4de70617a4d63ffb2f735541efcd21c3d3849801f1e8042282a,PNG,story-vn-resource,704,102,RGBA,PNG,True,
assets/app-data/story/vn/res/bar_bottom.png,9834,a9565e9572f5e08652943d7c268421fd27340e3fd91cc0d94837a6f4240acbf1,PNG,story-vn-resource,2000,960,RGBA,PNG,True,
assets/app-data/story/vn/res/bar_top.png,9830,0ea10e9f406fcbf6f7184445f43d46ef1884bbf17fab9cd8768aec4644b2ac48,PNG,story-vn-resource,2000,960,RGBA,PNG,True,
assets/app-data/story/vn/res/black.png,67,68b4f78ae46214945f6494f74bfdbd28f9e59ce7ad03ff793ac383e2beea3645,PNG,story-vn-resource,1,1,1,PNG,False,
assets/app-data/story/vn/res/black_fade.png,8523,20da4a86b36bd0ddc4d859dee0a6726799f38e79826066fa20914779a49483e4,PNG,story-vn-resource,1636,729,RGBA,PNG,True,
assets/app-data/story/vn/res/black_left.png,7837,65f48ead869d0b9d4a22221e1aba617b9d3bdc854d695145724a5ddc3e0567dc,PNG,story-vn-resource,1391,729,RGBA,PNG,True,
assets/app-data/story/vn/res/epilogue/2last1_c3_epilogue.jpg,436011,40711bf78a08105f67cd9059814acb5d30bcba1b2a76f797717b551cd643b688,JPEG,story-vn-resource,2048,1672,RGB,JPEG,False,
assets/app-data/story/vn/res/epilogue/2missingtai_epilogue.png,271993,d52ac32f77056c81755c5b44e6cc413da98cb83e62ec659193103f8574051ab4,PNG,story-vn-resource,500,633,RGBA,PNG,True,
assets/app-data/story/vn/res/epilogue/forgotten_epilogue.jpg,475079,9927133272e084d977a86ba3551cfa0716ce15ac856a778dbb33e8a7a2a44a73,JPEG,story-vn-resource,2048,1672,RGB,JPEG,False,
assets/app-data/story/vn/res/epilogue/last1_c1_epilogue.jpg,305137,39c88012fc6e8924cf63eee4ddf51866317f2f07ee377f7cd901efcddb6ba8db,JPEG,story-vn-resource,2048,1071,RGB,JPEG,False,
assets/app-data/story/vn/res/epilogue/last1_c2_epilogue.jpg,341046,40934118cde90b9486127a55db6e38a0d43a34f0615210f3e6a0db381a8a494b,JPEG,story-vn-resource,2050,1152,RGB,JPEG,False,
assets/app-data/story/vn/res/epilogue/last1_c3_epilogue.jpg,436011,40711bf78a08105f67cd9059814acb5d30bcba1b2a76f797717b551cd643b688,JPEG,story-vn-resource,2048,1672,RGB,JPEG,False,
assets/app-data/story/vn/res/epilogue/last1_c4_epilogue.jpg,506819,3d764d4f53396918377f88d753ed54d0d58c77bc0024c6deed717fbe3308ff55,JPEG,story-vn-resource,2048,1676,RGB,JPEG,False,
assets/app-data/story/vn/res/epilogue/last1_epilogue.jpg,647428,9d3cd2a80409a4a5473f4975f64f39123f853e6f178e22cb0d7f55d6ec0b3031,JPEG,story-vn-resource,2048,1152,RGB,JPEG,False,
assets/app-data/story/vn/res/epilogue/last2_c1_epilogue.jpg,700076,397ea611a7446bbbf1985517f236c2f91e6b6eccc6709cde37276d41dc914d09,JPEG,story-vn-resource,2048,1672,RGB,JPEG,False,
assets/app-data/story/vn/res/epilogue/last2_c2_epilogue.jpg,179184,aee12d582f78448a825213da2c5af6c0d42261c78bd28d93f728181d5526dea9,JPEG,story-vn-resource,1255,557,RGB,JPEG,False,
assets/app-data/story/vn/res/epilogue/last2_c3_epilogue.jpg,208256,60f971525041f75553571f723c77ce0b63caebc48e7843922f8dcb40e43ca7fe,JPEG,story-vn-resource,1255,557,RGB,JPEG,False,
assets/app-data/story/vn/res/epilogue/last2_c4_epilogue.jpg,374408,ca3178948116dc400c2a28e7d93bff655a8c592d4b4c5f3c7bf26a7f47b307b6,JPEG,story-vn-resource,2048,866,RGB,JPEG,False,
assets/app-data/story/vn/res/epilogue/last2_c5_epilogue.jpg,652399,e81d087390c83b9d7501fe0e1169a0a1714409a5f42cac6e67931f730ab64cf6,JPEG,story-vn-resource,2048,1673,RGB,JPEG,False,
assets/app-data/story/vn/res/epilogue/last2_epilogue.jpg,534800,f2787ffaa9c38ea308eb97f5d0697544eba97d48a88e10deefb38c4fcc910627,JPEG,story-vn-resource,2048,1152,RGB,JPEG,False,
assets/app-data/story/vn/res/epilogue/missingtai_epilogue.png,271993,d52ac32f77056c81755c5b44e6cc413da98cb83e62ec659193103f8574051ab4,PNG,story-vn-resource,500,633,RGBA,PNG,True,
assets/app-data/story/vn/res/epilogue/tai_epilogue.png,401969,1e7c1bcc31153c45747a525ef250a211e488a32e58930727707518ae0cc555e8,PNG,story-vn-resource,800,450,RGBA,PNG,True,
assets/app-data/story/vn/res/finale/LS.jpg,555596,94d2768b6bcd1269f72c2f7742a9675d4c6b94e03deb0eee4b814102314cacb4,JPEG,story-vn-resource,2048,1547,RGB,JPEG,False,
assets/app-data/story/vn/res/finale/bg3.jpg,580426,26ff20a08f35d73ac8227e8618d2d1767284dfd067afa67b331b65aecdcd1657,JPEG,story-vn-resource,1152,2047,RGB,JPEG,False,
assets/app-data/story/vn/res/finale/bg7.jpg,659796,2ce70870c4b088697bbbc52d6d6b1f7c4413238d4ecfb941343568dbbbc7209d,JPEG,story-vn-resource,1152,2047,RGB,JPEG,False,
assets/app-data/story/vn/res/finale/bg_distance.jpg,1275229,33060e7c5843cdc34922b8c8c6cc97a72220759c291152adf1c69de5bb379be5,JPEG,story-vn-resource,2048,1672,RGB,JPEG,False,
assets/app-data/story/vn/res/finale/testify1.jpg,596083,066d986d5089afa343eb68e67d96680079e417bba720caa4815b08b3d131fea6,JPEG,story-vn-resource,2048,1152,RGB,JPEG,False,
assets/app-data/story/vn/res/finale/vs_overlay.png,143974,95d38259542ec471a39eac6f9514266c09ef17fa3cbfbaf1dcb0704fc6f6b4fa,PNG,story-vn-resource,1920,1080,P,PNG,True,
assets/app-data/story/vn/res/lephon/2_lephon_1.jpg,266482,672d88b50f27ea0dfb21c99a3431f8667abbe7eff5b0d39f4fbdaf425da337b3,JPEG,story-vn-resource,1200,675,RGB,JPEG,False,
assets/app-data/story/vn/res/lephon/2lephon_1_cut2.jpg,106002,275a2c34b8f47d63b81b171414eb9136ac8f92e606957096def3c48e5b4efa69,JPEG,story-vn-resource,940,551,RGB,JPEG,False,
assets/app-data/story/vn/res/lephon/3lephon_1_cut2.jpg,106002,275a2c34b8f47d63b81b171414eb9136ac8f92e606957096def3c48e5b4efa69,JPEG,story-vn-resource,940,551,RGB,JPEG,False,
assets/app-data/story/vn/res/lephon/arc6_bg1.jpg,198803,3fabe4a923eb1ebe8b08da7e1bf80b6b1918849c2a5eb2dd808394e3b03b4309,JPEG,story-vn-resource,1570,857,RGB,JPEG,False,
assets/app-data/story/vn/res/lephon/arc6_bg2.jpg,218248,8e6032215efbe26b5a128ed2ad1708a338a0f3f5eaa2b5f34ca5793abca79e84,JPEG,story-vn-resource,1933,801,RGB,JPEG,False,
assets/app-data/story/vn/res/lephon/arc6_bg3.jpg,365745,82e4da6e0547e61321e7a974afc0861f2a59377de447e4c64c3689ba357f6b30,JPEG,story-vn-resource,1952,1600,RGB,JPEG,False,
assets/app-data/story/vn/res/lephon/designant_j.jpg,355319,747c39578b0c2200f1e478d844c2fde935566ca9573c7cbd4c55a728562812fb,JPEG,story-vn-resource,1250,924,RGB,JPEG,False,
assets/app-data/story/vn/res/lephon/lephon_1.jpg,266482,672d88b50f27ea0dfb21c99a3431f8667abbe7eff5b0d39f4fbdaf425da337b3,JPEG,story-vn-resource,1200,675,RGB,JPEG,False,
assets/app-data/story/vn/res/lephon/lephon_1_cut1.jpg,371142,010edc3032d82f103c342e671f95257478bdae5e14263a5121d53900325ff8bd,JPEG,story-vn-resource,2276,899,RGB,JPEG,False,
assets/app-data/story/vn/res/lephon/lephon_1_cut2.jpg,106002,275a2c34b8f47d63b81b171414eb9136ac8f92e606957096def3c48e5b4efa69,JPEG,story-vn-resource,940,551,RGB,JPEG,False,
assets/app-data/story/vn/res/lephon/lephon_1_cut3.jpg,579544,e1b094a8eac3d91a51d230c21bbc8b0b82afa14ceb8fc5dba51577beee38aae0,JPEG,story-vn-resource,2377,1263,RGB,JPEG,False,
assets/app-data/story/vn/res/lephon/lephon_2_1.jpg,404348,82abb169396110d3779c17ab19275ebaa840021ee9ef901bc543eaecb381f15d,JPEG,story-vn-resource,1920,1080,RGB,JPEG,False,
assets/app-data/story/vn/res/lephon/lephon_2_2.jpg,400997,80ccef1805d9e3db926b5fb4dbf13806bfa0cec1577859eadb38ba0a77ad1d5d,JPEG,story-vn-resource,1920,1080,RGB,JPEG,False,
assets/app-data/story/vn/res/lephon/lephon_2_cut1.jpg,274357,574e6ad407597500e158b74987c0f8dfa27738956b5af97ffcbff84026823eb4,JPEG,story-vn-resource,2426,806,RGB,JPEG,False,
assets/app-data/story/vn/res/lephon/lephon_2_cut2.jpg,176268,7996586ba7f8da4344a3bca5fd010fdd8759a5784e1c68838f8abeefc3e4e6f0,JPEG,story-vn-resource,1900,708,RGB,JPEG,False,
assets/app-data/story/vn/res/lephon/lephon_2_cut3.jpg,285555,643de72c45ca3fec8c4cb6a3982c0b290db916c6ce4516c078046608686c6404,JPEG,story-vn-resource,1901,709,RGB,JPEG,False,
assets/app-data/story/vn/res/lephon/lephon_2_cut4.jpg,265104,efdf4afb05f7fb026c598b0cb85184df9f312667e384dfcd930b00c91ed1dd06,JPEG,story-vn-resource,1640,984,RGB,JPEG,False,
assets/app-data/story/vn/res/lephon/lephon_2_cut5.jpg,234128,052b50f18bb804ffc52b79bae3f551c35e884be2a7520e109dc5280bcda80992,JPEG,story-vn-resource,1901,708,RGB,JPEG,False,
assets/app-data/story/vn/res/lephon/lephon_2_cut6.jpg,134991,eb6b20e61efeddeb00cfd181a36590d09f42034114aff42e02a10a9059cdac4c,JPEG,story-vn-resource,1429,533,RGB,JPEG,False,
assets/app-data/story/vn/res/lephon/lephon_2_cut7.jpg,456786,0484cba1192057d9903699490ea582d6152a07711b2e4409af63ecd0d0ec9089,JPEG,story-vn-resource,1900,1600,RGB,JPEG,False,
assets/app-data/story/vn/res/lephon/lephon_2_cut8.jpg,328919,5f7840795c78c379a52ff5d73af4dbff2ecac2e6d6fc7ce784960bd3fcda13e9,JPEG,story-vn-resource,1380,1765,RGB,JPEG,False,
assets/app-data/story/vn/res/lephon/lephon_bg1.jpg,263835,0bdc195aca4275df13dd3939b81dea8862e04527cba9f8f9e4e8371f7b408c61,JPEG,story-vn-resource,2074,1180,RGB,JPEG,False,
assets/app-data/story/vn/res/lephon/lephon_bg2.jpg,337271,6560c4dceaf5597158462747237b8e6324118f1033f9fd1bba5ef85a3ce08420,JPEG,story-vn-resource,1000,1777,RGB,JPEG,False,
assets/app-data/story/vn/res/lephon/lephon_epilogue.jpg,714385,1384a7f16fc17d24b0f0826b27ed5a8dad4c8eac4b22ab1834b7a9f0f71fb058,JPEG,story-vn-resource,1920,1080,RGB,JPEG,False,
assets/app-data/story/vn/res/lephon/lephon_epilogue_cut1.jpg,248731,2728c25aacb696894aa9a8fc6d9327a5b87c2a2dab5acc4800f84b00d8c68fff,JPEG,story-vn-resource,1333,820,RGB,JPEG,False,
assets/app-data/story/vn/res/lephon/lephon_epilogue_cut2.jpg,842935,b97dff928b69b2ec4122bfb44b332cebd794d9857a7f0e4db1912f848f5dec7f,JPEG,story-vn-resource,2400,980,RGB,JPEG,False,
assets/app-data/story/vn/res/meeting/bars.png,89281,0bc592f52f46564a254a310c2dd6f3bb9ef9cbdfc8464f9d054b943e7283ae5a,PNG,story-vn-resource,198,720,RGBA,PNG,True,
assets/app-data/story/vn/res/meeting/bg.jpg,266440,05d64b7bec93f01a67efff59b7563ce35d23ea2ea7258fa8fcfc3f847b86b049,JPEG,story-vn-resource,1560,877,RGB,JPEG,False,
assets/app-data/story/vn/res/meeting/fx-l.png,137074,c9272e5dc64991b9731dced07f1356d4d0515fc549e667959f531bfb5e09f882,PNG,story-vn-resource,652,720,RGBA,PNG,True,
assets/app-data/story/vn/res/meeting/fx-r.png,176587,b6920743c7da7b968da36878f78e1409e18af01966f93109018985901acdc48e,PNG,story-vn-resource,629,720,RGBA,PNG,True,
assets/app-data/story/vn/res/meeting/hikari.png,639706,cb4a0bf7e67a6b4e6ef3e50f2d0993da0bc7be20e5bb540d9e9b57a9d890c193,PNG,story-vn-resource,680,720,RGBA,PNG,True,
assets/app-data/story/vn/res/meeting/tairitsu.png,547994,e385077bf7a0f94284ce5fd5302fa9a37e3b33bfe189bde0c973b47b5a998ee3,PNG,story-vn-resource,837,620,RGBA,PNG,True,
assets/app-data/story/vn/res/nihil/bg_cut1.jpg,406228,1c96127d0b61ed4be07e34886a83a943e1151cb02df7bceaa4c78467fc8e5e23,JPEG,story-vn-resource,2000,309,RGB,JPEG,False,
assets/app-data/story/vn/res/nihil/bg_cut2.jpg,362115,87c763d159f88dae538a695bcbdc711d60565946ede4d36157465aecd56e8065,JPEG,story-vn-resource,2000,309,RGB,JPEG,False,
assets/app-data/story/vn/res/nihil/bg_cut3.jpg,1017816,157c77e334a354b5211451211627b02921bcc67522900e2a5d9e0947a4196761,JPEG,story-vn-resource,2000,2471,RGB,JPEG,False,
assets/app-data/story/vn/res/nihil/nihil_1A.jpg,669706,174d2bf5061ab07c024da533e5c53858c70fd51bef50cb76e9808168b7967da4,JPEG,story-vn-resource,1920,1080,RGB,JPEG,False,
assets/app-data/story/vn/res/nihil/nihil_1B.jpg,669104,01fe7352db4f5799986e325d5303224fbd94d55a402f705cf1597c6ad69d8d6c,JPEG,story-vn-resource,1920,1080,RGB,JPEG,False,
assets/app-data/story/vn/res/nihil/nihil_1_cut1.jpg,543258,a6c4d2fe5d6ff0e27974d0facc533d4f41b425d4c853d08cf063a4fd40dc683d,JPEG,story-vn-resource,1519,1274,RGB,JPEG,False,
assets/app-data/story/vn/res/nihil/nihil_1_cut2.jpg,373217,0b819c6d68fbe2689d96e097cb3efbeef7ce0360109cb67d855578b0275086ad,JPEG,story-vn-resource,1332,749,RGB,JPEG,False,
assets/app-data/story/vn/res/nihil/nihil_2.jpg,1035854,a923b23fd080084b284de8bc8ef9cfe89880de8d5af0d628d9a6018a8f859f1b,JPEG,story-vn-resource,3840,2160,RGB,JPEG,False,
assets/app-data/story/vn/res/nihil/nihil_2_cut1.jpg,229666,3a04e15de7544b2433d53d62d4e7b6b67ca544468280c0cd678b4ca57e4321ee,JPEG,story-vn-resource,1177,651,RGB,JPEG,False,
assets/app-data/story/vn/res/nihil/nihil_2_cut2.jpg,269518,1d9b1f37ffd6f378d67bd58b54e651a42506430aed59b7e9f0087c1fabc216c1,JPEG,story-vn-resource,1177,662,RGB,JPEG,False,
assets/app-data/story/vn/res/nihil/nihil_2_cut3.jpg,271429,95be228a933e8ef731a7d63d39cfcb0e677e4e1f0f72a38a22ec16f706c0653e,JPEG,story-vn-resource,1177,662,RGB,JPEG,False,
assets/app-data/story/vn/res/nihil/nihil_2_cut4.jpg,282685,edacaea87560949425562ab8c7e267e5f4851b4a6fcebc608d8ebdea5b1043b9,JPEG,story-vn-resource,1177,662,RGB,JPEG,False,
assets/app-data/story/vn/res/nihil/nihil_3.jpg,928106,69c24bf8273c08855553e2f269d214fc2d3d7ffd954b4df23c6611b71722f215,JPEG,story-vn-resource,2765,1555,RGB,JPEG,False,
assets/app-data/story/vn/res/nihil/nihil_3_cut1.jpg,183000,4acb1b3e8b0bcd1f9e81634905dd576a1049231354f184f3c0b3161914307f24,JPEG,story-vn-resource,832,468,RGB,JPEG,False,
assets/app-data/story/vn/res/nihil/nihil_3_cut2.jpg,334343,bae92de8bf0d74313839adf7698341d47c35fc8c993fa595568bf3f540d14693,JPEG,story-vn-resource,1246,701,RGB,JPEG,False,
assets/app-data/story/vn/res/nihil/nihil_3_cut3.jpg,698050,4cf8aff3714a116d96345d37a9fe539bc151b006edb07a4d962a5f82bdaa4531,JPEG,story-vn-resource,2023,1138,RGB,JPEG,False,
assets/app-data/story/vn/res/prelude/2.png,2237794,8a41e97a2c33ca8af1251125ec7cb382074d4d27a8fef4245ab3df8a800bffef,PNG,story-vn-resource,1560,877,RGBA,PNG,True,
assets/app-data/story/vn/res/prelude/3.png,2239034,72898174925a74aadb22df422c7e9d1f74565afaaa87a7e53809a38e53beacad,PNG,story-vn-resource,1560,877,RGBA,PNG,True,
assets/app-data/story/vn/res/prelude/4.png,2238552,deab1b995a77e8cb68045306b38515c7a0f8849d2b9e197b2617c5a7b3f2764b,PNG,story-vn-resource,1560,877,RGBA,PNG,True,
assets/app-data/story/vn/res/prelude/bg.jpg,411331,d2b1e99246c3067f6eb09a73957bb324f9b50a51c14886f6cd5e05773d1f4d15,JPEG,story-vn-resource,1560,877,RGB,JPEG,False,
assets/app-data/story/vn/res/prelude/glass.png,1152023,78576f8cf7b6caeee692de0b2c5b687ca74a19df3152b3fbedbb3521d331df3f,PNG,story-vn-resource,1560,877,RGBA,PNG,True,
assets/app-data/story/vn/res/prelude/over.png,124592,0a5b9c638c5633948adf2287d71b35a7de2e44f2a07f49bb684d5ef5ecedcebb,PNG,story-vn-resource,1560,877,RGBA,PNG,True,
assets/app-data/story/vn/res/prelude/t.png,2223991,f8ade46ef79df167258ad2a3adaa896e2d5142121b7ef93b76b72cb057af927b,PNG,story-vn-resource,1560,877,RGBA,PNG,True,
assets/app-data/story/vn/res/prelude/tai2.jpg,529170,bf0ffc1ee48555e15959222f653de5b45f014ae0d0b69dc5a6fb11021e254bef,JPEG,story-vn-resource,2048,1152,RGB,JPEG,False,
assets/app-data/story/vn/res/red.png,69,bf8dfcbc032c96dbbec552761b19099f5ea906618b4d617269f4c58d543f177a,PNG,story-vn-resource,1,1,RGB,PNG,False,
assets/app-data/story/vn/res/tbc.png,11186,d5c8a15d0295b9c26d1f3bb347cb2e1fc31dacb6d3fdb6e4977587b25b007809,PNG,story-vn-resource,610,93,P,PNG,True,
assets/app-data/story/vn/res/vs/arcahv1.jpg,255795,1e32c7ef53747bf47a7d90a7123d3b12556645e866af6127eb107ef897b38498,JPEG,story-vn-resource,2048,1152,RGB,JPEG,False,
assets/app-data/story/vn/res/vs/arcahv2.jpg,300648,40ec471f0985225bf80aad6dbedba849fb35533c59ecad3a2615715f25ee2ffb,JPEG,story-vn-resource,2048,1152,RGB,JPEG,False,
assets/app-data/story/vn/res/vs/arcahvcut.jpg,166913,0cd9f6e1ffa273e812c311de94f31d6e67c31140028b9f097a2ddecac172903f,JPEG,story-vn-resource,2048,847,RGB,JPEG,False,
assets/app-data/story/vn/res/vs/bg.jpg,583876,44de9ce29772b4c60b38ffcb244230a6cfcfd625efd3cc049a6b8b41fa71575d,JPEG,story-vn-resource,1152,2048,RGB,JPEG,False,
assets/app-data/story/vn/res/vs/bglass.jpg,160006,645e40a67374ee4afb4afd476229d4a97ca163d66e29bf2bf8b621aa775d652f,JPEG,story-vn-resource,1248,2048,RGB,JPEG,False,
assets/app-data/story/vn/res/vs/low.jpg,241016,6962d26cf0229a3f0ece0a18a041952b4444220e711ed5452e6abd29979a4c24,JPEG,story-vn-resource,2048,1488,RGB,JPEG,False,
assets/app-data/story/vn/res/vs/mid.jpg,99388,5708b0abddf225319cd549d27e8cb5b318feafd04b058da1d12394951e1796f9,JPEG,story-vn-resource,1280,720,RGB,JPEG,False,
assets/app-data/story/vn/res/vs/sky.jpg,418828,54f6b47aab84e9b58969869a0628fa9154b1bd3cd99e896d5fb6d5b48f6544b9,JPEG,story-vn-resource,1280,1440,RGB,JPEG,False,
assets/app-data/story/vn/res/vs/tempestissimo.jpg,275211,27343c83a95446914db82929954d57545c4848ab55ac292de08d3d0cfc1cd104,JPEG,story-vn-resource,2048,1152,RGB,JPEG,False,
assets/app-data/story/vn/res/vs/wglass.jpg,76035,42079f098e340d1650753656ae60349993310fa3817e08d220684ea79f6b2cc7,JPEG,story-vn-resource,2048,526,RGB,JPEG,False,
assets/app-data/story/vn/res/white.png,67,a73ab44cfa90f4820f00b4970e78f3cd43d9102a251092ce6546568d42bd8c84,PNG,story-vn-resource,1,1,1,PNG,False,
assets/app-data/story/vn/res/white40.png,68,d2111a1bdaf49f3deb4fdbf28c5d9d9b9a5ffc8aca80302a44a796091e5be80f,PNG,story-vn-resource,1,1,LA,PNG,True,
assets/app-data/story/vn/res/white50.png,68,ee6e080f87bcf518d6f4cb94bf2c0a1bc79fa4ab8674fac75e90ac7679000b29,PNG,story-vn-resource,1,1,LA,PNG,True,
assets/app-data/story/vn/res/white70.png,68,9fa989b21b12b995a919308e0a0163a8a1539564f085b240735adc39dd2f666a,PNG,story-vn-resource,1,1,LA,PNG,True,
assets/app-data/story/vn/res/zettai/bg.jpg,595113,72257881d22e145dd716b32d96f98cbbb28428ea4be60f5905038632c20c2838,JPEG,story-vn-resource,1280,2048,RGB,JPEG,False,
assets/char/-1_mp.png,38851,28e92385233e1ae924a14929d748bf39431d18b9900c479f2c82fba305a721bc,PNG,character-art,895,873,RGBA,PNG,True,
assets/char/0_icon.png,71375,179d733f9f9083c3626732ac1af40c5e8e39905ae3976869379451e259f1981e,PNG,character-avatar-or-icon,170,170,RGBA,PNG,True,
assets/char/0_mp.png,506387,99596d1aa787b5f428588f5e0fe8fceaa3def5dab4ee26f14c37b3615aeaf23f,PNG,character-art,895,873,RGBA,PNG,True,
assets/char/0o_icon.png,63718,8038e2947b555fe8d3c740452a5c61aebd33996d2515782943a42195f057fd95,PNG,character-avatar-or-icon,169,170,RGBA,PNG,True,
assets/char/0o_mp.png,442532,b1c1bceff8110eed159833d401c9835993a06aefb67169d24c95c874a703c7a3,PNG,character-art,895,873,RGBA,PNG,True,
assets/char/0u_icon.png,76427,be38044993779c821fa6371938e1f90585c8d0946029c841bbc44c66d4164295,PNG,character-avatar-or-icon,169,170,RGBA,PNG,True,
assets/char/0u_mp.png,829310,0518b690a1bb7953dcaf397bb5477b2af98e96e54bbfe0f1e0cf70772d27ea44,PNG,character-art,895,873,RGBA,PNG,True,
assets/char/1080/0.png,1468045,dbc444d14e8ad9d7f00c0a8c7a558c08822e47058e35870e290b284356e15064,PNG,character-portrait-or-full-art,1800,1800,RGBA,PNG,True,
assets/char/1080/0o.png,1190111,793d42c2559dd38ca00da7358077c215b16d2fa638ca0cb166a16567f5842d58,PNG,character-portrait-or-full-art,1800,1800,RGBA,PNG,True,
assets/char/1080/0u.png,1394823,b80c5d482606e3b89d6cc2bb6e338e397aa75ec3d069dd4f17afa8b2833b2927,PNG,character-portrait-or-full-art,1800,1800,RGBA,PNG,True,
assets/char/1080/1.png,1411448,e7263aed1c3be6ab9b0a9bc2fef195070a530b7eb5e60d5d99369170d396ccea,PNG,character-portrait-or-full-art,1800,1800,RGBA,PNG,True,
assets/char/1080/10.png,1778497,d802b0e79e6fac1d0b2850881708f80db8d9f9e22f97d99efe70a156d4d65f5c,PNG,character-portrait-or-full-art,1800,1800,RGBA,PNG,True,
assets/char/1080/10u.png,2831146,3cac1af91b9be18912ba919625031d0f8ad6ca3a1f265c4d5e9f609cc40ae2ca,PNG,character-portrait-or-full-art,1800,1800,RGBA,PNG,True,
assets/char/1080/11.png,927295,c7cf84ab2e0e9c034ab437d9faa7b2ff32799c45f0aeeb3920864964df209c01,PNG,character-portrait-or-full-art,1800,1800,RGBA,PNG,True,
assets/char/1080/11u.png,1066013,2e4b893bfb46b0881efd4d8fa8508768ef4a3ec9eaecb0b7a0cf340697b03d5e,PNG,character-portrait-or-full-art,1800,1800,RGBA,PNG,True,
assets/char/1080/12.png,967885,e759784b85c1718d14cfd265f8157006c0ab912282f0a2d9f68430f7e8e42450,PNG,character-portrait-or-full-art,1800,1800,RGBA,PNG,True,
assets/char/1080/12u.png,1403133,28a12d51de95a0f914ba1608f5116ab28c5a7befb82950b721278d1b596243a3,PNG,character-portrait-or-full-art,1800,1800,RGBA,PNG,True,
assets/char/1080/13.png,1458757,bd588ae6d294a537af558108102926d84943157c54eb335951a554797fdd5df0,PNG,character-portrait-or-full-art,1800,1800,RGBA,PNG,True,
assets/char/1080/13u.png,2019167,1e1348599a56f45605bd244bc2a680056b354db8c9308ef6916cce60a9960574,PNG,character-portrait-or-full-art,1800,1800,RGBA,PNG,True,
assets/char/1080/14.png,1315345,446967a78303d22d9d32b8ce1e88c4f06b847913fc593dfe1315d41c095e40d3,PNG,character-portrait-or-full-art,1800,1800,RGBA,PNG,True,
assets/char/1080/15.png,1606095,77c03f9978677b4315cdae1e77bb9e35d703086664ca13053db237a8f79a0f2d,PNG,character-portrait-or-full-art,1800,1800,RGBA,PNG,True,
assets/char/1080/16.png,1060547,55a8f0be0e94ece861b51bc0727f67948c90d249c282214823c0f4bad8b7080d,PNG,character-portrait-or-full-art,1800,1800,RGBA,PNG,True,
assets/char/1080/17.png,1340276,b4aded27cc26e33f6d9c157a060e8af8793073585b39c942b58ccb2d4b3961de,PNG,character-portrait-or-full-art,1800,1800,RGBA,PNG,True,
assets/char/1080/18.png,1355244,917bd750075fcdb8c48d71f531c2c202a9ffa0254b6478436d42188dde814df8,PNG,character-portrait-or-full-art,1800,1800,RGBA,PNG,True,
assets/char/1080/19.png,1731325,abecf440825e1421d234decf96a5bf64d00773a66066b472d64cf1ff555b222a,PNG,character-portrait-or-full-art,1800,1800,RGBA,PNG,True,
assets/char/1080/19u.png,2365853,5d083ca447b81902f32852adb8a5e896ef7dabe0db0af3fee05ee91d753bb6e8,PNG,character-portrait-or-full-art,1800,1800,RGBA,PNG,True,
assets/char/1080/1o.png,985184,25615c10fefd481bf68ea03f6f4ba79ddc6dd804eec19bff66e18959f575604c,PNG,character-portrait-or-full-art,1800,1800,RGBA,PNG,True,
assets/char/1080/1u.png,1376377,f2040bbf397b8851f53f12d0965306d7b5a7fa57ad21c8259b4f0c823c7e1c1d,PNG,character-portrait-or-full-art,1800,1800,RGBA,PNG,True,
assets/char/1080/2.png,1241020,e0482729467613d1a0d7bbe1026d951c8f424141da333f0671cd61dd8b0cbd48,PNG,character-portrait-or-full-art,1800,1800,RGBA,PNG,True,
assets/char/1080/20.png,1704324,da3c9821679a6f9b9e5ab171903a1aafcc38b3a3e888b4aaee346d23b0edc318,PNG,character-portrait-or-full-art,1800,1800,RGBA,PNG,True,
assets/char/1080/21.png,707481,42ae621abfd36fc844f19346026960ab24bd56d3708118e1921a5c9c6cb90b6c,PNG,character-portrait-or-full-art,1800,1800,RGBA,PNG,True,
assets/char/1080/21u.png,686157,b25564d140c0333c61473f7b2aed12f6005ffd3981b19bce8b32a01643d6b3c0,PNG,character-portrait-or-full-art,1800,1800,RGBA,PNG,True,
assets/char/1080/22.png,1875721,aca14036a0444fdeb6ea85f4ae980f7664d7b6ee9c8449986f1fcafa2f59f3ea,PNG,character-portrait-or-full-art,1800,1800,RGBA,PNG,True,
assets/char/1080/23.png,1948972,79b57a16e36bbc90bb7647f000650f8be658c1c2c72759dcf2127000a98ef367,PNG,character-portrait-or-full-art,1800,1800,RGBA,PNG,True,
assets/char/1080/23u.png,1993217,01e5bebfbb8938d706d1f2b25560a1f844e2617f229c4f9b1221380b621fe34f,PNG,character-portrait-or-full-art,1800,1800,RGBA,PNG,True,
assets/char/1080/24.png,2660871,76d519b8eef5210bb7fa7069be8afd1240f3bee9176f5c4094cd57176e8dc434,PNG,character-portrait-or-full-art,1800,1800,RGBA,PNG,True,
assets/char/1080/25.png,261785,24fabf2b6ba35d4c9fa2028b1732831a135aa2bc878f8a74a4c0d1678d5a0d95,PNG,character-portrait-or-full-art,1800,1800,RGBA,PNG,True,
assets/char/1080/26.png,1258700,2846a2e03de5d42d95211e4a70d40337c27ab495034f9c77aaced7578954045f,PNG,character-portrait-or-full-art,1800,1800,RGBA,PNG,True,
assets/char/1080/26u.png,1734430,76d9677a8484eef33de17f14ad30a725196c880ef8f350425630794bf8d63ec1,PNG,character-portrait-or-full-art,1800,1800,RGBA,PNG,True,
assets/char/1080/27.png,1971109,6381df37a4eb9bd7f2d53e8a288f8d3d1d6809871a4d9a5050ce18a96fdbe2b8,PNG,character-portrait-or-full-art,1800,1800,RGBA,PNG,True,
assets/char/1080/27u.png,2908015,a04e75e71c117a93bcb65e7ab314466663a81f4b7de3ffef5e079a4cf3e72d59,PNG,character-portrait-or-full-art,1800,1800,RGBA,PNG,True,
assets/char/1080/28.png,3401477,db434a2746f9739ee40f0acf79979b81963b3c3e6f63201c76ed00453dc73f7a,PNG,character-portrait-or-full-art,1800,1800,RGBA,PNG,True,
assets/char/1080/28u.png,2081096,59306693058619761642a4bc4684344b672d86dd70bef5685647c11e76494c45,PNG,character-portrait-or-full-art,1800,1800,RGBA,PNG,True,
assets/char/1080/29.png,2454706,21e4f6743818c290a6d827bd6401302368f62d8120075aeac1f29b961ea79859,PNG,character-portrait-or-full-art,1800,1800,RGBA,PNG,True,
assets/char/1080/29u.png,2645282,3076e43110c151fb3e814b9b528e1a18c6cf7604a209e9c991a37e65895220ac,PNG,character-portrait-or-full-art,1800,1800,RGBA,PNG,True,
assets/char/1080/2u.png,1852776,70ab2bbe87fad5f57d7b6cdc3b8a5c334a6893c66d3664b366760c41074942fb,PNG,character-portrait-or-full-art,1800,1800,RGBA,PNG,True,
assets/char/1080/3.png,852384,903f35297bca36eec1818473f99a0f7c67942759643ddd794187c8a2289a5093,PNG,character-portrait-or-full-art,1800,1800,RGBA,PNG,True,
assets/char/1080/30.png,1671370,d5e9819bf8f3980e6c9da895f6426a056e3ef8200981c7d77b5c7340c2781c04,PNG,character-portrait-or-full-art,1800,1800,RGBA,PNG,True,
assets/char/1080/30u.png,1936412,77d3f1d62c302f0e66351e116a3df96d6f6db0a870a6482799b20e592b5d25b9,PNG,character-portrait-or-full-art,1800,1800,RGBA,PNG,True,
assets/char/1080/31.png,1341825,06e558363fc26e8c9d2c2cca281d20c1199a6ea3debf6ab28edcc33a140e78d1,PNG,character-portrait-or-full-art,1800,1800,RGBA,PNG,True,
assets/char/1080/32.png,1250355,a6af54a478abaf4adaddbadb8eb889add0531d54528f758d5f89441aa7abdc72,PNG,character-portrait-or-full-art,1800,1800,RGBA,PNG,True,
assets/char/1080/33.png,784299,50f85ce62a99c2447edc1a57bc065399e0dd8c403bcfd5c4b13954298daa6ae1,PNG,character-portrait-or-full-art,1800,1800,RGBA,PNG,True,
assets/char/1080/34.png,1312973,f783ab60e8832c75f78401dc781c734895c762b2db46b4a0f2da479f0f06ee06,PNG,character-portrait-or-full-art,1800,1800,RGBA,PNG,True,
assets/char/1080/34u.png,2116429,90f7675b839ac6e9a4e1ee78791e00595911a924fb6ea81e69761d9e5c08585a,PNG,character-portrait-or-full-art,1800,1800,RGBA,PNG,True,
assets/char/1080/35.png,2373476,6a4fae868110d05594cd17d2360e43a5195438782ee58bd70671637f72d885c4,PNG,character-portrait-or-full-art,1800,1800,RGBA,PNG,True,
assets/char/1080/35_angry.png,114682,835d6128b9ec776a050f34b490663035196ed68ff4e6f2302d7661a3e8ff0f99,PNG,character-portrait-or-full-art,278,266,RGB,PNG,False,
assets/char/1080/35_cut.png,2269883,b5dba81fadd55ea9fc653425311679f3af13a06b30657561e0383e67c52cd3fa,PNG,character-portrait-or-full-art,1847,1440,RGBA,PNG,True,
assets/char/1080/35_twisted.png,114906,0583eeab23c68381538486b26de1f93fd8d565a3ac4970b36c1afd7b02aa5407,PNG,character-portrait-or-full-art,278,266,RGB,PNG,False,
assets/char/1080/36.png,2115065,33fe2fe3cd3d5d084d7bc0675cb869d32a7a698b6ec6c005ea1a76a9d8b4e433,PNG,character-portrait-or-full-art,1800,1800,RGBA,PNG,True,
assets/char/1080/36u.png,2909767,c9c7d8528d26df7a8edae5b3d1a28bf24d0a7a95c6dfd33575fa8ed004c67a88,PNG,character-portrait-or-full-art,1800,1800,RGBA,PNG,True,
assets/char/1080/37.png,2355780,d14c6257bc4680ee0bdca4fb2304d10b0e36e956daed1087833a0c5802676b92,PNG,character-portrait-or-full-art,1800,1800,RGBA,PNG,True,
assets/char/1080/38.png,1987342,0cfa45347141168dafdbb788c14e0be03b311dd8e29ecd34e8769b510ac7c215,PNG,character-portrait-or-full-art,1800,1800,RGBA,PNG,True,
assets/char/1080/39.png,2328750,2a77427fd849cf64ece8c5f1b47b3d5c40ee8f6b19eb4018faf3224c37b87cb9,PNG,character-portrait-or-full-art,1800,1800,RGBA,PNG,True,
assets/char/1080/4.png,1945578,1a03f1200c28ce471ec3eb679cc7e8718f5b0063e2dd24206e1c219441f7e789,PNG,character-portrait-or-full-art,1800,1800,RGBA,PNG,True,
assets/char/1080/40.png,1246938,fb66b7942c5f9d7845ff619dce4ecafc314a0830e9a413ddefaf2856460c0afe,PNG,character-portrait-or-full-art,1800,1800,RGBA,PNG,True,
assets/char/1080/41.png,5524863,d8cf30950f570ee61342aba642e2cf30706b1d511abca5bef9ef59087f8240d8,PNG,character-portrait-or-full-art,1800,1800,RGBA,PNG,True,
assets/char/1080/42.png,1713562,30b34087ba1515463792fd361a0adae84714471fe8fb8831f5d463e28226fb85,PNG,character-portrait-or-full-art,1800,1800,RGBA,PNG,True,
assets/char/1080/42u.png,2296810,e28429955f798d3d10f67748cb86942977bf30d8780df455ad3a0d97ca2cc04f,PNG,character-portrait-or-full-art,1800,1800,RGBA,PNG,True,
assets/char/1080/43.png,1568027,ce77abb8d1b7d6fc0b46a0a7b6fd1ece3a6e8144aff5446417a8109029ee1918,PNG,character-portrait-or-full-art,1800,1800,RGBA,PNG,True,
assets/char/1080/43u.png,1526382,a5a5d13870b366c93e2bfdf05b9b88cac4dbaff929a91d8f0a8f2e8bc72223ba,PNG,character-portrait-or-full-art,1800,1800,RGBA,PNG,True,
assets/char/1080/44.png,1582076,6d672cb0f53678e295b392813af5a9000647df45e5cd22668998a08d84007022,PNG,character-portrait-or-full-art,1800,1800,RGBA,PNG,True,
assets/char/1080/45.png,1379080,e688c9c5651d378ab5b8b1c965dd249949e5d21a4d424cf65bed7b493efa18d8,PNG,character-portrait-or-full-art,1800,1800,RGBA,PNG,True,
assets/char/1080/46.png,573997,99d138d72c32f563cb188fc93e62d9a396d8f650bdcd34504434b2aee6085e90,PNG,character-portrait-or-full-art,1800,1800,RGBA,PNG,True,
assets/char/1080/47.png,1586509,0c3f1fc34966f3b106473082719faa9aadef16aeab4ccda155fa9eb1d4fc6416,PNG,character-portrait-or-full-art,1800,1800,RGBA,PNG,True,
assets/char/1080/48.png,913582,a7da8e33d6a0cb8510ee1021306290df565811bd43f207aeb9bef2ae63f603fc,PNG,character-portrait-or-full-art,1800,1800,RGBA,PNG,True,
assets/char/1080/49.png,724302,c46e48a12bf953a75ea5a4f0904e260a693b80e0d3859acc4715e0b5b0ddd992,PNG,character-portrait-or-full-art,1800,1800,RGBA,PNG,True,
assets/char/1080/4u.png,2077463,3e3a0752ac5c775590226833f3ed0a9adac2e1e43973ed3122523e2e0b9f93fc,PNG,character-portrait-or-full-art,1800,1800,RGBA,PNG,True,
assets/char/1080/5.png,3447080,21526fad195e9fbeabd0f309a6da3f55e3309c05e42be138f1f94b7ea3072a60,PNG,character-portrait-or-full-art,1800,1800,RGBA,PNG,True,
assets/char/1080/50.png,1898220,ea67860b0a1c55760a76f1b42dbbd2ebbe2ea099f0324c71c5f92ed051976020,PNG,character-portrait-or-full-art,1800,1800,RGBA,PNG,True,
assets/char/1080/51.png,2247246,69ab7a03513aec1c4924bddebe9379a639f52c740a43f0e8d27e84bb21a23f5a,PNG,character-portrait-or-full-art,1800,1800,RGBA,PNG,True,
assets/char/1080/52.png,1568281,e595fa1e83422f0f395017da13853d9e71c5b7db1e5ea0d9ff535510ea9512f1,PNG,character-portrait-or-full-art,1800,1800,RGBA,PNG,True,
assets/char/1080/53.png,372808,c30995809954c0fe009c5aee86971f87a95c262a802d9a24ead0e52364ab81f7,PNG,character-portrait-or-full-art,1800,1800,RGBA,PNG,True,
assets/char/1080/54.png,1590718,e98ddc3dc03aa0d5c1953042ff406765905e60e3fdcfbcd5366a98d93944809c,PNG,character-portrait-or-full-art,1800,1800,RGBA,PNG,True,
assets/char/1080/55.png,2019084,3e6b33961199316df0fe5d69e47411ad825c3affd4d36d85fbda9aec6a5f94e8,PNG,character-portrait-or-full-art,1800,1800,RGBA,PNG,True,
assets/char/1080/56.png,1013110,d605b2d864e447125d3c22cd3b22a6f7fde680b6adcbdeb0cb533bc58ba7abf5,PNG,character-portrait-or-full-art,1800,1800,RGBA,PNG,True,
assets/char/1080/57.png,1139132,65a2f38ff3d474eff53b240b291297035267b94ad0641d70214844b23c3aefcb,PNG,character-portrait-or-full-art,1800,1800,RGBA,PNG,True,
assets/char/1080/58.png,1326019,2e919feaa0aaa5741fd9a2cf254a965715733037806b6ff70adbe2a66ecf24c5,PNG,character-portrait-or-full-art,1800,1800,RGBA,PNG,True,
assets/char/1080/59.png,1527174,ff4ccb15755dd1e0e5d4a0cb3d7ffeafdc244586fd95512f7a2d51537b3366ec,PNG,character-portrait-or-full-art,1800,1800,RGBA,PNG,True,
assets/char/1080/6.png,1539340,cec8c44b7ccf6df46802a34a8c4fe8a0fa0247875abfbdb3f7a79e77a27174a3,PNG,character-portrait-or-full-art,1800,1800,RGBA,PNG,True,
assets/char/1080/60.png,1347960,db52e273297d999864a98ea5f12d66f8bea2b8a9d805b5102c11d1e92214bcc9,PNG,character-portrait-or-full-art,1800,1800,RGBA,PNG,True,
assets/char/1080/61.png,1844064,c1c9ad549063170298553c72c9e297185b915c9b471763c41d6e0cd1ccb6e17c,PNG,character-portrait-or-full-art,1800,1800,RGBA,PNG,True,
assets/char/1080/62.png,675368,164f77a62bc7342f0fc1e5cfcb82973cb278cb2f7e311cc503cec29d6a6887cb,PNG,character-portrait-or-full-art,1800,1800,RGBA,PNG,True,
assets/char/1080/63.png,570675,c827db1e2b3ca501c38919028329d5a04a3ba9784c2cda439aacf9bf507b186f,PNG,character-portrait-or-full-art,1800,1800,RGBA,PNG,True,
assets/char/1080/64.png,1772038,3e4ea2fb20466570e59d122da06ea29cd2f8e673d89160e9d7ac31b70167b2b2,PNG,character-portrait-or-full-art,1800,1800,RGBA,PNG,True,
assets/char/1080/65.png,1325073,a78d39b32c536533fa22ab611939c4afa4483ebac04983ffe10a0093d2ab86b5,PNG,character-portrait-or-full-art,1800,1800,RGBA,PNG,True,
assets/char/1080/66.png,1287577,f3df8987856f431e827545a9d3bdecd3fcf1034f27a8cdaae43f78c8ffde71b6,PNG,character-portrait-or-full-art,1800,1800,RGBA,PNG,True,
assets/char/1080/66u.png,1132803,76da30db59547dbec7fad8ef52703798325994ea7f8e1306e702fa2838bc4dbc,PNG,character-portrait-or-full-art,1800,1800,RGBA,PNG,True,
assets/char/1080/67.png,1484108,4a76edba73fbe9178872e7b260c45080ccf2362ffe130c5ba98adb780bfc5afe,PNG,character-portrait-or-full-art,1800,1800,RGBA,PNG,True,
assets/char/1080/68.png,2264423,051e281df0348487847f9b079e8f2417395728a8006837a26c81435942f17011,PNG,character-portrait-or-full-art,1800,1800,RGBA,PNG,True,
assets/char/1080/69.png,1915320,8031797fb9f3af9ca1f4e4c7191d93b13f4932d373d289f76d504263501211fb,PNG,character-portrait-or-full-art,1800,1800,RGBA,PNG,True,
assets/char/1080/7.png,2324566,b6e75233d36f01e41635bea705fe6274affca29e07897d8769343b898e8329b6,PNG,character-portrait-or-full-art,1800,1800,RGBA,PNG,True,
assets/char/1080/70.png,1703167,90580515ea52e5b804deaace23d9f3741a80cedec839c85cf8b3b7b3f235901b,PNG,character-portrait-or-full-art,1800,1800,RGBA,PNG,True,
assets/char/1080/71.png,1153018,9b8b94a89938aac3b77675505ca01e51978ee662510b5995c677c7b7a61197f7,PNG,character-portrait-or-full-art,1800,1800,RGBA,PNG,True,
assets/char/1080/71l.png,1474099,5eedb3f93cc8735be0425c687998af6e7bbbf5d99d2e5956b2483937127cb368,PNG,character-portrait-or-full-art,1800,1800,RGBA,PNG,True,
assets/char/1080/71u.png,2376687,c696e8b96da9643f8a4f31e541e6ad0d1e9aa03e14170f1dcb55095e2473637b,PNG,character-portrait-or-full-art,1800,1800,RGBA,PNG,True,
assets/char/1080/71u_s1.png,1675687,6dedbf74be50a09d2a0ccd2cdd90c5d7e0797c4b170eaf711f31296afca94153,PNG,character-portrait-or-full-art,1800,1800,RGBA,PNG,True,
assets/char/1080/71u_s2.png,885485,f285e6721aca30379f54b8a59c48ddc31989dc4f110ce711271616ce06eb0d48,PNG,character-portrait-or-full-art,1800,1800,RGBA,PNG,True,
assets/char/1080/72.png,1243107,8ce215a83df982cd2a257f067b44364a12c84b259359e809c59eb2c599f9081f,PNG,character-portrait-or-full-art,1800,1800,RGBA,PNG,True,
assets/char/1080/72skill.png,1439782,fd970369c1de952b83d8b905925cae29d4ed2a39a5796ad011031dcf9f764895,PNG,character-portrait-or-full-art,1800,1800,RGBA,PNG,True,
assets/char/1080/73.png,549850,2183b9adb834587e66a0e27c06965b7d583ace258c47ddeb086b8333f44c5d26,PNG,character-portrait-or-full-art,1800,1800,RGBA,PNG,True,
assets/char/1080/73u.png,1006840,1f65f01720c23ddabffe0824cfdaadc9d5a6060128a8c10a252c071b657319c2,PNG,character-portrait-or-full-art,1800,1800,RGBA,PNG,True,
assets/char/1080/74.png,1307696,f8ebe97232de798309e7080f272b169a115e88419fd01d2c40eec91207d8371e,PNG,character-portrait-or-full-art,1800,1800,RGBA,PNG,True,
assets/char/1080/75.png,1728039,638e9a94d17be7e235b899d50f2567be228744b197b19c5b5a6cffd2a1208b4b,PNG,character-portrait-or-full-art,1800,1800,RGBA,PNG,True,
assets/char/1080/76.png,1251781,78f0358bffeb169b1b31a6f3a23bb80ffc06017ec6ef2ab4989951b8c63bd778,PNG,character-portrait-or-full-art,1800,1800,RGBA,PNG,True,
assets/char/1080/77.png,1623884,36c0e1e3a5a169cce7605bd1a8c9834a7b9eb0c8fc400ab7db3bcadfffc6e679,PNG,character-portrait-or-full-art,1800,1800,RGBA,PNG,True,
assets/char/1080/78.png,3558721,d5c41d12851d686337f2d42e8ea4a4080b499ccaf5ea7c2e29a6948d0bac88a6,PNG,character-portrait-or-full-art,1800,1800,RGBA,PNG,True,
assets/char/1080/78l.png,1146823,df68a06f20f83233cbd911ada3fd3fe69d1b0dfb92a9bd20dd42aa6b79f0cdbe,PNG,character-portrait-or-full-art,1800,1800,RGBA,PNG,True,
assets/char/1080/78l_mask.png,201230,02758a4216db039ea3748157c1f616b9e8acdddaad97d029db0add927fd1d6b4,PNG,character-portrait-or-full-art,1800,1800,RGBA,PNG,True,
assets/char/1080/8.png,1492757,5fe45a6460d624a82fe9ddd73f98c4d64f4774411b17bd19d20f28fb92965d14,PNG,character-portrait-or-full-art,1800,1800,RGBA,PNG,True,
assets/char/1080/81.png,1357079,f74a5f95ba18efa90db6bbbc75e8c5888870d13ba80adef2fc9077fa61f04a7a,PNG,character-portrait-or-full-art,1800,1800,RGBA,PNG,True,
assets/char/1080/81u.png,1957381,91ede350054268fca372a2c511d2a45aa0460ea2d70eb9ac7b3f961bad16ed68,PNG,character-portrait-or-full-art,1800,1800,RGBA,PNG,True,
assets/char/1080/82.png,1625607,230d12082828b293f8c43508653a215ac719319bb06b5feeedb8339024b471ed,PNG,character-portrait-or-full-art,1800,1800,RGBA,PNG,True,
assets/char/1080/82u.png,2560172,cf2b89854760dc168a35dc6f9739204244364916f9f9ebb530ee380afc10214a,PNG,character-portrait-or-full-art,1800,1800,RGBA,PNG,True,
assets/char/1080/83.png,670982,4d92ce777bd0968d19b00523afdbdf99380a5eaedbd2e3771281e1ccd0acc709,PNG,character-portrait-or-full-art,1800,1800,RGBA,PNG,True,
assets/char/1080/84.png,1643889,4e8fdd0f4c6244e953b717e32ecc5c008611e981a05b8e02d226a9c2bf4e438a,PNG,character-portrait-or-full-art,1800,1800,RGBA,PNG,True,
assets/char/1080/84u.png,3297210,5bc1e9c3ad04f4303e7e109ff12bd5c2ba9aae0f4820b8e259ec5ece495e81cb,PNG,character-portrait-or-full-art,1800,1800,RGBA,PNG,True,
assets/char/1080/85.png,3724937,e5b8fee4cf6b02f7ab8ba50df34d80cd97b12c31b849ecaf32d49226a74ed1b1,PNG,character-portrait-or-full-art,1800,1800,RGBA,PNG,True,
assets/char/1080/85skill.png,3803877,2a6fdb13a73c323817a300bf48ff8fdaf17780ef651dc356ed572e596c95764c,PNG,character-portrait-or-full-art,1800,1800,RGBA,PNG,True,
assets/char/1080/86.png,3396953,3060118498a5d847605a78551a5e2ddea6b50bfcff7232953d745d436b094858,PNG,character-portrait-or-full-art,1800,1800,RGBA,PNG,True,
assets/char/1080/87.png,3451334,9fec9b4a3093d2a3c8014338bcc895d62eb3b0345a1411b90520f8bf0f4f784a,PNG,character-portrait-or-full-art,1800,1800,RGBA,PNG,True,
assets/char/1080/88.png,3113749,9c70d9cc81ddb83597353e9a5c8801cecc69d8dc7ebdca6df700132c6721d9e9,PNG,character-portrait-or-full-art,1800,1800,RGBA,PNG,True,
assets/char/1080/89.png,1251792,f44e61944c716acea502cd29921fdcf2b5ac2c46e1a5182cbefc718494c52490,PNG,character-portrait-or-full-art,1800,1800,RGBA,PNG,True,
assets/char/1080/89u.png,1965051,5db4dbe5bcc8749e760b2cb8f3961a017d8d3080980d7a8f2ce1c58e06583a33,PNG,character-portrait-or-full-art,1800,1800,RGBA,PNG,True,
assets/char/1080/9.png,1632636,8288e92e677f6fc48ec6efd2683158d05a01ffa0b2c0c1c66d337591d158acc1,PNG,character-portrait-or-full-art,1800,1800,RGBA,PNG,True,
assets/char/1080/90.png,920118,1f8815772ce3f855210a1a983e95ad0ce5b1f6e97087f2d661e978cbe2534c81,PNG,character-portrait-or-full-art,1800,1800,RGBA,PNG,True,
assets/char/1080/91.png,2640427,709bebad35c54019327339bd579c8e2b1b32751327d95b8d4c35d4851c38b6d3,PNG,character-portrait-or-full-art,1800,1800,RGBA,PNG,True,
assets/char/1080/92.png,1613461,e50203686e48a0f2e4836bc62b7448243a3e2e2cc7d2a9f116f99706d055a3a1,PNG,character-portrait-or-full-art,1800,1800,RGBA,PNG,True,
assets/char/1080/93.png,2592187,3d753414b9606dc83ed2e10ff6bb0d3375684b40ffa0e889a46bc2fc9a647a30,PNG,character-portrait-or-full-art,1800,1800,RGBA,PNG,True,
assets/char/1080/94.png,2416280,a7e2ad49dda8b41fbe522e8e6627fbc6974d1f20c14f1336c003756d0b99794c,PNG,character-portrait-or-full-art,1800,1800,RGBA,PNG,True,
assets/char/1080/95.png,1718634,dbeaf17fe0bf4c91a129d0b67411763f4297f9dd04b2d04819d196e7be7089fd,PNG,character-portrait-or-full-art,1800,1800,RGBA,PNG,True,
assets/char/1080/96.png,1939988,b6128c9a66377c1534cc51d92285bc40b41c8a8dff1972912402cfa19663698d,PNG,character-portrait-or-full-art,1800,1800,RGBA,PNG,True,
assets/char/1080/99.png,1460048,12db03d8b17f2b5b284e35c7c1fc9336fa02f51105aff1016f5ecbb9fd051dc6,PNG,character-portrait-or-full-art,1800,1800,RGBA,PNG,True,
assets/char/1080/luna_fo.png,5072,ca0c5680c356d2e97da870568437d6519f33f637f32800f3cc2066eb6c2b4731,PNG,character-portrait-or-full-art,62,48,RGBA,PNG,True,
assets/char/1080/luna_ho.png,4971,5c15ecb5e6f2b67720a791d85bfec138eec3afb0e213ee350660c881fa5bba5e,PNG,character-portrait-or-full-art,62,48,RGBA,PNG,True,
assets/char/1080/luna_o.png,5038,3bf76011eab47e43e1effc88393adbc7ef15b5882db298278f2ac1a7aa15183f,PNG,character-portrait-or-full-art,62,48,RGBA,PNG,True,
assets/char/1080/luna_oo.png,5163,78fbb0c5f63e6cb47a31f6b440dcda8644d865663aa883d30c34b25bfa82c103,PNG,character-portrait-or-full-art,62,48,RGBA,PNG,True,
assets/char/10_icon.png,71681,123c6da7e15e7ecb495da8ff94ad5cd3e939a8c4d54bb27f44602615b28876e1,PNG,character-avatar-or-icon,169,170,RGBA,PNG,True,
assets/char/10_mp.png,573107,21e3f6ace76be43e056bf67c6f18f6dafae36efa6ba70d4d313f9c19fd5b6d5c,PNG,character-art,895,873,RGBA,PNG,True,
assets/char/10u_icon.png,77151,56581b75b3bb5d6acd9ecaa30aada396a3819a4b8289100eaf2560e80b18b036,PNG,character-avatar-or-icon,169,170,RGBA,PNG,True,
assets/char/10u_mp.png,970326,585538465f22bfe98053273babb733df4326463bf5ad06b7fa6356e9559a25c0,PNG,character-art,895,873,RGBA,PNG,True,
assets/char/11_icon.png,70916,589003ad788002315129d3c774f99917f71f984f2f825852d6a793d87b5d64f7,PNG,character-avatar-or-icon,169,170,RGBA,PNG,True,
assets/char/11_mp.png,560515,f2bc548dec4d284403c3e6b858c57b46607977ce987ccea25c7496ab30c31521,PNG,character-art,895,873,RGBA,PNG,True,
assets/char/11u_icon.png,69562,c8f7f0bd1836b36a98eddec74f0d935531134a94e211df9cfec7824c2fd87341,PNG,character-avatar-or-icon,169,170,RGBA,PNG,True,
assets/char/11u_mp.png,714134,7d43ff13e27addb7ce184dd7c42558230e34272682b8f214b6996534d56248e8,PNG,character-art,895,873,RGBA,PNG,True,
assets/char/12_icon.png,71514,838374e940d90c0a85add7b112d2596b42d8446c23a5d7ace9eff7c1df51aa83,PNG,character-avatar-or-icon,169,170,RGBA,PNG,True,
assets/char/12_mp.png,544427,9c3f7277e3153b9032e77b88d29c6849373e5e1baf43d59c2f520f4adb1026bf,PNG,character-art,895,873,RGBA,PNG,True,
assets/char/12u_icon.png,64925,afa48cf77e7d4ee9fe78ac6d3cea1bc80df65a5877c83b6fa93c674cf1e5e88a,PNG,character-avatar-or-icon,169,170,RGBA,PNG,True,
assets/char/12u_mp.png,657011,dda0b513228a46e3044199e4d2a7745be21d6759c8318fb5ef730877f9fb7a25,PNG,character-art,895,873,RGBA,PNG,True,
assets/char/13_icon.png,63016,278da4127bb9869c52ca426bb85819f76f3b40e5dff962beb77fb1ae4050f4df,PNG,character-avatar-or-icon,169,170,RGBA,PNG,True,
assets/char/13_mp.png,522115,d9c6459ed368d32dd9310b90aa905b55baaadd1787612357e2ba3defdee7ace1,PNG,character-art,895,873,RGBA,PNG,True,
assets/char/13u_icon.png,63538,da3892da67df71ff62adaed8dd9c5eb0994c7b369326548a2c66222f7c475f17,PNG,character-avatar-or-icon,169,170,RGBA,PNG,True,
assets/char/13u_mp.png,693957,a53b5adaaef6f75d2a7ea9d229ebe13952f7debbddbe6d8fa140c4cf22893194,PNG,character-art,895,873,RGBA,PNG,True,
assets/char/14_icon.png,66496,68fc5f30ef40ea4b696ba9ad81eb6b7e365c432e9afed38826209f75dfbcfa44,PNG,character-avatar-or-icon,170,170,RGBA,PNG,True,
assets/char/14_mp.png,630044,5de3cb46033c441a57872bd97089c44834163538bd412fab6deec078c6dbc397,PNG,character-art,895,873,RGBA,PNG,True,
assets/char/15_icon.png,65698,a81793e0bc2011ac7faa99ffc3e5eada3f36367ebb1cca4ad7918c483fb5942e,PNG,character-avatar-or-icon,170,170,RGBA,PNG,True,
assets/char/15_mp.png,707305,467359218f73454df1982b2e48283dcde0097ee0763e74f4f02969c53f4ff4b5,PNG,character-art,895,873,RGBA,PNG,True,
assets/char/16_icon.png,65951,5bca19b85fdf563420e99d1887fb8eab71bf35107f138470fe8c9dfebe733beb,PNG,character-avatar-or-icon,170,170,RGBA,PNG,True,
assets/char/16_mp.png,687985,e40575d9b8cb1d867aeecea9a25d21084cd948319d6d316675241a64eaae1698,PNG,character-art,895,873,RGBA,PNG,True,
assets/char/17_icon.png,63772,95441611ce3db58cc2bf959f077211136dbaaf15a8288151676e16b1fd1f6f7e,PNG,character-avatar-or-icon,170,170,RGBA,PNG,True,
assets/char/17_mp.png,560430,fbfd863e5551e0e420d2d143cefb20e97c474003836360541dc305fc72d5e4ad,PNG,character-art,895,873,RGBA,PNG,True,
assets/char/18_icon.png,66459,c0c569aafcdfc9b2f95f41495417c4e1f0810ac220abc663ab8de1432fcda1ab,PNG,character-avatar-or-icon,169,170,RGBA,PNG,True,
assets/char/18_mp.png,685050,f91c52de99a6745ededd88f63bd7a2f16074bb2af6019dbdeb6a5138dcbe1b92,PNG,character-art,895,873,RGBA,PNG,True,
assets/char/18a_mp.png,474405,0636d84706db8205909b0b375612cd2b181c2d6a3ec8054c7c8df0acc2554884,PNG,character-art,895,873,RGBA,PNG,True,
assets/char/19_icon.png,77860,88b51506f2353671dfec021e94af7336a4978fc12411ed10df215b3b6da85e08,PNG,character-avatar-or-icon,170,170,RGBA,PNG,True,
assets/char/19_mp.png,738997,23c21961e8665a3b4f3fdc0d9234c26c7e0ed55bb10d435b9eb1453318f8093c,PNG,character-art,895,873,RGBA,PNG,True,
assets/char/19u_icon.png,66241,3ee98785ba268c29b7ff622f871e3c3ac13ce216940231a6f1dd9ddf09366570,PNG,character-avatar-or-icon,170,170,RGBA,PNG,True,
assets/char/19u_mp.png,754351,7f64e95c4ee948a663d97d8784b77c35ce26421503855969052b001b6d677a79,PNG,character-art,895,873,RGBA,PNG,True,
assets/char/1_icon.png,70743,96667791591fa0b0bb533e2a4a8b91117294e644689af2fc9e300db1f797d49c,PNG,character-avatar-or-icon,170,170,RGBA,PNG,True,
assets/char/1_mp.png,593565,338d8ce325734b506c0bc40d64db8cd8779031209c88a7738dc027bb00bca8f0,PNG,character-art,895,873,RGBA,PNG,True,
assets/char/1l_icon.png,23999,b57beef8e3d55b64be8884beb7055c62923cc2d69ffa19b9919f03cf497cdf75,PNG,character-avatar-or-icon,169,170,RGBA,PNG,True,
assets/char/1l_mp.png,573008,080481f62d07ba7e17a85dee30f5dc5cae56c44a0962be94fd180373951811bf,PNG,character-art,895,873,RGBA,PNG,True,
assets/char/1o_icon.png,61024,46eea0b0259201a5cecd40aab20745f5cb7f91cd33160df05c5c2e7b3b43c121,PNG,character-avatar-or-icon,169,170,RGBA,PNG,True,
assets/char/1o_mp.png,509168,169ce1eca64e9488453895f0d47faa5bbb90ad0a0c41c5dd71f788bf5ecc6bb5,PNG,character-art,895,873,RGBA,PNG,True,
assets/char/1u_icon.png,70623,f6e666d0e9cfc9fd7663c56f8dcd073d02eda125ca68f58b231e4a61facbbf69,PNG,character-avatar-or-icon,169,170,RGBA,PNG,True,
assets/char/1u_mp.png,571126,d4c613f303788c30488c40faee822fae95e95155db98ee580c40149a002bb9be,PNG,character-art,895,873,RGBA,PNG,True,
assets/char/20_icon.png,74860,c2e2a86854307eb951cefa397edafd52ac635cd2aadb3f2be55ffa5751dc2bd2,PNG,character-avatar-or-icon,170,170,RGBA,PNG,True,
assets/char/20_mp.png,825182,40ff9be99bff80b935348aa2b969e2cfb52280dbf96f9aa6bb80962759ebedee,PNG,character-art,895,873,RGBA,PNG,True,
assets/char/20a_mp.png,791126,154f5ddd88ed96657690cd3a80d2a5180a4fb1791b7151e7c2658f36bd9e596e,PNG,character-art,895,873,RGBA,PNG,True,
assets/char/21_icon.png,64018,2ad21b59b6b4fb0ee3b2647014cd3bf0d94c187e8153b722596a0d397b4d4899,PNG,character-avatar-or-icon,169,170,RGBA,PNG,True,
assets/char/21_mp.png,416782,f6e1364fdc77f79462e80901001a254e464bbd23ed72a1eb7de5581aed572785,PNG,character-art,895,873,RGBA,PNG,True,
assets/char/21u_icon.png,67731,b31fc96438461e9c9d4f949a69622b88d9d500166123d2f23f31f20bbdbccfe5,PNG,character-avatar-or-icon,169,170,RGBA,PNG,True,
assets/char/21u_mp.png,462509,bbc2b6f4ddf01f1c5dc37e7f485a7c42b10370f5f30444b7277bc85e3abd54a7,PNG,character-art,895,873,RGBA,PNG,True,
assets/char/22_icon.png,57317,95dca0a3ede2dc778a56f81cb292d149707aa5001ee744587b1f9a47b71224f0,PNG,character-avatar-or-icon,169,170,RGBA,PNG,True,
assets/char/22_mp.png,742218,48795c66961c4983e96ff7060e8a7b822474731503985c5a1fe71e1b8036baa2,PNG,character-art,895,873,RGBA,PNG,True,
assets/char/22a_mp.png,661174,b3277fdf35da6d71803d1ae36afac5a630872a28d981a69b306094c26e46fef5,PNG,character-art,895,873,RGBA,PNG,True,
assets/char/23_icon.png,72572,c41511c29480314a7acc41125f87790fc80308ab0b9a4f79719725d763be0fcc,PNG,character-avatar-or-icon,169,170,RGBA,PNG,True,
assets/char/23_mp.png,590358,b7c78cede791e6f1f91d48a1a335c96fb9f9b2437cf87544bedd2964058788bb,PNG,character-art,895,873,RGBA,PNG,True,
assets/char/23u_icon.png,70141,4e8d41f076af03b6243615caeacb1f1386841ee1e3fd411392d5fb7b64bbb2ae,PNG,character-avatar-or-icon,170,170,RGBA,PNG,True,
assets/char/23u_mp.png,443834,1ac68ffe6078b163822988025f336afd1793e0fed25948632074f83e21adba02,PNG,character-art,895,873,RGBA,PNG,True,
assets/char/24_icon.png,66101,569cf98093d317af9489eea59edabf12d6a2e4a9bcf058a9409802c95b4c9d64,PNG,character-avatar-or-icon,169,170,RGBA,PNG,True,
assets/char/24_mp.png,870544,3270dff6a8f6e7cc8a7ff55a8dbf38f4cbe6e7755d5bfed425a00520c79f3fd8,PNG,character-art,895,873,RGBA,PNG,True,
assets/char/24a_mp.png,893452,106fe2065ab1285ae10b81713c8efb0f3daf9f8664e303419cd104b9a67c09b6,PNG,character-art,895,873,RGBA,PNG,True,
assets/char/25_icon.png,49911,f6fed809583fc96344bbd65ba8603e1857565723961774b20912ff79a379d349,PNG,character-avatar-or-icon,169,170,RGBA,PNG,True,
assets/char/25_mp.png,163894,18de90ef37d0f2d28f9d76f419ba6fb86bc824538c2a945aacf0412fe4ddb526,PNG,character-art,895,873,RGBA,PNG,True,
assets/char/26_icon.png,67755,102cad34ebebbcf238f0c9b13ed2761d6dd465cc0683212ff07ac7b24e1295ba,PNG,character-avatar-or-icon,169,170,RGBA,PNG,True,
assets/char/26_mp.png,620825,91111827f47b7e8c4dcb5432cbaa11a6d0a75ca190f0b590e379512476a39855,PNG,character-art,895,873,RGBA,PNG,True,
assets/char/26u_icon.png,66926,ec0d35fb36a5ba51c47915c99495f5245cf84275af469b8d311b8a9ab6f8a7b7,PNG,character-avatar-or-icon,169,170,RGBA,PNG,True,
assets/char/26u_mp.png,766396,ce01cfd37c1a8c94adf7fc57b0590784e133a7d2cdbcd9633fbaa6e12f9a97c3,PNG,character-art,895,873,RGBA,PNG,True,
assets/char/27_icon.png,70604,857e7fbffe580f9b66acd93ebadab600e5e0d617e62db460101c140f672474ee,PNG,character-avatar-or-icon,169,170,RGBA,PNG,True,
assets/char/27_mp.png,866612,7d4aecfa3f9f995b42b0d0f40d4c4a2daaaa26f43a22c0723b15b1d5598f0cca,PNG,character-art,895,873,RGBA,PNG,True,
assets/char/27u_icon.png,72253,076efbc665e60b0156a8cb76a92db0cfdec6fbf7317b9c8dd2f0e40f62630571,PNG,character-avatar-or-icon,169,170,RGBA,PNG,True,
assets/char/27u_mp.png,1177999,2ff6f77ffb18ae79d68bfb2bd9c15ee5938d9f18e7ed13fb5c5975602def40c5,PNG,character-art,895,873,RGBA,PNG,True,
assets/char/28_icon.png,69843,61c3a285907b905e83276804e614df7dd7183ea12fd399362c0c779e8c3f4666,PNG,character-avatar-or-icon,169,170,RGBA,PNG,True,
assets/char/28_mp.png,1317141,0d4fcf290d091af4fa169157f1658aa4f7291a96dcea14316f5966f0d6c9e6a2,PNG,character-art,895,873,RGBA,PNG,True,
assets/char/28u_icon.png,67926,56c4464ff99c726c2acce7fb98860443dfdc63283bb662a58af9c79e447144bf,PNG,character-avatar-or-icon,169,170,RGBA,PNG,True,
assets/char/28u_mp.png,985871,baa40be81272b0dcaf66ac39e1753959a282c272ffe0f0f7ee57f14badeb6b13,PNG,character-art,895,873,RGBA,PNG,True,
assets/char/29_icon.png,64492,7b4ebad957a518315ca0175fff2568568633d387ee2365ebe33b3757efccaeab,PNG,character-avatar-or-icon,169,170,RGBA,PNG,True,
assets/char/29_mp.png,711215,2a6997529de5fc115cb59e1117dea743407133bddc5d519d2632714849f5d2d1,PNG,character-art,895,873,RGBA,PNG,True,
assets/char/29u_icon.png,61805,fd30d368a7057f3a7f42396838997f66602f996e8902781a84b5f7dc1e811fe4,PNG,character-avatar-or-icon,169,170,RGBA,PNG,True,
assets/char/29u_mp.png,904124,de2ff43968266e51c87cecadcf70026669d94341931119ab7df182771692845d,PNG,character-art,895,873,RGBA,PNG,True,
assets/char/2_icon.png,33969,57274c9b5073f379c76a3f12ecdb5993cab7ded6eb4b37c895cde920c9913414,PNG,character-avatar-or-icon,169,170,RGBA,PNG,True,
assets/char/2_mp.png,517934,1b7963fe761cb79474d44cbb50b31365d2ea3e4dcc023f8a26344dbdf74f74c2,PNG,character-art,895,873,RGBA,PNG,True,
assets/char/2u_icon.png,64096,b9c9210d75b44b6c314e0532ee1fb8423ebd8691e53e025feda7b74d0180ca2f,PNG,character-avatar-or-icon,169,170,RGBA,PNG,True,
assets/char/2u_mp.png,857951,00284f5a7fd05d08f8fdc4aa66b85484a35b7e2160ab256bd1f92c8ff8baad23,PNG,character-art,895,873,RGBA,PNG,True,
assets/char/30_icon.png,61209,1c75f21efdf47450cda425231d99336bf1d3afcc353b3eaee17573d059e6f8af,PNG,character-avatar-or-icon,169,170,RGBA,PNG,True,
assets/char/30_mp.png,720956,ed9279ab4251cdc2c5f6d4f6831eee3245a3411ca3f3349d27ee5237691fcf08,PNG,character-art,895,873,RGBA,PNG,True,
assets/char/30u_icon.png,69612,2e3b27b47636064e8b8b70eac0bad6bcc2d6b91090c665afd4f7fec4e5e33d24,PNG,character-avatar-or-icon,170,170,RGBA,PNG,True,
assets/char/30u_mp.png,659781,936dbe154d5bb728cea79753c3dbda0ec9c75b59f5a09ba43b20ffcaa6c3deb2,PNG,character-art,895,873,RGBA,PNG,True,
assets/char/31_icon.png,66911,f941771fb2335e561fcce9f89bccdb9ebbf1b56def7c739fbc800f4dc41eb933,PNG,character-avatar-or-icon,169,170,RGBA,PNG,True,
assets/char/31_mp.png,728805,b9411a0db9198eed59ada85fba23e3220de251e597444d54bdc23469cb84530e,PNG,character-art,895,873,RGBA,PNG,True,
assets/char/32_icon.png,62237,7607084ef23dd52156ad52f00cb178d076afbc5a58cd375996fec66104cb6c1c,PNG,character-avatar-or-icon,169,170,RGBA,PNG,True,
assets/char/32_mp.png,481491,563e3e390eed3ecfe23d6f2488d8a17e76ba3ccc5896b78f8c328ea2db121edd,PNG,character-art,895,873,RGBA,PNG,True,
assets/char/33_icon.png,61424,b77e73a087addee7460771b6987e366569ae69d544a34d7adbc17ce404d9a1d4,PNG,character-avatar-or-icon,170,170,RGBA,PNG,True,
assets/char/33_mp.png,372317,a539357c98e0bffe90be9dcc2dc8a14510cb716a01983a0d5e39a4ad92da1b80,PNG,character-art,895,873,RGBA,PNG,True,
assets/char/34_icon.png,54749,4f42377ac13c0cc9f1219867cbaf9aa5ee029eef5899fece545a6d62fa240bff,PNG,character-avatar-or-icon,169,170,RGBA,PNG,True,
assets/char/34_mp.png,440700,443d4741e63fa37712366a15696f003191373e4038c55f747113996b0b9b7ea9,PNG,character-art,895,873,RGBA,PNG,True,
assets/char/34u_icon.png,67177,351847d2d4e92ccf35b69df0c4717315e98fc5045925b82140f25d5d3ebc6fe2,PNG,character-avatar-or-icon,170,170,RGBA,PNG,True,
assets/char/34u_mp.png,545082,d583d44122e847ef032a507a9ab90abcaf1632fced0bab28eb014ac1e27fdd85,PNG,character-art,895,873,RGBA,PNG,True,
assets/char/35_icon.png,65236,4c8294e6594f8bdd9bef5f2e2ed1265b7a906eb5433280b0b200eee89b51c613,PNG,character-avatar-or-icon,170,170,RGBA,PNG,True,
assets/char/35_mp.png,886576,c866719f6f3b26dc2dac008386b684eb5b3b3b9fba3b6727fe3d6f0b554229d5,PNG,character-art,895,873,RGBA,PNG,True,
assets/char/36_icon.png,60978,9c7c8da0f6003463e78e711076ed26f719cf52c0379c748550758b26d3c1efb1,PNG,character-avatar-or-icon,169,170,RGBA,PNG,True,
assets/char/36_mp.png,784977,6ef00163d4fdc862429af6d369c56a88040425266dedb3ca698d0306582af305,PNG,character-art,895,873,RGBA,PNG,True,
assets/char/36u_icon.png,55103,a09533867f2c7a9d77a5ba0ca1dbd28cae60122ae5f1dfbaa5a989437dea41d2,PNG,character-avatar-or-icon,169,170,RGBA,PNG,True,
assets/char/36u_mp.png,842159,ff3f616c0cf04fccdf9118332db62601ac47a314078bfe386991d771e8ace082,PNG,character-art,895,873,RGBA,PNG,True,
assets/char/37_icon.png,73154,3995100c1cba5648a8475295e833257dbf6f9386ebd1b31523eb210316fce5cd,PNG,character-avatar-or-icon,169,170,RGBA,PNG,True,
assets/char/37_mp.png,811701,0974364155f22d21ceca3690616262210736423c759fadd85979612777400fae,PNG,character-art,895,873,RGBA,PNG,True,
assets/char/38_icon.png,56388,f00e3ebcb79e22c7345f5262583f0ad605b77c1dd7419333f5c2a4ba811fb4cd,PNG,character-avatar-or-icon,169,170,RGBA,PNG,True,
assets/char/38_mp.png,501684,dc84cdbded15233ad5b79f2f0952a654d70f7896b42192dddc1950277e95173f,PNG,character-art,895,873,RGBA,PNG,True,
assets/char/39_icon.png,68998,9a9090f0cdf3cde3ef49bf278b75bb158d7ba91a1ce62ec169ff26fb45fd9b92,PNG,character-avatar-or-icon,169,170,RGBA,PNG,True,
assets/char/39_mp.png,919983,6f667c65f5a639ae991a9b01b85eb195df10d187617648c6fc3f49f1fe6bdcc4,PNG,character-art,895,873,RGBA,PNG,True,
assets/char/3_icon.png,59779,139fa0ba46da721dc3c8970d028c2d51db5432322b4036b5bb9f5fddfb1fec6d,PNG,character-avatar-or-icon,169,170,RGBA,PNG,True,
assets/char/3_mp.png,458324,a1bae961b922eaed2906065f3e875ee2fa869847a25df2127ddeb65cb2b60265,PNG,character-art,895,873,RGBA,PNG,True,
assets/char/40_icon.png,68998,99582d310cb45264a390b040ee332e080218b716072bf132399c5cf0e776997b,PNG,character-avatar-or-icon,169,170,RGBA,PNG,True,
assets/char/40_mp.png,912732,629fb8ba932794486c4f3adb86c6c8f37952b6a6dd69284fd8cbc5f7173b3003,PNG,character-art,895,873,RGBA,PNG,True,
assets/char/40a_mp.png,684679,a580203c7169997625806520b8a74fececd7b787b7bbf4368b31a1be96adda48,PNG,character-art,895,873,RGBA,PNG,True,
assets/char/41_icon.png,76347,064e2ed99487d563977b63ec7ab1ad0fee0fa3eba7b182f2bc41cab6d7c5b34f,PNG,character-avatar-or-icon,169,170,RGBA,PNG,True,
assets/char/41_mp.png,1431308,412bde07ca5b48024b9fd7649c24e5a5c7d7a05b843dd1c32b1eac05379b8cf4,PNG,character-art,895,873,RGBA,PNG,True,
assets/char/42_icon.png,71401,d3949fc05b95e119643dfa6e7bc77f3f0bd9b9ee4b3064630ca6dd5f0a37b540,PNG,character-avatar-or-icon,169,170,RGBA,PNG,True,
assets/char/42_mp.png,671225,033074cf025b2bab0e9e46f1c2ca1d5e1f2547e7d7ffbba8bbd290922c748633,PNG,character-art,895,873,RGBA,PNG,True,
assets/char/42u_icon.png,76136,ad63089d4d72a9c49c50393ed2a8ca49ba114ec23569357e335a6caaf635ee5e,PNG,character-avatar-or-icon,169,170,RGBA,PNG,True,
assets/char/42u_mp.png,991393,2d196ca7c8e1e610ab836b4360c88f47b6e717b5d7eaccc61c0bd71246757249,PNG,character-art,895,873,RGBA,PNG,True,
assets/char/43_icon.png,68166,c2e54b24f58a33c59ba3bc295b55ad13cb290b4723a0190be4592d5f37b36f81,PNG,character-avatar-or-icon,169,170,RGBA,PNG,True,
assets/char/43_mp.png,620079,bc2fbc65519d48cbb5bf31dfb0ca2db59bc592a870ef6a98c69c291287b42731,PNG,character-art,895,873,RGBA,PNG,True,
assets/char/43u_icon.png,72899,71e63b0b45c713488ab3c910490874241c588eb9bf7df6b4d2d490d9bdb39417,PNG,character-avatar-or-icon,169,170,RGBA,PNG,True,
assets/char/43u_mp.png,588009,1460f72a9a2c67e53f277e18a2fa6300c11940e7f3af9ceeb2d569f30baf5eea,PNG,character-art,895,873,RGBA,PNG,True,
assets/char/44_icon.png,68155,4db09ff5b26f639e9f576276ea711c0025e86c5f321896ceb7632acf8b84a304,PNG,character-avatar-or-icon,169,170,RGBA,PNG,True,
assets/char/44_mp.png,690691,ab77bcadfa1ae01679e794f0661b9d8d63f61b66a20896b0d0e8e75ab0b1b287,PNG,character-art,895,873,RGBA,PNG,True,
assets/char/45_icon.png,71885,a881d7ad20e318053de1ac25711c26abf1aa9a995152ce69b38b4bad9ab776d3,PNG,character-avatar-or-icon,169,170,RGBA,PNG,True,
assets/char/45_mp.png,678425,6c7f23dc9d46f3daf67fbd4887230716444976e70fa6f5a1b3d42be6b0efcca2,PNG,character-art,895,873,RGBA,PNG,True,
assets/char/46_icon.png,36202,2445486ab508764fd547e99d47e4db96491b21b92f9a5a2419b64f2302a3a60f,PNG,character-avatar-or-icon,169,170,RGBA,PNG,True,
assets/char/46_mp.png,347528,7cebe83780045ccb4df070e69cda45ea69dd27f773bbd95e6a7b5f9b3a57cc7b,PNG,character-art,895,873,RGBA,PNG,True,
assets/char/47_icon.png,67887,4ef61934bf2a0a6a140f0ad8855b5ffa9e6b4a6bced9aa9dac29e5530e3a810e,PNG,character-avatar-or-icon,169,170,RGBA,PNG,True,
assets/char/47_mp.png,671212,0a834de9018f6af5fad50202b217ee5af0c77e430a32bf35b11a6bf7d84cbcc5,PNG,character-art,895,873,RGBA,PNG,True,
assets/char/48_icon.png,70765,bf2dcefe925b5c18cf1717fa44d4b9f951403457f18c323430f92894ed123cd1,PNG,character-avatar-or-icon,169,170,RGBA,PNG,True,
assets/char/48_mp.png,508150,6d264ac5803db726a60334860bc2fb95b625a2e9430aafd8aa2e8785033254a9,PNG,character-art,895,873,RGBA,PNG,True,
assets/char/48a_mp.png,481031,3cf97b108fb4da2b391163caf14c010771e3eba6d83bdc1dc1e82cd58ccbeb7c,PNG,character-art,895,873,RGBA,PNG,True,
assets/char/49_icon.png,58209,c386482018f0d6988087021ef0ea7b619920679a523c9c6b8dcbf24d062cb124,PNG,character-avatar-or-icon,169,170,RGBA,PNG,True,
assets/char/49_mp.png,310296,792a5b330e72ff6d7c7776357dbba583c696e80288d535fc291f047d94d93b53,PNG,character-art,895,873,RGBA,PNG,True,
assets/char/4_icon.png,32016,903bab843fd1399bca6bbd015b4c2dc4b6f70ad6572257a995ea7bd37644ba28,PNG,character-avatar-or-icon,169,170,RGBA,PNG,True,
assets/char/4_mp.png,526607,11e2c364b1e7ccc7d38f9899765f702e3fd773154baaed3c51d1872f71fe3431,PNG,character-art,895,873,RGBA,PNG,True,
assets/char/4u_icon.png,71849,43ab0d200353809ba9e2c082a0c56b4a7cef1cafae3278d89045a742280bc14d,PNG,character-avatar-or-icon,169,170,RGBA,PNG,True,
assets/char/4u_mp.png,782520,4584a0cec8726c0ef8ffc6d98790f2dad865186184bb33ed42c7da8f853d1a38,PNG,character-art,895,873,RGBA,PNG,True,
assets/char/50_icon.png,71777,5fc054501da0513229ea2fbdae7fdc3d77e87112635e4ea83c640563493c984f,PNG,character-avatar-or-icon,169,170,RGBA,PNG,True,
assets/char/50_mp.png,642173,53ef0bc4bdf2593f41bd4fd878a38089a40cdfa177f545321e7afff0bfcd293c,PNG,character-art,895,873,RGBA,PNG,True,
assets/char/51_icon.png,69599,dcc0542a64406bf484d03fe553edcb33235aa32caad50399d29f7becdc339da6,PNG,character-avatar-or-icon,169,170,RGBA,PNG,True,
assets/char/51_mp.png,918406,b8330d45598c3d1a6ce5925dc17573bd29b5016c9121c455d06a2abcc74e86a4,PNG,character-art,895,873,RGBA,PNG,True,
assets/char/52_icon.png,62087,42ac04d8dec3b0b306cf2262a743945950aaeb9ca321fe4d35ccfcbd2ff1da28,PNG,character-avatar-or-icon,169,170,RGBA,PNG,True,
assets/char/52_mp.png,664341,0988df299a811be3c7d9b077eaa0e869e1baa15ec2fe44a6935857c28e6fb4d3,PNG,character-art,895,873,RGBA,PNG,True,
assets/char/53_icon.png,44875,9ab296987f0d8e123165f7279dae91728680f8ffa94ff165a8d4f1d8c67f77d0,PNG,character-avatar-or-icon,169,170,RGBA,PNG,True,
assets/char/53_mp.png,362901,12ded6d358e1a7319656e228ab4d29184df807edfc2c4ebc396e18c0d87e7255,PNG,character-art,895,873,RGBA,PNG,True,
assets/char/54_icon.png,66545,3141027c5af1d3487cbd84c1993c3dfe2e6ea87e6c34f0cfff74ccbf06250a36,PNG,character-avatar-or-icon,169,170,RGBA,PNG,True,
assets/char/54_mp.png,906370,d99c94adcd8fe8e4defd1328a0763f582207a240dc00fae522470c5bd8f3b593,PNG,character-art,895,873,RGBA,PNG,True,
assets/char/55_icon.png,35724,f3a4f64dbaddcb6bf117a11b923975b5dc95a7e6deb07360e5b12e057f68415e,PNG,character-avatar-or-icon,169,170,RGBA,PNG,True,
assets/char/55_mp.png,827406,71853d300537d1896269e4ff07854bd525b5fcc52dd30c3417d0e2ed55c24112,PNG,character-art,895,873,RGBA,PNG,True,
assets/char/56_icon.png,67305,0a8a40a145c29d1d8e5260a471f3d5a68445474ccb4e20281f2ef8b57db175ad,PNG,character-avatar-or-icon,169,170,RGBA,PNG,True,
assets/char/56_mp.png,510407,8639452f0d964e02f46feac6655944e12a61f93db987bc7533c29061634d8bef,PNG,character-art,895,873,RGBA,PNG,True,
assets/char/57_icon.png,64681,4a568f4dc4b09d3c8cd855b0a4ac73603a5f04fc28adcc3fab79b95a6f35a0e5,PNG,character-avatar-or-icon,169,170,RGBA,PNG,True,
assets/char/57_mp.png,511252,88ebd299f401fd220605e45bcbb3824968562190424a28a04480232d14ac893e,PNG,character-art,895,873,RGBA,PNG,True,
assets/char/58_icon.png,59886,ec08f387b5a4e48e2737590bec0c47ec0eded6fd31f7fb329c895598394b8cd8,PNG,character-avatar-or-icon,169,170,RGBA,PNG,True,
assets/char/58_mp.png,545919,d6fca940d79578f19c45806263c1d5f3ed711248667172f7b8554dd414073dbd,PNG,character-art,895,873,RGBA,PNG,True,
assets/char/59_icon.png,61118,2e93ce35f424ea4cef0d839ad39ca2fb699d37977e039a1fa12ad110a9cf8f27,PNG,character-avatar-or-icon,169,170,RGBA,PNG,True,
assets/char/59_mp.png,596932,cca0bbe384a2af962ed402f883fe5b6b466c6ee8cdc21460ed894273be9cac3f,PNG,character-art,895,873,RGBA,PNG,True,
assets/char/5_icon.png,73133,5cc8439d5c765999fbb1d82eaa5a35245bf7e4e76881fcfff510cdc4094b401b,PNG,character-avatar-or-icon,170,170,RGBA,PNG,True,
assets/char/5_mp.png,949223,67c3a4e4ca199378ed69c3a1340494118b108319a153ecd4194e6eadb2cafbcf,PNG,character-art,895,873,RGBA,PNG,True,
assets/char/5u_mp.png,949223,67c3a4e4ca199378ed69c3a1340494118b108319a153ecd4194e6eadb2cafbcf,PNG,character-art,895,873,RGBA,PNG,True,
assets/char/60_icon.png,61546,89d6f2054b93a9e83d912cc679e0123f3bed4d3ebf3c13628dbb94ff19d2f1df,PNG,character-avatar-or-icon,169,170,RGBA,PNG,True,
assets/char/60_mp.png,690394,db547b1ad21bae07f15b244c433d6c0fa6c14da8f7f78cf829d68ad6da75f62b,PNG,character-art,895,873,RGBA,PNG,True,
assets/char/61_icon.png,66885,2e305e72b88aa54721c809b92a75e4d9e4b8fcd4a9ac6bac23229c9b309ef437,PNG,character-avatar-or-icon,169,170,RGBA,PNG,True,
assets/char/61_mp.png,606662,2e3fe879ccbc15a34069e74cd5ee3b32ec635eac73373eb702b3e6ae842f5146,PNG,character-art,895,873,RGBA,PNG,True,
assets/char/62_icon.png,47807,e92dea8d68c17df623fcd84005f570515bc3d81874a1bfcc06fe89f2c8e850c3,PNG,character-avatar-or-icon,169,170,RGBA,PNG,True,
assets/char/62_mp.png,372297,34d14fe5e70f10357af5e72806da1a8d0fe5ee93fadbef1f65ab774cbba2f2d6,PNG,character-art,895,873,RGBA,PNG,True,
assets/char/63_icon.png,56768,4da4d9a3bcfcb417f9eb2fc1b2b662eb19d069af061360a00ca5a9a444d6de0c,PNG,character-avatar-or-icon,169,170,RGBA,PNG,True,
assets/char/63_mp.png,319885,d6a133dab4a43a363a6555f6147ddb20ccde342c3c216194a973f61c882caee9,PNG,character-art,895,873,RGBA,PNG,True,
assets/char/64_icon.png,61328,f09465c10c73fcf1b6ceb2cc75bb2b3f8986c1cb2de9d0d93d1db0a749d01c7e,PNG,character-avatar-or-icon,169,170,RGBA,PNG,True,
assets/char/64_mp.png,531735,6afe0eb7f1c6918ed7e550009647eff8628200d52fbd34c3b1202d33a0440f9b,PNG,character-art,895,873,RGBA,PNG,True,
assets/char/65_icon.png,63798,c66fd88926c7b8688a280138b38cbdf3b42c820c7cfa13b929f19e17741d885d,PNG,character-avatar-or-icon,169,170,RGBA,PNG,True,
assets/char/65_mp.png,652890,5a70a4fb8a3b1a680ecb2e1a332ad0661881e717bd165476f97847433da6dddb,PNG,character-art,895,873,RGBA,PNG,True,
assets/char/66_icon.png,64440,ed05afb82c5d685ad0411ab7c5169a62dbe154b327820ae7a6a0b701836c6344,PNG,character-avatar-or-icon,170,170,RGBA,PNG,True,
assets/char/66_mp.png,557570,6e10851cec8db931d64decf8d301cf69db132d5ef9d36bac589f7fbb7e6aa684,PNG,character-art,895,873,RGBA,PNG,True,
assets/char/66u_icon.png,56836,66e082f3897a506b0d495418a7c22253b743b2a45d71522e53b8a850c100a965,PNG,character-avatar-or-icon,170,170,RGBA,PNG,True,
assets/char/66u_mp.png,660705,87deba5bd665dd144efc6a52c0e313becc93df95c82406465c6c4ba6b67aee7e,PNG,character-art,895,873,RGBA,PNG,True,
assets/char/67_icon.png,57108,95ee219a4f60d49c039870a60ce2dc69f8211964275126fa672a27dc51c9f126,PNG,character-avatar-or-icon,170,170,RGBA,PNG,True,
assets/char/67_mp.png,582774,a451954cbcee880abc2eee958ad42d164d03048f2e802b5173183d74de7ba1ed,PNG,character-art,895,873,RGBA,PNG,True,
assets/char/68_icon.png,75201,e71a794d1fe98b92ebcf50b4e042ba0fbd6da86216e863dba13bb96279f62942,PNG,character-avatar-or-icon,170,170,RGBA,PNG,True,
assets/char/68_mp.png,962828,8d4a313c8c138ab8ef20f034c4783929a1bc4fca6a23f4ab9bdb5b1b6ca84c62,PNG,character-art,895,873,RGBA,PNG,True,
assets/char/69_icon.png,71292,3efddde26a665ab3ba4e3ae098e5cf9bd41307de492d74f990efc1bed02bf241,PNG,character-avatar-or-icon,170,170,RGBA,PNG,True,
assets/char/69_mp.png,889530,efcff693388386915d6b9b89f5ba2c077abfd99f0190164ccd47d2ad68d65cc4,PNG,character-art,895,873,RGBA,PNG,True,
assets/char/69a_mp.png,804776,a94829b39bdd85019d895f7dc1939562fd46db66f965260d77479016591b2c0e,PNG,character-art,895,873,RGBA,PNG,True,
assets/char/6_icon.png,34207,4bcce689e8191b8bbf32a66c10900f18558d47129294c685972f2bdb93cf56c2,PNG,character-avatar-or-icon,170,170,RGBA,PNG,True,
assets/char/6_mp.png,649050,8f1edae61d66c78d388e5acf2163272781ad4a909bdae45d6813afe0e3e9e132,PNG,character-art,895,873,RGBA,PNG,True,
assets/char/70_icon.png,66815,a2b26983ad7237ca560ba54cd82a53af82105c7713399c4f1ac2e20c97f9a974,PNG,character-avatar-or-icon,170,170,RGBA,PNG,True,
assets/char/70_mp.png,716066,2e7682e8d62dc7840298198ba1b285606ee33944bc3ab78cf746781cc659b477,PNG,character-art,895,873,RGBA,PNG,True,
assets/char/70a_mp.png,383172,6987e73849a4f3a5426542d3b1ea8858ff209b71f6e2be6f7c6951911fcfac44,PNG,character-art,895,873,RGBA,PNG,True,
assets/char/70skill.png,818121,d015dccef51dfd823a46243c04a54b1e56c65e1e580e5a024b6bd3b95c524ec1,PNG,character-art,1200,1200,RGBA,PNG,True,
assets/char/71_icon.png,64468,8bee322a556da3f909f69110b2da0d6b4e5ec29e391e9f5736c85aa9f5d5d1b2,PNG,character-avatar-or-icon,170,170,RGBA,PNG,True,
assets/char/71_mp.png,684569,a298ee4bfc70792426abfe8e345788a292cf2b7d5beb73b8858df09913ee3999,PNG,character-art,895,873,RGBA,PNG,True,
assets/char/71l_icon.png,36733,d1f7cfdffc7983715f1d18ffb6437fa84b6ceab41824709396361f6a34f481b0,PNG,character-avatar-or-icon,170,170,RGBA,PNG,True,
assets/char/71l_mp.png,634040,2a0e9fc2a2cd71c66e6df71ae8068096123ebc162bd8c2c0e8070e858b5e172b,PNG,character-art,895,873,RGBA,PNG,True,
assets/char/71u_icon.png,66671,fd808736854ada3340086c9f633af7203b1a97f6f30f71d42cb3a2d8fe26ee30,PNG,character-avatar-or-icon,170,170,RGBA,PNG,True,
assets/char/71u_mp.png,670924,2cfda4e80da7e5d888ca75dc18313c815cf59366afcbfee3f9976458d4acabd0,PNG,character-art,895,873,RGBA,PNG,True,
assets/char/72_icon.png,69080,0a84d1e600c6a4827dd640f6811b2a61251c574033fa7af92f464c073aecb3c7,PNG,character-avatar-or-icon,170,170,RGBA,PNG,True,
assets/char/72_mp.png,610468,18005f358e9f82cc4611dff88c72bdd1e6b599f9818bee8a9b2d10482437507e,PNG,character-art,895,873,RGBA,PNG,True,
assets/char/73_icon.png,64281,74e2afc343f66ede7eb7f9b97fb876e1253712272576029273d0c7a9f3e0127a,PNG,character-avatar-or-icon,170,170,RGBA,PNG,True,
assets/char/73_mp.png,270532,3bf7f6c6fe1910e4dfd24a03a8fda12b6b5a1b09ca31909a25c7be70a8194b2a,PNG,character-art,895,873,RGBA,PNG,True,
assets/char/73u_icon.png,61633,cbfa8784e1b318dbeff557e6d257701df91dce9e5ee5e85be970bb29fc433c59,PNG,character-avatar-or-icon,170,170,RGBA,PNG,True,
assets/char/73u_mp.png,395430,fb44c2f28f9d5668c0b75d9e6e585601fbbd54e4cdf1f68a25212b3eb87546bd,PNG,character-art,895,873,RGBA,PNG,True,
assets/char/74_icon.png,67729,ee0d4f19e28b9834ec74cb230e2b22b388472d0b1b0503d8f2c266a915341e0b,PNG,character-avatar-or-icon,170,170,RGBA,PNG,True,
assets/char/74_mp.png,402400,6148ae3c95003dc76abb1beb66466b60a4f2e826bb36c8567aea694e9d07f08e,PNG,character-art,895,873,RGBA,PNG,True,
assets/char/75_icon.png,75000,af697d90ca9f86415271fe3474339936b5817028c70004062009f0be376aea7f,PNG,character-avatar-or-icon,170,170,RGBA,PNG,True,
assets/char/75_mp.png,646893,2c0a67e5c4dadb7a1c2911ebcde1c6f6b3d16ea8372472ab857832217eb71ec7,PNG,character-art,895,873,RGBA,PNG,True,
assets/char/76_icon.png,73207,94a50e992cfad3f7cdfc0a20b160dd624a46e8f5c085d9f54845bffa0174367b,PNG,character-avatar-or-icon,170,170,RGBA,PNG,True,
assets/char/76_mp.png,550168,520dc27fd9667ecdcdb08174664c920d936e8b7816acc030b153034785e73f8b,PNG,character-art,895,873,RGBA,PNG,True,
assets/char/76a_mp.png,523648,9e469261c276442407c2faae7028628673604c575393f96c0035f83600fba92f,PNG,character-art,895,873,RGBA,PNG,True,
assets/char/77_icon.png,80686,245ad07a5bac4167f40f128a5c65671e33dc66222cd61fd93503ce88c9917604,PNG,character-avatar-or-icon,170,170,RGBA,PNG,True,
assets/char/77_mp.png,602099,091f234ba03bb21d7f97793e2cb82c5391adee52596440d2a1442906dac63e80,PNG,character-art,895,873,RGBA,PNG,True,
assets/char/77a_mp.png,536718,01f3c6923f7e39f81fe850bb81e92fea8539593237cfe4e229f4991e3c02d3f7,PNG,character-art,895,873,RGBA,PNG,True,
assets/char/78_icon.png,85915,dd34462aecc7a388e8a5f4c50d2e79861bea2f68b3f5139eaeb2e11253f30d1d,PNG,character-avatar-or-icon,170,170,RGBA,PNG,True,
assets/char/78_mp.png,1097148,a498f4141f8a1f6c8f0228fa5ac992a5e79787e2282e14b760259ee2b612fee8,PNG,character-art,895,873,RGBA,PNG,True,
assets/char/79.png,380383,e992f9242d86734fed7f8df8bc94b2976c2cecf740b9d2256e669bd8f5a3baad,PNG,character-art,1200,1200,RGBA,PNG,True,
assets/char/79_icon.png,71883,51c30a54d99a60906a5118be9868122078e9eec6848f75bf09da6e9271428c64,PNG,character-avatar-or-icon,170,170,RGBA,PNG,True,
assets/char/79_mp.png,406961,2895eac5cf37193b46b400b7e78c98ab42c8929a3704b8c63e7f95561d0977f2,PNG,character-art,895,873,RGBA,PNG,True,
assets/char/7_icon.png,35523,e67fac3678aefce1bd8300f1e3fd6a75b61293f57f0ee24cc70501679db9cc2d,PNG,character-avatar-or-icon,170,170,RGBA,PNG,True,
assets/char/7_mp.png,913055,c9b84ce8b4d3a3705a8be7f46874292aa3d153d6d4ccce8f540546990103bca4,PNG,character-art,895,873,RGBA,PNG,True,
assets/char/80.png,369972,dd2a7855fa324836bde6d74ed4c5f18a750702aab9c70d930c07cb25d58252c2,PNG,character-art,1200,1200,RGBA,PNG,True,
assets/char/80_icon.png,65659,09fa0864274badf03c7df3e1c7f9365495149303c19b6bcdb09a14ac8b654ae1,PNG,character-avatar-or-icon,170,170,RGBA,PNG,True,
assets/char/80_mp.png,417767,f0f3c055d73445da18a65b7357fec56e3c894a55f1322f6e24864648147b3e91,PNG,character-art,895,873,RGBA,PNG,True,
assets/char/81_icon.png,74033,5069de89e5ab995a2df97a4173761b9727e26128d27efd6f686bafca0a5295a9,PNG,character-avatar-or-icon,170,170,RGBA,PNG,True,
assets/char/81_mp.png,550733,e5e6f3057e1900bfc0bb660c44d21a8fece6b0e0151d428150feb065b6297f4c,PNG,character-art,895,873,RGBA,PNG,True,
assets/char/81u_icon.png,77174,1c34ef9ba00c507ab84024171e48e294a727714b0a501b81a6201ca095f7c54b,PNG,character-avatar-or-icon,170,170,RGBA,PNG,True,
assets/char/81u_mp.png,662646,f5bec24af23c585553a05309acb942003512e006dfbf558000b0d225a8fd8353,PNG,character-art,895,873,RGBA,PNG,True,
assets/char/82_icon.png,74473,20bd8a0c3c95c7147000f550c614abc4ef9d4daabd8bf4114d70ab50e2d12c09,PNG,character-avatar-or-icon,170,170,RGBA,PNG,True,
assets/char/82_mp.png,674690,5140165d1ff192a72f53dfe3e807d83cb972ce7bb06f3bd233c1173347282e71,PNG,character-art,895,873,RGBA,PNG,True,
assets/char/82u_icon.png,75864,975616db8f4b46ff1c7d0377a20b251dc0bab3bf72dbcd7df0ddb7e144445bca,PNG,character-avatar-or-icon,170,170,RGBA,PNG,True,
assets/char/82u_mp.png,809286,bdbe608087f4f69df2e23e814fa31ade2121c231c2bb82de4feb8d029e56a81f,PNG,character-art,895,873,RGBA,PNG,True,
assets/char/83_icon.png,63512,a3022c632705fd3d88bf8a36757cf4cef70da29555989b9b78bfff37276db094,PNG,character-avatar-or-icon,170,170,RGBA,PNG,True,
assets/char/83_mp.png,433712,68daa3de333cab25b7341f40e7af2ef98024a68355ad394cbfe4b63c92fcf66b,PNG,character-art,895,873,RGBA,PNG,True,
assets/char/84_icon.png,74572,e9c60d58c7f8b241164fb57c2a3acc71e461be03c118a179021875b94b438cac,PNG,character-avatar-or-icon,170,170,RGBA,PNG,True,
assets/char/84_mp.png,624592,cbc7d34d0ff38d144aaa8027b16613d04696d489dae32716678f5f12509d16b0,PNG,character-art,895,873,RGBA,PNG,True,
assets/char/84u_icon.png,71336,538c8543335147b27b74a519edf79ae50520f3c380ed06f2746c9dfdc9931549,PNG,character-avatar-or-icon,170,170,RGBA,PNG,True,
assets/char/84u_mp.png,748989,2429477e46481cdb095b8381ab6a373c5c7a353f60be8a49b9e3dd61b1f9e23b,PNG,character-art,895,873,RGBA,PNG,True,
assets/char/85_icon.png,70453,7c9010286483a88c4c5cb19b947cc064e9afd3c2d784772626da9db7c7be2c5e,PNG,character-avatar-or-icon,170,170,RGBA,PNG,True,
assets/char/85_mp.png,733089,965dfeee6d7194f47faa0f79eb932f9a88fa70fe849a22ea2c666f727012d869,PNG,character-art,895,873,RGBA,PNG,True,
assets/char/85a_mp.png,692787,f24d0f31c1a7c8a2c7f0c29fbc06c70b8474a45726fc730a9d6c3f69e679ea8a,PNG,character-art,895,873,RGBA,PNG,True,
assets/char/86_icon.png,76036,e6fbce45cb0180e3568e73e2822bf44247ecce3bb776d552d81fd1f9fdbc2a6b,PNG,character-avatar-or-icon,170,170,RGBA,PNG,True,
assets/char/86_mp.png,829654,87c5a6c6f21f01ef1fa18b5ff75e96f660aa1f5874c0eec8c6282f0a7c6b6f25,PNG,character-art,895,873,RGBA,PNG,True,
assets/char/86a_mp.png,823439,065812aa62fd2584dc0eb6c1106703240c78beae6bb1b5dd01740f2e0eeadcbc,PNG,character-art,895,873,RGBA,PNG,True,
assets/char/87_icon.png,75671,a7dca284ea12c8c894a02779fd32baf33a2bd3262af647ca8adea8a3fa5c2314,PNG,character-avatar-or-icon,170,170,RGBA,PNG,True,
assets/char/87_mp.png,774316,1e58809cd50a66448f4f1f00751273ed91ccad66939e1266173c4aaba8174509,PNG,character-art,895,873,RGBA,PNG,True,
assets/char/87a_mp.png,775327,b9bbed5fd1db422307d49fb1060f0232a536ac6142f51fb33baf12a28e50109f,PNG,character-art,895,873,RGBA,PNG,True,
assets/char/88_icon.png,77299,71a03a5568c0ed98fc93be6f09f2c8d4c874d67ff11dc075951daa0fac4182a5,PNG,character-avatar-or-icon,170,170,RGBA,PNG,True,
assets/char/88_mp.png,838357,5094c8e61b2fe5040fb8f2f53fb848b2494ed6c9134073a1e18d4daabc9d672e,PNG,character-art,895,873,RGBA,PNG,True,
assets/char/88a_mp.png,834247,04ecd413fa2f24a366eb9a680d9f9c1c34298259bb29be82aaa02d9276d0e9fa,PNG,character-art,895,873,RGBA,PNG,True,
assets/char/89_icon.png,77790,868031666de2dec7361d2097c4d9d555ee37be1c5df78edd896c253402aa1ce1,PNG,character-avatar-or-icon,170,170,RGBA,PNG,True,
assets/char/89_mp.png,681401,8c193a7c5f80ed24b23216274495ae3bfbe0df74b0a53bdc51b9b9bca96ed4c8,PNG,character-art,895,873,RGBA,PNG,True,
assets/char/89u_icon.png,71093,bcad7c8e23a3a0a1b03261d0421567ff0b688d5b30aaedd987252e0091a4ec8f,PNG,character-avatar-or-icon,170,170,RGBA,PNG,True,
assets/char/89u_mp.png,673012,6051d00b41ce43f9a3fea58705a37880e16c751efcc65719e312a3febfb2959a,PNG,character-art,895,873,RGBA,PNG,True,
assets/char/8_icon.png,62229,107b8a32b42dbf970b115cca566f3c2ec9aca11094d3ea04df8905d9e2923f91,PNG,character-avatar-or-icon,170,170,RGBA,PNG,True,
assets/char/8_mp.png,487773,273ab18323a547437f689aace5ff2898e1561c54723229201739f809551e7441,PNG,character-art,895,873,RGBA,PNG,True,
assets/char/90_icon.png,67415,b49d569b11d542bc67be0dbe7e988e7ac0193a689c3791ba09c079245ee3ad6d,PNG,character-avatar-or-icon,170,170,RGBA,PNG,True,
assets/char/90_mp.png,480961,b0d5d88a14e81b9c99c7a16fef5087eb8ad20f397cef551bf901f9472fb7bd35,PNG,character-art,895,873,RGBA,PNG,True,
assets/char/91_icon.png,73611,5b664762100632a917b4408ad054e3fd48298e7e14170bab9c476983512fa5dc,PNG,character-avatar-or-icon,170,170,RGBA,PNG,True,
assets/char/91_mp.png,768993,52823c24dcee0a8aa2cf4647f102b2d1e24462f3d8a4926f676b385d2aff3ebf,PNG,character-art,895,873,RGBA,PNG,True,
assets/char/91a_mp.png,711547,e6a9080d592f6a0111c97c3f1bfa21124e08c8862e7759adc5f957d12fa3bab3,PNG,character-art,895,873,RGBA,PNG,True,
assets/char/92_icon.png,71409,d777e6128ebadc3ce2e0d64485db09bd1cfca4ff13cc310ca885aae926c9781f,PNG,character-avatar-or-icon,170,170,RGBA,PNG,True,
assets/char/92_mp.png,813012,87397a9daf27ab37a2a4531e1a4fbee86cb076b204bb3b924eac2d54fd13ce07,PNG,character-art,895,873,RGBA,PNG,True,
assets/char/92a_mp.png,703788,98e021ca04df1e71c50eae05db806b995e2f8c8f47d329c8e6e812b9624164da,PNG,character-art,895,873,RGBA,PNG,True,
assets/char/93_icon.png,79606,8b210be7ac3be213f0213055fc3401bc0529fe2159286db8bbaca4e116549a37,PNG,character-avatar-or-icon,170,170,RGBA,PNG,True,
assets/char/93_mp.png,746587,9c4c58c5ae011cbe6483a8f70cb40ca8692c9a0348a320129b0d436297414aa2,PNG,character-art,895,873,RGBA,PNG,True,
assets/char/94_icon.png,71616,a67dabbc87618369274fd7dc3a09a67fd4e1a443cee754168960945bf2c65736,PNG,character-avatar-or-icon,170,170,RGBA,PNG,True,
assets/char/94_mp.png,606655,7ca1b6433bc54b4fb1ff8ca74878e87f17bfc56d20966cd4b195da53f33b08d0,PNG,character-art,895,873,RGBA,PNG,True,
assets/char/95_icon.png,72522,c696a1bb74f33ed846e4db122b32c9062224f9762e4d55dc81c5f9c189f1313c,PNG,character-avatar-or-icon,170,170,RGBA,PNG,True,
assets/char/95_mp.png,605916,c5e0caabd59f10e8e602d294a3db685535abd77ac30dc9867ee0d1caa5f4ea9c,PNG,character-art,895,873,RGBA,PNG,True,
assets/char/96_icon.png,75206,307b715a1e0ad2ae5674c7206e45d986aaadd888101db9d8b49caebd0c2262ce,PNG,character-avatar-or-icon,170,170,RGBA,PNG,True,
assets/char/96_mp.png,652358,24e1d3a170134c6c591d2abc6c1f8eb76d83e9789d969ab07c8f0ab75adb8ae9,PNG,character-art,895,873,RGBA,PNG,True,
assets/char/99_icon.png,69880,0efe7f453262e68baf5150e0278e96135124fef3bb11820d56a59ab84309c02d,PNG,character-avatar-or-icon,169,170,RGBA,PNG,True,
assets/char/99_mp.png,721402,117a54426cb451d544a6920c4f723507a34dbbc12ac61879c00943ce45b7e394,PNG,character-art,895,873,RGBA,PNG,True,
assets/char/9_icon.png,68923,3c889fc11b48136a63d614ec2fa104df0748de4a06a6381439a15de4760e17c6,PNG,character-avatar-or-icon,170,170,RGBA,PNG,True,
assets/char/9_mp.png,691932,f97eb190e9c23015df1605937c698cb1a972600f095546e008458fbc03eb2265,PNG,character-art,895,873,RGBA,PNG,True,
assets/char/9a_mp.png,653326,6274cd4bba4865d650fe055d6f7bcba52c1bf4b5e44ea33600dc9652b8e5276b,PNG,character-art,895,873,RGBA,PNG,True,
assets/char/unknown_icon.png,22675,01a42141cd620e9778bba3709f0642bf367e6ddb485f308bcedce8a3b61b4f5a,PNG,character-avatar-or-icon,169,170,RGBA,PNG,True,
assets/img/1080/air_input.png,5100,a745d1f3f81901e9dff9cd1e1002bc5b29ac8975e25a878cff0f3a6057773997,PNG,ui-or-game-image,11520,59,RGBA,PNG,True,
assets/img/1080/alterego-button-backing.png,5765,f23e5c3572408d202427ee2d40f455e62278a041747c598f12f54ae0619d9fc7,PNG,ui-or-game-image,295,100,RGBA,PNG,True,
assets/img/1080/alterego-button-pressed.png,35401,24dc4991797b941b7ba60a4659b626853a3cef566e2801c5bb3e80333a6db4d3,PNG,ui-or-game-image,261,146,RGBA,PNG,True,
assets/img/1080/alterego-button.png,34155,61103c1495c1a62775f5e4592d12f60c450ccfcfd9261619fa0c6b830baedbad,PNG,ui-or-game-image,261,146,RGBA,PNG,True,
assets/img/1080/alterego-timer.png,20439,ee38b3dc612650961bc2451227ee52e61fd94634da0d83e3ebad5788ef698ef9,PNG,ui-or-game-image,324,102,RGBA,PNG,True,
assets/img/1080/alterego_unlocked.png,75966,13be1f527dfbb1e1c5fbec17c866a22a4f2ce14f5cede4c48931211579304c8c,PNG,ui-or-game-image,778,136,RGBA,PNG,True,
assets/img/1080/append-purchase.png,3127,65b25126c74c0b6cce34f14ed88c52ff81beb79f68da3210a61ba530295419b8,PNG,ui-or-game-image,746,142,RGBA,PNG,True,
assets/img/1080/approach_arrow.png,10548,62ef38fd7fd5e4d886a22c9547cf5fadd6d6670b74ac6f89134eacb802698c38,PNG,ui-or-game-image,231,232,RGBA,PNG,True,
assets/img/1080/arc_cap.png,4779,c84a00fba56bb3ffae63651b228cbee05fe99f22eaff534f5730543193da93d6,PNG,ui-or-game-image,84,84,RGBA,PNG,True,
assets/img/1080/arghena/71l_charonly.png,1329208,feaf76642a234683022a6e57d9fd671192f1c75fb90b8906cd334d06b31a9eca,PNG,ui-or-game-image,1800,1800,RGBA,PNG,True,
assets/img/1080/arghena/71l_ring.png,522297,e678e18b7575839038f0445827d761eea21a69e9d5914478e17ca01871a59e69,PNG,ui-or-game-image,1800,1800,RGBA,PNG,True,
assets/img/1080/arghena/71l_text.png,100064,7afa43713d5fc43c161267d58a51c2ccd7ff8355a69702dc972d2529a73cdb59,PNG,ui-or-game-image,981,231,RGBA,PNG,True,
assets/img/1080/arghena/72_charaTitle.png,90751,6eeb4e1dd79ad38c66213c835deed8d2e51813efc3ddf7d2d1eb911a3d458488,PNG,ui-or-game-image,523,265,RGBA,PNG,True,
assets/img/1080/arghena/72_charaTitle_hanS.png,86753,1d0bc20ab17a24ecca8d1cbc549a62d944b1bd9fe5d8c1c5f1c4d9f619fbfefd,PNG,ui-or-game-image,523,265,RGBA,PNG,True,
assets/img/1080/arghena/72_charaTitle_hanT.png,86956,739b9dd932f61b698d89cce23f4708f000be9f1c8fab23d0e2d6fc4a55bdf076,PNG,ui-or-game-image,523,265,RGBA,PNG,True,
assets/img/1080/arghena/72_charaTitle_ja.png,66695,5ab4813d8e502a7f2cee1a6d780f9c9a3d2ea916b99af702b7f19420c4b8171c,PNG,ui-or-game-image,524,265,RGBA,PNG,True,
assets/img/1080/arghena/72_charaTitle_ko.png,85587,c571d7940c22422a41c781d1e932639626be6f962cbd8ad41d0ed406c48d12a7,PNG,ui-or-game-image,523,265,RGBA,PNG,True,
assets/img/1080/arghena/72_flamesBg.png,212388,f064cb1f21bf3dfcc3d58bef14a6713e5f815d8eaf2d316b5d75c9961fd5923e,PNG,ui-or-game-image,1920,1440,RGBA,PNG,True,
assets/img/1080/arghena/72_flamesFg.png,165754,05ec4acb02a21d2a6ffe16ed10d57bd2fceec94bf4fddfb7a6ab407253740272,PNG,ui-or-game-image,1920,791,RGBA,PNG,True,
assets/img/1080/arghena/72_intrudedText.png,444655,7e1278f62ba3b62e7281f73bf6bdb1c80bea881cf44052ad174f9ddf2de8ccf3,PNG,ui-or-game-image,1090,292,RGBA,PNG,True,
assets/img/1080/arghena/ascension_banner.png,601763,13fb797de3250c298fd4e54128cc7de88bb3060a9c465ea021f1a819d3b9eada,PNG,ui-or-game-image,2340,868,RGBA,PNG,True,
assets/img/1080/arghena/ascension_unlocked.png,251908,744ba6d9047f831f2d6ac27865bdd56c4b6330c7d531d603f9d773c988698795,PNG,ui-or-game-image,1900,191,RGBA,PNG,True,
assets/img/1080/arghena/hidden_pack_cover.png,483912,16ca4b91978cb7c99b22b049678ad9cc3c861fe69317dc236237b44ec145ecf3,PNG,ui-or-game-image,683,1367,RGBA,PNG,True,
assets/img/1080/arghena/hidden_pack_cover_white.png,10454,02e75e2e7b632fb1a04cb84d8215adc3a0ca3392dfee7df2a2bd8ca64c455ed7,PNG,ui-or-game-image,683,1367,RGBA,PNG,True,
assets/img/1080/arghena/insight-deny-glitch.png,395273,242b9d2963e5c02702cfdd52f302f28e16cceccd132d771026893c207385d5f8,PNG,ui-or-game-image,1184,327,RGBA,PNG,True,
assets/img/1080/arghena/insight-deny-glitch_hanS.png,828581,3b3891448dfa7485c3098f2232e70d1072736ca731fc115e2bb4eb69318d25a3,PNG,ui-or-game-image,1200,400,RGBA,PNG,True,
assets/img/1080/arghena/insight-deny-glitch_hanT.png,830182,66060f433164cda15ee28f289f792d2d9a8cda080f707f83b46973d46456f773,PNG,ui-or-game-image,1200,400,RGBA,PNG,True,
assets/img/1080/arghena/insight-deny-glitch_ja.png,828260,e3b4f128e5106688d419646766b7f91a43a9e990184827418520949816bf1b02,PNG,ui-or-game-image,1200,400,RGBA,PNG,True,
assets/img/1080/arghena/insight-deny-glitch_ko.png,829127,e5702cb5396b11dc485314f23832833819f45bd38a13c70202273aa6fb9ffd5a,PNG,ui-or-game-image,1200,400,RGBA,PNG,True,
assets/img/1080/arghena/insight-deny-shadow.png,6475,b164a3c25e52c147506f997910329e9624688e5932baebbd7b2240e0ac9b8d69,PNG,ui-or-game-image,1920,580,RGBA,PNG,True,
assets/img/1080/arghena/insight-deny.png,452529,875f397311a3c205e395105df45441243c5011690736a22cff4c4c65066354da,PNG,ui-or-game-image,1184,327,RGBA,PNG,True,
assets/img/1080/arghena/insight-deny2-glitch.png,79237,bc3f66abfca0901487235d0020e02cb4907637bf7d46d2863f41ba045911348f,PNG,ui-or-game-image,1200,400,P,PNG,True,
assets/img/1080/arghena/insight-deny2-glitch_hanS.png,76495,4724622dea62e8aea280a29bbf9e231c11dc5b8ecd2dbde80ce137d5545e6574,PNG,ui-or-game-image,1200,400,P,PNG,True,
assets/img/1080/arghena/insight-deny2-glitch_hanT.png,80449,1a0129744d17c51cee90e4f24a2c528a846cffef5f07c0e945aacdc0de181250,PNG,ui-or-game-image,1200,400,P,PNG,True,
assets/img/1080/arghena/insight-deny2-glitch_ja.png,80560,1cc12a2640ab51b33a27ea80f88023bd250cd1a1723bb07a829377504e9d50c0,PNG,ui-or-game-image,1200,400,P,PNG,True,
assets/img/1080/arghena/insight-deny2-glitch_ko.png,75552,0c00390f72bb2daad89621987dbae63e8bd999df4782086649efabbfb2d272ce,PNG,ui-or-game-image,1200,400,P,PNG,True,
assets/img/1080/arghena/insight-deny2.png,80948,05e0f950d6abc16a0c97024ca0a534b7578b7381ee11742940bec35dfa750415,PNG,ui-or-game-image,1200,400,P,PNG,True,
assets/img/1080/arghena/insight-deny2_hanS.png,82950,94200fd0285804e917927dee46cbd971bbcfd7c8068767fcde94a42be03a9705,PNG,ui-or-game-image,1200,400,P,PNG,True,
assets/img/1080/arghena/insight-deny2_hanT.png,83152,2a8536a982683d2be4d3a2fe61c8f3adf6b1e73622f30380d95c64aee87be330,PNG,ui-or-game-image,1200,400,P,PNG,True,
assets/img/1080/arghena/insight-deny2_ja.png,81856,7a78c7bafad4abd23f9bc4af44b0193114a0fdf650f7d7e4374ff24e0af3e376,PNG,ui-or-game-image,1200,400,P,PNG,True,
assets/img/1080/arghena/insight-deny2_ko.png,80624,c18e67976a7c3c062f338841b31ae8a06f6df3581b512350786f6a07c2f7e3a3,PNG,ui-or-game-image,1200,400,P,PNG,True,
assets/img/1080/arghena/insight-deny_hanS.png,853622,439dd1e2d5911efc24f07c6f25284ddb9e5c2ff10aabfa1d274e086aa988bf4f,PNG,ui-or-game-image,1200,400,RGBA,PNG,True,
assets/img/1080/arghena/insight-deny_hanT.png,853726,bae6c52e9f6d6999fc5a262aa112f94af1890c27d80bba5ce5a1e83552086140,PNG,ui-or-game-image,1200,400,RGBA,PNG,True,
assets/img/1080/arghena/insight-deny_ja.png,854118,2650d06295e51116d7444e536b459abdd84880c7b18f3e9269331d5aa81cf153,PNG,ui-or-game-image,1200,400,RGBA,PNG,True,
assets/img/1080/arghena/insight-deny_ko.png,851103,8b8bacb0a486b195ff93bc5585e9864b62d963aebd4f1e9cb2220a2cee2f8840,PNG,ui-or-game-image,1200,400,RGBA,PNG,True,
assets/img/1080/arghena/irruption-lost.png,53343,a83de2b8578a40ddf4ac2a59bc56ba01e12db6c66077ffca43ccbb42099df5fd,PNG,ui-or-game-image,754,138,RGBA,PNG,True,
assets/img/1080/arghena/irruption-unlocked.png,258222,08af56357763e6cf9d32f7799841f1861fa7d5ac97388b107f97c8f245ca6544,PNG,ui-or-game-image,1231,191,RGBA,PNG,True,
assets/img/1080/arghena/irruption_banner.png,180042,0973f8335171d7ccec111d1579d33c0f010a5e961c4c74a62454ac0d57efbd4a,PNG,ui-or-game-image,2340,868,RGBA,PNG,True,
assets/img/1080/arghena/irruption_shadow_only.png,39517,6b8326625ab647561809abe7dbc3422bedca8f6ff087e55ad5c7d48bb58ae1fd,PNG,ui-or-game-image,855,855,RGBA,PNG,True,
assets/img/1080/arghena/maya_shadow.png,94121,64a066867bf38393a2193424eade4a632bca723e0d4756fb91531d47a296fd43,PNG,ui-or-game-image,1520,1440,RGBA,PNG,True,
assets/img/1080/bg_lephon.jpg,508012,a49f064de9742b19ed30a3755379c431ccd2ac2321d7f18c3525ea665f5de14e,JPEG,ui-or-game-image,1920,1440,RGB,JPEG,False,
assets/img/1080/bg_select_dark.jpg,369542,787408917b3005b3051a6d2af8c0fe349bbdb74da061d20df04415e7f291435a,JPEG,ui-or-game-image,1920,1440,RGB,JPEG,False,
assets/img/1080/bg_select_light.jpg,630588,0ea627c02a23036f8ea9a4b913734fdbff09a845a2460302af8ca73396cac783,JPEG,ui-or-game-image,1920,1440,RGB,JPEG,False,
assets/img/1080/breached/attune.png,58266,609fbb772b94a2452a5fb4121845a03041e1ac7816bf88016411de869039e371,PNG,ui-or-game-image,355,163,RGBA,PNG,True,
assets/img/1080/breached/attune_pressed.png,58473,2422fc9b2f713c404031af4333444b7c4b826711caab19d6bcf6d002d9c08496,PNG,ui-or-game-image,355,163,RGBA,PNG,True,
assets/img/1080/breached/attuned_backing.png,5333,de0619ff7c87440f5cd000ee6c79a8fd88da3ae61ea3ce2b5582af4b45654811,PNG,ui-or-game-image,274,55,RGBA,PNG,True,
assets/img/1080/breached/attuned_text.png,340828,f45034646bc5745fdb9dce021d5c1c5c1b8ef5335cfb6e90ac44c059e4596d80,PNG,ui-or-game-image,1086,179,RGBA,PNG,True,
assets/img/1080/breached/breached_back_button.png,64214,6f3cf53c679920fdb71aabfc1033d8c85d24d0aace43bf2bc5225e4b98a5bc3a,PNG,ui-or-game-image,486,146,RGBA,PNG,True,
assets/img/1080/breached/breached_back_button_pressed.png,65023,12198b50bd0f50f4fc39b5ba93f7161ad0c0d8874fa365ebad40130eb5ec3daa,PNG,ui-or-game-image,486,146,RGBA,PNG,True,
assets/img/1080/breached/circle-broken.png,591192,d4e7dac99bba968fc02b275635637000c84fef3143ec6654b5f29b8916fb7601,PNG,ui-or-game-image,914,914,RGBA,PNG,True,
assets/img/1080/breached/circle-fix.png,587089,25ef9f5462bec0f2394b464e85c0b8ceccedc939fdcf7dcdfb7429853efcdb76,PNG,ui-or-game-image,794,794,RGBA,PNG,True,
assets/img/1080/breached/circle-indicator.png,2193,e08a91a337e535c8fbe8eaaed4f7d6389b3f21a54274bff846e000d23562c36b,PNG,ui-or-game-image,69,66,RGBA,PNG,True,
assets/img/1080/breached/circle-mask-inverse.png,24396,bf465c18cccde5582a61be4e89da2c47be4264c7b43c3cde5edfaeefdc3f199e,PNG,ui-or-game-image,914,914,RGBA,PNG,True,
assets/img/1080/breached/circle-mask.png,24372,a44099c339f021aeeb037eab524fc0039248406e2e4b40e9b5613d36f544b922,PNG,ui-or-game-image,914,914,RGBA,PNG,True,
assets/img/1080/breached/icon-backing.png,29603,6bfe481c6f22e3d629691b00197f6a6f33f01f9eeca7136dec3c32a205c3348b,PNG,ui-or-game-image,227,227,RGBA,PNG,True,
assets/img/1080/breached/join-line-diamonds.png,917,0844b2667be9ccf7a7e1e4da6840ee6dd555a24eabe19bf4a3c6694b9fde36ed,PNG,ui-or-game-image,18,34,RGBA,PNG,True,
assets/img/1080/breached/join-line-outline-middle.png,101,7419c122dd5aee6f5dbe171a372120d69c899eacfa656732bd3b40110f703aa2,PNG,ui-or-game-image,1,3,RGBA,PNG,True,
assets/img/1080/breached/join-line-v3-fade.png,5591,7612dee7da24f45f5cbab73ab57547fbebf109ab78fc0a1fe90e8c101bd12a05,PNG,ui-or-game-image,4,727,RGBA,PNG,True,
assets/img/1080/breached/join-line-v3.png,4196,81e958d5b58106ffe1c2b415fc478922c59c8c32397076ea24feef424217c693,PNG,ui-or-game-image,4,727,RGBA,PNG,True,
assets/img/1080/breached/maelstrom-banner-outline.png,3462,3c2cb2952939eb000ba9280d56ec27eadb45f92b2dd2aa609ce98a6e9eb3013f,PNG,ui-or-game-image,1920,308,RGBA,PNG,True,
assets/img/1080/breached/maelstrom-banner-scrollable.png,871613,e8cad5039fe281048a21357b5942d85f9f633e156ffe49ec5e7152487e78a0f5,PNG,ui-or-game-image,1920,500,RGBA,PNG,True,
assets/img/1080/breached/maelstrom-silenced-bg.png,246108,d9ecf431c739ab3c23f361c0e69fa727726c916d3639d32ec02326021ba1e599,PNG,ui-or-game-image,1165,159,RGBA,PNG,True,
assets/img/1080/breached/maelstrom-silenced-text.png,108194,ab09c1eb1fc64f719bddd3920f7a226bbf92c700b54a37dfe393e6825af22a43,PNG,ui-or-game-image,833,159,RGBA,PNG,True,
assets/img/1080/breached/res_scoresection_breached.png,345379,a6ab7d867802a05e9082941bd710c9b7a7cbd79c9c10bb8d14985b5ddd47bf46,PNG,ui-or-game-image,1164,647,RGBA,PNG,True,
assets/img/1080/byd_chain_2.png,255569,fb9defa91865eec4361c0b083c26a65ac7b402622985d727e4171032dc560848,PNG,ui-or-game-image,1139,132,RGBA,PNG,True,
assets/img/1080/byd_chain_2_boss1lock.jpg,54444,ee864eaf77d2bb0b5dc3493cc7663adc3243104e3f3920fe972456092ccef239,JPEG,ui-or-game-image,384,384,RGB,JPEG,False,
assets/img/1080/byd_chain_2_boss1lockOnly.png,41700,b04bdde03c91e7f1e37e9d5ba01774859bc2d82fc7fd9fb7e0017ef2bf74cb37,PNG,ui-or-game-image,384,384,RGBA,PNG,True,
assets/img/1080/byd_chain_2_bossJacket.png,180958,7891e464601cba1385986ab6497b9af65eb52e14a92659ea5b25318f1522ed0b,PNG,ui-or-game-image,384,384,RGBA,PNG,True,
assets/img/1080/byd_chain_2_lock.jpg,62240,570f661c84ec2a0fab2d7fad49702adb0e83d7cd0bec62ce4f612319ffb4ae6d,JPEG,ui-or-game-image,384,384,RGB,JPEG,False,
assets/img/1080/byd_chain_2_lockOnly.png,41607,d282b4efe4c7902f1148b71313f0f424db3a2714c6dcde275690a411f6708619,PNG,ui-or-game-image,384,384,RGBA,PNG,True,
assets/img/1080/byd_chain_3.png,269008,3ed44483c69eca4d332afd567b7ebdc81dfcf3e25cb47d0f89d05e9f105ed575,PNG,ui-or-game-image,1139,132,RGBA,PNG,True,
assets/img/1080/byd_chain_3_boss1lock.jpg,47615,4cc9199bc85245851cad3e8ee3cfe283be30b9e73b30380d459cb934f2a4b703,JPEG,ui-or-game-image,384,384,RGB,JPEG,False,
assets/img/1080/byd_chain_3_boss1lockOnly.png,32832,f17e1147dbfa934613fcdac34c9980bf47c1c8f4b668a7c5e5a170a331d00101,PNG,ui-or-game-image,384,384,RGBA,PNG,True,
assets/img/1080/byd_chain_3_bossJacket.png,185371,f2653059da9798676f02d1fd0859dea01bdd2c067b4076fcc48698d81661ecff,PNG,ui-or-game-image,384,384,RGBA,PNG,True,
assets/img/1080/byd_chain_4.png,269901,e8265bbd58bf75349986a6314e12c7117e6f44c8af09186ab78f96c489690260,PNG,ui-or-game-image,1139,132,RGBA,PNG,True,
assets/img/1080/byd_chain_4_boss1lock.jpg,85388,00548dc71ee29935992805049272912929c29d8b98ff9f261dd925aba881c3e4,JPEG,ui-or-game-image,384,384,RGB,JPEG,False,
assets/img/1080/byd_chain_4_boss1lockOnly.png,32994,7d5c6640d381a1b1e65cbe656517b0f8c6d9de052bedc30af6ab2a5125846d46,PNG,ui-or-game-image,384,384,RGBA,PNG,True,
assets/img/1080/byd_chain_4_bossBacking.png,333121,8defa2949c9b81f0c866b18cb0738ddf0b391d3413a4f7090c8617ca52a0d360,PNG,ui-or-game-image,380,371,RGBA,PNG,True,
assets/img/1080/byd_chain_4_bossJacket.png,258598,23edb55856ca196bd5f9816b94a15c35bbdb71725f1fad5ee9f7cbd6b5e84e45,PNG,ui-or-game-image,384,384,RGBA,PNG,True,
assets/img/1080/char_icon_border_gold-selected.png,5319,e893d75dd531a05b29dcf7af3824c49dac69e0b2989532cd93aad6ee726461df,PNG,ui-or-game-image,201,201,RGBA,PNG,True,
assets/img/1080/char_icon_border_gold.png,3514,72567fae38f5bd1090880e13bd4e7305995a4dadd21b1fc059890400276c2534,PNG,ui-or-game-image,201,201,RGBA,PNG,True,
assets/img/1080/char_icon_border_pip.png,701,c98daa970e0c98c6f6c5a52e56c822ea2e1cc7e03317fc51ebeaee2ef2dccd17,PNG,ui-or-game-image,23,23,RGBA,PNG,True,
assets/img/1080/char_icon_border_white-selected.png,4814,12f03f7d3818c2e5f9bb788cd6fe27ccc43b46a138503f2d0300e60fb8e3802d,PNG,ui-or-game-image,201,201,RGBA,PNG,True,
assets/img/1080/customize/bgm-btn-active.png,39833,a3212fc32bc3040f1b3e725b342f3411b737dbc72647a34348591c545b53589d,PNG,ui-or-game-image,349,135,RGBA,PNG,True,
assets/img/1080/customize/bgm-btn-pressed.png,32922,e00030819e946fffb839192d353abc160fb4e5c75695c66d63711fc78b35785d,PNG,ui-or-game-image,349,135,RGBA,PNG,True,
assets/img/1080/customize/bgm-btn.png,26522,8a6bdbaa468400281a609477d5b5c9c1c86da888130768eb8f2e93a126215b6a,PNG,ui-or-game-image,349,135,RGBA,PNG,True,
assets/img/1080/customize/bgm-icon.png,1799,2227c13a94b023adad35741728a9ab642e3694c9092e76a35c663876ec0c97a2,PNG,ui-or-game-image,58,51,RGBA,PNG,True,
assets/img/1080/customize/close-btn-pressed.png,7193,77fac011a82c66b5dd7b37375a0c57ff3da613ae8ee45e6a1baa5d1f1a2f39de,PNG,ui-or-game-image,152,64,RGBA,PNG,True,
assets/img/1080/customize/close-btn.png,2882,5d8f3160ff2a7f005ce8b0574327a09b1b3de5fbf24ffc3e9ef0b4bd9e45ba17,PNG,ui-or-game-image,152,64,RGBA,PNG,True,
assets/img/1080/customize/hide-char.png,2322,16f80d5b09f6f60322c0f22778f510cba77f860cd227c1333d79f80a9cbef8f9,PNG,ui-or-game-image,56,89,RGBA,PNG,True,
assets/img/1080/customize/hide-ui.png,1318,8a1db10bbd1e4e8779bde1d4525405e47f529b7293023c3295e0406609b64184,PNG,ui-or-game-image,63,81,RGBA,PNG,True,
assets/img/1080/customize/scenery-btn-active.png,39728,46a3ac0e2a7e4d023daa784cbc93d0a8cb8cb1bc5129cfb9c5b4ccb716c335e6,PNG,ui-or-game-image,349,135,RGBA,PNG,True,
assets/img/1080/customize/scenery-btn-pressed.png,32765,0b6af4ff0c9bdcef1b0292ca1ae9d6f135a8f9c19a122664e90eed6acf344112,PNG,ui-or-game-image,349,135,RGBA,PNG,True,
assets/img/1080/customize/scenery-btn.png,26696,a5e750d3af9aacb5715cdf69d838206f6b3ff388ac8ad836ff0ee12660909585,PNG,ui-or-game-image,349,135,RGBA,PNG,True,
assets/img/1080/customize/scroll-bar-backing.png,611,8dbfb0fe62645d9a584ffd549cfcc1ed439c1898df2c7b23c9470fb8813e480f,PNG,ui-or-game-image,14,765,RGBA,PNG,True,
assets/img/1080/customize/scroll-bar-bottom.png,157,c0b0163b9ccab8c3056b73471830579583d3d4df749f57de7b571b1f498233ee,PNG,ui-or-game-image,6,9,RGBA,PNG,True,
assets/img/1080/customize/scroll-bar-mid.png,94,6f0b25e9da4e59d7d0de1ef2a32f7ed7f21a3b847eeee58913c2593359597887,PNG,ui-or-game-image,6,1,RGBA,PNG,True,
assets/img/1080/customize/scroll-bar-top.png,158,6d8a20b5c0857f8811f3d4082d7fec0075a5f2f0e81c9bda5d6e68fbd4ceca47,PNG,ui-or-game-image,6,9,RGBA,PNG,True,
assets/img/1080/customize/select-title.png,877,4c1f45fc45e7ae4948bef953f1d52a3565e6a939549cd1e07c8205768232f8f7,PNG,ui-or-game-image,314,42,RGBA,PNG,True,
assets/img/1080/customize/selected-border.png,21878,5e1d57654ee41d5b4ae80580cabf47b9609030de5225403dceaf99e6a995b2c6,PNG,ui-or-game-image,234,233,RGBA,PNG,True,
assets/img/1080/customize/show-char.png,2286,fa21e46b7254ad080f84e9ab463e6fbacd23b42e5874bf640dd1e1548da63958,PNG,ui-or-game-image,56,89,RGBA,PNG,True,
assets/img/1080/customize/show-ui.png,1187,5a996114d183131b91cbb0395cd19341061a00c5f7537694f346cf11e3de9287,PNG,ui-or-game-image,63,81,RGBA,PNG,True,
assets/img/1080/customize/theme-BF.png,53164,435219201c2d2b793ee4095fbe85d9ee0e78498bbb0f0387084bf80f6094a48f,PNG,ui-or-game-image,196,196,RGBA,PNG,True,
assets/img/1080/customize/theme-EC.png,47478,cb5da3f77647b52ca9d560c89ac58f9ae44cead027bd21252726c8a5ab3cc2a0,PNG,ui-or-game-image,196,196,RGBA,PNG,True,
assets/img/1080/customize/theme-FV.png,44996,8bf99d3fff66bd26a4c414f2858683db4b3e49bcc4bfd641cdcab19bc6a6f3fb,PNG,ui-or-game-image,196,196,RGBA,PNG,True,
assets/img/1080/customize/theme-FV2.png,51416,2279300ac3386ead52391a36d70ebbabd5b6e363856fe8f966247863dfac915d,PNG,ui-or-game-image,196,196,RGBA,PNG,True,
assets/img/1080/customize/theme-LH.png,52503,db9fc88aa16e1ae3876116e0764e67ff7686f4ec50784a46b7e86640d21b5a31,PNG,ui-or-game-image,196,196,RGBA,PNG,True,
assets/img/1080/customize/theme-LH2.png,53472,84822c104fb40d25172346ef385e449874f0377db83f4c7988d01100046fb713,PNG,ui-or-game-image,196,196,RGBA,PNG,True,
assets/img/1080/customize/theme-LS.png,49795,c5f44326949e4c8a14db2fb4fa160e2f930f8ca9d708687942adf710a6bb7a94,PNG,ui-or-game-image,196,196,RGBA,PNG,True,
assets/img/1080/customize/theme-VL.png,50586,d1d82eaf05b845204e5e06a9dfcd3ea4d821a0c176014f3a9a9ac2332833d163,PNG,ui-or-game-image,196,196,RGBA,PNG,True,
assets/img/1080/customize/theme-bar.png,227835,51773d641048d60b93ed682909563810d3835b4657c109830d0d23fe7ef22be6,PNG,ui-or-game-image,2340,140,RGBA,PNG,True,
assets/img/1080/customize/theme-custom-tag.png,7889,c185c15b2c0eb9dc4d421486551b943fd482e96476424207a34470536c95f70a,PNG,ui-or-game-image,186,52,RGBA,PNG,True,
assets/img/1080/customize/themes-btn-pressed.png,14699,d625428bc48c3df04783a06784bda56b23ed129c60ea4aefce27354fe0dc67cb,PNG,ui-or-game-image,184,135,RGBA,PNG,True,
assets/img/1080/customize/themes-btn.png,13424,6d718eec0549b8ed226fca74cc0980ea52f15e460d6942d22164a302ad159513,PNG,ui-or-game-image,184,135,RGBA,PNG,True,
assets/img/1080/customize/title-btn-active.png,39775,2bac12ee1e3a1e62ee3798a7fbe2bcf946994c7de25df549b203e1fecd3f98f1,PNG,ui-or-game-image,349,135,RGBA,PNG,True,
assets/img/1080/customize/title-btn-pressed.png,32716,6871553c93ea64372ba08c1eefdd74bd59d0a69c6f73df201dbcb243f571d32d,PNG,ui-or-game-image,349,135,RGBA,PNG,True,
assets/img/1080/customize/title-btn.png,27048,201b6659cd14fcc6e362b9dc12bab203d42185d05002214e01fc881a465da63e,PNG,ui-or-game-image,349,135,RGBA,PNG,True,
assets/img/1080/delete_friend.png,2380,5dfdb68bd1a6882f3f1b7304b07c8b47776878b1e1022aabf2ef6b5b71fd63e3,PNG,ui-or-game-image,65,65,RGBA,PNG,True,
assets/img/1080/designant_hp_0.png,4771,fb0d6ac10893e2ff2aa2237ce60b3d8bfee4339e0f661084df79c78a8583aae7,PNG,ui-or-game-image,84,84,RGBA,PNG,True,
assets/img/1080/designant_hp_1.png,4953,bd8fb0f236fd3f28119b9d60eec5c9eae29412ac9b8a3f77b3e258663153d53c,PNG,ui-or-game-image,84,84,RGBA,PNG,True,
assets/img/1080/designant_hp_2.png,5128,ea100837bdcd9d91f2866cddd561e6ef5a3855014945f561d5ca3b48da9cd40e,PNG,ui-or-game-image,84,84,RGBA,PNG,True,
assets/img/1080/designant_hp_3.png,5390,76eb30a9802331ff9040de6fa80248dc5f9dbc8d5aa14f918259162330e531e9,PNG,ui-or-game-image,84,84,RGBA,PNG,True,
assets/img/1080/designant_hp_4.png,5593,e8e5dafa88114b7489521d22bf9b15ab789dc9b73381d9d2b7d028c7e920e86b,PNG,ui-or-game-image,84,84,RGBA,PNG,True,
assets/img/1080/designant_hp_5.png,5874,a1c7faa1571f9a1bd5f460172526f420267b35b5a835af3c4d11eb32ee611378,PNG,ui-or-game-image,84,84,RGBA,PNG,True,
assets/img/1080/designant_hp_6.png,6092,65d399a2d0082ee170c4430f0d7f727515a2c563030b7f74293002daf991dab8,PNG,ui-or-game-image,84,84,RGBA,PNG,True,
assets/img/1080/designant_hp_glow.png,5256,50cd291b1565f2dc8f20cec80f0827af0fbc873e11c3fcd5dd748f69c91d9fb6,PNG,ui-or-game-image,84,84,RGBA,PNG,True,
assets/img/1080/difficulty_selector_3_backing.png,20646,fd2a64717da14f252e1f508c98fc09f63fa5fd263a3ed8adbc16dce47bd112e1,PNG,ui-or-game-image,223,136,RGBA,PNG,True,
assets/img/1080/difficulty_selector_4_backing.png,20646,fd2a64717da14f252e1f508c98fc09f63fa5fd263a3ed8adbc16dce47bd112e1,PNG,ui-or-game-image,223,136,RGBA,PNG,True,
assets/img/1080/diffswap/byd-left.png,1799,b5d15e64e79d3b761baf8f0a3539c0b78cbee0175e3d7ec7c15e4e10cd88989e,PNG,ui-or-game-image,29,29,RGBA,PNG,True,
assets/img/1080/diffswap/byd-right.png,1795,f4b53b54f237254b39718471610fdaba7e82be552e5f457b4c6591b429b20d95,PNG,ui-or-game-image,29,29,RGBA,PNG,True,
assets/img/1080/diffswap/byd-swap-pressed.png,3038,306adc83b6f824d22da90e3d49b5f6ce9032ed6fc6f7591dc934107c6f707b30,PNG,ui-or-game-image,190,110,RGBA,PNG,True,
assets/img/1080/diffswap/byd-swap.png,2815,cbfe6c1e3d19800a6ce09057104efe26ba63e480fec4ba2dcb9028933563a469,PNG,ui-or-game-image,190,110,RGBA,PNG,True,
assets/img/1080/diffswap/etr-left.png,2044,1f008c689b4b1993d28312e9f6a2109dde6e7f9b49b5eeed6d4bc612a8ff39ce,PNG,ui-or-game-image,29,29,RGBA,PNG,True,
assets/img/1080/diffswap/etr-right.png,1799,d1838b8c5559af3b98b17c7db594ac0eec340fdfa4a358e8b656dc83fb08e284,PNG,ui-or-game-image,29,29,RGBA,PNG,True,
assets/img/1080/diffswap/etr-swap-pressed.png,3026,f3d103983c3120c26d7b02d917c3f1d450f5a0290f54a1856c799683e16336fb,PNG,ui-or-game-image,190,110,RGBA,PNG,True,
assets/img/1080/diffswap/etr-swap.png,2811,02d30e36422b126b01221ea3b80bffbff2de1ae887704c0a877d62d5163060cf,PNG,ui-or-game-image,190,110,RGBA,PNG,True,
assets/img/1080/divider_collab.png,29145,7fd03728674f857683920a1c38919d0772ada7e0e5aed95aeb833e6b575d0a21,PNG,ui-or-game-image,110,457,RGBA,PNG,True,
assets/img/1080/divider_free.png,25879,a196106803a06d78535c05d872245b8eb161bcb64e1ec10c3b92c5724a73118b,PNG,ui-or-game-image,110,457,RGBA,PNG,True,
assets/img/1080/divider_sidestory.png,37316,e49ff7923d996de8e315ae5d293129eb37938f0d36ce47af420ffb852b9c51f2,PNG,ui-or-game-image,110,457,RGBA,PNG,True,
assets/img/1080/divider_story.png,30289,cd5f42b7eef2cc9c775c2c61c70d54a42809958921b4360bdcfa39baacd0241b,PNG,ui-or-game-image,110,457,RGBA,PNG,True,
assets/img/1080/divider_story_part2.png,30317,1e74eb95626deea3bd02d66e85d4348e7547d49a1ba33e558a6c39a6308f42c3,PNG,ui-or-game-image,110,457,RGBA,PNG,True,
assets/img/1080/divider_variety.png,43420,93ca5d9942fed5cc19fbadbb46077dc20388e1688498075c500f8c795835e19a,PNG,ui-or-game-image,110,457,RGBA,PNG,True,
assets/img/1080/doroc-gauge-node.png,4678,773b3e66801e2cf4dd4ff49ca0285908203075d72d862e68575d6951e2a9dacd,PNG,ui-or-game-image,76,28,RGBA,PNG,True,
assets/img/1080/doroc-gauge-outline.png,10083,49bd136d2a6056b6af21b94b81fc4b5e5ecaf3fa6e04aad8f2b450639bd09759,PNG,ui-or-game-image,78,739,RGBA,PNG,True,
assets/img/1080/home.png,6414,33262bdee5599e0c02a3954fc6b313cbb6a58c0551b23b47e1468e6b77dd9ba1,PNG,ui-or-game-image,162,77,RGBA,PNG,True,
assets/img/1080/home_pressed.png,7493,c6640fb6178137aa18945a5b031a4e5866c6ef3d58f449afd59d540b1a76a3e6,PNG,ui-or-game-image,162,77,RGBA,PNG,True,
assets/img/1080/homestory.png,11774,2f4db100d2b41626ba7e384db49d1e0d9b53f33e6229e829c0a696021f36c128,PNG,ui-or-game-image,162,77,RGBA,PNG,True,
assets/img/1080/homestory_pressed.png,13461,b5f3197a5285141c64c7a09a116c5f4418843eaa4f22b6574a3efaab5b223dee,PNG,ui-or-game-image,162,77,RGBA,PNG,True,
assets/img/1080/hp-insight-backing.png,27248,cafc0eb22343aafe7eb7511c49c062010c281d299ea6d343281fa8ca7b37d741,PNG,ui-or-game-image,81,743,RGBA,PNG,True,
assets/img/1080/hp-insight-hard-cover.png,45791,256c5d6a48a7171a2636daf14a4af9643a05587bb02a83b1b39ce01b3a679070,PNG,ui-or-game-image,58,730,RGBA,PNG,True,
assets/img/1080/hp-insight-hard-lock.png,10643,251ddc9111981931cb2269bdfac1c9601a1912f01eb76f4fdd4b5d97fc75720b,PNG,ui-or-game-image,58,90,RGBA,PNG,True,
assets/img/1080/hp-insight-hard.png,55651,8ada35a3fd58b04254040beb27f1e982299832cf95f09d12543ca04bc702c55f,PNG,ui-or-game-image,58,730,RGBA,PNG,True,
assets/img/1080/hp-insight.png,56615,9064f81de1b1226ae6a9797d11a7849eebfb56fa3eb0b85d09453ef03fa675c3,PNG,ui-or-game-image,58,730,RGBA,PNG,True,
assets/img/1080/hp_bar_limit_cover_nell.png,60869,0a61fde5d2a7b317793f4a87a05843f7455f30de70043c9bd54805434c63039d,PNG,ui-or-game-image,78,740,RGBA,PNG,True,
assets/img/1080/jacket_locked_generic.jpg,143749,b5ae9ce08c6299cfb7f0c00adb533b2a89a5a4c72bc361bbd3b5e03f3a8ef316,JPEG,ui-or-game-image,768,768,RGB,JPEG,False,
assets/img/1080/jacket_locked_undyingmacula.jpg,118232,e2d2bbac9a48b65d01177cbf100d2e0ac21ec803d8832c6368a4253a29207755,JPEG,ui-or-game-image,768,768,RGB,JPEG,False,
assets/img/1080/map_button_right.png,12567,67014542ade05ba940b0e6f49a42157c0a4220ec20339094c3a3f6483d96b054,PNG,ui-or-game-image,313,93,RGBA,PNG,True,
assets/img/1080/map_button_right_pressed.png,14027,4436963cb3df15de3bc3f0c49d122c7d84ae4e11b86d18e6b2dc21a0bdc5cff7,PNG,ui-or-game-image,313,93,RGBA,PNG,True,
assets/img/1080/multiplayer/small-btn-off.png,5695,b5bb6b1dbbcc0fad9eddd4d16d06a5ab90328c01f117f7bb8555aa034d9a78d5,PNG,ui-or-game-image,179,89,RGBA,PNG,True,
assets/img/1080/multiplayer/small-btn-on.png,16042,12f9588b16f7281a6d55850bc08867a829ce1a7acb1c6c74a2f13de769392cd3,PNG,ui-or-game-image,201,123,RGBA,PNG,True,
assets/img/1080/multiplayer/small-btn-pressed.png,10637,97f4d1f56a2e816750b92060e993d7d28aab894737a855a72d8b51aa8883951f,PNG,ui-or-game-image,179,89,RGBA,PNG,True,
assets/img/1080/multiplayer/timer-backing.png,13869,67e710a601fff3138649c0466503b5f12758e35a190ecef724d18a973acaba4f,PNG,ui-or-game-image,207,113,RGBA,PNG,True,
assets/img/1080/multiplayer/visibility-btn-pressed.png,12545,ea73b338ef251a7f2fb0d135b210cefb3123ea138dd8798a3c9ca9779fe039a5,PNG,ui-or-game-image,448,93,RGBA,PNG,True,
assets/img/1080/multiplayer/visibility-btn-select-pressed.png,19994,9fc352ac635a0523df46ccaa60e7f9f1c6a69ebc68b44170a7e09e19e2abf886,PNG,ui-or-game-image,286,128,RGBA,PNG,True,
assets/img/1080/multiplayer/visibility-btn-select.png,19933,a727217e8b3d57757e254e5df8f02ac9b69e59c9cf08d2abcb4a655aa94b392a,PNG,ui-or-game-image,286,128,RGBA,PNG,True,
assets/img/1080/multiplayer/visibility-btn.png,7590,45540f73e3901f8202bc0e5a061f62db72e28468826708c083f8a6449c995368,PNG,ui-or-game-image,448,93,RGBA,PNG,True,
assets/img/1080/mutual.png,3629,6925e93b4c3a165522a2738ebb5d2270070547a69077d3dc1feb03f43476f411,PNG,ui-or-game-image,78,78,RGBA,PNG,True,
assets/img/1080/nell/nell-backing.png,166677,2d0f8d3fae6953e91b7ca361d1ec3c6fdd5a1a4a402a306b94d85a923801a46e,PNG,ui-or-game-image,435,328,RGBA,PNG,True,
assets/img/1080/nell/side-tri-designant-gradient.png,886065,9becc9334957dd043e9b73e8f5a260a4990da5f4b9a62a49566093efe0c1737e,PNG,ui-or-game-image,315,1440,RGBA,PNG,True,
assets/img/1080/nell/side-tri-designant-pot.png,152402,02fdefb7020b26706732f8b2bd18fff2db5a4b66aef2c79b9643cf886d124be4,PNG,ui-or-game-image,128,1024,RGBA,PNG,True,
assets/img/1080/nell/side-tri-designant-small-pot.png,65253,6021a7d5e6c463dc4435a1b57f406e96dd4779683776cd86a70d96cb44095cc5,PNG,ui-or-game-image,64,512,RGBA,PNG,True,
assets/img/1080/nell/side-tri-nell-gradient.png,158,004a779477122239fb896ca976360b639e46af80cd87d4717c50604c5cddf60c,PNG,ui-or-game-image,297,1,RGBA,PNG,True,
assets/img/1080/nell/side-tri-nell-pot.png,144975,fbd4b3e70d33f5cb8ff332f21ae41d673eb0017bf789ab37bf6d4d6e54d738ba,PNG,ui-or-game-image,128,1024,RGBA,PNG,True,
assets/img/1080/reward-stamina.png,34584,94f4aed882f92d76238d09c2f9dc84eeb87b390db4155ff12db2632eb9c26307,PNG,ui-or-game-image,316,242,RGBA,PNG,True,
assets/img/1080/shutter_l_arghena.png,1964923,bd57965281be4a1be7b4977eb10fd785558c52ea3d2e2ad9e679e71fae40c6fe,PNG,ui-or-game-image,1781,1440,RGBA,PNG,True,
assets/img/1080/shutter_l_lephon.png,1924070,cea8df12e8dd8fc1d8876867f922ff05abd4ea71914c12a960f26f68d4da818d,PNG,ui-or-game-image,1815,1440,RGBA,PNG,True,
assets/img/1080/shutter_l_undyingmacula.png,2322275,159f2ed271144b8af194c340d6558af9226977f487eb71cd8534b47af8dd4bef,PNG,ui-or-game-image,1920,1440,RGBA,PNG,True,
assets/img/1080/shutter_r_arghena.png,329953,f1d32516448239d78d489ff3bb4abf19c46f083dd7f326ed12981cec7b039be8,PNG,ui-or-game-image,679,1440,RGBA,PNG,True,
assets/img/1080/shutter_r_lephon.png,570746,3b4646942ae27ad24aeb7083d8b67e0dbaaae03626e308231a38f0c9001142af,PNG,ui-or-game-image,679,1440,RGBA,PNG,True,
assets/img/1080/shutter_r_undyingmacula.png,854038,e1c7a296d670f473a16e0207cf56c577b7a837d0975a9e74162ceb033d76e3be,PNG,ui-or-game-image,1920,1440,RGBA,PNG,True,
assets/img/1080/skills/djmax/backing.png,13617,b51d2803fefb13c7bfcfd25b33b8dedad44851561752126823007f724731a5fb,PNG,ui-or-game-image,71,369,RGBA,PNG,True,
assets/img/1080/skills/djmax/bar-1x.png,1647,f473ff3f7d7527f29608b1dfa2a0ef8674fa619189f19d4480bf95e81363e6af,PNG,ui-or-game-image,13,285,RGBA,PNG,True,
assets/img/1080/skills/djmax/bar-2x.png,4952,abe035874e6372afa14f56fbf32da3cde8871e82697143c6caf61d870346425f,PNG,ui-or-game-image,13,285,RGBA,PNG,True,
assets/img/1080/skills/djmax/bar-5x.png,5381,55b9ed379afd87e192fef4771c71a3089daf5252e48381b8060693d6418345cf,PNG,ui-or-game-image,13,285,RGBA,PNG,True,
assets/img/1080/skills/djmax/dia-2x.png,3151,14b3ea66933936103d7459709f8b5173a8e57278bf9ad1b4071e6c86805fc190,PNG,ui-or-game-image,71,369,RGBA,PNG,True,
assets/img/1080/skills/djmax/dia-5x.png,3244,fdf41305ad7f8c98bc3af5a91c8e96577e2ded8a345fbf8d94284de584150767,PNG,ui-or-game-image,71,369,RGBA,PNG,True,
assets/img/1080/skills/djmax/effect-2x.png,7579,9d04b13e6973f014d9edd604548e0f3b1893264bee8a99667255f770d4a6c915,PNG,ui-or-game-image,218,218,RGBA,PNG,True,
assets/img/1080/skills/djmax/effect-5x.png,5356,fb495782c08e9c8cc193434a781f9e1167c131da6cccd4841f9a5f9f854fb5d2,PNG,ui-or-game-image,218,218,RGBA,PNG,True,
assets/img/1080/skills/djmax/world.png,1353,cc225a19b27da694c2802c35dd38429a050d7929c6f7eb692bb35440bc71f4de,PNG,ui-or-game-image,60,23,RGBA,PNG,True,
assets/img/1080/skills/rotaeno/bar-full.png,5411,d26255e404e0deaea23cc9f15ee6a75d9fd0714c928532185453faa9bfe5586a,PNG,ui-or-game-image,121,90,RGBA,PNG,True,
assets/img/1080/skills/rotaeno/medal-bronze.png,11285,11f811950acf743fb3f424ec4efd7d38d9af732b20dfcf792b387e8d6e3d29b6,PNG,ui-or-game-image,121,90,RGBA,PNG,True,
assets/img/1080/skills/rotaeno/medal-gold.png,11040,4612f011312a6cc5547b111c69edced12dff96adf0454072c29193c08f9644f2,PNG,ui-or-game-image,121,90,RGBA,PNG,True,
assets/img/1080/skills/rotaeno/medal-plat.png,11265,fb6248ea5c60af214ed6325147b962ac00fbb34ea6fc31e14734023e4532ef5c,PNG,ui-or-game-image,121,90,RGBA,PNG,True,
assets/img/1080/skills/rotaeno/medal-silver.png,11189,92e31817746c923b1b3f3dd6b132e3407090dbfadaaa298672d8977a32b3b772,PNG,ui-or-game-image,121,90,RGBA,PNG,True,
assets/img/1080/skills/rotaeno/rotaeno-backing.png,18756,5b381655aa280c0d48f48bc894e0c42e7a5588ef7e79ddccea957ceef941e678,PNG,ui-or-game-image,121,90,RGBA,PNG,True,
assets/img/1080/skylabel.png,8951,b571ed629de51404cd8d44cbc53fa63be74c6969cc979585240b605cc89c3025,PNG,ui-or-game-image,165,51,RGBA,PNG,True,
assets/img/1080/song_folder_arrow_musicgames.png,3867,930c2cf71fc111e4e1dc1616eaeee21d7b6c0a498d87df51145bfdb121a9c0c4,PNG,ui-or-game-image,20,29,RGBA,PNG,True,
assets/img/1080/song_folder_arrow_original.png,3825,5fd95a885e73f554d96fbc0bd26672939564728ff20409373b522059d2c688ec,PNG,ui-or-game-image,20,29,RGBA,PNG,True,
assets/img/1080/song_folder_arrow_partner.png,3859,6963cb913e6e111420922486ed436e8c539fdfaed93098a3e2dc0d974f49bbe9,PNG,ui-or-game-image,20,29,RGBA,PNG,True,
assets/img/1080/song_folder_arrow_poprec.png,3799,40dbbe32e3576b80d879207ccc6dfccdede502fb9b92ddf77d7a316074afcb45,PNG,ui-or-game-image,20,29,RGBA,PNG,True,
assets/img/1080/song_folder_arrow_variety.png,3818,72763cb9cf6b8beb370bca2bd234e9936cec2c96db57a593602bf36194b39687,PNG,ui-or-game-image,20,29,RGBA,PNG,True,
assets/img/1080/song_folder_off.png,33162,9ff41c682d2a0bb592b5cfdf0a7bf6d36ccc524e33adc49411e04aafd9cdae23,PNG,ui-or-game-image,1136,74,RGBA,PNG,True,
assets/img/1080/song_folder_on.png,74726,ac6d77143e082321de2434c8b62cedb1ad9120b95dbd58d4cdebff68c38c9b95,PNG,ui-or-game-image,1136,74,RGBA,PNG,True,
assets/img/1080/song_folder_on_musicgames.png,38174,c94e2e4b950783bf1ddae9d512d1dfb71b7b43f0212c17a5b69f0c45a9626938,PNG,ui-or-game-image,1137,74,RGBA,PNG,True,
assets/img/1080/song_folder_on_musicgames_pressed.png,37648,5cd5c9e8d55c309a2493911ec9ecaa32eda4c5b77ac47190233a788732a71033,PNG,ui-or-game-image,1137,74,RGBA,PNG,True,
assets/img/1080/song_folder_on_original.png,43194,61ce5e4bc07fe0ff95659a266c80cb8559488b17242e73c09099fa563eeee4bf,PNG,ui-or-game-image,1137,74,RGBA,PNG,True,
assets/img/1080/song_folder_on_original_pressed.png,42127,92d7ffaf29af97d473c7fd07a9e5d3ff77e17711c24c867ae509b317661db7ed,PNG,ui-or-game-image,1137,74,RGBA,PNG,True,
assets/img/1080/song_folder_on_partner.png,35974,fb12c61bd81fb38aef559b06ab84492fb502e179108edb8c920178952289f64e,PNG,ui-or-game-image,1137,74,RGBA,PNG,True,
assets/img/1080/song_folder_on_partner_pressed.png,35493,93cc0b7808f3834e5d57a2037899b8aba7fc92d4a18789fc34ac0032d3d28894,PNG,ui-or-game-image,1137,74,RGBA,PNG,True,
assets/img/1080/song_folder_on_poprec.png,50121,576e3802a15aa7fdfb978d54061ea985a3b6270a768bc0209163b6c65257b51b,PNG,ui-or-game-image,1137,74,RGBA,PNG,True,
assets/img/1080/song_folder_on_poprec_pressed.png,49610,5bf9c0235cf11d50ee6984553ace2057a683684d729025ea7c52942dde7b2d7a,PNG,ui-or-game-image,1137,74,RGBA,PNG,True,
assets/img/1080/song_folder_on_variety.png,38318,518e2dd0c94f5da5057f5dbf4012b0a1b5bdf8780a303c2598dc0e10fb9673c7,PNG,ui-or-game-image,1137,74,RGBA,PNG,True,
assets/img/1080/song_folder_on_variety_pressed.png,39222,e520e76d15414c9d20138ce41d7d6d5b41f9104df87a7e5328d63fd32eb88021,PNG,ui-or-game-image,1137,74,RGBA,PNG,True,
assets/img/1080/song_folder_pressed.png,49510,8508126d1103f82dd772e7d53f28e61fbda22595accdd4d99abcc251c8cc42a8,PNG,ui-or-game-image,1136,74,RGBA,PNG,True,
assets/img/1080/song_title_back.png,23919,1413d1887b3a239b6c7d1f59c4388031b1474093b6f8b71c89a15d7460e8aa82,PNG,ui-or-game-image,600,57,RGBA,PNG,True,
assets/img/1080/step_banner_plusstamina.png,18751,029e5c97c93f8a637bc4e7a99d1d85e4cd321791f6d2ed3aec49ba33679711cd,PNG,ui-or-game-image,225,142,RGBA,PNG,True,
assets/img/1080/step_banner_random.png,12471,5dc64724f6d5d77ca752876123dfccb6672ff8f7be6986801d5f631cf2c44614,PNG,ui-or-game-image,225,145,RGBA,PNG,True,
assets/img/1080/step_banner_restrict.png,13129,4bbec680f962de786bb8a16e0bdb4d0b1fe842f1244065accce970ae688cadf8,PNG,ui-or-game-image,225,146,RGBA,PNG,True,
assets/img/1080/step_banner_speedrestrict.png,13169,95917121a8d21dc4674d0a80ba15784bdde7addf2da7ccad7a47c1471232a7b4,PNG,ui-or-game-image,225,146,RGBA,PNG,True,
assets/img/1080/step_tile.png,29941,72ec622def6f9db8a3763029bdfaaf9536244bb0172d5727a343373f6698b53b,PNG,ui-or-game-image,303,188,RGBA,PNG,True,
assets/img/1080/step_tile_current.png,37190,c61e55fad38f2260d0605e0934a702df42469955e6fa7b4fb80495522137f266,PNG,ui-or-game-image,303,247,RGBA,PNG,True,
assets/img/1080/step_tile_current_plusstamina.png,36461,38391e3d6bf90440a3daf0a5a432969b175a661f8f2f18e790c3a889e792363d,PNG,ui-or-game-image,303,247,RGBA,PNG,True,
assets/img/1080/step_tile_current_random.png,36789,708dd6abaf22afdd915c4eebea99a68b507b80d444490bc45fd4a2267dab438b,PNG,ui-or-game-image,303,247,RGBA,PNG,True,
assets/img/1080/step_tile_current_restrict.png,36753,7ed265e497eef511ad8236e2b956602aed68fea998ab777cc3888d02a9140a61,PNG,ui-or-game-image,303,247,RGBA,PNG,True,
assets/img/1080/step_tile_current_speedrestrict.png,36942,6df6153ab56cd7f3272743adcfbebf29e1b4884a01a533d8d20b7cefa0e37946,PNG,ui-or-game-image,303,247,RGBA,PNG,True,
assets/img/1080/step_tile_designant.png,49865,b06b9f98c64471081b2929c00f671ae05a51ac02c05bbc4cedda41558818971a,PNG,ui-or-game-image,303,188,RGBA,PNG,True,
assets/img/1080/step_tile_designant_current.png,103767,b5c6b5588bfdd17753c7b80d4ad9e2af1bfb95bfc62d9ae1041ee660f4586334,PNG,ui-or-game-image,303,247,RGBA,PNG,True,
assets/img/1080/step_tile_nell_i.png,57631,6b2fc89eeeb29606115324dd191c713d937a3fedaaf23aa18b0c3609fc920c4b,PNG,ui-or-game-image,303,188,RGBA,PNG,True,
assets/img/1080/step_tile_nell_i_current.png,70352,8c862acdf7e365f30b8f0689c664c50e04bf6a51dc916801d462d4e16a57d44c,PNG,ui-or-game-image,303,247,RGBA,PNG,True,
assets/img/1080/step_tile_nell_w.png,45838,d48f91dab5795dcf2fdd45c356fd48a2cc225893dfa1b07fbdc8a01a67c0fed6,PNG,ui-or-game-image,303,188,RGBA,PNG,True,
assets/img/1080/step_tile_nell_w_current.png,50502,b91c00a50a06e7d4405cfe7ddaa38b9ac8837fb04ba4bd79850e8de6345388af,PNG,ui-or-game-image,303,247,RGBA,PNG,True,
assets/img/1080/step_tile_plusstamina.png,29730,5bf2ed5a0ca5ea26af1528ca26872e1aa1262d89db618c841a0741736e1eb573,PNG,ui-or-game-image,303,188,RGBA,PNG,True,
assets/img/1080/step_tile_random.png,30405,3336924aa5d6dd957b03de8886a8fe0c430f093a938140c772b1fb399b2ffed7,PNG,ui-or-game-image,303,188,RGBA,PNG,True,
assets/img/1080/step_tile_restrict.png,29762,e3eb5ad6e64bd3044f8bd0d31c1269cc686f652ea14dc4654921f3769cad98f1,PNG,ui-or-game-image,303,188,RGBA,PNG,True,
assets/img/1080/step_tile_speedrestrict.png,29436,a5c9a490aa1703be71b02c035feea40109c6f4361ad76314a0ac69bf98619eca,PNG,ui-or-game-image,303,188,RGBA,PNG,True,
assets/img/1080/sticker-button.png,16373,de860703b31ff10dfe8190192623eb70196bb124ce480febad86ae3a675b6dd8,PNG,ui-or-game-image,168,85,RGBA,PNG,True,
assets/img/1080/sticker-button_pressed.png,17035,f101982f3f2261442145f7428459c8ec26242c177b2fbc2777547f62b09e47ca,PNG,ui-or-game-image,168,85,RGBA,PNG,True,
assets/img/1080/story_next.png,7854,e96cf86fa6c9dc403abf242cc8fbb50e4c2f7fa68170946cab759b8c8b33dff1,PNG,ui-or-game-image,168,64,RGBA,PNG,True,
assets/img/1080/story_zoomin-pressed.png,27391,1ebcc62c57a84e83ca9a95fbd3a6ce80d1345a3bd848a6ac205a2f7288dbf45e,PNG,ui-or-game-image,249,133,RGBA,PNG,True,
assets/img/1080/story_zoomin.png,26085,5fbd5bd08e2e8ef0d4255b4d4110a7ad9831cd7c947e378be3b073cb046244fd,PNG,ui-or-game-image,249,133,RGBA,PNG,True,
assets/img/1080/story_zoomout-pressed.png,27544,f61cee474e1e30b0c2358736384188ce0e88418ac1ea0ca05ae5442b9d3885c2,PNG,ui-or-game-image,249,133,RGBA,PNG,True,
assets/img/1080/story_zoomout.png,26253,2b9026596259d067046cc5998474ea4d65dc856345708968ca2ad13c8efc310e,PNG,ui-or-game-image,249,133,RGBA,PNG,True,
assets/img/1080/top-message-banner.png,34284,30119f31cf78a034ae74401e6cc543de2ec63c74fffbd2fd543fbed336b157bf,PNG,ui-or-game-image,535,74,RGBA,PNG,True,
assets/img/1080/tutorial_notification.png,40301,9c63a7f969d81591179eb07bcd708e5a6f27c4b3d8336d2b7e8755e7caa7a9b4,PNG,ui-or-game-image,272,272,RGBA,PNG,True,
assets/img/1080/voting_random_jacket.png,188541,83da8c6d05b2edf3174e5a36d905e2f6241eab617e0b7431bbed443d412cb779,PNG,ui-or-game-image,384,384,RGBA,PNG,True,
assets/img/1080/world-boost-pressed.png,10795,1e8f9f867a4c1959d1b4bb8eb6d5d9fc51e74305ea0c46b85c80d8bbc95175a0,PNG,ui-or-game-image,158,158,RGBA,PNG,True,
assets/img/1080/world-boost.png,11971,96cc075aca40f4984eaa9501bbd6fe54a57f370f11af1aaba307b83badd02154,PNG,ui-or-game-image,158,158,RGBA,PNG,True,
assets/img/1080/world.png,25209,50f8795719cbd681d9a53293f1112002cec6cf6cd70d8f5758b54ba0c8a25456,PNG,ui-or-game-image,239,108,RGBA,PNG,True,
assets/img/1080/world_beyond_integrated.png,83468,83b262f19c6f23221078328246e6c25aafc74b500a02e4f7d8ccbeea2e6aff2b,PNG,ui-or-game-image,1143,135,RGBA,PNG,True,
assets/img/1080/world_beyond_integrated_back.png,14567,fbc15fb75c02ce7ca011ff638bbc4b26366d961337dec7ba87c87202c1c47787,PNG,ui-or-game-image,686,686,RGBA,PNG,True,
assets/img/1080/world_boundary_traversed_back.png,4598,9f5eef1e47eba341fc974c409d0103776e850c384f217484d8aa23cc2360c803,PNG,ui-or-game-image,315,63,RGBA,PNG,True,
assets/img/account/delete-pressed.png,24862,49ed4b3eaf432c3292e38da999cc6b6af4a9d9c2849fd6d607ca43abe5536531,PNG,ui-or-game-image,439,81,RGBA,PNG,True,
assets/img/account/delete.png,24575,7690b73cfa6d783d50cbf09e9a4996546ec307b6da3333d807b1aa336de44d3d,PNG,ui-or-game-image,439,81,RGBA,PNG,True,
assets/img/account/logout-pressed.png,12980,68b89f3aa3292cb7a222b9902a4663ec4b87c22ba5db778fb4d119c73993de1a,PNG,ui-or-game-image,431,71,RGBA,PNG,True,
assets/img/account/logout.png,14405,cafdfff5699ae4b1a3efd9810fff80a8c04a0669c1079bb6fe470f3d695d37d8,PNG,ui-or-game-image,431,71,RGBA,PNG,True,
assets/img/activity_icon.png,11757,050c3b970fad8ba4bbcc0af1e3224efcc654d62a01917685c6e5a54e20d4cf07,PNG,ui-or-game-image,97,146,RGBA,PNG,True,
assets/img/aegleseeker/back_texture.png,1493788,3eb85b1fd7de0aca0d88709162343498cee8b17ae0573aedbc469fc4ea1e7b42,PNG,ui-or-game-image,1075,1023,RGBA,PNG,True,
assets/img/aegleseeker/dimming_overlay.png,810721,7af288ead08af861eb268c55fca46cd987ca906b4af51420c610867ea2ccde6f,PNG,ui-or-game-image,1280,960,RGBA,PNG,True,
assets/img/aegleseeker/lines.jpeg,387,07a0ec93ec7bcc209c9f2de427b18c765c2acd911ac7a5c2dc2d008983ba3371,JPEG,ui-or-game-image,1228,2,RGB,JPEG,False,
assets/img/aegleseeker/text_phrase.png,24234,8ae98078ac42d6fef2fda2ed303f6fa7bab9fd3cd048677f8cc963867def7792,PNG,ui-or-game-image,934,76,RGBA,PNG,True,
assets/img/aegleseeker/text_phrase_blur.png,41403,2ee33a9438ba1cabcfdee63a5d02ef79cc41caa8c7bfa5ed9a54e97b0d8a0ea6,PNG,ui-or-game-image,792,297,RGBA,PNG,True,
assets/img/aegleseeker/top_dimmer_overlay.png,34015,04f0276fd1f2832bed31395e31fb484e0c670db97a64173286e94121ea2361a2,PNG,ui-or-game-image,1280,960,RGBA,PNG,True,
assets/img/air_input.png,197,4511d5ed22eccdad02b7a30bcffb8da9058712d87bf390af35d916730e9a85ae,PNG,ui-or-game-image,1,51,RGBA,PNG,True,
assets/img/allsongs_button.png,22298,b6553f7e379379a308eb89378dd3f7bdb5dbc296d61810148b338eba902724c8,PNG,ui-or-game-image,314,56,RGBA,PNG,True,
assets/img/allsongs_button_glow.png,26674,5f8321a6f5e442fd2737447f23ebe44e4f07754c0e1dc8d8f2a3b5ccbabb74e0,PNG,ui-or-game-image,355,106,RGBA,PNG,True,
assets/img/allsongs_button_pressed.png,23562,71c95f22e8d34e1d2e3509a8d0235a81a621b5a296b6558b956bdb45e40cedec,PNG,ui-or-game-image,314,56,RGBA,PNG,True,
assets/img/approach_arrow.png,6006,f29c22aebcd1caeff42f629c2cea455149e07a0e871b6d6845e3e6f8ce9a1749,PNG,ui-or-game-image,95,126,RGBA,PNG,True,
assets/img/arc_body.png,15531,572d4bf0650604bc96dc907af7ff6dfdaa1fd253ef5d95a719985996705ccac6,PNG,ui-or-game-image,247,340,RGBA,PNG,True,
assets/img/arc_body_hi.png,18551,caffd714d30afb9c9e0ec37da626f69f314afcafb68804fbf68fb949b4d6735d,PNG,ui-or-game-image,247,340,RGBA,PNG,True,
assets/img/arc_cap.png,2582,2bea54841a187bb057b291f104feb3442410a8a99bace224af893c8e545f13e2,PNG,ui-or-game-image,256,256,RGBA,PNG,True,
assets/img/arr.png,976,7d26309d2ba683557c025da29ecf124540098f8699b892f0b6156d2216784ca6,PNG,ui-or-game-image,82,99,RGBA,PNG,True,
assets/img/audio_bluetooth.png,1020,dadbf61f542f6ccf60edde2602e51c8acda175c2e75b95f0460b7359d41ec407,PNG,ui-or-game-image,52,50,RGBA,PNG,True,
assets/img/audio_headphones.png,757,ff89e90987b7e4c299db754fcee756840da7bd4f9b80dd1befd95eaf97fc9739,PNG,ui-or-game-image,38,36,RGBA,PNG,True,
assets/img/audio_speaker.png,728,c4caae043e58ff9fd72f90ca40a2c43446c703def1782b8fcb713c1d3f7e0bea,PNG,ui-or-game-image,39,40,RGBA,PNG,True,
assets/img/awaken_bg.png,262540,a7349c6bae0c107362311babb3d49c24c38452de7b3a8f08f33cdb02c738769a,PNG,ui-or-game-image,1280,960,RGBA,PNG,True,
assets/img/awaken_text.png,88383,f1ff977ab9da69e8c7f76fff81c4b48c40cfaf44b59223a2f676c50f67ee15e4,PNG,ui-or-game-image,1339,177,RGBA,PNG,True,
assets/img/axiom-btn-backing.png,47441,f9fd09f86ddf9ca10bd76dfd77cef4b87debae8b9b39b9dadc418b4eec5d0a14,PNG,ui-or-game-image,485,91,RGBA,PNG,True,
assets/img/axiom-btn.png,30098,55fd977d83841154f6ecec6748bfdc316d4af90eea6f0be3061c31ea6fff7d2b,PNG,ui-or-game-image,310,77,RGBA,PNG,True,
assets/img/axiom-btn_pressed.png,28920,cab87480153062f8cec2c9a4a1aba972104c1f943086ab6af48acc592035bc42,PNG,ui-or-game-image,310,77,RGBA,PNG,True,
assets/img/axiom-button-pulse-l1.png,731,b7531eb9f0a6d3d9ba33cfe5d5e40bb0805bf8bbb94d5359adb73f719edb15ef,PNG,ui-or-game-image,24,75,RGBA,PNG,True,
assets/img/axiom-button-pulse-l2.png,579,3cb4142f9e3c9b9d04a7d03863ef6004a37b01c3114282fe40ff781afa8d08a3,PNG,ui-or-game-image,22,75,RGBA,PNG,True,
assets/img/axiom-button-pulse-r1.png,749,dbd2049e01983845a78736469448c1424b1fd2898ee38fff266b09d98ae503dc,PNG,ui-or-game-image,25,75,RGBA,PNG,True,
assets/img/axiom-button-pulse-r2.png,587,54b18c8f7539570d0a9dc3410b813d5d2e5bfd4d2cc0adf8064414b55c79deac,PNG,ui-or-game-image,23,75,RGBA,PNG,True,
assets/img/beyond_chara_underlay.png,9634,62ee10fa5314711f06572bd47bfb0d06f0217233a3dc932a58501382c533721f,PNG,ui-or-game-image,154,152,RGBA,PNG,True,
assets/img/bg/1080/aegleseeker.jpg,424251,d79a4dbfd6c050965a0b9e5fe918efee60bc4ca5a7889e50ceffb4ac5522b2f2,JPEG,background,1920,1440,RGB,JPEG,False,
assets/img/bg/1080/aegleseeker_clear.png,951080,16ac4c53c45e402d4ee9f7669c8259c9ca266e359048ef24687f861d85ec3888,PNG,background,1920,400,RGBA,PNG,True,
assets/img/bg/1080/aegleseeker_grey.jpg,205551,8f3b5b4d181ba16698767c3f0df9370a517b48e267f722f87093095c8608ce44,JPEG,background,1920,1440,RGB,JPEG,False,
assets/img/bg/1080/aethercrest.jpg,295243,8c5845d3e168107039ebb54f097b26d2250c2d20ac0168833a52329fe6c72540,JPEG,background,1920,1440,RGB,JPEG,False,
assets/img/bg/1080/aethercrest_clear.png,874577,c55fc7fb762ae8e1e70e9e92e9a363bcb7e86ac0a5cf9b45c442f94ab92c7c6b,PNG,background,1920,693,RGBA,PNG,True,
assets/img/bg/1080/alexandrite.jpg,587366,582101f0359470303e6c479cbb6324dc11c10fa7193036ce1db2c1641686363d,JPEG,background,1920,1440,RGB,JPEG,False,
assets/img/bg/1080/alice_conflict.jpg,321528,16315f2d57aae5ed4d3dfef7d55f5b725678426f75ad39e0294c031de00c4b04,JPEG,background,1920,1440,RGB,JPEG,False,
assets/img/bg/1080/alice_conflict_clear.png,1040222,bc4cd7ed68e2f72f3ccb43b3bc37e72b9eb11f6e12a5a862e0c10316654ade7f,PNG,background,1920,400,RGBA,PNG,True,
assets/img/bg/1080/alice_light.jpg,394466,6397166af194493b275cbf102a8ed1a73d9d0fc88072b281f8244c9568bff71e,JPEG,background,1920,1440,RGB,JPEG,False,
assets/img/bg/1080/alice_light_clear.png,825432,f113db19e2a689021078cc0d2f26534660b563e58b48d390905fd4ab4026c6c6,PNG,background,1920,400,RGBA,PNG,True,
assets/img/bg/1080/alterego.jpg,453065,a4ea05036dbf8ed42f440e3e0edaaf2aa5a2c5a8f13e966484ac6fdfe7a7e0a0,JPEG,background,1920,1440,RGB,JPEG,False,
assets/img/bg/1080/alterego_clear.png,1404132,f6e2f115ff5555b9926bbc899819bea8bbff46977f625b5dd643bc2b1be12bca,PNG,background,1920,720,RGBA,PNG,True,
assets/img/bg/1080/altergate.jpg,671287,1cfbee4fae3eab9c93dc2721b75523b4e25c90004664150da44e004298f60aac,JPEG,background,1920,1440,RGB,JPEG,False,
assets/img/bg/1080/altergate_clear.png,2191821,b31b908405664b5ea1b4b62c266cb59315d92fa9e64619303b68924fb4fbbd27,PNG,background,1920,717,RGBA,PNG,True,
assets/img/bg/1080/anima_clear.png,1905971,65e8f62a453b7357c184851fd83f11fb6e744544439059442322dc292b189d73,PNG,background,1920,713,RGBA,PNG,True,
assets/img/bg/1080/anima_conflict.jpg,795393,ef86ead5df6fe25bf43ca0acc8ba888fcb54887dfe468b7e5229800e60d64af7,JPEG,background,1920,1440,RGB,JPEG,False,
assets/img/bg/1080/anima_light.jpg,806511,a73f763ae1dd00f85271ebe8d2550441298338ac1d26ab6ddaaed563c25b2a3a,JPEG,background,1920,1440,RGB,JPEG,False,
assets/img/bg/1080/apophenia.jpg,280681,81e2d17925fdeb64ca00673b34a483064399781f09b7e13906e9d5a4f5827ec9,JPEG,background,1920,1440,RGB,JPEG,False,
assets/img/bg/1080/apophenia_clear.png,1893231,d87c1c8b9cd1f91f4c5b925109103c8736c52ffab7e2cd7b2dbc40064275dad5,PNG,background,1920,585,RGBA,PNG,True,
assets/img/bg/1080/arcahv-debris.png,2698342,5bf0bfdd0a9cffe446770218c68e2a49b7ca33e190bf27addcb5828bf8451425,PNG,background,1918,743,RGBA,PNG,True,
assets/img/bg/1080/arcahv-srt.png,3318782,09da23cca01d32426dc41e28792aa2aa7bede45b17a0a8a452dd6074d2ec1bbc,PNG,background,1920,1440,RGBA,PNG,True,
assets/img/bg/1080/arcahv.jpg,610786,aa6645e36fbee1c3e976bc77f312a23d5f298c92f6e5ecad56e06e681bef60fa,JPEG,background,1920,1440,RGB,JPEG,False,
assets/img/bg/1080/arcahv_clear.png,865463,51622c8da3b9b20b7526bf759987cce0dc408db59465fdd47dc05c39219a7e73,PNG,background,1920,400,RGBA,PNG,True,
assets/img/bg/1080/arcanaeden.jpg,653046,d5962019aa4552cd66571cabe689b47b885cdaf8d2306ec86de7e68397583a6f,JPEG,background,1920,1440,RGB,JPEG,False,
assets/img/bg/1080/arcanaeden_clear.png,1036768,d20f1df36dedf66b796b6aa62ed83aed26511a609ed43ca90e1c06e2a323f620,PNG,background,1920,400,RGBA,PNG,True,
assets/img/bg/1080/arghena.jpg,296629,11e1b4511326ac0634e6e27946fd941d8bab03ee8132b45e9fa0e876a35f4723,JPEG,background,1920,1440,RGB,JPEG,False,
assets/img/bg/1080/arghena_clear.png,1187561,803d1692a548c8a0e1664ec4e9137314649f7968275a49238f32430e46d19483,PNG,background,1920,720,RGBA,PNG,True,
assets/img/bg/1080/aterlbus.jpg,454348,39691e37b7a63cd1db66f7862545d7a28793b9771191f25d1e113618a4105c12,JPEG,background,1920,1440,RGB,JPEG,False,
assets/img/bg/1080/auxesia.jpg,458653,b196f4d2dd269e573538c3bae1ffe76b816e2e6795dab9c05e629ffaabcdfb97,JPEG,background,1920,1440,RGB,JPEG,False,
assets/img/bg/1080/axiumcrisis.jpg,466930,c4b811d8c4f223a0b880f64033c203f45ec457c78a024c6839cb77deca03e2f7,JPEG,background,1920,1440,RGB,JPEG,False,
assets/img/bg/1080/axiumcrisis3.jpg,1381321,256b8aa8c969268f79b81365da031c0e74ccfb42048c8cfa9e4fe00ad2fe2d01,JPEG,background,1920,1440,RGB,JPEG,False,
assets/img/bg/1080/axiumcrisis3_clear.png,1970935,12460fa8af9ae09a30e791f3bf7dafc001506ec4a82d6fcdd6cdedd6edb432ee,PNG,background,1920,1440,RGBA,PNG,True,
assets/img/bg/1080/axiumcrisis_.png,1147982,0d9a88cc49845ff9dc0081347c07e6e9ca4ccd59f39f80886db094fdcd80130d,PNG,background,1920,1448,RGBA,PNG,True,
assets/img/bg/1080/azalea.jpg,371978,89f53de80459e45d031cda8377af41ba63016c45447b6565a8ca23f02eed0c87,JPEG,background,1920,1440,RGB,JPEG,False,
assets/img/bg/1080/base_conflict.jpg,575753,bccf7392c02b499a33ebbee575b83b82a98a4f0c636984513b8b8cceb94fb079,JPEG,background,1920,1440,RGB,JPEG,False,
assets/img/bg/1080/base_light.jpg,286852,6018a1831f5deb9480fce65b185dbbfe17cc5d6b9cc633e003fbfb97bd32852c,JPEG,background,1920,1440,RGB,JPEG,False,
assets/img/bg/1080/byd_2_conflict.jpg,496678,e69b76c8435f606e402f6e8f33b0f30043873864da45a08dd9c41c5fb83fbadb,JPEG,background,1920,1440,RGB,JPEG,False,
assets/img/bg/1080/byd_2_conflict_clear.png,2678506,36ec6dfe3c19954262e77a31a2c3908b92683ee010ad9875f2ce0f3b281d1a02,PNG,background,1920,720,RGBA,PNG,True,
assets/img/bg/1080/byd_2_light.jpg,743656,9e5b0a413003c7b1e27b679550d24d313e18b30f7e79dce73b85653097c02eec,JPEG,background,1920,1440,RGB,JPEG,False,
assets/img/bg/1080/byd_2_light_clear.png,2785456,4c3306d946a5a95be57fc4e3084fb59e39ac645d19fd66e65652be67fe6a7446,PNG,background,1920,720,RGBA,PNG,True,
assets/img/bg/1080/byd_conflict.jpg,864039,6b163e416bc5a84057389c326252f8f2e139441ced2a8618c9203a69ad818c5a,JPEG,background,1920,1440,RGB,JPEG,False,
assets/img/bg/1080/byd_conflict_clear.png,774472,86705c33695fd3109c79a17def7fccefdcc5a540dc3561f07691be1454090671,PNG,background,1920,400,RGBA,PNG,True,
assets/img/bg/1080/byd_light.jpg,706293,70d47ca7092d867b6aaae0ac667b4ec94e7ce5627dc5a43a58685e39e228d192,JPEG,background,1920,1440,RGB,JPEG,False,
assets/img/bg/1080/byd_light_clear.png,452162,cb705cc1ed66557de11ea3adb3ab81f31c2143870047a92821e4c35d1174d9f2,PNG,background,1920,400,RGBA,PNG,True,
assets/img/bg/1080/chuni-garakuta.jpg,822310,907008027b93939daaada52220be7162d03e68352ebede82c7e6192b24943724,JPEG,background,1920,1440,RGB,JPEG,False,
assets/img/bg/1080/chuni-garakuta_clear.png,24934,7cecdc96653ecd386e4a4dd6ad012d94c1f7759f2e4e3095fd64c0de7b5611a2,PNG,background,1168,516,RGBA,PNG,True,
assets/img/bg/1080/chuni-ikazuchi.jpg,607715,886c5930f1bf66e343ecf6c9026497c473ecf140b4531cfa694e007b7d52e16f,JPEG,background,1920,1440,RGB,JPEG,False,
assets/img/bg/1080/chuni-ikazuchi_clear.png,200576,6b8fcb98ae973e158ae9a1f256f1a27732de16d360888be76dc87d61314062d8,PNG,background,1042,534,RGBA,PNG,True,
assets/img/bg/1080/chuni-worldvanquisher.jpg,382994,18e07e12254011db2a7fce8f6508e38c203fe00771c7a854e043127c85b95335,JPEG,background,1920,1440,RGB,JPEG,False,
assets/img/bg/1080/chuni-worldvanquisher_clear.png,189433,5eeea9353b51b27effc257438065c8f62a3e76490cd2e4124eb3709c28b86462,PNG,background,1636,571,RGBA,PNG,True,
assets/img/bg/1080/chunithmnew_conflict.jpg,316492,200c408d1fb762c557d57f7d532a8662e3ab7e4483f9aef410a091ece0c3b3e2,JPEG,background,1920,1440,RGB,JPEG,False,
assets/img/bg/1080/chunithmnew_conflict_clear.png,120392,3e5fba9d24a524b9aecff2ddec5d42d496dd4f5fe64f898f885b47430c95da0b,PNG,background,1920,720,RGBA,PNG,True,
assets/img/bg/1080/chunithmnew_light.jpg,524177,a931d536dbbbc0315efcb29c7df36e36e5ebe1da1b510afb4caca6e5e0038a7a,JPEG,background,1920,1440,RGB,JPEG,False,
assets/img/bg/1080/chunithmnew_light_clear.png,71635,e8ee50f732d280034d8bc46773d68330900c831f51dc9a95c1e5ae369959f959,PNG,background,1920,429,RGBA,PNG,True,
assets/img/bg/1080/chunithmthird_conflict.jpg,389853,7dc30f6fa664d0a1d9cca0a06bba3ef668e9b66eb6d3376ae3953e92b97bfaa1,JPEG,background,1920,1440,RGB,JPEG,False,
assets/img/bg/1080/chunithmthird_conflict_clear.png,1349980,5a0c1a7a3624832358d14e490ef4705624563babd7d8b80de5ee990465622cd6,PNG,background,1920,720,RGBA,PNG,True,
assets/img/bg/1080/codeoblivion.jpg,492327,82147fcd6e6d598857fec7a2d482a2909e981c6ebcd0b567320a2baebe9e5115,JPEG,background,1920,1440,RGB,JPEG,False,
assets/img/bg/1080/codeoblivion_clear.png,1389548,6ada51c814ea0b33815f1f104d502b5175b8490a9c042dcdaff068701d8db4be,PNG,background,1920,700,RGBA,PNG,True,
assets/img/bg/1080/cyaegha.jpg,539205,9440571fbeafa9253a9523e5a961cc1c5888b34f2b800e5bb56d2ef7aeaadb57,JPEG,background,1920,1440,RGB,JPEG,False,
assets/img/bg/1080/cytus_boss.jpg,381159,5e5bc83d85f340a02771c878018c297aa8268260a4a059d4e1d8d44f55cdad3c,JPEG,background,1920,1440,RGB,JPEG,False,
assets/img/bg/1080/cytus_boss_clear.png,1425485,5252188cfd1343bcc31fd29eb3ef5f2f7f171fcf5320ed3221546cb2f92c36f1,PNG,background,1920,717,RGBA,PNG,True,
assets/img/bg/1080/cytus_conflict.jpg,272770,c6e7936d4b0bc0010b88c015e7bfd1a0c2474e6fb2e5b87041f496dffd63f200,JPEG,background,1920,1440,RGB,JPEG,False,
assets/img/bg/1080/cytus_conflict_clear.png,1389373,c9cfb762725ffacc878f56fba54890d6f7f30d6863819b761e0ef26e369897cc,PNG,background,1920,719,RGBA,PNG,True,
assets/img/bg/1080/cytus_light.jpg,234614,0bbd655d4a13905b6b3bc57bd7694ababdbbf2e033a8dd97d4f6a4b5a03a0c26,JPEG,background,1920,1440,RGB,JPEG,False,
assets/img/bg/1080/cytus_light_clear.png,1343242,31063c98c3595e8f0cc956346776e35a76b4a7b2d8caba06b35a4680e0417ee3,PNG,background,1920,717,RGBA,PNG,True,
assets/img/bg/1080/designant.jpg,530606,855fa4b04af96c073e62ec489b911083948fdecd0ba38cc1c1241ff32d51d335,JPEG,background,1920,1440,RGB,JPEG,False,
assets/img/bg/1080/designant_clear.png,1734215,bdbc0356e8a00126efd30ee7ebbd986c69421805e3c1136f80c289180ac6156f,PNG,background,1920,703,RGBA,PNG,True,
assets/img/bg/1080/diamond_ts_light.png,119512,a0d381ae22baf2fa3b1c77c8927e1a7434dae41541df21a73c6b9133342ef6fa,PNG,background,1359,565,RGBA,PNG,True,
assets/img/bg/1080/djmax_clear.png,1369459,c6e636c4d285d6f9dcdefa4f08893a2bb39faf7bf37437a249ea4b88fd5d84e8,PNG,background,1920,720,RGBA,PNG,True,
assets/img/bg/1080/djmax_conflict.jpg,367472,4d5afe47f41292aba15d82fce1f35ca4ecf1e029ca231bdfc0fe0d4265396365,JPEG,background,1920,1440,RGB,JPEG,False,
assets/img/bg/1080/djmax_light.jpg,426978,43d002669c2c7c94dc9a86dfdb09804d623646478811c306c6f710070bb056e4,JPEG,background,1920,1440,RGB,JPEG,False,
assets/img/bg/1080/djmax_nightmare.jpg,334429,3f1653ced30797f1f16053c5973aa5140a9d1612a9eb6c628e3f63fd6d2615de,JPEG,background,1920,1440,RGB,JPEG,False,
assets/img/bg/1080/djmax_nightmare_clear.png,708781,7ac66a5537f2afdd77db7a1164c7bb1fc836fc8d062cde847345b43359ad1df4,PNG,background,1920,720,RGBA,PNG,True,
assets/img/bg/1080/djmax_wagd.jpg,440117,83c4a98f351c8cb75fb015ed270987e0ed789f6cac3dea76ec387708209f5ae9,JPEG,background,1920,1440,RGB,JPEG,False,
assets/img/bg/1080/djmax_wagd_clear.png,1365664,a9ea2bceba9a0ea33b98deec58c85d9a7283c43a06e219f3177c5bbff2b3fe08,PNG,background,1920,720,RGBA,PNG,True,
assets/img/bg/1080/dynamix_conflict.jpg,278632,f1f50a36f55faf69c25adb70d1447341bfc81a6473e799e53d918e2acb939aa8,JPEG,background,1920,1440,RGB,JPEG,False,
assets/img/bg/1080/dynamix_light.jpg,307979,a430b6d7735f52291e17ed8bb3003440374c463fa5739657c3ba434094cad6a1,JPEG,background,1920,1440,RGB,JPEG,False,
assets/img/bg/1080/eclipse_clear.png,414554,803c991fd1d2b85f462de5fd90efc8d6b9fa2ba4d615237fd1c1527804ce462f,PNG,background,1920,691,RGBA,PNG,True,
assets/img/bg/1080/eclipse_conflict.jpg,310671,dc114e1b8b0f9899174018946188e9b4ddb7c0cf5dc8cd226a7ca630d8844608,JPEG,background,1920,1440,RGB,JPEG,False,
assets/img/bg/1080/eclipse_light.jpg,413563,0767db6ddd366247ad06120fcb4e0b15d282de298b431963179bc75a07e8067a,JPEG,background,1920,1440,RGB,JPEG,False,
assets/img/bg/1080/eden_append_conflict.jpg,313955,d990cdc07f33ea827e48c768b6709b60a1786cd2188cb02b390153eb0f5767b8,JPEG,background,1920,1440,RGB,JPEG,False,
assets/img/bg/1080/eden_append_conflict_clear.png,852884,e368198eae8d5d48267ffdd274edcdc4170ed9da1a587a841db4726b0703f3b2,PNG,background,1920,716,RGBA,PNG,True,
assets/img/bg/1080/eden_append_light.jpg,432649,b4d889d06baf04fdbfc65f19cdcfd3d6e821f77b2355063744750dc35aa6f3ff,JPEG,background,1920,1440,RGB,JPEG,False,
assets/img/bg/1080/eden_append_light_clear.png,1181720,9f3c2433eeb1d0a463280b3ef1322cecd83bc864da3f0059617b077ab73cf53e,PNG,background,1920,720,RGBA,PNG,True,
assets/img/bg/1080/eden_boss.jpg,567057,88f596b42eb78ff933a8a3bb68cc9ec37ffbecde8cff2e822b83cb96d3a35c88,JPEG,background,1920,1440,RGB,JPEG,False,
assets/img/bg/1080/eden_boss_clear.png,1398245,06f4d102ab56a8a58cc95aa8865e5841f29d280fc34f76017ebcdf011332ba06,PNG,background,1920,716,RGBA,PNG,True,
assets/img/bg/1080/eden_conflict.jpg,635273,0e10fcd8c1df9f434a596dd09bc2f8fe672bf45c2a38a3d071aa34f00dc3be88,JPEG,background,1920,1440,RGB,JPEG,False,
assets/img/bg/1080/eden_conflict_clear.png,1449839,acc6e12eafa9c38b33f18daea8616e3b6623e91d08f7a2a0bff937292bde76af,PNG,background,1920,716,RGBA,PNG,True,
assets/img/bg/1080/eden_light.jpg,508512,99abe5ea98a7d0e0b73e94587830e238c1f246f58331626b97d655ef23f8b115,JPEG,background,1920,1440,RGB,JPEG,False,
assets/img/bg/1080/eden_light_clear.png,1330868,bb137fde18cf481dcda5193041d427db09b59b460127ca48eed63cadd21c3d8f,PNG,background,1920,716,RGBA,PNG,True,
assets/img/bg/1080/epilogue.jpg,397363,8661a63ba8b55b50e970b75460e885a6a2fcd203c39542acc05ba15a34c875cf,JPEG,background,1920,1440,RGB,JPEG,False,
assets/img/bg/1080/epilogue_clear.png,741883,d747fae7cc8c136be71fb4f16b4c7eb67b128a093122268f461b504f50f00712,PNG,background,1920,400,RGBA,PNG,True,
assets/img/bg/1080/etherstrike.jpg,343525,fc9024d7ee2cec954070f48cc828cad9f9767bc3d3b4cb3c5f948524cb573389,JPEG,background,1920,1440,RGB,JPEG,False,
assets/img/bg/1080/etherstrike_.png,1059342,df4b3b3dd7441e92ab7ef9f29bbb68d6a787f661848a143f93316bd836413e92,PNG,background,1920,1440,RGB,PNG,False,
assets/img/bg/1080/etherstrike_2.png,800380,37a8d1b9af705cd76d04889cce8eb70b9c69004fe3929ba91b114d8fd9c928d2,PNG,background,1976,1457,RGBA,PNG,True,
assets/img/bg/1080/etherstrike_clear.png,863368,d70d3dd5c2b2fdce24f34960704677c0f5ec84baefe123a91a3ba851cc3531ef,PNG,background,1412,587,RGBA,PNG,True,
assets/img/bg/1080/etherstrike_o.png,252740,e46a46acb8aee52a3c7a9769e1fb1ff3ff90d9837056ed3dd1254d78781b25f5,PNG,background,1920,1440,P,PNG,True,
assets/img/bg/1080/extradimensional.jpg,658889,fdddbc88afd99b5c19914a528577807ea9658bf0d6f6ebe2b3455e66b0b4e29f,JPEG,background,1920,1440,RGB,JPEG,False,
assets/img/bg/1080/felis.jpg,611545,4b2242b645599612d530b925b4940e7136883dc7b4fe95080543a258d3e9d8b7,JPEG,background,1920,1440,RGB,JPEG,False,
assets/img/bg/1080/felis_clear.png,264243,42d8e27ddeed03f3de0d021ca7da7a308dc5dc3bb47a996932e1c787982c33cb,PNG,background,1152,507,RGBA,PNG,True,
assets/img/bg/1080/finale_conflict.jpg,526548,526d460075b1379688abaea8d2259d412ac4282d9efe4a9cf7895f4c8ffa4d7f,JPEG,background,1920,1440,RGB,JPEG,False,
assets/img/bg/1080/finale_conflict_clear.png,1036565,b2e5846279f6758edeafeb7ae2542e0321d6797cf40eac6aba953244b7db290a,PNG,background,1920,400,RGBA,PNG,True,
assets/img/bg/1080/finale_light.jpg,561243,5f7c0cad69180ae2422463446e70f097ce8ecbfef3394bb8352e0ba80f5a9c31,JPEG,background,1920,1440,RGB,JPEG,False,
assets/img/bg/1080/finale_light_clear.png,644565,35d79cf94b4d8cb6dfa871e6c9a126a419c6ecd99119c683ea88fbfae7293422,PNG,background,1920,400,RGBA,PNG,True,
assets/img/bg/1080/fractureray.jpg,605594,15f07f2cb99f0178ae9cb952ee6acab73d3bd1fa080aee7a541dd8f6ed438c62,JPEG,background,1920,1440,RGB,JPEG,False,
assets/img/bg/1080/gc_buchigire.jpg,1061926,8221035754f1ad0500b4cce099f4a5f9e717cbe2ec5e82021eab1b1d62474153,JPEG,background,1920,1440,RGB,JPEG,False,
assets/img/bg/1080/gc_conflict.jpg,612139,ce4b6c4f00826b3e57ad8f470ef89c2e65c18f57d7403c7dc6c862dacc7ca891,JPEG,background,1920,1440,RGB,JPEG,False,
assets/img/bg/1080/gc_conflict_clear.png,534685,0f3c3375ad9b573385f511ffe91d3f338cd810cf4780d095cea3c325bc1eca7d,PNG,background,996,615,RGBA,PNG,True,
assets/img/bg/1080/gc_lance.jpg,330889,b117aaeac28bbced7e3eabd029683dbc6b6c6bccfe728b0e5a6156e7bd880616,JPEG,background,1920,1440,RGB,JPEG,False,
assets/img/bg/1080/gc_lance_clear.png,308540,a4d6b14420596cfdffb58024d58b238c0fa4628adc4303d5845414d718b54199,PNG,background,912,434,RGBA,PNG,True,
assets/img/bg/1080/gc_light.jpg,234034,a26f7e6f335478c2d3a548e1993cf50a9260f30be0f9f3706d9690ed4249b9de,JPEG,background,1920,1440,RGB,JPEG,False,
assets/img/bg/1080/gc_light_clear.png,1893870,395d027ad5e2ef3460db02a618d1c3d6fc77a0042e97932427b0d5fe72c525f6,PNG,background,1920,720,RGBA,PNG,True,
assets/img/bg/1080/gc_ouroboros.jpg,599024,93272e4c91c91aacc2f5f729454f8a2b5e96eca61e93898231a65253b35466c9,JPEG,background,1920,1440,RGB,JPEG,False,
assets/img/bg/1080/gou.jpg,578983,e1a4bb7f7498325a5b0f983b57f51e11a5ff4175cd61ae4f2cf95520aafb3fc2,JPEG,background,1920,1440,RGB,JPEG,False,
assets/img/bg/1080/gou_clear.png,2745699,a0d43fdc6a232f28b6866ebce66b72cb3bef6c476ba8f8d1933983bd656e50f7,PNG,background,1920,720,RGBA,PNG,True,
assets/img/bg/1080/grievouslady.jpg,423165,a7ffb3a8e835cd596787956a0986665e6fb222d1183dc451b19737b21f19c68a,JPEG,background,1920,1440,RGB,JPEG,False,
assets/img/bg/1080/hime_conflict.jpg,303433,51abe64a639069997b3607417fdc05d5def6f7fbe5ad7207ad5cafcc7fe28564,JPEG,background,1920,1440,RGB,JPEG,False,
assets/img/bg/1080/hime_conflict_clear.png,1277782,9ee96de91abb82cb6ffdc18c92b37b87902dd1f111ad6e8a239255b61e741d1e,PNG,background,1920,400,RGBA,PNG,True,
assets/img/bg/1080/hime_light.jpg,268610,165ed3cb6bd5ae593df677256e659206db788cd756e210445e7a7ac3c40f436c,JPEG,background,1920,1440,RGB,JPEG,False,
assets/img/bg/1080/hime_light_clear.png,1062896,dd90a96afcae2abb7c8c6e5ac78edd061b9432bfe17d0c3642671793c80154f8,PNG,background,1920,400,RGBA,PNG,True,
assets/img/bg/1080/lamentrain.jpg,491048,f7669013b09f88682be236a63c7611e98bc8d3d96076eacdf471f6fce4620071,JPEG,background,1920,1440,RGB,JPEG,False,
assets/img/bg/1080/lamentrain_clear.png,1557889,e316d240e7ae63cb022a535b116c70020024924f39c63581cf07723c023adca4,PNG,background,1920,716,RGBA,PNG,True,
assets/img/bg/1080/lamia.jpg,298257,439d06054533ce02fae68628fb7ce8fd19cdabd4952c73331c89fba994f9b656,JPEG,background,1920,1440,RGB,JPEG,False,
assets/img/bg/1080/lamia_clear.png,1889827,d023886179221ee6781affd79edf107b60050a1a9cfd192a813d496ed019f48c,PNG,background,1920,720,RGBA,PNG,True,
assets/img/bg/1080/lanota-conflict.jpg,228074,679cd55f2bf6a1ccb5d2c74512e9b66d43e5a7560af69fa7f9fafde2ec59dd84,JPEG,background,1920,1440,RGB,JPEG,False,
assets/img/bg/1080/lanota-light.jpg,416252,6ba5845d7f9f1c225ddf96e59dbec7d22dacc14a148cea6035341badeca9d097,JPEG,background,1920,1440,RGB,JPEG,False,
assets/img/bg/1080/lephon.jpg,416136,8be1fee741c2b1c1a03d55f7b826295cf3870974dc7a30aeb3f3269f6660dc3f,JPEG,background,1920,1440,RGB,JPEG,False,
assets/img/bg/1080/lephon_clear.png,1304285,35568d9e14df8b9031c0c30e6868ed3e607fecaedb21091b42073045ef6fca74,PNG,background,1920,706,RGBA,PNG,True,
assets/img/bg/1080/lethaeus.jpg,524952,3890114a48bb01a2e62a9e84443b001c80e4e96d4e6c5a4cba13e12bb9247592,JPEG,background,1920,1440,RGB,JPEG,False,
assets/img/bg/1080/lethaeus_clear.png,2293200,f8bbc7337f55eecb846a07a740b2068681c93eb142784d9717d85f8dc8a5ea86,PNG,background,1920,720,RGBA,PNG,True,
assets/img/bg/1080/macula_conflict_a.jpg,1289462,700603f1561c4bcf7c963ad4fcd74451c7d3e85098b64ae5b473a48bf3f7fbf3,JPEG,background,1920,1440,RGB,JPEG,False,
assets/img/bg/1080/macula_conflict_a_clear.png,1468770,b87cb32dad11354251ed0c9e35ffb791ef905796b419348268d7bedb9def6c97,PNG,background,1920,720,RGBA,PNG,True,
assets/img/bg/1080/macula_conflict_b.jpg,1429565,b9dcec68cc972b794aa01f0af1b380aafd45e26c1d531d69b428fcce60355122,JPEG,background,1920,1440,RGB,JPEG,False,
assets/img/bg/1080/macula_light_a.jpg,1678855,0ea43dd21381c523e19d96e3ab71b03652d3ff9b983e1c0ef3b60749b1f5263b,JPEG,background,1920,1440,RGB,JPEG,False,
assets/img/bg/1080/macula_light_a_clear.png,833289,aabcdcc9a43ebbdc78ff71fccb0144bbdd49f3637c7dd7b31147c0d54ecd03d7,PNG,background,1920,720,RGBA,PNG,True,
assets/img/bg/1080/macula_light_b.jpg,2165204,7516a521b3ee6984b50fc17e991bd15b280e119294528386c6ee27728edae8dc,JPEG,background,1920,1440,RGB,JPEG,False,
assets/img/bg/1080/magnolia.jpg,368157,2382e9799c839579ff6329a60427e11bc61f9a086ee520f78c3fb88d38d3a276,JPEG,background,1920,1440,RGB,JPEG,False,
assets/img/bg/1080/magnolia_clear.png,1414696,8303abc607d7fed977ac371f032544d169cad1ca6cb6393de9fbc7a42494fd57,PNG,background,1920,720,RGBA,PNG,True,
assets/img/bg/1080/maimai_boss.jpg,617650,0761fabc11acc4d4e01632a3a0d133897374117e51bb990bbb436141e320abe9,JPEG,background,1920,1440,RGB,JPEG,False,
assets/img/bg/1080/maimai_boss_clear.png,1905347,1be704359aa88336853b752cb61c4248861a8e053ad8c5a740300beec2b1ea1a,PNG,background,1920,720,RGBA,PNG,True,
assets/img/bg/1080/maimai_conflict.jpg,371746,57d1a063a3608ac41092959afa91215cd42a8633ae550e21140e4c616430293b,JPEG,background,1920,1440,RGB,JPEG,False,
assets/img/bg/1080/maimai_conflict_clear.png,1096185,4d7a4c92f4185a1b50ad807d26a5f5d147772af1ed3c891f10461b2bb590154f,PNG,background,1920,635,RGBA,PNG,True,
assets/img/bg/1080/maimai_light.jpg,367897,0bd1bee08a68b0de0fff203a61e9265e2b0c4b6bc05fa5770479baedb19b33d9,JPEG,background,1920,1440,RGB,JPEG,False,
assets/img/bg/1080/maimai_light_clear.png,1135336,ffb50a10d16b532eda4507ea5e4569044588a4eb6b2bbe4463d3796eefa96eb5,PNG,background,1920,720,RGBA,PNG,True,
assets/img/bg/1080/megalovaniarmx.jpg,325942,0d602c61667656898ae506b51eb086dda030d8db525bbd8e3e1a0ef61c9a4701,JPEG,background,1920,1440,RGB,JPEG,False,
assets/img/bg/1080/megalovaniarmx_clear.png,607848,7f887b44bc45b46435644543339d79eb49c4fb23624e02f3d15dd16b81b4b693,PNG,background,1920,693,RGBA,PNG,True,
assets/img/bg/1080/megarex_conflict.jpg,1479047,fc2f1f638f84bf62419407d753c820acaeb3ca2077f60194883688dbece3bef3,JPEG,background,1920,1440,RGB,JPEG,False,
assets/img/bg/1080/megarex_conflict_clear.png,627806,9e2ef7f3ebb7d8b2037965c6bf6bc2509127b70b2af4acb81364059c3e44a615,PNG,background,1920,1440,RGBA,PNG,True,
assets/img/bg/1080/megarex_light.jpg,1626517,4784c367be6a862a4db203143e78f72f5fe7501b0ebd4b059bf9c1b188f91a24,JPEG,background,1920,1440,RGB,JPEG,False,
assets/img/bg/1080/megarex_light_clear.png,634147,94e37c0326377cea83d4a8a637dd1fb78bb8558e03eb5e6263965b04b82425c4,PNG,background,1920,1440,RGBA,PNG,True,
assets/img/bg/1080/megarex_signal.jpg,451804,f30b0c4de69c6bc34517d5680f97200a2bcf1ba499d9a1887249c19eb60ed6b9,JPEG,background,1920,1440,RGB,JPEG,False,
assets/img/bg/1080/megarex_signal_clear.png,309697,ef98c54de9f66642cf617ef640e3db2bb08b5d05066670a2185af235f1b49a94,PNG,background,1920,1440,RGBA,PNG,True,
assets/img/bg/1080/meta_mysteria.jpg,509742,6287242ba1006ae7ffebdd1e02de45fab291d4e54e31a3ff9e28b693642bbef0,JPEG,background,1920,1440,RGB,JPEG,False,
assets/img/bg/1080/meta_mysteria_clear.png,3059130,12ca3cc50f5adc896341744212bfe6992a240731a58395efe74ee174823b1e8d,PNG,background,1920,720,RGBA,PNG,True,
assets/img/bg/1080/mirai_awakened.jpg,299408,3b4b1e24f1d8e29befc4929d82a507e92349f48bb1b1e8c39d9d7bb3d59d19f2,JPEG,background,1920,1440,RGB,JPEG,False,
assets/img/bg/1080/mirai_awakened_clear.png,613495,2cca0d6d8639c5bdeb62dc20e05bb39e1e588d12a833d35c53fcc17427609236,PNG,background,1920,540,RGBA,PNG,True,
assets/img/bg/1080/mirai_conflict.jpg,210970,c51193e3f5f3b55276fc47d06dffa0bf692bdc82ea41479d94a4590e2f7a7909,JPEG,background,1920,1440,RGB,JPEG,False,
assets/img/bg/1080/mirai_conflict_clear.png,1288653,e2516c2a45e85587cc702f0cdfd9a263816f6463d13524bb3573402b7b27e3ad,PNG,background,1920,720,RGBA,PNG,True,
assets/img/bg/1080/mirai_light.jpg,185244,e49bb710ee76ccc2547b0c15164855833b587e7d45873d8002c2518926d1dedf,JPEG,background,1920,1440,RGB,JPEG,False,
assets/img/bg/1080/mirai_light_clear.png,1286863,244623738d9248da822445aca6d1ef771e29dd387881fa4ac3a94485c586dced,PNG,background,1920,720,RGBA,PNG,True,
assets/img/bg/1080/modelista.jpg,587215,836fe90afff2f42ba24ae6ae282fda5cf621c9355ffe4249a3871fe76c6f2015,JPEG,background,1920,1440,RGB,JPEG,False,
assets/img/bg/1080/musedash_conflict.jpg,269307,7f0cef8336a8d952c16a19e684955711a9cce4dc0eea2008d1fb2bc90a4c55a6,JPEG,background,1920,1440,RGB,JPEG,False,
assets/img/bg/1080/musedash_conflict_clear.png,3759110,df6a9c27029579a162fdc688a8a707fc3efc55e620926de0a4aaf157c2b7f0b6,PNG,background,1920,720,RGBA,PNG,True,
assets/img/bg/1080/musedash_light.jpg,328677,51d0b45cceddd2c81fe45437a08e2faf8b763e3ddadc02203cfc64d0146dc07c,JPEG,background,1920,1440,RGB,JPEG,False,
assets/img/bg/1080/musedash_light_clear.png,3834944,0d92725a3e84a7355012657beb5f15b163a36484345febdb9342e0a3ffa8c402,PNG,background,1920,720,RGBA,PNG,True,
assets/img/bg/1080/nextstage_conflict.jpg,482757,b4598297316ac4b1d29fa2d065ab2b1915ff61fcb54468de67adb808636da0b3,JPEG,background,1920,1440,RGB,JPEG,False,
assets/img/bg/1080/nextstage_conflict_clear.png,1701394,4ee87563b3aa8a418222c694d46116672d500bae91bbe457fab658a85a865275,PNG,background,1920,700,RGBA,PNG,True,
assets/img/bg/1080/nextstage_light.jpg,401962,cd8010402cfed59ee02eda0ef898671e9d71311e017c579c0cc5f73efff1452c,JPEG,background,1920,1440,RGB,JPEG,False,
assets/img/bg/1080/nextstage_light_clear.png,1324347,12b2cd300a2d8834109d3f6e3fa7bfffd3ce7d45cd83ce1f121034a8c9549fee,PNG,background,1920,690,RGBA,PNG,True,
assets/img/bg/1080/nihil.jpg,453997,1c134e4bdffa5527bdac5974caf0b1d31b68109520a00f8f319eb254296a3fea,JPEG,background,1920,1440,RGB,JPEG,False,
assets/img/bg/1080/nihil_clear.png,1787488,359fb775d18d6acf20f1dbc5102669271b5f0cdb1b7bed39b453d16290b36312,PNG,background,1920,701,RGBA,PNG,True,
assets/img/bg/1080/nijuusei-conflict-b.jpg,294233,760ab30f95174bbb73bdcac36e5439b09f9c5676d0abb6fba7e2e72a39eef4ea,JPEG,background,1920,1440,RGB,JPEG,False,
assets/img/bg/1080/nijuusei-conflict-b_clear.png,1614529,6a4904fea4ffd2133e494e7e13fab93cce81e0b016a62fa828fcbd9b6b2114a3,PNG,background,1920,720,RGBA,PNG,True,
assets/img/bg/1080/nijuusei-light-b.jpg,239646,5e17c9d6e2028412679fa9d7aee6047b89cf833cc4467e67d8736106f218e075,JPEG,background,1920,1440,RGB,JPEG,False,
assets/img/bg/1080/nijuusei-light-b_clear.png,1034944,40a14fc36403c55f1b88664110300d220a1fa67d7bbf1bc45a4549f65ea77474,PNG,background,1920,720,RGBA,PNG,True,
assets/img/bg/1080/nijuusei2_conflict.jpg,425904,b2f377bfe72b9f7a2e335b85ec3b57abf58e0850587b35926bf7ac7e5a9fc800,JPEG,background,1920,1440,RGB,JPEG,False,
assets/img/bg/1080/nijuusei2_conflict_clear.png,746767,ca2f037c682058040e8ee005f5f21bc192d280e7247c067e4befb5b6bbf22bc2,PNG,background,1920,326,RGBA,PNG,True,
assets/img/bg/1080/nijuusei2_light.jpg,653596,a42c00cadde9dbfcb0aa642810cd4ff0b9249acd50b7d53527830cae8092c030,JPEG,background,1920,1440,RGB,JPEG,False,
assets/img/bg/1080/nijuusei2_light_clear.png,1313109,789ddcda0628df5c277e98092a9a54588ad6284f3eaf846152a198bd3eccacc6,PNG,background,1920,394,RGBA,PNG,True,
assets/img/bg/1080/nirvluce.jpg,344002,dcd0436ef24b358a4b1c2fa80bbb1579161ba51ef22ae7ffb8ccb1781e711549,JPEG,background,1920,1440,RGB,JPEG,False,
assets/img/bg/1080/observer_conflict.jpg,372932,e639103922c29b25905399f887318ef079d06c0ca95d8cf0f9cf73f84e39402d,JPEG,background,1920,1440,RGB,JPEG,False,
assets/img/bg/1080/observer_conflict_clear.png,1062964,661102c9e368e2732cd82f788f65e8ecea0d372cfb347cb2714e8626eac3d4f8,PNG,background,1920,400,RGBA,PNG,True,
assets/img/bg/1080/observer_light.jpg,379673,067516b22f14d4df17ad7135f4ac22046227a73200b9711eca175b571eb909c6,JPEG,background,1920,1440,RGB,JPEG,False,
assets/img/bg/1080/observer_light_clear.png,859434,2ec6bbe98fba0d864ef4118ea0fe9155c272a5c67f517fadf70dd1ebb27321be,PNG,background,1920,400,RGBA,PNG,True,
assets/img/bg/1080/omatsuri_conflict.jpg,815309,c07e17f5a20c63dc6592f32928caa04fc6eeef7146a5317b37cdbe4e400141e6,JPEG,background,1920,1440,RGB,JPEG,False,
assets/img/bg/1080/omatsuri_light.jpg,752989,43822efe09513601b2ae21e0090a166adbf310dbcf96aa395ec4725d4b16ce87,JPEG,background,1920,1440,RGB,JPEG,False,
assets/img/bg/1080/omatsuri_light_clear.png,673373,fd56820bbd5245f908a50c7a3af6552077c5aa943b31387307da4f42e9586326,PNG,background,1920,400,RGBA,PNG,True,
assets/img/bg/1080/omegafour.jpg,348775,b695dc407991f88a84a5c049a2ffba6a094fba6233f17d0b0c6b762120789bb0,JPEG,background,1920,1440,RGB,JPEG,False,
assets/img/bg/1080/omegafour_clear.png,2027993,f2f57e78bf7a219c609bc31bbc81b8cd87b1f0975939f35213f809b8e6adf70b,PNG,background,1920,720,RGBA,PNG,True,
assets/img/bg/1080/ongeki_conflict.jpg,286153,9450249ff5204debf2f6552af980ffa6f01c33b3c762bda0bd602922c0498674,JPEG,background,1920,1440,RGB,JPEG,False,
assets/img/bg/1080/ongeki_light.jpg,398901,9a97021a6e607fbcc4da6453b631b391b125a2693af8a3f48315ba8ad11c9362,JPEG,background,1920,1440,RGB,JPEG,False,
assets/img/bg/1080/ongeki_light_clear.png,1999668,d1f302313f239e845f5a3c399e843578c23da23658883b569c9a517dc87492df,PNG,background,1920,720,RGBA,PNG,True,
assets/img/bg/1080/pentiment.jpg,221659,d5884a0530f20182f7a2e4fd48560818130ae171670e89771241426462ba2cdf,JPEG,background,1920,1440,RGB,JPEG,False,
assets/img/bg/1080/pentiment_clear.png,1434725,da3711b0bba0763acb411cf6d1d733913f3e48cced4934832a9d1b3532ccab3d,PNG,background,1920,400,RGBA,PNG,True,
assets/img/bg/1080/pragmatism.jpg,393293,c890062ddc30e1def8d4c3ef3223f8f7ed1981dc97c20613fe10c9544e816d93,JPEG,background,1920,1440,RGB,JPEG,False,
assets/img/bg/1080/pragmatism3.jpg,538180,6d9511b8c3e9ef68b1ec69942b30b20e2ca16bdda7134ca91a92046bd533f1f8,JPEG,background,1920,1440,RGB,JPEG,False,
assets/img/bg/1080/pragmatism3_clear.png,404966,0147bbc9911fa5eee39091dca3c0cd19a7b67082c4cb31861817a7fdaf6f5ccc,PNG,background,1234,529,RGBA,PNG,True,
assets/img/bg/1080/prelude_conflict.jpg,549089,4ebe5632356783fd151fae2e66b2a8545ee3def48cb2610234f4c390098852a9,JPEG,background,1920,1440,RGB,JPEG,False,
assets/img/bg/1080/prelude_conflict_clear.png,401675,5ab1138e3553ac35281d128df3551a9852c7f9202f9ebf40733f884ab4aaedb0,PNG,background,1920,720,RGBA,PNG,True,
assets/img/bg/1080/prelude_light.jpg,527793,afbef1f7354c34b5b30a2f985f6c9a4887d37e2089f945d573b622a3735f6dfb,JPEG,background,1920,1440,RGB,JPEG,False,
assets/img/bg/1080/prelude_light_clear.png,303973,c096066fa1e0b43e7a5a0c8dab557330875bdde770b86378f183791024b89961,PNG,background,1281,480,RGBA,PNG,True,
assets/img/bg/1080/quon.jpg,443920,265a465513455e32cedd95520ef233e7b22214e120406ceca22f75246ca1c603,JPEG,background,1920,1440,RGB,JPEG,False,
assets/img/bg/1080/rei.jpg,652568,1e2be8996fe0a85993550a1a40180f364acefab38c1de91c19a753a77d4ee8a4,JPEG,background,1920,1440,RGB,JPEG,False,
assets/img/bg/1080/ringedgenesis.jpg,429752,a7da82643fd9de23bf956db55c3c56caadf992b3cd8867e28aa76a59cee06055,JPEG,background,1920,1440,RGB,JPEG,False,
assets/img/bg/1080/ringedgenesis_clear.png,262263,8b4ee43485a566c391892a48fb6a7adc4035eaf5b7271577ee43b44c466db5c4,PNG,background,1526,645,RGBA,PNG,True,
assets/img/bg/1080/rotaeno_conflict.jpg,289784,a5e7b307df46233abca21cca4bd62f75ee086a83c2aed56ca295c585d60ff2f9,JPEG,background,1920,1440,RGB,JPEG,False,
assets/img/bg/1080/rotaeno_conflict_clear.png,1206863,eff5c06e4d131af7543ff432528025eb394300423f83a4057777a41ed6305e25,PNG,background,1920,716,RGBA,PNG,True,
assets/img/bg/1080/rotaeno_light.jpg,332581,4f91d55da77e43e59f10b823ecafc9f59bacae042cd5d85c57be371b7f414c58,JPEG,background,1920,1440,RGB,JPEG,False,
assets/img/bg/1080/rotaeno_light_clear.png,1034688,ce05950e2ff2df5bed239bfc076069ac9cd71ea8bf8751c107ae067b74a25532,PNG,background,1920,716,RGBA,PNG,True,
assets/img/bg/1080/saikyostronger.jpg,490479,15ed3f9c761afa6dd150eae991703096a316af3e8947dbeae31d452aa23905d7,JPEG,background,1920,1440,RGB,JPEG,False,
assets/img/bg/1080/saikyostronger_clear.png,293062,e5a92218455c04fed7b812ba04fcd5eb648257655655cd213edd80037b64955f,PNG,background,1920,540,RGBA,PNG,True,
assets/img/bg/1080/sheriruth.jpg,460003,2b05882659ea0d522dd02e29cbcfb4bd3a09b20c17f68f9c5c807b6beb58bc51,JPEG,background,1920,1440,RGB,JPEG,False,
assets/img/bg/1080/shiawase.jpg,347380,f24277126d40752ac96840b39b05ce15b7bda8d7a284826b6e49fb86e6ff7bfb,JPEG,background,1920,1440,RGB,JPEG,False,
assets/img/bg/1080/shiawase2.jpg,251701,97fb48479c017af8bb49611d7545f738f30b8ac6e757c1e72b0aa1a72fab85d3,JPEG,background,1920,1440,RGB,JPEG,False,
assets/img/bg/1080/shiawase_clear.png,1034921,1e1aaf479dfdc22baae0e18037dc3899dfe3a173f12ab2ae49d1c58e0ca9dff7,PNG,background,1920,720,RGBA,PNG,True,
assets/img/bg/1080/single2_conflict.jpg,700300,0abf1c30830712c3c24ff885c7193d934ecf2b5831a6d164913e2363b76b6562,JPEG,background,1920,1440,RGB,JPEG,False,
assets/img/bg/1080/single2_conflict_clear.png,1902216,99f1ab24aa0bff2b82d787fd5113bc892652bfeb76bb6dee2199e0a916e56717,PNG,background,1920,720,RGBA,PNG,True,
assets/img/bg/1080/single2_light.jpg,642378,ea1d9a0e35160bafe9b2408d4eb7521c1859febe9918e4e014af7bab8e1ddee7,JPEG,background,1920,1440,RGB,JPEG,False,
assets/img/bg/1080/single2_light_clear.png,1913631,1d81ed637f272d908ae814c7c17462ec83cf9a48244c788f9625c354c758d47b,PNG,background,1920,720,RGBA,PNG,True,
assets/img/bg/1080/single_conflict.jpg,165297,4d7dbfec69570fb76b44cac506f085560b627e287eb6bf57a41eec1397341800,JPEG,background,1920,1440,RGB,JPEG,False,
assets/img/bg/1080/single_light.jpg,181530,d02754549df33e1c0263039fb3109d906f114b3b76416c8368abf18f280a8593,JPEG,background,1920,1440,RGB,JPEG,False,
assets/img/bg/1080/solitarydream.jpg,466604,1f2e364ec6957df711e518fbb89198310c37d1ecdd1ca55bb99e553851a08418,JPEG,background,1920,1440,RGB,JPEG,False,
assets/img/bg/1080/spidersthread.jpg,282765,766b977fd3f0345f5e18dcbcc651046b40114502b65d65ed6a26627ec563ddd2,JPEG,background,1920,1440,RGB,JPEG,False,
assets/img/bg/1080/spidersthread_clear.png,3439770,6ce0172ab77ec0cf9ea7047a17fd90d8ee219580d12875fa1bd224d10b43a6f2,PNG,background,1920,720,RGBA,PNG,True,
assets/img/bg/1080/tanoc_conflict.jpg,703413,0da557704edb0b98713fc7d7559fe11c43213c54a6c215461d307f3aba58c35e,JPEG,background,1920,1440,RGB,JPEG,False,
assets/img/bg/1080/tanoc_conflict_clear.png,856081,00ed193c2e3fc2af05e0e512afaa28044c82685c545ec52d53af4698972bd2e9,PNG,background,1920,540,RGBA,PNG,True,
assets/img/bg/1080/tanoc_light.jpg,387389,b45349e2394d5fb19a3882f958facf8faa2f2111cb27c4437dafefb383a6155c,JPEG,background,1920,1440,RGB,JPEG,False,
assets/img/bg/1080/tanoc_light_clear.png,772049,35f84b4fe958ac790b60da34b583d68f3c6c425740ef4c6c88bde77710d0d2dd,PNG,background,1920,540,RGBA,PNG,True,
assets/img/bg/1080/tanoc_red.jpg,392418,604290cd3bf2c21e4ca9e83c128ee2609e6efa6c9698ffdcb202ae399d57aac5,JPEG,background,1920,1440,RGB,JPEG,False,
assets/img/bg/1080/tanoc_red_clear.png,976542,dbdcf6015793a9007ee1e0db8408498e63105c90447d4648eb2926bbaa5a6a96,PNG,background,1920,540,RGBA,PNG,True,
assets/img/bg/1080/tempestissimo.jpg,531829,5270ccecf889e8a81d5396dd9f53f890b7c85bde60f852d17ed23d601dec0714,JPEG,background,1920,1440,RGB,JPEG,False,
assets/img/bg/1080/tempestissimo_clear.png,1458242,015afb6b9043f5836a7994fc55f4dcfffd8da9bdfa190fae028e4e5895ce46e8,PNG,background,1920,506,RGBA,PNG,True,
assets/img/bg/1080/tempestissimo_red.jpg,474734,986e4f419fa897a789bc34ea8dd1593cfe9eec9700dd1e0231d33d00e30180c2,JPEG,background,1920,1440,RGB,JPEG,False,
assets/img/bg/1080/temptation.jpg,320079,72ba56266fa4b6cbd3eff52e58bce0c9e2858e94146c50ce0c766f65277359f4,JPEG,background,1920,1440,RGB,JPEG,False,
assets/img/bg/1080/temptation_clear.png,1592836,ff56011379938c21f61b5b6d35c751f5365f04e4128037ced45217aa9ed1023e,PNG,background,1920,720,RGBA,PNG,True,
assets/img/bg/1080/testify.jpg,520476,16a0049595383a34bbec09358c376d163b0d05251a2da65861657eb4bd8c2c21,JPEG,background,1920,1440,RGB,JPEG,False,
assets/img/bg/1080/testify_clear.png,2677959,c2990da755731fb75b70782a381ed0e8c90312af793d25bfe1551510a614c581,PNG,background,1920,720,RGBA,PNG,True,
assets/img/bg/1080/tiferet.jpg,411544,d966daa8d91b360df7df1a9fb8283313c3b06417bfa440e566578fbce577d94a,JPEG,background,1920,1440,RGB,JPEG,False,
assets/img/bg/1080/tonesphere-darksphere.jpg,385954,b973cbaafa96d8c0dcdca257a06270ca550e6d18db8fc883cda724692631dbc4,JPEG,background,1920,1440,RGB,JPEG,False,
assets/img/bg/1080/tonesphere-solarsphere.jpg,357860,d4bcae2b4b16fc1dfbe5c2d760de8fd0ec1bed025cad5262aff19badc2883a90,JPEG,background,1920,1440,RGB,JPEG,False,
assets/img/bg/1080/touhou_conflict.jpg,326673,0dc4167cf78956366b4c09e4406894ec22541abdc8168c66fe8fbcf18d211f8d,JPEG,background,1920,1440,RGB,JPEG,False,
assets/img/bg/1080/touhou_conflict_clear.png,1501855,1fa565431cc82ee5a9b6a5b36d908633e5bcde37fecd4cf40ad713555aae342e,PNG,background,1920,700,RGBA,PNG,True,
assets/img/bg/1080/touhou_light.jpg,364816,385bf79b3d1908e554f85bb5651b255d8e4831f2c88e2b7b880003c105ec64d2,JPEG,background,1920,1440,RGB,JPEG,False,
assets/img/bg/1080/touhou_light_clear.png,1206790,ae1924bee2d8b13c28391ffd4b3eff43354e5773a9728cc1250d161bfd9c0b4e,PNG,background,1920,699,RGBA,PNG,True,
assets/img/bg/1080/undertale_conflict.jpg,275301,689a253b8fc9f33ea4da3e073fd82fff54c4efdd7dd2c1be7ea1ef7f611d4414,JPEG,background,1920,1440,RGB,JPEG,False,
assets/img/bg/1080/undertale_conflict_clear.png,761140,3a25cc11d4b3089182635551135a5cebb3a8d064826481d825b7fbb27c865749,PNG,background,1920,701,RGBA,PNG,True,
assets/img/bg/1080/undertale_light.jpg,249211,e7863358dd7aa6728fd601f5483409280c99ee23e71523d7eb262e4c22ac9fb5,JPEG,background,1920,1440,RGB,JPEG,False,
assets/img/bg/1080/undertale_light_clear.png,773445,343f88cafaeaa2ef7e4c08c41fa70572d7455626955ccabf74e14e408e987671,PNG,background,1920,666,RGBA,PNG,True,
assets/img/bg/1080/viciousheroism3.jpg,905529,ffedd92dad0702178e6c869be42139193465ba21f1e00f2beb051b7752e5d80f,JPEG,background,1920,1440,RGB,JPEG,False,
assets/img/bg/1080/virtualsingers_conflict.jpg,522862,de74e6de89157460f716a9420e4a815810960b704d83409a21e0471f66b6740a,JPEG,background,1920,1440,RGB,JPEG,False,
assets/img/bg/1080/virtualsingers_conflict_clear.png,854553,3fe73ef6e436a07e61dbee01f0bfdda47711249c4e16bdbda922bdb383fbbb55,PNG,background,1920,699,RGBA,PNG,True,
assets/img/bg/1080/virtualsingers_light.jpg,819056,3f9cdf5940a6efff477bca1e1bdf383b0b1ab19d0457636760a667f99a7df407,JPEG,background,1920,1440,RGB,JPEG,False,
assets/img/bg/1080/virtualsingers_light_clear.png,720083,3fe9eaf89c9e88251994868ff84f6040e7bce06f8c1041e1abd6bbc74b37fbec,PNG,background,1920,699,RGBA,PNG,True,
assets/img/bg/1080/virtus.jpg,499582,e563b130da7a27f2af17882cc10c56b067dc142e87e8fb0d49a737bf8d9042cc,JPEG,background,1920,1440,RGB,JPEG,False,
assets/img/bg/1080/virtus_clear.png,1395166,06973c29aacde3b9a41d08531386739c0f69c864389d48df75f18070b87d3036,PNG,background,1920,719,RGBA,PNG,True,
assets/img/bg/1080/vs_conflict.jpg,333128,d93688277771c70b1bd762c965e69a24b84912dee7dd27837b4c18a7d0a09f4c,JPEG,background,1920,1440,RGB,JPEG,False,
assets/img/bg/1080/vs_conflict_clear.png,1325815,5d1d6b0e30c30f11678ff79ab15a3972200a2caa7d60d8626b83842bf944ed80,PNG,background,1920,717,RGBA,PNG,True,
assets/img/bg/1080/vs_light.jpg,390260,15296acb5d6b6e7d9ccb5edfa70362365a5cf02c6da28e0871c7f02e43c6e2bd,JPEG,background,1920,1440,RGB,JPEG,False,
assets/img/bg/1080/vs_light_clear.png,853084,fce05fbbd104842fd2b29ee2f8b32a80d975da3408b6cabd4b938ff7e2cf4471,PNG,background,1920,720,RGBA,PNG,True,
assets/img/bg/1080/vulcanus.jpg,298060,c9c941eba138de7ad9a677bdc87cdb3a611a415bb3b1c99db6009e94d7cb4bdf,JPEG,background,1920,1440,RGB,JPEG,False,
assets/img/bg/1080/vulcanus_clear.png,1335721,1a2242d4797abb24991c377f8bc724c5172326cb878bb6310f5fd00bbd1c7b21,PNG,background,1920,716,RGBA,PNG,True,
assets/img/bg/1080/wacca_boss.jpg,431169,10d0efeb4ed7e4cc1b0544cad4eb1aa199de51f6843a89c104995b2dd43792a1,JPEG,background,1920,1440,RGB,JPEG,False,
assets/img/bg/1080/wacca_boss_clear.png,1536552,dd23efd2dfada9cb26dbe9450ddeffddcc2bd30dda0af419706daf486592da31,PNG,background,1920,720,RGBA,PNG,True,
assets/img/bg/1080/wacca_conflict.jpg,349804,75bc0d10d4d982eb0431ca9b45bb3df582cb7fb7320a6f245c85c3fbce529da8,JPEG,background,1920,1440,RGB,JPEG,False,
assets/img/bg/1080/wacca_conflict_clear.png,1536552,dd23efd2dfada9cb26dbe9450ddeffddcc2bd30dda0af419706daf486592da31,PNG,background,1920,720,RGBA,PNG,True,
assets/img/bg/1080/wacca_light.jpg,404455,d99ecd298100119497178324deb208fd92b84d7efdee4308cdd4a178798d86f2,JPEG,background,1920,1440,RGB,JPEG,False,
assets/img/bg/1080/wacca_light_clear.png,1536552,dd23efd2dfada9cb26dbe9450ddeffddcc2bd30dda0af419706daf486592da31,PNG,background,1920,720,RGBA,PNG,True,
assets/img/bg/1080/xterfusion.jpg,617437,c13f2cf4b255d355a4d163f5be5728871cf0ea8f948af74a339311a9608d2f16,JPEG,background,1920,1440,RGB,JPEG,False,
assets/img/bg/1080/xterfusion_clear.png,1002511,1d3981db9d68b695d04ca545ed778da925da5c0eb070704a66c090234b60a2dd,PNG,background,1920,540,RGBA,PNG,True,
assets/img/bg/1080/yugamu.jpg,488757,24cb1ae5045c226bc9fb94904b7c97b417bca392d107771ab6a16b9f8cc742e8,JPEG,background,1920,1440,RGB,JPEG,False,
assets/img/bg/1080/zettai.jpg,365005,2bb0d7b1ff6b74af8a3b06261a235830be5144de60c1cde4fde9026ff8ac3fe6,JPEG,background,1920,1440,RGB,JPEG,False,
assets/img/bg/1080/zettai_clear.png,861384,6d96141f034ae93ea85608b0312706d38720544ed64edacf391e763ee5f83238,PNG,background,1920,720,RGBA,PNG,True,
assets/img/bg/1080/zettai_light.jpg,372557,0542e97ed7f765774b89cb193f30e00bc881f695ea8b706fbf3204dbd6f0e9eb,JPEG,background,1920,1440,RGB,JPEG,False,
assets/img/bg/1080/zettai_light_clear.png,960395,cd737a57841a019e452fa924bcc4c80e846855ca762adb9dd542baf5eaba595d,PNG,background,1920,400,RGBA,PNG,True,
assets/img/bg/bg_darken.png,104935,84d6780c84acb8c9750ae28b62a2e42fe7e112d029cc9c033dd81eb2ab6e636d,PNG,background,1024,1024,P,PNG,True,
assets/img/bg/diamond.png,149738,95dec88878bc01273db8526fc0713812aceba89fd716e4d29658868cf91385f3,PNG,background,800,407,RGBA,PNG,True,
assets/img/bg/diamond_shiawase.png,147797,829f076ce2dd2d9cae34f44a8eea630c8157d1f7cc2e104f275d155f0bc7d646,PNG,background,835,418,RGBA,PNG,True,
assets/img/bg/macula_conflict_wall.png,14606,005920313772ae94a94c1a43e110ba7e62c665f45bccb080c54e5c6de2edba3e,PNG,background,128,1024,RGBA,PNG,True,
assets/img/bg/macula_light_wall.png,43713,95240021ba2a5d500ed99627d0171448172cb839ed704fc52cce51b9ff6d661c,PNG,background,128,1024,RGBA,PNG,True,
assets/img/bg/ongeki_conflict_diamond.png,853199,4d43e53b50e82302287e726bc96b79bdb3dc005b1cccf1ba0ce63d29a3ca60fc,PNG,background,1281,480,RGBA,PNG,True,
assets/img/bg/single2_line_conflict.png,2291,08c0d273fbe75ca32ef501ea6690dbdbf524f528aa6a771f0dfb5cda864da0bb,PNG,background,128,512,P,PNG,True,
assets/img/bg/single2_line_light.png,1216,f6ad3c1bae1dcdc8dce38783fd5043f65e5020febdda5d9973796f2fa31fbe52,PNG,background,128,512,P,PNG,True,
assets/img/bg/single_line_conflict.png,6083,e5cbd0885c24d00920389f585ce6870a4ea49a60cb32fd439cc5e633cb1a7617,PNG,background,128,512,P,PNG,True,
assets/img/bg/single_line_light.png,22826,c6c592cf99c0dd4284e880ca9eb4eee83dcb1e05e7df3f3d7fe6eef302062aea,PNG,background,128,512,RGBA,PNG,True,
assets/img/bg/touhou_bullet_wall.png,35930,526cf88e9699b1735cc89868c7edf397e60c7f18d1ce6131443d86c636a8d6bf,PNG,background,128,512,RGBA,PNG,True,
assets/img/bg/touhou_light_wall.png,37449,64d57e58944486db6c3aba23e92fbe0c7cf3de9ebdd38f262901f19bbb8ebfae,PNG,background,128,512,RGBA,PNG,True,
assets/img/bg/triangle_light.png,11946,cc42b028c81bf70ad9c844d6e0d1006fcb69522f64403fbfcebfaac45703c335,PNG,background,800,407,P,PNG,True,
assets/img/bg/undertale_conflict_wall.png,27903,c31ab6ba00fd58a144ab02ac5fbc46fcd5ef17bf80911a3a2ceb8bd6242d8b50,PNG,background,128,512,RGBA,PNG,True,
assets/img/bg/undertale_light_wall.png,27419,e179942fe899283defcc4859359df54842a2d6401d3133b87630c4aba1bb0b47,PNG,background,128,512,RGBA,PNG,True,
assets/img/bg/undertale_megalovaniarmx_wall.png,47112,66f26e571b2e3dcbd6729fdd3487eb0278cfaebaf05e0851324812bfb600ceaa,PNG,background,128,512,RGBA,PNG,True,
assets/img/bg/undying_macula_conflict_clear.png,1468770,b87cb32dad11354251ed0c9e35ffb791ef905796b419348268d7bedb9def6c97,PNG,background,1920,720,RGBA,PNG,True,
assets/img/bg/undying_macula_diamond.png,478628,ba56a2e64184c9188d7051970f8d4f6a38c20b9bab79f3b7ad3c227d25dd3c84,PNG,background,1920,1440,RGBA,PNG,True,
assets/img/bg/undying_macula_diamond_dark.png,475121,ee40fcacc13728abe32afc6f1800eb357ac4d0a154337e7b6e6a5f3978f580b4,PNG,background,1920,1440,RGBA,PNG,True,
assets/img/bg_byd_dark.jpg,286346,0f424fc039fd46df49065c95dc35d3ae3094133e2be9858e5ce098b03cdc14c9,JPEG,ui-or-game-image,1280,960,RGB,JPEG,False,
assets/img/bg_byd_light.jpg,242072,ce10940a6c5270e871874d20bf0cddd12e6de93924dd710407205ff6a881845f,JPEG,ui-or-game-image,1280,960,RGB,JPEG,False,
assets/img/bg_colorless.jpg,179715,1e77f61fd30a5102b87061c8b735ff0cc67c9cb0768faf40cae099c48009d865,JPEG,ui-or-game-image,1280,960,RGB,JPEG,False,
assets/img/bg_glow_byd_dark.png,212,c49200e341110ecf4dcfb6bf6ccd0f7cbcb7893f9020381fe8b804693bf1f6cd,PNG,ui-or-game-image,1,394,RGBA,PNG,True,
assets/img/bg_glow_byd_light.png,251,6e7870767b7b58aaa9e02460bcc6ba419ad71cc0598c6f201022a8c1a2c330f9,PNG,ui-or-game-image,1,303,RGBA,PNG,True,
assets/img/bg_glow_colorless.png,160,0e0f3dbcba7ff51a15d81d32aad39f510ac76696f3a668c027c0e430e1b48983,PNG,ui-or-game-image,1,303,RGBA,PNG,True,
assets/img/bg_glow_dark.png,218,d2b881a96ef6606bd6d69bfd9850d2ffcf61808edb6fac1b44340d323357dea3,PNG,ui-or-game-image,1,394,RGBA,PNG,True,
assets/img/bg_glow_lephon.png,1225,af4546531904af5e14a01e5c905ec3a24b23ca0c39ceaacd90fb052aee5dc28c,PNG,ui-or-game-image,1,303,RGBA,PNG,True,
assets/img/bg_glow_light.png,172,182b358e93df69a359caa23739e8e9dfaced8981dee281e192b36962b8f77bae,PNG,ui-or-game-image,1,303,RGBA,PNG,True,
assets/img/bg_light.jpg,594222,528dad769b2f9cd0611641ecd86ec84c19839e13052d9101edaea2b7a7532180,JPEG,ui-or-game-image,1286,965,RGB,JPEG,False,
assets/img/bg_shadow.png,394247,054437101d4614e7c9baefc047bcf07f023d21eff11d66cae6e0345efabce69d,PNG,ui-or-game-image,947,965,RGBA,PNG,True,
assets/img/bg_song_adjust.png,28411,a135362e6e77dc1669e658dd2319854b2cf1efa4074fba6b2a061ae2c993ce40,PNG,ui-or-game-image,241,99,RGBA,PNG,True,
assets/img/bgshape-pause-multiplayer.png,77588,bf952b3e36bcdaa9ca061d44a29bb1cd69ba17d34416ab0f0f23beba83f78476,PNG,ui-or-game-image,1708,367,RGBA,PNG,True,
assets/img/bgshape-pause.png,25805,6b81ee656cd4766eecb40cff8265d391f05e854885a1b289d11476adb25e18fd,PNG,ui-or-game-image,1708,225,RGBA,PNG,True,
assets/img/book.png,7710,aa9838aeb2d4815b807280dfa1d9ed82213d565be527f7bdcaa19bc3b48f17b6,PNG,ui-or-game-image,104,95,RGBA,PNG,True,
assets/img/book_glow.png,10626,59b536d74a825b7a0020dca25fa09bea0e56db429f57f5d713b6264f56f823ef,PNG,ui-or-game-image,104,95,RGBA,PNG,True,
assets/img/breached/breached_back_button.png,46325,7d24733f420d69ef7ec03738cc3f5589ee94a484756bcd5d68c9f72ba1e93564,PNG,ui-or-game-image,323,97,RGBA,PNG,True,
assets/img/breached/breached_back_button_pressed.png,45884,b749bdb3ef9c11038d5eca39c5c99960c1718ad8f4415131c9ce9e51875977d3,PNG,ui-or-game-image,323,97,RGBA,PNG,True,
assets/img/breached/res_scoresection_breached.png,293791,e443248595c2781cebf95b14ca71b2ca50f3eeefa9986dafc3ad7b3381d6049d,PNG,ui-or-game-image,776,431,RGBA,PNG,True,
assets/img/burst.png,222910,fdfaba93a7e97d9c450bb673eff75e4f7fa39a9208b383fce89265b9ac96914c,PNG,ui-or-game-image,1286,1286,RGBA,PNG,True,
assets/img/burst_blue.png,271820,dd919f7d41894975e5114ad580ee54fbab96a4ea99a4b1c4213b226ecb3f53cd,PNG,ui-or-game-image,1286,1286,RGBA,PNG,True,
assets/img/burst_mini.png,26294,c5877d1a137a6d53e90463170c117b06766e94d6276ef2b3a96d5a7b6518ccbc,PNG,ui-or-game-image,322,322,RGBA,PNG,True,
assets/img/byd_chain_5.png,108991,76d26c1623180c21f53b509f2c3e90fda448b4158a0d0ee59f2485e49e29108a,PNG,ui-or-game-image,753,109,RGBA,PNG,True,
assets/img/byd_chain_arrow.png,3136,060bdc0644c5cca621ebaf206902b42dc42cf6f1505be0d646a1880ee934c689,PNG,ui-or-game-image,49,66,RGBA,PNG,True,
assets/img/byd_chain_locked.png,29687,fe8b0ff2e4bc89e9e155020665d8e4a0083eee1bd600ce86ab6aaa00afed6899,PNG,ui-or-game-image,132,132,RGBA,PNG,True,
assets/img/byd_chain_unknown.png,29668,81a7f9edeff492e82188ff2be20afcbee212803c8a91d9edca33bcd0e9c4f3fd,PNG,ui-or-game-image,132,132,RGBA,PNG,True,
assets/img/byd_scenery_map.png,188306,24a324a0c333f557a416e34e9d4d7331a9750cdacaca7c81a29616bf01d131b0,PNG,ui-or-game-image,402,402,RGBA,PNG,True,
assets/img/bypass_awaken.png,4782,7efb5a73c857fd0d8303e7977528e1b122a5be79cd1c15d65171693f78b726ab,PNG,ui-or-game-image,200,200,RGBA,PNG,True,
assets/img/bypass_awaken_pressed.png,7068,8e8896146b253ef6226f6076277e6a9ebf83fe355ef46325196999d83ef0d8ae,PNG,ui-or-game-image,200,200,RGBA,PNG,True,
assets/img/card_mask.png,5944,577a61c2a85a3aa4e4a632ebce8310b5b905bf86625e9e340dec6fc4588ffb54,PNG,ui-or-game-image,1546,447,RGBA,PNG,True,
assets/img/caution_icon_var1.png,1538,c54d90423df59716da0f856a61be84e40cd0fe1755cdd6f7cb8dbc4e9db55e4e,PNG,ui-or-game-image,43,42,RGBA,PNG,True,
assets/img/caution_icon_var2.png,2427,bd7e0c3ce1a088aeaa75d4f965ea030d4ad425ab25053c899f0bc7548e1e4597,PNG,ui-or-game-image,241,42,RGBA,PNG,True,
assets/img/char_icon_border.png,3761,46828e96c9d25323c810db21eeb079d3b334a91aa96ea874ba1b5dfe3c0a664c,PNG,ui-or-game-image,149,150,RGBA,PNG,True,
assets/img/char_icon_border_pressed.png,3879,8f83634a3ce51853ddfad6e6a357afc28bed511570aadb3276a4c067aecf4de0,PNG,ui-or-game-image,150,150,RGBA,PNG,True,
assets/img/chara_overflow_back.png,11026,361e561357e14441ba65fe14218cccd3d9bcc203a1b3a5dc6a5e48defb08e3ce,PNG,ui-or-game-image,267,268,RGBA,PNG,True,
assets/img/character_selected.png,26377,7af5b2a0db1f92ae3aaf6c0226127dfc25e4ecade2c24a24a2397d1042abede4,PNG,ui-or-game-image,204,204,RGBA,PNG,True,
assets/img/clear_fail.png,76545,d35ebb2375040be322fe58eba7e6d6d189e62756cb3af5ee50e7b04614d6e9e7,PNG,ui-or-game-image,839,77,RGBA,PNG,True,
assets/img/clear_full.png,57291,953e1139aeb25be2eaa993eb6c5b688284eca69df8fdbd606d680275d18e3b18,PNG,ui-or-game-image,837,103,RGBA,PNG,True,
assets/img/clear_normal.png,65620,f54e7b04e0e46c0695bc392a4326698510cfd986e174922fc04fe82d6566b3f0,PNG,ui-or-game-image,839,77,RGBA,PNG,True,
assets/img/clear_pure.png,65685,df07d5b5c95875350b3c76d42145e43c6c8b585153298503560f7033382e3226,PNG,ui-or-game-image,837,103,RGBA,PNG,True,
assets/img/clear_type/easy.png,4528,015762c998c80540bcdf60abf05204d01413b5f37a63e144faf6bf024d887c34,PNG,ui-or-game-image,110,110,RGBA,PNG,True,
assets/img/clear_type/fail.png,2944,9de84b72ebff88d9e6a0c49f05d124fda5814a909c1358f31629006c7d56f2e5,PNG,ui-or-game-image,110,110,RGBA,PNG,True,
assets/img/clear_type/full.png,11159,c898d9bc967d47e1bd2c928ce36f06dc96fbc77666d14040daed51906204d021,PNG,ui-or-game-image,110,110,RGBA,PNG,True,
assets/img/clear_type/hard.png,4742,73881bf3480d7b4fe3af49ab2fa4601bd87a2555a09c2b8ebc6b53a6b0d838f7,PNG,ui-or-game-image,110,110,RGBA,PNG,True,
assets/img/clear_type/normal.png,4459,da2afcb8983c3617b512999265bd0b1df9f030a726b8f9bc1a446319a913bc59,PNG,ui-or-game-image,110,110,RGBA,PNG,True,
assets/img/clear_type/pure.png,12071,861e3e7f71541fd4589c89d7ede1488a701105f2c5b7ebb6a337ecc263fe6086,PNG,ui-or-game-image,110,110,RGBA,PNG,True,
assets/img/core_0.png,32556,49c7ca68b6c5a8dd7dec3505371d0a380b1df4fe2195641e0139b9c5caee71b6,PNG,ui-or-game-image,128,128,RGBA,PNG,True,
assets/img/core_1.png,26870,25bc41141c6426d74d445692f07c31b7ea21564a17dc674726815f95bba31ff2,PNG,ui-or-game-image,128,128,RGBA,PNG,True,
assets/img/core_10.png,18963,2bede8b32e385b3908de9f22120117996abd807d13472a5341aacd9340aac002,PNG,ui-or-game-image,128,128,RGBA,PNG,True,
assets/img/core_11.png,27038,d780358a38d9bcc6d0e757c04842c5b65a8eb1979d5eed19a2c95a8b95d33819,PNG,ui-or-game-image,128,128,RGBA,PNG,True,
assets/img/core_12.png,25864,cca80a16f6daf7a87a0c987232a1377abb7bc94d3561dfd9c3d344ec367eea32,PNG,ui-or-game-image,128,128,RGBA,PNG,True,
assets/img/core_13.png,22084,685b1f94a784342c61742420afd9227ada2bbb449fb2b622c3f769ab2dc22799,PNG,ui-or-game-image,128,128,RGBA,PNG,True,
assets/img/core_14.png,26604,d9f4804a26684aa170ab40903638dad8fc49819b6de10768545d277b97d002a7,PNG,ui-or-game-image,128,128,RGBA,PNG,True,
assets/img/core_15.png,24454,55f167832e1e375ecd0ab035e106c409a49b4550a827310f24f88b290a20ea76,PNG,ui-or-game-image,128,128,RGBA,PNG,True,
assets/img/core_16.png,31883,376bec98de9655c6ea8c44e74cb2297013714651b5e860a30521679ee646b430,PNG,ui-or-game-image,128,128,RGBA,PNG,True,
assets/img/core_17.png,2477,d104faee2a828b192a94f1a27c878e1e861661ccf739a58c99cdc91d00f850ad,PNG,ui-or-game-image,128,128,RGBA,PNG,True,
assets/img/core_2.png,33144,4856a8f0e727e4b0af098f242d93242f8dd4f45815dff4b9505be86037e589f3,PNG,ui-or-game-image,128,128,RGBA,PNG,True,
assets/img/core_3.png,24130,910ea5b7d052f0bcc64ea2e258286cf334cfa9fe6aa68d5bd7d3326915883e68,PNG,ui-or-game-image,128,128,RGBA,PNG,True,
assets/img/core_4.png,18395,1e21b8fc4203161899096eb7d997b84177847f529136884ad91af2d953832145,PNG,ui-or-game-image,128,128,RGBA,PNG,True,
assets/img/core_5.png,29702,86f437a361a137cf2dc20fa5e569016cc0739e5fea84d8c82dda622243be22f8,PNG,ui-or-game-image,128,128,RGBA,PNG,True,
assets/img/core_6.png,36543,819604c38b6e5a89e397082865a16e886a607368b827a4030539e8908b14e4d4,PNG,ui-or-game-image,128,128,RGBA,PNG,True,
assets/img/core_7.png,22293,f549716cd2f6b42d68e1e6b8330998033175da13a6a1373b1bb0468d36786e87,PNG,ui-or-game-image,128,128,RGBA,PNG,True,
assets/img/core_8.png,22215,33f6d5291aaf355dc34f3d4b9cc6177c657bd2a259c951599f0a230fd0c84f2a,PNG,ui-or-game-image,128,128,RGBA,PNG,True,
assets/img/core_9.png,20377,3c065455596e26c3e51d553b221eb4238632aed11ce328c04ff89c7f83c45ba8,PNG,ui-or-game-image,128,128,RGBA,PNG,True,
assets/img/core_bypass.png,34291,c9e85172871857ad3491239e8f5a079bb0e20780a5aa824014a3c1f987e6859b,PNG,ui-or-game-image,128,128,RGBA,PNG,True,
assets/img/course/1080/bg-shapes_dark.png,131986,09a547f22cb01404169206a46c7c2fb3b633ad8de199f67ab5197988655ffe54,PNG,ui-or-game-image,1724,277,RGBA,PNG,True,
assets/img/course/1080/bg-shapes_light.png,154060,2abc40ab5cd8a7566ad13636e0b19aef9216489a568aa846306e1f5e8957019f,PNG,ui-or-game-image,1724,277,RGBA,PNG,True,
assets/img/course/1080/bg_1.jpeg,941057,2125a8da7cd1f51333a50ab9f2449ef385265f6d3c8a2779aabfbfe3e288bf99,JPEG,ui-or-game-image,1920,3072,RGB,JPEG,False,
assets/img/course/1080/bg_2.png,802332,e79d497976fabd963ea2b252d19d42c1c1eea6f337c49b96e6af4ab25d91a55e,PNG,ui-or-game-image,1920,3072,RGBA,PNG,True,
assets/img/course/1080/bg_3.png,3280517,fb53c2f627b32ec9a92bd439a9c2e285af3cafc191893e576201c3756e984b9c,PNG,ui-or-game-image,1920,3072,RGBA,PNG,True,
assets/img/course/1080/bypass.png,46293,75c5e89113301c1cb569fe5185953fa3f73fa75cf8a7a4b3c52f8832ffda8c09,PNG,ui-or-game-image,423,122,RGBA,PNG,True,
assets/img/course/1080/dan-banner_01.png,149936,d30d4fdfdf2e2218bd6a51f3a59bd0105ff55c8c0fde04ac00c8e0ec4e59a3d0,PNG,ui-or-game-image,1681,78,RGBA,PNG,True,
assets/img/course/1080/dan-banner_02.png,242103,fa6b3f24424c0bbc08186b7a8390175aaa89d604572486481e2dc657cef93ec5,PNG,ui-or-game-image,1681,78,RGBA,PNG,True,
assets/img/course/1080/dan-banner_03.png,142403,3bf6fd0703ca23a6f0c5439e3d42598a1e37d7b6c8db7dd2cca8778cc0d370da,PNG,ui-or-game-image,1681,78,RGBA,PNG,True,
assets/img/course/1080/dan-banner_04.png,177180,43076d4cdcab6463131d1f71404f876854c29e05e94e0a577b4ec9866c0c9655,PNG,ui-or-game-image,1681,78,RGBA,PNG,True,
assets/img/course/1080/dan-banner_05.png,167626,6090b74333685b2854d041179c336b50e7587cadfdae5047b9f2592f1b326f82,PNG,ui-or-game-image,1681,78,RGBA,PNG,True,
assets/img/course/1080/dan-banner_06.png,213679,311dbca8d6b8aa680925ff06e02acdaf499974e28fdf318e91849d40abe05ec8,PNG,ui-or-game-image,1681,78,RGBA,PNG,True,
assets/img/course/1080/dan-banner_07.png,191880,d1542c04bcadc87af44b4c6f63ea7c9b369187c6ffdf8b3e20c4fb7aadf7b62f,PNG,ui-or-game-image,1681,78,RGBA,PNG,True,
assets/img/course/1080/dan-banner_08.png,195100,6343cd2ed50661b735a87a90831aa629e2ad378fe2a70482ed25ae1083507b3e,PNG,ui-or-game-image,1681,78,RGBA,PNG,True,
assets/img/course/1080/dan-banner_09.png,105276,3092a94f50fb3294967041cec3b02fd9b1fdf1e07d2b51ee51a59fc8a36467c4,PNG,ui-or-game-image,1681,78,RGBA,PNG,True,
assets/img/course/1080/dan-banner_10.png,108597,0ac88a7c788e0c628b52f5c787f8818f8770277d5a795a44d0dfbe22c45d46b7,PNG,ui-or-game-image,1681,78,RGBA,PNG,True,
assets/img/course/1080/dan-banner_11.png,77698,d4647e374e2cb4fe19331163c23168422db86f13d6ed582b6a34e9b435f69c87,PNG,ui-or-game-image,1681,78,RGBA,PNG,True,
assets/img/course/1080/dan-banner_12.png,166744,bd5e8e0336ac71b43d74305db1ded8e063a6c2f331dd384674f6555869905c76,PNG,ui-or-game-image,1681,78,RGBA,PNG,True,
assets/img/course/1080/diff-beyond.png,6011,9196fa9ce0217e32f96e7d5516c73f5742930aa8b4d30f12e93ef58252a67942,PNG,ui-or-game-image,67,68,RGBA,PNG,True,
assets/img/course/1080/diff-eternal.png,9096,497492d4f070d5cef720eabdd6338d586d1fe3fd6334fc2bb51c2379f5189cef,PNG,ui-or-game-image,75,75,RGBA,PNG,True,
assets/img/course/1080/diff-future.png,5439,b48eea91433fe12735a47bf886087246ab25d48328c0f5a84fbc63a7c362150e,PNG,ui-or-game-image,71,71,RGBA,PNG,True,
assets/img/course/1080/diff-past.png,5592,8005a822ccf924f430602d7e2a9710afd47c9bc03944686a5ced4ee7a7d4a2bf,PNG,ui-or-game-image,71,71,RGBA,PNG,True,
assets/img/course/1080/diff-present.png,5871,6a4d0aa58a9de25e04f4eac0569387f032ea881674518c6901f405199ab083e7,PNG,ui-or-game-image,71,71,RGBA,PNG,True,
assets/img/course/1080/hidden.png,416080,e641e246baf386f98adab3f180a1ae009ec613f7435602ad7adff9a97bab6d1e,PNG,ui-or-game-image,1754,343,RGBA,PNG,True,
assets/img/course/1080/multiplier-dark.png,3693,76d33395d9e17966f13c6482311780134921a7ec5264b8c10c9081d526c7f746,PNG,ui-or-game-image,78,77,RGBA,PNG,True,
assets/img/course/1080/multiplier-light.png,3904,25ca485c0e85603e176cdb4f9accbae866d4a29728714fb1e1e7c8d26f64e49a,PNG,ui-or-game-image,78,77,RGBA,PNG,True,
assets/img/course/1080/packshape-pressed.png,78021,bc9b03ed474460fe0fb3c2f3dbb922396672666941bfd50504c637bb4c555d4b,PNG,ui-or-game-image,869,294,RGBA,PNG,True,
assets/img/course/1080/packshape.png,79088,1ba609618fe1143415a603475d7d9390219cde0ebc4c9aecd2d2ca3432ac58ba,PNG,ui-or-game-image,869,294,RGBA,PNG,True,
assets/img/course/1080/shutter/shutter-1-withoverlay.png,1792774,920158c9268b2793b1d23df353f788cd91ca68dc2409227e6d2e869c80b0cfd2,PNG,ui-or-game-image,1815,1440,RGBA,PNG,True,
assets/img/course/1080/shutter/shutter-2.png,1627737,10bfdd7a5cabba3c0a35d73843f5bc882bf7396791df84f7fe27df21775de983,PNG,ui-or-game-image,1920,1440,RGBA,PNG,True,
assets/img/course/1080/shutter/song-order_arrow.png,4414,1c8d75b1762124813b0cdefb387e6965edafcf916b0ad35e7e2b6ec373c45e38,PNG,ui-or-game-image,62,76,RGBA,PNG,True,
assets/img/course/1080/shutter/song-order_backing.png,9702,10fc5348fb16f1b32ef409fa0d17af32f8a56d71b9265b71668e204d2cc386dd,PNG,ui-or-game-image,1000,120,RGBA,PNG,True,
assets/img/course/1080/shutter/song-order_frame.png,27881,12e38f2a6825489e055a6e0e737650631803e19f7ee57193615d73311e8ae177,PNG,ui-or-game-image,113,113,RGBA,PNG,True,
assets/img/course/1080/shutter/song-order_frameselected.png,2017,aaf91a294a6cf0b0e4420450f7a45fbdcd3b44674db97286f1de45fc7f0fe5c7,PNG,ui-or-game-image,170,168,RGBA,PNG,True,
assets/img/course/1080/song-arrows-dark.png,3635,58bc0e694bf201f5b966fed124902f9bae3ffbc291278ba73b55763f423b5f1b,PNG,ui-or-game-image,55,64,RGBA,PNG,True,
assets/img/course/1080/song-arrows-light.png,4122,21cccebc3c2a3bb5aeb469f4b244f8c99b6b8c83228294fa586c0719ff7a5404,PNG,ui-or-game-image,55,64,RGBA,PNG,True,
assets/img/course/banner/course_banner_1.png,56085,3c4820776dd229f885a37c8e6e4bc2edbb023c29f588f6d7473ffbcc24998a09,PNG,ui-or-game-image,564,74,RGBA,PNG,True,
assets/img/course/banner/course_banner_10.png,49268,f51e967a6d85c8a92d546f504a095fe99375542bd2d831d3fa48deb94b57bca0,PNG,ui-or-game-image,564,74,RGBA,PNG,True,
assets/img/course/banner/course_banner_11.png,51374,7d4ca71a27d5ef6fc490e74b3b3b553df278b71479ebb4965a1b2c24ba5c2939,PNG,ui-or-game-image,564,74,RGBA,PNG,True,
assets/img/course/banner/course_banner_12.png,61202,02428c3bf0b059476eaa8f989b60554ad15af17d1e3781a07b3e043a8dfd30a2,PNG,ui-or-game-image,564,74,RGBA,PNG,True,
assets/img/course/banner/course_banner_2.png,88881,4a6d62e2cd2e7cd39517c6ed9b4e54e8fbccd230b2843e4ab1eb71f16e921f46,PNG,ui-or-game-image,564,74,RGBA,PNG,True,
assets/img/course/banner/course_banner_3.png,50946,4bf25fb3d81b95e14ff709f824e677cd9a2c20fe75c0c9c0f564841af496d31d,PNG,ui-or-game-image,564,74,RGBA,PNG,True,
assets/img/course/banner/course_banner_4.png,49155,5296f49f4a43124ce105fe14d7ba1c3b8c18b059cc987608054a6dc35267b1ab,PNG,ui-or-game-image,564,74,RGBA,PNG,True,
assets/img/course/banner/course_banner_5.png,57387,0c9ba3d679fd82f395716a51e570dd5b0a2e38045d8d3e5559aea387b6683efb,PNG,ui-or-game-image,564,74,RGBA,PNG,True,
assets/img/course/banner/course_banner_6.png,59614,a89a199d7fced314666c8449ed78efe4ba83e334d88a1b6d5ce0f9a54076d204,PNG,ui-or-game-image,564,74,RGBA,PNG,True,
assets/img/course/banner/course_banner_7.png,84108,abff565524c04a345d5dc1a6a3e74cf89f8ce79302e6953fc2684254ded08f77,PNG,ui-or-game-image,564,74,RGBA,PNG,True,
assets/img/course/banner/course_banner_8.png,83657,072c9fa2080d343a11faf5c46e1b9b9c477938e0ed51c8465d368514281eedef,PNG,ui-or-game-image,564,74,RGBA,PNG,True,
assets/img/course/banner/course_banner_9.png,43112,1cd690dab23fc867363201d87c0d493139de90028ed592047e0c020bd49c713c,PNG,ui-or-game-image,564,74,RGBA,PNG,True,
assets/img/course/banner/dark-diamond.png,2481,8269411cf0560ca6ffcfa568082f6f2e11a4d35597daefe2f6c628d40ab1d499,PNG,ui-or-game-image,58,58,RGBA,PNG,True,
assets/img/course/banner/light-diamond.png,2430,68c06e7de54002df115e11f0db605105950ba1d9b6861937dbdf416d3af55631,PNG,ui-or-game-image,58,58,RGBA,PNG,True,
assets/img/course/banner/mini/course_banner_1.png,8665,ed7dded9a29a6e3e7ca3c190ecfb954eeb6485ef528f419ccadcc6f1716361b3,PNG,ui-or-game-image,164,35,RGBA,PNG,True,
assets/img/course/banner/mini/course_banner_10.png,8671,e149bc298f53ecb0353db7e0742b36d3df37243c5a8e17e0867d83d936476255,PNG,ui-or-game-image,164,35,RGBA,PNG,True,
assets/img/course/banner/mini/course_banner_11.png,9334,98c779d907c6570c359797ebe64c7bfa1c65838c31abe71538aee05b188e2dd2,PNG,ui-or-game-image,164,35,RGBA,PNG,True,
assets/img/course/banner/mini/course_banner_12.png,12995,4c94fa7ab445d4f92514c8c2d7ebea088e9145dd169ecf849dc9aa1c7cca724d,PNG,ui-or-game-image,164,35,RGBA,PNG,True,
assets/img/course/banner/mini/course_banner_2.png,9487,ba01ff870839dfa27ec1d54d35b7e94e8bc7289e228debac82e0c25ed355c598,PNG,ui-or-game-image,164,35,RGBA,PNG,True,
assets/img/course/banner/mini/course_banner_3.png,7151,5c60364f86c5a29eac14f4324ac5f0c1c17e2fcf050d1050c4415563f88b77c7,PNG,ui-or-game-image,164,35,RGBA,PNG,True,
assets/img/course/banner/mini/course_banner_4.png,8112,ceb38616dd0f0de9461c642a434695eb2f9a02046352963d24e527333b581c00,PNG,ui-or-game-image,164,35,RGBA,PNG,True,
assets/img/course/banner/mini/course_banner_5.png,9652,463c6811769115e65d147fadf90b5b297206963101cd376de03707bf80bf81f5,PNG,ui-or-game-image,164,35,RGBA,PNG,True,
assets/img/course/banner/mini/course_banner_6.png,9484,529e391f2bb1e5edf2da882f4c384a91c02393bf974e0704ab50590153ecc85a,PNG,ui-or-game-image,164,35,RGBA,PNG,True,
assets/img/course/banner/mini/course_banner_7.png,9922,063a90b5a33f4c492a0aa8c5172b3375476a743886978bdb0d624ff3c1723bd6,PNG,ui-or-game-image,164,35,RGBA,PNG,True,
assets/img/course/banner/mini/course_banner_8.png,9916,d9b9f065e9e908e02ed5caca2e580610bce3ac1573458a419510b5806aa56e9e,PNG,ui-or-game-image,164,35,RGBA,PNG,True,
assets/img/course/banner/mini/course_banner_9.png,8923,5c63133598441cd4c364b995eb7f0bc7627f53777e06eaca3343baf61ebbaafb,PNG,ui-or-game-image,164,35,RGBA,PNG,True,
assets/img/course/banner/online_banner_2024_06.png,49681,e25ae1786963e64c085e71937f1582cddbb9a2cfa1d53122bc4a1b02386b8583,PNG,ui-or-game-image,564,74,RGBA,PNG,True,
assets/img/course/banner/online_banner_2024_07.png,58178,c8876177628cb7f5da052940fccc4f715c6bf7b2abd0cc0416b97f671101d5c8,PNG,ui-or-game-image,564,74,RGBA,PNG,True,
assets/img/course/banner/online_banner_2024_08.png,39091,4e879672adf2e3327a96233fe0607a13c4148c44dfdc3f748dd5cfd4abe3f4cf,PNG,ui-or-game-image,564,74,RGBA,PNG,True,
assets/img/course/banner/online_banner_2024_09.png,53157,4802b7cd9e449c52ed0cd01bc01e3a466ae6dec87f027d054f1d5d546c5a1a61,PNG,ui-or-game-image,564,74,RGBA,PNG,True,
assets/img/course/banner/online_banner_2024_10.png,48999,681ef3f7c5918b4d8985ae6e789b6e4d23cd351a3013f8173d638282c53b6b1a,PNG,ui-or-game-image,564,74,RGBA,PNG,True,
assets/img/course/banner/online_banner_2024_11.png,78160,7d2b1b9359c5163f1c42db1027f05174007568d358cba3f49f5a5fbb4bdb517e,PNG,ui-or-game-image,564,74,RGBA,PNG,True,
assets/img/course/banner/online_banner_2024_12.png,41274,97947c844f98e97226542bbbf1bf3ceb383e685209f1e99adc67d0ca57d92e80,PNG,ui-or-game-image,564,74,RGBA,PNG,True,
assets/img/course/banner/online_banner_2025_01.png,64015,9a60da2fed986a3aacef9948625ca0c45f00e0b62a2fddcf49b7e0d1a90dba83,PNG,ui-or-game-image,564,74,RGBA,PNG,True,
assets/img/course/banner/online_banner_2025_02.png,44576,aad2e08eca13f4bc2d7241b1ac0aeefdd3e90be8f915bb5da77e7e8d45e50d71,PNG,ui-or-game-image,564,74,RGBA,PNG,True,
assets/img/course/banner/online_banner_2025_03.png,41661,9fef932c810721d114c2edb9c79c08d70e03e672cb77490ab79856325672ba1b,PNG,ui-or-game-image,564,74,RGBA,PNG,True,
assets/img/course/banner/online_banner_2025_04.png,34462,cb4fe77b19bc8f24d9fcf616c9f16a1c01cf3876dca3c8b4718196d59b0d9f2c,PNG,ui-or-game-image,564,74,RGBA,PNG,True,
assets/img/course/banner/online_banner_2025_05.png,35609,ed10169e093c841dca89a02edc4bbebe7a67808bd18d2dfff859d214d03819a1,PNG,ui-or-game-image,564,74,RGBA,PNG,True,
assets/img/course/banner/online_banner_2025_06.png,44617,4df7e90fc6a16bbe2018902266f3dc893c63eee06a3a26a8a8ed38b13e0fad09,PNG,ui-or-game-image,564,74,RGBA,PNG,True,
assets/img/course/banner/online_banner_2025_07.png,50801,f2fc54c22a4d09143b8188919b6abd7925a5fd66ed2fee501bb1345778496c01,PNG,ui-or-game-image,564,74,RGBA,PNG,True,
assets/img/course/banner/online_banner_2025_08.png,38535,a9638925755f4727b921b0aca95527233d2c053e8dc09a888b99c1e3feb327b7,PNG,ui-or-game-image,564,74,RGBA,PNG,True,
assets/img/course/banner/online_banner_2025_09.png,72881,ca36037f6f063e2c3ea163e238b48c0442fcbd8347962c2aaeeb40f690259fe3,PNG,ui-or-game-image,564,74,RGBA,PNG,True,
assets/img/course/banner/online_banner_2025_10.png,37633,44da4b9b5d44a4e041be141365678402d467fc856e9f788485f59a837d6651ef,PNG,ui-or-game-image,564,74,RGBA,PNG,True,
assets/img/course/banner/online_banner_2025_11.png,46422,debc11a0f670afe95a8046d7d8550dfb16d084a92ece8f0180abe2cae9f26725,PNG,ui-or-game-image,564,74,RGBA,PNG,True,
assets/img/course/banner/online_banner_2025_12.png,76067,4c80152742d4e18a903a4d960f49cb2d559f56677070e4699090d136ca70bf16,PNG,ui-or-game-image,564,74,RGBA,PNG,True,
assets/img/course/banner/online_banner_2026_01.png,28892,e299ad0ca854135de2903f792a3abba994dece9680b5131317ea4afc346c5d08,PNG,ui-or-game-image,564,74,RGBA,PNG,True,
assets/img/course/banner/online_banner_2026_02.png,53595,15205314d8b2d3bd1cedcbcbcd8e2bcbafb703eded87543d5501ad31f46715ab,PNG,ui-or-game-image,564,74,RGBA,PNG,True,
assets/img/course/banner/online_banner_2026_03.png,37849,7060b2700eb4c7c949f4855740ace298d4e8fed7b61e73137ac4826bc8aeb5d6,PNG,ui-or-game-image,564,74,RGBA,PNG,True,
assets/img/course/banner/online_banner_2026_04.png,43307,d783b8d5b9aab69662cf25aaaa2ce60b9affcb02540a96ab26c9a9180924f780,PNG,ui-or-game-image,564,74,RGBA,PNG,True,
assets/img/course/banner/online_banner_2026_05.png,53189,4ae34f7cd8fc34ad18a2cf46c10b98c8d7ef95f0d0615df9fae4655fc3cbf880,PNG,ui-or-game-image,564,74,RGBA,PNG,True,
assets/img/course/banner/online_banner_2026_06.png,63656,a3ae907c873eda92f4cd46d03353ffd2c340da6f6c1a7af9e2a66eaec68bc317,PNG,ui-or-game-image,564,74,RGBA,PNG,True,
assets/img/course/banner/online_banner_2026_07.png,59508,199b1ead50120083d556cbb14b2ea6da190b5307f459f9181cb672d1e88d7459,PNG,ui-or-game-image,564,74,RGBA,PNG,True,
assets/img/course/banner/online_banner_2026_08.png,54771,bab2a424df5e8d41f514e9666865d4a6b7699ab299f8a33d0c61e16148d5442d,PNG,ui-or-game-image,564,74,RGBA,PNG,True,
assets/img/course/banner/online_banner_2026_09.png,49909,e5f66c2ce689d75af4cebdbffc38bc60d60cb98dec4352facd21d53837eec5b5,PNG,ui-or-game-image,564,74,RGBA,PNG,True,
assets/img/course/expando/dan-banner-accent-left_01.png,1326,d3786c563509b1f21d8346da74cffb17d19816f71f92acc305f6f762f67877f7,PNG,ui-or-game-image,149,52,RGBA,PNG,True,
assets/img/course/expando/dan-banner-accent-left_02.png,1544,3bc2a97895376a4dd46611400fbfcf79f3d5ce4b1662e1b7c684ad793b487cc4,PNG,ui-or-game-image,149,52,RGBA,PNG,True,
assets/img/course/expando/dan-banner-accent-left_03.png,1723,6884f2fd76b9cba2ab795e88f76120ea92ed999a501226f9b05f9d5d3b3efcf9,PNG,ui-or-game-image,149,52,RGBA,PNG,True,
assets/img/course/expando/dan-banner-accent-left_04.png,1757,5cfbf7f57fbadeb23e8dd65bd5a61984e35a77307dc3685d94d65de4b51dcfd8,PNG,ui-or-game-image,149,52,RGBA,PNG,True,
assets/img/course/expando/dan-banner-accent-left_05.png,1958,19a8f770354c3dab7d2534b90021abecd404f5d008b52cf0db43caca90b527ba,PNG,ui-or-game-image,149,52,RGBA,PNG,True,
assets/img/course/expando/dan-banner-accent-left_06.png,2096,cc10f4c0f2d584fcc08188bcce000575f6d5c72101f813447a2ce33c0f7787ec,PNG,ui-or-game-image,149,52,RGBA,PNG,True,
assets/img/course/expando/dan-banner-accent-left_07.png,1472,3e14771ec288bd34f4ae98843e5cb6137ec0565336f60cccbede439f398eedd2,PNG,ui-or-game-image,149,52,RGBA,PNG,True,
assets/img/course/expando/dan-banner-accent-left_08.png,1058,031eb0e0ea5f8e7f3086585f25c2e9349c54ea3c7798549598c94b4299d94a15,PNG,ui-or-game-image,149,52,RGBA,PNG,True,
assets/img/course/expando/dan-banner-accent-left_09.png,1058,031eb0e0ea5f8e7f3086585f25c2e9349c54ea3c7798549598c94b4299d94a15,PNG,ui-or-game-image,149,52,RGBA,PNG,True,
assets/img/course/expando/dan-banner-accent-left_10.png,1277,e291985623ec18197c11a071d960fe63b0e1f04cf49fd87256d135e84c2d097a,PNG,ui-or-game-image,149,52,RGBA,PNG,True,
assets/img/course/expando/dan-banner-accent-left_11.png,1462,43454c013c266430b1e1d8dfb9842262bff9eb0b9642941da3457558ed3c6a50,PNG,ui-or-game-image,149,52,RGBA,PNG,True,
assets/img/course/expando/dan-banner-accent-left_12.png,1462,43454c013c266430b1e1d8dfb9842262bff9eb0b9642941da3457558ed3c6a50,PNG,ui-or-game-image,149,52,RGBA,PNG,True,
assets/img/course/expando/dan-banner-accent-middle_01.png,131,f9d0c6d8e7d49f73fefc79b33e0db3d76ec2ef414bbfbaf191826abf7d99a88c,PNG,ui-or-game-image,1,52,RGBA,PNG,True,
assets/img/course/expando/dan-banner-accent-middle_02.png,133,7cba41102685a7ccaae538427d50287ecd5ca66f2a75009951075146f4628cef,PNG,ui-or-game-image,1,52,RGBA,PNG,True,
assets/img/course/expando/dan-banner-accent-middle_03.png,134,a774ed539befec5d4838639dd81e921e48c7fb21d60ce0e9a8660c9a8fdb1e39,PNG,ui-or-game-image,1,52,RGBA,PNG,True,
assets/img/course/expando/dan-banner-accent-middle_04.png,135,c4a9d94e42163bf400994e2a2832861778cb9b3d9bc448c04f64410c59ced6ec,PNG,ui-or-game-image,1,52,RGBA,PNG,True,
assets/img/course/expando/dan-banner-accent-middle_05.png,133,1ae73733bcf2bc450daa61f412614595aae0e13b689e751eedcaa5913db51180,PNG,ui-or-game-image,1,52,RGBA,PNG,True,
assets/img/course/expando/dan-banner-accent-middle_06.png,133,98f6a4b016d65cba45354a6f5b4f67be87f82c94a20526aa8702c46e8f2e7fe0,PNG,ui-or-game-image,1,52,RGBA,PNG,True,
assets/img/course/expando/dan-banner-accent-middle_07.png,133,a3005769f46ec6932ecd705a63cc9b412910fdb439fb272ef89b27c628e8c55a,PNG,ui-or-game-image,1,52,RGBA,PNG,True,
assets/img/course/expando/dan-banner-accent-middle_08.png,132,15b0940c5b46b220b6cb36cf809de7254f222c8522f614d867df75e05b4491a9,PNG,ui-or-game-image,1,52,RGBA,PNG,True,
assets/img/course/expando/dan-banner-accent-middle_09.png,132,15b0940c5b46b220b6cb36cf809de7254f222c8522f614d867df75e05b4491a9,PNG,ui-or-game-image,1,52,RGBA,PNG,True,
assets/img/course/expando/dan-banner-accent-middle_10.png,132,8d7988422d3567c2f1dff25ce9fbf5434b4b5127bcceb6c4b1e72a8689bca921,PNG,ui-or-game-image,1,52,RGBA,PNG,True,
assets/img/course/expando/dan-banner-accent-middle_11.png,132,6ddff920afcabb248f185cdf4bcb0e80115312bed2b6b88eb671784334b276b4,PNG,ui-or-game-image,1,52,RGBA,PNG,True,
assets/img/course/expando/dan-banner-accent-middle_12.png,132,6ddff920afcabb248f185cdf4bcb0e80115312bed2b6b88eb671784334b276b4,PNG,ui-or-game-image,1,52,RGBA,PNG,True,
assets/img/course/expando/dan-banner-accent-right_01.png,1486,f49829107ee3d31950152ff91a656e33f723b37e7ccfe58e35e3afcf6d357c13,PNG,ui-or-game-image,149,52,RGBA,PNG,True,
assets/img/course/expando/dan-banner-accent-right_02.png,1794,430f2834497030e930c0d43803b44be759aa3c8dea9304f7d4cc21497e3339db,PNG,ui-or-game-image,149,52,RGBA,PNG,True,
assets/img/course/expando/dan-banner-accent-right_03.png,2294,0d1d1f764e807182bc65ed410bb8bf9203c3629acc08ba231c8ce320e5613986,PNG,ui-or-game-image,149,52,RGBA,PNG,True,
assets/img/course/expando/dan-banner-accent-right_04.png,2007,6bb4db518bd8b4d18e469c565e403697f9c6df06f49df97ad3880d0ff0c846cd,PNG,ui-or-game-image,149,52,RGBA,PNG,True,
assets/img/course/expando/dan-banner-accent-right_05.png,2100,2a3d3d11a824d3b3bb5680db6cde7ee8e7bf346b871ef675f7fb3ef3e0da2288,PNG,ui-or-game-image,149,52,RGBA,PNG,True,
assets/img/course/expando/dan-banner-accent-right_06.png,2156,1fb67f0beeb921adc38d830a1bdec4a8364dabedf533fb7487537db6cd43bdc6,PNG,ui-or-game-image,149,52,RGBA,PNG,True,
assets/img/course/expando/dan-banner-accent-right_07.png,1784,5819ac408d401150984b2a878a19386fad0b135648d1e4113a5e695400e6011e,PNG,ui-or-game-image,149,52,RGBA,PNG,True,
assets/img/course/expando/dan-banner-accent-right_08.png,1278,409053538fb82b0f5fd4314f85421eea0c4c3fd10667348716f62d68637b69df,PNG,ui-or-game-image,149,52,RGBA,PNG,True,
assets/img/course/expando/dan-banner-accent-right_09.png,1278,409053538fb82b0f5fd4314f85421eea0c4c3fd10667348716f62d68637b69df,PNG,ui-or-game-image,149,52,RGBA,PNG,True,
assets/img/course/expando/dan-banner-accent-right_10.png,1416,8d0b9829126d8eb4a54e9968007c46dcd497de2a4b65ace2bf7d6471e6473645,PNG,ui-or-game-image,149,52,RGBA,PNG,True,
assets/img/course/expando/dan-banner-accent-right_11.png,1694,965e65fc15169726c621cda965c0d455162d2192ba7ce40b62d317369672d6b9,PNG,ui-or-game-image,149,52,RGBA,PNG,True,
assets/img/course/expando/dan-banner-accent-right_12.png,1694,965e65fc15169726c621cda965c0d455162d2192ba7ce40b62d317369672d6b9,PNG,ui-or-game-image,149,52,RGBA,PNG,True,
assets/img/course/favorite-tutorial-single.png,331035,fd8ac7c6700368a6ab778d2a6e82cb7de0ec802af359528669d93ed3acc77c4a,PNG,ui-or-game-image,1047,209,RGBA,PNG,True,
assets/img/course/favorite-tutorial-swipe.png,12188,448a60e1ada79aaa04383d38003404e4e3f7144949ac3451fa3dc85a5be02644,PNG,ui-or-game-image,153,125,RGBA,PNG,True,
assets/img/course/hp-bar-inner.png,44512,63deb286aa3425041bc654b2cc7a3ddc8404454b157f778aa0aa63cb071ebdfd,PNG,ui-or-game-image,43,481,RGBA,PNG,True,
assets/img/course/hp-bar.png,51700,244d6d9164e236f80fee6b3b50a83d846f1855842a7caac283f360ef214db01c,PNG,ui-or-game-image,63,489,RGBA,PNG,True,
assets/img/course/indicator-l-colourless.png,7457,0d263557a08fd287901b6bf9bfaa0a069f9e23d63f2856db14aa081a336c7dc2,PNG,ui-or-game-image,31,107,RGBA,PNG,True,
assets/img/course/indicator-l-lephon.png,8973,d643fd058f0153c91781950c8ec9661686e443f9859d459e4f7e69eb49a15dcb,PNG,ui-or-game-image,33,115,RGBA,PNG,True,
assets/img/course/indicator-s-colorless.png,3560,87c01f617e1ab9a2b611d2a87673b3e28914dc911667d39b41c1e99da231717a,PNG,ui-or-game-image,21,72,RGBA,PNG,True,
assets/img/course/indicator-s-lephon.png,6088,b2764b4086fd965fa8e9917f8446ccbb77b7d7069ce3167ae1260f73b658345e,PNG,ui-or-game-image,23,79,RGBA,PNG,True,
assets/img/course/timer_normal.png,5263,25a02eef681c925512209413c013886dcee9ebd819d2d7e8276e54673b173a99,PNG,ui-or-game-image,125,45,RGBA,PNG,True,
assets/img/course/timer_red.png,5433,14d4bb2aba6e4018e7989eb0f4e66faa003f096e71f03ce911ca9758847e02ec,PNG,ui-or-game-image,125,45,RGBA,PNG,True,
assets/img/credits/epilogue/a1.jpg,313885,2b8435de85022104364f4967c633266289af67361c880c56df3dfb9022b85202,JPEG,ui-or-game-image,740,960,RGB,JPEG,False,
assets/img/credits/epilogue/a10.jpg,265168,b1085824690c424ad70f2d73171b12c5a25f5ecdda6db4998e1b93ae9abf4977,JPEG,ui-or-game-image,740,960,RGB,JPEG,False,
assets/img/credits/epilogue/a11.jpg,242926,8cd4403b32ea8ff828822e71b068e5accf20ee13750de331de8e486d53f3b3c9,JPEG,ui-or-game-image,740,960,RGB,JPEG,False,
assets/img/credits/epilogue/a12.jpg,259692,fb01d2b16a2720014459ca94187c70f9619634f659744527a7279a3e0739d16c,JPEG,ui-or-game-image,740,959,RGB,JPEG,False,
assets/img/credits/epilogue/a13.jpg,166131,27a239e16dc76f952eedb99750f7ba7c3f8afb86457a58259a344004121d6f98,JPEG,ui-or-game-image,740,960,RGB,JPEG,False,
assets/img/credits/epilogue/a14.jpg,216581,3315fc075a70cd010e6677c56fc440e35449f3b8154ed4e87dcf5f266255540c,JPEG,ui-or-game-image,740,960,RGB,JPEG,False,
assets/img/credits/epilogue/a2.jpg,241812,f9badef8ebfe13c44863a6a0f7e410d535345dbd41e88c317c1be95a0856cc38,JPEG,ui-or-game-image,740,960,RGB,JPEG,False,
assets/img/credits/epilogue/a3.jpg,205402,c6c1f72d6c94da68651a32944fe6e452e934700a1448941250188d4d25897051,JPEG,ui-or-game-image,740,960,RGB,JPEG,False,
assets/img/credits/epilogue/a4.jpg,313744,36d90787debeaf3ece978eab3b012573d15030fc3432c0331bd6967f155d5d34,JPEG,ui-or-game-image,740,960,RGB,JPEG,False,
assets/img/credits/epilogue/a5.jpg,178934,c7778be8619b504fd1149a6e08be5af7a457384a3c372cc8c045247936219cf5,JPEG,ui-or-game-image,740,960,RGB,JPEG,False,
assets/img/credits/epilogue/a6.jpg,264070,abe87d459cf562a124fcf98edb7c1c0fc2cd1a91aa9f45fab24b04fc26925d55,JPEG,ui-or-game-image,740,960,RGB,JPEG,False,
assets/img/credits/epilogue/a7.jpg,255965,6ca4ebb6c28dabd1f07f6808edf22c0cacfabda8f35e54ffd6bf782ac687a482,JPEG,ui-or-game-image,740,960,RGB,JPEG,False,
assets/img/credits/epilogue/a8.jpg,284926,2eb7fea361eabb38b04a436fbe6b9e58f1371b3a3254de040b59cf812a3270b2,JPEG,ui-or-game-image,740,960,RGB,JPEG,False,
assets/img/credits/epilogue/a9.jpg,226505,394797a2830d794b7cf159740a97a9787d02d7f9928612a27cdd030c8ecbe85c,JPEG,ui-or-game-image,740,960,RGB,JPEG,False,
assets/img/credits/epilogue/b1.jpg,525565,f2cf084e4960db1f2f96db8f60540656c5615f43c6ac3e7c815bf137ee0fc104,JPEG,ui-or-game-image,740,960,RGB,JPEG,False,
assets/img/credits/epilogue/b10.jpg,131508,df9fa8ff40de1204e0be7e864265b1f5999e211c48e3f62e063831e251715c4b,JPEG,ui-or-game-image,740,960,RGB,JPEG,False,
assets/img/credits/epilogue/b11.jpg,191257,fcee883e2b8d1dfb10afdd338f1e1588714e2f63c29b9ed171562eed89316375,JPEG,ui-or-game-image,740,960,RGB,JPEG,False,
assets/img/credits/epilogue/b12.jpg,345683,c92ecba442f9b69212bba2a824f414491739d3e9707b3fe826c208d98b0c53de,JPEG,ui-or-game-image,740,960,RGB,JPEG,False,
assets/img/credits/epilogue/b13.jpg,396636,bbefe70842df7d0531c9bacb71d03df70dd54319480e248629843ac7f8849ff1,JPEG,ui-or-game-image,740,960,RGB,JPEG,False,
assets/img/credits/epilogue/b2.jpg,257544,6d0a0879ab1b443fa44a31f91c83851af9033899d98836f1093887de08b086ac,JPEG,ui-or-game-image,740,960,RGB,JPEG,False,
assets/img/credits/epilogue/b3.jpg,317930,366ef886b9be8c8d8bca7be644f2e5306737bf2faf33093e42aef398b16a26e8,JPEG,ui-or-game-image,740,960,RGB,JPEG,False,
assets/img/credits/epilogue/b4.jpg,274033,92fa43a1ab5bf5c05f93caacbc501be4426581a2d5060460e1847092e645df3a,JPEG,ui-or-game-image,740,960,RGB,JPEG,False,
assets/img/credits/epilogue/b5.jpg,160364,a6c5610dd6af456cbd0492f6f9315f1ef44d93a4decc583c5c9191cfd2aca501,JPEG,ui-or-game-image,734,960,RGB,JPEG,False,
assets/img/credits/epilogue/b6.jpg,308707,b5986ced25de7e3b0fde410807b054ad98c0e66dae393575cdca80ef2223a387,JPEG,ui-or-game-image,740,960,RGB,JPEG,False,
assets/img/credits/epilogue/b7.jpg,152967,8bfcf7f40555a4b373efc6717cfc2c82ed3ff22b1c36848239703d6431bb8788,JPEG,ui-or-game-image,740,960,RGB,JPEG,False,
assets/img/credits/epilogue/b8.jpg,146828,94494b2241602bd16e6fa4f5b4ed4a395bb8b955d1836c1066f4d8a1ba988082,JPEG,ui-or-game-image,740,960,RGB,JPEG,False,
assets/img/credits/epilogue/b9.jpg,280003,d899de9575d8538a2768d2b0ecc60561f09b04269187852a824ed1e7240617aa,JPEG,ui-or-game-image,740,960,RGB,JPEG,False,
assets/img/credits/epilogue/epilogue_dark_line.png,221,5b40717918dd2d429a192b7a6d4fe3f1e1aa2f546775839dcebab1844f2a1717,PNG,ui-or-game-image,1560,1,RGBA,PNG,True,
assets/img/credits/epilogue/epilogue_light_left.png,865834,964f83c433f32b3dc4341ea172e2a9f2cc73f6061daee7ed66b0734b2f97e481,PNG,ui-or-game-image,1560,960,RGBA,PNG,True,
assets/img/credits/finale_credits_left.png,528215,5a71145b915bf57cdf723751b0c1d0cf525bcccef58a7349f356e2bd9d4a6b24,PNG,ui-or-game-image,378,960,RGBA,PNG,True,
assets/img/credits/finale_credits_right.png,531510,b6ba814c05f809e30b27615964b8cc825325c82fa6319786f496401b306eff69,PNG,ui-or-game-image,360,960,RGBA,PNG,True,
assets/img/credits/white_line.png,110,21e91dbd36f869253ba229b4542685b73f81229f8eb65113f5e9d111d149d643,PNG,ui-or-game-image,47,1,RGBA,PNG,True,
assets/img/cutoff_dia_0.png,255,e71462eec7ac6d6f68421fab7369984e449a01a851bc7ce8aa6325603ddb943d,PNG,ui-or-game-image,226,49,RGBA,PNG,True,
assets/img/cutoff_dia_1.png,255,9710fc21c9adfd24f7257f53e053a4bf507e07cdb14fcf8fd0690ea8c7b53e72,PNG,ui-or-game-image,226,49,RGBA,PNG,True,
assets/img/cutoff_dia_2.png,255,03457b71dc9fe003d9fd4cf104ec7f52af586e1921a452c8bc8971fc773e3908,PNG,ui-or-game-image,226,49,RGBA,PNG,True,
assets/img/cutoff_dia_3.png,254,3ceb60ba451e6b2bb47792910d240262de4ceeb28d514aefacf840ae69cdf89d,PNG,ui-or-game-image,226,49,RGBA,PNG,True,
assets/img/cutoff_dia_4.png,3100,9e116b95b59d29c2e5b1833cf0e7461db999420883a980fa55d38eb41218cf74,PNG,ui-or-game-image,226,48,RGBA,PNG,True,
assets/img/danger.png,641336,2bf68d1e9366af2a8fe2c695e69ef4ba22e645fe71d254a1e044b37dc33b33b4,PNG,ui-or-game-image,1280,476,RGBA,PNG,True,
assets/img/default_jacket.jpg,138362,fada4eb719a62c0d463114bdbf0faee2dd9f7d86a41ad8d1ce8308b479b8fbd1,JPEG,ui-or-game-image,512,512,RGB,JPEG,False,
assets/img/default_jacket_256.jpg,47667,f8c48cce52c51ed2f0017cd8ef5972933c34c17a274d8722073ec62df9f132fc,JPEG,ui-or-game-image,256,256,RGB,JPEG,False,
assets/img/delet_button.png,3386,f26d447babd969dc27f02fd2cebb88dbbbd0b3ec7ea15d1e2ace2034b117efee,PNG,ui-or-game-image,103,103,RGBA,PNG,True,
assets/img/delet_button_pressed.png,4347,4cabd5b839f7498edbb72f96d239abcae37e0036755e256b968f8e5c3aa95be9,PNG,ui-or-game-image,103,103,RGBA,PNG,True,
assets/img/designant_reward_banner.png,226338,6a27c4e3b7828a593c80bce7b63355d95b3966a9c08bd6532a165a86ae46ed3d,PNG,ui-or-game-image,1560,291,RGBA,PNG,True,
assets/img/dialog_v2/Arrow L-disabled.png,1601,b48e8c7b215335bb8fcff4aefd519d8092a3c9064e57c98577d994f139169113,PNG,ui-or-game-image,65,52,RGBA,PNG,True,
assets/img/dialog_v2/Arrow L-pressed.png,2325,aeb0b0a1a33efb1564c8a956f13c6fc2f57a7489bc48260a88b924072ae374ca,PNG,ui-or-game-image,65,52,RGBA,PNG,True,
assets/img/dialog_v2/Arrow L.png,1678,e88b71ab575f4e1d614fc6a0848dcb025cc833c663aa0cde8b7cadc92862d549,PNG,ui-or-game-image,65,52,RGBA,PNG,True,
assets/img/dialog_v2/Arrow L_X10-pressed.png,2359,76639747761b37358a3537e4ec89615b1da45b26f0b3f98bdb5050899584f337,PNG,ui-or-game-image,62,52,RGBA,PNG,True,
assets/img/dialog_v2/Arrow L_X10.png,1552,1377f016ee48096cb611ecc8e68a5b1761e7a6d637eb3046d260c787d244ea6c,PNG,ui-or-game-image,62,52,RGBA,PNG,True,
assets/img/dialog_v2/Arrow L_X10_disabled.png,1553,8332a1a318f7b5cedf629af6bae7fcc7f9cbf4573cf2b69fba1ce2be0b501e61,PNG,ui-or-game-image,62,52,RGBA,PNG,True,
assets/img/dialog_v2/Arrow L_square-pressed.png,1443,da0458e96d797625c0d62baff5968ec32db3eb825eb86ea52c9e8ac5e08dbc53,PNG,ui-or-game-image,55,52,RGBA,PNG,True,
assets/img/dialog_v2/Arrow L_square.png,951,106bf83917ca45bceda62d599481157a7121344ab03c79b1c82e881b2cfd2d75,PNG,ui-or-game-image,55,52,RGBA,PNG,True,
assets/img/dialog_v2/Arrow L_square_disabled.png,891,a9b180d0c9d213a9680583d35d200fb4a6d37f99327d2932882c928b534278d9,PNG,ui-or-game-image,55,52,RGBA,PNG,True,
assets/img/dialog_v2/Arrow R-disabled.png,1722,9db519a9180d171a1d29c9a31f761137091708b778b341851e68404f227f84d7,PNG,ui-or-game-image,65,52,RGBA,PNG,True,
assets/img/dialog_v2/Arrow R-pressed.png,2481,4cbb8c992ce938e1aab0c813012013d42c7058674b8893a2e3c52f61b402e9b6,PNG,ui-or-game-image,65,52,RGBA,PNG,True,
assets/img/dialog_v2/Arrow R.png,1800,b8b601284e0503d21309b167d0554d8ce2ff148def9e4bf33ce40d103492757f,PNG,ui-or-game-image,65,52,RGBA,PNG,True,
assets/img/dialog_v2/Arrow R_X10-pressed.png,2368,26a769049ca65778fb54c7209da992b652d189501b8830f4833b5450db072228,PNG,ui-or-game-image,61,52,RGBA,PNG,True,
assets/img/dialog_v2/Arrow R_X10.png,1599,a6f0600fb486bea18ed832ebb2ed6c73197c3a232f66f1750f4dfbcd907b5f62,PNG,ui-or-game-image,61,52,RGBA,PNG,True,
assets/img/dialog_v2/Arrow R_X10_disabled.png,1567,ce5fa18a030482e85a2f0a5edf291d9606f092124bcd33f3a5d8a3d91813ee7d,PNG,ui-or-game-image,61,52,RGBA,PNG,True,
assets/img/dialog_v2/Arrow R_square-pressed.png,1552,bcfd8fa8ae4eaeb9c678f6dc2408a6711484c2f596fa0f9b5b05ba61c3c47363,PNG,ui-or-game-image,55,52,RGBA,PNG,True,
assets/img/dialog_v2/Arrow R_square.png,1077,8b512e2b497f374a943919773cc7007445fdf9a620bcb8cc6cd66d705fae275b,PNG,ui-or-game-image,55,52,RGBA,PNG,True,
assets/img/dialog_v2/Arrow R_square_disabled.png,988,5e5b3e3fa259e0b53698838996b07dcb42e156e3b7f8f4d87f95707a4d7ac928,PNG,ui-or-game-image,55,52,RGBA,PNG,True,
assets/img/dialog_v2/Btn_cancel.png,11337,da8fbef0ec5d43b159bf3b4c560586104f75d9e3c93326eaa0766f5ea6d7ff80,PNG,ui-or-game-image,280,56,RGBA,PNG,True,
assets/img/dialog_v2/Btn_cancel_pressed.png,11209,c3b337bd5849d102af9f52be39388011884b045d3e4cbbfb8048e1a39a3adf91,PNG,ui-or-game-image,280,56,RGBA,PNG,True,
assets/img/dialog_v2/Btn_upgrade.png,8093,59cbf3afcbed3ec21743697cfbf8f0ff9699fd3adcc8ce001a7c0bd9f6597513,PNG,ui-or-game-image,280,56,RGBA,PNG,True,
assets/img/dialog_v2/Btn_upgrade_disabled.png,7390,5a63a7c1c5f83e96e15c5967808656dc2da6daf7cad981c6a40c9136cb84327b,PNG,ui-or-game-image,280,56,RGBA,PNG,True,
assets/img/dialog_v2/Btn_upgrade_pressed.png,8468,3cec62411c25e009d25092a434c5585ea0208885628382497bd8f2a9dac8d5e2,PNG,ui-or-game-image,280,56,RGBA,PNG,True,
assets/img/dialog_v2/Button-Setup-pressed.png,9646,a8bd085a0d1317b84e9a543613c1878ba096bf003fed661eb0f4d95d6a6b8350,PNG,ui-or-game-image,219,53,RGBA,PNG,True,
assets/img/dialog_v2/Button-Setup.png,8955,ff2ed0750356d736ec44db4b2e4f3b1cbc6dab8afdc0345f1e116f1cd803a090,PNG,ui-or-game-image,219,53,RGBA,PNG,True,
assets/img/dialog_v2/Button-single.png,10143,a4629a0a1d721b75e1e051ef53452d2834e269e583798a2562c15b8125272d5c,PNG,ui-or-game-image,335,56,RGBA,PNG,True,
assets/img/dialog_v2/Button-single_pressed.png,10749,31ce385fca030a15224acd09b903cd69fcc406f709edb8178215d4c9cbf7023f,PNG,ui-or-game-image,335,56,RGBA,PNG,True,
assets/img/dialog_v2/Ether.png,8528,6407b4665688a5c3d91003646dea319045a891694b600615cf199312c82f095c,PNG,ui-or-game-image,86,85,RGBA,PNG,True,
assets/img/dialog_v2/Frags.png,4346,33861467a8c7052bff65a3f8189abda16b8939d963cf25fb18d17347ef84a7fe,PNG,ui-or-game-image,82,82,RGBA,PNG,True,
assets/img/dialog_v2/L active.png,1542,aa87fafd1461809f883133d3ea8bfc4156f8458673facc51dee7c3a51ea8853b,PNG,ui-or-game-image,116,45,RGBA,PNG,True,
assets/img/dialog_v2/L active_pressed.png,2798,3316d1cbfdeae67a302efeaa2cee5ae57e928a8d37091181a956753451f36892,PNG,ui-or-game-image,116,45,RGBA,PNG,True,
assets/img/dialog_v2/L disabled.png,1574,dec6159b5ec8007d4326a9865755605c637b7076278e42efcf0a7a9af366502e,PNG,ui-or-game-image,117,45,RGBA,PNG,True,
assets/img/dialog_v2/Pagination_off.png,291,8a5d305cfc78d5032eb2c2fc5865664c49e4ea4679e2194749f182ed972f416e,PNG,ui-or-game-image,18,18,RGBA,PNG,True,
assets/img/dialog_v2/Pagination_on.png,386,59eda128bee5b99bce278ed87f7e6680bb41d78e11b90d680fe841ce4cdb8b20,PNG,ui-or-game-image,17,18,RGBA,PNG,True,
assets/img/dialog_v2/R active.png,1553,257e112c0f81d0d4196f74d55b9ed97ed89442773d75a7974b495bb0864a6aa2,PNG,ui-or-game-image,117,45,RGBA,PNG,True,
assets/img/dialog_v2/R active_pressed.png,2781,64af083a5290bc5f285f0a24e84056817ba4aca3955b9154486eef976ededf8f,PNG,ui-or-game-image,117,45,RGBA,PNG,True,
assets/img/dialog_v2/R disabled.png,1567,040039e5289a393f2a35e486a158c5c2fcba551b947972d100fdd97a20bf9417,PNG,ui-or-game-image,117,45,RGBA,PNG,True,
assets/img/dialog_v2/Selected-tab_multi.png,4049,25e0cf9f00d740c789a3782c2f1f66da575c826a7560f27e777d161dd776678a,PNG,ui-or-game-image,245,69,RGBA,PNG,True,
assets/img/dialog_v2/Selected-tab_threeup.png,4297,8959f74bec28763fb3aba9aa50cba5d38fd9ba81a34af58175896826730f662e,PNG,ui-or-game-image,274,69,RGBA,PNG,True,
assets/img/dialog_v2/Shadow.png,606,8559ea32490fd2dd22a589632b28829fde08a0e821d0dc5da54b8416e9e84ebc,PNG,ui-or-game-image,105,17,RGBA,PNG,True,
assets/img/dialog_v2/Tab-Left-tab_threeup.png,2741,bb217450a12f5966a27b1d20bb3ccbde5a1dfa97352b23706f1a50a3dfa2b2a2,PNG,ui-or-game-image,60,69,RGBA,PNG,True,
assets/img/dialog_v2/Tab-Right-tab_threeup.png,2730,61fe108ddf44327b04a3cc52a2c0621b4f27fc97e0f54b408f834d6f6c716314,PNG,ui-or-game-image,60,69,RGBA,PNG,True,
assets/img/dialog_v2/Tab_background.png,900,0da15391f9e6be1e89e50b98548837173772a4aa3bff3eb418753dd9c6621348,PNG,ui-or-game-image,838,70,RGBA,PNG,True,
assets/img/dialog_v2/arrow-add-R.png,2606,6835e103b690391a549c16ec28af9d24c3a5327df4dd0a53aa3dc4d85464a928,PNG,ui-or-game-image,77,60,RGBA,PNG,True,
assets/img/dialog_v2/arrow-add-R_disabled.png,2496,90d397a3c615897a309779715993901438cc06187adf9d898bdd0463db9497e6,PNG,ui-or-game-image,77,60,RGBA,PNG,True,
assets/img/dialog_v2/arrow-remove-L.png,2505,8c41767ed45876ced495b6fa8bc4dd7941104ffa5d55220ee6f61d6753a895ae,PNG,ui-or-game-image,77,60,RGBA,PNG,True,
assets/img/dialog_v2/arrow-remove-L_disabled.png,2366,8297299843fccfbdba1b39e6cd5123be5b0a7bdf3a0c994aea07f5112374c7ec,PNG,ui-or-game-image,77,60,RGBA,PNG,True,
assets/img/dialog_v2/audio_bluetooth.png,1020,dadbf61f542f6ccf60edde2602e51c8acda175c2e75b95f0460b7359d41ec407,PNG,ui-or-game-image,52,50,RGBA,PNG,True,
assets/img/dialog_v2/audio_wired.png,1726,9f7df5d18b8e239dea569f4f91a83f69037e7e511b367868eb350eb88cf95812,PNG,ui-or-game-image,95,36,RGBA,PNG,True,
assets/img/dialog_v2/bottom.png,410881,ecae9e0248333bae41038a41128fe57e8b436a51e7e1481e20b78232368e7b15,PNG,ui-or-game-image,865,614,RGBA,PNG,True,
assets/img/dialog_v2/character-arrows.png,1733,a3d53f848ca3582c41836056e6fcbcf9d7ed0b308338a14e47e5d485eb2480e9,PNG,ui-or-game-image,42,42,RGBA,PNG,True,
assets/img/dialog_v2/character-panel_bg.png,20989,72a2fe01dd073a1b8235505729f86035bc4f49d736f7896e2529e1252a280847,PNG,ui-or-game-image,622,86,RGBA,PNG,True,
assets/img/dialog_v2/tab_marker_left.png,828,dcfb644aab8d51aa57f96ab4e0bbd8ac98b1bc190d3505668ce9bb5de2ca5f56,PNG,ui-or-game-image,35,69,RGBA,PNG,True,
assets/img/dialog_v2/tab_marker_right.png,733,93b65bc9c6ef8cfd6f5bf9ed978c80b8cf3694b459064da292b95e516b7f232a,PNG,ui-or-game-image,35,69,RGBA,PNG,True,
assets/img/dialog_v2/tabs_background.png,409,eab970bfe6f44e98d4ae81c00f1d3e9489782029baf8532285e01c25c7a4eab6,PNG,ui-or-game-image,838,70,RGBA,PNG,True,
assets/img/dialog_v2/tabs_deselected.png,2368,df14b5782aeb62cd4195b62d297abe7124450b028991663e02513ff8a5b7425c,PNG,ui-or-game-image,418,69,RGBA,PNG,True,
assets/img/dialog_v2/tabs_selected.png,5569,9b689cfe4d624d912b901c63423a12fec599aa35b56be91aeda411acdab147e9,PNG,ui-or-game-image,416,69,RGBA,PNG,True,
assets/img/dialog_v2/title-marker.png,4112,452f72fb2b2d9422f115e9c474db25354f996584505f96cb3c476752c5db8c18,PNG,ui-or-game-image,255,38,RGBA,PNG,True,
assets/img/dialog_v2/top.png,59484,4b64b65e7fbb6b03b2675574b4c5a7d13851d408178a566fc3a6d3394bbeb069,PNG,ui-or-game-image,865,71,RGBA,PNG,True,
assets/img/diary_sign_sheet.png,866492,a25a66137dee2374504275cdb86567a9ffd78cb5baf65db088a6098ba409c478,PNG,ui-or-game-image,4472,4284,RGBA,PNG,True,
assets/img/diary_transposed.png,121091,c8733d003f8cb63ab317d386b3b803317e58e2bd6dd6ab0d804b8981f27141ba,PNG,ui-or-game-image,1132,154,RGBA,PNG,True,
assets/img/difficulty_selector_3_locked_selected.png,31212,e0a2c2e9dd1881fd186b3ae5d859d2002b2d3274b15b8ceec9c4fbe111b7ee4e,PNG,ui-or-game-image,221,138,RGBA,PNG,True,
assets/img/divider_affinity.png,1123,7bc1685c97f36778ff39a6806ad63e0532c8d28fde91a33f48bf4980627fde94,PNG,ui-or-game-image,153,60,RGBA,PNG,True,
assets/img/divider_favorites_bottom.png,1551,c76d25ef2d37845298eb6b1034bda8abccc00cb8a583d1e5c5dfd7ba9b34bd00,PNG,ui-or-game-image,155,60,RGBA,PNG,True,
assets/img/divider_favorites_top.png,1540,02e7f6f233944ad311a69b925126ddf920d4d0afde8a8372f68e3b86143114ac,PNG,ui-or-game-image,231,61,RGBA,PNG,True,
assets/img/dot_fr.png,428,1c2da94c195855f0d979f1f63290318b8b952725e5bfa37b7347f07ae9e2b762,PNG,ui-or-game-image,12,12,RGBA,PNG,True,
assets/img/dot_pm.png,445,047df6eee849e5897c759665bf15d859fcf666b6d03bb99b42f67a1c16f293f4,PNG,ui-or-game-image,12,12,RGBA,PNG,True,
assets/img/download.png,1748,f1a974329c46c3daa3839a20e9b1912acaea2a3cdde899d9f964831bbcd7dc31,PNG,ui-or-game-image,54,54,RGBA,PNG,True,
assets/img/empty.png,70,482a18eb975091b28cb560e4db17862c876cc7234ae8b67d1600799b00277d97,PNG,ui-or-game-image,1,1,RGBA,PNG,True,
assets/img/end_back_p.png,96,e5bdb493caa1084e06e0a2cbe8a9fa7f49088d60af792a97a767827bf41dd8ee,PNG,ui-or-game-image,1286,1,RGBA,PNG,True,
assets/img/end_mid_c.png,440084,c0489327b8838820b833908b674605250214110c6c9c67bf99de44369b690e91,PNG,ui-or-game-image,1049,1049,RGBA,PNG,True,
assets/img/end_mid_f.png,403507,b3faacc5579ea8b59c69e6889c9360e71b89e9be084558f1716ed6aba3c03f9d,PNG,ui-or-game-image,1049,1049,RGBA,PNG,True,
assets/img/end_mid_ff.png,344237,31ad108db49124c5e8e0a47d04fd1bcb4d9cd1db51209777b443be2604c17c60,PNG,ui-or-game-image,1049,1049,RGBA,PNG,True,
assets/img/end_mid_p.png,396755,a3506049ea0d49daf8f6b730aec4d9589340a1a9d58e40758a6e4256e1ba4717,PNG,ui-or-game-image,1049,1049,RGBA,PNG,True,
assets/img/end_stripe_bottom_p.png,11929,429f128b67641d94b7d207abeb9ed5ffc2817aa83a0bd2009f5e9017467fd6f4,PNG,ui-or-game-image,1675,31,RGBA,PNG,True,
assets/img/end_stripe_top_p.png,12123,3f06a1be8cdd226af9de65f1386d1570d7c0d33bdba640dc9f8103823287a0f7,PNG,ui-or-game-image,1673,31,RGBA,PNG,True,
assets/img/epilogue/btn-accept-ja.png,61375,4d1ba6bdf8369d62627f007cc01ddd51175047bba2142a46d7600b039ca172de,PNG,ui-or-game-image,404,113,RGBA,PNG,True,
assets/img/epilogue/btn-accept-ko.png,59715,27c70698c9a762feca2247235872594e1ac7045063db88cb3549d9b14f5389ba,PNG,ui-or-game-image,404,113,RGBA,PNG,True,
assets/img/epilogue/btn-accept-pressed-ja.png,60729,e8045972e07e195c6fcb6da7fc162f9b094e544925c519eda13b62a935b09bd3,PNG,ui-or-game-image,404,113,RGBA,PNG,True,
assets/img/epilogue/btn-accept-pressed-ko.png,59375,770016b8ac20072462c5252397dae54a0e85d0462f9a3e8b62a9b90531c3d213,PNG,ui-or-game-image,404,113,RGBA,PNG,True,
assets/img/epilogue/btn-accept-pressed-zh-Hans.png,60460,f17c45634dcd2e0a28d76850398775b3c82bd2627ebdbd2d6ea02aee657e4e33,PNG,ui-or-game-image,404,113,RGBA,PNG,True,
assets/img/epilogue/btn-accept-pressed-zh-Hant.png,60479,2204e643a93a8e9dc1cdef4d47da786ecb68d1b0aada9e424207577339739254,PNG,ui-or-game-image,404,113,RGBA,PNG,True,
assets/img/epilogue/btn-accept-zh-Hans.png,60900,f3fdbe73387821aebe8feb13181ebc3ac4d28b81ee99125e171f9dc056d50d75,PNG,ui-or-game-image,404,113,RGBA,PNG,True,
assets/img/epilogue/btn-accept-zh-Hant.png,60877,7b41b01fcbb64e5affa6ac2a1ed34eb83ae2463ef2265bb7eabffba662043a89,PNG,ui-or-game-image,404,113,RGBA,PNG,True,
assets/img/epilogue/btn-refuse-ja.png,38682,5c736d67f15dfefb8d211e79600219cbc7c88d17440cf2424fa64625e437899f,PNG,ui-or-game-image,404,113,RGBA,PNG,True,
assets/img/epilogue/btn-refuse-ko.png,37435,c89158a4bfa739556bf8fee183c54eb3706dfe35e7a0f838c3de9a7f60e14a0a,PNG,ui-or-game-image,404,113,RGBA,PNG,True,
assets/img/epilogue/btn-refuse-pressed-ja.png,38305,854dd3554023d1960c57fb34a7c3c9539e4fcb2f44ac43d8183c50f4ab071990,PNG,ui-or-game-image,404,113,RGBA,PNG,True,
assets/img/epilogue/btn-refuse-pressed-ko.png,37195,89a606db4d4a9c5a573a164e2b24c77eea743fd0521af84df8081ba07a093e88,PNG,ui-or-game-image,404,113,RGBA,PNG,True,
assets/img/epilogue/btn-refuse-pressed-zh-Hans.png,39872,fa9c8a0c633115e9506d9f342633106de60db333d8db6ba0e3449a504f7884f3,PNG,ui-or-game-image,404,113,RGBA,PNG,True,
assets/img/epilogue/btn-refuse-pressed-zh-Hant.png,40147,7823bd1f1831ef2d10e01b67e337c049bf3071d715c7f15be814e771aa84836e,PNG,ui-or-game-image,404,113,RGBA,PNG,True,
assets/img/epilogue/btn-refuse-zh-Hans.png,40447,01594e83c70f5df58ea2ccde638f41b69eade169280581cbcdcffd7a5288264e,PNG,ui-or-game-image,404,113,RGBA,PNG,True,
assets/img/epilogue/btn-refuse-zh-Hant.png,40703,489b474d20aa53eaf0e4cb1cfc1fbb71dd5ddfaac0a87fe6f258e340b5e9e549,PNG,ui-or-game-image,404,113,RGBA,PNG,True,
assets/img/fatalis_stats_cap.png,1767,474b4fd46259e441d381ea2179e6cda98c94a6b20447818b5bada91cbe6f8254,PNG,ui-or-game-image,63,65,RGBA,PNG,True,
assets/img/fatalis_stats_uncap.png,1703,c6a7433ff364d3a513cc0d1f0bc5bdd3aa524b689fa74b4a0286596446caf5d4,PNG,ui-or-game-image,63,65,RGBA,PNG,True,
assets/img/favorite/divider.png,4244,ba7f692d93e177483c55f3b1993761c2844d9d3a12048d93382c13ffc4907cdf,PNG,ui-or-game-image,32,645,RGBA,PNG,True,
assets/img/favorite/folder_0.png,177555,ec59acdd880f572cced833fc6c6e1d4e5f397ec9b2e65f70d40a3b01c7c23210,PNG,ui-or-game-image,289,777,RGBA,PNG,True,
assets/img/favorite/folder_1.png,305900,56632349d0aac2add68ec0075c7eb120aef67ab3f3afa28b84beb74896c1bc85,PNG,ui-or-game-image,289,777,RGBA,PNG,True,
assets/img/favorite/folder_1001.png,283929,4f3d9aae44324b406b4e280a587d523ddb65d0a700204d33934c28bd90bc37b4,PNG,ui-or-game-image,289,777,RGBA,PNG,True,
assets/img/favorite/folder_2.png,269360,d6989826163a6a72a11cc6ad8428d61fd7f55cd53ae401a4b73ce0590efc3ccf,PNG,ui-or-game-image,289,777,RGBA,PNG,True,
assets/img/favorite/folder_3.png,317245,29e0218fe4f6a8362da11cf6f85b0c4867988486a0d8d56ca578083811d917bf,PNG,ui-or-game-image,289,777,RGBA,PNG,True,
assets/img/favorite/folder_4.png,303233,9d0639ea9c800551d0d0910311b4e7ca54719c8ffb07499a2cdd5b1081f228bd,PNG,ui-or-game-image,289,777,RGBA,PNG,True,
assets/img/favorite/folder_5.png,291820,9392044c8ca5653aa0fb6d7edfe1f914a6d483ec5e0041e2f617d4798ecc58ba,PNG,ui-or-game-image,289,777,RGBA,PNG,True,
assets/img/favorite/folder_6.png,283025,9858d92c4a294ca4ed9b9439e26122d423c4390f77096041674bb5ada14cdefd,PNG,ui-or-game-image,289,777,RGBA,PNG,True,
assets/img/favorite/folder_7.png,310547,ebf133aa8a8d10fd52bc215571c58902c8268f9a3202832f2167ad55e888dcf7,PNG,ui-or-game-image,289,777,RGBA,PNG,True,
assets/img/favorite/folder_8.png,274709,b54ffa0eed1aa7e19e29be67cd2895cf93d9305053310f63546091b7a24e75d0,PNG,ui-or-game-image,289,777,RGBA,PNG,True,
assets/img/favorite/folder_pressed.png,61852,3f114fd193b01ecf4b66118cda204c719398d0134a41172c2167651a7b6bbd4e,PNG,ui-or-game-image,289,777,RGBA,PNG,True,
assets/img/favorite/songs_button.png,12701,e176afdd69aaf4707e6e5501b28eeed8877fd67a4eae5fc43f57aa83f488fc9d,PNG,ui-or-game-image,143,142,RGBA,PNG,True,
assets/img/favorite/songs_button_diary.png,14422,c8178c23e61eb3940885a550f25bd69f740a614be5c98d62e614df44d179f5ee,PNG,ui-or-game-image,143,142,RGBA,PNG,True,
assets/img/favorite/songs_button_diary_pressed.png,11347,d70913d3f63cb2e5e21a22c9dc4528da8f2af444942873cc9278910a9828dddd,PNG,ui-or-game-image,143,142,RGBA,PNG,True,
assets/img/favorite/songs_button_empty.png,10838,a49ca7eefc08c4b9ce10026c8c0fe4701683a990e01562c6e7358cf30b5380eb,PNG,ui-or-game-image,143,142,RGBA,PNG,True,
assets/img/favorite/songs_button_pressed.png,8865,e7ed894d28e6678366d0ceb50375fb9bc0bd1ee304def3edcac27bfb3e052142,PNG,ui-or-game-image,143,142,RGBA,PNG,True,
assets/img/favorite/songs_container.png,12227,1f8aa8d4abe29ae293d6e4bad4b3fcc769d5522c18780e40981f681dcac738e9,PNG,ui-or-game-image,200,132,RGBA,PNG,True,
assets/img/favorite/title.png,5161,a5a71a0243423f787bb15bfbbe853deb0ba288af762fdc95fa26a5fbb125b3c6,PNG,ui-or-game-image,155,37,RGBA,PNG,True,
assets/img/favorite_off.png,1599,1055e40f91a8dbfd3c4890356f517b8456427cbb2ed4919550680f64aca4c77d,PNG,ui-or-game-image,54,54,RGBA,PNG,True,
assets/img/favorite_on.png,3796,1ef55bd2dbef7c879ac8b28763122ad50f63b7cebbabb24735661c02b625471d,PNG,ui-or-game-image,80,80,RGBA,PNG,True,
assets/img/finale-cell-lock-2.png,7674,77d92ef05594bc2993bb9bc0e2a3293d75d388fc31d8eec82b8bd249e8bd9b89,PNG,ui-or-game-image,92,92,RGBA,PNG,True,
assets/img/finale/cracked-6stage-01.png,106119,7335e5533a8eea891ab2398aa223862dcb8f07ebf33ca78f9cbc0acb5a98a7fd,PNG,ui-or-game-image,1536,2687,RGBA,PNG,True,
assets/img/finale/cracked-6stage-03.png,575864,d5327d0bf6e3c3daf79ae9c8020fa6b7f420ca9a21dc7e1ee0c30cce48497c45,PNG,ui-or-game-image,1536,2687,RGBA,PNG,True,
assets/img/finale/cracked-6stage-06.png,969576,5501afc88c40e3b0bad58bba8efd5183323ecd001e041ad37bf35a4c2c576ef9,PNG,ui-or-game-image,1536,2687,RGBA,PNG,True,
assets/img/finale/damaged-edge-top.png,117249,68f260a5f8bd1f06013d1a2ac473c54e665cb96a254d8e665e6c21d4a9774651,PNG,ui-or-game-image,1281,960,RGBA,PNG,True,
assets/img/finale/diff_buttons/nodeview-diff-select-byd-press.png,7418,2cf705d829758b3e5904dd191cd10c20e5584ac6dbeda8201f678f8cd9505896,PNG,ui-or-game-image,78,78,RGBA,PNG,True,
assets/img/finale/diff_buttons/nodeview-diff-select-byd.png,7728,74f583a33fceafd079fc08f583b109f32c8f157bf9801bb5f23ac66d73972c79,PNG,ui-or-game-image,78,78,RGBA,PNG,True,
assets/img/finale/diff_buttons/nodeview-diff-select-ftr-press.png,7360,eb610a4955d72ddf049e35cad9a0d37537b9c10b127be421330f3f5da5744d9c,PNG,ui-or-game-image,78,78,RGBA,PNG,True,
assets/img/finale/diff_buttons/nodeview-diff-select-ftr.png,7625,2281ac6598a14df02effa1d5596837837721066c9a00cf46db81e7d8a811b87f,PNG,ui-or-game-image,78,78,RGBA,PNG,True,
assets/img/finale/diff_buttons/nodeview-diff-select-prs-press.png,8035,35d5bae2c8c2277e018fa95d81d7d85106e3106902b75b9229c4dd740b59fb45,PNG,ui-or-game-image,78,78,RGBA,PNG,True,
assets/img/finale/diff_buttons/nodeview-diff-select-prs.png,8317,0a652edb6975ea96b700f81a3a7ad27a609667a347e971de58a4637cf70e7e60,PNG,ui-or-game-image,78,78,RGBA,PNG,True,
assets/img/finale/diff_buttons/nodeview-diff-select-pst-press.png,7561,076918dc68e8267f9f83127d0534ed0000cd0424d7fcb3c93c8c28ce649087b5,PNG,ui-or-game-image,78,78,RGBA,PNG,True,
assets/img/finale/diff_buttons/nodeview-diff-select-pst.png,7803,8986863f295729766075a8d18a84da4b98024bc3053c5db4153b5c73ac435da4,PNG,ui-or-game-image,78,78,RGBA,PNG,True,
assets/img/finale/finale_arrow_small_1.png,3671,5f4215d2babaea9f79cbab6495ed5ac5f69c9b78c8a6f3d09436007fd83d105a,PNG,ui-or-game-image,9,13,RGBA,PNG,True,
assets/img/finale/finale_arrow_small_2.png,3582,e5cf8c714832440e9defb689eab32e09aea8ba5cf4155b90c913ef242f122df1,PNG,ui-or-game-image,9,14,RGBA,PNG,True,
assets/img/finale/overview/background-dmg1.png,234917,e435d7ccce065466af044409f641aa1bd3005ce54e7998e7121ac5ce9160a21c,PNG,ui-or-game-image,1281,1387,RGBA,PNG,True,
assets/img/finale/overview/background-dmg2.png,344637,108f097a2d4145a45909824bc1f1255aaf6ecbcaad4f524b3ff2af5c029ff0d6,PNG,ui-or-game-image,1281,1387,RGBA,PNG,True,
assets/img/finale/overview/background-dmg3.png,430283,d8747092a65ed0f0d5c67a2c3aeadbb232addde49eee59b350d05fbda6631df5,PNG,ui-or-game-image,1281,1387,RGBA,PNG,True,
assets/img/finale/overview/background-dmg4.png,484218,9221948b50e18c45694be9c552d8201b41f0a834cc8f57b70ab381a0dbeef102,PNG,ui-or-game-image,1281,1387,RGBA,PNG,True,
assets/img/finale/overview/damaged-edge-bottom.png,35397,c1198efff0451cf6f4b731fd103d78ca09a12cc138d2899da5aea2e9fb67bca6,PNG,ui-or-game-image,1281,169,RGBA,PNG,True,
assets/img/finale/overview/damaged-edge-top.png,117249,68f260a5f8bd1f06013d1a2ac473c54e665cb96a254d8e665e6c21d4a9774651,PNG,ui-or-game-image,1281,960,RGBA,PNG,True,
assets/img/finale/overview/hp-bar-below-reflect.png,45721,442edd612ac6b64ba3817a669453f75f3ab66298b728a072b1a89a0329274ed4,PNG,ui-or-game-image,540,107,RGBA,PNG,True,
assets/img/finale/overview/introoverlay-grad.png,220,53b13b3c2a2769e535e6eb7dce43ae485006874f2abb4306325a071695508fc6,PNG,ui-or-game-image,1,650,RGBA,PNG,True,
assets/img/finale/overview/introoverlay-icon.png,3544,cc355b217157f00b6241e999c92ade80362a96d29a34f4d26c07f7e7d4f9ad29,PNG,ui-or-game-image,329,95,RGBA,PNG,True,
assets/img/finale/overview/introoverlay-text_en.png,60403,38970e761dbd34225641e724a342e270392e7cd70cf3e45647e7afeb5f81c95a,PNG,ui-or-game-image,1175,298,RGBA,PNG,True,
assets/img/finale/overview/introoverlay-text_ja.png,99199,9ec7a967be3567f28d20c11f15f37dcda2ef7f5de7efdae5ed3f68372faba382,PNG,ui-or-game-image,947,374,RGBA,PNG,True,
assets/img/finale/overview/introoverlay-text_ko.png,72452,a91248f1581c31c143c792dc3c757c137812afcc8177d2cb12621b95e00b667e,PNG,ui-or-game-image,1180,404,RGBA,PNG,True,
assets/img/finale/overview/introoverlay-text_zh-Hans.png,96474,36ec497ba84b8a3a42f9a1231d6001d299775ccde89a5a7f8f0347262eaf40d6,PNG,ui-or-game-image,1057,335,RGBA,PNG,True,
assets/img/finale/overview/introoverlay-text_zh-Hant.png,103161,5b43de8d351825a6551ffa95aa9feee1d0f16ff1232c08bcc51ef39763166970,PNG,ui-or-game-image,1058,334,RGBA,PNG,True,
assets/img/finale/overview/introoverlay-title.png,75017,4b5ccdc2b8fa4a15ee93d8cdb35e1cc8263fab7722ee369423113ab015375817,PNG,ui-or-game-image,852,162,RGBA,PNG,True,
assets/img/finale/overview/song_intro/frame-dark.png,60684,6f5fe828887440b7ace379a29906e8108aa591db610b86659f7819f9a327bfdc,PNG,ui-or-game-image,596,596,RGBA,PNG,True,
assets/img/finale/overview/song_intro/lvl-dark-byd.png,15525,397376f9266aa7f27d198bcc9f179b4c9b65f7bf94f20e61a5e03e2cd43cfad3,PNG,ui-or-game-image,130,131,RGBA,PNG,True,
assets/img/finale/overview/song_intro/lvl-dark-ftr.png,16289,0a2a0096abe9539edd1e0a7d2f6a14d53dacc0b4a721184a59dba7f4b6ed7c90,PNG,ui-or-game-image,130,131,RGBA,PNG,True,
assets/img/finale/overview/song_intro/lvl-dark-pres.png,15972,9cc7015cb78efd4a2c9f39326f13eb2ff977ea0714f7f679da1d26ae694dfc44,PNG,ui-or-game-image,130,131,RGBA,PNG,True,
assets/img/finale/overview/song_intro/lvl-dark-pst.png,16262,c815643e2e2b84d7af4a3db72ea87330b2ab6ba583e423f50017446d6201461f,PNG,ui-or-game-image,130,131,RGBA,PNG,True,
assets/img/finale/overview/song_intro/lvl-light-byd.png,15158,874d2829b4ac113a905a016237f2dba94993552d1d0e3a702981ffaa00b62cd3,PNG,ui-or-game-image,115,115,RGBA,PNG,True,
assets/img/finale/overview/song_intro/lvl-light-ftr.png,15770,29a8a5ca89fcb54f220f0d4b65cd5f89656f0216b39074052ccce5acb121be53,PNG,ui-or-game-image,115,115,RGBA,PNG,True,
assets/img/finale/overview/song_intro/lvl-light-pres.png,15473,afdc5e40bae4f2119f6f23058f75c22f46e16a7cc6083cc1dd8be1580cb67381,PNG,ui-or-game-image,115,115,RGBA,PNG,True,
assets/img/finale/overview/song_intro/lvl-light-pst.png,15632,46ae07d469401faabb30ecc8ebf5b621cf6e19668595049635f9197495f4b97c,PNG,ui-or-game-image,115,115,RGBA,PNG,True,
assets/img/finale/overview/string_break_sheet.png,388044,f752332f0c7b2f6bd8b5d08bf81e0f92c3381d3d48a6cd505f8dc4772d94b92b,PNG,ui-or-game-image,1024,1536,RGBA,PNG,True,
assets/img/finale/shards-1.png,30891,5d9829f0d4ea805a47d71f3ac225916b5b438f86302d3ea53aab86fd57df6211,PNG,ui-or-game-image,818,336,RGBA,PNG,True,
assets/img/finale/shards-2.png,23155,a36fe7c1cb823893eed184e594c7d7ba9df7c8e3711180de144a1a4d255bac10,PNG,ui-or-game-image,548,173,RGBA,PNG,True,
assets/img/finale/shards-3.png,18565,0bbbe18975fb8a88cb5f14b3010bd35b98b74e9ef7b79e6a6e3f3fe2d6ba1f4b,PNG,ui-or-game-image,560,123,RGBA,PNG,True,
assets/img/finale/shards-4.png,8076,2e133ae90a6be7f4d2f39bbc62f4dd42e97116bc2d8af419c974433e7476ee27,PNG,ui-or-game-image,432,78,RGBA,PNG,True,
assets/img/finale/tutorial_difficulty_select_overlay.png,396,967aa7144c8c112e09869b43f73db57220dd63b4f61eff69efdc998e69425d58,PNG,ui-or-game-image,1,686,RGBA,PNG,True,
assets/img/finale/tutorial_difficulty_titlebar.png,13105,3a5bf6d4d3f7c95427b2d919e743593ff7417d35f06619ef8740e700b37223aa,PNG,ui-or-game-image,785,37,RGBA,PNG,True,
assets/img/gamescene/fr-mp-flare.png,35456,fcce63090706e975914a783942c0ec5e0db38b7748359bfab973110df189a90d,PNG,ui-or-game-image,256,256,RGBA,PNG,True,
assets/img/gamescene/fr-mp-indicator.png,229636,9fa20cc76090794fb45426caf7f3a57f2d05a2016b2d477bebf93e860427b597,PNG,ui-or-game-image,768,672,RGBA,PNG,True,
assets/img/gamescene/fr-mp-linefx.png,28896,f0bcab2c367d80f60948feb18431c32ba62bfff026cedce11bdb6a66466720e6,PNG,ui-or-game-image,512,128,RGBA,PNG,True,
assets/img/gamescene/fr-mp-linefxbg.png,8257,cebefbdff5c55e411a85d2fbad29e3a7e30a3b8859d1c5a6d433da0fec61800a,PNG,ui-or-game-image,512,64,RGBA,PNG,True,
assets/img/gamescene/fr-mp-link.png,284,5fb981c6754e18e954972ea1ad293f4f2f9de27d3ea288782082cded54fc6f9a,PNG,ui-or-game-image,4,32,RGBA,PNG,True,
assets/img/gamescene/fr-ramp.png,520,a2d39d902918f0ed7a966c47093e9b142aadc8be4fa99e71e02116bcbdb34540,PNG,ui-or-game-image,4,256,RGBA,PNG,True,
assets/img/gamescene/fr-shine-flare.png,151269,02583b042dbcc65bd9b0adb262738a4b9a7fbb17068dcf8348b309bd26f588a8,PNG,ui-or-game-image,512,512,RGBA,PNG,True,
assets/img/gamescene/fr-solo-sparkle.png,147729,2a5d8246869b175db59faa21b21d02de71c1a3ef79c41197098a67bff7fbcc82,PNG,ui-or-game-image,512,256,RGBA,PNG,True,
assets/img/gamescene/pm-mp-flare.png,36680,f67f6732d3e4048db25369ed44a6645edcbf4f05e532dff107c268c8c6ec42e8,PNG,ui-or-game-image,256,256,RGBA,PNG,True,
assets/img/gamescene/pm-mp-indicator.png,220039,75a7760af693a9fd567d8fecc95e55f54228412b6b377914882b47b2a19c052c,PNG,ui-or-game-image,768,672,RGBA,PNG,True,
assets/img/gamescene/pm-mp-linefx.png,27736,f2c60376a61e4115b0f544e793ad791099b2d2136f00f419a534ff54c55f351b,PNG,ui-or-game-image,512,128,RGBA,PNG,True,
assets/img/gamescene/pm-mp-linefxbg.png,7543,da833fd52bb9be8de4c612fc5356a9d1d799ab51606fd70bdcefeba2c5870116,PNG,ui-or-game-image,512,64,RGBA,PNG,True,
assets/img/gamescene/pm-mp-link.png,318,fdd5b4ef5344999174b22d7a8719b06bc89ca50c8d59e989bb3619d60dfbff21,PNG,ui-or-game-image,4,32,RGBA,PNG,True,
assets/img/gamescene/pm-ramp.png,535,cabfcdfe5c58010b268b819428506620863e0def28d204f6c417032c123373cd,PNG,ui-or-game-image,4,256,RGBA,PNG,True,
assets/img/gamescene/pm-shine-flare.png,149968,24c8f8648a98611bf47cc5dbae6a745a4581c8edb3766e4169779408a5649dfe,PNG,ui-or-game-image,512,512,RGBA,PNG,True,
assets/img/gamescene/pm-solo-sparkle.png,132150,38fa2b0f597b9ec4305965fda56162584ece16bfbd7c9cff7bd631f7e55e5429,PNG,ui-or-game-image,512,256,RGBA,PNG,True,
assets/img/grade/a.png,5296,7a3a9d10e5cd0f938cda5c2715df5ec191e4a633acf50dccd89fbd989951e651,PNG,ui-or-game-image,229,111,RGBA,PNG,True,
assets/img/grade/aa.png,5747,cdcdf0721f2dd3c662c6e5b40fe5d399829fd1bc75cb752933ef65eec6c67dcb,PNG,ui-or-game-image,229,111,RGBA,PNG,True,
assets/img/grade/b.png,4930,511df4b04a1cdf1a4479b0cb0f4f0fec539c71f2c093f2db187b7c0c16a07923,PNG,ui-or-game-image,229,111,RGBA,PNG,True,
assets/img/grade/back.png,7995,55604fd12590ef3f6cc24d96c097b4c93bce02eb62beb26ca3e98591e4376780,PNG,ui-or-game-image,151,76,RGBA,PNG,True,
assets/img/grade/c.png,6394,e7a6046c3c931d99518663b5d74be64cae520637b206ae3d474a0afeb2b0fa14,PNG,ui-or-game-image,229,111,RGBA,PNG,True,
assets/img/grade/d.png,4745,2578db7d9a35b53902f6bb2d9965a4349bac337ff7a64e214b10592b2a37babe,PNG,ui-or-game-image,229,111,RGBA,PNG,True,
assets/img/grade/ex.png,11005,daa6b7495b931b38c5390d814237f4d978abee07d0f88f9b9d91a77d803aabcc,PNG,ui-or-game-image,151,127,RGBA,PNG,True,
assets/img/grade/explus.png,19913,5efcda646c6f5e6bbdd50265a6737abc299cd6fd54beac1cbc49fa1548b219ed,PNG,ui-or-game-image,229,111,RGBA,PNG,True,
assets/img/grade/mini/a.png,5056,9e3818406c953d6080ff9420591f42a32f6f8d24b86c0da90b790bef1cd19f65,PNG,ui-or-game-image,110,110,RGBA,PNG,True,
assets/img/grade/mini/aa.png,8346,3e7bc33b604ab8c5cfdf61b7e5ab37b29406c05e4c58ca4a8986f860b1e34072,PNG,ui-or-game-image,110,110,RGBA,PNG,True,
assets/img/grade/mini/b.png,5481,85ebb1b2a11d74e62300bca0ee6be49f5d83f900a119d7d0b44355ddb459cff0,PNG,ui-or-game-image,110,110,RGBA,PNG,True,
assets/img/grade/mini/c.png,6588,6bf78af063e15b98dceff5acbb94830757187d61bb41613c51bb8fb92b145bbf,PNG,ui-or-game-image,110,110,RGBA,PNG,True,
assets/img/grade/mini/d.png,5397,d5738832587255c4243cd34ec135005eff7c5aed8f3d87f78293430aed166310,PNG,ui-or-game-image,110,110,RGBA,PNG,True,
assets/img/grade/mini/ex.png,7824,e94480d47754baa27e69c8e0b86801af212e29b7ba31f1fa1a934fc5cba235df,PNG,ui-or-game-image,110,110,RGBA,PNG,True,
assets/img/grade/mini/explus.png,9621,f1c302b54bfd268ec87805c141810eaba2eab7adf9a14fa502ddd0a3acf4bc89,PNG,ui-or-game-image,110,110,RGBA,PNG,True,
assets/img/grade_diamond_back.png,2877,41da8d7b20d9f1cee6c1e46c44597edc9e65455d142234e0a0cada8335499fcb,PNG,ui-or-game-image,66,66,RGBA,PNG,True,
assets/img/grade_diamond_back_course.png,5065,ec96436ea55e85dfa3d5eb0cd4cbaa3b0c630448a97fe4105381e936bd81adfb,PNG,ui-or-game-image,100,66,RGBA,PNG,True,
assets/img/grade_diamond_back_light.png,1556,a48ed2a11b9d66a167fcce2538f81aba3affc9565c1be9c3e434945063163883,PNG,ui-or-game-image,100,66,RGBA,PNG,True,
assets/img/grade_ex.png,11005,daa6b7495b931b38c5390d814237f4d978abee07d0f88f9b9d91a77d803aabcc,PNG,ui-or-game-image,151,127,RGBA,PNG,True,
assets/img/grey.png,70,1c6536f3e318dbebe4544d26df8f38b959d5828f4e4b5c74426c05b742819f73,PNG,ui-or-game-image,1,1,RGBA,PNG,True,
assets/img/height_indicator.png,188,ff7bc4195e76c68cbfa8cbb2aa66b5470b19f3df1f2618bbc5e155c797bcc97b,PNG,ui-or-game-image,51,1,RGBA,PNG,True,
assets/img/hidden_char_icon.png,44722,c821efb34f5f644e759032f52cd4bef6701bf4a72d97ccf0c8faeb0781fe1806,PNG,ui-or-game-image,170,170,RGBA,PNG,True,
assets/img/hit_far.png,3658,c1adc5004d7410c262b28766d60c093f6bdde685741ed25e9965d6128494c473,PNG,ui-or-game-image,114,108,RGBA,PNG,True,
assets/img/hit_lost.png,3450,a0123d2b0e790d08658cab080c9c2372e2fe80eef58941fa35ae1c4938edd7f1,PNG,ui-or-game-image,114,108,RGBA,PNG,True,
assets/img/hit_pure.png,5913,e6b517b17b7431d6e614b59aada9be4945ae2d34c35b555552ad6f0a5895d3ad,PNG,ui-or-game-image,114,108,RGBA,PNG,True,
assets/img/hp_bar_chuni.png,7888,7d253fe6092e8b9e28500eb41942bec3d3757671aefa70352a85f786f95be6b0,PNG,ui-or-game-image,39,487,RGB,PNG,False,
assets/img/hp_bar_chuni_clear.png,6972,58813bf8312f09d4213c61acdae64a28c4f3b189899f54dcded18af7e4d1ffcf,PNG,ui-or-game-image,39,487,RGB,PNG,False,
assets/img/hp_bar_course_base.png,34111,fa22b4c6d42ffae795af4db347fabe32845c144ce5fcf2884cd242f84ffce41f,PNG,ui-or-game-image,90,495,RGBA,PNG,True,
assets/img/hp_bar_course_grid.png,15040,c4a809812dd458307dd301a7a1616d2d8254a8ff5cb9c5337761136fe937271b,PNG,ui-or-game-image,39,487,RGBA,PNG,True,
assets/img/hp_bar_course_top.png,32720,88c593c141279e1d402bdb9c6b72131a629c4cb84cf200c6f51dbe3eaeb7a6e4,PNG,ui-or-game-image,39,487,RGBA,PNG,True,
assets/img/hp_bar_easy.png,12275,997ce3365920c1fd212ccfb2f220ded40ebd9bcc8fd3e49930eb744da4b741fd,PNG,ui-or-game-image,39,487,RGBA,PNG,True,
assets/img/hp_bar_easy_clear.png,12469,0fc7c9c7b804831ace2b7422a26aa8a565c94d78702ba2402234ea5f763b3b64,PNG,ui-or-game-image,39,487,RGBA,PNG,True,
assets/img/hp_bar_fatalis_bottom_outline.png,8321,ea31d5742dfee6e67b20f40566a02f2292f44b3219eca3ec93efb8719dc540a3,PNG,ui-or-game-image,65,164,RGBA,PNG,True,
assets/img/hp_bar_fatalis_grid.png,49712,791fb3d425794068e677ded83bb481c1afa65d641efd245524cf9e4256babd33,PNG,ui-or-game-image,76,489,RGBA,PNG,True,
assets/img/hp_bar_fatalis_missing.png,12328,220a91dd3a2ec526ca2e41422b1e33f6782e4e31b07c437ffc66462e74c39ca1,PNG,ui-or-game-image,40,488,RGBA,PNG,True,
assets/img/hp_bar_fatalis_overlay.png,23200,c542ec28a1a39926dd87f5f66223f78f4a55b84de33af6bf53dc13b1933fad25,PNG,ui-or-game-image,76,489,RGBA,PNG,True,
assets/img/hp_bar_fatalis_petals.png,22038,43d642d9ca715685260a63363fda93e209f31119b467b4544e368a246fec4086,PNG,ui-or-game-image,83,506,RGBA,PNG,True,
assets/img/hp_bar_grade.png,10352,4e151d62528dc22e9266a92d3e9b5ab58fe5a391d7cc7a47505acd7672556c55,PNG,ui-or-game-image,39,487,RGB,PNG,False,
assets/img/hp_bar_hard.png,11216,b9281182138b72203c84d5f0f3e7aaad478ec8e6a96a72428565b4a7fd374f8b,PNG,ui-or-game-image,39,487,RGBA,PNG,True,
assets/img/hp_bar_limit_cover.png,34445,360b681c219a2cf97c2d03eb96e29f114ad06713a7b107aaeeb99577c66e1c08,PNG,ui-or-game-image,39,487,RGBA,PNG,True,
assets/img/hp_bar_overflow.png,12334,2b9e737e7efa88521bc4ab909bc15cca51d77ae58bc8b60489d5f775b7b91804,PNG,ui-or-game-image,39,487,RGB,PNG,False,
assets/img/hp_bar_overflow_clear.png,12276,825d726e9e9f3307e290574d9b44e11b28ea6300c0045552edceadc8c4d64b76,PNG,ui-or-game-image,39,487,RGB,PNG,False,
assets/img/hp_bar_tempest_down.png,18442,2ed0a81fd62e9dff256944a055b1a06f6eac3e81171e0f759c7b962251242693,PNG,ui-or-game-image,39,487,RGBA,PNG,True,
assets/img/hp_bar_tempest_up.png,18596,c184dc28656e0dc41ba66ff0c4fef55152510c1606f957ac5cba0c7038cbca2f,PNG,ui-or-game-image,39,487,RGB,PNG,False,
assets/img/hp_gain_disabled.png,8184,ea391b01ce03fee0795f6ae1acfa51700f94f6b485010f5bfe393f507b8f9727,PNG,ui-or-game-image,30,120,RGBA,PNG,True,
assets/img/hp_grid_beyond.png,17488,e6ca0f10059e9c9781bc8a1382abe349bd39aff8b5a2e383ed5d7431a2b276fe,PNG,ui-or-game-image,39,486,RGBA,PNG,True,
assets/img/hp_item_gain_frag.png,8830,7e07eb82957619211aa4f43d553ee34773121f599989a33d2512a89aee6e8c89,PNG,ui-or-game-image,71,65,RGBA,PNG,True,
assets/img/hp_item_gain_main.png,4903,4e0549a98e4c53f187d98deaa1c23b9568f20e75d9431a17565d62585af01940,PNG,ui-or-game-image,71,64,RGBA,PNG,True,
assets/img/hp_item_gain_over.png,8892,95b66de2f9a571c6ba25bf4cf0751cdebb34b5b194777eb1119f1e81243c0aef,PNG,ui-or-game-image,71,65,RGBA,PNG,True,
assets/img/hp_item_gain_step.png,9114,88ccc0c4385e7efdc66e063f13308a8190925b50066e638f4b42def51602dbc7,PNG,ui-or-game-image,71,65,RGBA,PNG,True,
assets/img/hp_item_gain_triangle.png,756,6be8bf65925d3c518fe8dbf2a0822c424b20226905967c3d96201eb993ecc6d5,PNG,ui-or-game-image,25,25,RGBA,PNG,True,
assets/img/ingame.png,260,5abc7c64d0aa764fb0fecde86af630fb80b368439a422ee0ff0afd9e62656887,PNG,ui-or-game-image,1024,1,RGBA,PNG,True,
assets/img/ink_combo.png,44233,fb5b59455a0208d43d2738c2e046e9ea860fc814301c61a66c9b2a7d74a6449d,PNG,ui-or-game-image,277,326,RGBA,PNG,True,
assets/img/ink_frpm.png,3730,d8161485129794065157f9e54aa8fcf213a83aa112ad951d43395b2ddad137bb,PNG,ui-or-game-image,140,85,RGBA,PNG,True,
assets/img/ink_score.png,14992,43a88bd7bb3e4ec4d4e322ac152b2c02848791c22692f32f886344597e765ccd,PNG,ui-or-game-image,519,165,RGBA,PNG,True,
assets/img/invade-backing-resized.png,185490,216c43d639ff3d6194b08ae92c62aa6c25da2445701259956068dab6097803c3,PNG,ui-or-game-image,2560,1202,RGBA,PNG,True,
assets/img/invade-backing.png,1347529,01fb21c4a74d331eb1cc826b2eebfecc2e9fd246175cc5f1e6d7367932d9c204,PNG,ui-or-game-image,2560,1202,RGBA,PNG,True,
assets/img/invade-mask-glow-resized.png,2755701,c992ed58b0bf5f32dcc0ac229c76938bc072769d1d9a6725cd142a577d4299ce,PNG,ui-or-game-image,2560,1202,RGBA,PNG,True,
assets/img/invade-skill.png,60933,9804fae3506bb4e856c92de5dfa1e9e4d5c3986ed4966d6a2a65e391a594ffce,PNG,ui-or-game-image,1428,70,RGBA,PNG,True,
assets/img/invade-skill_hanS.png,63031,495fb712ca72625780c3e8421d3485d3f6f2327d2bd99f6d598e3118363cca14,PNG,ui-or-game-image,1428,70,RGBA,PNG,True,
assets/img/invade-skill_hanT.png,63039,0e7268d813df726fa7f19970f671d3f51ec438ced16b365a179bd1a3284d178c,PNG,ui-or-game-image,1428,70,RGBA,PNG,True,
assets/img/invade-skill_ja.png,63922,4a6c28338ceec170adea26f808e288b84a370f965343fe660a95dcceb740285c,PNG,ui-or-game-image,1428,70,RGBA,PNG,True,
assets/img/invade-skill_ko.png,62709,b3a8a89d93e85dd30f90096a3863a9cf40417e2ab6e2d2c1354d25631e10630b,PNG,ui-or-game-image,1428,70,RGBA,PNG,True,
assets/img/jacket_locked_fallback_256.png,75111,c563327c9ba00cee5148cbe1ffb3aac3aee319be0f7ad4b7b08524f369af7b23,PNG,ui-or-game-image,256,256,RGBA,PNG,True,
assets/img/jacket_locked_finale.jpg,73238,ffad7d0d1e888d530740e7cd637b57b32b4143da762a9c0bb3d4cdfc451f53b1,JPEG,ui-or-game-image,512,512,RGB,JPEG,False,
assets/img/jacket_locked_fractureray.jpg,25518,5c8ba4db48c66c240639e8f6d5f7d28b59f8483b423b4cb5fff2563403d8df1f,JPEG,ui-or-game-image,400,400,RGB,JPEG,False,
assets/img/jacket_locked_grievouslady.jpg,16764,51c79dca76959c463a75788f17e258351d0540a7b2aab3af06e05e9656b65cb2,JPEG,ui-or-game-image,400,400,RGB,JPEG,False,
assets/img/jacket_locked_lock.png,2774,811e840e40422ac1623bf230ed6cf7575bdf9333c92b6a75c0a51f8f9a988bad,PNG,ui-or-game-image,256,256,RGBA,PNG,True,
assets/img/jacket_locked_tempestissimo.jpg,8661,e074de722e94412c2534cf0f78b90c06da2db0198cf8af059bc0a1d2bd6e5ecd,JPEG,ui-or-game-image,400,400,RGB,JPEG,False,
assets/img/jacket_shadow.png,1726,b923e187d1881db74eff161c447a1e632b3755854a90276e0f044b138b7bdbea,PNG,ui-or-game-image,393,393,RGBA,PNG,True,
assets/img/lane_hit.png,208,6851f24a277c5c62a30c2c2c408b4739f1c9b16bc9449d69bd8a4a263bfcbd13,PNG,ui-or-game-image,1,256,RGBA,PNG,True,
assets/img/left_down.png,57764,19598584eee69ffb98c269980a4cdd5162e8040a4fdcc1dc5da0320da79de26b,PNG,ui-or-game-image,253,253,RGBA,PNG,True,
assets/img/left_up.png,57804,9e5eb0d8d419fb2ad84bde9691507778828f83401b0747ab76622a2f3f70699d,PNG,ui-or-game-image,253,253,RGBA,PNG,True,
assets/img/loadout-arrows.png,1691,b995a3ac48e937d3834cbbe45b2a276c6cb711b19c65cc3d5afb7b9500caa8d6,PNG,ui-or-game-image,53,43,RGBA,PNG,True,
assets/img/loadout-pull-tutorial.png,1546,15d600000be6cc4d22cde7c6393c4c0514fc0670286d75f5e8e9e8e24553cd77,PNG,ui-or-game-image,39,54,RGBA,PNG,True,
assets/img/main_course_diabled-pressed.png,59740,674a2fa599e4f811145f788af0f0c22b7a5af00e3cf0cef6a3395f0a46114842,PNG,ui-or-game-image,478,117,RGBA,PNG,True,
assets/img/mainmenu_left.png,1414956,0d15dc9bdff6c684271ed1a7591c13d989f16a4cf40852b55e068456e6cbb908,PNG,ui-or-game-image,1006,965,RGBA,PNG,True,
assets/img/memories_100.png,3151,b4dcb103175e4fd2674a7617abe06e24b2e40216472993fd991a767ac3eb2597,PNG,ui-or-game-image,102,54,RGBA,PNG,True,
assets/img/memories_1020.png,4101,f7b606c1c2925ef5595d210141d9819177c5965d6c23206081e31c0da1c48118,PNG,ui-or-game-image,136,54,RGBA,PNG,True,
assets/img/memories_510.png,3255,09570da05ada1eadbaf0c37c9226408b2737a2913b5ee9c8680d92147b5778a6,PNG,ui-or-game-image,106,54,RGBA,PNG,True,
assets/img/multiplayer/backing-confirm-difficulty.png,28710,c1449429e52fa4cc953b2b1cd55e1c6f24218743670e9ce55b17446e68c9df66,PNG,ui-or-game-image,534,55,RGBA,PNG,True,
assets/img/multiplayer/backsheetwide-search.png,1282373,b6a4f9b8b7207d44cf6464af95b0730daf4cf122733e7272664451fc6d2efd07,PNG,ui-or-game-image,1668,1030,RGBA,PNG,True,
assets/img/multiplayer/backsheetwide-startup.png,1531470,9cbd96954103cd97d9c28c5b78802627ebd16556fb634d582e5f0b5fbeb7b00a,PNG,ui-or-game-image,1666,959,RGBA,PNG,True,
assets/img/multiplayer/backsheetwide.png,1407234,0a4d8d5dc9bb598376e436626bd5fae5e39c6f898dd6e96689797d2e5dbd7725,PNG,ui-or-game-image,1668,1030,RGBA,PNG,True,
assets/img/multiplayer/banner-topedge-backing.png,1501,66ee9972097f24a5e6d4a4b2f8d5230134fe91992d422553d6caf28b2ccbd7bd,PNG,ui-or-game-image,680,46,RGBA,PNG,True,
assets/img/multiplayer/bottom-shadow.png,51962,c6bc5c4e47de501c948f570159acd24bee0255b20bed9be258d281b5bd7780d7,PNG,ui-or-game-image,518,202,RGBA,PNG,True,
assets/img/multiplayer/btn-back-onlinealt-backing.png,22869,83d0c46a5d3da97d2d4fda981be470dc653c2e7defcc309e574aeed7644c2e7c,PNG,ui-or-game-image,213,62,RGBA,PNG,True,
assets/img/multiplayer/btn-back-onlinealt-pressed.png,6151,7a5cdc114c2708e2235164222720ef5a64845faf8a7bfc2cdda9304eedbca0b3,PNG,ui-or-game-image,172,45,RGBA,PNG,True,
assets/img/multiplayer/btn-back-onlinealt.png,4658,168c1259513ccb9d702e2300ba33706b2a2e92bc8deec52e018e9a75667996f6,PNG,ui-or-game-image,172,45,RGBA,PNG,True,
assets/img/multiplayer/btn-hide-pressed.png,5774,9038843a0a91acfd453288b27d4c2d423ad8003320ef2d8c0acb6e0f19e41e21,PNG,ui-or-game-image,99,93,RGBA,PNG,True,
assets/img/multiplayer/btn-hide.png,5674,4742465cf86dd91a1605912f3ebc6bdab38205a50e38a9a5040d05cf2dc94d2b,PNG,ui-or-game-image,99,93,RGBA,PNG,True,
assets/img/multiplayer/btn-ready-pressed.png,7983,eafcb54a162286dfcca1101c55a6339f0e6604cc02205154b174c6343ddc9e01,PNG,ui-or-game-image,384,57,RGBA,PNG,True,
assets/img/multiplayer/btn-ready-unready.png,7959,ef664202940508ff4dbefa75e6601566dbf19989673ad7dd9b45e8515b4fddd2,PNG,ui-or-game-image,384,57,RGBA,PNG,True,
assets/img/multiplayer/btn-ready.png,7944,17626674af2fd33787ac7253a59693a7337ca892c4b3194e110436746dfac1b6,PNG,ui-or-game-image,384,57,RGBA,PNG,True,
assets/img/multiplayer/btn-roomcode-hide-pressed.png,6622,606ddbc2189e8dc270faae2f5d5d11a7508ef076a8f718909ac7df688f59a6c5,PNG,ui-or-game-image,130,89,RGBA,PNG,True,
assets/img/multiplayer/btn-roomcode-hide.png,6035,6aa3387caaa437855b94729bb4f2d982066459f9c9b5f7f69b094666c2c95acf,PNG,ui-or-game-image,130,89,RGBA,PNG,True,
assets/img/multiplayer/btn-roomcode-show-pressed.png,6458,6d0cc8ac1987820e320babe97b61bfd64302a527eeeb4c5bd893963cfce497a8,PNG,ui-or-game-image,130,89,RGBA,PNG,True,
assets/img/multiplayer/btn-roomcode-show.png,5854,0ae07d45f2aae1a7e7b5da69b791c6260d82e4a4ef75cc7ea717a8631ce6af24,PNG,ui-or-game-image,130,89,RGBA,PNG,True,
assets/img/multiplayer/btn-show-pressed.png,5618,ede1147a401de6fa91677cdd0b89fd97d885bb88665af498fa87e31f05d87b48,PNG,ui-or-game-image,99,93,RGBA,PNG,True,
assets/img/multiplayer/btn-show.png,5488,4ee339b2accdf56532552b57916ae438ead06d8fcc5417bd43a9a1ce5ecde774,PNG,ui-or-game-image,99,93,RGBA,PNG,True,
assets/img/multiplayer/char_diamond.png,5282,6f56a92cd48abd903fc68d62aacd6105dd7e1189e2686529e15c6e849e1f95b9,PNG,ui-or-game-image,129,129,RGBA,PNG,True,
assets/img/multiplayer/char_placeholder.png,52329,de0e8ed0a01d7340c1f024898697094cb37289cd3b8511ef6cfb0b0afb19cc2f,PNG,ui-or-game-image,754,737,RGBA,PNG,True,
assets/img/multiplayer/character-bg-containall.png,497045,3c8b4745ade83a30d49d8dbc767953dfaa05974f5141793c1994966941620ab0,PNG,ui-or-game-image,832,687,RGBA,PNG,True,
assets/img/multiplayer/character-bracket-shadow.png,5920,357a35d5f88044bc1361f68a04b890f417809da8cc129305c2dbf8ad57bd43cb,PNG,ui-or-game-image,155,484,RGBA,PNG,True,
assets/img/multiplayer/character-bracket.png,21064,90d033ad57130c6382c0f78034d2bc39a78124973db9d41fa5114fc9b15d40a4,PNG,ui-or-game-image,241,764,RGBA,PNG,True,
assets/img/multiplayer/colourless-multiplayer-sideindicator.png,7702,2a6d493b3e5cf3719e232ee290ba325257b18793a7468c51b32054287dffa3ec,PNG,ui-or-game-image,27,133,RGBA,PNG,True,
assets/img/multiplayer/create-sess-btn-press.png,26218,328e5d5c0d430d134dfcc95ac8662a4b72e741db46b831c29e6c75fea67714da,PNG,ui-or-game-image,403,90,RGBA,PNG,True,
assets/img/multiplayer/create-sess-btn.png,26815,6ed5dab1b9610ba88e8941a565d30a1c3941bed1a604fe8f1f970abca378e03b,PNG,ui-or-game-image,403,90,RGBA,PNG,True,
assets/img/multiplayer/difficulty-Byd.png,17416,61b3e0b958f5bb2d4340431469ea0d513dc28942f81adbd30454600890d5a41f,PNG,ui-or-game-image,121,105,RGBA,PNG,True,
assets/img/multiplayer/difficulty-Eternal.png,20520,82de82f0b844ff49313350adc3a492c1e7c92fdcc280cca19aa87941148b114e,PNG,ui-or-game-image,123,116,RGBA,PNG,True,
assets/img/multiplayer/difficulty-Future.png,15234,bac91d12e6eec3d1649b64a1473c2cc5cc5b15a55748d518d50da18b51b02b30,PNG,ui-or-game-image,125,117,RGBA,PNG,True,
assets/img/multiplayer/difficulty-Past.png,13905,bc4575ce6293387814834352a8b9636b0d13d0aef66a861481418349f743ddf1,PNG,ui-or-game-image,121,100,RGBA,PNG,True,
assets/img/multiplayer/difficulty-Present.png,14548,806126b83f5111815997264b21fd858851e928976cf06f67a4b2677d96e5f66c,PNG,ui-or-game-image,121,100,RGBA,PNG,True,
assets/img/multiplayer/exit-session-btn-pressed.png,10930,0778eac8c63cd038a2c6608aaef52fcf6c4c7c53389097411ebab873d3480eeb,PNG,ui-or-game-image,212,60,RGBA,PNG,True,
assets/img/multiplayer/exit-session-btn.png,9789,cf5027e1cbc8446f49984f0392678cff8ac2bcf0e55c9ea36a7ad1d19778b8ec,PNG,ui-or-game-image,212,60,RGBA,PNG,True,
assets/img/multiplayer/extra-message.png,13251,c4150478f13d4eb374f3cbd09065beb321a9eb86ca68cc1efeb2c0c689612b81,PNG,ui-or-game-image,608,76,RGBA,PNG,True,
assets/img/multiplayer/field-button-back.png,8157,3244f79668d91f9d4a74fbba0c63595be5e11c3c8aa8e404c9f2e9012ad25b95,PNG,ui-or-game-image,502,119,RGBA,PNG,True,
assets/img/multiplayer/field-entercode.png,8984,556d74488a6968cbef0917d17723f643447c83807fc04b8aa0c409421f527978,PNG,ui-or-game-image,676,108,RGBA,PNG,True,
assets/img/multiplayer/help_button.png,1851,95a34ed901ec686fe79cca66cc14d4424cd51672825125d468e8edf1f92371bb,PNG,ui-or-game-image,116,117,RGBA,PNG,True,
assets/img/multiplayer/help_button_pressed.png,4097,e8b4e2cf0207c6169a8f69b34789be5e118d0add9fadf5e9d941c9a00c99127a,PNG,ui-or-game-image,116,117,RGBA,PNG,True,
assets/img/multiplayer/icon-disconnected.png,3075,20fa5e32c9d6718c1e2665b622c7d24bb4590c5501fc31bfcc78ded237cf9cd4,PNG,ui-or-game-image,46,39,RGBA,PNG,True,
assets/img/multiplayer/indicator-conflict.png,9162,eb65c4f4302e01e91aaa5eac8da9fcc22079b875a288f7a9ab7023c04816e13d,PNG,ui-or-game-image,657,81,RGBA,PNG,True,
assets/img/multiplayer/indicator-light.png,8588,c05e5939a805bfa7ceaa8f85154464c8f81a110aca215a2b2330f623d5761459,PNG,ui-or-game-image,657,81,RGBA,PNG,True,
assets/img/multiplayer/indicator-online.png,565,b110256080f9aa6f383acf050464cd76f10ef8026e1c486b5e6bb5195cd6b6ea,PNG,ui-or-game-image,20,20,RGBA,PNG,True,
assets/img/multiplayer/indicator-partylist-off.png,6577,2be5dffb6a2e3546616f730a9ff07056737383cdca01cabf6a713d7e1060f9e1,PNG,ui-or-game-image,130,126,RGBA,PNG,True,
assets/img/multiplayer/indicator-partylist-on.png,4937,02e283613d800111d115c6a118eaf1f4a84533145091e1f90e70f488d39ecde6,PNG,ui-or-game-image,130,126,RGBA,PNG,True,
assets/img/multiplayer/ingame-diff-byd.png,2715,fc2fcd8262292d3c83bf06e93336fe143ddfce02a1adf3a97a70bda10f07e975,PNG,ui-or-game-image,53,22,RGBA,PNG,True,
assets/img/multiplayer/ingame-diff-etr.png,6489,fd1ad79b6c39267da56edf8c00417bdc9a0e33b028f416b25b6e3841789c5987,PNG,ui-or-game-image,53,22,RGBA,PNG,True,
assets/img/multiplayer/ingame-diff-ftr.png,2178,56c2d9c7b6a8ca2b751765c694a5d838e3ab6ea4122b97472d4cec10a70b2820,PNG,ui-or-game-image,53,22,RGBA,PNG,True,
assets/img/multiplayer/ingame-diff-prs.png,2490,17a7e019de6e0e6d12c43e0bba16a7f462b582deeaf0ee8fc0d8a62e31fcb468,PNG,ui-or-game-image,53,22,RGBA,PNG,True,
assets/img/multiplayer/ingame-diff-pst.png,2374,682bab83192e387f4d00cb36fb34de527feb32c1a678d41122522b88a3b79771,PNG,ui-or-game-image,53,22,RGBA,PNG,True,
assets/img/multiplayer/ingame-loadingstrip-alpha.png,23268,ac53e57fdaa598707d85d00e2f5f213981451f36c2cce57840927dea5713c030,PNG,ui-or-game-image,1450,200,RGBA,PNG,True,
assets/img/multiplayer/ingame-loadingstrip.png,9329,d4181756beb0b30f1678417cbb8033cc8b751bb004777755998d6140da46451e,PNG,ui-or-game-image,2530,33,RGBA,PNG,True,
assets/img/multiplayer/ingame-waiting-shadow.png,37195,b6a7e9a22c6b6a81973159f7c22f6dcd394a5d41cfcacebd9e21a249cb2f000b,PNG,ui-or-game-image,945,304,RGBA,PNG,True,
assets/img/multiplayer/join-btn-press.png,9467,7b331241fb6ea57e8e0e3a83184d8cc800b08674e92ec90f359d98a15c1d282d,PNG,ui-or-game-image,143,85,RGBA,PNG,True,
assets/img/multiplayer/join-btn.png,8980,f86783efb299e040460397171d446b1fa8b56ede5cd030817b5416fd676752ed,PNG,ui-or-game-image,143,85,RGBA,PNG,True,
assets/img/multiplayer/lephon-multiplayer-sideindicator.png,8278,4c5091926c9ec5bbe13298a22786bf554343ddfa21ae9bbcaa7ef2b0dc854405,PNG,ui-or-game-image,27,133,RGBA,PNG,True,
assets/img/multiplayer/linkedfr.png,81302,a2b8b6d80dd585f5a880bfd2df514f9660fdb64b48bbc7cae9017150a98f8279,PNG,ui-or-game-image,953,72,RGBA,PNG,True,
assets/img/multiplayer/linkedpm.png,129234,6b3908cda0cb71c1e000d61b0b5674ee86f60422f8325c20bfc252f35432d3af,PNG,ui-or-game-image,1084,96,RGBA,PNG,True,
assets/img/multiplayer/lobby-options-btn-backing.png,1897,31f71d94eea455e2f87f3b5643f5eb021404e8cc35969049f57cdfa68b9dc5cb,PNG,ui-or-game-image,317,66,RGBA,PNG,True,
assets/img/multiplayer/lobby-options-btn-pressed.png,6558,1366bcae5d24a048342fc1f6de25bd50d42f0162a54321231ae87551d73ddb77,PNG,ui-or-game-image,197,45,RGBA,PNG,True,
assets/img/multiplayer/lobby-options-btn.png,7246,884bcac32e61ca8f5e80d2dee6a5c2a34b94f51a8b88bf6dc23535050804a17d,PNG,ui-or-game-image,197,45,RGBA,PNG,True,
assets/img/multiplayer/menu_item_back.png,1055,c64bad901d10b58e1b727f6a955ab64b7d8b0e8ac3946d2442d2cd76ea138f05,PNG,ui-or-game-image,783,89,RGBA,PNG,True,
assets/img/multiplayer/notification-diff-select.png,50372,b38a31ba1052f15f00fdf9ce07e2413c83b47c0df664aa11bbf2ebb67dd16aee,PNG,ui-or-game-image,627,143,RGBA,PNG,True,
assets/img/multiplayer/online-btn-backing.png,13134,e4d0fa48a67d974ed6a26ce30e3612bbcd75e6b6b30f255ce1f97890353f1a2e,PNG,ui-or-game-image,233,69,RGBA,PNG,True,
assets/img/multiplayer/online-btn-close-press.png,12967,9c3404ab29cc8096975379c800fd550999ea7a588b01ae08e9584c1101284fa6,PNG,ui-or-game-image,174,67,RGBA,PNG,True,
assets/img/multiplayer/online-btn-close.png,12146,2fe38736c7bd8a121fabd0347ea047628c69c7eda3a3e8f78cece87bc9345daa,PNG,ui-or-game-image,174,67,RGBA,PNG,True,
assets/img/multiplayer/online-btn-press.png,15945,9c2fb58ffa6e6f4c2d1cda0f5a78bfb466cc8f9b7a572fa755f0951d12f74386,PNG,ui-or-game-image,174,67,RGBA,PNG,True,
assets/img/multiplayer/online-btn-pressed.png,13908,92cdbeba194912ca5bffb9a9d96b3aa1f5b4949647e56073f70c17871191660c,PNG,ui-or-game-image,174,67,RGBA,PNG,True,
assets/img/multiplayer/online-btn-world-1-pressed.png,38268,dd29b48a8e19f43939e0c3f053708d81d9394440d708308bc675615e299021a4,PNG,ui-or-game-image,261,141,RGBA,PNG,True,
assets/img/multiplayer/online-btn-world-1.png,35495,a1a4ce7810c33f8e4fddb249fc9d78a7e38942a75ea7ca73070de7f78a906cac,PNG,ui-or-game-image,261,141,RGBA,PNG,True,
assets/img/multiplayer/online-btn-world-2-pressed.png,38337,a0ecb02d499a9e39e38e5f85774bce2414656bd42163a39f2f0cd5bb2ed2ba5e,PNG,ui-or-game-image,261,141,RGBA,PNG,True,
assets/img/multiplayer/online-btn-world-2.png,35555,f8cc3ea3a4ee260f16a4058a947f5858da5601a06c8108ff4367a8adad435543,PNG,ui-or-game-image,261,141,RGBA,PNG,True,
assets/img/multiplayer/online-btn-world-3-pressed.png,38641,b2c10e7ffe4fc3d4b00336eb2c6cbac9aaed37114b9e0e83f5b335fba0751c66,PNG,ui-or-game-image,261,141,RGBA,PNG,True,
assets/img/multiplayer/online-btn-world-3.png,35816,9cea17dbc3370bdbd61683fccec9d6869cdd11ab22ca843352873eb30cc60ab9,PNG,ui-or-game-image,261,141,RGBA,PNG,True,
assets/img/multiplayer/online-btn.png,12877,053e777d9d20426aaaff9e4ba55ae2d55d884a68d2592a42ffa4cf60c66ca825,PNG,ui-or-game-image,174,67,RGBA,PNG,True,
assets/img/multiplayer/personalcard-pb.png,37809,62f5e38e6c94e29a0a43962cd52ee4e4d29740acc78ee9401f38ffdd64f7ecc5,PNG,ui-or-game-image,601,105,RGBA,PNG,True,
assets/img/multiplayer/personalcard-win.png,38972,a2ed5ad172164299183e34e2c4ef35656863e3b018aecaeb313ba68f94b7a647,PNG,ui-or-game-image,601,105,RGBA,PNG,True,
assets/img/multiplayer/personalcard.png,27475,636b1cc3bcb12893abe1f8498336e699ebc861d9b6768076869b21448b0a8688,PNG,ui-or-game-image,601,105,RGBA,PNG,True,
assets/img/multiplayer/player-overflow-btn-pressed.png,5314,4f568d3f31ac91601f55e63575361829aaddd658554a0de761d273b6759d0a40,PNG,ui-or-game-image,127,66,RGBA,PNG,True,
assets/img/multiplayer/player-overflow-btn.png,2926,fed7d9519b3e3ce733be8f429e58f9fb590a8f2627eb09743053e47c8289e081,PNG,ui-or-game-image,127,66,RGBA,PNG,True,
assets/img/multiplayer/pos-above.png,3315,9c6098409c2172d5888e0ce6d3fc5f80ae80ed97f93de5ac6fcd714bb7eea363,PNG,ui-or-game-image,465,42,RGBA,PNG,True,
assets/img/multiplayer/pos-below.png,1663,c11d3fddc0921f2e92bd3694ab14f99168dc3392b1887a1e031ab567ae5eb456,PNG,ui-or-game-image,465,42,RGBA,PNG,True,
assets/img/multiplayer/position-1.png,6709,60617b1f7a82f952766eb21425724f6b8b297daa6d8a2635b6fa9671409f9631,PNG,ui-or-game-image,66,93,RGBA,PNG,True,
assets/img/multiplayer/position-2.png,7273,dda015cbdb0480c93a8f90812c23ef21b883e8d4a7b9e648b8fdaa26a993528f,PNG,ui-or-game-image,66,93,RGBA,PNG,True,
assets/img/multiplayer/position-3.png,6724,6138b456725dabd7811f802656e76e05b44651d9adcf7b5aaee825f4809b72b1,PNG,ui-or-game-image,66,93,RGBA,PNG,True,
assets/img/multiplayer/position-4.png,6630,607f005848b3d7c9249f59e8989482d46dd34fe5cdc6a376ca6159bf08704ace,PNG,ui-or-game-image,67,93,RGBA,PNG,True,
assets/img/multiplayer/results_diff_0.png,3723,0a094ff78e338969cb81f5d8dd634651ee2bfbef2015ef38c98491e06048245b,PNG,ui-or-game-image,89,29,RGBA,PNG,True,
assets/img/multiplayer/results_diff_1.png,4307,eb60cc4e7cfad54dac99a85e964c777856ba4091b8c1b52946028ee3fd15688e,PNG,ui-or-game-image,89,29,RGBA,PNG,True,
assets/img/multiplayer/results_diff_2.png,3179,9fda4e3f4e495904d5707dc186f49cf433ec97de77b2af26c0f245dc9f59d37b,PNG,ui-or-game-image,89,29,RGBA,PNG,True,
assets/img/multiplayer/results_diff_3.png,4287,343a15632fc78a560745c60c82ed912f653b701db1cc81d47315f87762eec29f,PNG,ui-or-game-image,89,29,RGBA,PNG,True,
assets/img/multiplayer/results_diff_4.png,8305,59a603219fcd5fba0fdacb6cb84a0fbb257ca3c084ab9244691723e7521353fc,PNG,ui-or-game-image,89,29,RGBA,PNG,True,
assets/img/multiplayer/roomcard-disconnected-overlay.png,982,26fd38d4a8ceb9185d14fea1d95bf3de9980bd21dfcaade8493f7081433897ec,PNG,ui-or-game-image,420,66,RGBA,PNG,True,
assets/img/multiplayer/roomcard-disconnected.png,39741,dcc3a7e51e84e87edc3ad1a4d34c55e7853f4e98d96626b6a3d3a60d5607f10a,PNG,ui-or-game-image,578,97,RGBA,PNG,True,
assets/img/multiplayer/roomcard-pb.png,45709,6148e34f0770700efd069f54203a07ff12e6a2af7caf4631b23804d8f6742896,PNG,ui-or-game-image,578,97,RGBA,PNG,True,
assets/img/multiplayer/roomcard-win.png,53173,1ba158cce9e41f0bb1f117532ddd668c41921876dd76d22294c7ea4913d34647,PNG,ui-or-game-image,578,97,RGBA,PNG,True,
assets/img/multiplayer/roomcard.png,43829,3cff969dfa9d94ff79e02dec183974149536b2291ed2261378d2998faa5da808,PNG,ui-or-game-image,578,97,RGBA,PNG,True,
assets/img/multiplayer/roomplayer-basic.png,39552,e95702b899c73cc7fb37a14fff8bc0b6dc52cc577b4f80a2c0d30c9962f78eba,PNG,ui-or-game-image,708,111,RGBA,PNG,True,
assets/img/multiplayer/roomplayer-disconnected.png,26580,06dca68e6708c6aad9daf487ea5d0fe8a7a936e4d6b97aed2f1dc8a094391551,PNG,ui-or-game-image,708,111,RGBA,PNG,True,
assets/img/multiplayer/searching-shape1.png,17387,8fb45eebe2b29e2a27968607135b0b1cc2986d66f02ceb2ce50eb226df90d31e,PNG,ui-or-game-image,741,742,RGBA,PNG,True,
assets/img/multiplayer/searching-shape2.png,2092,588ae5eaf417669ab8f5d8aa26ffb17a8a8e356339da1f7e437a0cdcf91b7a23,PNG,ui-or-game-image,336,336,RGBA,PNG,True,
assets/img/multiplayer/searching-textback.png,9245,3ec338c7bab357142dbd8e12203c2c7c288aafe713a1e1e20b9e0f3243540024,PNG,ui-or-game-image,822,93,RGBA,PNG,True,
assets/img/multiplayer/shadow-bottom.png,22971,6219bcc5bf09a5f8b97e2f83bba258609e1e770ffa4fedb26014aa4385a139de,PNG,ui-or-game-image,1035,354,RGBA,PNG,True,
assets/img/multiplayer/shadow.png,310,52302ec24a34382e0096060ae41aab6aaa586a7500d4ff07b3bdd105c1301184,PNG,ui-or-game-image,532,38,RGBA,PNG,True,
assets/img/multiplayer/songtitle-backing.png,379,e1fe96f296a057d41b282b46c1ceef13bf27816b59557413d04d173a51b6feba,PNG,ui-or-game-image,556,32,RGBA,PNG,True,
assets/img/multiplayer/stickers/alice_en.png,138238,147fe1e543c3bbbdb7c1647ff624e5b64216f241c4c8823a358e982399750778,PNG,ui-or-game-image,347,347,RGBA,PNG,True,
assets/img/multiplayer/stickers/alice_jp.png,133873,1613acac3796dce6ffb920cbcfa0c358a07a57bfdef770b260af263915250128,PNG,ui-or-game-image,347,347,RGBA,PNG,True,
assets/img/multiplayer/stickers/alice_kr.png,133190,e8e4be6969660e073c5d24c08f69c177ba0bb828e205a32bd6d424f808a6f4d2,PNG,ui-or-game-image,347,347,RGBA,PNG,True,
assets/img/multiplayer/stickers/alice_sc_tc.png,138020,3a490ecaae830fa9d142f90fca96cf32bf6d7bf392df08744790e1ce3df82c35,PNG,ui-or-game-image,347,347,RGBA,PNG,True,
assets/img/multiplayer/stickers/amane_en.png,138249,bd990edc23dff1ab91588e7a54b516b422e4e2007b779af3efd1dd055a3c0ba8,PNG,ui-or-game-image,347,347,RGBA,PNG,True,
assets/img/multiplayer/stickers/amane_jp.png,133505,ac634a557d9b806d2eb14fbb126b4d853e6dec9c38a899ec1df78221cf173d12,PNG,ui-or-game-image,347,347,RGBA,PNG,True,
assets/img/multiplayer/stickers/amane_kr.png,136881,e34fb933a4e704f91d92284a11ba449c5739efc952c961ef6cf184abd087235e,PNG,ui-or-game-image,347,347,RGBA,PNG,True,
assets/img/multiplayer/stickers/amane_sc.png,132021,44d5d13256167c0ebe9137c064395908ab4d2e9eb391fcfd7d8a9d13bc6bf8fa,PNG,ui-or-game-image,347,347,RGBA,PNG,True,
assets/img/multiplayer/stickers/amane_tc.png,132410,2e3e11e6dc3c5658d61212fa32c4dac2819a100432f8836e265ec9b7d8f9da76,PNG,ui-or-game-image,347,347,RGBA,PNG,True,
assets/img/multiplayer/stickers/ayu.png,124615,51d8452d3f0944881c383a6773b806e1e084dea15ca81277b8928f13b28bd0e2,PNG,ui-or-game-image,347,347,RGBA,PNG,True,
assets/img/multiplayer/stickers/eto_en.png,143046,2e4e6d7a5c3fef7222d3efd42683c625613a400bcc9ae5e23235c189faca417b,PNG,ui-or-game-image,347,347,RGBA,PNG,True,
assets/img/multiplayer/stickers/eto_jp.png,146947,6c79680ea79cb9a6a389c3f734d136087c98b7cc239aff01bed081bdab0902aa,PNG,ui-or-game-image,347,347,RGBA,PNG,True,
assets/img/multiplayer/stickers/eto_kr.png,146539,527e26ba88da3540018942ca196c7e165367cebb48ecf7760efb49a992471eb8,PNG,ui-or-game-image,347,347,RGBA,PNG,True,
assets/img/multiplayer/stickers/eto_sc_tc.png,150310,050cf2a78fc88c56035be2ea307bf299eb2b29d3fa1b18f1293dccb904f1e44c,PNG,ui-or-game-image,347,347,RGBA,PNG,True,
assets/img/multiplayer/stickers/etoluna_en.png,158919,144b6e47ede2baf7f9aca8fd681e3fa3cebdb7c5fb12c451bddb4a93a8057c2b,PNG,ui-or-game-image,347,347,RGBA,PNG,True,
assets/img/multiplayer/stickers/etoluna_jp.png,161743,7b144e1c4f156b06fbdc458305d926d4aff1958d428ed327cb4b651edceab115,PNG,ui-or-game-image,347,347,RGBA,PNG,True,
assets/img/multiplayer/stickers/etoluna_kr.png,156547,29b11f2234b7aaf9c7d0db5c3a78516a1344aa0536b020080c61734ccafa1183,PNG,ui-or-game-image,347,347,RGBA,PNG,True,
assets/img/multiplayer/stickers/etoluna_sc.png,161048,2026644b48c980e0d5374ba59a0e0cf067a77ced64ab38c305301cb6a3284333,PNG,ui-or-game-image,347,347,RGBA,PNG,True,
assets/img/multiplayer/stickers/etoluna_tc.png,162216,41be26c71abc3d291681890c86641030107c43c3ef6cffa92d8d6c3da94c2905,PNG,ui-or-game-image,347,347,RGBA,PNG,True,
assets/img/multiplayer/stickers/hikari2_en.png,145738,c307577fb8cba3c3a86cd965370697599abfce2ca015aee1e8c5fe6d298d122a,PNG,ui-or-game-image,347,347,RGBA,PNG,True,
assets/img/multiplayer/stickers/hikari2_jp.png,139733,398b9fd3f991f371c75c5b05c04b1581b2b66d1562558b36397c4bce93ff04ec,PNG,ui-or-game-image,347,347,RGBA,PNG,True,
assets/img/multiplayer/stickers/hikari2_kr.png,145948,8c7c9acadbefa42e919305fd478bebaf0018612c363c71c3e49908be0301c018,PNG,ui-or-game-image,347,347,RGBA,PNG,True,
assets/img/multiplayer/stickers/hikari2_sc.png,142349,78724799f47cf0d7b63530f96e8c634223bbc653be8d9d1fbe08173f76152332,PNG,ui-or-game-image,347,347,RGBA,PNG,True,
assets/img/multiplayer/stickers/hikari2_tc.png,142388,37c0fd3e102f00f7e3c1966b4de9e1b3843ab1d64b3b7bf834e56b99beacd78f,PNG,ui-or-game-image,347,347,RGBA,PNG,True,
assets/img/multiplayer/stickers/hikari_en.png,136996,1a32e69493e6180660e0f5f2baa40933fba5128dec07d3962b6501dff8820eb9,PNG,ui-or-game-image,347,347,RGBA,PNG,True,
assets/img/multiplayer/stickers/hikari_jp.png,139262,0ee761f0c49fb2e200cd64b65d0d2949fb9c1cda45b531ca8650c81b9b378b4a,PNG,ui-or-game-image,347,347,RGBA,PNG,True,
assets/img/multiplayer/stickers/hikari_kr.png,140843,e22c357eda3b4ce65ef28025b3081c9cbb1fb3e1bcda40165669ae7b58eceb65,PNG,ui-or-game-image,347,347,RGBA,PNG,True,
assets/img/multiplayer/stickers/hikari_sc_tc.png,139884,033337c601a9675b2d1a99594014c048d017654485b7d31b8602348a71bf2504,PNG,ui-or-game-image,347,347,RGBA,PNG,True,
assets/img/multiplayer/stickers/ilith_en.png,144048,a56e2e27cd784c2af3994c2bdcbe4f857aa7ec649fe66fe0098a6400a55ecb1e,PNG,ui-or-game-image,347,347,RGBA,PNG,True,
assets/img/multiplayer/stickers/ilith_jp.png,154763,520fe6f28eb235fb48bd3afb02fc2808b4c073227076174331b9499b61a91eda,PNG,ui-or-game-image,347,347,RGBA,PNG,True,
assets/img/multiplayer/stickers/ilith_kr.png,158686,ace09765065ae587c862da2dd1ff0b6642a61146f17d44ffa6ee30264627f7c6,PNG,ui-or-game-image,347,347,RGBA,PNG,True,
assets/img/multiplayer/stickers/ilith_sc.png,151902,312ee0c9bb89beff1608d1dfaf761fc7b1adb426cc2e48780f3e2f0e8133c357,PNG,ui-or-game-image,347,347,RGBA,PNG,True,
assets/img/multiplayer/stickers/ilith_tc.png,151317,365a9c79f57626afa2806d479ece69929ee37d403e53d1a13ffabd7f4c3984b7,PNG,ui-or-game-image,347,347,RGBA,PNG,True,
assets/img/multiplayer/stickers/kanae_en.png,124577,2aa2be939033f761d98f3a9bb9700e3911421b1ed416d846edb55c8b72160b8b,PNG,ui-or-game-image,347,347,RGBA,PNG,True,
assets/img/multiplayer/stickers/kanae_jp.png,126264,877e4aa92025f4521ad5425eff63ecc5015330c73773759ea4206708afc5709b,PNG,ui-or-game-image,347,347,RGBA,PNG,True,
assets/img/multiplayer/stickers/kanae_kr.png,123775,7554c23ffeffca5146c98c0e157db4ac01762de4eb4df0a24e5413d162f3ccd5,PNG,ui-or-game-image,347,347,RGBA,PNG,True,
assets/img/multiplayer/stickers/kanae_sc.png,122356,fb430ed534f8b676066180dae951b0ba819abfae833fa4aacf3e63aa025d902f,PNG,ui-or-game-image,347,347,RGBA,PNG,True,
assets/img/multiplayer/stickers/kanae_tc.png,122356,bf0ca59fbaab700ce91c3bf2a43632848eb8e19d0a50cd729f8afff1d6444626,PNG,ui-or-game-image,347,347,RGBA,PNG,True,
assets/img/multiplayer/stickers/kou2_en.png,140662,464a051f4d15b0957e9ce4fdbdc738170cf877a607ef6e28d794cdc7435b2591,PNG,ui-or-game-image,347,347,RGBA,PNG,True,
assets/img/multiplayer/stickers/kou2_jp.png,138220,61a595f52373ad3ac33f4c34d60ddad756ceb928161b21cfada118f61878b2c9,PNG,ui-or-game-image,347,347,RGBA,PNG,True,
assets/img/multiplayer/stickers/kou2_kr.png,137229,e1c9c2fc5a37f1c7265973bc5abd820288cbc6cf6888972f9673aff64cd8a57d,PNG,ui-or-game-image,347,347,RGBA,PNG,True,
assets/img/multiplayer/stickers/kou2_sc_tc.png,136461,295a47861d5c71dbfd48ff0ce30250c6a9a54bf981ad7270c0b4275b592aace5,PNG,ui-or-game-image,347,347,RGBA,PNG,True,
assets/img/multiplayer/stickers/kou_en.png,135772,24bd0a274dc5be57a4abf942216e5c289c0f49e46d20082e5a08bdd569e59425,PNG,ui-or-game-image,347,347,RGBA,PNG,True,
assets/img/multiplayer/stickers/kou_jp.png,135956,ed565aacac0e23d746661e193eae6572e58a055b8447e8825863d03ea25b7e6c,PNG,ui-or-game-image,347,347,RGBA,PNG,True,
assets/img/multiplayer/stickers/kou_kr.png,139018,3b9cef58b52a531e51daccb8e63cd440a2941051d25da55828ee70b3ab1ae9f4,PNG,ui-or-game-image,347,347,RGBA,PNG,True,
assets/img/multiplayer/stickers/kou_sc_tc.png,139638,de3ba8b49dc1db77b7bc6e4ecee4d52d7cd13f9d68dd410ebeed911dc617a008,PNG,ui-or-game-image,347,347,RGBA,PNG,True,
assets/img/multiplayer/stickers/lagrange_en.png,142512,98fee6d70ce74693481a656bbe2c05cb9e97af65e28f6e05079ee2390a2011ef,PNG,ui-or-game-image,347,347,RGBA,PNG,True,
assets/img/multiplayer/stickers/lagrange_jp.png,148143,970a1a15a78d8b6bfd4b271a31b69baebee9af64cf0f2d8c323b362f2549a16b,PNG,ui-or-game-image,347,347,RGBA,PNG,True,
assets/img/multiplayer/stickers/lagrange_kr.png,143004,18207525ea9ea6a4ba5adf579b9395268ec4cf6762bf947136a48a2fb37535c3,PNG,ui-or-game-image,347,347,RGBA,PNG,True,
assets/img/multiplayer/stickers/lagrange_sc.png,145849,677623e2101f6004b9fe269f17c25b4c501ff2bd624816fbbeb431f1c4cd8094,PNG,ui-or-game-image,347,347,RGBA,PNG,True,
assets/img/multiplayer/stickers/lagrange_tc.png,147430,24cf175a3b2f3e7d542d3cd34d8dad5737c5d2c81d8f2771d67f896a20bf9aab,PNG,ui-or-game-image,347,347,RGBA,PNG,True,
assets/img/multiplayer/stickers/lethe_en.png,141405,8cfba74a374b0219073916e870a4dae3153f3fcef74c0e7a322223775a5effcf,PNG,ui-or-game-image,347,347,RGBA,PNG,True,
assets/img/multiplayer/stickers/lethe_jp.png,145364,db3c8bba38cf2ff40eb1c199799b8785957ef6e159ba3ed2cea2a7308d480e4d,PNG,ui-or-game-image,347,347,RGBA,PNG,True,
assets/img/multiplayer/stickers/lethe_kr.png,143564,99bcd3901d0652205dc1669f769b0e81ae83c00d2664d87dfb606af1a53d77f1,PNG,ui-or-game-image,347,347,RGBA,PNG,True,
assets/img/multiplayer/stickers/lethe_sc.png,148966,03b2cff574d0ea64a8e6c0d306634c3f621b4e609cf37964a5febe4c1e47be68,PNG,ui-or-game-image,347,347,RGBA,PNG,True,
assets/img/multiplayer/stickers/lethe_tc.png,149954,d40c1f25e4eb1c20363de111d19938e1f236547d2798e630d5d5c604a9317322,PNG,ui-or-game-image,347,347,RGBA,PNG,True,
assets/img/multiplayer/stickers/luna_en.png,130211,792933ba539906e19e92807acf8cd3f67a8a327ccb0f7b1bd1d299e5dda5eeb7,PNG,ui-or-game-image,347,347,RGBA,PNG,True,
assets/img/multiplayer/stickers/luna_jp.png,132489,f8321f493e6a14be4f77976ad63f42fda7b2b768e854170684b52b0cabf9d89f,PNG,ui-or-game-image,347,347,RGBA,PNG,True,
assets/img/multiplayer/stickers/luna_kr.png,128015,62cc0597f811aa4f892cca3b522c016d6ca9bfc165260c6a9022cdebbecc2bda,PNG,ui-or-game-image,347,347,RGBA,PNG,True,
assets/img/multiplayer/stickers/luna_sc_tc.png,130410,c14d62f5370cf4d316beb5952b20c3fd94d2538e5769fe25c5a447525fcb5691,PNG,ui-or-game-image,347,347,RGBA,PNG,True,
assets/img/multiplayer/stickers/maya.png,130082,fc86fd188cb59b132a5336e36297c8b2923708d1ccfef176792150bc54d7e815,PNG,ui-or-game-image,347,347,RGBA,PNG,True,
assets/img/multiplayer/stickers/mir_en.png,129962,03801cf9748a9dc6cc670bbbd17582473ab6511bb99c41386686204c8285304e,PNG,ui-or-game-image,347,347,RGBA,PNG,True,
assets/img/multiplayer/stickers/mir_jp.png,130066,29b2927c2fea2bd81219258b744f1574c79b7e567aae2fe1811a6473d1cf6f79,PNG,ui-or-game-image,347,347,RGBA,PNG,True,
assets/img/multiplayer/stickers/mir_kr.png,128811,ca175be493eca03f6f233f327570dad12babdcd501f70d944312b6fead0857b5,PNG,ui-or-game-image,347,347,RGBA,PNG,True,
assets/img/multiplayer/stickers/mir_sc.png,142083,c75caa122e49c6f00c2946ef2e88024a61e2b3dfa393c14ea4609f346ee115ec,PNG,ui-or-game-image,347,347,RGBA,PNG,True,
assets/img/multiplayer/stickers/mir_tc.png,141991,c183018883315475b5c17fb4451be58875aad987563eb29fc6b32d8d475c8886,PNG,ui-or-game-image,347,347,RGBA,PNG,True,
assets/img/multiplayer/stickers/nami2_en.png,143284,367846061c97cb1069b2edc6f7c9226cfb8280ddb47af27d3d3668f20bf76e34,PNG,ui-or-game-image,347,347,RGBA,PNG,True,
assets/img/multiplayer/stickers/nami2_jp.png,146792,feecafe69634b6d89e45542b28d33d309d539ac9618869cface5c6b2399c46ba,PNG,ui-or-game-image,347,347,RGBA,PNG,True,
assets/img/multiplayer/stickers/nami2_kr.png,145679,39718eb4acdfa4b34c21eb45153ad168368d207b9ef9a90f5ea17b855b974778,PNG,ui-or-game-image,347,347,RGBA,PNG,True,
assets/img/multiplayer/stickers/nami2_sc_tc.png,146270,d7d6b094d3dd04b7ff52816a39ad53bb08401bab6f917bc50a08142d08e0c97f,PNG,ui-or-game-image,347,347,RGBA,PNG,True,
assets/img/multiplayer/stickers/nami_en.png,127712,fdd80e3e7606e692243c1975792bec6ba6fad7f75f9008c5e7a856867436ba00,PNG,ui-or-game-image,347,347,RGBA,PNG,True,
assets/img/multiplayer/stickers/nami_jp.png,126232,1e74357820c0385c0bbbbe5070cf917bb8517974e57ae626efa4e002b427d0ab,PNG,ui-or-game-image,347,347,RGBA,PNG,True,
assets/img/multiplayer/stickers/nami_kr.png,128358,e93c561f4412c4314a8de01ff648fe015b73283cb077837dcb1c9adbcde48c3a,PNG,ui-or-game-image,347,347,RGBA,PNG,True,
assets/img/multiplayer/stickers/nami_sc_tc.png,131302,75bd2e3216bf6aa7ca08361c78ff2b6cf0bd26dcf38e94b1fa6fa54d2f964308,PNG,ui-or-game-image,347,347,RGBA,PNG,True,
assets/img/multiplayer/stickers/saya_en.png,122544,5374e83ba976616a13958617f0410eb420f27f55fa1ca4d683662efe9269ab0f,PNG,ui-or-game-image,347,347,RGBA,PNG,True,
assets/img/multiplayer/stickers/saya_jp.png,125005,b88df662f647b302b63ddddde6ef7ac962c66871887f5c1bb0871738bfa4af74,PNG,ui-or-game-image,347,347,RGBA,PNG,True,
assets/img/multiplayer/stickers/saya_kr.png,119545,7de9bb2d846160ecb4f1965740335c410af8a85c2dd1db17a0720f9df96949f5,PNG,ui-or-game-image,347,347,RGBA,PNG,True,
assets/img/multiplayer/stickers/saya_sc.png,123764,1d7a1f1acaa98b89784d38d8d46b393f34afb9332665c2585bae66096b95b654,PNG,ui-or-game-image,347,347,RGBA,PNG,True,
assets/img/multiplayer/stickers/saya_tc.png,122945,bd46bcb7459a3cb85fd99d56ae5a80093a5ed82c1e3ee223ab0a2d01f3721b12,PNG,ui-or-game-image,347,347,RGBA,PNG,True,
assets/img/multiplayer/stickers/shirabe_en.png,173641,6c01e1eb0c0cba0a4246de51715bd6470ef43942835d0bf3dbcc7b9407943cec,PNG,ui-or-game-image,347,347,RGBA,PNG,True,
assets/img/multiplayer/stickers/shirabe_jp.png,170680,c4410004c92cec0f267010bd8fc76605dd4e70a23d5029a214e441989aa880d9,PNG,ui-or-game-image,347,347,RGBA,PNG,True,
assets/img/multiplayer/stickers/shirabe_kr.png,172054,87dab31f0fa8534ce3e6d3c503bf9cf9f89cb46b9014d9d9a5e4e773c64f54e8,PNG,ui-or-game-image,347,347,RGBA,PNG,True,
assets/img/multiplayer/stickers/shirabe_sc.png,170940,42cdc512e5914f161e67114c42240e76e7e2cd23fc6e4d25b9dae61b5b7645f2,PNG,ui-or-game-image,347,347,RGBA,PNG,True,
assets/img/multiplayer/stickers/shirabe_tc.png,170996,56a622e0d1c0b8c2d532eee9b0f6d53602e2b62fc0efcafa250c044edee6b0c6,PNG,ui-or-game-image,347,347,RGBA,PNG,True,
assets/img/multiplayer/stickers/shirahime_en.png,125476,c6198eae163fa0cc958dfb37cd17a28b56df38bad03d3d501fff11b247744169,PNG,ui-or-game-image,347,347,RGBA,PNG,True,
assets/img/multiplayer/stickers/shirahime_jp.png,129405,1f470c3d5d594f59d381cd2fc0d818b486800853b001980d7efda10bbee13f85,PNG,ui-or-game-image,347,347,RGBA,PNG,True,
assets/img/multiplayer/stickers/shirahime_kr.png,124457,4bdf9e79a6563454f84b02f8fa30d917cfef3ea678e9a6797279faa9cfa9933b,PNG,ui-or-game-image,347,347,RGBA,PNG,True,
assets/img/multiplayer/stickers/shirahime_sc.png,127297,2c4e44f9a5858df9216bb78745c7ac9bd27f24d7e6f0b1fca6a69f587ea2f0bd,PNG,ui-or-game-image,347,347,RGBA,PNG,True,
assets/img/multiplayer/stickers/shirahime_tc.png,127431,35829c8e6a104d3902e1666ebd7eb78813f22baaaccc48df7028d88fac6814d6,PNG,ui-or-game-image,347,347,RGBA,PNG,True,
assets/img/multiplayer/stickers/tairitsu2.png,131898,85d70550d1ad6603a8750e5a1226afad436bf350a3a28b7fdddf3def196105b2,PNG,ui-or-game-image,347,347,RGBA,PNG,True,
assets/img/multiplayer/stickers/tairitsu_en.png,132148,4e0815a2be0a5453db7594290a10b88520a3aa781c4f1648cdda29e4bf500388,PNG,ui-or-game-image,347,347,RGBA,PNG,True,
assets/img/multiplayer/stickers/tairitsu_jp.png,135974,20f6193e76ae38647836dfd01ceb9e22b31d27fefb4faaa068ad7cd46653e5be,PNG,ui-or-game-image,347,347,RGBA,PNG,True,
assets/img/multiplayer/stickers/tairitsu_kr.png,135065,521b63a1c1f74330418f941923ff1e132c042665cb55a4f10c8e40511934b0f3,PNG,ui-or-game-image,347,347,RGBA,PNG,True,
assets/img/multiplayer/stickers/tairitsu_sc.png,129896,9552a276297d82c9ce19bceaf25a20894af1fee4272bbfd829cab9d00d4e8c90,PNG,ui-or-game-image,347,347,RGBA,PNG,True,
assets/img/multiplayer/stickers/tairitsu_tc.png,131645,8aa3a567959b17d321d617b7c8683e303da8afc88340dc8a6be85d53a455409f,PNG,ui-or-game-image,347,347,RGBA,PNG,True,
assets/img/multiplayer/stickers/vita_en.png,103632,1508f31919750bf47928c2a9009372cbd9f631c55d10c1c5d9d567ae69ffa524,PNG,ui-or-game-image,347,347,RGBA,PNG,True,
assets/img/multiplayer/stickers/vita_jp.png,108187,05ebe1212316fcb6b034707e96ed2207ff9c21475e9acc28e1a86e6506a3c1ba,PNG,ui-or-game-image,347,347,RGBA,PNG,True,
assets/img/multiplayer/stickers/vita_kr.png,109747,82a1f5bda8636928658620a4418c6eb6f61da8c4926a3a42e3304c591c1e3292,PNG,ui-or-game-image,347,347,RGBA,PNG,True,
assets/img/multiplayer/stickers/vita_sc_tc.png,109942,67a072ca969db70e147e29776f75bb8b876e9f599f5b914855e0a769493a3cd3,PNG,ui-or-game-image,347,347,RGBA,PNG,True,
assets/img/multiplayer/suggested-arrow.png,941,e0360e5a06dc276ca96b41019d6d00c10100dad98d8b2661bffceeac27c6f565,PNG,ui-or-game-image,43,60,RGBA,PNG,True,
assets/img/multiplayer/suggested.png,5451,5853b5a7fe461089d983af14b183bc37d0fbc52c9f18813a1eba13a7df94cb37,PNG,ui-or-game-image,213,47,RGBA,PNG,True,
assets/img/multiplayer/tag-difficulty-beyond.png,4059,1c146042b86cfee5fff28095ff79e30d1862e2441798b0aea6b3d190799c186d,PNG,ui-or-game-image,73,23,RGBA,PNG,True,
assets/img/multiplayer/tag-difficulty-eternal.png,7683,d1770c9c777988e45032e0f33a0625d7d02876532eae4fbeaff6d8e43d9483e1,PNG,ui-or-game-image,73,22,RGBA,PNG,True,
assets/img/multiplayer/tag-difficulty-future.png,3499,c39158316f69cb9c4f07d4808b27aeba9409f8c9a746d9b653b443b42c2d16ec,PNG,ui-or-game-image,73,22,RGBA,PNG,True,
assets/img/multiplayer/tag-difficulty-past.png,3994,425a1d19db2d01453e7e4c938d35308267dc01dbf952b6e66aa6196555fce313,PNG,ui-or-game-image,73,22,RGBA,PNG,True,
assets/img/multiplayer/tag-difficulty-present.png,4136,fa65ced0c831b508392ee8be46c8cffb3653fa4b257a6799540bd3edfc64c4f0,PNG,ui-or-game-image,73,22,RGBA,PNG,True,
assets/img/multiplayer/tag-songselect-highscores.png,6397,b7e9fe827860bb10b1f7006580fdbf073b7c65bb234aed5e61552317e387f1a0,PNG,ui-or-game-image,128,37,RGBA,PNG,True,
assets/img/multiplayer/tag_hiscore.png,7887,b41041af384b39f32e06045cd53337bf0f019cb7ed6ce9b22b764266467b50bd,PNG,ui-or-game-image,202,29,RGBA,PNG,True,
assets/img/multiplayer/tag_pb.png,8369,4980188d5a2fbfac77705fd9c8944387c22603f5d17ea90d3f4e49b7a7386f09,PNG,ui-or-game-image,193,27,RGBA,PNG,True,
assets/img/multiplayer/tags-hiscore.png,8066,17812cef2e13fd8b0692714cbb20400c2fb23a4a707ce5669c16d4bc26e3d695,PNG,ui-or-game-image,227,34,RGBA,PNG,True,
assets/img/multiplayer/tags-pb.png,1770,546bb32650a109428b5b9f0b5c53170cb7e76696efa8e5db83152da2442d0c29,PNG,ui-or-game-image,247,36,RGBA,PNG,True,
assets/img/multiplayer/toggle_off.png,3657,90cfa9d07074f4256184c2e98e89cddb862e6d3441da11ea6f60d9ebf8501446,PNG,ui-or-game-image,120,66,RGBA,PNG,True,
assets/img/multiplayer/toggle_on.png,3716,558e61fea182da30e1ea0a8818f0ac5efe8e5bfffcdbf52e27e2ac43aef6d076,PNG,ui-or-game-image,121,66,RGBA,PNG,True,
assets/img/multiplayer/top-message-banner.png,34284,30119f31cf78a034ae74401e6cc543de2ec63c74fffbd2fd543fbed336b157bf,PNG,ui-or-game-image,535,74,RGBA,PNG,True,
assets/img/note.png,12089,6c49e80307222acb481d616092f93e4deab77ed09fa9bc470926177471833aa3,PNG,ui-or-game-image,247,64,RGBA,PNG,True,
assets/img/note_dark.png,9620,fb50c9100b192aa0ef90b883390e5a0b709b504d4b387ad13fd4ddc00787b087,PNG,ui-or-game-image,247,64,RGBA,PNG,True,
assets/img/note_hold.png,43502,172370b6b1b78460181687892ba850301fa7c7ecb1c1651334e785fa8b67353c,PNG,ui-or-game-image,247,379,RGBA,PNG,True,
assets/img/note_hold_dark.png,39013,2855027b108bf147722f3761c1d8837162bea0a5db3e87e99cfd5ecef29b34b0,PNG,ui-or-game-image,247,379,RGBA,PNG,True,
assets/img/note_hold_dark_hi.png,38058,5d73c36cfdc311ba5866a878c07d6e3f8e28dc00d4703606383723c675e4c0c4,PNG,ui-or-game-image,247,379,RGBA,PNG,True,
assets/img/note_hold_hi.png,40467,495e0509dfd5386d538ac525f738a3db8f68f4a7340ed37dc3e7a8769eea27b2,PNG,ui-or-game-image,247,379,RGBA,PNG,True,
assets/img/note_hold_hi_tomato.png,45749,3eddfc59c79cb0756ff4bcff03debee71c347eb2aa2a521a9747f4508d2ba3bd,PNG,ui-or-game-image,247,379,RGBA,PNG,True,
assets/img/note_hold_tomato.png,50277,32621506031e4244520e49e2b42790794d1b38ef3fffdd34f3e2e80d47236dd1,PNG,ui-or-game-image,247,379,RGBA,PNG,True,
assets/img/note_tomato.png,6020,60d458f2d36dca261026eecc325ea359d673adb1b600785aac7014c294f5cd20,PNG,ui-or-game-image,247,64,RGBA,PNG,True,
assets/img/pack_cell_back_mini.png,4676,166d7794b9c207a0098202b827e96c7328762d96b261462590f8974be47ece6c,PNG,ui-or-game-image,156,264,RGBA,PNG,True,
assets/img/pack_inaccessible.png,139771,c10774e2aea4407da7dcbe4c61cbf12ac021395d0994340102a1ceb06f0ad26f,PNG,ui-or-game-image,252,503,RGBA,PNG,True,
assets/img/pack_selected_overlay.png,6737,1504cfca93cf24a66ded681943ccb5121044cdee28d433daabe3ada83d8bf0e0,PNG,ui-or-game-image,309,559,RGBA,PNG,True,
assets/img/play_cost_regular.png,7920,8b5b4d829931a0b7daf527130cf64dafa2b8acceb5553bc117039eb0d1012463,PNG,ui-or-game-image,197,97,RGBA,PNG,True,
assets/img/plus_partner_condensed.png,2209,41fdd1638ff03f5f12b8139c054ce049c30d5c7009c4e011013d17d3b2c26467,PNG,ui-or-game-image,121,30,RGBA,PNG,True,
assets/img/progress_glow.png,396,5e16715e4ce747eba23093bd7daeaefe3ae59d56a716e3cec11cb4b66cbda321,PNG,ui-or-game-image,22,22,RGBA,PNG,True,
assets/img/purchase_pending.png,32544,5110c2f406a1d6d7414b3a2f317b0a696cd7d6aabfca9e6097c6a627125d672f,PNG,ui-or-game-image,452,97,RGBA,PNG,True,
assets/img/purchase_pending_pressed.png,29049,97c343acb555471a472ccefefef59067b371e4ec8d4769e311c8dc329a9ca4fe,PNG,ui-or-game-image,452,97,RGBA,PNG,True,
assets/img/purple_chara_underlay.png,8167,1205258e5b24777345f5db899b9fec4e0e939b584e7c58bae95c71a8c29defc9,PNG,ui-or-game-image,199,200,RGBA,PNG,True,
assets/img/random_select.png,12918,f498adf30c9749554bd52f7db25801e27fce5d6c38005f8f906972ac27e17f65,PNG,ui-or-game-image,151,74,RGBA,PNG,True,
assets/img/ranking/1080/hash.png,866,a7378db3eda99f180acd86fb420dd5f4e91c51262aa0912cb9e28ac4a6354e39,PNG,ui-or-game-image,22,23,RGBA,PNG,True,
assets/img/ranking/pulse_mask.png,37056,53d69388b6401f7ebc47c143aa26fce1d2ee36d44ad46ee574c25882d3bb3c03,PNG,ui-or-game-image,492,240,RGBA,PNG,True,
assets/img/ranking/pulse_mask_single.png,26736,dfd92c3ba9fdf5a4e910dae9314bbc1a23aabe8023e73feb7cd60bf0ec19f983,PNG,ui-or-game-image,492,240,RGBA,PNG,True,
assets/img/ranking/top_rank_bg.png,23484,5d067fe5e7d05854ab3bb269bf363749d75b4df650fac2746fdbfe6b45fded85,PNG,ui-or-game-image,408,85,RGBA,PNG,True,
assets/img/ranking/top_rank_bg_alpha_clamped.png,20089,d179f1cdf2ebf48821cbe2214759ae28f4f8edb207cf09b1e3c72434957b2550,PNG,ui-or-game-image,408,85,RGBA,PNG,True,
assets/img/ranking/usercell_shape.png,5845,ce7a0b6e0131606ee8acd9a993fa9c93268acb082625ef1c1dae9cc0c66dbe2f,PNG,ui-or-game-image,125,125,RGBA,PNG,True,
assets/img/ranking/usercell_shape_bg.png,32566,9b032a62b66b37b4ffe07cc372cdf5949a94aad19612f1eda050a744be340956,PNG,ui-or-game-image,390,292,RGBA,PNG,True,
assets/img/ranking/usercell_shape_leaderboard.png,7791,29089e148b3825aac80ce2b5844e4e1dbe7cab8cf9a8050061bcc5fcbcb27034,PNG,ui-or-game-image,111,79,RGBA,PNG,True,
assets/img/rating_0.png,9378,01e99b65051c9e17c027cbbcd1d97a7af72cddb03e9612893c863d009129c4c7,PNG,ui-or-game-image,119,119,RGBA,PNG,True,
assets/img/rating_1.png,8949,f4df0a9529d691c3d04899c8fac33aa0e1f6167a6d8f82cf154e999dd047071f,PNG,ui-or-game-image,119,119,RGBA,PNG,True,
assets/img/rating_2.png,9011,06ee8f58715139c1f1249a5baf4ed062eee0c9f0843a3589dc9c4bd32b5df50c,PNG,ui-or-game-image,119,119,RGBA,PNG,True,
assets/img/rating_3.png,14882,52104edcf27a1f4d4db2635da0e33b11a6797a67660f553c3b72f7d7f025abe5,PNG,ui-or-game-image,119,119,RGBA,PNG,True,
assets/img/rating_4.png,16001,5257e84d0a63ec0b8182775beac851f9e88ee40cff0792d4dc5dd946e2fa924e,PNG,ui-or-game-image,119,119,RGBA,PNG,True,
assets/img/rating_5.png,17080,9b96fee07406291d02d398fc847aa7e25ca64c016b4c810adc185714e5fcb6c9,PNG,ui-or-game-image,119,119,RGBA,PNG,True,
assets/img/rating_6.png,17759,59173df837115cc872fcc5199b06444661e9092f6b3904df7d1d863e05a9fd3d,PNG,ui-or-game-image,119,119,RGBA,PNG,True,
assets/img/rating_7.png,14453,3b86f4c6b1e78248e8e94a0c1e14f25ba868c7665e28bad950d479f374c44359,PNG,ui-or-game-image,79,79,RGBA,PNG,True,
assets/img/rating_off.png,6287,ca9be849c25c0f894d552e86b8fc979393021a978a52a352570f08dce88d2e2e,PNG,ui-or-game-image,118,119,RGBA,PNG,True,
assets/img/red_air_line.png,144,30c99b7d9652161fd7f796c16c0bf0873ea1cd41ab5c3a6e4fbdc8ce3c17d717,PNG,ui-or-game-image,1,32,RGBA,PNG,True,
assets/img/redline.png,146,270564d68a8dbfa7699eeb1690b50f1f33d645a441de204bd314c7ce4b0ea5ee,PNG,ui-or-game-image,1,44,RGBA,PNG,True,
assets/img/requirement_fragment.png,12486,a45d31324c37c219adcac12816531d5199148b181327751dd191d2db98f7de57,PNG,ui-or-game-image,228,217,RGBA,PNG,True,
assets/img/results/banner-alpha.png,2714,7dbcaf90d27b1843791833044e2b0cd8d6c372ba8c91ec27d45a518b8f229b10,PNG,ui-or-game-image,1788,305,RGBA,PNG,True,
assets/img/results/banner.png,425687,878e3b4daf7a4931a3ac378e1d18ccced42dd8a00859081d5c3a0c714b828799,PNG,ui-or-game-image,1788,305,RGBA,PNG,True,
assets/img/results/beyond-boost-results-multiplier-all-legacy.png,37059,d9b29a8bb2dfbaa0e27e2b5081e6c9313692b44bfe65c230985909ab793f164e,PNG,ui-or-game-image,407,113,RGBA,PNG,True,
assets/img/results/beyond-boost-results-multiplier-all.png,35302,0d14c7db1abf3cbdd0e807154c610eeca0eca0693f7634e7982921fc435545d5,PNG,ui-or-game-image,407,113,RGBA,PNG,True,
assets/img/results/beyond-boost-results-multiplier-byd-legacy.png,36169,ade517caefdaf5177c6fa811a41a9c058a8718d68d9c48f6359427745a45cd43,PNG,ui-or-game-image,407,113,RGBA,PNG,True,
assets/img/results/beyond-boost-results-multiplier-byd.png,34465,0aa2d7c17dd39083c88b1639de294ff4cacb043e1e5a0edafd78aead1f445f62,PNG,ui-or-game-image,407,113,RGBA,PNG,True,
assets/img/results/beyond-boost-results-multiplier-mem.png,34190,8a3bca097e935e45b3a1babe2c689ab009fd2e3692b63a097088294884b550ca,PNG,ui-or-game-image,407,113,RGBA,PNG,True,
assets/img/results/beyond-boost-results-multiplier-stam-legacy.png,36067,692306c3fb3aaa2daa33d7440ce28fe7a416a7a25c77ff42d24f52bb9606e073,PNG,ui-or-game-image,407,113,RGBA,PNG,True,
assets/img/results/button-backing.png,21010,62361bfe3bfb89bc2e2e766f20443e6deadab45061ac8a70195571eea824af3b,PNG,ui-or-game-image,211,62,RGBA,PNG,True,
assets/img/results/button-pressed.png,9657,da92438e195a6af6d4c4ab1aaae107af7ef27eb0315fda65a02436ccc0a52527,PNG,ui-or-game-image,180,57,RGBA,PNG,True,
assets/img/results/button.png,10193,cd3354814094bd18736e558cfda271b944be4689d0b4341fb74eaa3e9bbe4674,PNG,ui-or-game-image,180,57,RGBA,PNG,True,
assets/img/results/condition-bottom-backing.png,16248,adfd14f6b1e8b0fc5b61150ac5a23196207a76f15fc8395828f85ea97284ea1b,PNG,ui-or-game-image,375,39,RGBA,PNG,True,
assets/img/results/condition-top-backing.png,901,56a214e4b046651696f56bcabda8397b78c50a52d2c56f8043144b9b74ceec76,PNG,ui-or-game-image,349,33,RGBA,PNG,True,
assets/img/results/course_complete_text.png,95516,480b2621bb519e501b42dc8e29aef3f27af3d798ece87aceea06a42e86caad5f,PNG,ui-or-game-image,629,250,RGBA,PNG,True,
assets/img/results/course_failed_bar.png,506921,65e13cc8aaa293363cd807a665c2aad695c152d5ba111ccee06287966cc4a2ac,PNG,ui-or-game-image,2322,547,RGBA,PNG,True,
assets/img/results/course_failed_glass.png,2958037,26ae3c51096d415b6d96b49bb17cdacc2737a866407cb92f476873d27d2d927c,PNG,ui-or-game-image,2322,1122,RGBA,PNG,True,
assets/img/results/course_failed_text.png,80609,c235dccc41b99d337ef4b4473c71f8ccab9ed5a31b115947ab6455632188df22,PNG,ui-or-game-image,609,250,RGBA,PNG,True,
assets/img/results/course_failed_top_shape.png,2034,dcb8a58c4d1c85b11a6af31942a2b47225edfdd3ccea653bfdd40fdff272a281,PNG,ui-or-game-image,650,57,RGBA,PNG,True,
assets/img/results/course_reward_large.png,26952,c8d2770f8cfd75fc9c1bc40ad5203ad61da90fa7b0a8c8a8d3c46a5c99db967c,PNG,ui-or-game-image,371,99,RGBA,PNG,True,
assets/img/results/course_reward_small.png,21303,bdf83ef2fd2495274446f0f65169b4d9a598367fd72e640981fbdf4c2aeeec8a,PNG,ui-or-game-image,272,99,RGBA,PNG,True,
assets/img/results/indicator-l-conf.png,6892,96cda0473db790bfd2f3f94538d93c75638bf09d7ccf66b1638ea3acebb11bf2,PNG,ui-or-game-image,33,115,RGBA,PNG,True,
assets/img/results/indicator-l-light.png,6335,ae52c813e274d90ea16c91d92765d148d7268e5b946f6c07eac68556f1166b78,PNG,ui-or-game-image,33,115,RGBA,PNG,True,
assets/img/results/indicator-s-conf.png,3674,4ebead684a7954dda471b020d999e515299d4f00b5e7bd95293c0054dbfa735a,PNG,ui-or-game-image,23,79,RGBA,PNG,True,
assets/img/results/indicator-s-light.png,3419,014998e9289f8c0a3cb1640b63dff2cd55a53ca51174435c187751e26ff4c32f,PNG,ui-or-game-image,23,79,RGBA,PNG,True,
assets/img/results/prog-icon.png,15701,9c44013bbe623936761bdd9d587bd324a68c958541c229559b3d5758b35838c5,PNG,ui-or-game-image,137,115,RGBA,PNG,True,
assets/img/results/prog-slider_backing.png,1303,d81838d37416747ef61b28a2d7d5b9dc45e1c98f22f25db11c238bad00ff6186,PNG,ui-or-game-image,16,455,RGBA,PNG,True,
assets/img/results/prog-slider_grad-failed.png,484,9230a4c5ab28bbf6d6ec94045652b560e85fd416732494e5b2633746b81aff2c,PNG,ui-or-game-image,7,446,RGBA,PNG,True,
assets/img/results/prog-slider_grad.png,492,576f237d250af3b90af8f9fa2eaaa75d72c3e2f621ec1e726cb7211e2c4ae59c,PNG,ui-or-game-image,7,446,RGBA,PNG,True,
assets/img/results/prog-slider_point-complete.png,1169,f7d5c966c67c8fb5738bc028ff3c3084e72cf556bb818c67488f1288568356d3,PNG,ui-or-game-image,34,34,RGBA,PNG,True,
assets/img/results/prog-slider_point-empty.png,992,8191d946bb730ce34b150e15f0ad5beec5cf3b1cbe45c6880e5c470ccb69a64f,PNG,ui-or-game-image,27,27,RGBA,PNG,True,
assets/img/results/prog-slider_point-failed.png,3944,3a60b5e9cf18646d9991165997da4fda360731d7a41b7dc7d7bd4590ea862035,PNG,ui-or-game-image,75,75,RGBA,PNG,True,
assets/img/results/prog-slider_point-justcomplete.png,3502,ede9b7508d5c4a435bbcc3fb062722163c02a10c3e7c8d8c82712ceac5dd7c5b,PNG,ui-or-game-image,75,75,RGBA,PNG,True,
assets/img/results/score-banner-l.png,1431,78e62d24c767f518550410546e5b826bec3994c942541dd747b818906a32b370,PNG,ui-or-game-image,477,34,RGBA,PNG,True,
assets/img/results/score-banner-s.png,1191,eacd8067c031afbcd58fb54073dc48f160790e3e5b9eb3918e0f89f6a7dcd5d3,PNG,ui-or-game-image,458,25,RGBA,PNG,True,
assets/img/results/score.png,6620,80c731f689c3d158332ba66daf960996723752892825f745354b946f8e85be2d,PNG,ui-or-game-image,338,66,RGBA,PNG,True,
assets/img/results/side-rail.png,62471,ab30a08dc83ba62912559b50ffe9dd1172bd913b30bb3b85537e4309517c024c,PNG,ui-or-game-image,118,490,RGBA,PNG,True,
assets/img/results/tag_course-progress.png,10592,c6c3ba50a2d40e3be527d263342388e77987b605a2440c67e372b8c67c8c2bf0,PNG,ui-or-game-image,234,25,RGBA,PNG,True,
assets/img/reward_bar.png,382,aebefddce545519edeab115108509fc31a9912f585d4ede2e61083a159d0823c,PNG,ui-or-game-image,1281,1,RGBA,PNG,True,
assets/img/reward_character.png,28322,d80c9338e71e12cb48f8bcf959b7bb80d74aabe5b38139c90e29dbea2125738a,PNG,ui-or-game-image,378,328,RGBA,PNG,True,
assets/img/reward_character_nell.png,166677,2d0f8d3fae6953e91b7ca361d1ec3c6fdd5a1a4a402a306b94d85a923801a46e,PNG,ui-or-game-image,435,328,RGBA,PNG,True,
assets/img/reward_core.png,19865,3c8985befd0557bb034db5e214612b856921a06b3e4745f3e1d88956f75c541e,PNG,ui-or-game-image,284,217,RGBA,PNG,True,
assets/img/reward_fragment.png,19262,1080c67ff7273c5a8732df5df5fe57871f601204fbe8ce853f78d2ead4f1f0d3,PNG,ui-or-game-image,284,217,RGBA,PNG,True,
assets/img/reward_memory.png,27119,be577fb95d209e98eafae975dfadab1829936138b18f06639426aca80c8bb8e8,PNG,ui-or-game-image,284,260,RGBA,PNG,True,
assets/img/reward_song.png,7776,274dce1c0f7ebaa1a61a314231c66ee8f1ece184f1194fe1381780326ce39239,PNG,ui-or-game-image,333,88,RGBA,PNG,True,
assets/img/reward_song_beyond.png,30534,0946d6e93373ae14e4c8ae5d09286a809cdf9d2b7add4ca6f7d3bb60a2ec7917,PNG,ui-or-game-image,248,245,RGBA,PNG,True,
assets/img/reward_song_shadow.png,2768,ef2207c6804cbb64e46178ac450e9db884517935f014a61200a76a3d74026337,PNG,ui-or-game-image,278,278,RGBA,PNG,True,
assets/img/right_arrow_mini.png,1139,45ffcec65b24dec348805a9d94335d09f132124b27ab69555539ffeeda1ea10f,PNG,ui-or-game-image,46,59,RGBA,PNG,True,
assets/img/right_down.png,58497,b65d7111a877e36191cdc65511c63440480ea2215a10f189318a87227f3664e8,PNG,ui-or-game-image,253,253,RGBA,PNG,True,
assets/img/right_up.png,58304,b746127b095e225c3dca14febf752ebb1184bd7d59776007d11136b1cd25d520,PNG,ui-or-game-image,253,253,RGBA,PNG,True,
assets/img/saving.png,1627,86795d0e7a28b25ec348292d98757f09edc913b9d3051c89fd66468823025cd1,PNG,ui-or-game-image,45,45,RGBA,PNG,True,
assets/img/scenery/bg_button.png,3832,3ce4d565e601771c7a3dcdf5bdc30bf1a4bb3577449149ad7baafeb2edf03066,PNG,ui-or-game-image,110,111,RGBA,PNG,True,
assets/img/scenery/bg_button_pressed.png,6363,9e598294b8249c4c43fda4069a767b40fb4ee1eb035af8538d8ed135ea360730,PNG,ui-or-game-image,110,111,RGBA,PNG,True,
assets/img/scenery/bg_over.png,11699,5296982639f4fab980e0a0729e610546389b44dc1b96060a5f5c33127fe0f711,PNG,ui-or-game-image,194,194,RGBA,PNG,True,
assets/img/scenery/bg_over_pressed.png,13667,49b2432232d7f21c265de21ce8e8b18bc0de16f7605515183aa1592bd38a4a4b,PNG,ui-or-game-image,194,194,RGBA,PNG,True,
assets/img/scenery/bg_triangle.png,599963,4e48194e1369e64f8410ef124d215255fc62ff678cd1d77937a602ad064a2253,PNG,ui-or-game-image,1071,960,RGBA,PNG,True,
assets/img/scenery/grad.png,162,36ad8944eedadbd5c45a13e9c7a6704f22c415853cf221df515e89c46f69c656,PNG,ui-or-game-image,1,216,RGBA,PNG,True,
assets/img/scenery/scenery_beyond.png,90196,d403b855419fec23bac07a2bcd245a8ac22cea39adf2db2f900163fe28591b4c,PNG,ui-or-game-image,190,190,RGBA,PNG,True,
assets/img/scenery/scenery_bg_default.png,1651127,5a81e98e13c334a2a1dd0a1ef35bb6929b1f83dba8d29ef85616cb367339d5dc,PNG,ui-or-game-image,1914,1437,RGB,PNG,False,
assets/img/scenery/scenery_chap1.png,89365,4de093bd56921f22c5a0c779c9181eced85ced811b7e43a4ec5dc490956c00cc,PNG,ui-or-game-image,190,190,RGBA,PNG,True,
assets/img/scenery/scenery_chap10.png,56099,80058363f46121449cf78ba052783b5139701057755a9db2439693ef4f6e4b0f,PNG,ui-or-game-image,190,190,RGBA,PNG,True,
assets/img/scenery/scenery_chap2.png,73036,13e5960b796274e77147c518af44d9ff8238d16158cb91481e1cb2c6ff60a0ce,PNG,ui-or-game-image,190,190,RGBA,PNG,True,
assets/img/scenery/scenery_chap3.png,86110,e8512c06e32078a2c7de3ec1f6a4345ac3172f8c34c39827bb6e6f44c2868894,PNG,ui-or-game-image,190,190,RGBA,PNG,True,
assets/img/scenery/scenery_chap4.png,89707,11e2b175f51bc89bdd6c701e18f6d60e7b33e15eaaf7f4ca4e0b9fe5752bc077,PNG,ui-or-game-image,190,190,RGBA,PNG,True,
assets/img/scenery/scenery_chap5.png,78640,025ff0a40ba5e8f4b6897042521f065cd9bd780504aa8c0cc614cdb095ce9525,PNG,ui-or-game-image,190,190,RGBA,PNG,True,
assets/img/scenery/scenery_chap6.png,79362,a4b0a7b62020d18f7f2bd528003501820b7e201050f57600c3547c3bcc78cdb4,PNG,ui-or-game-image,190,190,RGBA,PNG,True,
assets/img/scenery/scenery_chap7.png,48871,a9c4e0b9e58ae19c9245b663eaa0a712e545acce0e11c64a90d5665659aeb81c,PNG,ui-or-game-image,190,190,RGBA,PNG,True,
assets/img/scenery/scenery_chap8.png,56696,769e5fba5ee148ea224ede9adf36634b18fa6a0afb584600add73eda48484310,PNG,ui-or-game-image,190,190,RGBA,PNG,True,
assets/img/scenery/scenery_chap9.png,58098,75fc506bd671972fe65053a82d6ae894e8e39f32334f4da8d3b18b87806f0de4,PNG,ui-or-game-image,190,190,RGBA,PNG,True,
assets/img/scenery/scenery_default.png,49379,531c39013380172a0fa1065bbff78808df1224f1177d2fc71b3df9b0565a6228,PNG,ui-or-game-image,190,190,RGBA,PNG,True,
assets/img/scenery/scenery_reward_text_bg.png,2831,e88c8d8b25d54cf49b71574bf325dd756f1f89e88e3dda248c6b5ea2856d4038,PNG,ui-or-game-image,241,45,RGBA,PNG,True,
assets/img/scenery/unlocktext_scenery.png,65560,99f02afed3a8f4a26c24c18709561f7ec3f0ba8a5ea541ccc5fb32d6283b98ea,PNG,ui-or-game-image,957,174,RGBA,PNG,True,
assets/img/scenery/white_back.png,790,1de0c3f8ce325dfc1fc61e93ef8698f18cc69ae30541648a66a5a6bd0a9bbc3b,PNG,ui-or-game-image,311,41,RGBA,PNG,True,
assets/img/shutter_l.png,915767,434340aad7d9e636b10e893a2e1ed6b55b73d240c128949ef5eeb0b24a141a2e,PNG,ui-or-game-image,1216,965,RGBA,PNG,True,
assets/img/shutter_l_finale.png,1184246,8741f1ad2d2514d0bf0db3fb3974e5b71848d91d953d1e8df369b418cc8bd2c3,PNG,ui-or-game-image,1211,960,RGBA,PNG,True,
assets/img/shutter_l_fractureray.png,1307839,8c391e755f78163c4097a0e11753f4af3e9d66024b0d8ffa67c9b9e4fa02bfef,PNG,ui-or-game-image,1170,965,RGBA,PNG,True,
assets/img/shutter_l_grievouslady.png,1103642,54137720ef9842ac25c64fed3f30bf63029a77e9a844b08b26050abc68d3c98a,PNG,ui-or-game-image,1170,965,RGBA,PNG,True,
assets/img/shutter_l_tempestissimo.png,1384315,2f70ec9bd3d1fadf958b0efc31d6dd7af5e8ba509503d05599ad487aba0c6701,PNG,ui-or-game-image,1174,965,RGBA,PNG,True,
assets/img/shutter_r.png,252667,31faa27e1e1c2195a4428576914d70cf15c0a0c04810551f7040efd92889b02f,PNG,ui-or-game-image,425,965,RGBA,PNG,True,
assets/img/shutter_r_finale.png,234523,575964a3053590044becc5e452407024c37526576e467d81f3b56f4eeb8ae456,PNG,ui-or-game-image,414,960,RGBA,PNG,True,
assets/img/shutter_r_fractureray.png,310782,8a5c5c45ec28dc97da32201f51175e1f5aa37283c1e52f295d773bcbef3df8fe,PNG,ui-or-game-image,456,965,RGBA,PNG,True,
assets/img/shutter_r_grievouslady.png,327767,fb6b05ec7ae6c33c844b3b43f527d269608e232e544d6edbc5d83adf7fc8347d,PNG,ui-or-game-image,456,965,RGBA,PNG,True,
assets/img/shutter_r_tempestissimo.png,310342,f873831d015e0e1b68e6f4ba60be4f70676e3478426dae2ec37872e5b6ca114b,PNG,ui-or-game-image,456,965,RGBA,PNG,True,
assets/img/skill_trigger_bg.png,665666,62a22805fc0b497f472ff86869e436fb67617072334ab1a3729c0cfe5d66a610,PNG,ui-or-game-image,1561,418,RGBA,PNG,True,
assets/img/skill_trigger_bg_beyond.png,85741,5fa72a57d331e0088e3292e3e385ddbcf233c183f110798b325a59209c7bd5b6,PNG,ui-or-game-image,1561,41,RGBA,PNG,True,
assets/img/skill_trigger_bg_easy.png,667311,af95302b185af1e8736e12ffac52b499d3426b66bf2d4b578f150356886a5d2e,PNG,ui-or-game-image,1561,418,RGBA,PNG,True,
assets/img/skill_trigger_bg_hard.png,659133,cbb53388a4f90a3c824ce868b8037fa76a9afc42878ebcb01a1d9287ad689a89,PNG,ui-or-game-image,1561,418,RGBA,PNG,True,
assets/img/skill_trigger_bg_ojama.png,677029,969dcfca7988b609d68bbafef03df54b616718bf7549a590dd5af86118ee8795,PNG,ui-or-game-image,1561,418,RGBA,PNG,True,
assets/img/skill_trigger_disabled.png,718376,e4e8dccfb0c4b1ae840e8a5d1ebd2adf3e56f442b7e5ecde250c037a530126f1,PNG,ui-or-game-image,1561,418,RGBA,PNG,True,
assets/img/skill_trigger_text.png,10863,47491b9aa4eb56a022b99ad99fa7b5a53e1c5c289db16c7923cd62d55862ad9d,PNG,ui-or-game-image,277,45,RGBA,PNG,True,
assets/img/skill_trigger_text_disabled.png,10855,a89ecd948e6c99986767eb52afe829d7e476a74081dc3e3cab86cb2b11b12b26,PNG,ui-or-game-image,288,45,RGBA,PNG,True,
assets/img/skill_trigger_text_insight.png,15628,44d2729b9faea1b1be76171deea6841292c94d507e8cabeb89e9a47450eb95cf,PNG,ui-or-game-image,293,45,RGBA,PNG,True,
assets/img/skills/c2/backing-large-frag.png,114,812d723a2be59df673c8f898890a0a0c11c704b5c3b048a2bd0104579c23720a,PNG,ui-or-game-image,4,11,RGBA,PNG,True,
assets/img/skills/c2/backing-large-over.png,114,aabe38bc40c19203fa8ff3daa5dfb5715f5b67d8f240262a96c9a8f0a2a8f5b1,PNG,ui-or-game-image,4,11,RGBA,PNG,True,
assets/img/skills/c2/backing-large-step.png,116,31e58e4f9fec4ee6836ee596eec92bafdd38bc1eaed72826009febcbd11ec9bf,PNG,ui-or-game-image,4,11,RGBA,PNG,True,
assets/img/skills/c2/backing-med-frag.png,112,7be59e42a48685248e9d6c7b6479531406332c6fbc8085ff07ac1823a98616b3,PNG,ui-or-game-image,4,6,RGBA,PNG,True,
assets/img/skills/c2/backing-med-over.png,112,a732ce0a1fa8e74fbeb96994ae5ebf5edab7c1661b1a4a8041e80fdc6b802f83,PNG,ui-or-game-image,4,6,RGBA,PNG,True,
assets/img/skills/c2/backing-med-step.png,112,02ad79de8ecb42815ea079924066585d7923627d9aa38b877c2ae36a0eab4c91,PNG,ui-or-game-image,4,6,RGBA,PNG,True,
assets/img/skills/c2/backing-small-frag.png,89,de9fbceecac20f808a09e2f2012c3fa7dd04358ce159b8b98bfd2d1d30336be7,PNG,ui-or-game-image,6,6,RGBA,PNG,True,
assets/img/skills/c2/backing-small-over.png,89,a066c56745839ce2161e84ff768c4dfc9659238132140a29867c24b5e090435c,PNG,ui-or-game-image,6,6,RGBA,PNG,True,
assets/img/skills/c2/backing-small-step.png,89,2058fb98c95303f89d7f24ce18b4adbca3b991f05281698a4181af96aa99bdec,PNG,ui-or-game-image,6,6,RGBA,PNG,True,
assets/img/skills/c2/empty-divider.png,166,f195ee4bb19bc7a25992b1ff0fb325c1de4bea19bd14bdb06d03923bd6cce2ef,PNG,ui-or-game-image,56,2,RGBA,PNG,True,
assets/img/skills/c2/frag-divider.png,881,c384b3ad15a4eecd1794c58209daa098eae599bae1ce6ab28ef445296ab87f97,PNG,ui-or-game-image,37,49,RGBA,PNG,True,
assets/img/skills/c2/hard-divider.png,910,1de1e385f6bf7246e972c088899d815e445e59eb791f39735881948ffb93e1b2,PNG,ui-or-game-image,37,49,RGBA,PNG,True,
assets/img/skills/c2/health-outline.png,579,3d64bb5fae7d0282699e21c1c8a3b5868b6e6fe7f060e4fb1352170ca459b744,PNG,ui-or-game-image,39,486,RGBA,PNG,True,
assets/img/skills/c2/line.png,74,1c0e39477dc820d5045ec29d78ecd43166aeb188817838bf2190c35c6e303d6f,PNG,ui-or-game-image,2,1,RGBA,PNG,True,
assets/img/skills/c2/node-empty.png,1129,9a63953980f5d34f54ae983e0f8ce526564a350bfaf2648407449e28040307a0,PNG,ui-or-game-image,31,30,RGBA,PNG,True,
assets/img/skills/c2/node-frag.png,1763,6ce96932dbb6e86844cacca3a52c816350cdb65e00e2eacf94675fe9aa4b3d62,PNG,ui-or-game-image,31,31,RGBA,PNG,True,
assets/img/skills/c2/node-hard.png,1758,2cffc42a7c7bf365c3b084769827ca644716f32b8cc5a594129f3621a1888fbf,PNG,ui-or-game-image,31,31,RGBA,PNG,True,
assets/img/skills/c2/node-outer-ring.png,582,029f7f0e04544b2e1fdd958bac092b84c3c5551960f7da80974e9e19ea34c6a1,PNG,ui-or-game-image,28,28,RGBA,PNG,True,
assets/img/skills/c2/node-over.png,1647,2261ba835ad1ddde582a9127d272effaf43529d8220a5f76a624c69ce848f21a,PNG,ui-or-game-image,31,31,RGBA,PNG,True,
assets/img/skills/c2/node-step.png,1663,0ecbc08874bf31ec717cc217111e909057ed2f55b097cadf7d425d3ae8d715d7,PNG,ui-or-game-image,31,31,RGBA,PNG,True,
assets/img/skills/c2/over-divider.png,840,8f274cd86e36ed21eb197d531457e3c352afb399d4b577d0e3b7dc8460fb5b70,PNG,ui-or-game-image,37,49,RGBA,PNG,True,
assets/img/skills/c2/skill_fx_frag.png,18469,25d0bd51cbca5dc01522343853413067d22f3bb1679f928d89bef688e07bf41d,PNG,ui-or-game-image,238,220,RGBA,PNG,True,
assets/img/skills/c2/skill_fx_over.png,19543,1a6ecbbd0b122d68d849ac73b21e9ba28e234952e99e3928ca30690ad3af0de1,PNG,ui-or-game-image,238,220,RGBA,PNG,True,
assets/img/skills/c2/skill_fx_step.png,20450,0a548f27196da0a6479dfc7a71dcb6708ecbb31cb7d0333f81c365f7b2b0fbc9,PNG,ui-or-game-image,238,220,RGBA,PNG,True,
assets/img/skills/c2/step-divider.png,886,999025a309e5e6acf89f6f2a3a75181ba5c647934bca28cfee5569d1e8bec7db,PNG,ui-or-game-image,37,49,RGBA,PNG,True,
assets/img/skylabel.png,4267,8134da89ba291c40419746eed5ea4cc2cd660f94dac7bed98be6c40ed53eb00d,PNG,ui-or-game-image,130,39,RGBA,PNG,True,
assets/img/song_adjust_minus-pressed.png,12264,91ac68500e9de0097638fc4e78ca09f020ae30b4ef5e960164e5d3c34aa837ef,PNG,ui-or-game-image,107,65,RGBA,PNG,True,
assets/img/song_adjust_minus.png,12354,21badca6154edc232bcb77d5ba3bf54bb24b460462ed939aeac12afa5f41f472,PNG,ui-or-game-image,107,65,RGBA,PNG,True,
assets/img/song_adjust_plus-pressed.png,13216,ce6044468ddc9dffc3602085cf97fd80a0ef1937ff19c7323bd8ead11952e831,PNG,ui-or-game-image,107,65,RGBA,PNG,True,
assets/img/song_adjust_plus.png,12737,a79ffc155f62d2f01f917a04a5960b14d065d227cdd1cd8960cd0defd1aacb8a,PNG,ui-or-game-image,107,65,RGBA,PNG,True,
assets/img/song_byd_hidden.png,71616,097663495140df2083d507ff4c168c34817ce039ba72fd9092784a82a4c317d9,PNG,ui-or-game-image,241,243,RGBA,PNG,True,
assets/img/song_byd_unknown.png,72753,0a975c989e1b99ad174f9a947a2a4894df1b57e1a83fbdfb471394177c24d46f,PNG,ui-or-game-image,241,243,RGBA,PNG,True,
assets/img/song_cell_corner_dark_suki.png,6084,962db8966a52c5cfde94c151d71aa644c0e06f64faa36eb258ed4b9fc6012e6a,PNG,ui-or-game-image,94,31,RGBA,PNG,True,
assets/img/song_cell_jacket_hidden_arghena.jpg,3373,b13567479a1eeb747f60d2a98e4a1e2b59ed0c6acae6367685ebab75200d6a97,JPEG,ui-or-game-image,256,256,RGB,JPEG,False,
assets/img/song_cell_lock.png,1022,df8c3826956e45fda77bc9ffc3a497f729850ee71a8a4782e51ea66bb966840f,PNG,ui-or-game-image,57,84,RGBA,PNG,True,
assets/img/song_cell_locked.png,77142,4a4fbf923361f68d60331a1ea11a064e19c22f4069c06cb66c28a3086b586a31,PNG,ui-or-game-image,539,102,RGBA,PNG,True,
assets/img/song_cell_locked_aegleseeker.png,292,b2dff1871d8626729f0f949176b55af76d714fbfb81ad519c2dc2c7fcc210236,PNG,ui-or-game-image,539,102,RGBA,PNG,True,
assets/img/song_cell_locked_alterego.png,292,b2dff1871d8626729f0f949176b55af76d714fbfb81ad519c2dc2c7fcc210236,PNG,ui-or-game-image,539,102,RGBA,PNG,True,
assets/img/song_cell_locked_arghena.png,48025,37d92f414b956db91e895a4d4467a45e425c9c095f71006e06bf76772f529596,PNG,ui-or-game-image,539,103,RGBA,PNG,True,
assets/img/song_cell_locked_finale.png,47664,18364ad27c40a0cf322eabe4d373df2837b8c836def8f757b8f9bace8343fb4b,PNG,ui-or-game-image,539,102,RGBA,PNG,True,
assets/img/song_cell_locked_fractureray.png,105235,32ff07fbadcb949c515ca888e115be4548afe9b3fa42bc390bb0aa9c0ae96fb3,PNG,ui-or-game-image,539,102,RGBA,PNG,True,
assets/img/song_cell_locked_grievouslady.png,41925,c0afd5cae05ac07160cb49a4c1ea25d3a3ec0e69a296d5d014849ca4cac2254c,PNG,ui-or-game-image,539,102,RGBA,PNG,True,
assets/img/song_cell_locked_lamentrain.png,292,b2dff1871d8626729f0f949176b55af76d714fbfb81ad519c2dc2c7fcc210236,PNG,ui-or-game-image,539,102,RGBA,PNG,True,
assets/img/song_cell_locked_locked_tempestissimo.png,39000,e253e0b7ac07cb4e67c24721638bb75f903e12577414816a0f724a63577a29fa,PNG,ui-or-game-image,539,102,RGBA,PNG,True,
assets/img/song_cell_locked_tempestissimo.png,49228,cf550743bec116ef60780b35a2f3728dab4a7f5fdfedbb9dd2aa22511c107706,PNG,ui-or-game-image,539,102,RGBA,PNG,True,
assets/img/song_cell_locked_undyingmacula.png,73666,30d61f9c62d8460cf7b8aca677dc953a99b1a083db4c1d62baa63fa26e79a408,PNG,ui-or-game-image,539,102,RGBA,PNG,True,
assets/img/song_end_shadow_bg.png,284,f30c07d8420d04567376c8937370e5996902ccc64302aa2a4dd82501c4441030,PNG,ui-or-game-image,1,538,RGBA,PNG,True,
assets/img/song_end_t_banner.png,85429,f30a3461a7d64c027d472cea62e5b003af734ef1b7d7760bac7dfe29a7d0f1c0,PNG,ui-or-game-image,1560,82,RGB,PNG,False,
assets/img/song_end_t_text_1a.png,2811,a4bcd1467af643b525ecc4c23705c1ef692b9e93b2389d565d24988950f4fc7c,PNG,ui-or-game-image,1574,78,RGBA,PNG,True,
assets/img/song_end_t_text_1b.png,2091,c9ea462c660c3abdabc5e052115b98f28bf2c571a39c9229657c128a86aab11a,PNG,ui-or-game-image,1133,13,RGBA,PNG,True,
assets/img/song_end_t_text_1c.png,1954,c5daa9014520d3eca78b7d7c60cdee572d45c68b0571a3a0617a3d29f4d45a45,PNG,ui-or-game-image,1150,23,RGBA,PNG,True,
assets/img/song_end_t_text_2a.png,1872,9a9a88841ed6896fdaeef42ee9e46fd81389776d66a912855246b13ea2e7fc75,PNG,ui-or-game-image,1574,78,RGBA,PNG,True,
assets/img/song_end_t_text_2b.png,1862,47249d8d399e13e3e19a1c13a0c8829ad45a0fd6dfb1dccad44239f885d115e0,PNG,ui-or-game-image,1259,13,RGBA,PNG,True,
assets/img/song_end_t_text_2c.png,1465,605945e7c4ee0433f8343799409870a768215c160aa78cbe52cc53e0c0bb8a37,PNG,ui-or-game-image,1278,21,RGBA,PNG,True,
assets/img/song_end_t_text_3a.png,1527,4ba846b301003aed732a1e997064d39af19dca4db4b34baf513499d8380f8cad,PNG,ui-or-game-image,1574,78,RGBA,PNG,True,
assets/img/song_end_t_text_3b.png,1639,bb6e075e65a62ee857d97efa0606fd3bab5b4b7a0319242088e4ad44c3c08bc5,PNG,ui-or-game-image,1191,13,RGBA,PNG,True,
assets/img/song_end_t_text_3c.png,1113,dbd9c40051b82bcc6fe0e6ae3a4832cd79757cc3ca6e0a3bfbd0d5d08aca9ce3,PNG,ui-or-game-image,1205,21,RGBA,PNG,True,
assets/img/song_end_t_text_4a.png,1556,4a221f1cd0d941465b66ea1b958624d91db1e0be088bfa10b2678ed6dd96f963,PNG,ui-or-game-image,1574,78,RGBA,PNG,True,
assets/img/song_end_t_text_4b.png,1551,c98cdba29fc1dad359fe06f679db0e348f78fd08ba5b5f3b0104bf3cebaaf552,PNG,ui-or-game-image,1084,13,RGBA,PNG,True,
assets/img/song_end_t_text_4c.png,1336,4d0f542206a6fe103d85bde800f4f242d179ed8488331acac320b35216ad85ab,PNG,ui-or-game-image,1104,21,RGBA,PNG,True,
assets/img/song_jacket_back_colorless.png,26560,5606f1885a095eb563adb251acfda704d28041e375b2b6e6d8d27bff44a24426,PNG,ui-or-game-image,522,523,RGBA,PNG,True,
assets/img/song_jacket_back_dark.png,3723,deb6c96da2eac73adbc9826e938f0deb4e74dd7a24ade10f7307e88b58f4a2e4,PNG,ui-or-game-image,522,523,RGBA,PNG,True,
assets/img/song_jacket_back_lephon.png,69450,d1f7558bac38085d77570d1c7eeb82cc6d8292a47535441dc42db2dc155bb046,PNG,ui-or-game-image,522,523,RGBA,PNG,True,
assets/img/song_jacket_back_light.png,3856,6aba85750534a858d5a20f6fa322a48b81e51b385286a1cc24a79fa5d97c0417,PNG,ui-or-game-image,522,523,RGBA,PNG,True,
assets/img/songload_shadow.png,29255,a73a8413e8bdd68ae43f3de927afd79b9f1d9aa66263c9aa603d4fad3ebe373f,PNG,ui-or-game-image,1199,612,RGBA,PNG,True,
assets/img/songload_shadow_finale.png,33485,e2d27d436bd7adb0ead069a21455f7ce2324231ef09018f456b0f5b1878fe7e1,PNG,ui-or-game-image,1188,608,RGBA,PNG,True,
assets/img/songselect/1080/button_all_songs-pressed.png,37504,3df806507bb9b3856b5e401e67c04ca9e25111619004cf4cac3ee93363a83b8a,PNG,ui-or-game-image,426,115,RGBA,PNG,True,
assets/img/songselect/1080/button_all_songs.png,36441,c043701f8ebba310559aac6b6cd4c3752e65e61153296f61baa77168f2519f71,PNG,ui-or-game-image,426,115,RGBA,PNG,True,
assets/img/songselect/1080/favorites/favorites-0-pressed.png,35549,d3878cc794e97f8355c2b05df83d38fd906fa5a51447dfa130c90c6928edf48e,PNG,ui-or-game-image,344,139,RGBA,PNG,True,
assets/img/songselect/1080/favorites/favorites-0.png,34064,6107e71e66e4757d8b09cf62d1bf831440c853a972150b1cedf303012f31ad15,PNG,ui-or-game-image,344,139,RGBA,PNG,True,
assets/img/songselect/1080/favorites/favorites-1-pressed.png,58481,1a1f4720dcc1510f3e186dca6b9b8e1ce35047964587e9a1e5d8b6547ab2aa92,PNG,ui-or-game-image,344,139,RGBA,PNG,True,
assets/img/songselect/1080/favorites/favorites-1.png,61428,5335ec118641c232ade64f12b86be7282010719d44f4f1d550f63e86f50f27d2,PNG,ui-or-game-image,344,139,RGBA,PNG,True,
assets/img/songselect/1080/favorites/favorites-1001-pressed.png,53681,6503eb99d3becab6d9acef862c9817ed0f702bf7776b0f866a493138c02db8e2,PNG,ui-or-game-image,344,139,RGBA,PNG,True,
assets/img/songselect/1080/favorites/favorites-1001.png,55951,1aa349041ca1aefc1d198c7b8ec4607ef16b0283152157089a26270f7ede7b20,PNG,ui-or-game-image,344,139,RGBA,PNG,True,
assets/img/songselect/1080/favorites/favorites-2-pressed.png,48651,0494ecee4ddce6bed96c1420116d0a083d190b198c46c3acb43191faeee380b4,PNG,ui-or-game-image,344,139,RGBA,PNG,True,
assets/img/songselect/1080/favorites/favorites-2.png,47549,da365e7c96a4306c046b645c769a0bfc0ad04a69ea06884a56c50adf6b803293,PNG,ui-or-game-image,344,139,RGBA,PNG,True,
assets/img/songselect/1080/favorites/favorites-3-pressed.png,57361,6060a66c1447f5507e7fbd722745e1ee127ee37408be1406eb1d70e93f6b0dd5,PNG,ui-or-game-image,344,139,RGBA,PNG,True,
assets/img/songselect/1080/favorites/favorites-3.png,59447,3a7fea4901258a44b8778001585e3963499b88a70eee83738effd72a3a1aaf5e,PNG,ui-or-game-image,344,139,RGBA,PNG,True,
assets/img/songselect/1080/favorites/favorites-4-pressed.png,55194,59e878db1e91c77f173815e1baaa484254078ac2dc21c40530e85a029da86a01,PNG,ui-or-game-image,344,139,RGBA,PNG,True,
assets/img/songselect/1080/favorites/favorites-4.png,58654,76a0deeebd2a3af860b16aade475689ffa93b2ce4c373184f8330572b9cd9718,PNG,ui-or-game-image,344,139,RGBA,PNG,True,
assets/img/songselect/1080/favorites/favorites-5-pressed.png,55287,e560a2a6574816186cee1a7b9b09b04be2c8fb291f0f1a0c28bc1897d2836a0b,PNG,ui-or-game-image,344,139,RGBA,PNG,True,
assets/img/songselect/1080/favorites/favorites-5.png,58545,28ec332ef7b5bb00fa549153a0077c9b49fc567cc73ec253ffc5d87a9ffa8142,PNG,ui-or-game-image,344,139,RGBA,PNG,True,
assets/img/songselect/1080/favorites/favorites-6-pressed.png,53647,624ee1ca1a7e89ce62d25ed6e9e0f49675d906a906423b9bb300478bf0cb442c,PNG,ui-or-game-image,344,139,RGBA,PNG,True,
assets/img/songselect/1080/favorites/favorites-6.png,55809,a7370c4ffa61b47b8a00b3e9d6e4cde0a338db2cc7b6c8d72d1fd9533172c467,PNG,ui-or-game-image,344,139,RGBA,PNG,True,
assets/img/songselect/1080/favorites/favorites-7-pressed.png,57764,b1dce77d7a0d6e5d04edc5ab9e6f0e15db1e94302838d1aea274ebf7920ee7bd,PNG,ui-or-game-image,344,139,RGBA,PNG,True,
assets/img/songselect/1080/favorites/favorites-7.png,60447,81d19a480a4a3e72e81f403bd358747e676409a1cb709b6451770c9bd6c56691,PNG,ui-or-game-image,344,139,RGBA,PNG,True,
assets/img/songselect/1080/favorites/favorites-8-pressed.png,54515,de8ba26bb0e131dac05decfd3a117e60e5becac6e587c9245af8f3a7e715abce,PNG,ui-or-game-image,344,139,RGBA,PNG,True,
assets/img/songselect/1080/favorites/favorites-8.png,56207,cce95dc041e780d4ec930c42f95eaa1fa0a2bcd105aa2e26af70fe78a47c04e4,PNG,ui-or-game-image,344,139,RGBA,PNG,True,
assets/img/songselect/1080/favorites/favorites-9-pressed.png,50813,6c12423ad27c17952dda9e368f962f0ca170410d1f09367b3faa5e0f7e29de35,PNG,ui-or-game-image,344,139,RGBA,PNG,True,
assets/img/songselect/1080/favorites/favorites-9.png,53058,e811d8fb32157a52c57689d260c48936272f4db8ddb3f43c22093252fb9679c7,PNG,ui-or-game-image,344,139,RGBA,PNG,True,
assets/img/songselect/1080/favorites/favorites-backing.png,4957,4ef3e103a9164b0a7d175d2ce0eac0387242d6e51300a82ee54a52ed69853747,PNG,ui-or-game-image,468,88,RGBA,PNG,True,
assets/img/songselect/1080/song_cell_corner_0.png,25811,e74f88aa2b4ceea5f10b2bac8734ff314347f7dc833657d1ccfad589e5be764e,PNG,ui-or-game-image,167,105,RGBA,PNG,True,
assets/img/songselect/1080/song_cell_corner_1.png,23945,7ef8f3bb8fa280d346d826a39e0d4ba37d1e57b27c1e89c72d2e5aa4e7defb08,PNG,ui-or-game-image,167,105,RGBA,PNG,True,
assets/img/songselect/1080/song_cell_corner_2.png,22741,17ecbb12313ab4f60bcf6085ce2eb5c0970620701dbe35eea017267009a1881c,PNG,ui-or-game-image,167,105,RGBA,PNG,True,
assets/img/songselect/1080/song_cell_corner_3.png,20889,8b9692571552d5693b083cb863b79fae2fcfd73dd58800b6d925b3ccf1dd1b56,PNG,ui-or-game-image,167,105,RGBA,PNG,True,
assets/img/songselect/1080/song_cell_corner_4.png,33469,5e52e4e8493a2459b502fd60be06495c9224796fdec26f200b26d0f018334809,PNG,ui-or-game-image,167,105,RGBA,PNG,True,
assets/img/songselect/1080/song_cell_corner_colorless.png,10891,609a438e6732f867476b6b3d673d51543663ffdd219951890b925754a2c63dd0,PNG,ui-or-game-image,167,44,RGBA,PNG,True,
assets/img/songselect/1080/song_cell_corner_dark.png,10185,a42bcf2c798adb195e2ff708f64aa55829c2cd2951b7dff22ecc4009008e31f3,PNG,ui-or-game-image,167,44,RGBA,PNG,True,
assets/img/songselect/1080/song_cell_corner_lephon.png,11463,54fd88fa9244fb722d05487e104d9ccb96cce204425e618c371ca2a8b4a44cac,PNG,ui-or-game-image,167,44,RGBA,PNG,True,
assets/img/songselect/1080/song_cell_corner_light.png,8114,0c9613bdf1bc753440d7651290fc6e86c8ae2dc7a911551582d7e9247d58f670,PNG,ui-or-game-image,167,44,RGBA,PNG,True,
assets/img/songselect/1080/song_cell_corner_suki.png,11726,8d9c6ea6543b1ebbe23c61fef533246f3747303857281201012ebce533d10204,PNG,ui-or-game-image,167,44,RGBA,PNG,True,
assets/img/songselect/1080/song_cell_right.png,112222,fa28091e63b936bec3a3adbce93ba406355ec111bcc47ce0a904729ddb31c126,PNG,ui-or-game-image,819,184,RGBA,PNG,True,
assets/img/songselect/1080/song_cell_right_beyond.png,152533,7fba880d9f27348318521748a64406fcb4a465c6d94d006095e83fa4cee46671,PNG,ui-or-game-image,819,184,RGBA,PNG,True,
assets/img/songselect/1080/song_cell_right_beyond_selected.png,156965,3a132cda263f0ea28839519a94798c2cb717b4bac8997f42ade06ef67c5041bd,PNG,ui-or-game-image,819,184,RGBA,PNG,True,
assets/img/songselect/1080/song_cell_right_selected.png,118455,4c03356b6421443b3a7624479818a06da35d3a0b63639b8e82463e6b60329c62,PNG,ui-or-game-image,819,184,RGBA,PNG,True,
assets/img/songselect/1080/song_cell_right_special.png,85340,810a2582b2ca2100a3c7c42aadaacdc4f8ebc6d6f9ed32a7c5d85346f150a769,PNG,ui-or-game-image,819,184,RGBA,PNG,True,
assets/img/songselect/1080/song_cell_right_special_selected.png,90868,d84f7808136e9a3a2fe48b8e11bb98ff2720ad0cd330574080d44df44788e0b9,PNG,ui-or-game-image,819,184,RGBA,PNG,True,
assets/img/songselect/1080/song_cell_right_world.png,146061,aa9de7fa2ab7063af3bed3f20d4ef8b64e789343b70d5a52ec1b4ab4e56a379e,PNG,ui-or-game-image,819,184,RGBA,PNG,True,
assets/img/songselect/1080/song_cell_right_world_selected.png,151885,1da40c18e85d6eeae5f1e93c27c5db72f5b4e92990b6ed40537e8ed8e187646d,PNG,ui-or-game-image,819,184,RGBA,PNG,True,
assets/img/songselect/1080/songfilter-filter-button-pressed.png,20395,1ce737a9943ecca098ba68d18043d7cf579514db8862babac6d0672176a8bdb2,PNG,ui-or-game-image,399,127,RGBA,PNG,True,
assets/img/songselect/1080/songfilter-filter-button.png,19957,f542bf71579df319b4a00ef22ded57b375cf0d5377c70bda59bccde3c5c1a99c,PNG,ui-or-game-image,399,127,RGBA,PNG,True,
assets/img/songselect/append_button_back-pressed.png,27293,46b74f1067136da2cec3f5a930a809e467d1cdbf6c6de3a29f3a96d7f306680c,PNG,ui-or-game-image,356,75,RGBA,PNG,True,
assets/img/songselect/append_button_back.png,26626,c6c44ea38aa785f3f0fcc2f1072fe2dfbaa230859712af0a286a6ad234978072,PNG,ui-or-game-image,356,75,RGBA,PNG,True,
assets/img/songselect/append_button_more-pressed.png,53909,6b5db3432bbaf82ee38d73fb93dfc7a10d1c9e9f2ec96b57e64347491c8d51cc,PNG,ui-or-game-image,592,89,RGBA,PNG,True,
assets/img/songselect/append_button_more.png,52670,5d72a798d7398ef66f64df8dd12e63174999604178772b45f6894cf3277e6f69,PNG,ui-or-game-image,592,89,RGBA,PNG,True,
assets/img/songselect/append_icon_back.png,1194,abf3ca14ad03d1d27ff71fa1730c440bb3c1ec1e7ceab3b3a361e3d96b03b870,PNG,ui-or-game-image,21,30,RGBA,PNG,True,
assets/img/songselect/append_icon_more.png,1095,abc4b440a1ddeb358c771666cedecad1e76056432439bad4e6a2c84edfaeab28,PNG,ui-or-game-image,21,29,RGBA,PNG,True,
assets/img/songselect/append_overlay_background_shadow.png,96583,344d7b6b0d7150576e4aa9fcd6bea81beb9e27c2eda818aa7874e69f5fdd7438,PNG,ui-or-game-image,880,960,RGBA,PNG,True,
assets/img/songselect/append_overlay_backshape.png,25390,f73897f717379083b2b2785238d65436065f38473ccd56da18bdcbf75edb6150,PNG,ui-or-game-image,565,160,RGBA,PNG,True,
assets/img/songselect/bg_title_dark_short.png,1157,6cd78367af53e777256d21c58d3d62ad9e7c470d2cba6f193c36bf4b5da4d574,PNG,ui-or-game-image,95,38,RGBA,PNG,True,
assets/img/songselect/bg_white_line.png,1387,e8f5308d74ab2b3feae8ffea6a0d4ad949dc9be03178ce686cde683f6b7a44cb,PNG,ui-or-game-image,5,971,RGBA,PNG,True,
assets/img/songselect/extend_choice_line.png,14538,5b49136badf6f0cbee213b1953b074692b29d685560fc83b9286c2a06b680783,PNG,ui-or-game-image,285,1040,RGBA,PNG,True,
assets/img/songselect/finale-cell-lock-0.png,5336,a00f23827af49448a02f62258d35ae0fc87280e518aa27c0221b8563a8de11ac,PNG,ui-or-game-image,61,61,RGBA,PNG,True,
assets/img/songselect/finale-cell-lock-1.png,5484,f744edb087f8ffa5c1d2ed90714201d2da45a859a9859ecdcbe67dcf7f326648,PNG,ui-or-game-image,61,61,RGBA,PNG,True,
assets/img/songselect/finale-cell-lock-2.png,5309,82d3794ba75c98708c502733add9b72121e9c7bf39d8781a8c664eafbc2fdfc5,PNG,ui-or-game-image,61,61,RGBA,PNG,True,
assets/img/songselect/finale-cell-lock-3.png,5309,8763b3b857b9b1602a3d4b78552768d8e5a9bf1e03a7f907c3e756de834c6f7e,PNG,ui-or-game-image,61,61,RGBA,PNG,True,
assets/img/songselect/finale-jacket-lock.png,12042,e3fd79621f4958f1727b793d2b0c3d6a9888918861623912dc2eea5636fb1c68,PNG,ui-or-game-image,113,137,RGBA,PNG,True,
assets/img/songselect/folder-jump-down-pressed.png,6442,e60a66a2f124f3e43c33eefeab6a918e1891269303903a6d3f239130d488671c,PNG,ui-or-game-image,116,61,RGBA,PNG,True,
assets/img/songselect/folder-jump-down.png,6407,46ea07cfda1d20d96f5c31646fb177c9bf54c05c09fedb79522ebc5e180d41c8,PNG,ui-or-game-image,116,61,RGBA,PNG,True,
assets/img/songselect/folder-jump-up-pressed.png,6413,19ced838070af14c9a86847d078bc60fa1ec3aa8a5212c0f83e2f3fb68fdfeb8,PNG,ui-or-game-image,116,61,RGBA,PNG,True,
assets/img/songselect/folder-jump-up.png,6286,4e2f2788fbdcf5254ed5af9443c20a304c7c153f201edc5e086394c91dc4e9a7,PNG,ui-or-game-image,116,61,RGBA,PNG,True,
assets/img/songselect/icon_down.png,756,70e33b66755eb721f88b9a1b81a8d761cd118e3d052342e2f1e7a1517af59507,PNG,ui-or-game-image,41,28,RGBA,PNG,True,
assets/img/songselect/icon_plus.png,711,6e258a11550fa22dba88946b129be8f415f7a206c0d1d797ef22871621a448ac,PNG,ui-or-game-image,41,41,RGBA,PNG,True,
assets/img/songselect/packselect/chronicle_bottom.png,14410,07b142b54741b09c5bdf938f38a77ef41c472c109d4b44ef6b2439bbe1882fde,PNG,ui-or-game-image,1259,71,RGBA,PNG,True,
assets/img/songselect/packselect/chronicle_bottom_left.png,4950,2e6a2f569c90280e3b004d39af5e2fe1f9b39392b7044495bcd2c3e933d0e76c,PNG,ui-or-game-image,180,71,RGBA,PNG,True,
assets/img/songselect/packselect/chronicle_bottom_right.png,4984,a92079803ddb093bc0fe7ca221f1252e529f45cc102438ab1e796066240e2f4b,PNG,ui-or-game-image,180,71,RGBA,PNG,True,
assets/img/songselect/packselect/chronicle_button-pressed.png,37720,f0a4f793c8b343bf1df74384631131c6518891682a14c4b3cdd77086cb6f51ad,PNG,ui-or-game-image,338,99,RGBA,PNG,True,
assets/img/songselect/packselect/chronicle_button.png,38185,b78d4bef43c0015b09ba7fd9927fa3c1126fac0764050474bd332065b96a8aaf,PNG,ui-or-game-image,338,99,RGBA,PNG,True,
assets/img/songselect/packselect/chronicle_large_frame.png,392308,82713d5a8c06ceebf533b232bfd0f09979de4f94248ef2def0606ff5b74a9ec8,PNG,ui-or-game-image,622,718,RGBA,PNG,True,
assets/img/songselect/packselect/chronicle_text.png,12795,e37a750707650b61494f067c396a214bc0d3b3005430eb13fb3ff4df8f0a1ace,PNG,ui-or-game-image,225,35,RGBA,PNG,True,
assets/img/songselect/packselect/chronicle_top_left.png,5002,af816f8332c8d83c8c5525a73da18a688a5d29354e5278874beed4bda32246e1,PNG,ui-or-game-image,180,71,RGBA,PNG,True,
assets/img/songselect/packselect/chronicle_top_right.png,5183,271b2248f34a1e6a66818018bef9a5219c4b62e7197d153249399dd5f6503c4e,PNG,ui-or-game-image,180,71,RGBA,PNG,True,
assets/img/songselect/pagination-off.png,377,e70893bd50a6bbe3296366bd0a2150dd4c1f9b47988b2dfa9ba053600c7ea60a,PNG,ui-or-game-image,11,11,RGBA,PNG,True,
assets/img/songselect/pagination-on.png,400,59ef9720f809a81e366cbdbb55ea573206ef5de6568a4631ce781e36402d1f83,PNG,ui-or-game-image,17,17,RGBA,PNG,True,
assets/img/songselect/pagination_shadow.png,628,bea9c52b0be6dd83b6c4e168dff44c598e194038bfb6726e226070436248d869,PNG,ui-or-game-image,135,14,RGBA,PNG,True,
assets/img/songselect/random-pressed.png,16126,e40201cdc9185ac1a72117a9f94aa834b6581f7717e806f04c3469014ebbe245,PNG,ui-or-game-image,143,143,RGBA,PNG,True,
assets/img/songselect/random-selected.png,24385,9358441618ba5547938a77501040d4ae762bbcb1f5a39142b053afb4a86748c9,PNG,ui-or-game-image,143,143,RGBA,PNG,True,
assets/img/songselect/random.png,12570,b9c392ccf915e49557a52188b0a553f7974eed807f8a57f9a73d1c29d97dc269,PNG,ui-or-game-image,143,143,RGBA,PNG,True,
assets/img/songselect/random_banner-cn.png,6004,30fc2866a6762442e62714e26652f2d5eb8f5be0216ecbc3ae6400f99a41d007,PNG,ui-or-game-image,439,48,RGBA,PNG,True,
assets/img/songselect/random_banner.png,7726,df821507e85798bf66a28cbccceecaf7b52de5c5add243d6f252a478b5c720a8,PNG,ui-or-game-image,439,48,RGBA,PNG,True,
assets/img/songselect/song_cell_right.png,64091,43ef4cb1a952a1f6471fb617e98402716a2537e9b9c30c981e62f99fce53b05e,PNG,ui-or-game-image,549,123,RGBA,PNG,True,
assets/img/songselect/sort_button.png,16716,1c60fd47afa6625a85591212bc4b2d5a4eed5ae7ab4190cb65ad3f0dc893d8cd,PNG,ui-or-game-image,349,91,RGBA,PNG,True,
assets/img/songselect/sort_button_lpressed.png,18088,422cd046123b18141dc7e5464354b54084ac36ac3140e5f4827b7c72f3d28c05,PNG,ui-or-game-image,349,91,RGBA,PNG,True,
assets/img/songselect/sort_button_rpressed.png,17460,9be9f390d6b4bac0dfa87dfbbae5945b1570b4da575297bf093b14ef1dc6120b,PNG,ui-or-game-image,349,91,RGBA,PNG,True,
assets/img/songselect/tri.png,2092,d2f8d0589eb617863c9189a401bc16047e020d893a4578e3f121f988d31d8834,PNG,ui-or-game-image,57,57,RGBA,PNG,True,
assets/img/songselect/unlock_button_blue.png,22711,a78c958d4c4f8141a2eb766cdc190022912798e89825dea9c9948ace9379f4b4,PNG,ui-or-game-image,202,201,RGBA,PNG,True,
assets/img/songselect/unlock_button_blue_pressed.png,21933,360365d852ead1528392ca18f954fced47a3951f7113f1a91b5d8e70f8901f27,PNG,ui-or-game-image,202,201,RGBA,PNG,True,
assets/img/songselect_random_256.jpg,7047,60d5fcc956be34d29ac132f1385f1817a6a5274b715f289d0b6441f8901123e2,JPEG,ui-or-game-image,256,256,RGB,JPEG,False,
assets/img/sortbutton.png,11152,fa8367544d67978178ca288a944f38f0456301005a9e532028106bf10b336566,PNG,ui-or-game-image,249,91,RGBA,PNG,True,
assets/img/sortbutton_pressed.png,11282,e95cb1ce04df618c462587d76fe992760fcbf9e7a85a52bcbbbe6b2c75a31e61,PNG,ui-or-game-image,249,91,RGBA,PNG,True,
assets/img/stamina_pip_shadow.png,9844,57c082e03717590447c4c7f377a354b1237da01659192bcad97cf2f0f1e3d8c8,PNG,ui-or-game-image,172,81,RGBA,PNG,True,
assets/img/step_banner_plusstamina.png,9609,fc02461a9be73e4b43d9e96dd952ecc5c295dbc22b5139f313fc043fb9b483e2,PNG,ui-or-game-image,224,90,RGBA,PNG,True,
assets/img/step_banner_plusstamina_large.png,24144,0db7d331411f5d6ace994d6ee9c6180f5be32a4b787ab44b8389f83b0e173b0f,PNG,ui-or-game-image,494,184,RGBA,PNG,True,
assets/img/step_banner_random.png,9272,1ff1ef066f64608142e5ab537c80bf6d633bab505dc0ee336fc989270ea86e29,PNG,ui-or-game-image,224,90,RGBA,PNG,True,
assets/img/step_banner_restrict.png,9972,3bb0f05d1bde0761bbda4e0188b8731d518419baf25f917d2f27523de2e10116,PNG,ui-or-game-image,224,90,RGBA,PNG,True,
assets/img/step_banner_speedrestrict.png,10758,9d3a32b02b13a45e728b4625f6e284e300e9c4e5e1f4a9820b9b23e96448f978,PNG,ui-or-game-image,224,90,RGBA,PNG,True,
assets/img/step_path.png,134,0d08a9dfdf0e5089e285227fa2707cf5f8a72e833ab1d05849a77d1c48be9020,PNG,ui-or-game-image,30,1,RGBA,PNG,True,
assets/img/step_path_back.png,88,c48cdfb57e856a1c3341a7c5c7b0b14fa24ce9dc6bd840bc091a6a9cfe10594a,PNG,ui-or-game-image,67,1,RGBA,PNG,True,
assets/img/story/actselect/act-bg.jpg,447464,19c41240aae4a9e2c1076a5d928639e160fa9a6f3329670c65134fd03c92997b,JPEG,story-ui-or-texture,1920,1440,RGB,JPEG,False,
assets/img/story/actselect/act-title-backing.png,3560,1a15a52e23193c489cbb429ef824cd133b48520178ce776e067a39863635eecc,PNG,story-ui-or-texture,357,27,RGBA,PNG,True,
assets/img/story/actselect/act1-part1-pressed.png,241122,fd86439dc99e4738f351a10260cd689ae5586957c37bcb8aa50c532e5510bff4,PNG,story-ui-or-texture,287,579,RGBA,PNG,True,
assets/img/story/actselect/act1-part1.png,253890,eb09bf726a5678bdf86dd209ff431eb2ca7438ca302072d0088e33ab098d3c2e,PNG,story-ui-or-texture,287,579,RGBA,PNG,True,
assets/img/story/actselect/act1-part2-pressed.png,165629,e3ee720473bed27d7a73f8d77a0a32466878af01164c12225e27b419db3471b0,PNG,story-ui-or-texture,288,579,RGBA,PNG,True,
assets/img/story/actselect/act1-part2.png,188283,dc4a5f23efcf55a86901f61173adcf731ae778676f680d7707a8bd2200e989ff,PNG,story-ui-or-texture,288,579,RGBA,PNG,True,
assets/img/story/actselect/act1-part3-pressed.png,221045,6b76e46da05408ae578b2e613eb1acaecab9e464152afc5b62db66a67053afa1,PNG,story-ui-or-texture,288,579,RGBA,PNG,True,
assets/img/story/actselect/act1-part3.png,229755,89354d7732abc12db8e37c86fe20cc80a74a9139bc18fd0c96657ee8e8898188,PNG,story-ui-or-texture,288,579,RGBA,PNG,True,
assets/img/story/actselect/act2-part1-pressed.png,202027,6062f7922a7f494ac04bdf031fbd9ba04368ab315560d6a6176b44457fc43bfe,PNG,story-ui-or-texture,288,579,RGBA,PNG,True,
assets/img/story/actselect/act2-part1.png,218487,b9adb32c8cbfbb1558340b9ecae617a641c78e7e5a08c5542e0a7851cce3f4c9,PNG,story-ui-or-texture,288,579,RGBA,PNG,True,
assets/img/story/actselect/act2-part2-pressed.png,223537,bf36ba8237ac89e46c567909b0aae74dfd22505d1667d139d1e797a09658fecf,PNG,story-ui-or-texture,288,579,RGBA,PNG,True,
assets/img/story/actselect/act2-part2.png,224457,dcfd1710b7c5c0e2a6e0f6121d541219c65bec370c0ec96d8261985be7b8ce32,PNG,story-ui-or-texture,288,579,RGBA,PNG,True,
assets/img/story/actselect/complete-banner.png,17086,3edb916df8dd40f8bd5d996d1e8fdafcc84d95bd61c90da5d1df57811693714e,PNG,story-ui-or-texture,273,23,RGBA,PNG,True,
assets/img/story/actselect/completion-backing.png,3329,4647479d09baa94984bd413b399597d9c5799e4af05c546b810eb7328378774a,PNG,story-ui-or-texture,137,9,RGBA,PNG,True,
assets/img/story/actselect/continue-btn-pressed.png,37677,86a96e2151f545f42311984f8392ca95736d4f4ed404633013e1ca5da242775d,PNG,story-ui-or-texture,397,134,RGBA,PNG,True,
assets/img/story/actselect/continue-btn.png,35811,51fe84f2fe60bf64895554a8e5e5cad3800d01a4a2f96e1c169c52c57b88a5de,PNG,story-ui-or-texture,397,134,RGBA,PNG,True,
assets/img/story/actselect/corner-btn-pressed.png,38234,ce36cc38085f4c3842bce3c996c1d75934dafc68203f1cc6c2aaa80c3f13f14e,PNG,story-ui-or-texture,321,136,RGBA,PNG,True,
assets/img/story/actselect/corner-btn-right-pressed.png,43391,21d359defe2c585f4da85b916edc9502432dace7fba3441d9a8bf2c9bf02fe7b,PNG,story-ui-or-texture,321,136,RGBA,PNG,True,
assets/img/story/actselect/corner-btn-right.png,42064,689999901d7a78f5ef8ce8406d61cb98f60e1b23cd96dc44d9c96be3ebe451a8,PNG,story-ui-or-texture,321,136,RGBA,PNG,True,
assets/img/story/actselect/corner-btn.png,36811,ae830fdba53a5c20b38f4e07df8bad1f904ca2ddf731c17761f7899831091b61,PNG,story-ui-or-texture,321,136,RGBA,PNG,True,
assets/img/story/actselect/partner-btn-pressed.png,31115,48791e79b0fa136d4491756a8fd029f00701454b8db950c9a4cf3dd49d4785e3,PNG,story-ui-or-texture,403,106,RGBA,PNG,True,
assets/img/story/actselect/partner-btn.png,29987,98c6d7845cec1cabd8aacea675644561508ce50fd7df217c176daf2cb3ad3224,PNG,story-ui-or-texture,403,106,RGBA,PNG,True,
assets/img/story/arrow_cover.png,1844,fac70ed6104044a68316153a49c93eec3c2bca892805dc14a5b72e5b141d50b7,PNG,story-ui-or-texture,41,381,RGBA,PNG,True,
assets/img/story/bottom_black.png,166,ffe05dce9d84e20293aff8615df76f825e4e162e55503f80baf2932afdea9087,PNG,story-ui-or-texture,1,297,RGBA,PNG,True,
assets/img/story/button_back.png,6734,2e1393a8cab721408491e0ac5a245333074d5be3fd0b58b160c3eccea76b2934,PNG,story-ui-or-texture,89,89,RGBA,PNG,True,
assets/img/story/button_back_disabled.png,5718,6a23d3a7d6b794d30a7cf441c8da302d90363cc0ba604fd78b09a9a19bb6601b,PNG,story-ui-or-texture,89,89,RGBA,PNG,True,
assets/img/story/button_back_pressed.png,7316,875d1c4f57dae0eb26cc5ad91e44254a8f41ac782abce9fff3bee94b705685c7,PNG,story-ui-or-texture,89,89,RGBA,PNG,True,
assets/img/story/button_continue.png,10820,85a48856b94fb88cb673bcdf6e3ca8abd358b13256988f17fdaf4195652c8f3c,PNG,story-ui-or-texture,116,116,RGBA,PNG,True,
assets/img/story/button_continue_pressed.png,11449,76f832e2f8aa244a6eee45497f108a9d10b6ae5009425ae56df7ba564bc30b6a,PNG,story-ui-or-texture,116,116,RGBA,PNG,True,
assets/img/story/button_finish.png,10321,551901f0c8f6d3bbf09f14d8bf3c9b940a90fb7dfd22cdb84d07c99e1bad7c26,PNG,story-ui-or-texture,116,116,RGBA,PNG,True,
assets/img/story/button_finish_pressed.png,11119,17471312cb114c7d9b9be9636c6e216fc6f2a57d77453151aaa5c6a27c110817,PNG,story-ui-or-texture,116,116,RGBA,PNG,True,
assets/img/story/button_next_chapter-pressed.png,14522,771b164e6b190623ea0e29272f20f64b0d8f3d325bf539e050cb0e8075b4d5eb,PNG,story-ui-or-texture,107,208,RGBA,PNG,True,
assets/img/story/button_next_chapter.png,12759,61bf77ae07eb6d8622e4806d0e31d258728470b4896040713c9d96ad8eb6bca1,PNG,story-ui-or-texture,107,208,RGBA,PNG,True,
assets/img/story/cell-lephon-1.png,39650,8aee7b45443a1200199a1d53d48b0d8f6a323deeb1c019ce39122f4558f3a995,PNG,story-ui-or-texture,193,193,RGBA,PNG,True,
assets/img/story/cell-lephon-1_pressed.png,38563,441d499f20c0b8239819527968b74ff91b527450e8e3b3d000af93b6e15232c4,PNG,story-ui-or-texture,193,193,RGBA,PNG,True,
assets/img/story/cell-lephon-2.png,38988,5f627e9b070baaba5192373a223409210bedebe4c139ef08315dbed392d86967,PNG,story-ui-or-texture,193,193,RGBA,PNG,True,
assets/img/story/cell-lephon-2_pressed.png,39221,ccf2c1fe88fc6779f27618d7639696878252614f65f0e452efe3bd0e95986485,PNG,story-ui-or-texture,193,193,RGBA,PNG,True,
assets/img/story/cell-lephon-3.png,35661,9fb0b678c1c8cbb5cb1e898c2d2da5986e0bbfbfdc0f27df8a04216192d1a8e1,PNG,story-ui-or-texture,193,193,RGBA,PNG,True,
assets/img/story/cell-lephon-3_pressed.png,33501,2d8852f839b829700151ef812b2801d764e26e5da97dc235c10307c36f6f8406,PNG,story-ui-or-texture,193,193,RGBA,PNG,True,
assets/img/story/cell-vs1.png,46297,8c069b9910305a3c5bddaed8185a4febb6c993dafcf0fe2db83147122830636b,PNG,story-ui-or-texture,307,134,RGBA,PNG,True,
assets/img/story/cell-vs1_pressed.png,46540,17a0d5704e5e902b9fdc2fbd06a0cfbc478f4baf0334e2184c0126957459278b,PNG,story-ui-or-texture,307,134,RGBA,PNG,True,
assets/img/story/cell-vs2.png,50379,138c6c76fd9fdcb7c55625d0302a8310aaf47f4dc00a2dce53a262c0b006993f,PNG,story-ui-or-texture,307,134,RGBA,PNG,True,
assets/img/story/cell-vs2_pressed.png,51073,955f14549f06cbeca15030744cfce53baa6d33d43bf644c8f6167247903da0d9,PNG,story-ui-or-texture,307,134,RGBA,PNG,True,
assets/img/story/cell-vs3.png,50234,0aebb62169483f78ef036b6e44fcb1c551634e7643a8b4b1ac2feee376403d81,PNG,story-ui-or-texture,307,134,RGBA,PNG,True,
assets/img/story/cell-vs3_pressed.png,52046,db24c1977f96de1bbf5d208bdd741ef8341cc1a45a927a7cbb472c06af4b4ba0,PNG,story-ui-or-texture,307,134,RGBA,PNG,True,
assets/img/story/cell-vs4.png,49890,d4936ed8b6dcdc27e463b35673c574b7fcd1a824256b7c1535a02e648c498dfd,PNG,story-ui-or-texture,307,134,RGBA,PNG,True,
assets/img/story/cell-vs4_pressed.png,51935,39ded385b08605273be6a34e2f0ecc20ed029c6e7ef45724ab2ea03a30ca01c4,PNG,story-ui-or-texture,307,134,RGBA,PNG,True,
assets/img/story/cell-vs5.png,47537,64fc5724ccbba829b1f89f018c48abe3323a88805f91fb6b10450a207c093b0f,PNG,story-ui-or-texture,307,134,RGBA,PNG,True,
assets/img/story/cell-vs5_pressed.png,43645,b833caeb88e33cf24e9594ad9d97f28dd5873c18181dc9f0cf6010c4d4fdb3c9,PNG,story-ui-or-texture,307,134,RGBA,PNG,True,
assets/img/story/cell-vs6.png,50104,8c3b774f6bc169730d155c0bb7c63190422f2bbab8adc762399b2dcc64db8116,PNG,story-ui-or-texture,307,134,RGBA,PNG,True,
assets/img/story/cell-vs6_pressed.png,51979,3268e3269809625b185eb09a9102292f470499e32826fcd15c8dc6551a0b8d51,PNG,story-ui-or-texture,307,134,RGBA,PNG,True,
assets/img/story/cell-vs7.png,37269,70dd39a70da637b1e3f4652a357768d48470a072a7a962a6fd45cba53231193b,PNG,story-ui-or-texture,307,134,RGBA,PNG,True,
assets/img/story/cell-vs7_pressed.png,34113,822e0a5d4d557d8b182d7b835f4a1317e8d98a19261a49a634ccb98ed4425f61,PNG,story-ui-or-texture,307,134,RGBA,PNG,True,
assets/img/story/cell-vs8.png,34326,c026966c74b1b6a5d99f80038bc7c3ee026fffb2b7d206b2f0b5ce3232d7ab8d,PNG,story-ui-or-texture,307,134,RGBA,PNG,True,
assets/img/story/cell-vs8_pressed.png,27388,f2971670cfa436e47cb9fe5ffc320c347f11bb6eba8bfe33e394a52110cb4acc,PNG,story-ui-or-texture,307,134,RGBA,PNG,True,
assets/img/story/cell_be.png,39153,bc7219093550bb5c794858f7cdf6a28e64e8a2439a44a842b5dbda78e0ca0ca7,PNG,story-ui-or-texture,193,193,RGBA,PNG,True,
assets/img/story/cell_be_pressed.png,36064,f8599d47bfed46206015126d6af652811f4a18502e76420243da3ba4d7bc7a95,PNG,story-ui-or-texture,193,193,RGBA,PNG,True,
assets/img/story/cell_crimsonthrone.png,33621,95fd9e3b3ff8c7a7934dd6d4f460d9f38ac6159d6f7642c782505b82bdabc8f1,PNG,story-ui-or-texture,193,193,RGBA,PNG,True,
assets/img/story/cell_crimsonthrone_pressed.png,34290,1365ab7dcd9dc920150cb28298a722f404f5c91f2478f093f91ea64d84658e1c,PNG,story-ui-or-texture,193,193,RGBA,PNG,True,
assets/img/story/cell_livefastdieyoung.png,40100,aad8049a6f6076cefc2286e5623e64e8c54798211d4cfa193684648c2155e4a9,PNG,story-ui-or-texture,193,193,RGBA,PNG,True,
assets/img/story/cell_livefastdieyoung_pressed.png,39618,67b9829de29543c0e065f0d5a181c0e036735efc7d16aadfeba12d62084cb70e,PNG,story-ui-or-texture,193,193,RGBA,PNG,True,
assets/img/story/cell_livefastdieyoungpressed.png,39618,67b9829de29543c0e065f0d5a181c0e036735efc7d16aadfeba12d62084cb70e,PNG,story-ui-or-texture,193,193,RGBA,PNG,True,
assets/img/story/cg_indicator_stronger.png,3081,a47da3f62aa79cb0089575d059f510ef311dbdf20e0138f3ff02d212315883e4,PNG,story-ui-or-texture,92,48,RGBA,PNG,True,
assets/img/story/character_bg_panel_double_vert.png,15416,1772644a807ef8214e59b7dde7909499f275b5978fbbb6d844fbdeda218b0b49,PNG,story-ui-or-texture,66,215,RGBA,PNG,True,
assets/img/story/character_bg_panel_single_vert.png,12493,d058ae653a8338f7f4ad9a93585382df3124d488c574bd520ebc0a7e4daf19d2,PNG,story-ui-or-texture,66,161,RGBA,PNG,True,
assets/img/story/double_white_arrow.png,3498,80b934954162f75d7bd17bc9988532c0ed6196d7ace1ed2e70fe7323272c2cbd,PNG,story-ui-or-texture,69,80,RGBA,PNG,True,
assets/img/story/double_white_arrow_pressed.png,3023,13b15f1c6e7b12ba710219e2892311c20c93df516d0084aaaedd2407c5b6a4a6,PNG,story-ui-or-texture,49,60,RGBA,PNG,True,
assets/img/story/entry_acheron.png,33483,d9005c9c23cbe5f74afc10ef2eca2e5bea1f6c21c2e6c59b996d86c68436f58a,PNG,story-ui-or-texture,193,193,RGBA,PNG,True,
assets/img/story/entry_acheron_pressed.png,35884,9604f825571f24ab323b292e2b21caab367ebc4688e237073ee2f1396da98b7a,PNG,story-ui-or-texture,193,193,RGBA,PNG,True,
assets/img/story/entry_aegleseeker.png,41052,46612f5f7378be72ea334e87bbe139f51ed43a7ae3bbdad0c1aceca0f3c5c73b,PNG,story-ui-or-texture,193,193,RGBA,PNG,True,
assets/img/story/entry_aegleseeker_pressed.png,40996,991a0d6bd7265ca03536a3963f85a43437f7bf7ca0f580eb48f9e44ab63f4038,PNG,story-ui-or-texture,193,193,RGBA,PNG,True,
assets/img/story/entry_anima.png,35395,a29eafa04cafa58e0a080767bb179ff60b837dfff22f568542a413c2f6101e51,PNG,story-ui-or-texture,193,193,RGBA,PNG,True,
assets/img/story/entry_anima2.png,32073,28c8017a0bf5195edd92d8122224ea60960b82a55faf23e9e636d62bab04ae79,PNG,story-ui-or-texture,193,193,RGBA,PNG,True,
assets/img/story/entry_anima2_boss.png,33965,f7f43efd5194f78e304929d82383b8c012519edd863d5a613eab6e278eb910af,PNG,story-ui-or-texture,193,193,RGBA,PNG,True,
assets/img/story/entry_anima2_boss_pressed.png,35050,1a9ea7def3c8b65806ed458d93288b7f8c4e5d6b3ec893e9c34eac5b06837d5b,PNG,story-ui-or-texture,193,193,RGBA,PNG,True,
assets/img/story/entry_anima2_pressed.png,26710,9da7227339a7ae1959e61d9666f8cfdaaf7e0327b942d3b175feca341f69b965,PNG,story-ui-or-texture,193,193,RGBA,PNG,True,
assets/img/story/entry_anima_boss.png,34216,0e0468020aa863292f0107dffd6ecc37924f3dd17ab77813b57d9ca33b6c01d6,PNG,story-ui-or-texture,193,193,RGBA,PNG,True,
assets/img/story/entry_anima_boss_pressed.png,35012,a162f7a9865cde7885cd5aec62d571e1c42c18081df3a819d191ed39b61a12c9,PNG,story-ui-or-texture,193,193,RGBA,PNG,True,
assets/img/story/entry_anima_pressed.png,33148,0e98661487d537a11d0a120adb1790938b4e6f50a62572a8a95b1509abe29c64,PNG,story-ui-or-texture,193,193,RGBA,PNG,True,
assets/img/story/entry_apophenia.png,28491,6c92a271faef5edac146f1919992e7d32aee4129ee5a136492afcd17926763aa,PNG,story-ui-or-texture,193,193,RGBA,PNG,True,
assets/img/story/entry_apophenia_pressed.png,29323,e41bf78c275055c206293aae7478e193e23c9720396520d1f3a57ae3bbab23bb,PNG,story-ui-or-texture,193,193,RGBA,PNG,True,
assets/img/story/entry_arghena.png,44984,b581bf990053e771f7b907ded52eaf7a45e4c7fdecdd9b03d18f827986b0d931,PNG,story-ui-or-texture,193,193,RGBA,PNG,True,
assets/img/story/entry_arghena_pressed.png,42048,69337cf683d4f12d445484ec220946b62f39b420117b3decd6385194bd975f6e,PNG,story-ui-or-texture,193,193,RGBA,PNG,True,
assets/img/story/entry_ayu2_boss.png,39174,316d0e46816a742063c5e983ed033ed1c713aeedca9cfadebd9ec9803ae29267,PNG,story-ui-or-texture,193,193,RGBA,PNG,True,
assets/img/story/entry_ayu2_boss_pressed.png,39624,860981b75ea7d6b575b9feb180a3f46370d5c377d5cc0310fcb8a9deef8314ca,PNG,story-ui-or-texture,193,193,RGBA,PNG,True,
assets/img/story/entry_ayu2_new.png,34857,bed72fb08bba5065bea175cbe2a182be706ace9ccd9269029fc5145b6d3738c2,PNG,story-ui-or-texture,193,193,RGBA,PNG,True,
assets/img/story/entry_ayu2_new_pressed.png,35078,8cae0d35d514789e5b82edc2d16e8b79271c7b2e23425a300fbc0b086a68475e,PNG,story-ui-or-texture,193,193,RGBA,PNG,True,
assets/img/story/entry_con.png,35505,36279aff584aac2e1335d483fc8f569df5f1283fd19104f415e685d2ecbfeab9,PNG,story-ui-or-texture,193,193,RGBA,PNG,True,
assets/img/story/entry_con_pressed.png,36288,7e67f7abfe3dee0f74faacb8b427b4a050572e8727e78023ca38bebf861cb2b8,PNG,story-ui-or-texture,193,193,RGBA,PNG,True,
assets/img/story/entry_cyaegha.png,38795,d0c8a79c1d4e40afdf1e52612755b672f05a92aaf7cbfbb142f1949682342b67,PNG,story-ui-or-texture,193,193,RGBA,PNG,True,
assets/img/story/entry_cyaegha_pressed.png,38586,339b0cff4490123a9c611158d6d0677455e799c23a5aee0a73bbe4a0d7b2ac2e,PNG,story-ui-or-texture,193,193,RGBA,PNG,True,
assets/img/story/entry_ec.png,43121,45096eafb43ce6415bef73fc35cec70e10c097f07608bdab944584b3456b55d2,PNG,story-ui-or-texture,193,193,RGBA,PNG,True,
assets/img/story/entry_ec_pressed.png,38601,4730cc5f46c0d771724e4aa5338a84ee187f680b0a9edd8b480546cac98db7e4,PNG,story-ui-or-texture,193,193,RGBA,PNG,True,
assets/img/story/entry_eclipse_1.png,35259,7627742d5b809d52e51aa58ab026257ea8fe599da6464b2e0f2fbeb3a0c989f4,PNG,story-ui-or-texture,193,193,RGBA,PNG,True,
assets/img/story/entry_eclipse_1_pressed.png,33227,1be6a289778c8fd124781a61324ac79a8512df1330da2df6e875fd2f398df295,PNG,story-ui-or-texture,193,193,RGBA,PNG,True,
assets/img/story/entry_eclipse_2.png,36642,56a345c027d1f7de50f28133f5881d124f76b0bfcc776424877dda1a56100d7f,PNG,story-ui-or-texture,193,193,RGBA,PNG,True,
assets/img/story/entry_eclipse_2_pressed.png,38116,a584f2315b29c4b3f283e15c9f2445eb778bbcd08c32c7382b12758bdc68ece4,PNG,story-ui-or-texture,193,193,RGBA,PNG,True,
assets/img/story/entry_ep.png,40781,ff4a57d067622303e5e0b6bd5b9745d41c599b73c5c3ce8bf8bc5a6b303d38e5,PNG,story-ui-or-texture,193,193,RGBA,PNG,True,
assets/img/story/entry_ep_pressed.png,37128,da73d7693f1e54756cc304e49161ccf290d077b0f4b8a098a8b9cbe9064734b1,PNG,story-ui-or-texture,193,193,RGBA,PNG,True,
assets/img/story/entry_felis.png,41117,68c5b4a33b3bd9711cecf8757e9aecba195ba351ff8d92e99909cecd7a97dc70,PNG,story-ui-or-texture,193,193,RGBA,PNG,True,
assets/img/story/entry_felis_pressed.png,40881,5c55535ccff91c0e8fbec00d71abccabe71acd7af0759c7b2e7f9382741f1bc4,PNG,story-ui-or-texture,193,193,RGBA,PNG,True,
assets/img/story/entry_finale.png,154129,3f3b064b4c39609e9aa4e292e6dc185aba44bae0e214c15a060a0a9ce0123888,PNG,story-ui-or-texture,412,412,RGBA,PNG,True,
assets/img/story/entry_finaleOpen.png,154257,3c0bb72fb6d8d5b004896d64bfb8d10493646ee332f49b5cef004ce230fb7245,PNG,story-ui-or-texture,412,412,RGBA,PNG,True,
assets/img/story/entry_finaleOpen_pressed.png,151210,e949fd7f957f34a957909c4775a8d837acd4f8981e28c9abc471e89fa23862dd,PNG,story-ui-or-texture,412,412,RGBA,PNG,True,
assets/img/story/entry_finale_pressed.png,151542,4bc129b8579af63f709f2ba4f807a60bac09904ed9efdebaeafa63c711b5f14d,PNG,story-ui-or-texture,412,412,RGBA,PNG,True,
assets/img/story/entry_gimmedablood.png,35571,5e4ee9c9bc5e76e53aa0402efc167025611ed040123315d81d528b0c4e3e5810,PNG,story-ui-or-texture,193,193,RGBA,PNG,True,
assets/img/story/entry_gimmedablood_pressed.png,27468,71df49c204e2f11150b2215bb1f1a226481b34b6da589997c641838f8f7cb980,PNG,story-ui-or-texture,193,193,RGBA,PNG,True,
assets/img/story/entry_gr.png,32964,a2b5e50f1b58d9b7ee2c177f811fe7d1e3813fa16cc9d15144af868ddaeec8bf,PNG,story-ui-or-texture,193,193,RGBA,PNG,True,
assets/img/story/entry_gr_pressed.png,34194,298ff9bbe35aaef513e4556ebe56a907ac6bd240e879eec42257125dc95f7316,PNG,story-ui-or-texture,193,193,RGBA,PNG,True,
assets/img/story/entry_init.png,42267,bbb3f23c2492037cf5d9c342db15ce79a4ea547b666728668b1e6655fdfea513,PNG,story-ui-or-texture,193,193,RGBA,PNG,True,
assets/img/story/entry_init_pressed.png,41308,2990f435961acad32f681a1edaca03aa7c8aed776735b4db7fb8b7c49418747e,PNG,story-ui-or-texture,193,193,RGBA,PNG,True,
assets/img/story/entry_kanae.png,38013,85a53cf435b09ad2bf0b054fd87c0f3e79e1a01b7e60ef843d2632a0c716a0cf,PNG,story-ui-or-texture,193,193,RGBA,PNG,True,
assets/img/story/entry_kanae_boss.png,34952,7e3616d6f7a0f0eb68200d1b7abc3d8e6a3f279bd412d09fbd6a491dc992bcd7,PNG,story-ui-or-texture,193,193,RGBA,PNG,True,
assets/img/story/entry_kanae_boss_pressed.png,34021,b33c9847bd007e8bc70b0d5b1cdb275f4efbdf2941b63d7fc6119733799db049,PNG,story-ui-or-texture,193,193,RGBA,PNG,True,
assets/img/story/entry_kanae_pressed.png,35629,5ec0be499bef9dacbe74adacb2659d8f85fbe31004f8cf688d54293fd80f86c4,PNG,story-ui-or-texture,193,193,RGBA,PNG,True,
assets/img/story/entry_lagrange.png,37282,8e447009c0eece7a26f20d7aa815cc3e7db52ec0c39ecdd3b7dc66e512a200b7,PNG,story-ui-or-texture,193,193,RGBA,PNG,True,
assets/img/story/entry_lagrange_pressed.png,35903,3bd202d3f68273ba4c7259ac9f670a23d558bdf4a63687288facb18611ecfbf5,PNG,story-ui-or-texture,193,193,RGBA,PNG,True,
assets/img/story/entry_lightningscrew.png,40504,4c93cfff6e576339192292849434e1b5071a38c99576608c46ed8bd128614393,PNG,story-ui-or-texture,193,193,RGBA,PNG,True,
assets/img/story/entry_lightningscrew_pressed.png,38403,77e7347e602b8a43c80013249f80aca1bd709c72acfbccbfc65e321b87ee60ac,PNG,story-ui-or-texture,193,193,RGBA,PNG,True,
assets/img/story/entry_ls.png,33393,94724f5286c787153b7e9094f2ddebf42c80beca2a03ad4bb59696e4a145b344,PNG,story-ui-or-texture,193,193,RGBA,PNG,True,
assets/img/story/entry_ls_pressed.png,35114,09b2074afc7dcdaf95b62bf8c9e986abdb5d585d97835b220341825cf657a866,PNG,story-ui-or-texture,193,193,RGBA,PNG,True,
assets/img/story/entry_maya.png,34155,0f645264b2dac3b4c4331f2f4f27a865ce654de5d113566a8039ef1f3e42e41f,PNG,story-ui-or-texture,193,193,RGBA,PNG,True,
assets/img/story/entry_maya_boss.png,41049,b21f9907dc853edec715997bd80852823f4de70d8e38c870e277764c05801283,PNG,story-ui-or-texture,193,193,RGBA,PNG,True,
assets/img/story/entry_maya_boss_pressed.png,36248,b4464298c0c13118566db99e1f85b27210a4b10a62f63ff2125966100d0f813d,PNG,story-ui-or-texture,193,193,RGBA,PNG,True,
assets/img/story/entry_maya_pressed.png,29761,d328a8bbe5ed9fc106c0b1333e4e1e687b502df0ccad1f6157d1089e926789da,PNG,story-ui-or-texture,193,193,RGBA,PNG,True,
assets/img/story/entry_mir2_1.png,38653,9e290b672479a18a3f6009247f8c1ad4dff690339ee3aba989da121cca2a7677,PNG,story-ui-or-texture,193,193,RGBA,PNG,True,
assets/img/story/entry_mir2_1_pressed.png,35082,d78fb002cda07bb6a0cc273bba2fa626ca61066275fd42e15b51dd1c1e76f7b7,PNG,story-ui-or-texture,193,193,RGBA,PNG,True,
assets/img/story/entry_mir2_2.png,37018,ccb1aa22fdbf4bcdfb740c6722dcdc1a5fbbe4d9dbe9fead4d22c894c877b671,PNG,story-ui-or-texture,193,193,RGBA,PNG,True,
assets/img/story/entry_mir2_2_pressed.png,33680,5119d8588b3f4c8174e3f6abb674a6fa8344cdf05c4de93b746ab89760fce315,PNG,story-ui-or-texture,193,193,RGBA,PNG,True,
assets/img/story/entry_mir2_3.png,35857,2314b0c4d277cb234f758d3e27c6d20059098d76abf4cd2221c1c5ed3cf7c089,PNG,story-ui-or-texture,193,193,RGBA,PNG,True,
assets/img/story/entry_mir2_3_pressed.png,38309,af61c3d91d2039cb110b865187d5484e13acd8bf2648195a22aea2528aadafc9,PNG,story-ui-or-texture,193,193,RGBA,PNG,True,
assets/img/story/entry_mirai.png,21138,d1815a537c861c959228039be83d3b459b76d4800d53056c33ca40cecc45d06b,PNG,story-ui-or-texture,193,193,RGBA,PNG,True,
assets/img/story/entry_mirai_pressed.png,23084,8a6c423de6a529c5395a8bc7f64de71484bdf80ae7aa3fd0d1d404cb04b4fc15,PNG,story-ui-or-texture,193,193,RGBA,PNG,True,
assets/img/story/entry_neowings.png,40172,657668b56e31c73dff4ad2a77b147b5e90a0ddaced5087aebd23f8fd4540d0f7,PNG,story-ui-or-texture,193,193,RGBA,PNG,True,
assets/img/story/entry_neowings_pressed.png,34238,d3a1ebc7afc42bc7a6da2941195aea1ee95192427b5719f0e29696af858fb9a0,PNG,story-ui-or-texture,193,193,RGBA,PNG,True,
assets/img/story/entry_nihil.png,35960,6e57326902bd5e255db65082e3a94c7f595e018ffd7d35984c70d06d9580d13d,PNG,story-ui-or-texture,193,193,RGBA,PNG,True,
assets/img/story/entry_nihil_boss.png,38412,11769ab3a36a3bd0c7c4fede969dc7a5364a13dae04733155ace5ce292f64539,PNG,story-ui-or-texture,193,193,RGBA,PNG,True,
assets/img/story/entry_nihil_boss_pressed.png,38463,843fecc4a8da42b1038182b360459ea5f31485bdb8223f993d4593d59d116623,PNG,story-ui-or-texture,193,193,RGBA,PNG,True,
assets/img/story/entry_nihil_pressed.png,32392,4a277c145ed84913af9e74e54ba80f9367af00ef203c4ecc363818b227c286ac,PNG,story-ui-or-texture,193,193,RGBA,PNG,True,
assets/img/story/entry_prelude.png,31934,ef74b115885772f396e1f1b8e69e4cd7a2be841a768162b080c4c39499ee77ab,PNG,story-ui-or-texture,193,193,RGBA,PNG,True,
assets/img/story/entry_prelude_pressed.png,33784,f635961284f2a6e259e71215e258022f4c87af62cb2e46ee6d69639fcc3f41a4,PNG,story-ui-or-texture,193,193,RGBA,PNG,True,
assets/img/story/entry_prologue.png,37671,054d4945221ccf15f888e03a41f28a5226f78f80ae55c14a61d728570204fbef,PNG,story-ui-or-texture,193,193,RGBA,PNG,True,
assets/img/story/entry_prologue_pressed.png,36618,b9d746dc13c0017c6a484bb62bd9dc11d2a2d2ab3c7adada5a0420a16fcd3b5a,PNG,story-ui-or-texture,193,193,RGBA,PNG,True,
assets/img/story/entry_rotaeno.png,36279,5089db79268680fa08552015eff3e27d0c12546d975dc3904c29ed5d96ce65b9,PNG,story-ui-or-texture,193,193,RGBA,PNG,True,
assets/img/story/entry_rotaeno_boss.png,38397,b5b4000d1e7941bd379ed57f612800679477079add8c0beb340ec7ad7b17dd1b,PNG,story-ui-or-texture,193,193,RGBA,PNG,True,
assets/img/story/entry_rotaeno_boss_pressed.png,40270,01939b6b7f2dc6980219cc173206daf51611ae717099795ddfa334349e5d2b07,PNG,story-ui-or-texture,193,193,RGBA,PNG,True,
assets/img/story/entry_rotaeno_pressed.png,38081,2489b1745a9430cb5ebb42392b233bc2dad78d7eff075c463bfb971c8527abec,PNG,story-ui-or-texture,193,193,RGBA,PNG,True,
assets/img/story/entry_sans.png,30474,6a6baee86dee0775e541043a198c372d65c77e8c8f903ea7f7f8b4e6218716ff,PNG,story-ui-or-texture,193,193,RGBA,PNG,True,
assets/img/story/entry_sans_pressed.png,32479,17a7e725431eb852bdb8ef8abbe9cc15ffeb7c5d9e11533e9df4db63798f09b6,PNG,story-ui-or-texture,193,193,RGBA,PNG,True,
assets/img/story/entry_severededen.png,39616,344802c655fec526674788614bf00d3ed9fec13a63238ab42424041bae62ee56,PNG,story-ui-or-texture,193,193,RGBA,PNG,True,
assets/img/story/entry_severededen_pressed.png,38324,7a09f4562fb3684c51af07af56e8d110d8ba3e66fdc79777580093bcb44c0a2f,PNG,story-ui-or-texture,193,193,RGBA,PNG,True,
assets/img/story/entry_shiawase.png,33396,781c117ab773c9891604e843205e8027233061ce37f6c3cb03f2616deffe935b,PNG,story-ui-or-texture,193,193,RGBA,PNG,True,
assets/img/story/entry_shiawase_pressed.png,31462,3fabb971787d23c5735aecee2acb6bf16e8b48a941d0c5b0965db367fee532f7,PNG,story-ui-or-texture,193,193,RGBA,PNG,True,
assets/img/story/entry_shirabe.png,36647,c26c28e47dcbf6ed6dd2bf3a5b8348ca8af4f3316e1b41c1dcff21d9ca9efaab,PNG,story-ui-or-texture,193,193,RGBA,PNG,True,
assets/img/story/entry_shirabe_pressed.png,32285,2ffa848f5a2bac573e57efbfbc31761d8d6a9e11b5351894786bcf6617577de7,PNG,story-ui-or-texture,193,193,RGBA,PNG,True,
assets/img/story/entry_switch.png,39368,92310bd4d2dec42f54fb96ceabaf401ee9ce711bb6b6fe61ba65c73d054904c0,PNG,story-ui-or-texture,193,193,RGBA,PNG,True,
assets/img/story/entry_switch_pressed.png,39771,f64ab983df91698071355553b91c28672d78e8a2c67ee113e95d618921ddf034,PNG,story-ui-or-texture,193,193,RGBA,PNG,True,
assets/img/story/entry_tothemilkyway.png,40280,16c7ec8ad64fc4807cd79d70e9c9dffedaa8586489d70d2e1d280759a41fb616,PNG,story-ui-or-texture,193,193,RGBA,PNG,True,
assets/img/story/entry_tothemilkyway_pressed.png,41444,1e4dca6650bbf148a72fa67b02e62b8a9e817564f4cc13063aad668aad64ee46,PNG,story-ui-or-texture,193,193,RGBA,PNG,True,
assets/img/story/entry_vita2.png,29797,84b7f8c850362a62b184ba31681ede13e626ba43394130351eb767ee379ffcb5,PNG,story-ui-or-texture,193,193,RGBA,PNG,True,
assets/img/story/entry_vita2_pressed.png,30505,6f035eae4573fa9c44bc733f3be2730608b93a6f91d378b895dd2c3a70ece435,PNG,story-ui-or-texture,193,193,RGBA,PNG,True,
assets/img/story/entry_vl.png,34194,b562dcf09de3f06089696cee3857f5e47a64d79dde55c57d7efd7c1d7a17fe78,PNG,story-ui-or-texture,193,193,RGBA,PNG,True,
assets/img/story/entry_vl_pressed.png,34044,85b8a0796f433fb19727f436346bd86d3a61bec149cb3aa06812032f9c289fd1,PNG,story-ui-or-texture,193,193,RGBA,PNG,True,
assets/img/story/entry_z.png,39656,716ab202e50a557c499fe4ad43dd2bc6e9ed16b6d99fffacceb93c5cfe19e4a7,PNG,story-ui-or-texture,193,193,RGBA,PNG,True,
assets/img/story/entry_z_pressed.png,39308,84d18151ae0d000f515f9a789a9d1f65f32a1d02dcac16bce698f0ce8f882a16,PNG,story-ui-or-texture,193,193,RGBA,PNG,True,
assets/img/story/gradient-mask.png,44838,dd14640017d20e024fb01dfe0bed9107eecaec03d47f178052ae5d9f5e5b9021,PNG,story-ui-or-texture,1083,585,RGBA,PNG,True,
assets/img/story/icon-hidetext.png,974,f38ef86c594c66f6b813d0d9a6ef6ee105f5b10db6695690f5540fe6cb5d52ef,PNG,story-ui-or-texture,30,26,RGBA,PNG,True,
assets/img/story/icon-quit.png,974,a415aa71fcbf0f568e37307c6fcc171bee7be864f36599ca002fb20adb5ce78d,PNG,story-ui-or-texture,29,26,RGBA,PNG,True,
assets/img/story/icon_vn-menu.png,1855,caf9647038edeab26f007c2da59a9c8cabc3f21cd7906ac1f876dd6a68ee7027,PNG,story-ui-or-texture,45,21,RGBA,PNG,True,
assets/img/story/lasagna.png,18167,b82dc0862152b8946f6b92dd93e2d9381427ac6411b519405578c32c7c300b0d,PNG,story-ui-or-texture,312,235,RGBA,PNG,True,
assets/img/story/light_wipe.png,153038,87d52d7dde1b3f1636789d60ad3bac715a609a8d6940786dac9bac3711b3dbc1,PNG,story-ui-or-texture,1920,1081,RGBA,PNG,True,
assets/img/story/reflected_shard.png,63089,a65942b4934cd1f9e2f2e5f493eedfd24cdc54f7043e5b74899b957a08117f7b,PNG,story-ui-or-texture,241,531,RGBA,PNG,True,
assets/img/story/reflected_shard_softer_edge.png,91937,9e60c80f93ec78a192a14b89dafec09088d79dc513692175e5ee167d70dc889d,PNG,story-ui-or-texture,239,477,RGBA,PNG,True,
assets/img/story/side_black.png,234,a19b5660986e8a5af77c6b7cfcfe9e78059e23175f622a721883ac70bf31eed2,PNG,story-ui-or-texture,616,1,RGBA,PNG,True,
assets/img/story/story_pack_divider_horizontal.png,2976,c8d219a70c3cddf251516e5ef15ea013ad826109107df6b9d5e7de293bb42de4,PNG,story-ui-or-texture,1341,36,RGBA,PNG,True,
assets/img/story/text_backing.png,556186,a1bb6564278033e54c75a160561020f26e8c81ee8525a0abd5afa9daccdeea32,PNG,story-ui-or-texture,1460,865,RGBA,PNG,True,
assets/img/story/title-lock.png,5398,c2a20910dbef45ff22f10ea9e14d4d3e540ff53e00e7591cbd5c491a23ef9971,PNG,story-ui-or-texture,45,58,RGBA,PNG,True,
assets/img/story/top_line.png,366,c34b72f96317719689a7418139189b7c131f5e2105f15a5f45eb68f7524a3e35,PNG,story-ui-or-texture,4,189,RGBA,PNG,True,
assets/img/story/vn_menu-pressed.png,6299,ebbc3802d1bc7233b5e0a40f71461ff4a6254102deb67597850132949056893c,PNG,story-ui-or-texture,155,126,RGBA,PNG,True,
assets/img/story/vn_menu.png,5358,bf4800b9aee013f9de9fca15ad03a7a789c686acb18a4ea18caba5b3502496f6,PNG,story-ui-or-texture,155,126,RGBA,PNG,True,
assets/img/story_bottombar.png,11440,1efe9ac06729eab51b2fd8f54b732b1225fb8d74a66356e5e5aa17b0c6a8f1ec,PNG,ui-or-game-image,1920,94,RGBA,PNG,True,
assets/img/story_ex_line.png,218,fa77faf642556780095c801249d4b7b6e3254eab9ae466056c4e10d2189b9575,PNG,ui-or-game-image,51,1,RGBA,PNG,True,
assets/img/story_pack_lock_message.png,67217,6aca8d8dd7913300cbc0ea8fe324966ec1f8658807f5b0f9cf20fc20358ee7a5,PNG,ui-or-game-image,1271,152,RGBA,PNG,True,
assets/img/story_unlock_corner.png,34473,b6005938a6395c58f957b43001859df447c8ab196f5abbd49f3fe0f353532b2d,PNG,ui-or-game-image,530,377,RGBA,PNG,True,
assets/img/suki_on.png,2021,dfb5c777f8b8062f86ec44bcebdae112ed6687edf15a2a637319345af81ab938,PNG,ui-or-game-image,47,44,RGBA,PNG,True,
assets/img/t_bg_darken.png,62596,0cd1d6d475d89870815ff7a519b859797547bc39d46ae6bd11eff317dec0c8e9,PNG,ui-or-game-image,574,640,RGBA,PNG,True,
assets/img/t_difficulty_cut.png,1122,98c2d03e13fca675da3da28b217329d982bd1d057aee7fb993dfaba285a66f1e,PNG,ui-or-game-image,160,55,RGBA,PNG,True,
assets/img/t_shadow_bottom.png,153,e4bf098c84b91fb45a1663cc6d6d188d7ec5e8f04e23005d56e61ea722f53518,PNG,ui-or-game-image,1,350,RGBA,PNG,True,
assets/img/t_shadow_top.png,164,be8f685b3046a6892d9db036443afa5f3feff6e86368d18863d67bd3bfcad8ee,PNG,ui-or-game-image,1,185,RGBA,PNG,True,
assets/img/terminal-forgotten.png,78142,134b97a123c7590605303addf6c2a9fd07e4b9a6bdc00e41717f33499e9d6af8,PNG,ui-or-game-image,772,140,RGBA,PNG,True,
assets/img/terminal-song-obtained.png,183340,4fcf80e99bef94e2a8e0c5a15b230c9bb218f44f8fb1fa9b70b7d6f4a065a673,PNG,ui-or-game-image,961,258,RGBA,PNG,True,
assets/img/tick.png,2499,11f50c9239065eea96531dc4c07d932e40c08c2a402022497fddec8f6e0acb09,PNG,ui-or-game-image,108,84,RGBA,PNG,True,
assets/img/ticket.png,29276,75148587a8380eab11700de6a4baa70d814210da033f87f37d504c538dd19615,PNG,ui-or-game-image,128,128,RGBA,PNG,True,
assets/img/ticket_top_bg.png,3586,520d979b34d0df0f07b59888a8a0a6085013dff4a0b3ea4f99aef9ffafd31d73,PNG,ui-or-game-image,375,56,RGBA,PNG,True,
assets/img/tile_pointer.png,557,f3ee583285ccc599aab41b6ea97c340f7e9f871c8bde4eb9e4f3e0032eb96e1f,PNG,ui-or-game-image,118,35,RGBA,PNG,True,
assets/img/tiny_down_arrow.png,203,192ddc2e040178f029bef9bd28005cd4aac1d71a7354a1118f2247d5016b7593,PNG,ui-or-game-image,17,9,RGBA,PNG,True,
assets/img/tiny_up_arrow.png,205,2e1dab21b2322f715fcbe40243174b4113c69c8c0ef1e47ad2362138d70afb28,PNG,ui-or-game-image,17,9,RGBA,PNG,True,
assets/img/title_back.png,7114,e2b706c6a64b72c9beb721b6fc8048806c719b6cc6b8f908ee9f4636b985dd86,PNG,ui-or-game-image,476,58,RGBA,PNG,True,
assets/img/top_white_shadow.png,199,3353ca493474860a9f1d289d857150dd9c74ee34167fddbd1f4b3540970bc6ac,PNG,ui-or-game-image,1,310,RGBA,PNG,True,
assets/img/touch_effect.png,149168,f62aa82e34969c11cf8057f08927574f71ed7d2f5fc1918c65f304de15a7f4a4,PNG,ui-or-game-image,512,512,RGBA,PNG,True,
assets/img/track.png,6961,1d6648ce5033811b892e292c214edb4f4c86bd9d1c9c3ca34857bcb193032707,PNG,ui-or-game-image,1024,256,RGBA,PNG,True,
assets/img/track_arcana.png,7176,5d956b6467bc6d30e3df607278b7f08640afdc159fad6cae916ffb0f49e64b0c,PNG,ui-or-game-image,1024,256,RGBA,PNG,True,
assets/img/track_black.png,6431,8f6bd9afd7971e2b518a830cc09f79f47652f11fb346307ccd8c89f6e6c6db8b,PNG,ui-or-game-image,1024,256,RGBA,PNG,True,
assets/img/track_break_mask.png,3183,0ee739657898d61ec337db629bb0576fab3854944b7aae02548f3a6144cf8982,PNG,ui-or-game-image,1024,256,RGBA,PNG,True,
assets/img/track_colorless.png,10173,7aaec2e0b815b6ae41c69338c0c5db8be3c03dd02d1d510b3deadc28e30135fc,PNG,ui-or-game-image,1024,256,RGBA,PNG,True,
assets/img/track_critical_extra_dark.png,136,abf0a2c66c9a3b616fd0fae1d36a639608cd075cdf542c321b98d93d043e0496,PNG,ui-or-game-image,1,27,RGBA,PNG,True,
assets/img/track_critical_extra_light.png,107,63b05e74231c30820e0281d9121ad2a927ed996bbf431ce26247a12b017dae64,PNG,ui-or-game-image,1,27,RGBA,PNG,True,
assets/img/track_critical_line.png,143,7fe0fdcc5072a424e89017d8dd363f66ad093637a387a2d49a5cc0f7a2826e2c,PNG,ui-or-game-image,1,27,RGBA,PNG,True,
assets/img/track_critical_line_colorless.png,148,44e505645ed4369a1f8e988a261a754b7ef259bf510637c4e10f69a39c17b74f,PNG,ui-or-game-image,1,27,RGBA,PNG,True,
assets/img/track_critical_line_dynamix.png,141,066a22db3aa2d9f40d11fb622b7aae3a1becefc1e36f7cdf365cfb3b620f12d2,PNG,ui-or-game-image,1,27,RGBA,PNG,True,
assets/img/track_dark.png,6981,d0223e95ee66684c3ca97be15e93f47eb78f4cc15f55cd5c8a7209ccfe49445f,PNG,ui-or-game-image,1024,256,RGBA,PNG,True,
assets/img/track_dark_nijuusei.png,7614,b98af02f0437672330230894c66e8d72ca5c4a477ba903188535a0cd7fc31568,PNG,ui-or-game-image,1024,256,RGBA,PNG,True,
assets/img/track_dark_vs.png,7430,ba21d0118bd8d604f12ebe186a9b406119f1a215612ca57e381b644109b7cfe5,PNG,ui-or-game-image,1024,256,RGBA,PNG,True,
assets/img/track_extralane_dark.png,248,1038da6d940c82f7b40ce9618cc7a3396176593a15f80e00a3b197a78573bd8a,PNG,ui-or-game-image,1,1000,RGBA,PNG,True,
assets/img/track_extralane_light.png,172,3d03846d0be4512bdb60d980a3e664d35226efbe184d1ae22ddc1de61b90938a,PNG,ui-or-game-image,1,1000,RGBA,PNG,True,
assets/img/track_finale.png,6749,0cc85103e1ec5142e2429e62bcc90f3cf93bd3cf406e592c89f713a1ca7b04d4,PNG,ui-or-game-image,1024,256,RGB,PNG,False,
assets/img/track_lane_divider.png,2047,f5b927deebc84968193dccdc4f4df8e86f5fa013c97dc70106cd2ff4ab92b700,PNG,ui-or-game-image,12,796,RGBA,PNG,True,
assets/img/track_pentiment.png,7832,fa0517e27f8e44761b74eb9b2eb4008f6908bdbdb63b544849361391ad8f8032,PNG,ui-or-game-image,1024,256,RGBA,PNG,True,
assets/img/track_rei.png,5699,7aca9050470de555fdd1476cf6ba4a43c12a4a4c9a7e79a73e5736511ec5998d,PNG,ui-or-game-image,1024,256,RGBA,PNG,True,
assets/img/track_tempestissimo.png,6634,56a38b0b1bddfdc289ef8f4958604fcf274b31b580c19421f84e73e92ea16aa6,PNG,ui-or-game-image,1024,256,RGB,PNG,False,
assets/img/triangle.png,1544,b7a986d0f4eb6f45f588e1747d4ba8615ad16783e761df82477bc82cb3e0ff2e,PNG,ui-or-game-image,42,39,RGBA,PNG,True,
assets/img/triangle_lightborder.png,608,6e547861ed7d81b1891d34df3aeac928149c2b258aa1ffba0e8bccea99a4b376,PNG,ui-or-game-image,25,23,RGBA,PNG,True,
assets/img/tutorial_arrow.png,7835,a0a727189132ff2b40d404f6032878da7f786497ebf792aa4d3d3baca8e1b649,PNG,ui-or-game-image,102,155,RGBA,PNG,True,
assets/img/tutorial_banner.png,250515,492f3b008041ad594caac14e45ec9f10150ff5dc380809552890ec8730688b52,PNG,ui-or-game-image,1401,491,RGBA,PNG,True,
assets/img/tutorial_beyond_boost.png,23308,c306c4680110fd8635c3fa9ac7ddf0a8a499f2fe6ac6a9f68692f008f9e3e60d,PNG,ui-or-game-image,633,127,RGBA,PNG,True,
assets/img/tutorial_v2/Background_message-high_wider.png,71122,2497f1b6bf14083d49ab1128c3bb6eecb635428a2628dfb754cc3cfb742f1352,PNG,ui-or-game-image,1145,213,RGBA,PNG,True,
assets/img/tutorial_v2/Background_message-low_wider.png,19623,b0171c1c06cb7b713d2e5f14d18bb0eab9586a98d7af106a8934ca721fc4a6b1,PNG,ui-or-game-image,993,161,RGBA,PNG,True,
assets/img/tutorial_v2/Bottom-guide_left.png,5979,3d0ac8d036537990a366b8285d18c62c5db203715b052648a97a271434378dfc,PNG,ui-or-game-image,619,65,RGBA,PNG,True,
assets/img/tutorial_v2/Bottom-guide_right.png,7596,5b8538c056761f2fedd6cb006fb0d7a14d8041bfa74a45be7ce28e43ddbaf6d3,PNG,ui-or-game-image,620,65,RGBA,PNG,True,
assets/img/tutorial_v2/Buttons_down_B.png,1650,a14638be3eca3fa4ce52e939b70c4ed16b47c93c9403b87d80fcf9fa9e596667,PNG,ui-or-game-image,93,34,RGBA,PNG,True,
assets/img/tutorial_v2/Buttons_right_Y.png,1607,8d06b65116850d1f06fe77307be8e66f207249619e0ab3d77ee9e8fc99fee83c,PNG,ui-or-game-image,93,34,RGBA,PNG,True,
assets/img/tutorial_v2/arrow_note.png,4516,f4aec1b437208aac561927280d0b69700f83ea7739000a2c29542aeda45a0ac4,PNG,ui-or-game-image,73,107,RGBA,PNG,True,
assets/img/tutorial_v2/arrow_sky_above.png,3014,7a294770a03536934df309c2e5f85e2dbd69956506876a078d69ca091c1a7312,PNG,ui-or-game-image,73,49,RGBA,PNG,True,
assets/img/tutorial_v2/arrow_sky_below.png,3173,5dd0d481fbe78b495ff4af1b368ad47044185e62f0d3c7b1366ff1cc1de74f64,PNG,ui-or-game-image,73,49,RGBA,PNG,True,
assets/img/tutorial_v2/background_message_high.png,71113,20427e4254d492458da79ed505498c9b4baf6ae96f194c1171509ded82acc548,PNG,ui-or-game-image,1098,226,RGBA,PNG,True,
assets/img/tutorial_v2/background_message_low.png,18998,35cc4204abe16d8901b7b79dd3d8d6691397b78504c6c778ba2d12955e2fc323,PNG,ui-or-game-image,946,161,RGBA,PNG,True,
assets/img/tutorial_v2/switch-button-layout_left.png,5659,80a01eaf306e85016ed624a24fbadbd97ca7b50a0f8aeb004b94dd104783dafd,PNG,ui-or-game-image,117,156,RGBA,PNG,True,
assets/img/tutorial_v2/switch-button-layout_right.png,4506,ba5c5fb8d5b4cb218c4a1e01f696d74a194800991778cfda97da326577ca7809,PNG,ui-or-game-image,118,156,RGBA,PNG,True,
assets/img/tutorial_v2/switch-button-layout_switch.png,10019,323a812cd1be26141e29748d99a2d8de3c315cff17d5c5550d2e6475251c2db1,PNG,ui-or-game-image,313,132,RGBA,PNG,True,
assets/img/tutorial_v2/switch-general-help_btn-left_v2.png,11291,e5824b57a264520b8ab126cc98e684a1ebd99acbe0db31b55bc58d95a1e6e81d,PNG,ui-or-game-image,619,65,RGBA,PNG,True,
assets/img/tutorial_v2/switch-general-help_btn-right_v2.png,12935,fa9c3c4a09c055126f794280cb3ae8c9c1d81c2e6c2d9e741c0a2c5168085862,PNG,ui-or-game-image,620,65,RGBA,PNG,True,
assets/img/tutorial_v2/switch-inputs_long.png,26809,69fbff943fe4dcd8a2ff772cc67429f18db3ed9cabbf5654b1cf4666500f5fdf,PNG,ui-or-game-image,350,219,RGBA,PNG,True,
assets/img/tutorial_v2/switch-inputs_skynotes-swipe.png,164715,49b0081ab54ed7b92acb7f9721c2296f83a303367432d72c8261fe0107a038be,PNG,ui-or-game-image,1280,344,RGBA,PNG,True,
assets/img/tutorial_v2/switch-inputs_skynotes-updown.png,168096,93d150d58c8377e94531da6905eabd96acb107d79fcae1692f1abd0e6d0a055f,PNG,ui-or-game-image,1279,344,RGBA,PNG,True,
assets/img/tutorial_v2/switch-inputs_skynotes.png,167697,594079a7ed59d42ae1a81fbf819d851d2bc98d87ac422bb82301de46f858ffe9,PNG,ui-or-game-image,1279,344,RGBA,PNG,True,
assets/img/tutorial_v2/switch-inputs_tap.png,19515,c06153b851788f09dd996ccdbbb80ee2d05086187b2c02c805bf632df6eb6e7c,PNG,ui-or-game-image,350,173,RGBA,PNG,True,
assets/img/tutorial_v2/switch_general_help_stick_left.png,3295,a07fa9c1d5718709fdd659912bd4f7cd33ce17772b2e38a69961df03ffd5fe07,PNG,ui-or-game-image,63,62,RGBA,PNG,True,
assets/img/tutorial_v2/switch_general_help_stick_right.png,3533,bc3d264abedd1c27de0962fd6304e2f8dcace4776a604740014f2a090e28ece5,PNG,ui-or-game-image,64,62,RGBA,PNG,True,
assets/img/tutorial_v2/touch_inputs_long_note.png,28087,f8bcb0bc9be71866cd531464f2ac47a86f5d094e273c6cf4d325ce1aad3bafd5,PNG,ui-or-game-image,350,219,RGBA,PNG,True,
assets/img/tutorial_v2/touch_inputs_long_note_thumb_var.png,26450,b675bc539614c74e4b940074435455bc1e4ae0adeb1ab862e7131278f2a15127,PNG,ui-or-game-image,350,219,RGBA,PNG,True,
assets/img/tutorial_v2/touch_inputs_skynotes.png,167334,5fb45ca25dbbd29cafd9c4e32f5239f39ebbe26dae1fe6e5442faa1e141fbf35,PNG,ui-or-game-image,1279,344,RGBA,PNG,True,
assets/img/tutorial_v2/touch_inputs_skynotes_swipe.png,166935,a17b7ae83a506ea15aa97adb6bfb047eee35c48fc47a1e0cbb52e8782e799172,PNG,ui-or-game-image,1279,344,RGBA,PNG,True,
assets/img/tutorial_v2/touch_inputs_skynotes_updown.png,167730,0bb12c0a54f047c99150d596c6ccbc7c7402e415ab920b86cd5d9f8396499279,PNG,ui-or-game-image,1279,344,RGBA,PNG,True,
assets/img/tutorial_v2/touch_inputs_tap.png,25519,c4eb3ebea1a952f6e31ec03660294b778804b04c2b256feab65d08c55510abc4,PNG,ui-or-game-image,350,173,RGBA,PNG,True,
assets/img/tutorial_v2/touch_inputs_tap_thumb_var.png,23972,154d4151d24f50a2925ddd384f54b3882bdb56bf2aa86e07e7e324ca4024611d,PNG,ui-or-game-image,350,173,RGBA,PNG,True,
assets/img/undying-macula-particle-layer.png,469379,f23cd685f27e6701394aed85dcdf4baf26ce22d53fde29f89c36a1e7aedb6b36,PNG,ui-or-game-image,2048,2048,RGBA,PNG,True,
assets/img/undying_macula_horizon.png,1660350,9d3cc3dda08308c0308116ceef2b353f5df2d0042c4a790ec3ac5e0d3bf3c565,PNG,ui-or-game-image,1920,1440,RGBA,PNG,True,
assets/img/undying_macula_horizon_spin.png,770905,6bc4177239b72805175d0abf6e500c1c77ccecf4c07d50d7405ef82b85035fbc,PNG,ui-or-game-image,1920,1920,RGBA,PNG,True,
assets/img/unlocktext_character.png,62121,f8011ba6ad9f13c1ae4db86dd4f9c05be2dc466c2d561e1cf0d9501945eef37e,PNG,ui-or-game-image,1047,153,RGBA,PNG,True,
assets/img/unlocktext_character_l.png,125580,bbc6372141afee88df89e39fb0e421da57d528a25e9b30298e03fea2e2a10798,PNG,ui-or-game-image,1137,298,RGBA,PNG,True,
assets/img/unlocktext_currency.png,26083,99a8d3799feb080f25c0d535b312e7f63666c0c43f591ce6ad30eb33b66a2d56,PNG,ui-or-game-image,391,125,RGBA,PNG,True,
assets/img/unlocktext_map.png,62287,da97972e64b6b1950df4ff6f1f2c45c1fad5ed8c51f61fa5cfe7537a7d7206c1,PNG,ui-or-game-image,727,99,RGBA,PNG,True,
assets/img/unlocktext_song.png,59954,e5c7e18f225e38f1e94938e3fd134c03ada3d895cf5459382b498dc95f12ebcc,PNG,ui-or-game-image,838,149,RGBA,PNG,True,
assets/img/update_pack_back.png,3348,edb7c31fb6fcd70fa696b661bdab9879db5b6c7850132b5a88bafca37dfe4f40,PNG,ui-or-game-image,206,375,RGBA,PNG,True,
assets/img/update_pack_back_glow.png,8925,575ba7538de7b30962cd66fc234e813d7d6f7f747b5d1c050a2da30c824f9bcd,PNG,ui-or-game-image,209,381,RGBA,PNG,True,
assets/img/update_pack_diamonds_back.png,14350,20dda231f697b6621a8c32e4e7b1adfbac2f5db234af53d85f841c6b792c9e37,PNG,ui-or-game-image,242,400,RGBA,PNG,True,
assets/img/update_pack_diamonds_back_glow.png,17230,68d68805a097d97186f84040cea7a968fca93723595cf2325820c9bfd7899767,PNG,ui-or-game-image,242,400,RGBA,PNG,True,
assets/img/update_song_back.png,2157,5a3f7f0de88d9801befe291ff93b3860d340e4edd06707efa14262b061611f83,PNG,ui-or-game-image,257,257,RGBA,PNG,True,
assets/img/update_song_back_glow.png,5529,30cebcc866a427cb6f6b70274ffbf0ba0c72bdde16dc67d42e7bc0fbf73ecca8,PNG,ui-or-game-image,260,263,RGBA,PNG,True,
assets/img/wall.png,41276,b171b889025a50a6dcd024d33430f2552d6fe74f292cff003e01d52af3b939c2,PNG,ui-or-game-image,256,256,RGBA,PNG,True,
assets/img/warning_icon.png,6566,c84b82d959a437f43bd52d892650275ec1f12a6a242fce9edd0602e99eccd319,PNG,ui-or-game-image,126,87,RGBA,PNG,True,
assets/img/white-trans.png,70,482a18eb975091b28cb560e4db17862c876cc7234ae8b67d1600799b00277d97,PNG,ui-or-game-image,1,1,RGBA,PNG,True,
assets/img/white.png,69,9853e99cb7e9817f7ee8b6fb9ade7c8e023d2520647034a098f7f85ed81e9cb0,PNG,ui-or-game-image,1,1,RGB,PNG,False,
assets/img/wip.png,1387,bf1bc354301ff0dd1b6cfef7feb00de34618df6e3071164a7df5a71d05b3bcd6,PNG,ui-or-game-image,1560,36,RGBA,PNG,True,
assets/img/world/0_b.jpg,59479,b3f545a91df17a3fd64d35c42c68924dc9d5149fd6f2e89258f2798d4abfee9a,JPEG,world-mode,1280,960,RGB,JPEG,False,
assets/img/world/0_d.png,156129,68703719ceddd613b68fef6e0c5ddaa004583ddba0f6e97c07a7ccc1508d9528,PNG,world-mode,543,545,RGBA,PNG,True,
assets/img/world/0_t.png,18419,563f2dfb35b2e12a32d291c768380300a4124cebdecebd0fc03acd78c801c113,PNG,world-mode,318,167,RGBA,PNG,True,
assets/img/world/1001_b.jpg,281602,f11d3ec4c5dfa87d8c35ac08773bebc23250a877bc0c94810a6aad61c418fd5a,JPEG,world-mode,2048,2048,RGB,JPEG,False,
assets/img/world/1001_d.png,336120,a654aaadc5791cfce24f044b651f47d8096919671bee8013cf2b31215b2fbf15,PNG,world-mode,543,545,RGBA,PNG,True,
assets/img/world/1001_t.png,32569,49bd06921ff3067cae4bcb7e45b4b28b5a96bb74bf9e62e46eb29a20b3a7097c,PNG,world-mode,318,167,RGBA,PNG,True,
assets/img/world/1080/0.jpg,363298,6cf12a874384897fa2903318194982999cf5fafce404963b3d69a2587fcbbf51,JPEG,world-mode,1920,2297,RGB,JPEG,False,
assets/img/world/1080/1.jpg,1247448,49bac089d48788b7110c474b0d80f25661c4ef7fb2b4683b7e05cce6ec62995e,JPEG,world-mode,1920,3072,RGB,JPEG,False,
assets/img/world/1080/10.jpg,2354549,2b16a7196c3139f709ed6d13730006594b34dc2306dde1952299a703a8a12536,JPEG,world-mode,2106,3744,RGB,JPEG,False,
assets/img/world/1080/1001.jpg,1606553,f415bdb08719c4d63c00d1363ba539fe9d62a0f07e0c0b6fa6e6803ce4b4dd6f,JPEG,world-mode,3072,3072,RGB,JPEG,False,
assets/img/world/1080/2.jpg,851561,11c6f20c65d0f8fb65d7dda84c99bb7f12b9b82aaa5426985e6f9975d97c30e8,JPEG,world-mode,1920,3072,RGB,JPEG,False,
assets/img/world/1080/2001.jpg,962479,520b6e2132136f80d99145ccacbc286f362d2faa6dbfefdf59db569b92ac806b,JPEG,world-mode,2022,3425,RGB,JPEG,False,
assets/img/world/1080/2002.jpg,649832,c764a603f928445b2ecdee8fb07129e828efdeed34832b52d0387c054349441c,JPEG,world-mode,1920,1440,RGB,JPEG,False,
assets/img/world/1080/2003.jpg,1559406,5e6324468977c306160a59572affbff760a871c0be10093cf3be71e9dd79a212,JPEG,world-mode,1920,1440,RGB,JPEG,False,
assets/img/world/1080/3.jpg,1865656,9b98992cb8d2c45dcb8ec7ee54c30e8fa5ea81f1fd3faa52141745a30ba061f8,JPEG,world-mode,1920,3072,RGB,JPEG,False,
assets/img/world/1080/4.jpg,2520447,1e1478649b6f9a052741c51eab7311a2dfa23187fc844af50d53faa36a73eb1c,JPEG,world-mode,1920,3072,RGB,JPEG,False,
assets/img/world/1080/5.jpg,1586179,c08140a216b77cba14a529b4f9bb81e9f4d552cd9d8ac2525c75c3748bbd23bb,JPEG,world-mode,1920,3072,RGB,JPEG,False,
assets/img/world/1080/6.jpg,1040904,2c909e4807485b5348ba792ae678b0f16ae6cf1bea4170933bac95e2ad7d6598,JPEG,world-mode,1920,3072,RGB,JPEG,False,
assets/img/world/1080/7.jpg,1438721,89042f8e2cb90cc88acab122ad25c58306df22ead6341a4ed2290ee44d380ba3,JPEG,world-mode,1728,3072,RGB,JPEG,False,
assets/img/world/1080/8.jpg,2107566,9f7ecf0111c48ad190608bdff10352309699ae8efe09f42d3d45b9124fc125a0,JPEG,world-mode,1728,3072,RGB,JPEG,False,
assets/img/world/1080/9.jpg,1567415,70a73030a24ea9bd12f3de4f57565aef77f802df448971adbbe8228dd2adb6e3,JPEG,world-mode,2074,3686,RGB,JPEG,False,
assets/img/world/1080/act1_flower1.png,466639,41d2ba4d9d17afa879747c836b0b57b9c6cc84388be039939593bfe934fdec07,PNG,world-mode,2000,2000,RGBA,PNG,True,
assets/img/world/1080/act1_flower2.png,255512,283939dd219d8fd656231efa41a48d30577b932c084a9994a18bf3c39b4ffc98,PNG,world-mode,2000,2000,RGBA,PNG,True,
assets/img/world/1080/act1_shards1.png,76836,7bd92ee5e315d14bee0d75fcd68e608ab44d0ae1edaf82af504b417aec1c7a22,PNG,world-mode,2000,1149,RGBA,PNG,True,
assets/img/world/1080/act1_shards2.png,255768,3f524517213ec8b3085a17b44e03a2adde548c4a7ffeda53619a2c22298b40bc,PNG,world-mode,2000,1090,RGBA,PNG,True,
assets/img/world/1080/act2_flower1.png,494577,34071baeceb98d1a3927ad129bfdb63b8bfc85573adb96e11a3bfebc99bdc98e,PNG,world-mode,2000,2000,RGBA,PNG,True,
assets/img/world/1080/act2_flower2.png,263720,b89d6a914c0061bac563e9fa16d330f5b27e67b8cf9817203ddb4374c9bcb386,PNG,world-mode,2000,2000,RGBA,PNG,True,
assets/img/world/1080/act2_shards1.png,87504,6032e78b91186c5e63020c524e9e4d367c9a321d20fc3e48dda34845da022aa7,PNG,world-mode,2000,1154,RGBA,PNG,True,
assets/img/world/1080/act2_shards2.png,269440,82c5762131133c751e5deb183284da274b07c04643b4aefec6ccea098f627bc8,PNG,world-mode,2000,1097,RGBA,PNG,True,
assets/img/world/1080/world.jpg,1037387,bfa6ee50910a8bf5072969d2e13225d2d3df7f45c992328ebd63b5ec6cab2464,JPEG,world-mode,2000,2000,RGB,JPEG,False,
assets/img/world/1080/world2.jpg,1139907,ad498080cc393b64e90d4b8bb3abf8ebfe529fd0ce4e5f438719947ff0970084,JPEG,world-mode,2000,2000,RGB,JPEG,False,
assets/img/world/10_b.jpg,149327,230f0ecc75ce96842b8c8b7afe29dab390b06ecdea3bd33edd2cab7a23c87e2e,JPEG,world-mode,1280,960,RGB,JPEG,False,
assets/img/world/10_d.png,263723,804a617b6e2065af6774fcc68b9b5566dce714c489fa0d74d8b03b9bf83f7014,PNG,world-mode,543,545,RGBA,PNG,True,
assets/img/world/10_t.png,38504,461af6c7c3cd87cb7f8819abc4c3802fdb7085fc749d2f54ba0c59bcb9f8f7fc,PNG,world-mode,940,167,RGBA,PNG,True,
assets/img/world/1_b.jpg,104555,ac6a4028fd70abbd778f68d65c9f9f7db8e8fcc727dccccdf99aa18e802506c1,JPEG,world-mode,1280,960,RGB,JPEG,False,
assets/img/world/1_d.png,334520,79a5a49f8e3b2af84c1883ddacebcdacdf4d3b8a0d430e5db9b0a3616e506c3c,PNG,world-mode,543,545,RGBA,PNG,True,
assets/img/world/1_t.png,22904,ffc4d37ca148da6e0fcfbbcaa469110dc7468adedbb0247deac57567739fbc8d,PNG,world-mode,500,167,RGBA,PNG,True,
assets/img/world/2001_b.jpg,118794,c57995b96ba8f7916c72c31be2ee20d2462af5ed59d5f2f1c1c118e8807bdd87,JPEG,world-mode,1280,960,RGB,JPEG,False,
assets/img/world/2001_d.png,177625,a1252ceba70adc36940150a969db47939d4f069d9dc47c7d5c3e2a95d009c410,PNG,world-mode,543,545,RGBA,PNG,True,
assets/img/world/2001_t.png,58254,d9131ead5db5b90e0fcc4e40383301acb7f446c50b86dbeb770704423d02a188,PNG,world-mode,500,167,RGBA,PNG,True,
assets/img/world/2002_b.jpg,205063,2cd193d292724ae72dce12eb5c907a7c0bb855150167d8468ba5387c1bb28ea0,JPEG,world-mode,1280,960,RGB,JPEG,False,
assets/img/world/2002_d.png,221648,f06d5c470847d072701d76d62065b11762819fc183c246f6df3e6044a975045b,PNG,world-mode,543,544,RGBA,PNG,True,
assets/img/world/2002_t.png,71353,ec6f1b915daab2c2e8073aab316927b9367751b012d164738b8d7f8266bbad2b,PNG,world-mode,651,167,RGBA,PNG,True,
assets/img/world/2003_b.jpg,108728,3e989fb772081e8ac3ca89366c0400a83a6cd4d1004d314ca5996f2371bd9ee4,JPEG,world-mode,1280,960,RGB,JPEG,False,
assets/img/world/2003_d.png,329262,8c10e6c88bfc38df6b952e1041e7e5726076be771fb3bdc4207a683a2e7ab822,PNG,world-mode,543,545,RGBA,PNG,True,
assets/img/world/2003_t.png,52550,ce6c118b270004048ecb84e3b20ab8913debdc7920d22a1b40ff7fcafff15f0f,PNG,world-mode,940,167,RGBA,PNG,True,
assets/img/world/2_b.jpg,93419,33c8bbf8c37db960358543532e51a5bea3f507800962519517eb201096a6ff85,JPEG,world-mode,1280,960,RGB,JPEG,False,
assets/img/world/2_d.png,285152,95708e2956e200e29ee51f2a7075537033774d97e8791747fe01d8f35bb541cb,PNG,world-mode,543,545,RGBA,PNG,True,
assets/img/world/2_t.png,30336,ac29d0a44fc8794efbccb277dabbd3c3c90164ae35253aa55ae6410ec4b5e68c,PNG,world-mode,650,167,RGBA,PNG,True,
assets/img/world/3_b.jpg,57068,bc4ba5ac059e42cad3adc7ee94ea610594b95f9db48972774c2fe79e7f2859ea,JPEG,world-mode,1280,960,RGB,JPEG,False,
assets/img/world/3_d.png,488243,401771387ca853342757daae44255b4a2301f068f390fbd2a33b0155ef752cdb,PNG,world-mode,543,545,RGBA,PNG,True,
assets/img/world/3_t.png,37417,eaaff9e717c00d59f3084c6548df0dbbaa7b18cc03975cf69ff0bdc8a0eb2f5c,PNG,world-mode,940,167,RGBA,PNG,True,
assets/img/world/4_b.jpg,119205,fc0ed5c1826ad4ee765f88e5da9d8c4bd9b1ed96c849c21078a2bcc424fd2abc,JPEG,world-mode,1280,960,RGB,JPEG,False,
assets/img/world/4_d.png,487122,7aa1bd45477b741680d18ff02cf17b36469c18620f724f5ef7486068a9a1627f,PNG,world-mode,543,545,RGBA,PNG,True,
assets/img/world/4_t.png,28985,34056ce8d77f2ae4e5486cbeec7bfaa9a78fd1229388de50564de1174dce2bac,PNG,world-mode,700,167,RGBA,PNG,True,
assets/img/world/5_b.jpg,98204,4579f02bb3ef1f0c4acc81768bc498a7bd88c172c4a69e1bf4d265afcc5aea9f,JPEG,world-mode,1280,960,RGB,JPEG,False,
assets/img/world/5_d.png,610201,2ab3d9cbf0e5c54cd64719a826c4be4e9f5500876e0a6e336ff5aa95b188147f,PNG,world-mode,543,545,RGBA,PNG,True,
assets/img/world/5_t.png,35634,333f92acb32499afc0b8e93af6621734b5e2b164df9d6e3c8a41c11352e4aa96,PNG,world-mode,940,167,RGBA,PNG,True,
assets/img/world/6_b.jpg,199568,70819413d4a241166fe40228583200368a5dfa8eb422187f6ef9b4a346d13955,JPEG,world-mode,1280,960,RGB,JPEG,False,
assets/img/world/6_d.png,356301,7086b7f25e15b5e2ffeb2abb4ee3a4e59b3db7d7944d1b5e0f22994948b37d29,PNG,world-mode,543,545,RGBA,PNG,True,
assets/img/world/6_t.png,35770,bb8720c9c7422fcc75cdd849946aec42720be9d9436ebd00aff5f65599369d5e,PNG,world-mode,940,167,RGBA,PNG,True,
assets/img/world/7_b.jpg,199520,57a0552311edb647531023159bf38ccd0681e82ba3f39293de2e3652a8db9ef0,JPEG,world-mode,1280,960,RGB,JPEG,False,
assets/img/world/7_d.png,249790,49b0b7effb21972f8eacd7e9a84ec56cd0a99d851ca319582452ba797ae92103,PNG,world-mode,543,545,RGBA,PNG,True,
assets/img/world/7_t.png,59888,1020392d7956cb7ef71fdfb84b951b3d178dd5d067387d7de7845c816a5f1051,PNG,world-mode,940,167,RGBA,PNG,True,
assets/img/world/8_b.jpg,136109,25d60643b693ad37c2ada58f31401e1414b20cf9c197312c8058489590cf7c0c,JPEG,world-mode,1280,960,RGB,JPEG,False,
assets/img/world/8_d.png,309404,5d08ca4e948ee7ff9c3c93b281f3921c75d564d51e3a7340cbad3e5657579af0,PNG,world-mode,543,545,RGBA,PNG,True,
assets/img/world/8_t.png,32988,21592614ac4fb572a01272c7ab663ed15d98fc546a339325706eff84c46c6d66,PNG,world-mode,810,167,RGBA,PNG,True,
assets/img/world/8_t_shadow.png,28897,918f1acf64d565a4be389e20408382b7a66281e5ee3987449dd0b6d5aca35caf,PNG,world-mode,1072,252,RGBA,PNG,True,
assets/img/world/9_b.jpg,141796,8e0c4d52d67154c77300a13e30230435569026ec262bad9e0b9b3a9fdfdfd2f9,JPEG,world-mode,1280,960,RGB,JPEG,False,
assets/img/world/9_d.png,264867,52a9600deb31f77aef509ea67f1c2331926c30db914d024e3f1a4184dfc1b154,PNG,world-mode,543,545,RGBA,PNG,True,
assets/img/world/9_t.png,42565,fbe374b27a58d3de7d01c62aacb7118c921c1af2560a32d223c107a49d646460,PNG,world-mode,940,167,RGBA,PNG,True,
assets/img/world/beyond-boost-song-select-diamond.png,3771,c450fb02d9804eca7c9b96b0e34a8af9e140630a39cece2f53494566b2acae7a,PNG,world-mode,53,53,RGBA,PNG,True,
assets/img/world/beyond-boost-tray-backing.png,7832,3c5db6f3a8230cdb8ae387a30f8da9f191c03fa13048819cd96c9242dbf4ba9c,PNG,world-mode,62,219,RGBA,PNG,True,
assets/img/world/beyond-boost-tray-closed.png,9447,219cccfdf7cd444e5e2d66bd8b5fd835b375e43cea3022d2185b94662a24bee4,PNG,world-mode,63,145,RGBA,PNG,True,
assets/img/world/beyond-boost-tray-closed_pressed.png,9399,7f85f890a7a7ad6e123d02c4f8ccc4b6b797bf15794868fd64bf55d4fe75bfd0,PNG,world-mode,63,145,RGBA,PNG,True,
assets/img/world/beyond-boost-tray-open.png,9473,9f29a6182d0934cd8c02723cdcd972f4862e2e8359d8cdd270412a947206d6d0,PNG,world-mode,63,145,RGBA,PNG,True,
assets/img/world/beyond-boost-tray-open_pressed.png,9399,4112bda88c05ea1b91d2ae24351620acd381c4dafe7df9d8630a0ab712c92896,PNG,world-mode,63,145,RGBA,PNG,True,
assets/img/world/beyond_glow.png,623966,5bda289d2f00340f0cd65bf3743716ffba7e04aa0385548a5125e89003273abb,PNG,world-mode,2342,302,RGBA,PNG,True,
assets/img/world/beyond_overlay.png,410938,a6c318fb6af64f6bac205d67cdd453522fba83133bb7c21d6b83f8cb66d63529,PNG,world-mode,1569,921,RGBA,PNG,True,
assets/img/world/bg_glow.png,216,aa147a30904aeadc26ab143f2215e5b4ef35497a91956d08af89f29177d0803a,PNG,world-mode,1,419,RGBA,PNG,True,
assets/img/world/bg_glow_8.png,17438,2bbbabd73f711f779d8332a96d9981ed02a29ac1ebcc4b80783a5267c52186e3,PNG,world-mode,1920,500,RGBA,PNG,True,
assets/img/world/k/world-deco.png,557,ebc24132d3e36738b318e920b3df7e62070d8b6f18dc001cc9f06fcaa03df344,PNG,world-mode,44,13,RGBA,PNG,True,
assets/img/world/k/world-infinity-swirl.png,11959,0a564fb9d4e1890eeae887110471be912df028fd50457e06ec1f7a3ac771d2cd,PNG,world-mode,98,84,RGBA,PNG,True,
assets/img/world/k/world-infinity.png,10158,37488cd7adfe05348758424fd53c14e0335b3bb23ad86e37fb2c4d4d35a63a5c,PNG,world-mode,104,103,RGBA,PNG,True,
assets/img/world/parallel-progress-bar-bg.png,265,d017485323970dd048559310ce146f482f59d4cdf02e45d153d7a578e54ba019,PNG,world-mode,32,32,RGB,PNG,False,
assets/img/world/parallel-progress-bar-fill.png,213,f9368da3a02187cf47d59d7b56da6e03de934928c4320b8cd04bc990140dd249,PNG,world-mode,32,32,RGB,PNG,False,
assets/img/world/parallel-progress-bg.png,211,8de0739bdd8b170b69fc0f2b2dd3b9f2a521e422a1f6167353fac0f79ec5d524,PNG,world-mode,32,32,RGB,PNG,False,
assets/img/world/winter.jpg,216380,3a45a7e887b140b3f4a1ceabd2f56815205a3e73d1c1be3b9833d2d422ca473d,JPEG,world-mode,1280,1280,RGB,JPEG,False,
assets/img/world/world-regular-boost-tray-bottom-flourish.png,4699,6cba26b2e82efb3db0e76b25cfc77204e792a99658f84df927a0724fd5f4a2bb,PNG,world-mode,177,22,RGBA,PNG,True,
assets/img/world/world-regular-boost-tray-closed-button.png,11013,d171d646f753c22ca6033192dbbf86fe740b6cddc971443e39f2affb2e80be99,PNG,world-mode,242,106,RGBA,PNG,True,
assets/img/world/world-regular-boost-tray-opened-button.png,10294,eed5f9503dc5f8d45c6fd16786f57b9c09276d7f18c9afb515d560341c079852,PNG,world-mode,242,108,RGBA,PNG,True,
assets/img/world_beyond_progress_back.png,114,b9cb8a79f21e5087f0708d1de6af32541dd02a10d5b745a0566b7c51eac62fd2,PNG,ui-or-game-image,1,308,RGBA,PNG,True,
assets/img/world_boundary_traversed.png,24573,e07e3dc4943d459d203819ac7fa8a6d8b58aa17c86b4f29487a625f72214a839,PNG,ui-or-game-image,668,121,RGBA,PNG,True,
assets/img/world_lock_overlay.png,96870,b989b35319bb6d0b6925e226e6ecad93651b4afcd06f1a4268d5d65fbe27f39e,PNG,ui-or-game-image,362,364,RGBA,PNG,True,
assets/img/world_obtained_line.png,8447,053655d792c84ffbc209e726fb13aebbdca183f24f5f2beabe32585ba91d0c56,PNG,ui-or-game-image,1878,26,RGBA,PNG,True,
assets/img/world_play_button_split_disabled.png,27069,2f78232536202891918e5ae45b2e4b2002d4ed5e3acbf2f0ad932c2a2437f6d7,PNG,ui-or-game-image,438,185,RGBA,PNG,True,
assets/img/world_play_button_split_plus.png,48857,3a81037c7dbadf21049d1a6ce67de0e4be87bd96568e9e2f5ee0143f8c4486a8,PNG,ui-or-game-image,438,185,RGBA,PNG,True,
assets/img/world_play_button_split_plus_disabled.png,26189,b2c53d5d1de0cbf6a6331d2c5237b3c0ef3acbc3af2e3a329b407d7cd539893e,PNG,ui-or-game-image,438,185,RGBA,PNG,True,
assets/img/world_play_button_split_plus_pressed.png,50967,f0d09cd9bdc4543cd07f94575a7736d4cf2c11d5e6620fe92236c1515868b824,PNG,ui-or-game-image,438,185,RGBA,PNG,True,
assets/img/world_play_button_split_pressed.png,40795,bb7848282a6171f525a5ba9e81c7406b33b8a3522caaec1dee9265921ce710cb,PNG,ui-or-game-image,438,185,RGBA,PNG,True,
assets/img/world_play_traverse_legacy.png,74820,21758fb883402fb8be07f8894d14f95fa12522dba6738c659c161a00e4d06e25,PNG,ui-or-game-image,329,164,RGBA,PNG,True,
assets/img/world_play_traverse_legacy_pressed.png,74714,42f6b8ca32872e124b1c4c83b93b3a51461530c294a5a038c029e82c5643438e,PNG,ui-or-game-image,329,164,RGBA,PNG,True,
assets/img/world_pressed.png,11518,4a5ac1d37bad6ee54dae3f756fbc40d91e8330fc6c3b34f22f8629e37be0223f,PNG,ui-or-game-image,180,81,RGBA,PNG,True,
assets/img/yellow_chara_underlay.png,8770,70b70a082c0074c72ba9c0bd645ea0a8ea930adb255595a5809fafa30116d441,PNG,ui-or-game-image,199,200,RGBA,PNG,True,
assets/layouts/1080/72_techPattern.png,1487885,86e54cac9c3dabe7db427d9d1c39d1b5c8b4b4d6d69b40546c725582ce061bbe,PNG,ui-layout,1920,1220,RGBA,PNG,True,
assets/layouts/1080/alterego/divider-diamond.png,2914,57f40486444a8762c9651f8e485c64d7b9ab53d5d65ae4dd3053b0454975d013,PNG,ui-layout,10,10,RGBA,PNG,True,
assets/layouts/1080/alterego/divider-line.png,3828,522d3e576371c2ac5be2a19bc0e9aafe2871a48d6df8ab02494b5fa5d2bd258c,PNG,ui-layout,348,14,RGBA,PNG,True,
assets/layouts/1080/alterego/overlay-backing.png,3011,8f17ac39cbf5eea689d3b371a3cc5375309c1c5f913a7426850d6d9c8f4dabfb,PNG,ui-layout,1,1074,RGBA,PNG,True,
assets/layouts/1080/alterego/proceed-button-backing.png,8701,3b1af1d29cd92eb8ada4330477c14f320ed8a49d5cfea380465896a639576e31,PNG,ui-layout,448,91,RGBA,PNG,True,
assets/layouts/1080/alterego/proceed-button-pressed.png,39867,7d6fb90d0afa9390b08e7ebb526a1bc3b0e69f8cc9158345005891b508e26b52,PNG,ui-layout,401,90,RGBA,PNG,True,
assets/layouts/1080/alterego/proceed-button.png,36048,e78cd95bcad25c08f01b435df08232e6229e640112c1460308bff233ab78f052,PNG,ui-layout,401,90,RGBA,PNG,True,
assets/layouts/1080/alterego/shadow.png,39517,6b8326625ab647561809abe7dbc3422bedca8f6ff087e55ad5c7d48bb58ae1fd,PNG,ui-layout,855,855,RGBA,PNG,True,
assets/layouts/1080/alterego/side-bar-diamond-complete.png,3349,718177baa19108773f6b2bd3c2448bc446bc6e9e9b91f8f0ec8e9ff587d8d8be,PNG,ui-layout,27,29,RGBA,PNG,True,
assets/layouts/1080/alterego/side-bar-diamond.png,3241,22630280a430b4fad902837950736d9662814db46de94d3cee4173dc5228803b,PNG,ui-layout,27,29,RGBA,PNG,True,
assets/layouts/1080/alterego/side-bar-triangle.png,2862,31c903e48e2cde8cb3096691da557e3209b96d80ce1f6216cd718cfcc37bff44,PNG,ui-layout,7,9,RGBA,PNG,True,
assets/layouts/1080/alterego/side-bar.png,3109,2ee7ccf5010ca5eae9c908846f97338e5f7bcf04747c116a78c1fd4a5fe54768,PNG,ui-layout,1,1030,RGBA,PNG,True,
assets/layouts/1080/alterego/song-backing-empty-pressed.png,6144,cc28e05c529af022f616f2474bc2988c943b51237470b1681746e09e0580b946,PNG,ui-layout,231,231,RGBA,PNG,True,
assets/layouts/1080/alterego/song-backing-empty.png,5200,8b623bc29fea092f81318d198f5088c1e800aa4a5f362de804c4dc5505ea6f12,PNG,ui-layout,231,231,RGBA,PNG,True,
assets/layouts/1080/alterego/song-backing-nobutton.png,4620,d132d29ab6e15f423bebe238a8b964e29a250c3df488ac29a051da80265934e7,PNG,ui-layout,231,231,RGBA,PNG,True,
assets/layouts/1080/alterego/song-backing-selected.png,3516,1c55fdedbaf74a7f58551e98c01f3d46f44d50017c0723bf85a8fb804759c386,PNG,ui-layout,231,231,RGBA,PNG,True,
assets/layouts/1080/arghena/caution-tag.png,40173,fc541640899d901c3744b68df685fdb60205d0ec71957473286517ef10411ed7,PNG,ui-layout,362,127,RGBA,PNG,True,
assets/layouts/1080/arghena/insight-accents-blue.png,3465,b98faf8a672747ed1651408f816567777d795e2acf3902cba3c471ed839603ab,PNG,ui-layout,208,28,RGBA,PNG,True,
assets/layouts/1080/arghena/insight-accents.png,5495,9e53ddcbb2ee88b2b565dbeacfcea2e876f5c7019f9000e1ce0873fb1f3b1587,PNG,ui-layout,208,28,RGBA,PNG,True,
assets/layouts/1080/arghena/insight-skill-backing.png,120112,cd9e73c70484b4ba37b305846015817a2fe8ac8a090c344f03b8776840d0dac1,PNG,ui-layout,809,245,RGBA,PNG,True,
assets/layouts/1080/arghena/invade-btn-active-pressed.png,29557,2c87102c948179f53a8861888efa09b4bb8035cb6fb3639535a1d0df9048908c,PNG,ui-layout,264,201,RGBA,PNG,True,
assets/layouts/1080/arghena/invade-btn-active.png,35881,810c7d5d19ee025837cab3ded0b3da66d4f3bd5ac06f8a2d453ec968be44fa51,PNG,ui-layout,264,201,RGBA,PNG,True,
assets/layouts/1080/arghena/invade-btn-backing.png,16908,3d7cc3b6d7de409e43cbb18435ce6399c59e74f06801b451c21b413f4c96a1c6,PNG,ui-layout,542,196,RGBA,PNG,True,
assets/layouts/1080/arghena/invade-btn-empty.png,24305,87763cdd7f0e11cb4dc1b8491de9b9000c4273a3a5c49a520c706619e57c8a53,PNG,ui-layout,264,201,RGBA,PNG,True,
assets/layouts/1080/arghena/invade-btn-pressed.png,25100,8a60e5d54938b25e326f8dfc06924bb17250d9211db2a3f781bbf129bb6c5dc7,PNG,ui-layout,264,201,RGBA,PNG,True,
assets/layouts/1080/arghena/invadeblue-btn-active-pressed.png,29350,776bdaf40b5e0abf64db5bf1f5611b64a3c78252719a3ba34813e1e85ba8564f,PNG,ui-layout,264,201,RGBA,PNG,True,
assets/layouts/1080/arghena/invadeblue-btn-active.png,36150,1aaefcb18cdbae6404e392334297554a0f5149ce34182d8f280018056b2c51b6,PNG,ui-layout,264,201,RGBA,PNG,True,
assets/layouts/1080/arghena/invadeblue-btn-empty-pressed.png,24899,93fa4c34af139509c3acd68cdf5c6cd0cc901dd5e66cba696282a7195ff80c1c,PNG,ui-layout,264,201,RGBA,PNG,True,
assets/layouts/1080/arghena/invadeblue-btn-empty.png,24095,02034c0e21c09ee5aaf7c521fe98f005dfc7f89e1b0ee4ced37310f376a8d568,PNG,ui-layout,264,201,RGBA,PNG,True,
assets/layouts/1080/arghena/missing-pack-backing.png,17099,a841f2a0d51453ad6e3c03e1f6847a6542a50c354757a843cc3599616fc69bb3,PNG,ui-layout,669,100,RGBA,PNG,True,
assets/layouts/1080/arghena/pack-lock-pressed.png,23228,778ef5dc79080bbaa75e1db8a9ade6765226d807401fe5ce3f90ab89b9711cc3,PNG,ui-layout,135,137,RGBA,PNG,True,
assets/layouts/1080/arghena/pack-lock.png,24188,f5eab5425597cfa4a3a4575df54209f1fdf5c4ba0eb1e8caa91a936bc6eed30e,PNG,ui-layout,135,137,RGBA,PNG,True,
assets/layouts/1080/bannerselect/backing-shape.png,4719,575d01bafa0ee74d55512d1a781f269764277c2ca3b8e8496550e021d9772fce,PNG,ui-layout,612,226,RGBA,PNG,True,
assets/layouts/1080/bannerselect/banner-bg-2.png,69620,de875d1e356a5f85a12a7292c8af659f6c46350ac238286361097cf63fc2b813,PNG,ui-layout,340,769,RGBA,PNG,True,
assets/layouts/1080/bannerselect/banner-bg.png,28910,66e181b56493964f391a4b4a99ac2d754cfe515d518c661bccd999c7b03790db,PNG,ui-layout,1279,1440,RGBA,PNG,True,
assets/layouts/1080/bannerselect/banner-mask.png,23070,a94a8669b6db0db824ec7d45431c4d9062c0a21e7b528e8564b41623879ac2f2,PNG,ui-layout,407,53,RGBA,PNG,True,
assets/layouts/1080/bannerselect/banner-selected.png,9999,b95b78d1c88c8ba1ddf20c4319e54f8065b7c8b177a0dc461491b4ec2a578cc9,PNG,ui-layout,485,121,RGBA,PNG,True,
assets/layouts/1080/bannerselect/banner-shadow.png,3985,1e680e8a4826f6edacaf77aea3ece9da8ede13921bd99dcf56915efc565760f7,PNG,ui-layout,625,125,RGBA,PNG,True,
assets/layouts/1080/bannerselect/category-container.png,1715,e916a071d7d10f10f9a1258841781a2a71f651f4d3d3b365b7d67b8e2b89e9fa,PNG,ui-layout,632,53,RGBA,PNG,True,
assets/layouts/1080/bannerselect/light-tag.png,9720,6da8ec9af5706f12fdaad7904a14873751bd4305945b2d8544a5896e673b7df7,PNG,ui-layout,112,112,RGBA,PNG,True,
assets/layouts/1080/bannerselect/none-banner.png,19091,5793bf1bf72aec98d504d34bc51a4bda538c97492118836001bac68090eae947,PNG,ui-layout,407,53,RGBA,PNG,True,
assets/layouts/1080/bannerselect/reset-btn-pressed.png,4490,5c11fa6d01f9028b23bb6b79b2fa4cf90f9b4e2037c780c274ae4036ed63d49f,PNG,ui-layout,171,130,RGBA,PNG,True,
assets/layouts/1080/bannerselect/reset-btn.png,3152,47ab1c9e59af221a381f782a2ebfd1884381a0bed912d7d076f0e6d19c907a9b,PNG,ui-layout,171,130,RGBA,PNG,True,
assets/layouts/1080/bannerselect/small-arrow.png,346,efd0785000055f0c601f1fa905a06a51e8fdb40a69c15d4f4faa6412ecf4c877,PNG,ui-layout,21,15,RGBA,PNG,True,
assets/layouts/1080/bannerselect/title-underline.png,697,0a90b9f452715d085c3f14b2d01e4ddc797872dfdc41174918619c79309c1831,PNG,ui-layout,438,8,RGBA,PNG,True,
assets/layouts/1080/breached/chapter_select/maelstrom-button-down-pressed.png,38356,db84b542d9c19b737be8ba22f0e802957f95661df69048f5ea1e0fdeebb4c092,PNG,ui-layout,408,128,RGBA,PNG,True,
assets/layouts/1080/breached/chapter_select/maelstrom-button-down.png,38513,7c0f0da25734dac03a7065ad116199d48f36eef2bc99ba10780e59315d1be1e4,PNG,ui-layout,408,128,RGBA,PNG,True,
assets/layouts/1080/breached/chapter_select/maelstrom-button-up-pressed.png,38268,787f33996918adc384a0962f62366d01d5211d1b4e09abd446164463c8e2eb61,PNG,ui-layout,408,128,RGBA,PNG,True,
assets/layouts/1080/breached/chapter_select/maelstrom-button-up.png,38423,a1012974a60bb8a3818097e89810707fdb6d769deb0b0ea6e25ba324963916b1,PNG,ui-layout,408,128,RGBA,PNG,True,
assets/layouts/1080/breached/chapter_select/maelstrom-chapter-1-backing.png,276239,d8a11422ae02f501760a5f24939f707bba3a2d4b429f80a99514435b18bc2e11,PNG,ui-layout,669,630,RGBA,PNG,True,
assets/layouts/1080/breached/chapter_select/overview-button-pressed.png,30923,e2da9b34a70b99e2b216fe57692762ccf2055a6b9b108c16149159f54330e8d3,PNG,ui-layout,327,101,RGBA,PNG,True,
assets/layouts/1080/breached/chapter_select/overview-button.png,30941,9c74bec339ef99a62a1cb0bdbfe36db9c6d35260af4a974917fcef1a6e8db617,PNG,ui-layout,327,101,RGBA,PNG,True,
assets/layouts/1080/breached/maelstrom/map_maelstrom_diamond.png,202979,5bf4b7cd446172e6e32fad74bc998d9271e3547c3c6adc7a99097c539187c341,PNG,ui-layout,1920,1440,RGBA,PNG,True,
assets/layouts/1080/breached/maelstrom/map_maelstrom_overlay.jpg,555057,f299d2fe0dcb3b07f09e2b0a2b81d9df516af2a0d88a7d8b3d94dd4b6b850594,JPEG,ui-layout,1920,1440,RGB,JPEG,False,
assets/layouts/1080/breached/maelstrom/map_maelstrom_overlay.png,3940892,e536309162d6ce04b9882632a5844038af3b99b8e1cb78db02c1cefe9decde4b,PNG,ui-layout,1920,1440,RGBA,PNG,True,
assets/layouts/1080/breached/maelstrom/map_maelstrom_overlay_blur.png,831631,3fb41859e0ab57d7cbef38da46cd9f14abe4eb0b9a703bd0ada1bbaf9cd813f7,PNG,ui-layout,960,720,RGBA,PNG,True,
assets/layouts/1080/breached/maelstrom/map_maelstrom_vignette.png,278814,0a5221dc5a0344993f76eba85d4981e5c362968ae26ce83fad1778e9204be145,PNG,ui-layout,1920,1440,RGBA,PNG,True,
assets/layouts/1080/breached/maelstrom/spin1.png,4256005,12f9fbe639ed15df3c1d0b67ed7e4047147930447fe87e22118f9c5e5bafe2d1,PNG,ui-layout,2048,2048,RGBA,PNG,True,
assets/layouts/1080/breached/maelstrom/spin2.png,363113,14be54bbcfd4bb3ca4cfb1843d64d7fb0dd13c60aaf82ae5b33bbb876f8d33f2,PNG,ui-layout,1413,1413,RGBA,PNG,True,
assets/layouts/1080/breached/map/blue-spin.png,851377,af51756b95d567a16717511e40c225d96ff73f3b344df529fa5c3bac36467ac6,PNG,ui-layout,855,794,RGBA,PNG,True,
assets/layouts/1080/breached/map/byd-2-backing-large.png,399735,eb3c9fd2d288af4393d98f2163010440ef07a5419d2746656b45d4c4d53c41cb,PNG,ui-layout,658,640,RGBA,PNG,True,
assets/layouts/1080/breached/map/byd-regular-backing-large.png,300840,b2278d5c2ba35b5bf26a92dad9486fba18e545eeaebea97c0a1e00d0aba4c838,PNG,ui-layout,616,616,RGBA,PNG,True,
assets/layouts/1080/breached/map/complete/byd-2-backing-diamond-large.png,647449,5511f17de7af750def88d476239cf7659c1b5c83c18632cbdb0fd7ea18d7517f,PNG,ui-layout,889,889,RGBA,PNG,True,
assets/layouts/1080/breached/map/complete/jacket-backing-large1.png,242594,0d8ffa4c61527d55fcd9d0ff626c9ee21b0aad477f3792b3a8f71e07f0b9464d,PNG,ui-layout,787,792,RGBA,PNG,True,
assets/layouts/1080/breached/map/complete/jacket-backing-large2.png,419027,ccd69ac10121932cb915f821331bfd748ffd01ebcc810d2aea83a794231703d1,PNG,ui-layout,785,771,RGBA,PNG,True,
assets/layouts/1080/breached/map/complete/jacket-backing-large3.png,620450,fb75e05ad11993d9d2ea792e8ed8853392645eb8d27850d3aef01ac05508f0e2,PNG,ui-layout,592,592,RGBA,PNG,True,
assets/layouts/1080/breached/map/indicator-jacket.png,1535,d17b929e51ae7972f03365b2e2e17542750df6e9e96cf3c3a81a161b61566332,PNG,ui-layout,218,19,RGBA,PNG,True,
assets/layouts/1080/breached/map/jacket-cover.png,67776,491b363e6e9c344b723b5a827b31043f9c1a25d192320185c5efba2f1ac68f59,PNG,ui-layout,216,216,RGBA,PNG,True,
assets/layouts/1080/breached/map/law-box-bot.png,5699,5aac0faf1ec5b5b560f4ba756044ac1145d787cace6cbb5afdfc5764ba9450fc,PNG,ui-layout,554,111,RGBA,PNG,True,
assets/layouts/1080/breached/map/law-box-mid.png,95,5d18b02ac998a20af90d42c573cfd7d3840457ce7f7c608836a83f0fea16e6a0,PNG,ui-layout,553,1,RGBA,PNG,True,
assets/layouts/1080/breached/map/law-box-top.png,2890,d00ce7b71cda62422ab825cfcaa61d0cd8b9aaf26e56b23673c97121739b7428,PNG,ui-layout,554,35,RGBA,PNG,True,
assets/layouts/1080/breached/map/percentage-backing-large.png,26363,d4a1c2dc624d7baad3f3b51e7875bbef2cca908606becf772c74565fbabf8034,PNG,ui-layout,640,81,RGBA,PNG,True,
assets/layouts/1080/breached/map/text-box-mid.png,223,c1a015d067f4554a21d7104f02fcb8c89939f6b0f639c400af292f6d027c753e,PNG,ui-layout,503,1,RGBA,PNG,True,
assets/layouts/1080/breached/map/text-box-topbot.png,261,d41747c324e36848fdedff66f14d33867b511b40f136b4617f4765dc8a3b1812,PNG,ui-layout,503,1,RGBA,PNG,True,
assets/layouts/1080/breached/map_select/breach2-boss-backing.png,327552,a7eb5979cbb33e657c8497ccafc150da2c3a666062a8ecc9c5d1bed080cfa5ed,PNG,ui-layout,380,371,RGBA,PNG,True,
assets/layouts/1080/breached/map_select/jacket-backing-1.png,87201,afdd4afe2b3a9d40b8fd7e932761a24381559d11e188dbdb1a24ecd1b7d9d5c8,PNG,ui-layout,363,363,RGBA,PNG,True,
assets/layouts/1080/breached/map_select/jacket-backing-2.png,113637,8ef6110d5f27377ad6660996bae52583606dc88b6b2a6253315869bb4ffc17a6,PNG,ui-layout,379,371,RGBA,PNG,True,
assets/layouts/1080/breached/map_select/percentage-backing.png,10048,6e191e03607d54c49726d4d844ecde1e1a2c9a11701e3b39eff6b4f184a113f4,PNG,ui-layout,280,37,RGBA,PNG,True,
assets/layouts/1080/breached/map_select/viciousantiheroism-backing.png,209848,50f3859d838c5b8262f7883d241c069522eac9f802bb2689812266bc2c471225,PNG,ui-layout,380,371,RGBA,PNG,True,
assets/layouts/1080/breached/overview/breach-button.png,12820,d880fd6eb5c9995a725fa7ccbc1a30140f4f783b77c3662dfb21df427bb871e4,PNG,ui-layout,203,63,RGBA,PNG,True,
assets/layouts/1080/breached/overview/chapter-small-backing.png,52999,5c8ba5ae80fa26f57c8fc9ce48975f99ace6ee39b726bda07088651946ca02c9,PNG,ui-layout,256,248,RGBA,PNG,True,
assets/layouts/1080/breached/overview/connect-line-horizontal.png,3623,37bc294c505bf966a172e611538c6f65d14bbcbe326e08a384e1243288e9275e,PNG,ui-layout,153,90,RGBA,PNG,True,
assets/layouts/1080/breached/overview/connect-line-vertical.png,3028,3af44643fd1337fed4af42aad87179e11e411038a76587c470dc3d8bc0db224d,PNG,ui-layout,48,125,RGBA,PNG,True,
assets/layouts/1080/breached/results/disabled-stat.png,20036,f47dcce7d628ba1cda276580a6764239cd3b497d307c291c985025d8754509e3,PNG,ui-layout,522,164,RGBA,PNG,True,
assets/layouts/1080/course/bg-shapes_light.png,154060,2abc40ab5cd8a7566ad13636e0b19aef9216489a568aa846306e1f5e8957019f,PNG,ui-layout,1724,277,RGBA,PNG,True,
assets/layouts/1080/course/dan-banner_01.png,149936,d30d4fdfdf2e2218bd6a51f3a59bd0105ff55c8c0fde04ac00c8e0ec4e59a3d0,PNG,ui-layout,1681,78,RGBA,PNG,True,
assets/layouts/1080/course/dan-chip_light.png,5655,967245fb9a791dd3d5dcfd0560ee2724748d4cc0fbe25828e026efe5b7841653,PNG,ui-layout,248,93,RGBA,PNG,True,
assets/layouts/1080/course/diff-present.png,5871,6a4d0aa58a9de25e04f4eac0569387f032ea881674518c6901f405199ab083e7,PNG,ui-layout,71,71,RGBA,PNG,True,
assets/layouts/1080/course/multiplier-light.png,3904,25ca485c0e85603e176cdb4f9accbae866d4a29728714fb1e1e7c8d26f64e49a,PNG,ui-layout,78,77,RGBA,PNG,True,
assets/layouts/1080/course/requirement.png,933,9ef20a6428859f37ad58a7a524c1402945340330f2624866402b1974362f86ff,PNG,ui-layout,1173,45,RGBA,PNG,True,
assets/layouts/1080/course/scores.png,4994,c5d5419b40c94bc121e3aee707fd2447aa3d66eb4d33c9616c4a358070f5f94f,PNG,ui-layout,593,50,RGBA,PNG,True,
assets/layouts/1080/course/song-arrows-light.png,4122,21cccebc3c2a3bb5aeb469f4b244f8c99b6b8c83228294fa586c0719ff7a5404,PNG,ui-layout,55,64,RGBA,PNG,True,
assets/layouts/1080/customize/selected-border.png,21878,5e1d57654ee41d5b4ae80580cabf47b9609030de5225403dceaf99e6a995b2c6,PNG,ui-layout,234,233,RGBA,PNG,True,
assets/layouts/1080/customize/theme-BF.png,53164,435219201c2d2b793ee4095fbe85d9ee0e78498bbb0f0387084bf80f6094a48f,PNG,ui-layout,196,196,RGBA,PNG,True,
assets/layouts/1080/customize/theme-limited-tag.png,4764,4108fbbeb8e4d2f6669b1d0f19f79a925c61bf5d3a70fe9f3e3381876f048a2e,PNG,ui-layout,102,117,RGBA,PNG,True,
assets/layouts/1080/edenPackFlash.png,278498,ab965ccdd779ce41c142fb18669e9d7f295e9b91c7b7436fa1a0c3f9051646de,PNG,ui-layout,499,875,RGBA,PNG,True,
assets/layouts/1080/ingame/notecount-bottom.png,22987,74b4489ba9c899624077102ce0c756873004a6631a04367efdc5e8f15c86435e,PNG,ui-layout,202,84,RGBA,PNG,True,
assets/layouts/1080/ingame/notecount-top.png,28397,4a416a20de9b3e1a31ac26a90847d1dea96e80d4077deb762634a1213f487a11,PNG,ui-layout,271,84,RGBA,PNG,True,
assets/layouts/1080/ingame/uileft.png,75851,16fb3103ffd2662610b6b727204614c4606a09b04e6add6296ee62de71fa1323,PNG,ui-layout,356,140,RGBA,PNG,True,
assets/layouts/1080/ingame/uileft_pressed.png,74106,c8a2c8b35e0024dc9263d6bcd2b6ad8c2c620ab736bd9a9c98b5bcf44cefc4e9,PNG,ui-layout,356,140,RGBA,PNG,True,
assets/layouts/1080/mainmenu/event-parallel-pressed.png,15529,a07aec6d01d69f06b72a5fc990b6269e21664c6d0b91d6a6aab306e4245c446a,PNG,ui-layout,174,174,RGBA,PNG,True,
assets/layouts/1080/mainmenu/event-parallel.png,12982,eb7c7cd1a92284f5d8d8c4ff8a0323a878f5cc71f4d8b3b438c6c5e37708e211,PNG,ui-layout,174,174,RGBA,PNG,True,
assets/layouts/1080/mainmenu/event_button_purple.png,21528,99b6af0362cdce3f2617bfcc5a2e4f48b5ef7acb28e276daa7ff9a877ad99322,PNG,ui-layout,319,319,RGBA,PNG,True,
assets/layouts/1080/mainmenu/event_button_purple_pressed.png,25422,06f2fbada49f05d641354adad93c469021dcbd8d56da71a369b61ef3cb4ef625,PNG,ui-layout,319,319,RGBA,PNG,True,
assets/layouts/1080/mainmenu/main_course.png,114221,29bb1c643913b27ae6e74fe29bc803532f846496eeb5dde87b364c8d62b82269,PNG,ui-layout,726,175,RGBA,PNG,True,
assets/layouts/1080/mainmenu/main_course_disabled.png,98443,0c3979a3d18e63ac5333d150976580b680f13f184aa6d8afb989a215d0501d00,PNG,ui-layout,726,175,RGBA,PNG,True,
assets/layouts/1080/mainmenu/main_course_disabled_pressed.png,84377,77c5469e639449ff18a7538d2afbd5930f80862e0503777a05b28b95fb95bb2b,PNG,ui-layout,726,175,RGBA,PNG,True,
assets/layouts/1080/mainmenu/main_course_pressed.png,124802,5384cc6a925dccf5e8ba88ac9041468e50bd1c9e356e158cbf9f6eb20707168b,PNG,ui-layout,726,175,RGBA,PNG,True,
assets/layouts/1080/mainmenu/main_more.png,61083,c7853c823fffc06639ce2a51af152cc6982727a04300476c0d3d1aa9f731da7d,PNG,ui-layout,406,174,RGBA,PNG,True,
assets/layouts/1080/mainmenu/main_more_disabled.png,54641,4599bafcb2ce5b9e441d5a895dce2bc88f8b5b2ea1e3d891faae17dce27e7edb,PNG,ui-layout,406,174,RGBA,PNG,True,
assets/layouts/1080/mainmenu/main_more_pressed.png,67752,08a15a8538098c4c5ac433e7c3c0573c2b8d97c9f3fd83cb1d7555bf20dd9515,PNG,ui-layout,406,174,RGBA,PNG,True,
assets/layouts/1080/mainmenu/main_musicplay.png,96196,a1b571a86dc219c4b18bd0ee3bbd3512b32c059fe8b04d26d9b569a063c25065,PNG,ui-layout,629,175,RGBA,PNG,True,
assets/layouts/1080/mainmenu/main_musicplay_pressed.png,106031,a8e7ac60cfed9c32571eddf85d20673dc74bfb5fe60f8f10f2d6be46f1b5f27d,PNG,ui-layout,629,175,RGBA,PNG,True,
assets/layouts/1080/mainmenu/main_network.png,43346,a577c0d55fb0b4aac5ab39e234137213d04f8446f9932282bcbd67656593c92a,PNG,ui-layout,381,174,RGBA,PNG,True,
assets/layouts/1080/mainmenu/main_network_disabled.png,41392,d4c6d7e98ee683289c63fd76c2d19bf5f185cfba72b38631f73dc2cff5a6485d,PNG,ui-layout,381,174,RGBA,PNG,True,
assets/layouts/1080/mainmenu/main_network_pressed.png,51973,40f5e3e01a0bdedac4f68b6484632e4fe6231c9caa04f6576440b727d23c9c57,PNG,ui-layout,381,174,RGBA,PNG,True,
assets/layouts/1080/mainmenu/main_story.png,102397,7ea9772d439e60ae2614da5a85c0aca8a7cb77cf48d316e5e21f6099e6096d6f,PNG,ui-layout,635,175,RGBA,PNG,True,
assets/layouts/1080/mainmenu/main_story_disabled.png,94726,b34ab7572585c7f647d3485b4cf3c1a5a0872f48bc9877188c8f3bf39c3a13fd,PNG,ui-layout,635,175,RGBA,PNG,True,
assets/layouts/1080/mainmenu/main_story_pressed.png,110644,56d8b0b0b6fd6e120b8dcb51381a5e33e6e5cfd758046e8cae9cc6a640472fd0,PNG,ui-layout,635,175,RGBA,PNG,True,
assets/layouts/1080/mainmenu/more/achievements.png,72839,0ef833a98e60cd903707f222a7063ba6d8a11f5371994f543cb0cdd4e7e09a0d,PNG,ui-layout,527,130,RGBA,PNG,True,
assets/layouts/1080/mainmenu/more/achievements_pressed.png,74581,edeaddc0f9ab7c1182bf54ee07b33373ac31a28187d04558b8c98177c735b976,PNG,ui-layout,527,130,RGBA,PNG,True,
assets/layouts/1080/mainmenu/more/cloudsync.png,58531,411c85ed83f7f5c28ecef4e3d4dae51555d7cff0c0fe6706411bec283682ba13,PNG,ui-layout,429,130,RGBA,PNG,True,
assets/layouts/1080/mainmenu/more/cloudsync_pressed.png,59996,ebdd7899503010930733c3024248d4061957a69877e6aaa1ebc13f36988808bf,PNG,ui-layout,429,130,RGBA,PNG,True,
assets/layouts/1080/mainmenu/more/downloads.png,72982,dfc8cd945f8e81e50ac42fbb691c7b467d7bce65995a8a59ca890305cf595078,PNG,ui-layout,527,130,RGBA,PNG,True,
assets/layouts/1080/mainmenu/more/downloads_disabled.png,59196,c50a4bd4eb0145b5a8561d2b2bbb10b0285b548726607b3789bc080d60f01ba4,PNG,ui-layout,527,130,RGBA,PNG,True,
assets/layouts/1080/mainmenu/more/downloads_pressed.png,74861,f6e6647d7c8c3ec17ab0bb6fe24c734716ccf2902b769cff8d51be2b2b7dab82,PNG,ui-layout,527,130,RGBA,PNG,True,
assets/layouts/1080/mainmenu/more/language.png,73145,0edc5d7a0394f52dec072c63a2c066c51c0ce86ac0dd7169e7839a323133fc27,PNG,ui-layout,527,130,RGBA,PNG,True,
assets/layouts/1080/mainmenu/more/language_pressed.png,75119,9b9b76ae0d7d58479a6279fbca6e27ac841b5adb1c3094fb3a6b5faa4df950eb,PNG,ui-layout,527,130,RGBA,PNG,True,
assets/layouts/1080/mainmenu/more/tutorial.png,72815,3ee42d888f42f5756ee162381a2aec70b78a1f387402562fd34cc8e0b115df3c,PNG,ui-layout,527,130,RGBA,PNG,True,
assets/layouts/1080/mainmenu/more/tutorial_pressed.png,74668,7581bf3c99c8b5beae2ca5a2360372e88565c9a9d598118cb5a76ef27aa2f290,PNG,ui-layout,527,130,RGBA,PNG,True,
assets/layouts/1080/mainmenu/new_badge.png,12767,50b7075b02c31841b4805711ada4a9fee114118a0ca65a360386895169b8e2c2,PNG,ui-layout,119,120,RGBA,PNG,True,
assets/layouts/1080/mainmenu/update/arrow.png,6137,d96faf2b8f53cf9f07a5783898c3d308998ea1692cfa36cc8094e1bc38a2cd42,PNG,ui-layout,64,80,RGBA,PNG,True,
assets/layouts/1080/mainmenu/update/arrow_pressed.png,6279,86582f68534c1096ceeebb6931fb66b48d78dd34a259fc3a0fb48e5d53478285,PNG,ui-layout,64,80,RGBA,PNG,True,
assets/layouts/1080/mainmenu/update/back_frame.png,37525,6813d500191bccc25e28350815f19ca7493961ebec6528c31c220ffb79d8df15,PNG,ui-layout,325,163,RGBA,PNG,True,
assets/layouts/1080/mainmenu/update/back_shadow.png,102401,0a78dcbaeaea1cd17b9bba88672176f3c4966359a1bbb9cb51208b4ec6fe30a5,PNG,ui-layout,703,947,RGBA,PNG,True,
assets/layouts/1080/mainmenu/update/update_banner.png,12447,42dfe733da2dcd369a597babb66a027ff2231524fbf709e7bc27b2c8ced13937,PNG,ui-layout,232,53,RGBA,PNG,True,
assets/layouts/1080/mainmenu/world.png,189944,a2b506e2c2355b2c5cf8ee186f32dd0f72a93a7179bba9ee9e7bdea16685649c,PNG,ui-layout,463,464,RGBA,PNG,True,
assets/layouts/1080/mainmenu/world_offline.png,177046,6fbc6003fd86fb951a46746037560233a2e41ce6da75622eed2d6fdc1cfa9e38,PNG,ui-layout,463,464,RGBA,PNG,True,
assets/layouts/1080/mainmenu/world_offline_pressed.png,172621,df2484665863f687adc4bad80951aa9b4f779421e41709207c3ed488aa360969,PNG,ui-layout,463,464,RGBA,PNG,True,
assets/layouts/1080/mainmenu/world_pressed.png,186293,8fc9ab40d48d6cd5ff7f5de89592d8d80202d66a7bfec56a03a9265fd8555e59,PNG,ui-layout,463,464,RGBA,PNG,True,
assets/layouts/1080/mainmenu/world_resume.png,7549,30ac0c32fbf346eaddb0ab8257ad02a8f5c668e7f1d9a9f719460062d81b6232,PNG,ui-layout,273,137,RGBA,PNG,True,
assets/layouts/1080/mainmenu/world_resume_pressed.png,7494,4dda8038e715c1aecfc355becef4d719876e4b3b850201bb8ccd78fa1f021fc4,PNG,ui-layout,273,137,RGBA,PNG,True,
assets/layouts/1080/mainmenu/world_text.png,26307,36fa27a110d847d2f093e8921cac34c9e9853301fa5843ce7fbbd37963421a17,PNG,ui-layout,376,98,RGBA,PNG,True,
assets/layouts/1080/mainmenu/world_text_offline.png,16212,ed17023aebd8f33c8ffd311a5cec825542c2777ed8bb6337e7337106a3341acf,PNG,ui-layout,376,98,RGBA,PNG,True,
assets/layouts/1080/missions/card-banner-arrow.png,9216,6b7c950d991ed7ed3fed805cefe739a7b86ff2bf712e2fd61c1f18e593f146de,PNG,ui-layout,109,133,RGBA,PNG,True,
assets/layouts/1080/missions/card-banner.png,169688,df7cbca09f3a56947a96db8424b2b0bff3bed7016616e4d47ce4c9955f030a6f,PNG,ui-layout,1920,270,RGBA,PNG,True,
assets/layouts/1080/missions/card-checkmark.png,5060,a911672a4fdb37713df2005dcb94f4c5683e08277d596c593cf3a7c73eb72b00,PNG,ui-layout,83,72,RGBA,PNG,True,
assets/layouts/1080/missions/card-claimable-button-pressed.png,21984,e720a1c604e62b68d29e79abf796e388ba3bed3c4a6085c30c415763009428ee,PNG,ui-layout,215,151,RGBA,PNG,True,
assets/layouts/1080/missions/card-claimable-button.png,22107,5cf595ea9f3562cf569909ffcf45fe2341e8ded21fd808a3cb0b619ea50ff5ec,PNG,ui-layout,215,151,RGBA,PNG,True,
assets/layouts/1080/missions/card-claimable.png,172943,c285aaa2b5de954464f5006cad2252c82560d0e8bcd3cf0d05e2f426a83d4a15,PNG,ui-layout,394,577,RGBA,PNG,True,
assets/layouts/1080/missions/card-inprogress.png,179601,89cd38e30825025e1c441c8255f4de553e05065b9864e5b95f7d52c7aa33fda8,PNG,ui-layout,394,577,RGBA,PNG,True,
assets/layouts/1080/missions/card-locked.png,178616,f881e8eb05f08bbaf0cc4bd4104bcb9029ed032cb45a67bdfd5853791ceb48bc,PNG,ui-layout,394,577,RGBA,PNG,True,
assets/layouts/1080/missions/card-redeemed-overlay.png,9983,fb1d9b9fee19ca94d9ff4b3ab5dabecdab4aa7457ecf1ce7d57e392396b668c6,PNG,ui-layout,363,555,RGBA,PNG,True,
assets/layouts/1080/missions/card-redeemed.png,168706,21706a098731d8450329bfa2f346ecda705dd78ac9f3b9fbf51f6ba34c539ff5,PNG,ui-layout,394,577,RGBA,PNG,True,
assets/layouts/1080/missions/claim-all-button-disabled.png,23457,d3e0a1c4ebc9e817de15b04ece56581109b37e973fbd514cc5f60b6b088e23ac,PNG,ui-layout,627,117,RGBA,PNG,True,
assets/layouts/1080/missions/claim-all-button-pressed.png,34223,ceb30f2e1d3a91cd4af8b68e61e6da7d271af2660c0e0e619dff1641b77a3458,PNG,ui-layout,627,117,RGBA,PNG,True,
assets/layouts/1080/missions/claim-all-button.png,35069,295aa3efd49fb8756888057b2b6a6febef3ebf370004dee9ac7a43cfab6be8ca,PNG,ui-layout,627,117,RGBA,PNG,True,
assets/layouts/1080/missions/free-ticket.png,41453,6d2bb920813d4f437b643890c0b450e380e290415652c51e709d2c7935d1d57b,PNG,ui-layout,164,159,RGBA,PNG,True,
assets/layouts/1080/missions/missions-button-pressed.png,47409,55cda3a1d2ff06faa099553c45a17a65c64bbed93a35f137e2118e4d6ea4c120,PNG,ui-layout,220,220,RGBA,PNG,True,
assets/layouts/1080/missions/missions-button.png,47352,7a2a03ad036cf584c7ce4e0f33ac457e4b61f583662ef92e358a2a9427f05bed,PNG,ui-layout,220,220,RGBA,PNG,True,
assets/layouts/1080/missions/notification-bot-double.png,13177,4e84193657822ffc5c5c52e451d60fdc12683dd203dc2d1f902a465e2834147b,PNG,ui-layout,726,84,RGBA,PNG,True,
assets/layouts/1080/missions/notification-bot-single.png,12511,3fcaddf23216fea36783b9128dff83200827bdc34d7ffe7e94509f7617b83389,PNG,ui-layout,726,84,RGBA,PNG,True,
assets/layouts/1080/missions/notification-icon.png,8354,93b66def7bf77fa2486531f7441c16c5655416391bd818226d30622434543894,PNG,ui-layout,71,84,RGBA,PNG,True,
assets/layouts/1080/missions/notification-top.png,48018,b7d8d296e9eb9af77ff9eb6920dd7aa0432c4cce8bd60a7e423a87934865dd10,PNG,ui-layout,458,77,RGBA,PNG,True,
assets/layouts/1080/missions/purchase-backing.png,17751,f3be51f08e5f467bd4e44a606b0727f4549f2a4c0805f9abffdcaf01386e9596,PNG,ui-layout,584,67,RGBA,PNG,True,
assets/layouts/1080/missions/song-ticket.png,32065,0f5286cd97e3c3407a4fa65bb3ab16c38bddcc48cfa57315836f284540e40c44,PNG,ui-layout,167,124,RGBA,PNG,True,
assets/layouts/1080/missions/tier-connector.png,3005,ee49a4ad521d79a7b617395f80b796b1dfe0bfabc1b0f7759648bc6dc29833a0,PNG,ui-layout,202,3,RGBA,PNG,True,
assets/layouts/1080/missions/tier-reward-backing.png,10275,c397c6f6ee1fc02ffb421b15bc9a1deda84c90f39840b84c5c2d871da3ceb214,PNG,ui-layout,1902,37,RGBA,PNG,True,
assets/layouts/1080/missions/tier-selected-pressed.png,15079,a1bd559ed47715f470c6b9f2675e4c86981e07e715d4bfca3a873651d39de589,PNG,ui-layout,140,140,RGBA,PNG,True,
assets/layouts/1080/missions/tier-selected.png,14860,9d8350abb024f59f8414f64251c8cc4712fa934cfab33eebf2d349af79b46862,PNG,ui-layout,140,140,RGBA,PNG,True,
assets/layouts/1080/missions/tier-unselected-pressed.png,4376,a40ef34827474da35bc8874673f975a09b18ce799387f6edb4664e146240507c,PNG,ui-layout,63,63,RGBA,PNG,True,
assets/layouts/1080/missions/tier-unselected.png,3513,87b5ceee192979de7f56f91beb1d4ab909e81b6d300c129df5196a36a6b8223e,PNG,ui-layout,63,63,RGBA,PNG,True,
assets/layouts/1080/multiplayer/btn-share-pressed.png,12720,beb030872c7f5e0d2e0ba565c6cf59f9cded22e2a3ea0573ad53f1b71c7761e9,PNG,ui-layout,196,135,RGBA,PNG,True,
assets/layouts/1080/multiplayer/btn-share.png,11337,7e18884bab672dc388d8b937d1167af6aaada18a90f9070333d3b2dbcfebc751,PNG,ui-layout,196,135,RGBA,PNG,True,
assets/layouts/1080/multiplayer/entrypoint/code-btn-join-pressed.png,18768,80f1021acc205033d51e3949048b4e365f58995388b2f33c2ad70b87c9ec6392,PNG,ui-layout,215,128,RGBA,PNG,True,
assets/layouts/1080/multiplayer/entrypoint/code-btn-join.png,18444,53d37e28e0d068a2a1bc4908ef001d7f410f47a832a41f789ffc6c64831bea89,PNG,ui-layout,215,128,RGBA,PNG,True,
assets/layouts/1080/multiplayer/entrypoint/code-btn.png,11821,ec61c08a148444d06bc25a9b158feaea46d506f583f5671832a165663dd68e88,PNG,ui-layout,611,108,RGBA,PNG,True,
assets/layouts/1080/multiplayer/entrypoint/priv-btn-pressed.png,106765,0ca8fe5bace0f5d569fcf6c8803698d5e4c5d9ba4f206c907e9f6f4e9ac5defc,PNG,ui-layout,543,400,RGBA,PNG,True,
assets/layouts/1080/multiplayer/entrypoint/priv-btn.png,104371,bdee44ba6bbbfbe197ee02fc8f9e34b23abddcf110e1decb0176417c1560b506,PNG,ui-layout,543,400,RGBA,PNG,True,
assets/layouts/1080/multiplayer/entrypoint/pub-btn-pressed.png,62032,494c528823a762f0e734a1873e647476932d229069ba56e997445ddd2371d76b,PNG,ui-layout,543,346,RGBA,PNG,True,
assets/layouts/1080/multiplayer/entrypoint/pub-btn.png,55033,9950e91095d8eaf296cace3f7f0cdb85b2b2ceaf0711727c50a3ffc7f49bd009,PNG,ui-layout,543,346,RGBA,PNG,True,
assets/layouts/1080/multiplayer/entrypoint/session-bg-bot-bar.png,16152,0c6a7f6c6cdeb260d30466f3877ce2139bff3a363adb90500d55832634a30a6f,PNG,ui-layout,1920,34,RGBA,PNG,True,
assets/layouts/1080/multiplayer/entrypoint/session-bg-top-bar.png,80243,522310005c11916fcc08654eb56c165eca47e0821ca624b4b7b124bf40f5d4da,PNG,ui-layout,1920,192,RGBA,PNG,True,
assets/layouts/1080/multiplayer/entrypoint/session-bg.png,1874666,11fe912532258d9f71cad4fa4faf6ab8c8a59ee1b70f9950fa3d2ddbfb50b836,PNG,ui-layout,1668,1030,RGBA,PNG,True,
assets/layouts/1080/multiplayer/invite-button-pressed.png,14142,56f6f1459d5ce3b79055fb5b99e37a45f2c38b54af0034d714f9d151fdca4440,PNG,ui-layout,115,115,RGBA,PNG,True,
assets/layouts/1080/multiplayer/invite-button.png,12915,8e2d43a33cf4c03de229b8a15d954cd8fb1265c79e619c55ffcb8ab147c7a0fc,PNG,ui-layout,115,115,RGBA,PNG,True,
assets/layouts/1080/multiplayer/invite-cell.png,5488,23bcf5b1fae3ad423806ae55cef65352298f21cccfe584c278b76d67ddbe0eaf,PNG,ui-layout,507,141,RGBA,PNG,True,
assets/layouts/1080/multiplayer/invite/invite-accept-pressed.png,12130,3c6341102c74bc717d43250629971b6d0dbbae1b68664ceec365393d2b28f3f2,PNG,ui-layout,238,65,RGBA,PNG,True,
assets/layouts/1080/multiplayer/invite/invite-accept.png,8654,96192e6f2c81b70e1b727234614008a76ad694f5b262960ac6e263d64c7e41c2,PNG,ui-layout,238,65,RGBA,PNG,True,
assets/layouts/1080/multiplayer/invite/invite-decline-pressed.png,11287,5e5be47f9ecc2d92775cd2c5260370f04ccad5982c05b282794e3c42f91baed6,PNG,ui-layout,242,47,RGBA,PNG,True,
assets/layouts/1080/multiplayer/invite/invite-decline.png,7665,bfb6e3c3e591d48353ded113f59b2bfc298e5d26dde36334a89088060ebc0cba,PNG,ui-layout,242,47,RGBA,PNG,True,
assets/layouts/1080/multiplayer/invite/invite-shadow.png,12218,36eb81ab1ad6d9b50c4a9fa137e8fab04e66fe8127c44ad5abb2d3714422b3fb,PNG,ui-layout,652,224,RGBA,PNG,True,
assets/layouts/1080/multiplayer/invite/invite-top.png,34542,93e9dfa7c98b61c94fd970596c61232a8ca9d6a9e8fcdbd7710e83a7a068297b,PNG,ui-layout,652,224,RGBA,PNG,True,
assets/layouts/1080/multiplayer/invited-button.png,4792,f05fe2bc04467ae531d7d070540c0f11bffb7b126d4bbe2e5944f656ee1bca93,PNG,ui-layout,78,78,RGBA,PNG,True,
assets/layouts/1080/multiplayer/invitemenu-button-pressed.png,6254,b62cacf4b80001c4f016e84b199e19749ae1da62e0d393e6d220e9696f3dbef9,PNG,ui-layout,78,78,RGBA,PNG,True,
assets/layouts/1080/multiplayer/invitemenu-button.png,4485,18d4b3708da0d37eac73e1d17218d937f43482ab431f54eca216c66384de9d17,PNG,ui-layout,78,78,RGBA,PNG,True,
assets/layouts/1080/multiplayer/mutual-invalid.png,7579,ba2b8169e71bb6dbd921832de9325782db078daab4eedbde63871f9979e2a116,PNG,ui-layout,78,78,RGBA,PNG,True,
assets/layouts/1080/multiplayer/personalcard-right.png,15744,0263c7289625cceb1d13dc9a70f750ef9e4f1a143fb04cc19545d4839bf1bd50,PNG,ui-layout,138,110,RGBA,PNG,True,
assets/layouts/1080/multiplayer/playercard-right.png,7900,4c1f7a79c02cfce1da9dc96087ceed86a7646df1e8d8e6171f20e7dce9907de3,PNG,ui-layout,127,66,RGBA,PNG,True,
assets/layouts/1080/multiplayer/rating_lowiro.png,11687,bad56d283f56ac30f60bfb13003e4a120e18c02aa228e31ce3197187949165b7,PNG,ui-layout,119,119,RGBA,PNG,True,
assets/layouts/1080/multiplayer/results/gauge-ez.png,4399,4d7acf05b27f1ce6511c493c40486e2e233edd603f9508554897a2b90933627f,PNG,ui-layout,156,55,RGBA,PNG,True,
assets/layouts/1080/multiplayer/results/gauge-hard.png,4399,5d23326df1371833f4e179063929f46bd1a201157a2b6a14c2be021246019b1d,PNG,ui-layout,156,55,RGBA,PNG,True,
assets/layouts/1080/multiplayer/results/gauge-normal.png,4399,3664e15ec19167dd21abdaa3d483e58ce21107cd2ec15f9545065b20d2c264c2,PNG,ui-layout,156,55,RGBA,PNG,True,
assets/layouts/1080/multiplayer/results/resultcard-extra_01.png,98678,58f78ec09d7620fa58225c6761a118be28d8e37edbabf1ce409a01b273853b9b,PNG,ui-layout,623,115,RGBA,PNG,True,
assets/layouts/1080/multiplayer/results/resultcard-extra_02.png,71173,375942c6e0a393e2fc083cf9cb5d186da7f198a6d2cdc3690a8c888730c7d36a,PNG,ui-layout,633,154,RGBA,PNG,True,
assets/layouts/1080/multiplayer/results/resultcard-extra_03.png,70691,8f961a35be28fd857d979f481f6225a1f9d9bb5ce94f03d0def42aaedfe48117,PNG,ui-layout,633,154,RGBA,PNG,True,
assets/layouts/1080/multiplayer/results/resultcard-extra_04.png,70879,23725713142bce1822821e43e527c4f4b3a02fce1f347f45166a72f945358069,PNG,ui-layout,633,154,RGBA,PNG,True,
assets/layouts/1080/multiplayer/search-inner-diamond.png,6392,5ac581b4631576a5a663d57b89f395fc202ee2f2a73b8efdfc889797562b67bf,PNG,ui-layout,111,111,RGBA,PNG,True,
assets/layouts/1080/multiplayer/search-mid-diamond.png,6095,a6d9b107cab75da93d15158b52e84addbe624fa1baa2ad43b567f5c5847cf7ea,PNG,ui-layout,336,336,RGBA,PNG,True,
assets/layouts/1080/multiplayer/search-outer-diamond.png,42859,eb809d8f6cef83e65934be87148de3d454a480b700d1d6a1d52081da4183543e,PNG,ui-layout,741,498,RGBA,PNG,True,
assets/layouts/1080/multiplayer/search-player-banner.png,48532,cb710b3bd04372dd59e569c9bedfd4fc0dc0133f64ab0832e9b832569e771dd4,PNG,ui-layout,901,110,RGBA,PNG,True,
assets/layouts/1080/multiplayer/search-text-backing-highlight.png,34982,c7c1ed4736e89232aef7fa21454226723c18d90020113d8298a7fd41a3caa74b,PNG,ui-layout,1135,359,RGBA,PNG,True,
assets/layouts/1080/multiplayer/skip-vote-pressed.png,22763,5775f86108306587d5b34be4d43d7fb31865501a9ddd91e1cea4613b9c518eed,PNG,ui-layout,405,120,RGBA,PNG,True,
assets/layouts/1080/multiplayer/skip-vote.png,21546,776aa0dcf86b2b47c356250415e43e73ad7e4b144d634e6bd2aef382552f1e45,PNG,ui-layout,405,120,RGBA,PNG,True,
assets/layouts/1080/multiplayer/song-vote-backing.png,4601,4cf4dddf83f5a949b13ddabde21631bb06b0443054c989130a8683bf979830bd,PNG,ui-layout,225,109,RGBA,PNG,True,
assets/layouts/1080/multiplayer/top-rank-icon.png,30624,9b9ae372114b60d4a63d5e2bf821e220f178318a8ebc787dc31c0e644debd229,PNG,ui-layout,290,139,RGBA,PNG,True,
assets/layouts/1080/network/check-box-tick.png,359,92a9dc63a6fe9ac3e84cff8141b419aa4ed140aa1c36f7eec9eefea54a1dcd8c,PNG,ui-layout,36,36,RGBA,PNG,True,
assets/layouts/1080/network/check-box.png,402,bdcee5dec018d2a3b085e754033c3932b08c2d9bdc0dc0a5f3199cf55745b621,PNG,ui-layout,36,36,RGBA,PNG,True,
assets/layouts/1080/network/cloudsync.png,58531,411c85ed83f7f5c28ecef4e3d4dae51555d7cff0c0fe6706411bec283682ba13,PNG,ui-layout,429,130,RGBA,PNG,True,
assets/layouts/1080/network/cloudsync_pressed.png,59996,ebdd7899503010930733c3024248d4061957a69877e6aaa1ebc13f36988808bf,PNG,ui-layout,429,130,RGBA,PNG,True,
assets/layouts/1080/network/oauth/oauth-apple-pressed.png,7662,d77f820dafd61b2a73c81a4fec62e22b33a087f208bc6e7d2da06f5d6a849381,PNG,ui-layout,96,96,RGBA,PNG,True,
assets/layouts/1080/network/oauth/oauth-apple.png,4284,3c9936c1122dd47a147cc6b44bf4c0032fba4c6e8f8006a4b27bcb97cbd73249,PNG,ui-layout,96,96,RGBA,PNG,True,
assets/layouts/1080/network/oauth/oauth-back-btn-pressed.png,89313,df2e63bff279c0cec2a5c5e0d32d24c5982b61ff5106d397250a949a10796c62,PNG,ui-layout,494,117,RGBA,PNG,True,
assets/layouts/1080/network/oauth/oauth-back-btn-white-pressed.png,29775,dc1fdae60adced0600323d5e02bffb94ab99abd39c748a1f54bca020f99191bd,PNG,ui-layout,202,102,RGBA,PNG,True,
assets/layouts/1080/network/oauth/oauth-back-btn-white.png,29640,66c0655b083fb850ad259fec3fa4203aea34c84d78fa5fa92c6b45817ef1505f,PNG,ui-layout,202,102,RGBA,PNG,True,
assets/layouts/1080/network/oauth/oauth-back-btn.png,87048,420c46b209c01d33f5abe01dd0d7f5bde3162e9aa3ff6e06a59a3b242d6ad506,PNG,ui-layout,494,117,RGBA,PNG,True,
assets/layouts/1080/network/oauth/oauth-divider.png,137,4e138012d462f2f41be5461160c43504bbac5a20716e89bd5284c5c9fe353159,PNG,ui-layout,766,2,RGBA,PNG,True,
assets/layouts/1080/network/oauth/oauth-fb-pressed.png,8277,48a741979da156d8853619d0b33516d4e657aa311562d913995a75d0d83bdd69,PNG,ui-layout,96,96,RGBA,PNG,True,
assets/layouts/1080/network/oauth/oauth-fb.png,5081,c43d09d35847a25cab131ae3109b4f133d3c3a7c775e69e65107c237f03fa92f,PNG,ui-layout,96,96,RGBA,PNG,True,
assets/layouts/1080/network/oauth/oauth-google-pressed.png,8824,faee775a7e6589095ac5433de2af1f4c891c311f0365a4bb00819c87268d0d42,PNG,ui-layout,96,96,RGBA,PNG,True,
assets/layouts/1080/network/oauth/oauth-google.png,5548,596572152632bcbdbf1805be300e8bd125ea5ea0541adc9641d9ce349c2e8a66,PNG,ui-layout,96,96,RGBA,PNG,True,
assets/layouts/1080/network/oauth/oauth-textbox-pressed.png,4429,7fdab5181b68242b8b0944857ae61f2f7a02fb0d6dfa15b491eadef300fcc508,PNG,ui-layout,565,52,RGBA,PNG,True,
assets/layouts/1080/network/oauth/oauth-textbox.png,4346,df1d8024657e1f6a33be1ed2eb64f02bcd7755bd5a39d4b914fa8ccd59be85e0,PNG,ui-layout,565,52,RGBA,PNG,True,
assets/layouts/1080/network/oauth/oauth-title-underline.png,298,f62ea2cd7c7f5609444d6fd7d340de8e24111d95ef4bdbd8c83d8d46a05724a6,PNG,ui-layout,351,2,RGBA,PNG,True,
assets/layouts/1080/network/profile.png,68999,391f5edfd0f994e4a490d7f44b9bddbc81c9b5493aea55967cb437320bdb80b1,PNG,ui-layout,429,130,RGBA,PNG,True,
assets/layouts/1080/network/profile_pressed.png,69974,13ead6752c0985dea83fbdae501b2d5a5defdc4fb261f4a2643f24c567fa387c,PNG,ui-layout,429,130,RGBA,PNG,True,
assets/layouts/1080/network/user_back.png,78424,92c5fdef510e0f07b11a02d429585a62477b54426df5510c40556732c6190434,PNG,ui-layout,689,188,RGBA,PNG,True,
assets/layouts/1080/network/user_back_bar.png,9360,e056e58f621d1ebc6102c96c6ccce4ca970504635a5dd145c65878349c1ef3c5,PNG,ui-layout,1920,96,RGBA,PNG,True,
assets/layouts/1080/pause/button.png,19161,d966077e502bc14d25bc62a8443b67ece99c0d6f8238e92b7a0dbf294fcad7b5,PNG,ui-layout,404,107,RGBA,PNG,True,
assets/layouts/1080/pause/button_pressed.png,24177,00c88f6e0bfcd311748c00c54ebc663eb73288ea466200b52f92660ac98af5fb,PNG,ui-layout,404,107,RGBA,PNG,True,
assets/layouts/1080/pause/pause_background_shadow.png,227987,592a8b260bf1fc664ceb1aab85361ec2dbceae445f498c19d6eb99c8f8c2edf2,PNG,ui-layout,1920,1110,RGBA,PNG,True,
assets/layouts/1080/pause/pause_background_shadow_multiplayer.png,243181,e2a1ad969f2a9480b993ef40a4313c66950ff8879d54e7021fcb6d87592309e6,PNG,ui-layout,1920,1301,RGBA,PNG,True,
assets/layouts/1080/pause/pause_backing.png,169729,dae9447da52b12ad35725064a61e5fff8eec422a22b1c4c6b30215f220ad2f96,PNG,ui-layout,1920,660,RGBA,PNG,True,
assets/layouts/1080/pause/pause_backing_multiplayer.png,184438,43ed04386747a46a6800368f51a5a643efd4d74d64b6a1b7a085f47608a10866,PNG,ui-layout,1920,660,RGBA,PNG,True,
assets/layouts/1080/pause/resume_button.png,15797,46f784846410d221e5a6a2d8aa269cf145e674fc835e7c585cb606f742183cad,PNG,ui-layout,402,85,RGBA,PNG,True,
assets/layouts/1080/pause/resume_button_disabled.png,11829,2e2770dfe7fec247df508138d71b264d88e4b6bb0af1eabf4d1bc12c90f0505e,PNG,ui-layout,402,85,RGBA,PNG,True,
assets/layouts/1080/pause/resume_button_pressed.png,20708,065334be3ca132e511414a2dee5d8e3ca569ab8f86df6bb128ed0694ed78ff45,PNG,ui-layout,402,85,RGBA,PNG,True,
assets/layouts/1080/profileedit/card-overlay-mask-dark.png,68706,c228e3f4b8fece3e49a0af87452d7a1a60b2c693c95c576d9811c4dd6018b34c,PNG,ui-layout,1935,106,RGBA,PNG,True,
assets/layouts/1080/profileedit/card-overlay-mask-light.png,128657,40d366f5bb1024fd92e86aa5be1bf30a239e3832af47b15ba2aa671f8ab677f8,PNG,ui-layout,2400,793,RGBA,PNG,True,
assets/layouts/1080/profileedit/card_overlay_diamond_dark.png,2768,b86c859c90ad557049b450ab9a39de46512076eb8ac339d081d2458490c52e4e,PNG,ui-layout,68,67,RGBA,PNG,True,
assets/layouts/1080/profileedit/edit-backing.png,143837,f5ed7f0217091761480197f20c756b84e76283948cc6025af58e59a8eb46d201,PNG,ui-layout,401,484,RGBA,PNG,True,
assets/layouts/1080/profileedit/edit-btn-container.png,2095,eabb490180b2eb0250155b2c3e85718b8d3f8b23b0ef3c81d72418d00d484ddc,PNG,ui-layout,476,76,RGBA,PNG,True,
assets/layouts/1080/profileedit/edit-btn-pressed.png,12756,5670da4fea0df3b5f0157df2fa80ed53d256ca16dad6ec1e870d6494b5661a0a,PNG,ui-layout,257,132,RGBA,PNG,True,
assets/layouts/1080/profileedit/edit-btn.png,11576,a3e5aae0c2cdeb67420aa561fc16912af338889e4e83b17c949e7b2251a79665,PNG,ui-layout,257,132,RGBA,PNG,True,
assets/layouts/1080/profileedit/edit-l-btn-active.png,11156,78bd3c31c3320fa2b930c15ac06cbc30027763242a3d84d9ff4d7b8b90aca21f,PNG,ui-layout,272,127,RGBA,PNG,True,
assets/layouts/1080/profileedit/edit-l-btn-inactive.png,20248,42c053e1c5d6bb91ac54c7c508fa510a481d86817029fe75630b722973f68e95,PNG,ui-layout,272,127,RGBA,PNG,True,
assets/layouts/1080/profileedit/edit-r-btn-active.png,11369,b4f716222016fc3bfe0ca9a7c20fa80bbbf3f6eda3f9566bce3d8b9ec3273bd2,PNG,ui-layout,272,127,RGBA,PNG,True,
assets/layouts/1080/profileedit/edit-r-btn-inactive.png,20402,44611049e48902d5b32221ca310e51e05704ba2a4a64063904831ec0143230ec,PNG,ui-layout,272,127,RGBA,PNG,True,
assets/layouts/1080/profileedit/edit-title.png,1983,0d5f25dcd0449cf4e808c35da6c0aa5c54ecbca6692526dc2994a8ef18e22843,PNG,ui-layout,201,58,RGBA,PNG,True,
assets/layouts/1080/profileedit/preview-btn-pressed.png,14616,9269759979ff5e8dd22557ecbf06318346f20330fd6f3352f99f45d29e00939b,PNG,ui-layout,257,132,RGBA,PNG,True,
assets/layouts/1080/profileedit/preview-btn.png,13443,30fbef6237b8a491afa1b2a845bf6f59fdbfce1de4bbb2ea4d68f2762ab6e863,PNG,ui-layout,232,132,RGBA,PNG,True,
assets/layouts/1080/profileedit/profile-btns-backing.png,5836,4076bc3bd14be42f756714f8a58067741e27d6996a9e1d68bb2c3d3e89ebe723,PNG,ui-layout,514,95,RGBA,PNG,True,
assets/layouts/1080/profileedit/profile-icon.png,1157,723479c379b7294a515c773fa7710bf23ffa38d7cf4d49eb5e161d576b2a8f4d,PNG,ui-layout,48,34,RGBA,PNG,True,
assets/layouts/1080/profileedit/profile-inlay-dark.png,69122,85ec4fa6b57cc957b45c69d0d40f3de738c3ec976531c3d029f73972da920d6a,PNG,ui-layout,1350,106,RGBA,PNG,True,
assets/layouts/1080/profileedit/reset-btn-pressed.png,11170,8e2528bca068eb8f5126c59a2b9df310a70fd4ef9a2569da2505de0a3a3a0217,PNG,ui-layout,174,134,RGBA,PNG,True,
assets/layouts/1080/profileedit/reset-btn.png,10331,407564dfbcb5f62f370913ed5035b2badbb9b268f42dcad633c84a4d1731c34d,PNG,ui-layout,174,134,RGBA,PNG,True,
assets/layouts/1080/profileedit/share-btn.png,9793,08ff63271036765eb4a8b05f8ff1e231a217303939c0469795787738dd19ea76,PNG,ui-layout,108,108,RGBA,PNG,True,
assets/layouts/1080/profileedit/showcase-swap.png,3145,d819ed5c754bef40bc199060fa08a27f36a4ef42492873f2ce11066e1367ee62,PNG,ui-layout,76,80,RGBA,PNG,True,
assets/layouts/1080/profileedit/state-btn-backing.png,8417,41a2c655c975aa3749328f1bd13f6c30c339209e746f388d55e4a229277c38b1,PNG,ui-layout,448,81,RGBA,PNG,True,
assets/layouts/1080/results/back.png,14454,855d2bb2cc20ba55324671d20b50533f403c845a3627ad1da224788d67e097a7,PNG,ui-layout,324,102,RGBA,PNG,True,
assets/layouts/1080/results/back_pressed.png,15483,b60b261e684d7a21a4b5cc588701642c20ae809bd892d2987afa42c0f210f0ea,PNG,ui-layout,324,102,RGBA,PNG,True,
assets/layouts/1080/results/breached_disable_partner.png,42008,f3fb9c44f1e0567ec684830e6d3a6e68c4f662e998731f47efe2c64769d58a1e,PNG,ui-layout,551,50,RGBA,PNG,True,
assets/layouts/1080/results/far-count.png,5851,3f6f48b6b2390eff672fe755ac0e8053268063bbb98f54af8768b2f140b8ef7a,PNG,ui-layout,248,43,RGBA,PNG,True,
assets/layouts/1080/results/lost-count.png,5568,f9ded68cd672100ee1feef9027a71f838dfd869768679320adbdc6433e4f5f2c,PNG,ui-layout,248,43,RGBA,PNG,True,
assets/layouts/1080/results/max-recall-byd.png,32752,f751ac4c2f08c2ccd3c358e1782e5702ffd1dccc81a75fc27176d4034b734a10,PNG,ui-layout,391,110,RGBA,PNG,True,
assets/layouts/1080/results/max-recall-etr.png,40334,9a0c9f4786f61fa0b2607ae323aeb3b9932f1350486ba9f06abd07ed92587df5,PNG,ui-layout,391,110,RGBA,PNG,True,
assets/layouts/1080/results/max-recall-ftr.png,30606,54b5ea2a386ec948f3010b8935bda68a30a471703bb60b26970faea2be9c9d73,PNG,ui-layout,391,110,RGBA,PNG,True,
assets/layouts/1080/results/max-recall-prs.png,31474,00030eb560adb0d8ea8adefebcb80215a6768770bd5493e067ae44183dbd8346,PNG,ui-layout,391,110,RGBA,PNG,True,
assets/layouts/1080/results/max-recall-pst.png,31606,7c8047b1714c0575ae3219b4792ad680a368685d72ea274b4080b4d46eec8c7b,PNG,ui-layout,391,110,RGBA,PNG,True,
assets/layouts/1080/results/mid_button.png,13852,c42e25f96e27acf02ef92192dec955f1dc674d46b9368e695f1edfc90495be4e,PNG,ui-layout,335,100,RGBA,PNG,True,
assets/layouts/1080/results/mid_button_pressed.png,14288,0c4336b7d51dabb43629b1d1465a0a157e747c1104413af97d42cf59ebc3996c,PNG,ui-layout,335,100,RGBA,PNG,True,
assets/layouts/1080/results/pure-count.png,7793,d7e093461054b9d4a6ccfd155089bbed2f1ef4bbc88db4813d3a317585459560,PNG,ui-layout,249,45,RGBA,PNG,True,
assets/layouts/1080/results/res_banner.png,602186,ae622621bc1302d9172451a98d08c1f64f4ce94e500f961126b5f9cd2809b805,PNG,ui-layout,1920,944,RGBA,PNG,True,
assets/layouts/1080/results/res_scoresection.png,183181,aeae67ea19c80d97023e08c1dfd48d9e34021ef20b96bbae2ae144d27dee4c6c,PNG,ui-layout,691,394,RGBA,PNG,True,
assets/layouts/1080/results/res_scoresection_high.png,205001,b74bd82413dda2eb6f402e913dc15481ca474f5d52d898e86ba1ac0087c44623,PNG,ui-layout,691,394,RGBA,PNG,True,
assets/layouts/1080/results/results_bg.png,3228616,9b12c3eeffba106a92251798c51a26abc8514a8ba7840c5b44b290586a6b1bcd,PNG,ui-layout,1920,1440,RGBA,PNG,True,
assets/layouts/1080/results/reward/dark_corner.png,95765,a1bdef1efc51bf72665f5ae9997bc42fc91ba212f520900de8a5e03dbb9b232e,PNG,ui-layout,791,563,RGBA,PNG,True,
assets/layouts/1080/results/reward/frame_character.png,44688,4a304fadb16c2886ad5d9732df3e898df1688ab064aa7a4571862ea0130a60be,PNG,ui-layout,271,272,RGBA,PNG,True,
assets/layouts/1080/results/reward/frame_fragments.png,6928,95a1027fe196671ac0249b674c88d13d94d3877ae605932377579f9767165602,PNG,ui-layout,199,91,RGBA,PNG,True,
assets/layouts/1080/results/reward/frame_reward.png,102022,9f10afce909ea6a7f094745b834ceee59ce5ea75e20a4ba192033e7500bbf1a3,PNG,ui-layout,386,341,RGBA,PNG,True,
assets/layouts/1080/songselect/cell/new.png,12520,4276da39b51c2dbfb254d9813da155209703e918a58a10752a2e996c0ece5e7b,PNG,ui-layout,120,123,RGBA,PNG,True,
assets/layouts/1080/songselect/cell/song_cell_selected_piece.png,19773,aee6ad2f23c25b2373ef37e032fc3d005df4656441645a9154859db974243aeb,PNG,ui-layout,127,187,RGBA,PNG,True,
assets/layouts/1080/songselect/difficulty_selector_0.png,22418,2108026ae401531ce52c16310f7d0e858c5db2c5129bcdb13ba27331b541d281,PNG,ui-layout,293,124,RGBA,PNG,True,
assets/layouts/1080/songselect/difficulty_selector_0_hidden.png,15879,a9ef50ff6440adf7d9ac9a7a51ebd9ab1bce5c1ccd725c26e0f1ee6754c69182,PNG,ui-layout,293,124,RGBA,PNG,True,
assets/layouts/1080/songselect/difficulty_selector_0_locked.png,18736,d4574ff79581a284b50927258140176d2d867ad40f02e95c2ae3d573fd124bd1,PNG,ui-layout,293,124,RGBA,PNG,True,
assets/layouts/1080/songselect/difficulty_selector_0_selected.png,22874,91555fa7f12c626f61520c153aca476070d7631039301a2b78c2b3c7fe758fd1,PNG,ui-layout,293,124,RGBA,PNG,True,
assets/layouts/1080/songselect/difficulty_selector_1.png,22086,aa0b1f5a6c69a8e103aeab01dc835062bf69eeab4ada389616ce3d111e662677,PNG,ui-layout,218,124,RGBA,PNG,True,
assets/layouts/1080/songselect/difficulty_selector_1_hidden.png,15020,9688ebc55dddaf3b66e62073c63aab211f70208fe403140f1898ca625af6a084,PNG,ui-layout,218,124,RGBA,PNG,True,
assets/layouts/1080/songselect/difficulty_selector_1_locked.png,18254,9c6d25b25ce063e2641aa14915b8242d52a07bea5940e5dc80aeda0b8a3e3dac,PNG,ui-layout,218,124,RGBA,PNG,True,
assets/layouts/1080/songselect/difficulty_selector_1_selected.png,22663,28c6ba5bbb06b3e5246c73b40e90416b4288ab0b38fa1db66e5462b86923919e,PNG,ui-layout,218,124,RGBA,PNG,True,
assets/layouts/1080/songselect/difficulty_selector_2.png,21227,6e495addaadb8e45b4bc5b090c2cbf40894adf82fc0dc8411fc0a49726979cfe,PNG,ui-layout,218,124,RGBA,PNG,True,
assets/layouts/1080/songselect/difficulty_selector_2_hidden.png,15020,9688ebc55dddaf3b66e62073c63aab211f70208fe403140f1898ca625af6a084,PNG,ui-layout,218,124,RGBA,PNG,True,
assets/layouts/1080/songselect/difficulty_selector_2_locked.png,17758,b6a0ea21b4852f144da927ab8a8e0b2fd815f9a3b80fc98aad5873cb758ce379,PNG,ui-layout,218,124,RGBA,PNG,True,
assets/layouts/1080/songselect/difficulty_selector_2_selected.png,21936,2b72d0b296e433e4c48a70c24449a0709336c87ab2b34d85468ebc957f2728cf,PNG,ui-layout,218,124,RGBA,PNG,True,
assets/layouts/1080/songselect/difficulty_selector_3.png,31260,7809cca8c67cea8d972c087f6130f725ceb4a67d09e033097bcdeb6aa565b4e7,PNG,ui-layout,209,124,RGBA,PNG,True,
assets/layouts/1080/songselect/difficulty_selector_3_locked.png,26027,ae8449776cd6dffa895ef0d2d1203e0d62b33d98ae511a49ac8ba0ae4df4c658,PNG,ui-layout,210,124,RGBA,PNG,True,
assets/layouts/1080/songselect/difficulty_selector_3_locked_visible.png,34172,6b5d4174e3d33fea626d75b83ff8982a48ce5a453c5c73bc57ccd4971711bae2,PNG,ui-layout,209,124,RGBA,PNG,True,
assets/layouts/1080/songselect/difficulty_selector_3_selected.png,31141,78754ec04e9fe3e5b0c86a5d66f2a6d466d106c70cce3b266ed0bd27770fe1e8,PNG,ui-layout,209,124,RGBA,PNG,True,
assets/layouts/1080/songselect/difficulty_selector_4.png,36369,8b88c9688e48f2588c1cd489006b4372d007400ae287bed51b62af6d5a4893eb,PNG,ui-layout,209,124,RGBA,PNG,True,
assets/layouts/1080/songselect/difficulty_selector_4_hidden.png,21354,71577542bd491182a61b31d8b7f2d1624d95d3aa39a2b74d2b505a76fc792708,PNG,ui-layout,209,124,RGBA,PNG,True,
assets/layouts/1080/songselect/difficulty_selector_4_locked.png,25003,3084b2d2c2adb862dbe67a3cecbd89e881fd285efbd46ad161e8ff7b6f709071,PNG,ui-layout,209,124,RGBA,PNG,True,
assets/layouts/1080/songselect/difficulty_selector_4_selected.png,37358,2e52bbf00fffa7e2876a732e8adf6ea2be3739a2dad4820d477a27b9e8c4cbb5,PNG,ui-layout,209,124,RGBA,PNG,True,
assets/layouts/1080/songselect/folder_singles.png,323822,962ac9191ae36be88b4e691931bece75ec4ea4dc131c8c49d8ff436e56c8a44a,PNG,ui-layout,442,525,RGBA,PNG,True,
assets/layouts/1080/songselect/folder_singles_info_button.png,16722,30fc1b7414f0ae118ff3b7cbef1b0c0f6302aaee5903048f1862cfdc81f7dd78,PNG,ui-layout,142,91,RGBA,PNG,True,
assets/layouts/1080/songselect/folder_singles_info_button_pressed.png,16175,4c272229cf69a4d3e3d63013fe340b2072ce5c5baa6a4866dda9c6ea6666b91a,PNG,ui-layout,142,91,RGBA,PNG,True,
assets/layouts/1080/songselect/folder_singles_selected.png,336248,c84124522e8c68b3e9872f46c58244f079e03eebcb28bb68f71ff170969410a6,PNG,ui-layout,442,525,RGBA,PNG,True,
assets/layouts/1080/songselect/folder_smallpack_selected.png,55819,24479d072e69098f33ccd9993ea3c641853be44efe69c1c1837bc68f1b0ba0a8,PNG,ui-layout,442,525,RGBA,PNG,True,
assets/layouts/1080/songselect/pack_selector_restriction.png,57215,c639ad4d60eb5a93e698b950c1b00cc407e0db3149b3684e076e034bacb60ea8,PNG,ui-layout,439,173,RGBA,PNG,True,
assets/layouts/1080/songselect/pack_swap_button.png,10003,72c6fc0bff6142e9130a4c2e8abcd7ad35c01b3f2aaf64fa48d1b028401746e0,PNG,ui-layout,107,97,RGBA,PNG,True,
assets/layouts/1080/songselect/pack_swap_button_pressed.png,11257,44efc7b57b34c906a62df2dded55a0724d9cab8772cfaa2d9108cfa79546b577,PNG,ui-layout,107,97,RGBA,PNG,True,
assets/layouts/1080/songselect/packselect/limited-tag-pressed.png,4325,086bde92f1039a1c0f5028ff778466eaa01f0b2bd3623885b6a0ae5058686c14,PNG,ui-layout,230,35,RGBA,PNG,True,
assets/layouts/1080/songselect/packselect/limited-tag.png,2977,936c2b4963b0c1005b369c40c94d790d1a1069e81a57bc5bf5fe267ed7e0896d,PNG,ui-layout,230,35,RGBA,PNG,True,
assets/layouts/1080/songselect/packselect/pack-extra-details.png,4596,f19a94d5812fae1816532808257c9e2a504ea656203fb6a5628f6b5e1c359312,PNG,ui-layout,362,60,RGBA,PNG,True,
assets/layouts/1080/songselect/packselect/ps-arcaea-btn-pressed.png,16229,7f2240c3c18279863f49f9cdce2c8f6e6464d7f344c37e86ea2f22061207bebe,PNG,ui-layout,281,61,RGBA,PNG,True,
assets/layouts/1080/songselect/packselect/ps-arcaea-btn.png,14473,89209893a428b853d70b389f8964a578dca313c88a36f53cd5cde935691324c4,PNG,ui-layout,281,61,RGBA,PNG,True,
assets/layouts/1080/songselect/packselect/ps-bar-accent.png,1003,eaa916b88e275da7199c0117803fab0cdc7226587c8167737ee24cab92227e7c,PNG,ui-layout,354,20,RGBA,PNG,True,
assets/layouts/1080/songselect/packselect/ps-btn-backing.png,3393,4601102ea2203653e85d5f2152c9d44e6d2231e8e292b7aeb8d81846eb47ddb5,PNG,ui-layout,355,82,RGBA,PNG,True,
assets/layouts/1080/songselect/packselect/ps-byd-dark-bar.png,57525,28d81448846dff13bef36484b4ea99ced2fd36dbe6ecaa1add6af4a1569e2bcf,PNG,ui-layout,431,1440,RGBA,PNG,True,
assets/layouts/1080/songselect/packselect/ps-byd-light-bar.png,57509,09cebd655ee49f657d7fbe3dde4cdf713dbc591d7509bf444ca03d4aa2467c4e,PNG,ui-layout,431,1440,RGBA,PNG,True,
assets/layouts/1080/songselect/packselect/ps-collab-btn-pressed.png,12072,3ade0266e1aa19c7204e856cf9f4a92b24c82c51951d7213508956f25200d91d,PNG,ui-layout,281,61,RGBA,PNG,True,
assets/layouts/1080/songselect/packselect/ps-collab-btn.png,12490,b88bc957ae4345e96991e57776b907bcdcc3c31361f3d600f46ece00d284309c,PNG,ui-layout,281,61,RGBA,PNG,True,
assets/layouts/1080/songselect/packselect/ps-colorless-bar.png,58439,854f7330a769c345dae8111b2911eba2ca906d93082a468e9187ec7191caeb98,PNG,ui-layout,431,1440,RGBA,PNG,True,
assets/layouts/1080/songselect/packselect/ps-conflict-bar.png,57964,c7b570b73b7e9a513850026008bdc6eee2d4634a74b1bed7975298d47134a32f,PNG,ui-layout,431,1440,RGBA,PNG,True,
assets/layouts/1080/songselect/packselect/ps-extra-details.png,6276,bbb6944b30d50d234d312b37aaaf2b431abfb90df4f3df34fb93a6ee3e60f562,PNG,ui-layout,363,73,RGBA,PNG,True,
assets/layouts/1080/songselect/packselect/ps-f2p-diamond.png,412,2878c5170b0b0a7f4bf7c04c397af0cdbfd678902778ea3ca334876a36e704a0,PNG,ui-layout,15,16,RGBA,PNG,True,
assets/layouts/1080/songselect/packselect/ps-f2p-glow.png,3707,d04319c4164a3a27a62d9a301abe0ca618cc05afb248c768e201a56b3601c693,PNG,ui-layout,244,45,RGBA,PNG,True,
assets/layouts/1080/songselect/packselect/ps-lephon-bar.png,57482,10cae7833b2a798b5f860ff4e4af19bdc86164a5b4cab031eebd48a21e105433,PNG,ui-layout,431,1440,RGBA,PNG,True,
assets/layouts/1080/songselect/packselect/ps-light-bar.png,45536,2e5e2f878094b64e8fbe86c8f7a05d284d60bdbb1c6176e8bc3a8b503261a456,PNG,ui-layout,431,1440,RGBA,PNG,True,
assets/layouts/1080/songselect/packselect/ps-mainstory-1-btn-pressed.png,13469,c81eac6e71b76cdc3274f2400d1e901ac09eb27961165b61236d3d0dcea155e4,PNG,ui-layout,281,61,RGBA,PNG,True,
assets/layouts/1080/songselect/packselect/ps-mainstory-1-btn.png,13638,34f339b9b9c23281c0b256192ec4f52feb85fb253d96a43e2638fb5a0450066c,PNG,ui-layout,281,61,RGBA,PNG,True,
assets/layouts/1080/songselect/packselect/ps-mainstory-2-btn-pressed.png,15351,7fa1d845bdb23574a8d9e499b00e5887360a5acf46a8c203d529b2c3c2fb99e3,PNG,ui-layout,281,61,RGBA,PNG,True,
assets/layouts/1080/songselect/packselect/ps-mainstory-2-btn.png,13265,1769f42ec67df9d929df42ee4c6393c11a9d67f38b963a5c77b41f070bf4a559,PNG,ui-layout,281,61,RGBA,PNG,True,
assets/layouts/1080/songselect/packselect/ps-new.png,4246,ac9110abb93d0c2b67382486556ed91ec184fcbbae924e0b302ffde790c481c7,PNG,ui-layout,87,33,RGBA,PNG,True,
assets/layouts/1080/songselect/packselect/ps-scroll-accent.png,1426,c448c2edf44003433fff6ed21ff67fe84724ad358d6ed3211b10eb7c710ab5eb,PNG,ui-layout,24,149,RGBA,PNG,True,
assets/layouts/1080/songselect/packselect/ps-scroll-area.png,122,3b5750d50e33da713c63014e53ddd73aa3e5d5d0d509067cbcc165a53fe55203,PNG,ui-layout,1,1440,RGBA,PNG,True,
assets/layouts/1080/songselect/packselect/ps-sidestory-btn-pressed.png,15290,b2405e2a0afc980a17b74082cdfb97a079b6a11cc23ff550504bdcd01593b7e2,PNG,ui-layout,281,61,RGBA,PNG,True,
assets/layouts/1080/songselect/packselect/ps-sidestory-btn.png,15814,d459e120aa441b36b36d528d4a4414a021de725606ac1e2ba03fb6c95b0f12c0,PNG,ui-layout,281,61,RGBA,PNG,True,
assets/layouts/1080/songselect/packselect/ps-tray-btn-open-pressed.png,17965,f47cbc4d667573c923a7273a4942fae70aab07ceb5d50e7efa2b4c0923f33c20,PNG,ui-layout,105,288,RGBA,PNG,True,
assets/layouts/1080/songselect/packselect/ps-tray-btn-open.png,17505,808bff46abb8b516602a8668eaaa40663dd6daafd3e0ddcb8701836bcfbe5a78,PNG,ui-layout,105,288,RGBA,PNG,True,
assets/layouts/1080/songselect/packselect/ps-tray-btn-pressed.png,17975,d61045e6998e85a14bd22c6059fde1135b8861a40330f6f354b2677dcac6d7da,PNG,ui-layout,105,288,RGBA,PNG,True,
assets/layouts/1080/songselect/packselect/ps-tray-btn.png,17500,71275f4ae8b1c0f03255b4cbb69715153028c635d75570c0bc06c7c33540dcf8,PNG,ui-layout,105,288,RGBA,PNG,True,
assets/layouts/1080/songselect/packselect/ps-variety-btn-pressed.png,26124,cfc7f416c5b33445af3307b552813c5650d6221b9f98788d8cd6285c142f2e1f,PNG,ui-layout,281,61,RGBA,PNG,True,
assets/layouts/1080/songselect/packselect/ps-variety-btn.png,25074,ede4e3204ec6a30da27fcf7763ede1aa7151cd56a50762ea42a3c4f8bc793900,PNG,ui-layout,281,61,RGBA,PNG,True,
assets/layouts/1080/songselect/packselect/sale-arrow.png,1629,807fe06980cf4cfd7554bf5ce17046a6dc5cac99ee48e96bc627bb2bf3618987,PNG,ui-layout,42,32,RGBA,PNG,True,
assets/layouts/1080/songselect/packselect/sale-backing-append-tag.png,14761,162049e6a1ad9982e9ba638aafd65aa5cf24facde12e187c22aeea19ec0a2573,PNG,ui-layout,361,314,RGBA,PNG,True,
assets/layouts/1080/songselect/packselect/sale-backing-small.png,37170,fba8efe768f996002f4700796c4a57b78be34dc833447449c870b14ea6fb93f3,PNG,ui-layout,304,326,RGBA,PNG,True,
assets/layouts/1080/songselect/packselect/sale-backing.png,35131,478658d73fc60d44eba2a45f081f4fcf1a379e63fa4572e30c577244662a6b6e,PNG,ui-layout,284,523,RGBA,PNG,True,
assets/layouts/1080/songselect/packselect/sale-cross.png,670,f1f97911e0af295eccec659b0e82a2dcddccb96d3638f2034a621e51d18bb7eb,PNG,ui-layout,78,9,RGBA,PNG,True,
assets/layouts/1080/songselect/packselect/sale-timer.png,1307,51043846543c743b880aabf9f4a0dd77f2fc5d3c8c5bac51c579a835d5518a7e,PNG,ui-layout,117,26,RGBA,PNG,True,
assets/layouts/1080/songselect/scorelist_bg.png,246662,44e6126c5f61d4f810425f678a8de7b5f46252246134a10884fb99fd11933ed7,PNG,ui-layout,490,445,RGBA,PNG,True,
assets/layouts/1080/songselect/scorelist_header.png,5933,100d91626e83a247a3f960513d7c319e3ba36b1c7dbceed14806aff4484139a4,PNG,ui-layout,346,56,RGBA,PNG,True,
assets/layouts/1080/songselect/song_cell_selected_piece_beyond.png,21644,876fb63f22e25ad48dc8e6ed626755c0370018764942f760367f4c97d9c6318c,PNG,ui-layout,127,187,RGBA,PNG,True,
assets/layouts/1080/songselect/song_currentpack.png,56695,bfc657cdcf7cab49d33efc35cc322f42b9fbfa347523a1c7afcce5649da2ca84,PNG,ui-layout,439,173,RGBA,PNG,True,
assets/layouts/1080/songselect/song_currentpack_restriction.png,57198,6e347cc48b89ddf347c8b2e21a2e8a7d2a6b18380d5576877aaa2d1accfedc44,PNG,ui-layout,439,173,RGBA,PNG,True,
assets/layouts/1080/songselect/song_currentpack_restriction_wide.png,57275,dfffc0d2415086d83349ddec6f08c2910aa2b21a284c0f048ad32cbf932ddc2a,PNG,ui-layout,439,173,RGBA,PNG,True,
assets/layouts/1080/songselect/song_currentpack_selected.png,62781,8a7914db4ef1f795f729f1df21e8932bddd498a05033439c647fdb90bc600a85,PNG,ui-layout,439,173,RGBA,PNG,True,
assets/layouts/1080/songselect/song_score_tab-byd.png,97724,3e11f039adb12a9ca29eb37a932a5c7d6ca410c13db119574dba433427b553a5,PNG,ui-layout,760,226,RGBA,PNG,True,
assets/layouts/1080/songselect/song_score_tab.png,80073,4f9b984ba64966734034b66ff9618d7637101f68dd3758f3cb79ef9adda10916,PNG,ui-layout,596,226,RGBA,PNG,True,
assets/layouts/1080/songselect/song_score_tab_locked-byd.png,89868,ca3d224cccbc1ff24dd1151a4ba603aba45b2acbde1d9a5aefc3aa2b53044062,PNG,ui-layout,760,226,RGBA,PNG,True,
assets/layouts/1080/songselect/song_score_tab_locked.png,71876,8f1038e548ab778a5b0e044b4552c8eeeb68abf03ca321391d0b3f5fc0388664,PNG,ui-layout,596,226,RGBA,PNG,True,
assets/layouts/1080/songselect/songfilter-search-bar-pressed.png,10913,63ef7b659d8ccdd992c78a08addc8d0de9da849e36defad370fd184f4e2f2442,PNG,ui-layout,568,55,RGBA,PNG,True,
assets/layouts/1080/songselect/songfilter-search-bar.png,9773,26c49d670d6b5ffd157c2346977cefe73ca921b39264fc2b53b84ff3c1d3e694,PNG,ui-layout,568,55,RGBA,PNG,True,
assets/layouts/1080/story/act1-part1-pressed.png,44943,9c9f666f255cabe491dee7c43006529a7f9bb7ad4d04e378b1d4066a6696100c,PNG,ui-layout,149,180,RGBA,PNG,True,
assets/layouts/1080/story/act1-part1.png,46131,b42680657ae834df07a503ac43e9010c14e9b3b51bc474c9015081794f2f47ac,PNG,ui-layout,149,180,RGBA,PNG,True,
assets/layouts/1080/story/act1-part2-pressed.png,33973,3f00da2d7d2816d67ba2b86ec5006a683fdae1c08e62ad93b19e0589e0fde51c,PNG,ui-layout,149,180,RGBA,PNG,True,
assets/layouts/1080/story/act1-part2.png,36644,1b73e9037d65dbdf05c0da78502a43a94157f746afe18bed52a3ea999c23044e,PNG,ui-layout,149,180,RGBA,PNG,True,
assets/layouts/1080/story/act1-part3-pressed.png,43635,d775d550eb5394ad32f2a58c36982caa2bee39a6e074c871f8ada405c89c9014,PNG,ui-layout,149,180,RGBA,PNG,True,
assets/layouts/1080/story/act1-part3.png,43758,5f6871195fc7a9ca70e6c67054771adefda36fb75daa17d1b2ae47f5cf14362e,PNG,ui-layout,149,180,RGBA,PNG,True,
assets/layouts/1080/story/act1-title.png,6164,f93b598cdbc23f8dc236d398dfe046671db3b9f65456ff706201cfdc0e3b6822,PNG,ui-layout,357,88,RGBA,PNG,True,
assets/layouts/1080/story/act2-part1-pressed.png,34499,053b0861440caac38ec67fd8665ecccee7c04353b9d8e4d7c656ea1502cc407d,PNG,ui-layout,149,180,RGBA,PNG,True,
assets/layouts/1080/story/act2-part1.png,35828,172c038a13297f49314b86c24858f6c4cce9636e8c4b1ce7b3fa26cda7d9b8ce,PNG,ui-layout,149,180,RGBA,PNG,True,
assets/layouts/1080/story/act2-part2-pressed.png,39222,5f779363520f52755c070605cf3705a84e5112bd1dff50976a6dbd87a72474a7,PNG,ui-layout,149,180,RGBA,PNG,True,
assets/layouts/1080/story/act2-part2.png,40255,27fa73e797b74913cafa4d563fe564726a58e46ffb2345705294d9bcc00f63d4,PNG,ui-layout,149,180,RGBA,PNG,True,
assets/layouts/1080/story/act2-title.png,6611,a20539011ec1b72e3d4bdf1cdaac2fd70cf7b02ec8fee83c8c3bf504ac7d85eb,PNG,ui-layout,357,93,RGBA,PNG,True,
assets/layouts/1080/story/diamond-dividers.png,3018,7625879508042bda784fbfdd2e24bc51ea123ffd94f1e4dfbf6e46dc6d969ec5,PNG,ui-layout,24,24,RGBA,PNG,True,
assets/layouts/1080/story/finaleportal/node-finale-bgfragments.png,37732,99ab7b2681180601d1f2cb95629c69c877434688a58658571e7090a9a71007a7,PNG,ui-layout,816,959,RGBA,PNG,True,
assets/layouts/1080/story/finaleportal/node-finale-button-default.png,154129,3f3b064b4c39609e9aa4e292e6dc185aba44bae0e214c15a060a0a9ce0123888,PNG,ui-layout,412,412,RGBA,PNG,True,
assets/layouts/1080/story/finaleportal/node-finale-button-pressed.png,151542,4bc129b8579af63f709f2ba4f807a60bac09904ed9efdebaeafa63c711b5f14d,PNG,ui-layout,412,412,RGBA,PNG,True,
assets/layouts/1080/story/finaleportal/node-finale-buttonbg-portal.png,255921,4168f3edec1b927934f96fbf774e5f6c4d09d502e2ba12b40e688296d9bc40bd,PNG,ui-layout,600,600,RGBA,PNG,True,
assets/layouts/1080/story/finaleportal/node-finale-buttonbg.png,499902,81b7c85beb1e6b6332972d304b84fb85ca09d4b24e748f7067fedde0157ac2b7,PNG,ui-layout,1079,1079,RGBA,PNG,True,
assets/layouts/1080/story/finaleportal/node-finale-fgfragments.png,18581,8b5f2c02ed30269b6a7c356702f199391d721212a6433e6f38fda10e16e02bc8,PNG,ui-layout,546,329,RGBA,PNG,True,
assets/layouts/1080/story/finaleportal/node-finale-portal-edge.png,2786306,9a7842be24b93e6bd5b441d7456e8bf7dcdf0dc0902fd6eb71cdce0d3a4346fe,PNG,ui-layout,2048,2048,RGBA,PNG,True,
assets/layouts/1080/story/finaleportal/node-finale-portal-mask.png,50506,4e5d2bb5c91472ef664bd9ecbf5a620c3712d6a55badc469d854f5dced746f8f,PNG,ui-layout,2048,2048,RGBA,PNG,True,
assets/layouts/1080/story/finaleportal/node-finale-portalbg-nomask.png,2471748,d56a1c4837ce1e5a6a06bf2a82a3cd0c0d05fb3b16d7d89883f75c44064933f9,PNG,ui-layout,1757,1584,RGBA,PNG,True,
assets/layouts/1080/story/jacket-back-glow.png,8931,9f43114eca14401a6dc94bad1deae6291baae3c28c796099fd4861811c605346,PNG,ui-layout,318,318,RGBA,PNG,True,
assets/layouts/1080/story/offscreen-indicator.png,3976,847c88a71d8f9c3b9f6caf83c0b06743d0f0a75374ecac81a00eb2f97232e66a,PNG,ui-layout,40,39,RGBA,PNG,True,
assets/layouts/1080/story/partner/filter-backing.png,115452,26451396d03e125f75656cc05dc50d2e9027557634c565bb9d67271d1e9a76af,PNG,ui-layout,412,371,RGBA,PNG,True,
assets/layouts/1080/story/partner/filter-btn-backing.png,3889,a30c87081ff04f45347a1acc48c96b9b8c4958b9e3f5662af13b8bea3820caa0,PNG,ui-layout,354,77,RGBA,PNG,True,
assets/layouts/1080/story/partner/main-story-inactive.png,10455,2208131d42dfaa8c74b976d31003118200f063035c387269587a736ea944e0b9,PNG,ui-layout,281,61,RGBA,PNG,True,
assets/layouts/1080/story/partner/main-story-pressed.png,15072,03e1c9b5d377cf6d2a1a2ca9de12d5564f7727e25a9fc648acdfd9a33288c681,PNG,ui-layout,281,61,RGBA,PNG,True,
assets/layouts/1080/story/partner/main-story.png,13010,6e1304d48cd8562d05e257e0061b63a1e2d0f130811adb032c9a7d0d50d845e9,PNG,ui-layout,281,61,RGBA,PNG,True,
assets/layouts/1080/story/partner/main-tag.png,5681,dbdeef3d20841784da8b037f5d57f388d2a75e27a8c01a12f0d95a77565b004d,PNG,ui-layout,203,41,RGBA,PNG,True,
assets/layouts/1080/story/partner/partner-backing.png,16833,a994ab0e23cb94a07d17038579225dab1753aa56a76a0e256a3147a23cd656fb,PNG,ui-layout,582,85,RGBA,PNG,True,
assets/layouts/1080/story/partner/partner-selected.png,18704,b5fd64d22c88d48950c90541bd8640d5d06837d9f18bad1ca904a77879521218,PNG,ui-layout,295,294,RGBA,PNG,True,
assets/layouts/1080/story/partner/progress-arrow.png,3683,d88a4fb3f482c60e16ee6c97a853037f02da65137d9fabcca545545fabd018e5,PNG,ui-layout,45,58,RGBA,PNG,True,
assets/layouts/1080/story/partner/progress-backing.png,13366,bceffdee48142706d88cf39b9440d231317af84a405c00af83d31d6c26943b5b,PNG,ui-layout,1054,107,RGBA,PNG,True,
assets/layouts/1080/story/partner/progress-node-backing.png,4434,fe33bf8f98b31c8a48a9702db1e9cced0a381c0a7cd029eab2ff17a7f8accfea,PNG,ui-layout,162,35,RGBA,PNG,True,
assets/layouts/1080/story/partner/progress-title-backing.png,9781,f95e996f87a27747875d434f1be196ad95f302e398caae806150a93c14a324f0,PNG,ui-layout,1498,43,RGBA,PNG,True,
assets/layouts/1080/story/partner/scroll-bar-backing.png,3210,1c732102c271151ee38006cad7acd2c4f085e39cec1307ffc88869ecb726e7ce,PNG,ui-layout,897,14,RGBA,PNG,True,
assets/layouts/1080/story/partner/scroll-bar.png,2803,34691f09a4f00119e9c9b948e918da48ba8efca8069a339e15c0436632a4d993,PNG,ui-layout,1,6,RGBA,PNG,True,
assets/layouts/1080/story/partner/short-story-inactive.png,14550,107429ea4d97fd1177416fbd11c4a2c1f48e866c7f4054a7ade14dda8c603c27,PNG,ui-layout,281,61,RGBA,PNG,True,
assets/layouts/1080/story/partner/short-story-pressed.png,17908,1d9c2cd76583afde24defdfcae7d887265b63423436ebce5602e685682d61ce3,PNG,ui-layout,281,61,RGBA,PNG,True,
assets/layouts/1080/story/partner/short-story.png,18033,1db46e2c9faf6237215613b45a8871efb6ad48df198cf3473915c8597b383de8,PNG,ui-layout,281,61,RGBA,PNG,True,
assets/layouts/1080/story/partner/short-tag.png,5683,bd7d8de47591a4357f91e35f72f04edcb617a12eb4465402742c028982df74a6,PNG,ui-layout,203,41,RGBA,PNG,True,
assets/layouts/1080/story/partner/side-story-inactive.png,20711,a3c01a585bdeeb3610e6b7ce9488f8c4bb857af4db5350e710f72aaa5d15d9a9,PNG,ui-layout,281,61,RGBA,PNG,True,
assets/layouts/1080/story/partner/side-story-pressed.png,25823,b74f2cb941e8dc266dabf6296cde3a14b3367dfa840b577bf011f92c395eb6d8,PNG,ui-layout,281,61,RGBA,PNG,True,
assets/layouts/1080/story/partner/side-story.png,24337,eab613a2937c4d8263372ac8d6185f48fc93ee75fbd57e4c908f29dfcf2826dc,PNG,ui-layout,281,61,RGBA,PNG,True,
assets/layouts/1080/story/partner/side-tag.png,5683,8dbac8d64d614f2bced3ec141b6ab4ff492273e6e0a237c2674776d26cb8a459,PNG,ui-layout,203,41,RGBA,PNG,True,
assets/layouts/1080/story/poem-btn-backing.png,4387,517f43ae9e133c1205b5842edc7a2b6c8e944f5fb10bb713cf315c781d27c120,PNG,ui-layout,209,64,RGBA,PNG,True,
assets/layouts/1080/story/requirement_plus.png,4902,558b4770bb7129f5d2544738abc38dea6be581dc349753bb6fc9e3ccd0c9d932,PNG,ui-layout,114,115,RGBA,PNG,True,
assets/layouts/1080/story/requirements-backing-wide.png,358391,17428a4d13533ac58529fd0f73bfdbd30e3664fa5602f1c0126bf0f124634257,PNG,ui-layout,2560,1016,RGBA,PNG,True,
assets/layouts/1080/story/spoiler/diamond-accent.png,3170,2225e8b6d271bc94be335e6ab65c53045ab35a9216f490429c33071e2c7ecc12,PNG,ui-layout,43,16,RGBA,PNG,True,
assets/layouts/1080/story/spoiler/pack-backing.png,13041,00cceb0c661cf8f37170134be5bf105a12af91bc6f462f6147e119ea22253c35,PNG,ui-layout,233,375,RGBA,PNG,True,
assets/layouts/1080/story/spoiler/spoiler-backing-wide.png,534419,696135699de13c83993e2794916b395922f6f39224ac0b2739e2e6aafead1e0c,PNG,ui-layout,2560,1081,RGBA,PNG,True,
assets/layouts/1080/story/title-accent.png,3779,0fca4c4ba17205267698642a9346656948124c40fb22f66cba7afb70d7cf6f50,PNG,ui-layout,115,30,RGBA,PNG,True,
assets/layouts/1080/story/title-backing.png,43494,e89e13af27480338ee576aca88513d01b9f75ddcd1f1d438162e055f8fc8c3e9,PNG,ui-layout,556,82,RGBA,PNG,True,
assets/layouts/1080/story/top-left-banner.png,7269,8382e6422881462d67c4b5bdb52880ced4c69e7d5971fae02a5288322afbcaea,PNG,ui-layout,337,81,RGBA,PNG,True,
assets/layouts/1080/title_float.png,331,c75edab5819c7e8a4da5c21fb230fb7aa3396927c8795f5cb83ae9eb360c4437,PNG,ui-layout,351,3,RGBA,PNG,True,
assets/layouts/1080/topbar/fragstack-double.png,1252,debde9d46171018fc8bad1c01f8a22c22f9c825171ea15425d80ac987411faa4,PNG,ui-layout,147,44,RGBA,PNG,True,
assets/layouts/1080/topbar/fragstack-doubleplus.png,1186,c2a1ff3fbdd9ae84c39e0d09b707fd99e06bbde4753ac9d7ff7bda5bc01d5477,PNG,ui-layout,147,44,RGBA,PNG,True,
assets/layouts/1080/topbar/fragstack-single.png,967,f7c650f92abec694ce341172ed0fd6cc992fb9da71248af560d08174a3e43ff1,PNG,ui-layout,147,44,RGBA,PNG,True,
assets/layouts/1080/topbar/fragstack-singleplus.png,962,53a8fec1be8e094a535188aed0c2b9cd0985c47b7fea464dbf1d08be71d171f3,PNG,ui-layout,147,44,RGBA,PNG,True,
assets/layouts/1080/topbar/top_button.png,5156,4d6219e2496851c0a20ec4251964b74bf934c3bcc8c9984bf127ec72f6186e0d,PNG,ui-layout,147,74,RGBA,PNG,True,
assets/layouts/1080/topbar/top_button_disable_solid.png,2803,4e7cba713b6e3d409bb7fd1156d7a4b80d53596ecba7c68e2fed446d4f36b990,PNG,ui-layout,148,74,RGBA,PNG,True,
assets/layouts/1080/topbar/top_button_max.png,7024,a1654b79d6bf996201b5e0b068d26eb602479ed17d72abe4d6d9b6f37fe53ca2,PNG,ui-layout,147,74,RGBA,PNG,True,
assets/layouts/1080/topbar/top_button_pressed.png,6710,3134148f706f48c223c7cd3395bb3d764058e32bc674713afcc30fd81bc0fe7f,PNG,ui-layout,147,74,RGBA,PNG,True,
assets/layouts/1080/topbar/top_button_settings.png,3143,0cf57324a2eafe8d2eb75a67967cee826eb2a424cba40aa8d4344bd82516ffb5,PNG,ui-layout,148,74,RGBA,PNG,True,
assets/layouts/1080/topbar/top_button_settings_pressed.png,6669,7ff2d712d7babb4b80b08447df98b6fceeaeb272cde27321662b3e73caf0d1d0,PNG,ui-layout,148,74,RGBA,PNG,True,
assets/layouts/1080/topbar/top_button_special.png,3161,3781ba863ee766cc04e33488116520890387729b01c8b94dc444a08148223a43,PNG,ui-layout,147,74,RGBA,PNG,True,
assets/layouts/1080/topbar/top_button_special_pressed.png,8571,bdb51fb193c601b75af1df56a45943c49a48793b238389e43262128c0dd7df07,PNG,ui-layout,147,74,RGBA,PNG,True,
assets/layouts/1080/topbar/top_button_sync_failed.png,2939,0a8442ec210601456041982cc0709dd9bc4c2017e2fef9750843f5006b5c6d03,PNG,ui-layout,147,75,RGBA,PNG,True,
assets/layouts/1080/world/boost.png,14162,b2563ebee5235783d2a1c5a096fb68774b8eb2d84ae60b89ebe213bffa556560,PNG,ui-layout,158,158,RGBA,PNG,True,
assets/layouts/1080/world/boost_enabled.png,14042,a4756480b958c8481eeb5297572b8e9df4ba0ea9f4cbd19552782ee35c01568a,PNG,ui-layout,158,158,RGBA,PNG,True,
assets/layouts/1080/world/boost_pressed.png,15680,5d25d5202bd825ad57ba4e4d0f3813376dd864368dd1d49a823eab71e41c5ebd,PNG,ui-layout,158,158,RGBA,PNG,True,
assets/layouts/1080/world/byd-1stam.png,52621,0cc4af5cd6d9645e5924e61ce889f0944c63234754c2b58735b577b8bcd5eef9,PNG,ui-layout,306,302,RGBA,PNG,True,
assets/layouts/1080/world/chapter/complete.png,12817,e3cd13598324460d56bf273680bf1445587bf0d3c504b498a16cf0d09c71a922,PNG,ui-layout,345,27,RGBA,PNG,True,
assets/layouts/1080/world/chapter/complete_border.png,36929,6d91abf52816ecd8a3e9c75315604d1dc8c4b7945ae8ae091d1c98f32b6b9168,PNG,ui-layout,646,645,RGBA,PNG,True,
assets/layouts/1080/world/chapter/small_complete.png,8983,8b4ff9bebeba944e54e2633d220ad8e2c6b50b4bc108b064a1a94e33bf91c0f8,PNG,ui-layout,227,27,RGBA,PNG,True,
assets/layouts/1080/world/chapter/small_complete_border.png,21903,bc85cf3a82e0a71059b3fc250dcedef13beb7239330ff90100859d3ee93196d6,PNG,ui-layout,251,250,RGBA,PNG,True,
assets/layouts/1080/world/chapter/world_overview_button.png,65659,0526a95767fcb0605cb91cd2ab1bfe075598f086a3615f909461e3578ed2a819,PNG,ui-layout,606,103,RGBA,PNG,True,
assets/layouts/1080/world/chapter/world_overview_button_pressed.png,65389,9fa6615ca303848ae759e15901e31edeabd811b7492e7781d060087f0349a119,PNG,ui-layout,606,103,RGBA,PNG,True,
assets/layouts/1080/world/map/banner_complete.png,18379,c4d72375461c53e56a63fe9f8fa0fa420e270964df5521cd13808ecd1c7d62ec,PNG,ui-layout,227,240,RGBA,PNG,True,
assets/layouts/1080/world/map/banner_current.png,6377,539665ad87484c788c126fc8291e941cffbaaed0003f206b8e9f6c1aef294c8e,PNG,ui-layout,227,35,RGBA,PNG,True,
assets/layouts/1080/world/map/world_play_button.png,64123,ba63e1d9e9e20587be7a45f0c1bc159df2bcac70c2ff0c236a3138ca92e920c0,PNG,ui-layout,483,165,RGBA,PNG,True,
assets/layouts/1080/world/map/world_play_button_disabled.png,50146,4d2295f014170f912a7b35097099dfa2e3081a1d05154c839c5bd5d9e9e3fdc8,PNG,ui-layout,483,165,RGBA,PNG,True,
assets/layouts/1080/world/map/world_play_button_pressed.png,64207,33ebd5b626819546d26fc4c589f721802127e38cc26e6db7246fc0b1f3bcecc6,PNG,ui-layout,483,165,RGBA,PNG,True,
assets/layouts/1080/world/map/world_play_button_split.png,51176,009e87591d170b952ccdba658137e4e7ca1b73625466a23018f97fc966af2962,PNG,ui-layout,372,165,RGBA,PNG,True,
assets/layouts/1080/world/map/world_play_button_split_backing.png,21301,f0ad5c55972b7132de91bb727b3c803841d83dab0cf2ac82ad38b0555f7fe9ee,PNG,ui-layout,807,149,RGBA,PNG,True,
assets/layouts/1080/world/map/world_play_button_split_disabled.png,46261,f936ef86afe528904fd02efcd9235ae927ea6268fe49aed1436bf83c2d631613,PNG,ui-layout,372,165,RGBA,PNG,True,
assets/layouts/1080/world/map/world_play_button_split_plus.png,48333,e29e893900819cb8fb6e251bce524a0c432423df3314cc66d8a0c8e5b76e52af,PNG,ui-layout,371,157,RGBA,PNG,True,
assets/layouts/1080/world/map/world_play_button_split_plus_disabled.png,35981,6861e8d8190f77814de7ada4bab583d3a5813ef31513ffbd3f4422ba2dd60dad,PNG,ui-layout,371,157,RGBA,PNG,True,
assets/layouts/1080/world/map/world_play_button_split_plus_pressed.png,45248,ef96e5bd8a8b4dc8c7f95762c7e83396e774797a8ba5b6b46aa4791abfb495ec,PNG,ui-layout,371,157,RGBA,PNG,True,
assets/layouts/1080/world/map/world_play_button_split_pressed.png,46103,dcf9d07d4ce3e6d119ddfb8de0fc30868148f577cd0e391be1c5c0d286588d74,PNG,ui-layout,372,165,RGBA,PNG,True,
assets/layouts/1080/world/stam-cost-0.png,10321,56b1bc93ee145db791daa0b86f7ef93c0fd41f01e33d9b9b209228620480070a,PNG,ui-layout,182,99,RGBA,PNG,True,
assets/layouts/1080/world/stam-cost-1.png,12918,02c4bb18226b9f163c320cd7a58df439d5f97dae0fc28944ac92188de25cc5ff,PNG,ui-layout,182,99,RGBA,PNG,True,
assets/layouts/1080/world/stam-cost-2.png,16178,0612a8634956951c34d7f68c550879e8fbca98c08476ca48a4f8e2443e791e73,PNG,ui-layout,182,99,RGBA,PNG,True,
assets/layouts/1080/world/stamina_bg.png,24523,dff074dd650bdb25a0897815d96ac05b6fb3195174166ffb8a39ebdf1742f162,PNG,ui-layout,847,137,RGBA,PNG,True,
assets/layouts/1080/world/stamina_pip.png,7947,26e5a4222837f137f5f019e782b021989099327ec1bce037b2ee18f9ddf8ff45,PNG,ui-layout,164,73,RGBA,PNG,True,
assets/layouts/1080/world/world-boost-byd.png,12314,c8185e6ef79d905e05633a9c4d632fa4a39f1c0e3a94a6655a97442cd1fe33ae,PNG,ui-layout,157,158,RGBA,PNG,True,
assets/layouts/1080/world/world-boost-pressed-byd.png,14875,837f8041ef64831474f7972bc14178b4efc0cf09e2c596f18e7f0f6d47808f35,PNG,ui-layout,157,158,RGBA,PNG,True,
assets/layouts/character/blue.png,413,e6abb02fafd8acb421ad5a5e03ac4f1eb924428d7795a077b8a7ee798c1bc7d8,PNG,ui-layout,9,49,RGBA,PNG,True,
assets/layouts/character/easy_skill_bg.png,8004,ebcc6ae601a667a518cbb42eaae9ccb6dcb335b2065734fb6870bd760e1bbf74,PNG,ui-layout,587,109,RGBA,PNG,True,
assets/layouts/character/exp.png,76,692d7f7e28eae2ddcb7b5769364588a61ed79ac538bb20b39d45dd441998d406,PNG,ui-layout,1,9,RGBA,PNG,True,
assets/layouts/character/hard_skill_bg.png,8940,9aa113497ce02d1e41336bd8444d9aa9d78dd63ecc8450f3ae631872c73a67fd,PNG,ui-layout,587,109,RGBA,PNG,True,
assets/layouts/character/partner-art-swap-pressed.png,8907,35593fe75254c9c6c6d1eb8ef4efdd0d6e977af4bc69335e839d70aaada49cef,PNG,ui-layout,119,120,RGBA,PNG,True,
assets/layouts/character/partner-art-swap.png,6837,429dfd8730a586969537c3d6eabcddc5c521de9607e0a05a5b4af19ad0f6f1af,PNG,ui-layout,119,120,RGBA,PNG,True,
assets/layouts/character/red.png,400,c8633865b29e7bb107ea9f7d68ff5c5cb0c6e0b9bc939efa6ce7951af193cb40,PNG,ui-layout,9,49,RGBA,PNG,True,
assets/layouts/character/stats_bg.png,37769,d8186aeb5ed68099ae6bf2154333867f6119ba64e1f2fe5cb7444de3e39872b6,PNG,ui-layout,542,164,RGBA,PNG,True,
assets/layouts/character/stats_bg_pressed.png,41508,0b659e5e4e4ccea5069c9acc71006483c8b234ec3ef4d2a3e765edc8225e8dcf,PNG,ui-layout,542,164,RGBA,PNG,True,
assets/layouts/character/v2.1/awaken-icon-closed.png,3293,3c44fc538116a9a0c9981ae0acf0ae03d8ae8dcc5c6f8254ab5a3a67ce8c383e,PNG,ui-layout,71,46,RGBA,PNG,True,
assets/layouts/character/v2.1/awaken-icon.png,4016,d971a70f0c75c3562093ef03ee908a144f215b94490eb219071ef7f8957e2210,PNG,ui-layout,71,46,RGBA,PNG,True,
assets/layouts/character/v2.1/btn-mid-active.png,11745,2187c61e9170f896cfd487d38a391857132cf553cb80e9a50aaec4cfae6cb68b,PNG,ui-layout,255,120,RGBA,PNG,True,
assets/layouts/character/v2.1/btn-mid-inactive.png,17175,6c54ae2351f6019d67a088607b2dded78f706a64c919e97dd25a7fb9f3be3ffe,PNG,ui-layout,255,120,RGBA,PNG,True,
assets/layouts/character/v2.1/btn-outside-active.png,9780,de060b58ee86702b179da6f78e83c59868a75a16d46a76e73005e2f120b84411,PNG,ui-layout,255,120,RGBA,PNG,True,
assets/layouts/character/v2.1/btn-outside-inactive.png,13525,5c9d80df66a47315d65b947739b5861227c02b27450b193545cd77f8ba5eefd1,PNG,ui-layout,255,120,RGBA,PNG,True,
assets/layouts/character/v2.1/cell-lock.png,4043,98a3fb5cf96efbfe5a6ef13193b7b5c8c4c620e4119b0511990e54361b55d34b,PNG,ui-layout,198,198,RGBA,PNG,True,
assets/layouts/character/v2.1/cell-lock2.png,3757,af645ec548ca9e3309a1f182b48ea7d398cec98f9bc499421334589abae2cd3e,PNG,ui-layout,198,198,RGBA,PNG,True,
assets/layouts/character/v2.1/close-s-bigger.png,3759,0886fca478546927b16ef37cf8d564d985af58e2979626e7dd17a7a5d5883941,PNG,ui-layout,70,70,RGBA,PNG,True,
assets/layouts/character/v2.1/close-s.png,2193,2c6c5a5845e24de36e59c3ca97c0ec0532c3e7b20bcf0bc14e2e2bc24c5ce705,PNG,ui-layout,46,45,RGBA,PNG,True,
assets/layouts/character/v2.1/close-xs.png,302,7ea0f814fe1b3a8b68b266232c3b6b379cca110aabd0249848bf9b278872e389,PNG,ui-layout,16,15,RGBA,PNG,True,
assets/layouts/character/v2.1/details-btn-shadow.png,147,b2ad157a56704d6615ddd88bd7f8f27b1a04b7b02f84f7c4eed3b7b61404f5ef,PNG,ui-layout,1,270,RGBA,PNG,True,
assets/layouts/character/v2.1/favourites-toggle-btn-off-pressed.png,12695,c5ae7962c5cdc1f90d5948369080aadae46867444fd06c77f068dd393dbd897f,PNG,ui-layout,165,86,RGBA,PNG,True,
assets/layouts/character/v2.1/favourites-toggle-btn-off.png,11771,305b8db7bb6c8a7340cc5fcd90dbd6a60ca490ec16df9f9cd0c867820010bf2b,PNG,ui-layout,165,86,RGBA,PNG,True,
assets/layouts/character/v2.1/favourites-toggle-btn-on-pressed.png,20494,8a58aae7262a800fe1b3153fdeea22b15093f9533da321ac5fa37f70fc47a504,PNG,ui-layout,178,103,RGBA,PNG,True,
assets/layouts/character/v2.1/favourites-toggle-btn-on.png,20089,4b39497dc328f9c7d330c1db7512fb19110ab3f2fa050e38de02157f5062d827,PNG,ui-layout,178,103,RGBA,PNG,True,
assets/layouts/character/v2.1/favourites-toggle-btn-pressed.png,20100,fc1843da27f249b9c73169b53126db59a00efbbb098f0d87faa535e4360c0f42,PNG,ui-layout,178,103,RGBA,PNG,True,
assets/layouts/character/v2.1/favourites-toggle-btn.png,19699,80d64ad83c24202a6dad5a0314d8d82dbee95bf63bf64980255aba81ac8be51f,PNG,ui-layout,178,103,RGBA,PNG,True,
assets/layouts/character/v2.1/filter-btn-clear.png,1737,eb93b0c9811702333d61ab36db459196a27fcea439291bc1b817a4a9d6ee390b,PNG,ui-layout,129,66,RGBA,PNG,True,
assets/layouts/character/v2.1/filter-btn-reset-pressed.png,2883,e31b088c7b70001b311a90ae987fe07303e081c1202666efa952e5b1e7cee110,PNG,ui-layout,171,57,RGBA,PNG,True,
assets/layouts/character/v2.1/filter-btn-reset.png,1324,dfad68c4fda28a834914581513f3839a55444303048b3f56ff9b689122c6c9ae,PNG,ui-layout,171,57,RGBA,PNG,True,
assets/layouts/character/v2.1/filter-btn-s-pressed.png,13870,896226d6a4e8106b796bd2435d6360a0ad70c05d1d8e8a53a1cb36a86aedda4d,PNG,ui-layout,105,66,RGBA,PNG,True,
assets/layouts/character/v2.1/filter-btn-s.png,13793,1913da9214eea09a7d01dae19b70988be87689903c5ae9b20809983b5cfb31db,PNG,ui-layout,105,66,RGBA,PNG,True,
assets/layouts/character/v2.1/filter-title.png,1993,f90b45af5352e9df5f823d22815eb332e8e529fbeec4d5e7f7fe89617dbfac16,PNG,ui-layout,850,45,RGBA,PNG,True,
assets/layouts/character/v2.1/filter-tray.png,16689,0d1f52455592d92ba67851ed550eb7295864e5be7d1d24898b73007dd5c292e2,PNG,ui-layout,897,1440,RGBA,PNG,True,
assets/layouts/character/v2.1/filters-btn-active.png,446,a1fa1bd76ec5084ea16b75bb5946e22c87ea5a4629cf5f09cabb7dbeb3a40399,PNG,ui-layout,191,48,RGBA,PNG,True,
assets/layouts/character/v2.1/filters-btn-pressed.png,16054,cb250b7339648b3afda198e0aafdc63ca88a3171c69fdee093d7fa683b45234c,PNG,ui-layout,267,90,RGBA,PNG,True,
assets/layouts/character/v2.1/filters-btn.png,14982,30c7896a22b2a163a1520cdc8cc6781aebe8854b4da559980a7586fcba777f8d,PNG,ui-layout,267,90,RGBA,PNG,True,
assets/layouts/character/v2.1/filters-icon.png,871,1c9fb27a7fe691715c7f0b5827204abfd78dad993e469430d258fb7fff630d88,PNG,ui-layout,32,32,RGBA,PNG,True,
assets/layouts/character/v2.1/frag-dia-awaken.png,669,95066a073eebafda82d93a5f9114fd8dfb17f0b2da2eb9538945417b7fa7e62b,PNG,ui-layout,20,20,RGBA,PNG,True,
assets/layouts/character/v2.1/frag-dia-max.png,578,845924bead0539ea6f6d5a63fb389ecb7751b1bad5f621bbd1d916ec81dbd1e1,PNG,ui-layout,21,20,RGBA,PNG,True,
assets/layouts/character/v2.1/frag-icon-text.png,3510,1d06a21e0e77831824b250ca1466ecfd1c12177182399019857d3f2dc2569d9c,PNG,ui-layout,75,52,RGBA,PNG,True,
assets/layouts/character/v2.1/frag-tag.png,2221,e70a97d40c2903820c6e8f56e7278bb5a85dd2295e706083cfd94f4184d3e340,PNG,ui-layout,75,46,RGBA,PNG,True,
assets/layouts/character/v2.1/glow-ez.png,113525,6d67b3cceac892f0cc63ad68907f0f9ad14dbe11fc0f2219bcaae76a962012b6,PNG,ui-layout,1620,557,RGBA,PNG,True,
assets/layouts/character/v2.1/glow-hard.png,113527,a377d827a122a9fdb673e2488272204eca30c55b4b86e3d34baaf635500fba4c,PNG,ui-layout,1620,557,RGBA,PNG,True,
assets/layouts/character/v2.1/glow-normal.png,113527,278489f8d23d6fb4b725742534483108be6bffa5d357d8453566c5e04a163bcc,PNG,ui-layout,1620,557,RGBA,PNG,True,
assets/layouts/character/v2.1/icon-fav-fill.png,2478,8ae885e20c86699528df59d488ce8c28232a1de5ee6789ff3493afb776c87999,PNG,ui-layout,43,43,RGBA,PNG,True,
assets/layouts/character/v2.1/icon-fav.png,2069,415c63abea665b8ced911bcf0d1419f305f3e5edd0e592bcb8f2721bae46ac18,PNG,ui-layout,43,43,RGBA,PNG,True,
assets/layouts/character/v2.1/icon-lv-overlay-awaken.png,967,3e4f09c47a07a80ec5914958454a8727a11e23dcd01b0a2d7358859f21871021,PNG,ui-layout,74,45,RGBA,PNG,True,
assets/layouts/character/v2.1/icon-lv-overlay-max.png,1033,11a9e559a059611fcfa08370045e07445a44c70e08f9f393e3de1b6ea1a424aa,PNG,ui-layout,74,45,RGBA,PNG,True,
assets/layouts/character/v2.1/icon-lv-overlay.png,992,2b903d1304b7055cfdb1dc9bf5e7be939bfca6ddc1e00e3c99643be508646da5,PNG,ui-layout,74,45,RGBA,PNG,True,
assets/layouts/character/v2.1/insight-icon.png,2790,2c51ff8f248fa45276f4273cbb82e8af9f8345241ee51508154d955e3cdbf5d5,PNG,ui-layout,44,45,RGBA,PNG,True,
assets/layouts/character/v2.1/level-available.png,11246,b32fdf873309660e6a5aa18312bc92f3f362b2d861bdb61fc27052a94d9882ab,PNG,ui-layout,150,67,RGBA,PNG,True,
assets/layouts/character/v2.1/level-awaken-available-pressed.png,11783,dd86e7c3cd5860408392a690034ce5e668e549e45e8d4345a14738e5385ae50d,PNG,ui-layout,150,67,RGBA,PNG,True,
assets/layouts/character/v2.1/level-awaken-available.png,11745,01c7b5bd301bbbcd92ac49f48cf3ccaa59d7f7557b295d9c22833b5b24f8b262,PNG,ui-layout,150,67,RGBA,PNG,True,
assets/layouts/character/v2.1/level-awaken-pressed.png,13987,d3929a1f6c7fd95de66ab7c47a852b95eb8711d8dd5e2bf501eb8507b6f21fa2,PNG,ui-layout,150,67,RGBA,PNG,True,
assets/layouts/character/v2.1/level-awaken.png,13944,f9edf0da13c96f6518c77f1e58182867e653c5d5cc0a7c2064ed4cca5d20009a,PNG,ui-layout,150,67,RGBA,PNG,True,
assets/layouts/character/v2.1/level-tag-available-pressed.png,11237,6989de78e9f0bf8457e0e6af26af8df724dcd1d9cf02ecd44add476955810cc4,PNG,ui-layout,150,67,RGBA,PNG,True,
assets/layouts/character/v2.1/level-tag-pressed.png,13402,19a8a02319d1170d25ad36386175f4d3a9a597152f0a2361e79346db68305e74,PNG,ui-layout,150,67,RGBA,PNG,True,
assets/layouts/character/v2.1/level-tag.png,13419,73ae249a2d6f0c62d17b8a1db07eeaf65e81b1c68005f060063a601bb4e2fa99,PNG,ui-layout,150,67,RGBA,PNG,True,
assets/layouts/character/v2.1/loadout-arrow-l.png,1346,54d8831646a1fcc71b7b3ad3ccc6bc11721d50b4a36fc74d95c62c3fce3ae0f5,PNG,ui-layout,52,38,RGBA,PNG,True,
assets/layouts/character/v2.1/loadout-arrow-s.png,829,8d5dce9d3c1fe5236ffd1a3afdaa4759c931a8f77e114edee22e4f2768e9070e,PNG,ui-layout,37,29,RGBA,PNG,True,
assets/layouts/character/v2.1/loadout-arrows.png,1691,b995a3ac48e937d3834cbbe45b2a276c6cb711b19c65cc3d5afb7b9500caa8d6,PNG,ui-layout,53,43,RGBA,PNG,True,
assets/layouts/character/v2.1/loadout-backing-l.png,89022,0149cd438d1c9a117be745670a0a1a7623c224359fcef89335013bd1d6744d9f,PNG,ui-layout,336,181,RGBA,PNG,True,
assets/layouts/character/v2.1/loadout-backing.png,55919,02749da87c5063cebfa15b28ab0a4331433f5523878bf824d7251c8d4b3b3caf,PNG,ui-layout,706,219,RGBA,PNG,True,
assets/layouts/character/v2.1/loadout-btn-pressed.png,24418,77110d5a5a44c8d0ab2021c61c322cc612e14cacbf86ea99172a6289a53a6cc8,PNG,ui-layout,422,102,RGBA,PNG,True,
assets/layouts/character/v2.1/loadout-btn-s-pressed.png,25956,f571596f23ac958eaf34680ce727aaf670f3c83c8fc403ce01d2dc82dee45086,PNG,ui-layout,159,82,RGBA,PNG,True,
assets/layouts/character/v2.1/loadout-btn-s.png,25915,53047762588276ed5ca311c263aa1ba176faea272aa1f90cd31310c8bbc6881e,PNG,ui-layout,159,82,RGBA,PNG,True,
assets/layouts/character/v2.1/loadout-btn.png,24226,3b2e5cf25b237895e2c99f042a0a31a4a18c0bf4ca86d8b5a62eb3500700d61a,PNG,ui-layout,422,102,RGBA,PNG,True,
assets/layouts/character/v2.1/loadout-icon-s.png,1401,043d900b5ae140ebaea0bfb868138f02a63dee6931d65ee44ecfbfd8ff9a4540,PNG,ui-layout,36,36,RGBA,PNG,True,
assets/layouts/character/v2.1/loadout-icon.png,3042,207b72bf250a788d3a9a4237995c9e2eda063b1a8766d0c3303dd49b7ef0ab4c,PNG,ui-layout,62,62,RGBA,PNG,True,
assets/layouts/character/v2.1/loadout-swap-backing.png,9206,6c088038e8b2a27e8b2a09c0a0778ad8491459c53b4628dd6690bfe790562e70,PNG,ui-layout,170,177,RGBA,PNG,True,
assets/layouts/character/v2.1/lock-icon.png,1565,a083877d9778ec0e245043a3e12039e50ef86d0b037a7ec4868f959a51671964,PNG,ui-layout,32,41,RGBA,PNG,True,
assets/layouts/character/v2.1/lvl-bar-fill.png,390,0fa2da6424728a2144d37a996b1b36f020be9772815ea1ed7800fd54db0e727f,PNG,ui-layout,464,9,RGBA,PNG,True,
assets/layouts/character/v2.1/lvl-bar.png,787,0cd2632fe64b97c605fc5bdb69e7fb259c5a8e0c52c88254173621acc1e5feaf,PNG,ui-layout,496,11,RGBA,PNG,True,
assets/layouts/character/v2.1/name-backing.png,2586,e5c63ae396d3a153726a57e97360841009b129418778e8a553ad8f6ec5902806,PNG,ui-layout,548,115,RGBA,PNG,True,
assets/layouts/character/v2.1/over-dia-awaken.png,654,590c094de4c55fcc0055f7a78d772e43cc89e7911b71238d9dbbd3153f545aa3,PNG,ui-layout,20,20,RGBA,PNG,True,
assets/layouts/character/v2.1/over-dia-max.png,590,822d051f656220a0d17045a0dd8198ec8be29347a6633fcca0ce8528625cd67a,PNG,ui-layout,21,20,RGBA,PNG,True,
assets/layouts/character/v2.1/over-icon-text.png,4539,de9ba9158c6d5ee8aecc42e55b7873c7d589cce2179b8a93f74bf3751e67d639,PNG,ui-layout,75,53,RGBA,PNG,True,
assets/layouts/character/v2.1/over-tag.png,3169,833a68f87a0d98f88c9be76aa475cfa6ccb03b41760c9e9e8aedf60165e1285e,PNG,ui-layout,75,46,RGBA,PNG,True,
assets/layouts/character/v2.1/overlay-close.png,2071,3c828b95513e8996503975e394ff451e059b5e5404242226a9031853c0765664,PNG,ui-layout,48,48,RGBA,PNG,True,
assets/layouts/character/v2.1/pack-name-banner.png,2763,0a15e132c07e57e2862c70c1038f51991d3de4c27af515da9b1261feed736a92,PNG,ui-layout,282,41,RGBA,PNG,True,
assets/layouts/character/v2.1/partner-border-awaken-fav.png,28192,570bdc53ba321a3820dcee0a25d5c2778ce8baad622ee6e326e65a2d9a0e2b3f,PNG,ui-layout,248,246,RGBA,PNG,True,
assets/layouts/character/v2.1/partner-border-awaken.png,42508,e2f59bd458d73b001bb207e392093c8f8ea7d6dcf23a1cca5b32a363cb034309,PNG,ui-layout,248,246,RGBA,PNG,True,
assets/layouts/character/v2.1/partner-border-fav.png,5349,946da80d053360bd1b53a333df26aa41e4ccc67f90e60c97eeda05cf72f41a7f,PNG,ui-layout,194,194,RGBA,PNG,True,
assets/layouts/character/v2.1/partner-border-max-fav.png,9436,29079d32eee1872bfd207e2bd521281c3ce3b948fcdfb41f3e10a8341dc3b85a,PNG,ui-layout,248,246,RGBA,PNG,True,
assets/layouts/character/v2.1/partner-border-max.png,11424,8caa922ba4d34e38162d503de049bfea59fb555102474ebafdb9208c25b14e3b,PNG,ui-layout,248,246,RGBA,PNG,True,
assets/layouts/character/v2.1/partner-border-profile.png,6600,3902810124768d932514fe50a122c9f23bf91030a597266fc394bee61d8d0156,PNG,ui-layout,143,145,RGBA,PNG,True,
assets/layouts/character/v2.1/partner-border-sel.png,25725,250b7c528aef4b75d4f69acd50408c16a766eaec2a41539a98dd241771a5747c,PNG,ui-layout,234,234,RGBA,PNG,True,
assets/layouts/character/v2.1/partner-border.png,5557,75eb10907c71d9390df58bdad0607b7034863454d6787f72bb7b9a50e2335f2c,PNG,ui-layout,194,194,RGBA,PNG,True,
assets/layouts/character/v2.1/partner-diamonds-backing.png,342656,b57dcded2191af35a3be952c61ce37f9225f5e862eb4117b171650723ef07eca,PNG,ui-layout,882,1255,RGBA,PNG,True,
assets/layouts/character/v2.1/partner-hidden.png,24971,9bf6a8d7a488fa3b306ae9eda2a954e72c3eb42b95ddc9444f0d0b062988bb42,PNG,ui-layout,192,192,RGBA,PNG,True,
assets/layouts/character/v2.1/partner-icon-pressed.png,8631,192ac077abdead785ff08282d3fc4d73af88bec3d77775cc916cc237796b9dec,PNG,ui-layout,190,190,RGBA,PNG,True,
assets/layouts/character/v2.1/partner-s-btn-pressed.png,23498,faff323cf1f57c4ef09779e7255e73ae88dea1e1a0d3730c1201dd76b7459046,PNG,ui-layout,422,102,RGBA,PNG,True,
assets/layouts/character/v2.1/partner-s-btn.png,23084,8dc539ff2fe435d5850328d8f490f191618761d539e5361994bcdb7547473692,PNG,ui-layout,422,102,RGBA,PNG,True,
assets/layouts/character/v2.1/partner-select-left-shadow.png,203,3d142055c324f061e85ed26aaa2efd0a3955e53db10818d47f0d436e127fa955,PNG,ui-layout,849,1,RGBA,PNG,True,
assets/layouts/character/v2.1/partner-swap.png,2333,2b009e7dd24f50b6f7a10544862491859b9232374788dbeb60db6093356933a7,PNG,ui-layout,40,48,RGBA,PNG,True,
assets/layouts/character/v2.1/partners-divider-shadow.png,53903,d9670ed6fb966c53301fbf929df9e012c6e5fcf12ca464130966b6f047a98358,PNG,ui-layout,648,347,RGBA,PNG,True,
assets/layouts/character/v2.1/partners-divider.png,1286,9a44ba2a25aad975ba7cd7de5f5108b06168d44904dd76f7d6e5542fbc6d0750,PNG,ui-layout,512,36,RGBA,PNG,True,
assets/layouts/character/v2.1/preview-btn-l-left-selected.png,11164,2bd7acf5287215191c715f7930c2e193477637ee9c7c1b76f10a004ef4c2b1ef,PNG,ui-layout,283,75,RGBA,PNG,True,
assets/layouts/character/v2.1/preview-btn-l-left.png,19561,e132a8256d90e73cab63ea9fbbdc4262be947a90f6006b57aa614e4c593ea395,PNG,ui-layout,325,120,RGBA,PNG,True,
assets/layouts/character/v2.1/preview-btn-left-active.png,9780,de060b58ee86702b179da6f78e83c59868a75a16d46a76e73005e2f120b84411,PNG,ui-layout,255,120,RGBA,PNG,True,
assets/layouts/character/v2.1/preview-btn-left.png,15255,a9c31166b7a8276e4d3923d56b93db18f32d775ee38354275c74e3ce148ef0e0,PNG,ui-layout,245,120,RGBA,PNG,True,
assets/layouts/character/v2.1/preview-btn-mid-active.png,11745,2187c61e9170f896cfd487d38a391857132cf553cb80e9a50aaec4cfae6cb68b,PNG,ui-layout,255,120,RGBA,PNG,True,
assets/layouts/character/v2.1/preview-btn-mid.png,17175,6c54ae2351f6019d67a088607b2dded78f706a64c919e97dd25a7fb9f3be3ffe,PNG,ui-layout,255,120,RGBA,PNG,True,
assets/layouts/character/v2.1/preview-btn-right-l-selected.png,12426,284ef487abb60d2027f13299bf34c8a2731be4c469454868ec07cd82307c1ff4,PNG,ui-layout,280,75,RGBA,PNG,True,
assets/layouts/character/v2.1/preview-btn-right-l.png,21187,aae1469f9d6a22d27d1c1bcbbc3263438eab21233317644d55d4011fb9453887,PNG,ui-layout,322,120,RGBA,PNG,True,
assets/layouts/character/v2.1/preview-btn-right-selected.png,10753,c76b653b4b9c326bc9895539bccee23d14b151d7d8b1b4d754eeba534746ca0d,PNG,ui-layout,202,75,RGBA,PNG,True,
assets/layouts/character/v2.1/preview-btn-right.png,17014,2cfb201c13ecbb0d5c5ab7192e58a1105ee323bd9dcc092817de4b38ee53f2a0,PNG,ui-layout,244,120,RGBA,PNG,True,
assets/layouts/character/v2.1/preview-tag.png,1287,b26bacef1db3b1ffcbcaab068544f704268732365fbff69f824dfc30955309b2,PNG,ui-layout,182,37,RGBA,PNG,True,
assets/layouts/character/v2.1/pull-icon.png,1546,15d600000be6cc4d22cde7c6393c4c0514fc0670286d75f5e8e9e8e24553cd77,PNG,ui-layout,39,54,RGBA,PNG,True,
assets/layouts/character/v2.1/scroll-bar-backing.png,255,bdb96d5786fede37b8943257c91be0dbe5fd28d6de7659b3e49cdcb1c1478a78,PNG,ui-layout,6,703,RGBA,PNG,True,
assets/layouts/character/v2.1/scroll-bar-mid.png,94,6f0b25e9da4e59d7d0de1ef2a32f7ed7f21a3b847eeee58913c2593359597887,PNG,ui-layout,6,1,RGBA,PNG,True,
assets/layouts/character/v2.1/search-bar-pressed.png,11863,a949f65337a15fb49aaed74bc8a6500d214e3f87a3ff08fafa519a0f902aba0e,PNG,ui-layout,423,66,RGBA,PNG,True,
assets/layouts/character/v2.1/search-bar-s-pressed.png,11788,f45a627fb2b28549b8d69085838a40f223d60f6a0bb8c78f13181ebffb7f0622,PNG,ui-layout,354,66,RGBA,PNG,True,
assets/layouts/character/v2.1/search-bar-s.png,11856,84933cfd7fcadf7d778dddcd27c32052ebd19e789ab2a4ce0af0ca9a5ae7fb01,PNG,ui-layout,354,66,RGBA,PNG,True,
assets/layouts/character/v2.1/search-bar.png,11924,3dd1c3ae635c6fe007d92c064d0f145b63ed9c827c1467b113058a01c8b86aa7,PNG,ui-layout,423,66,RGBA,PNG,True,
assets/layouts/character/v2.1/selected-border.png,10233,67faa4c5fd874deb4469c3a34101994c27b57e0eb444dfda357749f60dc70c19,PNG,ui-layout,191,189,RGBA,PNG,True,
assets/layouts/character/v2.1/skill-area-nostats.png,8994,aadad834f2546e9fe82b88bc8ce35b49056564f104f6a2a427ab60b32c5cd1af,PNG,ui-layout,690,201,RGBA,PNG,True,
assets/layouts/character/v2.1/skill-area-skill-only-TEMP.png,9388,0b5ac5869edcfb82ca22e95c51a9d7826c5e03b314c19201826fe7cceded667d,PNG,ui-layout,690,203,RGBA,PNG,True,
assets/layouts/character/v2.1/skill-area-stats-only-TEMP.png,10101,661abee27d4380da015ed37d73640f5e99275b3f4c4ca940dee1c5b028b39f14,PNG,ui-layout,690,203,RGBA,PNG,True,
assets/layouts/character/v2.1/skill-area.png,15911,481aa74f6182bcbcc48309b5cb824864cd2df6833788625db78f42455a2f6632,PNG,ui-layout,690,201,RGBA,PNG,True,
assets/layouts/character/v2.1/skill-container-2.png,6704,09fbcdc38edb092d18c77df9207fd749c3834b19db8b1c12b8ad3e1a49ee466c,PNG,ui-layout,690,203,RGBA,PNG,True,
assets/layouts/character/v2.1/skill-container-stats-2.png,8765,db8fadcca387d3d2649232be90d6f5bfa5ae111ca764f6a8a43f8dd5c95edb33,PNG,ui-layout,690,203,RGBA,PNG,True,
assets/layouts/character/v2.1/skill-container-stats.png,8352,468b809e069029d1398a864eb3680fed48af641821b91aa62d8139f33b3ee750,PNG,ui-layout,383,86,RGBA,PNG,True,
assets/layouts/character/v2.1/skill-container.png,7358,87a0912e5be36174a96934d94a33d48f4a8e32f8e6bb4b7faf49f73bf9f3bbf6,PNG,ui-layout,690,171,RGBA,PNG,True,
assets/layouts/character/v2.1/skill-side-btn-pressed.png,11593,6ee85e1508dff52934652da79d68f180870664cf49edc6d552733d387d4bf27f,PNG,ui-layout,132,71,RGBA,PNG,True,
assets/layouts/character/v2.1/skill-side-btn.png,11546,ccd60d88baf45197c5b3a29753874f092abe6ac97848beaf8d00f006fadd6b83,PNG,ui-layout,132,71,RGBA,PNG,True,
assets/layouts/character/v2.1/skillactive-icon.png,2178,de6c86e9ccbe40265760a3406dff0b0ca4da2ec0c09b353870b7da211569884c,PNG,ui-layout,38,44,RGBA,PNG,True,
assets/layouts/character/v2.1/stats-bar-backing.png,3809,edfd6c5415e2abbc92805f286f208b793a342cd4b4768cd0dd17bbb5331de92e,PNG,ui-layout,388,56,RGBA,PNG,True,
assets/layouts/character/v2.1/stats-bar-frag-line.png,129,38599eb388dc0e9309f92cdb2bf8d4aefde97e5315326286292292633fab7e75,PNG,ui-layout,326,2,RGBA,PNG,True,
assets/layouts/character/v2.1/stats-bar-frag.png,21556,6cfb818998e16598cd9580e8c3543e1bccca4bb3a7eeb9daae4f426c0c306baa,PNG,ui-layout,367,39,RGBA,PNG,True,
assets/layouts/character/v2.1/stats-bar-over-line.png,129,05dde65b7a5668af5081c079b1eda62695e22c746351f54a28e0c556ce4ec727,PNG,ui-layout,326,2,RGBA,PNG,True,
assets/layouts/character/v2.1/stats-bar-over.png,21906,d85eb953c268d4414c80474dea53dda9a55acc38a993762ab0c0c604d1767612,PNG,ui-layout,367,39,RGBA,PNG,True,
assets/layouts/character/v2.1/stats-bar-step-line.png,130,65bbbb737b25d6d8f17079eb724fb631c38a7e13dbccc72ca24a34a2c55b5bf0,PNG,ui-layout,326,2,RGBA,PNG,True,
assets/layouts/character/v2.1/stats-bar-step.png,20950,d103d4eaabf4727577e8afd916b7f39059c3ac6f409fadc1ad17f08341ce6c11,PNG,ui-layout,367,39,RGBA,PNG,True,
assets/layouts/character/v2.1/step-dia-awaken.png,627,d8d88daa9c48f973ba0dc43d6122c17c4def3bb76a14f73b1d0999ea82983796,PNG,ui-layout,20,20,RGBA,PNG,True,
assets/layouts/character/v2.1/step-dia-max.png,558,73082d0211a044e2c439b1363575b0b870c36b7a5755dbf42d65df869b17801d,PNG,ui-layout,20,20,RGBA,PNG,True,
assets/layouts/character/v2.1/step-icon-text.png,4208,b16ab70d114845d6a517b78e5b55eaf9d6fde39394689b416b44c4670f6b5236,PNG,ui-layout,75,54,RGBA,PNG,True,
assets/layouts/character/v2.1/step-tag.png,3045,ebecfb0cbf9d8f824f63bc4fd1fe76d028532a76823b829fd1bc9f58e9c691c4,PNG,ui-layout,75,46,RGBA,PNG,True,
assets/layouts/character/v2.1/story-backing-s.png,9448,7fa39cd4bea54120f1aec503daeb7444b8382f352a0a3606e67a54014d9c991c,PNG,ui-layout,826,107,RGBA,PNG,True,
assets/layouts/character/v2.1/unlock-icon.png,1523,0b9a9c6439d150b026b5f87f9fc4df9defdadb69480472fa4556d06fae5db49a,PNG,ui-layout,32,41,RGBA,PNG,True,
assets/layouts/character/v2.1/variants-divider.png,374,0dfeb22d624046c66b1cd1a060e9ba329f0fb82cf3ac0089df6720388566a920,PNG,ui-layout,469,2,RGBA,PNG,True,
assets/layouts/character/v2.1/view-all-btn-pressed.png,40261,2e32907ae79a7dbf3c35e155590753cc4c49ffc77d817f6d77ef78f0d8ea6be2,PNG,ui-layout,441,102,RGBA,PNG,True,
assets/layouts/character/v2.1/view-all-btn.png,40018,1a14975ec869716bdbd5451eec6aa007140dd5a540213d5590ebe2d7094f615c,PNG,ui-layout,441,102,RGBA,PNG,True,
assets/layouts/character/v2.1/zoom-btn-pressed.png,7706,395d41890f6344d52f3387dd86940b9c3d3547f539599c1e13bb18ef5fb3972f,PNG,ui-layout,119,120,RGBA,PNG,True,
assets/layouts/character/v2.1/zoom-btn.png,5383,6d2c561717aea698b95d5faffd450d8f4d13658063878d53bd1d8f0f7f36b5e5,PNG,ui-layout,119,120,RGBA,PNG,True,
assets/layouts/character/v2/details/inside-preview-off.png,15892,ee7a0cae134513c5db165489803f8279ae27bd8b8b1b80943dc9a331cef92bc5,PNG,ui-layout,244,116,RGBA,PNG,True,
assets/layouts/character/v2/details/inside-preview.png,14159,33b3d2d224b86a6d9b89097dde67b526f116bdf4881406c5fc8407a2768831b1,PNG,ui-layout,244,116,RGBA,PNG,True,
assets/layouts/character/v2/details/outside-preview-off.png,15975,69c14f06b2a1c167851143d5b3e12b66b6fc953492c31c7cebdee88bfc2cc640,PNG,ui-layout,240,116,RGBA,PNG,True,
assets/layouts/character/v2/details/outside-preview.png,14267,7a9db1c9619f71ad5dfa853839896b6efe01c8671fe37b00d74cc1c33e3c34d2,PNG,ui-layout,240,116,RGBA,PNG,True,
assets/layouts/character/v2/details/stats-backing.png,121380,714db8ec599b45268c1c13a58587057c4cd306874d84427f52cd4162343ce0d9,PNG,ui-layout,652,269,RGBA,PNG,True,
assets/layouts/character/v2/details/stats-frag-node.png,587,6a3553d9191575bdb5188aab2b278b0a7518327c2589cc2c030a32c813c229e0,PNG,ui-layout,38,15,RGBA,PNG,True,
assets/layouts/character/v2/details/stats-over-node.png,598,11fa3872b63c36c28c8b2382f888c6627c166153e0fca595c1c9c4e0051cf47c,PNG,ui-layout,38,15,RGBA,PNG,True,
assets/layouts/character/v2/details/stats-step-node.png,600,9f39f6d8514f42c1e17d2a620f475cc38c82c0a0c3c43e1c7d690b08a15a8b8e,PNG,ui-layout,38,15,RGBA,PNG,True,
assets/layouts/character/v2/details/swap-btn-pressed.png,8907,35593fe75254c9c6c6d1eb8ef4efdd0d6e977af4bc69335e839d70aaada49cef,PNG,ui-layout,119,120,RGBA,PNG,True,
assets/layouts/character/v2/details/swap-btn.png,6837,429dfd8730a586969537c3d6eabcddc5c521de9607e0a05a5b4af19ad0f6f1af,PNG,ui-layout,119,120,RGBA,PNG,True,
assets/layouts/character/v2/details/view-btn-backing.png,401,a3b07c2093d6b4c4fd2e0950cdb23fb0eadd5e9907435786eb641e3993008bf1,PNG,ui-layout,224,43,RGBA,PNG,True,
assets/layouts/character/v2/lvl-cost-active.png,1843,d81f47c12476dd4fa8d41c226a179eeb4c3f338dad991f7519e618bda36a9680,PNG,ui-layout,70,45,RGBA,PNG,True,
assets/layouts/character/v2/lvl-cost-inactive.png,1135,6bc419462a6cee477e4360caf9a5aa0d0c42d6a55d37e637a4824b15f930d759,PNG,ui-layout,70,45,RGBA,PNG,True,
assets/layouts/character/v2/name-backing.png,15438,02d22947618b416891fe7d26b77819c3a69ff39dec55ef06a85aca3e854046bc,PNG,ui-layout,488,131,RGBA,PNG,True,
assets/layouts/character/v2/swap-type.png,1612,e1007d355b4672b3c94e3293d6b9657205310efa3f6b24363ea477da5d582fa8,PNG,ui-layout,34,41,RGBA,PNG,True,
assets/layouts/course/button-start-long-pressed.png,2811,3aa99b05ed54b1e02623f92893c19237e293f5b0630e166abef239ead7192bc0,PNG,ui-layout,409,49,RGBA,PNG,True,
assets/layouts/course/button-start-long.png,1870,0785bfde443382b9ba4853fc89133e05ef5b53357c584c8de2f7d9052a43c9ae,PNG,ui-layout,409,49,RGBA,PNG,True,
assets/layouts/course/button-start-pressed.png,2955,e5d4ae7a8a9d87994a077f34c3f3878d32f8099ab88797c9650f174562ba390f,PNG,ui-layout,231,49,RGBA,PNG,True,
assets/layouts/course/button-start.png,2634,3c5d9cb318286fe1d04d14fd586caaddd54903b4cf18994f7a6c77a809bd48f2,PNG,ui-layout,231,49,RGBA,PNG,True,
assets/layouts/course/tick.png,2499,11f50c9239065eea96531dc4c07d932e40c08c2a402022497fddec8f6e0acb09,PNG,ui-layout,108,84,RGBA,PNG,True,
assets/layouts/dialog/button_dual.png,34071,4dede2d4e9e6ddbba72759fbe683d8287c1046d74c1695aa54eacbe8454f5a14,PNG,ui-layout,395,58,RGBA,PNG,True,
assets/layouts/dialog/button_dual_disabled.png,18769,466170efec293467058243fe943295ac3641a934a9e417d4c50fa283aa6077e5,PNG,ui-layout,395,58,RGBA,PNG,True,
assets/layouts/dialog/button_dual_pressed.png,36321,20e5944eb150eafe94ecf7d4b85a1aba8c80392130c5551afc40e98b4e20fc18,PNG,ui-layout,395,58,RGBA,PNG,True,
assets/layouts/dialog/button_secondary.png,20330,525d615b5bcb69b8fc43cc4e9ba9359ea248ce89a1e1d64f0a5d36e9166082d9,PNG,ui-layout,784,58,RGBA,PNG,True,
assets/layouts/dialog/button_secondary_pressed.png,37553,61fad7548087e87cdb7666bc53f41a81cfce79275b8a9c6d22edb5403521de25,PNG,ui-layout,1176,88,RGBA,PNG,True,
assets/layouts/dialog/button_single.png,73722,9ad78f0553d42d3302e94e491837f3514a6abd13698d93fff9546579cafb533e,PNG,ui-layout,788,58,RGBA,PNG,True,
assets/layouts/dialog/button_single_disabled.png,28699,908a8b6a7081cf934ee08d92a19aa78fe34c3a9c3f7279eabc145d716e848a1d,PNG,ui-layout,788,58,RGBA,PNG,True,
assets/layouts/dialog/button_single_pressed.png,77173,84a5ef3754f9393f0df281fa1d6a3b7638a05c373b79db5828fc26ca4fb06519,PNG,ui-layout,788,58,RGBA,PNG,True,
assets/layouts/dialog/clear_pure.png,64075,cdceba569c5fda35a223a135ae51b1d1550a8bce3af8636f29a26a23efcbe5c6,PNG,ui-layout,837,103,RGBA,PNG,True,
assets/layouts/dialog/dialogbase.png,331290,11f63730104f563b6b0658a72408034674910a7dd175b6d3004348b94b8bb8c8,PNG,ui-layout,801,691,RGBA,PNG,True,
assets/layouts/dialog/dialogtop.png,96954,3e5ffeefd87f79dc8eeb1938ab83dbf91747c87258dca450e7c80c91dfcc043e,PNG,ui-layout,801,159,RGBA,PNG,True,
assets/layouts/dialog/side/sidedialog_bottom.png,95961,11790df69b8885a005fbb1bb22df0bce0bc5124a24b72407dbd8440e58875a58,PNG,ui-layout,219,541,RGBA,PNG,True,
assets/layouts/dialog/side/sidedialog_top.png,572351,5ad1fde3cf4b26259c042bf503799dcfa00be32bdb5c8bdcb141a696078c5051,PNG,ui-layout,756,964,RGBA,PNG,True,
assets/layouts/download/btn-lobbyoptions-pressed.png,10175,57b40f35b7b12fcf975ac2993b9cb476218320e33a8da51e04107226ac2686ae,PNG,ui-layout,207,57,RGBA,PNG,True,
assets/layouts/download/btn-lobbyoptions.png,10304,723e46c17777553c8764e5bbd01fcb9cc059a3579ff461e9fc3d77943b03c977,PNG,ui-layout,207,57,RGBA,PNG,True,
assets/layouts/download/download.png,9955,ee01f8136ef6a4ef3724d317e66fa5772f849afa53dfb7a4eec7fbae649e0236,PNG,ui-layout,225,73,RGBA,PNG,True,
assets/layouts/download/download_loadingbar-backshape2.png,16482,f722fdbd43be353aeb57e22ff8e58f398c381a89cd1c87956e57b614cc8c6c26,PNG,ui-layout,600,177,RGBA,PNG,True,
assets/layouts/download/download_loadingbar-barsimple.png,151,bacf76396b81b6788bb8cdf61a5b8fb2062c75392254868628b6a4a977f8d1a9,PNG,ui-layout,531,7,RGBA,PNG,True,
assets/layouts/download/download_loadingbar-endglow.png,236,85f7391b9112b7edb01c30003bfaecf841f919401602f5c7cdba20f1c5d9c2c9,PNG,ui-layout,63,7,RGBA,PNG,True,
assets/layouts/download/download_loadingbar.png,1481,d9bac3a149927e582a6b19b80100f5d737aedf8b706c7f6845a2e2f6a607cf27,PNG,ui-layout,556,34,RGBA,PNG,True,
assets/layouts/download/download_pressed.png,10520,631578b55e1d9b9db3578e0084a5522b03729a84455cfc5b001da994a11b4f1f,PNG,ui-layout,225,73,RGBA,PNG,True,
assets/layouts/download/downloading-shape.png,143156,a9f5d12a31b8f051e62efdff6307514c5dff10d580d9f1f9efa8e1d0c2cbe5e8,PNG,ui-layout,1534,898,RGBA,PNG,True,
assets/layouts/download/downloading_endcap_L.png,2574,cf58799fb451231b9fe26db3a424d6909bae96fc27721fad2e9492acbb6f45ac,PNG,ui-layout,165,45,RGBA,PNG,True,
assets/layouts/download/downloading_endcap_R.png,2584,c460392168e0cdd3f1d0974f37f6276cc9fcb2a5b1a117f84a536333c66f6864,PNG,ui-layout,165,45,RGBA,PNG,True,
assets/layouts/epilogue/accept-petals.png,64538,ff1ca76733dbbf0691f3c73f3c6b8301e2428c539853fc71d81dc39d9aaa95a4,PNG,ui-layout,503,297,RGBA,PNG,True,
assets/layouts/epilogue/accept-shadow.png,118202,b27e8a3efaad22499e448a36afd88d860f048748994926d494c73184fee26eda,PNG,ui-layout,1199,307,RGBA,PNG,True,
assets/layouts/epilogue/bracket.png,7318,edc432fb46cf2a45e2bebd0eb46610bb95e83830f4563fccbd095a60c2d4dea5,PNG,ui-layout,419,147,RGBA,PNG,True,
assets/layouts/epilogue/btn-accept-en-pressed.png,60120,78275ea816ac37cb86466fd3b12ace56a8bcd67c75473583d6e96ed8cfbf9c35,PNG,ui-layout,404,113,RGBA,PNG,True,
assets/layouts/epilogue/btn-accept-en.png,60793,854f0af03ffb01fce09514bc5157b7cc8e7889304a5070a75404e1fced2c3afb,PNG,ui-layout,404,113,RGBA,PNG,True,
assets/layouts/epilogue/btn-accept-jp-pressed.png,60763,d1e771dcb45ea93a9ffdc57fffa678c8c26e47a97604d6874a05e3787c20dd8d,PNG,ui-layout,404,113,RGBA,PNG,True,
assets/layouts/epilogue/btn-accept-jp.png,61375,4d1ba6bdf8369d62627f007cc01ddd51175047bba2142a46d7600b039ca172de,PNG,ui-layout,404,113,RGBA,PNG,True,
assets/layouts/epilogue/btn-accept-kr-pressed.png,59214,6e6839175d6fa80e3d295327dc6434c159a3570598ac3056b5faa396d4098916,PNG,ui-layout,404,113,RGBA,PNG,True,
assets/layouts/epilogue/btn-accept-kr.png,59715,27c70698c9a762feca2247235872594e1ac7045063db88cb3549d9b14f5389ba,PNG,ui-layout,404,113,RGBA,PNG,True,
assets/layouts/epilogue/btn-accept-sc-pressed.png,60359,485af1873a067430f99899c62546f1c5d3a73a2b59639fe45accbfe033ddc29d,PNG,ui-layout,404,113,RGBA,PNG,True,
assets/layouts/epilogue/btn-accept-sc.png,60900,f3fdbe73387821aebe8feb13181ebc3ac4d28b81ee99125e171f9dc056d50d75,PNG,ui-layout,404,113,RGBA,PNG,True,
assets/layouts/epilogue/btn-accept-tc-pressed.png,60294,1b3f0f362ae8db368efe1b04ef39502d26abd5a6414a2191128c21594c822b67,PNG,ui-layout,404,113,RGBA,PNG,True,
assets/layouts/epilogue/btn-accept-tc.png,60877,7b41b01fcbb64e5affa6ac2a1ed34eb83ae2463ef2265bb7eabffba662043a89,PNG,ui-layout,404,113,RGBA,PNG,True,
assets/layouts/epilogue/btn-refuse-en-pressed.png,37912,520f8481ac098e4c6c4814d9521ad75846e1f5b02d38c325b8935b1fb3c025f9,PNG,ui-layout,404,113,RGBA,PNG,True,
assets/layouts/epilogue/btn-refuse-en.png,38762,1ea77080f953becd2b33df372592f20e1d4b21cfe3839a5fba52947bf8ac044a,PNG,ui-layout,404,113,RGBA,PNG,True,
assets/layouts/epilogue/btn-refuse-jp-pressed.png,38088,804263ff5f75ec727b1a782b110162d10e18377f82e0f6cdfa82afdf6e3dd703,PNG,ui-layout,404,113,RGBA,PNG,True,
assets/layouts/epilogue/btn-refuse-jp.png,38682,5c736d67f15dfefb8d211e79600219cbc7c88d17440cf2424fa64625e437899f,PNG,ui-layout,404,113,RGBA,PNG,True,
assets/layouts/epilogue/btn-refuse-kr-pressed.png,36940,b4888a67492378296ea774935567b8f351a9349cb3221161187d140533bf7442,PNG,ui-layout,404,113,RGBA,PNG,True,
assets/layouts/epilogue/btn-refuse-kr.png,37435,c89158a4bfa739556bf8fee183c54eb3706dfe35e7a0f838c3de9a7f60e14a0a,PNG,ui-layout,404,113,RGBA,PNG,True,
assets/layouts/epilogue/btn-refuse-sc-pressed.png,39797,a33b13d423cc81b1d63acab6daf0af584c537deadcbdd2c44399e4c28860e736,PNG,ui-layout,404,113,RGBA,PNG,True,
assets/layouts/epilogue/btn-refuse-sc.png,40447,01594e83c70f5df58ea2ccde638f41b69eade169280581cbcdcffd7a5288264e,PNG,ui-layout,404,113,RGBA,PNG,True,
assets/layouts/epilogue/btn-refuse-tc-pressed.png,40222,7710102051f59bcd8de43629c8a58a708c350325205327b39fef8be49e5d5ba2,PNG,ui-layout,404,113,RGBA,PNG,True,
assets/layouts/epilogue/btn-refuse-tc.png,40703,489b474d20aa53eaf0e4cb1cfc1fbb71dd5ddfaac0a87fe6f258e340b5e9e549,PNG,ui-layout,404,113,RGBA,PNG,True,
assets/layouts/epilogue/pack_silentanswer.png,189326,b8b0972e91a4d6183915cd54c92edcde49787bc3164397f98410cf7a9f7d0ca0,PNG,ui-layout,252,413,RGBA,PNG,True,
assets/layouts/epilogue/pack_top-white.png,3901,4fd83ab83d8c8965e89c6d5231d35747d8f7a7c6695eff5d66c3c8c50d2bb68f,PNG,ui-layout,252,158,RGBA,PNG,True,
assets/layouts/epilogue/refuse-petals.png,92624,8e944ce955c713a6b5afb123d1344b206a2c8ce03ea0f32e718f7c3a1dcb0192,PNG,ui-layout,694,197,RGBA,PNG,True,
assets/layouts/epilogue/refuse-shadow.png,119218,db06c48146caac374ceba7525d6e8602f5809c2d9eefe6a2021c11da322c0dd7,PNG,ui-layout,1199,307,RGBA,PNG,True,
assets/layouts/finale/background.jpg,205282,0d7ef2127455048cc72eb238a83ad90f07ff9bccc4090e29fd3d6fcdb4cd8583,JPEG,ui-layout,1560,1170,RGB,JPEG,False,
assets/layouts/finale/button-settings-split-pressed.png,2042,0207b2e16aa6e08472fe0f9ecddfc847d817de645558ba4b04c13c4f9ec4f8df,PNG,ui-layout,151,62,RGBA,PNG,True,
assets/layouts/finale/button-settings-split.png,2060,1488feb77b6a943e50a3c09f3e1450f4b0568c6185c5a039d693ea588c888c83,PNG,ui-layout,151,62,RGBA,PNG,True,
assets/layouts/finale/hint-fragments-revealed.png,8766,9853c244faf0438d2bbf4a8d611d5c7e19352dace6e0a2d71465f60a54534f4e,PNG,ui-layout,108,51,RGBA,PNG,True,
assets/layouts/finale/hint-fragments.png,7112,128cf461773248c7fc7fd4853abafbfbb1140a4994d85769221332b4a3fc6f20,PNG,ui-layout,108,51,RGBA,PNG,True,
assets/layouts/finale/hint-text-backing.png,2959,e683d74ef3c88e6615d5810e35bb3d5940d9e8d6a26b39a83c85efa0e09eac46,PNG,ui-layout,236,1,RGBA,PNG,True,
assets/layouts/finale/hint-top.png,7833,3dd1421a55f6ca65773c9af70e9f55201fc92457400b70df1e57d1517cd1dd40,PNG,ui-layout,213,29,RGBA,PNG,True,
assets/layouts/finale/major/center-glow.png,246447,a8162efd1f90bc51a474e609c9fef4c46476b9477ff9c69c046d05f72e5772a5,PNG,ui-layout,720,742,RGBA,PNG,True,
assets/layouts/finale/major/hp-bar-back-empty-global.png,22396,105e426a4b8613b0cd859536b49be7422955a5f9abb2dab19ba8d1681f016e83,PNG,ui-layout,404,97,RGBA,PNG,True,
assets/layouts/finale/major/hp-bar-back-empty.png,22234,2ac433b2563a9919729f697716a0b65e362a60887b9ce54a06c1a184332c7ab3,PNG,ui-layout,420,97,RGBA,PNG,True,
assets/layouts/finale/major/hp-bar-barfill-global.png,19178,9d9b70a0d6b33910d1fa42c1402ba4f46ddc80741a7612f96dccc12cea6a15f0,PNG,ui-layout,295,23,RGBA,PNG,True,
assets/layouts/finale/major/hp-bar-barfill.png,16503,4bd372907effd58f4ce8033f621dfcfc9582b6a9f9b32d00a164e78caefe6ef1,PNG,ui-layout,289,23,RGBA,PNG,True,
assets/layouts/finale/major/hp-bar-below-reflect-global.png,57669,9643ec251df0db72d82fa8afba84b6ba1dacf20a3dcfb4ae2e219297f2090f86,PNG,ui-layout,540,161,RGBA,PNG,True,
assets/layouts/finale/major/hp-bar-disabled.png,17514,fa9e4a1e57f33a4006784f3d9d3616c6e4242822739e444e47c6b00222633258,PNG,ui-layout,289,36,RGBA,PNG,True,
assets/layouts/finale/major/hp-bar-topcover-global.png,3732,8652b4b2f571c086e6fddf2f2abc57fa4891c67b1a0443b867b87cfb508ffeb9,PNG,ui-layout,295,23,RGBA,PNG,True,
assets/layouts/finale/major/hp-bar-topcover.png,16443,bd9d4dfed3dee36fc24c8e519b9cbae9e8615925d84cef0302820fcc00e7153d,PNG,ui-layout,351,51,RGBA,PNG,True,
assets/layouts/finale/major/hp-percentage-text-backing.png,1261,6cb4bd9c71a90bc937b14ec4bc47746523dc01ab3ebd715da4658eb93c16bcc6,PNG,ui-layout,198,20,RGBA,PNG,True,
assets/layouts/finale/major/node-shattered-bgeffects.png,214211,350a1bd472447810b16f600bcae586b54eb4696d769bf8ac2aed0aa1971a090b,PNG,ui-layout,720,720,RGBA,PNG,True,
assets/layouts/finale/major/node-shattered-glow.png,130198,73ae5b01b3c5d8bd7e805946d306263dd88ed81abb322654566825fd7d83feba,PNG,ui-layout,720,720,RGBA,PNG,True,
assets/layouts/finale/major/node-shattered-revolving-top.png,60294,5f2948435c170020d702c0f9d082697ae9991379a73328b4ac9ba8a7e80308d5,PNG,ui-layout,366,366,RGBA,PNG,True,
assets/layouts/finale/major/node-shattered.png,53995,199ffd426c55a03faaef4982f1636e0f38467edb704a84d3ee11bcdc0fe8d765,PNG,ui-layout,291,291,RGBA,PNG,True,
assets/layouts/finale/major/shape-dark-major.png,8223,c701a48b791c98eafdf01c175274aca2f50284617a94305b4994d045e3e75f96,PNG,ui-layout,153,215,RGBA,PNG,True,
assets/layouts/finale/major/shape-dark-minor-bottom1.png,3730,39fd6990b930b43793b114b806f466ddd5e80c1a37b2c9dc1d2a3f30cfcab20c,PNG,ui-layout,58,79,RGBA,PNG,True,
assets/layouts/finale/major/shape-dark-minor-bottom2.png,3100,99fa16d9f521f81a4c3c5c00225242279d13f6a8f035c4a8863f73d5dfcfa187,PNG,ui-layout,85,84,RGBA,PNG,True,
assets/layouts/finale/major/shape-dark-minor-top1-1.png,2008,ad2d84ed3d9e5f30c68ca3ea313cf2e58119cb393fbc4e59511eec4bc3a649d5,PNG,ui-layout,50,93,RGBA,PNG,True,
assets/layouts/finale/major/shape-dark-minor-top1.png,5406,f61cd27d3d9eebf771d56d5d075254e9aea474b04c9768f553c4139557cb0629,PNG,ui-layout,86,92,RGBA,PNG,True,
assets/layouts/finale/major/shape-light-major.png,16103,a2546d96e0cbffe578b4b2a7d800b7e358f77e911d693cac56b6ae0cf37994f8,PNG,ui-layout,153,210,RGBA,PNG,True,
assets/layouts/finale/major/shape-light-minor-bottom1.png,4493,275f96e09339d61545f1ea4b42f5c5dd291ed6334f5385589491618e0bb8ff38,PNG,ui-layout,73,95,RGBA,PNG,True,
assets/layouts/finale/major/shape-light-minor-bottom2.png,3246,44d4ac96409496f1903b96d5fa2f2728164bdc7c1fa802acb85dadc8c2bf3389,PNG,ui-layout,101,77,RGBA,PNG,True,
assets/layouts/finale/major/shape-light-minor-top1.png,4882,363c51bacccc1e982a483029b0da0807480889a05ef45b98519cac74095896d2,PNG,ui-layout,91,102,RGBA,PNG,True,
assets/layouts/finale/major/shape-light-minor-top2.png,1349,39c0d0e0233b23b2816540b29cf298efbb3625b98d2f1d3e8b0d8404b1de075d,PNG,ui-layout,35,47,RGBA,PNG,True,
assets/layouts/finale/major/shapes-hex-bottomleft.png,3495,231c424cefcfcca06e37361436d4cbf3bb80d0ebfb23842dac611fd9da599c8d,PNG,ui-layout,281,131,RGBA,PNG,True,
assets/layouts/finale/major/shapes-hex-bottomright.png,3038,a26fb88f323497d2decc14348bab3973f9a009f6a7850a52157e750821059dda,PNG,ui-layout,251,136,RGBA,PNG,True,
assets/layouts/finale/major/shapes-hex-topleft.png,3012,6536c97734723d73ae17188fecf4ac5dbbcb9c601dae7f9f76d3fd60898623d5,PNG,ui-layout,249,133,RGBA,PNG,True,
assets/layouts/finale/major/shapes-hex-topright.png,3300,8a41f1219f2634e7401c0f709b5bdc917f0cfad58bc400ea33a3651469ba03ef,PNG,ui-layout,279,127,RGBA,PNG,True,
assets/layouts/finale/major/shard-specks.png,46483,7762eb7a13787b615ed111cca2113cdb8564d055a40d153093a52fcc447af5b4,PNG,ui-layout,764,644,RGBA,PNG,True,
assets/layouts/finale/minor/animate-light-sidetoside.png,40891,53533030e881f960f12cfadc5fc6856eacae77f239bfe5f3f6dee785c810086c,PNG,ui-layout,79,504,RGBA,PNG,True,
assets/layouts/finale/minor/animate-light-updown-1.png,2751,acc898fd8c1388e5e39d5a0ac457d4cb5ea3700ecd7403d43d4a92ea31d7d2a9,PNG,ui-layout,24,386,RGBA,PNG,True,
assets/layouts/finale/minor/animate-light-updown-2.png,1558,a581e4f68022b685301b8aa02cb8065384b9977fd68401c719ab5c18f4d15f9b,PNG,ui-layout,23,377,RGBA,PNG,True,
assets/layouts/finale/minor/animate-light-updown-3.png,20634,54762c395aa138ced1811b1b40429a6bc12c4af142f95cc1af2a3e5ca49c78f4,PNG,ui-layout,198,482,RGBA,PNG,True,
assets/layouts/finale/minor/animate-light-updown-4.png,20601,78a52b155d2a9346ac70ba5692ec6297e06c905adeb27e5f97f4d6aac65b038d,PNG,ui-layout,198,482,RGBA,PNG,True,
assets/layouts/finale/minor/diamond_progress_mask.png,2959,5ca2a202635182387d44e07d80b0f7b2b1502bab3325e7bc50f069dedfa6d7bb,PNG,ui-layout,283,283,RGBA,PNG,True,
assets/layouts/finale/minor/label.png,5247,b255ebe3dbd950ca8e28bf2a545123fb43c40e9b91b83ed6c98c13f1dde840eb,PNG,ui-layout,365,38,RGBA,PNG,True,
assets/layouts/finale/minor/line-mainbranch.png,9307,71976be67a3565264120f3a15156057aaa517565b065fcf81b3486f009a64eb7,PNG,ui-layout,428,272,RGBA,PNG,True,
assets/layouts/finale/minor/line-small.png,3298,df1df939187a0a5a68cfb354dbe1430d7e79379b694f5c7510b22db099937daa,PNG,ui-layout,201,201,RGBA,PNG,True,
assets/layouts/finale/minor/node-backing.png,40665,7c8e0c615a96d59805e9f3cdfa044442578a23312ad8815540c8c39054f7dc86,PNG,ui-layout,404,404,RGBA,PNG,True,
assets/layouts/finale/minor/nodeview-diff-select-0.png,8048,91c2fe5a3bc09d3dceac875faae7550060e0a5fd5c5e090101daafe000406ba2,PNG,ui-layout,91,75,RGBA,PNG,True,
assets/layouts/finale/minor/nodeview-diff-select-1.png,8224,a821fb89115ca29a3aca04569244bfeb5c5dcdcce168b169a5bbb93b1176e3b4,PNG,ui-layout,91,75,RGBA,PNG,True,
assets/layouts/finale/minor/nodeview-diff-select-2.png,7912,bb3991a145e6bff158ed8cdc824d73fc8b7a0a56ab868e7f1bfeab29d53ef7aa,PNG,ui-layout,91,75,RGBA,PNG,True,
assets/layouts/finale/minor/nodeview-diff-select-3.png,8142,6841e8c7a2ce508a4b4c4e4a9ef6ad5ea5962ea14e49bd93ba0824dafe5127ce,PNG,ui-layout,91,75,RGBA,PNG,True,
assets/layouts/finale/minor/numeric-backing-circle.png,3305,493fbb14ac41c05716a5090463bbb76e389968cbe15056964c39b0d2fe0582da,PNG,ui-layout,187,189,RGBA,PNG,True,
assets/layouts/finale/minor/numeric-complete.png,2894,c7fda8f6af0f3cb2a1f524251c6a9e8d227d722ea25b29a26fc495ac355451aa,PNG,ui-layout,85,86,RGBA,PNG,True,
assets/layouts/finale/minor/numeric.png,3108,e345fcf63c16f91bd8ea6b635f14280e8b28e0db0e2533be6dccb4984ff4db62,PNG,ui-layout,74,74,RGBA,PNG,True,
assets/layouts/finale/minor/percentage-backing-0.png,12882,0b40091cb4c334993d54fa290276695f699b6514702395ff67424104189f5452,PNG,ui-layout,148,70,RGBA,PNG,True,
assets/layouts/finale/minor/percentage-backing-1.png,12873,fb318d2667fc56daa387bf38721c3d5f9a215eb4102f893ba39348c18c3584fa,PNG,ui-layout,148,70,RGBA,PNG,True,
assets/layouts/finale/minor/percentage-backing-2.png,12955,01ada045fb81ea34ac31ac45f27e347f6ac1a62a137c2444834bcd94b8b5a825,PNG,ui-layout,148,70,RGBA,PNG,True,
assets/layouts/finale/minor/percentage-backing-3.png,12848,51cf6de36f1cb0b5cbde849283979ffdddd6fab8083fecb249c98bf7b219e6aa,PNG,ui-layout,148,70,RGBA,PNG,True,
assets/layouts/finale/minor/percentage-fill.png,124540,08d7cb27de4c29a24d6aed46bd3284813cddcec5894ca06fec218249d9d016ec,PNG,ui-layout,400,320,RGBA,PNG,True,
assets/layouts/finale/minor/shard-ring.png,212563,6037d1139bcbd4cdc59b0d8a1901482d341dd5d64757412aa84426b13337081c,PNG,ui-layout,693,689,RGBA,PNG,True,
assets/layouts/finale/minor/side-shards-01-IS-left.png,126953,9a03e8eddc397e25c83d47e3ffa745e448efc53d5f21fbc6425cff335abcb558,PNG,ui-layout,392,435,RGBA,PNG,True,
assets/layouts/finale/minor/side-shards-01-IS-right.png,103238,1542c14569122d47607bae985ddaf1dcec8efab882cab870861777b7e38f3ba3,PNG,ui-layout,378,444,RGBA,PNG,True,
assets/layouts/finale/minor/side-shards-02-WE-left.png,107815,e01e7fee40d62696c9fa7ae490e6d29975d8efd96de1d899b135364e68b7e722,PNG,ui-layout,391,430,RGBA,PNG,True,
assets/layouts/finale/minor/side-shards-02-WE-right.png,94332,ccf140ba79cfc36cd7e8dea0953a057d83106e2b53571d6627d8b768949c3851,PNG,ui-layout,422,370,RGBA,PNG,True,
assets/layouts/finale/minor/side-shards-03-PT-left.png,120696,b2dae3c09b2df2b54661cbfa700163bc684843e5d58ba8de0e529dc7a686146e,PNG,ui-layout,378,444,RGBA,PNG,True,
assets/layouts/finale/minor/side-shards-03-PT-right.png,127961,a0d5d232236953e62d8b9f9622610927c16d5d6fc78fa2f9357080db16eb7660,PNG,ui-layout,393,422,RGBA,PNG,True,
assets/layouts/finale/minor/side-shards-04-AE-left.png,108487,b7a1a9474b850db4c18e1bc411d1e434de19db1f4dbaeb2e045feb3adac9ad30,PNG,ui-layout,421,370,RGBA,PNG,True,
assets/layouts/finale/minor/side-shards-04-AE-right.png,124259,4bf3c2c18edc2674c7460310ddc47ed993bd8618d01d91313a11462af0e854be,PNG,ui-layout,354,387,RGBA,PNG,True,
assets/layouts/finale/minor/song-frame-01-IS-pressed.png,104170,8158ec2becd3edb233886162e9ca38e100758d62e0edd7616077563b7a3cae62,PNG,ui-layout,283,283,RGBA,PNG,True,
assets/layouts/finale/minor/song-frame-01-IS.png,106913,4d64bd97a7df6dd1a9f1537f6de229b1010825aa08ac5249c4d1b957ed911fe3,PNG,ui-layout,283,283,RGBA,PNG,True,
assets/layouts/finale/minor/song-frame-02-WE-pressed.png,92675,fca0e2cd1db94b211428db0334ba75b583a13c37eafa0fccbb5e0a6ae48f87c6,PNG,ui-layout,283,283,RGBA,PNG,True,
assets/layouts/finale/minor/song-frame-02-WE.png,92394,1fc91d315943f9c05e146538d578bc34b16bdddae9a9c27721b6358c96c644cc,PNG,ui-layout,283,283,RGBA,PNG,True,
assets/layouts/finale/minor/song-frame-03-PT-pressed.png,111655,b44cd27a226c4ec23621239cf14c7146120057cb27cc7cf76c4fecca00f8ecf2,PNG,ui-layout,283,283,RGBA,PNG,True,
assets/layouts/finale/minor/song-frame-03-PT.png,114352,f1720cecab1a87493390977193e25ff30762332bea5ab4db4bec4151a47cb930,PNG,ui-layout,283,283,RGBA,PNG,True,
assets/layouts/finale/minor/song-frame-04-AE-pressed.png,104185,fad5aabeae4c78f63145fe27e926d52efd86bd13efc1b9363aaebfd2b4969817,PNG,ui-layout,283,283,RGBA,PNG,True,
assets/layouts/finale/minor/song-frame-04-AE.png,107085,159c8ce8e1ca5e99aa40a5cddf8796bc348b9d1067b57f94b3bddcacfaaf074b,PNG,ui-layout,283,283,RGBA,PNG,True,
assets/layouts/finale/overview/back-pressed.png,10163,82c1a4c0f571065e0da69d1a74afd446633e411587624088b102edaa1f0f2fbc,PNG,ui-layout,248,47,RGBA,PNG,True,
assets/layouts/finale/overview/back.png,9189,9a4c3ba6060f17974c6637b7e79f6f74cd712fb2d8a46eb94d3f10b9a6cced4d,PNG,ui-layout,248,47,RGBA,PNG,True,
assets/layouts/finale/overview/diff_bar/diff-backing-shadowblock.png,6079,7d3ad39f35dd9016e07cc8d8b04cde2d71e38140159249536f36781aa0e4ef05,PNG,ui-layout,287,97,RGBA,PNG,True,
assets/layouts/finale/overview/diff_bar/diff-backing-slideout.png,1589,08e24937c98d9a153a02245a8dead55a5338d01e047e37f6595002959bc3c4a4,PNG,ui-layout,341,49,RGBA,PNG,True,
assets/layouts/finale/overview/diff_bar/diff-backing.png,6223,140c339e71bd0a732c859d117926c85b05f2e9711c7e42cf7e48c48d4296ac49,PNG,ui-layout,149,52,RGBA,PNG,True,
assets/layouts/finale/overview/diff_bar/nodeview-diff-select-byd-press.png,7418,2cf705d829758b3e5904dd191cd10c20e5584ac6dbeda8201f678f8cd9505896,PNG,ui-layout,78,78,RGBA,PNG,True,
assets/layouts/finale/overview/diff_bar/nodeview-diff-select-byd.png,7728,74f583a33fceafd079fc08f583b109f32c8f157bf9801bb5f23ac66d73972c79,PNG,ui-layout,78,78,RGBA,PNG,True,
assets/layouts/finale/overview/diff_bar/nodeview-diff-select-default-byd-press.png,7867,9a4943b7c0118fce3698b042d02710b9c2f507f8e86c9b104e6f6941117eda66,PNG,ui-layout,78,78,RGBA,PNG,True,
assets/layouts/finale/overview/diff_bar/nodeview-diff-select-default-byd.png,7569,69047b624b73c99b0cab7230d765236df05ac240b966dcb8bcbde996f5d42fd7,PNG,ui-layout,78,78,RGBA,PNG,True,
assets/layouts/finale/overview/diff_bar/nodeview-diff-select-default-ftr-press.png,7871,047e06b023daa00a348df6aeb36d73c98995a56909778d840c9b8e2d49a91da5,PNG,ui-layout,78,78,RGBA,PNG,True,
assets/layouts/finale/overview/diff_bar/nodeview-diff-select-default-ftr.png,7689,44ceb72aa13d9e779933071e2c31df313f13e6cb74145e180667a62e48a43fd9,PNG,ui-layout,78,78,RGBA,PNG,True,
assets/layouts/finale/overview/diff_bar/nodeview-diff-select-default-prs-press.png,8254,d5d67bf3f59c57f581ed5188dc7de4ce8559d83f993438b23c1d81f14a1dfe39,PNG,ui-layout,78,78,RGBA,PNG,True,
assets/layouts/finale/overview/diff_bar/nodeview-diff-select-default-prs.png,8101,6f8341f567560d49d492681eb4f71156d689f516137ab8bbfde8670e1517782f,PNG,ui-layout,78,78,RGBA,PNG,True,
assets/layouts/finale/overview/diff_bar/nodeview-diff-select-default-pst-press.png,8067,16b634a3cf73abf50a8b8637dd00ce4deeda45572635a2b86b2be1dce3195bf5,PNG,ui-layout,78,78,RGBA,PNG,True,
assets/layouts/finale/overview/diff_bar/nodeview-diff-select-default-pst.png,7916,dd9eddee16c413b205c551d9611a4c499e5e1e49afd30853565664699eaf9692,PNG,ui-layout,78,78,RGBA,PNG,True,
assets/layouts/finale/overview/diff_bar/nodeview-diff-select-ftr-press.png,7360,eb610a4955d72ddf049e35cad9a0d37537b9c10b127be421330f3f5da5744d9c,PNG,ui-layout,78,78,RGBA,PNG,True,
assets/layouts/finale/overview/diff_bar/nodeview-diff-select-ftr.png,7625,2281ac6598a14df02effa1d5596837837721066c9a00cf46db81e7d8a811b87f,PNG,ui-layout,78,78,RGBA,PNG,True,
assets/layouts/finale/overview/diff_bar/nodeview-diff-select-prs-press.png,8035,35d5bae2c8c2277e018fa95d81d7d85106e3106902b75b9229c4dd740b59fb45,PNG,ui-layout,78,78,RGBA,PNG,True,
assets/layouts/finale/overview/diff_bar/nodeview-diff-select-prs.png,8317,0a652edb6975ea96b700f81a3a7ad27a609667a347e971de58a4637cf70e7e60,PNG,ui-layout,78,78,RGBA,PNG,True,
assets/layouts/finale/overview/diff_bar/nodeview-diff-select-pst-press.png,7561,076918dc68e8267f9f83127d0534ed0000cd0424d7fcb3c93c8c28ce649087b5,PNG,ui-layout,78,78,RGBA,PNG,True,
assets/layouts/finale/overview/diff_bar/nodeview-diff-select-pst.png,7803,8986863f295729766075a8d18a84da4b98024bc3053c5db4153b5c73ac435da4,PNG,ui-layout,78,78,RGBA,PNG,True,
assets/layouts/finale/overview/major/bg-effects.png,230475,39219fe0606cac51a6b2700ba4c3197240f26f094c179c3a6c0c0345df043e8a,PNG,ui-layout,728,726,RGBA,PNG,True,
assets/layouts/finale/overview/major/middle-placeholder.png,30582,b50a9048597a83ce905583c3c5dd5690e962d72253fd36fc1d7aea9bc63d92c7,PNG,ui-layout,164,171,RGBA,PNG,True,
assets/layouts/finale/overview/major/middle.png,86562,a80f468a4c0a4c586d108cd901a0b5b72d3228f18ffe874d4da94a58a65c23b7,PNG,ui-layout,285,261,RGBA,PNG,True,
assets/layouts/finale/overview/major/middle_mini.png,45382,493529d531466b5ec7b9e186c2f5d35b48c675377c9fcb19245ab3185b7c7d28,PNG,ui-layout,188,172,RGBA,PNG,True,
assets/layouts/finale/overview/major/particles-black.png,3724,c71ea530586cb107cd742a8ca076aeed8570fb88c9dcfb6c99cfaa07e8423d93,PNG,ui-layout,329,107,RGBA,PNG,True,
assets/layouts/finale/overview/major/particles-white.png,3711,745ee69dc5b11111c88533880ff5feac9a12e0e9ad61c38a8034b645f7cf4b1a,PNG,ui-layout,342,138,RGBA,PNG,True,
assets/layouts/finale/overview/major/shapes-b.png,8688,034f5c702f875c3d3a835ba74b4412d38423c100cb0fc8fd63f117a936083865,PNG,ui-layout,210,145,RGBA,PNG,True,
assets/layouts/finale/overview/major/shapes-initialview.png,33086,a6863891208ea584d209bcd8c865517eb7f69e65a45eabcf383d311a87e7086d,PNG,ui-layout,322,243,RGBA,PNG,True,
assets/layouts/finale/overview/major/shapes-w.png,15027,8032f8cec34879ffc317a7b0ec0d97f63b7b52cc4b145bd9e8ba88a20dd395fb,PNG,ui-layout,210,150,RGBA,PNG,True,
assets/layouts/finale/overview/major/shards-dark-small1.png,2545,da5fde501d00ef33da7ab75b4501e7f2367eee5d138bde34722f24c48cc8f248,PNG,ui-layout,70,142,RGBA,PNG,True,
assets/layouts/finale/overview/major/shards-dark-small2.png,1873,f328653f32e3ec478836907730277c18642844e5c7aa917b32c41aec7968cab7,PNG,ui-layout,61,59,RGBA,PNG,True,
assets/layouts/finale/overview/major/shards-dark-small3.png,2271,65a7c0dcc8faa41770b2d8ed412a03eabe6e01641fd9ac42964777b52fe0524f,PNG,ui-layout,93,133,RGBA,PNG,True,
assets/layouts/finale/overview/major/shards-light-small1.png,1080,b34fe9405b97855398d186b9e91c08bf107c7d616718f44f4ceac39cc69f551a,PNG,ui-layout,21,43,RGBA,PNG,True,
assets/layouts/finale/overview/major/shards-light-small2.png,1862,82b7eef16d3c3b6fbe045bd9090b8f81af56e9ed7791298baaaaf24a165b5443,PNG,ui-layout,135,181,RGBA,PNG,True,
assets/layouts/finale/overview/major/shards-light-small3.png,3468,47efc5e5360d9c2ff195d7dd9130f66e55e1e5ee8ab337051498c6948a7a9853,PNG,ui-layout,103,95,RGBA,PNG,True,
assets/layouts/finale/overview/minor/Node01-Shards-L_left.png,10449,f8f3dc4d87bc0fad549da6a93f9904eeb80d40e0f79b15ee1c650873a5077409,PNG,ui-layout,89,146,RGBA,PNG,True,
assets/layouts/finale/overview/minor/Node01-Shards-L_right.png,9541,52c8c766e5c91adb036ac49484d5bfc249ed49483564159e194b6074e0a9bca3,PNG,ui-layout,69,130,RGBA,PNG,True,
assets/layouts/finale/overview/minor/Node02-Shards-L_left.png,9194,2dcfa0d8395a7c9ae8224bd2596ac6054222653b6c44ee6f62b5eb0f1c6dc5c9,PNG,ui-layout,49,167,RGBA,PNG,True,
assets/layouts/finale/overview/minor/Node02-Shards-L_right.png,9390,fc103eb2a1d116910db43d1c6bb4325bef44162ee8c88c6ee2daa12f03332908,PNG,ui-layout,53,147,RGBA,PNG,True,
assets/layouts/finale/overview/minor/Node03-Shards-L_left.png,10089,c64599bc97c4a1c24a8d7512871d24a0057b17fb6686464688d7548bb748f3a5,PNG,ui-layout,98,109,RGBA,PNG,True,
assets/layouts/finale/overview/minor/Node03-Shards-L_right.png,9486,ae10a9ed16b04a03fb391d0061fca2d37099074ad516c742c5f252c10f93cf5c,PNG,ui-layout,115,124,RGBA,PNG,True,
assets/layouts/finale/overview/minor/Node04-Shards-L_left.png,10010,3d46a6a9f579f0da440cb74bcad789140de172f85c366f44190b172fd0b27de2,PNG,ui-layout,69,167,RGBA,PNG,True,
assets/layouts/finale/overview/minor/Node04-Shards-L_right.png,10305,cf9f4fded1eb267a40db4ded235224288a4add5597f3f1eb9021afb6560857e5,PNG,ui-layout,72,169,RGBA,PNG,True,
assets/layouts/finale/overview/minor/lineart-01-complete.png,120477,8ec98e6f3d216e9a791a515126b9a4d39b110415d95bb016ca1619c528d393c3,PNG,ui-layout,448,410,RGBA,PNG,True,
assets/layouts/finale/overview/minor/lineart-01.png,97576,41c154ae528c7e39686fa187fb28d53cda4a0be0fea7fd14bacad84670549cb2,PNG,ui-layout,448,410,RGBA,PNG,True,
assets/layouts/finale/overview/minor/lineart-02-complete.png,89070,9d06260cba73e98cc9575b6ba12ad01ec73b70d89fa4ad68d1a3ceea7d18eb04,PNG,ui-layout,448,410,RGBA,PNG,True,
assets/layouts/finale/overview/minor/lineart-02.png,72855,559fb3a7e45d8ad1768e51c0ab98c0b40d9889d5af411225b9bf60360a766d2b,PNG,ui-layout,448,410,RGBA,PNG,True,
assets/layouts/finale/overview/minor/lineart-03-complete.png,201825,1c1ec3afa973ba5ff54ec0d7aac9d1a79ab577b17ccbe934917a7629704fc494,PNG,ui-layout,501,553,RGBA,PNG,True,
assets/layouts/finale/overview/minor/lineart-03.png,175528,e841f8705ff7d8d022843732ddee1ed34e6550f471970e7c5048e0c3585ae6fe,PNG,ui-layout,501,553,RGBA,PNG,True,
assets/layouts/finale/overview/minor/lineart-04-complete.png,169279,5eeeb9c1391a73f2b00770edd76128c463ca8fbb7812650fdb5c0afaf1b6ed49,PNG,ui-layout,448,410,RGBA,PNG,True,
assets/layouts/finale/overview/minor/lineart-04.png,135718,8089ec270d32703bc94624293b5f011f0e8670828851f0ebd99379b03fc2c1bc,PNG,ui-layout,448,410,RGBA,PNG,True,
assets/layouts/finale/overview/minor/node-sealed-background.png,16327,e1a75b377a6439263c43a01c838688bc22d9a7c3bec87d8a4dc53cd9779375cf,PNG,ui-layout,151,152,RGBA,PNG,True,
assets/layouts/finale/overview/minor/node-sealed-bottom.png,2668,830f70a1829856f6acf4ec91b73d4b55d7385c4132d1e91b1de2455f2e8dad33,PNG,ui-layout,43,55,RGBA,PNG,True,
assets/layouts/finale/overview/minor/node-sealed-left.png,2599,bb2b75838340f5c8152e95b0ba8c8ecca83e8e86cc704dcf8d59d3bca56453f9,PNG,ui-layout,55,43,RGBA,PNG,True,
assets/layouts/finale/overview/minor/node-sealed-lock.png,3847,fcfbfd12d1886089467426b4d214f1b81c3e1849474c48bc07cb7a3433521c5d,PNG,ui-layout,56,56,RGBA,PNG,True,
assets/layouts/finale/overview/minor/node-sealed-right.png,2768,3b7fd0228cf8dc1838dde3c5f6e60de2aeb9bd0e6915f2f9e70217e5221fedfb,PNG,ui-layout,54,44,RGBA,PNG,True,
assets/layouts/finale/overview/minor/node-sealed-top.png,2987,2bdbd34d779b5091020ee4028f3057e3a664ba67f6fc5750b66ce6fef274fff4,PNG,ui-layout,44,55,RGBA,PNG,True,
assets/layouts/finale/overview/minor/node01-icon-pressed.png,11968,76354852ec440c154b4c10b3842d0e0635ad239ac4b84b5fffc9f71a95a03df2,PNG,ui-layout,87,85,RGBA,PNG,True,
assets/layouts/finale/overview/minor/node01-icon.png,12010,2902f3a5a2420963c956cb5f6a814b0a40e34f120f679013a40d9c85a590a7ae,PNG,ui-layout,87,85,RGBA,PNG,True,
assets/layouts/finale/overview/minor/node02-icon-pressed.png,11931,03dfe75c6fac77127e7f15b9eb0915b533b6345b4e5ec9f0b311e256a86adf7c,PNG,ui-layout,87,86,RGBA,PNG,True,
assets/layouts/finale/overview/minor/node02-icon.png,12029,fffa2adc0493e403955a0a2b9a6e1b3aeeeb7dd06431fe581c93a3c96708cd74,PNG,ui-layout,87,86,RGBA,PNG,True,
assets/layouts/finale/overview/minor/node03-icon-pressed.png,12105,64e570591bdb57d5b65710ef8307ce3344a89c70f6e2995e51573cd52ecfe03e,PNG,ui-layout,87,85,RGBA,PNG,True,
assets/layouts/finale/overview/minor/node03-icon.png,12174,4596e1151b36efb6cf1ecccc8afe68378d8ed94fa157c0e62be2ff89c9409e67,PNG,ui-layout,87,85,RGBA,PNG,True,
assets/layouts/finale/overview/minor/node04-icon-pressed.png,11946,7c2596af4b690ea2f9926ff85bc1f5e767511274e07ea2a76e0334d75016ced9,PNG,ui-layout,87,86,RGBA,PNG,True,
assets/layouts/finale/overview/minor/node04-icon.png,12056,f517606f10568237c19af480afbad6e3358396339d40651f030717d7d075f68b,PNG,ui-layout,87,86,RGBA,PNG,True,
assets/layouts/finale/overview/minor/node_complete.png,21769,63ca46c5a035977a78c2163ec257a507ac1eed78560c59e48f80fe683fd94979,PNG,ui-layout,105,218,RGBA,PNG,True,
assets/layouts/finale/overview/minor/shards-small-left.png,4047,4f5491e7755a0bee6f25e60c671d15122aa165dcc1d5cea2ac0be354474c3a31,PNG,ui-layout,44,63,RGBA,PNG,True,
assets/layouts/finale/overview/minor/shards-small-right.png,3400,b92edd4c85cc6dd9a3bc64a6b4e33acef6570f9bc876caffe97343cb48a15ea8,PNG,ui-layout,46,58,RGBA,PNG,True,
assets/layouts/finale/overview/minor/square-large-complete.png,769,858fcf84340cf3c0988134321e92c88b1076f0a61e7a6d5390562aeb7f100410,PNG,ui-layout,47,47,RGBA,PNG,True,
assets/layouts/finale/overview/minor/square-large.png,1938,e004627bbf0d73ddb1a4e461b8d68b7589a5ff92e682d91ace8c77a2a0181e7e,PNG,ui-layout,59,59,RGBA,PNG,True,
assets/layouts/finale/overview/minor/square-small-complete.png,924,1762d2a525d0b51dd2fb6a2356194d9774271eecb3560e947479c55e422c923d,PNG,ui-layout,31,31,RGBA,PNG,True,
assets/layouts/finale/overview/minor/square-small-incomplete.png,1356,4b0294629cc548fef6204ef25a85c16351999f83e64a13c9c8aa0b1e849fc2d4,PNG,ui-layout,46,46,RGBA,PNG,True,
assets/layouts/finale/overview/no_return/background.png,216596,9e4ac0cec62003ef3440981657c2ef8cd4f502f497cfe07d5c037e61869ed4b8,PNG,ui-layout,797,444,RGBA,PNG,True,
assets/layouts/finale/overview/no_return/btn-cancel-pressed.png,13568,3752f6a43a0280c67ee5013caffe1564d2dce41d33901b2e0073dece71c2cd03,PNG,ui-layout,287,113,RGBA,PNG,True,
assets/layouts/finale/overview/no_return/btn-cancel.png,12821,fb581b777c1a0b0a41328e167a742a8697be131fe9d88e6f139c272f198efe3c,PNG,ui-layout,287,113,RGBA,PNG,True,
assets/layouts/finale/overview/no_return/btn-continue-pressed.png,12624,72a8f9467a01c13d0ac331ad2cf366ce9734b9b1e032d31e8c4927016dd18f47,PNG,ui-layout,334,115,RGBA,PNG,True,
assets/layouts/finale/overview/no_return/btn-continue.png,10528,8040b6bc520c523a2a2ebd67201c230f84607e6e8fe3154c535d6c3a3da51fc4,PNG,ui-layout,334,115,RGBA,PNG,True,
assets/layouts/finale/overview/no_return/overlay.png,7882,6f9a587ed210b1c5e51f45f4a096af4b90c36e7cc53a42a0a3fa209977c77a3c,PNG,ui-layout,1668,960,RGBA,PNG,True,
assets/layouts/finale/overview/no_return/topbar.png,100619,da855c548a3d9c2bd58a70821e35436f8c186d4d94cd3e8b7082a5a0b1119b35,PNG,ui-layout,791,73,RGBA,PNG,True,
assets/layouts/finale/overview/settings-pressed.png,3899,2da682aa2efd85e20440209aa4a6d39704ccb0de14f1d57de8d7bcee90d749e6,PNG,ui-layout,141,49,RGBA,PNG,True,
assets/layouts/finale/overview/settings.png,2567,69d3f74c5fdf840fac4237cbb83e4f27d9cd61e4a0895314a59d4093e83c8617,PNG,ui-layout,141,49,RGBA,PNG,True,
assets/layouts/finale/overview/song_intro/color-diff-byd.png,9634,bde41eafd629ad59d23866c7e5a1831fd78bae8ff32e70705fe4396dd0984beb,PNG,ui-layout,80,80,RGBA,PNG,True,
assets/layouts/finale/overview/song_intro/color-diff-etr.png,10269,870f9bb67b2469b36960e943d8c6c825a65ba1d1ea784df3e94f59cc038e9ae0,PNG,ui-layout,80,80,RGBA,PNG,True,
assets/layouts/finale/overview/song_intro/color-diff-ftr.png,10192,e7f8351b5073a043e74759df8d256b5220820f4862df1622480f31b6731a9165,PNG,ui-layout,80,80,RGBA,PNG,True,
assets/layouts/finale/overview/song_intro/color-diff-prs.png,10152,d697b6284cf9d7e93037847ebff0ed6c486cea223286bd78db60ad927d04fdc9,PNG,ui-layout,80,80,RGBA,PNG,True,
assets/layouts/finale/overview/song_intro/color-diff-pst.png,10234,01cb72ccf29d00cf144c40cd628577ffd2693c3b7bee13616e25cb0245e0981a,PNG,ui-layout,80,80,RGBA,PNG,True,
assets/layouts/finale/overview/song_intro/countdown.png,7203,e2b096ad1836c1113a07f11e11ed49b60f6e360d1756b22c4705bd6a2da7df4c,PNG,ui-layout,178,122,RGBA,PNG,True,
assets/layouts/finale/overview/song_intro/diff-byd-pressed.png,5162,4f0eba6fc2d5efe2789d06b1bf493eb4e4459c99765f6194354d9d755d52f89e,PNG,ui-layout,66,66,RGBA,PNG,True,
assets/layouts/finale/overview/song_intro/diff-byd.png,5894,c9b5e49792a4ac92da07c2ee3483d09162fb2c742484bf09807d9101cd1a0cde,PNG,ui-layout,66,66,RGBA,PNG,True,
assets/layouts/finale/overview/song_intro/diff-etr-pressed.png,6373,e739e928e326aab40d5cb70e53aea5ec8eddbf6f8cde8a2c96946919324fbc5b,PNG,ui-layout,66,66,RGBA,PNG,True,
assets/layouts/finale/overview/song_intro/diff-etr.png,6271,f83ff2f6b1eef92e07db4c5636b0a0308cf84fba58a2d543350c2bd9096d4146,PNG,ui-layout,66,66,RGBA,PNG,True,
assets/layouts/finale/overview/song_intro/diff-ftr-pressed.png,5005,1084f6854b8d79940cc22ea864e6f4c14d45f9ec2d785ecaba8339eb2316a17e,PNG,ui-layout,66,66,RGBA,PNG,True,
assets/layouts/finale/overview/song_intro/diff-ftr.png,5798,793905a2edddad156207552479c8b2651db7d5774f8301e89d3b898d6830f94c,PNG,ui-layout,66,66,RGBA,PNG,True,
assets/layouts/finale/overview/song_intro/diff-prs-pressed.png,5336,7c00e7dc2f54d03b01ceddbd5458599b8f0415b5056c425b604f490259110322,PNG,ui-layout,66,66,RGBA,PNG,True,
assets/layouts/finale/overview/song_intro/diff-prs.png,6105,3ada52a9502216015747475e9a3ceca833df2dc31d23eda2e4274662f3de198c,PNG,ui-layout,66,66,RGBA,PNG,True,
assets/layouts/finale/overview/song_intro/diff-pst-pressed.png,5157,4fd224f6dd22a40f134b2797d0048e71b9d4251f3ef2ad5eceaf7c1ae7b18036,PNG,ui-layout,66,66,RGBA,PNG,True,
assets/layouts/finale/overview/song_intro/diff-pst.png,5958,4bb74a250e1dd66ff0398e44798eb3c5e2c6283ffe841d793576508d8aad8e5d,PNG,ui-layout,66,66,RGBA,PNG,True,
assets/layouts/finale/overview/song_intro/difficulty-select.png,12718,ee6e15dfc54242da96bb4694ab2d628a7c512bffa04e4c42b20649279104e0bd,PNG,ui-layout,446,63,RGBA,PNG,True,
assets/layouts/finale/overview/song_intro/frame-light.png,55671,e865d4707a6818c728b4c3a98a1fc5b997ae5a84d3999d421d9459a14063cf82,PNG,ui-layout,592,592,RGBA,PNG,True,
assets/layouts/finale/overview/song_intro/lvl-light-pst.png,15632,46ae07d469401faabb30ecc8ebf5b621cf6e19668595049635f9197495f4b97c,PNG,ui-layout,115,115,RGBA,PNG,True,
assets/layouts/finale/overview/top-bar.png,24602,b04bdfa78164c7243f4fde1d385c472f28771caa8014c95a1e05b615dc86da7c,PNG,ui-layout,1560,17,RGBA,PNG,True,
assets/layouts/finale/settings-icon.png,3448,4959025c3b89820a513912160e70664fd4c17cf8bb3add052c7a800b177e5526,PNG,ui-layout,134,49,RGBA,PNG,True,
assets/layouts/finale/settings-v2-pressed.png,4448,fd161bafcd12e39a1767630751bf015aab4bc109c385f6a500f81fd92a2cbfb0,PNG,ui-layout,137,49,RGBA,PNG,True,
assets/layouts/finale/settings-v2.png,4112,6a831b05f001d0d9323b5804a98cd8c3eea233ef11b9563bab0dec8aa5ddc01b,PNG,ui-layout,137,49,RGBA,PNG,True,
assets/layouts/ingame/bgshape-pause-multiplayer.png,77588,bf952b3e36bcdaa9ca061d44a29bb1cd69ba17d34416ab0f0f23beba83f78476,PNG,ui-layout,1708,367,RGBA,PNG,True,
assets/layouts/ingame/bgshape-pause.png,25805,6b81ee656cd4766eecb40cff8265d391f05e854885a1b289d11476adb25e18fd,PNG,ui-layout,1708,225,RGBA,PNG,True,
assets/layouts/ingame/btn-pause-active-pressed.png,19687,62ac8a4ad9c0e69d4943779c5accd20ba522d507da6b4ce76ac900baa7695ef4,PNG,ui-layout,266,69,RGBA,PNG,True,
assets/layouts/ingame/btn-pause-active.png,22415,e28f816142d6e65c1044ebb630999ec038b528587907e8ae7b131ff0e7377cd5,PNG,ui-layout,266,69,RGBA,PNG,True,
assets/layouts/ingame/btn-pause-disabled.png,20472,ae6792744126c8b020789a783af7295ba78740789d8de65e326af1e0ef334baa,PNG,ui-layout,266,69,RGBA,PNG,True,
assets/layouts/ingame/btn-pause-passive-pressed.png,19628,486c6d253d0c73e66c0fd46226a429877d565d813cb7771c901014428c02ecc1,PNG,ui-layout,266,69,RGBA,PNG,True,
assets/layouts/ingame/btn-pause-passive.png,22367,9cf577958723b5fa505ac3ebde2cf0aa5a4ca4de2a20a83db6132948cfe8adf6,PNG,ui-layout,266,69,RGBA,PNG,True,
assets/layouts/ingame/cutoff_dia_2.png,255,03457b71dc9fe003d9fd4cf104ec7f52af586e1921a452c8bc8971fc773e3908,PNG,ui-layout,226,49,RGBA,PNG,True,
assets/layouts/ingame/end/back.png,202,82647b0f0437c0cde1d090ebdfa78ecc49bc86167b0fe19529dff0bf8db1e184,PNG,ui-layout,1286,1,RGBA,PNG,True,
assets/layouts/ingame/end/end_back.png,202,82647b0f0437c0cde1d090ebdfa78ecc49bc86167b0fe19529dff0bf8db1e184,PNG,ui-layout,1286,1,RGBA,PNG,True,
assets/layouts/ingame/end/end_mid_c.png,440084,c0489327b8838820b833908b674605250214110c6c9c67bf99de44369b690e91,PNG,ui-layout,1049,1049,RGBA,PNG,True,
assets/layouts/ingame/end/end_stripe_bottom.png,10774,840896ce4f458e47e4fc29a6c7768ee0f94ce86e77ea65cdb54e68397db184d9,PNG,ui-layout,1675,31,RGBA,PNG,True,
assets/layouts/ingame/end/end_stripe_top.png,10989,e45ae61b9b28b2994a1be4bb67d643bc7212e880372d5f0c34df0f7b7ecad947,PNG,ui-layout,1673,31,RGBA,PNG,True,
assets/layouts/ingame/end/mid_c.png,440084,c0489327b8838820b833908b674605250214110c6c9c67bf99de44369b690e91,PNG,ui-layout,1049,1049,RGBA,PNG,True,
assets/layouts/ingame/end/stripe_bottom.png,10774,840896ce4f458e47e4fc29a6c7768ee0f94ce86e77ea65cdb54e68397db184d9,PNG,ui-layout,1675,31,RGBA,PNG,True,
assets/layouts/ingame/end/stripe_top.png,10989,e45ae61b9b28b2994a1be4bb67d643bc7212e880372d5f0c34df0f7b7ecad947,PNG,ui-layout,1673,31,RGBA,PNG,True,
assets/layouts/ingame/hp_bar.png,14359,c3fa3f4e6d93eea3e6be43caa60f29417aeb6b0a1c1b797e90fb1a2ee924b6d1,PNG,ui-layout,39,487,RGBA,PNG,True,
assets/layouts/ingame/hp_bar_clear.png,14541,2e701998b19e096683bb7eb6c6bbc4d643b7782b126b75bea87991dbe830daf5,PNG,ui-layout,39,487,RGBA,PNG,True,
assets/layouts/ingame/hp_base.png,11052,f033851f126885b8480eedf2ccfbecf545b2f911ad3e84df33ca49ebace7c980,PNG,ui-layout,70,517,RGBA,PNG,True,
assets/layouts/ingame/hp_beyond_marker.png,23666,f8cb5e3199bba2128bf216e2b23b1682e40699879f7edb020abd15db70564e40,PNG,ui-layout,85,493,RGBA,PNG,True,
assets/layouts/ingame/hp_glow.png,30163,ac9823d0bbed3e092afe3bced933550900b7fc8ab228be4697e040e9bf6be9d7,PNG,ui-layout,39,486,RGBA,PNG,True,
assets/layouts/ingame/hp_grid.png,7633,e695f34ae5aa19126fa57f213d249d5337ca9fe03325f823598373c75bb652b7,PNG,ui-layout,39,486,RGBA,PNG,True,
assets/layouts/ingame/hp_top.png,637,fd503f46f6474572bb518070028ec8a42176a77a1ccbc527c0423d54520cd1e1,PNG,ui-layout,39,147,RGBA,PNG,True,
assets/layouts/ingame/hp_top_red.png,568,d94dbb22a406589083f32d6545cdede1b9cb8714a7e29c5c97c994a57091d8e5,PNG,ui-layout,39,147,RGBA,PNG,True,
assets/layouts/ingame/icn-pausemenu-disconnect.png,8321,53be3e3394adae99c6798ad37424daff3eea1f8bcc4e3191ca8a562d6d9e3ae8,PNG,ui-layout,126,87,RGBA,PNG,True,
assets/layouts/ingame/pause_crossbar.png,10455,795e48c3011450097ed5fed725bcda91d5c4c6d45a6e6d4518f3cddf1254affc,PNG,ui-layout,1239,82,RGBA,PNG,True,
assets/layouts/ingame/pausebg.png,134205,57ab2a9516273d9cfd98a31b14a99c02d33bffeaf9d8b1afd1b084528ad0c6a2,PNG,ui-layout,1286,761,RGBA,PNG,True,
assets/layouts/ingame/progress_glow.png,636,6d91fe7f63ec7538c9085a001cb6a70e9156248b0bb231f78c99df28d2e5c5e9,PNG,ui-layout,33,33,RGBA,PNG,True,
assets/layouts/ingame/tutorial_back.png,351487,b48b7a49f760654f52e58f927dc84ab71231c40d09e11689cfbf2de3c256699c,PNG,ui-layout,1286,349,RGBA,PNG,True,
assets/layouts/ingame/uileft.png,32369,bb75e0ac3a26e6fcbcff41463bdd9e94b028ad4b422d4b894f82dde13b325420,PNG,ui-layout,237,99,RGBA,PNG,True,
assets/layouts/ingame/uileft_pressed.png,31826,39afc1275de48478357a5b5f66120379a347346f9626f0d58bf6242baeec0036,PNG,ui-layout,237,99,RGBA,PNG,True,
assets/layouts/ingame/uiright.png,309097,c5a456029d98a591d9a0fd16123a419e68ce1e57f93ed62bb851b22ba7d09faa,PNG,ui-layout,616,314,RGBA,PNG,True,
assets/layouts/ingame/uiright_2.png,310052,e6f585f6f8984b72f978e438c503a9004b2645456eb94a3eb64d394b3a76ee0d,PNG,ui-layout,616,319,RGBA,PNG,True,
assets/layouts/mainmenu/arrow_left.png,2494,b11ce7a291d33536c4c7db0d975b5e73716829d72eb2673bb6781c031fba8d8c,PNG,ui-layout,57,78,RGBA,PNG,True,
assets/layouts/mainmenu/arrow_left_pressed.png,3328,331daa7d696205d89b2d9a09e2c479a1f63874b48e9869121795b5df068983b9,PNG,ui-layout,57,78,RGBA,PNG,True,
assets/layouts/mainmenu/back.png,165,ced87f88ccebd6703c8968cae4b2d9af4f7b5ff78cb7dd9d5f315fe756b17d00,PNG,ui-layout,426,1,RGBA,PNG,True,
assets/layouts/mainmenu/bilibili-btn-pressed.png,9584,feeea1ed471f642549dec83745013d6bae8d20ae9396b8cba9512457df041acb,PNG,ui-layout,233,117,RGBA,PNG,True,
assets/layouts/mainmenu/bilibili-btn.png,7241,42b7c0135708ad8d86e4e5c064fe911d95e79d8cbb7ae3b546f0cb65969ba19e,PNG,ui-layout,233,117,RGBA,PNG,True,
assets/layouts/mainmenu/bilibili.png,1636,0ad0c70eb01ee191c0573bafc6e806360aec50efcc6f62c4c7e2e269d0bf05af,PNG,ui-layout,125,102,RGBA,PNG,True,
assets/layouts/mainmenu/card/card_overlay.png,66162,93a5a4af336dc070561bf885456f7eb956bf2659e753c4bec5f5833a44a6d2fa,PNG,ui-layout,1546,552,RGBA,PNG,True,
assets/layouts/mainmenu/card/card_overlay_diamond.png,3052,c72ece4e4eba4d519ea6e26459a382339d76870395060bb019598255a60fcfdc,PNG,ui-layout,68,67,RGBA,PNG,True,
assets/layouts/mainmenu/card/card_overlay_stencil.png,5099,b335443a0237ab4ff77c071ba3e1b6068a8e92f9d1209dd0553a22edd3443d4c,PNG,ui-layout,564,74,RGBA,PNG,True,
assets/layouts/mainmenu/card/storyprogress_icon.png,1587,71156648777c4dc38875251738fa91af5f9d8cfc27a6f2794feb808c6ccf8d75,PNG,ui-layout,74,73,RGBA,PNG,True,
assets/layouts/mainmenu/card/storyprogress_underlay.png,8214,80285a43de2caa1790f24a3da69702fc27f3247252288112f7e6400c3880a7ac,PNG,ui-layout,240,40,RGBA,PNG,True,
assets/layouts/mainmenu/character/awaken_button.png,28641,3a6fef9da4de4fac169f19a4ecee4657a8be6715b6a9e443e836e1ae3040bda5,PNG,ui-layout,208,208,RGBA,PNG,True,
assets/layouts/mainmenu/character/awaken_button_pressed.png,34662,22943ad0de9a9ef21746379e909a9aa74964f534e00d945c797a1cd22f814b13,PNG,ui-layout,208,208,RGBA,PNG,True,
assets/layouts/mainmenu/character/levelup_button.png,28513,7dc91868fbfed593a9bed4b01b8f4e4255740664f7cd8873314d3b5f481cbaba,PNG,ui-layout,208,208,RGBA,PNG,True,
assets/layouts/mainmenu/character/levelup_button_pressed.png,33749,0f3684d4d04fd542ab30fef409faa5d03d4abc69a9b5164f2c6a1c23ff67b01b,PNG,ui-layout,208,208,RGBA,PNG,True,
assets/layouts/mainmenu/close.png,1213,dd0144bb6d3d6df9b901ae81d0fbfcde2671b6f614320c47e1f778053caba2d8,PNG,ui-layout,102,103,RGBA,PNG,True,
assets/layouts/mainmenu/close_pressed.png,4274,cde721e5be9282d896912fb0624b1751672621355b9e9da49d7ec729360ff761,PNG,ui-layout,102,103,RGBA,PNG,True,
assets/layouts/mainmenu/discord-btn-colour-pressed.png,9259,ecdc16b85b89d131e530d13900d327730c16be99652fbad8a34154f28371f735,PNG,ui-layout,233,117,RGBA,PNG,True,
assets/layouts/mainmenu/discord-btn-colour.png,6830,12d1aa87fbf3deecc0046802e5688536e9359ee0636b9a178cda9c0d4872dcf2,PNG,ui-layout,233,117,RGBA,PNG,True,
assets/layouts/mainmenu/facebook-btn-pressed.png,8576,87b52f1327aebb8fa2fe582e7b9c9f2c695c2c42ccc93e03b26d7b5a9d9ba26c,PNG,ui-layout,233,117,RGBA,PNG,True,
assets/layouts/mainmenu/facebook-btn.png,6543,cb96f187300f77a88d85762d427eafb1fd4ea5998589fa4c988d0aa73e672d91,PNG,ui-layout,233,117,RGBA,PNG,True,
assets/layouts/mainmenu/facebook.png,1414,c87240e78f0dc7ef6829b7ac36cf5a39be7562651a1635e210fdb51b0f21e304,PNG,ui-layout,125,102,RGBA,PNG,True,
assets/layouts/mainmenu/help_button.png,1851,95a34ed901ec686fe79cca66cc14d4424cd51672825125d468e8edf1f92371bb,PNG,ui-layout,116,117,RGBA,PNG,True,
assets/layouts/mainmenu/help_button_pressed.png,4097,e8b4e2cf0207c6169a8f69b34789be5e118d0add9fadf5e9d941c9a00c99127a,PNG,ui-layout,116,117,RGBA,PNG,True,
assets/layouts/mainmenu/ifdialog/BG.png,1471410,9f671bda2256813e9442a595d1762b6ac47ac9cb339983b6ac702bc8952858e9,PNG,ui-layout,1920,800,RGBA,PNG,True,
assets/layouts/mainmenu/ifdialog/CTA.png,42063,9e490a2c6d48aeb794a911ad47f2afb188074d6d5df3d6c7dd154a3fd5e1ca47,PNG,ui-layout,459,130,RGBA,PNG,True,
assets/layouts/mainmenu/ifdialog/CTA_Pressed.png,45785,d0b8872484dc98029b7d626c4e0cc3adb3ed6a047b509604f3c9a69ebd144bb4,PNG,ui-layout,459,130,RGBA,PNG,True,
assets/layouts/mainmenu/ifdialog/XButton.png,3035,7923b2368b8f5ddab4905b7daeada3ed75479dde0259f3dda8ede40ad559e229,PNG,ui-layout,56,56,RGBA,PNG,True,
assets/layouts/mainmenu/main_button.png,78908,7eaec7182b6f64b5f8100655ff6af227fa4c0724c0e28d85a94bbf3db29580bd,PNG,ui-layout,492,150,RGBA,PNG,True,
assets/layouts/mainmenu/main_button_disabled.png,62849,8315306b4ae5a3d30c52e6d91ebef7515665ed756389aebde3dfe35997cfb1a9,PNG,ui-layout,492,150,RGBA,PNG,True,
assets/layouts/mainmenu/main_button_pressed.png,80794,f25ba39bde74bf3cf9d66cdbb3d0b2f63d324ee0fb7a79c3fa1eee06c23684c9,PNG,ui-layout,492,150,RGBA,PNG,True,
assets/layouts/mainmenu/memory_diamond.png,5882,c4d8d246ed9dc59418be5f7040a3238470f79555a7d8576a79ade70517070769,PNG,ui-layout,111,111,RGBA,PNG,True,
assets/layouts/mainmenu/memory_diamond_top.png,3574,0bb70ae6d144496cb863513ff7e75c8b8f48af6c63f2b5c0866dc4675906081f,PNG,ui-layout,63,63,RGBA,PNG,True,
assets/layouts/mainmenu/network/1080/Friend-Backing.png,78424,92c5fdef510e0f07b11a02d429585a62477b54426df5510c40556732c6190434,PNG,ui-layout,689,188,RGBA,PNG,True,
assets/layouts/mainmenu/network/1080/Friend-Bar.png,19220,c435347ce165b9150da24ddc85355fdc658d3c48a824f50aaf81c7d4aa510606,PNG,ui-layout,3840,96,RGBA,PNG,True,
assets/layouts/mainmenu/network/1080/Mutual-Tag.png,3629,6925e93b4c3a165522a2738ebb5d2270070547a69077d3dc1feb03f43476f411,PNG,ui-layout,78,78,RGBA,PNG,True,
assets/layouts/mainmenu/network/1080/Remove.png,2380,5dfdb68bd1a6882f3f1b7304b07c8b47776878b1e1022aabf2ef6b5b71fd63e3,PNG,ui-layout,65,65,RGBA,PNG,True,
assets/layouts/mainmenu/network/1080/bonus_memory/bonus/divider.png,2791,a4bb95386f48c9b753a41a2b687e156a8311a4d2717a61f55ebd997131878f9d,PNG,ui-layout,64,780,RGBA,PNG,True,
assets/layouts/mainmenu/network/1080/bonus_memory/bonus/screen-accents.png,1667,ca35fe3d455f1b5c4f0fd554396559dfdfb067f692526e21bbbb77856ae9814a,PNG,ui-layout,348,174,RGBA,PNG,True,
assets/layouts/mainmenu/network/1080/bonus_memory/bonus/subtitle-backing.png,227,9697bf124ec726a48d5b052b2b1a9536433513c073033a6f282a3fd4da966f57,PNG,ui-layout,1,512,RGBA,PNG,True,
assets/layouts/mainmenu/network/1080/bonus_memory/bonus/subtitle-underline.png,557,2a2f585071976620a8fb3d971e2b1be2dc27c0fe69fed8c059cb69d03368bec3,PNG,ui-layout,400,10,RGBA,PNG,True,
assets/layouts/mainmenu/network/1080/bonus_memory/bonus/title-accent.png,264,6b7f415fdde5611c8176f3b9bb0889d9e4fca6fb83b36b271d7ba8ee314bc3bb,PNG,ui-layout,19,18,RGBA,PNG,True,
assets/layouts/mainmenu/network/1080/bonus_memory/divider-dia.png,204,c8d8a205487e5340af55c981564616dda55b1548cbde0003768138d462d46d1c,PNG,ui-layout,12,12,RGBA,PNG,True,
assets/layouts/mainmenu/network/1080/bonus_memory/mem-bonus.png,4820,0610a539184f452ccff94c89912fbb5f7538751942f1f107d37604f5c471c36e,PNG,ui-layout,251,62,RGBA,PNG,True,
assets/layouts/mainmenu/network/1080/bonus_memory/mem-divider.png,477,de0c8df73eb40f71d0d551395b84fdc6bf770627d09b58932492db2e82c7d7f4,PNG,ui-layout,245,10,RGBA,PNG,True,
assets/layouts/mainmenu/network/1080/bonus_memory/memories-dia-pressed.png,18150,3f094bc1470ab187e989e3f06813ca2d032fc7ca53bf7798901073a27884781e,PNG,ui-layout,236,236,RGBA,PNG,True,
assets/layouts/mainmenu/network/1080/bonus_memory/memories-dia.png,8955,2873815c7b455e21e6cdad1d8725c72962ac0c0fde221acff4a7a13e808bc7b6,PNG,ui-layout,236,236,RGBA,PNG,True,
assets/layouts/mainmenu/network/1080/button_friend_add.png,63993,2ff507be42a6917a45102b6fb0ca01ea25186749299ab2ebdb8f85e55c336c8f,PNG,ui-layout,445,135,RGBA,PNG,True,
assets/layouts/mainmenu/network/1080/button_friend_add_disabled.png,27031,ebbb4e467eadf70526035318fb5f5b197e424fd1735a40dd41fbd2d3bcf09353,PNG,ui-layout,445,135,RGBA,PNG,True,
assets/layouts/mainmenu/network/1080/button_friend_add_pressed.png,65808,5952979c94868b356981801f4f3f99730e3a151b731a6fee2f3833d05e08b93b,PNG,ui-layout,445,135,RGBA,PNG,True,
assets/layouts/mainmenu/network/1080/button_side.png,27777,0ab2ea7fc83e57a31bac7994374aac7144a9ca797dc16fbcdcf9da3eeaa6f633,PNG,ui-layout,239,122,RGBA,PNG,True,
assets/layouts/mainmenu/network/1080/button_side_disabled.png,14507,1fac275926a0883f003840462d867b8410251851cfd5d19374911746590c6143,PNG,ui-layout,239,122,RGBA,PNG,True,
assets/layouts/mainmenu/network/1080/button_side_pressed.png,27976,4121bac216ffa5080da2a8c50611150836ed04848ddae4afce8e15bfe89ffc1d,PNG,ui-layout,239,122,RGBA,PNG,True,
assets/layouts/mainmenu/network/1080/namecard-private.png,83730,1c93d954c64e61025ce6c1d93e094348634aafae68f7ea31cec1ad5276dba80f,PNG,ui-layout,748,185,RGBA,PNG,True,
assets/layouts/mainmenu/network/1080/namecard-profile-pressed.png,95893,18a06b850ac6f67182c27af6e277d4a7908b8740b1e77a962c463ddad9df0344,PNG,ui-layout,748,185,RGBA,PNG,True,
assets/layouts/mainmenu/network/1080/namecard-profile.png,86421,3b6449f083ae990e5d8d9dcce201221da89576e40510b9a4be2bda9982f53b2b,PNG,ui-layout,748,185,RGBA,PNG,True,
assets/layouts/mainmenu/network/Icon-date.png,180,09f42fa7e6067721ba07252be47657eeaf7c55cf1c2939b98bf776dede570a67,PNG,ui-layout,25,27,RGBA,PNG,True,
assets/layouts/mainmenu/network/Icon-device.png,214,e97fe9cd25bd6381da9afd3c77ba925ab678adeb73b84bbd3ae0cac562fc4e11,PNG,ui-layout,35,19,RGBA,PNG,True,
assets/layouts/mainmenu/network/button_friend_add.png,28180,ec78e85954b05f10fc641d945d363804aad7d9f8fb930a4b9e4e5916cbffbd90,PNG,ui-layout,241,99,RGBA,PNG,True,
assets/layouts/mainmenu/network/button_friend_add_disabled.png,23085,f2698cddf78cefdb0fe3b771efbed997c88d7b47e9a39242a4c9c66708759dbb,PNG,ui-layout,241,99,RGBA,PNG,True,
assets/layouts/mainmenu/network/button_friend_add_pressed.png,29116,b4324bf79a2a79f5f1ba0070471f4c9a17a4f0925f01384eb16fcb3e29c60ff3,PNG,ui-layout,241,99,RGBA,PNG,True,
assets/layouts/mainmenu/network/button_profilecard.png,95058,0c42005c0342ade6429e6bcfece805a69a46e76af302932819803344d9946db9,PNG,ui-layout,492,129,RGBA,PNG,True,
assets/layouts/mainmenu/network/button_profilecard_pressed.png,96109,957661ad44f484c75147a2146747abadf4717deb0c7056cee665b344c71ced46,PNG,ui-layout,492,129,RGBA,PNG,True,
assets/layouts/mainmenu/network/button_side.png,12103,b76fec23c2c9f3055c7e6b74f6a57d31207e5856e7f8050c15d183aab9948d79,PNG,ui-layout,129,85,RGBA,PNG,True,
assets/layouts/mainmenu/network/button_side_disabled.png,10815,013cbd27208d95ef5073970bede0e4f861c2a86305e0305d04f69add8eec9fbb,PNG,ui-layout,129,85,RGBA,PNG,True,
assets/layouts/mainmenu/network/button_side_pressed.png,12515,726ea667b4455352a4cc35e2729852e1dd65a7447d767c48a12858ba5a73b69d,PNG,ui-layout,129,85,RGBA,PNG,True,
assets/layouts/mainmenu/network/icon_back.png,11164,ee16edf3a385ad6bf6ce72dc96c78ad317e28fdb52e557013c09cc7aacc0d17a,PNG,ui-layout,150,150,RGBA,PNG,True,
assets/layouts/mainmenu/network/icon_back_pressed.png,11389,24d681ff2e61b04e4721231941f86a18b99aa43e7a3b957c41997e0b7a2e9434,PNG,ui-layout,150,150,RGBA,PNG,True,
assets/layouts/mainmenu/network/main_button_sync.png,80106,c949a5f6ada0b3b71fa4fbe4b14261eb54a9a2b2a4d98a6257247bb846406a9a,PNG,ui-layout,492,129,RGBA,PNG,True,
assets/layouts/mainmenu/network/main_button_sync_pressed.png,82291,7170cc1ff665fe415ceac41f3d04095720e72b1b1dd565e5804a074f302e6221,PNG,ui-layout,492,129,RGBA,PNG,True,
assets/layouts/mainmenu/network/memory_diamond.png,6774,888c2189d1a94885fb4f823c77422598e437769bec9b2dd7b69a6a602b7e8d80,PNG,ui-layout,159,159,RGBA,PNG,True,
assets/layouts/mainmenu/network/memory_diamond_glow_border.png,10911,341fa21fe97803e9399aa33b7798f4a721600175f442a7b342f82d17e8126006,PNG,ui-layout,225,225,RGBA,PNG,True,
assets/layouts/mainmenu/network/memory_diamond_pressed.png,9871,a62501d9d80bebf029089d4eff1aea67494dedb52d65964fc0ab07a5c88c1a23,PNG,ui-layout,159,159,RGBA,PNG,True,
assets/layouts/mainmenu/network/memory_purchase.png,11355,f4517131744b3f981f35b822ca81b096fb4a087e37740abf60b1e1016435ce49,PNG,ui-layout,225,225,RGBA,PNG,True,
assets/layouts/mainmenu/network/network_dash.png,172,599019bb700ee281d4d6fb19e4c412c3d336278ca855cd78509aac6bbb23c717,PNG,ui-layout,305,5,RGBA,PNG,True,
assets/layouts/mainmenu/network/question.png,2160,6cd7316dcb5bf97d6f8c79d63605cd1dcf80c7dc8b86265d7d51890034465a70,PNG,ui-layout,42,42,RGBA,PNG,True,
assets/layouts/mainmenu/network/skill_seal.png,2852,1f2e1b6eec58cd5b78e33a7a5269d09e91251c2ea898cfe46aeef6496cbb3d3b,PNG,ui-layout,52,64,RGBA,PNG,True,
assets/layouts/mainmenu/network/sync_confict_minicard_button_pressed.png,23924,f44aec1fb33a3e752385aec46ecd10380acebbab07fe1fda11741a47995697c5,PNG,ui-layout,334,59,RGBA,PNG,True,
assets/layouts/mainmenu/network/sync_conflict_card.png,27207,6ba144358c44a93032b6ecb293f607f751058c1fd726d702039885d4edfa89b3,PNG,ui-layout,653,251,RGBA,PNG,True,
assets/layouts/mainmenu/network/sync_conflict_divider_horiz.png,208,9d7b024d45ffb03a044c5e8f06845309b3f4baf29fd14ad943e52d955ed4891b,PNG,ui-layout,259,2,RGBA,PNG,True,
assets/layouts/mainmenu/network/sync_conflict_divider_vert.png,344,58cdb077585eac2ba2d7be718adae5bca293ae87e313ccda360bed8537901d98,PNG,ui-layout,3,325,RGBA,PNG,True,
assets/layouts/mainmenu/network/sync_conflict_dl_large.png,5646,1ab5d900315063506cb0bf384f715a321e92244a505e6f2781f4eeefa78addbb,PNG,ui-layout,215,78,RGBA,PNG,True,
assets/layouts/mainmenu/network/sync_conflict_dl_small.png,4562,20e220dfab908b68f16ece5511d3b2f484d3d2d5a6c916bd4ef7941fd9f6d974,PNG,ui-layout,171,63,RGBA,PNG,True,
assets/layouts/mainmenu/network/sync_conflict_minicard.png,16037,4d58303dd1432aa7687f4c213b1323f87459e4d96ee0f40b51f44d82bfa373f6,PNG,ui-layout,334,346,RGBA,PNG,True,
assets/layouts/mainmenu/network/sync_conflict_minicard_button.png,25222,3df22a76a0e533f7720b6c5f456c90864a117a8d68cf9f22d744f6eb468615be,PNG,ui-layout,334,59,RGBA,PNG,True,
assets/layouts/mainmenu/network/sync_conflict_ul_large.png,6174,6651b24816b278be05f26a4bee84a0045e33aef770da3a700a6d5c1750f2e86f,PNG,ui-layout,192,100,RGBA,PNG,True,
assets/layouts/mainmenu/network/sync_conflict_ul_small.png,4731,7689cd319a70a9f24c5195a9d7630358edc9124df243a875a7be462934505b79,PNG,ui-layout,151,78,RGBA,PNG,True,
assets/layouts/mainmenu/network/sync_explanation.png,14040,448af29f70fa62618fe0d4487e6ae575f70022c4c056fddb70bd69ef28ebd22c,PNG,ui-layout,613,177,RGBA,PNG,True,
assets/layouts/mainmenu/network/title_float.png,10464,ce7dacae9ca31bd21b9325e65d30943a4f0d049b9b8c5c102fc26d6d872aac41,PNG,ui-layout,305,121,RGBA,PNG,True,
assets/layouts/mainmenu/network/user_back.png,20472,0788bff2d47e2deffa0d226867ae57a33b9016aa6c29aa8c1c6eb3ecdeb5adea,PNG,ui-layout,420,100,RGBA,PNG,True,
assets/layouts/mainmenu/twitter.png,5935,afc10701a8dadc78491309597245c51b609ddc9c1444ad12e45db1534eb9a566,PNG,ui-layout,125,102,RGBA,PNG,True,
assets/layouts/mainmenu/update_bg.png,46961,c69a507804d888b65285daef698f033dce3269ec7fee1b5091ad6f1765a8a318,PNG,ui-layout,485,513,RGBA,PNG,True,
assets/layouts/mainmenu/view_button.png,1841,0bf0574aded67dac9dba4057238c388c70ff3467ec45f34bbc105aa5a07a01ad,PNG,ui-layout,90,92,RGBA,PNG,True,
assets/layouts/mainmenu/world.png,111741,68a97e42693f401b935af92f7e05bf655670caaaf45a493f67647e9e9b19ab19,PNG,ui-layout,309,310,RGBA,PNG,True,
assets/layouts/mainmenu/world_offline_pressed.png,101145,ddf400bd8ef2e362c66eb11d2280772db4ee8324352330679962225bc4cfcd1d,PNG,ui-layout,309,310,RGBA,PNG,True,
assets/layouts/mainmenu/world_resume.png,6085,a4264ee41b3419462f060b1e3c4bb71c908fd23a2d24632bfd292f40a4d742a3,PNG,ui-layout,273,137,RGBA,PNG,True,
assets/layouts/mainmenu/world_text_offline.png,11325,2ffa69a30460eedeee654be53860be5dcffc792c594c74bafa62d84017d1861c,PNG,ui-layout,164,65,RGBA,PNG,True,
assets/layouts/mainmenu/x-btn-l-pressed.png,8678,d093f471cbc722902c25295a2428075aa54eb8efc6a7c50e3bcead4bcdf931f8,PNG,ui-layout,233,117,RGBA,PNG,True,
assets/layouts/mainmenu/x-btn-l.png,7189,3da102c340fb46601eb72d24d05926ec13e982ad94583494b7763a8453a00111,PNG,ui-layout,233,117,RGBA,PNG,True,
assets/layouts/multiplayer/backing-difficulty-ind.png,15840,a36147cc3b9898bc4369386412451613014afd321a51614eddc8ae14b3e32da6,PNG,ui-layout,197,65,RGBA,PNG,True,
assets/layouts/multiplayer/backing-hp-multiplayer.png,177806,358e62d768605e42fc50fdcac9a01926da80cb8da84d0c19b4f74fb9daf4ee26,PNG,ui-layout,726,561,RGBA,PNG,True,
assets/layouts/multiplayer/backing-title-justplayed.png,2348,34b3dc362bde5ce559a14f2aaf722a7cfd600501bfacc2d758bc31f00dcecd93,PNG,ui-layout,658,133,RGBA,PNG,True,
assets/layouts/multiplayer/backing_room-code.png,1018,fb643723271c73043de686e66cc4863118a94753591e3292d2515b9c95ea2635,PNG,ui-layout,437,43,RGBA,PNG,True,
assets/layouts/multiplayer/backsheets/backsheetwide-startup.png,1531470,9cbd96954103cd97d9c28c5b78802627ebd16556fb634d582e5f0b5fbeb7b00a,PNG,ui-layout,1666,959,RGBA,PNG,True,
assets/layouts/multiplayer/backsheets/backsheetwide.png,1407234,0a4d8d5dc9bb598376e436626bd5fae5e39c6f898dd6e96689797d2e5dbd7725,PNG,ui-layout,1668,1030,RGBA,PNG,True,
assets/layouts/multiplayer/banner_bg_shape.png,1216,4e0afc9470dc8039462366782b005ef054b9a1310cd9927d32648d877d519172,PNG,ui-layout,684,133,RGBA,PNG,True,
assets/layouts/multiplayer/bottom-shadow.png,67000,60d18f48430fa96a4970a45ee86bb4572e646bc0d00ef6910f7e8032d670cc15,PNG,ui-layout,519,202,RGBA,PNG,True,
assets/layouts/multiplayer/bottom-shadow2.png,51962,c6bc5c4e47de501c948f570159acd24bee0255b20bed9be258d281b5bd7780d7,PNG,ui-layout,518,202,RGBA,PNG,True,
assets/layouts/multiplayer/btn-ready-outerbannerglow.png,7903,f3889c42166a74f220b419035f04dd1d9499c40c7fc95394f81cb71cfdb3f3f7,PNG,ui-layout,634,184,RGBA,PNG,True,
assets/layouts/multiplayer/btn-ready-pressed.png,7983,eafcb54a162286dfcca1101c55a6339f0e6604cc02205154b174c6343ddc9e01,PNG,ui-layout,384,57,RGBA,PNG,True,
assets/layouts/multiplayer/btn-ready-unready.png,7959,ef664202940508ff4dbefa75e6601566dbf19989673ad7dd9b45e8515b4fddd2,PNG,ui-layout,384,57,RGBA,PNG,True,
assets/layouts/multiplayer/btn-ready.png,7944,17626674af2fd33787ac7253a59693a7337ca892c4b3194e110436746dfac1b6,PNG,ui-layout,384,57,RGBA,PNG,True,
assets/layouts/multiplayer/btn-roomcode-show-pressed.png,6458,6d0cc8ac1987820e320babe97b61bfd64302a527eeeb4c5bd893963cfce497a8,PNG,ui-layout,130,89,RGBA,PNG,True,
assets/layouts/multiplayer/btn-roomcode-show.png,5854,0ae07d45f2aae1a7e7b5da69b791c6260d82e4a4ef75cc7ea717a8631ce6af24,PNG,ui-layout,130,89,RGBA,PNG,True,
assets/layouts/multiplayer/btn-show-pressed.png,5618,ede1147a401de6fa91677cdd0b89fd97d885bb88665af498fa87e31f05d87b48,PNG,ui-layout,99,93,RGBA,PNG,True,
assets/layouts/multiplayer/btn-show.png,5488,4ee339b2accdf56532552b57916ae438ead06d8fcc5417bd43a9a1ce5ecde774,PNG,ui-layout,99,93,RGBA,PNG,True,
assets/layouts/multiplayer/card-justplayed-markercolorless.png,7515,b94c20ae94fe390d50f0fa11ce460912a08c584f5c16954b5cefe23ec417d9ce,PNG,ui-layout,27,131,RGBA,PNG,True,
assets/layouts/multiplayer/card-justplayed-markerconflict.png,5952,b9594b624a1cf61effa1740dcb13d559c8c01c4e51dcf8e3677776c72f0c0288,PNG,ui-layout,27,131,RGBA,PNG,True,
assets/layouts/multiplayer/card-justplayed-markerlight.png,5466,97149852aaaa3b680691ea437a2b943b86ae9f4273346023e4ca062582d38742,PNG,ui-layout,27,131,RGBA,PNG,True,
assets/layouts/multiplayer/card-justplayedshape.png,919,87fa03e3f349aafd7bc92895f9b2711ecf2b85252f6ea32cd29c389bf2d362b0,PNG,ui-layout,930,147,RGBA,PNG,True,
assets/layouts/multiplayer/card-myparty.png,30726,d646bbc7cb9c5afe93f0234ffbafc76a4316bc544ddb44b1f9329b448c419be2,PNG,ui-layout,468,96,RGBA,PNG,True,
assets/layouts/multiplayer/char_diamond.png,5282,6f56a92cd48abd903fc68d62aacd6105dd7e1189e2686529e15c6e849e1f95b9,PNG,ui-layout,129,129,RGBA,PNG,True,
assets/layouts/multiplayer/character-background-stencil.png,264474,4ec6d9b1882ad04c7f4c8e7df3bd026f5a64efacf8512ff0e9d5aba6af67fa0d,PNG,ui-layout,600,585,RGBA,PNG,True,
assets/layouts/multiplayer/character-background.png,219039,5d7c89430699578edbbbb436f744015c222bdd4f54953bf0c1472a6cde90a4bf,PNG,ui-layout,560,459,RGBA,PNG,True,
assets/layouts/multiplayer/character-bracket-shadow.png,5920,357a35d5f88044bc1361f68a04b890f417809da8cc129305c2dbf8ad57bd43cb,PNG,ui-layout,155,484,RGBA,PNG,True,
assets/layouts/multiplayer/course_banner_1.png,56085,3c4820776dd229f885a37c8e6e4bc2edbb023c29f588f6d7473ffbcc24998a09,PNG,ui-layout,564,74,RGBA,PNG,True,
assets/layouts/multiplayer/create-sess-btn-press.png,28479,9070c4fd7c2a54b9ce0f69a52a0786eebfc57b4a28c26198572a1760fb482d94,PNG,ui-layout,403,90,RGBA,PNG,True,
assets/layouts/multiplayer/create-sess-btn.png,26815,6ed5dab1b9610ba88e8941a565d30a1c3941bed1a604fe8f1f970abca378e03b,PNG,ui-layout,403,90,RGBA,PNG,True,
assets/layouts/multiplayer/default_sticker.png,124615,51d8452d3f0944881c383a6773b806e1e084dea15ca81277b8928f13b28bd0e2,PNG,ui-layout,347,347,RGBA,PNG,True,
assets/layouts/multiplayer/difficulty-Past.png,13905,bc4575ce6293387814834352a8b9636b0d13d0aef66a861481418349f743ddf1,PNG,ui-layout,121,100,RGBA,PNG,True,
assets/layouts/multiplayer/dl_dark_bg.png,623,8405779b6da32b6d5b7e87211dde8cd2ca54387610894cd3466eff30175fb754,PNG,ui-layout,101,45,RGBA,PNG,True,
assets/layouts/multiplayer/download-ready.png,1617,1c0a6f40a1aab659f41ef53d924816bfbc38b463dd8c0670a04f96e5267e23db,PNG,ui-layout,98,44,RGBA,PNG,True,
assets/layouts/multiplayer/drawer-backing.png,2600,c5c57f1722237affada6f9e336530c0814f193a91373360acf79dadd8ef79118,PNG,ui-layout,216,59,RGBA,PNG,True,
assets/layouts/multiplayer/explus.png,9621,f1c302b54bfd268ec87805c141810eaba2eab7adf9a14fa502ddd0a3acf4bc89,PNG,ui-layout,110,110,RGBA,PNG,True,
assets/layouts/multiplayer/field-button-back.png,8157,3244f79668d91f9d4a74fbba0c63595be5e11c3c8aa8e404c9f2e9012ad25b95,PNG,ui-layout,502,119,RGBA,PNG,True,
assets/layouts/multiplayer/field-entercode.png,8984,556d74488a6968cbef0917d17723f643447c83807fc04b8aa0c409421f527978,PNG,ui-layout,676,108,RGBA,PNG,True,
assets/layouts/multiplayer/icn-download.png,2550,d481f502223712bbc26aeb25d464b552e47677e6682e54b2793c2a3880c62a95,PNG,ui-layout,103,40,RGBA,PNG,True,
assets/layouts/multiplayer/icn-playerdownloading.png,1549,fcc4c6bb40bdd940cb8785a6b49d8dcece1d79e357e5908525c2877c1ae5f6a7,PNG,ui-layout,23,23,RGBA,PNG,True,
assets/layouts/multiplayer/icn-playerleft2.png,996,1ac24d79ca0b85a8d2c6f39e351c6b57f7f2fe607637c0a26a012eda3afcf948,PNG,ui-layout,28,17,RGBA,PNG,True,
assets/layouts/multiplayer/icon-disconnected.png,11621,4477d3eee9d89fbbd75918c885bfaf99e733c8b2ccdd310bd3f4e757b249ba2b,PNG,ui-layout,359,97,RGBA,PNG,True,
assets/layouts/multiplayer/icon-notowned-diff.png,15536,b271e74e007cf5cb7ee493fc9c7422c7567413db6c49d050d640d59748e503dd,PNG,ui-layout,271,70,RGBA,PNG,True,
assets/layouts/multiplayer/ingame-diff-pst.png,2374,682bab83192e387f4d00cb36fb34de527feb32c1a678d41122522b88a3b79771,PNG,ui-layout,53,22,RGBA,PNG,True,
assets/layouts/multiplayer/ingame-loadingstrip.png,13413,525a4e5e14db6d5f93ae1d5e27fbc1a531d97bb027e24fd66e84ca8f2a6d5517,PNG,ui-layout,1200,33,RGBA,PNG,True,
assets/layouts/multiplayer/ingame-waiting-shadow.png,37195,b6a7e9a22c6b6a81973159f7c22f6dcd394a5d41cfcacebd9e21a249cb2f000b,PNG,ui-layout,945,304,RGBA,PNG,True,
assets/layouts/multiplayer/ingame/V1/1-position.png,6695,c22afa878c1106a2895ece9594f0a5c1ff6499515579cf6d64d9be56cbb12979,PNG,ui-layout,77,77,RGBA,PNG,True,
assets/layouts/multiplayer/ingame/V1/2-position.png,7445,b0f39bb676b416babce352d2a3694f85636a835defc06239457a33f8da3fa22d,PNG,ui-layout,78,79,RGBA,PNG,True,
assets/layouts/multiplayer/ingame/V1/3-position.png,7203,2f93b810a1247d1fa583bf242675684a740e7c98d7312bba69b076f3825f6908,PNG,ui-layout,80,79,RGBA,PNG,True,
assets/layouts/multiplayer/ingame/V1/4-position.png,7011,f28df44b8c0f8a27892e4ae5992fa9798da1af38f1334ca4cb89480a3ff9eb03,PNG,ui-layout,80,80,RGBA,PNG,True,
assets/layouts/multiplayer/ingame/backing-player.png,6925,97535a792157e267ac6f13defd7f7a38d32e3c534cce00721c7deae4753fd4fa,PNG,ui-layout,390,83,RGBA,PNG,True,
assets/layouts/multiplayer/ingame/backing-you.png,4376,536ab4e946afd481f4c769340997029fc804cf76bb12fd5b43500b7c9a014124,PNG,ui-layout,426,71,RGBA,PNG,True,
assets/layouts/multiplayer/ingame/pos-above.png,3315,9c6098409c2172d5888e0ce6d3fc5f80ae80ed97f93de5ac6fcd714bb7eea363,PNG,ui-layout,465,42,RGBA,PNG,True,
assets/layouts/multiplayer/ingame/position-1.png,6709,60617b1f7a82f952766eb21425724f6b8b297daa6d8a2635b6fa9671409f9631,PNG,ui-layout,66,93,RGBA,PNG,True,
assets/layouts/multiplayer/ingame/winning_backchip.png,104878,d1b034ed881a28691375614618a07de6ce96309dea9ee0327ebece2c0bcfa4e5,PNG,ui-layout,605,132,RGBA,PNG,True,
assets/layouts/multiplayer/join-btn-press.png,8657,e1c325dbeafbc3cf20a34f705eb5a87f5b37dea61e930535453d25a32024a8d3,PNG,ui-layout,143,85,RGBA,PNG,True,
assets/layouts/multiplayer/join-btn.png,8980,f86783efb299e040460397171d446b1fa8b56ede5cd030817b5416fd676752ed,PNG,ui-layout,143,85,RGBA,PNG,True,
assets/layouts/multiplayer/lobby-options-btn-backing.png,1897,31f71d94eea455e2f87f3b5643f5eb021404e8cc35969049f57cdfa68b9dc5cb,PNG,ui-layout,317,66,RGBA,PNG,True,
assets/layouts/multiplayer/lobby-options-btn-pressed.png,6558,1366bcae5d24a048342fc1f6de25bd50d42f0162a54321231ae87551d73ddb77,PNG,ui-layout,197,45,RGBA,PNG,True,
assets/layouts/multiplayer/lobby-options-btn.png,7246,884bcac32e61ca8f5e80d2dee6a5c2a34b94f51a8b88bf6dc23535050804a17d,PNG,ui-layout,197,45,RGBA,PNG,True,
assets/layouts/multiplayer/maskshape-fill-download.png,2671,9c610982717ea5948a94f3841a3d2036ab269d60a272899bd816bd0e763bf61b,PNG,ui-layout,101,45,RGBA,PNG,True,
assets/layouts/multiplayer/notif_host_icon.png,3037,960a5ec5bcf7b479a14d32f2ecb19015be6fa0862df89b0da2d220d5ae71ab64,PNG,ui-layout,84,20,RGBA,PNG,True,
assets/layouts/multiplayer/online-btn-close-press.png,13420,fe2e17ef0ce9b2e637913f5fa65b7d271e5b0df15790f396d7c686c1a1574b48,PNG,ui-layout,174,67,RGBA,PNG,True,
assets/layouts/multiplayer/online-btn-close.png,12146,2fe38736c7bd8a121fabd0347ea047628c69c7eda3a3e8f78cece87bc9345daa,PNG,ui-layout,174,67,RGBA,PNG,True,
assets/layouts/multiplayer/online-sync-btn.png,2809,91f8b80444c91fad2f6750c60df962919af178d943e9bd288cd5a2a7274c80d3,PNG,ui-layout,61,61,RGBA,PNG,True,
assets/layouts/multiplayer/overlay-personalcard-basic.png,30720,0453253151e418ed7a4b2b09f7dc7638aa3d2ae7f20d63cf200d19391ae41a9a,PNG,ui-layout,601,105,RGBA,PNG,True,
assets/layouts/multiplayer/overlay-roomplayer-basic.png,29402,3a7d69d89526b132cecb5d0fe91b680bafa4666a607bf1a035f1e4d54aef26f5,PNG,ui-layout,708,111,RGBA,PNG,True,
assets/layouts/multiplayer/personalcard-basic.png,27475,636b1cc3bcb12893abe1f8498336e699ebc861d9b6768076869b21448b0a8688,PNG,ui-layout,601,105,RGBA,PNG,True,
assets/layouts/multiplayer/personalcard.png,30904,c5bb23cbcdb5785e219f922a375beff70e62b445e25e488e0302350bd6dca0bd,PNG,ui-layout,601,106,RGBA,PNG,True,
assets/layouts/multiplayer/player-overflow-btn-pressed.png,4741,b9b82019256a979b9ce8bcfd57f12f34997547abeacc90b61ea05819536fb43b,PNG,ui-layout,127,66,RGBA,PNG,True,
assets/layouts/multiplayer/player-overflow-btn.png,2926,fed7d9519b3e3ce733be8f429e58f9fb590a8f2627eb09743053e47c8289e081,PNG,ui-layout,127,66,RGBA,PNG,True,
assets/layouts/multiplayer/playerleft-chip.png,7894,52ca6c9a2ea019bb4f3a0bee023268db839ce2cb8fd7e7554a5e0f59be5e97bb,PNG,ui-layout,229,48,RGBA,PNG,True,
assets/layouts/multiplayer/pure.png,12071,861e3e7f71541fd4589c89d7ede1488a701105f2c5b7ebb6a337ecc263fe6086,PNG,ui-layout,110,110,RGBA,PNG,True,
assets/layouts/multiplayer/results/PST_tag.png,3723,0a094ff78e338969cb81f5d8dd634651ee2bfbef2015ef38c98491e06048245b,PNG,ui-layout,89,29,RGBA,PNG,True,
assets/layouts/multiplayer/results/glow-bronze.png,2434,aff8ab65025e5b0ed4c0275734cac9042c9d6a0e80df58dd5c30308ac5e3e603,PNG,ui-layout,247,92,RGBA,PNG,True,
assets/layouts/multiplayer/results/glow-gold.png,2434,455e46358ac15d0639fa9d15d491cd4c588b636265c1ac1dcb44c8ca7f1c3add,PNG,ui-layout,247,92,RGBA,PNG,True,
assets/layouts/multiplayer/results/glow-purple.png,2418,21d3ac6173f90ab07e094a1f68f1959f16be4043e9f6b01577df1da76512771f,PNG,ui-layout,247,92,RGBA,PNG,True,
assets/layouts/multiplayer/results/glow-silver.png,2433,d82eb96f4a9d095b82b3297755d31857d7a8b2e27bb536cdc7bc5c5b09412af4,PNG,ui-layout,247,92,RGBA,PNG,True,
assets/layouts/multiplayer/results/result-leftrail.png,9226,2c343f55eed3084ee8193c9e6c54e275ce7c58194a80808588be098841f83272,PNG,ui-layout,20,249,RGBA,PNG,True,
assets/layouts/multiplayer/results/resultcard_01.png,86447,d995626aecd5319135559bc9ac8ac1f27df216c2f5318082343a51df6c30b7ca,PNG,ui-layout,623,115,RGBA,PNG,True,
assets/layouts/multiplayer/results/resultcard_02.png,33337,46f0fda6a21ceea7fbe2dc7d88099b1b35e6e3b35e94ec32c6e97d91e4f6d8e5,PNG,ui-layout,422,103,RGBA,PNG,True,
assets/layouts/multiplayer/results/resultcard_03.png,33163,67e2375534efd5be08bc488351ab8a60cb51cac869b21d58158c77e82102a1d0,PNG,ui-layout,422,103,RGBA,PNG,True,
assets/layouts/multiplayer/results/resultcard_04.png,33011,c357b0a7d7f3206d130aa94e6584b5afc169abcaf3390a67f4dc640a24753647,PNG,ui-layout,422,103,RGBA,PNG,True,
assets/layouts/multiplayer/results/results_glows.png,10429,c4fb34dbb0022d790f806ea17f3a1ad2488708f772775a20ff0e02ebb8e1ec99,PNG,ui-layout,247,378,RGBA,PNG,True,
assets/layouts/multiplayer/results/you-tag.png,5355,873ed861f2963f1c9595f98dfcc46665a45085b02048c71ff559d7f357fff31c,PNG,ui-layout,130,42,RGBA,PNG,True,
assets/layouts/multiplayer/roomcard-disconnected.png,39741,dcc3a7e51e84e87edc3ad1a4d34c55e7853f4e98d96626b6a3d3a60d5607f10a,PNG,ui-layout,578,97,RGBA,PNG,True,
assets/layouts/multiplayer/roomcard.png,43829,3cff969dfa9d94ff79e02dec183974149536b2291ed2261378d2998faa5da808,PNG,ui-layout,578,97,RGBA,PNG,True,
assets/layouts/multiplayer/roomplayer-basic.png,39552,e95702b899c73cc7fb37a14fff8bc0b6dc52cc577b4f80a2c0d30c9962f78eba,PNG,ui-layout,708,111,RGBA,PNG,True,
assets/layouts/multiplayer/signal.png,1525,c1dea5456aa76c947a94f18fc8c90fe1a4dd444caea40d0bf12b8f3d3ba1a7ea,PNG,ui-layout,63,28,RGBA,PNG,True,
assets/layouts/multiplayer/songselect_random_256.jpg,7047,60d5fcc956be34d29ac132f1385f1817a6a5274b715f289d0b6441f8901123e2,JPEG,ui-layout,256,256,RGB,JPEG,False,
assets/layouts/multiplayer/sticker_tray/sticker-backing.png,5538,7c365eddc4b12d6b1f10e18319428fd1ef284f1a118d8b6191f24ccc0cb5f376,PNG,ui-layout,186,186,RGBA,PNG,True,
assets/layouts/multiplayer/sticker_tray/sticker-button-pressed.png,17035,f101982f3f2261442145f7428459c8ec26242c177b2fbc2777547f62b09e47ca,PNG,ui-layout,168,85,RGBA,PNG,True,
assets/layouts/multiplayer/sticker_tray/sticker-button.png,16373,de860703b31ff10dfe8190192623eb70196bb124ce480febad86ae3a675b6dd8,PNG,ui-layout,168,85,RGBA,PNG,True,
assets/layouts/multiplayer/sticker_tray/sticker-tray-arrow.png,11846,eb8327a16e2d4617a27685c20a31e9dd4de32a1b221e3a3b4a955f9c4bab07fa,PNG,ui-layout,109,133,RGBA,PNG,True,
assets/layouts/multiplayer/sticker_tray/sticker-tray.png,228189,31d10e7f909a831de7ac46fa4ac0de8ed88f066f0976aa099e106e80db374fa1,PNG,ui-layout,1334,314,RGBA,PNG,True,
assets/layouts/multiplayer/sticker_tray/stickerpurchase-backing.png,5062,b1fc0d0966acf1014d09ab9a0e625f61666b61216e3fb5b2ed56fb8f51914c89,PNG,ui-layout,212,212,RGBA,PNG,True,
assets/layouts/multiplayer/sticker_tray/stickerpurchase-confirm-pressed.png,22509,f98d199c99a7645a7c286074c1a7bf0dc38c6db934a77d75e48ae31652f03475,PNG,ui-layout,258,158,RGBA,PNG,True,
assets/layouts/multiplayer/sticker_tray/stickerpurchase-confirm.png,22909,969a61c8f47b84b56d43cd751f2bbe8701ddb934abb33d8968d3a80d3d524284,PNG,ui-layout,258,158,RGBA,PNG,True,
assets/layouts/multiplayer/suggested-arrow.png,941,e0360e5a06dc276ca96b41019d6d00c10100dad98d8b2661bffceeac27c6f565,PNG,ui-layout,43,60,RGBA,PNG,True,
assets/layouts/multiplayer/suggested.png,5451,5853b5a7fe461089d983af14b183bc37d0fbc52c9f18813a1eba13a7df94cb37,PNG,ui-layout,213,47,RGBA,PNG,True,
assets/layouts/multiplayer/tag-difficulty-beyond.png,4059,1c146042b86cfee5fff28095ff79e30d1862e2441798b0aea6b3d190799c186d,PNG,ui-layout,73,23,RGBA,PNG,True,
assets/layouts/multiplayer/tag-difficulty-future.png,3499,c39158316f69cb9c4f07d4808b27aeba9409f8c9a746d9b653b443b42c2d16ec,PNG,ui-layout,73,22,RGBA,PNG,True,
assets/layouts/multiplayer/tag-difficulty-past.png,3994,425a1d19db2d01453e7e4c938d35308267dc01dbf952b6e66aa6196555fce313,PNG,ui-layout,73,22,RGBA,PNG,True,
assets/layouts/multiplayer/tag-difficulty-present.png,4136,fa65ced0c831b508392ee8be46c8cffb3653fa4b257a6799540bd3edfc64c4f0,PNG,ui-layout,73,22,RGBA,PNG,True,
assets/layouts/multiplayer/tag-host-others.png,1983,5e294485755d466bf5de2d690323540c933a122dcc529bc4e5cf827e3a470450,PNG,ui-layout,74,20,RGBA,PNG,True,
assets/layouts/multiplayer/tag-host-player1.png,1985,09cf1cd3f9fc93e304d0f1732e7865ffce3227c5b17b1c34d1c582dc185ba95f,PNG,ui-layout,67,20,RGBA,PNG,True,
assets/layouts/multiplayer/tag-songselect-highscores.png,9881,eeb93e52f7f2276422c9be54030b6e96c9bec9ec364ece765c1aa33097820ede,PNG,ui-layout,192,55,RGBA,PNG,True,
assets/layouts/multiplayer/tag_hiscore.png,7887,b41041af384b39f32e06045cd53337bf0f019cb7ed6ce9b22b764266467b50bd,PNG,ui-layout,202,29,RGBA,PNG,True,
assets/layouts/multiplayer/tag_pb.png,8369,4980188d5a2fbfac77705fd9c8944387c22603f5d17ea90d3f4e49b7a7386f09,PNG,ui-layout,193,27,RGBA,PNG,True,
assets/layouts/multiplayer/unknown_clear_badge_mini.png,8878,9a44d1d7d2ebee1240713a018e34bc7d692648f7863c31a722970c4bb2acf34a,PNG,ui-layout,72,72,RGBA,PNG,True,
assets/layouts/multiplayer/unknown_grade_mini.png,10722,f66c7b141199a4854fa04af562a0c306c7caabe697862f5e349067b7872fbf4c,PNG,ui-layout,70,72,RGBA,PNG,True,
assets/layouts/multiplayer/unknown_icon.png,22675,01a42141cd620e9778bba3709f0642bf367e6ddb485f308bcedce8a3b61b4f5a,PNG,ui-layout,169,170,RGBA,PNG,True,
assets/layouts/multiplayer/voting/bg-fade.png,3006,a880a868b4c8480b3ee29d78913de56e55b62163a33b965a39866e66ce02d4d9,PNG,ui-layout,1,1440,RGBA,PNG,True,
assets/layouts/multiplayer/voting/bg_select_dark.jpg,369542,787408917b3005b3051a6d2af8c0fe349bbdb74da061d20df04415e7f291435a,JPEG,ui-layout,1920,1440,RGB,JPEG,False,
assets/layouts/multiplayer/voting/btn-back-onlinealt-backing.png,22869,83d0c46a5d3da97d2d4fda981be470dc653c2e7defcc309e574aeed7644c2e7c,PNG,ui-layout,213,62,RGBA,PNG,True,
assets/layouts/multiplayer/voting/btn-back-onlinealt-pressed.png,6151,7a5cdc114c2708e2235164222720ef5a64845faf8a7bfc2cdda9304eedbca0b3,PNG,ui-layout,172,45,RGBA,PNG,True,
assets/layouts/multiplayer/voting/btn-back-onlinealt.png,4658,168c1259513ccb9d702e2300ba33706b2a2e92bc8deec52e018e9a75667996f6,PNG,ui-layout,172,45,RGBA,PNG,True,
assets/layouts/multiplayer/voting/extra-message.png,13251,c4150478f13d4eb374f3cbd09065beb321a9eb86ca68cc1efeb2c0c689612b81,PNG,ui-layout,608,76,RGBA,PNG,True,
assets/layouts/multiplayer/voting/name-backing.png,8202,1d9d450b0171629102ccd369a4fd4f6c83fd8d266e395af9a1b474791cd022d2,PNG,ui-layout,479,64,RGBA,PNG,True,
assets/layouts/multiplayer/voting/side-accent.png,13814,b856fdb8da9c51b2ec18bfe4509966983a9ae500ce774fd1575b7f3dd38a2aa4,PNG,ui-layout,135,758,RGBA,PNG,True,
assets/layouts/multiplayer/voting/song-backing-selected.png,26951,2f154898f8cb96b86699730fe38cff61c0cbf346c2e5535ba72355c87be10f12,PNG,ui-layout,300,69,RGBA,PNG,True,
assets/layouts/multiplayer/voting/song-backing.png,8435,f1a4684ac753843393930f22e12190c3ef9e799f5ec5d81c4f1bd72fe6fe3e26,PNG,ui-layout,325,69,RGBA,PNG,True,
assets/layouts/multiplayer/voting/song-container-random.png,3448,510f3ca3e13800cdedb0dbab911b5bfbbb1a8835f2e6cbc359e7e426d821467e,PNG,ui-layout,137,129,RGBA,PNG,True,
assets/layouts/multiplayer/voting/song-container.png,3487,a3efa7aabeed16073c899aea4eb17654bb62f92bd03ab9617ef5461af1672e90,PNG,ui-layout,137,129,RGBA,PNG,True,
assets/layouts/results/anomaly_lost.png,67866,ceb1bee61a4d5aad845871690908a65814d5a2b42e193718ecdbc74a187864c3,PNG,ui-layout,517,94,RGBA,PNG,True,
assets/layouts/results/anomaly_unlock_bg.png,83570,5cd3c2b5d762143cec75328a475ab028c1720c6fedf019630b87eb77700f9ee5,PNG,ui-layout,1560,572,RGBA,PNG,True,
assets/layouts/results/anomaly_unlocked.png,125914,597b44888c053e4376f5331c1d311ade0998b7f758e8877847c772683a0aab8b,PNG,ui-layout,842,101,RGBA,PNG,True,
assets/layouts/results/back.png,24750,9d8eab057a6f5efcda51a1231adf3724d2a1619e004bc685abf9cebb7d69d1b2,PNG,ui-layout,324,97,RGBA,PNG,True,
assets/layouts/results/back_pressed.png,25745,d67b50a8ce0c0fa8ec51a543dd1a5a25041affd0d88a36d52592e632ccea44c5,PNG,ui-layout,324,97,RGBA,PNG,True,
assets/layouts/results/beyond-boost-bar-results-fill.png,135,5847f8ca0f17ac8a2a0f988e9ccf2b67a94f8afd91681ffad6b6168e10e4eaad,PNG,ui-layout,229,7,RGBA,PNG,True,
assets/layouts/results/beyond-boost-bar-results-node.png,583,fb03b28acf866c80d49f8a8254675cf13b33190c0ddbb2db95103ee0751010e3,PNG,ui-layout,25,24,RGBA,PNG,True,
assets/layouts/results/beyond-boost-bar-results.png,2983,1c29c63938210e90f82602a7a32e0392b589445f59fc1363086215e5e4ed21a5,PNG,ui-layout,247,41,RGBA,PNG,True,
assets/layouts/results/beyond_back_button.png,34028,c139df3fa4db7a989aafd86f9f94db1bce1bc4ce5491aa43664f65570daa9170,PNG,ui-layout,324,97,RGBA,PNG,True,
assets/layouts/results/beyond_back_button_pressed.png,34508,2d3e166da55b438bea56e55c4aa905de43c9702e88745594f2609204009ea920,PNG,ui-layout,324,97,RGBA,PNG,True,
assets/layouts/results/beyond_cool_line.png,2644,7e360c1649fa810ee7e07d67de4e40c4c4eb11031ec31df9f8686fe32e39d8a0,PNG,ui-layout,56,310,RGBA,PNG,True,
assets/layouts/results/character_reward.png,7833,799c8b08ac219ac2e6c2b6e4e7a097cabf2a0697ede32e8f69d98aaf7082282e,PNG,ui-layout,150,153,RGBA,PNG,True,
assets/layouts/results/character_reward_offline.png,7821,0e4d31ec2405071f2bcf2a3dbeb08c959035b9605229ee0efea8a81d44ea79ce,PNG,ui-layout,150,153,RGBA,PNG,True,
assets/layouts/results/coursemode/banner-alpha.png,2714,7dbcaf90d27b1843791833044e2b0cd8d6c372ba8c91ec27d45a518b8f229b10,PNG,ui-layout,1788,305,RGBA,PNG,True,
assets/layouts/results/coursemode/banner.png,425687,878e3b4daf7a4931a3ac378e1d18ccced42dd8a00859081d5c3a0c714b828799,PNG,ui-layout,1788,305,RGBA,PNG,True,
assets/layouts/results/coursemode/button-backing.png,21010,62361bfe3bfb89bc2e2e766f20443e6deadab45061ac8a70195571eea824af3b,PNG,ui-layout,211,62,RGBA,PNG,True,
assets/layouts/results/coursemode/button-pressed.png,9657,da92438e195a6af6d4c4ab1aaae107af7ef27eb0315fda65a02436ccc0a52527,PNG,ui-layout,180,57,RGBA,PNG,True,
assets/layouts/results/coursemode/button.png,10193,cd3354814094bd18736e558cfda271b944be4689d0b4341fb74eaa3e9bbe4674,PNG,ui-layout,180,57,RGBA,PNG,True,
assets/layouts/results/coursemode/completion/course_complete_bar.png,397482,21d5841fbf0c02ea0a392ffefb133cbf20ded5fd54411f15d2a6d2d4d4150aa9,PNG,ui-layout,1546,364,RGBA,PNG,True,
assets/layouts/results/coursemode/completion/course_complete_glass.png,2073647,5821fef25ab5b6f901859620af3a67188650af9f7191535f88425cc0cba5ded1,PNG,ui-layout,1546,747,RGBA,PNG,True,
assets/layouts/results/coursemode/completion/course_complete_text.png,95516,480b2621bb519e501b42dc8e29aef3f27af3d798ece87aceea06a42e86caad5f,PNG,ui-layout,629,250,RGBA,PNG,True,
assets/layouts/results/coursemode/completion/course_complete_top_shape.png,2201,bd6877b5d072881c9babdc43eb307dfa3467ef927b736e3fcf9c930fae976e40,PNG,ui-layout,433,38,RGBA,PNG,True,
assets/layouts/results/coursemode/completion/course_failed_text.png,80609,c235dccc41b99d337ef4b4473c71f8ccab9ed5a31b115947ab6455632188df22,PNG,ui-layout,609,250,RGBA,PNG,True,
assets/layouts/results/coursemode/completion/course_lines.png,169853,c66d364184bee36eb28eb59bc26b1f5586ff9d9ae3df090fbd543a2e02c25537,PNG,ui-layout,1546,322,RGBA,PNG,True,
assets/layouts/results/coursemode/completion/course_outline.png,7954,c1c4689253c54fad3df003149f6d08d497734c9b41dc6d4e5dac332dd3627bf5,PNG,ui-layout,1546,747,RGBA,PNG,True,
assets/layouts/results/coursemode/completion/course_reward_small.png,21303,bdf83ef2fd2495274446f0f65169b4d9a598367fd72e640981fbdf4c2aeeec8a,PNG,ui-layout,272,99,RGBA,PNG,True,
assets/layouts/results/coursemode/condition-bottom-backing.png,16248,adfd14f6b1e8b0fc5b61150ac5a23196207a76f15fc8395828f85ea97284ea1b,PNG,ui-layout,375,39,RGBA,PNG,True,
assets/layouts/results/coursemode/condition-top-backing.png,901,56a214e4b046651696f56bcabda8397b78c50a52d2c56f8043144b9b74ceec76,PNG,ui-layout,349,33,RGBA,PNG,True,
assets/layouts/results/coursemode/grade_ex_mini.png,8849,0ec30490a83d37ca3ecfa02ef8844f3c18f95595546677439f03af076b28af35,PNG,ui-layout,72,72,RGBA,PNG,True,
assets/layouts/results/coursemode/grade_explus.png,22484,ca921ff0d3bde68d96b81e8c5baf4093b717504559609d3794c0be92004a9d04,PNG,ui-layout,143,104,RGBA,PNG,True,
assets/layouts/results/coursemode/indicator-l-colorless.png,7457,0d263557a08fd287901b6bf9bfaa0a069f9e23d63f2856db14aa081a336c7dc2,PNG,ui-layout,31,107,RGBA,PNG,True,
assets/layouts/results/coursemode/indicator-l-conf.png,6892,96cda0473db790bfd2f3f94538d93c75638bf09d7ccf66b1638ea3acebb11bf2,PNG,ui-layout,33,115,RGBA,PNG,True,
assets/layouts/results/coursemode/indicator-l-light.png,6335,ae52c813e274d90ea16c91d92765d148d7268e5b946f6c07eac68556f1166b78,PNG,ui-layout,33,115,RGBA,PNG,True,
assets/layouts/results/coursemode/indicator-s-colorless.png,3560,87c01f617e1ab9a2b611d2a87673b3e28914dc911667d39b41c1e99da231717a,PNG,ui-layout,21,72,RGBA,PNG,True,
assets/layouts/results/coursemode/indicator-s-conf.png,3674,4ebead684a7954dda471b020d999e515299d4f00b5e7bd95293c0054dbfa735a,PNG,ui-layout,23,79,RGBA,PNG,True,
assets/layouts/results/coursemode/indicator-s-light.png,3419,014998e9289f8c0a3cb1640b63dff2cd55a53ca51174435c187751e26ff4c32f,PNG,ui-layout,23,79,RGBA,PNG,True,
assets/layouts/results/coursemode/notecounts.png,10618,f0d2a01c87c84cd5ef16d89ab9fd3a9e9f0c50c848f630f9e433b6edb728e10c,PNG,ui-layout,220,94,RGBA,PNG,True,
assets/layouts/results/coursemode/prog-icon.png,15701,9c44013bbe623936761bdd9d587bd324a68c958541c229559b3d5758b35838c5,PNG,ui-layout,137,115,RGBA,PNG,True,
assets/layouts/results/coursemode/prog-slider_backing.png,1303,d81838d37416747ef61b28a2d7d5b9dc45e1c98f22f25db11c238bad00ff6186,PNG,ui-layout,16,455,RGBA,PNG,True,
assets/layouts/results/coursemode/prog-slider_grad-failed.png,484,9230a4c5ab28bbf6d6ec94045652b560e85fd416732494e5b2633746b81aff2c,PNG,ui-layout,7,446,RGBA,PNG,True,
assets/layouts/results/coursemode/prog-slider_grad.png,492,576f237d250af3b90af8f9fa2eaaa75d72c3e2f621ec1e726cb7211e2c4ae59c,PNG,ui-layout,7,446,RGBA,PNG,True,
assets/layouts/results/coursemode/prog-slider_point-failed.png,3944,3a60b5e9cf18646d9991165997da4fda360731d7a41b7dc7d7bd4590ea862035,PNG,ui-layout,75,75,RGBA,PNG,True,
assets/layouts/results/coursemode/result_backing_shadow.png,1226,664ea89007f21a527ff6b02e5d9c62dba32bc7c16558241fe1cda95fc5b051a9,PNG,ui-layout,147,63,RGBA,PNG,True,
assets/layouts/results/coursemode/resultcard-l-failed.png,160109,a4a6dfbb64b8ccc55f6eee8297ed5693f5a6cf6b90a558227a9dd611c301c39e,PNG,ui-layout,910,161,RGBA,PNG,True,
assets/layouts/results/coursemode/resultcard-l.png,165911,3a93fd6fc7e9b0619e042576e5ac345c2e628304c454cacf687ecbca942195bc,PNG,ui-layout,910,161,RGBA,PNG,True,
assets/layouts/results/coursemode/resultcard-s-incomplete.png,37530,e53a75fcf085fe5600fe0889a6b0c6a7ecbd246f45ab3c28b6205fa00a87b480,PNG,ui-layout,786,109,RGBA,PNG,True,
assets/layouts/results/coursemode/resultcard-s.png,44639,3287cfd1af6ad28b04222feda13e80d9edd7db04fe5419bd063941540b9192b6,PNG,ui-layout,786,108,RGBA,PNG,True,
assets/layouts/results/coursemode/score-banner-l.png,1431,78e62d24c767f518550410546e5b826bec3994c942541dd747b818906a32b370,PNG,ui-layout,477,34,RGBA,PNG,True,
assets/layouts/results/coursemode/score-banner-s.png,771,aba57ab7ca135d0609c31049f522404ab2406cb0079b12a7c39bb27c94d2cc93,PNG,ui-layout,458,26,RGBA,PNG,True,
assets/layouts/results/coursemode/score.png,6620,80c731f689c3d158332ba66daf960996723752892825f745354b946f8e85be2d,PNG,ui-layout,338,66,RGBA,PNG,True,
assets/layouts/results/coursemode/shadow-l.png,1431,82458212411549a94160917a66c8157dbea56d7d3f9d18b100d17d5f13db6b75,PNG,ui-layout,910,161,RGBA,PNG,True,
assets/layouts/results/coursemode/shadow-s.png,1071,34cc0c9c7becac6149fc31494abf26d90211c069aeb7eaf5f56815117a968fe1,PNG,ui-layout,786,108,RGBA,PNG,True,
assets/layouts/results/coursemode/side-rail.png,71099,1bbd92a623f9ab8269fe25d6224d076b6cc53ed7f7babaea1bbf404903faebde,PNG,ui-layout,118,487,RGBA,PNG,True,
assets/layouts/results/coursemode/tag_course-progress.png,10592,c6c3ba50a2d40e3be527d263342388e77987b605a2440c67e372b8c67c8c2bf0,PNG,ui-layout,234,25,RGBA,PNG,True,
assets/layouts/results/exp_bar.png,130,e5aae274e8518a9bf0ac66143dd388d0e6c42337c52c9f72f3b5fa2de9ed4cd9,PNG,ui-layout,1,25,RGBA,PNG,True,
assets/layouts/results/exp_label.png,1394,0aa67c1915881a3cfa4af3cd4957d669251e48fc0e296ee03b78393a70afff7a,PNG,ui-layout,55,30,RGBA,PNG,True,
assets/layouts/results/keeptext.png,1437,6bb57181eb1367ab36c0d61a48cd3e016e0c764d45d8136a938bd5993eb72302,PNG,ui-layout,90,33,RGBA,PNG,True,
assets/layouts/results/mid_button.png,26916,020cf07a9b336fe66cffd9c81e5aaa4a2852f4d4ed54db068293569419e4c766,PNG,ui-layout,351,97,RGBA,PNG,True,
assets/layouts/results/mid_button_pressed.png,27972,0cea98e6687a6353e3a1310d175ca263d05db1ef5f28583f1b691e3e101339e9,PNG,ui-layout,351,97,RGBA,PNG,True,
assets/layouts/results/parallel-chara-backing.png,3229,0c5e49fdfe5957b5c07d8a91f1afc5c8f880aef8baa49379b2d5b4049aa096f6,PNG,ui-layout,255,225,RGBA,PNG,True,
assets/layouts/results/parallel-chara-lock.png,2872,7ce61cb30bd00bc3e8c67dde93974e876e25af6da572a0bcb77a23b8c0ed10f6,PNG,ui-layout,44,54,RGBA,PNG,True,
assets/layouts/results/parallel-continue-pressed.png,32112,dbc663826bee85e2ba302f851fffd48ba7ef93ff966a3012d13392615bbb5bd8,PNG,ui-layout,319,93,RGBA,PNG,True,
assets/layouts/results/parallel-continue.png,31086,b524e798a3a056d093a1f75990bf0687c6438362ea0a164bad751f0c38df0894,PNG,ui-layout,319,93,RGBA,PNG,True,
assets/layouts/results/percentage_back.png,4598,9f5eef1e47eba341fc974c409d0103776e850c384f217484d8aa23cc2360c803,PNG,ui-layout,315,63,RGBA,PNG,True,
assets/layouts/results/potentialtext.png,2754,ce89a869397a5e392a606ff508f274b71e888657bc8affea55c7e7c5f25a39ff,PNG,ui-layout,139,30,RGBA,PNG,True,
assets/layouts/results/rating_down.png,27621,abec1b7640caaf50f1efaf255a1de8cbfae169cccea432107fbcf6436da5182e,PNG,ui-layout,236,237,RGBA,PNG,True,
assets/layouts/results/rating_keep.png,30860,989c4503f66eba2a3c618db4754062bbdfb46e6477fdb404a6fd584d2f26e1c5,PNG,ui-layout,236,237,RGBA,PNG,True,
assets/layouts/results/rating_off.png,6287,ca9be849c25c0f894d552e86b8fc979393021a978a52a352570f08dce88d2e2e,PNG,ui-layout,118,119,RGBA,PNG,True,
assets/layouts/results/rating_up.png,31277,3200586117c96433381ae092a5002ba42922d53351ae2bdce0b40e601922b47d,PNG,ui-layout,236,237,RGBA,PNG,True,
assets/layouts/results/res_banner.png,165195,9fbd390032256a0db6ae4c00cc895d0f739d62d0c7ca03c914524e5b1859dd73,PNG,ui-layout,1280,629,RGBA,PNG,True,
assets/layouts/results/res_bottombar.png,11862,e5b23e0b86ceae5c459d8505fd4a3426ad60618886fdb4d4a2396ef203ed81ea,PNG,ui-layout,545,50,RGBA,PNG,True,
assets/layouts/results/res_bottombar_disabled.png,8009,89dbfc5fa183811c4b32dc37e0ad5de92cb0425df8f86bd06078414d1985c6be,PNG,ui-layout,545,50,RGBA,PNG,True,
assets/layouts/results/res_bottombar_pressed.png,13146,54ce63f8861204d97465c719792e19dae6aef9ae4ebceadfd78e57174cb323f4,PNG,ui-layout,545,50,RGBA,PNG,True,
assets/layouts/results/res_button.png,10131,1955faff3bce8badc61de73f879254b2e2d3f97d1d30896d32e72e2c46fc350c,PNG,ui-layout,168,50,RGBA,PNG,True,
assets/layouts/results/res_button_select.png,10883,3669a23be25be61cb2ae345f887493b5629b0f9442d12a7c889ec14e49cbe308,PNG,ui-layout,168,50,RGBA,PNG,True,
assets/layouts/results/res_scoresection.png,74779,fd664c42f5fc9f0737fe0a6b49eb263905d3c8afe095862a44bea49ec95a8eb4,PNG,ui-layout,485,239,RGBA,PNG,True,
assets/layouts/results/res_scoresection_beyond.png,182646,da526db1721072e91647de722495f6eee525111ed6d63c173cc570aa2cb20912,PNG,ui-layout,776,431,RGBA,PNG,True,
assets/layouts/results/res_scoresection_high.png,108086,8d95f2c710cbe54d460b92ddc9630ed81c72450fdb946fcc24090a0ff72095e7,PNG,ui-layout,485,239,RGBA,PNG,True,
assets/layouts/results/res_scoresection_parallel.png,194172,55b111aa6d9ac1733afb54bedebe8fa014e5ad461ee8e4fdbdc92bd5b1691d33,PNG,ui-layout,691,394,RGBA,PNG,True,
assets/layouts/results/result-arrow.png,3689,e298c961a425e43e6b9b4f1a77f04e6c27090b1b6746d16905e61b9a1e11aea7,PNG,ui-layout,84,73,RGBA,PNG,True,
assets/layouts/results/result_stats_bg.png,228031,eb9c0561544bc0b5b6b39729766a23abd621b01c4402631de0e6a585a4427c39,PNG,ui-layout,833,413,RGBA,PNG,True,
assets/layouts/results/result_stats_bg_easy.png,249559,e3a0233f8235d2a31a8a9b3db5010071834e4fd6985afa03e1bb34015c19b0bc,PNG,ui-layout,833,413,RGBA,PNG,True,
assets/layouts/results/result_stats_bg_hard.png,245747,5e4baad60622e49ea791bd283abd1c117f57f9eb9b57a5e2a2ab3a16c8abf4f4,PNG,ui-layout,833,413,RGBA,PNG,True,
assets/layouts/results/reward_bg.png,17524,12b313f5d1465258f9358a20f2f32f7f4aa79ba9f8241d3d1a09602f2d5654b5,PNG,ui-layout,358,357,RGBA,PNG,True,
assets/layouts/results/reward_front.png,73879,b93a74248429867017381681303f72d08f787aaf786fe43ed954cb7560e0b81d,PNG,ui-layout,304,305,RGBA,PNG,True,
assets/layouts/results/sync-dia-fill.png,2807,ff63b1743e4f8ea369495341c5ce32fe402c7769e1bcc185b0caf6091daef7be,PNG,ui-layout,81,80,RGBA,PNG,True,
assets/layouts/results/sync-dia.png,21757,d1557d8152f24af9d27bad67d4c09e94deb2c9093d9531a4ef3ab517995ddded,PNG,ui-layout,225,225,RGBA,PNG,True,
assets/layouts/results/world_reward_divider.png,141,5afd4a9e2ac9a0a31e6ad6a1cf4890273f3d256b72d0f3f9ea976457d6dbd0d9,PNG,ui-layout,7,41,RGBA,PNG,True,
assets/layouts/results/world_reward_fragment_container.png,1794,06e3c3cc26585e39399ed864caba0fcd4880ba4b2be20d1c57ab02653ba5d3b2,PNG,ui-layout,213,58,RGBA,PNG,True,
assets/layouts/songselect/archive_song_cell_lock.png,1384,135a2d162951fc5b59b967dcc94db397756a63640fed4d93921599d490f6f795,PNG,ui-layout,25,37,RGBA,PNG,True,
assets/layouts/songselect/audio_bluetooth.png,1020,dadbf61f542f6ccf60edde2602e51c8acda175c2e75b95f0460b7359d41ec407,PNG,ui-layout,52,50,RGBA,PNG,True,
assets/layouts/songselect/audio_headphones.png,757,ff89e90987b7e4c299db754fcee756840da7bd4f9b80dd1befd95eaf97fc9739,PNG,ui-layout,38,36,RGBA,PNG,True,
assets/layouts/songselect/audio_speaker.png,728,c4caae043e58ff9fd72f90ca40a2c43446c703def1782b8fcb713c1d3f7e0bea,PNG,ui-layout,39,40,RGBA,PNG,True,
assets/layouts/songselect/discount_cell.png,18441,feceb1d9c26ce0f150bc86350fc1893e94d9ecc2104eb0a513943801ad47130d,PNG,ui-layout,517,134,RGBA,PNG,True,
assets/layouts/songselect/ether_diamond.png,4875,fa65010c0a86cf89a35ee250a54863aef9c0dbb549634919064d912d58febb3b,PNG,ui-layout,119,120,RGBA,PNG,True,
assets/layouts/songselect/ether_diamond_pressed.png,10510,5a7f1cc9b6697503ffe8d51582738d4e546c456bdeb60a270fe8878ec70dc124,PNG,ui-layout,120,120,RGBA,PNG,True,
assets/layouts/songselect/ether_drop.png,32556,49c7ca68b6c5a8dd7dec3505371d0a380b1df4fe2195641e0139b9c5caee71b6,PNG,ui-layout,128,128,RGBA,PNG,True,
assets/layouts/songselect/folder_singles.png,178350,04e5997a82e29beb817ba74d0f7c83d7882777948be49d85e3826e8b8e137da9,PNG,ui-layout,310,368,RGBA,PNG,True,
assets/layouts/songselect/folder_singles_top.png,36442,b8f66f83447562f288ebc3396fd9cfe21c238bbfb7d3a575566a6d4c7a728d28,PNG,ui-layout,262,134,RGBA,PNG,True,
assets/layouts/songselect/hscenter.png,222193,69ec68e65240d2d84a99fd5c5b0f7cbcdf860811cc18d962f9c9d7a101644324,PNG,ui-layout,562,562,RGBA,PNG,True,
assets/layouts/songselect/jacket_glow.png,4471,0c35882fe0aad4eab0aa80a89fe5263286c554cb4765c321b015d75068e981f5,PNG,ui-layout,523,523,RGBA,PNG,True,
assets/layouts/songselect/locked_jacket.png,1541,894dd2fa917b953a93b1e9ef49297f283ddccfe7eac1e6bab9caad7b8de2aea9,PNG,ui-layout,469,469,RGBA,PNG,True,
assets/layouts/songselect/locked_jacket_shine.png,1478,57225d2f1b8c0e2efce81ad72a3602bc2f336ceddf5c33f7738f29e563c80d3a,PNG,ui-layout,469,469,RGBA,PNG,True,
assets/layouts/songselect/new.png,8086,78d79ac811ca5ce3c63ab488eb9f77956ab362f26f644c64032094842dfed1aa,PNG,ui-layout,75,79,RGBA,PNG,True,
assets/layouts/songselect/pack.png,58070,6c096e2cde4190242638c32e145a7b789284ff6819e637263bbabf8b40eb4e50,PNG,ui-layout,309,559,RGBA,PNG,True,
assets/layouts/songselect/pack_cell.png,57546,7ffb5ab3267fa15c7bb218858f6a9b830d7b7f2f9ba8878e89124c506c0fb657,PNG,ui-layout,307,557,RGBA,PNG,True,
assets/layouts/songselect/pack_cell_selected.png,62982,f85f89ddde50883c8b8ecdda0ebca88a1ac1aa00f23f87bb4978a76aa9f80d19,PNG,ui-layout,307,557,RGBA,PNG,True,
assets/layouts/songselect/pack_cutout_pressed.png,92300,f2ca8486b0c0c9b1edf77c235279bfb9571e0b483799577f31aa20f7eb6752d8,PNG,ui-layout,325,550,RGBA,PNG,True,
assets/layouts/songselect/pack_epilogue.png,52101,818bd825549c460246b0f986e914c6fba0f71d832c0afc573303a117fe256036,PNG,ui-layout,309,559,RGBA,PNG,True,
assets/layouts/songselect/pack_selected.png,64575,a690019191f653a9acbc3afe8e8016e9b1e533e010d7827c8000e2ec36ff4bf2,PNG,ui-layout,309,559,RGBA,PNG,True,
assets/layouts/songselect/pack_selected_epilogue.png,57190,e5d383f4baf8eec8c150c5dac4b3a536447585b9f144a97092f2338d3e755a22,PNG,ui-layout,309,559,RGBA,PNG,True,
assets/layouts/songselect/pack_selector_restriction.png,36807,5fd491fe51f619c0d5d7d51438db226c400182644f1e72c803001436b6c72056,PNG,ui-layout,301,116,RGBA,PNG,True,
assets/layouts/songselect/pack_top.png,4037,b20e53a57ba4ee354bad4354653483ab45a5b368eff5d139b820025492295de9,PNG,ui-layout,252,158,RGBA,PNG,True,
assets/layouts/songselect/pluspartner_bg.png,199,d0921dfacbd1d4e44210636d19a60e46e32ae0b252e39932d0bc1fb7a550d377,PNG,ui-layout,253,1,RGBA,PNG,True,
assets/layouts/songselect/sale.png,20579,54690832794a00c711a764f56de42eced2fce575aeef37cda3ae2f3c012de8d8,PNG,ui-layout,217,86,RGBA,PNG,True,
assets/layouts/songselect/sale_bg.png,7754,56878b9a56674ef96df1806c40d0fe7b642816a722f239cc73c660f5b9feb5d9,PNG,ui-layout,293,126,RGBA,PNG,True,
assets/layouts/songselect/scorelist_cell.png,33948,b0a094d9aedb45b5cde1fd02972dcc1c4ac1268caf4ffbdde6232ad065a11946,PNG,ui-layout,433,110,RGBA,PNG,True,
assets/layouts/songselect/scorelist_shadow.png,2439,289308e51ba0c774621e579866e079a919042be559e6698a60bcc69def84c5b1,PNG,ui-layout,278,32,RGBA,PNG,True,
assets/layouts/songselect/settings_grad.png,139,37c59afcc8aeae122aac001d13670a171652b6748e2744658e758a8cfce60d69,PNG,ui-layout,1,113,RGBA,PNG,True,
assets/layouts/songselect/settings_stepper.png,803,6a2ea727fed89dfe7030901cb9a5200658ad4e4c9e9c67ae26fd686da0b0d6ef,PNG,ui-layout,62,62,RGBA,PNG,True,
assets/layouts/songselect/settings_stepper_disabled.png,841,fd056f2f74f3e83ee808d1567b73f3d94c18aa849feed275abccbff48b71b10a,PNG,ui-layout,62,62,RGBA,PNG,True,
assets/layouts/songselect/settings_stepper_pressed.png,2486,c4cb0f76079a8f7fd937dd5af79173ef69b4c9325fe81eb1396ec5a5572063b7,PNG,ui-layout,62,62,RGBA,PNG,True,
assets/layouts/songselect/single_back.png,499782,1f4058626a239c899262249c43128d029d1f075fb95e202427c83a62299303c0,PNG,ui-layout,786,409,RGBA,PNG,True,
assets/layouts/songselect/single_bg.png,350,81c89fba6befe1ec01911e6e4de203992373d34b63c15f41752c8adaaef85451,PNG,ui-layout,1286,1,RGBA,PNG,True,
assets/layouts/songselect/single_bg_2.png,39740,d5009bfc409749309f72751dae24d040c21d4f278895a9f3b0f5cfb4f91dddf7,PNG,ui-layout,1281,960,RGBA,PNG,True,
assets/layouts/songselect/single_bg_3.png,1110,870dedc0c57cf87da910b288a1f73f47bcc717dae19fdfc00cf32f49a779f560,PNG,ui-layout,972,3,RGBA,PNG,True,
assets/layouts/songselect/single_bottom.png,14403,548e7ea4896a134c195354afc4aa5cd8abd10c202badc9738541b4f5e0182ad0,PNG,ui-layout,1005,45,RGBA,PNG,True,
assets/layouts/songselect/single_requirement_warning.png,21661,06a4e8ab8ae02bdac6609c2bb5d6d13fb5124be8b4be8678eefdc221d01d01a5,PNG,ui-layout,237,85,RGBA,PNG,True,
assets/layouts/songselect/single_requirement_warning_back.png,31127,86e5fdd97f8d9006e28078d8bd962b1af3c2214af2f601bf8ec8323e337a9864,PNG,ui-layout,303,434,RGBA,PNG,True,
assets/layouts/songselect/single_requirement_warning_underline.png,304,1d0bbaa101e3306ca40db3aa229c3102e734dc2b4e29afb50a914379a623f64d,PNG,ui-layout,272,6,RGBA,PNG,True,
assets/layouts/songselect/song-cell-pressed.png,4151,e820610e8cc722b04e2934ae0b5e69d1e6c7b393588d4848b2f15f8d057a7eaf,PNG,ui-layout,222,99,RGBA,PNG,True,
assets/layouts/songselect/song_cell_alterego.png,7099,b746d2434a1140570d91791f7a18e90f17bbc9a01576bb91d6cc73535857ef6a,PNG,ui-layout,92,95,RGBA,PNG,True,
assets/layouts/songselect/song_cell_corner_light.png,6082,1a1e7fa35e34d5a49e26192975a9ee8101c512c0eceef129c9b497f6befcf4aa,PNG,ui-layout,94,31,RGBA,PNG,True,
assets/layouts/songselect/song_cell_lock.png,1022,df8c3826956e45fda77bc9ffc3a497f729850ee71a8a4782e51ea66bb966840f,PNG,ui-layout,57,84,RGBA,PNG,True,
assets/layouts/songselect/song_cell_lock_beyond.png,6629,3c01051fc18c7d93898625896750d949b17b4783de2c33fadc4743a13697f8a2,PNG,ui-layout,107,127,RGBA,PNG,True,
assets/layouts/songselect/song_cell_lock_with_shadow.png,4012,399fa884fb472ea1566f4479de9b962057ba2a95474f820abd1d5705600bf76c,PNG,ui-layout,81,96,RGBA,PNG,True,
assets/layouts/songselect/song_cell_locked.png,1107,cea3e7c24ac77f69bf0c09235b39dfee49b6d451bbf908d2364dfe995fa0805a,PNG,ui-layout,539,102,RGBA,PNG,True,
assets/layouts/songselect/song_cell_name_underlay.png,2904,5a98442dd4bcdef9aedfbc1b8fdbfb83ad9d1fd2a233fb1edeae335c3f1922c5,PNG,ui-layout,531,31,RGBA,PNG,True,
assets/layouts/songselect/song_cell_preferred.png,7691,2df8d0c39aeaed54f2331d531697b0cf852eaf0cf3d0cccfae206e92dfe022dc,PNG,ui-layout,92,95,RGBA,PNG,True,
assets/layouts/songselect/song_cell_preferred2.png,11692,5a7ded2f38dc91236f9ce943e0ac033ea5e003645c68d7f8b923ee52d9a00e24,PNG,ui-layout,92,95,RGBA,PNG,True,
assets/layouts/songselect/song_cell_preferred_pressed.png,9077,779f55c9bb74d2e682fea05e676de045c839987c60dccd6961b06438a1d235e1,PNG,ui-layout,92,95,RGBA,PNG,True,
assets/layouts/songselect/song_cell_right.png,57077,7ea900c6136718677bbe50983e1ccb9fee89114b25e39758ab11b3b1d8b2c39d,PNG,ui-layout,381,122,RGBA,PNG,True,
assets/layouts/songselect/song_cell_stamina.png,7618,d1c70507b18626839d9f6886ffeeb10435de647470f3c67ba96f93b79eb704c3,PNG,ui-layout,150,62,RGBA,PNG,True,
assets/layouts/songselect/song_unlock_glow.png,14951,18daa0715e36fce5277a72a99e1248bce57c77b948bf9d2171ea8551ed06faf9,PNG,ui-layout,512,128,RGBA,PNG,True,
assets/layouts/songselect/song_unlock_ring.png,10770,6291920a0b02250a22812468f70832f3eaa8cb525f76dd735c42a1e00a6a8e9c,PNG,ui-layout,512,512,RGBA,PNG,True,
assets/layouts/songselect/songfilter-background-darken.png,151,72ab6b877b8f9a4f5831969b7b77f5df868337afe4ef3a924efdc62a7d819d14,PNG,ui-layout,834,1,RGBA,PNG,True,
assets/layouts/songselect/songfilter-divider-line-vert.png,167,1f1408a1a2133219e6dd627d318fbd5697dfc0339df97b30a0906c8f9288a64b,PNG,ui-layout,1,215,RGBA,PNG,True,
assets/layouts/songselect/songfilter-divider-line.png,138,6d10851cc50798471970f1bcb439a902ba0df6c381b5427e654edd44fb32d47e,PNG,ui-layout,552,1,RGBA,PNG,True,
assets/layouts/songselect/songfilter-sort-by-ascend-pressed.png,8857,4c4811a8129ef8398421d1da6147298b07a6f9f29901f9b3f3e165d013a16ed9,PNG,ui-layout,150,94,RGBA,PNG,True,
assets/layouts/songselect/songfilter-sort-by-ascend.png,8204,f09f5376ea3036cde081daf20d1be479576176981c0f7a9df4d12b80b6e6baec,PNG,ui-layout,150,94,RGBA,PNG,True,
assets/layouts/songselect/songfilter-sort-by-descend-pressed.png,8926,c37505c94380d7f713da12351697a7c81b25f9689741fb1baa4b2eb142d0c2d6,PNG,ui-layout,150,94,RGBA,PNG,True,
assets/layouts/songselect/songfilter-sort-by-descend.png,8165,3f6583e9e1d8b8a43b47aeff4a34959877f1bc9b04056a4405b50a3bea3ce8dd,PNG,ui-layout,150,94,RGBA,PNG,True,
assets/layouts/songselect/songfilter-sort-icon-active-pressed.png,11721,b24de33e45ffd7bc85a9a3318daaa12429f43b0f6ecdb978197f780f0768e9cb,PNG,ui-layout,190,113,RGBA,PNG,True,
assets/layouts/songselect/songfilter-sort-icon-active.png,13493,35708213f54193c07910847ef9dc8b6a10c53471ac57de9e20cf1579453ce643,PNG,ui-layout,190,113,RGBA,PNG,True,
assets/layouts/songselect/songfilter-sort-icon-activeLeft-pressed.png,16853,3e20462661b5ee2d157551b1c0665ee4ba05995bc3034930a63fdfa7adcdae76,PNG,ui-layout,190,108,RGBA,PNG,True,
assets/layouts/songselect/songfilter-sort-icon-activeLeft.png,16152,1a3ce5e859d39109d16240a79da9eb5ae73d274e7b73a9d9e942611a650a85f1,PNG,ui-layout,190,108,RGBA,PNG,True,
assets/layouts/songselect/songfilter-sort-icon-activeRight-pressed.png,16823,3a2e8c75faf7161f770168a545b366457888ddc44623a1460d12087d279358ef,PNG,ui-layout,190,108,RGBA,PNG,True,
assets/layouts/songselect/songfilter-sort-icon-activeRight.png,16119,5b3fea0043ef48a60333e9ea0a22ec6d8d151af6ff7adf93bab7dcd0bb7f0870,PNG,ui-layout,190,108,RGBA,PNG,True,
assets/layouts/songselect/songfilter-sort-icon-inactive-pressed.png,10779,f8dd5485db9a60feaa1d409d3a8d290b99de1507f6a12ad8f86a910efc0dff1b,PNG,ui-layout,190,113,RGBA,PNG,True,
assets/layouts/songselect/songfilter-sort-icon-inactive.png,10323,b9c01b88e1e6de6731f39906f7859e2e29e8aa7b8d4e9f3b3faceb5865476d0a,PNG,ui-layout,190,113,RGBA,PNG,True,
assets/layouts/songselect/songfilter-sort-icon-inactiveTwo-pressed.png,15203,fc0020e6910d42e27c1432866ff96f79bb3929c49ea7288707dc2c2e0a8fa14b,PNG,ui-layout,190,108,RGBA,PNG,True,
assets/layouts/songselect/songfilter-sort-icon-inactiveTwo.png,15055,b68bbe3ade99c27d84a8cac39fa5d4027490c57d1719e9b333093a007f91724e,PNG,ui-layout,190,108,RGBA,PNG,True,
assets/layouts/songselect/songfilter-sort-reset-pressed.png,7514,8f3644c41b39ccba274165a7d18cdd4111de9533abf6afec8834cb8cbb37a089,PNG,ui-layout,165,49,RGBA,PNG,True,
assets/layouts/songselect/songfilter-sort-reset.png,6542,48c01312bee639cdef4edcc832bc20dd501df4da8a59c4beeef4dc3be1165769,PNG,ui-layout,165,49,RGBA,PNG,True,
assets/layouts/songselect/songfilter-tray-backing.png,568979,ec54852185eb9b277ea2f973080283e7ebf4147845578039b9bd881db43f8c10,PNG,ui-layout,623,960,RGBA,PNG,True,
assets/layouts/songselect/start.png,10371,1143ad103cd59f4dc42bf6b513713065cd0babf0fb7e78714d85e038560e4b49,PNG,ui-layout,157,56,RGBA,PNG,True,
assets/layouts/songselect/suki_off.png,1448,ce631c17d344a996f625c0cf09e07872514771c99d36bd99c4f378a0f4cb1082,PNG,ui-layout,47,44,RGBA,PNG,True,
assets/layouts/songselect/sync.png,15376,84aaf634f2e0039960792447766bc54d78e8f19450d90f9288456c23fbd94f1f,PNG,ui-layout,210,210,RGBA,PNG,True,
assets/layouts/songselect/sync_box.png,804,0809920e915f92fefd87df1518992162c2875cb149e12009556847bdd0e2be5e,PNG,ui-layout,420,47,RGBA,PNG,True,
assets/layouts/songselect/sync_pressed.png,19972,bc52ecb2a985db8f5169b58b86e3b7e1200eeae75c949714b0420c25176f8d35,PNG,ui-layout,211,211,RGBA,PNG,True,
assets/layouts/songselect/tempestissimo/back.png,204467,29542cde802ae3c611e8a4a9469c6cd943f0823eaef86727039bbf1e7a0b3fc7,PNG,ui-layout,1292,1246,RGBA,PNG,True,
assets/layouts/songselect/tempestissimo/challenge_cleared.png,2135,697810d128e64d3d42f0d2f051beac6e1b75209b79ee8b27853956b7d390c377,PNG,ui-layout,280,280,RGBA,PNG,True,
assets/layouts/songselect/tempestissimo/challenge_locked.png,27320,0e520dad49792d09bce229ad7c2777541c6b2d104e189c1f637b7aa6a8ce5b24,PNG,ui-layout,296,296,RGBA,PNG,True,
assets/layouts/songselect/tempestissimo/checkmark.png,1578,fb516ef40b9c565ced204b91af8ccf4c89261ec5880f0b3015e0b4acddaa573e,PNG,ui-layout,87,57,RGBA,PNG,True,
assets/layouts/songselect/tempestissimo/input_banner.png,84083,59752041da8306a2f11430ccd75eeed17e720a31fad9b9498c70e38f992509f8,PNG,ui-layout,1560,89,RGBA,PNG,True,
assets/layouts/songselect/tempestissimo/input_shadow.png,275,a59f996b707eb393d128ae5dff076887414d7fa0c273f1fad00909f91204ee7e,PNG,ui-layout,1,538,RGBA,PNG,True,
assets/layouts/songselect/tempestissimo/line.png,2367,fd5d4774ca97d82a834aeeafb5e6dd36b831d02ba91f1675dbd90427da8a406b,PNG,ui-layout,1126,26,RGBA,PNG,True,
assets/layouts/songselect/tempestissimo/lock_bottom.png,669,4a57480c5c13b64b680f8fb84d1b834c6995ab7b7ddf855e8131442c7a466593,PNG,ui-layout,62,56,RGBA,PNG,True,
assets/layouts/songselect/tempestissimo/lock_top.png,446,b1d4f89328e7bcbb76e6f2ad1a957c64894a6d486a9ad129b3e9f13eaf03aff6,PNG,ui-layout,38,31,RGBA,PNG,True,
assets/layouts/songselect/tempestissimo/ring.png,153056,32532c580c0e9b896f12f30256c5611cd9a1758c2df3e24812fa5dce1dea1c77,PNG,ui-layout,1560,960,RGBA,PNG,True,
assets/layouts/songselect/tempestissimo/tempest_jacket.png,149850,d5d2c33bbf70b28fa5861787156b4986ee6a03de046df656305a6cf66dfb08ed,PNG,ui-layout,436,518,RGBA,PNG,True,
assets/layouts/songselect/tempestissimo/tempest_jacket_pressed.png,150111,ab39a6b003a8ccb721c3419fa3af7ccfcd902bd5c2ce5d9b860aafbe548d44ac,PNG,ui-layout,436,518,RGBA,PNG,True,
assets/layouts/songselect/tempestissimo/tempest_locked.png,115221,47e7c41d69b7717f411474498e6cecacd5bed8057e25549fb3f49d5d73102d98,PNG,ui-layout,452,453,RGBA,PNG,True,
assets/layouts/songselect/tempestissimo/ui_locked.png,116908,b3c42638b68abd40e0a3a8d928529748d208a31be2bafe4f277cdea07145ed6e,PNG,ui-layout,1920,939,RGBA,PNG,True,
assets/layouts/songselect/textback_back.png,8946,dfedcd0514d470ea70e9b7808f8ecea123b8c73c7960b7dd2668994ec5d93d58,PNG,ui-layout,275,150,RGBA,PNG,True,
assets/layouts/songselect/unlock_bar_bottom.png,261,cad71419106ac5633d344627beee49a63d1ff3e91a5a456c8d1db86eb9a3a6a1,PNG,ui-layout,1634,2,RGBA,PNG,True,
assets/layouts/songselect/unlock_bar_top.png,748,4963e0bce9c9e619e39f9109d829da25870c6366723e6bb154df5c4c7c7d3fbd,PNG,ui-layout,1658,2,RGBA,PNG,True,
assets/layouts/songselect/unlock_button.png,6272,090ce79404a64e2f531b5d626cf45544688c01ba3c3cb47b08ad5e54a6d3bb68,PNG,ui-layout,438,94,RGBA,PNG,True,
assets/layouts/songselect/unlock_button_pressed.png,8504,fc2ac2ba09fa6d0fd9e53868acc15481dbee6d7bcabb87bdc71a04936061e618,PNG,ui-layout,438,94,RGBA,PNG,True,
assets/layouts/songselect/unlock_check.png,182,b530764767e00f4d98d47e1e6e3ad9dd1b01c42f7b34e5ec165f6091884fedaf,PNG,ui-layout,26,20,RGBA,PNG,True,
assets/layouts/songselect/unlock_checkbox.png,167,f2f683322700481d25e247b6baaa5f7683fa53b3848f5ff50238170b979236c6,PNG,ui-layout,20,20,RGBA,PNG,True,
assets/layouts/songselect/unlock_or_arrow.png,237,c323f95f90ba0c7d24539c32cf4a8dc8907a4e80ca795e9e2b829dc5d27e129a,PNG,ui-layout,31,21,RGBA,PNG,True,
assets/layouts/songselect/unlock_shadow.png,18057,b55c43e038eb53c47f3f4d72e98cda65f67c0d47c8a9386754ba5c03ad354934,PNG,ui-layout,846,161,RGBA,PNG,True,
assets/layouts/story/anomaly_line.png,11280,1b96407cf7c67334162619594545bede9aea37892f14ff8b6aa6e2f0e73f6a60,PNG,ui-layout,98,118,RGBA,PNG,True,
assets/layouts/story/anomaly_line2.png,24854,b6b5840446625edb503af0879042b0a020fb2fc157fb490708e7e864c5411d53,PNG,ui-layout,249,249,RGBA,PNG,True,
assets/layouts/story/extra_drop_shadow.png,16596,989b7aadb3e80c56fe80272917a3e9d72f1447664619fffa28422e0f5ef6d486,PNG,ui-layout,193,193,RGBA,PNG,True,
assets/layouts/story/finale/Finale-1-Pressed.png,68738,cba5c00df805987bb05a5fb89b5dbfd6b622aeb112ee09f13f1eeb8ff3e418a8,PNG,ui-layout,177,315,RGBA,PNG,True,
assets/layouts/story/finale/Finale-1.png,70328,2738a79ebddfb077f4efefc3e4df2fbe33576296ea3efb88132d3107fb986ee5,PNG,ui-layout,177,315,RGBA,PNG,True,
assets/layouts/story/finale/Finale-2-Pressed.png,62295,476d6241034a399382518138a617b57d974aa2d6f842c62310bc4405b84c6e43,PNG,ui-layout,177,257,RGBA,PNG,True,
assets/layouts/story/finale/Finale-2.png,63903,fb6dbb4171341ce7b80422d80b57f85823b726f0586355994c0e8351f2404270,PNG,ui-layout,177,257,RGBA,PNG,True,
assets/layouts/story/finale/Finale-3-Pressed.png,61287,a8edba5f95836bb1caa41ffc96dba70d766947f2ab864cae43fc0d55fde0cd5b,PNG,ui-layout,177,257,RGBA,PNG,True,
assets/layouts/story/finale/Finale-3.png,62843,c4e083b5c7da1aa29f2536acbbd9e06e5127e49db4497222e6956f0872345fe8,PNG,ui-layout,177,257,RGBA,PNG,True,
assets/layouts/story/finale/Finale-4-Pressed.png,61679,e0631006fab4b6b6505ad1136af79a09bf6834f391b28c04789970fef1568956,PNG,ui-layout,177,257,RGBA,PNG,True,
assets/layouts/story/finale/Finale-4.png,63675,7d566fc0815350dc7a8fa92fa3e77977fe38693a5378515da530457e83bc17a9,PNG,ui-layout,177,257,RGBA,PNG,True,
assets/layouts/story/finale/Finale-5-Pressed.png,55268,8fb1a025f8b33d6deb7494d3a809f3d81faa826e1fc0213a72b8b0551fee15fd,PNG,ui-layout,177,257,RGBA,PNG,True,
assets/layouts/story/finale/Finale-5.png,56587,4505a9332ae2aed61ce4bb74e6a587b9fc31758e59f25efbaf32a00f039e7019,PNG,ui-layout,177,257,RGBA,PNG,True,
assets/layouts/story/finale/Finale-6-Divider.png,13801,5a2b9f7d23de2f8993e354399a88dbae51b69ba032af8cdf568f0b0392940034,PNG,ui-layout,45,111,RGBA,PNG,True,
assets/layouts/story/finale/Finale-6-Pressed.png,62766,d382f44ad479905f9ecb612d7834ad77f5b7b3dbebcc36816bff4976668156e3,PNG,ui-layout,271,181,RGBA,PNG,True,
assets/layouts/story/finale/Finale-6.png,63342,93155c4804addf557359eb048f7c4024186ab13bda62a4c35c42323689053126,PNG,ui-layout,271,181,RGBA,PNG,True,
assets/layouts/story/finale/Finale-7-Pressed.png,77795,b9fa027db79015f1a0898ad7f1608d43e6f4a9fa6828433366dfc10ce3a1ba46,PNG,ui-layout,277,223,RGBA,PNG,True,
assets/layouts/story/finale/Finale-7.png,78263,286061b5a568f52d50cb35c6286d09e48ebaf5b10f3845250e3bac0b38f5f804,PNG,ui-layout,277,223,RGBA,PNG,True,
assets/layouts/story/finale/Finale-Divider-2.png,18407,edd339f3947264d361be0e0538a383b6da96188760239ebd3565c0e57953547a,PNG,ui-layout,43,196,RGBA,PNG,True,
assets/layouts/story/finale/Finale-Divider.png,1124,d10e26cadfafb598eac2a48ef10762a11807ecfee80748f0627ac96b5576cd19,PNG,ui-layout,15,36,RGBA,PNG,True,
assets/layouts/story/finale/Finale-Locked.png,6243,3eeb286eece20317391aa01ffcaee00aed63e8212477f135a80efd5f76747c47,PNG,ui-layout,177,257,RGBA,PNG,True,
assets/layouts/story/finale/epilogue/Epilogue-A-Pressed.png,260818,ed99ef7dcafdff81369e0e9b1751ea26ec2e52845383589e5f6a2dbbf8373066,PNG,ui-layout,512,364,RGBA,PNG,True,
assets/layouts/story/finale/epilogue/Epilogue-A.png,286749,6d636547d5eeecad5306ac8fc375e329ebe873f52978aeebcf7c554c1e834027,PNG,ui-layout,512,364,RGBA,PNG,True,
assets/layouts/story/finale/epilogue/Epilogue-B-Pressed.png,224025,44d0778d05a45e43f4e4a331abd293f1c7eec137c53da94b13c07a620149da45,PNG,ui-layout,428,360,RGBA,PNG,True,
assets/layouts/story/finale/epilogue/Epilogue-B.png,243988,b881ccb38d06a860f4a112adb4b8ac2ec76323f9ce9d29595d9a533665f1ab1c,PNG,ui-layout,428,360,RGBA,PNG,True,
assets/layouts/story/finale/epilogue/Epilogue-Line.png,18639,0984306157d929a81df63d609983b852b2a66ffd8e086f5492ecebe612d56980,PNG,ui-layout,222,830,RGBA,PNG,True,
assets/layouts/story/jacket-back-glow.png,8931,9f43114eca14401a6dc94bad1deae6291baae3c28c796099fd4861811c605346,PNG,ui-layout,318,318,RGBA,PNG,True,
assets/layouts/story/line_end.png,3046,9a0d5088e8119123adac8f394ce6b0a000f069c3a30502ecf82515118e202a4f,PNG,ui-layout,31,744,RGBA,PNG,True,
assets/layouts/story/lock.png,6585,f00513ea9bb68d6879fda5e6762af6fde08eb45c2c63b4ac9cbdc50e3c2da652,PNG,ui-layout,616,116,RGBA,PNG,True,
assets/layouts/story/song_bg.png,2485,e7c2c56781aa89b99bc73690812564ca3cacb9ae2cc90be4be1f1ddfb9ba1332,PNG,ui-layout,277,277,RGBA,PNG,True,
assets/layouts/story/story_unknown_line.png,509,7bd89f58fdbd227f0a22753f7190c900acb049136c0a59fffcaa88deed57b3ff,PNG,ui-layout,51,336,RGBA,PNG,True,
assets/layouts/story/text_vs_.png,6694,505fc2a9c3480d7a8633b4c07babe1e6bdb8a190a973f94321075787900aa479,PNG,ui-layout,111,43,RGBA,PNG,True,
assets/layouts/story/text_vs_1.png,3923,ffacdfed4f059101cbbd1b3a4e41cdee95ea5ed18bb205d8d151a90101a04386,PNG,ui-layout,83,43,RGBA,PNG,True,
assets/layouts/story/text_vs_2.png,4148,b370240518f5d2ef6d326f4c89325748030a2852a684a75c80c13d69d2dcc251,PNG,ui-layout,83,43,RGBA,PNG,True,
assets/layouts/story/text_vs_3.png,4604,ee92010850a0bd2436a651d9d768201281e51d3734a35f6640d217a877770f55,PNG,ui-layout,83,43,RGBA,PNG,True,
assets/layouts/story/text_vs_4.png,4021,325a1ecb827e90fba5da418e62cfd38ab2ff29f176fa7d6f23948255eb007cfb,PNG,ui-layout,83,43,RGBA,PNG,True,
assets/layouts/story/text_vs_5.png,4416,a9d25d8eeb34c009892ea28409ab233d89b2f2de9f005bc64847c27d3b6f5600,PNG,ui-layout,83,43,RGBA,PNG,True,
assets/layouts/story/text_vs_6.png,4434,6ac24c36ff4cd2257274eaa8f3213d1d633a455a2e537f82e34d2288ee282698,PNG,ui-layout,83,43,RGBA,PNG,True,
assets/layouts/story/text_vs_7.png,3977,f530b7d139b408b2a796882ca6d0fbb89f0e210828bb94bbb189fed8f8a0bb8b,PNG,ui-layout,83,43,RGBA,PNG,True,
assets/layouts/story/vs_cell_1.png,46876,8950c0de234b9c1151e827f8f7b2c689131e73b11da1159af382f122b25820c3,PNG,ui-layout,456,131,RGBA,PNG,True,
assets/layouts/story/vs_cell_1_pressed.png,49612,3f31ecced85a18f91ccdf9ecb4fdf9be755f823db6483920217c843e678d7e29,PNG,ui-layout,456,131,RGBA,PNG,True,
assets/layouts/story/vs_cell_2.png,55146,dd284e414d1ad94c7e8dd6887c5bbbd392ccfed9eb01555d05f0155816ef78e3,PNG,ui-layout,456,131,RGBA,PNG,True,
assets/layouts/story/vs_cell_2_pressed.png,59036,bd95571290392a2069d317e71557531f182895b794aa9120ae70f6e90c47ee7b,PNG,ui-layout,456,131,RGBA,PNG,True,
assets/layouts/story/vs_cell_3.png,55198,53d39e8535d621f50ac857de27e118cb45ae92c9aa032f2938b76d8c2c1cc0c1,PNG,ui-layout,456,131,RGBA,PNG,True,
assets/layouts/story/vs_cell_3_pressed.png,59595,dce3efa777c4ddc8418516a202b4c380d5a0bd0527db0512a28f5dc2d2a79787,PNG,ui-layout,456,131,RGBA,PNG,True,
assets/layouts/story/vs_cell_4.png,57658,77ea248c3aede974ec54b07dcdbdaeab5309f7ce54d9554018d231a135192c93,PNG,ui-layout,456,131,RGBA,PNG,True,
assets/layouts/story/vs_cell_4_pressed.png,59035,f28b8abdd269a912e24a0312c760bf30b5eca08f894a32a59a150de337e17484,PNG,ui-layout,456,131,RGBA,PNG,True,
assets/layouts/story/vs_cell_5.png,54078,d0b0da2605aa54bd634a89ac65fecea8b614b6cc2734fda2b599c991343f88dc,PNG,ui-layout,456,131,RGBA,PNG,True,
assets/layouts/story/vs_cell_5_pressed.png,54778,483ab6c765fd9677e9e3977455d34adce03be9ce51b09550cc74457d13a6e30a,PNG,ui-layout,456,131,RGBA,PNG,True,
assets/layouts/story/vs_cell_6.png,52063,7120ea94764f654168b6f0bf7631347411f9607017d1084e0b10fd7bf38b8f2b,PNG,ui-layout,456,131,RGBA,PNG,True,
assets/layouts/story/vs_cell_6_pressed.png,55193,849efb6f2ef111df1bfafe915e23d789de6f80f4507f69a4a6c3fdc2911fc137,PNG,ui-layout,456,131,RGBA,PNG,True,
assets/layouts/story/vs_cell_7.png,37885,a2aa502d29584a08d9882e41642bd24a93888a7825b230d5f6abc58857962797,PNG,ui-layout,456,131,RGBA,PNG,True,
assets/layouts/story/vs_cell_7_pressed.png,44843,0ba32667ad766d44245102f236044fe1c6526159c02d20c2fa82f697f7a8a728,PNG,ui-layout,456,131,RGBA,PNG,True,
assets/layouts/story/vs_cell_8.png,37908,270b30a4e3e692845662bceb0096d131e39821715c25ca627d62d14e587c268b,PNG,ui-layout,456,131,RGBA,PNG,True,
assets/layouts/story/vs_cell_8_pressed.png,44192,0c2ca376c55555352adda1295055a459de8983782721e79600442899cc374609,PNG,ui-layout,456,131,RGBA,PNG,True,
assets/layouts/topbar/cloud_sync.png,1091,b526219f661ab2408f4efb2504f910a70322c146431ad7cf2223edce0ba57f6d,PNG,ui-layout,64,64,RGBA,PNG,True,
assets/layouts/topbar/settings.png,673,c4952f99212ff5bd10807b2277a7101b790c47c7c0e62f16cf0bc04efcc1c647,PNG,ui-layout,31,31,RGBA,PNG,True,
assets/layouts/topbar/status_bg.png,3053,e15b19709cb39c53bb552122fd03b215d1d078cf68702f900094190a51e63ac1,PNG,ui-layout,232,28,RGBA,PNG,True,
assets/layouts/topbar/top-bar-stamina-pip.png,8280,ce81730dbbf638a2fae07dbe8ef96676436936c7fc5e1116c452915e41d29a63,PNG,ui-layout,115,59,RGBA,PNG,True,
assets/layouts/topbar/top-bar-stamina.png,17185,a5d5dab30ca794bb567b80684ae0b5bc422409c9643d75f3e1e5cfc5991cf83c,PNG,ui-layout,517,70,RGBA,PNG,True,
assets/layouts/topbar/top_bar_bg.png,54731,dcb7ff73ee9b0085eafeeb451cf64673047877b0948f3502e77775a47a610ea1,PNG,ui-layout,1561,69,RGBA,PNG,True,
assets/layouts/vn/chara_bg.png,3749,f99c64c3b7fe7c3a27919f73eb9afb0f14d7c92c9164c1bccd6ddfc1c97861f6,PNG,ui-layout,182,181,RGBA,PNG,True,
assets/layouts/vn/dialog.png,69362,e0c5977ccdd1b0e7707d751d4dffd9527d2bf38a1fa74d5f2decc0970cadf896,PNG,ui-layout,1560,228,RGBA,PNG,True,
assets/layouts/vn/triangle_black.png,1489,26bbcba2833055a5811ca905b0601ea2f3b0ef50944f765ab51bf54413ac7a65,PNG,ui-layout,42,39,RGBA,PNG,True,
assets/layouts/world/beyond-boost-bar-backing.png,19018,39cf01fafde41f26ba9a30ba6a230551fe3ea1c01f397e4eb6c2cd7e47b43a08,PNG,ui-layout,456,92,RGBA,PNG,True,
assets/layouts/world/beyond-boost-bar-fill.png,106,429c360606b480778ce77bdca452796a74be2142f7b003f331095a9ee77714b7,PNG,ui-layout,267,8,RGBA,PNG,True,
assets/layouts/world/beyond-boost-tray-byd-pressed.png,10329,62bb3998f0304aad5326c28d243a61ffe3c2d3ec7b92296e732e0e81868a2e2e,PNG,ui-layout,106,106,RGBA,PNG,True,
assets/layouts/world/beyond-boost-tray-byd.png,10773,79b6552a98e167f66e4a393fcf8de6b5868730da953fd3991fe92c0c1774f585,PNG,ui-layout,106,106,RGBA,PNG,True,
assets/layouts/world/beyond-boost-tray-frag-pressed.png,11393,4fdcf227cd30c4459276d3eaaae6c1e47aa5c9180693aefc9cf27c5232f1f752,PNG,ui-layout,106,106,RGBA,PNG,True,
assets/layouts/world/beyond-boost-tray-frag.png,11566,603c82651db6860d4a381195a06d183eccf66a10968464e53cc56dd6744fb4ec,PNG,ui-layout,106,106,RGBA,PNG,True,
assets/layouts/world/beyond-boost-tray-mem-pressed.png,9453,f3100077a6983be50652c96e872f35a18e233820df8e24b4ae3791eaa250a241,PNG,ui-layout,106,106,RGBA,PNG,True,
assets/layouts/world/beyond-boost-tray-mem.png,8967,57ec08a100956baf2c83a53e1e79a27a28f48ebdc52668f15df479db4ec7ea91,PNG,ui-layout,106,106,RGBA,PNG,True,
assets/layouts/world/beyond-boost-tray-open-backing-long.png,84585,2b9352f74af38bd7a4373553f2bce791cecb5f1c2f09ccde23233920a6358052,PNG,ui-layout,521,140,RGBA,PNG,True,
assets/layouts/world/beyond-boost-tray-open-backing.png,55601,7dd4a2e3d761f31a3d6c37da96af2a66c40289f622ecdd2cba5f6bab46c19fc1,PNG,ui-layout,399,140,RGBA,PNG,True,
assets/layouts/world/beyond-boost-tray-stamina-pressed.png,10109,f5984440004189460b7fa88a979f4763b5bba84d9e733436459679ec56cb6205,PNG,ui-layout,162,162,RGBA,PNG,True,
assets/layouts/world/beyond-boost-tray-stamina.png,9616,7836d65c6e79a9c03edd8a782b234ec958bb689509b1f5dec5e592b0d12e54bd,PNG,ui-layout,162,162,RGBA,PNG,True,
assets/layouts/world/beyond-boost-x2.png,8246,c081e3c4a2ccbc4a4e385bce0403f54b38c5922f3cc9028881a73e0589e8e772,PNG,ui-layout,117,68,RGBA,PNG,True,
assets/layouts/world/beyond-boost-x3.png,8172,dd9b45e59a315998e64d4932a214e03e3ec3a2357a03876b85559c4908f0a5b9,PNG,ui-layout,117,68,RGBA,PNG,True,
assets/layouts/world/beyond_boost_bar_backing.png,20443,a486b220580f63b6a8550cf46b7e318bef22087a84ee69f2bc083aa49a9a34e8,PNG,ui-layout,358,61,RGBA,PNG,True,
assets/layouts/world/beyond_boost_bar_fill.png,125,f87ec3757390e2d43cfa14840d10c594c33a50d912746ef75b7ddd88247c26f4,PNG,ui-layout,257,5,RGBA,PNG,True,
assets/layouts/world/beyond_boost_bar_node.png,703,78cf5a10dd4c639cecad6a97bd5ff9e708a61ba4002a68b763960ba1bc73060a,PNG,ui-layout,21,21,RGBA,PNG,True,
assets/layouts/world/boost_enabled.png,35404,b3f6334782fa4956a44971bd4663b617eb882b51995a8fdc8f42b30ed233ede6,PNG,ui-layout,297,183,RGBA,PNG,True,
assets/layouts/world/boost_pressed.png,33711,28bc2225801fc85f4cde01e393a5f6a8e4e1b2d6ea50186f0329c38ee7e1234e,PNG,ui-layout,297,183,RGBA,PNG,True,
assets/layouts/world/chapter/arrow.png,8840,1e9e5db1f8e580bf4f2f4544abd689ea87b3944762798d07ff3954ec30d62c39,PNG,ui-layout,182,230,RGBA,PNG,True,
assets/layouts/world/chapter/arrow_pressed.png,7089,344429df91f4a1eb0504eceb74830ccce9c6adef32928973af57ed8be8b3139b,PNG,ui-layout,182,230,RGBA,PNG,True,
assets/layouts/world/chapter/center_button.png,17324,82d7dc81018a131b7642ab77e57da51f473011c34aa1aa9e5ebefceddc8775df,PNG,ui-layout,583,583,RGBA,PNG,True,
assets/layouts/world/chapter/center_button_pressed.png,132706,18c6241893f060c0b559ce40f0a741a9b34971afcaa31259ebd897b27449bb29,PNG,ui-layout,583,583,RGBA,PNG,True,
assets/layouts/world/chapter/chapter_comp.png,1625,b257ef767ba92bf4b4092f8a7c2276c14716b830c3e3f9aef161b5535dbd97df,PNG,ui-layout,390,26,RGBA,PNG,True,
assets/layouts/world/chapter/white_back.png,263,7c5380b53d74d018292fda7d7a06eb0ac7006c309536f6f191fb96738d6c7fb6,PNG,ui-layout,716,1,RGBA,PNG,True,
assets/layouts/world/chapter/world_beyond_divider.png,31469,3035019553e7cf01becbc03b3d281dd6a17dbe27cd5abc4bb5dfca869ff7a6fd,PNG,ui-layout,446,221,RGBA,PNG,True,
assets/layouts/world/chapter/world_event_divider.png,2553,9f5420b4bf71377c46a38f290d620df856d470c95ba48d82af59a148ed401a66,PNG,ui-layout,438,213,RGBA,PNG,True,
assets/layouts/world/frag_boost.png,27686,d6329fd26cbfb2d01fdbc747801af052025359fb314f22dff644cd3b32ff6ce9,PNG,ui-layout,227,144,RGBA,PNG,True,
assets/layouts/world/frag_boost_pressed.png,27970,236696ab280b4b9feed4a5a98848e87c8baeba43d0c2a573078fb55fb1ea6206,PNG,ui-layout,227,144,RGBA,PNG,True,
assets/layouts/world/frag_diamond_top.png,4135,a30d10abf37adb1315abc724473125b4f6a2d17ad8cb4fa48c40418effdf1e3a,PNG,ui-layout,63,63,RGBA,PNG,True,
assets/layouts/world/jacket_glow.png,4502,62eda5921f56f09546c4f2d5c9275df074bf02f18785d5630b2b1b8a0465e864,PNG,ui-layout,328,328,RGBA,PNG,True,
assets/layouts/world/jacket_glow_pressed.png,5773,78793cb257ad90162f648004e5511ae6751f8b6355f394453b7374f08566d93b,PNG,ui-layout,328,328,RGBA,PNG,True,
assets/layouts/world/legacy_banner.png,74731,93b9c528eae7f6967ffdd384c8bf0200998bfb41b7491b30c2d49b01cb86a62b,PNG,ui-layout,604,167,RGBA,PNG,True,
assets/layouts/world/map/beyond_back.png,1538,89c0e41e6705ebaae4ba6dc965a95d4345cd7faadb2372aea97164b703da6bba,PNG,ui-layout,180,31,RGBA,PNG,True,
assets/layouts/world/map/beyond_chara_underlay.png,8679,6be452ad2fe71b5062300f29b3bdae8f1530b05343f761460309005b8cf39add,PNG,ui-layout,154,152,RGBA,PNG,True,
assets/layouts/world/map/diary/diary-backing.png,273344,6802b1345e29eb79c94bd172a0c3b2a983b0a6f0d257a9b8897a227a360c1ae9,PNG,ui-layout,1827,919,RGBA,PNG,True,
assets/layouts/world/map/diary/diary-entry-diamond.png,253,c121326dbe9a56c61f02d51ae91cf78b625d4a51632d10dab0f8fd3ca4636493,PNG,ui-layout,16,16,RGBA,PNG,True,
assets/layouts/world/map/diary/diary-shards-left-1.png,216646,51839d46613e2bc819d488a9cb2f8c9f8c89c4cc380edc40e1337cbaebe974f8,PNG,ui-layout,420,414,RGBA,PNG,True,
assets/layouts/world/map/diary/diary-shards-left-2.png,206900,69753c72d2f9a1d24bbee6315a22018256f741a828d7e88483edb45bacecb366,PNG,ui-layout,367,416,RGBA,PNG,True,
assets/layouts/world/map/diary/diary-shards-right-1.png,204133,1362c673de7bbe4f76cab49c89738d6e26c2c2f10cd07095bb2c2d2cc1f19229,PNG,ui-layout,462,370,RGBA,PNG,True,
assets/layouts/world/map/diary/diary-shards-right-2.png,104156,fd97a2564408a904de21291a99c550a9d88ffef62d2c7a6f86d8ed7650ee2ccd,PNG,ui-layout,307,241,RGBA,PNG,True,
assets/layouts/world/map/diary/diary_sign_final.png,5297,d76381ab63f615b4ae85d88c66a53162dd0716db4706e36981deddb4145c70b3,PNG,ui-layout,278,177,RGBA,PNG,True,
assets/layouts/world/map/event_corner.png,18997,ee8e939b5215fbf9c636906f87fd0c412dc23abfcdd0f22a3e9b6e000eb9a02c,PNG,ui-layout,157,159,RGBA,PNG,True,
assets/layouts/world/map/infinite.png,6594,c17d5103c5d25f563986db24134e071f1fe618a4b350b3d25ccf8777fe1e294c,PNG,ui-layout,128,79,RGBA,PNG,True,
assets/layouts/world/map/listbg.png,270,e26ddc4d8d0c85d874f234324c8c1fce26d85335bace8b424065078f188ce8ca,PNG,ui-layout,953,1,RGBA,PNG,True,
assets/layouts/world/map/map_node_beyond.png,45913,a828f7d2f8bba7b933d3c1261b73a89ae325383c12d7f3af1126fbd7271dc542,PNG,ui-layout,306,302,RGBA,PNG,True,
assets/layouts/world/map/map_unlock_bg.png,135646,e3bcf04c4cdc1fba162e30994882a6cb0063e99a59f8cdd5ae483f58132db5d0,PNG,ui-layout,933,552,RGBA,PNG,True,
assets/layouts/world/map/map_unlock_bg_beyond.png,108237,ec0c4635d30564f585120ced2fd9e5536ea96b9f7a55a3e413f2a00a8f4ffcc9,PNG,ui-layout,481,510,RGBA,PNG,True,
assets/layouts/world/map/memory_boost_triangle.png,23819,27e7691e129ee85e5fcff78372c3e63ea618430efc296259510e8c26b6f2621c,PNG,ui-layout,258,258,RGBA,PNG,True,
assets/layouts/world/map/nodelabel.png,151,79c9d50604ac4f96a7043241c607dbb49afcce8d61ea36527af87a8cbebe4981,PNG,ui-layout,275,1,RGBA,PNG,True,
assets/layouts/world/map/overlay_ok.png,11650,b7de83f6151f16bec03c62daeb85936754b7bc2e5f28dbefd331d4977ccd06fd,PNG,ui-layout,873,174,RGBA,PNG,True,
assets/layouts/world/map/overlay_ok_disabled.png,11792,83b1db0582da7cf53e8850c2ed40540690194a5d61f2d49c70c04342350a9ffe,PNG,ui-layout,873,174,RGBA,PNG,True,
assets/layouts/world/map/overlay_ok_pressed.png,17010,ea23bca086d0cd3475d0096163872c84f1fbaea0a4c6002c4a65a4af942ed749,PNG,ui-layout,873,174,RGBA,PNG,True,
assets/layouts/world/map/parallel/chara-lock.png,2872,7ce61cb30bd00bc3e8c67dde93974e876e25af6da572a0bcb77a23b8c0ed10f6,PNG,ui-layout,44,54,RGBA,PNG,True,
assets/layouts/world/map/parallel/map-1-lock.png,57337,47de1701a862f270dc5c60c2b67ce74dcbef38d011a5577c90ac30e42cdecf98,PNG,ui-layout,249,223,RGBA,PNG,True,
assets/layouts/world/map/parallel/map-1.png,79132,a1a05c0bc5214ca4bac93d80e091d0bae9836954d9c6d4f821bd6ac5eaafd993,PNG,ui-layout,249,223,RGBA,PNG,True,
assets/layouts/world/map/parallel/map-2-lock.png,55778,31a33fbe5cffc501f7fc3c870cc9cc040d837b8a55f9752b258bf13a6c1870cf,PNG,ui-layout,249,223,RGBA,PNG,True,
assets/layouts/world/map/parallel/map-2.png,79164,2e3d2ce179acdf89720064fbeeb926282e6f48b48d3b56db1021d50a443ba9e2,PNG,ui-layout,249,223,RGBA,PNG,True,
assets/layouts/world/map/parallel/map-3-lock.png,56280,dfb8318e3037c9890d03480f28503a86de7a3619d2da26969b5869af58a2c01d,PNG,ui-layout,249,223,RGBA,PNG,True,
assets/layouts/world/map/parallel/map-3.png,81678,e7393dc5f57f70564f6a8498ae90f4956c2fe87da6d7e5de151184c5c7a11e1d,PNG,ui-layout,249,223,RGBA,PNG,True,
assets/layouts/world/map/parallel/reward-backing-locked.png,3106,bd48b17d407bd2857f2bf7d214e218c58192eb8c3453049a2085a52db1c8d293,PNG,ui-layout,117,109,RGBA,PNG,True,
assets/layouts/world/map/parallel/reward-backing-next.png,9878,b139671fd24091b9fa82db5e97ab25c6de7fc5811c88ad30b711c80a02eb3a7b,PNG,ui-layout,127,126,RGBA,PNG,True,
assets/layouts/world/map/parallel/reward-backing-unlocked.png,3530,fa4381e03a4e81f3e8378d071bdae4b82a473cd874a6c7702299750f5e81a500,PNG,ui-layout,117,109,RGBA,PNG,True,
assets/layouts/world/map/parallel/reward-checkmark.png,1248,c29a50d3c5801b74d440b4730083183bafaf97f833c26465d14d988620b1d16b,PNG,ui-layout,52,43,RGBA,PNG,True,
assets/layouts/world/map/parallel/reward-node.png,493,507cd46048dc920669846e328f3d02c15dd645c6c1215ad33a578633b6d4f8a5,PNG,ui-layout,20,20,RGBA,PNG,True,
assets/layouts/world/map/parallel/world-bar-1.png,30183,2f57a439858caaa786c040293a14d877c64d8556d8a819af86364c82021cbdb0,PNG,ui-layout,60,464,RGBA,PNG,True,
assets/layouts/world/map/parallel/world-bar-2.png,24769,09cd0cb78eab2b22de15b17f129806687b54a250dd82b5067c70064960a3ca19,PNG,ui-layout,60,464,RGBA,PNG,True,
assets/layouts/world/map/parallel/world-bar-3.png,17439,361591033d2ef9960c4bd7cf1503c1b6dc7093d0e4f7b052ff3e07737d2f21d5,PNG,ui-layout,60,464,RGBA,PNG,True,
assets/layouts/world/map/parallel/world-bar-backing.png,5656,e4032ae6006cc05654f0d72eeff649d0bab1827722d97efb339bd8f302ab2fff,PNG,ui-layout,83,485,RGBA,PNG,True,
assets/layouts/world/map/parallel/world-bar-locked.png,5200,802b33000ad5eb0627c4a8fd75510ec21f380465ebbc687c51b388173762d493,PNG,ui-layout,83,485,RGBA,PNG,True,
assets/layouts/world/map/parallel/world-bar-node.png,1396,b0a0ca6ce096f3ab26ed6b4d8c4e27120f6429af4995de5e98f9b96360c0bf5a,PNG,ui-layout,59,36,RGBA,PNG,True,
assets/layouts/world/map/parallel/world-bar-reward-backing.png,7497,28cafc8fbb5dde19d70b14bf6faf70b24fc5f03ce50edf3e7073aeb7bc01a97b,PNG,ui-layout,50,211,RGBA,PNG,True,
assets/layouts/world/map/play_plus_bg.png,123100,a688194ae10c53572c0f8140a21e2d22486278d4c985dfc6cf6c40e705d01033,PNG,ui-layout,1571,466,RGBA,PNG,True,
assets/layouts/world/map/reward.png,5396,326622d7c81bb1b06af11ed54dd09c68efc738e96db690d7db2d86eebbde74ba,PNG,ui-layout,151,68,RGBA,PNG,True,
assets/layouts/world/map/reward_diary.png,77678,43a498c74bebff5fcc8a9905112b74fb5a47f651a16bf6925c5872ac82266097,PNG,ui-layout,288,259,RGBA,PNG,True,
assets/layouts/world/map/select_button_beyond.png,18736,8339b6c9b6621fa808fcd42c5c3ff1813839739d24d0c62a9347a91c4581436c,PNG,ui-layout,271,323,RGBA,PNG,True,
assets/layouts/world/map/select_button_beyond_pressed.png,23209,e92e8a4321cca5997c8a6c54fb9af3159138650c43080b3a0d218d128a131b5d,PNG,ui-layout,271,323,RGBA,PNG,True,
assets/layouts/world/map/song_cell_lock_byd.png,6248,9eb913ee7af5da328ada030094f8e135ffb749a45e9d0690855776289eb6522c,PNG,ui-layout,96,135,RGBA,PNG,True,
assets/layouts/world/map/triangle_lightborder.png,1490,2827bb1c1158e703931e0bbe1390833d4d95daeaeddbe3f83f91aefb425d2a4c,PNG,ui-layout,35,33,RGBA,PNG,True,
assets/layouts/world/map/world_result_bg.png,80367,764a160bff4328699f4800bafba2e65ea21e33b995374ad7e9f270a68a58bd52,PNG,ui-layout,1560,291,RGBA,PNG,True,
assets/layouts/world/memory_diamond.png,5882,c4d8d246ed9dc59418be5f7040a3238470f79555a7d8576a79ade70517070769,PNG,ui-layout,111,111,RGBA,PNG,True,
assets/layouts/world/memory_diamond_top.png,3574,0bb70ae6d144496cb863513ff7e75c8b8f48af6c63f2b5c0866dc4675906081f,PNG,ui-layout,63,63,RGBA,PNG,True,
assets/layouts/world/parallel-bar-reward-node.png,557,d21745c3d9b51ba0e1d3e6e079a947106db805d3f59cc8929a11f0956a9dc826,PNG,ui-layout,19,19,RGBA,PNG,True,
assets/layouts/world/parallel-boost-btn-close-pressed.png,31060,90cbafe1ce294923abde64633b90625952bbba66cff097ff66c6b1466a7b004c,PNG,ui-layout,332,148,RGBA,PNG,True,
assets/layouts/world/parallel-boost-btn-close.png,27901,98828e65de75c48273f636d908ad9babc3f9e405213e87ed99e5696bc57e6d3f,PNG,ui-layout,332,148,RGBA,PNG,True,
assets/layouts/world/parallel-boost-btn-open-backing.png,59368,2ab6102881d1f8dca737b41ce81b32422e942ae293344e3f65fd13418738b37f,PNG,ui-layout,672,122,RGBA,PNG,True,
assets/layouts/world/parallel-boost-btn-pressed.png,29070,78a3a3deddaebe521fdbef865d7cd7e22ee34e32a01fbf09fe059a67d83b4b22,PNG,ui-layout,326,144,RGBA,PNG,True,
assets/layouts/world/parallel-boost-btn.png,26466,3e475618dc810482082a3057e5c8c9a1a5e1e9090e572f89b0fcb9468ad2f379,PNG,ui-layout,326,144,RGBA,PNG,True,
assets/layouts/world/parallel-mem-boost-small.png,5941,870f3869712dcc7d1018bf3c958982c1abff53f2fe79154e1e9d263f889ae669,PNG,ui-layout,71,72,RGBA,PNG,True,
assets/layouts/world/parallel-reward-bar-backing.png,6882,0b96c9c863f8934fb5430fb173c463363b9f2e7fffb853551f19d2de351502e3,PNG,ui-layout,599,134,RGBA,PNG,True,
assets/layouts/world/parallel-reward-bar-icon-outline.png,864,9ed7385d2c5437dd6582d31ce5bd2010fd2ddcf06b174c36368fd1c997cb55a2,PNG,ui-layout,74,74,RGBA,PNG,True,
assets/layouts/world/parallel-reward-bar-mini-1.png,17736,893d379a34aaffddf336c4618ee54c42aa33f678c11b633d31ff43a0614e023b,PNG,ui-layout,490,30,RGBA,PNG,True,
assets/layouts/world/parallel-reward-bar-mini-2.png,16412,95c22b933b4555fd8644c123b185901f8e0a748e2c963afee795a00395c08e6c,PNG,ui-layout,490,30,RGBA,PNG,True,
assets/layouts/world/parallel-reward-bar-mini-3.png,13773,b56cf7a2b385e3bd5ce75944a69360aa5a78e9642004bbe440955052cdf0d020,PNG,ui-layout,490,30,RGBA,PNG,True,
assets/layouts/world/parallel-reward-bar-mini-empty.png,2720,5b16a9d57e68bf471ae61bf0707efb6f3743a87cdfa58ddb6738d81702181407,PNG,ui-layout,490,30,RGBA,PNG,True,
assets/layouts/world/parallel-reward-bar-text-backing.png,922,42541837d50da31fb137b28097e9354fa6eb06ded8d437cd390b4c1544642058,PNG,ui-layout,133,20,RGBA,PNG,True,
assets/layouts/world/parallel-reward-dia.png,6220,a092ddc7e91d2423c9f88f106846d191b1890dad2ace87cec2458b5eb2ea8872,PNG,ui-layout,130,130,RGBA,PNG,True,
assets/layouts/world/parallel-sync-boost-0.png,3300,34feaff362e8cc949497a7bf12f230afc552bdad8d40841b8c1af542628d7d03,PNG,ui-layout,162,160,RGBA,PNG,True,
assets/layouts/world/parallel-sync-boost-1.png,3701,08b4ea25880bd5ba3698f66d52a762bcd9a59150a0634f054b842a880db7d8de,PNG,ui-layout,162,160,RGBA,PNG,True,
assets/layouts/world/parallel-sync-boost-2.png,4146,7dc2cf83b2bf51fb8817500813a9c41aba9fa5be970c0a8a913d2bd7e5b7a257,PNG,ui-layout,162,160,RGBA,PNG,True,
assets/layouts/world/parallel-sync-boost-3.png,4582,7a5fff4929489ec4dabe97c2980f1cdb529fc8e14425ec433d9c19df5ebb00c5,PNG,ui-layout,162,160,RGBA,PNG,True,
assets/layouts/world/parallel-sync-boost-small-1.png,673,1af3148f4be97b58179e0cc091321b195c4cd8f0c43e725c1183992e0ee8fb2b,PNG,ui-layout,69,68,RGBA,PNG,True,
assets/layouts/world/parallel-sync-boost-small-2.png,1044,1c01bea6edf9d9366a71826c626ea4505081d88c9284d22527f137075e4d4715,PNG,ui-layout,69,68,RGBA,PNG,True,
assets/layouts/world/parallel-sync-boost-small-3.png,1608,e0c04c19f8ae79ea32694ce735ebd5ed7b691725f43a12bbe2d5930b6b576f32,PNG,ui-layout,69,68,RGBA,PNG,True,
assets/layouts/world/parallel-sync-boost-small.png,5472,40e7813fea65284f340caab973cb89efea5d2366002e9d01046a72be75afdd6c,PNG,ui-layout,69,68,RGBA,PNG,True,
assets/layouts/world/parallel-sync-boost.png,12131,2ab8819a4fd3f4509b95dee9917dc3cc98c077d65d2a9c88e979c2a1176d7a11,PNG,ui-layout,162,160,RGBA,PNG,True,
assets/layouts/world/parallel-world-boost-small.png,5792,ab98a4b3d6560d3a48f32a188c4bf7c2c7714643339ce3055a4dac9a2bbec03b,PNG,ui-layout,72,72,RGBA,PNG,True,
assets/layouts/world/refill_bg.png,4563,c123f000f9b5d61923211162d87593b4dae4b31866be36c04fe9305069be3468,PNG,ui-layout,483,75,RGBA,PNG,True,
assets/layouts/world/refill_bg_pressed.png,4929,a890eea47c062dd407a3c7a33ea6de925c67d11775b10baf9711232b3dd55acb,PNG,ui-layout,483,75,RGBA,PNG,True,
assets/layouts/world/stamina_bg.png,24523,dff074dd650bdb25a0897815d96ac05b6fb3195174166ffb8a39ebdf1742f162,PNG,ui-layout,847,137,RGBA,PNG,True,
assets/layouts/world/stamina_pip.png,7947,26e5a4222837f137f5f019e782b021989099327ec1bce037b2ee18f9ddf8ff45,PNG,ui-layout,164,73,RGBA,PNG,True,
assets/layouts/world/stamina_pip_shadow.png,9844,57c082e03717590447c4c7f377a354b1237da01659192bcad97cf2f0f1e3d8c8,PNG,ui-layout,172,81,RGBA,PNG,True,
assets/layouts/world/title_back.png,7114,e2b706c6a64b72c9beb721b6fc8048806c719b6cc6b8f908ee9f4636b985dd86,PNG,ui-layout,476,58,RGBA,PNG,True,
assets/layouts/world/traverse.png,70980,16d6013bea17f4f6531da6d0e1b826a14b81a59b3a04621293084a5bb9324942,PNG,ui-layout,329,157,RGBA,PNG,True,
assets/layouts/world/traverse_pressed.png,70752,a77335fa056a0b387e9126568b69b26e34a6f303b82895ed91e85252305b9e91,PNG,ui-layout,329,157,RGBA,PNG,True,
assets/layouts/world/world-boost-accents.png,10384,8b6f763d025946d2ddc9a3f091bd96c0eef0f3f115682f905b36437eb2e98bd0,PNG,ui-layout,255,254,RGBA,PNG,True,
assets/layouts/world/world-boost-backing.png,8877,3518900af45a6cdecbd82a83ec0fc1d5b4d516808a4d6a61c7c78efe2b85867e,PNG,ui-layout,255,254,RGBA,PNG,True,
assets/layouts/world/world-regular-boost-tray-bg.png,103236,dd85c55059c231dfecfe87a02ac8d93bebaf34f004913734433bebac561a88f3,PNG,ui-layout,752,226,RGBA,PNG,True,
assets/models/sfx_d_core.jpg,22400,bcd70a58c2bea4432c43d6bda1fa6034d2058d583a670fc0ccb166e18e7d6cf5,JPEG,other-image,128,128,RGB,JPEG,False,
assets/models/sfx_d_note.jpg,8368,23e27e5a214ecff5478a9c3ba75834f6d19b78d0812dbec576f60aa59e0fa207,JPEG,other-image,320,64,RGB,JPEG,False,
assets/models/sfx_l_core.jpg,18297,887d266729491e0a7fa454d5e8a5b1e15558ab77b2bd4d7e4c5da4b2c2f14d79,JPEG,other-image,128,128,RGB,JPEG,False,
assets/models/sfx_l_note.jpg,9203,d96ab3319144353f9cb87ba97fa8cf70521ea2b458ce54ba58c1adbb7e51cddb,JPEG,other-image,320,64,RGB,JPEG,False,
assets/models/tap_d.png,15339,04bea7233b8b44e387199d5f601670a93614f6d627e9e340c0d156d15fdc2eef,PNG,other-image,247,340,RGBA,PNG,True,
assets/models/tap_l.png,14224,de70025b5d6f5b5f22a386cbd3b34a66a2250675f770a4e4e60262866d0bc135,PNG,other-image,247,340,RGBA,PNG,True,
assets/models/tap_tomato.png,43812,e8bb9ce973596d78f7b3004c052a2ce956bd674980a2bde45ada186d528533de,PNG,other-image,247,340,RGBA,PNG,True,
assets/models/track-end-texture.png,35602,9c0dba794c3f49cb1a4a56660da42e9eac242fdda000f5396824c07dd5f42e8a,PNG,other-image,1024,120,RGBA,PNG,True,
assets/particle/challenge_white.png,545058,c6def03b3aec5cb0b5300f477bbec47e7d33daa67d73bff6cf2e9c406e20d94c,PNG,other-image,1080,1080,RGBA,PNG,True,
assets/particle/note_colorless.png,1035218,6f8cfbcb7c7cdf94cd1f68454b5df6e5cf8077a2c0dd7e44be9012b4afe06972,PNG,other-image,1024,1024,RGBA,PNG,True,
assets/particle/note_conflict.png,1097945,5314d6150fcc6940fd69fdbb359778f0c501f04800d81edcd266a67ec513d000,PNG,other-image,1024,1024,RGBA,PNG,True,
assets/particle/note_light.png,947458,194ad1c7681c99ca4bf81ca1191a02c0e088578a87808dd480804577c1261308,PNG,other-image,1024,1024,RGBA,PNG,True,
assets/particle/note_mirai_conflict.png,1096358,55ed000930150b079db11ba49b7b2d5b89e2aa0776c6ae37ba5377f558fa4e72,PNG,other-image,1024,1024,RGBA,PNG,True,
assets/particle/note_mirai_light.png,928158,fc2a0670ba37ad9ab5eca8d35cc38f8808b10136a1196006f8a03b3dc63f8fe0,PNG,other-image,1024,1024,RGBA,PNG,True,
assets/particle/note_sfx.png,2433655,9f880f947c450765464584075fe296b99b7e0aa62483ce7e435dea46dece4fbc,PNG,other-image,1536,1280,RGBA,PNG,True,
assets/particle/particle_arc.png,2813,68c690b809fbaab0d63e850fac7b2ad9566ecdf26aafea46ea9abf6f16048b5e,PNG,other-image,64,64,RGBA,PNG,True,
assets/songs/arcahv/1080_base.jpg,280662,95390acfe500657e41cc2d287130ac9b9c66e93fe6ad85e8d9c8d10e4a180217,JPEG,song-jacket,768,768,RGB,JPEG,False,
assets/songs/arcahv/1080_base_256.jpg,78418,2c41e7dd425e85b17218ba7f9b2afc4567c7f6cdfdfeb386060e715711445ec7,JPEG,song-jacket,384,384,RGB,JPEG,False,
assets/songs/brandnewworld/1080_base.jpg,325320,2648a793db4b23d2c03e358ed6c8c0624f1e77199f05bc4dfcfdd5da817baab0,JPEG,song-jacket,768,768,RGB,JPEG,False,
assets/songs/brandnewworld/1080_base_256.jpg,94030,56194c808479aed509f74d07808e288c368e8416de5a288258f85677a7db5d40,JPEG,song-jacket,384,384,RGB,JPEG,False,
assets/songs/caramelpop/1080_base.jpg,541283,6df83e0913ef20f46ddd0a5c3e4e6cc9b263130684f57a3a1f69b3433d0d4cc7,JPEG,song-jacket,768,768,RGB,JPEG,False,
assets/songs/caramelpop/1080_base_256.jpg,157546,f4663636b2a5d80f956b1f382a3b913514d5dbbf83f95f5a1b25e17ec4b29314,JPEG,song-jacket,384,384,RGB,JPEG,False,
assets/songs/chronostasis/1080_base.jpg,193527,83d54b032989aeb822582402d9111ddc78428465dacc94191cfdaf74888bb9da,JPEG,song-jacket,768,768,RGB,JPEG,False,
assets/songs/chronostasis/1080_base_256.jpg,50092,163a143e2a5add3904bde74421c4c97b7d9074f711fdaa2946d2989e189b8c77,JPEG,song-jacket,384,384,RGB,JPEG,False,
assets/songs/clotho/1080_base.jpg,278122,4ed0eabb16027456989fdba15706645e9912b20444168914eee63c4ea9370a9a,JPEG,song-jacket,768,768,RGB,JPEG,False,
assets/songs/clotho/1080_base_256.jpg,81045,b6cf41928be6d6934f6dfadd6544f125b897bfecb1e95071a9c765d51feaf37f,JPEG,song-jacket,384,384,RGB,JPEG,False,
assets/songs/dandelion/1080_base.jpg,183331,f399ec7904fcfad3cbc13a5ba8e5da50cba4c44a83fe280a5850282b0a6e5979,JPEG,song-jacket,768,768,RGB,JPEG,False,
assets/songs/dandelion/1080_base_256.jpg,46095,122a16e25e26967a2b82df86c6fa974eeb21df303a7749ce89c517633b5a971d,JPEG,song-jacket,384,384,RGB,JPEG,False,
assets/songs/dematerialized/1080_base.jpg,305675,f340bbabb58f9784ace26d178fef629d6935f9ebd28dcbe926948117a3dddedc,JPEG,song-jacket,768,768,RGB,JPEG,False,
assets/songs/dematerialized/1080_base_256.jpg,91267,6ec133b3540d8311757303bd4219c5149d87a8168cf1cead5106f30c25eb92fa,JPEG,song-jacket,384,384,RGB,JPEG,False,
assets/songs/dement/1080_3.jpg,394381,9fb1785b2150ea4dfb69c5388e963a426f6ad1c408a6f0b7d500adbd2fcc0c08,JPEG,song-jacket,768,768,RGB,JPEG,False,
assets/songs/dement/1080_3_256.jpg,92811,cf0fa54b032fad386081f13028d5cdc9a8b728bb4fffd3e55017a60716554ac4,JPEG,song-jacket,384,384,RGB,JPEG,False,
assets/songs/dement/1080_base.jpg,362058,880e3b136bf37b3b4e1d80b137e0506c2ac65b4bf4db0b0dc8659578b88d13a5,JPEG,song-jacket,768,768,RGB,JPEG,False,
assets/songs/dement/1080_base_256.jpg,84888,3741f804a709aef35535b296722eb2980bd6626d5dbbfb5af15d06c908c41bdb,JPEG,song-jacket,384,384,RGB,JPEG,False,
assets/songs/dialnote/1080_base.jpg,87203,ea8bddf98b46dd6f41827630a72cf004a84e5d59c26a8a846d7bcc51236fc226,JPEG,song-jacket,768,768,RGB,JPEG,False,
assets/songs/dialnote/1080_base_256.jpg,29792,605518e52cc1a1c6b8e7d99e59a05a989eee5b024d7a8968c1b4a87dec4dfbbf,JPEG,song-jacket,384,384,RGB,JPEG,False,
assets/songs/dl_abstrusedilemma/1080_base.jpg,307885,153249c53e297383c81657628686f9c92546a59439e268a06b95a21116051332,JPEG,song-jacket,768,768,RGB,JPEG,False,
assets/songs/dl_abstrusedilemma/1080_base_256.jpg,87215,025c1012ff52f71f3e53d16428c48ddf3bbad7c7c10fc35b1cbf3d74bba46bc1,JPEG,song-jacket,384,384,RGB,JPEG,False,
assets/songs/dl_acheron/1080_base.jpg,415353,c88eaa1604e0f00dc1a1ab5289674f6458f0c37943bd5ef257b646c65c139567,JPEG,song-jacket,768,768,RGB,JPEG,False,
assets/songs/dl_acheron/1080_base_256.jpg,121942,61441e3b998bac28ec2ac60b17e70cb1cbb2d594c5746934edb1d8c23d7e770b,JPEG,song-jacket,384,384,RGB,JPEG,False,
assets/songs/dl_acidgod/1080_base.jpg,579884,fa80a68c1fef5324ed701d1390ba4b965533237ef14ae5ea6c9e9d051199fd11,JPEG,song-jacket,768,768,RGB,JPEG,False,
assets/songs/dl_acidgod/1080_base_256.jpg,182185,7b57803b66fd5d3642d22e9d14b2cd6179e32781df2c33c15294fc416399bf32,JPEG,song-jacket,384,384,RGB,JPEG,False,
assets/songs/dl_aegleseeker/1080_base.jpg,251419,18ea41e3350a061120555ce73b11a449ac2bde7d95b3930b585e54b069fe671f,JPEG,song-jacket,768,768,RGB,JPEG,False,
assets/songs/dl_aegleseeker/1080_base_256.jpg,67806,bfe1a14e995e2d6553164037590d26424931c006a94b7274a9fa4488bd6f91fe,JPEG,song-jacket,384,384,RGB,JPEG,False,
assets/songs/dl_aethercrest/1080_base.jpg,377563,2990b2ca337ce1eb311f48f21e3b8b8fcd57a5881eae5ce8721ea1a0a3f88f83,JPEG,song-jacket,768,768,RGB,JPEG,False,
assets/songs/dl_aethercrest/1080_base_256.jpg,104520,ed3aa18c9a45aaf0b2e8c2a3771729f580a31043176bd27414c13955886cfee9,JPEG,song-jacket,384,384,RGB,JPEG,False,
assets/songs/dl_aidrew/base.jpg,169382,68e729dfa7ea6a22e15210e1b00ab2beee528f49cd9f9db8cbcb288f5c0815bd,JPEG,song-jacket,512,512,RGB,JPEG,False,
assets/songs/dl_aidrew/base_256.jpg,74176,f7e4ab9336a9e5a510d5039db4ee4ad6f518ed0d682d209ca0072bfd3c345122,JPEG,song-directory-image,256,256,RGB,JPEG,False,
assets/songs/dl_aishite/1080_base.jpg,183127,157acc6f4ecd84710ca329b15112ae927fb39619efea1e81f99991465bc53ee3,JPEG,song-jacket,768,768,RGB,JPEG,False,
assets/songs/dl_aishite/1080_base_256.jpg,82937,4985a9be190ab325cd1ade79f22043de40b84f0982600bc220a9dd15c42a9f4a,JPEG,song-jacket,384,384,RGB,JPEG,False,
assets/songs/dl_aiueoon/1080_base.jpg,373874,b89fd22ee1c31633ac94f405aec6893f4a81997f2da18e85a1e5300927f50a63,JPEG,song-jacket,768,768,RGB,JPEG,False,
assets/songs/dl_aiueoon/1080_base_256.jpg,100754,4e8c015d687e75db825e3df7591ed6d467ea00158f35dba641748a56cdb468dc,JPEG,song-jacket,384,384,RGB,JPEG,False,
assets/songs/dl_akinokagerou/1080_base.jpg,376509,a9ffa1ec0ab169e87afde6cba19f3e456ba3bc5f56fa6d19330c962159d7040d,JPEG,song-jacket,768,768,RGB,JPEG,False,
assets/songs/dl_akinokagerou/1080_base_256.jpg,98311,ccf34fd695d5d80dd501517a241dfd5215a821125c0615c9b8f3a118db2bba11,JPEG,song-jacket,384,384,RGB,JPEG,False,
assets/songs/dl_alephzero/1080_base.jpg,128513,fc6bc7b3bd4a50096d091f74a062419375ca7fc4cf0049d3d23bd7ce2a799091,JPEG,song-jacket,768,768,RGB,JPEG,False,
assets/songs/dl_alephzero/1080_base_256.jpg,42576,89c23e547107d71c5e2c836aee008f83d4ef3c0d4bbfac7be375cde20a054916,JPEG,song-jacket,384,384,RGB,JPEG,False,
assets/songs/dl_alexandrite/1080_base.jpg,355807,d7cf41faa6f01eb5f19f239f01f0becc2234cf756b41fb79e6102e83081c03d4,JPEG,song-jacket,768,768,RGB,JPEG,False,
assets/songs/dl_alexandrite/1080_base_256.jpg,86679,80b1283412af3c076deb9bfed4ac249a428f5c0d5ef55245dd8d94c3ed6d0e9b,JPEG,song-jacket,384,384,RGB,JPEG,False,
assets/songs/dl_alicealamode/1080_base.jpg,358433,c6dfbb4748f99663565225b2bbebeaec23686f83f5ad7dc184160c7af5d15c20,JPEG,song-jacket,768,768,RGB,JPEG,False,
assets/songs/dl_alicealamode/1080_base_256.jpg,90593,ac3c92237f20e42db409d893759f569eab6cca47d3668b5e16c0b77bfa421fd2,JPEG,song-jacket,384,384,RGB,JPEG,False,
assets/songs/dl_alicessuitcase/1080_base.jpg,306816,c71961ce6fadab9ea102f33de61c2d0b7868fa3094d1416177ae8d4722239c3d,JPEG,song-jacket,768,768,RGB,JPEG,False,
assets/songs/dl_alicessuitcase/1080_base_256.jpg,78074,7250fe7baa54a3d0d270344b40204b36dc31c05f6bb9384efffc500a31a18848,JPEG,song-jacket,384,384,RGB,JPEG,False,
assets/songs/dl_aloneandlorn/1080_base.jpg,298498,af9c81b0f4dd86d640c6ecb5d3400bdf9dbcc4aa8e82784f437e9b4acdeab0a6,JPEG,song-jacket,768,768,RGB,JPEG,False,
assets/songs/dl_aloneandlorn/1080_base_256.jpg,115791,6991d17f66289e3538d1bf8283a16175dfbe95e3dc9749f4c974f05624143434,JPEG,song-jacket,384,384,RGB,JPEG,False,
assets/songs/dl_altair/1080_base.jpg,199082,767ea45bffeff1c51d907e6ccb422c9393a5d39a14f664fac7fcc43585d265cd,JPEG,song-jacket,768,768,RGB,JPEG,False,
assets/songs/dl_altair/1080_base_256.jpg,47687,70dbdf747a1f9fa7718b7cfb5fa18816d5343e6d2f5b45e218f89f2fc8b5c165,JPEG,song-jacket,384,384,RGB,JPEG,False,
assets/songs/dl_altale/1080_base.jpg,134422,86771ead1905d95e86cf09661bc2fa59d98569ea84b61cf57062d30c13582319,JPEG,song-jacket,768,768,RGB,JPEG,False,
assets/songs/dl_altale/1080_base_256.jpg,47680,1ac594861d312e4453ed158baa98a6d28fc5e86110153a330e44f4243625d187,JPEG,song-jacket,384,384,RGB,JPEG,False,
assets/songs/dl_alterale/1080_base.jpg,357297,1da862b6a07717cfcd4281d54faadb4afd767feaf50fc7dbafd5179cc3141296,JPEG,song-jacket,768,768,RGB,JPEG,False,
assets/songs/dl_alterale/1080_base_256.jpg,91338,3d232c9f0295f9f8d5d267c23cbf18006109e7c5d785d8409ac0c66b08c9f57b,JPEG,song-jacket,384,384,RGB,JPEG,False,
assets/songs/dl_alterego/1080_base.jpg,385768,ae135d001b8f035bf1bc421e58ffc060ffa134789c664ffcddbf8f5248196fe0,JPEG,song-jacket,768,768,RGB,JPEG,False,
assets/songs/dl_alterego/1080_base_256.jpg,122636,31a1a32b1277ddadddbf0fea9807dac9ec12e8416fb087ffb51b97f06d76e969,JPEG,song-jacket,384,384,RGB,JPEG,False,
assets/songs/dl_altergate/1080_base.jpg,419213,16a753ddcd901dbb992406d373eef496e663ce8dcef69da17969eec096461adb,JPEG,song-jacket,768,768,RGB,JPEG,False,
assets/songs/dl_altergate/1080_base_256.jpg,153885,371b4ade0c3df8c1810b8a8c0ec5b2d62899e08e08d73de5c89cc4f44b05ebdb,JPEG,song-jacket,384,384,RGB,JPEG,False,
assets/songs/dl_altersist/1080_base.jpg,313926,bffcf3627a1f5f2b9e4d4db8b42fbfe1e1f43a15fe0c8657e265d6d188959580,JPEG,song-jacket,768,768,RGB,JPEG,False,
assets/songs/dl_altersist/1080_base_256.jpg,93101,ec9be74633c303b6f5908321da689e92a597d6873c2f8c99f06cc706b2c18554,JPEG,song-jacket,384,384,RGB,JPEG,False,
assets/songs/dl_amazingmightyyyy/base.jpg,130731,b1ffde8e1ec51c676140c999272a399766e1deb8345e8ecff5199db48573cf17,JPEG,song-jacket,512,512,RGB,JPEG,False,
assets/songs/dl_amazingmightyyyy/base_256.jpg,56919,1f9cf1228f81e1073faf28d010bbac70f01cb819a9031d8793ae8b3849198ac3,JPEG,song-directory-image,256,256,RGB,JPEG,False,
assets/songs/dl_amekagura/1080_base.jpg,275662,07df16246fd0b0cfffec1b53333072c8c909241282060ec7fe045697ac33e2c0,JPEG,song-jacket,768,768,RGB,JPEG,False,
assets/songs/dl_amekagura/1080_base_256.jpg,97055,8563e086eab31b90823d9fe1ff0b2771b73f7e6d83a30a0eaa7ad27d108f17e4,JPEG,song-jacket,384,384,RGB,JPEG,False,
assets/songs/dl_amygdata/1080_base.jpg,330521,7161c495f311e9772bb91a7f96b9c38b2096450778eb01b43368252d2bbd98ea,JPEG,song-jacket,768,768,RGB,JPEG,False,
assets/songs/dl_amygdata/1080_base_256.jpg,87037,077a1e6d95ceac42a8e896ddc14c18beaa0018a183555564c699dea30538c2e0,JPEG,song-jacket,384,384,RGB,JPEG,False,
assets/songs/dl_andorxor/1080_base.jpg,366324,b3be9dfb0f17dc0190de605055553acee8625e79ec32a349bf7d2dda74bb385e,JPEG,song-jacket,768,768,RGB,JPEG,False,
assets/songs/dl_andorxor/1080_base_256.jpg,107472,16ab9dd43f114fca3990f7d5584ea890181fd122c54a71fe1800e2fbd578467f,JPEG,song-jacket,384,384,RGB,JPEG,False,
assets/songs/dl_andrevivemelody/base.jpg,219026,71a5ced7c1ebe30c1fb31bbac578fc7dd6122a575298b6bfc63b23b7d1981747,JPEG,song-jacket,512,512,RGB,JPEG,False,
assets/songs/dl_andrevivemelody/base_256.jpg,66562,cf09b2fd3078ecd1c2636fd3034eb97b0f68acfda3c9a9686e785f03d8bb00c4,JPEG,song-directory-image,256,256,RGB,JPEG,False,
assets/songs/dl_angelsboundary/1080_base.jpg,426641,1b24dc80a0154e2e6ec7c32d8b5fdd10e6497a8cddb6e9b789ec9cc26cdbf119,JPEG,song-jacket,768,767,RGB,JPEG,False,
assets/songs/dl_angelsboundary/1080_base_256.jpg,135273,05a420ffa0051d4d7bbe5102f9837a0d84606c48d35e74902848ca384a7ccaad,JPEG,song-jacket,384,384,RGB,JPEG,False,
assets/songs/dl_anokumene/1080_base.jpg,153284,45fdf678724d74e09e4f4ee411f0e564172132498bf2a67db40aa8fce97267db,JPEG,song-jacket,768,768,RGB,JPEG,False,
assets/songs/dl_anokumene/1080_base_256.jpg,45369,e57714a967dd257d3800b52287a45fc96fec277a36e97f815810424a98aa4c47,JPEG,song-jacket,384,384,RGB,JPEG,False,
assets/songs/dl_antagonism/1080_base.jpg,253832,8302607db4eab9dbe17dd665096fc4fca46abe1ab8ec8943044bfa9de904556c,JPEG,song-jacket,768,768,RGB,JPEG,False,
assets/songs/dl_antagonism/1080_base_256.jpg,69091,e5a2e585efc0108213379e62aa35f0dca4d38db967b5c44bf05894553f6d3792,JPEG,song-jacket,384,384,RGB,JPEG,False,
assets/songs/dl_antithese/1080_3.jpg,244952,8e70fd18d0914bdf845512149492d268ec1ee9aa091c9c8b9eae06ba6b03e3e0,JPEG,song-jacket,768,768,RGB,JPEG,False,
assets/songs/dl_antithese/1080_3_256.jpg,65634,d90aedc45126790da3b3ff7073d9d694ea8ca352e0591922ba41ab7868958515,JPEG,song-jacket,384,384,RGB,JPEG,False,
assets/songs/dl_antithese/1080_base.jpg,175277,333adce56dc0928eec5878dcfc3668233904f6faa90f55c28165d3239001a3ad,JPEG,song-jacket,768,768,RGB,JPEG,False,
assets/songs/dl_antithese/1080_base_256.jpg,47967,f9cc3a516057cb21c30b08ef1d8a97df8244044e9903b0712e158195fde9902e,JPEG,song-jacket,384,384,RGB,JPEG,False,
assets/songs/dl_aprilshowers/base.jpg,104454,b4b8a3231540be41f3555267ea9ecca9f750b90979a177860d20dba341a94b4d,JPEG,song-jacket,512,512,RGB,JPEG,False,
assets/songs/dl_aprilshowers/base_256.jpg,47801,fc7bc19cbe0455c361d9846ec5e8205030bf334e4c1a387522697ef59613d5ea,JPEG,song-directory-image,256,256,RGB,JPEG,False,
assets/songs/dl_arcanaeden/1080_base.jpg,446407,88efc9b2bef00c886bdba3103fac9d165ba64d103bc6ed63ffffb11fcf7fe370,JPEG,song-jacket,768,768,RGB,JPEG,False,
assets/songs/dl_arcanaeden/1080_base_256.jpg,111932,7033f8d52461cf951be20254de045032d53a768bf83557a85da51cf3b8be40ef,JPEG,song-jacket,384,384,RGB,JPEG,False,
assets/songs/dl_arghena/1080_base.jpg,363592,5d99b33a2460adb1b57d65a6bba6a602b814201d215a7899199bc45cc7948855,JPEG,song-jacket,768,768,RGB,JPEG,False,
assets/songs/dl_arghena/1080_base_256.jpg,148862,e5e900374b495aabd0685eb9e8d3918a6ac96f3df3ade527b1c1a91e4bea38b5,JPEG,song-jacket,384,384,RGB,JPEG,False,
assets/songs/dl_ascent/1080_base.jpg,315834,4ecd406f282448a8c6fde393a827da786d25ac0f94a77879a78ae67e0ef2f716,JPEG,song-jacket,768,768,RGB,JPEG,False,
assets/songs/dl_ascent/1080_base_256.jpg,88205,8562afeff5a4ea7db93af60ab21d2e0263a09cf34a27e2c82962eca50b3c114f,JPEG,song-jacket,384,384,RGB,JPEG,False,
assets/songs/dl_asgore/1080_base.jpg,87899,4d943735ac0d4ed19689f96ae2915c239366a529d0414b0954ee20e6b0ef08c8,JPEG,song-jacket,768,768,RGB,JPEG,False,
assets/songs/dl_asgore/1080_base_256.jpg,37287,8ef323dda461927430a1d8268d7157f05837bdfa9f432c7c664496e4d8f015b0,JPEG,song-jacket,384,384,RGB,JPEG,False,
assets/songs/dl_ashenboundary/1080_base.jpg,375057,0ce6a565fbc2c5e78ea2719ff9287ae9a5fdd6b073017b4c0204e2b3368d030c,JPEG,song-jacket,768,768,RGB,JPEG,False,
assets/songs/dl_ashenboundary/1080_base_256.jpg,116781,e33b981e688fe4a480692a03dd0399db49ec50b111e617c7edefc204cb3308b9,JPEG,song-jacket,384,384,RGB,JPEG,False,
assets/songs/dl_astralexe/1080_base.jpg,244138,e20321758ebf219e7bb8222d023e459a2c1b9a301d2b9fb0baa6518b774deac1,JPEG,song-jacket,768,768,RGB,JPEG,False,
assets/songs/dl_astralexe/1080_base_256.jpg,102076,d1317753671ac65c1a6e65eff9b44c3545146f31e903ef8ae58b6cf7495d3808,JPEG,song-jacket,384,384,RGB,JPEG,False,
assets/songs/dl_astralquant/1080_base.jpg,467877,d7dea9294a1adc171f363fbb8b4b0137ff175d50b227564c1c8cb5eb246bb39d,JPEG,song-jacket,768,768,RGB,JPEG,False,
assets/songs/dl_astralquant/1080_base_256.jpg,150943,51703ccef92e1735064e02bbdfbd05ac3d25e00d082440ebcda910726e0cafbe,JPEG,song-jacket,384,384,RGB,JPEG,False,
assets/songs/dl_astraltale/1080_base.jpg,322351,1bd9a63075042c859200c0815b52367406c7746df75f23273a23bf9e040bee02,JPEG,song-jacket,768,768,RGB,JPEG,False,
assets/songs/dl_astraltale/1080_base_256.jpg,84341,9341b851857723eaefe9982239dad631caa5053dc58bbc3a9162d7eafdc22742,JPEG,song-jacket,384,384,RGB,JPEG,False,
assets/songs/dl_astrawalkthrough/1080_base.jpg,349687,cbd00b243ca74bf5a743136caa5668f94f622c11d0a29cebfa77cf5c5d3e0600,JPEG,song-jacket,768,768,RGB,JPEG,False,
assets/songs/dl_astrawalkthrough/1080_base_256.jpg,83696,b5acb32f90f2e34be9ccf12c5860bc4b36d8f3a87a89733ba2fe575f39fd8ddb,JPEG,song-jacket,384,384,RGB,JPEG,False,
assets/songs/dl_aterlbus/1080_base.jpg,284939,521cec9139115362b1bd5c4c390d4e862ebb91e85959c627724c5d8c13219d63,JPEG,song-jacket,768,768,RGB,JPEG,False,
assets/songs/dl_aterlbus/1080_base_256.jpg,73287,d25f71b849ae22e0993b9ae210bcfb6dfb5d22294606a1f1e2d621e5b14fe9fb,JPEG,song-jacket,384,384,RGB,JPEG,False,
assets/songs/dl_attraqtia/1080_base.jpg,463457,75f7ce0fc09e07ae4dd58080c1279e01b060a5aff2f0c33748348dc02bb005cc,JPEG,song-jacket,768,768,RGB,JPEG,False,
assets/songs/dl_attraqtia/1080_base_256.jpg,113145,e02450323292ec1424321fe303d9fe8fb7db2b69e7ce6b3e7e944459b014431e,JPEG,song-jacket,384,384,RGB,JPEG,False,
assets/songs/dl_aurgelmir/1080_base.jpg,364619,e4492d7ed1029a172cfa0ea6aa46029f9c85505783475ce8319a224486fd815a,JPEG,song-jacket,768,768,RGB,JPEG,False,
assets/songs/dl_aurgelmir/1080_base_256.jpg,92982,3b1fb43fe9be460414354c7a7d09d8dce9e7bb76d3f0a96602900cc6efaf5959,JPEG,song-jacket,384,384,RGB,JPEG,False,
assets/songs/dl_auxesia/1080_base.jpg,319114,0f9c129b99aeffdd5c6bf772c666e54a0ddf46c9b2ffa02e152a814e2cec48a9,JPEG,song-jacket,768,758,RGB,JPEG,False,
assets/songs/dl_auxesia/1080_base_256.jpg,84799,0b6e17128b46484b0b8f83bf6b017f632d74743038a3000ac7b6333efc890555,JPEG,song-jacket,384,379,RGB,JPEG,False,
assets/songs/dl_avantraze/1080_base.jpg,349227,1a1d02c4fa65541bd54d0b8176b08377a14eea77e449c8b2077a352b326037fc,JPEG,song-jacket,768,768,RGB,JPEG,False,
assets/songs/dl_avantraze/1080_base_256.jpg,89277,c7c16d902b239c37f646d3ff515e06d5fdb4eb6f233c346b07551d2881ad2625,JPEG,song-jacket,384,384,RGB,JPEG,False,
assets/songs/dl_avril/1080_0.jpg,214863,15e7f0c918850ddc59f56e7033b6303f7369c006021fe0ad866d48c64e3d738f,JPEG,song-jacket,768,768,RGB,JPEG,False,
assets/songs/dl_avril/1080_0_256.jpg,60865,9d039e598ff94a886f6feecdb582da24b9ea0ae77dca48df049d1b523cb67437,JPEG,song-jacket,384,384,RGB,JPEG,False,
assets/songs/dl_avril/1080_1.jpg,214271,6859453bba6199bac2bce470886777c867dfb0ffc1cc1fc65ee180277576d300,JPEG,song-jacket,768,768,RGB,JPEG,False,
assets/songs/dl_avril/1080_1_256.jpg,60901,0827b33be5df88bfd2a06d1d8f181f5cfa7ae08c9a6d33d4ebd02a33004fe50b,JPEG,song-jacket,384,384,RGB,JPEG,False,
assets/songs/dl_avril/1080_base.jpg,213528,d4d98900f69b88d103f4d1df269d0b0c3c31d148597056c5a1243b7e01bd49b1,JPEG,song-jacket,768,768,RGB,JPEG,False,
assets/songs/dl_avril/1080_base_256.jpg,60752,fbfb4bd0da0804b1b936b52fb1b4e445ac3482469dd9c9688c8a9d23f23a97dd,JPEG,song-jacket,384,384,RGB,JPEG,False,
assets/songs/dl_awakening/1080_base.jpg,455199,e1a9aad3b595cdd43db24c459fdb62c3678676345419fafbaf481a8a66a8e2c7,JPEG,song-jacket,768,768,RGB,JPEG,False,
assets/songs/dl_awakening/1080_base_256.jpg,127184,726028c5d1f197618bdb699d622eaa9725d2326733fde9e378d8deff802d5c98,JPEG,song-jacket,384,384,RGB,JPEG,False,
assets/songs/dl_awakeninruins/1080_base.jpg,209364,5cbc768eb7bc2136eead578e451c6139a6efbdb3c19163dace6c31aa027cb2d4,JPEG,song-jacket,768,768,RGB,JPEG,False,
assets/songs/dl_awakeninruins/1080_base_256.jpg,80457,0b6f06868a933dcf5c0f2b85956cb25c070931ec5dfdbdbf52399ddddf601555,JPEG,song-jacket,384,384,RGB,JPEG,False,
assets/songs/dl_axiumcrisis/1080_3.jpg,450168,f8206f42b9ad090800de62f5dce0a9109f0ef9d9a799f9d997e750189486e179,JPEG,song-jacket,768,768,RGB,JPEG,False,
assets/songs/dl_axiumcrisis/1080_3_256.jpg,110124,4829ac4f7e10379131a16562b0ba7b656b6eb234020dbe5de663c6054486e319,JPEG,song-jacket,384,384,RGB,JPEG,False,
assets/songs/dl_axiumcrisis/1080_base.jpg,314829,0677d6cfbf33df489de3700d71d999a13fee34d8e417034d0f349881b010b97a,JPEG,song-jacket,768,768,RGB,JPEG,False,
assets/songs/dl_axiumcrisis/1080_base_256.jpg,81780,4125346fcec62caecc955b61f100106bb456b9e9d101d62b9e16b7ddb6990589,JPEG,song-jacket,384,384,RGB,JPEG,False,
assets/songs/dl_azalea/1080_base.jpg,319711,d0eed7005e446bff7cdfbc746cbc46a9101da827f342f2a9a2a6b8586af1b748,JPEG,song-jacket,768,768,RGB,JPEG,False,
assets/songs/dl_azalea/1080_base_256.jpg,91088,7d17d3162dc55ed7e415f5c368fee3854d60e5914e131164cb03e7d4748a3a32,JPEG,song-jacket,384,384,RGB,JPEG,False,
assets/songs/dl_babaroque/1080_base.jpg,192132,b3a70953250b2f432b6b835280c15ee4ae788be457865e1eeb778a633e2d01cb,JPEG,song-jacket,768,768,RGB,JPEG,False,
assets/songs/dl_babaroque/1080_base_256.jpg,36957,6da2efb6041a5634a0ce34af02f7d3c2e9f32f68b6f48f33572fff4111392d37,JPEG,song-jacket,384,384,RGB,JPEG,False,
assets/songs/dl_backtobasics/1080_base.jpg,498479,f5e4080eb9072e3babbc5783d77ff0d3a9e4586a005d2533fd79b60ec9699f39,JPEG,song-jacket,768,768,RGB,JPEG,False,
assets/songs/dl_backtobasics/1080_base_256.jpg,161833,5ea6a58bc564afabfba4ca67d052156c81d22eb1245f2c5a70dfad5b7f213c58,JPEG,song-jacket,384,384,RGB,JPEG,False,
assets/songs/dl_badtek/1080_base.jpg,399742,0f4a7b4cc05cac1e624bd9cce69a68e4a53a617333418cae60132d0aef3b3a3c,JPEG,song-jacket,768,768,RGB,JPEG,False,
assets/songs/dl_badtek/1080_base_256.jpg,105303,eb836763090286f2e33c48301575fa59c2b59288efbc1d8b875fc268cbfcdc16,JPEG,song-jacket,384,384,RGB,JPEG,False,
assets/songs/dl_bassline/1080_base.jpg,332434,ffd27e6668d98e07af9e2155042a73b1e378c42c5d8bc5b851968946d1715fc1,JPEG,song-jacket,768,768,RGB,JPEG,False,
assets/songs/dl_bassline/1080_base_256.jpg,99024,5f47a3ee45467d1aaf6ecbdec181373037fc6eae5d63f82d5cc1a3ed22d0371d,JPEG,song-jacket,384,384,RGB,JPEG,False,
assets/songs/dl_battlenoone/1080_base.jpg,283359,63b2a16b7ecf6cd617ea45302f9f297b4055e1908f9136ea4b5ce63eee8a3a5e,JPEG,song-jacket,768,768,RGB,JPEG,False,
assets/songs/dl_battlenoone/1080_base_256.jpg,63495,3c1c40c5194b88206d0f58f9a75d7db2d77f174683b56baa2b884f52458ee56a,JPEG,song-jacket,384,384,RGB,JPEG,False,
assets/songs/dl_bbkkbkk/1080_base.jpg,85490,4c5e19c4b0b079789aa278ac35174707654f5dc49ce5fad2671f3566537abdb6,JPEG,song-jacket,768,768,RGB,JPEG,False,
assets/songs/dl_bbkkbkk/1080_base_256.jpg,26905,5502404161419b433f9611fe5a3297339c8c0f5bdfb17a959cb37d29ffd524f9,JPEG,song-jacket,384,384,RGB,JPEG,False,
assets/songs/dl_beautifuldreamer/1080_base.jpg,442123,b8227a72d839e4cd5f1c88ab1968f795b7f38b74a6b0af2c9b27cb5cbeea5777,JPEG,song-jacket,768,768,RGB,JPEG,False,
assets/songs/dl_beautifuldreamer/1080_base_256.jpg,155985,65a2d3754f2692b17522f6e8cfc8226df2dde2e31304ffc3377b0332ee020f2a,JPEG,song-jacket,384,384,RGB,JPEG,False,
assets/songs/dl_besideyou/1080_base.jpg,310345,3cc12e25b6d090490b4fe2f57fdb1b2c997b8640c3e6c9fd45cea3f7da0adac0,JPEG,song-jacket,768,768,RGB,JPEG,False,
assets/songs/dl_besideyou/1080_base_256.jpg,83840,f6788b6e9be0f59511b26c7e68a32fc9d1970e9ce0b18d39c58c3af3ed99e274,JPEG,song-jacket,384,384,RGB,JPEG,False,
assets/songs/dl_bethere/1080_3.jpg,316912,d5032ce70d3193916cdc193b5f8b72e2b0d52a80685b7493f3c7aa131e07ce68,JPEG,song-jacket,768,768,RGB,JPEG,False,
assets/songs/dl_bethere/1080_3_256.jpg,89171,23b09d5ed90fb5780fbdcc08ec448c5d8fd50b50a699027607f2f4df7710419a,JPEG,song-jacket,384,384,RGB,JPEG,False,
assets/songs/dl_bethere/1080_base.jpg,294137,fb08c8f841751c76c9a85efb1227d77779ff6f4cbec1579531629c100e4762dd,JPEG,song-jacket,768,768,RGB,JPEG,False,
assets/songs/dl_bethere/1080_base_256.jpg,73573,2c41b41c5ec24338a2a3a5a5c30ac8f41011b434d2aa2d9b2cc77c596c4806de,JPEG,song-jacket,384,384,RGB,JPEG,False,
assets/songs/dl_blacklotus/1080_base.jpg,280500,b0a7af0c60e23e1fbd73796ede496d6c41169e8ac571d9439b5233a6205c93f1,JPEG,song-jacket,768,768,RGB,JPEG,False,
assets/songs/dl_blacklotus/1080_base_256.jpg,83286,035302be75cefc7a6d0655b239b77f794aaa45fde27e02ecc15d69dcc9a26403,JPEG,song-jacket,384,384,RGB,JPEG,False,
assets/songs/dl_blackmind/base.jpg,121447,2954520c9070882dbdb7239ff958cf6d5f11b676bfcbeb5ddaee984f6d9fe4b0,JPEG,song-jacket,512,512,RGB,JPEG,False,
assets/songs/dl_blackmind/base_256.jpg,44500,f0a4343351df37a09967801eab010ae60cbba6eed4a2f80670be15c3445e89f2,JPEG,song-directory-image,256,256,RGB,JPEG,False,
assets/songs/dl_blackmirror/1080_base.jpg,381137,13b2a8b9a6114364e65e1a7cbe6f156013e12d12555d70070a551c795bb794be,JPEG,song-jacket,768,768,RGB,JPEG,False,
assets/songs/dl_blackmirror/1080_base_256.jpg,116228,25c4e21f00da327566f862002b26bf85c2e999e7bca8c5e4b1b9203ba7ccced3,JPEG,song-jacket,384,384,RGB,JPEG,False,
assets/songs/dl_blackterritory/1080_base.jpg,387339,61d46a76426da73f21a40864b9bee3874c47230ed58019fd17bcb0d3259564a9,JPEG,song-jacket,768,768,RGB,JPEG,False,
assets/songs/dl_blackterritory/1080_base_256.jpg,92908,0075ec4a9751a0a234aff194cc7a69e3b9288f00145a1260ec4c2b82fc296c24,JPEG,song-jacket,384,384,RGB,JPEG,False,
assets/songs/dl_blaster/1080_base.jpg,341117,62405c200740c1c7b93bdf3fc17e91fb1fba6273958a52a0cc91d04420668f89,JPEG,song-jacket,768,768,RGB,JPEG,False,
assets/songs/dl_blaster/1080_base_256.jpg,94984,ed125b3d4459aecbaddcfd00ac8f201a5441ad02abc7af4fb3135ac0db811483,JPEG,song-jacket,384,384,RGB,JPEG,False,
assets/songs/dl_blazingair/1080_base.jpg,629558,ccb3b76a865e8d1e6252204a19d1a6815b089587075cb28350d1765c002c78a6,JPEG,song-jacket,768,768,RGB,JPEG,False,
assets/songs/dl_blazingair/1080_base_256.jpg,142696,2bef655ed4549744af8332f243c1933b45c8c7e82e391cc47d0325e710182e18,JPEG,song-jacket,384,384,RGB,JPEG,False,
assets/songs/dl_blockedlibrary/1080_base.jpg,381487,159b49dac63320eddc4330027b52e084c699131c9a5602a2979217fb2c1a3b53,JPEG,song-jacket,768,768,RGB,JPEG,False,
assets/songs/dl_blockedlibrary/1080_base_256.jpg,106058,cdb259ad6bac6441b39863784fa2ae07d2f9479aabe46c68d938abad45706104,JPEG,song-jacket,384,384,RGB,JPEG,False,
assets/songs/dl_blossoms/1080_base.jpg,284973,e16f91c0e0fc7f1a6815de6a6fe0f244cdbfc614073191f26447decae9edd556,JPEG,song-jacket,768,768,RGB,JPEG,False,
assets/songs/dl_blossoms/1080_base_256.jpg,75376,4c8919eb65129286574287b0a3cbc6d33ee1c2f4c8087cbfe309edac828e8725,JPEG,song-jacket,384,384,RGB,JPEG,False,
assets/songs/dl_blrink/1080_base.jpg,384659,6cf2ce66cffb682dca26323a93e0b718eadae447b3a0b8e647d69fe874a01c5b,JPEG,song-jacket,768,768,RGB,JPEG,False,
assets/songs/dl_blrink/1080_base_256.jpg,89895,b894159a04ee8b8afa5475a6c9d2fd24ccc709edee1b290b92ff48403dd1b868,JPEG,song-jacket,384,384,RGB,JPEG,False,
assets/songs/dl_bluecomet/1080_base.jpg,334626,0d79696ed41d3dd5d55d3ea43559b7ce3dc27bd34a4e78a860edde13c60c1305,JPEG,song-jacket,768,768,RGB,JPEG,False,
assets/songs/dl_bluecomet/1080_base_256.jpg,89826,f5eefdb17dacf5e79ea7ad422f2cac0c1bec0b1a50cdd0770929c0e6d75d0ea8,JPEG,song-jacket,384,384,RGB,JPEG,False,
assets/songs/dl_bluerose/1080_base.jpg,328131,f705ba87627e5a1a76bf33dbd60515f8700a3b24b8f23b490ef4286babab670b,JPEG,song-jacket,768,768,RGB,JPEG,False,
assets/songs/dl_bluerose/1080_base_256.jpg,80561,d45afbe784ba4a4109c07ad3deac8f6fbde8b83b832f9d03e83ec30fc7c25dc1,JPEG,song-jacket,384,384,RGB,JPEG,False,
assets/songs/dl_blythe/1080_base.jpg,168096,7560a5c44a49d727bc8245d94220fd0f3c710ea9b93e05cafe7f6d3bf50eafe3,JPEG,song-jacket,768,768,RGB,JPEG,False,
assets/songs/dl_blythe/1080_base_256.jpg,80255,03bf8064ff5b104f24df0b2e7ceae34289749be08bda00a2ba6395137d2cfe41,JPEG,song-jacket,384,384,RGB,JPEG,False,
assets/songs/dl_bookmaker/1080_3.jpg,424734,90913356565ac170b02e962121ef5a0f5fb2c427463bed29865e0d9c07737e1b,JPEG,song-jacket,768,768,RGB,JPEG,False,
assets/songs/dl_bookmaker/1080_3_256.jpg,95288,a821e12f826d79879e630dade2cb9ed8d05045966777099289b330b93aaa115c,JPEG,song-jacket,384,384,RGB,JPEG,False,
assets/songs/dl_bookmaker/1080_base.jpg,188811,eb48bee0b63a4dffe3f058c02be64a412fbdcaadc5ccfc0fc0e66c0e866a9ed0,JPEG,song-jacket,768,768,RGB,JPEG,False,
assets/songs/dl_bookmaker/1080_base_256.jpg,62533,4232f935c35c270504361562a94e13e4096717ffdb35b2f2398a0c6692fae318,JPEG,song-jacket,384,384,RGB,JPEG,False,
assets/songs/dl_breachoffaith/1080_base.jpg,347912,b6353736c0e2a7658d70676b332645ec2aa2127644d96c09cae149aa31d2f61d,JPEG,song-jacket,768,768,RGB,JPEG,False,
assets/songs/dl_breachoffaith/1080_base_256.jpg,112058,8764dcc0dfaa1928febe414b9a43c6e514bb4867e628256be487ddfb27c2d40f,JPEG,song-jacket,384,384,RGB,JPEG,False,
assets/songs/dl_breakbreak/1080_base.jpg,406074,628109b54e1a72b21696a147a1d43812ed73ba9aa39fdada68157daf405adc40,JPEG,song-jacket,768,768,RGB,JPEG,False,
assets/songs/dl_breakbreak/1080_base_256.jpg,108952,0dc820928dd5f02a595dc5b4734d196fb659e22e2dd7fc1791e5b3d72f749b46,JPEG,song-jacket,384,384,RGB,JPEG,False,
assets/songs/dl_buchigireberserker/base.jpg,203643,dcb3069a26be103320d7122835e2f2ad3a1fdfe2a24d746f5af9cc8de12b1d53,JPEG,song-jacket,512,512,RGB,JPEG,False,
assets/songs/dl_buchigireberserker/base_256.jpg,85623,2d2c87055543834bd9076ab75013d38fec44451ec725cbe6695f261f61880c9b,JPEG,song-directory-image,256,256,RGB,JPEG,False,
assets/songs/dl_bulletwaiting/1080_base.jpg,207751,9535570ca9dd995a88e6e03e7c8f89d500af260b70fa68aacec6b1207a183748,JPEG,song-jacket,768,768,RGB,JPEG,False,
assets/songs/dl_bulletwaiting/1080_base_256.jpg,55246,af11cf86d4725580daf86a92fba1ee46d187dc1d1bd860ebd7c16608b9f4662f,JPEG,song-jacket,384,384,RGB,JPEG,False,
assets/songs/dl_callimakarma/1080_base.jpg,271980,5676475aaf4a1c95227488de91a5ed3c6ec95555b59334b194951b1179a15347,JPEG,song-jacket,768,768,RGB,JPEG,False,
assets/songs/dl_callimakarma/1080_base_256.jpg,68962,cd2f97343a5bf4f9cdb4d844dca31dec364ce4c76dd6675045f1246a4b398ff5,JPEG,song-jacket,384,384,RGB,JPEG,False,
assets/songs/dl_callmyname/1080_base.jpg,135732,53ef5abec75086d24db068b66b07bf890d2d809a179246753732c994824887b1,JPEG,song-jacket,768,768,RGB,JPEG,False,
assets/songs/dl_callmyname/1080_base_256.jpg,34353,6911cefac471139a8a9cb47505e1ab51c3d560dcf645e00b09d073cee442964b,JPEG,song-jacket,384,384,RGB,JPEG,False,
assets/songs/dl_capella/1080_base.jpg,309192,d3148fccde32006049dda9efe784e20493ee3b3bcc5517d39ec9f3335340e95e,JPEG,song-jacket,768,768,RGB,JPEG,False,
assets/songs/dl_capella/1080_base_256.jpg,79387,4c6406009958df4ed564082a2605e4a795e047b68c3754cc47083e35017c295c,JPEG,song-jacket,384,384,RGB,JPEG,False,
assets/songs/dl_carminescythe/1080_base.jpg,338095,b93d9a7e5f9afda5396e3ea3210f48dd5444d69561efee75453053d990129043,JPEG,song-jacket,768,768,RGB,JPEG,False,
assets/songs/dl_carminescythe/1080_base_256.jpg,98786,3adebd83cdb0d11faa985ccb2b30f69027bb2612567d22b2369b4f90e7de8831,JPEG,song-jacket,384,384,RGB,JPEG,False,
assets/songs/dl_chaintonite/1080_base.jpg,340000,1fe86663f7d2d3cb9bd4fefd745a84fd49becf167e8223aa6f965361b92b5f9a,JPEG,song-jacket,768,768,RGB,JPEG,False,
assets/songs/dl_chaintonite/1080_base_256.jpg,98641,97274e20937089ec4eaa085fa27b435d1ceefeea9523215a217037f67ed643a6,JPEG,song-jacket,384,384,RGB,JPEG,False,
assets/songs/dl_chaos/1080_base.jpg,210503,24d94b8524782b7a80dafcd0dafc8315f5a55cc83479af852a8143e6aa30bfdf,JPEG,song-jacket,768,768,RGB,JPEG,False,
assets/songs/dl_chaos/1080_base_256.jpg,63904,524dcae62ebd830aaa022454da44ce120449749ff499e8cb57ca12b9a12eff5d,JPEG,song-jacket,384,384,RGB,JPEG,False,
assets/songs/dl_chaosblast/1080_base.jpg,408693,dcc73e04cb353f9a9fcfbb176889f7128e2d5843dc1e4744eedaef0ef70e1840,JPEG,song-jacket,768,768,RGB,JPEG,False,
assets/songs/dl_chaosblast/1080_base_256.jpg,137337,ef4a5f1d0d9498db64b55b1bec70a307e7d0e8a326d24db700bbfb164f295c13,JPEG,song-jacket,384,384,RGB,JPEG,False,
assets/songs/dl_chelsea/1080_base.jpg,323518,07e75915ae5168ff9b974c23a996f4bd000dce929adf0b7bd550ade20bb99133,JPEG,song-jacket,768,768,RGB,JPEG,False,
assets/songs/dl_chelsea/1080_base_256.jpg,88934,3256b109193e80dabe063103a04fdc5cc1ceec9fc2ae41d1b75547d23056aab1,JPEG,song-jacket,384,384,RGB,JPEG,False,
assets/songs/dl_chromafill/1080_base.jpg,219729,64f909ff39ee85fcb15554f997ad3885e6ee3a4989a054b3f7a63fc4afc299df,JPEG,song-jacket,768,768,RGB,JPEG,False,
assets/songs/dl_chromafill/1080_base_256.jpg,86539,66e9d161a9595762d2f3dfe464cdde4a95b2c7d3e021c3e09f32660042e9da69,JPEG,song-jacket,384,384,RGB,JPEG,False,
assets/songs/dl_chronicle/1080_base.jpg,324539,d61af364ba68ce82c92127d932bfc0e7fbd77ffc46b9eb1fb696be615fe73eea,JPEG,song-jacket,768,768,RGB,JPEG,False,
assets/songs/dl_chronicle/1080_base_256.jpg,81750,5d60ed8d5d1d514a88aff6231eba4a750a7c954e85c5577d54396500b910ccac,JPEG,song-jacket,384,384,RGB,JPEG,False,
assets/songs/dl_chronologia/1080_base.jpg,287276,6bee3e4079263a1e7d720038034e5feb8e5d90ff36f9a2a753650f72561ef17b,JPEG,song-jacket,768,768,RGB,JPEG,False,
assets/songs/dl_chronologia/1080_base_256.jpg,101862,2890065d0fdaece63d35381add32db744b07d48ea869b141e42a80768dfc495a,JPEG,song-jacket,384,384,RGB,JPEG,False,
assets/songs/dl_climax/1080_base.jpg,518998,9ec73d986526bd3072acadc3445b3d20ede79696082d5f3d245f7ccc76f6ff83,JPEG,song-jacket,768,768,RGB,JPEG,False,
assets/songs/dl_climax/1080_base_256.jpg,127601,fde2a27a05283bbf3e153a1df47d851b2b6565daeb1c28ac0b44feac05eb2d36,JPEG,song-jacket,384,384,RGB,JPEG,False,
assets/songs/dl_coastalhighway/1080_base.jpg,280211,0ea58c30e110c6945b77c8a8eae5585fe55e6cd355a938e40a1a525948ba9a79,JPEG,song-jacket,768,768,RGB,JPEG,False,
assets/songs/dl_coastalhighway/1080_base_256.jpg,83576,f7a66826e57accfe0fe62bc15282c7e42986c04559447fed7ac4b0a457547c91,JPEG,song-jacket,384,384,RGB,JPEG,False,
assets/songs/dl_cocorocosmetic/1080_base.jpg,382972,4a9f6c0df3e43642e788384877d4f3be670bf520c15688ca4ca30eb5532ffe06,JPEG,song-jacket,768,768,RGB,JPEG,False,
assets/songs/dl_cocorocosmetic/1080_base_256.jpg,110114,f3dd45c1f52972faa00df8d59a57fa451b78a1acc1760b805826c22d871850c2,JPEG,song-jacket,384,384,RGB,JPEG,False,
assets/songs/dl_codeoblivion/1080_base.jpg,390707,6569324a5b83bae34371e26ca30cd5b59b63b658929a1b0ee0349f86a1216a94,JPEG,song-jacket,768,768,RGB,JPEG,False,
assets/songs/dl_codeoblivion/1080_base_256.jpg,111933,bfe8e2d42d49576887c2f7ac86df0cf28c5bca171cc2563c2546d1c60fee8963,JPEG,song-jacket,384,384,RGB,JPEG,False,
assets/songs/dl_conflict/1080_base.jpg,468348,88f4c9d6e6cbc419300a8f893c6f0c1c36e3fa61c8e0d7408e99dbc6f61788bb,JPEG,song-jacket,768,768,RGB,JPEG,False,
assets/songs/dl_conflict/1080_base_256.jpg,103928,7bac428ad6db836d74b4359aec54aea9ec00710deead3b37a0218c6e62497fdb,JPEG,song-jacket,384,384,RGB,JPEG,False,
assets/songs/dl_corpssansorganes/1080_base.jpg,398150,769046e4355a1dc73af0bbdc8587e916ca63f58bff75e87f5b5f6b7ffd743c95,JPEG,song-jacket,768,768,RGB,JPEG,False,
assets/songs/dl_corpssansorganes/1080_base_256.jpg,107644,f3ba9e04e6ebd09f1e9e105b2f3879bfdb1a31dc1a7f8853202846ac7893c93f,JPEG,song-jacket,384,384,RGB,JPEG,False,
assets/songs/dl_corruption/1080_base.jpg,321351,d448764f9da379bc24327013f4594e09195bba1d1e129b145ace822de55a770d,JPEG,song-jacket,768,768,RGB,JPEG,False,
assets/songs/dl_corruption/1080_base_256.jpg,84068,caab9616469d3646e23e939b4648dd7eedf792e5f4b0a1ed8c788bc1c173e313,JPEG,song-jacket,384,384,RGB,JPEG,False,
assets/songs/dl_cosmica/1080_base.jpg,243507,531b22fdfb94cc75f97544cffccc172bc0691de7e714a94a04baab2894e1e0c6,JPEG,song-jacket,768,768,RGB,JPEG,False,
assets/songs/dl_cosmica/1080_base_256.jpg,65119,0cb76d9f3c904dfc4bccf8d2f8fb33c5a13227a4e8a1ed72ea4b05c1a06241b7,JPEG,song-jacket,384,384,RGB,JPEG,False,
assets/songs/dl_cosmogyral/1080_base.jpg,518581,683b2fed000aea65b323b927ae80637f76fcb614ad75b7fdf7b6f476dbc45210,JPEG,song-jacket,768,768,RGB,JPEG,False,
assets/songs/dl_cosmogyral/1080_base_256.jpg,151927,736139fdbf1dfab33c44fa4cad562ccbad9029a8c2912c6526cf4b09d3179704,JPEG,song-jacket,384,384,RGB,JPEG,False,
assets/songs/dl_cosmopop/1080_base.jpg,332010,a9194ce32c2e6bfe8ceaa4c59886482db46c6efc0ea48976989423294dbd12aa,JPEG,song-jacket,768,768,RGB,JPEG,False,
assets/songs/dl_cosmopop/1080_base_256.jpg,91176,5fdf00493f6e90df739dcc385bef77179ef4d45c1792de07034e40f338d46d57,JPEG,song-jacket,384,384,RGB,JPEG,False,
assets/songs/dl_crimsonquartz/1080_base.jpg,289984,75a8201a3dbde825cc787b49310dec1c34dc9bacebbb873e25a187d15a77a9f2,JPEG,song-jacket,768,768,RGB,JPEG,False,
assets/songs/dl_crimsonquartz/1080_base_256.jpg,86075,59936a07edc08f65db63d7527cdea03506708882bd3f3512b2fafc9576a16505,JPEG,song-jacket,384,384,RGB,JPEG,False,
assets/songs/dl_crimsonthrone/1080_base.jpg,348012,121f0b2c784f69c3758f93a49bf26783ed2b5d0e91379d7493b536cf7fbed273,JPEG,song-jacket,768,768,RGB,JPEG,False,
assets/songs/dl_crimsonthrone/1080_base_256.jpg,82614,16134f282ff3491b269dca4c8626940ce2181a6572404ce02c33379b7bb29447,JPEG,song-jacket,384,384,RGB,JPEG,False,
assets/songs/dl_crossover/1080_base.jpg,280009,022cb7e03cf4b4f167a976443328a850b9140dcd63c0476497f8660373a5575b,JPEG,song-jacket,768,768,RGB,JPEG,False,
assets/songs/dl_crossover/1080_base_256.jpg,62522,5f81b3055758d0a0c39ce95af70e471f5001654fb0010b27a4066fbc21c460e3,JPEG,song-jacket,384,384,RGB,JPEG,False,
assets/songs/dl_crosssoul/1080_base.jpg,156223,ace2cf22ef62aa48b68329fefde5729a17efa33ca715b2bafd51ef8011f7e2c0,JPEG,song-jacket,768,768,RGB,JPEG,False,
assets/songs/dl_crosssoul/1080_base_256.jpg,25399,6c0138f7d489aa1172e45ca417f52946fe67ec855291d753a7befe31372eaecf,JPEG,song-jacket,384,384,RGB,JPEG,False,
assets/songs/dl_cryogenic/1080_base.jpg,415172,6746d417fb45f5eb0fa0db3ea50e66d567974436e8860f567ca74daa2fb61ed1,JPEG,song-jacket,768,768,RGB,JPEG,False,
assets/songs/dl_cryogenic/1080_base_256.jpg,118393,4a1aa6c185ef5b079178ba5aaddd662957f558711c19af10d890eee7d820b0f8,JPEG,song-jacket,384,384,RGB,JPEG,False,
assets/songs/dl_crystalgravity/1080_base.jpg,334535,1a959754f2c2e7721e0c1db995d79b62932776554bb035bf861406d299329dbf,JPEG,song-jacket,768,768,RGB,JPEG,False,
assets/songs/dl_crystalgravity/1080_base_256.jpg,89439,57edef4b72244a5c6d40c0e1acf68ba4bf5e414ba49d193e6a723e84828adede,JPEG,song-jacket,384,384,RGB,JPEG,False,
assets/songs/dl_csqn/1080_base.jpg,70541,5f3a5f8e25a82f11d6a12b039d3d6bd671758b711cb52e34cf11365a5c249dcc,JPEG,song-jacket,768,768,RGB,JPEG,False,
assets/songs/dl_csqn/1080_base_256.jpg,30362,4da39b20d3aa94d524f398d6c445f2d24dc7716adf70a377c900c0f16b8c05d4,JPEG,song-jacket,384,384,RGB,JPEG,False,
assets/songs/dl_cyaegha/1080_base.jpg,350507,82be52ab73443c60daa90744120d201d5593497091d2f93084c6bd71fbd52041,JPEG,song-jacket,768,768,RGB,JPEG,False,
assets/songs/dl_cyaegha/1080_base_256.jpg,88867,179a2d0173a7dcbb77e986b650802eb9c7a121bf9605924009db7bcf978d3bb4,JPEG,song-jacket,384,384,RGB,JPEG,False,
assets/songs/dl_cyanine/1080_base.jpg,377367,3ad57c065f5ca2a39e600e6351a90fc8305c8c877e40645d9894aafcb7721083,JPEG,song-jacket,768,768,RGB,JPEG,False,
assets/songs/dl_cyanine/1080_base_256.jpg,124107,c37baea2e0f1cd5b9b5aa5607a4c6f67fd368e3f8b0190595851a82a90c2fbc9,JPEG,song-jacket,384,384,RGB,JPEG,False,
assets/songs/dl_cyberneciacatharsis/1080_3.jpg,384253,dbbd8678961435e8ce1e8bfd065171755ff97886b8fc45c58e1cbd09078de92a,JPEG,song-jacket,768,768,RGB,JPEG,False,
assets/songs/dl_cyberneciacatharsis/1080_3_256.jpg,138787,ffbef165426fdc22aecc818035cd55793d5369e15d80ef57959474f083e7825c,JPEG,song-jacket,384,384,RGB,JPEG,False,
assets/songs/dl_cyberneciacatharsis/1080_base.jpg,318460,8befd80d30ed84424c61455bbd52f6616de93ce9bd87b6499810644e9b70c51d,JPEG,song-jacket,768,768,RGB,JPEG,False,
assets/songs/dl_cyberneciacatharsis/1080_base_256.jpg,83644,da432aad0aaa7074bc89330236c5a5fae68a5572401a36d39ca2f49519de6cf7,JPEG,song-jacket,384,384,RGB,JPEG,False,
assets/songs/dl_cycles/base.jpg,58155,691e4079ba594dc7e354d7b4b49a1bab9839df753ee241431c2c1b13eb61461a,JPEG,song-jacket,512,512,RGB,JPEG,False,
assets/songs/dl_cycles/base_256.jpg,31426,8c9ebe532cc3baa26d5feea7c3bfa79d3b82dbcab6fb449e8f86c2041b1ffcc4,JPEG,song-directory-image,256,256,RGB,JPEG,False,
assets/songs/dl_daat/1080_base.jpg,574549,e0e9c6add24e61c9f710331c74df98cc57520b78ea43844341643da2453b9052,JPEG,song-jacket,768,768,RGB,JPEG,False,
assets/songs/dl_daat/1080_base_256.jpg,117483,0209872be5f62b151f3cc18bb1d99727a064aea49a7450191d37e3e21de988ed,JPEG,song-jacket,384,384,RGB,JPEG,False,
assets/songs/dl_dantalion/1080_base.jpg,337619,f60a767af16e2915f53e11666f2cc6545615376edc31ef0880025fca9cf796b8,JPEG,song-jacket,768,768,RGB,JPEG,False,
assets/songs/dl_dantalion/1080_base_256.jpg,65379,410781490c156ca0047d6c1bdd3deaa703a03aa0b7ad7d17887f17700cd26868,JPEG,song-jacket,384,384,RGB,JPEG,False,
assets/songs/dl_darakunosono/1080_base.jpg,373001,20d86db32ef13971ebb0a1fdf8a875d29210a1c44b798488486e89e4370b429a,JPEG,song-jacket,768,768,RGB,JPEG,False,
assets/songs/dl_darakunosono/1080_base_256.jpg,84174,96e4df026ce565f41becab8422c7bfd30187034b24fa2ea21f81bc6c6989618a,JPEG,song-jacket,384,384,RGB,JPEG,False,
assets/songs/dl_dataerror/1080_base.jpg,422782,0ba70552b2079c84e0cc285d0bef63dc862ffefdc9e0ef2fc512c41af7758808,JPEG,song-jacket,768,768,RGB,JPEG,False,
assets/songs/dl_dataerror/1080_base_256.jpg,98585,9db1cad88fa6756e854f84cf92818fd4f1d7251c9de4302763d6ad96382b5a24,JPEG,song-jacket,384,384,RGB,JPEG,False,
assets/songs/dl_dazzlehop/base.jpg,282663,ff2066fcb719fe0ae33d27d9f7c1031d834a5b87d9537da636018e6cf659f74c,JPEG,song-jacket,512,512,RGB,JPEG,False,
assets/songs/dl_dazzlehop/base_256.jpg,87012,3fc10d919659cf3bfeeaedcb4d39bfbd21240650e0999f72638ec645a587e6ef,JPEG,song-directory-image,256,256,RGB,JPEG,False,
assets/songs/dl_ddd/1080_base.jpg,165895,9149da61e7aea7d366e5888ee26d0300fa791e9d257f44a26c2997612a619c2a,JPEG,song-jacket,768,768,RGB,JPEG,False,
assets/songs/dl_ddd/1080_base_256.jpg,45963,3bd9ba7604ce52523408ef06c4d621b0dcb89cc09935517cafaa189a48a98788,JPEG,song-jacket,384,384,RGB,JPEG,False,
assets/songs/dl_deathbyglamour/1080_base.jpg,115455,360771d99014cfab5356add732e1cdd0782dcf0afe55b54021dde48724f823f9,JPEG,song-jacket,768,768,RGB,JPEG,False,
assets/songs/dl_deathbyglamour/1080_base_256.jpg,44951,513b6e11d4cae33d574f7bf929dfb07b5b2db570690fc37cfd1211d8be33fdbf,JPEG,song-jacket,384,384,RGB,JPEG,False,
assets/songs/dl_defection/1080_base.jpg,301077,f97b6821dcf26e8c96e2b642f4fa211cc6fdd0f0d134835a723ffb0c8cdf4fde,JPEG,song-jacket,768,768,RGB,JPEG,False,
assets/songs/dl_defection/1080_base_256.jpg,77237,26137fcb72af9bc959e23864ff3a8c9d751d0888afb0fc0dd8f16fe554b3074b,JPEG,song-jacket,384,384,RGB,JPEG,False,
assets/songs/dl_desertrealm/1080_base.jpg,386543,0f6e7331e3bcdb44601f26a25bbdcc4b0a24fbf8915434f6e276850fb2d23bc0,JPEG,song-jacket,768,768,RGB,JPEG,False,
assets/songs/dl_desertrealm/1080_base_256.jpg,103488,ade116c24e77571612430a368fcf0c996c4fd670f7c7d50e0ed8bbd26307c1b0,JPEG,song-jacket,384,384,RGB,JPEG,False,
assets/songs/dl_designant/1080_base.jpg,387387,b704884d2811331f760a6b0c91d54744ceef008b6234a5fe32c8315378e649f3,JPEG,song-jacket,768,768,RGB,JPEG,False,
assets/songs/dl_designant/1080_base_256.jpg,107738,a065fff65eef50a59c995ee3dcd777d5e73a9f1e5f31c553c450ae76968e9584,JPEG,song-jacket,384,384,RGB,JPEG,False,
assets/songs/dl_desive/1080_base.jpg,411774,b7d4543f97aa01041d5767cb4990a4ebce5aa276ca972fe4aae6bd625cecd99d,JPEG,song-jacket,768,768,RGB,JPEG,False,
assets/songs/dl_desive/1080_base_256.jpg,112522,d847abcc16d2a97c889e39ec9e970daf697e171b591b253612c0993882f85a66,JPEG,song-jacket,384,384,RGB,JPEG,False,
assets/songs/dl_devillicsphere/1080_base.jpg,192218,e54692570545aa96e30f571c21a2f3fcc34012831550c767f7bef2c91af0dfc1,JPEG,song-jacket,768,768,RGB,JPEG,False,
assets/songs/dl_devillicsphere/1080_base_256.jpg,53705,389b676fecb63ac43fe58b5f420c900bfd0f117d18bfb925a184d5019bb23963,JPEG,song-jacket,384,384,RGB,JPEG,False,
assets/songs/dl_diesirae/1080_base.jpg,489202,18b1fba7b8c740570163df545803d7ef1cf70d334c27b2af164d7d749b8141a9,JPEG,song-jacket,768,768,RGB,JPEG,False,
assets/songs/dl_diesirae/1080_base_256.jpg,135614,cce2f3e03760c176834b2c22e435767ac70daef28b7a937bdd9aa31b24e3aedc,JPEG,song-jacket,384,384,RGB,JPEG,False,
assets/songs/dl_diode/1080_base.jpg,316349,d853971bd62a61ce07f8f43c884427773d8e5f0f35abf7cabb84736ecb2f2779,JPEG,song-jacket,768,768,RGB,JPEG,False,
assets/songs/dl_diode/1080_base_256.jpg,91827,4f88d7c592accacc7ee2f9094dcada8b8e1483b995a2c2c42ed3f51650ae3e81,JPEG,song-jacket,384,384,RGB,JPEG,False,
assets/songs/dl_disintegration/1080_base.jpg,439731,b03a4add2c8d2df6d6900604d8ec7799175869870421602728b19fb441307b16,JPEG,song-jacket,768,768,RGB,JPEG,False,
assets/songs/dl_disintegration/1080_base_256.jpg,128971,8a4c0273b4940854b47bf327c7bf97de0c5784796d6ce1cfca7ea8797f5e2d65,JPEG,song-jacket,384,384,RGB,JPEG,False,
assets/songs/dl_distortedfate/1080_base.jpg,256808,2c50cccd8a17494f9341b759ccad2e4fb5e79e890a988129628afeea1ffdefd8,JPEG,song-jacket,768,768,RGB,JPEG,False,
assets/songs/dl_distortedfate/1080_base_256.jpg,78594,0c341c3b6583f771b61c326de010fe30d849c7ca228e8bac543726cc1519069d,JPEG,song-jacket,384,384,RGB,JPEG,False,
assets/songs/dl_distortionhuman/1080_base.jpg,266129,6546f463d64c9f9d75ecbfe0002c199aa40d90d32213f90994418ffc38563cfc,JPEG,song-jacket,768,768,RGB,JPEG,False,
assets/songs/dl_distortionhuman/1080_base_256.jpg,96843,68144a4cf75a59779608cd883d9907e8bdffeb889aa6d312446e3fb29643d98d,JPEG,song-jacket,384,384,RGB,JPEG,False,
assets/songs/dl_divinelight/1080_base.jpg,245981,e009d790cb525d68fd4a419d39681f12714cf1c54a285de9fee178c00957a3a6,JPEG,song-jacket,768,768,RGB,JPEG,False,
assets/songs/dl_divinelight/1080_base_256.jpg,66314,50c8c9dfffe0aa766c15ae1fcc22be8d1359417a9ea38d105b64ceb1f9f963ec,JPEG,song-jacket,384,384,RGB,JPEG,False,
assets/songs/dl_dontdie/1080_base.jpg,172108,95a8b82b943aaa11c90bf61a08d6b9d89082be36547454581043061aa873a6a2,JPEG,song-jacket,768,768,RGB,JPEG,False,
assets/songs/dl_dontdie/1080_base_256.jpg,84554,c7ddb5e04dc8d21d46a5fff5f749641b764148e394d545a73544c9dcae827a06,JPEG,song-jacket,384,384,RGB,JPEG,False,
assets/songs/dl_dontfightmusic/base.jpg,162643,bd65acf9b02f863419bae3e88572e4218a82cf8c780a84f8251c5b85e1f09012,JPEG,song-jacket,512,512,RGB,JPEG,False,
assets/songs/dl_dontfightmusic/base_256.jpg,50745,8deb2fd676e93f2d3b80cc2756ac72307df763e2773a1739e00cbf75d238da14,JPEG,song-directory-image,256,256,RGB,JPEG,False,
assets/songs/dl_dottodot/1080_base.jpg,143258,4d213a2b03f5d023e50b34f078da2c304d6210905167777f26e8786817a9ba52,JPEG,song-jacket,768,760,RGB,JPEG,False,
assets/songs/dl_dottodot/1080_base_256.jpg,42178,e8c6d7bc36e63f6bd5b174eb2841080e9c26d8adf5c5a284e8c6a8218203e409,JPEG,song-jacket,384,380,RGB,JPEG,False,
assets/songs/dl_dreadnought/1080_base.jpg,182049,9ed0d54b362546fc37af6e8ed86edb90bd63be6949bba5e3d9c4767f7af5a7ae,JPEG,song-jacket,768,768,RGB,JPEG,False,
assets/songs/dl_dreadnought/1080_base_256.jpg,50877,330499b7ebcbe97ed672461ad72d5052349823c5bb078baedb51110fcfb72bc3,JPEG,song-jacket,384,384,RGB,JPEG,False,
assets/songs/dl_dreamgoeson/1080_base.jpg,237276,7fbdad3a534b820ac7abe3f40a28f5417bc21b16f2b99a85b27a763812f996c4,JPEG,song-jacket,768,768,RGB,JPEG,False,
assets/songs/dl_dreamgoeson/1080_base_256.jpg,76499,1599799a618193293ff6327ba68027ad4bbd42fdb0a026d10114cc684bf233be,JPEG,song-jacket,384,384,RGB,JPEG,False,
assets/songs/dl_dreaminattraction/base.jpg,110786,2d6228b450698c8a3db1e800cbd6df205b6dbe209329726fb5c49a0f6ebb59d1,JPEG,song-jacket,512,512,RGB,JPEG,False,
assets/songs/dl_dreaminattraction/base_256.jpg,53844,b0737f5b43d87ee7e93d7bc8c50eb110966f41970320510ab65c73d5b71bfe1d,JPEG,song-directory-image,256,256,RGB,JPEG,False,
assets/songs/dl_drg/1080_base.jpg,127546,455eccd65124464b21563b0563b9c5d7ddba04d1a5e09eb75f1d74d5c378512e,JPEG,song-jacket,768,768,RGB,JPEG,False,
assets/songs/dl_drg/1080_base_256.jpg,36645,0582540a5510591dfa11aa8dc9f16b455881b6ecd8aa9d5379bad2486a178c29,JPEG,song-jacket,384,384,RGB,JPEG,False,
assets/songs/dl_dropdead/1080_3.jpg,347870,b0459f1f27809f16e5103da23db9aba2d43884457e675beadc76ce69f07f0c14,JPEG,song-jacket,768,768,RGB,JPEG,False,
assets/songs/dl_dropdead/1080_3_256.jpg,87104,a0da390f66b00cbd14818821698404bde84d92bef5c091c27bee3c1e5f6e9162,JPEG,song-jacket,384,384,RGB,JPEG,False,
assets/songs/dl_dropdead/1080_base.jpg,543285,899af6aefeb3b4204e9865b908c2cdcdaf56dc813402770a2e96589725f01459,JPEG,song-jacket,768,768,RGB,JPEG,False,
assets/songs/dl_dropdead/1080_base_256.jpg,118543,406f142230714fa4f2e16fbdb8cc7f3e414f06cb152d9a7aebd751801b84c3b9,JPEG,song-jacket,384,384,RGB,JPEG,False,
assets/songs/dl_dualdependency/1080_base.jpg,359874,34ddd7a5a278207da353ddd5328eda1ea0b33ca035c346d894e2ea766adea6ba,JPEG,song-jacket,768,768,RGB,JPEG,False,
assets/songs/dl_dualdependency/1080_base_256.jpg,107146,caf1ba8b6cf227198b4c5bd0088c7305e5f2c1bc93b8e997d1afb4c84395149d,JPEG,song-jacket,384,384,RGB,JPEG,False,
assets/songs/dl_dualdoom/1080_base.jpg,411802,8a178190f8e96d42ed88653b470dd087d4e7647125661f82f67b602c31b34778,JPEG,song-jacket,768,768,RGB,JPEG,False,
assets/songs/dl_dualdoom/1080_base_256.jpg,164754,3fda721c34fdba774c92315d7475a659aa39286f083bb66753ba5b3478202a12,JPEG,song-jacket,384,384,RGB,JPEG,False,
assets/songs/dl_dullblade/1080_base.jpg,210586,46e67c943a5bdd35654c8ca3c97652f0c522bab0da760bad6db0814a177e69e7,JPEG,song-jacket,768,768,RGB,JPEG,False,
assets/songs/dl_dullblade/1080_base_256.jpg,75826,817ab1c71cc84647816240aa9f85e46f9a684ca47f7576fc4d0b3305dd0d327a,JPEG,song-jacket,384,384,RGB,JPEG,False,
assets/songs/dl_dxfullmetal/1080_base.jpg,426038,34748ea9707066a602aee44dcadf7c9b19a15231db2803de5d6e94c5a4ff7ff0,JPEG,song-jacket,768,768,RGB,JPEG,False,
assets/songs/dl_dxfullmetal/1080_base_256.jpg,121332,06a57d0d6bcfee166156717b62c58d28bc32e67bfd77d6ac995b5dbd53199586,JPEG,song-jacket,384,384,RGB,JPEG,False,
assets/songs/dl_dynitikos/1080_base.jpg,276853,72b5e0fb7f64e1460f3112a477d2561485b29980a0849dfc1e157f745650c11d,JPEG,song-jacket,768,768,RGB,JPEG,False,
assets/songs/dl_dynitikos/1080_base_256.jpg,98611,efe00a7d17cbc1af82fe8e134f6c359cd8b1d756add25f07e66aa10449fa405c,JPEG,song-jacket,384,384,RGB,JPEG,False,
assets/songs/dl_eccentrictale/1080_3.jpg,299252,323b4333f1b13a939da1c4598dae865372bc3ee081aed34291ce910ab5d90219,JPEG,song-jacket,768,768,RGB,JPEG,False,
assets/songs/dl_eccentrictale/1080_3_256.jpg,81490,7687eba7f7a42896584b6e63214cb70a57b6a1d58e94754eb5f8ce8bc137fc70,JPEG,song-jacket,384,384,RGB,JPEG,False,
assets/songs/dl_eccentrictale/1080_base.jpg,256493,789ed421fcffad2f3809ca5135b1831fb2e9edda28d33cff6e62639a465a20ec,JPEG,song-jacket,768,768,RGB,JPEG,False,
assets/songs/dl_eccentrictale/1080_base_256.jpg,67386,f54dff972b27bcdb07ce5ad620ba92420ee9ce22c504777713fc0df60bcc79f5,JPEG,song-jacket,384,384,RGB,JPEG,False,
assets/songs/dl_edenwacca/1080_base.jpg,214919,6b4a9f0a150971727cf51aee40120c06e6db613e10fe70333bdb1dd5a296d3b6,JPEG,song-jacket,768,768,RGB,JPEG,False,
assets/songs/dl_edenwacca/1080_base_256.jpg,50728,f545b26c64b848f21b9b9e509c850be6da5b2807b49fb591f1360138c15051d7,JPEG,song-jacket,384,384,RGB,JPEG,False,
assets/songs/dl_egoeimi/1080_base.jpg,145137,2b39c1c2803e420137b64c390dc50829eda6af4880cba6958bbf23491b3c59c2,JPEG,song-jacket,768,768,RGB,JPEG,False,
assets/songs/dl_egoeimi/1080_base_256.jpg,60942,d932514e0df43b740f25f13f0341541c80f4a0d81bf087a72649a581cce71232,JPEG,song-jacket,384,384,RGB,JPEG,False,
assets/songs/dl_eightem/1080_base.jpg,424772,9cf640a2fdbea6e55fcb2f3206d980e05b13626109f37041b2d0de044bb7e203,JPEG,song-jacket,768,768,RGB,JPEG,False,
assets/songs/dl_eightem/1080_base_256.jpg,131738,58165f7e58abb58e5dc08a1a21d05a546d41db3eb83e439f965a3e4e96eaffc6,JPEG,song-jacket,384,384,RGB,JPEG,False,
assets/songs/dl_einherjar/1080_3.jpg,272468,07ac63328de1c8e4a5498a2cc5f53828c0f5298060a88af463fc5ae242fb6f77,JPEG,song-jacket,768,768,RGB,JPEG,False,
assets/songs/dl_einherjar/1080_3_256.jpg,104148,fd80de40409b932965d1a9cd2512e745896dd1250d64999d584191c0083e95aa,JPEG,song-jacket,384,384,RGB,JPEG,False,
assets/songs/dl_einherjar/1080_base.jpg,247602,cf26c12ce31719ec754c4a7cd7aec8a9504ea4595a7afa29a45b17a97e17826a,JPEG,song-jacket,768,768,RGB,JPEG,False,
assets/songs/dl_einherjar/1080_base_256.jpg,67269,0d798717c6b36c7efb33d3d0a32501d7bbda6309c93d7c36217ab2899b2ee985,JPEG,song-jacket,384,384,RGB,JPEG,False,
assets/songs/dl_empireofwinter/1080_base.jpg,352101,1f6b45c0b8974c0246fd10e9f6674f0953dae08f9c22e828a2894a14d160981e,JPEG,song-jacket,768,768,RGB,JPEG,False,
assets/songs/dl_empireofwinter/1080_base_256.jpg,91251,5735626c43d1e0910fce471dd369107443b61483b1a0c0bfadc4c801dbfe2f43,JPEG,song-jacket,384,384,RGB,JPEG,False,
assets/songs/dl_enchantedlove/1080_base.jpg,97291,ecef9049c5e40837160b647c789a3ac336c4924d145ca72410bc11cd87fcd8d1,JPEG,song-jacket,768,768,RGB,JPEG,False,
assets/songs/dl_enchantedlove/1080_base_256.jpg,35114,56e5e3b57e54fc1d102525a32472beaa21c43c15abdcf7080ae00161ebf016ef,JPEG,song-jacket,384,384,RGB,JPEG,False,
assets/songs/dl_endmoonlight/1080_base.jpg,198294,1cc3bbb8561de9b780895fbf768c0797c8e1d7c004b6a21cecabfd56b7bd1d4d,JPEG,song-jacket,768,768,RGB,JPEG,False,
assets/songs/dl_endmoonlight/1080_base_256.jpg,94326,d1141cefe6dc71daf4fc07ecce0675de40b41791811d9b910bac0cd664edba65,JPEG,song-jacket,384,384,RGB,JPEG,False,
assets/songs/dl_energysynergymatrix/1080_base.jpg,274936,a35af40f9af97055d330d2ff72428304111559768c04c6fa6dd02c28f4e33ba2,JPEG,song-jacket,768,768,RGB,JPEG,False,
assets/songs/dl_energysynergymatrix/1080_base_256.jpg,87800,4d2757d9efdb99550fa6fa4d4ecac17c3bea8f213dae7cfb6e132f1b6a63936b,JPEG,song-jacket,384,384,RGB,JPEG,False,
assets/songs/dl_epitaxy/1080_base.jpg,241479,fc3a941d860cbbb056d3bf9cc3376d279137c6ed16a086603a9b6f3ac335daa2,JPEG,song-jacket,768,768,RGB,JPEG,False,
assets/songs/dl_epitaxy/1080_base_256.jpg,96325,fa74542c1bdc88565dadf9c8eeab4d5f35a3f2b90b1f33e1f6450260802dd4b9,JPEG,song-jacket,384,384,RGB,JPEG,False,
assets/songs/dl_equilibrium/1080_base.jpg,275083,6a2d833ed2b34df3d0f126404e6aaa1ca0923d59964f2fc4b78ad97f3eaa1295,JPEG,song-jacket,768,768,RGB,JPEG,False,
assets/songs/dl_equilibrium/1080_base_256.jpg,78596,b1028c446313d1e1c1f6ade4c99a0b84c6e6ade75d64b7bf1552c9e4c0bbc80e,JPEG,song-jacket,384,384,RGB,JPEG,False,
assets/songs/dl_espebranch/1080_base.jpg,441882,4eba0b4948e81389d36a7a8e44d81796b1ae02d989ce05a9796fa31af0e5c541,JPEG,song-jacket,768,768,RGB,JPEG,False,
assets/songs/dl_espebranch/1080_base_256.jpg,115991,c9a0a60722815d03f65b97fd8f8ac641d1a132833a9f7ca6d2d922a8eccc1561,JPEG,song-jacket,384,384,RGB,JPEG,False,
assets/songs/dl_essenceoftwilight/base.jpg,93887,c87b336212e5d1650d433e97157a7c6d13b7bddc442543dadf34ea2d2451a5a0,JPEG,song-jacket,512,512,RGB,JPEG,False,
assets/songs/dl_essenceoftwilight/base_256.jpg,26753,46f70df37426265e707293d7831cf51eecadb00cb195973a8847a88212667a33,JPEG,song-directory-image,256,256,RGB,JPEG,False,
assets/songs/dl_eternitybreak/1080_base.jpg,319552,d406ddf5bc77b08f6af51ec8d880ce3460b06b77fd6245d61bd2c8beb5075ef6,JPEG,song-jacket,768,768,RGB,JPEG,False,
assets/songs/dl_eternitybreak/1080_base_256.jpg,90056,9bbfd1032b6ae99c1c2205da6b5ce67b58d9c61b60fccf5e0b8f4ef88340c42c,JPEG,song-jacket,384,384,RGB,JPEG,False,
assets/songs/dl_etherstrike/1080_base.jpg,349672,7c38bc5b7d24aa26feed497ad7ddbe914c4a59af29f1d2d0749949edb58426ac,JPEG,song-jacket,768,768,RGB,JPEG,False,
assets/songs/dl_etherstrike/1080_base_256.jpg,76660,816fc715507c35cc4d4e3b7922e03169805a52fb68a7e556e3c6a4cf326c2160,JPEG,song-jacket,384,384,RGB,JPEG,False,
assets/songs/dl_eveninginscarlet/1080_base.jpg,403538,47bcb24a5fcd4685ada2777473b14f5f4a2bbbb6dec2f6a69ac644e748b950ff,JPEG,song-jacket,768,768,RGB,JPEG,False,
assets/songs/dl_eveninginscarlet/1080_base_256.jpg,99083,c142855a48ea244ec211480e369005c7a805497882f23d402bfb4219b090f62b,JPEG,song-jacket,384,384,RGB,JPEG,False,
assets/songs/dl_evoltex/1080_base.jpg,397599,0ca6624fea846baf63375b33011b996571dbca55e2937c17eb5e0f740b1f05e8,JPEG,song-jacket,768,768,RGB,JPEG,False,
assets/songs/dl_evoltex/1080_base_256.jpg,125487,df62f15e5260a94f754ad7dcb7ec186e41c4f620ef89b87c6aeb454adad38a38,JPEG,song-jacket,384,384,RGB,JPEG,False,
assets/songs/dl_extradimensional/1080_base.jpg,442076,e896b8315991d1fc312494d1bc504166d84971f8012a50a8344532bacf73c195,JPEG,song-jacket,768,768,RGB,JPEG,False,
assets/songs/dl_extradimensional/1080_base_256.jpg,126229,dc5533884d6f760e6df469896372c8a1ad60150ece44de6a96ac8ecc59c706db,JPEG,song-jacket,384,384,RGB,JPEG,False,
assets/songs/dl_factorder/1080_base.jpg,493759,3662be43b097fafb7d4a9b12f9ea1cec60338245b7e6e4f2b71f3bf6107a61f7,JPEG,song-jacket,768,768,RGB,JPEG,False,
assets/songs/dl_factorder/1080_base_256.jpg,135580,f4dad4023a5fdc3e4f65a4edd6b3de210608be054a388ad0b9281d9a54361695,JPEG,song-jacket,384,384,RGB,JPEG,False,
assets/songs/dl_faintlight/1080_base.jpg,215264,1b5894f886141c9990d7d1de69a6187a1eb9baebde7f751623f2be18225ac59e,JPEG,song-jacket,768,768,RGB,JPEG,False,
assets/songs/dl_faintlight/1080_base_256.jpg,55705,90495acf321ba5cc4ac2764bdc95ff7ffe8af9a2460c62139f2ba4f7bb6cb546,JPEG,song-jacket,384,384,RGB,JPEG,False,
assets/songs/dl_fallensquare/1080_base.jpg,149297,27f8564a5416d301c290d67bf627e3c0f5e8f7773808922cc2b74a31eace4fde,JPEG,song-jacket,768,768,RGB,JPEG,False,
assets/songs/dl_fallensquare/1080_base_256.jpg,39718,656c4fdb7eadf09666ec05a7d8331bf62b73a20310399afe7ef9f663882859b7,JPEG,song-jacket,384,384,RGB,JPEG,False,
assets/songs/dl_fantasy/1080_base.jpg,179539,972b93b609d57969628e2eac52b9a1dc980692b92c2d2829534048f9d4fb80e8,JPEG,song-jacket,768,768,RGB,JPEG,False,
assets/songs/dl_fantasy/1080_base_256.jpg,77615,7fe9b9aa559719598ae11d8682491520f9e560643122ffaa417566bfb0afb8c8,JPEG,song-jacket,384,384,RGB,JPEG,False,
assets/songs/dl_farawaylight/1080_base.jpg,350906,8f8de472943fc72fafc41d356b5aa593ee1bb59b81573cb1d5f5d0a1d9c6b69e,JPEG,song-jacket,768,768,RGB,JPEG,False,
assets/songs/dl_farawaylight/1080_base_256.jpg,94770,6744eda86b5a355f1efdff29db010119b470a2189a2b478f2a411021f42fd4ba,JPEG,song-jacket,384,384,RGB,JPEG,False,
assets/songs/dl_feelssoright/1080_base.jpg,174916,60de200d18ab8df6d89c46a8dd9bf9f9f5361e8482d8db1cfcb020a8c47546da,JPEG,song-jacket,768,768,RGB,JPEG,False,
assets/songs/dl_feelssoright/1080_base_256.jpg,49527,b4fa637cc91340c1dd79829bf62e7163a421f16beca72f11f944663b360f64f8,JPEG,song-jacket,384,384,RGB,JPEG,False,
assets/songs/dl_felis/1080_base.jpg,337071,3224b4dfc36cf81be925e861b56eba55a4140c3fa5dc5beb50905aa09794938d,JPEG,song-jacket,768,768,RGB,JPEG,False,
assets/songs/dl_felis/1080_base_256.jpg,89476,1cee97c88a09a89a3df9b9af1d3329977565053bcf9c81ee37880f582aa3947c,JPEG,song-jacket,384,384,RGB,JPEG,False,
assets/songs/dl_felys/1080_base.jpg,235856,94e0166d9e9cd46c36bb7bea8f6362fbfeae35b610ab806847367c09e0d10f33,JPEG,song-jacket,768,768,RGB,JPEG,False,
assets/songs/dl_felys/1080_base_256.jpg,65922,6894d04d6f39eb424291d95cc6f591b4b3445dff754c3ee7939e24b47ef6bfef,JPEG,song-jacket,384,384,RGB,JPEG,False,
assets/songs/dl_filament/1080_base.jpg,305727,70fafaa5ede27043d3cd3233be1cbc8dfb0d5dee2bac34d4facf5b5d66feac49,JPEG,song-jacket,768,768,RGB,JPEG,False,
assets/songs/dl_filament/1080_base_256.jpg,56308,6aa7d3e6bcab922cbfc0e4c7fb5645f587a5bef373ead679a16620427468b8af,JPEG,song-jacket,384,384,RGB,JPEG,False,
assets/songs/dl_finalstep/1080_base.jpg,186358,9d3b9d538d8bc68dddadbdcdfff2c621c60d0c236954c64fc6f2773aabd2c56d,JPEG,song-jacket,768,768,RGB,JPEG,False,
assets/songs/dl_finalstep/1080_base_256.jpg,53883,50a3b05a15c9914a6e82748c936d4c7b43498821da0ee167f3614d2428d2c317,JPEG,song-jacket,384,384,RGB,JPEG,False,
assets/songs/dl_firstsnow/1080_base.jpg,323098,b3e03a61d62db6d29d8005d643b9c88b8fc6deaeb1d3f9e41019fb2c021ffc5f,JPEG,song-jacket,768,768,RGB,JPEG,False,
assets/songs/dl_firstsnow/1080_base_256.jpg,79790,b21e7e938bd70f847f6e6d54027f8bf1757275b130b24965b740207eaaf22e6b,JPEG,song-jacket,384,384,RGB,JPEG,False,
assets/songs/dl_flashback/1080_base.jpg,170796,9bd223dfc41ff3c8c129ae7869566f1197c4d1cc4c56ca99ef408fc5b4bbb7c8,JPEG,song-jacket,768,768,RGB,JPEG,False,
assets/songs/dl_flashback/1080_base_256.jpg,47788,ece034113bb0948bf46538d5bb50ddd4d53d3e35fbbbb81285749990b11dfbdc,JPEG,song-jacket,384,384,RGB,JPEG,False,
assets/songs/dl_flexidefine/1080_base.jpg,605330,f12f3b694a133d0e3ca9d23401a70da2c9282b904bb5a42007b8eb8dccd7c194,JPEG,song-jacket,768,768,RGB,JPEG,False,
assets/songs/dl_flexidefine/1080_base_256.jpg,192855,86f26bd8c42665e3f43eab231dbd04f835baa691b9a93436e53379faf34f9125,JPEG,song-jacket,384,384,RGB,JPEG,False,
assets/songs/dl_floatingworld/1080_base.jpg,269631,9696d6cb15b627c384313aeeacc1eb42b015e93e4f4226dfdd4efb8f1e085564,JPEG,song-jacket,768,768,RGB,JPEG,False,
assets/songs/dl_floatingworld/1080_base_256.jpg,104163,fb22c7bc819823e8a1b00262c1f161333f58780176da98bfd905ace1a28e490b,JPEG,song-jacket,384,384,RGB,JPEG,False,
assets/songs/dl_fluffyflash/base.jpg,264086,72c28e8bdd94fa980420464d3086e71eaff7fd4d7da2b948444b2fdc1af976ca,JPEG,song-jacket,512,512,RGB,JPEG,False,
assets/songs/dl_fluffyflash/base_256.jpg,71809,df48190d239194fae5b8b44d15806b23524cf49c4e51b5f0ba55d43d664677ab,JPEG,song-directory-image,256,256,RGB,JPEG,False,
assets/songs/dl_flyburg/1080_base.jpg,735429,0530871286f1af339a76ba8347b7ae380cea37a07c84d4409e481747768685cc,JPEG,song-jacket,768,768,RGB,JPEG,False,
assets/songs/dl_flyburg/1080_base_256.jpg,173616,762318f9478fa085178824a505d70e0c8c54c60510a197b8dfbbef857254e265,JPEG,song-jacket,384,384,RGB,JPEG,False,
assets/songs/dl_fractureray/1080_base.jpg,445506,f58a1953c0caea63829d0b3e6c654ee650d9b5e705b4d257255058e4146ee661,JPEG,song-jacket,768,768,RGB,JPEG,False,
assets/songs/dl_fractureray/1080_base_256.jpg,102853,76138db350d5a79ac78a4a62d183fc7c72f1d0bd1f639267b0d041769e47e6b8,JPEG,song-jacket,384,384,RGB,JPEG,False,
assets/songs/dl_freefall/1080_3.jpg,403948,6900e6db825ecdf2085ead97d73d39fe3ca01c4f650a5d2e86e5d10003a11326,JPEG,song-jacket,768,768,RGB,JPEG,False,
assets/songs/dl_freefall/1080_3_256.jpg,108821,05892c33827fc0fd17b9b316c38be101ab99b1a216af5ccdc99f64d69501c9cb,JPEG,song-jacket,384,384,RGB,JPEG,False,
assets/songs/dl_freefall/1080_base.jpg,302412,725d25de07985fe24b64292679711ba09c1870592695e6016e484a2f56de8b1d,JPEG,song-jacket,768,768,RGB,JPEG,False,
assets/songs/dl_freefall/1080_base_256.jpg,81884,21363fd3a8a3a2713d975247a3779cbd37f916f98cf9a6540ee58d420bfd29c7,JPEG,song-jacket,384,384,RGB,JPEG,False,
assets/songs/dl_freemyself/1080_base.jpg,307738,b142cd005a4ed3ef3b71e7aa17c3d0f7a2775359afeac7024e6b3121e1eabe22,JPEG,song-jacket,768,768,RGB,JPEG,False,
assets/songs/dl_freemyself/1080_base_256.jpg,88731,3ae0d8b575df05b3390d8bf30bba367c4d128a8738f410c26e1d3600851539aa,JPEG,song-jacket,384,384,RGB,JPEG,False,
assets/songs/dl_furetemitai/1080_base.jpg,582904,76d26df51745fa7004ea094790be859861268912dfc68ce7f1f2a78f7cd039c5,JPEG,song-jacket,768,768,RGB,JPEG,False,
assets/songs/dl_furetemitai/1080_base_256.jpg,199001,25465d58a66841d2428c3a99188dfd7adfc5b009c34ee01cc67bb7f1e4e09af1,JPEG,song-jacket,384,384,RGB,JPEG,False,
assets/songs/dl_galacticlove/1080_base.jpg,349335,24d9451505c685b29b16a47649d8545135080a20712ac6e1bb83a0b2e3c4fc0e,JPEG,song-jacket,768,768,RGB,JPEG,False,
assets/songs/dl_galacticlove/1080_base_256.jpg,90528,a8e1f186da93221e1c8788fb390f64c329368a81d90909950e26292f2f1e988a,JPEG,song-jacket,384,384,RGB,JPEG,False,
assets/songs/dl_galaxyfriends/1080_base.jpg,409121,249d233875438abfa67731534582b0ffda327babed2d99f016f742cc959b908c,JPEG,song-jacket,768,768,RGB,JPEG,False,
assets/songs/dl_galaxyfriends/1080_base_256.jpg,102047,e6c5c5a4cf943fa96db2ffc49d8dd674a6f095108a333e4c1680be4098a14c80,JPEG,song-jacket,384,384,RGB,JPEG,False,
assets/songs/dl_garakuta/1080_base.jpg,378937,748229824b05ae15230f12f15610e05e683accf3b2c1ff6d3e49188905497629,JPEG,song-jacket,768,768,RGB,JPEG,False,
assets/songs/dl_garakuta/1080_base_256.jpg,98663,13a2ca4c13cbd74ceaaa2ee0eb5038cdb3666f11d3af8086a11db0b477f700d7,JPEG,song-jacket,384,384,RGB,JPEG,False,
assets/songs/dl_gekka/1080_base.jpg,182891,abc66f55a4ecd917d0e7986a38d40c1680f3fbe8e73ce8999fa3261de25de89f,JPEG,song-jacket,768,768,RGB,JPEG,False,
assets/songs/dl_gekka/1080_base_256.jpg,48509,952e20032cc0584904fd47d71714a152bbc9b1b5f323defbfa215935dadbf537,JPEG,song-jacket,384,384,RGB,JPEG,False,
assets/songs/dl_genesis/1080_base.jpg,169864,0d4f33a236e4cfa45bb41773d52abcb4499a336a472a1e2c45936a6561e73a1c,JPEG,song-jacket,768,768,RGB,JPEG,False,
assets/songs/dl_genesis/1080_base_256.jpg,42770,91f8664c9d0aeb1bb7447200c7b7dcfe42edeffc85718648c183d57d3d0f6e7a,JPEG,song-jacket,384,384,RGB,JPEG,False,
assets/songs/dl_genesischunithm/1080_base.jpg,317887,5741161d9da3b1e99dd712eff61d402bcfdbc9398c041da913a331241d8437fb,JPEG,song-jacket,768,768,RGB,JPEG,False,
assets/songs/dl_genesischunithm/1080_base_256.jpg,86297,6419d028767354e6657242e835894d20018c217ef7fbe297fbaefdc13970d68e,JPEG,song-jacket,384,384,RGB,JPEG,False,
assets/songs/dl_gengaozo/base.jpg,204718,187bda016b720ce1d3eb3d8fdff639ab792987541371b80988f01b41bf111a43,JPEG,song-jacket,512,512,RGB,JPEG,False,
assets/songs/dl_gengaozo/base_256.jpg,61452,99a7910a8c4df250953bbb1410e72af2cfa6b6fb5f2b4a001a8a335d896b58dc,JPEG,song-directory-image,256,256,RGB,JPEG,False,
assets/songs/dl_genocider/1080_base.jpg,340269,54c5830cb115425ae9ee3cac43268a27a04a11a1f22ced3e18fb4618beed5a69,JPEG,song-jacket,768,768,RGB,JPEG,False,
assets/songs/dl_genocider/1080_base_256.jpg,75528,e083c8b5d41705a14bd9d0da6859178a1aed1c71e9c24a6d768fd0d36478206d,JPEG,song-jacket,384,384,RGB,JPEG,False,
assets/songs/dl_gensounosatellite/1080_base.jpg,214964,f0b22ef154e20423b578a66b71379a82deddb5e45a08eb4696c12aa04ef42b59,JPEG,song-jacket,768,768,RGB,JPEG,False,
assets/songs/dl_gensounosatellite/1080_base_256.jpg,67655,d25f80d8c4b3f0baa6b5c533e2d5673aa63181cb93ec6200163a5322a1b6f847,JPEG,song-jacket,384,384,RGB,JPEG,False,
assets/songs/dl_gimmedablood/1080_base.jpg,240458,5ea09355f8855c8dac280735351d0fb1becb2c44fc1a86b1cd00a308fbeea638,JPEG,song-jacket,768,768,RGB,JPEG,False,
assets/songs/dl_gimmedablood/1080_base_256.jpg,68123,470431331fb11c6b9141c2452b18cc0771739999d08c9cf5fcd679e4da6f91bb,JPEG,song-jacket,384,384,RGB,JPEG,False,
assets/songs/dl_gimmick/1080_base.jpg,90982,cb7cb1327e1c1d4c7085cb7647b8df99f3ee02a42f556051eb3b53482e77320b,JPEG,song-jacket,768,768,RGB,JPEG,False,
assets/songs/dl_gimmick/1080_base_256.jpg,27123,9f99d9c61fc9853f4ce51f39ced8452d34f30e0c405e5b68c719bff5c9781581,JPEG,song-jacket,384,384,RGB,JPEG,False,
assets/songs/dl_givemeanightmare/1080_base.jpg,425158,c9c141b42df16ce9603d1d57219b48f9eebb987fd22b8155486c25295a11c9dd,JPEG,song-jacket,768,768,RGB,JPEG,False,
assets/songs/dl_givemeanightmare/1080_base_256.jpg,115284,4f96adea3ea056e70d324efffa99d5da4578a521d14981bc9a86860e3ed54faa,JPEG,song-jacket,384,384,RGB,JPEG,False,
assets/songs/dl_gloryroad/1080_base.jpg,320325,f84942b80d4a5d61cc3c4dc8105d3147328c747c0f892456e5aa758a0833f91c,JPEG,song-jacket,768,768,RGB,JPEG,False,
assets/songs/dl_gloryroad/1080_base_256.jpg,86072,4c4a0c6d1c761def7c52cd17302fbb89a012029190b8b391c3726fddce7a4b55,JPEG,song-jacket,384,384,RGB,JPEG,False,
assets/songs/dl_glow/1080_base.jpg,187657,e0412e6a284d8069759d2f4fd6faa64f7c336a01651e6924e544b8383ea17604,JPEG,song-jacket,768,768,RGB,JPEG,False,
assets/songs/dl_glow/1080_base_256.jpg,39829,74e081e082efd94a378330c7aa0baeb134ef7cfb4ebf54cc17eaed80537d4a61,JPEG,song-jacket,384,384,RGB,JPEG,False,
assets/songs/dl_goldenslaughterer/1080_base.jpg,292889,9eb674ca2bfc017214687e9a82aa1ec850517a039315be14a063cadbd4c1435c,JPEG,song-jacket,768,768,RGB,JPEG,False,
assets/songs/dl_goldenslaughterer/1080_base_256.jpg,81274,12cc5fa5e46b52ea180931c81009ad0d4eae0b90c4df96cce629c26942827ef3,JPEG,song-jacket,384,384,RGB,JPEG,False,
assets/songs/dl_goodbyemerry/1080_base.jpg,161135,29937b9da64b3be1afbc799a8772998692b3514b3526dece97e3164367515be8,JPEG,song-jacket,768,768,RGB,JPEG,False,
assets/songs/dl_goodbyemerry/1080_base_256.jpg,53309,a6423ebb503a52fd41438a9af361b23c10af32ee8ef26ebb3fdc65e85cf77374,JPEG,song-jacket,384,384,RGB,JPEG,False,
assets/songs/dl_goodrage/1080_base.jpg,474840,5bd4b3b53eec921833e1fd13e4e63df9c18dbd914e2ee56d0b94d89f5e091a36,JPEG,song-jacket,768,768,RGB,JPEG,False,
assets/songs/dl_goodrage/1080_base_256.jpg,138166,2fe8a6bcfbf2d91d6ac70649789eb5132e969ec3a7893134e73fc95a30cfca03,JPEG,song-jacket,384,384,RGB,JPEG,False,
assets/songs/dl_goodtek/1080_3.jpg,323513,ba00b84b1745a6e287cf35adb79be7e582347eb3634abb4cdf71922e5c9d780d,JPEG,song-jacket,768,768,RGB,JPEG,False,
assets/songs/dl_goodtek/1080_3_256.jpg,105018,d99bed1369d13dd77336aa84d9265996df06755fdbcece673f3a7a9379117100,JPEG,song-jacket,384,384,RGB,JPEG,False,
assets/songs/dl_goodtek/1080_base.jpg,258664,0684b6610f1018af3918e4d4c97bf57adc2e137aa14e85396574131ff0a30734,JPEG,song-jacket,768,768,RGB,JPEG,False,
assets/songs/dl_goodtek/1080_base_256.jpg,63467,2c09413cdd04d3c42ea21a6c8118633416ea2dc2eb0f48a289080f2bf4efd6c3,JPEG,song-jacket,384,384,RGB,JPEG,False,
assets/songs/dl_gothiveofra/base.jpg,186017,a8c8d4d45c8f87ee0304da2d265b4cfb3e3610dc2df0b7dfe7f627c282474861,JPEG,song-jacket,512,512,RGB,JPEG,False,
assets/songs/dl_gothiveofra/base_256.jpg,81412,bb7e83942b1f4269cda88991ce1c265ed3c179e2312d509dce69be8db321ad73,JPEG,song-directory-image,256,256,RGB,JPEG,False,
assets/songs/dl_gou/1080_base.jpg,459452,448fd94ad2146f8c4a30dc7bbfaacdf068ecff18c6fdcabb39c54883a5a996eb,JPEG,song-jacket,768,768,RGB,JPEG,False,
assets/songs/dl_gou/1080_base_256.jpg,117960,88c9de7029bbd8bb2b7ea26278286036000958ffab69f16e4df0ee35e6c9ca80,JPEG,song-jacket,384,384,RGB,JPEG,False,
assets/songs/dl_grandspell/1080_base.jpg,625666,d299daaa046092dd3edb2ecebe9771bc1455e5b5b0cafa3fa3848a5d26fd054d,JPEG,song-jacket,768,768,RGB,JPEG,False,
assets/songs/dl_grandspell/1080_base_256.jpg,160251,9c36dc83f8b7c18f7870982dba1c6b8dfd2eac14c9662edd487bd25d82fdef7b,JPEG,song-jacket,384,384,RGB,JPEG,False,
assets/songs/dl_grievouslady/1080_base.jpg,291023,c4ef01176997282a5a8feb11c40e21bd718f8b40c653eff0755f016dc83dd0d4,JPEG,song-jacket,768,768,RGB,JPEG,False,
assets/songs/dl_grievouslady/1080_base_256.jpg,75958,e028d012a0338887bfd0b9c4cfdc3643a0afe26c671aa305fa03bfaa507d175d,JPEG,song-jacket,384,384,RGB,JPEG,False,
assets/songs/dl_guardina/1080_base.jpg,350578,5985be6fb9fa13b11ca532e4aae11bfafd3b478df46b9ac36ce5ac6419884c18,JPEG,song-jacket,768,768,RGB,JPEG,False,
assets/songs/dl_guardina/1080_base_256.jpg,96848,ea8a146579066272f6b9536041160a5fb25e361b906a7d192cbea76afb1d0a3e,JPEG,song-jacket,384,384,RGB,JPEG,False,
assets/songs/dl_hailstone/1080_base.jpg,300805,440188a49472a5194d6c73519870671036728c5c25fa967668b2fd43bd3044a3,JPEG,song-jacket,768,768,RGB,JPEG,False,
assets/songs/dl_hailstone/1080_base_256.jpg,89465,1c1fe286bc2a783ba88536fa24fc46724359102e537dc4ebfd178dce131d814a,JPEG,song-jacket,384,384,RGB,JPEG,False,
assets/songs/dl_halcyon/1080_base.jpg,249277,bc660c4ccf0024b4d02aec31d79207695afdb6ccb1345c195389d64a97011143,JPEG,song-jacket,768,768,RGB,JPEG,False,
assets/songs/dl_halcyon/1080_base_256.jpg,66420,d84853608fbf8b4b892c2d594b2afc00043b43716cb13a470fab859c1a05de03,JPEG,song-jacket,384,384,RGB,JPEG,False,
assets/songs/dl_hallofmirrors/1080_base.jpg,274400,125cae1f29bfc95cd245336f1ae60cdc4dfac29f123a50e23e4d83128b468d46,JPEG,song-jacket,768,768,RGB,JPEG,False,
assets/songs/dl_hallofmirrors/1080_base_256.jpg,75555,8779dcb865a6e4a60ee5a265b8db0cba85124cac5e13b0dedea9ae705d705b95,JPEG,song-jacket,384,384,RGB,JPEG,False,
assets/songs/dl_harutopia/1080_base.jpg,78272,30abd76f714513c403c898e1631fbd434120bf0697e0e4d06cf89f5f0c89dc66,JPEG,song-jacket,768,768,RGB,JPEG,False,
assets/songs/dl_harutopia/1080_base_256.jpg,26482,5065afda94e0e807d357f72ee3d015991b7c22448b1a3faedb27eeb5b697f80c,JPEG,song-jacket,384,384,RGB,JPEG,False,
assets/songs/dl_headbonkache/1080_base.jpg,602213,9d3cd8c63df043d469562413187bb80e5927dda5d07e364ef491ceee0f0e7437,JPEG,song-jacket,768,768,RGB,JPEG,False,
assets/songs/dl_headbonkache/1080_base_256.jpg,142462,d52f2f68ca8f49f929947f910e6253aee703d84b14508098832b1ab6306dbdde,JPEG,song-jacket,384,384,RGB,JPEG,False,
assets/songs/dl_hearditsaid/1080_base.jpg,288799,62548e0e975f781592675ebfe8691894a3917350b54f7200fcd96cbabba23f68,JPEG,song-jacket,768,768,RGB,JPEG,False,
assets/songs/dl_hearditsaid/1080_base_256.jpg,79692,225c246fe92e8ee7c826a5ec2687d7988897633eb257f458ef5f93425366851b,JPEG,song-jacket,384,384,RGB,JPEG,False,
assets/songs/dl_heartache/1080_base.jpg,105971,ef94741f0b8fd0e0552e0280fbe7c3fe5fa5ec42ccfeff6dafe6760547c10ca5,JPEG,song-jacket,768,768,RGB,JPEG,False,
assets/songs/dl_heartache/1080_base_256.jpg,40145,02122e2c3f2162e7b74dbd27a7d270c5508b2a13c97119f82c35e25c577ee247,JPEG,song-jacket,384,384,RGB,JPEG,False,
assets/songs/dl_heartjackin/1080_base.jpg,281320,8bd3a89e527a7cd0bba6b0502ecc252b5d8b124d291d34cd63bde3f6edac6647,JPEG,song-jacket,768,768,RGB,JPEG,False,
assets/songs/dl_heartjackin/1080_base_256.jpg,72415,5383468548c3223529cb7ddf19c4c7b6952f2e7efaa021f477c707a925161a79,JPEG,song-jacket,384,384,RGB,JPEG,False,
assets/songs/dl_heavenlycaress/1080_3.jpg,298337,31cfad86688bf4d27d128987b0786ae68320b62c72d077265bd52a24060e278f,JPEG,song-jacket,768,768,RGB,JPEG,False,
assets/songs/dl_heavenlycaress/1080_3_256.jpg,83558,2805f311823235c1748d9ae5dca88fe4f480336c91805cc251d4b0f27313853b,JPEG,song-jacket,384,384,RGB,JPEG,False,
assets/songs/dl_heavenlycaress/1080_base.jpg,328723,4079bc7b48be6c261cb14f36139274fefe0824079787c2a170e8d5a46258f824,JPEG,song-jacket,768,768,RGB,JPEG,False,
assets/songs/dl_heavenlycaress/1080_base_256.jpg,80672,7b28440b1cffd8c504a81420f9d004572b69679f528d42d754089e1367259a24,JPEG,song-jacket,384,384,RGB,JPEG,False,
assets/songs/dl_heavensdoor/1080_3.jpg,331778,d04dfad1e2c9240cdb059ade18e539995013853206636cf75c40303d0e79d8f5,JPEG,song-jacket,768,768,RGB,JPEG,False,
assets/songs/dl_heavensdoor/1080_3_256.jpg,85496,a2697b5557518966f74f7ca35de813d5aca1e84e7cb1c1a0873f5bd30442ef68,JPEG,song-jacket,384,384,RGB,JPEG,False,
assets/songs/dl_heavensdoor/1080_base.jpg,85527,240484783a07f29d70ed0fd2b98bdd6d0f69abd638caa001aff71ae4e48a8098,JPEG,song-jacket,768,768,RGB,JPEG,False,
assets/songs/dl_heavensdoor/1080_base_256.jpg,18912,facd002a52a96dc4dfd9b114cb035749febed33441bc31b5574614ad06d447f8,JPEG,song-jacket,384,384,RGB,JPEG,False,
assets/songs/dl_hellohell/1080_base.jpg,276790,1e30708e09e3b7ac5f2cad459f079512c973c335aa4d675252aa7d530c620a69,JPEG,song-jacket,768,768,RGB,JPEG,False,
assets/songs/dl_hellohell/1080_base_256.jpg,106060,ea34ccef97268829c409ab5fd7e7162215b576cd2265030e8853c9f7314d3419,JPEG,song-jacket,384,384,RGB,JPEG,False,
assets/songs/dl_hiirogekka/1080_base.jpg,218977,115e163a9fe36ee827144eee2abea4b38c9ed61f82f6a9064dc393aa2a4b977e,JPEG,song-jacket,768,768,RGB,JPEG,False,
assets/songs/dl_hiirogekka/1080_base_256.jpg,51472,75d67cbc17cdc2f3994f54ba13b4ae0d2459ebefc93406bf584c90f106645987,JPEG,song-jacket,384,384,RGB,JPEG,False,
assets/songs/dl_hikari/1080_base.jpg,283494,8abb7905a552a418ff5b782003d93cc67d469a8fd872b528d73a4d2a47938d9b,JPEG,song-jacket,768,768,RGB,JPEG,False,
assets/songs/dl_hikari/1080_base_256.jpg,73161,3ae24a0fa00767be1c4b9c2b84af115dd1146390ac90fa3e211deae5ece0cbd2,JPEG,song-jacket,384,384,RGB,JPEG,False,
assets/songs/dl_hivemind/1080_base.jpg,254625,11a2c562e3a9e91f434c109853a8e9b2fcc75ec7c63981a30c34111cf7005f0a,JPEG,song-jacket,768,768,RGB,JPEG,False,
assets/songs/dl_hivemind/1080_base_256.jpg,74466,ccad6f1b414dd10667726f8882a4d93d87fd0cf3a88430a1c4a6210af616d332,JPEG,song-jacket,384,384,RGB,JPEG,False,
assets/songs/dl_hotarubinoyuki/1080_base.jpg,271109,9b0c620ff1a8eee62bd8260f3a97d6350745e74ccf0a373e22147025ed0ebcaf,JPEG,song-jacket,768,768,RGB,JPEG,False,
assets/songs/dl_hotarubinoyuki/1080_base_256.jpg,89535,89c2018448af1b030d4692127d7777b90c7922e3e828aa5bf96379ababbe582f,JPEG,song-jacket,384,384,RGB,JPEG,False,
assets/songs/dl_hybris/1080_base.jpg,446174,7397500e99530a0c9caa988cbf5a06b20264dee8b37e39b5411b2ea7653c8108,JPEG,song-jacket,768,768,RGB,JPEG,False,
assets/songs/dl_hybris/1080_base_256.jpg,102269,87d36fabf7cc3014a77dd3c692649579487341fdc801a104977230b79a7c9bba,JPEG,song-jacket,384,384,RGB,JPEG,False,
assets/songs/dl_hypervision/1080_base.jpg,288223,7a658b045d8493f65f96408fe1d9414886732adc7f93d1f39934f2e3e17470f5,JPEG,song-jacket,768,768,RGB,JPEG,False,
assets/songs/dl_hypervision/1080_base_256.jpg,100181,647664eafaeaf4fb9ecd1262196fc5a8a4c569b9e3bde84775fb1c2c8c68198e,JPEG,song-jacket,384,384,RGB,JPEG,False,
assets/songs/dl_hypnotize/1080_base.jpg,241104,673b008d82df8ce2180637eafbaa92580c9a87cca9822aed9aaba509dacd5a90,JPEG,song-jacket,768,768,RGB,JPEG,False,
assets/songs/dl_hypnotize/1080_base_256.jpg,78675,a8be8ebccae55860b9d4d76908f89650f7b2eebfee6d673115dececd41250a3c,JPEG,song-jacket,384,384,RGB,JPEG,False,
assets/songs/dl_ichirin/1080_base.jpg,122128,f2f96105e09227ee79652ea840b03c26bbd2ebf000d6ef81c281b34104bd1b5e,JPEG,song-jacket,768,768,RGB,JPEG,False,
assets/songs/dl_ichirin/1080_base_256.jpg,46279,97cc0e4e265bfa35946fd07e0f787203c568bf5f168e7b529a823031e096b6b7,JPEG,song-jacket,384,384,RGB,JPEG,False,
assets/songs/dl_iconoclast/1080_base.jpg,270901,8a2231ffe30293b1b4a1ce96f42ddaec845ac58cb1b81227bd67296a6e1e970f,JPEG,song-jacket,768,768,RGB,JPEG,False,
assets/songs/dl_iconoclast/1080_base_256.jpg,72002,44ab53cdea86b89db255a998139efc223365e5314d9a353bef083b0397dc8fcf,JPEG,song-jacket,384,384,RGB,JPEG,False,
assets/songs/dl_ifi/1080_base.jpg,356257,817c16bc8363f14610d7291d9d00c8c37994bd3e1d4abc0aad696bf1ab78b4b0,JPEG,song-jacket,768,768,RGB,JPEG,False,
assets/songs/dl_ifi/1080_base_256.jpg,92939,eaeb6508b5bbbfbad748ecb8d1484c7fe43383eaf9480c6175a7f10e42f9c948,JPEG,song-jacket,384,384,RGB,JPEG,False,
assets/songs/dl_ignition/1080_base.jpg,441689,4b6b4e78aeb8b5d58c84d0339a0b2d31a7b824d32d4e17bb1a2154df3d20a3a0,JPEG,song-jacket,768,768,RGB,JPEG,False,
assets/songs/dl_ignition/1080_base_256.jpg,118544,53c3b10f3f6a8148d69277095a16b9d00a6c476baf3d7001c71d54da7e706399,JPEG,song-jacket,384,384,RGB,JPEG,False,
assets/songs/dl_ignotus/1080_3.jpg,206041,12bda842b223a89a193f94a53c354b4b9070577188751384a150cf0ba6100145,JPEG,song-jacket,768,768,RGB,JPEG,False,
assets/songs/dl_ignotus/1080_3_256.jpg,60444,6c41009ee742fc1d86588bec9329e2c62ab12297608cd34f6f2da0d260fbc5fe,JPEG,song-jacket,384,384,RGB,JPEG,False,
assets/songs/dl_ignotus/1080_base.jpg,260795,30b8e1b4e0526038c7cf5a68a79bcc202366313aab5ab8e414daa6177208d55f,JPEG,song-jacket,768,768,RGB,JPEG,False,
assets/songs/dl_ignotus/1080_base_256.jpg,58249,f4cdeab9c672cb5d708a85ccdbe8d7427a78d3af3ef913d3ba887ff76fff2ae6,JPEG,song-jacket,384,384,RGB,JPEG,False,
assets/songs/dl_ii/1080_0.jpg,152375,0f1b82c121ff5bfb18368f3208b45c173cd4b95ce77b9a44c3cdf8daf134dd05,JPEG,song-jacket,768,768,RGB,JPEG,False,
assets/songs/dl_ii/1080_0_256.jpg,43332,d6abcfb40e3c23fe3deccecc6d9e2dbfedcb60337f60fbe883dbcbb471d818e1,JPEG,song-jacket,384,384,RGB,JPEG,False,
assets/songs/dl_ii/1080_1.jpg,149707,28f8f56aab18112a7ae69ed7ad7be5a52fa337fb0a4cd5591bbe1ba71c88fadf,JPEG,song-jacket,768,768,RGB,JPEG,False,
assets/songs/dl_ii/1080_1_256.jpg,42208,478ff29506805bfb9996fd28b42f6e8526ca4fe635796f08fc2b7d157bb1fda4,JPEG,song-jacket,384,384,RGB,JPEG,False,
assets/songs/dl_ii/1080_base.jpg,162145,a1101320dfd2ee075487c99e73761fb9079f111cf51b013e38ceff8b04221f5d,JPEG,song-jacket,768,768,RGB,JPEG,False,
assets/songs/dl_ii/1080_base_256.jpg,45197,4a63244ce906c7df3719edfdf33e375f8bfcab845e2bcc464f33d31a86b5fd1c,JPEG,song-jacket,384,384,RGB,JPEG,False,
assets/songs/dl_ikazuchi/1080_base.jpg,581813,ffb007c4d9691eb61c46d1e5d13ddf1e8dbc8f776df16b42b2c0d393e2a74f56,JPEG,song-jacket,768,768,RGB,JPEG,False,
assets/songs/dl_ikazuchi/1080_base_256.jpg,134365,266d667ffcc022aa8307d05e3f40ed33f92575e3fb82a0bb8aef64da383b7936,JPEG,song-jacket,384,384,RGB,JPEG,False,
assets/songs/dl_impact/1080_base.jpg,305550,1d66ffcca77fb721efae2d0d5328d9e3b9bca99a3166833d1ef968157dc93e82,JPEG,song-jacket,768,768,RGB,JPEG,False,
assets/songs/dl_impact/1080_base_256.jpg,83955,97c9186fcaac04fcde464d33ef48745b624a827f6473e9a4a4ba596dfbe92efb,JPEG,song-jacket,384,384,RGB,JPEG,False,
assets/songs/dl_impurebird/1080_base.jpg,267549,89442ac665b779f4995b883f9e787f44e65ac59f9f99dc1d28c73365af2e5895,JPEG,song-jacket,768,768,RGB,JPEG,False,
assets/songs/dl_impurebird/1080_base_256.jpg,78568,076fc4d1c8b372c1068b5e1483728449fa4fdc073d6aa5087e9c6bf0644c6d1e,JPEG,song-jacket,384,384,RGB,JPEG,False,
assets/songs/dl_incarnator/1080_base.jpg,399686,674228ca0c0e64a8de3823f1f4a7a9189be55aaa697c3e7c3e1a922155e2d3e9,JPEG,song-jacket,768,768,RGB,JPEG,False,
assets/songs/dl_incarnator/1080_base_256.jpg,101925,94b400d833d011c29c7c41b737517919afe1fe34881eb070f679786ba11553b3,JPEG,song-jacket,384,384,RGB,JPEG,False,
assets/songs/dl_incompleteone/1080_base.jpg,303464,383f5b4b275ac28d59bc53416ee7409677b9540eac9309504d58f8f4a727d626,JPEG,song-jacket,768,768,RGB,JPEG,False,
assets/songs/dl_incompleteone/1080_base_256.jpg,112274,e353dbe7680121ab91b9a400dd32b1cadd11d6d850de5bb1c1e3b159c1d1b400,JPEG,song-jacket,384,384,RGB,JPEG,False,
assets/songs/dl_infinitedim/1080_base.jpg,577160,89158a6ae6dd811f4101c0739e67b74007f52e92f088096c1cce5928bb5a1770,JPEG,song-jacket,768,768,RGB,JPEG,False,
assets/songs/dl_infinitedim/1080_base_256.jpg,169041,69cc096fe1786670f3ef0930909e33de4b2ad948a65516453620e1115cea31f5,JPEG,song-jacket,384,384,RGB,JPEG,False,
assets/songs/dl_infinitestrife/1080_base.jpg,352083,539585072d42ca9d474bd12f86760174d6b983fd4a17e90d47071d950db971a9,JPEG,song-jacket,768,768,RGB,JPEG,False,
assets/songs/dl_infinitestrife/1080_base_256.jpg,94756,6f44b710fafadbb822981a9801b0228c8c3b88a08bf7516ad5263fd1dc4ed204,JPEG,song-jacket,384,384,RGB,JPEG,False,
assets/songs/dl_infinity/1080_base.jpg,171313,3f7a5ccb066972e86fa874f2fb61bb379986c15f212e64dfdb6ea77c21715616,JPEG,song-jacket,768,768,RGB,JPEG,False,
assets/songs/dl_infinity/1080_base_256.jpg,48938,6d01998db9e3f71242320ad3b7ca205e85cafc65c6496e2a960038fba9eb1faa,JPEG,song-jacket,384,384,RGB,JPEG,False,
assets/songs/dl_init/1080_base.jpg,253148,5c9fe74923d641deb88a53c3c6793e0fa29579e62e4cda2ad746c5182e9c29eb,JPEG,song-jacket,768,768,RGB,JPEG,False,
assets/songs/dl_init/1080_base_256.jpg,64113,5d4cb5621766c4d5d0cec6de218d520cef27d7a0352a8f18e1a61e41c61266d1,JPEG,song-jacket,384,384,RGB,JPEG,False,
assets/songs/dl_innocence/1080_base.jpg,301242,46ab7bb77129c87d0335b8fcfb186472abbc0c17eae96b8d6e27708a78cce1a4,JPEG,song-jacket,768,768,RGB,JPEG,False,
assets/songs/dl_innocence/1080_base_256.jpg,95281,76c3a78daf1fda9d1a7ebae15fe98def4aa9dcebe03f089d9c0b1d077a7b2d9b,JPEG,song-jacket,384,384,RGB,JPEG,False,
assets/songs/dl_internetoverdose/1080_base.jpg,319683,4ed6967df2afd518b2c55649a631836e610da62fd56b1d13cbd0024bccbe88fd,JPEG,song-jacket,768,768,RGB,JPEG,False,
assets/songs/dl_internetoverdose/1080_base_256.jpg,91257,ca6ff9639cb4ad3c255ff79d0df77ff6213b3bc3eb4c52d4a1ca19c6eaba8748,JPEG,song-jacket,384,384,RGB,JPEG,False,
assets/songs/dl_internetyamero/1080_base.jpg,344182,8a52042a7999142a96bb7b69cbe2bc5e2cb3070f1b6f53af974612ad09c8561e,JPEG,song-jacket,768,768,RGB,JPEG,False,
assets/songs/dl_internetyamero/1080_base_256.jpg,99731,d2b942f2ecafa0664ef8550d908679853b8cf92446ec2a882bb8f1b0ed200df0,JPEG,song-jacket,384,384,RGB,JPEG,False,
assets/songs/dl_invain/1080_base.jpg,322442,98af503c247d77be65d1d83caffc5c01f14ba1700eb329152d698ffc3bde7f9b,JPEG,song-jacket,768,768,RGB,JPEG,False,
assets/songs/dl_invain/1080_base_256.jpg,99447,103b5033fef6cb8dbf5d8da16322839aea6b9a38b01c4de15e4bb6985e6f12f2,JPEG,song-jacket,384,384,RGB,JPEG,False,
assets/songs/dl_invertedworld/1080_base.jpg,305157,71b919e4d33f1d5b1a83087dfe940e92acdb11845ee461232c345feb8bd22200,JPEG,song-jacket,768,768,RGB,JPEG,False,
assets/songs/dl_invertedworld/1080_base_256.jpg,111557,0a39f1ab3b08795386081514afdae9fb984ed0b55280d5bb956c5c8652ad1c3c,JPEG,song-jacket,384,384,RGB,JPEG,False,
assets/songs/dl_ionostream/1080_base.jpg,285186,64b64e1be1196c1e07000212930dccb894d83c111fb2e89719bcb41dabb2568e,JPEG,song-jacket,768,768,RGB,JPEG,False,
assets/songs/dl_ionostream/1080_base_256.jpg,91126,bb34486c6666be77c976f0602415bb9835f4ce09e35c4257fc66f79218633dd2,JPEG,song-jacket,384,384,RGB,JPEG,False,
assets/songs/dl_iwantyou/1080_base.jpg,230914,df75f7a9c88c818e33b8b7c58778c909a5c577086ebf47ed685fdb6005b524c4,JPEG,song-jacket,768,768,RGB,JPEG,False,
assets/songs/dl_iwantyou/1080_base_256.jpg,105797,645c9f27d009299bd4bbbd0aca5de850ccaea16234725c52591cb02184bbcf8b,JPEG,song-jacket,384,384,RGB,JPEG,False,
assets/songs/dl_izana/1080_base.jpg,317902,0318e11eebf77f3308e755781ed6342e4afeace875b41da50255b327f7f32afa,JPEG,song-jacket,768,768,RGB,JPEG,False,
assets/songs/dl_izana/1080_base_256.jpg,82837,af0fd6673b704098b437c25d60c88a12a02ffbd2494f8ce40fcc8da2e5910c6e,JPEG,song-jacket,384,384,RGB,JPEG,False,
assets/songs/dl_journey/1080_base.jpg,273131,f678aeb14c82e99166013372c63a31d0db22d799a5a68f2ff9dc78e58413c2b5,JPEG,song-jacket,768,768,RGB,JPEG,False,
assets/songs/dl_journey/1080_base_256.jpg,87029,7770d43546d2c3b53fb39e51e79ce2e1a34bdb868d9d8f3ff4ac0efa1a1a445f,JPEG,song-jacket,384,384,RGB,JPEG,False,
assets/songs/dl_judgement/1080_base.jpg,283439,4fbacc329c7a28173eec8d23f4fd4dad56458bd824d1550b4ba73bbc6d0bd6e5,JPEG,song-jacket,768,768,RGB,JPEG,False,
assets/songs/dl_judgement/1080_base_256.jpg,92315,5bd1f76594061a7aec079b71dd0781f901eb2fc985fac9b73e05959f14b9df28,JPEG,song-jacket,384,384,RGB,JPEG,False,
assets/songs/dl_jump/1080_base.jpg,346067,a3d504b95dd1ca0a6530c98ef166af21ff7d4672a2fa6bbed68a13a945430785,JPEG,song-jacket,768,768,RGB,JPEG,False,
assets/songs/dl_jump/1080_base_256.jpg,91317,eed62fe3b67b2a68ed0f72f7e30c3220b38fdeeb0bfab1f4343f3ec66692e0e2,JPEG,song-jacket,384,384,RGB,JPEG,False,
assets/songs/dl_kamippoi/1080_base.jpg,259860,4f78b1f7e100b6b18082683084e50813d6dfe5cc01c18f0797820dadf6887653,JPEG,song-jacket,768,768,RGB,JPEG,False,
assets/songs/dl_kamippoi/1080_base_256.jpg,87842,9bc28def59cf726b509862bc763b5a09b09ab989e9b54fe1a20fb40fedada4d5,JPEG,song-jacket,384,384,RGB,JPEG,False,
assets/songs/dl_kanagawa/1080_3.jpg,346084,701a5c9f80aa9314030002a282705950fa47701ab4cbd6de63c8bbe89c41395f,JPEG,song-jacket,768,768,RGB,JPEG,False,
assets/songs/dl_kanagawa/1080_3_256.jpg,86073,5e3b15d981419036b8b74c29119b11e5bf4b0156d3f192921e27bf78057ce1a5,JPEG,song-jacket,384,384,RGB,JPEG,False,
assets/songs/dl_kanagawa/1080_base.jpg,283650,c16eb59d3d0386d648680a2624e2ae5a925a61f8498d3fd9558a41da0cfbcb1c,JPEG,song-jacket,768,768,RGB,JPEG,False,
assets/songs/dl_kanagawa/1080_base_256.jpg,69731,e6a24a9fafb6dbc8dfc301a92fcf165e535b355cd0c2e290c47c9fe1af494261,JPEG,song-jacket,384,384,RGB,JPEG,False,
assets/songs/dl_kissinglucifer/1080_base.jpg,268753,0f7851bc49671062d65164c4c1e018cc6d4ad5fe2ddbeb497fb60a3f43bed15b,JPEG,song-jacket,768,768,RGB,JPEG,False,
assets/songs/dl_kissinglucifer/1080_base_256.jpg,69155,9a583f51289e543e5105aca37b39a8cdfb0948947b871d18ae377b3a98137568,JPEG,song-jacket,384,384,RGB,JPEG,False,
assets/songs/dl_kokoro/base.jpg,177216,f3511beb8577c149680f9f5c9a48c42e6fb8aa11cac04ebb8be04801f3580196,JPEG,song-jacket,512,512,RGB,JPEG,False,
assets/songs/dl_kokoro/base_256.jpg,74477,877d41c7bc6092bf638ef0809d220f1544e34ead3fd0552c365c5fc273215042,JPEG,song-directory-image,256,256,RGB,JPEG,False,
assets/songs/dl_kyogenkigo/1080_3.jpg,409778,dcff125f16d266c13b4274200388a8cc2be078955482c04946160c17f96e1c1d,JPEG,song-jacket,768,768,RGB,JPEG,False,
assets/songs/dl_kyogenkigo/1080_3_256.jpg,120529,4210af36ad6649f5441bcc1a05cce3f712336fd91dbce3dd1e9fb4ccc59d929e,JPEG,song-jacket,384,384,RGB,JPEG,False,
assets/songs/dl_kyogenkigo/1080_base.jpg,377242,10a8edc7118b10e29a5994882e04e0e2a0f6962d400549f66ea5edddcc50f0e4,JPEG,song-jacket,768,768,RGB,JPEG,False,
assets/songs/dl_kyogenkigo/1080_base_256.jpg,98300,35dd6e7e59bfd71103b7d338f56ad6bf8559a8bd7058acf0c4fb3a32f3c960d4,JPEG,song-jacket,384,384,RGB,JPEG,False,
assets/songs/dl_kyorenromance/1080_base.jpg,213618,73df7f90951fffeb22abf3c48fe1e1ecc28853542e44cc008d614dcd73cecbac,JPEG,song-jacket,768,768,RGB,JPEG,False,
assets/songs/dl_kyorenromance/1080_base_256.jpg,80199,2370f437f6bce76890a57902d1a4c4eaf27e935d3fcb8fd509796b7b7fe98402,JPEG,song-jacket,384,384,RGB,JPEG,False,
assets/songs/dl_ladymadestar/1080_base.jpg,298311,79d4547a95b5d16448416aa7ae94c1902bb7c4ba5679750e40c262de5c926339,JPEG,song-jacket,768,768,RGB,JPEG,False,
assets/songs/dl_ladymadestar/1080_base_256.jpg,132259,5001c49796c485abb16760eb6eab5aa6e1c096b505116ab5beb598026b246086,JPEG,song-jacket,384,384,RGB,JPEG,False,
assets/songs/dl_lamentrain/1080_base.jpg,343834,e761fe0deaf121b780ca1f489553e6ceffdbb56f691b62c04485fd07725a8802,JPEG,song-jacket,768,768,RGB,JPEG,False,
assets/songs/dl_lamentrain/1080_base_256.jpg,98171,de5cea91d14573639a02d12b28de2fff873f0e8dff5b05e35fa37a2cf2057412,JPEG,song-jacket,384,384,RGB,JPEG,False,
assets/songs/dl_lamia/base.jpg,234307,1db0f29464b728ab65b2ed8fdf67c369e44cecc84433ea173b7a23bd8b7194e3,JPEG,song-jacket,512,512,RGB,JPEG,False,
assets/songs/dl_lamia/base_256.jpg,85509,e378b259c22472b3941d2d82404e48eaffb2f25018f02100133064540e4839c9,JPEG,song-directory-image,256,256,RGB,JPEG,False,
assets/songs/dl_lapis/1080_base.jpg,186821,b0d2bb30735b83073f429acae0fd6afc28f961894da1ea8f53047942d10d5d94,JPEG,song-jacket,768,768,RGB,JPEG,False,
assets/songs/dl_lapis/1080_base_256.jpg,50560,e7625f377359d608fb84c6c9456551d8c40692a378461d45dd6b0c6bd7fe61c9,JPEG,song-jacket,384,384,RGB,JPEG,False,
assets/songs/dl_laqryma/1080_3.jpg,473496,11ce6de57e9583d9d3b57061060e2d7862ac796348291731fd2e3b3861226915,JPEG,song-jacket,768,768,RGB,JPEG,False,
assets/songs/dl_laqryma/1080_3_256.jpg,113554,819a4d2cf8c81e54ea569ead74bfae77f33e4b178b40c988189f5a02366589d2,JPEG,song-jacket,384,384,RGB,JPEG,False,
assets/songs/dl_laqryma/1080_base.jpg,370099,bc1eea5971a2e228e501bbc28506a8adc1d34e476c163ad739565dbaca72b821,JPEG,song-jacket,768,768,RGB,JPEG,False,
assets/songs/dl_laqryma/1080_base_256.jpg,87445,642051be823ada9df7b4cc5efc74fc5463a473c4165414158858492607f45c87,JPEG,song-jacket,384,384,RGB,JPEG,False,
assets/songs/dl_last/1080_3.jpg,269787,ccaaddfc77e9cd0d09df5008ccbea14a0459a41b470b80bba97152b3ff861ad6,JPEG,song-jacket,768,768,RGB,JPEG,False,
assets/songs/dl_last/1080_3_256.jpg,71906,0e8cd330ba753e10da4ba77487a7472331d70bfbf06521c47ad2fc0b7f733d8f,JPEG,song-jacket,384,384,RGB,JPEG,False,
assets/songs/dl_last/1080_base.jpg,267792,592e19744512ba195ce19cb4c21391f0b4f11074c7e28f0d2f37c82710be8cb1,JPEG,song-jacket,768,768,RGB,JPEG,False,
assets/songs/dl_last/1080_base_256.jpg,72616,36ec069c76bce7f1ff3abf8221860664395d1e0017fb51414cb720e4e06dc5b1,JPEG,song-jacket,384,384,RGB,JPEG,False,
assets/songs/dl_lastcelebration/1080_base.jpg,364360,fb606293407c55d0def9f5d6c49735d8737628d89dc9cd5364a429f7259bef9c,JPEG,song-jacket,768,768,RGB,JPEG,False,
assets/songs/dl_lastcelebration/1080_base_256.jpg,95325,8c75bfd7a23afeef33c2b54f12cba8020224054fea0df56e12b0f7a195a26d51,JPEG,song-jacket,384,384,RGB,JPEG,False,
assets/songs/dl_lastendconductor/1080_base.jpg,319983,cc11db489855cc4e0a7639d8a51ce4fc9bff647fbeabdbfb27a879e02a1ddd6d,JPEG,song-jacket,768,768,RGB,JPEG,False,
assets/songs/dl_lastendconductor/1080_base_256.jpg,87870,8e5056f0a908280dfe9247d755a9391030d447cb6554658b206b1e51a5b05cda,JPEG,song-jacket,384,384,RGB,JPEG,False,
assets/songs/dl_lasteternity/1080_base.jpg,264825,e6545afb39941700969ed9d80447e211a6a8c6ce22eea584ed6a01c38f522881,JPEG,song-jacket,768,768,RGB,JPEG,False,
assets/songs/dl_lasteternity/1080_base_256.jpg,72410,59d61a47abfb03d68a4a64df0ddcc96ec94dcb5a54fab8921ac909b01541a6b9,JPEG,song-jacket,384,384,RGB,JPEG,False,
assets/songs/dl_lastgoodbye/1080_base.jpg,68834,26b7880a0cbfcb00438a4dd806fdf6bf97e39560ffe558ff4ce8e1911ccac132,JPEG,song-jacket,768,768,RGB,JPEG,False,
assets/songs/dl_lastgoodbye/1080_base_256.jpg,27681,b587a95c396fffab342dc64be6c3a1886ae6453b04282a4b7f56737a968cb773,JPEG,song-jacket,384,384,RGB,JPEG,False,
assets/songs/dl_lavie/1080_base.jpg,196970,9793f3470aaf52020dd525c7a6f1bee370a02f1ba17af03a70f24ebb15283ace,JPEG,song-jacket,768,768,RGB,JPEG,False,
assets/songs/dl_lavie/1080_base_256.jpg,78684,164c560aeab93029fcfe78797fc6c44cf8928712283c248819b2a64679994e9c,JPEG,song-jacket,384,384,RGB,JPEG,False,
assets/songs/dl_lawlesspoint/1080_base.jpg,254936,629c377afeb44804b7397ce4aa840f12abb93ddcec0128b1bdcfd0d0f378b51a,JPEG,song-jacket,768,768,RGB,JPEG,False,
assets/songs/dl_lawlesspoint/1080_base_256.jpg,77237,8b27b815a30f67f27f50cfbc5757b64fa0865026f36ee9113a768c1523e02d5e,JPEG,song-jacket,384,384,RGB,JPEG,False,
assets/songs/dl_lazyaddiction/base.jpg,152064,01a0a49008d29b8861e755d2a546e0123f7a71a43b6712b41bdcf645f6a81820,JPEG,song-jacket,512,512,RGB,JPEG,False,
assets/songs/dl_lazyaddiction/base_256.jpg,75269,2eb1430dec20b37a9bc24399e0f635709538ced5edf50e1bf37b73feedaec7f4,JPEG,song-directory-image,256,256,RGB,JPEG,False,
assets/songs/dl_leaveallbehind/1080_base.jpg,193821,9eae6f03512835a6586ebfe264e7f956355f36584847c464a7ccda32e870c58b,JPEG,song-jacket,768,768,RGB,JPEG,False,
assets/songs/dl_leaveallbehind/1080_base_256.jpg,86302,ee762e3b7e02419758fac30e4836456fa698b6ee44a13e57e0ee9c1733084847,JPEG,song-jacket,384,384,RGB,JPEG,False,
assets/songs/dl_lethaeus/1080_base.jpg,215948,5f38cf409c00d9ef10389162a5adcd8a11afc133d15c78eec80facf4217dd9bf,JPEG,song-jacket,768,768,RGB,JPEG,False,
assets/songs/dl_lethaeus/1080_base_256.jpg,62286,c16f2ea43421c26e62279edb895bf6583f1b9c918ed35fd26474d511494a89b4,JPEG,song-jacket,384,384,RGB,JPEG,False,
assets/songs/dl_lethalvoltage/1080_base.jpg,325255,fec8f9083ac1c83ffaa0692ad67c95d1bb49535947008dbc902b3de84bac51cc,JPEG,song-jacket,768,768,RGB,JPEG,False,
assets/songs/dl_lethalvoltage/1080_base_256.jpg,100209,be878ea88448d8d8a9b84465acfd18e0f228f726f9b056cb028c2fc26434d384,JPEG,song-jacket,384,384,RGB,JPEG,False,
assets/songs/dl_letsrock/1080_base.jpg,334565,c3e3ce0237fedabed83dbca8ace64ac56b05f3c0eb1e7f1a05067d088078bae7,JPEG,song-jacket,768,768,RGB,JPEG,False,
assets/songs/dl_letsrock/1080_base_256.jpg,91094,e60a35243eb550ec3ea6fe711239bc84ff5d3e3d5df1a1e4aa943e01c6e261e8,JPEG,song-jacket,384,384,RGB,JPEG,False,
assets/songs/dl_letyoudivermx/1080_base.jpg,246805,ecb47bb50a0b41264907d9702f1d10d01c180603954d588c0c1798cbc4f2b819,JPEG,song-jacket,768,768,RGB,JPEG,False,
assets/songs/dl_letyoudivermx/1080_base_256.jpg,78349,2a74686aacfc670b8a582d75dde953fd05a1033203409b2fa8cf80c698e23454,JPEG,song-jacket,384,384,RGB,JPEG,False,
assets/songs/dl_liar/1080_base.jpg,261304,0783be7e1a94f360f8302ba35062494f549c3f056647ef525990195777e60ea5,JPEG,song-jacket,768,768,RGB,JPEG,False,
assets/songs/dl_liar/1080_base_256.jpg,84578,7caab416f3659081f8af150ac8e868501277005664c25fa7ec75aedd397c3e4b,JPEG,song-jacket,384,384,RGB,JPEG,False,
assets/songs/dl_libertas/1080_3.jpg,324546,b3a9a8cc2821be4fbf390aa5cd19d8be8f39ac18b4d917de10a4d08a77d65456,JPEG,song-jacket,768,768,RGB,JPEG,False,
assets/songs/dl_libertas/1080_3_256.jpg,119170,f531a7fe8a040b4298125877670106f8707ea060944f70eba5d34b8de7068e72,JPEG,song-jacket,384,384,RGB,JPEG,False,
assets/songs/dl_libertas/1080_base.jpg,344621,a3efcd1265695298b56c1ca67f81ced69781aa2aa1cc1824de7218ab5477d025,JPEG,song-jacket,768,768,RGB,JPEG,False,
assets/songs/dl_libertas/1080_base_256.jpg,83206,94099d8d3a4bf656a3957628b86ae82c0673dfe5f460eadff9b450c8f7cac5e2,JPEG,song-jacket,384,384,RGB,JPEG,False,
assets/songs/dl_lifeispiano/1080_base.jpg,117908,16f60d19f4144f62963844bd70aa6ca78145652c61f27cb0cb18d568ed94f022,JPEG,song-jacket,768,768,RGB,JPEG,False,
assets/songs/dl_lifeispiano/1080_base_256.jpg,31639,9bce563f2361f1bd83e767284bf17d24041f2481d9c0c55ea2564f201d190d0b,JPEG,song-jacket,384,384,RGB,JPEG,False,
assets/songs/dl_liftoff/base.jpg,97151,d5a15cd370a2f6077879c9802492aca2a8a228ac9826442f94372385557d387f,JPEG,song-jacket,512,512,RGB,JPEG,False,
assets/songs/dl_liftoff/base_256.jpg,36349,9f2ea6da328ba2d5c3f1cf5fc60951ae8d1b7960ecac101459e413d6d1da2329,JPEG,song-directory-image,256,256,RGB,JPEG,False,
assets/songs/dl_lightmyway/1080_base.jpg,390917,2d34d20f7505fb9157f4eda5926b7c5350b3ab882da6db70bebd3f8608e1d01a,JPEG,song-jacket,768,768,RGB,JPEG,False,
assets/songs/dl_lightmyway/1080_base_256.jpg,126237,3e5c6889741918a49c0ad9f7a2dc93ad7deb69685f15cd3822be2022b599013c,JPEG,song-jacket,384,384,RGB,JPEG,False,
assets/songs/dl_lightningscrew/1080_base.jpg,333314,e4feec91437c2d1955a4cda7010d0c92f74743142a947b97045ebee854abce4a,JPEG,song-jacket,768,768,RGB,JPEG,False,
assets/songs/dl_lightningscrew/1080_base_256.jpg,84003,7005ea18ca8db38478dd2b419b9150f4a34d978a19380620275ebd95d5cf99f7,JPEG,song-jacket,384,384,RGB,JPEG,False,
assets/songs/dl_lightsofmuse/base.jpg,109375,939c3b23afba25c5dd3675647c20be7b2d9578bca87f3d71ba2a2d4df88ef65a,JPEG,song-jacket,512,512,RGB,JPEG,False,
assets/songs/dl_lightsofmuse/base_256.jpg,53945,39370ef1f3eb01fc50083a192f8e87123d399f682e3f93ed0dc0ca61b8760db8,JPEG,song-directory-image,256,256,RGB,JPEG,False,
assets/songs/dl_lilly/1080_base.jpg,418623,55cb998585ac61e32ef39ed383e74fd0956e4fbee8b2431b240e291b69110c10,JPEG,song-jacket,768,768,RGB,JPEG,False,
assets/songs/dl_lilly/1080_base_256.jpg,111036,e55367f4e352a814d9b41b96a51477e1e3bec4a692099d9e0fb63442142fd07e,JPEG,song-jacket,384,384,RGB,JPEG,False,
assets/songs/dl_linearaccelerator/1080_base.jpg,268007,93f5e607c1bbac8eb7624b2bb05931117d88fec3931f66d66aa62598ffe9e202,JPEG,song-jacket,768,768,RGB,JPEG,False,
assets/songs/dl_linearaccelerator/1080_base_256.jpg,68266,279612a2449245ad8d1e9b3639354661759b496ca40e1e70f28c777de220f95c,JPEG,song-jacket,384,384,RGB,JPEG,False,
assets/songs/dl_livefastdieyoung/1080_base.jpg,277615,2a79a90212c6afb6971dc1d217b91f43c5d020643e635443e066bf63d6850810,JPEG,song-jacket,768,768,RGB,JPEG,False,
assets/songs/dl_livefastdieyoung/1080_base_256.jpg,76875,4834ea949eddeab55a6db2aff070a0fa4ddf476d646abad9ea55ef3c67aa87e1,JPEG,song-jacket,384,384,RGB,JPEG,False,
assets/songs/dl_logos/1080_base.jpg,346416,e72ec193f147cad47f6cdf2590b19a915c08ee6622a28d108846dc6d05d22253,JPEG,song-jacket,768,768,RGB,JPEG,False,
assets/songs/dl_logos/1080_base_256.jpg,105858,05109412740e2285afa359c4555e5afa1791dee6ebf241d865f0b33343f70a58,JPEG,song-jacket,384,384,RGB,JPEG,False,
assets/songs/dl_loschen/1080_base.jpg,276138,479a3bea8fc46d7e898f8089470227bd3ffb474bab09680b3439753afe30b3b5,JPEG,song-jacket,768,768,RGB,JPEG,False,
assets/songs/dl_loschen/1080_base_256.jpg,73363,e3c71bda4e0c868ef2ff3f9c82fbbdf5f9aad6307c4756f17989bb76dc016477,JPEG,song-jacket,384,384,RGB,JPEG,False,
assets/songs/dl_lostdesire/1080_base.jpg,344808,4b9e42860df788cd9eb34a3e578db2197024c32265a111e84a6322994aa08f25,JPEG,song-jacket,768,768,RGB,JPEG,False,
assets/songs/dl_lostdesire/1080_base_256.jpg,88721,a7768f6b60bf41e30dc9ca8b7576c0658b27d5cd07655344338c23456d003c4d,JPEG,song-jacket,384,384,RGB,JPEG,False,
assets/songs/dl_lostemotion/1080_base.jpg,411589,8861cffc1e796fac1c9dc7e6e65c4b2602c87eecf4c740212ff15080d46d49f3,JPEG,song-jacket,768,768,RGB,JPEG,False,
assets/songs/dl_lostemotion/1080_base_256.jpg,110462,4446ce822b98fd9d0dbab9a5c5f5a5985366e64f9101c5a1c5d8df7834960bb4,JPEG,song-jacket,384,384,RGB,JPEG,False,
assets/songs/dl_lostintheabyss/1080_base.jpg,157709,8c20b011aa60835b1b794a1cb055960f2437826028471c31bffcdc70997567fc,JPEG,song-jacket,768,758,RGB,JPEG,False,
assets/songs/dl_lostintheabyss/1080_base_256.jpg,45791,464621b41a2acd5a96e24346b0e861434cf644ce95ed244b53e05cc6c1bdcd6e,JPEG,song-jacket,384,379,RGB,JPEG,False,
assets/songs/dl_lovelessdress/1080_base.jpg,280628,2cc70dd0fae70c6cd481f1f2cc85aeee76afc1150c7179c376b10f7fa66a00b2,JPEG,song-jacket,768,768,RGB,JPEG,False,
assets/songs/dl_lovelessdress/1080_base_256.jpg,61743,44097670b50e3348ee7000a7569ebd5460fc1e0f40676a79688db56efd7155ea,JPEG,song-jacket,384,384,RGB,JPEG,False,
assets/songs/dl_lucidtraveler/1080_2.jpg,265192,44806b19c2a75b158e325b87858086a8155daa1c3f6f64d350a69baa1f7a4df0,JPEG,song-jacket,768,768,RGB,JPEG,False,
assets/songs/dl_lucidtraveler/1080_2_256.jpg,67133,b71e85f322caaff59c7c84f4b2be72f8db7ce2f7d44ceea21a8d519c9fb1b7e3,JPEG,song-jacket,384,384,RGB,JPEG,False,
assets/songs/dl_lucidtraveler/1080_base.jpg,267762,6ebc533bdf2e5976a69e26ce5bc7248006654f1049234fe4898406435e1713f9,JPEG,song-jacket,768,768,RGB,JPEG,False,
assets/songs/dl_lucidtraveler/1080_base_256.jpg,67441,25be01dc259b21852e58bcac83cfa057af78c75353963c3262e74f9414124ac1,JPEG,song-jacket,384,384,RGB,JPEG,False,
assets/songs/dl_lucifer/base.jpg,103090,980fd66ab331e38bb71111914b37113befb26b38cebcb490aa969fdc73c4adea,JPEG,song-jacket,500,500,RGB,JPEG,False,
assets/songs/dl_lucifer/base_256.jpg,24214,8264b2263c76f6ef3e5b0add18e51bc7af14e9a412231bc1b7e69fd86f819dfe,JPEG,song-directory-image,256,256,RGB,JPEG,False,
assets/songs/dl_lumia/1080_3.jpg,252105,ab8b69f87d9a2780f9a632669678711a1e385f9d4e9c27abe8062fe9952d45ea,JPEG,song-jacket,768,768,RGB,JPEG,False,
assets/songs/dl_lumia/1080_3_256.jpg,67840,51c0046bec73dee267073ea8a5dee1137a0eb43cf3d7b369e051667ce2091d32,JPEG,song-jacket,384,384,RGB,JPEG,False,
assets/songs/dl_lumia/1080_base.jpg,221290,b92371bb3dd10be500c4933160e3e2116e3eed9efb1149732729f3f2cdc31bcb,JPEG,song-jacket,768,768,RGB,JPEG,False,
assets/songs/dl_lumia/1080_base_256.jpg,59178,341463af21516cc4d5b9e8e627aa88d91cb88b20afc2a92edc731d9fae4c6156,JPEG,song-jacket,384,384,RGB,JPEG,False,
assets/songs/dl_lunarossa/1080_base.jpg,320101,d81605216e469157018aa0a6c96b9cea219f3f72dd7f9eeff41e0e5e027e06ed,JPEG,song-jacket,768,768,RGB,JPEG,False,
assets/songs/dl_lunarossa/1080_base_256.jpg,122338,d82edaa71c9c9aed1469c7d9ec9921255247c3303cea5b9d9cbaa246a5f79563,JPEG,song-jacket,384,384,RGB,JPEG,False,
assets/songs/dl_macromod/1080_base.jpg,386509,a5f438f6b99540de74b9c9cef44f3fa8bf29b11e57b77e0ec71090d120171c07,JPEG,song-jacket,768,768,RGB,JPEG,False,
assets/songs/dl_macromod/1080_base_256.jpg,97382,51e5d90bc5d0f07741ec543bb216e9acf9db4fb20617ffa7a94ae2377b896efa,JPEG,song-jacket,384,384,RGB,JPEG,False,
assets/songs/dl_magnolia/1080_base.jpg,245008,355c5b13cfaabb507c5ae09d6c21bbb3d4d738e13d0163626b03fb9116a0f197,JPEG,song-jacket,768,768,RGB,JPEG,False,
assets/songs/dl_magnolia/1080_base_256.jpg,64738,1d68fdd8cbb4639646f54bbcf39ba6d887c06301a8b25ce23dfa0d7508a8c317,JPEG,song-jacket,384,384,RGB,JPEG,False,
assets/songs/dl_mahoroba/1080_base.jpg,375011,fe01e57679d45c361aa1faf58c016d74821bafde589f4b45f30ec05bff98d67c,JPEG,song-jacket,768,768,RGB,JPEG,False,
assets/songs/dl_mahoroba/1080_base_256.jpg,80842,18294bbe17ef52418e96b4d5f10ba75ac80fafdb5b341db5eb4f22b2d302cfcb,JPEG,song-jacket,384,384,RGB,JPEG,False,
assets/songs/dl_maliciousmischance/1080_base.jpg,281907,4b80990f570220e62a62788de05c6ac2eb908afb83a8270372c8da131a84720b,JPEG,song-jacket,768,768,RGB,JPEG,False,
assets/songs/dl_maliciousmischance/1080_base_256.jpg,78808,414ea37b369dc92639e94ff7cce2f1cd56c47fedada3003fe176425db4e81662,JPEG,song-jacket,384,384,RGB,JPEG,False,
assets/songs/dl_manicjeer/1080_base.jpg,393213,dffd5c9e0e660cc45170e9a48303f50fe79a98396726f6b583cb7d2e2d7b8c60,JPEG,song-jacket,768,768,RGB,JPEG,False,
assets/songs/dl_manicjeer/1080_base_256.jpg,93525,4cfb7b4d86ad56aaf14fb10603a1d300f408f9cfddb2d071682d231dffcef85e,JPEG,song-jacket,384,384,RGB,JPEG,False,
assets/songs/dl_mantis/1080_base.jpg,396942,808670bba0463beed7c2ef1a64e6d061ff9d7c20e3fbe309adea6ea60ea729ff,JPEG,song-jacket,768,768,RGB,JPEG,False,
assets/songs/dl_mantis/1080_base_256.jpg,89846,8ed14db928ad4306b8bd42bd77ded5e3fa1fd161cf26445589d48223f33531cb,JPEG,song-jacket,384,384,RGB,JPEG,False,
assets/songs/dl_marenyx/1080_base.jpg,389186,61796e99b4a43a14b4057565fe8c86ca442a3941a93b2f77bbfd6ac9c415046a,JPEG,song-jacket,768,768,RGB,JPEG,False,
assets/songs/dl_marenyx/1080_base_256.jpg,129112,f7fbce17fad4de604e20ee69a364c725134c1e47aa9c6f90188144816157d8e7,JPEG,song-jacket,384,384,RGB,JPEG,False,
assets/songs/dl_mask/1080_base.jpg,446926,9af71179dc7f04b175c6aa6d0897b2c83cf2b482d3bd2ab0f0ae671f8c6344c3,JPEG,song-jacket,768,768,RGB,JPEG,False,
assets/songs/dl_mask/1080_base_256.jpg,124562,7b2af3e2204f1b9db83b45070c225a4fa30fab701863ab8d6626de0dd5771474,JPEG,song-jacket,384,384,RGB,JPEG,False,
assets/songs/dl_masqueradelegion/1080_base.jpg,350492,3048cb371c733f17f4408afce2876bd9b5ed9bb78231dba0cc2b7143c250d907,JPEG,song-jacket,768,768,RGB,JPEG,False,
assets/songs/dl_masqueradelegion/1080_base_256.jpg,118531,d35aaeabb5ddd02cfadc8bb273e837df6c5a2bdf8966a6e1522015a80b247cc9,JPEG,song-jacket,384,384,RGB,JPEG,False,
assets/songs/dl_matenrou/1080_base.jpg,251263,86e29c5cec2387448763f8fa4ddcfbf5618e0e3b18166b4dba8b483a084d996a,JPEG,song-jacket,768,758,RGB,JPEG,False,
assets/songs/dl_matenrou/1080_base_256.jpg,64235,0c29694c0a5dc964bbb1a3ded80007f78007477636aaff7317ef1543f256f87a,JPEG,song-jacket,384,379,RGB,JPEG,False,
assets/songs/dl_maxrage/1080_base.jpg,339423,902225060112c34ff0e4d399233f359aac2ca370de22edcd843382a508ccb7fc,JPEG,song-jacket,768,768,RGB,JPEG,False,
assets/songs/dl_maxrage/1080_base_256.jpg,90647,7392bbc5e7aeb28b0a9f513e6e35687d751910bee09b011dcebc9e81aa7345ef,JPEG,song-jacket,384,384,RGB,JPEG,False,
assets/songs/dl_mazenine/1080_base.jpg,396726,f32c341d60ea77876796101bfb40e52d4a86228aebaa235791644831502aa772,JPEG,song-jacket,768,768,RGB,JPEG,False,
assets/songs/dl_mazenine/1080_base_256.jpg,106345,2c4831a38463887627ebfbca2ae88055e9af9febbedc7dd20bd9a45207182037,JPEG,song-jacket,384,384,RGB,JPEG,False,
assets/songs/dl_mazymetroplex/1080_base.jpg,454873,079589f9dae2225143e362f1cac0856ee992f45d9e4c4eeed6549cc65815d67c,JPEG,song-jacket,768,768,RGB,JPEG,False,
assets/songs/dl_mazymetroplex/1080_base_256.jpg,71763,f301ceacaa9306595a2b5b05de39b3dca610643aecebd6ee1a6ca835f2d53d16,JPEG,song-jacket,384,384,RGB,JPEG,False,
assets/songs/dl_medusa/1080_base.jpg,253252,e0349877d1f0785fab8df03ab84cfee55fa0535e9e45b9991401c8cc8d49768a,JPEG,song-jacket,768,768,RGB,JPEG,False,
assets/songs/dl_medusa/1080_base_256.jpg,83843,44e12d88386fd6ff99164a9d7f4543d4f6424d00cbb880a2d6b01fc7aafe9a0a,JPEG,song-jacket,384,384,RGB,JPEG,False,
assets/songs/dl_megalovania/1080_base.jpg,99067,23260e6e6ea58351d6fbb967018e99dd265d9434774ab737613091d861488a24,JPEG,song-jacket,768,768,RGB,JPEG,False,
assets/songs/dl_megalovania/1080_base_256.jpg,42318,e52b0c9a79e5753145496315c2a9255403223680b3dd8d4e85c651084b747fe2,JPEG,song-jacket,384,384,RGB,JPEG,False,
assets/songs/dl_megalovaniarmx/1080_base.jpg,212890,cfea6c1d658df9c982573ec12eb015049d201727364a4413ed5dca022b94088e,JPEG,song-jacket,768,768,RGB,JPEG,False,
assets/songs/dl_megalovaniarmx/1080_base_256.jpg,90012,7c0ceaa649d198aaab5a3852ecf01f21c6563c874a0eb147203c095057675867,JPEG,song-jacket,384,384,RGB,JPEG,False,
assets/songs/dl_melodyoflove/1080_base.jpg,302871,c61fae31d1ba8ae30ec3de9b62bf655cc21b163957cfeeaab5d9ddfd583d8b76,JPEG,song-jacket,768,768,RGB,JPEG,False,
assets/songs/dl_melodyoflove/1080_base_256.jpg,86387,452678a4f1b5c2a5eaaf3c857681b5abf621d47a4c8ec32bdef18b172f721f47,JPEG,song-jacket,384,384,RGB,JPEG,False,
assets/songs/dl_melodyoflove/1080_base_night.jpg,305605,aa9ff607f39df09332482cd1f240499d7f8082c5d60204e4beb177ee4a7cbd10,JPEG,song-jacket,768,768,RGB,JPEG,False,
assets/songs/dl_melodyoflove/1080_base_night_256.jpg,86100,cb9156cc9ac83c257e5bb4ad26f96d9ad9ccabed2758e80351fd02b91477c333,JPEG,song-jacket,384,384,RGB,JPEG,False,
assets/songs/dl_meltyrhapsody/1080_base.jpg,409565,53a9a752a4624016c52e8c45da23a87519052a0aa9e235b55a79786d06005b57,JPEG,song-jacket,768,768,RGB,JPEG,False,
assets/songs/dl_meltyrhapsody/1080_base_256.jpg,128712,6ec0279c051cf53c64fa0f5e01b7a65f99d81f29a9f421a6fd68c01705dd7672,JPEG,song-jacket,384,384,RGB,JPEG,False,
assets/songs/dl_memoryfactory/1080_base.jpg,83523,a2e7d22cbabd6fdb153199ba3bb46f435826c72a8f22acd91d498d423ce3ecaa,JPEG,song-jacket,768,768,RGB,JPEG,False,
assets/songs/dl_memoryfactory/1080_base_256.jpg,28817,3893117033720521c501f0ca25628e1db5fd555ef48a6b5b8c0398c7d60b5ef3,JPEG,song-jacket,384,384,RGB,JPEG,False,
assets/songs/dl_memoryforest/1080_base.jpg,246968,4d8523e0f2b4245c0fa74cc99f63cfda611519f5b42dc4292c2e0ea34ff7074e,JPEG,song-jacket,768,768,RGB,JPEG,False,
assets/songs/dl_memoryforest/1080_base_256.jpg,67928,e63a950b6f86b3d64985c0a0aadeb0aeeaaa82335e1f4d98e6222a3b8d0ac047,JPEG,song-jacket,384,384,RGB,JPEG,False,
assets/songs/dl_merlin/1080_base.jpg,264199,ec6415fb33d50ee6aea0ad098da0bacf80ac3ebcc67913e420e04621d48ec1c1,JPEG,song-jacket,768,768,RGB,JPEG,False,
assets/songs/dl_merlin/1080_base_256.jpg,70135,f0c86c58fcc85533bbf706ebc3405c41985cd3ab632437f7e6de56a40db7d386,JPEG,song-jacket,384,384,RGB,JPEG,False,
assets/songs/dl_metallicpunisher/1080_base.jpg,260226,a5f3bf057e0f62c8334fe0e4e5f1f4c6dab139a1e3b9539f04394c4d172d3d38,JPEG,song-jacket,768,768,RGB,JPEG,False,
assets/songs/dl_metallicpunisher/1080_base_256.jpg,71122,b0ee22c782681b2594ecca8c636ae8c94ee68025d76adf92186e6da296350c01,JPEG,song-jacket,384,384,RGB,JPEG,False,
assets/songs/dl_metamysteria/1080_base.jpg,322701,6e0c69bb4466766834c562bce10b772d885ca6da366705597da9fc2a22e6b5a9,JPEG,song-jacket,768,768,RGB,JPEG,False,
assets/songs/dl_metamysteria/1080_base_256.jpg,78918,9f65b3896dcdf3ccebb199ee7074273951f4005074e3d87298ee61c2b04c322f,JPEG,song-jacket,384,384,RGB,JPEG,False,
assets/songs/dl_miles/1080_base.jpg,186615,03f23b511ea04e224ddc3fe72166cb0e0653c8907e6494dbb9452dd638544e95,JPEG,song-jacket,768,768,RGB,JPEG,False,
assets/songs/dl_miles/1080_base_256.jpg,95809,3fc25ce10007deb5d28f95258b20eb65368986b498bc33bd9b0c683f4049af37,JPEG,song-jacket,384,384,RGB,JPEG,False,
assets/songs/dl_mirinae/1080_base.jpg,249914,36404670f509d12d3a7f8e5bbfa908ffd15a0393bf8f7d4c46f4cae121ddcf67,JPEG,song-jacket,768,768,RGB,JPEG,False,
assets/songs/dl_mirinae/1080_base_256.jpg,87433,9cd2a31570c10f1b3494f60105c76b1275b7ed58bffc957126725bba51255d62,JPEG,song-jacket,384,384,RGB,JPEG,False,
assets/songs/dl_mirrorrmx/1080_base.jpg,282473,cb35bf81cc539640399f10fc0c09f31a5833a77df1fb789483071b02b0308b76,JPEG,song-jacket,768,768,RGB,JPEG,False,
assets/songs/dl_mirrorrmx/1080_base_256.jpg,110244,89cdad6ccc4b2924e30c0df5f69d465ade21ed6e40fe5e88e8153bfa506ff52c,JPEG,song-jacket,384,384,RGB,JPEG,False,
assets/songs/dl_mirzam/1080_base.jpg,294643,16bdffb9006563a6e555a0a56a88ce48445c7e0b9c576f7ed03eee1bf74b75bf,JPEG,song-jacket,768,768,RGB,JPEG,False,
assets/songs/dl_mirzam/1080_base_256.jpg,81422,08d3b06d6da057697099df25c5033dfa6c1cdf049111207d140fba9af43172cb,JPEG,song-jacket,384,384,RGB,JPEG,False,
assets/songs/dl_mod/1080_base.jpg,490804,85a841f603be34686e737c7fb415ef87a54db6d78a6f71456b0e8bd7e272c613,JPEG,song-jacket,768,768,RGB,JPEG,False,
assets/songs/dl_mod/1080_base_256.jpg,124243,9b8d5d8ef2c661dd43efa5ed947af97bb2cd6fc94808ea9366204207aa8092fa,JPEG,song-jacket,384,384,RGB,JPEG,False,
assets/songs/dl_modelista/1080_base.jpg,327450,e27efa8363ceb656c27867bde843d13263a6f4da9f5c3681efcbf96aef97b8fd,JPEG,song-jacket,768,768,RGB,JPEG,False,
assets/songs/dl_modelista/1080_base_256.jpg,77575,2ee18fc2ea6edf12b0c46d83d6b12db6cd8d86ba755c3194b7418ebbfeae2c99,JPEG,song-jacket,384,384,RGB,JPEG,False,
assets/songs/dl_monochromeprincess/1080_base.jpg,233474,9d199d265d66de50f9e9b6cb28c9880d91f2a12e362608baf9da9d5b06a4cba5,JPEG,song-jacket,768,769,RGB,JPEG,False,
assets/songs/dl_monochromeprincess/1080_base_256.jpg,62394,ecda29c87d27e9d6c21508620abcdf348b76311a8b70dee7381af8bd97090cda,JPEG,song-jacket,384,385,RGB,JPEG,False,
assets/songs/dl_moonheart/1080_3.jpg,243902,a6ce6e864ea395da38395c5ecff81c69a5fd7f9e89f11ccf9ee0394285fce96c,JPEG,song-jacket,768,768,RGB,JPEG,False,
assets/songs/dl_moonheart/1080_3_256.jpg,71297,78651cf054d696c1a8eb428f6266895e4d2509aad7c53846f2c5e562f5b15b72,JPEG,song-jacket,384,384,RGB,JPEG,False,
assets/songs/dl_moonheart/1080_base.jpg,233053,42f47e92c3fbe3347e13e5a64bf104c7484fb691082804a9f8ac557b4c0a203a,JPEG,song-jacket,768,768,RGB,JPEG,False,
assets/songs/dl_moonheart/1080_base_256.jpg,64263,5c2c0c054cd76e84110d643c9fb05ada8754b7b0e022d21264ad14a4d5196870,JPEG,song-jacket,384,384,RGB,JPEG,False,
assets/songs/dl_moonlightofsandcastle/1080_base.jpg,173288,644f29ce287d17f1efa1e77cd3887e28a53e92c3cef8d3550aa4d2c902113853,JPEG,song-jacket,768,768,RGB,JPEG,False,
assets/songs/dl_moonlightofsandcastle/1080_base_256.jpg,63279,11d91bdde6167133fc889fd2436d19a399080d57b82a62a15aa2bcdac9da69e9,JPEG,song-jacket,384,384,RGB,JPEG,False,
assets/songs/dl_morningloom/1080_base.jpg,169349,2c1b3c26c51ca5d07c12d5ac5c0af122276f80df6117ad004df667a2acdbe974,JPEG,song-jacket,768,768,RGB,JPEG,False,
assets/songs/dl_morningloom/1080_base_256.jpg,71757,a16aee30bc6795975a6454b882c517cd75de7bd338473e0bea78ff2dcb9323ae,JPEG,song-jacket,384,384,RGB,JPEG,False,
assets/songs/dl_mu/1080_base.jpg,166019,b0f60efd36e42b12b95c76bb3c85117f9b74b2e047427de981a7d27dff6c320b,JPEG,song-jacket,768,768,RGB,JPEG,False,
assets/songs/dl_mu/1080_base_256.jpg,49899,8a500d706ed394d8f853d70f96c142bb6cfc788db15af24fbd6c9282caa98b9e,JPEG,song-jacket,384,384,RGB,JPEG,False,
assets/songs/dl_mukishitsu/base.jpg,154931,55ff467e00e2cf46fb5dfa78595b8c71736858b2b9fc4d0286634ef2db071bac,JPEG,song-jacket,512,512,RGB,JPEG,False,
assets/songs/dl_mukishitsu/base_256.jpg,69093,4152191d74eefe434c4c372a8bfbdd0a27d7611c45879385281a33b2cd9c57bb,JPEG,song-directory-image,256,256,RGB,JPEG,False,
assets/songs/dl_mvurbd/1080_base.jpg,280234,470a9772b398d672b3b90577902a8c8785382c3555421ceb45c561ea2d8060f5,JPEG,song-jacket,768,768,RGB,JPEG,False,
assets/songs/dl_mvurbd/1080_base_256.jpg,118962,1981f0ba9e75014a2e0b65cd494f0745e6088ff453ebdb16dd5e84971b0167a4,JPEG,song-jacket,384,384,RGB,JPEG,False,
assets/songs/dl_mylifeismine/1080_base.jpg,274809,767390bb4e020eaf9408ecd7e353ffaef5d702b442c4b9807a83cc20c8b8b9df,JPEG,song-jacket,768,768,RGB,JPEG,False,
assets/songs/dl_mylifeismine/1080_base_256.jpg,100743,70f6ca08ce9102d89d26706a48a1fb4a50a3e805306b61a453b47da2eec9872b,JPEG,song-jacket,384,384,RGB,JPEG,False,
assets/songs/dl_namelesspassion/1080_base.jpg,261781,9ee077e33996366bc94dc902fbc510b7d3f35201f52750a6e95696e940f2e3d6,JPEG,song-jacket,768,768,RGB,JPEG,False,
assets/songs/dl_namelesspassion/1080_base_256.jpg,101892,39e09aa760e3b4915a9a087856f77ffdd7b362d7f45382e6df4d9efc88d5868d,JPEG,song-jacket,384,384,RGB,JPEG,False,
assets/songs/dl_nekonote/1080_base.jpg,177045,c0aeeb11ee1d939acaf8aef6e91ef7d1d32ac03b9f046dd26e1f6150a11cf2f0,JPEG,song-jacket,768,768,RGB,JPEG,False,
assets/songs/dl_nekonote/1080_base_256.jpg,51290,f1b2fd34381a179d6d750fec01dea4f567356d43e5f250eff293eab83ac1efae,JPEG,song-jacket,384,384,RGB,JPEG,False,
assets/songs/dl_neokosmo/1080_base.jpg,359499,2f3d68e8b7b0c81d7acd36cc25f0089da255549d7a84d4c83212a89c561e1fa8,JPEG,song-jacket,768,768,RGB,JPEG,False,
assets/songs/dl_neokosmo/1080_base_256.jpg,97267,3e7da0ca5bedfe2efc897015b312229f4220eac2fe7ad230d3635df7b4caf507,JPEG,song-jacket,384,384,RGB,JPEG,False,
assets/songs/dl_neowings/1080_base.jpg,269679,e59232feb54eb5f0061291003f867898b88056b04f14760883f26831bb9dfb60,JPEG,song-jacket,768,768,RGB,JPEG,False,
assets/songs/dl_neowings/1080_base_256.jpg,76648,996caf4a9877eda4bd55575c6f4018acbc09a818cd5ee4f889907355351f150c,JPEG,song-jacket,384,384,RGB,JPEG,False,
assets/songs/dl_newyorkbackraise/1080_base.jpg,267019,aee39a464929ca814cec8c58f8aab7f9ac1639721ee700099167622d6ea8be24,JPEG,song-jacket,768,768,RGB,JPEG,False,
assets/songs/dl_newyorkbackraise/1080_base_256.jpg,78715,3a27780405df876e16e5220cbf7d7991bf57321eadc0f754244b5754e371ed1e,JPEG,song-jacket,384,384,RGB,JPEG,False,
assets/songs/dl_nexttoyou/1080_3.jpg,313469,4335c5fb4912bed6c5cfdb5979e88555abd06a05679b42a1dfbe136b75bd69f2,JPEG,song-jacket,768,768,RGB,JPEG,False,
assets/songs/dl_nexttoyou/1080_3_256.jpg,83431,404dcc0c78c3ff80848f974ac0df32a14b351189c7314d038c7c612f57f3bbbe,JPEG,song-jacket,384,384,RGB,JPEG,False,
assets/songs/dl_nexttoyou/1080_base.jpg,308199,c7895078750e38fcb71c30f9e196cbacb92466274ac46c2b9b615699fd4564b2,JPEG,song-jacket,768,768,RGB,JPEG,False,
assets/songs/dl_nexttoyou/1080_base_256.jpg,79715,5a89b7bb93483ebe680aa911fe9580263df1afae242716d6a4795f2ac4d03aa5,JPEG,song-jacket,384,384,RGB,JPEG,False,
assets/songs/dl_nhelv/1080_3.jpg,380708,36671c74d6226d3e83f6dee2fce6d84e4b552a613f765f51c8511922cba3339a,JPEG,song-jacket,768,768,RGB,JPEG,False,
assets/songs/dl_nhelv/1080_3_256.jpg,87446,b40f412f46aaf430a87e24421dd14aa4e91cbe8f75d8f47eb0a89baad02caea9,JPEG,song-jacket,384,384,RGB,JPEG,False,
assets/songs/dl_nhelv/1080_base.jpg,399006,e27d3fd73b9238972f65427592ae91640227631bc4de673fad465dd4ce168322,JPEG,song-jacket,768,768,RGB,JPEG,False,
assets/songs/dl_nhelv/1080_base_256.jpg,49678,a9210dd6ab5f0dae9241ecfd42f31f9bdf82f80e211f7996a92ae95ae65873e7,JPEG,song-jacket,384,384,RGB,JPEG,False,
assets/songs/dl_nightmare/1080_base.jpg,268984,1e6f952c4912d4836bec6c469b6ce37dcf590856c5af2f7a8a3d32411a242391,JPEG,song-jacket,768,768,RGB,JPEG,False,
assets/songs/dl_nightmare/1080_base_256.jpg,102879,a0c6ac4ea93e1325c725a6a73e3dedc5f52e295ca944cb9dade04e4f543e7616,JPEG,song-jacket,384,384,RGB,JPEG,False,
assets/songs/dl_nirvluce/1080_base.jpg,281316,c4838bbf09c9e6c0560fe844b518d7032b3353dc21f050488e6bbbabc60b0bcd,JPEG,song-jacket,768,768,RGB,JPEG,False,
assets/songs/dl_nirvluce/1080_base_256.jpg,77481,66f75fce81563f4f270b4f79fc76e07b0f5072d928142d2311cf11ddbc09aae2,JPEG,song-jacket,384,384,RGB,JPEG,False,
assets/songs/dl_nnglooms/1080_base.jpg,165148,98e3233551a13faa5c0e031a623edd9217ad3bee352a9b1f777101ed7fee2010,JPEG,song-jacket,768,768,RGB,JPEG,False,
assets/songs/dl_nnglooms/1080_base_256.jpg,45872,6a604978b617c75c753476bb39a8d5d826981b769bbf9f6f96a606e258b184bc,JPEG,song-jacket,384,384,RGB,JPEG,False,
assets/songs/dl_nowayback/1080_base.jpg,450267,0ea7a8be32fc06e9702249a1a6704075a46ed9676b9eb717609965ba9dc4a99d,JPEG,song-jacket,768,768,RGB,JPEG,False,
assets/songs/dl_nowayback/1080_base_256.jpg,123233,9c25b86743403f99db154359f12b1eb01876c2c8529a29650b8caab872a3b21e,JPEG,song-jacket,384,384,RGB,JPEG,False,
assets/songs/dl_nulctrl/1080_base.jpg,148167,8494d7577b7071861d4cbc479987664a14030b22213c90a7e951e0c6aa17c03e,JPEG,song-jacket,768,768,RGB,JPEG,False,
assets/songs/dl_nulctrl/1080_base_256.jpg,42984,19d99266add60e4d9f239c079ad6487c603177d319f2f9c7603963089fbcec47,JPEG,song-jacket,384,384,RGB,JPEG,False,
assets/songs/dl_nullapophenia/1080_base.jpg,241728,055d70ec85f39fcbaaedcbee54fed33efa831533a559a8e96d6138c733fd46d6,JPEG,song-jacket,768,768,RGB,JPEG,False,
assets/songs/dl_nullapophenia/1080_base_256.jpg,69373,e7788f3b06da0d3b39167643355a1d106ab1212cf258726590afe9d24869d92b,JPEG,song-jacket,384,384,RGB,JPEG,False,
assets/songs/dl_oblivion/1080_base.jpg,152821,42954e000e9d364cb44385816ddb5331b7f2cc634d7b27474f6e674de7373c35,JPEG,song-jacket,768,768,RGB,JPEG,False,
assets/songs/dl_oblivion/1080_base_256.jpg,71140,e51f7863466f8707d3e31ada52cecd181a9831a57ef13148614d8b94ea2e290d,JPEG,song-jacket,384,384,RGB,JPEG,False,
assets/songs/dl_odysseia/1080_base.jpg,240958,19dc05dafd2a7615d9dd7c399398377db159f078cbe14d88eac6a1b6d074e3a5,JPEG,song-jacket,768,768,RGB,JPEG,False,
assets/songs/dl_odysseia/1080_base_256.jpg,52193,bbe69e2496b7e7cf409726d0810fb49624d2a5f736c215a864c30efdc25e09af,JPEG,song-jacket,384,384,RGB,JPEG,False,
assets/songs/dl_oldschoolsalvage/1080_base.jpg,385427,d27f7cf234ca79bf6217345eaf48e381478451c64279627be218c5ab103ace4d,JPEG,song-jacket,768,768,RGB,JPEG,False,
assets/songs/dl_oldschoolsalvage/1080_base_256.jpg,155601,a7acafdfdda44f221f9a2c5248bebc8fa23c81ead696e62c559daf254a705857,JPEG,song-jacket,384,384,RGB,JPEG,False,
assets/songs/dl_omajinai/1080_base.jpg,195602,911edea2b3287500759256f95d646ad280ac19fef9334f04752c33e1bf3dbf73,JPEG,song-jacket,768,768,RGB,JPEG,False,
assets/songs/dl_omajinai/1080_base_256.jpg,75276,f077da07d52be415df86eebaed7f4b55bae656c81e934aaa2a2ba1a7228544b0,JPEG,song-jacket,384,384,RGB,JPEG,False,
assets/songs/dl_omakeno/1080_base.jpg,302120,0eff4740bd05001e66a23b7b5ffecab98668a790e230a1eebea13255bc8432a7,JPEG,song-jacket,768,768,RGB,JPEG,False,
assets/songs/dl_omakeno/1080_base_256.jpg,75706,b9aa5b6a276b70f968497a0848e533d40322b4fe1cbc37d9e726cf8ec9b65a95,JPEG,song-jacket,384,384,RGB,JPEG,False,
assets/songs/dl_omegafour/base.jpg,203138,9620a375bed96e5e083d3768fb16fcd46602d088417dbfb48e4ebfc528951b4a,JPEG,song-jacket,512,512,RGB,JPEG,False,
assets/songs/dl_omegafour/base_256.jpg,74339,33226c1961244e432bec25e3849d6afe62ff4d6d076e72b9b999dd5cea5d1dcf,JPEG,song-directory-image,256,256,RGB,JPEG,False,
assets/songs/dl_onandon/1080_base.jpg,267401,7954ce55846e5c9c45809a8d780aec054924dd7294be68844102e654fd6dfabf,JPEG,song-jacket,768,768,RGB,JPEG,False,
assets/songs/dl_onandon/1080_base_256.jpg,89849,1d25c6c4ef41f53fb1d1d2edd23825d8b7abdf8b2bf6fa960ad219dcd3bde970,JPEG,song-jacket,384,384,RGB,JPEG,False,
assets/songs/dl_onefr/1080_base.jpg,324890,ec7117a9351670d1b896b044d08c2fff66760f6cfb939f7f244181a6f1e81c9e,JPEG,song-jacket,768,768,RGB,JPEG,False,
assets/songs/dl_onefr/1080_base_256.jpg,67324,a8dee214c2ac7a9679ad6561af52b04931ac9f9b3ef1eeb77451968a4282b4a8,JPEG,song-jacket,384,384,RGB,JPEG,False,
assets/songs/dl_onestepcloser/1080_base.jpg,241782,a80d8d0e40e9b4cb49b84f275090ac057dccf88fa5394a933eb5a5bdeb84d95d,JPEG,song-jacket,768,768,RGB,JPEG,False,
assets/songs/dl_onestepcloser/1080_base_256.jpg,90592,b8a87267e46b1a0985bd8d17c42f45014030da2f6966e3cb3fdd74c9a2847c61,JPEG,song-jacket,384,384,RGB,JPEG,False,
assets/songs/dl_oracle/1080_base.jpg,209255,2fb1805d49b4770449d8207ee76d24fabbe7778a784ef4f9655f1a4f17d26b53,JPEG,song-jacket,768,768,RGB,JPEG,False,
assets/songs/dl_oracle/1080_base_256.jpg,63843,58d88bdc596d9405501f183ea4d69bca8440737d0c131b92784c9c83f1f360ea,JPEG,song-jacket,384,384,RGB,JPEG,False,
assets/songs/dl_oshamascramble/base.jpg,82765,b825ddd9e547159001f38d87970bab2bb311bb7fd89dca961e19920d5025ccf6,JPEG,song-jacket,512,512,RGB,JPEG,False,
assets/songs/dl_oshamascramble/base_256.jpg,45108,b6c267e7ceb4eaecb90d88a0484dd65f761eb01de15f756720435f91b174b312,JPEG,song-directory-image,256,256,RGB,JPEG,False,
assets/songs/dl_ouroboros/1080_base.jpg,363266,41606c96c7202599c63691bded557f56ec55f8e42fdd682f78d2d49b82c99850,JPEG,song-jacket,768,768,RGB,JPEG,False,
assets/songs/dl_ouroboros/1080_base_256.jpg,93679,554219f26f36822f37f8662a3e9f3508f63fad685f2987079c5f49d4a9fbf146,JPEG,song-jacket,384,384,RGB,JPEG,False,
assets/songs/dl_ouverture/1080_base.jpg,361386,7c2df74379d7c764ac7eeae95ee001afe0f0cf50a5470d22fb68c91add938dff,JPEG,song-jacket,768,768,RGB,JPEG,False,
assets/songs/dl_ouverture/1080_base_256.jpg,151060,4668ed4f2496bd092b4dfcf51cca270e0c9a10f8ff73274888d9f43293e7970b,JPEG,song-jacket,384,384,RGB,JPEG,False,
assets/songs/dl_overdrive/1080_base.jpg,247343,9fd7a591ff571745ec73d276e6f5f4f2f7bbc47dd6b019f217da0b4ce24938b7,JPEG,song-jacket,768,768,RGB,JPEG,False,
assets/songs/dl_overdrive/1080_base_256.jpg,89635,a7656b8a8aa029181b1e466328af0b8c8d7b80c273e52b040fd938b5be6bae57,JPEG,song-jacket,384,384,RGB,JPEG,False,
assets/songs/dl_override/1080_base.jpg,259361,4bc47267c47d25fb1e155335efc84961a4acdaa7125449fd1f8dad8de78636bb,JPEG,song-jacket,768,768,RGB,JPEG,False,
assets/songs/dl_override/1080_base_256.jpg,81591,46feb0294a099d220dc2082bea5a65b9520c301c6401211c3c6a28b9bf764406,JPEG,song-jacket,384,384,RGB,JPEG,False,
assets/songs/dl_overwhelm/1080_base.jpg,298471,937ffdc023738b7ce414176f0f98e0bf610ff50776cfe4d67516b8bf43e15613,JPEG,song-jacket,768,768,RGB,JPEG,False,
assets/songs/dl_overwhelm/1080_base_256.jpg,78763,1afad8fa55ec3a6c478405329ba1372ed0b5ca370e59b47098cdc7eb375ef416,JPEG,song-jacket,384,384,RGB,JPEG,False,
assets/songs/dl_paperwitch/1080_base.jpg,264678,67970a13643f1cd8436e09744fbd48e64685a00154d0def5d27fecf7cd3a25ea,JPEG,song-jacket,768,768,RGB,JPEG,False,
assets/songs/dl_paperwitch/1080_base_256.jpg,73121,19df0888b7bd39d4d1899fac334886d4747da548bb647e0776016fc4e7d5df68,JPEG,song-jacket,384,384,RGB,JPEG,False,
assets/songs/dl_paradise/1080_base.jpg,213955,e8d4fcee9d3cbd9746e5597195fca0737b9331b2ce86daf29b37abef06fa24a1,JPEG,song-jacket,768,768,RGB,JPEG,False,
assets/songs/dl_paradise/1080_base_256.jpg,66895,3444d086844f390304ddbcd833db0e1138be1a2aaeb01cdcd3020197e9bf12fb,JPEG,song-jacket,384,384,RGB,JPEG,False,
assets/songs/dl_paradoxpalette/1080_base.jpg,443606,96055e4182750a768b1da3d796f46f7f90094a0178375d7960bbc40ca651b76d,JPEG,song-jacket,768,768,RGB,JPEG,False,
assets/songs/dl_paradoxpalette/1080_base_256.jpg,120364,fda0a8d77742e062a446db0f58a5a819423c84852b0d6a19802d7403135b145d,JPEG,song-jacket,384,384,RGB,JPEG,False,
assets/songs/dl_paranoidarc/1080_base.jpg,425960,8b510bedcefcc5b6785c4a1304b29f72703e99e70873c811f315947cc380e7f3,JPEG,song-jacket,768,768,RGB,JPEG,False,
assets/songs/dl_paranoidarc/1080_base_256.jpg,121969,27a2cb2438aa568882a65ebaee8e460660af51b9acc5c4e0a4ab18586bf4f746,JPEG,song-jacket,384,384,RGB,JPEG,False,
assets/songs/dl_particle/1080_base.jpg,182838,2530523a139204bf8696a7db2c88339faad60b156b7d3b385109831ee3ac8ab9,JPEG,song-jacket,768,768,RGB,JPEG,False,
assets/songs/dl_particle/1080_base_256.jpg,69893,e021d3a1a6a04569e4b87ecdf0ca20ee8854b6bfb1c33930a7532b0f8e34d5c8,JPEG,song-jacket,384,384,RGB,JPEG,False,
assets/songs/dl_partyvinyl/1080_3.jpg,300029,d9a712378dc7209719818de960789d28b62f502e9a351a799d2b378cc656caff,JPEG,song-jacket,768,768,RGB,JPEG,False,
assets/songs/dl_partyvinyl/1080_3_256.jpg,75760,32ebd3f32d02d7d1e3dd596940fe192d56ec20332f590c03b90018609cedb086,JPEG,song-jacket,384,384,RGB,JPEG,False,
assets/songs/dl_partyvinyl/1080_base.jpg,283071,f6708fcbc98e662a64ecd6c18a570b6d593029a32567cb1b67196b1d747c4a4e,JPEG,song-jacket,768,768,RGB,JPEG,False,
assets/songs/dl_partyvinyl/1080_base_256.jpg,77002,ada6ced393c31984d6b6caeaf24d8cc9d919cf030b2a70d53616f43e127d8637,JPEG,song-jacket,384,384,RGB,JPEG,False,
assets/songs/dl_pentiment/1080_base.jpg,506117,a6812df4482c7b67c80400e0f37aa48356d410eb7b9117f1adbadbee82a1e661,JPEG,song-jacket,768,768,RGB,JPEG,False,
assets/songs/dl_pentiment/1080_base_256.jpg,120888,acf15aea38d28fcf454caa356afe1c774da13575c16d4aeadd8cb6698c22c32a,JPEG,song-jacket,384,384,RGB,JPEG,False,
assets/songs/dl_phantasia/1080_base.jpg,376037,711631beb61da0940dbc2a6b224586a530de5985063c40d9188b6e0bd3065182,JPEG,song-jacket,768,768,RGB,JPEG,False,
assets/songs/dl_phantasia/1080_base_256.jpg,67086,a9b191090d6e7b46bc7ec108231ff5126b2462bea9896eb35c27b581f45dc974,JPEG,song-jacket,384,384,RGB,JPEG,False,
assets/songs/dl_picopicotranslation/1080_base.jpg,564170,9a0e8744f238024b18d4b308705445bcd7de2dd6b8cef27c1c543a29fa09faf3,JPEG,song-jacket,768,768,RGB,JPEG,False,
assets/songs/dl_picopicotranslation/1080_base_256.jpg,146837,836cb8aaef1e4c4d98bf3d7199430869b37fd362334adb19db308c87f824583f,JPEG,song-jacket,384,384,RGB,JPEG,False,
assets/songs/dl_placebobattler/1080_base.jpg,546087,f094f32412f70c8322cabfbf59f085f892dd56bc6cc0fd62fc54b41371411a8a,JPEG,song-jacket,768,768,RGB,JPEG,False,
assets/songs/dl_placebobattler/1080_base_256.jpg,148271,14a53af309ce48001dc9a282f764b1416a4fe87ed3c8c2194e20de1cfde5af69,JPEG,song-jacket,384,384,RGB,JPEG,False,
assets/songs/dl_pragmatism/1080_3.jpg,319981,7a00b22487eaecd6a5836c6487a2da87490919153722d5db63790051cd1c2d5b,JPEG,song-jacket,768,768,RGB,JPEG,False,
assets/songs/dl_pragmatism/1080_3_256.jpg,84788,d241e59a50a71eae6dc8e49723ce7344a35f4f43b7f2602e7a406a63569de28b,JPEG,song-jacket,384,384,RGB,JPEG,False,
assets/songs/dl_pragmatism/1080_base.jpg,336825,a32a70506581205aa27d12ffea4f2f8bf599ccc248e891cf41a13f22c12d3afd,JPEG,song-jacket,768,768,RGB,JPEG,False,
assets/songs/dl_pragmatism/1080_base_256.jpg,90956,38a28a6c580bfdcccb016e75857a74eb7f79d4bca0f3bce59c935d5206b40160,JPEG,song-jacket,384,384,RGB,JPEG,False,
assets/songs/dl_prayer/1080_base.jpg,277813,c37fc148713b731868e47809eb90da24fbc652216336d39774b318f7eb0e25e5,JPEG,song-jacket,768,768,RGB,JPEG,False,
assets/songs/dl_prayer/1080_base_256.jpg,89764,9bada012ff2ff1cb04991b691723936b46c98963b83cef006dab68909ccf2b79,JPEG,song-jacket,384,384,RGB,JPEG,False,
assets/songs/dl_primevaltexture/1080_base.jpg,250356,a423606bde9473268e559f85c2d469a81f8505cba7151e38eaaab479f14da50b,JPEG,song-jacket,768,768,RGB,JPEG,False,
assets/songs/dl_primevaltexture/1080_base_256.jpg,80353,a80f5012cd186bcc7c40db8b026dda2973919ca1426bc6194beed35e99912c75,JPEG,song-jacket,384,384,RGB,JPEG,False,
assets/songs/dl_primitivelights/1080_base.jpg,379620,96cbf18a8ef6ab67379123ab9b831b6ab9fb286cbe6ecb96aeb32cbf92126803,JPEG,song-jacket,768,768,RGB,JPEG,False,
assets/songs/dl_primitivelights/1080_base_256.jpg,100002,31db7a835982721543652d0b0c8b30b3ecfc9cc7a4ba355f2df5f65e6471f518,JPEG,song-jacket,384,384,RGB,JPEG,False,
assets/songs/dl_prism/1080_0.jpg,273928,2cc7159640ab2911473af9bd777a70aaaa196095e29dffdff9877101ce3a20df,JPEG,song-jacket,768,768,RGB,JPEG,False,
assets/songs/dl_prism/1080_0_256.jpg,70242,b29b9dd838d8099621103e65f0f8c71f83a5409236185f841c4020e208f1ecd8,JPEG,song-jacket,384,384,RGB,JPEG,False,
assets/songs/dl_prism/1080_1.jpg,263146,df56dc50adeba0f3ffa0dd1f96f64237c12a69de362b8ee6960b7e6a1bec6893,JPEG,song-jacket,768,768,RGB,JPEG,False,
assets/songs/dl_prism/1080_1_256.jpg,67660,675df5e04c74fb6b67dc3bc9e8592b2bcff14d96f58bd699ab509cb4e2d7f9dd,JPEG,song-jacket,384,384,RGB,JPEG,False,
assets/songs/dl_prism/1080_base.jpg,284844,9cfb5047091f93666007e477e5ca521a3365cb1a895d3dbe0617284d539fb2b8,JPEG,song-jacket,768,768,RGB,JPEG,False,
assets/songs/dl_prism/1080_base_256.jpg,73971,a753c12cfb03bd3685bbb72778e0f2ded23ff449fe5594a77a44c5883beca142,JPEG,song-jacket,384,384,RGB,JPEG,False,
assets/songs/dl_protoflicker/1080_0.jpg,261192,bccd1441388a2c66b0c99c65e26897ec639ced650b45d3e2961851722e0f4d6d,JPEG,song-jacket,768,768,RGB,JPEG,False,
assets/songs/dl_protoflicker/1080_0_256.jpg,68745,a5090013359963f4b3f1b9225d603d33f30c039407a1251f8a9e883e985ea4a1,JPEG,song-jacket,384,384,RGB,JPEG,False,
assets/songs/dl_protoflicker/1080_1.jpg,261192,bccd1441388a2c66b0c99c65e26897ec639ced650b45d3e2961851722e0f4d6d,JPEG,song-jacket,768,768,RGB,JPEG,False,
assets/songs/dl_protoflicker/1080_1_256.jpg,68745,a5090013359963f4b3f1b9225d603d33f30c039407a1251f8a9e883e985ea4a1,JPEG,song-jacket,384,384,RGB,JPEG,False,
assets/songs/dl_protoflicker/1080_base.jpg,279814,c484b796e32e494cd448447d9d30ac3d266903a5b850493049dc07851fbfc5bc,JPEG,song-jacket,768,768,RGB,JPEG,False,
assets/songs/dl_protoflicker/1080_base_256.jpg,74325,e36218c5f603c0c57058beb12bc35756d9d60d8b9c43fa9ea316c0393c79fc77,JPEG,song-jacket,384,384,RGB,JPEG,False,
assets/songs/dl_pupa/1080_base.jpg,169655,ab1cb356d7f581118d33f27829fc83af076170ed0aefed3f3e72714b67f88519,JPEG,song-jacket,768,768,RGB,JPEG,False,
assets/songs/dl_pupa/1080_base_256.jpg,51151,18811993abd77fc0596352dfd7514f915b2d1df62cac8d3c8ab7abbbff4d630b,JPEG,song-jacket,384,384,RGB,JPEG,False,
assets/songs/dl_purpleverse/1080_3.jpg,221023,cce704c02b3b715e4cffcb0e16f64216cb00199cfd1afe00d4a96b34fcd8cfbe,JPEG,song-jacket,768,768,RGB,JPEG,False,
assets/songs/dl_purpleverse/1080_3_256.jpg,92623,4c068808cccb91e0900803c35bda903775ddf29e69cc29fc275f141a7d5d6b9d,JPEG,song-jacket,384,384,RGB,JPEG,False,
assets/songs/dl_purpleverse/1080_base.jpg,283776,01f59745362206dd7caaf0521fd07c97d24285e8717469627353cce735f068ae,JPEG,song-jacket,768,768,RGB,JPEG,False,
assets/songs/dl_purpleverse/1080_base_256.jpg,60185,8cec509c5d37ffbcef5ca66ff7495b0a84207e8d9f02624a96407df852e10d54,JPEG,song-jacket,384,384,RGB,JPEG,False,
assets/songs/dl_qovat/1080_base.jpg,283935,14af883bcecfb9cd07cf809ac58ce3524ff160cb5e3835f958c525b761a38f7f,JPEG,song-jacket,768,768,RGB,JPEG,False,
assets/songs/dl_qovat/1080_base_256.jpg,96804,f127c0bd7bc400ca90514ea43eae1c838c68d76bf1d96bb9ffcf16debe6f67c3,JPEG,song-jacket,384,384,RGB,JPEG,False,
assets/songs/dl_qualia/1080_3.jpg,171446,4485391a8f4e9afe03812d7506470e64d3a673497f0bc2589d2b74e821fd08b8,JPEG,song-jacket,768,768,RGB,JPEG,False,
assets/songs/dl_qualia/1080_3_256.jpg,37635,05aa0eeea58b4065bf5c319b9d01159af37a6961053eb674758e67d045b74442,JPEG,song-jacket,384,384,RGB,JPEG,False,
assets/songs/dl_qualia/base.jpg,36846,2c2fac42847a4240fe810dbf9ad56e93f756febda049ec5dcbbbe9d8ddc6f970,JPEG,song-jacket,500,500,RGB,JPEG,False,
assets/songs/dl_qualia/base_256.jpg,12001,b23f2182bca558dfd3a085a48b67ba9ac554de0deb5adc1fc91ec9688a9eace4,JPEG,song-directory-image,256,256,RGB,JPEG,False,
assets/songs/dl_quon/1080_base.jpg,333329,347a7f66c4fb8039847036380f829e96803a0770fcddfcda02c7e82305071f09,JPEG,song-jacket,768,768,RGB,JPEG,False,
assets/songs/dl_quon/1080_base_256.jpg,87520,a579a937ca905ffaad2cfffc1c82e438fdf766106f251254c9d20289fd771d9d,JPEG,song-jacket,384,384,RGB,JPEG,False,
assets/songs/dl_quonwacca/1080_base.jpg,244278,330fe817a89319c55ca1de24c16228dfcbb327dab74da7b77f98024fd53598df,JPEG,song-jacket,768,768,RGB,JPEG,False,
assets/songs/dl_quonwacca/1080_base_256.jpg,74124,005e9425e2133ee35c4e5741a07896f5d352a8cfa68275c58f555a077818a269,JPEG,song-jacket,384,384,RGB,JPEG,False,
assets/songs/dl_rabbitintheblackroom/1080_base.jpg,224189,44ee2d66c0b1203dd17efce31df205a564ab0bf0807197a8188b87a6f7478204,JPEG,song-jacket,768,768,RGB,JPEG,False,
assets/songs/dl_rabbitintheblackroom/1080_base_256.jpg,61980,725ac90370e95582847d3fa149f35217297ee0afbb0f2a75c1ae29df842c2d11,JPEG,song-jacket,384,384,RGB,JPEG,False,
assets/songs/dl_rainofconflict/1080_base.jpg,336530,cd8cefa29c00076f7cc5c9e78708315f13968ed4f168620cfa39ea96e2d58278,JPEG,song-jacket,768,768,RGB,JPEG,False,
assets/songs/dl_rainofconflict/1080_base_256.jpg,116871,93c1ebfea9d2baa67bd3931d03ba1ed8b62a3fbc7469569c37441f56e4fb9345,JPEG,song-jacket,384,384,RGB,JPEG,False,
assets/songs/dl_ravenspride/1080_base.jpg,399273,0f5884cf3a8c9d2276fcf1be3d4e6db7d4a7fb863ef777b7cb06366e77fce7f0,JPEG,song-jacket,768,768,RGB,JPEG,False,
assets/songs/dl_ravenspride/1080_base_256.jpg,112142,67ed94ff2a59922ef03d1de66a235e8aa8665224644be0a643af616440f9c5a3,JPEG,song-jacket,384,384,RGB,JPEG,False,
assets/songs/dl_raysofremnant/1080_base.jpg,376843,8ca2777ba387486fa4a8aa90f46aa87dcd50b7f0862b31fbed22cd6b5977d423,JPEG,song-jacket,768,768,RGB,JPEG,False,
assets/songs/dl_raysofremnant/1080_base_256.jpg,124803,2e8a81577301a3f9741428f7b646cbd875e8aee7a3a37db260d50fcbe36ce9ac,JPEG,song-jacket,384,384,RGB,JPEG,False,
assets/songs/dl_reconstruction/1080_base.jpg,238164,629c88b187da2e0e3b16a13c54a06c993de4c336bc97a4eb532ffbb90cebbc0e,JPEG,song-jacket,768,768,RGB,JPEG,False,
assets/songs/dl_reconstruction/1080_base_256.jpg,74556,8ac46c0bf9f90ede7fc9add66b9c86a00ad2bcfcbacb4c593a198fed68c0cae4,JPEG,song-jacket,384,384,RGB,JPEG,False,
assets/songs/dl_redandblue/1080_3.jpg,220488,6f82b56ef6e9eb8a055a73b6ee985192148d8e75248bf79bc428e78f67e88b9e,JPEG,song-jacket,768,768,RGB,JPEG,False,
assets/songs/dl_redandblue/1080_3_256.jpg,55828,f11b959aa8ef16f5fd16d039f8867965a67eefc849f66e6fdc5b6757066561cc,JPEG,song-jacket,384,384,RGB,JPEG,False,
assets/songs/dl_redandblue/1080_base.jpg,407694,ab7a30d457e37eeccfbf77119f50c1e2dcf99cee7b06d9ecb810b60919baa1fe,JPEG,song-jacket,768,768,RGB,JPEG,False,
assets/songs/dl_redandblue/1080_base_256.jpg,89676,0a4c6fa4c50380a039a6ea5271f070f204a13318b686a4c468862d33d8933f94,JPEG,song-jacket,384,384,RGB,JPEG,False,
assets/songs/dl_redolentshape/1080_base.jpg,353231,3123b22286ab4f5e0335cebf471bed969c172a53efc1f9fe21a06a60054bf5d4,JPEG,song-jacket,768,768,RGB,JPEG,False,
assets/songs/dl_redolentshape/1080_base_256.jpg,94990,e6bf1b8af239ae0db55191b2f7d8acca0aebb998352ec6fe8d689b33b785b2c6,JPEG,song-jacket,384,384,RGB,JPEG,False,
assets/songs/dl_rekkaresonance/1080_base.jpg,338263,7cce6ea514139ed78355d5ab34a6bc457266f62758423c2e34747159af86cfbb,JPEG,song-jacket,768,768,RGB,JPEG,False,
assets/songs/dl_rekkaresonance/1080_base_256.jpg,87632,4f79bae8f7d9a9d54b03c7177f6913e20e88070e28b2d4fdaf7fe69adac3c2a1,JPEG,song-jacket,384,384,RGB,JPEG,False,
assets/songs/dl_relentless/1080_base.jpg,360644,2ac167a05f2a1a29be5430124746411fbb7226fa7c5b2e2d53f2f5a481d4cf21,JPEG,song-jacket,768,768,RGB,JPEG,False,
assets/songs/dl_relentless/1080_base_256.jpg,91419,d03ab2edcbac4811d676b973a1c0820dc0b1e67773560b4f872a1be141ecb12d,JPEG,song-jacket,384,384,RGB,JPEG,False,
assets/songs/dl_renegade/1080_base.jpg,258789,93743e67f14141bedd2e7b1cd9829b03ff5c56466be4b0c5e892b48c4c9c3176,JPEG,song-jacket,768,768,RGB,JPEG,False,
assets/songs/dl_renegade/1080_base_256.jpg,87916,3f61443d4b6186363143fa1953782ce908b0551cd3682511adfccb1090466ea9,JPEG,song-jacket,384,384,RGB,JPEG,False,
assets/songs/dl_revixy/1080_base.jpg,365983,764514c7072527efc31450e2b6b4bf8556de4cf45fca5a7a83862d13db5cce1c,JPEG,song-jacket,768,768,RGB,JPEG,False,
assets/songs/dl_revixy/1080_base_256.jpg,174637,605f398273437ca4960739757f700fa4e80fa7db0462007cfaf94fc7aa650fb7,JPEG,song-jacket,384,384,RGB,JPEG,False,
assets/songs/dl_rgb/1080_base.jpg,244098,2b49495224e9f8c22cc697979fc045288a5cef885a7d1821424e2990e8ad65c8,JPEG,song-jacket,768,768,RGB,JPEG,False,
assets/songs/dl_rgb/1080_base_256.jpg,61576,ea5f6ee4d77056bb9709c1543cb53e095211917d132e3c12d0b5703b26d5ba48,JPEG,song-jacket,384,384,RGB,JPEG,False,
assets/songs/dl_ringedgenesis/1080_base.jpg,293809,b997e56f7e95b64fdc5384df3612d3990459b3949e299340a5d6e675efb3acf1,JPEG,song-jacket,768,768,RGB,JPEG,False,
assets/songs/dl_ringedgenesis/1080_base_256.jpg,81208,9f6cb2f8c7b555c66714f1ceba9da0a1ef052ef413a7ec275549c82f800857b7,JPEG,song-jacket,384,384,RGB,JPEG,False,
assets/songs/dl_riotsystem/1080_base.jpg,382164,523890de0df4f5773a83e5d5e5baaa014da452368424d03925e632d92c859903,JPEG,song-jacket,768,768,RGB,JPEG,False,
assets/songs/dl_riotsystem/1080_base_256.jpg,112940,6305731d5504601f545ebb79c063b2a71a539002376aa9382d6fc10da7fc0b06,JPEG,song-jacket,384,384,RGB,JPEG,False,
assets/songs/dl_riseoftheworld/1080_base.jpg,336244,c4833fe2d10bf66772c3ea4d387c1e48fe65fd8978e5534e74262370f2e14033,JPEG,song-jacket,768,768,RGB,JPEG,False,
assets/songs/dl_riseoftheworld/1080_base_256.jpg,88068,14fdebdacd02ba8f856c76f29bc17c855e0a6b01eb9e5a550b1e83b265014742,JPEG,song-jacket,384,384,RGB,JPEG,False,
assets/songs/dl_romancewars/1080_base.jpg,333332,3fde76cd87474ec8bb6113d972402e0b356ff7bc6daa3d307a5af655999f5973,JPEG,song-jacket,768,768,RGB,JPEG,False,
assets/songs/dl_romancewars/1080_base_256.jpg,89287,4b9e2dd86fd7c778076da3db55b8fe3e1557e7c532c3f8ac81a26b44bd5ece05,JPEG,song-jacket,384,384,RGB,JPEG,False,
assets/songs/dl_rostpagegene/1080_base.jpg,537892,41799068f51f6a75711cfe6b6fdb54be1d09f5fdf534be901cf69c028f0d62f6,JPEG,song-jacket,768,768,RGB,JPEG,False,
assets/songs/dl_rostpagegene/1080_base_256.jpg,165411,947fec17c92ac8c21afbb2797cf9b92e67fcc1cdf313b5a5d603c8851e3686bf,JPEG,song-jacket,384,384,RGB,JPEG,False,
assets/songs/dl_rugie/1080_base.jpg,255734,a71ac2c4c5b25252189491465152ec9d367f3c0224378e4f98fbf6b55c773558,JPEG,song-jacket,768,768,RGB,JPEG,False,
assets/songs/dl_rugie/1080_base_256.jpg,61425,044b2c645429b7ae69d2f2d4f3349923890864cdbf53e03673753ff3cdc0b384,JPEG,song-jacket,384,384,RGB,JPEG,False,
assets/songs/dl_sacrifice/1080_base.jpg,235547,5f9cd7227645d10c37ee6aa9610a695d31282577abfa5e40a83b478bdc878427,JPEG,song-jacket,768,768,RGB,JPEG,False,
assets/songs/dl_sacrifice/1080_base_256.jpg,71389,84f7f3c613d678b8395308e28bbdcd412b68ed1baf850e5ebe25e55ece6a8193,JPEG,song-jacket,384,384,RGB,JPEG,False,
assets/songs/dl_saikyostronger/1080_base.jpg,315245,653de36eaa744d0c14189edc22fe4580e48b35f22313339ddecbecc27d225ace,JPEG,song-jacket,768,768,RGB,JPEG,False,
assets/songs/dl_saikyostronger/1080_base_256.jpg,85375,3d2dbbd8eab8e2ff88e8ca780100fbebb4158bdf2450347342b19f42123686b1,JPEG,song-jacket,384,384,RGB,JPEG,False,
assets/songs/dl_saintorsinner/1080_3.jpg,291920,945a473c98ad64f2f4264bbddfbb56c5e74ce57110d7c849c2f1e5adb483dfd7,JPEG,song-jacket,768,768,RGB,JPEG,False,
assets/songs/dl_saintorsinner/1080_3_256.jpg,99934,ac7206a5c09ef9e4738a9963af62861108aa870e97260afcb4637db8e37512cb,JPEG,song-jacket,384,384,RGB,JPEG,False,
assets/songs/dl_saintorsinner/1080_base.jpg,284265,45476041c51a3d9db5cbbe9bfd3c3e7ee585d0138a51247f0caf9ac9fa3e6c63,JPEG,song-jacket,768,768,RGB,JPEG,False,
assets/songs/dl_saintorsinner/1080_base_256.jpg,87248,6321c713d669debc3104b27bf635bb5452532be8ef7eb1e560c7e7cb15719b54,JPEG,song-jacket,384,384,RGB,JPEG,False,
assets/songs/dl_sanskia/1080_base.jpg,246424,860f4d0688c7f1aeee519f731335a50a503efe24640a0603a142db110ee6e2c0,JPEG,song-jacket,768,768,RGB,JPEG,False,
assets/songs/dl_sanskia/1080_base_256.jpg,67061,5b3a2686afb14983619930cc0b6b179bfef175bfe7ff97d4a7a1f7eee2c7714b,JPEG,song-jacket,384,384,RGB,JPEG,False,
assets/songs/dl_scarletcage/1080_base.jpg,319848,d06d676e03d292a43e9814ef0b30ab4f219b58d4969aff8ba9cb7efe99f4208d,JPEG,song-jacket,768,768,RGB,JPEG,False,
assets/songs/dl_scarletcage/1080_base_256.jpg,85552,17faccb5f9a522033388d799be514ad2dbfd092031fada2cdc29dfc070e69a4f,JPEG,song-jacket,384,384,RGB,JPEG,False,
assets/songs/dl_scarletlance/1080_base.jpg,352383,157258b772a1477f3a644a929607d08c784c261557d97b8c94201c48d80a7a44,JPEG,song-jacket,768,768,RGB,JPEG,False,
assets/songs/dl_scarletlance/1080_base_256.jpg,100900,c72e75c011cf370df94a61b4b74a604de1ba0024dcc201a28d30e8e24a47c921,JPEG,song-jacket,384,384,RGB,JPEG,False,
assets/songs/dl_scarletlunar/1080_base.jpg,503237,6d388f97a8cf2a3c58849566fcecacd847b5ecadd463309f09b2aa461b8574d3,JPEG,song-jacket,768,768,RGB,JPEG,False,
assets/songs/dl_scarletlunar/1080_base_256.jpg,134079,04179da305b03861a71e1d8063db52004c834b8f98b545e6899bdd5b378eb1f5,JPEG,song-jacket,384,384,RGB,JPEG,False,
assets/songs/dl_seclusion/1080_base.jpg,330845,c6ee94b0a73c6b25e214714b268ee6841816dd3293c0d9528992d3b034a76e16,JPEG,song-jacket,768,768,RGB,JPEG,False,
assets/songs/dl_seclusion/1080_base_256.jpg,85228,0950569a31bff3335157b8079a7290e3dd62141c7c007b78d6a073a6e8c62e18,JPEG,song-jacket,384,384,RGB,JPEG,False,
assets/songs/dl_seethelights/1080_base.jpg,497060,d93a23619fb8c5972fdbef6c1de5ee612893d899e021bf08a1b7f514ff260e1b,JPEG,song-jacket,768,768,RGB,JPEG,False,
assets/songs/dl_seethelights/1080_base_256.jpg,126694,82b6c2becab4fed45f5e462a00b923d217aca80b193001404872b0777af608e5,JPEG,song-jacket,384,384,RGB,JPEG,False,
assets/songs/dl_seventhsense/base.jpg,122560,360f8cb2503dde02db1ea802b76f02e3850e763524543d04b6832b5bc2769e9b,JPEG,song-jacket,512,512,RGB,JPEG,False,
assets/songs/dl_seventhsense/base_256.jpg,54084,c0afa75f98ac4fc98172d93593c8b63df7d3bace1bdb34bd63455054e11f98fa,JPEG,song-directory-image,256,256,RGB,JPEG,False,
assets/songs/dl_sheriruth/1080_base.jpg,285555,03358515a63a80bdb89e22524d3e3ddb5d32b9f0f8033914fa3203aa6cf3a27e,JPEG,song-jacket,768,768,RGB,JPEG,False,
assets/songs/dl_sheriruth/1080_base_256.jpg,75651,c3327675503ff8050b09bde01e90b5582ba93c285b454681aebcd42f32de55a0,JPEG,song-jacket,384,384,RGB,JPEG,False,
assets/songs/dl_sheriruthrmx/1080_base.jpg,184537,5b4495c5279a62e55371970b9dd71472c8e326c08d89cafc39fcc9d8cbc4c3fe,JPEG,song-jacket,768,768,RGB,JPEG,False,
assets/songs/dl_sheriruthrmx/1080_base_256.jpg,55888,e60c8bb2747033071c710e3d2d16228a24d2863561afc19226052445cec9e75c,JPEG,song-jacket,384,384,RGB,JPEG,False,
assets/songs/dl_shinchoku/1080_base.jpg,428375,89ceed5a24759300a355cc37978aae51536ca4c638665dea6bf6e45b019eb70a,JPEG,song-jacket,768,768,RGB,JPEG,False,
assets/songs/dl_shinchoku/1080_base_256.jpg,132246,cccad7fbde7c0abd2eac7bc9c3d9d13238b3286a663bc5117cbf890e9a1ea846,JPEG,song-jacket,384,384,RGB,JPEG,False,
assets/songs/dl_shinoukyoseki/1080_base.jpg,301591,81693024fb152e583f82e72b3cd6a65decc18064ac6872fac2a396c93087cb15,JPEG,song-jacket,768,768,RGB,JPEG,False,
assets/songs/dl_shinoukyoseki/1080_base_256.jpg,90537,1766df35efb2dee063e340d585e039f0dbc8e98b2c6ca7b8dc46223d403f6d6c,JPEG,song-jacket,384,384,RGB,JPEG,False,
assets/songs/dl_shrink/1080_base.jpg,240079,cd4be55466def228f2bb04dfd29eabfe894e4e88ab46ad65b69ff0514ff1cfba,JPEG,song-jacket,768,768,RGB,JPEG,False,
assets/songs/dl_shrink/1080_base_256.jpg,82877,54a13ae1b64017ef0a283245fbc24eaba203f9941d7ff5a7726e4645a46ff61e,JPEG,song-jacket,384,384,RGB,JPEG,False,
assets/songs/dl_signal/1080_base.jpg,188620,91346c38fb3712b5a251c520b5692ef2f51ee9148d55c0fac8a703218291502d,JPEG,song-jacket,768,768,RGB,JPEG,False,
assets/songs/dl_signal/1080_base_256.jpg,69842,6ed4c2b6f7a36cbc122a69131be38e914abd457bfc8b4036665cdc921786fa1c,JPEG,song-jacket,384,384,RGB,JPEG,False,
assets/songs/dl_signof/base.jpg,161590,297a477d5b66b3ba272f6d8dd1da6a53f97708003554282f8c4913b03629202e,JPEG,song-jacket,512,512,RGB,JPEG,False,
assets/songs/dl_signof/base_256.jpg,60399,16b9c95f10d87da33fc54a843e0eb5c32096eb27e8cd77c568865cb01340d541,JPEG,song-directory-image,256,256,RGB,JPEG,False,
assets/songs/dl_silentrush/1080_base.jpg,390950,e4fa0a740e410b9131797872ce5132b73616ac7ed7adf5a9cfe7c5b32e819e53,JPEG,song-jacket,768,768,RGB,JPEG,False,
assets/songs/dl_silentrush/1080_base_256.jpg,90549,936e21d6b46a6b227ebd9bca918c8dff4e11e457dbcbb8f988a7d6262b32953a,JPEG,song-jacket,384,384,RGB,JPEG,False,
assets/songs/dl_singularity/1080_3.jpg,272861,a230d3e62298ac32292d8b11411108ba2193d1da286c8eb009395b78fa325b7f,JPEG,song-jacket,768,768,RGB,JPEG,False,
assets/songs/dl_singularity/1080_3_256.jpg,74938,8dec943df64080b4ff3b4da952cf256760cac19fbcec06febc83cf1bc063c50f,JPEG,song-jacket,384,384,RGB,JPEG,False,
assets/songs/dl_singularity/1080_base.jpg,264921,90116844e15c80e244d231ee2250e0d3ca839a65de590b59045d464ca381e58e,JPEG,song-jacket,768,768,RGB,JPEG,False,
assets/songs/dl_singularity/1080_base_256.jpg,69797,eccfe893e714ef955c5b7134ea1298885e7f934da951fec164d055290ced4c02,JPEG,song-jacket,384,384,RGB,JPEG,False,
assets/songs/dl_smallcloud/1080_3.jpg,416486,bb702c72ee03855a2f2f891c485578c8085264514821ca841b1bf63a805524f3,JPEG,song-jacket,768,768,RGB,JPEG,False,
assets/songs/dl_smallcloud/1080_3_256.jpg,129087,518142bcf2dab1afa5365defa6a2f4cf08e0f8a65eb587c9e398589d0dcfed5f,JPEG,song-jacket,384,384,RGB,JPEG,False,
assets/songs/dl_smallcloud/1080_base.jpg,327508,b057db407077f20cde9de824dd21fff7178c87a6f5218306079cb00ca2acfcb8,JPEG,song-jacket,768,768,RGB,JPEG,False,
assets/songs/dl_smallcloud/1080_base_256.jpg,94625,f4c4013a92c32a2175b288fc1afba63027cf2a6b685a274e560a87ded2f4f289,JPEG,song-jacket,384,384,RGB,JPEG,False,
assets/songs/dl_solitarydream/1080_base.jpg,285666,626b63b4fb6e896ff6363bcb5d65e7642542de0518ad5e29b3492eeb8972e71f,JPEG,song-jacket,768,768,RGB,JPEG,False,
assets/songs/dl_solitarydream/1080_base_256.jpg,107954,9cf58b539f4d6a8b53b8e07ea5f05cd8057eda9cab8f8896a3570a9d16dace9e,JPEG,song-jacket,384,384,RGB,JPEG,False,
assets/songs/dl_solitarydream/1080_base_ja.jpg,322249,a87093565470931cd280b822a8ce3a89d8a2de16c5c7867c161baa4bea9f6428,JPEG,song-jacket,768,768,RGB,JPEG,False,
assets/songs/dl_solitarydream/1080_base_ja_256.jpg,82605,b3f180559bb10413c0ef4a4886fb16b2741ee9f7a7e8d0a5bd8e6c073051f5dd,JPEG,song-jacket,384,384,RGB,JPEG,False,
assets/songs/dl_someday/1080_base.jpg,125937,e06cb4566a44a7ba9dc7388ae5370f7a7864c55aa6af8b89f85acd2b62e120d6,JPEG,song-jacket,768,768,RGB,JPEG,False,
assets/songs/dl_someday/1080_base_256.jpg,64061,5e3ce6bc7a29adb21a3b9d39a1f1c4da6fd2ca7ef77db57b568110d6fab56230,JPEG,song-jacket,384,384,RGB,JPEG,False,
assets/songs/dl_soundwitch/1080_base.jpg,365610,f0309dfd56810576800331178147ee47b20118c33e9c0401882e56b50fd5f449,JPEG,song-jacket,768,768,RGB,JPEG,False,
assets/songs/dl_soundwitch/1080_base_256.jpg,86642,fd318d7d437564533f4639eb2bb1a2ab7f25e4ea9ed04480109d43df08dd0191,JPEG,song-jacket,384,384,RGB,JPEG,False,
assets/songs/dl_spearofjustice/1080_base.jpg,104328,b348ded63bb376e5e0d1c39c8aebf743a51e5deaa1b7dd843d551a080e1c49fd,JPEG,song-jacket,768,768,RGB,JPEG,False,
assets/songs/dl_spearofjustice/1080_base_256.jpg,44148,5ebf9d9071e49e774dc2a719e68c9d3accc2ab4fc6b8f56f829c450971bd3e09,JPEG,song-jacket,384,384,RGB,JPEG,False,
assets/songs/dl_specta/1080_base.jpg,303646,ecead79bebb47aa709677ec10f81d2e3ad064041d0c466ea3766a06ef2a70d1e,JPEG,song-jacket,768,768,RGB,JPEG,False,
assets/songs/dl_specta/1080_base_256.jpg,103686,c3264412eaddab5cb16c9fe0f2908f5efb09c18300561dd41c5d0172d5173c82,JPEG,song-jacket,384,384,RGB,JPEG,False,
assets/songs/dl_spiderdance/1080_base.jpg,101912,a144fe0be0355c7da4a7b5da48805fd5b8e8f23264151686d0346953a9e5ec2d,JPEG,song-jacket,768,768,RGB,JPEG,False,
assets/songs/dl_spiderdance/1080_base_256.jpg,43569,75b620a0d04dccfaf5cad10e0e7c76dab20da3d250e5cbabaf62fab2b6f04868,JPEG,song-jacket,384,384,RGB,JPEG,False,
assets/songs/dl_spidersthread/1080_base.jpg,235338,0d7d41b0b047c93dc011e260b97d75da6992281c1052a38d696fcabe95a20c71,JPEG,song-jacket,768,768,RGB,JPEG,False,
assets/songs/dl_spidersthread/1080_base_256.jpg,69038,4f10c757230b486e9e06fc78bcc0095ead72451b885706ba25ee6a9007ede8e1,JPEG,song-jacket,384,384,RGB,JPEG,False,
assets/songs/dl_spiritdauntless/1080_base.jpg,381387,9d679cacb3b5e28849fe898201c5be321f6779a32cf09cac4a72367ffdb7e5b5,JPEG,song-jacket,768,768,RGB,JPEG,False,
assets/songs/dl_spiritdauntless/1080_base_256.jpg,108860,a3d84d11744a305de3c83d0aa39e94ddbe9a6adbbc4d0994d8474daeba3cc257,JPEG,song-jacket,384,384,RGB,JPEG,False,
assets/songs/dl_stager/0.jpg,164225,1cd192de4f6c2c789f6e8a366a8c6d2622fad1b9585b4ac11acc2379344c031c,JPEG,song-jacket,512,512,RGB,JPEG,False,
assets/songs/dl_stager/0_256.jpg,90226,18e50ec7dae60a5b4be82f1f30adfafabc0b0a7d24f16c56d27b3e6bd69c4f96,JPEG,song-directory-image,256,256,RGB,JPEG,False,
assets/songs/dl_stager/1.jpg,147509,d2936858635b1c46d02cd84e6f7d77ea2d2a518442d09460d367ee28c444c2f5,JPEG,song-jacket,512,512,RGB,JPEG,False,
assets/songs/dl_stager/1_256.jpg,73941,d71fb328a992ca0f8fc80f92faaee1ca20ed6c763d877c503aad2df9f9a4d63a,JPEG,song-directory-image,256,256,RGB,JPEG,False,
assets/songs/dl_stager/base.jpg,136061,952d16b9d38d7836966e0f25002b62b8eaa34237cfa738cd0cb682613c5156e8,JPEG,song-jacket,512,512,RGB,JPEG,False,
assets/songs/dl_stager/base_256.jpg,67380,1bf8950c422b0af3c69b004f67f75e3518a897168a29308a5736b2eadcfc774f,JPEG,song-directory-image,256,256,RGB,JPEG,False,
assets/songs/dl_stargateextreme/1080_base.jpg,322973,330f002fde1afa0fa7cefce1550b26583317203929380a88a9ec14e6939abea8,JPEG,song-jacket,768,768,RGB,JPEG,False,
assets/songs/dl_stargateextreme/1080_base_256.jpg,100008,e330a58460a832ec01209c45dced8c09fcd8c70a0977867219ccb521d4aefc4c,JPEG,song-jacket,384,384,RGB,JPEG,False,
assets/songs/dl_stasis/1080_0.jpg,324061,1dcf9025bf625a56d0eafd00a19a2b0f21eee684ca599e7c0c2c97e7eccf4391,JPEG,song-jacket,768,768,RGB,JPEG,False,
assets/songs/dl_stasis/1080_0_256.jpg,86988,c535db0884b66c1b867687f8d89c9cccaf8aad1c611d6928d86b844342f89385,JPEG,song-jacket,384,384,RGB,JPEG,False,
assets/songs/dl_stasis/1080_1.jpg,328002,7800d7ba8e4ce84df292b4147bcd98f4638d5c7146cbad7f4f6bec9f9a43ef6e,JPEG,song-jacket,768,768,RGB,JPEG,False,
assets/songs/dl_stasis/1080_1_256.jpg,88014,c76df7875442a10534fcad424d011e168b9b338241e20c3013f878ec88a91d1c,JPEG,song-jacket,384,384,RGB,JPEG,False,
assets/songs/dl_stasis/1080_base.jpg,328115,49c2a13e8f621b563857c66fe27bd7487bc68a73760fb287545d39b724de3aae,JPEG,song-jacket,768,768,RGB,JPEG,False,
assets/songs/dl_stasis/1080_base_256.jpg,87800,233016919409737c37316552bad0163489a384c03bfa9bd13aa3a10eaee5264f,JPEG,song-jacket,384,384,RGB,JPEG,False,
assets/songs/dl_straightintolights/1080_base.jpg,357948,16ba879a0d32dc94a9dc798565f61817b9f047f7c53c80c429673f913dcbdd6c,JPEG,song-jacket,768,768,RGB,JPEG,False,
assets/songs/dl_straightintolights/1080_base_256.jpg,109887,fdf8d8479a1cb8241d4d9210a50b9e2047ae30d0b09eab2fc9f7baf47c4b1e8f,JPEG,song-jacket,384,384,RGB,JPEG,False,
assets/songs/dl_stratoliner/1080_base.jpg,234545,d13caef49812851a5d5458c40414e81f851d2d07fdfaaceb6329c9cc7633fd27,JPEG,song-jacket,768,768,RGB,JPEG,False,
assets/songs/dl_stratoliner/1080_base_256.jpg,105170,1aa0627e4462505c4b5da39166fcd7341ce57fc3321d6c7d8addac1267cfcb32,JPEG,song-jacket,384,384,RGB,JPEG,False,
assets/songs/dl_strongholds/1080_base.jpg,240576,e460c7cd4d01cbcb941b617d5622f3836bfb3f653b4529da58d7f993a59e6a65,JPEG,song-jacket,768,768,RGB,JPEG,False,
assets/songs/dl_strongholds/1080_base_256.jpg,67362,0246ca537f56f6ce6ef79c541beaec065d0692b340e07684cfee91682b5bff46,JPEG,song-jacket,384,384,RGB,JPEG,False,
assets/songs/dl_subsphere/1080_base.jpg,411255,b144414f5fdb481624a3af1b8c28e611f6cb4763fd812fb34354f6f850701661,JPEG,song-jacket,768,768,RGB,JPEG,False,
assets/songs/dl_subsphere/1080_base_256.jpg,120644,be20554bbae72123d75455ef34a17fac2b5dc7224b9391d043e60f6791d2fd09,JPEG,song-jacket,384,384,RGB,JPEG,False,
assets/songs/dl_sucromania/1080_base.jpg,474549,a50ee7844cc7d981fd9a4819df411ca451d6ebcf74d2287e86432928dea4c988,JPEG,song-jacket,768,768,RGB,JPEG,False,
assets/songs/dl_sucromania/1080_base_256.jpg,146964,a45c6465202cff983e2ddaf6870c6cca8f110456323d3e59c68727130d9f2a7a,JPEG,song-jacket,384,384,RGB,JPEG,False,
assets/songs/dl_sulfur/1080_base.jpg,239761,e85777d5cd590e005ada841ec37a805e042dc8a613267bf5b27c68f00657efa9,JPEG,song-jacket,768,768,RGB,JPEG,False,
assets/songs/dl_sulfur/1080_base_256.jpg,70860,922cf5c483f2eda725fb0d1d658ff2aea0af8410851cd5f1afde1442c9da5a5c,JPEG,song-jacket,384,384,RGB,JPEG,False,
assets/songs/dl_summerfireworks/1080_base.jpg,292435,95ecc6c7acb92d70f3baf86a4826c4a7b7f280897c881739dac63a88c23b0e57,JPEG,song-jacket,768,768,RGB,JPEG,False,
assets/songs/dl_summerfireworks/1080_base_256.jpg,80471,5a3fc7162f85f2570912cf5a5935746515fba67e387bc95bd179e2ce03445313,JPEG,song-jacket,384,384,RGB,JPEG,False,
assets/songs/dl_suomi/1080_base.jpg,397635,440a47dd105361261de42525e2926ac36b3d391752634566cab7585f68161b35,JPEG,song-jacket,768,768,RGB,JPEG,False,
assets/songs/dl_suomi/1080_base_256.jpg,109687,6558c5da23da4790aff0796d6225b5691ce7fba0226b8a947d25a755c79dabfd,JPEG,song-jacket,384,384,RGB,JPEG,False,
assets/songs/dl_superambulance/base.jpg,203460,3b9268c76677c73e5977fdf7767ab535cfa212cdac1df62b7a84b685d42e186f,JPEG,song-jacket,512,512,RGB,JPEG,False,
assets/songs/dl_superambulance/base_256.jpg,73086,1b1f4afa1bc4c65e50c86b626955c67f40c37afa86c17d7104eee9f3b3a66e16,JPEG,song-directory-image,256,256,RGB,JPEG,False,
assets/songs/dl_supernova/1080_base.jpg,152585,79b3bf8e7a7bb0ef642a9836f5fe36e2c2d943309a9110a89486fee87158cec1,JPEG,song-jacket,768,768,RGB,JPEG,False,
assets/songs/dl_supernova/1080_base_256.jpg,40836,ce1025b62641d3139f8469da59acaced7a688a31cf1adaeb55864e72bf792d58,JPEG,song-jacket,384,384,RGB,JPEG,False,
assets/songs/dl_surrender/1080_base.jpg,288113,78fd053e02c7ffb3215c22559c410c65315325531e4208fdcac17bcc2edec692,JPEG,song-jacket,768,768,RGB,JPEG,False,
assets/songs/dl_surrender/1080_base_256.jpg,76082,c6aafef2b87f0da87c78aa9f014e8151b3c14427884d9ed9ff7598dab42abe84,JPEG,song-jacket,384,384,RGB,JPEG,False,
assets/songs/dl_swansong/1080_base.jpg,349394,d1451ffe5659f0f58c4b16ba265695b7c41d3486246e30cc4a1fe2029b86a63e,JPEG,song-jacket,768,768,RGB,JPEG,False,
assets/songs/dl_swansong/1080_base_256.jpg,125604,abe1989ca1d075751c3e326a629a35e68f347ad25e4ebb5266f61f208236bb2e,JPEG,song-jacket,384,384,RGB,JPEG,False,
assets/songs/dl_synthesis/1080_base.jpg,592011,e743b67c0432e5bc80dd810e8f4df539877503e69416e49693bb0c27d161a5ce,JPEG,song-jacket,768,768,RGB,JPEG,False,
assets/songs/dl_synthesis/1080_base_256.jpg,145044,d66eb69ad0ac2fe8d7c356a39df6be0f8f5605a33579e64c58347e5314957656,JPEG,song-jacket,384,384,RGB,JPEG,False,
assets/songs/dl_syriana/1080_base.jpg,170936,53e1d1a0e362e74d412a6d3672edf0d6bad11582beebde9eb4d0491a6e953190,JPEG,song-jacket,768,768,RGB,JPEG,False,
assets/songs/dl_syriana/1080_base_256.jpg,90660,33f01dd12fe0ac0086eb8962d8a3c4243f09ba8c7ccbb7ba6a67fca4cfdba1f9,JPEG,song-jacket,384,384,RGB,JPEG,False,
assets/songs/dl_syro/1080_base.jpg,181289,b88e5bb88ce5e1ab5b38f8e1772d55a1d89a839a56c2dfa85e6e214700755adb,JPEG,song-jacket,768,768,RGB,JPEG,False,
assets/songs/dl_syro/1080_base_256.jpg,53384,bb08db189c8c86d5aae8c3b1aaacd58f8e2e3ac00dac7fbf5a096e74b115266b,JPEG,song-jacket,384,384,RGB,JPEG,False,
assets/songs/dl_syuten/1080_base.jpg,192508,ec53273e41f91f627bc59273ced768e98647f189e7af8146d6062bfc288a9256,JPEG,song-jacket,768,768,RGB,JPEG,False,
assets/songs/dl_syuten/1080_base_256.jpg,53917,91c65030592f6ba4cef2354988485e376a9f1869065f249109cb067ecb73d7fd,JPEG,song-jacket,384,384,RGB,JPEG,False,
assets/songs/dl_tabootears/1080_base.jpg,399570,5e59f240f58597ea52750e8926a211f8ebcbc0b815cb9eddcdc0b62a3f002989,JPEG,song-jacket,768,768,RGB,JPEG,False,
assets/songs/dl_tabootears/1080_base_256.jpg,144693,8669e3c96f2b0d8a0bc759ea87dac36fdeccb5c4244cebe5840df21b20f3edf3,JPEG,song-jacket,384,384,RGB,JPEG,False,
assets/songs/dl_take/1080_base.jpg,280317,33a5aa6ffcab98afa2faa7cfffd4744edf9d848039348c42acd7540adc779914,JPEG,song-jacket,768,768,RGB,JPEG,False,
assets/songs/dl_take/1080_base_256.jpg,87550,3ea107bb451abcd5fc89e4ed54aae63620ad8206368ea459d764e4aaed90bf0b,JPEG,song-jacket,384,384,RGB,JPEG,False,
assets/songs/dl_tasogare/1080_base.jpg,344711,6476229fc88ed393cc9c5c658c71e62aaf5e042615234d819a9425d4fd11bc66,JPEG,song-jacket,768,768,RGB,JPEG,False,
assets/songs/dl_tasogare/1080_base_256.jpg,75942,3817bdfa3ca51c3da0882d3b8daabdff3af0538e93d16fd5e29eaca5ab5a8274,JPEG,song-jacket,384,384,RGB,JPEG,False,
assets/songs/dl_tau/1080_base.jpg,212466,fe3917be584546ab4764b7c193d6c3a93b1e452376d1fb5ab5a87d302a68e2ed,JPEG,song-jacket,768,768,RGB,JPEG,False,
assets/songs/dl_tau/1080_base_256.jpg,81258,03f5966fc17600dc7263e6776aca91d986d361a0fd8f42c7b37634f9e1f110f8,JPEG,song-jacket,384,384,RGB,JPEG,False,
assets/songs/dl_technicolour/1080_base.jpg,177502,1c69b22bceeda9c26dd98528221bee401fbc42621542482002b1566274c86076,JPEG,song-jacket,768,768,RGB,JPEG,False,
assets/songs/dl_technicolour/1080_base_256.jpg,63631,5d3115a982146ee1044362b50f5b00cb3531e369b86f0d424bb01d65d66fea7c,JPEG,song-jacket,384,384,RGB,JPEG,False,
assets/songs/dl_telepathy/1080_base.jpg,503166,735513dde12e5241ec26cd378175bb31919abd83349644e78430601748a9ed6a,JPEG,song-jacket,768,768,RGB,JPEG,False,
assets/songs/dl_telepathy/1080_base_256.jpg,166257,31ac83da4f9c610103bd0b817f131c138a5ff93957524aefa3d0a5385b45d206,JPEG,song-jacket,384,384,RGB,JPEG,False,
assets/songs/dl_tempestissimo/1080_3.jpg,272439,ab5160dfc69733dee2d6b33c124dc85f4ed9b127a74be21d95213a02ea42cf5b,JPEG,song-jacket,768,768,RGB,JPEG,False,
assets/songs/dl_tempestissimo/1080_3_256.jpg,73846,bce2ff8d128c648e1d4c7dfb14f70dca616107ada71203bd44ca9ece0074ea9d,JPEG,song-jacket,384,384,RGB,JPEG,False,
assets/songs/dl_tempestissimo/1080_base.jpg,270818,fc97eec33f0842cd15f0c435ed282e05504b422fe9317999aea4ecf00f58524d,JPEG,song-jacket,768,768,RGB,JPEG,False,
assets/songs/dl_tempestissimo/1080_base_256.jpg,72928,6e3be1bddbbbf20213766bcb64e54f0131f933a355d2bdd4b18ae39cadce7333,JPEG,song-jacket,384,384,RGB,JPEG,False,
assets/songs/dl_temptation/1080_base.jpg,205527,f85a5f205b67b06b73eb37004266fa1aa9a86677f28d1ecbad07c10cf2242e73,JPEG,song-jacket,768,768,RGB,JPEG,False,
assets/songs/dl_temptation/1080_base_256.jpg,57332,9e9720114909bbebf381674f2d25cdd32cbe93613ce08b4d57a1cb74c6f6c5b3,JPEG,song-jacket,384,384,RGB,JPEG,False,
assets/songs/dl_temptationgc/base.jpg,183624,dbc089cd7fe1175bb25f7822afa505e7c30d713469bbe5d11b9ed03021f8b57f,JPEG,song-jacket,512,512,RGB,JPEG,False,
assets/songs/dl_temptationgc/base_256.jpg,66637,ace4437823d31a242e39edc094383d1db2c4d5191f991e979263363949155656,JPEG,song-directory-image,256,256,RGB,JPEG,False,
assets/songs/dl_teravolt/1080_base.jpg,233988,7c9e5c98c82cd324aa808c7b54de0b08a81606237518c4df7a2c7601c39bbed7,JPEG,song-jacket,768,768,RGB,JPEG,False,
assets/songs/dl_teravolt/1080_base_256.jpg,94624,49bb25f11488c7f1f5a184c36e2ba4fa766a2e277c049c978eee56039d3f8a29,JPEG,song-jacket,384,384,RGB,JPEG,False,
assets/songs/dl_teriqma/1080_base.jpg,341631,a8b2b4d74b391e548214ad4ee2fdc577ba2d352906d2b08b144df6a9e116c621,JPEG,song-jacket,768,768,RGB,JPEG,False,
assets/songs/dl_teriqma/1080_base_256.jpg,84126,daee3acdc8aa882394edab3dfdd2b3c978542e069dc68dfa6d59862d526c84b2,JPEG,song-jacket,384,384,RGB,JPEG,False,
assets/songs/dl_testify/1080_base.jpg,343165,57c1f230c2d16884f968253513d50224c3d28474f464a685dd19a6255e310b92,JPEG,song-jacket,768,768,RGB,JPEG,False,
assets/songs/dl_testify/1080_base_256.jpg,87337,5f213f6bc88b1685310b735412ccf646234a86a52cac844cd5a06b7e40e5ab32,JPEG,song-jacket,384,384,RGB,JPEG,False,
assets/songs/dl_themessage/1080_base.jpg,380890,91b1b84d03cbdcc64a51cc5e366321375d5ed5356ce93434efb0132d394debdb,JPEG,song-jacket,768,768,RGB,JPEG,False,
assets/songs/dl_themessage/1080_base_256.jpg,91045,d8aa6c4613300be15f4ba91d91009028e5179aad1cdc6f9897caad999aaf0496,JPEG,song-jacket,384,384,RGB,JPEG,False,
assets/songs/dl_theraft/1080_base.jpg,229765,2bfe4f883d1c5ea6f73efcf5a6cc3a92e083449622f5d2e0725b5b2195930da0,JPEG,song-jacket,768,768,RGB,JPEG,False,
assets/songs/dl_theraft/1080_base_256.jpg,71107,3bee2bd1866522a77a0f0a81af8806eda4a4af2362c08100c463c54b347b8310,JPEG,song-jacket,384,384,RGB,JPEG,False,
assets/songs/dl_thesurvivor/1080_base.jpg,309901,d4ebfeaf5dfaf63523351205f91806d98fbcd5707915c9d9280dbb2ec5e09453,JPEG,song-jacket,768,768,RGB,JPEG,False,
assets/songs/dl_thesurvivor/1080_base_256.jpg,96305,b48cf9c05b484f6ec80a2d1ba14e1ffb949dd94bb9396eb370c838338ed5d481,JPEG,song-jacket,384,384,RGB,JPEG,False,
assets/songs/dl_theultimacy/1080_base.jpg,276197,cc4ebe20377d5318a781e65625bd3f6713a1b6f6108e8913b413d16710dc6c5a,JPEG,song-jacket,768,768,RGB,JPEG,False,
assets/songs/dl_theultimacy/1080_base_256.jpg,76585,f61f3d3137e3683b2d14894cd53741be61b9697b11c04ded924be722e4c79839,JPEG,song-jacket,384,384,RGB,JPEG,False,
assets/songs/dl_thirdavenue/1080_base.jpg,347702,cab725587fe778cbc17c6ae13de05289aa90d251513268d29cce73908a600ef1,JPEG,song-jacket,768,768,RGB,JPEG,False,
assets/songs/dl_thirdavenue/1080_base_256.jpg,104640,1bf0da26c72234c733a304e5770c3872432fca6ad17dac4346a84df7647cdc51,JPEG,song-jacket,384,384,RGB,JPEG,False,
assets/songs/dl_thirdsun/1080_base.jpg,150014,50ba62371128c0d69b3e2d4862917460cfaa994b40b24fc5a3b1c20d28e43bdd,JPEG,song-jacket,768,768,RGB,JPEG,False,
assets/songs/dl_thirdsun/1080_base_256.jpg,53655,01142f4276d3bb005f5ced66f013c39d87b4feac525f23740fa45d837bef033c,JPEG,song-jacket,384,384,RGB,JPEG,False,
assets/songs/dl_tictactoe/1080_base.jpg,181276,19275771c85f19d1c96a6f32f2146715caf58532ae64f336fb43bd7362dc9f02,JPEG,song-jacket,768,768,RGB,JPEG,False,
assets/songs/dl_tictactoe/1080_base_256.jpg,90220,73f324eb25209e1d2e48d6d9c3a2cdc20af775c093914b730bc34f70d7d26896,JPEG,song-jacket,384,384,RGB,JPEG,False,
assets/songs/dl_tiemedowngently/1080_base.jpg,281670,12af5957e9a2e3e6e3cf959010c86162ed2b20507739c237d6b05fe9a27df76c,JPEG,song-jacket,768,768,RGB,JPEG,False,
assets/songs/dl_tiemedowngently/1080_base_256.jpg,73788,7c4e992f38d673762a4c6e092dd7c9f2f218b62d3e5c232346be74641de3fd91,JPEG,song-jacket,384,384,RGB,JPEG,False,
assets/songs/dl_tiferet/1080_base.jpg,235771,fdf102ea393a37af4fc9c0c0f9b796c1af7f0c9b122b6b95c15601af7d44c55f,JPEG,song-jacket,768,768,RGB,JPEG,False,
assets/songs/dl_tiferet/1080_base_256.jpg,65281,adcaff1672a1879366055074436b2fce7c5015d1f2830840481cd4fbede27418,JPEG,song-jacket,384,384,RGB,JPEG,False,
assets/songs/dl_toaliceliddell/1080_base.jpg,251570,a477ccd9be4e4ee92b6c36bc6ab12c39e755e7eda0baf67ad5edd479f7c29090,JPEG,song-jacket,768,768,RGB,JPEG,False,
assets/songs/dl_toaliceliddell/1080_base_256.jpg,67555,5b99832ce0a7dd250bc7d1c8cd71816f18436c89188f47eb96f5de2914ec8bee,JPEG,song-jacket,384,384,RGB,JPEG,False,
assets/songs/dl_tothefurthestdream/1080_0.jpg,317157,1b28d48da94b6fd0111b5f52eda6f92d4e8b5729954d0c52fe13e2aa8f0d412b,JPEG,song-jacket,768,768,RGB,JPEG,False,
assets/songs/dl_tothefurthestdream/1080_0_256.jpg,81926,9949bbafc0c27c2334952752c8bfec6f4ca3f478e628a5322b7979868a808502,JPEG,song-jacket,384,384,RGB,JPEG,False,
assets/songs/dl_tothefurthestdream/1080_1.jpg,318068,e8be9eb7d35305817529d466cc824b5e638fffc6f167f0df6206badb6959e0bb,JPEG,song-jacket,768,768,RGB,JPEG,False,
assets/songs/dl_tothefurthestdream/1080_1_256.jpg,81606,301029eeb3d0d60818a4f7b9555de6c5531cd0d4adc6a1b97d03b52f279b9c68,JPEG,song-jacket,384,384,RGB,JPEG,False,
assets/songs/dl_tothefurthestdream/1080_base.jpg,316011,a2e14fbe9ef14e637493d0c3eb79aec8ae1fcf5bb2f8d283653d6de852206b99,JPEG,song-jacket,768,768,RGB,JPEG,False,
assets/songs/dl_tothefurthestdream/1080_base_256.jpg,81642,ffa0a7a78ddc1902c385f6ec68f9a897f2adb29e0b16dcfa7fbd98bacdddbf0c,JPEG,song-jacket,384,384,RGB,JPEG,False,
assets/songs/dl_tothemilkyway/1080_base.jpg,351624,98d2c702324b763d5bb1a1ad77e852fd6857e10eaa812959b8a57513c3a13ee3,JPEG,song-jacket,768,768,RGB,JPEG,False,
assets/songs/dl_tothemilkyway/1080_base_256.jpg,91866,7470ff78659cb8a52d0cfbb5a8794f136060e88fd250e721905a061396757695,JPEG,song-jacket,384,384,RGB,JPEG,False,
assets/songs/dl_transientspace/1080_base.jpg,216875,9853cfe984bcb034528c75f20b6ca0ee6b66aa525bcc765d18edce015d414755,JPEG,song-jacket,768,768,RGB,JPEG,False,
assets/songs/dl_transientspace/1080_base_256.jpg,79941,f61409aff80cda73595d42abce51867109297a3b6af14bcb13ef9f4096ed8568,JPEG,song-jacket,384,384,RGB,JPEG,False,
assets/songs/dl_trapcrow/1080_base.jpg,171701,03fa4a0ad796c20c834b9d1387831b2fb687e52f31856a54ab1006422ff94c71,JPEG,song-jacket,768,768,RGB,JPEG,False,
assets/songs/dl_trapcrow/1080_base_256.jpg,33754,39f30aae377a8a12d51a31ad256bc1ba77dd98b2487d6d152a24fcd647a2b3c9,JPEG,song-jacket,384,384,RGB,JPEG,False,
assets/songs/dl_trappola/1080_3.jpg,421207,616441d62a7f4106819a8bc71b9fbf4ed6b2f0a02f8755bf65133fbda8498ce4,JPEG,song-jacket,768,768,RGB,JPEG,False,
assets/songs/dl_trappola/1080_3_256.jpg,109368,78f10496e28cc9d7b518059bf68c727d8ffab14ed0ec796899d4b95a5da93a0b,JPEG,song-jacket,384,384,RGB,JPEG,False,
assets/songs/dl_trappola/1080_base.jpg,543730,04bd9a8ae8a8bda1f70d3ad0465c0962c7b426c69d2eec8a6d53fcd3a8399b0e,JPEG,song-jacket,768,768,RGB,JPEG,False,
assets/songs/dl_trappola/1080_base_256.jpg,130289,17b64b49b9ca10ae4202ebff15b840c13b94bd2c87b011f6d35e13affea37d54,JPEG,song-jacket,384,384,RGB,JPEG,False,
assets/songs/dl_trpno/1080_base.jpg,131156,175fa913d238c5830e29a99f95ef4fd3a2e0107a2ba3995fefe52b3ac22a978b,JPEG,song-jacket,768,768,RGB,JPEG,False,
assets/songs/dl_trpno/1080_base_256.jpg,51903,1e7fcba1c583dc33392c23f69ae0987c2f56217ed236d2783e93ee12b780f47c,JPEG,song-jacket,384,384,RGB,JPEG,False,
assets/songs/dl_trrricksters/1080_base.jpg,347532,c0a60075b2085f2c65c6cc9ea9ef16f9b0e3a9c8666161822553f3d987446410,JPEG,song-jacket,768,768,RGB,JPEG,False,
assets/songs/dl_trrricksters/1080_base_256.jpg,84204,2e7d693a2038920feb4e9424d9bb8ca51e472598640087fb18bcb01cc3592e20,JPEG,song-jacket,384,384,RGB,JPEG,False,
assets/songs/dl_tsukinimurakumo/1080_base.jpg,373247,bd6a281e109b7d2823be99724f1ae06573ab2a84dd79549052045f0636c28e79,JPEG,song-jacket,768,768,RGB,JPEG,False,
assets/songs/dl_tsukinimurakumo/1080_base_256.jpg,92466,23e38ed4f907dcbe6160d715afa76b815c50420016e4b9c9008bb2b6f48696a7,JPEG,song-jacket,384,384,RGB,JPEG,False,
assets/songs/dl_turbocharger/1080_base.jpg,397867,1afffdc920fc4d40bc3c00d5ab252683d752bcc0084b3d208fa745cb4c0c43e3,JPEG,song-jacket,768,768,RGB,JPEG,False,
assets/songs/dl_turbocharger/1080_base_256.jpg,103921,6972949fb9111b3017834f77c5d1a67883005cbdf17cbdd1d1361cbf1420acd7,JPEG,song-jacket,384,384,RGB,JPEG,False,
assets/songs/dl_uad/1080_base.jpg,96603,f97603ba85d5783c88debd672eada8df58be0f6136a0b404b96c86c83fb677b5,JPEG,song-jacket,768,768,RGB,JPEG,False,
assets/songs/dl_uad/1080_base_256.jpg,56001,e0b37211a55caef181b520487347376687f2f6b191165fb25b5cf69a276e144f,JPEG,song-jacket,384,384,RGB,JPEG,False,
assets/songs/dl_ultimatetaste/1080_base.jpg,269793,9dff53d13ad0965ad4b643d73363897b20e39d11354c26f2e68ef25f07c6fc79,JPEG,song-jacket,768,768,RGB,JPEG,False,
assets/songs/dl_ultimatetaste/1080_base_256.jpg,79075,96511a7e61367855c7880726d59bc8dc70c245763adf3832a697a78a2ac2fd74,JPEG,song-jacket,384,384,RGB,JPEG,False,
assets/songs/dl_ultradiaxon/1080_base.jpg,386576,3fd23f42859a36f3838c085311417b44ad47a1cbbd3605de415164c5051022cf,JPEG,song-jacket,768,768,RGB,JPEG,False,
assets/songs/dl_ultradiaxon/1080_base_256.jpg,120885,6e9bb063d507b8571e631727795817e50bd941a6260b6fe20c2aec3d830756f0,JPEG,song-jacket,384,384,RGB,JPEG,False,
assets/songs/dl_undefined/1080_base.jpg,371995,a09f4cac3b1838ebd39f0c6c43ba7f947114bad193d27dcf42981ef218d85fee,JPEG,song-jacket,768,768,RGB,JPEG,False,
assets/songs/dl_undefined/1080_base_256.jpg,104718,c2d7b15db521e7468ca9c67441b576ecd2a9506bd64f7a47b15dd358b8353139,JPEG,song-jacket,384,384,RGB,JPEG,False,
assets/songs/dl_undyingmacula/1080_base.jpg,463979,50838fb7a2d9f29e5417ae6062f461fe96d29b22c889e54c4f6cd53043a793cf,JPEG,song-jacket,768,768,RGB,JPEG,False,
assets/songs/dl_undyingmacula/1080_base_256.jpg,125804,d2c3f613a0b32f1688fb87fe12e8f15e38e4831227a52aaf1da45d9da795498f,JPEG,song-jacket,384,384,RGB,JPEG,False,
assets/songs/dl_unknownlevels/1080_base.jpg,343162,7e10c1551043470910c40f6ca4d727f6e020b7455c301ac59c13b094061a5e44,JPEG,song-jacket,768,768,RGB,JPEG,False,
assets/songs/dl_unknownlevels/1080_base_256.jpg,90842,b32b39ce5463377cb188fa29efcfb466a754910392c1fb60485487d1ead6def7,JPEG,song-jacket,384,384,RGB,JPEG,False,
assets/songs/dl_unknownnum/1080_base.jpg,207193,cf64e850b5387cc359f224a21ca5d1eee54159576f58c73bca6aea66f9d0129a,JPEG,song-jacket,768,768,RGB,JPEG,False,
assets/songs/dl_unknownnum/1080_base_256.jpg,95592,ef27c40e54a7a54c83315519ff219c317b41ebc5bc90ca9993308b85aa1c63a5,JPEG,song-jacket,384,384,RGB,JPEG,False,
assets/songs/dl_usedtobe/1080_base.jpg,269983,c579c1575bbd21f3455d7004a7f56dbef7e902732c61b2d4dbe35133ddaa6c07,JPEG,song-jacket,768,768,RGB,JPEG,False,
assets/songs/dl_usedtobe/1080_base_256.jpg,61266,0da542350f8ddf2d1ec0b21285c96190dc85da318c07f1fb7c3b3774286fa208,JPEG,song-jacket,384,384,RGB,JPEG,False,
assets/songs/dl_vainspire/1080_base.jpg,429107,1e41bb9caf74409e8908dfb00c32d6e6d2d75831e3ce8066ba75ad0022cfa277,JPEG,song-jacket,768,768,RGB,JPEG,False,
assets/songs/dl_vainspire/1080_base_256.jpg,165535,d58e6c4b7ea3efbdff29261fc19f5d9a2486b6b063b0827d4cecc5357d7fa111,JPEG,song-jacket,384,384,RGB,JPEG,False,
assets/songs/dl_valhallazero/1080_base.jpg,256070,19b73d906f364cd6739daedcf7d268a6f2bee35be36685ea045af61db020a3d9,JPEG,song-jacket,768,768,RGB,JPEG,False,
assets/songs/dl_valhallazero/1080_base_256.jpg,73166,c96ac2f0b1e5fdaa4b4aa114ee4c91e4afebc2f4eb3d5c2251c6d829b203ee93,JPEG,song-jacket,384,384,RGB,JPEG,False,
assets/songs/dl_vallista/1080_base.jpg,156919,dc70ec7dbfccbcb6d28f67c5439f6512e920bb7e817f7dada8e9c72a67b10738,JPEG,song-jacket,768,768,RGB,JPEG,False,
assets/songs/dl_vallista/1080_base_256.jpg,60144,c2bf4bbf1a3ecd0b6d5cf428a012013895d9163f6db58d8bb10c47ea7e744354,JPEG,song-jacket,384,384,RGB,JPEG,False,
assets/songs/dl_vandalism/1080_base.jpg,405934,82bbc798e7484b910f55745809d03a43c8f6d5bcc868c4ef2dad409b41a2401f,JPEG,song-jacket,768,770,RGB,JPEG,False,
assets/songs/dl_vandalism/1080_base_256.jpg,110082,bdabfc4f7986769344d1f884186d6e223817948661c0ae83d22bcd995dae54f7,JPEG,song-jacket,384,385,RGB,JPEG,False,
assets/songs/dl_vector/1080_base.jpg,133463,66f985f424ecb8b58a65c8144c61854f77714aad62507470c6d70b35b282e525,JPEG,song-jacket,768,768,RGB,JPEG,False,
assets/songs/dl_vector/1080_base_256.jpg,35710,66914b9b5302d1938d97a91c7673e63a126aaa0ae7934dd2266ac7d2c56759e3,JPEG,song-jacket,384,384,RGB,JPEG,False,
assets/songs/dl_viciousheroism/1080_3.jpg,320239,d8d592e61cf03b47286084b0071fd66361bc4265a50d05d444dc6793c1b32552,JPEG,song-jacket,768,768,RGB,JPEG,False,
assets/songs/dl_viciousheroism/1080_3_256.jpg,113290,58068ad63d250b0f6df7af3d9ecc17ac14c7483e36635d9803c51f8fe63a59f9,JPEG,song-jacket,384,384,RGB,JPEG,False,
assets/songs/dl_viciousheroism/1080_base.jpg,291896,065571ac25b5e1b09d238eb51abedf4fb4896ef088f037cbbedb06a1e82320b4,JPEG,song-jacket,768,768,RGB,JPEG,False,
assets/songs/dl_viciousheroism/1080_base_256.jpg,78136,4e7bffca5094f551dfc347af08fcb25573a9dc1663297f3d870c513d1afb6b7e,JPEG,song-jacket,384,384,RGB,JPEG,False,
assets/songs/dl_vindication/1080_base.jpg,302054,60d805d3dc89112c4a48e9f92f7469fc35da58b03b0833bc56b79aa46c13a91f,JPEG,song-jacket,768,768,RGB,JPEG,False,
assets/songs/dl_vindication/1080_base_256.jpg,84152,86e8fc9cf39255b1475c5cc013fc4bfa4e18c1ca899a7a169410a29417dad029,JPEG,song-jacket,384,384,RGB,JPEG,False,
assets/songs/dl_violaillyria/1080_base.jpg,388928,cb9d792a5f95c8b23c66eec3667262fcbe32d11306e559c1d9012a6d8fa8d4ce,JPEG,song-jacket,768,768,RGB,JPEG,False,
assets/songs/dl_violaillyria/1080_base_256.jpg,111492,ab8e431cf78f7109aff3990955f5ecf5e8adbd01993efacd77181e1d482df2bc,JPEG,song-jacket,384,384,RGB,JPEG,False,
assets/songs/dl_virtus/1080_base.jpg,439976,099ff9361329591028e8c371ad7eeef12e0d6207d1c260c74e7ea317fcb20bc4,JPEG,song-jacket,768,768,RGB,JPEG,False,
assets/songs/dl_virtus/1080_base_256.jpg,145183,c1596c3a31d1158b2258153094211c7128231cb7a765d2b11767bb6d6e0e38e1,JPEG,song-jacket,384,384,RGB,JPEG,False,
assets/songs/dl_vividtheory/1080_base.jpg,276895,c3aefc91f2f0df63b80130392c5c26824968d60fc385eeda1654228f0ece4a5d,JPEG,song-jacket,768,768,RGB,JPEG,False,
assets/songs/dl_vividtheory/1080_base_256.jpg,74036,d6da75a9aef76b9e0ff30deadb509f5668e48e317974e5456e9c08a2fce9498a,JPEG,song-jacket,384,384,RGB,JPEG,False,
assets/songs/dl_viyella/1080_base.jpg,236196,2c5b40077af2bf47b9bff97bbf7e742f480e8f8aec1480a1fc389a07e3beffae,JPEG,song-jacket,768,768,RGB,JPEG,False,
assets/songs/dl_viyella/1080_base_256.jpg,51365,d302def248edde929726efea77b9f733b9b88bcd801fa3ad369b17e235f47581,JPEG,song-jacket,384,384,RGB,JPEG,False,
assets/songs/dl_viyellastears/base.jpg,227840,396b8d8eedc3ea3c50f0048e738265384798dd80a0444a8d79f53de331a02f07,JPEG,song-jacket,512,512,RGB,JPEG,False,
assets/songs/dl_viyellastears/base_256.jpg,84584,e303076a7da92eeacce6b467bb966ed58c2570c655882a58d6b509fe9295c822,JPEG,song-directory-image,256,256,RGB,JPEG,False,
assets/songs/dl_vulcanus/1080_base.jpg,387768,28a6de88ee538e5cff6d7b594bf472395628be20e0815d9231599955b26d5b26,JPEG,song-jacket,768,768,RGB,JPEG,False,
assets/songs/dl_vulcanus/1080_base_256.jpg,146304,fc223dc6525981c498f11d14cc063bd85c2085231eb5bef85b41cb2c423b8732,JPEG,song-jacket,384,384,RGB,JPEG,False,
assets/songs/dl_waitfordawn/1080_base.jpg,312333,80a715d877baa297352ccead1e9c07f57cc14a112a2ba7f44a8aa829e4521efd,JPEG,song-jacket,768,768,RGB,JPEG,False,
assets/songs/dl_waitfordawn/1080_base_256.jpg,87146,47fc3550c254b754bbf773a66922552168316d3994eb0d47e7c71b26114549fe,JPEG,song-jacket,384,384,RGB,JPEG,False,
assets/songs/dl_waltzforlorelei/1080_base.jpg,332148,03e411531630e1ff9400aa6daceb50fecf0d60d75b6e0a7731939dbe1dbc92b1,JPEG,song-jacket,768,768,RGB,JPEG,False,
assets/songs/dl_waltzforlorelei/1080_base_256.jpg,132100,11420ed9fc4f66a101ac880fd001a8359fc76e961d4b3dd4eacd1f8fe6c30c74,JPEG,song-jacket,384,384,RGB,JPEG,False,
assets/songs/dl_welcomequeen/1080_base.jpg,385303,2d91265bd299f2c4060652392ecbecc0fa5fd42807c0ed29a06c1c57641d7690,JPEG,song-jacket,768,768,RGB,JPEG,False,
assets/songs/dl_welcomequeen/1080_base_256.jpg,136330,bf25e32385ddcab4c508f0eba7cc1559c4a7348fc2db104365d5e1e37edc6f42,JPEG,song-jacket,384,384,RGB,JPEG,False,
assets/songs/dl_wereallgonnadie/1080_base.jpg,145404,bdb9045aff681d8d33f8963c83a35e896cd70c7a9357824be4cf060f0b58d7e8,JPEG,song-jacket,768,768,RGB,JPEG,False,
assets/songs/dl_wereallgonnadie/1080_base_256.jpg,70712,496dfd94f5ef114070c4fbbd090875893f8eaffde9ef10ff6bf912a531cde14e,JPEG,song-jacket,384,384,RGB,JPEG,False,
assets/songs/dl_wishuponasnow/1080_base.jpg,248519,61ee35213b94ba82db72f535d471ed1bb028ce4cfe077a279cf35494a19fcdc8,JPEG,song-jacket,768,768,RGB,JPEG,False,
assets/songs/dl_wishuponasnow/1080_base_256.jpg,97068,b67b9ef1bd4632a52eabc2a2929f52ac682a10f805bb6c9c7d1a62038d303ac6,JPEG,song-jacket,384,384,RGB,JPEG,False,
assets/songs/dl_withu/1080_base.jpg,234206,32ed8c594a0218bb0b6a90593f03fc78ef928e39eae85ea15d4bae5e5d8f248e,JPEG,song-jacket,768,768,RGB,JPEG,False,
assets/songs/dl_withu/1080_base_256.jpg,67359,ba3b6cc8dbf46b3dd680919b9d62bae7fc76e694ed165b42afa63bb0001cb493,JPEG,song-jacket,384,384,RGB,JPEG,False,
assets/songs/dl_wontbackdown/1080_base.jpg,304089,d73a0db6c2a779744f8b0df42e054fb7ccdf44ce4161c56bf6c55991e4e26830,JPEG,song-jacket,768,768,RGB,JPEG,False,
assets/songs/dl_wontbackdown/1080_base_256.jpg,128023,fe2dc99cf95656dea44b1b8ea1c9f5255c90fc09c1a369dc9189a82b5366a96e,JPEG,song-jacket,384,384,RGB,JPEG,False,
assets/songs/dl_worldender/1080_base.jpg,282497,47f1644c6e7954d3fd002a5f54f67e11b268bb61a3e019abe3a65d5366c3fdb0,JPEG,song-jacket,768,768,RGB,JPEG,False,
assets/songs/dl_worldender/1080_base_256.jpg,69521,42b7156db15b8f14a47f391a1498853c26cbf1ae110aebcecde8d732c04147e7,JPEG,song-jacket,384,384,RGB,JPEG,False,
assets/songs/dl_worldfragments/1080_base.jpg,232678,6c01e6c8190f6a15ebfaaf38c8f643a64f6d68d96d5a7939ab9fd753802b8a01,JPEG,song-jacket,768,768,RGB,JPEG,False,
assets/songs/dl_worldfragments/1080_base_256.jpg,64033,64504819d16f48d1cde386cc3afcb8b5f761a8e4710c50adbc14771a5e0353f3,JPEG,song-jacket,384,384,RGB,JPEG,False,
assets/songs/dl_worldvanquisher/1080_base.jpg,327472,b075bc927bcaa984e475118c3e10315e754aac89baf2d68450bf570002a47167,JPEG,song-jacket,768,768,RGB,JPEG,False,
assets/songs/dl_worldvanquisher/1080_base_256.jpg,92975,7f6998d16191c47096fb3dcd0c50894c13b879314c0e7a6af53a64cf7c744e76,JPEG,song-jacket,384,384,RGB,JPEG,False,
assets/songs/dl_xanatos/1080_base.jpg,365530,ae3c8a4a0c8b46567e22cf78795203ffde2048fcadfa305c0845f93920ff1180,JPEG,song-jacket,768,768,RGB,JPEG,False,
assets/songs/dl_xanatos/1080_base_256.jpg,94353,d7a8d3fdfe1833f5fabe81f0be846b95c3f049d77cd450bf29062a1f9d2459fd,JPEG,song-jacket,384,384,RGB,JPEG,False,
assets/songs/dl_xeraphinite/1080_base.jpg,226239,ee5eff6708b7bd1acb20a7a4231697b48a057b4478f23018d37344ccb8573080,JPEG,song-jacket,768,768,RGB,JPEG,False,
assets/songs/dl_xeraphinite/1080_base_256.jpg,63143,08f1240a34f7fe61bdee1ab8350df4dfb6c1bd4210692867cba5bb9e2629685c,JPEG,song-jacket,384,384,RGB,JPEG,False,
assets/songs/dl_xterfusion/1080_base.jpg,383745,7fd18b1997b591a004df3c7aa2e5ee9f1839290a3faf0200ecd9e3a9531697e7,JPEG,song-jacket,768,768,RGB,JPEG,False,
assets/songs/dl_xterfusion/1080_base_256.jpg,105519,1a842a823adb9a5ef314d2d3c146e953f90725f2121cf64b136c21fef8e236a6,JPEG,song-jacket,384,384,RGB,JPEG,False,
assets/songs/dl_xtreme/1080_base.jpg,525329,b3e6cc2ac693d80f0aafeb7fe15fc61814a8e92c204908873ee8778e1b543e66,JPEG,song-jacket,768,768,RGB,JPEG,False,
assets/songs/dl_xtreme/1080_base_256.jpg,128069,cb711260a787825e4dccdf7ac6b2e0a7ff5fc788556036c1b0d11f249ca40dd9,JPEG,song-jacket,384,384,RGB,JPEG,False,
assets/songs/dl_xxium/1080_base.jpg,509961,232f3e69941cd043acea73917d034700d7dc832523d856a87867fbe5a92215a6,JPEG,song-jacket,768,768,RGB,JPEG,False,
assets/songs/dl_xxium/1080_base_256.jpg,136905,dac589d6ec6bbc21af6956ffaf90b37f27637f3b409e16c0c9af2d949a98b105,JPEG,song-jacket,384,384,RGB,JPEG,False,
assets/songs/dl_yomibitoshirazu/1080_base.jpg,407151,88acb9ab3024c7e03fde09d667893265abf31295b3f5d2ad61c0d417461b0e62,JPEG,song-jacket,768,768,RGB,JPEG,False,
assets/songs/dl_yomibitoshirazu/1080_base_256.jpg,134043,6a6b3bb41ddb09631f272adbaccad7ad4fe10eb0f917659ea49804564ec17867,JPEG,song-jacket,384,384,RGB,JPEG,False,
assets/songs/dl_yourbestnightmare/1080_base.jpg,106307,5a03d5ed685c99c6d2823039820973451d94b9c8de56ffe51ed203516fedff77,JPEG,song-jacket,768,768,RGB,JPEG,False,
assets/songs/dl_yourbestnightmare/1080_base_256.jpg,42302,8a9016a7c93d7ea02c59e2b9ea58b8c01bf7e8d1ad81a00df82c911297b24e44,JPEG,song-jacket,384,384,RGB,JPEG,False,
assets/songs/dl_yourvoiceso/1080_base.jpg,154283,6469a4b8dd483df25737c1ea7f55a8b24332b4fd4b7b5f9c33b09ad9eae675ae,JPEG,song-jacket,768,768,RGB,JPEG,False,
assets/songs/dl_yourvoiceso/1080_base_256.jpg,48168,9002ecbdf5d390b6c5f29d41231c31d932ab859edad445e6064ab5900251f139,JPEG,song-jacket,384,384,RGB,JPEG,False,
assets/songs/dl_yozakurafubuki/1080_base.jpg,356452,7ff0097443b441903609fe56b869c0ba3390234063ed0c29a34c83e3cdc43e3c,JPEG,song-jacket,768,768,RGB,JPEG,False,
assets/songs/dl_yozakurafubuki/1080_base_256.jpg,90677,596471b4d1981b30f1ce3b384de3aafb5fe554b14be7947e5b3ac0ef4d5322dd,JPEG,song-jacket,384,384,RGB,JPEG,False,
assets/songs/dl_zephyrlast/1080_base.jpg,528792,5c6aed98efa0fb8a26c69eb0507215c558f56d6ff3914270ff11c16d841880a0,JPEG,song-jacket,768,768,RGB,JPEG,False,
assets/songs/dl_zephyrlast/1080_base_256.jpg,145522,ec67a94843b2f7378793c26b833ff8ae7f9c78b1a5dd9133d7a7b30b9cce3c40,JPEG,song-jacket,384,384,RGB,JPEG,False,
assets/songs/epicurus/1080_base.jpg,401893,5659373c6d03174c0fadefb98a7ed6d5e6bbfaf87df891416d4f24abdda800c7,JPEG,song-jacket,768,768,RGB,JPEG,False,
assets/songs/epicurus/1080_base_256.jpg,135987,4970727325139c8d38b9aa85c8fa7ef53e108df840db6f182b5a7cf6059b104a,JPEG,song-jacket,384,384,RGB,JPEG,False,
assets/songs/fairytale/1080_3.jpg,210908,78e5eaeab6f7b2dd83b64794e62629dd828d55992a7da99bb8eb12ad1ec6cf65,JPEG,song-jacket,768,768,RGB,JPEG,False,
assets/songs/fairytale/1080_3_256.jpg,51561,b65b8d7b26a3309c412fbc547e850221675c987a71f17aa061725b5543f9c3b6,JPEG,song-jacket,384,384,RGB,JPEG,False,
assets/songs/fairytale/1080_base.jpg,230941,17cd6bb5b797dfb12f89e451a8944d91b8d3588653fa289ad80d9c55e868c7b5,JPEG,song-jacket,768,768,RGB,JPEG,False,
assets/songs/fairytale/1080_base_256.jpg,57399,07b38f0d867b248cb7e9c23f1d4ba23b4048b9791925696e33c5c0275d221855,JPEG,song-jacket,384,384,RGB,JPEG,False,
assets/songs/grimheart/1080_base.jpg,268471,06160750fd7a031baa45870093018aea0b3fda3acedcf22a5b71800d6e30667a,JPEG,song-jacket,768,768,RGB,JPEG,False,
assets/songs/grimheart/1080_base_256.jpg,63428,2b89d063f528f9d276ac969ea89feedfea47f5751b71b01883ca52939962a088,JPEG,song-jacket,384,384,RGB,JPEG,False,
assets/songs/infinityheaven/1080_3.jpg,243181,96e68706acbc4c1f2b9add36a1269692d00ef6803250c6b896e0eaed2978869e,JPEG,song-jacket,768,768,RGB,JPEG,False,
assets/songs/infinityheaven/1080_3_256.jpg,65989,0cb3cb500b8ed6d8544b42ebd4b92c11eae64326195b52db22a096e627708df9,JPEG,song-jacket,384,384,RGB,JPEG,False,
assets/songs/infinityheaven/1080_base.jpg,187495,c4f3f2353793944937fdcea48bb5dc0368e986368d7dcbc3265c9264a3a4b663,JPEG,song-jacket,768,768,RGB,JPEG,False,
assets/songs/infinityheaven/1080_base_256.jpg,54302,4923c409289a0106a5f6de2cf8b90b797d1a0ceba7459467e3ae44a0d9abe201,JPEG,song-jacket,384,384,RGB,JPEG,False,
assets/songs/inkarusi/1080_3.jpg,191314,b1c4b4f3e46b79c68a15f8a625b266c5e5f6138984b0c5c18fa01a192b50acba,JPEG,song-jacket,768,768,RGB,JPEG,False,
assets/songs/inkarusi/1080_3_256.jpg,71716,61adc3cb7b8afb98a4f362f2bedd0a5db60222adaf3e089d9ac2ac3bd753e93b,JPEG,song-jacket,384,384,RGB,JPEG,False,
assets/songs/inkarusi/1080_base.jpg,314837,e9cb07bf359c77569a66714884f65931368f0e90b51f3ab393f7222f84744c2c,JPEG,song-jacket,768,768,RGB,JPEG,False,
assets/songs/inkarusi/1080_base_256.jpg,120284,7caf8f816963c239ebe0d1c7f9b5a6a300748a38ca240fe20d748c158fa24129,JPEG,song-jacket,384,384,RGB,JPEG,False,
assets/songs/jingle/1080_base.jpg,298021,b1b50b2e6acbccdf7d6b84bd9d999c85334a45f2d6e5acea29baa22c4d77c93e,JPEG,song-jacket,768,768,RGB,JPEG,False,
assets/songs/jingle/1080_base_256.jpg,117292,926224bc2e4319c3b05f5c7680c0e059059523b841115e4795d7c0dcb5e4ed96,JPEG,song-jacket,384,384,RGB,JPEG,False,
assets/songs/lostcivilization/1080_3.jpg,403788,1d2a911ae9cbfa39ad5a56019491650f3fb7fef0775eb9ac0d1717acce5cec93,JPEG,song-jacket,768,768,RGB,JPEG,False,
assets/songs/lostcivilization/1080_3_256.jpg,94639,7043e88f0b56fd61d13b8ceebc432efdc49f6fd3acc39e0d20a95d6aaf4c9af6,JPEG,song-jacket,384,384,RGB,JPEG,False,
assets/songs/lostcivilization/base.jpg,138314,60a2b739b289b174420ab12d6d9efb6271f992accc64b300087bb1436a9107d2,JPEG,song-jacket,500,500,RGB,JPEG,False,
assets/songs/lostcivilization/base_256.jpg,39034,f0fd44212b509bf5b49cb67ada59943711822ed8c20e5a026dde5d8dbe2cda4b,JPEG,song-directory-image,256,256,RGB,JPEG,False,
assets/songs/oblivia/1080_3.jpg,342814,dbe331c38d3d9c17ef9b02d9a5b99191e9284bc6d82c8f2192fe0358638b32f4,JPEG,song-jacket,768,768,RGB,JPEG,False,
assets/songs/oblivia/1080_3_256.jpg,133024,307cd507387bbeb72a03fab73bb9117fb9acc5645d111389b340d5b6fe09a00a,JPEG,song-jacket,384,384,RGB,JPEG,False,
assets/songs/oblivia/1080_base.jpg,308664,84c4c0bff5b09301a434d49f94dd620dd95d66420275be5a6e65f0841136a29e,JPEG,song-jacket,768,768,RGB,JPEG,False,
assets/songs/oblivia/1080_base_256.jpg,89419,37c166c503a47fc4ffc3b843a2084b597a70fa23f55f9fc3774a55f1c4b97436,JPEG,song-jacket,384,384,RGB,JPEG,False,
assets/songs/onelastdrive/1080_base.jpg,405950,337ebc7452dc2a003935cae1c061c836ac7e21a4e79a91be4c290cf2f50adf36,PNG,song-jacket,768,768,P,PNG,False,
assets/songs/onelastdrive/1080_base_256.jpg,115937,67ead78d0cfa9f9508505fccad318055547734b5fb406d3f968c5c505f400004,PNG,song-jacket,384,384,P,PNG,False,
assets/songs/pack/1080/divider_alice_append_1-pressed.png,182766,f913c670a846d6570ca433d1c0d84e28dbad4fb890fb57be42a12b1794e4cd56,PNG,pack-cover-or-song-pack-art,1003,178,RGBA,PNG,True,
assets/songs/pack/1080/divider_alice_append_1.png,202964,79a5eaec37f86417be4bdf1158ab5644b456e55c70a6fe24c59cc63e712b731f,PNG,pack-cover-or-song-pack-art,1003,178,RGBA,PNG,True,
assets/songs/pack/1080/divider_anima_append_1-pressed.png,253351,d1b087caac9585266dbb6e179c244542fea5cfce318737b717af510a72a30307,PNG,pack-cover-or-song-pack-art,1003,178,RGBA,PNG,True,
assets/songs/pack/1080/divider_anima_append_1.png,263371,ac228cd2d6192b715bb0ac7303eeaf8be5bdd57bebae5a4d27169bcb747e284b,PNG,pack-cover-or-song-pack-art,1003,178,RGBA,PNG,True,
assets/songs/pack/1080/divider_chunithm_append_1-pressed.png,282822,f3e1079979eb6c6d36cfbdaf681e795f437050b8c8e387976725cfed30787f62,PNG,pack-cover-or-song-pack-art,1003,178,RGBA,PNG,True,
assets/songs/pack/1080/divider_chunithm_append_1.png,289679,23545bf7fe5c6b768a49d2b0dea61225330cbc8bd948743a0d452bc53cd8ea04,PNG,pack-cover-or-song-pack-art,1003,178,RGBA,PNG,True,
assets/songs/pack/1080/divider_chunithm_append_2-pressed.png,203603,1afad0555db927655b4ad834ccae12df047433106882e7d2eb03b313979748af,PNG,pack-cover-or-song-pack-art,1003,178,RGBA,PNG,True,
assets/songs/pack/1080/divider_chunithm_append_2.png,203146,fc64c9a5ec7c7c656688570e12d98bf6e0d6be22a0526bcc1accac294aabb4e5,PNG,pack-cover-or-song-pack-art,1003,178,RGBA,PNG,True,
assets/songs/pack/1080/divider_chunithm_append_3-pressed.png,256831,7d931c5ad9edb76bf7678f018930edf193ed928951ad36669235ef0933571a78,PNG,pack-cover-or-song-pack-art,1003,179,RGBA,PNG,True,
assets/songs/pack/1080/divider_chunithm_append_3.png,260836,958aff036511e949aa8513c38e30aa8a2d1ac42a88ea2e7cbb0bf4bbad453a0b,PNG,pack-cover-or-song-pack-art,1003,179,RGBA,PNG,True,
assets/songs/pack/1080/divider_cytusii_append_1-pressed.png,214569,455e1f9901ba09a5e983d804379e93f2421c8cfdc831def3357327d71b14a98a,PNG,pack-cover-or-song-pack-art,1003,178,RGBA,PNG,True,
assets/songs/pack/1080/divider_cytusii_append_1.png,220147,24ba68dc82e7a7ce50e4bfa631e2d20c49e730008aaff3dd184f5ba3420a0511,PNG,pack-cover-or-song-pack-art,1003,178,RGBA,PNG,True,
assets/songs/pack/1080/divider_djmax_append_1-pressed.png,253822,4cd1675de385ebae27a1a976291f1cc4028e1be7b8b2ae9f8d0bc70b43eada89,PNG,pack-cover-or-song-pack-art,1003,179,RGBA,PNG,True,
assets/songs/pack/1080/divider_djmax_append_1.png,253313,98a81ce72d8460e3256362d7b20d1bec37ad9996d7e430d143849e433dd19770,PNG,pack-cover-or-song-pack-art,1003,178,RGBA,PNG,True,
assets/songs/pack/1080/divider_eden_append_1-pressed.png,308644,ed15f335aae3bac007f2abdff32af1aaf0b33c86de4d5f3244e7500000cd61a1,PNG,pack-cover-or-song-pack-art,1003,178,RGBA,PNG,True,
assets/songs/pack/1080/divider_eden_append_1.png,309763,dd74381071c8865c10690a0b17cc96bbb79640bea82e800a4328ff6edf86af05,PNG,pack-cover-or-song-pack-art,1003,178,RGBA,PNG,True,
assets/songs/pack/1080/divider_eden_append_2-pressed.png,239415,5fe01bf089ab1befe389f52d6a51a09cd62058b7ef223d301974ec3c5219702a,PNG,pack-cover-or-song-pack-art,1003,178,RGBA,PNG,True,
assets/songs/pack/1080/divider_eden_append_2.png,242629,724580d215231e49d25a094babb9c88eb1e94368dd33650a82d23cd31fd369a9,PNG,pack-cover-or-song-pack-art,1003,178,RGBA,PNG,True,
assets/songs/pack/1080/divider_epilogue-pressed.png,150427,cb76e108dfad44e71a7b4c7746a74304eeea5fd95cc9457642e459e8034f6464,PNG,pack-cover-or-song-pack-art,1478,71,RGBA,PNG,True,
assets/songs/pack/1080/divider_epilogue.png,142617,527ac62badff2cc73bf986031ab337f8652e32779d87055f585c6a944cce733c,PNG,pack-cover-or-song-pack-art,1478,71,RGBA,PNG,True,
assets/songs/pack/1080/divider_groovecoaster_append_1-pressed.png,205385,b3a31d9293132c794d8fdb0961dbd29cd346dce6d32ea40871209fe79b5e47fe,PNG,pack-cover-or-song-pack-art,1003,178,RGBA,PNG,True,
assets/songs/pack/1080/divider_groovecoaster_append_1.png,205362,15b2c49bcb35a8503046ef6b927c83f92fe14eff4e0b358c97067b21765995e4,PNG,pack-cover-or-song-pack-art,1003,178,RGBA,PNG,True,
assets/songs/pack/1080/divider_lanota_append_1-pressed.png,224124,b2056e29fe41f22ac5fd989eef4983aac8699f4926397fea0843a125bedda2e4,PNG,pack-cover-or-song-pack-art,1003,178,RGBA,PNG,True,
assets/songs/pack/1080/divider_lanota_append_1.png,233836,69daffa95589e8b17151b376a0e65e67619c2fef654b8eb88d61ef9ef423816f,PNG,pack-cover-or-song-pack-art,1003,178,RGBA,PNG,True,
assets/songs/pack/1080/divider_maimai_append_1-pressed.png,199292,1b4d9c8224f769a522a2d6c57f33b8d8351b96404cb4d0785a81d4dd343727a9,PNG,pack-cover-or-song-pack-art,1003,178,RGBA,PNG,True,
assets/songs/pack/1080/divider_maimai_append_1.png,198758,3df89562902a5c638bd0a687116d25c80fa3dbad85f12a5acce34d6e3b3185d6,PNG,pack-cover-or-song-pack-art,1003,178,RGBA,PNG,True,
assets/songs/pack/1080/divider_maimai_append_2-pressed.png,207169,044157c214eef7636f25676458973ef5bfac5b83f405f5dc87a145bc94d13dc4,PNG,pack-cover-or-song-pack-art,1003,179,RGBA,PNG,True,
assets/songs/pack/1080/divider_maimai_append_2.png,207073,b5c580453d68f8de67b08bb2f23b997865cd15893ad67372ff5240bc97fb574b,PNG,pack-cover-or-song-pack-art,1003,178,RGBA,PNG,True,
assets/songs/pack/1080/divider_nijuusei_append_1-pressed.png,258916,adc3171c4c6fada9191aa7438c63fabd88c68829e2fb7a7b867161df1097a698,PNG,pack-cover-or-song-pack-art,1002,178,RGBA,PNG,True,
assets/songs/pack/1080/divider_nijuusei_append_1.png,262857,742a7d57970a291354e18cf5dc5e0000834dea4e1dab70ce4c3dd2f6e3474846,PNG,pack-cover-or-song-pack-art,1002,178,RGBA,PNG,True,
assets/songs/pack/1080/divider_observer_append_1-pressed.png,260273,e3af1c549177a495f0ede035c8103382ab04df0fc02cf43932a336ef245321df,PNG,pack-cover-or-song-pack-art,1003,178,RGBA,PNG,True,
assets/songs/pack/1080/divider_observer_append_1.png,263671,8fca3fdd2f9a50503139e1a06ef2c5ee8a5415e8fb08628d402822ca5cb338f3,PNG,pack-cover-or-song-pack-art,1003,178,RGBA,PNG,True,
assets/songs/pack/1080/divider_observer_append_2-pressed.png,251297,b1245620cea9926bec33facd4bbc8f49b584b1b3a1420ea6baa7a220608270f0,PNG,pack-cover-or-song-pack-art,1003,178,RGBA,PNG,True,
assets/songs/pack/1080/divider_observer_append_2.png,255561,56b661b890a47d151acdff703ba64157a0fe4fc506e28e26ee7cf895876a6378,PNG,pack-cover-or-song-pack-art,1003,178,RGBA,PNG,True,
assets/songs/pack/1080/divider_ongeki_append_1-pressed.png,203721,fe6030269f02c1faeedeb23f68c3d6405aa246b30076738c78d861076743b4ac,PNG,pack-cover-or-song-pack-art,1003,178,RGBA,PNG,True,
assets/songs/pack/1080/divider_ongeki_append_1.png,207698,d4e07354013d2f194e966d0881b0f2e6d128b989f0210f5580f802fe1f1d2619,PNG,pack-cover-or-song-pack-art,1003,178,RGBA,PNG,True,
assets/songs/pack/1080/divider_ongeki_append_2-pressed.png,253573,cc31983c947723f628af12def230a919306f5a91964cfe532c29fd3f46e41d22,PNG,pack-cover-or-song-pack-art,1003,178,RGBA,PNG,True,
assets/songs/pack/1080/divider_ongeki_append_2.png,259908,15a23e2a873d667aa9d7fd154903b8b7663bf67c6b6632e684bb46524ac15188,PNG,pack-cover-or-song-pack-art,1003,178,RGBA,PNG,True,
assets/songs/pack/1080/divider_undertale_append_1-pressed.png,61213,07b98f7341e9cc0901dde624d3360629cce6dc47de0ec00d5782150d55489f62,PNG,pack-cover-or-song-pack-art,1003,178,RGBA,PNG,True,
assets/songs/pack/1080/divider_undertale_append_1.png,60362,c515f649d8be41c570d3aa398f92575869ba41ccbe04fb55c21a3a6af8082479,PNG,pack-cover-or-song-pack-art,1003,178,RGBA,PNG,True,
assets/songs/pack/1080/divider_wacca_append_1-pressed.png,232768,d49656af56713d030d32f6702536f4dc27e023693e9597f8907456aea5d721ba,PNG,pack-cover-or-song-pack-art,1003,178,RGBA,PNG,True,
assets/songs/pack/1080/divider_wacca_append_1.png,246490,bf1254c7aa4d51f060bcf67efd98ab5aa5d14a3d0c4c909ce89cf14d8e7f3e2f,PNG,pack-cover-or-song-pack-art,1003,178,RGBA,PNG,True,
assets/songs/pack/1080/overlay_alice_append_1.png,164613,d18caedb6fc60cc962d6b2ab7123be4b0720401b818e2eb3d62027dc6eb3ab88,PNG,pack-cover-or-song-pack-art,752,178,RGBA,PNG,True,
assets/songs/pack/1080/overlay_anima_append_1.png,191437,6a194b719e24cf5dcf1480aa611e8462498b5f448a22ecd43439bdb8833ca24d,PNG,pack-cover-or-song-pack-art,752,178,RGBA,PNG,True,
assets/songs/pack/1080/overlay_chunithm_append_1.png,217596,878e9954dd227f2c89d6a02841ed921655193b4bcc4bb3387b134c120309e9ed,PNG,pack-cover-or-song-pack-art,752,178,RGBA,PNG,True,
assets/songs/pack/1080/overlay_chunithm_append_2.png,157371,57864795be6e9ebe0f158b6b7542e2e0b1f77e9fc1c589726c9aefde6d40334c,PNG,pack-cover-or-song-pack-art,752,178,RGBA,PNG,True,
assets/songs/pack/1080/overlay_chunithm_append_3.png,207853,bd8ae7908f420a538196f9ed67c5ba44f3551288f9a78e34e57f961bddd457f5,PNG,pack-cover-or-song-pack-art,752,178,RGBA,PNG,True,
assets/songs/pack/1080/overlay_cytusii_append_1.png,166757,4d202054b10a7cd16407110bd8e6aea2bcb87a56f0c99db3563147b2404b7d9f,PNG,pack-cover-or-song-pack-art,752,178,RGBA,PNG,True,
assets/songs/pack/1080/overlay_djmax_append_1.png,189683,b4f774f439a569caeae744257222261f267b32b17b789ade1e6ac8c45f12fd26,PNG,pack-cover-or-song-pack-art,752,178,RGBA,PNG,True,
assets/songs/pack/1080/overlay_eden_append_1.png,211638,da7dfe60355cea7d39eb77eda65da8c450132f48cc36e7e5eabd4eba74be89cb,PNG,pack-cover-or-song-pack-art,752,178,RGBA,PNG,True,
assets/songs/pack/1080/overlay_eden_append_2.png,175954,7b1f62d231ef4bc82b0c688acb32484e7b1d1df12e4a8aa1ff14389347ee5cf0,PNG,pack-cover-or-song-pack-art,752,178,RGBA,PNG,True,
assets/songs/pack/1080/overlay_groovecoaster_append_1.png,153942,72bedfbd6397f90c461a42503188f607ae1a76acfb9ed4c936ddca7079cbde36,PNG,pack-cover-or-song-pack-art,752,178,RGBA,PNG,True,
assets/songs/pack/1080/overlay_lanota_append_1.png,168588,0ace7affb128bdd63a923e5ba0359b6d949f4bc64cf6b001380d65030277fffc,PNG,pack-cover-or-song-pack-art,752,178,RGBA,PNG,True,
assets/songs/pack/1080/overlay_maimai_append_1.png,156792,8d7bad04da58779524dbbdb425d9078a97406d320b29a7fc1728d1f2fc21a28c,PNG,pack-cover-or-song-pack-art,752,178,RGBA,PNG,True,
assets/songs/pack/1080/overlay_maimai_append_2.png,151074,dab0db39da339da10005fc5c1bd4b110e32e459f7442693544a9e54df8e70d50,PNG,pack-cover-or-song-pack-art,752,178,RGBA,PNG,True,
assets/songs/pack/1080/overlay_nijuusei_append_1.png,211273,4eef8c9ddbb529cd224936fb412c55bd08b0c48185aa688a164bffac9cece53b,PNG,pack-cover-or-song-pack-art,752,178,RGBA,PNG,True,
assets/songs/pack/1080/overlay_observer_append_1.png,221075,401eeb853e6689fa314c0d60919d4cffac74d379f026df88d8fa73e68a528a90,PNG,pack-cover-or-song-pack-art,752,178,RGBA,PNG,True,
assets/songs/pack/1080/overlay_observer_append_2.png,187193,caf9584f3fac7d0e2a2744f96e8b1dbc5a42d73bdc927ca0a011b8689050b0bd,PNG,pack-cover-or-song-pack-art,752,177,RGBA,PNG,True,
assets/songs/pack/1080/overlay_ongeki_append_1.png,170445,3f137bb3bb29d6492d3e27432c1ecaa37dc4a0e961a0b9419150d1e76e83e06b,PNG,pack-cover-or-song-pack-art,752,178,RGBA,PNG,True,
assets/songs/pack/1080/overlay_ongeki_append_2.png,184386,ac0b3139bcbbf2ae6d56249141b6cb597b010cd39fd2a8b8715a5ad7a3535b39,PNG,pack-cover-or-song-pack-art,752,178,RGBA,PNG,True,
assets/songs/pack/1080/overlay_undertale_append_1.png,45982,471743fdf292ebcd81bc9a68c4362ccbeb80ccd86fb5fe85aff8625944fb4ff0,PNG,pack-cover-or-song-pack-art,752,178,RGBA,PNG,True,
assets/songs/pack/1080/overlay_wacca_append_1.png,179477,06b8e23aa46d04283e73a61de40e238d5cea0cad8d407a1e15de6dd894a7c6dc,PNG,pack-cover-or-song-pack-art,752,178,RGBA,PNG,True,
assets/songs/pack/1080/select_alice_append_1-pressed.png,173004,6f6511c1a322890aa38c2605db40d6aa02f85f30b96c29b0cdb4915a3901edd2,PNG,pack-cover-or-song-pack-art,361,314,RGBA,PNG,True,
assets/songs/pack/1080/select_alice_append_1.png,172473,97d3d0d2f33702bcf4cfd3d7727ad0f67ef44da171652d9d7c8cb65a0914efcc,PNG,pack-cover-or-song-pack-art,361,314,RGBA,PNG,True,
assets/songs/pack/1080/select_alice_append_1_locked-pressed.png,171251,753c16734a76b196d51944eb026390fa397a9c0035fd8ead5cdd419d8c205bdb,PNG,pack-cover-or-song-pack-art,361,314,RGBA,PNG,True,
assets/songs/pack/1080/select_alice_append_1_locked.png,169854,80243f7c32daaab904614929181b9a57e6b81b40011beffaac4285c1cb1d7b36,PNG,pack-cover-or-song-pack-art,361,314,RGBA,PNG,True,
assets/songs/pack/1080/select_anima_append_1-pressed.png,184856,2dbeb5b180d4f18e414860f11106f8a3c8746ca48a35839ad99065404389f6b1,PNG,pack-cover-or-song-pack-art,361,314,RGBA,PNG,True,
assets/songs/pack/1080/select_anima_append_1.png,183652,2675857b5fc2a0d481142fc5f4e0efb5e220c5e26dad315815b8f14493bec44f,PNG,pack-cover-or-song-pack-art,361,314,RGBA,PNG,True,
assets/songs/pack/1080/select_anima_append_1_locked-pressed.png,182285,d507ddbfa258de382766401bbc138ef0076f81219f35012c934fb0949dc60e27,PNG,pack-cover-or-song-pack-art,361,314,RGBA,PNG,True,
assets/songs/pack/1080/select_anima_append_1_locked.png,180081,a1599cd59cdb072c41198fc24157aee7de21ccf17d087ff7484d4e4b257ba17e,PNG,pack-cover-or-song-pack-art,361,314,RGBA,PNG,True,
assets/songs/pack/1080/select_chunithm_append_1-pressed.png,179847,c938c28d84b689e61eb660a12454c75b43eb6b90df1d62adb272847108bfb8dd,PNG,pack-cover-or-song-pack-art,360,314,RGBA,PNG,True,
assets/songs/pack/1080/select_chunithm_append_1.png,178403,c7fbd26dc3d20eaf1451a460ac3aebc9234f218f06a629e28fbc944d901a01aa,PNG,pack-cover-or-song-pack-art,360,314,RGBA,PNG,True,
assets/songs/pack/1080/select_chunithm_append_1_locked-pressed.png,177174,eccd4092fee5736c85c08bfffa8120342dc6bc1f5fabe4387bc09281c3ac4ed2,PNG,pack-cover-or-song-pack-art,360,314,RGBA,PNG,True,
assets/songs/pack/1080/select_chunithm_append_1_locked.png,174848,b4d15ea58e69f3c16cdf200eea22276db5f533ab1a7a0aa2e4b05bbeef5eed3e,PNG,pack-cover-or-song-pack-art,360,314,RGBA,PNG,True,
assets/songs/pack/1080/select_chunithm_append_2-pressed.png,153975,cdf6eb811e556038aae493016f336fcce644dcee141b432c3c2a28402326d9a7,PNG,pack-cover-or-song-pack-art,361,314,RGBA,PNG,True,
assets/songs/pack/1080/select_chunithm_append_2.png,152580,8b825c782ae06529119e767599df283622ca8a29a04da8f8d4f453d52bb7b2c3,PNG,pack-cover-or-song-pack-art,361,314,RGBA,PNG,True,
assets/songs/pack/1080/select_chunithm_append_2_locked-pressed.png,155012,0527eb29c1baccf03da686dc9a0e25899d44bd7b3bb1a5f2a019485426378b70,PNG,pack-cover-or-song-pack-art,361,314,RGBA,PNG,True,
assets/songs/pack/1080/select_chunithm_append_2_locked.png,152328,dc54f6c9901056cf6719fe3bd5d3331820cac5e796d0f321311f030d6015cdc7,PNG,pack-cover-or-song-pack-art,361,314,RGBA,PNG,True,
assets/songs/pack/1080/select_chunithm_append_3-pressed.png,142044,875a61d9245a0aa3004b99c63493b1a5ad13bc96f722c990ede3793203e3e4d3,PNG,pack-cover-or-song-pack-art,361,314,RGBA,PNG,True,
assets/songs/pack/1080/select_chunithm_append_3.png,140599,ab886bbc1167efb2394150617c26dfc825b05985ec28810783622dd3861d9192,PNG,pack-cover-or-song-pack-art,361,314,RGBA,PNG,True,
assets/songs/pack/1080/select_chunithm_append_3_locked-pressed.png,139992,cb1c4e39daba83d06a3653196822df65c2db188ba442632e1426f228365500b2,PNG,pack-cover-or-song-pack-art,361,314,RGBA,PNG,True,
assets/songs/pack/1080/select_chunithm_append_3_locked.png,137645,b906582da1c6a5dc1392b761494f4acf592123ecc58dfd79f1e932e25488dcd8,PNG,pack-cover-or-song-pack-art,361,314,RGBA,PNG,True,
assets/songs/pack/1080/select_cytusii_append_1-pressed.png,172733,48f91220aef4b1e1a658205db34343853eaa83d4435869f7837d397518da5a6a,PNG,pack-cover-or-song-pack-art,361,314,RGBA,PNG,True,
assets/songs/pack/1080/select_cytusii_append_1.png,171127,0d735347a0a06ad396deebfbb535c38b4525e33536bbba0b0bdcda0bd1708b5d,PNG,pack-cover-or-song-pack-art,361,314,RGBA,PNG,True,
assets/songs/pack/1080/select_cytusii_append_1_locked-pressed.png,170485,33b8416a8a2ee2f14494e09391f06c39ec630b4806653e3618aafcf2c9921256,PNG,pack-cover-or-song-pack-art,361,314,RGBA,PNG,True,
assets/songs/pack/1080/select_cytusii_append_1_locked.png,168149,98ac291540bb123ad2a1bf557ada96b6d23a3a32674a0afbfe23c51fd93d36b5,PNG,pack-cover-or-song-pack-art,361,314,RGBA,PNG,True,
assets/songs/pack/1080/select_djmax_append_1-pressed.png,178348,45ba7a22a062cb1b7e8074ec40b01e5ac4cd7509e7c2823c64acec346b214ac9,PNG,pack-cover-or-song-pack-art,361,314,RGBA,PNG,True,
assets/songs/pack/1080/select_djmax_append_1.png,177040,1e1af4f6b12f7c973ea478bc48b4c560dec40a7a2fb5b3eae9aebd951f153a38,PNG,pack-cover-or-song-pack-art,361,314,RGBA,PNG,True,
assets/songs/pack/1080/select_djmax_append_1_locked-pressed.png,176277,4bb1224f8a24ba92140fc818b52ffefed72dd533c99472b6315f3767dc9d12c9,PNG,pack-cover-or-song-pack-art,361,314,RGBA,PNG,True,
assets/songs/pack/1080/select_djmax_append_1_locked.png,173731,8f076e9c58ada5bca2cc89280780e8754489eab3e3709eaa63b67c3ca5a0079d,PNG,pack-cover-or-song-pack-art,361,314,RGBA,PNG,True,
assets/songs/pack/1080/select_eden_append_1-pressed.png,173021,9268be85fb41c9619a80b9e151dc077db295eda2ee21421bed1915cdc3c16a87,PNG,pack-cover-or-song-pack-art,361,314,RGBA,PNG,True,
assets/songs/pack/1080/select_eden_append_1.png,171915,8ea1e231c72ec1fede4db87422d6c5b090d59d635ee18472aa718e71fb4bf799,PNG,pack-cover-or-song-pack-art,361,314,RGBA,PNG,True,
assets/songs/pack/1080/select_eden_append_1_locked-pressed.png,170460,b153ce7056163acc3553c053af943ff629f01df42362b8edb0c24107dca8baba,PNG,pack-cover-or-song-pack-art,361,314,RGBA,PNG,True,
assets/songs/pack/1080/select_eden_append_1_locked.png,168778,51b9810070454128df354e3c28074a4317dd5dcaf68f32e2ab3cffdb97504fee,PNG,pack-cover-or-song-pack-art,361,314,RGBA,PNG,True,
assets/songs/pack/1080/select_eden_append_2-pressed.png,174528,59bc341974b697f7b3bf3b3da3a1103c5a074d22331063054a24e0f368642605,PNG,pack-cover-or-song-pack-art,361,314,RGBA,PNG,True,
assets/songs/pack/1080/select_eden_append_2.png,173926,7bdb8e9ebb207b04420bb98daabf395540c76d410ecdadb8b652f4cbd1d46d92,PNG,pack-cover-or-song-pack-art,361,314,RGBA,PNG,True,
assets/songs/pack/1080/select_eden_append_2_locked-pressed.png,172289,e9694b7db7ddc3b04799fe7b6f438e4deaeeae44cfd1c8580bae7cac15d09c16,PNG,pack-cover-or-song-pack-art,361,314,RGBA,PNG,True,
assets/songs/pack/1080/select_eden_append_2_locked.png,170640,27c4774143804664d5021daa7da6e52c90a5033b730478fecf2dfbb068ba83dd,PNG,pack-cover-or-song-pack-art,361,314,RGBA,PNG,True,
assets/songs/pack/1080/select_groovecoaster_append_1-pressed.png,167883,7705b13c03b04cdfaf739af30c9c485b6f22733b05bf8b1a390e0a08cd0c7b2f,PNG,pack-cover-or-song-pack-art,361,314,RGBA,PNG,True,
assets/songs/pack/1080/select_groovecoaster_append_1.png,166835,7c9443a30deecfb3a9a13a6ef2536d56fe80681ed0011ad203fe64e366f93096,PNG,pack-cover-or-song-pack-art,361,314,RGBA,PNG,True,
assets/songs/pack/1080/select_groovecoaster_append_1_locked-pressed.png,166093,5c2af39f37c51ce74e2f5aa352b18b2d0dbe38212340436fed6f150bbb1f777e,PNG,pack-cover-or-song-pack-art,361,314,RGBA,PNG,True,
assets/songs/pack/1080/select_groovecoaster_append_1_locked.png,164220,b8a5d5aeb7d80f016102b18935c20aa2df240439649530fc7bc7f3223c39ee8e,PNG,pack-cover-or-song-pack-art,361,314,RGBA,PNG,True,
assets/songs/pack/1080/select_lanota_append_1-pressed.png,172137,feaa92516701a47624a60865b8e39106c05d08471a5f4baa46fc070cf8b5da7f,PNG,pack-cover-or-song-pack-art,361,314,RGBA,PNG,True,
assets/songs/pack/1080/select_lanota_append_1.png,171097,ebcbcc316bd7f66193694854d089d20b4c3886fa28b0d9e5b7d27dd7c450a2d1,PNG,pack-cover-or-song-pack-art,361,314,RGBA,PNG,True,
assets/songs/pack/1080/select_lanota_append_1_locked-pressed.png,171464,38967e3c48bc2ec7a395ec67a28df52a8ba9092d564569cb2ff339afb289efc8,PNG,pack-cover-or-song-pack-art,361,314,RGBA,PNG,True,
assets/songs/pack/1080/select_lanota_append_1_locked.png,169537,1f901dad06bfaea563a21033e23c0ec9fc9caee2fec6f4d056266cea5146e13b,PNG,pack-cover-or-song-pack-art,361,314,RGBA,PNG,True,
assets/songs/pack/1080/select_maimai_append_1-pressed.png,155124,3c1b0eedc8d8711c1a5f9b06a4a73f329a2029d6d35b0557e74cde77423fb583,PNG,pack-cover-or-song-pack-art,360,314,RGBA,PNG,True,
assets/songs/pack/1080/select_maimai_append_1.png,154017,617c60da752309194f36e8982f41adebd762d6867fc49e841c6a9bcff710df2f,PNG,pack-cover-or-song-pack-art,360,314,RGBA,PNG,True,
assets/songs/pack/1080/select_maimai_append_1_locked-pressed.png,153077,8fd65849fb90b3d7fcd13d2e580d6674eaf0023d2e99476766cb3e2f51f23240,PNG,pack-cover-or-song-pack-art,360,314,RGBA,PNG,True,
assets/songs/pack/1080/select_maimai_append_1_locked.png,150995,7aa207f23ea8f23be5a98cb96c893bf3d6b20a53b3cb4b6e3900525129906d33,PNG,pack-cover-or-song-pack-art,360,314,RGBA,PNG,True,
assets/songs/pack/1080/select_maimai_append_2-pressed.png,135907,8fed3071251675b2d548c64d8a34a0e3a9f379c57da3256c14be1633b15eae8c,PNG,pack-cover-or-song-pack-art,361,314,RGBA,PNG,True,
assets/songs/pack/1080/select_maimai_append_2.png,134644,7ec2febc394a6d5cbe149235d5a3332b6a2c07afdcb05b88bc6bbf7474e8ddf3,PNG,pack-cover-or-song-pack-art,361,314,RGBA,PNG,True,
assets/songs/pack/1080/select_maimai_append_2_locked-pressed.png,133628,a9a5abaaa9847f5c903c3258d22a9e9c3439fbc822573f7e3932d0a9723413e8,PNG,pack-cover-or-song-pack-art,361,314,RGBA,PNG,True,
assets/songs/pack/1080/select_maimai_append_2_locked.png,131554,1b71db489d795c5f912ca121d88cb69a21bfea5093de49bcde8402f8dcef62c4,PNG,pack-cover-or-song-pack-art,361,314,RGBA,PNG,True,
assets/songs/pack/1080/select_nijuusei_append_1-pressed.png,160074,6ff1401688db39377287710b5d4f00b8affeaa22ba937a92bc9606780f0ecb0d,PNG,pack-cover-or-song-pack-art,360,314,RGBA,PNG,True,
assets/songs/pack/1080/select_nijuusei_append_1.png,160082,a64134450a8d16e975a37300c2f2ebf4def685870c977c97a9e5fdfc7b28ec81,PNG,pack-cover-or-song-pack-art,360,314,RGBA,PNG,True,
assets/songs/pack/1080/select_nijuusei_append_1_locked-pressed.png,157774,de4222463fb3c298a509f2894ba62c429ecdeced29b77e645857541f74e688b2,PNG,pack-cover-or-song-pack-art,360,314,RGBA,PNG,True,
assets/songs/pack/1080/select_nijuusei_append_1_locked.png,157238,b4f7b3cc25cbb66bb508b071583dc7e768ba24817e23118c88bac6aff7e5c36f,PNG,pack-cover-or-song-pack-art,360,314,RGBA,PNG,True,
assets/songs/pack/1080/select_observer_append_1-pressed.png,145476,33ef810a701009972ca443daf273911fee01663bf5156429ef40cbf69fd1148d,PNG,pack-cover-or-song-pack-art,361,314,RGBA,PNG,True,
assets/songs/pack/1080/select_observer_append_1.png,143857,1270f21911e2dad9d064c466a44a322c34ed03185463ef6f01ecf3a791f44e6b,PNG,pack-cover-or-song-pack-art,361,314,RGBA,PNG,True,
assets/songs/pack/1080/select_observer_append_1_locked-pressed.png,143123,eca983cf0e8c9f0043bbf130a0fc90ec463009c757caf5543ea2fa52334fafa5,PNG,pack-cover-or-song-pack-art,361,314,RGBA,PNG,True,
assets/songs/pack/1080/select_observer_append_1_locked.png,140350,73b6344437854dcdbca37f9fbb2b4b51d6bc99341e9b54e1089c7915d2db777e,PNG,pack-cover-or-song-pack-art,361,314,RGBA,PNG,True,
assets/songs/pack/1080/select_observer_append_2-pressed.png,152976,61e5dfd9a600c2025312e33aa3fc29a39737f6c0cf4b65f24ed9e81e7d938ce7,PNG,pack-cover-or-song-pack-art,360,314,RGBA,PNG,True,
assets/songs/pack/1080/select_observer_append_2.png,152353,d49f163c33c28394389f7eb1318db7c744c3d3af0eedcf9a87e2914c9c615c15,PNG,pack-cover-or-song-pack-art,360,314,RGBA,PNG,True,
assets/songs/pack/1080/select_observer_append_2_locked-pressed.png,150469,be44a30d78602e3bc3994dba30b5c9134a865155f760e28a228ea39feb049f92,PNG,pack-cover-or-song-pack-art,360,314,RGBA,PNG,True,
assets/songs/pack/1080/select_observer_append_2_locked.png,149042,618cc79e36cd095037a76aa5ed5d6c4dfcf84b0769f07f91df55cfe7c9432351,PNG,pack-cover-or-song-pack-art,360,314,RGBA,PNG,True,
assets/songs/pack/1080/select_ongeki_append_1-pressed.png,150248,550b30986a76658019db9c7ff583a3b958908870eb0786608e6c95a8787a7110,PNG,pack-cover-or-song-pack-art,361,314,RGBA,PNG,True,
assets/songs/pack/1080/select_ongeki_append_1.png,147533,f6c243ed07dee4bc975403a4c82f674a4b8593c502627a428ba54c4995bdd2e5,PNG,pack-cover-or-song-pack-art,361,314,RGBA,PNG,True,
assets/songs/pack/1080/select_ongeki_append_1_locked-pressed.png,148165,3cf96153c4e4c0b5e1b4ab1d039229e23ca7d76f22509d0eaa9415d534f3e2e8,PNG,pack-cover-or-song-pack-art,361,314,RGBA,PNG,True,
assets/songs/pack/1080/select_ongeki_append_1_locked.png,144236,fded666c0b9f8d14428619b5e9704a2af959a224c0e3fecd4b2af6eafc8da286,PNG,pack-cover-or-song-pack-art,361,314,RGBA,PNG,True,
assets/songs/pack/1080/select_ongeki_append_2-pressed.png,150266,b129a32099350a4fe4cf9fa3550f065fcf19b50ed5f908e44587d7c2b48978b1,PNG,pack-cover-or-song-pack-art,361,314,RGBA,PNG,True,
assets/songs/pack/1080/select_ongeki_append_2.png,149168,6a7d18371a7a6a129946a39739afeca16b166e0cc43f84a8fbfaca0689fae98f,PNG,pack-cover-or-song-pack-art,361,314,RGBA,PNG,True,
assets/songs/pack/1080/select_ongeki_append_2_locked-pressed.png,149821,876e6568fd4674dc186d665f19ea7ad97757585f7d46b421116fb4beb5206edf,PNG,pack-cover-or-song-pack-art,361,314,RGBA,PNG,True,
assets/songs/pack/1080/select_ongeki_append_2_locked.png,147582,175473e3a555ea6a49adb90c51c6dbde3088fb5d107a8488a75faf59da642fd9,PNG,pack-cover-or-song-pack-art,361,314,RGBA,PNG,True,
assets/songs/pack/1080/select_undertale_append_1-pressed.png,61055,0b7c467e19b332eab0a4fd67aa22b8e58ae14b0a89735d533aad1d5538dd60a8,PNG,pack-cover-or-song-pack-art,361,314,RGBA,PNG,True,
assets/songs/pack/1080/select_undertale_append_1.png,57853,ca602c347e13d24bfda4e578d9424f4a84b415c6f4db1368f704da35e3517c46,PNG,pack-cover-or-song-pack-art,361,314,RGBA,PNG,True,
assets/songs/pack/1080/select_undertale_append_1_locked-pressed.png,60435,457a7fedf90635300fafe420ec6375f1a48f57ce57bba41bfa771911e3e26cc4,PNG,pack-cover-or-song-pack-art,361,314,RGBA,PNG,True,
assets/songs/pack/1080/select_undertale_append_1_locked.png,55392,be1a9873d50ad576b4c253ec076784b36f9032ec12e91d18d42b02b10c882704,PNG,pack-cover-or-song-pack-art,361,314,RGBA,PNG,True,
assets/songs/pack/1080/select_wacca_append_1-pressed.png,137744,23f83f8a58dd24d33ea404e66b3b561f12ac5c20329aeb0c506efd90dc052345,PNG,pack-cover-or-song-pack-art,361,314,RGBA,PNG,True,
assets/songs/pack/1080/select_wacca_append_1.png,135874,83877ada67d6f6c35f29eae22495e13cb369dbbbd0d5eee0e4187537f5940217,PNG,pack-cover-or-song-pack-art,361,314,RGBA,PNG,True,
assets/songs/pack/1080/select_wacca_append_1_locked-pressed.png,136215,999ba9fb84aeaa1641d08cdf07a7910683981246604a3bd161a7be376040eb71,PNG,pack-cover-or-song-pack-art,361,314,RGBA,PNG,True,
assets/songs/pack/1080/select_wacca_append_1_locked.png,133306,6cd035cdcdd558019dcfabf066d73283d510a5e21232a7632c65494bdc76c4c4,PNG,pack-cover-or-song-pack-art,361,314,RGBA,PNG,True,
assets/songs/pack/1080_select_alice.png,513669,c88db1fc59a64ed5a0309ac2cbfc07cd85098d65641f002cc5c6ad6523e9ebff,PNG,pack-cover-or-song-pack-art,374,750,RGBA,PNG,True,
assets/songs/pack/1080_select_anima.png,635889,d1c139cf7ef93e433b7f979eb82149ceb5ef9c054536838a917c917de71acb7f,PNG,pack-cover-or-song-pack-art,374,750,RGBA,PNG,True,
assets/songs/pack/1080_select_anima_alt.png,549434,2bd76b0d003958592c0c8323d0e8f046454c4ebffe80f8668642716608bacbc9,PNG,pack-cover-or-song-pack-art,374,750,RGBA,PNG,True,
assets/songs/pack/1080_select_base.png,555031,42292ea1b9c545c3565c517cd5a14d18f9055f48d6723a58e36e1ac86ac20278,PNG,pack-cover-or-song-pack-art,403,717,RGBA,PNG,True,
assets/songs/pack/1080_select_chunithm.png,465292,d0efa8b00d48a3209a744d631c25b05f503f93bcb57cd30394cda988f5ba7d91,PNG,pack-cover-or-song-pack-art,374,750,RGBA,PNG,True,
assets/songs/pack/1080_select_core.png,520694,fd8e1e51e256ae13f51482205fb1be633301c418290494f550b042d09c0079e2,PNG,pack-cover-or-song-pack-art,374,750,RGBA,PNG,True,
assets/songs/pack/1080_select_cytusii.png,532679,ce6165780ecdafa143de447bb039300e957c97864b6d1d50173c824fd4e37a5d,PNG,pack-cover-or-song-pack-art,374,750,RGBA,PNG,True,
assets/songs/pack/1080_select_dividedheart.png,454767,ebe63afc2094cf79cf817acbd65b84f13e526a74bc94b9fce23a0f704faaae23,PNG,pack-cover-or-song-pack-art,374,750,RGBA,PNG,True,
assets/songs/pack/1080_select_djmax.png,484035,18e28f6e7e4d095539088d83490c12003d89fb9c1c5873e32b03b8c59a065967,PNG,pack-cover-or-song-pack-art,374,750,RGBA,PNG,True,
assets/songs/pack/1080_select_djmax_alt.png,465468,22e1fe732b8faebbcb3533c06a711c9ad6626635b18b6afac5ba911f26543f0b,PNG,pack-cover-or-song-pack-art,374,750,RGBA,PNG,True,
assets/songs/pack/1080_select_dynamix.png,400959,53129d7c787612460ca599bdc5d24356bc7c6cb78232fbe3fcdc896b92b4fd4a,PNG,pack-cover-or-song-pack-art,374,750,RGBA,PNG,True,
assets/songs/pack/1080_select_eclipse.png,526978,1bfb07d38c24f1b14f0b47a0f94e11e5f6fe617dfaa9610bb22dc231574bf2e7,PNG,pack-cover-or-song-pack-art,374,750,RGBA,PNG,True,
assets/songs/pack/1080_select_eden.png,472534,b0b04cfc5b22c6eb44886814ee776a4a107c8c1bab401a1ac5dc9154fb7bf0b9,PNG,pack-cover-or-song-pack-art,374,750,RGBA,PNG,True,
assets/songs/pack/1080_select_eden_alt.png,633517,1e786e3372ab7111753c0d5cfa44e620290c3700be10701a5d28bfe19f0de699,PNG,pack-cover-or-song-pack-art,374,750,RGBA,PNG,True,
assets/songs/pack/1080_select_epilogue.png,381119,5af78ec7e54c186100eab340db880e48bc4f144d48ae58664f3da450a6330323,PNG,pack-cover-or-song-pack-art,374,615,RGBA,PNG,True,
assets/songs/pack/1080_select_epilogue_alt.png,383317,af22c20c2160cc91e54c7f6453da21f41be98fe3d6a8a1a340552e7ede60a797,PNG,pack-cover-or-song-pack-art,374,614,RGBA,PNG,True,
assets/songs/pack/1080_select_extend.png,609033,330786cd1367f1f2a5f3a1459b130a54427402539a15dcf12e081546d7fbbb00,PNG,pack-cover-or-song-pack-art,374,750,RGBA,PNG,True,
assets/songs/pack/1080_select_extend_2.png,508220,67ccf62fc0ccba0f280e83f85831e2f6c6053825a472090c4adf4363e0a66d89,PNG,pack-cover-or-song-pack-art,403,717,RGBA,PNG,True,
assets/songs/pack/1080_select_extend_3.png,387561,a2cd0e359f8f353deaa8ca1b84426ed56550d0bb308bad8d67dbe9ed31e37be2,PNG,pack-cover-or-song-pack-art,403,717,RGBA,PNG,True,
assets/songs/pack/1080_select_extend_4.png,323703,3400bc7b6e91b71ca08d24ec9e338ecfb709887b175997849ea58f311cdc0b79,PNG,pack-cover-or-song-pack-art,403,717,RGBA,PNG,True,
assets/songs/pack/1080_select_finale.png,507643,b566ba2cee7e86c9e010830599e1b9ccdbabc92d6816d730ac20ffae76fd1c5c,PNG,pack-cover-or-song-pack-art,374,750,RGBA,PNG,True,
assets/songs/pack/1080_select_groovecoaster.png,475306,36909c21d21faed089eb994725d2f28425d131223ea76f7850621d83c50fbaac,PNG,pack-cover-or-song-pack-art,374,750,RGBA,PNG,True,
assets/songs/pack/1080_select_lanota.png,513725,e8954e7784fa9a2a2cf8a3854b892c1eb67838de5179fcb6d54653756f733601,PNG,pack-cover-or-song-pack-art,374,750,RGBA,PNG,True,
assets/songs/pack/1080_select_lephon.png,575665,610a6f54fdfa39d04e39d32c1960d16c92de1095962c690b1aa64553f2a8dc96,PNG,pack-cover-or-song-pack-art,374,750,RGBA,PNG,True,
assets/songs/pack/1080_select_maimai.png,520654,c99b530d7e4259f77efee497f9da53ffbd629d7674c4e59da55b69a7a5fcbfd2,PNG,pack-cover-or-song-pack-art,374,750,RGBA,PNG,True,
assets/songs/pack/1080_select_megarex.png,551652,f71b8c55fe0137ee2484eeb70a6657d9f29617b2755274b151e1b7134b8a50ea,PNG,pack-cover-or-song-pack-art,374,750,RGBA,PNG,True,
assets/songs/pack/1080_select_mirai.png,366610,1d227f10ea274c020b03d760f46c0a4bb0ac44a1b28f067c97cbbab51e4f8e2a,PNG,pack-cover-or-song-pack-art,374,750,RGBA,PNG,True,
assets/songs/pack/1080_select_musedash.png,502841,5174c4bb92483f9ae0866c97c8888f6b60e9a80448c838ec92469cbf40b74295,PNG,pack-cover-or-song-pack-art,374,750,RGBA,PNG,True,
assets/songs/pack/1080_select_nextstage.png,528295,1eb5d717193016a5ac4ca652f2801718f48d5a7b0f2b288b79f41371aa4bde2b,PNG,pack-cover-or-song-pack-art,374,750,RGBA,PNG,True,
assets/songs/pack/1080_select_nihil.png,541051,e77f56dd5a07b325ebb3149183d288c581e3683f5ce55f56312f809b9981a76a,PNG,pack-cover-or-song-pack-art,374,750,RGBA,PNG,True,
assets/songs/pack/1080_select_nijuusei.png,493142,a4d83ff29eac90ffcfb7990d96a33491d61b992b74d6c1ce421ae397072169d9,PNG,pack-cover-or-song-pack-art,374,750,RGBA,PNG,True,
assets/songs/pack/1080_select_observer.png,457366,1950a19dfdcd8333a7f6a8276f4806a203da440530e249edb9564390c691db6a,PNG,pack-cover-or-song-pack-art,374,750,RGBA,PNG,True,
assets/songs/pack/1080_select_omatsuri.png,470591,c5f80a97a3ceb3f01bcbe478577848550b56589384fb3453ad1eb31ef4851107,PNG,pack-cover-or-song-pack-art,374,750,RGBA,PNG,True,
assets/songs/pack/1080_select_ongeki.png,504495,0480572cc25374aed2c8647a4b0f9e29dc19c3f274a6b9cd6ee0792d8ff3a293,PNG,pack-cover-or-song-pack-art,374,750,RGBA,PNG,True,
assets/songs/pack/1080_select_prelude.png,463823,ac16d9b65d6645583fae7dfadaf11672e3a3cc86e8b6eb30d9692ed76a3c6ef2,PNG,pack-cover-or-song-pack-art,374,750,RGBA,PNG,True,
assets/songs/pack/1080_select_rei.png,465891,6d8c27a2df23db19fbcdc6199b866f10ec0ffdc523ed14e279a845278651b049,PNG,pack-cover-or-song-pack-art,374,750,RGBA,PNG,True,
assets/songs/pack/1080_select_rotaeno.png,455856,2b6c3f2ac3abfb045b8e4103f93346f57b41ef83e3d7b669af40186b0b1b1595,PNG,pack-cover-or-song-pack-art,374,750,RGBA,PNG,True,
assets/songs/pack/1080_select_rotaeno_alt.png,472809,55f7d66ad3ed20a6123c03f9a5271889014c7358dc9aa44cf57ef57a49dbabce,PNG,pack-cover-or-song-pack-art,374,750,RGBA,PNG,True,
assets/songs/pack/1080_select_shiawase.png,398836,bd076159fcbb888ef39369fd728654499da9d3b60003d2f57438d5f78e9b5571,PNG,pack-cover-or-song-pack-art,374,750,RGBA,PNG,True,
assets/songs/pack/1080_select_single.png,504180,81a7a21d3ef8919217cd35e61ec4523e33c81b8fb10e1196546cc3797d4b0df0,PNG,pack-cover-or-song-pack-art,403,717,RGBA,PNG,True,
assets/songs/pack/1080_select_tonesphere.png,425764,04aba9ee8f74e924e2120522f4c51b25997efb5da7d794603c0b50093080cf19,PNG,pack-cover-or-song-pack-art,374,750,RGBA,PNG,True,
assets/songs/pack/1080_select_undertale.png,30220,499faebbbef77ca1ab85092ab37a962b7e8d8c45966e61bdbc0b40b951f769aa,PNG,pack-cover-or-song-pack-art,374,750,RGBA,PNG,True,
assets/songs/pack/1080_select_virtualsingers.png,445220,ad63e04d2707c2d46d4d2b7feb14af6d1e0591caf92275a35cccc242d889418f,PNG,pack-cover-or-song-pack-art,374,750,RGBA,PNG,True,
assets/songs/pack/1080_select_vs.png,435643,9cdf03f2c2fb0af8e112b4f86ff8d8391fc91dcc7c2068005b6b8be8beac24c0,PNG,pack-cover-or-song-pack-art,374,750,RGBA,PNG,True,
assets/songs/pack/1080_select_wacca.png,418001,03e3327ec0bee7289d93219f3eaa5b3582adc7c271b9de450cacf2a9e8cb87ee,PNG,pack-cover-or-song-pack-art,374,750,RGBA,PNG,True,
assets/songs/pack/1080_select_yugamu.png,497521,3c62188b98b455d006482bc1a5340a64dceb523aaa96ba98dd496f3174fe0ba8,PNG,pack-cover-or-song-pack-art,374,750,RGBA,PNG,True,
assets/songs/pack/1080_select_zettai.png,564841,7a3a3e8258a78a198b7728d4586b14011a7fc94358d1a3649d7fbfa1478b49a6,PNG,pack-cover-or-song-pack-art,374,750,RGBA,PNG,True,
assets/songs/pack/1080_small_extend.png,283981,9d7a35b0a1bfb2bfb228b9010b7ef37867ff698a8afd98fc366fcdedd348f4a9,PNG,pack-cover-or-song-pack-art,442,525,RGBA,PNG,True,
assets/songs/pack/1080_small_extend_2.png,287403,ada9404636ef212ed4433ed60b3dbf89dbcd7e07712b58a803b35cdf334cbcd8,PNG,pack-cover-or-song-pack-art,442,525,RGBA,PNG,True,
assets/songs/pack/1080_small_extend_2_selected.png,299110,b80af969fc35b41246b0c4f55e1e6bea638f045ec6ef047d11cdf4e2bb3596b1,PNG,pack-cover-or-song-pack-art,442,525,RGBA,PNG,True,
assets/songs/pack/1080_small_extend_3.png,244507,d69b539d8f37afca7f9282154c479866fbfd230e4e3afb1dd1dfb05f2d35339e,PNG,pack-cover-or-song-pack-art,442,525,RGBA,PNG,True,
assets/songs/pack/1080_small_extend_3_selected.png,255915,495bd1b2298c99e8196ae4e400c49b0b83cc5f2b540b0eb0d2430546f609ee5d,PNG,pack-cover-or-song-pack-art,442,525,RGBA,PNG,True,
assets/songs/pack/1080_small_extend_selected.png,296479,227b6830fca6c744c68f7c6659b0c22ebe3f6142382a5fea758800e18a87dbd6,PNG,pack-cover-or-song-pack-art,442,525,RGBA,PNG,True,
assets/songs/purgatorium/1080_3.jpg,342898,5ca549a4c719aa0a58637b13a47ae82a9085cab4e157cb2bfbe2af8b182aefd3,JPEG,song-jacket,768,768,RGB,JPEG,False,
assets/songs/purgatorium/1080_3_256.jpg,86986,9d7923e788c642c3ccd40300456f0a334d6dde2a758ab90ab7e7a68bf89ee982,JPEG,song-jacket,384,384,RGB,JPEG,False,
assets/songs/purgatorium/1080_base.jpg,315662,16d1ccc59e9a614ca9c9466952dfc9c65477d29c7c52ec3544b6f26868fabe84,JPEG,song-jacket,768,768,RGB,JPEG,False,
assets/songs/purgatorium/1080_base_256.jpg,80086,4574a454d539e0a129ead553434deea23987d0d60878b06727d25af44252bf54,JPEG,song-jacket,384,384,RGB,JPEG,False,
assets/songs/random/1080_base.jpg,39973,f8d9197b14dd3725cfea166d93ccfc1364e6a309d546aace4032f91e873dc705,JPEG,song-jacket,768,768,RGB,JPEG,False,
assets/songs/random/1080_base_256.jpg,14910,1ddf33a0ddd39aca7d587601f75da7dc7f0aac992250a043fd129f7a8ba2316d,JPEG,song-jacket,384,384,RGB,JPEG,False,
assets/songs/reinvent/1080_base.jpg,191199,1ac37b63c2c292662cdb2b80e56c01f650e13e35b1fc23d18b84e0e9990993c0,JPEG,song-jacket,768,768,RGB,JPEG,False,
assets/songs/reinvent/1080_base_256.jpg,49235,2d13ba45fb93c714d195c3de374e61c801c6b7cc994fbb9addcc7dec58d19c6f,JPEG,song-jacket,384,384,RGB,JPEG,False,
assets/songs/remindthesouls/1080_base.jpg,266336,59dbc7ba9f5781125ffc7a725c67b3b804e54d3ff132b12761b94cfe6e9a4b46,JPEG,song-jacket,768,768,RGB,JPEG,False,
assets/songs/remindthesouls/1080_base_256.jpg,93374,7bf710fbc43faaabd7b49d30d40f5bc5615344c74c41a715ef48892ffa2b327f,JPEG,song-jacket,384,384,RGB,JPEG,False,
assets/songs/rise/1080_base.jpg,186541,25982d2236be0f516d259c04c8c5ef5d105b775454b2f6ee74d0bedbc706f280,JPEG,song-jacket,768,768,RGB,JPEG,False,
assets/songs/rise/1080_base_256.jpg,54456,2a4703bd6da68ba64b8eb186e7c9a55feb2c4df53ad77efbc6e99291fdd4c01d,JPEG,song-jacket,384,384,RGB,JPEG,False,
assets/songs/sakurafubuki/base.jpg,131255,9b77d3aff6c147f2644f23bc101f48b114e811bb23c8e2f7f54f292de572a414,JPEG,song-jacket,512,512,RGB,JPEG,False,
assets/songs/sakurafubuki/base_256.jpg,58336,eb66d31764502359a22a9911048e8a2609c0a477f63f17cfb82a3c8e52f7666e,JPEG,song-directory-image,256,256,RGB,JPEG,False,
assets/songs/satisfaction/1080_base.jpg,332615,fcc77d26b3112897e50df6f86e20e876d748949d729126353a117aa59682e853,JPEG,song-jacket,768,768,RGB,JPEG,False,
assets/songs/satisfaction/1080_base_256.jpg,116890,05998dc4b91d871256374bd23256b156fb4cdf3600f7bd1c39f9c252d0fa1e23,JPEG,song-jacket,384,384,RGB,JPEG,False,
assets/songs/sayonarahatsukoi/1080_base.jpg,241492,f52e17d61327a4d913a48e6319d826b5f8ae62a492ee2b85a99941c2a513196f,JPEG,song-jacket,768,768,RGB,JPEG,False,
assets/songs/sayonarahatsukoi/1080_base_256.jpg,69664,3add15058823173952769e51f79158d4ad82381354032e77dc893b459f187887,JPEG,song-jacket,384,384,RGB,JPEG,False,
assets/songs/senkyou/1080_base.jpg,337738,36f911157c9fb610e3d17d9c5203f4802b2cb06857a5ba03e4bc88d918fa277a,JPEG,song-jacket,768,768,RGB,JPEG,False,
assets/songs/senkyou/1080_base_256.jpg,87026,9f73a3b980e48e1e7c8c9011faff5856f044d9d2b6c058a6d7321135d6424eea,JPEG,song-jacket,384,384,RGB,JPEG,False,
assets/songs/shadesoflight/1080_3.jpg,193649,9f6d414b4d2e915effec449e88a5d557884ad062f4f06c30ff7c7e9e9ea4ab59,JPEG,song-jacket,768,768,RGB,JPEG,False,
assets/songs/shadesoflight/1080_3_256.jpg,53054,13b2305aaa005b0bac97a290a64effc46bac9921515cd57a7b97b1ef5427226b,JPEG,song-jacket,384,384,RGB,JPEG,False,
assets/songs/shadesoflight/1080_base.jpg,187165,72a8952166cec7b4d8b88fc4e692b926909a6814cf2695a77e21448b2080a462,JPEG,song-jacket,768,768,RGB,JPEG,False,
assets/songs/shadesoflight/1080_base_256.jpg,51666,583865e9c4393b633aeeb97d87284993857dc1aa15036f0d2b996b60ff21e5c8,JPEG,song-jacket,384,384,RGB,JPEG,False,
assets/songs/snowwhite/base.jpg,72755,8e08d6cf4d00ee62d658952c6e769f48258a7dda0d8f3e8b121bb7d355aa35e0,JPEG,song-jacket,500,500,RGB,JPEG,False,
assets/songs/snowwhite/base_256.jpg,25854,a869e77da256053320b71f821469430051ef081d192ecf0994dd0f94d3273c2e,JPEG,song-directory-image,256,256,RGB,JPEG,False,
assets/songs/theformula/1080_base.jpg,435128,83489139152079a46c99fb13cb9fb0a274a1479f7eec6aeaee14da1c8607334f,JPEG,song-jacket,768,768,RGB,JPEG,False,
assets/songs/theformula/1080_base_256.jpg,144383,882bc5878944190e43f68e312f6383e0800f1e2f9933a9ed06367541ed12806c,JPEG,song-jacket,384,384,RGB,JPEG,False,
assets/songs/tutorial/base.jpg,83926,bd71875762034d5c6219c45dada151b02f0eb437d1eec909b97c7e41a7b976d2,JPEG,song-jacket,512,512,RGB,JPEG,False,
assets/songs/tutorial/base_256.jpg,31377,d0686a1f90e671756e47ec3bbd92f2c19aca81b16b9d19d92cfb5f586b7b86c6,JPEG,song-directory-image,256,256,RGB,JPEG,False,
assets/songs/vexaria/1080_3.jpg,211832,59bdebe4ae85374bc481108822c114d8040090ec8f025d644089bab345284882,JPEG,song-jacket,768,768,RGB,JPEG,False,
assets/songs/vexaria/1080_3_256.jpg,54907,506f7a01038425e7dc22da6c004ac8681f96d44ceb7cba080a5a325f2e50655f,JPEG,song-jacket,384,384,RGB,JPEG,False,
assets/songs/vexaria/1080_base.jpg,203309,a6f654941bfa9e25c831f896b88b61ded6366e9fb6db9d21018ea9118265912f,JPEG,song-jacket,768,768,RGB,JPEG,False,
assets/songs/vexaria/1080_base_256.jpg,54323,276286b26ee80761259055df2f12d44021ac417f5d84218efd89157176db4ddb,JPEG,song-jacket,384,384,RGB,JPEG,False,
assets/songs/worldexecuteme/1080_base.jpg,445671,8b843ec95eb32f600f6082ab6522205e2f3c495db049145b0a2bfdec87111ca6,JPEG,song-jacket,768,768,RGB,JPEG,False,
assets/songs/worldexecuteme/1080_base_256.jpg,74412,69accd5aad2f8313ba5f4de68ecf0ea78342fe4060e8072a9a3b9dd2b1ed9744,JPEG,song-jacket,384,384,RGB,JPEG,False,
assets/startup/1080/bg_core.jpg,1502773,e52846cf6b0f85056d0a489679f45954857e50e2ceaca12a918308c8ef13bcb5,JPEG,startup,1920,2880,RGB,JPEG,False,
assets/startup/1080/bg_finale.jpg,1062480,bc756389bd5522dca2c05a1a4d7a97e609f5b2838e8396ec254d331d6190bea4,JPEG,startup,1728,2298,RGB,JPEG,False,
assets/startup/1080/bg_yugamu.jpg,970980,650849bb5f7aa80fde543fd1540333150e05cfce6368bfc6dae9bd05fcdde445,JPEG,startup,1920,2880,RGB,JPEG,False,
assets/startup/1080/cg.jpg,688052,6f2ded4057b56afaad80f9b8663312bb54190efbe0cf50591d0e46d2008bea1f,JPEG,startup,1920,1080,RGB,JPEG,False,
assets/startup/1080/char_h.png,2068836,fe37c522db1f6c1a2bc8fd08e0b1a5599623b221d92dd09b1890b6fc1f3e6f6e,PNG,startup,1857,1791,RGBA,PNG,True,
assets/startup/1080/char_t.png,1946732,f247f63ab5aeaefb5f373ba97d2c73735840c6f9fa2754abfb71195fef531ab7,PNG,startup,1478,2061,RGBA,PNG,True,
assets/startup/1080/epilogue_reunion.png,2952283,4180d6322856713c7e93bf93a3a4411ca6d47e61d48c8e199ff865aa20bdd2dd,PNG,startup,1920,2244,RGBA,PNG,True,
assets/startup/1080/title.png,252858,3fa01148e97fcc2297771265c9f9e6f9871ed75f43c22b5c926f106fbce86a98,PNG,startup,1415,395,RGBA,PNG,True,
assets/startup/1080/title_glow.png,252858,3fa01148e97fcc2297771265c9f9e6f9871ed75f43c22b5c926f106fbce86a98,PNG,startup,1415,395,RGBA,PNG,True,
assets/startup/copyright.png,2747,6cefc1c1c8f7e3e187fd08bc0f68e9ea0f9c4e7f1bd7a964e22c296d8f71f89b,PNG,startup,307,47,P,PNG,True,
assets/startup/download/1080/bar-accent.png,4059,f699743187491deaf393838b306bb0d78b30a362b7affaa46474b61aafcb5011,PNG,startup,33,33,RGBA,PNG,True,
assets/startup/download/1080/bar-empty.png,15225,b3609dd7fa812f67cc76d54ea5ffcf45c0c144431040843437ccc2a914f579eb,PNG,startup,1673,11,RGBA,PNG,True,
assets/startup/download/1080/bar-full.png,42581,4e72bc15aef0c6ac45accb89067c89c73990ae2a36763128552492a9061a04a1,PNG,startup,1673,11,RGBA,PNG,True,
assets/startup/download/1080/bar-progress-diamond.png,4256,5d2c90fd86a2afac19ba845f3d5abaa7bda65c993714d53a294a0bb6c895e79c,PNG,startup,34,34,RGBA,PNG,True,
assets/startup/download/1080/bar-progress-tail.png,3271,2f1ceaa8c9a2ca6567b39f7e0afd85bb78cc8021f419648b7eed459b53611dbb,PNG,startup,116,11,RGBA,PNG,True,
assets/startup/download/1080/bar-shadow.png,2945,97f8957a2e6854910c3075e8c46e3feb55d4b46a5b700bc723d908459bb0339d,PNG,startup,1,441,RGBA,PNG,True,
assets/startup/download/1080/bar-under-accent.png,17305,972528f8b40528b2f39d1809fa41d224b025f64c84295487231cbb027ae537a9,PNG,startup,477,106,RGBA,PNG,True,
assets/startup/download/1080/cancel-button-pressed.png,27101,060dd83e71e87dd0f6288d8643b37630c317aab9d6e24d59ed71cc0962a9ef8e,PNG,startup,385,108,RGBA,PNG,True,
assets/startup/download/1080/cancel-button.png,21724,435d45916ea43edf920107fc77b3be4a02c1357265767c10881ee19feb901f46,PNG,startup,385,108,RGBA,PNG,True,
assets/startup/download/1080/confirm-button-pressed.png,33028,6365ab420001e2791c892b7afeb2df381e8d29fe8c321085800cecbe5688e033,PNG,startup,404,108,RGBA,PNG,True,
assets/startup/download/1080/confirm-button.png,29411,a7493e37a1c2a23421994049dcd806436f48c1d9e7c734a788c8b8b5fe116a19,PNG,startup,404,108,RGBA,PNG,True,
assets/startup/download/1080/download-backing.png,214165,334e927a2c87fb03c1e771836197247e9c876826913580dfc74fbf7bfb25fccd,PNG,startup,2560,663,RGBA,PNG,True,
assets/startup/download/1080/failed-backing.png,255181,75ee470ea02221b93c917900e806c8b1578756d8f4559d03a8f6a9ae9ab270ae,PNG,startup,2560,663,RGBA,PNG,True,
assets/startup/e1.png,46177,7d066fa08eebd8972340ddd3fef93885b95f9ab013f6975c5acd35a0dbc446a3,PNG,startup,801,147,RGBA,PNG,True,
assets/startup/e2.png,84726,73bec97b3c3e45ea2f13aa8a6dc752f5df1f933109e53ddf257cce50e30ad0e0,PNG,startup,900,147,RGBA,PNG,True,
assets/startup/e3.png,72707,cc4ea75418e3d590c2a3de37e25ba32502bc5f283215d3a6323bb598b207a4b6,PNG,startup,801,147,RGBA,PNG,True,
assets/startup/epilogue/e1.png,40653,c3423227bd988ba7257a23d3d2ca4b5f2756bfcbdd1cefdd1d0038e47fcbd837,PNG,startup,801,147,RGBA,PNG,True,
assets/startup/epilogue/e2.png,75287,89fce3afb5711c2babbed4d7bf2af5766c307b87de0495d36adc00270714e7c6,PNG,startup,900,147,RGBA,PNG,True,
assets/startup/epilogue/e3.png,65111,d934a0953db14abef2953953ebf2d72c851dd7a4dd75c0d9fca2bfc1cdc85eac,PNG,startup,801,147,RGBA,PNG,True,
assets/startup/f1.png,50599,ede28d9236ad1e275f50d7f1155e27bb6e49ba776316f5df42bd0d8d05908b1b,PNG,startup,801,147,RGBA,PNG,True,
assets/startup/f2.png,75878,36482c8197480b7bca376555cdab54447d86c91df3fbde54c482c6aa8c7b0365,PNG,startup,900,147,RGBA,PNG,True,
assets/startup/f3.png,49858,bd6d560307fd970f11742d57f0493f5a7958e89e4f182873f68d9a87cc3110e7,PNG,startup,801,147,RGBA,PNG,True,
assets/startup/logo_nextone.png,15858,c8a684f487e04f4a2c1207432997f45eaadb6c8982c875b46cc157a5f538925f,PNG,startup,200,200,RGBA,PNG,True,
assets/startup/lowiro_white.png,10412,bc1ef07bd601ec1d35e40a6b2d5247fb843525ecbf5a72d61b03fe0f46ea9a79,PNG,startup,220,96,RGBA,PNG,True,
assets/startup/m1.png,59836,79555586d3c15594b50b67d0c3f67dec89993b60205c8a00242bd3c69bfd04ce,PNG,startup,596,159,RGBA,PNG,True,
assets/startup/m1_core.png,72524,ead45fc9d86c14d1ff0f3dc349e7466375539accd81214f5befddacd9af525b1,PNG,startup,801,147,RGBA,PNG,True,
assets/startup/m1_finale.png,61695,a0dc879f78eefa70e39dd6ded3f1312b0002c32c1cc77da6fb70a0edc9354aab,PNG,startup,801,147,RGBA,PNG,True,
assets/startup/m1_lephon.png,59836,79555586d3c15594b50b67d0c3f67dec89993b60205c8a00242bd3c69bfd04ce,PNG,startup,596,159,RGBA,PNG,True,
assets/startup/m2.png,108942,6960f08ec0cc0d693eb766812b7fda6a94a2d2f38383e1fc085e7350d033f2ed,PNG,startup,1541,157,RGBA,PNG,True,
assets/startup/m2_core.png,91490,e9860008d75f6deac80d0fcfedfbbbfa85549b120e53987b48a10e0171546d1f,PNG,startup,801,147,RGBA,PNG,True,
assets/startup/m2_finale.png,83380,8e40817abb12ef2bde44c65fa0a1faaa4b1a51b0047c6bbe73f620c5908b5846,PNG,startup,801,147,RGBA,PNG,True,
assets/startup/m2_lephon.png,108942,6960f08ec0cc0d693eb766812b7fda6a94a2d2f38383e1fc085e7350d033f2ed,PNG,startup,1541,157,RGBA,PNG,True,
assets/startup/m3.png,99831,1bbdf2850f1663e2d4d5fa577224757edae8484cf891cba7d8eb8c30fdaa650e,PNG,startup,1247,159,RGBA,PNG,True,
assets/startup/m3_core.png,77800,0ecd4e3ca5fc49302b74449cb837dba89680d1ec55ce1da5d606e9aa5e7ee896,PNG,startup,801,147,RGBA,PNG,True,
assets/startup/m3_finale.png,68229,4f1b1ba2fb5ef2dc477d4e2f1916957d3a0e3f65e6fdbad965f58f88e4cfce7c,PNG,startup,801,147,RGBA,PNG,True,
assets/startup/m3_lephon.png,99831,1bbdf2850f1663e2d4d5fa577224757edae8484cf891cba7d8eb8c30fdaa650e,PNG,startup,1247,159,RGBA,PNG,True,
assets/startup/main_glass.png,868588,f3f4ebe93fa9d50553a65b794f2e593fbc887cb373610550d6e6f07545183e00,PNG,startup,1458,820,RGBA,PNG,True,
assets/startup/start_icon.png,116278,f474cc91e92b1dc1e215a1e0ca8552d72b638ec3b12295236b850714483f54dd,PNG,startup,542,541,RGBA,PNG,True,
assets/startup/start_icon_core.png,218758,a4c7a958805e8366872c282761bce9e550547dea42bb5c7705f37fd75010ed5a,PNG,startup,528,529,RGBA,PNG,True,
assets/startup/start_wreath.png,350095,7939fefde20fb2b1271d0702899b845050f82b40440c508468d7046c5d33ccc9,PNG,startup,1123,1071,RGBA,PNG,True,
assets/startup/start_wreath_core.png,137677,45754e36c93751dd968dbe1b21a430558c91519e32d7200b1737266b39610263,PNG,startup,745,576,RGBA,PNG,True,
assets/white.png,69,9853e99cb7e9817f7ee8b6fb9ade7c8e023d2520647034a098f7f85ed81e9cb0,PNG,other-image,1,1,RGB,PNG,False,
res/-B.png,281,43ccf1f0a5e9e9ed9a6df33e1b3d378d49dbc8dc60d83b1cdb985e5e48f52497,PNG,android-resource,64,64,LA,PNG,True,
res/-N.png,318,6b45aef8bf43767c2c1c83dee2bd9ceb9017994fbef6613891e6bc215e2a5ee3,PNG,android-resource,88,44,RGBA,PNG,True,
res/-p.png,982,90c44675525e290332f7dba6adb97c7af3b8299e56cf5211e893d0e1dec41547,PNG,android-resource,36,36,RGBA,PNG,True,
res/0c.9.png,267,f94e2129180c0ba6924430374402456035dcd6b6fff7d05f6de7e24196a3af35,PNG,android-resource,16,16,LA,PNG,True,
res/0x.9.png,209,636d7f24be686e9515f7d6830ce936baa0a5416468220e94e8e257547967e22c,PNG,android-resource,12,12,LA,PNG,True,
res/1C.9.png,615,9635dab0f3c0b0557f3535d9655784f68130db57ce3920ae68c2d4cab4edd35e,PNG,android-resource,111,48,RGBA,PNG,True,
res/1I.9.png,2305,e1a2b864d0114a8471662f8e30ffcbb2eb9ffd414d36239612def8c7792a450a,PNG,android-resource,192,96,LA,PNG,True,
res/1J.9.png,1731,4d2fe45a8169f368052c921230a268ba9f53ea5fedbcb09ff35107473551e50c,PNG,android-resource,54,54,LA,PNG,True,
res/1e.9.png,171,49903073ab23abfc11a55e1333eb2905c743e1b382006c27c15434fd76e0207c,PNG,android-resource,2,2,L,PNG,False,
res/2K.9.png,225,42aee0b03883e94df5e543348a397d1302c1b8221895871a83b81899f5a9647b,PNG,android-resource,12,12,RGB,PNG,False,
res/2P.png,262,646021cc77e7f4bd68ab59fb32d306f81a2042125e6cdaa16184a062a8183f79,PNG,android-resource,66,33,RGBA,PNG,True,
res/2d.png,145,9f856dd00a4f281d1198e6679ac8611fc67d301f28c07aea97504244ba16cb44,PNG,android-resource,12,12,LA,PNG,True,
res/33.9.png,541,c7954e2bfbd01e5bbc9d774dd4d743d3f8a26613129fac8071b741bab3018ab0,PNG,android-resource,64,24,LA,PNG,True,
res/3u.9.png,258,4f186547c3fe5796ef49da96d60a4a9a4b347357eaff3794f38e5f2aade3e400,PNG,android-resource,42,126,LA,PNG,True,
res/42.9.png,214,727d78fec3f903a271c0476a50e8c064d28b32f7829b016ae0a07da53b83b281,PNG,android-resource,12,12,RGBA,PNG,True,
res/49.png,595,4f2f8c2a7b042e55aa8f43f4ce8134b3217ee9cda432c5ff8d4c33d09d86df68,PNG,android-resource,54,54,LA,PNG,True,
res/4k.png,201,0e631dbfe2575dd16d3fd6c59641dfa4abb5e162d60f59049e4459f0af29fbf6,PNG,android-resource,18,48,LA,PNG,True,
res/5D.9.png,272,991f73be600ad8821a6743db54af513f9b047058e95066e22fcdd1d72032bc58,PNG,android-resource,24,24,LA,PNG,True,
res/5J.9.png,1032,9d62d3eabefaf89e6018d3902cc8c4bb888a8891d9639deda8fb58ba60fe1822,PNG,android-resource,96,96,RGBA,PNG,True,
res/5U.png,396,a475594ae7c771092a3a2718981e2710c737844f44a4401f72d3953753649a7a,PNG,android-resource,30,36,RGBA,PNG,True,
res/5c.png,138,b44eeda34d7a529c2fe55719eb098fa29707caa91d18de06a7a775d6e6bcf973,PNG,android-resource,30,30,RGB,PNG,False,
res/62.9.png,210,7656f2f19a84cefc2bf9fafc00760216775d333fc0b08eb85ff1e0006b46fc20,PNG,android-resource,30,36,LA,PNG,True,
res/65.9.png,235,cc162d4b8c12ee329e37c8d651442f0ef0a9d1c6f88ef352e54da8dfd9a50dfe,PNG,android-resource,28,84,LA,PNG,True,
res/6t.png,227,5eca0280bd38a6887b6e41765cf5da573133874625001eb90156eaeb35fbe088,PNG,android-resource,48,48,LA,PNG,True,
res/79.9.png,694,dc9a0ae125491ccdac95b57b5eee4060efd191294e171c8e369d7d0ec3ab2268,PNG,android-resource,168,73,LA,PNG,True,
res/7C.9.png,430,2552cd1bcdd9882d6c258833fb70bc081a31a2a093ef9c256f92431370a6e5de,PNG,android-resource,72,96,LA,PNG,True,
res/7I.9.png,345,b0b2dc2cae7811c124ae528d714318bb1043b59d82a640f22c47ace64c283fec,PNG,android-resource,27,36,LA,PNG,True,
res/7R.png,516,6083523032ab5df9e6cb82e4ff3d48af7738900a2e9b23d991beaa2eba7862e9,PNG,android-resource,36,36,LA,PNG,True,
res/7_.9.png,813,100cc6ae3870dd769a252e44608a81956522e867674f854619ba7c68d314cad7,PNG,android-resource,94,64,LA,PNG,True,
res/7i.png,464,5080b07eb486ba05ede737b567eb2bb89d7b79a3edb5c2ca8141c6eba012b75d,PNG,android-resource,48,48,LA,PNG,True,
res/7o.9.png,525,007dbf5fa2dc466a4940b0a6a73dab48cb721f64d358f71ff35aaadb9630b5ec,PNG,android-resource,54,72,LA,PNG,True,
res/8h.9.png,207,e98f192f013a9226010482ab8e14c7f215fb16bda3ccb0ddaec3ed0b27119e7c,PNG,android-resource,6,6,LA,PNG,True,
res/8h.png,946,53340b0b0f529b26db6af632a0112708233bf312448c5b89a1357b2cd70b3f42,PNG,android-resource,128,128,LA,PNG,True,
res/9N.9.png,187,0caaea0060b3772ba433c0e9e3a5452f26f3421ba5023c855157270bc675b309,PNG,android-resource,25,22,LA,PNG,True,
res/9X.9.png,192,94fe9824714ad94c002fe6219e723c0d80c7cbe3a6130d7aa493730b67e294d1,PNG,android-resource,19,16,LA,PNG,True,
res/9Z.png,2083,db64845cd8e3fb21113f98ddbe7862e37e9116d9da5ce4ef7a14627bcd595b92,PNG,android-resource,96,96,LA,PNG,True,
res/9n.9.png,178,1411ae65d8160573c166d2a572106fd1103c12f242f67feec5feaa550197e5f5,PNG,android-resource,18,5,LA,PNG,True,
res/9w.png,4480,7f330fe499e1510bf653abc4fa6b49e3eb121e9ce7a331e72871069a18e48fcf,PNG,android-resource,48,48,RGBA,PNG,True,
res/9z.png,593,71a2ba63a5d4e91f7c14324fa1c3eb9290b73cb7b3c7828018d05adb1cfaab45,PNG,android-resource,96,96,LA,PNG,True,
res/Af.9.png,683,94a0b6363a09d466a3dc3722379ab367d9ff73a21ba0ff2c5bab6c30aa5f8b38,PNG,android-resource,73,73,LA,PNG,True,
res/BG.9.png,190,aa61229cd70239278109c5ebe725e72484d0252efa4902a17192366942749289,PNG,android-resource,18,18,LA,PNG,True,
res/BL.9.png,229,f65a87efa2f53d6fe2d848cfca1f6c90aea5e9fc67ff47f5949a6dd2a76ebe1b,PNG,android-resource,48,48,LA,PNG,True,
res/BM.png,159,5a6ca1d0d2fea53813da5b3c9037408087f9f753f58dd2e128a4a48f7689769f,PNG,android-resource,12,32,LA,PNG,True,
res/BQ.9.png,897,9865619196624a3cba32a36b0111357afea3148f123221ba8c7265bc681ab8a9,PNG,android-resource,73,73,RGBA,PNG,True,
res/CK.9.png,244,671d27e5a4b42111174b888d57118e05075a556d703bd54f9335202d2a416791,PNG,android-resource,12,12,RGBA,PNG,True,
res/C_.9.png,215,a8676a1793ac8310ffb12986232df66df092d29c242aeedc2b73556c010d38dc,PNG,android-resource,8,8,L,PNG,False,
res/DL.9.png,178,25f25112cc46b285767de7b5b058cfc0a9efd5f21cfe724af031505d66a9eceb,PNG,android-resource,18,5,LA,PNG,True,
res/D_.9.png,178,9fd37c82f87df00464554344ddddea55e480d09c33b505ac13252036d4d6276e,PNG,android-resource,12,11,LA,PNG,True,
res/Dd.png,281,7c1e1629c95fb2603fbdeab93a8fbf30b9c80be11ef483d497f8a88e8f67bd6b,PNG,android-resource,18,18,LA,PNG,True,
res/E5.png,900,534f7e692beac0b606cb5b130942897db6b550e45e61426cac37381881a2eb61,PNG,android-resource,36,36,RGBA,PNG,True,
res/EA.9.png,200,a0d63ec76ec21d40fe96a4b6fb4f4aac5b61a6b63a63472dab055e0d9e9890b1,PNG,android-resource,38,33,LA,PNG,True,
res/EP.png,310,5358737cb680ea1cdd6ba400d33316fabf872fd44f6a0e127bfc8bdd1632b374,PNG,android-resource,20,24,RGBA,PNG,True,
res/Eh.png,410,f73508090d3e6bbc3e39ba768e71855aad52ecaaaccda676d43a1860010cc557,PNG,android-resource,27,27,LA,PNG,True,
res/Em.png,46052,6bdabd4fea0d44b9bff1632bf7bf530a393e6b382b6a53be192006990765e7bb,PNG,android-resource,216,216,RGBA,PNG,True,
res/FS.png,15033,6232e71fe2f9a20a5947929f99fe04ad4a4cdd00c0b99712cc7b0c391bc719ed,PNG,android-resource,96,96,RGBA,PNG,True,
res/FW.png,307,18620c151330289bba196c1cc1e2699f98061a35be3551876296a8c4d592ba17,PNG,android-resource,96,96,LA,PNG,True,
res/Ff.png,628,ef34a64fedc256deb3df0e51ea1e1fcc4a737d557032579dcf87d845c4400df1,PNG,android-resource,36,36,LA,PNG,True,
res/G2.9.png,1243,ab94afcb2bb325544c0c1103bf5109b827bf070f441faef909f856ae295a1cf0,PNG,android-resource,41,41,LA,PNG,True,
res/Gf.png,984,0eed99d0a5e36a468b557605e6ccea495c029f3569844a45f4b5d8dadd77d4a7,PNG,android-resource,96,96,LA,PNG,True,
res/Gt.9.png,202,e7e36c3cbcedc97bc28aff91ed72c4310b16c331713a1698a692c66d46f63227,PNG,android-resource,48,48,LA,PNG,True,
res/H-.png,203,0fd2f53946eb93b3154f44bdafc8896ea93195a64ce5fc64049e8b7293cd6801,PNG,android-resource,44,22,RGBA,PNG,True,
res/I3.9.png,1255,5624a284adf8a5e8e7c2560524eb05d7ee97d09a9c2dbe3a76a840766015ae30,PNG,android-resource,333,144,LA,PNG,True,
res/IX.9.png,1544,1f7dd8b3521353af473f41850887e9385cf61c390c6e34e4e2bd991921ccfdf8,PNG,android-resource,128,64,LA,PNG,True,
res/JJ.9.png,280,a04708369abe0920ded20d87d58aebf6992ebb67efefa248a8421895efc5353f,PNG,android-resource,32,32,LA,PNG,True,
res/KH.9.png,618,468607601140955b21c6091897bfc65f609d386fa68d56c199201895e03b3fbc,PNG,android-resource,47,32,LA,PNG,True,
res/KM.png,415,1e3b02e24fa431b1abe0a97ad6723fad43df79fda8176c1060b6fbd31178619f,PNG,android-resource,48,48,LA,PNG,True,
res/K_.9.png,216,fb71e11c090133a97fe84fa3b76a263b429c9032ec467854b0e32a3157a5eba5,PNG,android-resource,24,24,LA,PNG,True,
res/Lf.png,93984,cfd68994d820849a0efebbc7c5dd4ffa82b59ec0fbb8b67431de2ac76eea1ce1,PNG,android-resource,324,324,RGBA,PNG,True,
res/Li.9.png,1779,a8252f52638c80df119db031626198a4a8d4b32ee618e96c3a36b9b946e26894,PNG,android-resource,192,72,RGBA,PNG,True,
res/MF.9.png,2816,b4af73e52266be570c2c163d987e64348066db311b41e7a382000529c0136c6b,PNG,android-resource,108,108,LA,PNG,True,
res/MQ.png,513,d83543f0c82b62cf499f2618ad99431f9ef50da60b415980ec8e0e50b90e3893,PNG,android-resource,176,88,P,PNG,True,
res/Ma.9.png,247,d27af435101ca4cbec0c840bd30687918cd39eb83aab1487420855623a45998b,PNG,android-resource,16,16,RGB,PNG,False,
res/NA.9.png,2505,c367b73a33a933429e1d57d33fcfbf243f0274e7cdba221a0b983ee15b5baca9,PNG,android-resource,108,108,LA,PNG,True,
res/NG.png,322,136d08fab0fe416fc7e0eca9c498e63c68357b2caa4241f444bbc3f26f9a74c9,PNG,android-resource,36,96,LA,PNG,True,
res/NZ.9.png,182,779a2606a931a399a2c9d3bd01f3c510c412f2916478aa687e430e6003b0a5f3,PNG,android-resource,24,6,LA,PNG,True,
res/Nk.9.png,776,5c7c682ffb64f4b531de0f9549c0da11c337576e426618522bfd1d35a451a414,PNG,android-resource,64,32,LA,PNG,True,
res/No.9.png,199,682c466d3e4f39e31f114abc1632d85e734557bd39814e3ba7d7c61eae2d069b,PNG,android-resource,38,33,LA,PNG,True,
res/PL.png,1172,22b007ec53a699d42fb4b357a9906572ab27a9e7c39b127036b51d1cc543a4be,PNG,android-resource,48,48,RGBA,PNG,True,
res/Pa.9.png,738,8fcf5b9da03c68dff65adfa8713db9ce3b5e423a9f5046f1785ab640c2a647fb,PNG,android-resource,96,36,LA,PNG,True,
res/Pb.png,631,683691d79ef11e863fe4ec84ddc631696e5984b5584fc4549d6586dbaca220c7,PNG,android-resource,72,72,LA,PNG,True,
res/Pg.9.png,207,5d4161bf9482b5d2a2346cd3fa2739ec3203d995bebac02e89a732943368bbfc,PNG,android-resource,6,6,LA,PNG,True,
res/QJ.9.png,189,23439b8899f4b63d68ae9385eaa49286a4b95b95f79b8b8d37de3b0e4fdbc747,PNG,android-resource,25,22,LA,PNG,True,
res/QZ.png,13146,e88f31823b674b2508e4a2e419d5d49544a53666bf92137bf87ec2ad8fa67f77,PNG,android-resource,108,108,RGBA,PNG,True,
res/Qd.9.png,776,f62bf21d152a276ae8d9a0d62997f12c60d64ec812fd973ff60e3295deee34b4,PNG,android-resource,96,96,LA,PNG,True,
res/RJ.png,30545,2441743edcdda83355e8efc4a4549d4a0b198ee22980233a887109263516e621,PNG,android-resource,144,144,RGBA,PNG,True,
res/RV.png,563,7442cda653acbacdf9aef256aa191e5ebb6071a1747312aec45e1db8252a3cfb,PNG,android-resource,48,48,LA,PNG,True,
res/SV.9.png,211,dbc0af61f440bb3f5382b8ea3fa578659f76c7a6aef620a68afc43a909f2e0e5,PNG,android-resource,6,6,RGBA,PNG,True,
res/Sq.png,565,2a145f082a88685be681e589109789bab3d4b279d33c7f8927b464a95026a3c8,PNG,android-resource,24,24,RGBA,PNG,True,
res/Su.9.png,178,4bc8f4d13d2acccc1338f73ff90cd97695d9210e04de5da924215243c8950bf3,PNG,android-resource,12,3,LA,PNG,True,
res/Th.png,785,02ad0ea6ff5a560e947452c7d64f679afa2056b44f86ea3b707a1cb175c2ceb0,PNG,android-resource,64,64,LA,PNG,True,
res/Tj.9.png,327,0fa17d8754d6d163cc433f087cad6c083173ac87ad7097e76950a25eec5f3e90,PNG,android-resource,18,24,LA,PNG,True,
res/U-.9.png,223,e17761ed280edd93d7141bd504b70f9e9e15a8652288d9e6333bf4ce964ef844,PNG,android-resource,8,8,RGB,PNG,False,
res/UE.9.png,222,8436624220fba246ae816a3aab379dfd7ff2a484284ab24c3af4989778705bb3,PNG,android-resource,6,6,RGBA,PNG,True,
res/UR.png,422,3cfd0554844896b500c33513b1e89ed62028d0c80df73d3c5935479f49704a3c,PNG,android-resource,132,66,P,PNG,True,
res/W4.9.png,217,7c45e46e405f5b4a3d0c62a22e67010c3327022dd1c1f4bbccea1279a4d1ad74,PNG,android-resource,13,41,LA,PNG,True,
res/Wh.png,171,239d602c9c65f156fe024613207955ac8fbdd395ae6ec3efa51be98e3a4473f4,PNG,android-resource,48,48,LA,PNG,True,
res/Wr.png,335,83a46279e2f65d852c9452c86e38326ef9f3def6f5bec2ef1416c72815a5fbfa,PNG,android-resource,88,44,RGBA,PNG,True,
res/Wz.png,196,c131ab0e2eb9879bd063e736ab81313c5a4f47eaa2f4a0ec9eca93a1a150ed79,PNG,android-resource,18,18,LA,PNG,True,
res/X3.9.png,221,44c29766b2d88b78a71393b3e3a771ca7eef5f552630c6074f33d6291241d0b9,PNG,android-resource,18,18,RGBA,PNG,True,
res/X4.9.png,187,c8d13e5687a34d5b85018ff7a9f0f22870a297b261ff140b3ed041ce7e7f4b81,PNG,android-resource,36,10,LA,PNG,True,
res/Y7.9.png,212,a77aaa207fd579f64383323b93f048ee9434e345ca8bb641743a77901b4383c2,PNG,android-resource,18,18,LA,PNG,True,
res/YG.9.png,203,5e3f13ee854fa41354ca7378358b99f8e41f3b1c9968c313b630b02de8704e6e,PNG,android-resource,10,12,LA,PNG,True,
res/Yt.9.png,209,07bf5ce5ff8937257afd146062c9bf5ca1f4115a1643529d81845d0202c7ddef,PNG,android-resource,12,12,LA,PNG,True,
res/Yw.9.png,186,a933aaebbeae489dea84e78e7fbc4079fdfda576fbdeb339401fda6cdc03e764,PNG,android-resource,19,16,LA,PNG,True,
res/Z8.png,420,afbcaede66a97ddc9b54c4d9891c09415cb6944d79c4c1ae8440cda553963957,PNG,android-resource,132,66,P,PNG,True,
res/ZI.png,681,e8e2fecfbf111cc5ef65dbb6c7395a5ae16a68f7e0922738d0c802b26e866e49,PNG,android-resource,96,96,RGBA,PNG,True,
res/ZL.9.png,1086,fcb4416a4f5f5b4d72854d91722289789b30bb562c6f0f57975818ab555cc809,PNG,android-resource,222,96,RGBA,PNG,True,
res/ZN.9.png,229,475f03b3ccff04fce91a7a912142d150a000b1d011da003745dc2c0e3f5fb092,PNG,android-resource,21,63,LA,PNG,True,
res/_U.png,431,24c991fa308c251d779bfac2520bb5b9a276a283074a5cd6895662098d910b0a,PNG,android-resource,18,18,RGBA,PNG,True,
res/_c.png,1320,aec62e23cdb7fa1a9a000837265497dad04637dbc421ab6e7d30a192f624662f,PNG,android-resource,72,72,LA,PNG,True,
res/_p.png,1441,549a81cda776769840f37f184d34eb673ff9e5c0671c67172818e91273753e1a,PNG,android-resource,54,54,RGBA,PNG,True,
res/_q.png,173,52549a8d0b6c35faf2795efdf6b4c5fe2cb34b7e8b1039cca7aa2769b6cab3d0,PNG,android-resource,32,32,LA,PNG,True,
res/aU.9.png,448,c63a94e7136ceeef43b0ade8b49e8e1ef4d1060d584f6cb9ab58b7d6eaa16312,PNG,android-resource,36,48,LA,PNG,True,
res/ar.png,391,29953bd8019dd96b7701329b9a203cff63460519549b9cca9a5eb74f9b1b0930,PNG,android-resource,36,36,LA,PNG,True,
res/as.png,156245,1590853e25db7ccae28db2d54f87ebf56e050b2a88a9e130a450555bb2ca8155,PNG,android-resource,432,432,RGBA,PNG,True,
res/bX.9.png,244,a2f1a37af8e699320a2fadbe54eeaa6112d5a3522d57d682edf04fe97be3b47e,PNG,android-resource,9,9,RGBA,PNG,True,
res/d3.png,432,2fa524cda78d7ebd66164a896a042277b7a56b8658fb318fc700a114cb04f7b2,PNG,android-resource,64,64,LA,PNG,True,
res/d5.9.png,851,bb4b092ae69c429e9d4f7ff97c60ba10c2e443a2b0ca19a9f6c77854bf32e293,PNG,android-resource,71,48,LA,PNG,True,
res/dB.9.png,500,77d8cc5447360efba3b3f1659bea9680eccbe47e2aaa07424d562f0e5c8af829,PNG,android-resource,48,48,LA,PNG,True,
res/dW.png,267,4133830f43f9baa0b0ed3cc80d798b20071da9f51fe12ef6b0bd09abc8d5d33a,PNG,android-resource,24,24,LA,PNG,True,
res/dY.png,404,5ced2ab774853050255d7309e10b76217813d56f3f8ab8fb73ac3f635d90c676,PNG,android-resource,48,48,LA,PNG,True,
res/eR.png,356,c8825cd637e59a02500d8b7518562f0c91bef2edd971ba3e5ad0f416794d618e,PNG,android-resource,32,32,LA,PNG,True,
res/eT.9.png,318,80502979302dee7353f475f558c497ae6697f77181a51f7cc80b40d72c2e0c4c,PNG,android-resource,18,24,LA,PNG,True,
res/ej.9.png,167,378694706fb7256dd2248e2af854efd71ec7e8885f61da2e16a2bd32fcf3d0a9,PNG,android-resource,1,1,L,PNG,False,
res/ev.9.png,228,89c28e887b0d60c01b35dcd2be654f416bffb66e8565716dc983e3b0204967e8,PNG,android-resource,21,63,LA,PNG,True,
res/f9.png,562,788a3b9472e9a46e1b6b68d918cd1571914b732e93aab014d77f20be5374e9de,PNG,android-resource,18,18,RGBA,PNG,True,
res/fM.9.png,825,b52228a35520e2d786e962e85013fe7f7c97ffb42677f3bdabc032fbb709952a,PNG,android-resource,27,27,LA,PNG,True,
res/g-.png,585,3dbbad926d540586d6bd1230f3293108774c95e73f6604f0bbf88c3a11530223,PNG,android-resource,40,48,RGBA,PNG,True,
res/gE.png,1484,4a691fbc98cb25e206339b61ba2362c9a2cec6f6028456a0c8c0848a6c3e5ecf,PNG,android-resource,72,72,P,PNG,True,
res/gK.9.png,215,2f7fbda0ba6e53e9a47e2fc0e24e32c447c613a5808c2d6285dc651e83a07ad7,PNG,android-resource,8,8,L,PNG,False,
res/gZ.9.png,524,bd893783c8d2bebb167ac05a27cdaea5dfd651fe8d64bcb30c14e7b925380c79,PNG,android-resource,54,72,LA,PNG,True,
res/gj.9.png,237,d68d03967fb222f7e35772a2e0637f73b4dd0d6cbb9ee3f2b4432d2f90c257db,PNG,android-resource,72,72,LA,PNG,True,
res/gt.9.png,205,9a1a48038a8d1dc041035b49cc732db23e008d126c8b2e680749dd29616a37b3,PNG,android-resource,15,18,LA,PNG,True,
res/h7.9.png,1096,9f849bcd788adceb32f4c1a5aa892749bd1e244a3787bfbfbd30d3b6f5d8e9db,PNG,android-resource,41,41,LA,PNG,True,
res/hP.9.png,808,092bf333080e2b3ece63147ea15e6ac04915968c010e5c3f85f8cb650d61ecb7,PNG,android-resource,222,96,LA,PNG,True,
res/hZ.9.png,167,378694706fb7256dd2248e2af854efd71ec7e8885f61da2e16a2bd32fcf3d0a9,PNG,android-resource,1,1,L,PNG,False,
res/hh.9.png,212,d5c644b00ee79bd4f1fcb789ebbf89e79c0c6fea878dfbc4a8c64c3be34b5b03,PNG,android-resource,9,9,RGBA,PNG,True,
res/i6.9.png,186,f62d7aa1f9297302a43332a59834755edbd3a38670b8c523614ae1366b5f947f,PNG,android-resource,12,12,LA,PNG,True,
res/iO.png,228,b84a277807f8f3bb5378e6353d99d1344aee10bd9a05f47c30afe3832d9ca7f0,PNG,android-resource,64,64,LA,PNG,True,
res/iQ.png,489,e816dc0998f4ee90d7b630f17e16fcc2e72d91078c5315adaac4bc2da4c226d7,PNG,android-resource,128,128,P,PNG,True,
res/iR.9.png,484,2e3d70230977af37c6d7739899a73e63937eebdfe6d802f1a957c43c2f2ab131,PNG,android-resource,35,25,LA,PNG,True,
res/iW.png,808,f221f962a62c954a11b1734e9631fc8531e34bee557665fea864aa4386e25e39,PNG,android-resource,27,27,RGBA,PNG,True,
res/io.9.png,1526,1417574134c5e9321c0b18fea711a08448ccf49957f55e10cedafb13237510f7,PNG,android-resource,54,54,LA,PNG,True,
res/j4.png,785,6002eb56783b956b5f91e6ddffaf36cc867402a01a225e627b4c25c8d21a4e23,PNG,android-resource,128,128,LA,PNG,True,
res/jS.9.png,236,fd719e497aaf091c3166cb51bf4404ca4bc3b6545dfbefbfaa0cf31f0790b7d1,PNG,android-resource,28,84,LA,PNG,True,
res/jS1.9.png,167,378694706fb7256dd2248e2af854efd71ec7e8885f61da2e16a2bd32fcf3d0a9,PNG,android-resource,1,1,L,PNG,False,
res/jW.png,753,24f5db226f1cd56e5e775f82c37f65f3d1eec9091b26b74861629caf0019c3bd,PNG,android-resource,60,72,RGBA,PNG,True,
res/je.9.png,212,21f0b55280be10b187ceff8edef4a5a7047683e6e9fcf47de410aa3839f41094,PNG,android-resource,12,12,L,PNG,False,
res/kJ.9.png,208,c0f930a722a16df986923bf419081d1090f9476a7287c8b655ab36ffc08064cb,PNG,android-resource,20,24,LA,PNG,True,
res/kp.png,224,f5f349c1e949f0e66374f83b667fc0d0f477379614f36912ade22a299f2194d5,PNG,android-resource,96,96,LA,PNG,True,
res/lP.9.png,194,b8b26708d71b4c7a5cf5311abcdfa741fee39c9f5e1383d49ca0c677fcdb03cd,PNG,android-resource,24,24,LA,PNG,True,
res/ly.png,272,dc08af9d14e6b673bf9f31c248236f0457b322464036647473e3a32a23773f0e,PNG,android-resource,27,27,LA,PNG,True,
res/m0.png,267,777a1cf53820aa467267d1f64e5f923656f93047038ea6375bcce257b517930e,PNG,android-resource,24,64,LA,PNG,True,
res/mm.9.png,345,d4d2b0dbb039f1c6395183abe945b39470ad9a8a7b680a40fa790df6c645bb43,PNG,android-resource,27,36,LA,PNG,True,
res/nC.9.png,465,08a416adad6c0e9bece3238674a76b24bbac2ce95c1cffca817b3c675ac69f6b,PNG,android-resource,111,48,LA,PNG,True,
res/nI.9.png,207,c56ab9375b149ba1c5ee268f22b3cf6507bb47986f628391500fba38147dab28,PNG,android-resource,30,36,LA,PNG,True,
res/nf.png,1208,5e0799a0d0b5d43ed5ae3a378aaa0847a810ceeff58db9a0f7836ebf4ef17146,PNG,android-resource,96,96,LA,PNG,True,
res/o-.png,50648,a7a4630ee4359402d5a15598645f2930234266e980229d5ab5526f2ac90ff77a,PNG,android-resource,192,192,RGBA,PNG,True,
res/o9.9.png,260,94ae2273a335672c1c67988e7af595d42e80526edb7f5654ee130dce06fd40d7,PNG,android-resource,42,126,LA,PNG,True,
res/oO.9.png,610,71bfd776b21b1102f26e31a0f6dc65d40de2cbae650c7528241d5cdc17eac991,PNG,android-resource,48,48,RGBA,PNG,True,
res/o_.9.png,252,20343222f9f79dd565c3a2248494d452e70820ac1c437173c38badd45f962afd,PNG,android-resource,16,16,RGB,PNG,False,
res/o_.png,651,d19092254aa4133fba8b7795fb5db560ad5dcd16c6f79201bec31b0f1e9b608b,PNG,android-resource,64,64,LA,PNG,True,
res/op.9.png,286,f81412c5131046a83f5d9de1d10e2b4b31f6e2657c4c08743825cd40f605fdd3,PNG,android-resource,48,48,LA,PNG,True,
res/pY.png,107,8430ec003e003f3f2ba2f78d48fd150e25407667e530e82e87a7d4841c0fd676,PNG,android-resource,14,14,RGB,PNG,False,
res/pk.png,275,b0aa010e7a885e4b7a669c16c7ba10fcd862a12dff3f142c7354778442a63fde,PNG,android-resource,128,128,P,PNG,True,
res/ps.9.png,178,b800fac7d2f0a75b17fad7009707ea49134919e48984e89815a9d24c0fa704d8,PNG,android-resource,12,3,LA,PNG,True,
res/pu.png,909,aa00088d0d9fd97bd92ed9ffd29b54bb69a48a984aa73448ce553fb9d812be41,PNG,android-resource,860,860,P,PNG,False,
res/py.9.png,217,a15171ead4b1cd9b80c58b93c0efb453b0cf889b714cc859ee2c9b937f4b37d0,PNG,android-resource,13,41,LA,PNG,True,
res/qD.9.png,2834,1f9538745cfd3209cc09ed451c198302aac3a1c5da41e87394377814b1bcc5ee,PNG,android-resource,81,81,LA,PNG,True,
res/qp.png,197,6151450ece3ab9667213c3987b6d8fffa25baf9ff43d53bcd9c94fd8ea7616d0,PNG,android-resource,18,18,LA,PNG,True,
res/rj.9.png,1098,00a1ac74d8164cb5c4749a0b2e77e2c6da4a90abe873d8604f29841c19357c66,PNG,android-resource,96,48,LA,PNG,True,
res/s0.png,403,63fad0a19cb9e416586049d40b62161b0cc4c2513d83931d3852e2f5a72e6d13,PNG,android-resource,36,36,LA,PNG,True,
res/s3.9.png,245,8c6846f4105ef1c02107e842142e9ce60b08819296e9510b2d0c12cf4560c5e1,PNG,android-resource,18,18,RGBA,PNG,True,
res/s4.png,98,0d773e62c756422313262846c787e58f67e0ee87e45e1ae9942002e816c4cb9e,PNG,android-resource,15,15,RGB,PNG,False,
res/sA.9.png,212,0c6328c7b2420570a7ec38b3beb3bac9a29d895ac1ab7239315aba7266418593,PNG,android-resource,12,12,L,PNG,False,
res/sg.9.png,226,67e701476927078d89ab0bbb39fff12d69702592a7a428237a21168a21ec1038,PNG,android-resource,36,36,LA,PNG,True,
res/tG.png,476,52a0358e54439373ca39f99cd83cf3a7be73c257f07fae83edd83c9b4891895d,PNG,android-resource,128,128,LA,PNG,True,
res/tS.png,321,caf1e473df6702c2a6a95d738f1d6f2b73196766b504e5ff333b3c8e747e047b,PNG,android-resource,32,32,LA,PNG,True,
res/tU.9.png,208,91b8358e22ac1b8554c71a528414acf30088d9ad562bdac3814844771c14c8a9,PNG,android-resource,9,9,LA,PNG,True,
res/tZ.9.png,198,6b2372b414abc1cfcfd71c98f51901a84c46c5b712046aae019b6110de265175,PNG,android-resource,20,24,LA,PNG,True,
res/te.png,278,498b0cbd09b6b4feed8aca9ed77d235f5bb272c53d21b332649a00e942d989da,PNG,android-resource,66,33,RGBA,PNG,True,
res/tr.9.png,960,d66f7061c274b1b6f8524993367af902737ddf9187db0cc8d91a8c64ad9b944a,PNG,android-resource,168,73,RGBA,PNG,True,
res/u3.png,513,55bc27772f6d35be9334fb80c371b327db25faa9a6098c3c14049e92654ac1bf,PNG,android-resource,176,88,P,PNG,True,
res/uL.9.png,966,006f2dc25bacc39e736bc720e26a6545df7427b6c103b2dd77c1eb872c3f3306,PNG,android-resource,128,48,LA,PNG,True,
res/uj.9.png,196,c86d934a5809f32599e42143e306ed6e066b224fe1fa3f32ade1603074e5b136,PNG,android-resource,15,18,LA,PNG,True,
res/us.9.png,1638,42a1b93ba380eeba9d499582df981a535f872af234ad6600675fff37459306e5,PNG,android-resource,333,144,RGBA,PNG,True,
res/ut.9.png,754,562cba1ad1b9abd502da9c03f4c10bb2bd728022c546f18059319f2ad293280e,PNG,android-resource,27,27,LA,PNG,True,
res/uu.9.png,204,3633ec99d66aae4332f9a6b2dbd3480513433001a8eec0e796d2bcb69d75b73f,PNG,android-resource,36,36,LA,PNG,True,
res/v4.9.png,208,a7523ccf037f7c31cf87a186feecb9139ef92d87e0702cabb08a31914b2b503e,PNG,android-resource,9,9,LA,PNG,True,
res/vL.9.png,223,99c14d6855b8be296d58017d3751b8dc849c47b6d1d80ab614ff9075080e461b,PNG,android-resource,8,8,RGB,PNG,False,
res/vo.png,727,5db3ab4d30063b5e8fa63ae2993f83efd0af71d6526b3a1468f9e3bf891af587,PNG,android-resource,54,54,LA,PNG,True,
res/vz.9.png,181,fa50162bdb3501c6b50cfa36c14dab9c94e48d57f558607ec9858124d70412f9,PNG,android-resource,12,11,LA,PNG,True,
res/w2.9.png,1138,71f14a18275f8678fd9f0c1c0affc400a975a0b815b82eca7345b6aaecf978ee,PNG,android-resource,144,144,LA,PNG,True,
res/wL.9.png,437,8c3de5389a4fedf23b1efdf1c7737ca7eb44f381c22369153dfa972613a4c448,PNG,android-resource,72,96,LA,PNG,True,
res/wN.9.png,225,18b328d8017e677d5aad3dbd66bae356b5cac978c6f0670938ea648e51d0eb66,PNG,android-resource,12,12,RGB,PNG,False,
res/w_.png,214,055d5f87b1bbb6677096bc7eb7eace57e40216cb97f2b2b926d26c1263f9abce,PNG,android-resource,32,32,LA,PNG,True,
res/x2.png,466,47fc8e9c5771a7f81c40de7e6beb898a0195e8be10263294b9f04f38ddcd170a,PNG,android-resource,24,24,LA,PNG,True,
res/x3.9.png,212,93b7657184473d5881669b80e3d43fd64e442d1ed71be4ced3518380b6cec69d,PNG,android-resource,18,18,LA,PNG,True,
res/x7.png,1924,92d9ecaaf488b131bb2a21f537d4757bd6d618571aa439e5b2a9de4474a96b5c,PNG,android-resource,96,96,P,PNG,True,
res/xH.png,186,7c8472b72441cc28a1ac53a08b4f0c14f310af338175ba6c46fd6342ac8ce2ff,PNG,android-resource,44,22,RGBA,PNG,True,
res/xR.9.png,194,9a9c940ea133f7e0ac8db6f06e13e852508633c21f8c71f297483165a06d92eb,PNG,android-resource,10,12,LA,PNG,True,
res/xa.9.png,221,3e09afa21c45372c035598c017c8fb405a6d678e6cb84dc857581cb3b40e482d,PNG,android-resource,16,16,L,PNG,False,
res/yH.9.png,184,5ae9594240ada5e53500e2524215b3e2b3c91e6dd95b05e0acdd27d9d8c57e72,PNG,android-resource,24,6,LA,PNG,True,
res/yU.png,971,9a17c3340fb0d8f3744b214bd938917da9b69a779709ba8cc18538204cca68d4,PNG,android-resource,48,48,LA,PNG,True,
res/yY.9.png,186,f232714ccbecca97adc63b0811d62629057c77dcbd0b062c82e26754cb744831,PNG,android-resource,36,10,LA,PNG,True,
res/yg.9.png,395,62477adc74d4e6836e3c0e4b5337c37d748cb3f94033f42c629938ef18d38b41,PNG,android-resource,24,16,LA,PNG,True,
res/yn.png,8970,4af878d995980e3af709f7cbd19cc59ff6542f4745791e29c1649e89b47a7210,PNG,android-resource,72,72,RGBA,PNG,True,
res/z-.9.png,221,559bf783d765c02338e97952bdc9c6689c7ff99090b8c9813369118da8b080f0,PNG,android-resource,16,16,L,PNG,False,
res/z9.9.png,417,77f0ebab2416404eb1d562342e431541d885686dd1e49d6dc93be1a86c2273c4,PNG,android-resource,36,48,LA,PNG,True,
res/zE.png,324,a547431febf108ccfa9588ab89b1078e387bb351eb54d772394332187f770b74,PNG,android-resource,32,32,LA,PNG,True,
res/zV.9.png,2463,0f8db605d63bf1d6d35fd647d592ac4e70c9a712ff5d1c2114c8d58a88b8228a,PNG,android-resource,81,81,LA,PNG,True,
res/zr.png,27512,99284117569f62c7271a97945e93ca7e3780fccd80f5236cdb0d1888a3d6093f,PNG,android-resource,162,162,RGBA,PNG,True,
res/zw.9.png,1510,be03693c47d3c4d4466f14a695eaccd210b61e91d808c0c4a46d6f021b598278,PNG,android-resource,144,144,RGBA,PNG,True,
