idx,songId,titleLocalized,titleLanguages,artist,bpm,bpmBase,side,set,version,date,difficultyCount,difficultyRatingClasses,difficultyLabels,assetDirectoryPresent,assetDirectoryKey,assetDirectoryPrefix,assetFileCount,chartFileCount,chartFiles,jacketFileCount,jacketFiles,assetFileNames,remoteDl,deleted,songlistHidden,jacketLocalized,bg,bgInverse
0,sayonarahatsukoi,"{""en"":""Sayonara Hatsukoi""}",en,REDSHiFT,178,178,0,base,1.0,1487980800,4,0;1;2;4,PST;PRS;FTR;ETR,True,sayonarahatsukoi,exact,7,4,0.aff;1.aff;2.aff;4.aff,2,1080_base.jpg;1080_base_256.jpg,0.aff;1.aff;1080_base.jpg;1080_base_256.jpg;2.aff;4.aff;base.ogg,,,,,base_light,base_conflict
1,lostcivilization,"{""en"":""Lost Civilization""}",en,Laur vs CK,75 - 210,210,1,base,1.0,1487980808,4,0;1;2;3,PST;PRS;FTR;BYD,True,lostcivilization,exact,8,3,0.aff;1.aff;2.aff,4,1080_3.jpg;1080_3_256.jpg;base.jpg;base_256.jpg,0.aff;1.aff;1080_3.jpg;1080_3_256.jpg;2.aff;base.jpg;base.ogg;base_256.jpg,,,,,base_conflict,base_light
2,goodtek,"{""en"":""GOODTEK (Arcaea Edit)""}",en,EBIMAYO,190,190,0,base,1.0,1487980809,4,0;1;2;3,PST;PRS;FTR;BYD,True,dl_goodtek,dl_,5,0,,4,1080_3.jpg;1080_3_256.jpg;1080_base.jpg;1080_base_256.jpg,1080_3.jpg;1080_3_256.jpg;1080_base.jpg;1080_base_256.jpg;preview.ogg,True,,,,base_light,base_conflict
3,viyella,"{""en"":""cry of viyella""}",en,Laur,75 - 180,180,1,core,1.0,1487980811,3,0;1;2,PST;PRS;FTR,True,dl_viyella,dl_,3,0,,2,1080_base.jpg;1080_base_256.jpg,1080_base.jpg;1080_base_256.jpg;preview.ogg,True,,,,base_conflict,base_light
4,rise,"{""en"":""Rise""}",en,Combatplayer,140,140,0,base,1.0,1487980803,3,0;1;2,PST;PRS;FTR,True,rise,exact,6,3,0.aff;1.aff;2.aff,2,1080_base.jpg;1080_base_256.jpg,0.aff;1.aff;1080_base.jpg;1080_base_256.jpg;2.aff;base.ogg,,,,,base_light,base_conflict
5,lucifer,"{""en"":""Lucifer""}",en,chitose,165,165,1,base,1.0,1487980804,3,0;1;2,PST;PRS;FTR,True,dl_lucifer,dl_,3,0,,2,base.jpg;base_256.jpg,base.jpg;base_256.jpg;preview.ogg,True,,,,base_conflict,base_light
6,fairytale,"{""en"":""Fairytale""}",en,chitose,189,189,0,base,1.0,1487980801,4,0;1;2;3,PST;PRS;FTR;BYD,True,fairytale,exact,8,3,0.aff;1.aff;2.aff,4,1080_3.jpg;1080_3_256.jpg;1080_base.jpg;1080_base_256.jpg,0.aff;1.aff;1080_3.jpg;1080_3_256.jpg;1080_base.jpg;1080_base_256.jpg;2.aff;base.ogg,,,,,base_light,base_conflict
7,hearditsaid,"{""en"":""I've heard it said""}",en,Combatplayer,165,165,0,core,1.0,1487980812,3,0;1;2,PST;PRS;FTR,True,dl_hearditsaid,dl_,3,0,,2,1080_base.jpg;1080_base_256.jpg,1080_base.jpg;1080_base_256.jpg;preview.ogg,True,,,,base_light,base_conflict
8,babaroque,"{""en"":""Babaroque""}",en,cYsmix,136,136,0,base,1.0,1487980807,3,0;1;2,PST;PRS;FTR,True,dl_babaroque,dl_,3,0,,2,1080_base.jpg;1080_base_256.jpg,1080_base.jpg;1080_base_256.jpg;preview.ogg,True,,,,base_light,base_conflict
9,memoryfactory,"{""en"":""memoryfactory.lzh""}",en,Frums,100,180,0,core,1.0,1487980813,3,0;1;2,PST;PRS;FTR,True,dl_memoryfactory,dl_,3,0,,2,1080_base.jpg;1080_base_256.jpg,1080_base.jpg;1080_base_256.jpg;preview.ogg,True,,,,base_light,base_conflict
10,snowwhite,"{""en"":""Snow White""}",en,Puru,150,150,0,base,1.0,1487980805,4,0;1;2;3,PST;PRS;FTR;BYD,True,snowwhite,exact,6,3,0.aff;1.aff;2.aff,2,base.jpg;base_256.jpg,0.aff;1.aff;2.aff;base.jpg;base.ogg;base_256.jpg,,,,,base_light,base_conflict
11,relentless,"{""en"":""Relentless""}",en,Akira Complex,174,174,1,core,1.0,1487980814,3,0;1;2,PST;PRS;FTR,True,dl_relentless,dl_,3,0,,2,1080_base.jpg;1080_base_256.jpg,1080_base.jpg;1080_base_256.jpg;preview.ogg,True,,,,base_conflict,base_light
12,shadesoflight,"{""en"":""Shades of Light in a Transcendent Realm""}",en,ak+q,170,170,0,base,1.0,1487980806,4,0;1;2;3,PST;PRS;FTR;BYD,True,shadesoflight,exact,9,3,0.aff;1.aff;2.aff,4,1080_3.jpg;1080_3_256.jpg;1080_base.jpg;1080_base_256.jpg,0.aff;1.aff;1080_3.jpg;1080_3_256.jpg;1080_base.jpg;1080_base_256.jpg;2.aff;base.ogg;preview.ogg,False,,,,base_light,base_conflict
13,vexaria,"{""en"":""Vexaria""}",en,ak+q,180,180,0,base,1.0,1487980802,4,0;1;2;3,PST;PRS;FTR;BYD,True,vexaria,exact,8,3,0.aff;1.aff;2.aff,4,1080_3.jpg;1080_3_256.jpg;1080_base.jpg;1080_base_256.jpg,0.aff;1.aff;1080_3.jpg;1080_3_256.jpg;1080_base.jpg;1080_base_256.jpg;2.aff;base.ogg,,,,,base_light,base_conflict
14,essenceoftwilight,"{""en"":""Essence of Twilight""}",en,ak+q,164,164,1,core,1.0,1487980816,3,0;1;2,PST;PRS;FTR,True,dl_essenceoftwilight,dl_,3,0,,2,base.jpg;base_256.jpg,base.jpg;base_256.jpg;preview.ogg,True,,,,base_conflict,base_light
15,qualia,"{""en"":""qualia -ideaesthesia-""}",en,nitro,144,144,1,base,1.0,1487980810,4,0;1;2;3,PST;PRS;FTR;BYD,True,dl_qualia,dl_,5,0,,4,1080_3.jpg;1080_3_256.jpg;base.jpg;base_256.jpg,1080_3.jpg;1080_3_256.jpg;base.jpg;base_256.jpg;preview.ogg,True,,,,base_conflict,base_light
16,pragmatism,"{""en"":""PRAGMATISM""}",en,Laur,174,174,0,core,1.0,1487980817,4,0;1;2;3,PST;PRS;FTR;BYD,True,dl_pragmatism,dl_,7,0,,4,1080_3.jpg;1080_3_256.jpg;1080_base.jpg;1080_base_256.jpg,1080_3.jpg;1080_3_256.jpg;1080_base.jpg;1080_base_256.jpg;3.ogg;3_preview.ogg;preview.ogg,True,,,,pragmatism,
17,sheriruth,"{""en"":""Sheriruth""}",en,Team Grimoire,185,185,1,core,1.0,1487980818,3,0;1;2,PST;PRS;FTR,True,dl_sheriruth,dl_,3,0,,2,1080_base.jpg;1080_base_256.jpg,1080_base.jpg;1080_base_256.jpg;preview.ogg,True,,,,sheriruth,
18,lumia,"{""en"":""Lumia""}",en,sky_delta,180,180,0,core,1.0,1487980815,4,0;1;2;3,PST;PRS;FTR;BYD,True,dl_lumia,dl_,5,0,,4,1080_3.jpg;1080_3_256.jpg;1080_base.jpg;1080_base_256.jpg,1080_3.jpg;1080_3_256.jpg;1080_base.jpg;1080_base_256.jpg;preview.ogg,True,,,,base_light,base_conflict
19,dement,"{""en"":""Dement ~after legend~""}",en,Cosmograph,210,210,1,base,1.0,1489968000,4,0;1;2;3,PST;PRS;FTR;BYD,True,dement,exact,8,3,0.aff;1.aff;2.aff,4,1080_3.jpg;1080_3_256.jpg;1080_base.jpg;1080_base_256.jpg,0.aff;1.aff;1080_3.jpg;1080_3_256.jpg;1080_base.jpg;1080_base_256.jpg;2.aff;base.ogg,,,,,base_conflict,base_light
20,dandelion,"{""en"":""Dandelion""}",en,Farhan,169,169,0,base,1.0,1489968000,3,0;1;2,PST;PRS;FTR,True,dandelion,exact,6,3,0.aff;1.aff;2.aff,2,1080_base.jpg;1080_base_256.jpg,0.aff;1.aff;1080_base.jpg;1080_base_256.jpg;2.aff;base.ogg,,,,,base_light,base_conflict
21,anokumene,"{""en"":""Anökumene"",""ko"":""Anokumene"",""zh-Hant"":""Anokumene"",""zh-Hans"":""Anokumene""}",en;ko;zh-Hans;zh-Hant,Jun Kuroda,186,186,1,base,1.0,1491868801,4,0;1;2;3,PST;PRS;FTR;BYD,True,dl_anokumene,dl_,3,0,,2,1080_base.jpg;1080_base_256.jpg,1080_base.jpg;1080_base_256.jpg;preview.ogg,True,,,,base_conflict,base_light
22,infinityheaven,"{""en"":""Infinity Heaven""}",en,HyuN,160,160,0,base,1.0,1491868800,4,0;1;2;3,PST;PRS;FTR;BYD,True,infinityheaven,exact,8,3,0.aff;1.aff;2.aff,4,1080_3.jpg;1080_3_256.jpg;1080_base.jpg;1080_base_256.jpg,0.aff;1.aff;1080_3.jpg;1080_3_256.jpg;1080_base.jpg;1080_base_256.jpg;2.aff;base.ogg,,,,,base_light,base_conflict
23,partyvinyl,"{""en"":""Party Vinyl""}",en,モリモリあつし,132,132,0,shiawase,1.0,1494547204,4,0;1;2;3,PST;PRS;FTR;BYD,True,dl_partyvinyl,dl_,5,0,,4,1080_3.jpg;1080_3_256.jpg;1080_base.jpg;1080_base_256.jpg,1080_3.jpg;1080_3_256.jpg;1080_base.jpg;1080_base_256.jpg;preview.ogg,True,,,,shiawase,
24,flashback,"{""en"":""Flashback""}",en,ARForest,195,195,0,shiawase,1.0,1494547202,3,0;1;2,PST;PRS;FTR,True,dl_flashback,dl_,3,0,,2,1080_base.jpg;1080_base_256.jpg,1080_base.jpg;1080_base_256.jpg;preview.ogg,True,,,,shiawase,
25,flyburg,"{""en"":""Flyburg and Endroll"",""ja"":""フライブルクとエンドロウル""}",en;ja,アリスシャッハと魔法の楽団,180,180,0,shiawase,1.0,1494547203,3,0;1;2,PST;PRS;FTR,True,dl_flyburg,dl_,3,0,,2,1080_base.jpg;1080_base_256.jpg,1080_base.jpg;1080_base_256.jpg;preview.ogg,True,,,,shiawase,
26,nirvluce,"{""en"":""Nirv lucE""}",en,しーけー,260,260,0,shiawase,1.0,1494547205,3,0;1;2,PST;PRS;FTR,True,dl_nirvluce,dl_,3,0,,2,1080_base.jpg;1080_base_256.jpg,1080_base.jpg;1080_base_256.jpg;preview.ogg,True,,,,nirvluce,
27,paradise,"{""en"":""Paradise""}",en,Sound Souler,126,126,0,shiawase,1.0,1494547201,3,0;1;2,PST;PRS;FTR,True,dl_paradise,dl_,3,0,,2,1080_base.jpg;1080_base_256.jpg,1080_base.jpg;1080_base_256.jpg;preview.ogg,True,,,,shiawase,
28,brandnewworld,"{""en"":""Brand new world""}",en,U-ske,160,160,0,base,1.0,1494547200,3,0;1;2,PST;PRS;FTR,True,brandnewworld,exact,6,3,0.aff;1.aff;2.aff,2,1080_base.jpg;1080_base_256.jpg,0.aff;1.aff;1080_base.jpg;1080_base_256.jpg;2.aff;base.ogg,,,,,shiawase,
29,dataerror,"{""en"":""DataErr0r""}",en,Cosmograph,180,180,1,single,1.1,1496188802,3,0;1;2,PST;PRS;FTR,True,dl_dataerror,dl_,3,0,,2,1080_base.jpg;1080_base_256.jpg,1080_base.jpg;1080_base_256.jpg;preview.ogg,True,,,,single_conflict,single_light
30,crosssoul,"{""en"":""CROSS†SOUL""}",en,HyuN feat. Syepias,200,200,1,single,1.1,1496188803,3,0;1;2,PST;PRS;FTR,True,dl_crosssoul,dl_,3,0,,2,1080_base.jpg;1080_base_256.jpg,1080_base.jpg;1080_base_256.jpg;preview.ogg,True,,,,single_conflict,single_light
31,yourvoiceso,"{""en"":""Your voice so... feat. Such""}",en,PSYQUI,176,176,0,single,1.1,1496188804,3,0;1;2,PST;PRS;FTR,True,dl_yourvoiceso,dl_,3,0,,2,1080_base.jpg;1080_base_256.jpg,1080_base.jpg;1080_base_256.jpg;preview.ogg,True,,,,single_light,single_conflict
32,chronostasis,"{""en"":""Chronostasis""}",en,黒皇帝,196,196,1,base,1.1,1496188800,3,0;1;2,PST;PRS;FTR,True,chronostasis,exact,6,3,0.aff;1.aff;2.aff,2,1080_base.jpg;1080_base_256.jpg,0.aff;1.aff;1080_base.jpg;1080_base_256.jpg;2.aff;base.ogg,,,,,base_conflict,base_light
33,kanagawa,"{""en"":""Kanagawa Cyber Culvert"",""ja"":""神奈川電脳暗渠""}",en;ja,南ゆに,180,180,0,base,1.1,1496188801,4,0;1;2;3,PST;PRS;FTR;BYD,True,dl_kanagawa,dl_,5,0,,4,1080_3.jpg;1080_3_256.jpg;1080_base.jpg;1080_base_256.jpg,1080_3.jpg;1080_3_256.jpg;1080_base.jpg;1080_base_256.jpg;preview.ogg,True,,,,base_light,base_conflict
34,moonlightofsandcastle,"{""en"":""Moonlight of Sand Castle""}",en,旅人E,160,160,0,dynamix,1.1,1498176001,3,0;1;2,PST;PRS;FTR,True,dl_moonlightofsandcastle,dl_,3,0,,2,1080_base.jpg;1080_base_256.jpg,1080_base.jpg;1080_base_256.jpg;preview.ogg,True,,,,dynamix_light,dynamix_conflict
35,reconstruction,"{""en"":""REconstruction""}",en,Ryazan,180,180,0,dynamix,1.1,1498176002,3,0;1;2,PST;PRS;FTR,True,dl_reconstruction,dl_,3,0,,2,1080_base.jpg;1080_base_256.jpg,1080_base.jpg;1080_base_256.jpg;preview.ogg,True,,,,dynamix_light,dynamix_conflict
36,evoltex,"{""en"":""Evoltex (poppi'n mix)""}",en,Arch vs n3pu,205,205,0,dynamix,1.1,1498176003,3,0;1;2,PST;PRS;FTR,True,dl_evoltex,dl_,3,0,,2,1080_base.jpg;1080_base_256.jpg,1080_base.jpg;1080_base_256.jpg;preview.ogg,True,,,,dynamix_light,dynamix_conflict
37,oracle,"{""en"":""Oracle""}",en,TQ☆,152,152,1,dynamix,1.1,1498176004,3,0;1;2,PST;PRS;FTR,True,dl_oracle,dl_,3,0,,2,1080_base.jpg;1080_base_256.jpg,1080_base.jpg;1080_base_256.jpg;preview.ogg,True,,,,dynamix_conflict,dynamix_light
38,aterlbus,"{""en"":""αterlβus"",""zh-Hant"":""aterlbus"",""zh-Hans"":""aterlbus""}",en;zh-Hans;zh-Hant,Aoi,202,202,1,dynamix,1.1,1498176005,3,0;1;2,PST;PRS;FTR,True,dl_aterlbus,dl_,3,0,,2,1080_base.jpg;1080_base_256.jpg,1080_base.jpg;1080_base_256.jpg;preview.ogg,True,,,,dynamix_conflict,dynamix_light
39,clotho,"{""en"":""Clotho and the stargazer"",""ja"":""クロートーと星の観測者""}",en;ja,しーけー,230,230,0,base,1.1,1498176000,4,0;1;2;4,PST;PRS;FTR;ETR,True,clotho,exact,7,4,0.aff;1.aff;2.aff;4.aff,2,1080_base.jpg;1080_base_256.jpg,0.aff;1.aff;1080_base.jpg;1080_base_256.jpg;2.aff;4.aff;base.ogg,,,,,shiawase,
40,impurebird,"{""en"":""Impure Bird"",""ja"":""不浄な白い鳥""}",en;ja,MIssionary,184,184,0,single,1.1,1500163201,3,0;1;2,PST;PRS;FTR,True,dl_impurebird,dl_,3,0,,2,1080_base.jpg;1080_base_256.jpg,1080_base.jpg;1080_base_256.jpg;preview.ogg,True,,,,single_light,single_conflict
41,ignotus,"{""en"":""Ignotus""}",en,ak+q,170,170,1,base,1.1,1500163200,4,0;1;2;3,PST;PRS;FTR;BYD,True,dl_ignotus,dl_,7,0,,4,1080_3.jpg;1080_3_256.jpg;1080_base.jpg;1080_base_256.jpg,1080_3.jpg;1080_3_256.jpg;1080_base.jpg;1080_base_256.jpg;3.ogg;3_preview.ogg;preview.ogg,True,,,,base_conflict,base_light
42,lethaeus,"{""en"":""Lethaeus""}",en,Silentroom,155,155,1,mirai,1.1,1502323205,3,0;1;2,PST;PRS;FTR,True,dl_lethaeus,dl_,3,0,,2,1080_base.jpg;1080_base_256.jpg,1080_base.jpg;1080_base_256.jpg;preview.ogg,True,,,,lethaeus,
43,romancewars,"{""en"":""Romance Wars"",""ja"":""vsキミ戦争""}",en;ja,U-ske (feat. lueur),187,187,0,mirai,1.1,1502323202,3,0;1;2,PST;PRS;FTR,True,dl_romancewars,dl_,3,0,,2,1080_base.jpg;1080_base_256.jpg,1080_base.jpg;1080_base_256.jpg;preview.ogg,True,,,,mirai_light,mirai_conflict
44,blossoms,"{""en"":""Blossoms""}",en,T2Kazuya,138,138,0,mirai,1.1,1502323201,3,0;1;2,PST;PRS;FTR,True,dl_blossoms,dl_,3,0,,2,1080_base.jpg;1080_base_256.jpg,1080_base.jpg;1080_base_256.jpg;preview.ogg,True,,,,mirai_light,mirai_conflict
45,moonheart,"{""en"":""Moonheart""}",en,翡乃イスカ,180,180,0,mirai,1.1,1502323203,4,0;1;2;3,PST;PRS;FTR;BYD,True,dl_moonheart,dl_,5,0,,4,1080_3.jpg;1080_3_256.jpg;1080_base.jpg;1080_base_256.jpg,1080_3.jpg;1080_3_256.jpg;1080_base.jpg;1080_base_256.jpg;preview.ogg,True,,,,mirai_light,mirai_conflict
46,genesis,"{""en"":""Genesis""}",en,Iris,132,132,1,mirai,1.1,1502323204,3,0;1;2,PST;PRS;FTR,True,dl_genesis,dl_,3,0,,2,1080_base.jpg;1080_base_256.jpg,1080_base.jpg;1080_base_256.jpg;preview.ogg,True,,,,mirai_conflict,mirai_light
47,harutopia,"{""ja"":""ハルトピア ~Utopia of Spring~"",""en"":""Harutopia ~Utopia of Spring~""}",en;ja,A-zu-ra,185,185,0,base,1.1,1502323200,3,0;1;2,PST;PRS;FTR,True,dl_harutopia,dl_,3,0,,2,1080_base.jpg;1080_base_256.jpg,1080_base.jpg;1080_base_256.jpg;preview.ogg,True,,,,shiawase,
48,auxesia,"{""en"":""Auxesia""}",en,ginkiha,183,183,0,single,1.1,1502323206,3,0;1;2,PST;PRS;FTR,True,dl_auxesia,dl_,3,0,,2,1080_base.jpg;1080_base_256.jpg,1080_base.jpg;1080_base_256.jpg;preview.ogg,True,,,,auxesia,
49,rabbitintheblackroom,"{""en"":""Rabbit In The Black Room""}",en,Rabbit House,270,270,1,base,1.1,1505520000,3,0;1;2,PST;PRS;FTR,True,dl_rabbitintheblackroom,dl_,3,0,,2,1080_base.jpg;1080_base_256.jpg,1080_base.jpg;1080_base_256.jpg;preview.ogg,True,,,,base_conflict,base_light
50,modelista,"{""en"":""Modelista""}",en,HiTECH NINJA,165,165,0,single,1.1,1505520001,3,0;1;2,PST;PRS;FTR,True,dl_modelista,dl_,3,0,,2,1080_base.jpg;1080_base_256.jpg,1080_base.jpg;1080_base_256.jpg;preview.ogg,True,,,,modelista,
51,soundwitch,"{""en"":""SOUNDWiTCH""}",en,HATE,170,170,1,yugamu,1.5,1509667204,3,0;1;2,PST;PRS;FTR,True,dl_soundwitch,dl_,3,0,,2,1080_base.jpg;1080_base_256.jpg,1080_base.jpg;1080_base_256.jpg;preview.ogg,True,,,,yugamu,rei
52,trappola,"{""en"":""trappola bewitching"",""ja"":""妖艶魔女 -trappola bewitching-""}",en;ja,gmtn.,190,190,1,yugamu,1.5,1509667205,4,0;1;2;3,PST;PRS;FTR;BYD,True,dl_trappola,dl_,5,0,,4,1080_3.jpg;1080_3_256.jpg;1080_base.jpg;1080_base_256.jpg,1080_3.jpg;1080_3_256.jpg;1080_base.jpg;1080_base_256.jpg;preview.ogg,True,,,,yugamu,rei
53,iconoclast,"{""en"":""Iconoclast""}",en,Yamajet,140,140,1,yugamu,1.5,1509667203,3,0;1;2,PST;PRS;FTR,True,dl_iconoclast,dl_,3,0,,2,1080_base.jpg;1080_base_256.jpg,1080_base.jpg;1080_base_256.jpg;preview.ogg,True,,,,yugamu,rei
54,conflict,"{""en"":""conflict""}",en,siromaru + cranky,160,160,1,yugamu,1.5,1509667206,3,0;1;2,PST;PRS;FTR,True,dl_conflict,dl_,3,0,,2,1080_base.jpg;1080_base_256.jpg,1080_base.jpg;1080_base_256.jpg;preview.ogg,True,,,,yugamu,rei
55,axiumcrisis,"{""en"":""Axium Crisis""}",en,ak+q,170,170,1,yugamu,1.5,1509667207,4,0;1;2;3,PST;PRS;FTR;BYD,True,dl_axiumcrisis,dl_,7,0,,4,1080_3.jpg;1080_3_256.jpg;1080_base.jpg;1080_base_256.jpg,1080_3.jpg;1080_3_256.jpg;1080_base.jpg;1080_base_256.jpg;3.ogg;3_preview.ogg;preview.ogg,True,,,,axiumcrisis,
56,grievouslady,"{""en"":""Grievous Lady""}",en,Team Grimoire vs Laur,210,210,1,yugamu,1.5,1509667208,3,0;1;2,PST;PRS;FTR,True,dl_grievouslady,dl_,3,0,,2,1080_base.jpg;1080_base_256.jpg,1080_base.jpg;1080_base_256.jpg;preview.ogg,True,,,,grievouslady,
57,dreaminattraction,"{""en"":""Dreamin' Attraction!!""}",en,翡乃イスカ,205,205,0,base,1.5,1509667201,3,0;1;2,PST;PRS;FTR,True,dl_dreaminattraction,dl_,3,0,,2,base.jpg;base_256.jpg,base.jpg;base_256.jpg;preview.ogg,True,,,,base_light,base_conflict
58,redandblue,"{""en"":""Red and Blue""}",en,Silentroom,150,150,1,base,1.5,1509667202,4,0;1;2;3,PST;PRS;FTR;BYD,True,dl_redandblue,dl_,7,0,,4,1080_3.jpg;1080_3_256.jpg;1080_base.jpg;1080_base_256.jpg,1080_3.jpg;1080_3_256.jpg;1080_base.jpg;1080_base_256.jpg;3.ogg;3_preview.ogg;preview.ogg,True,,,,base_conflict,base_light
59,onelastdrive,"{""en"":""One Last Drive""}",en,REDSHiFT,154 - 175,175,0,base,1.5,1509667200,3,0;1;2,PST;PRS;FTR,True,onelastdrive,exact,6,3,0.aff;1.aff;2.aff,2,1080_base.jpg;1080_base_256.jpg,0.aff;1.aff;1080_base.jpg;1080_base_256.jpg;2.aff;base.ogg,,,,,base_light,base_conflict
60,surrender,"{""en"":""Surrender""}",en,void,152,152,0,single,1.5,1511481600,3,0;1;2,PST;PRS;FTR,True,dl_surrender,dl_,3,0,,2,1080_base.jpg;1080_base_256.jpg,1080_base.jpg;1080_base_256.jpg;preview.ogg,True,,,,base_light,base_conflict
61,yozakurafubuki,"{""en"":""Yosakura Fubuki"",""ja"":""夜桜吹雪""}",en;ja,A.SAKA,172,172,0,single,1.5,1511481601,3,0;1;2,PST;PRS;FTR,True,dl_yozakurafubuki,dl_,3,0,,2,1080_base.jpg;1080_base_256.jpg,1080_base.jpg;1080_base_256.jpg;preview.ogg,True,,,,base_light,base_conflict
62,cyanine,"{""en"":""cyanine""}",en,jioyi,182,182,1,lanota,1.5,1517443204,3,0;1;2,PST;PRS;FTR,True,dl_cyanine,dl_,3,0,,2,1080_base.jpg;1080_base_256.jpg,1080_base.jpg;1080_base_256.jpg;preview.ogg,True,,,,lanota-conflict,lanota-light
63,dreamgoeson,"{""en"":""Dream goes on""}",en,Tiny Minim,174,174,0,lanota,1.5,1517443200,3,0;1;2,PST;PRS;FTR,True,dl_dreamgoeson,dl_,3,0,,2,1080_base.jpg;1080_base_256.jpg,1080_base.jpg;1080_base_256.jpg;preview.ogg,True,,,,lanota-light,lanota-conflict
64,journey,"{""en"":""Journey""}",en,ARForest,200,200,0,lanota,1.5,1517443202,3,0;1;2,PST;PRS;FTR,True,dl_journey,dl_,3,0,,2,1080_base.jpg;1080_base_256.jpg,1080_base.jpg;1080_base_256.jpg;preview.ogg,True,,,,lanota-light,lanota-conflict
65,specta,"{""en"":""Specta""}",en,Junk,179,179,0,lanota,1.5,1517443202,3,0;1;2,PST;PRS;FTR,True,dl_specta,dl_,3,0,,2,1080_base.jpg;1080_base_256.jpg,1080_base.jpg;1080_base_256.jpg;preview.ogg,True,,,,lanota-light,lanota-conflict
66,quon,"{""en"":""Quon""}",en,Feryquitous,189,189,0,lanota,1.5,1517443203,3,0;1;2,PST;PRS;FTR,True,dl_quon,dl_,3,0,,2,1080_base.jpg;1080_base_256.jpg,1080_base.jpg;1080_base_256.jpg;preview.ogg,True,,,,quon,
67,syro,"{""en"":""Syro""}",en,Mitomoro,178,178,0,base,1.5,1513814401,3,0;1;2,PST;PRS;FTR,True,dl_syro,dl_,3,0,,2,1080_base.jpg;1080_base_256.jpg,1080_base.jpg;1080_base_256.jpg;preview.ogg,True,,,,mirai_light,mirai_conflict
68,reinvent,"{""en"":""Reinvent""}",en,Sound Souler,174,174,0,base,1.5,1513814400,3,0;1;2,PST;PRS;FTR,True,reinvent,exact,6,3,0.aff;1.aff;2.aff,2,1080_base.jpg;1080_base_256.jpg,0.aff;1.aff;1080_base.jpg;1080_base_256.jpg;2.aff;base.ogg,,,,,base_light,base_conflict
69,silentrush,"{""en"":""Silent Rush""}",en,Soleily,158,158,1,nijuusei,1.6,1521763201,3,0;1;2,PST;PRS;FTR,True,dl_silentrush,dl_,3,0,,2,1080_base.jpg;1080_base_256.jpg,1080_base.jpg;1080_base_256.jpg;preview.ogg,True,,,,nijuusei-conflict-b,nijuusei-light-b
70,singularity,"{""en"":""Singularity""}",en,ETIA.,175,175,1,nijuusei,1.6,1521763204,4,0;1;2;3,PST;PRS;FTR;BYD,True,dl_singularity,dl_,7,0,,4,1080_3.jpg;1080_3_256.jpg;1080_base.jpg;1080_base_256.jpg,1080_3.jpg;1080_3_256.jpg;1080_base.jpg;1080_base_256.jpg;3.ogg;3_preview.ogg;preview.ogg,True,,,,nijuusei-conflict-b,nijuusei-light-b
71,memoryforest,"{""en"":""Memory Forest""}",en,ETIA.,178,178,0,nijuusei,1.6,1521763203,3,0;1;2,PST;PRS;FTR,True,dl_memoryforest,dl_,3,0,,2,1080_base.jpg;1080_base_256.jpg,1080_base.jpg;1080_base_256.jpg;preview.ogg,True,,,,nijuusei-light-b,nijuusei-conflict-b
72,strongholds,"{""en"":""Strongholds""}",en,Yooh,105,210,1,nijuusei,1.6,1521763202,3,0;1;2,PST;PRS;FTR,True,dl_strongholds,dl_,3,0,,2,1080_base.jpg;1080_base_256.jpg,1080_base.jpg;1080_base_256.jpg;preview.ogg,True,,,,nijuusei-conflict-b,nijuusei-light-b
73,nexttoyou,"{""en"":""next to you""}",en,uma feat. 橘花音,165,165,0,nijuusei,1.6,1521763200,4,0;1;2;3,PST;PRS;FTR;BYD,True,dl_nexttoyou,dl_,5,0,,4,1080_3.jpg;1080_3_256.jpg;1080_base.jpg;1080_base_256.jpg,1080_3.jpg;1080_3_256.jpg;1080_base.jpg;1080_base_256.jpg;preview.ogg,True,,,,nijuusei-light-b,nijuusei-conflict-b
74,metallicpunisher,"{""en"":""Metallic Punisher""}",en,INNOCENT NOIZE,165,165,1,single,1.5,1518480000,3,0;1;2,PST;PRS;FTR,True,dl_metallicpunisher,dl_,3,0,,2,1080_base.jpg;1080_base_256.jpg,1080_base.jpg;1080_base_256.jpg;preview.ogg,True,,,,yugamu,rei
75,blaster,"{""en"":""Blaster""}",en,Massive New Krew,180,180,1,base,1.5,1520553600,3,0;1;2,PST;PRS;FTR,True,dl_blaster,dl_,3,0,,2,1080_base.jpg;1080_base_256.jpg,1080_base.jpg;1080_base_256.jpg;preview.ogg,True,,,,yugamu,rei
76,guardina,"{""en"":""γuarδina"",""kr"":""guardina"",""zh-Hant"":""guardina"",""zh-Hans"":""guardina""}",en;kr;zh-Hans;zh-Hant,Aoi,202,202,0,single,1.6,1525305600,3,0;1;2,PST;PRS;FTR,True,dl_guardina,dl_,3,0,,2,1080_base.jpg;1080_base_256.jpg,1080_base.jpg;1080_base_256.jpg;preview.ogg,True,,,,nijuusei-light-b,nijuusei-conflict-b
77,carminescythe,"{""en"":""carmine:scythe""}",en,かゆき,165,165,1,single,1.6,1523516400,3,0;1;2,PST;PRS;FTR,True,dl_carminescythe,dl_,3,0,,2,1080_base.jpg;1080_base_256.jpg,1080_base.jpg;1080_base_256.jpg;preview.ogg,True,,,,yugamu,rei
78,bethere,"{""en"":""Be There""}",en,PSYQUI,164,164,0,single,1.6,1527811201,4,0;1;2;3,PST;PRS;FTR;BYD,True,dl_bethere,dl_,5,0,,4,1080_3.jpg;1080_3_256.jpg;1080_base.jpg;1080_base_256.jpg,1080_3.jpg;1080_3_256.jpg;1080_base.jpg;1080_base_256.jpg;preview.ogg,True,,,,base_light,base_conflict
79,cyberneciacatharsis,"{""en"":""Cybernecia Catharsis""}",en,Tanchiky,184,184,1,base,1.6,1527811200,4,0;1;2;3,PST;PRS;FTR;BYD,True,dl_cyberneciacatharsis,dl_,5,0,,4,1080_3.jpg;1080_3_256.jpg;1080_base.jpg;1080_base_256.jpg,1080_3.jpg;1080_3_256.jpg;1080_base.jpg;1080_base_256.jpg;preview.ogg,True,,,,yugamu,rei
80,callmyname,"{""en"":""Call My Name feat. Yukacco""}",en,Mameyudoufu,175,175,0,single,1.6,1529539201,3,0;1;2,PST;PRS;FTR,True,dl_callmyname,dl_,3,0,,2,1080_base.jpg;1080_base_256.jpg,1080_base.jpg;1080_base_256.jpg;preview.ogg,True,,,,shiawase,
81,inkarusi,"{""en"":""inkar-usi""}",en,DIA,102,102,0,base,1.6,1529539200,4,0;1;2;3,PST;PRS;FTR;BYD,True,inkarusi,exact,8,3,0.aff;1.aff;2.aff,4,1080_3.jpg;1080_3_256.jpg;1080_base.jpg;1080_base_256.jpg,0.aff;1.aff;1080_3.jpg;1080_3_256.jpg;1080_base.jpg;1080_base_256.jpg;2.aff;base.ogg,,,,,base_light,base_conflict
82,mazenine,"{""en"":""Maze No.9"",""ja"":""九番目の迷路""}",en;ja,アリスシャッハと魔法の楽団,159,159,0,rei,1.7,1531699203,3,0;1;2,PST;PRS;FTR,True,dl_mazenine,dl_,3,0,,2,1080_base.jpg;1080_base_256.jpg,1080_base.jpg;1080_base_256.jpg;preview.ogg,True,,,,rei,yugamu
83,themessage,"{""en"":""The Message""}",en,Jun Kuroda,202,202,0,rei,1.7,1531699204,3,0;1;2,PST;PRS;FTR,True,dl_themessage,dl_,3,0,,2,1080_base.jpg;1080_base_256.jpg,1080_base.jpg;1080_base_256.jpg;preview.ogg,True,,,,rei,yugamu
84,sulfur,"{""en"":""Sulfur""}",en,ぺのれり,182,182,0,rei,1.7,1531699205,3,0;1;2,PST;PRS;FTR,True,dl_sulfur,dl_,3,0,,2,1080_base.jpg;1080_base_256.jpg,1080_base.jpg;1080_base_256.jpg;preview.ogg,True,,,,rei,yugamu
85,halcyon,"{""en"":""Halcyon""}",en,xi,191,191,0,rei,1.7,1531699206,3,0;1;2,PST;PRS;FTR,True,dl_halcyon,dl_,3,0,,2,1080_base.jpg;1080_base_256.jpg,1080_base.jpg;1080_base_256.jpg;preview.ogg,True,,,,rei,yugamu
86,etherstrike,"{""en"":""Ether Strike""}",en,Akira Complex,156,156,0,rei,1.7,1531699207,3,0;1;2,PST;PRS;FTR,True,dl_etherstrike,dl_,3,0,,2,1080_base.jpg;1080_base_256.jpg,1080_base.jpg;1080_base_256.jpg;preview.ogg,True,,,,etherstrike,
87,fractureray,"{""en"":""Fracture Ray""}",en,Sakuzyo,200,200,0,rei,1.7,1531699208,3,0;1;2,PST;PRS;FTR,True,dl_fractureray,dl_,3,0,,2,1080_base.jpg;1080_base_256.jpg,1080_base.jpg;1080_base_256.jpg;preview.ogg,True,,,,fractureray,
88,suomi,"{""en"":""Suomi""}",en,Aire,125,125,0,base,1.7,1531699200,4,0;1;2;4,PST;PRS;FTR;ETR,True,dl_suomi,dl_,3,0,,2,1080_base.jpg;1080_base_256.jpg,1080_base.jpg;1080_base_256.jpg;preview.ogg,True,,,,nijuusei-light-b,nijuusei-conflict-b
89,bookmaker,"{""en"":""Bookmaker (2D Version)""}",en,Kobaryo,175,175,1,base,1.7,1531699201,4,0;1;2;3,PST;PRS;FTR;BYD,True,dl_bookmaker,dl_,5,0,,4,1080_3.jpg;1080_3_256.jpg;1080_base.jpg;1080_base_256.jpg,1080_3.jpg;1080_3_256.jpg;1080_base.jpg;1080_base_256.jpg;preview.ogg,True,,,,yugamu,rei
90,darakunosono,"{""ja"":""堕楽の園"",""en"":""Illegal Paradise""}",en;ja,gmtn. (witch's slave),168,168,1,base,1.7,1531699202,3,0;1;2,PST;PRS;FTR,True,dl_darakunosono,dl_,3,0,,2,1080_base.jpg;1080_base_256.jpg,1080_base.jpg;1080_base_256.jpg;preview.ogg,True,,,,base_conflict,base_light
91,dropdead,"{""en"":""dropdead""}",en,Frums,50,200,1,single,1.7,1533859201,4,0;1;2;3,PST;PRS;FTR;BYD,True,dl_dropdead,dl_,7,0,,4,1080_3.jpg;1080_3_256.jpg;1080_base.jpg;1080_base_256.jpg,1080_3.jpg;1080_3_256.jpg;1080_base.jpg;1080_base_256.jpg;3.ogg;3_preview.ogg;preview.ogg,True,,,,base_conflict,base_light
92,fallensquare,"{""en"":""Fallensquare""}",en,Silentroom,99,180,1,single,1.7,1533859202,3,0;1;2,PST;PRS;FTR,True,dl_fallensquare,dl_,3,0,,2,1080_base.jpg;1080_base_256.jpg,1080_base.jpg;1080_base_256.jpg;preview.ogg,True,,,,mirai_conflict,mirai_light
93,nhelv,"{""en"":""Nhelv""}",en,Silentroom,174.59,174.59,1,base,1.7,1533859200,4,0;1;2;3,PST;PRS;FTR;BYD,True,dl_nhelv,dl_,5,0,,4,1080_3.jpg;1080_3_256.jpg;1080_base.jpg;1080_base_256.jpg,1080_3.jpg;1080_3_256.jpg;1080_base.jpg;1080_base_256.jpg;preview.ogg,True,,,,lethaeus,
94,espebranch,"{""ja"":""白道、多希望羊と信じありく。"",""en"":""LunarOrbit -believe in the Espebranch road-""}",en;ja,Apo11o program ft. 大瀬良あい,192,192,1,base,1.7,1535673600,3,0;1;2,PST;PRS;FTR,True,dl_espebranch,dl_,3,0,,2,1080_base.jpg;1080_base_256.jpg,1080_base.jpg;1080_base_256.jpg;preview.ogg,True,,,,mirai_conflict,mirai_light
95,purgatorium,"{""en"":""Purgatorium""}",en,お月さま交響曲,150,150,1,base,1.7,1537142400,4,0;1;2;3,PST;PRS;FTR;BYD,True,purgatorium,exact,8,3,0.aff;1.aff;2.aff,4,1080_3.jpg;1080_3_256.jpg;1080_base.jpg;1080_base_256.jpg,0.aff;1.aff;1080_3.jpg;1080_3_256.jpg;1080_base.jpg;1080_base_256.jpg;2.aff;base.ogg,,,,,base_conflict,base_light
96,hikari,"{""ja"":""光"",""en"":""Hikari""}",en;ja,THB,130,130,1,tonesphere,1.8,1538870400,3,0;1;2,PST;PRS;FTR,True,dl_hikari,dl_,3,0,,2,1080_base.jpg;1080_base_256.jpg,1080_base.jpg;1080_base_256.jpg;preview.ogg,True,,,,tonesphere-darksphere,tonesphere-solarsphere
97,stager,"{""en"":""STAGER (ALL STAGE CLEAR)""}",en,Ras,145,145,0,tonesphere,1.8,1538870402,3,0;1;2,PST;PRS;FTR,True,dl_stager,dl_,7,0,,6,0.jpg;0_256.jpg;1.jpg;1_256.jpg;base.jpg;base_256.jpg,0.jpg;0_256.jpg;1.jpg;1_256.jpg;base.jpg;base_256.jpg;preview.ogg,True,,,,tonesphere-solarsphere,tonesphere-darksphere
98,hallofmirrors,"{""en"":""Hall of Mirrors""}",en,Sta,147,147.01,1,tonesphere,1.8,1538870401,3,0;1;2,PST;PRS;FTR,True,dl_hallofmirrors,dl_,3,0,,2,1080_base.jpg;1080_base_256.jpg,1080_base.jpg;1080_base_256.jpg;preview.ogg,True,,,,tonesphere-darksphere,tonesphere-solarsphere
99,linearaccelerator,"{""en"":""Linear Accelerator""}",en,THE SHAFT,200 - 211.9,200,0,tonesphere,1.8,1538870403,3,0;1;2,PST;PRS;FTR,True,dl_linearaccelerator,dl_,3,0,,2,1080_base.jpg;1080_base_256.jpg,1080_base.jpg;1080_base_256.jpg;preview.ogg,True,,,,tonesphere-solarsphere,tonesphere-darksphere
100,tiferet,"{""en"":""Tiferet""}",en,xi + Sta,140?,140,1,tonesphere,1.8,1538870404,3,0;1;2,PST;PRS;FTR,True,dl_tiferet,dl_,3,0,,2,1080_base.jpg;1080_base_256.jpg,1080_base.jpg;1080_base_256.jpg;preview.ogg,True,,,,tiferet,
101,alexandrite,"{""en"":""Alexandrite""}",en,WAiKURO,146,146,1,single,1.7,1537142401,3,0;1;2,PST;PRS;FTR,True,dl_alexandrite,dl_,3,0,,2,1080_base.jpg;1080_base_256.jpg,1080_base.jpg;1080_base_256.jpg;preview.ogg,True,,,,alexandrite,
102,rugie,"{""en"":""Rugie""}",en,Feryquitous feat.Sennzai,191,191,1,base,1.8,1541635200,3,0;1;2,PST;PRS;FTR,True,dl_rugie,dl_,3,0,,2,1080_base.jpg;1080_base_256.jpg,1080_base.jpg;1080_base_256.jpg;preview.ogg,True,,,,base_conflict,base_light
103,astraltale,"{""en"":""Astral tale""}",en,Noah,134,134,1,single,1.8,1541635201,3,0;1;2,PST;PRS;FTR,True,dl_astraltale,dl_,3,0,,2,1080_base.jpg;1080_base_256.jpg,1080_base.jpg;1080_base_256.jpg;preview.ogg,True,,,,nijuusei-conflict-b,nijuusei-light-b
104,phantasia,"{""en"":""Phantasia""}",en,Yunosuke,153,153,0,single,1.8,1543449600,3,0;1;2,PST;PRS;FTR,True,dl_phantasia,dl_,3,0,,2,1080_base.jpg;1080_base_256.jpg,1080_base.jpg;1080_base_256.jpg;preview.ogg,True,,,,rei,yugamu
105,empireofwinter,"{""en"":""Empire of Winter""}",en,Street,175,175,0,single,1.8,1545523200,3,0;1;2,PST;PRS;FTR,True,dl_empireofwinter,dl_,3,0,,2,1080_base.jpg;1080_base_256.jpg,1080_base.jpg;1080_base_256.jpg;preview.ogg,True,,,,nijuusei-light-b,nijuusei-conflict-b
106,merlin,"{""en"":""MERLIN""}",en,REDALiCE,180,180,0,groovecoaster,1.9,1546992000,4,0;1;2;3,PST;PRS;FTR;BYD,True,dl_merlin,dl_,3,0,,2,1080_base.jpg;1080_base_256.jpg,1080_base.jpg;1080_base_256.jpg;preview.ogg,True,,,,gc_light,gc_conflict
107,dxfullmetal,"{""ja"":""DX超性能フルメタル少女"",""en"":""DX Choseinou Full Metal Shojo""}",en;ja,IOSYS TRAX (uno with.ちよこ),160,160,0,groovecoaster,1.9,1546992001,3,0;1;2,PST;PRS;FTR,True,dl_dxfullmetal,dl_,3,0,,2,1080_base.jpg;1080_base_256.jpg,1080_base.jpg;1080_base_256.jpg;preview.ogg,True,,,,gc_light,gc_conflict
108,omakeno,"{""en"":""OMAKENO Stroke""}",en,t+pazolite,240,240,1,groovecoaster,1.9,1546992002,4,0;1;2;3,PST;PRS;FTR;BYD,True,dl_omakeno,dl_,3,0,,2,1080_base.jpg;1080_base_256.jpg,1080_base.jpg;1080_base_256.jpg;preview.ogg,True,,,,gc_conflict,gc_light
109,scarletlance,"{""en"":""Scarlet Lance""}",en,MASAKI (ZUNTATA),185,185,0,groovecoaster,1.9,1546992003,3,0;1;2,PST;PRS;FTR,True,dl_scarletlance,dl_,3,0,,2,1080_base.jpg;1080_base_256.jpg,1080_base.jpg;1080_base_256.jpg;preview.ogg,True,,,,gc_lance,
110,ouroboros,"{""en"":""ouroboros -twin stroke of the end-""}",en,Cranky VS MASAKI,188,188,1,groovecoaster,1.9,1546992004,3,0;1;2,PST;PRS;FTR,True,dl_ouroboros,dl_,3,0,,2,1080_base.jpg;1080_base_256.jpg,1080_base.jpg;1080_base_256.jpg;preview.ogg,True,,,,gc_ouroboros,
111,libertas,"{""en"":""Libertas""}",en,Zekk,160,160,0,single,1.9,1549843200,4,0;1;2;3,PST;PRS;FTR;BYD,True,dl_libertas,dl_,5,0,,4,1080_3.jpg;1080_3_256.jpg;1080_base.jpg;1080_base_256.jpg,1080_3.jpg;1080_3_256.jpg;1080_base.jpg;1080_base_256.jpg;preview.ogg,True,,,,single_light,single_conflict
112,solitarydream,"{""en"":""Solitary Dream"",""ja"":""虚空の夢""}",en;ja,ak+q feat. Sennzai,162,162,0,core,1.9,1552089600,3,0;1;2,PST;PRS;FTR,True,dl_solitarydream,dl_,5,0,,2,1080_base.jpg;1080_base_256.jpg,1080_base.jpg;1080_base_256.jpg;1080_base_ja.jpg;1080_base_ja_256.jpg;preview.ogg,True,,,"{""ja"":true}",solitarydream,
113,antithese,"{""en"":""Antithese""}",en,Blacklolita,172,172,1,zettai,2.0,1553126402,4,0;1;2;3,PST;PRS;FTR;BYD,True,dl_antithese,dl_,5,0,,4,1080_3.jpg;1080_3_256.jpg;1080_base.jpg;1080_base_256.jpg,1080_3.jpg;1080_3_256.jpg;1080_base.jpg;1080_base_256.jpg;preview.ogg,True,,,,zettai,zettai_light
114,corruption,"{""en"":""Corruption""}",en,3R2,170,170,1,zettai,2.0,1553126404,3,0;1;2,PST;PRS;FTR,True,dl_corruption,dl_,3,0,,2,1080_base.jpg;1080_base_256.jpg,1080_base.jpg;1080_base_256.jpg;preview.ogg,True,,,,zettai,zettai_light
115,blackterritory,"{""en"":""Black Territory""}",en,DJ Myosuke,200,200,1,zettai,2.0,1553126403,3,0;1;2,PST;PRS;FTR,True,dl_blackterritory,dl_,3,0,,2,1080_base.jpg;1080_base_256.jpg,1080_base.jpg;1080_base_256.jpg;preview.ogg,True,,,,zettai,zettai_light
116,viciousheroism,"{""en"":""Vicious Heroism""}",en,Kobaryo,256,256,1,zettai,2.0,1553126405,4,0;1;2;3,PST;PRS;FTR;BYD,True,dl_viciousheroism,dl_,7,0,,4,1080_3.jpg;1080_3_256.jpg;1080_base.jpg;1080_base_256.jpg,1080_3.jpg;1080_3_256.jpg;1080_base.jpg;1080_base_256.jpg;3.ogg;3_preview.ogg;preview.ogg,True,,,,zettai,zettai_light
117,cyaegha,"{""en"":""Cyaegha""}",en,USAO,200,200,1,zettai,2.0,1553126406,3,0;1;2,PST;PRS;FTR,True,dl_cyaegha,dl_,3,0,,2,1080_base.jpg;1080_base_256.jpg,1080_base.jpg;1080_base_256.jpg;preview.ogg,True,,,,cyaegha,
118,revixy,"{""en"":""ReviXy""}",en,ikaruga_nex,115-185,185,1,base,2.0,1553126401,3,0;1;2,PST;PRS;FTR,True,dl_revixy,dl_,3,0,,2,1080_base.jpg;1080_base_256.jpg,1080_base.jpg;1080_base_256.jpg;preview.ogg,True,,,,base_conflict,base_light
119,grimheart,"{""en"":""Grimheart""}",en,Puru,170,170,0,base,2.0,1553126400,3,0;1;2,PST;PRS;FTR,True,grimheart,exact,7,3,0.aff;1.aff;2.aff,2,1080_base.jpg;1080_base_256.jpg,0.aff;1.aff;1080_base.jpg;1080_base_256.jpg;2.aff;base.ogg;preview.ogg,False,,,,rei,yugamu
120,vector,"{""en"":""VECTOЯ""}",en,WHITEFISTS,200,200,1,base,2.0,1556755200,3,0;1;2,PST;PRS;FTR,True,dl_vector,dl_,3,0,,2,1080_base.jpg;1080_base_256.jpg,1080_base.jpg;1080_base_256.jpg;preview.ogg,True,,,,mirai_conflict,mirai_light
121,supernova,"{""en"":""SUPERNOVA""}",en,BACO,150,150,1,base,2.0,1556755201,3,0;1;2,PST;PRS;FTR,True,dl_supernova,dl_,3,0,,2,1080_base.jpg;1080_base_256.jpg,1080_base.jpg;1080_base_256.jpg;preview.ogg,True,,,,nijuusei-conflict-b,nijuusei-light-b
122,dottodot,"{""en"":""Dot to Dot feat. shully""}",en,Mameyudoufu,174,174,0,single,2.0,1556755202,3,0;1;2,PST;PRS;FTR,True,dl_dottodot,dl_,3,0,,2,1080_base.jpg;1080_base_256.jpg,1080_base.jpg;1080_base_256.jpg;preview.ogg,True,,,,mirai_light,mirai_conflict
123,garakuta,"{""en"":""Garakuta Doll Play""}",en,t+pazolite,256,256,1,chunithm,2.1,1558573200,3,0;1;2,PST;PRS;FTR,True,dl_garakuta,dl_,3,0,,2,1080_base.jpg;1080_base_256.jpg,1080_base.jpg;1080_base_256.jpg;preview.ogg,True,,,,chuni-garakuta,
124,ikazuchi,"{""en"":""Ikazuchi"",""ja"":""怒槌""}",en;ja,光吉猛修,200,200,1,chunithm,2.1,1558573201,3,0;1;2,PST;PRS;FTR,True,dl_ikazuchi,dl_,3,0,,2,1080_base.jpg;1080_base_256.jpg,1080_base.jpg;1080_base_256.jpg;preview.ogg,True,,,,chuni-ikazuchi,
125,worldvanquisher,"{""en"":""World Vanquisher""}",en,void (Mournfinale),170,170,0,chunithm,2.1,1558573202,3,0;1;2,PST;PRS;FTR,True,dl_worldvanquisher,dl_,3,0,,2,1080_base.jpg;1080_base_256.jpg,1080_base.jpg;1080_base_256.jpg;preview.ogg,True,,,,chuni-worldvanquisher,
126,dreadnought,"{""en"":""Dreadnought""}",en,Mastermind (xi + nora2r),96-384,192,1,single,2.2,1563408000,3,0;1;2,PST;PRS;FTR,True,dl_dreadnought,dl_,3,0,,2,1080_base.jpg;1080_base_256.jpg,1080_base.jpg;1080_base_256.jpg;preview.ogg,True,,,,nijuusei-conflict-b,nijuusei-light-b
127,particlearts,{},,,,,,,,,0,,,False,,missing,0,0,,0,,,,True,,,,
128,vindication,"{""en"":""Vindication""}",en,Laur,174,174,0,prelude,2.2,1563408002,3,0;1;2,PST;PRS;FTR,True,dl_vindication,dl_,3,0,,2,1080_base.jpg;1080_base_256.jpg,1080_base.jpg;1080_base_256.jpg;preview.ogg,True,,,,prelude_light,prelude_conflict
129,heavensdoor,"{""en"":""Heavensdoor""}",en,LeaF,240,240,1,prelude,2.2,1563408003,4,0;1;2;3,PST;PRS;FTR;BYD,True,dl_heavensdoor,dl_,5,0,,4,1080_3.jpg;1080_3_256.jpg;1080_base.jpg;1080_base_256.jpg,1080_3.jpg;1080_3_256.jpg;1080_base.jpg;1080_base_256.jpg;preview.ogg,True,,,,prelude_conflict,prelude_light
130,ringedgenesis,"{""en"":""Ringed Genesis""}",en,Edelritter,160,160,0,prelude,2.2,1563408004,3,0;1;2,PST;PRS;FTR,True,dl_ringedgenesis,dl_,3,0,,2,1080_base.jpg;1080_base_256.jpg,1080_base.jpg;1080_base_256.jpg;preview.ogg,True,,,,ringedgenesis,
131,chelsea,"{""en"":""Chelsea""}",en,7mai,174,174,0,omatsuri,2.3,1566432000,3,0;1;2,PST;PRS;FTR,True,dl_chelsea,dl_,3,0,,2,1080_base.jpg;1080_base_256.jpg,1080_base.jpg;1080_base_256.jpg;preview.ogg,True,,,,omatsuri_light,omatsuri_conflict
132,aiueoon,"{""en"":""AI[UE]OON""}",en,MYUKKE.,145,145,0,omatsuri,2.3,1566432001,3,0;1;2,PST;PRS;FTR,True,dl_aiueoon,dl_,3,0,,2,1080_base.jpg;1080_base_256.jpg,1080_base.jpg;1080_base_256.jpg;preview.ogg,True,,,,omatsuri_light,omatsuri_conflict
133,melodyoflove,"{""en"":""A Wandering Melody of Love"",""ja"":""迷える音色は恋の唄""}",en;ja,からとPαnchii少年 feat.はるの,165,165,0,omatsuri,2.3,1566432002,3,0;1;2,PST;PRS;FTR,True,dl_melodyoflove,dl_,5,0,,2,1080_base.jpg;1080_base_256.jpg,1080_base.jpg;1080_base_256.jpg;1080_base_night.jpg;1080_base_night_256.jpg;preview.ogg,True,,,,omatsuri_light,omatsuri_conflict
134,tiemedowngently,"{""en"":""Tie me down gently""}",en,溝口ゆうま feat. 大瀬良あい,191,191,1,omatsuri,2.3,1566432003,3,0;1;2,PST;PRS;FTR,True,dl_tiemedowngently,dl_,3,0,,2,1080_base.jpg;1080_base_256.jpg,1080_base.jpg;1080_base_256.jpg;preview.ogg,True,,,,omatsuri_conflict,omatsuri_light
135,valhallazero,"{""en"":""Valhalla:0""}",en,Juggernaut.,200,200,1,omatsuri,2.3,1566432004,3,0;1;2,PST;PRS;FTR,True,dl_valhallazero,dl_,3,0,,2,1080_base.jpg;1080_base_256.jpg,1080_base.jpg;1080_base_256.jpg;preview.ogg,True,,,,omatsuri_conflict,omatsuri_light
136,mirzam,"{""en"":""Mirzam""}",en,Aoi vs. siqlo,201,201,1,single,2.3,1568246400,3,0;1;2,PST;PRS;FTR,True,dl_mirzam,dl_,3,0,,2,1080_base.jpg;1080_base_256.jpg,1080_base.jpg;1080_base_256.jpg;preview.ogg,True,,,,zettai,zettai_light
137,diode,"{""en"":""Diode""}",en,Kolaa,132,132,0,base,2.4,1570492800,3,0;1;2,PST;PRS;FTR,True,dl_diode,dl_,3,0,,2,1080_base.jpg;1080_base_256.jpg,1080_base.jpg;1080_base_256.jpg;preview.ogg,True,,,,shiawase,
138,freefall,"{""en"":""FREEF4LL""}",en,YUKIYANAGI,170,170,1,base,2.4,1570492801,4,0;1;2;3,PST;PRS;FTR;BYD,True,dl_freefall,dl_,5,0,,4,1080_3.jpg;1080_3_256.jpg;1080_base.jpg;1080_base_256.jpg,1080_3.jpg;1080_3_256.jpg;1080_base.jpg;1080_base_256.jpg;preview.ogg,True,,,,omatsuri_conflict,omatsuri_light
139,gloryroad,"{""en"":""GLORY：ROAD""}",en,uma vs. モリモリあつし,250,250,0,shiawase,2.4,1570492802,3,0;1;2,PST;PRS;FTR,True,dl_gloryroad,dl_,3,0,,2,1080_base.jpg;1080_base_256.jpg,1080_base.jpg;1080_base_256.jpg;preview.ogg,True,,,,shiawase2,
140,monochromeprincess,"{""en"":""Monochrome Princess""}",en,polysha,160,160,1,base,2.4,1572048000,3,0;1;2,PST;PRS;FTR,True,dl_monochromeprincess,dl_,3,0,,2,1080_base.jpg;1080_base_256.jpg,1080_base.jpg;1080_base_256.jpg;preview.ogg,True,,,,omatsuri_conflict,omatsuri_light
141,heavenlycaress,"{""en"":""Heavenly caress""}",en,Noah,241,241,0,single,2.4,1572048001,4,0;1;2;3,PST;PRS;FTR;BYD,True,dl_heavenlycaress,dl_,5,0,,4,1080_3.jpg;1080_3_256.jpg;1080_base.jpg;1080_base_256.jpg,1080_3.jpg;1080_3_256.jpg;1080_base.jpg;1080_base_256.jpg;preview.ogg,True,,,,omatsuri_light,omatsuri_conflict
142,senkyou,"{""en"":""Senkyou""}",en,MYTK,90,180,0,base,2.4,1574121600,3,0;1;2,PST;PRS;FTR,True,senkyou,exact,6,3,0.aff;1.aff;2.aff,2,1080_base.jpg;1080_base_256.jpg,0.aff;1.aff;1080_base.jpg;1080_base_256.jpg;2.aff;base.ogg,False,,,,omatsuri_light,omatsuri_conflict
143,filament,"{""en"":""Filament""}",en,Puru,170,170,0,single,2.4,1574726400,3,0;1;2,PST;PRS;FTR,True,dl_filament,dl_,3,0,,2,1080_base.jpg;1080_base_256.jpg,1080_base.jpg;1080_base_256.jpg;preview.ogg,True,,,,omatsuri_light,omatsuri_conflict
144,avantraze,"{""en"":""Avant Raze""}",en,Sampling Masters MEGA,200,200,1,single,2.4,1575849600,3,0;1;2,PST;PRS;FTR,True,dl_avantraze,dl_,3,0,,2,1080_base.jpg;1080_base_256.jpg,1080_base.jpg;1080_base_256.jpg;preview.ogg,True,,,,yugamu,rei
145,battlenoone,"{""en"":""BATTLE NO.1""}",en,TANO*C Sound Team,200,200,1,single,2.4,1579046400,3,0;1;2,PST;PRS;FTR,True,dl_battlenoone,dl_,3,0,,2,1080_base.jpg;1080_base_256.jpg,1080_base.jpg;1080_base_256.jpg;preview.ogg,True,,,,tanoc_conflict,tanoc_light
146,laqryma,"{""en"":""La'qryma of the Wasteland""}",en,DJ Noriken,168,168,1,single,2.5,1579478400,4,0;1;2;3,PST;PRS;FTR;BYD,True,dl_laqryma,dl_,5,0,,4,1080_3.jpg;1080_3_256.jpg;1080_base.jpg;1080_base_256.jpg,1080_3.jpg;1080_3_256.jpg;1080_base.jpg;1080_base_256.jpg;preview.ogg,True,,,,tanoc_conflict,tanoc_light
147,einherjar,"{""en"":""Einherjar Joker""}",en,DJ Genki vs Gram,222,222,1,single,2.5,1579478401,4,0;1;2;3,PST;PRS;FTR;BYD,True,dl_einherjar,dl_,5,0,,4,1080_3.jpg;1080_3_256.jpg;1080_base.jpg;1080_base_256.jpg,1080_3.jpg;1080_3_256.jpg;1080_base.jpg;1080_base_256.jpg;preview.ogg,True,,,,tanoc_conflict,tanoc_light
148,izana,"{""en"":""IZANA""}",en,t+pazolite vs P*Light,222,222,0,single,2.5,1579478402,3,0;1;2,PST;PRS;FTR,True,dl_izana,dl_,3,0,,2,1080_base.jpg;1080_base_256.jpg,1080_base.jpg;1080_base_256.jpg;preview.ogg,True,,,,tanoc_light,tanoc_conflict
149,saikyostronger,"{""en"":""SAIKYO STRONGER"",""ja"":""最強STRONGER""}",en;ja,REDALiCE vs USAO,205,205,1,single,2.5,1579478403,3,0;1;2,PST;PRS;FTR,True,dl_saikyostronger,dl_,3,0,,2,1080_base.jpg;1080_base_256.jpg,1080_base.jpg;1080_base_256.jpg;preview.ogg,True,,,,saikyostronger,
150,worldexecuteme,"{""en"":""world.execute(me);""}",en,Mili,130,130,0,base,2.5,1582243200,3,0;1;2,PST;PRS;FTR,True,worldexecuteme,exact,6,3,0.aff;1.aff;2.aff,2,1080_base.jpg;1080_base_256.jpg,0.aff;1.aff;1080_base.jpg;1080_base_256.jpg;2.aff;base.ogg,False,,,,prelude_light,prelude_conflict
151,blrink,"{""en"":""BLRINK""}",en,Sta,115,115,1,prelude,2.5,1583712000,3,0;1;2,PST;PRS;FTR,True,dl_blrink,dl_,3,0,,2,1080_base.jpg;1080_base_256.jpg,1080_base.jpg;1080_base_256.jpg;preview.ogg,True,,,,prelude_conflict,prelude_light
152,oblivia,"{""en"":""Oblivia""}",en,Saiph,180,180,0,base,2.6,1585094400,4,0;1;2;3,PST;PRS;FTR;BYD,True,oblivia,exact,8,3,0.aff;1.aff;2.aff,4,1080_3.jpg;1080_3_256.jpg;1080_base.jpg;1080_base_256.jpg,0.aff;1.aff;1080_3.jpg;1080_3_256.jpg;1080_base.jpg;1080_base_256.jpg;2.aff;base.ogg,False,,,,mirai_light,mirai_conflict
153,amygdata,"{""en"":""amygdata""}",en,nitro,154,154,1,single,2.6,1585094401,3,0;1;2,PST;PRS;FTR,True,dl_amygdata,dl_,3,0,,2,1080_base.jpg;1080_base_256.jpg,1080_base.jpg;1080_base_256.jpg;preview.ogg,True,,,,prelude_conflict,prelude_light
154,corpssansorganes,"{""en"":""corps-sans-organes""}",en,cybermiso,105,105,1,mirai,2.6,1585094402,3,0;1;2,PST;PRS;FTR,True,dl_corpssansorganes,dl_,3,0,,2,1080_base.jpg;1080_base_256.jpg,1080_base.jpg;1080_base_256.jpg;preview.ogg,True,,,,mirai_awakened,
155,equilibrium,"{""en"":""Equilibrium""}",en,Maozon,180,180,0,vs,3.0,1590537600,3,0;1;2,PST;PRS;FTR,True,dl_equilibrium,dl_,3,0,,2,1080_base.jpg;1080_base_256.jpg,1080_base.jpg;1080_base_256.jpg;preview.ogg,True,,,,vs_light,vs_conflict
156,antagonism,"{""en"":""Antagonism""}",en,Yooh vs. siromaru,160,160,1,vs,3.0,1590537601,3,0;1;2,PST;PRS;FTR,True,dl_antagonism,dl_,3,0,,2,1080_base.jpg;1080_base_256.jpg,1080_base.jpg;1080_base_256.jpg;preview.ogg,True,,,,vs_conflict,vs_light
157,lostdesire,"{""en"":""Lost Desire""}",en,Powerless feat. Sennzai,170,170,1,vs,3.0,1590537602,3,0;1;2,PST;PRS;FTR,True,dl_lostdesire,dl_,3,0,,2,1080_base.jpg;1080_base_256.jpg,1080_base.jpg;1080_base_256.jpg;preview.ogg,True,,,,vs_conflict,vs_light
158,dantalion,"{""en"":""Dantalion""}",en,Team Grimoire,186,186,1,vs,3.0,1590537603,3,0;1;2,PST;PRS;FTR,True,dl_dantalion,dl_,3,0,,2,1080_base.jpg;1080_base_256.jpg,1080_base.jpg;1080_base_256.jpg;preview.ogg,True,,,,vs_conflict,vs_light
159,ifi,"{""en"":""#1f1e33""}",en,かめりあ(EDP),181,181,1,vs,3.0,1590537604,3,0;1;2,PST;PRS;FTR,True,dl_ifi,dl_,3,0,,2,1080_base.jpg;1080_base_256.jpg,1080_base.jpg;1080_base_256.jpg;preview.ogg,True,,,,vs_conflict,vs_light
160,tempestissimo,"{""en"":""Tempestissimo""}",en,t+pazolite,231,231,1,vs,3.0,1590537605,4,0;1;2;3,PST;PRS;FTR;BYD,True,dl_tempestissimo,dl_,5,0,,4,1080_3.jpg;1080_3_256.jpg;1080_base.jpg;1080_base_256.jpg,1080_3.jpg;1080_3_256.jpg;1080_base.jpg;1080_base_256.jpg;preview.ogg,True,,,,tempestissimo,
161,arcahv,"{""en"":""Arcahv""}",en,Feryquitous,191,191,0,vs,3.0,1590537606,3,0;1;2,PST;PRS;FTR,True,arcahv,exact,6,3,0.aff;1.aff;2.aff,2,1080_base.jpg;1080_base_256.jpg,0.aff;1.aff;1080_base.jpg;1080_base_256.jpg;2.aff;base.ogg,False,,,,arcahv,
162,altale,"{""en"":""Altale""}",en,Sakuzyo,83-90,180,0,single,3.0,1590537612,4,0;1;2;3,PST;PRS;FTR;BYD,True,dl_altale,dl_,3,0,,2,1080_base.jpg;1080_base_256.jpg,1080_base.jpg;1080_base_256.jpg;preview.ogg,True,,,,prelude_light,prelude_conflict
163,givemeanightmare,"{""en"":""Give Me a Nightmare""}",en,アリスシャッハと魔法の楽団,95-190,190,1,extend,3.0,1590537610,3,0;1;2,PST;PRS;FTR,True,dl_givemeanightmare,dl_,3,0,,2,1080_base.jpg;1080_base_256.jpg,1080_base.jpg;1080_base_256.jpg;preview.ogg,True,,,,nijuusei-conflict-b,nijuusei-light-b
164,blacklotus,"{""en"":""Black Lotus""}",en,wa.,200,200,1,extend,3.0,1590537611,3,0;1;2,PST;PRS;FTR,True,dl_blacklotus,dl_,3,0,,2,1080_base.jpg;1080_base_256.jpg,1080_base.jpg;1080_base_256.jpg;preview.ogg,True,,,,zettai,zettai_light
165,gekka,"{""en"":""Gekka (Short Version)""}",en,Nhato,132,132,0,extend,3.0,1590537609,3,0;1;2,PST;PRS;FTR,True,dl_gekka,dl_,3,0,,2,1080_base.jpg;1080_base_256.jpg,1080_base.jpg;1080_base_256.jpg;preview.ogg,True,,,,nijuusei-light-b,nijuusei-conflict-b
166,vividtheory,"{""en"":""Vivid Theory""}",en,ak+q,178,178,0,extend,3.0,1590537607,3,0;1;2,PST;PRS;FTR,True,dl_vividtheory,dl_,3,0,,2,1080_base.jpg;1080_base_256.jpg,1080_base.jpg;1080_base_256.jpg;preview.ogg,True,,,,rei,yugamu
167,onefr,"{""en"":""1F√""}",en,WHITEFISTS,130,130,0,extend,3.0,1590537608,3,0;1;2,PST;PRS;FTR,True,dl_onefr,dl_,3,0,,2,1080_base.jpg;1080_base_256.jpg,1080_base.jpg;1080_base_256.jpg;preview.ogg,True,,,,mirai_light,mirai_conflict
168,scarletcage,"{""en"":""Scarlet Cage""}",en,Daisuke Kurosawa,166,166,1,single,3.0,1594166402,3,0;1;2,PST;PRS;FTR,True,dl_scarletcage,dl_,3,0,,2,1080_base.jpg;1080_base_256.jpg,1080_base.jpg;1080_base_256.jpg;preview.ogg,True,,,,yugamu,rei
169,faintlight,"{""en"":""Faint Light (Arcaea Edit)""}",en,Taishi,133,133,0,extend,3.0,1594166400,3,0;1;2,PST;PRS;FTR,True,dl_faintlight,dl_,3,0,,2,1080_base.jpg;1080_base_256.jpg,1080_base.jpg;1080_base_256.jpg;preview.ogg,True,,,,nijuusei-light-b,nijuusei-conflict-b
170,feelssoright,"{""en"":""Feels So Right feat. Renko""}",en,Mysteka,180,180,0,single,3.0,1594166401,3,0;1;2,PST;PRS;FTR,True,dl_feelssoright,dl_,3,0,,2,1080_base.jpg;1080_base_256.jpg,1080_base.jpg;1080_base_256.jpg;preview.ogg,True,,,,nijuusei-light-b,nijuusei-conflict-b
171,teriqma,"{""en"":""Teriqma""}",en,owl＊tree,128,128,1,single,3.0,1594857600,4,0;1;2;3,PST;PRS;FTR;BYD,True,dl_teriqma,dl_,3,0,,2,1080_base.jpg;1080_base_256.jpg,1080_base.jpg;1080_base_256.jpg;preview.ogg,True,,,,chuni-ikazuchi,
172,mahoroba,"{""en"":""MAHOROBA""}",en,Zekk,195,195,0,single,3.0,1596758400,3,0;1;2,PST;PRS;FTR,True,dl_mahoroba,dl_,3,0,,2,1080_base.jpg;1080_base_256.jpg,1080_base.jpg;1080_base_256.jpg;preview.ogg,True,,,,rei,yugamu
173,badtek,"{""en"":""BADTEK""}",en,EBIMAYO,190,190,1,single,3.1,1597968000,3,0;1;2,PST;PRS;FTR,True,dl_badtek,dl_,3,0,,2,1080_base.jpg;1080_base_256.jpg,1080_base.jpg;1080_base_256.jpg;preview.ogg,True,,,,zettai,zettai_light
174,maliciousmischance,"{""en"":""Malicious Mischance""}",en,s-don,155,155,1,single,3.1,1599177600,3,0;1;2,PST;PRS;FTR,True,dl_maliciousmischance,dl_,3,0,,2,1080_base.jpg;1080_base_256.jpg,1080_base.jpg;1080_base_256.jpg;preview.ogg,True,,,,vs_conflict,vs_light
175,gothiveofra,"{""en"":""Got hive of Ra""}",en,E.G.G.,268,268,0,groovecoaster,3.2,1600214400,3,0;1;2,PST;PRS;FTR,True,dl_gothiveofra,dl_,3,0,,2,base.jpg;base_256.jpg,base.jpg;base_256.jpg;preview.ogg,True,,,,gc_light,gc_conflict
176,buchigireberserker,"{""en"":""BUCHiGiRE Berserker""}",en,REDALiCE vs MASAKI,200,200,1,single,3.2,1600214401,3,0;1;2,PST;PRS;FTR,True,dl_buchigireberserker,dl_,3,0,,2,base.jpg;base_256.jpg,base.jpg;base_256.jpg;preview.ogg,True,,,,gc_buchigire,
177,galaxyfriends,"{""en"":""Galaxy Friends""}",en,Kobaryo,300,300,1,single,3.2,1602028800,3,0;1;2,PST;PRS;FTR,True,dl_galaxyfriends,dl_,3,0,,2,1080_base.jpg;1080_base_256.jpg,1080_base.jpg;1080_base_256.jpg;preview.ogg,True,,,,yugamu,rei
178,crossover,"{""en"":""CROSS†OVER""}",en,HyuN feat. LyuU,200,200,1,extend,3.2,1602028801,3,0;1;2,PST;PRS;FTR,True,dl_crossover,dl_,3,0,,2,1080_base.jpg;1080_base_256.jpg,1080_base.jpg;1080_base_256.jpg;preview.ogg,True,,,,nijuusei-conflict-b,nijuusei-light-b
179,xeraphinite,"{""en"":""Xeraphinite""}",en,BlackY,146,146,0,single,3.2,1604016001,3,0;1;2,PST;PRS;FTR,True,dl_xeraphinite,dl_,3,0,,2,1080_base.jpg;1080_base_256.jpg,1080_base.jpg;1080_base_256.jpg;preview.ogg,True,,,,zettai_light,zettai
180,lapis,"{""en"":""Lapis""}",en,SHIKI,146,146,0,extend,3.2,1604016000,3,0;1;2,PST;PRS;FTR,True,dl_lapis,dl_,3,0,,2,1080_base.jpg;1080_base_256.jpg,1080_base.jpg;1080_base_256.jpg;preview.ogg,True,,,,nijuusei-light-b,nijuusei-conflict-b
181,xanatos,"{""en"":""Xanatos""}",en,Tatsh,170,170,1,single,3.2,1605744000,3,0;1;2,PST;PRS;FTR,True,dl_xanatos,dl_,3,0,,2,1080_base.jpg;1080_base_256.jpg,1080_base.jpg;1080_base_256.jpg;preview.ogg,True,,,,yugamu,rei
182,purpleverse,"{""en"":""Purple Verse""}",en,Hommarju,170,170,1,extend,3.3,1606953605,4,0;1;2;3,PST;PRS;FTR;BYD,True,dl_purpleverse,dl_,5,0,,4,1080_3.jpg;1080_3_256.jpg;1080_base.jpg;1080_base_256.jpg,1080_3.jpg;1080_3_256.jpg;1080_base.jpg;1080_base_256.jpg;preview.ogg,True,,,,prelude_conflict,prelude_light
183,alicealamode,"{""en"":""Alice à la mode"",""ko"":""Alice a la mode""}",en;ko,Masanori Akita,80-134,134,0,alice,3.3,1606953600,3,0;1;2,PST;PRS;FTR,True,dl_alicealamode,dl_,3,0,,2,1080_base.jpg;1080_base_256.jpg,1080_base.jpg;1080_base_256.jpg;preview.ogg,True,,,,alice_light,alice_conflict
184,eccentrictale,"{""en"":""Eccentric Tale""}",en,Yamajet,132,132,1,alice,3.3,1606953601,4,0;1;2;3,PST;PRS;FTR;BYD,True,dl_eccentrictale,dl_,5,0,,4,1080_3.jpg;1080_3_256.jpg;1080_base.jpg;1080_base_256.jpg,1080_3.jpg;1080_3_256.jpg;1080_base.jpg;1080_base_256.jpg;preview.ogg,True,,,,alice_conflict,alice_light
185,alicessuitcase,"{""en"":""Alice's Suitcase""}",en,Endorfin.,190,190,0,alice,3.3,1606953602,3,0;1;2,PST;PRS;FTR,True,dl_alicessuitcase,dl_,3,0,,2,1080_base.jpg;1080_base_256.jpg,1080_base.jpg;1080_base_256.jpg;preview.ogg,True,,,,alice_light,alice_conflict
186,jump,"{""en"":""Jump""}",en,Rasmus Faber,133,133,0,alice,3.3,1606953603,3,0;1;2,PST;PRS;FTR,True,dl_jump,dl_,3,0,,2,1080_base.jpg;1080_base_256.jpg,1080_base.jpg;1080_base_256.jpg;preview.ogg,True,,,,alice_light,alice_conflict
187,felis,"{""en"":""Felis""}",en,M2U,155,155,0,alice,3.3,1606953604,3,0;1;2,PST;PRS;FTR,True,dl_felis,dl_,3,0,,2,1080_base.jpg;1080_base_256.jpg,1080_base.jpg;1080_base_256.jpg;preview.ogg,True,,,,felis,
188,besideyou,"{""en"":""Beside You""}",en,江口孝宏,181,181,0,alice_append_1,3.3,1607558400,3,0;1;2,PST;PRS;FTR,True,dl_besideyou,dl_,3,0,,2,1080_base.jpg;1080_base_256.jpg,1080_base.jpg;1080_base_256.jpg;preview.ogg,True,,,,alice_light,alice_conflict
189,heartjackin,"{""en"":""Heart Jackin'""}",en,Yu_Asahina,160,160,0,alice_append_1,3.3,1607558401,3,0;1;2,PST;PRS;FTR,True,dl_heartjackin,dl_,3,0,,2,1080_base.jpg;1080_base_256.jpg,1080_base.jpg;1080_base_256.jpg;preview.ogg,True,,,,alice_light,alice_conflict
190,toaliceliddell,"{""en"":""To: Alice Liddell"",""ja"":""アリス・リデルに捧ぐ""}",en;ja,モリモリあつし,222,222,1,alice_append_1,3.3,1607558402,3,0;1;2,PST;PRS;FTR,True,dl_toaliceliddell,dl_,3,0,,2,1080_base.jpg;1080_base_256.jpg,1080_base.jpg;1080_base_256.jpg;preview.ogg,True,,,,alice_conflict,alice_light
191,lazyaddiction,"{""en"":""Lazy Addiction""}",en,sky_delta,185,185,0,ongeki,3.4,1608163200,3,0;1;2,PST;PRS;FTR,True,dl_lazyaddiction,dl_,3,0,,2,base.jpg;base_256.jpg,base.jpg;base_256.jpg;preview.ogg,True,,,,ongeki_light,ongeki_conflict
192,dazzlehop,"{""en"":""Dazzle hop""}",en,Sampling Masters MEGA,220,220,1,ongeki,3.4,1608163201,3,0;1;2,PST;PRS;FTR,True,dl_dazzlehop,dl_,3,0,,2,base.jpg;base_256.jpg,base.jpg;base_256.jpg;preview.ogg,True,,,,ongeki_conflict,ongeki_light
193,viyellastears,"{""en"":""Viyella's Tears""}",en,Laur,218,218,1,ongeki,3.4,1608163202,3,0;1;2,PST;PRS;FTR,True,dl_viyellastears,dl_,3,0,,2,base.jpg;base_256.jpg,base.jpg;base_256.jpg;preview.ogg,True,,,,ongeki_conflict,ongeki_light
194,omegafour,"{""en"":""ω4"",""zh-Hant"":""w4"",""zh-Hans"":""w4""}",en;zh-Hans;zh-Hant,穴山大輔 VS 光吉猛修 VS Kai,71-192,192,0,ongeki,3.4,1608163203,3,0;1;2,PST;PRS;FTR,True,dl_omegafour,dl_,3,0,,2,base.jpg;base_256.jpg,base.jpg;base_256.jpg;preview.ogg,True,,,,omegafour,
195,aprilshowers,"{""en"":""April showers"",""ja"":""四月の雨""}",en;ja,cubesato,79,79,0,maimai,3.4,1610064000,3,0;1;2,PST;PRS;FTR,True,dl_aprilshowers,dl_,3,0,,2,base.jpg;base_256.jpg,base.jpg;base_256.jpg;preview.ogg,True,,,,maimai_light,maimai_conflict
196,seventhsense,"{""en"":""7thSense""}",en,削除,150,150,1,maimai,3.4,1610064001,3,0;1;2,PST;PRS;FTR,True,dl_seventhsense,dl_,3,0,,2,base.jpg;base_256.jpg,base.jpg;base_256.jpg;preview.ogg,True,,,,maimai_conflict,maimai_light
197,oshamascramble,"{""en"":""Oshama Scramble!""}",en,t+pazolite,190,190,0,maimai,3.4,1610064002,3,0;1;2,PST;PRS;FTR,True,dl_oshamascramble,dl_,3,0,,2,base.jpg;base_256.jpg,base.jpg;base_256.jpg;preview.ogg,True,,,,maimai_light,maimai_conflict
198,amazingmightyyyy,"{""en"":""AMAZING MIGHTYYYY!!!!""}",en,WAiKURO,185,185,1,maimai,3.4,1610064003,3,0;1;2,PST;PRS;FTR,True,dl_amazingmightyyyy,dl_,3,0,,2,base.jpg;base_256.jpg,base.jpg;base_256.jpg;preview.ogg,True,,,,maimai_boss,
199,climax,"{""en"":""Climax""}",en,USAO,190,190,1,chunithm_append_1,3.5,1611187200,3,0;1;2,PST;PRS;FTR,True,dl_climax,dl_,3,0,,2,1080_base.jpg;1080_base_256.jpg,1080_base.jpg;1080_base_256.jpg;preview.ogg,True,,,,chunithmthird_conflict,
200,lastcelebration,"{""en"":""Last Celebration""}",en,Laur vs CK,238,238,1,chunithm_append_1,3.5,1611187201,3,0;1;2,PST;PRS;FTR,True,dl_lastcelebration,dl_,3,0,,2,1080_base.jpg;1080_base_256.jpg,1080_base.jpg;1080_base_256.jpg;preview.ogg,True,,,,chunithmthird_conflict,
201,gou,"{""en"":""Misdeed -la bonté de Dieu et l'origine du mal-"",""ko_dialog"":""Misdeed -la bonte de Dieu et l'origine du mal-"",""ja"":""業 -善なる神とこの世の悪について-""}",en;ja;ko_dialog,光吉猛修 VS 穴山大輔,190,190,0,chunithm_append_1,3.5,1611187202,3,0;1;2,PST;PRS;FTR,True,dl_gou,dl_,3,0,,2,1080_base.jpg;1080_base_256.jpg,1080_base.jpg;1080_base_256.jpg;preview.ogg,True,,,,gou,
202,glow,"{""en"":""Glow""}",en,SPACELECTRO,165,165,1,extend,3.5,1611187204,3,0;1;2,PST;PRS;FTR,True,dl_glow,dl_,3,0,,2,1080_base.jpg;1080_base_256.jpg,1080_base.jpg;1080_base_256.jpg;preview.ogg,True,,,,prelude_conflict,prelude_light
203,attraqtia,"{""en"":""AttraqtiA""}",en,かめりあ,202,202,0,single,3.5,1611187203,3,0;1;2,PST;PRS;FTR,True,dl_attraqtia,dl_,3,0,,2,1080_base.jpg;1080_base_256.jpg,1080_base.jpg;1080_base_256.jpg;preview.ogg,True,,,,rei,yugamu
204,enchantedlove,"{""en"":""enchanted love""}",en,linear ring,95,190,0,extend,3.5,1613001600,3,0;1;2,PST;PRS;FTR,True,dl_enchantedlove,dl_,3,0,,2,1080_base.jpg;1080_base_256.jpg,1080_base.jpg;1080_base_256.jpg;preview.ogg,True,,,,rei,yugamu
205,take,"{""en"":""Bamboo"",""ja"":""竹""}",en;ja,立秋 feat.ちょこ,5-315,219,0,extend,3.5,1613001601,3,0;1;2,PST;PRS;FTR,True,dl_take,dl_,3,0,,2,1080_base.jpg;1080_base_256.jpg,1080_base.jpg;1080_base_256.jpg;preview.ogg,True,,,,nijuusei-light-b,nijuusei-conflict-b
206,gimmedablood,"{""en"":""GIMME DA BLOOD""}",en,C-Show,87-110,110,1,single,3.5,1615248000,3,0;1;2,PST;PRS;FTR,True,dl_gimmedablood,dl_,3,0,,2,1080_base.jpg;1080_base_256.jpg,1080_base.jpg;1080_base_256.jpg;preview.ogg,True,,,,yugamu,rei
207,bassline,"{""en"":""Can I Friend You on Bassbook? Lol"",""ja"":""ベースラインやってる？ｗ""}",en;ja,かめりあ feat. ななひら,128,128,0,single,3.5,1617926400,3,0;1;2,PST;PRS;FTR,True,dl_bassline,dl_,3,0,,2,1080_base.jpg;1080_base_256.jpg,1080_base.jpg;1080_base_256.jpg;preview.ogg,True,,,,prelude_light,prelude_conflict
208,lifeispiano,"{""en"":""Life is PIANO""}",en,Junk,133,133,0,extend,3.5,1617926401,3,0;1;2,PST;PRS;FTR,True,dl_lifeispiano,dl_,3,0,,2,1080_base.jpg;1080_base_256.jpg,1080_base.jpg;1080_base_256.jpg;preview.ogg,True,,,,rei,yugamu
209,paperwitch,"{""en"":""Paper Witch""}",en,Yu-dachi,130,130,0,observer,3.6,1620691200,3,0;1;2,PST;PRS;FTR,True,dl_paperwitch,dl_,3,0,,2,1080_base.jpg;1080_base_256.jpg,1080_base.jpg;1080_base_256.jpg;preview.ogg,True,,,,observer_light,observer_conflict
210,crystalgravity,"{""en"":""Crystal Gravity""}",en,Tanchiky vs. siromaru,178,178,1,observer,3.6,1620691201,3,0;1;2,PST;PRS;FTR,True,dl_crystalgravity,dl_,3,0,,2,1080_base.jpg;1080_base_256.jpg,1080_base.jpg;1080_base_256.jpg;preview.ogg,True,,,,observer_conflict,observer_light
211,farawaylight,"{""en"":""Far Away Light""}",en,technoplanet feat. はるの & 黒沢ダイスケ,180-216,216,0,observer,3.6,1620691202,3,0;1;2,PST;PRS;FTR,True,dl_farawaylight,dl_,3,0,,2,1080_base.jpg;1080_base_256.jpg,1080_base.jpg;1080_base_256.jpg;preview.ogg,True,,,,observer_light,observer_conflict
212,loschen,"{""en"":""Löschen"",""ko_dialog"":""Loschen""}",en;ko_dialog,BlackY feat. Risa Yuzuki,181,181,1,observer,3.6,1620691203,3,0;1;2,PST;PRS;FTR,True,dl_loschen,dl_,3,0,,2,1080_base.jpg;1080_base_256.jpg,1080_base.jpg;1080_base_256.jpg;preview.ogg,True,,,,observer_conflict,observer_light
213,aegleseeker,"{""en"":""Aegleseeker""}",en,Silentroom vs Frums,234,234,0,observer,3.6,1620691204,3,0;1;2,PST;PRS;FTR,True,dl_aegleseeker,dl_,3,0,,2,1080_base.jpg;1080_base_256.jpg,1080_base.jpg;1080_base_256.jpg;preview.ogg,True,,,,aegleseeker,
214,coastalhighway,"{""en"":""Coastal Highway""}",en,Glitch Droids,110,110,0,observer_append_1,3.6,1620691205,3,0;1;2,PST;PRS;FTR,True,dl_coastalhighway,dl_,3,0,,2,1080_base.jpg;1080_base_256.jpg,1080_base.jpg;1080_base_256.jpg;preview.ogg,True,,,,observer_light,observer_conflict
215,odysseia,"{""en"":""ΟΔΥΣΣΕΙΑ""}",en,Sober Bear,174,174,1,observer_append_1,3.6,1620691206,3,0;1;2,PST;PRS;FTR,True,dl_odysseia,dl_,3,0,,2,1080_base.jpg;1080_base_256.jpg,1080_base.jpg;1080_base_256.jpg;preview.ogg,True,,,,observer_conflict,observer_light
216,overwhelm,"{""en"":""Overwhelm""}",en,xi,200,200,0,observer_append_1,3.6,1620691207,3,0;1;2,PST;PRS;FTR,True,dl_overwhelm,dl_,3,0,,2,1080_base.jpg;1080_base_256.jpg,1080_base.jpg;1080_base_256.jpg;preview.ogg,True,,,,observer_light,observer_conflict
217,vandalism,"{""en"":""Vandalism""}",en,Ashrount,194,194,1,extend,3.6,1620691208,3,0;1;2,PST;PRS;FTR,True,dl_vandalism,dl_,3,0,,2,1080_base.jpg;1080_base_256.jpg,1080_base.jpg;1080_base_256.jpg;preview.ogg,True,,,,prelude_conflict,prelude_light
218,turbocharger,"{""en"":""Turbocharger""}",en,A/I,128-170,170,0,extend,3.6,1623283200,3,0;1;2,PST;PRS;FTR,True,dl_turbocharger,dl_,3,0,,2,1080_base.jpg;1080_base_256.jpg,1080_base.jpg;1080_base_256.jpg;preview.ogg,True,,,,nijuusei-light-b,nijuusei-conflict-b
219,theultimacy,"{""en"":""THE ULTIMACY""}",en,aran vs Massive New Krew,200,200,1,single,3.6,1625011200,3,0;1;2,PST;PRS;FTR,True,dl_theultimacy,dl_,3,0,,2,1080_base.jpg;1080_base_256.jpg,1080_base.jpg;1080_base_256.jpg;preview.ogg,True,,,,tanoc_conflict,tanoc_light
220,rekkaresonance,"{""en"":""REKKA RESONANCE"",""ja"":""烈華RESONANCE""}",en;ja,REDALiCE vs Kobaryo,240,240,0,single,3.6,1625011201,3,0;1;2,PST;PRS;FTR,True,dl_rekkaresonance,dl_,3,0,,2,1080_base.jpg;1080_base_256.jpg,1080_base.jpg;1080_base_256.jpg;preview.ogg,True,,,,tanoc_red,
221,kyogenkigo,"{""en"":""False Embellishment"",""ja"":""狂言綺語""}",en;ja,影虎。 & ikaruga_nex,155,155,1,extend,3.7,1626825604,4,0;1;2;3,PST;PRS;FTR;BYD,True,dl_kyogenkigo,dl_,5,0,,4,1080_3.jpg;1080_3_256.jpg;1080_base.jpg;1080_base_256.jpg,1080_3.jpg;1080_3_256.jpg;1080_base.jpg;1080_base_256.jpg;preview.ogg,True,,,,nijuusei-conflict-b,nijuusei-light-b
222,hivemind,"{""en"":""HIVEMIND""}",en,かたぎり,252,252,1,extend,3.7,1626825605,3,0;1;2,PST;PRS;FTR,True,dl_hivemind,dl_,3,0,,2,1080_base.jpg;1080_base_256.jpg,1080_base.jpg;1080_base_256.jpg;preview.ogg,True,,,,observer_conflict,observer_light
223,seclusion,"{""en"":""Seclusion""}",en,Laur feat. Sennzai,175,175,1,observer,3.7,1626825603,3,0;1;2,PST;PRS;FTR,True,dl_seclusion,dl_,3,0,,2,1080_base.jpg;1080_base_256.jpg,1080_base.jpg;1080_base_256.jpg;preview.ogg,True,,,,observer_conflict,observer_light
224,smallcloud,"{""en"":""Small Cloud Sugar Candy""}",en,テヅカ x Aoi feat.桃雛なの,220,220,0,observer_append_2,3.7,1626825600,4,0;1;2;3,PST;PRS;FTR;BYD,True,dl_smallcloud,dl_,5,0,,4,1080_3.jpg;1080_3_256.jpg;1080_base.jpg;1080_base_256.jpg,1080_3.jpg;1080_3_256.jpg;1080_base.jpg;1080_base_256.jpg;preview.ogg,True,,,,observer_light,observer_conflict
225,alterale,"{""en"":""AlterAle""}",en,Arik Kau Delay (アラ＆かゆき＆でり）,220-245,245,0,observer_append_2,3.7,1626825601,3,0;1;2,PST;PRS;FTR,True,dl_alterale,dl_,3,0,,2,1080_base.jpg;1080_base_256.jpg,1080_base.jpg;1080_base_256.jpg;preview.ogg,True,,,,observer_light,observer_conflict
226,divinelight,"{""en"":""Divine Light of Myriad"",""ja"":""光速神授説 - Divine Light of Myriad -""}",en;ja,yoho,172,172,0,observer_append_2,3.7,1626825602,3,0;1;2,PST;PRS;FTR,True,dl_divinelight,dl_,3,0,,2,1080_base.jpg;1080_base_256.jpg,1080_base.jpg;1080_base_256.jpg;preview.ogg,True,,,,observer_light,observer_conflict
227,mazymetroplex,"{""en"":""Mazy Metroplex""}",en,aran,155,155,0,wacca,3.8,1628553603,3,0;1;2,PST;PRS;FTR,True,dl_mazymetroplex,dl_,3,0,,2,1080_base.jpg;1080_base_256.jpg,1080_base.jpg;1080_base_256.jpg;preview.ogg,True,,,,wacca_light,wacca_conflict
228,quonwacca,"{""en"":""Quon""}",en,DJ Noriken,170,170,1,wacca,3.8,1628553600,4,0;1;2;3,PST;PRS;FTR;BYD,True,dl_quonwacca,dl_,3,0,,2,1080_base.jpg;1080_base_256.jpg,1080_base.jpg;1080_base_256.jpg;preview.ogg,True,,,,wacca_conflict,wacca_light
229,withu,"{""en"":""with U""}",en,t+pazolite & Massive New Krew feat. リリィ(CV:青木志貴),155,155,0,wacca,3.8,1628553601,3,0;1;2,PST;PRS;FTR,True,dl_withu,dl_,3,0,,2,1080_base.jpg;1080_base_256.jpg,1080_base.jpg;1080_base_256.jpg;preview.ogg,True,,,,wacca_light,wacca_conflict
230,genocider,"{""en"":""GENOCIDER""}",en,DJ Myosuke,250-390,250,1,wacca,3.8,1628553604,3,0;1;2,PST;PRS;FTR,True,dl_genocider,dl_,3,0,,2,1080_base.jpg;1080_base_256.jpg,1080_base.jpg;1080_base_256.jpg;preview.ogg,True,,,,wacca_boss,
231,letyoudivermx,"{""en"":""Let you DIVE! (nitro rmx)""}",en,nitro (lowiro),185,185,0,wacca,3.8,1628553602,3,0;1;2,PST;PRS;FTR,True,dl_letyoudivermx,dl_,3,0,,2,1080_base.jpg;1080_base_256.jpg,1080_base.jpg;1080_base_256.jpg;preview.ogg,True,,,,wacca_light,wacca_conflict
232,sheriruthrmx,"{""en"":""Sheriruth (Laur Remix)""}",en,Laur,200,200,1,single,3.8,1628553605,3,0;1;2,PST;PRS;FTR,True,dl_sheriruthrmx,dl_,3,0,,2,1080_base.jpg;1080_base_256.jpg,1080_base.jpg;1080_base_256.jpg;preview.ogg,True,,,,wacca_conflict,wacca_light
233,eveninginscarlet,"{""en"":""Evening in Scarlet"",""ja"":""緋纏いの宵""}",en;ja,Freezer feat.妃苺,170,170,1,single,3.8,1629849600,3,0;1;2,PST;PRS;FTR,True,dl_eveninginscarlet,dl_,3,0,,2,1080_base.jpg;1080_base_256.jpg,1080_base.jpg;1080_base_256.jpg;preview.ogg,True,,,,omatsuri_conflict,omatsuri_light
234,bluecomet,"{""en"":""blue comet""}",en,ああああ,100-172,172,0,extend,3.8,1629849601,3,0;1;2,PST;PRS;FTR,True,dl_bluecomet,dl_,3,0,,2,1080_base.jpg;1080_base_256.jpg,1080_base.jpg;1080_base_256.jpg;preview.ogg,True,,,,nijuusei-light-b,nijuusei-conflict-b
235,energysynergymatrix,"{""en"":""ENERGY SYNERGY MATRIX""}",en,Tanchiky,160,160,1,extend,3.8,1631059200,4,0;1;2;3,PST;PRS;FTR;BYD,True,dl_energysynergymatrix,dl_,3,0,,2,1080_base.jpg;1080_base_256.jpg,1080_base.jpg;1080_base_256.jpg;preview.ogg,True,,,,nijuusei-conflict-b,nijuusei-light-b
236,gengaozo,"{""en"":""G e n g a o z o""}",en,-45,153,153,1,extend,3.8,1632873600,3,0;1;2,PST;PRS;FTR,True,dl_gengaozo,dl_,3,0,,2,base.jpg;base_256.jpg,base.jpg;base_256.jpg;preview.ogg,True,,,,prelude_conflict,prelude_light
237,goldenslaughterer,"{""en"":""goldenslaughterer""}",en,zts,133,133,1,single,3.8,1632873601,3,0;1;2,PST;PRS;FTR,True,dl_goldenslaughterer,dl_,3,0,,2,1080_base.jpg;1080_base_256.jpg,1080_base.jpg;1080_base_256.jpg;preview.ogg,True,,,,zettai,zettai_light
238,lastendconductor,"{""en"":""lastendconductor""}",en,zts,139,139,1,single,3.8,1632873602,4,0;1;2;3,PST;PRS;FTR;BYD,True,dl_lastendconductor,dl_,3,0,,2,1080_base.jpg;1080_base_256.jpg,1080_base.jpg;1080_base_256.jpg;preview.ogg,True,,,,zettai,zettai_light
239,redolentshape,"{""en"":""Redolent Shape""}",en,Sanaas,150,150,1,single,3.8,1634774400,3,0;1;2,PST;PRS;FTR,True,dl_redolentshape,dl_,3,0,,2,1080_base.jpg;1080_base_256.jpg,1080_base.jpg;1080_base_256.jpg;preview.ogg,True,,,,nijuusei2_conflict,nijuusei2_light
240,cosmica,"{""en"":""Cosmica""}",en,Nhato,110,110,1,nijuusei_append_1,3.9,1636588800,3,0;1;2,PST;PRS;FTR,True,dl_cosmica,dl_,3,0,,2,1080_base.jpg;1080_base_256.jpg,1080_base.jpg;1080_base_256.jpg;preview.ogg,True,,,,nijuusei2_conflict,nijuusei2_light
241,ascent,"{""en"":""Ascent""}",en,TANUKI,145,145,0,nijuusei_append_1,3.9,1636588801,3,0;1;2,PST;PRS;FTR,True,dl_ascent,dl_,3,0,,2,1080_base.jpg;1080_base_256.jpg,1080_base.jpg;1080_base_256.jpg;preview.ogg,True,,,,nijuusei2_light,nijuusei2_conflict
242,livefastdieyoung,"{""en"":""Live Fast Die Young""}",en,anubasu-anubasu,153,153,0,nijuusei_append_1,3.9,1636588802,3,0;1;2,PST;PRS;FTR,True,dl_livefastdieyoung,dl_,3,0,,2,1080_base.jpg;1080_base_256.jpg,1080_base.jpg;1080_base_256.jpg;preview.ogg,True,,,,nijuusei2_light,nijuusei2_conflict
243,summerfireworks,"{""en"":""Summer Fireworks of Love"",""ja"":""彩る夏の恋花火""}",en;ja,karatoPαnchii feat.はるの,160,160,0,single,3.9,1636588803,3,0;1;2,PST;PRS;FTR,True,dl_summerfireworks,dl_,3,0,,2,1080_base.jpg;1080_base_256.jpg,1080_base.jpg;1080_base_256.jpg;preview.ogg,True,,,,omatsuri_light,omatsuri_conflict
244,firstsnow,"{""en"":""First Snow""}",en,黒魔,88,88,0,dividedheart,3.10,1639008000,3,0;1;2,PST;PRS;FTR,True,dl_firstsnow,dl_,3,0,,2,1080_base.jpg;1080_base_256.jpg,1080_base.jpg;1080_base_256.jpg;preview.ogg,True,,,,hime_light,hime_conflict
245,bluerose,"{""en"":""Blue Rose""}",en,Cosmograph,250-295,295,0,dividedheart,3.10,1639008001,3,0;1;2,PST;PRS;FTR,True,dl_bluerose,dl_,3,0,,2,1080_base.jpg;1080_base_256.jpg,1080_base.jpg;1080_base_256.jpg;preview.ogg,True,,,,hime_light,hime_conflict
246,blockedlibrary,"{""en"":""Blocked Library""}",en,影虎。,148,148,1,dividedheart,3.10,1639008002,3,0;1;2,PST;PRS;FTR,True,dl_blockedlibrary,dl_,3,0,,2,1080_base.jpg;1080_base_256.jpg,1080_base.jpg;1080_base_256.jpg;preview.ogg,True,,,,hime_conflict,hime_light
247,neokosmo,"{""en"":""nέο κόsmo"",""ko"":""neo kosmo"",""zh-Hant"":""neo kosmo"",""zh-Hans"":""neo kosmo""}",en;ko;zh-Hans;zh-Hant,ak+q × Street,190,190,1,dividedheart,3.10,1639008003,3,0;1;2,PST;PRS;FTR,True,dl_neokosmo,dl_,3,0,,2,1080_base.jpg;1080_base_256.jpg,1080_base.jpg;1080_base_256.jpg;preview.ogg,True,,,,hime_conflict,hime_light
248,lightningscrew,"{""en"":""Lightning Screw""}",en,HiTECH NINJA,190,190,0,dividedheart,3.10,1639008004,3,0;1;2,PST;PRS;FTR,True,dl_lightningscrew,dl_,3,0,,2,1080_base.jpg;1080_base_256.jpg,1080_base.jpg;1080_base_256.jpg;preview.ogg,True,,,,hime_light,hime_conflict
249,lightsofmuse,"{""en"":""Lights of Muse""}",en,Ayatsugu_Otowa,180,180,0,musedash,3.11,1640304000,3,0;1;2,PST;PRS;FTR,True,dl_lightsofmuse,dl_,3,0,,2,base.jpg;base_256.jpg,base.jpg;base_256.jpg;preview.ogg,True,,,,musedash_light,musedash_conflict
250,finalstep,"{""en"":""Final Step!""}",en,Lime,180,180,1,musedash,3.11,1640304000,3,0;1;2,PST;PRS;FTR,True,dl_finalstep,dl_,3,0,,2,1080_base.jpg;1080_base_256.jpg,1080_base.jpg;1080_base_256.jpg;preview.ogg,True,,,,musedash_conflict,musedash_light
251,akinokagerou,"{""en"":""Haze of Autumn"",""ja"":""秋の陽炎""}",en;ja,karatoPαnchii feat.はるの,180,180,0,musedash,3.11,1640304000,3,0;1;2,PST;PRS;FTR,True,dl_akinokagerou,dl_,3,0,,2,1080_base.jpg;1080_base_256.jpg,1080_base.jpg;1080_base_256.jpg;preview.ogg,True,,,,musedash_light,musedash_conflict
252,medusa,"{""en"":""Medusa""}",en,HiTECH NINJA,165,165,1,musedash,3.11,1640304000,3,0;1;2,PST;PRS;FTR,True,dl_medusa,dl_,3,0,,2,1080_base.jpg;1080_base_256.jpg,1080_base.jpg;1080_base_256.jpg;preview.ogg,True,,,,musedash_conflict,musedash_light
253,init,"{""en"":""init()""}",en,kamome sano,180,180,1,single,3.11,1642636800,3,0;1;2,PST;PRS;FTR,True,dl_init,dl_,3,0,,2,1080_base.jpg;1080_base_256.jpg,1080_base.jpg;1080_base_256.jpg;preview.ogg,True,,,,prelude_conflict,prelude_light
254,internetoverdose,"{""en"":""INTERNET OVERDOSE""}",en,Aiobahn feat. KOTOKO,163,163,0,single,3.12,1645056003,3,0;1;2,PST;PRS;FTR,True,dl_internetoverdose,dl_,3,0,,2,1080_base.jpg;1080_base_256.jpg,1080_base.jpg;1080_base_256.jpg;preview.ogg,True,,,,single2_light,single2_conflict
255,sakurafubuki,"{""en"":""Sakura Fubuki""}",en,Street,175,175,0,base,3.12,1645056001,3,0;1;2,PST;PRS;FTR,True,sakurafubuki,exact,6,3,0.aff;1.aff;2.aff,2,base.jpg;base_256.jpg,0.aff;1.aff;2.aff;base.jpg;base.ogg;base_256.jpg,False,,,,hime_light,hime_conflict
256,nulctrl,"{""en"":""NULCTRL""}",en,Silentroom,100,100,1,base,3.12,1645056002,3,0;1;2,PST;PRS;FTR,True,dl_nulctrl,dl_,3,0,,2,1080_base.jpg;1080_base_256.jpg,1080_base.jpg;1080_base_256.jpg;preview.ogg,True,,,,prelude_conflict,prelude_light
257,macromod,"{""en"":""Macrocosmic Modulation""}",en,JAKAZiD,170,170,0,single,3.12,1645056004,3,0;1;2,PST;PRS;FTR,True,dl_macromod,dl_,3,0,,2,1080_base.jpg;1080_base_256.jpg,1080_base.jpg;1080_base_256.jpg;preview.ogg,True,,,,single2_light,single2_conflict
258,neowings,"{""en"":""NEO WINGS""}",en,SOUND HOLIC feat. Nana Takahashi,168,168,1,single,3.12,1645056006,3,0;1;2,PST;PRS;FTR,True,dl_neowings,dl_,3,0,,2,1080_base.jpg;1080_base_256.jpg,1080_base.jpg;1080_base_256.jpg;preview.ogg,True,,,,single2_conflict,single2_light
259,kissinglucifer,"{""en"":""Kissing Lucifer""}",en,ETIA.,170,170,1,single,3.12,1645056005,3,0;1;2,PST;PRS;FTR,True,dl_kissinglucifer,dl_,3,0,,2,1080_base.jpg;1080_base_256.jpg,1080_base.jpg;1080_base_256.jpg;preview.ogg,True,,,,single2_conflict,single2_light
260,avril,"{""en"":""Ävril -Flicka i krans-"",""ko_dialog"":""Avril -Flicka i krans-""}",en;ko_dialog,Rigël Theatre,130,130,0,base,3.12,1645056000,3,0;1;2,PST;PRS;FTR,True,dl_avril,dl_,7,0,,6,1080_0.jpg;1080_0_256.jpg;1080_1.jpg;1080_1_256.jpg;1080_base.jpg;1080_base_256.jpg,1080_0.jpg;1080_0_256.jpg;1080_1.jpg;1080_1_256.jpg;1080_base.jpg;1080_base_256.jpg;preview.ogg,True,,,,alice_light,alice_conflict
261,aurgelmir,"{""en"":""Aurgelmir""}",en,溝口ゆうま feat. 大瀬良あい,122-230,180,1,single,3.12,1647993600,3,0;1;2,PST;PRS;FTR,True,dl_aurgelmir,dl_,3,0,,2,1080_base.jpg;1080_base_256.jpg,1080_base.jpg;1080_base_256.jpg;preview.ogg,True,,,,gc_ouroboros,
262,headbonkache,"{""en"":""Head BONK ache""}",en,saaa ft. MC iwata Bros.,132-165,165,1,single,3.12,1647993602,3,0;1;2,PST;PRS;FTR,True,dl_headbonkache,dl_,3,0,,2,1080_base.jpg;1080_base_256.jpg,1080_base.jpg;1080_base_256.jpg;preview.ogg,True,,,,yugamu,rei
263,ddd,"{""en"":""DDD""}",en,はがね,138,138,0,base,3.12,1647993601,3,0;1;2,PST;PRS;FTR,True,dl_ddd,dl_,3,0,,2,1080_base.jpg;1080_base_256.jpg,1080_base.jpg;1080_base_256.jpg;preview.ogg,True,,,,nijuusei2_light,nijuusei2_conflict
264,prism,"{""en"":""Prism""}",en,bermei.inazawa ft. Chata,107-109,109,0,lanota_append_1,3.12,1651104000,3,0;1;2,PST;PRS;FTR,True,dl_prism,dl_,7,0,,6,1080_0.jpg;1080_0_256.jpg;1080_1.jpg;1080_1_256.jpg;1080_base.jpg;1080_base_256.jpg,1080_0.jpg;1080_0_256.jpg;1080_1.jpg;1080_1_256.jpg;1080_base.jpg;1080_base_256.jpg;preview.ogg,True,,,,lanota-light,lanota-conflict
265,protoflicker,"{""en"":""Protoflicker""}",en,Silentroom,140,140,1,lanota_append_1,3.12,1651104001,3,0;1;2,PST;PRS;FTR,True,dl_protoflicker,dl_,7,0,,6,1080_0.jpg;1080_0_256.jpg;1080_1.jpg;1080_1_256.jpg;1080_base.jpg;1080_base_256.jpg,1080_0.jpg;1080_0_256.jpg;1080_1.jpg;1080_1_256.jpg;1080_base.jpg;1080_base_256.jpg;preview.ogg,True,,,,lanota-conflict,lanota-light
266,stasis,"{""en"":""Stasis""}",en,Maozon,180,180,0,lanota_append_1,3.12,1651104002,3,0;1;2,PST;PRS;FTR,True,dl_stasis,dl_,7,0,,6,1080_0.jpg;1080_0_256.jpg;1080_1.jpg;1080_1_256.jpg;1080_base.jpg;1080_base_256.jpg,1080_0.jpg;1080_0_256.jpg;1080_1.jpg;1080_1_256.jpg;1080_base.jpg;1080_base_256.jpg;preview.ogg,True,,,,quon,
267,picopicotranslation,"{""en"":""PICO-Pico-Translation!"",""ja"":""ピコPico*とらんすれーしょんっ！""}",en;ja,"t+pazolite,ななひら,Cranky,Pico*",185,185,1,single,3.12,1651104003,3,0;1;2,PST;PRS;FTR,True,dl_picopicotranslation,dl_,3,0,,2,1080_base.jpg;1080_base_256.jpg,1080_base.jpg;1080_base_256.jpg;preview.ogg,True,,,,nijuusei-conflict-b,nijuusei-light-b
268,nekonote,"{""en"":""Dancin' on a Cat's Paw"",""ja"":""ネコノテ・カリタガール""}",en;ja,Ino(chronoize),148,148,0,base,3.12,1651104004,3,0;1;2,PST;PRS;FTR,True,dl_nekonote,dl_,3,0,,2,1080_base.jpg;1080_base_256.jpg,1080_base.jpg;1080_base_256.jpg;preview.ogg,True,,,,alice_light,alice_conflict
269,mu,"{""en"":""μ""}",en,Frums,140-190,190,0,single,3.12,1653436801,3,0;1;2,PST;PRS;FTR,True,dl_mu,dl_,3,0,,2,1080_base.jpg;1080_base_256.jpg,1080_base.jpg;1080_base_256.jpg;preview.ogg,True,,,,single2_light,single2_conflict
270,sanskia,"{""en"":""san skia""}",en,ユアミトス,170,170,0,base,3.12,1653436802,3,0;1;2,PST;PRS;FTR,True,dl_sanskia,dl_,3,0,,2,1080_base.jpg;1080_base_256.jpg,1080_base.jpg;1080_base_256.jpg;preview.ogg,True,,,,alice_light,alice_conflict
271,altair,"{""en"":""Altair (feat. *spiLa*)""}",en,kamome sano & you,170,170,0,base,4.0,1657152000,3,0;1;2,PST;PRS;FTR,True,dl_altair,dl_,3,0,,2,1080_base.jpg;1080_base_256.jpg,1080_base.jpg;1080_base_256.jpg;preview.ogg,True,,,,nijuusei2_light,nijuusei2_conflict
272,mukishitsu,"{""en"":""Redraw the Colorless World"",""ja"":""無機質世界に彩を""}",en;ja,MisomyL,155,155,0,base,4.0,1657152001,3,0;1;2,PST;PRS;FTR,True,dl_mukishitsu,dl_,3,0,,2,base.jpg;base_256.jpg,base.jpg;base_256.jpg;preview.ogg,True,,,,prelude_light,prelude_conflict
273,trapcrow,"{""en"":""Trap Crow""}",en,Puru,80,160,1,base,4.0,1657152002,3,0;1;2,PST;PRS;FTR,True,dl_trapcrow,dl_,3,0,,2,1080_base.jpg;1080_base_256.jpg,1080_base.jpg;1080_base_256.jpg;preview.ogg,True,,,,prelude_conflict,prelude_light
274,pupa,"{""en"":""PUPA""}",en,モリモリあつし,202,202,1,single,4.0,1657152003,3,0;1;2,PST;PRS;FTR,True,dl_pupa,dl_,3,0,,2,1080_base.jpg;1080_base_256.jpg,1080_base.jpg;1080_base_256.jpg;preview.ogg,True,,,,single2_conflict,single2_light
275,defection,"{""en"":""Defection""}",en,TeddyLoid feat. DELTA,160,160,0,finale,4.0,1657152004,3,0;1;2,PST;PRS;FTR,True,dl_defection,dl_,3,0,,2,1080_base.jpg;1080_base_256.jpg,1080_base.jpg;1080_base_256.jpg;preview.ogg,True,,,,finale_light,finale_conflict
276,infinitestrife,"{""en"":""Infinite Strife,""}",en,BlackYooh vs. siromaru,198,198,1,finale,4.0,1657152005,4,0;1;2;3,PST;PRS;FTR;BYD,True,dl_infinitestrife,dl_,5,0,,2,1080_base.jpg;1080_base_256.jpg,1080_base.jpg;1080_base_256.jpg;glass.wav;preview.ogg;voice.wav,True,,,,finale_conflict,finale_light
277,worldender,"{""en"":""World Ender"",""ja"":""魔王""}",en;ja,sasakure.UK × TJ.hangneil,190-280,280,0,finale,4.0,1657152006,4,0;1;2;3,PST;PRS;FTR;BYD,True,dl_worldender,dl_,3,0,,2,1080_base.jpg;1080_base_256.jpg,1080_base.jpg;1080_base_256.jpg;preview.ogg,True,,,,finale_light,finale_conflict
278,pentiment,"{""en"":""Pentiment""}",en,Nothing But Requiem with Museo,200-222,222,1,finale,4.0,1657152007,4,0;1;2;3,PST;PRS;FTR;BYD,True,dl_pentiment,dl_,3,0,,2,1080_base.jpg;1080_base_256.jpg,1080_base.jpg;1080_base_256.jpg;preview.ogg,True,,,,pentiment,
279,arcanaeden,"{""en"":""Arcana Eden""}",en,Team Grimoire vs Sakuzyo vs Laur,211,211,1,finale,4.0,1657152008,4,0;1;2;3,PST;PRS;FTR;BYD,True,dl_arcanaeden,dl_,4,0,,2,1080_base.jpg;1080_base_256.jpg,1080_base.jpg;1080_base_256.jpg;kick.wav;preview.ogg,True,,,,arcanaeden,
280,testify,"{""en"":""Testify""}",en,void (Mournfinale) feat. 星熊南巫,178,178,2,finale,4.0,1657152009,4,0;1;2;3,PST;PRS;FTR;BYD,True,dl_testify,dl_,3,0,,2,1080_base.jpg;1080_base_256.jpg,1080_base.jpg;1080_base_256.jpg;preview.ogg,True,,True,,testify,
281,lovelessdress,"{""en"":""Loveless Dress""}",en,かねこちはる,99,99,2,epilogue,4.0,1657756800,3,0;1;2,PST;PRS;FTR,True,dl_lovelessdress,dl_,3,0,,2,1080_base.jpg;1080_base_256.jpg,1080_base.jpg;1080_base_256.jpg;preview.ogg,True,,,,epilogue,
282,last,"{""en"":""Last""}",en,onoken,175,175,2,epilogue,4.0,1657756801,4,0;1;2;3,PST;PRS;FTR;BYD,True,dl_last,dl_,7,0,,4,1080_3.jpg;1080_3_256.jpg;1080_base.jpg;1080_base_256.jpg,1080_3.jpg;1080_3_256.jpg;1080_base.jpg;1080_base_256.jpg;3.ogg;3_preview.ogg;preview.ogg,True,,,,epilogue,
283,lasteternity,"{""en"":""Last | Eternity""}",en,onoken,175,175,2,epilogue,4.0,1657756802,4,0;1;2;3,PST;PRS;FTR;BYD,True,dl_lasteternity,dl_,3,0,,2,1080_base.jpg;1080_base_256.jpg,1080_base.jpg;1080_base_256.jpg;preview.ogg,True,,,,epilogue,
284,callimakarma,"{""en"":""Callima Karma""}",en,t+pazolite vs Feryquitous,95,190,2,epilogue,4.0,1657756803,3,0;1;2,PST;PRS;FTR,True,dl_callimakarma,dl_,3,0,,2,1080_base.jpg;1080_base_256.jpg,1080_base.jpg;1080_base_256.jpg;preview.ogg,True,,,,epilogue,
285,kokoro,"{""en"":""Heart"",""ja"":""心""}",en;ja,削除 (Violin : Katali),80,160,0,ongeki_append_1,4.1,1664409600,3,0;1;2,PST;PRS;FTR,True,dl_kokoro,dl_,3,0,,2,base.jpg;base_256.jpg,base.jpg;base_256.jpg;preview.ogg,True,,,,ongeki_light,ongeki_conflict
286,aidrew,"{""en"":""Ai Drew""}",en,Feryquitous,175,175,1,ongeki_append_1,4.1,1664409601,3,0;1;2,PST;PRS;FTR,True,dl_aidrew,dl_,3,0,,2,base.jpg;base_256.jpg,base.jpg;base_256.jpg;preview.ogg,True,,,,ongeki_conflict,ongeki_light
287,fluffyflash,"{""en"":""FLUFFY FLASH""}",en,Kobaryo,252,252,0,ongeki_append_1,4.1,1664409602,3,0;1;2,PST;PRS;FTR,True,dl_fluffyflash,dl_,3,0,,2,base.jpg;base_256.jpg,base.jpg;base_256.jpg;preview.ogg,True,,,,ongeki_light,ongeki_conflict
288,goodbyemerry,"{""en"":""Good bye, Merry-Go-Round.""}",en,Yooh,185,185,1,ongeki_append_1,4.1,1664409603,3,0;1;2,PST;PRS;FTR,True,dl_goodbyemerry,dl_,3,0,,2,1080_base.jpg;1080_base_256.jpg,1080_base.jpg;1080_base_256.jpg;preview.ogg,True,,,,ongeki_conflict,ongeki_light
289,lamia,"{""en"":""LAMIA""}",en,BlackY,199,199,1,ongeki_append_1,4.1,1664409604,3,0;1;2,PST;PRS;FTR,True,dl_lamia,dl_,3,0,,2,base.jpg;base_256.jpg,base.jpg;base_256.jpg;preview.ogg,True,,,,lamia,
290,freemyself,"{""en"":""Free Myself""}",en,lapix feat. mami,153,153,0,single,4.1,1668038400,3,0;1;2,PST;PRS;FTR,True,dl_freemyself,dl_,3,0,,2,1080_base.jpg;1080_base_256.jpg,1080_base.jpg;1080_base_256.jpg;preview.ogg,True,,,,single2_light,single2_conflict
291,cocorocosmetic,"{""en"":""cocoro*cosmetic""}",en,KOTONOHOUSE,144,144,0,single,4.1,1668038400,3,0;1;2,PST;PRS;FTR,True,dl_cocorocosmetic,dl_,3,0,,2,1080_base.jpg;1080_base_256.jpg,1080_base.jpg;1080_base_256.jpg;preview.ogg,True,,,,single2_light,single2_conflict
292,capella,"{""en"":""Capella""}",en,ARForest,210,210,0,single,4.1,1671667200,3,0;1;2,PST;PRS;FTR,True,dl_capella,dl_,3,0,,2,1080_base.jpg;1080_base_256.jpg,1080_base.jpg;1080_base_256.jpg;preview.ogg,True,,,,hime_light,hime_conflict
293,dialnote,"{""en"":""Dialnote"",""ja"":""だいあるのーと""}",en;ja,七草くりむ,130,130,0,base,4.1,1671667201,3,0;1;2,PST;PRS;FTR,True,dialnote,exact,6,3,0.aff;1.aff;2.aff,2,1080_base.jpg;1080_base_256.jpg,0.aff;1.aff;1080_base.jpg;1080_base_256.jpg;2.aff;base.ogg,False,,,,nijuusei2_light,nijuusei2_conflict
294,tsukinimurakumo,"{""en"":""Tsuki ni Murakumo, Hana ni Kaze"",""ja"":""月に叢雲華に風""}",en;ja,幽閉サテライト,160,160,1,extend_2,4.2,1674691200,3,0;1;2,PST;PRS;FTR,True,dl_tsukinimurakumo,dl_,3,0,,2,1080_base.jpg;1080_base_256.jpg,1080_base.jpg;1080_base_256.jpg;preview.ogg,True,,,,touhou_conflict,touhou_light
295,mantis,"{""en"":""MANTIS (Arcaea Ultra-Bloodrush VIP)""}",en,Akira Complex feat. kiraku,135,135,1,extend_2,4.2,1674691201,3,0;1;2,PST;PRS;FTR,True,dl_mantis,dl_,3,0,,2,1080_base.jpg;1080_base_256.jpg,1080_base.jpg;1080_base_256.jpg;preview.ogg,True,,,,prelude_conflict,prelude_light
296,worldfragments,"{""en"":""World Fragments III(radio edit)""}",en,xi,200,200,0,extend_2,4.2,1674691202,3,0;1;2,PST;PRS;FTR,True,dl_worldfragments,dl_,3,0,,2,1080_base.jpg;1080_base_256.jpg,1080_base.jpg;1080_base_256.jpg;preview.ogg,True,,,,prelude_light,prelude_conflict
297,astrawalkthrough,"{""en"":""Astra walkthrough""}",en,paraoka,225,225,1,extend_2,4.2,1674691203,3,0;1;2,PST;PRS;FTR,True,dl_astrawalkthrough,dl_,3,0,,2,1080_base.jpg;1080_base_256.jpg,1080_base.jpg;1080_base_256.jpg;preview.ogg,True,,,,nijuusei2_conflict,nijuusei2_light
298,chronicle,"{""en"":""Chronicle""}",en,Lime,221,221,0,extend_2,4.2,1674691204,3,0;1;2,PST;PRS;FTR,True,dl_chronicle,dl_,3,0,,2,1080_base.jpg;1080_base_256.jpg,1080_base.jpg;1080_base_256.jpg;preview.ogg,True,,,,vs_light,vs_conflict
299,nullapophenia,"{""en"":""NULL APOPHENIA""}",en,N²,177,177,1,single,4.2,1674691205,3,0;1;2,PST;PRS;FTR,True,dl_nullapophenia,dl_,3,0,,2,1080_base.jpg;1080_base_256.jpg,1080_base.jpg;1080_base_256.jpg;preview.ogg,True,,,,apophenia,
300,crimsonthrone,"{""en"":""Crimson Throne""}",en,Dimier√Lisb,210,210,1,single,4.3,1677715200,3,0;1;2,PST;PRS;FTR,True,dl_crimsonthrone,dl_,3,0,,2,1080_base.jpg;1080_base_256.jpg,1080_base.jpg;1080_base_256.jpg;preview.ogg,True,,,,observer_conflict,observer_light
301,manicjeer,"{""en"":""Manic Jeer""}",en,ルゼ,195,195,1,single,4.3,1677715201,3,0;1;2,PST;PRS;FTR,True,dl_manicjeer,dl_,3,0,,2,1080_base.jpg;1080_base_256.jpg,1080_base.jpg;1080_base_256.jpg;preview.ogg,True,,,,yugamu,rei
302,hiirogekka,"{""en"":""Hiiro Gekka, Kyoushou no Zetsu (nayuta 2017 ver.)"",""ja"":""緋色月下、狂咲ノ絶 (nayuta 2017 ver.)""}",en;ja,nayuta x 黒鳥(EastNewSound),150,150,1,single,4.3,1677715202,3,0;1;2,PST;PRS;FTR,True,dl_hiirogekka,dl_,3,0,,2,1080_base.jpg;1080_base_256.jpg,1080_base.jpg;1080_base_256.jpg;preview.ogg,True,,,,touhou_conflict,touhou_light
303,letsrock,"{""en"":""Let's Rock (Arcaea mix)""}",en,ikaruga_nex vs FALCHiON,210,210,1,extend_2,4.3,1677715203,3,0;1;2,PST;PRS;FTR,True,dl_letsrock,dl_,3,0,,2,1080_base.jpg;1080_base_256.jpg,1080_base.jpg;1080_base_256.jpg;preview.ogg,True,,,,zettai,zettai_light
304,cycles,"{""en"":""CYCLES""}",en,Masayoshi Minoshima feat. 綾倉盟,135,135,0,maimai_append_1,4.3,1677715204,3,0;1;2,PST;PRS;FTR,True,dl_cycles,dl_,3,0,,2,base.jpg;base_256.jpg,base.jpg;base_256.jpg;preview.ogg,True,,,,maimai_light,maimai_conflict
305,maxrage,"{""en"":""MAXRAGE""}",en,EBIMAYO,222,222,1,maimai_append_1,4.3,1677715205,3,0;1;2,PST;PRS;FTR,True,dl_maxrage,dl_,3,0,,2,1080_base.jpg;1080_base_256.jpg,1080_base.jpg;1080_base_256.jpg;preview.ogg,True,,,,maimai_conflict,maimai_light
306,infinity,"{""en"":""[X]""}",en,Blacklolita,162-180,162,1,maimai_append_1,4.3,1677715206,3,0;1;2,PST;PRS;FTR,True,dl_infinity,dl_,3,0,,2,1080_base.jpg;1080_base_256.jpg,1080_base.jpg;1080_base_256.jpg;preview.ogg,True,,,,maimai_conflict,maimai_light
307,temptation,"{""en"":""TEmPTaTiON""}",en,かねこちはる,160,160,0,maimai_append_1,4.3,1677715207,3,0;1;2,PST;PRS;FTR,True,dl_temptation,dl_,3,0,,2,1080_base.jpg;1080_base_256.jpg,1080_base.jpg;1080_base_256.jpg;preview.ogg,True,,,,temptation,
308,primitivelights,"{""en"":""PRIMITIVE LIGHTS""}",en,TAG,205,205,0,single,4.3,1678320000,3,0;1;2,PST;PRS;FTR,True,dl_primitivelights,dl_,3,0,,2,1080_base.jpg;1080_base_256.jpg,1080_base.jpg;1080_base_256.jpg;preview.ogg,True,,,,vs_light,vs_conflict
309,cosmopop,"{""en"":""Cosmo Pop Funclub"",""ja"":""コスモポップファンクラブ""}",en;ja,ナユタン星人,129,129,0,chunithm_append_2,4.4,1679529600,3,0;1;2,PST;PRS;FTR,True,dl_cosmopop,dl_,3,0,,2,1080_base.jpg;1080_base_256.jpg,1080_base.jpg;1080_base_256.jpg;preview.ogg,True,,,,chunithmnew_light,chunithmnew_conflict
310,impact,"{""en"":""IMPACT""}",en,USAO feat. 光吉猛修,210,210,0,chunithm_append_2,4.4,1679529601,4,0;1;2;3,PST;PRS;FTR;BYD,True,dl_impact,dl_,3,0,,2,1080_base.jpg;1080_base_256.jpg,1080_base.jpg;1080_base_256.jpg;preview.ogg,True,,,,chunithmnew_light,chunithmnew_conflict
311,genesischunithm,"{""en"":""Genesis""}",en,Morrigan feat.Lily,150,150,1,chunithm_append_2,4.4,1679529602,3,0;1;2,PST;PRS;FTR,True,dl_genesischunithm,dl_,3,0,,2,1080_base.jpg;1080_base_256.jpg,1080_base.jpg;1080_base_256.jpg;preview.ogg,True,,,,chunithmnew_conflict,chunithmnew_light
312,trrricksters,"{""en"":""Trrricksters!!""}",en,s-don vs. 翡乃イスカ,155,155,1,chunithm_append_2,4.4,1679529603,3,0;1;2,PST;PRS;FTR,True,dl_trrricksters,dl_,3,0,,2,1080_base.jpg;1080_base_256.jpg,1080_base.jpg;1080_base_256.jpg;preview.ogg,True,,,,chunithmnew_conflict,chunithmnew_light
313,spidersthread,"{""en"":""Spider's Thread"",""ja"":""蜘蛛の糸""}",en;ja,きくお×cosMo＠暴走P feat.影縫英,180,180,1,chunithm_append_2,4.4,1679529604,3,0;1;2,PST;PRS;FTR,True,dl_spidersthread,dl_,3,0,,2,1080_base.jpg;1080_base_256.jpg,1080_base.jpg;1080_base_256.jpg;preview.ogg,True,,,,spidersthread,
314,lostemotion,"{""en"":""Lost Emotion feat. nomico""}",en,Masayoshi Minoshima(ALR),172,172,0,extend_2,4.4,1682553600,3,0;1;2,PST;PRS;FTR,True,dl_lostemotion,dl_,3,0,,2,1080_base.jpg;1080_base_256.jpg,1080_base.jpg;1080_base_256.jpg;preview.ogg,True,,,,touhou_light,touhou_conflict
315,gimmick,"{""en"":""GIMMICK""}",en,Ms.Sill,143,143,1,extend_2,4.4,1682553601,3,0;1;2,PST;PRS;FTR,True,dl_gimmick,dl_,3,0,,2,1080_base.jpg;1080_base_256.jpg,1080_base.jpg;1080_base_256.jpg;preview.ogg,True,,,,prelude_conflict,prelude_light
316,thesurvivor,"{""en"":""The Survivor (Game Edit)""}",en,Taishi,132,132,1,single,4.4,1682553602,3,0;1;2,PST;PRS;FTR,True,dl_thesurvivor,dl_,3,0,,2,1080_base.jpg;1080_base_256.jpg,1080_base.jpg;1080_base_256.jpg;preview.ogg,True,,,,nijuusei2_conflict,nijuusei2_light
317,newyorkbackraise,"{""en"":""New York Back Raise""}",en,saaa + kei_iwata + stuv + わかどり,160,160,1,single,4.4,1682553603,3,0;1;2,PST;PRS;FTR,True,dl_newyorkbackraise,dl_,3,0,,2,1080_base.jpg;1080_base_256.jpg,1080_base.jpg;1080_base_256.jpg;preview.ogg,True,,,,single2_conflict,single2_light
318,galacticlove,"{""en"":""Galactic Love""}",en,La prière,145,145,0,single,4.4,1684972800,3,0;1;2,PST;PRS;FTR,True,dl_galacticlove,dl_,3,0,,2,1080_base.jpg;1080_base_256.jpg,1080_base.jpg;1080_base_256.jpg;preview.ogg,True,,,,single2_light,single2_conflict
319,lawlesspoint,"{""en"":""Lawless Point"",""ja"":""無法地点""}",en;ja,La prière,148,148,1,extend_2,4.4,1684972801,3,0;1;2,PST;PRS;FTR,True,dl_lawlesspoint,dl_,3,0,,2,1080_base.jpg;1080_base_256.jpg,1080_base.jpg;1080_base_256.jpg;preview.ogg,True,,,,single2_conflict,single2_light
320,lostintheabyss,"{""en"":""Lost in the Abyss""}",en,FELT,183,183,1,single,4.4,1684972802,3,0;1;2,PST;PRS;FTR,True,dl_lostintheabyss,dl_,3,0,,2,1080_base.jpg;1080_base_256.jpg,1080_base.jpg;1080_base_256.jpg;preview.ogg,True,,,,touhou_conflict,touhou_light
321,hybris,"{""en"":""Hybris (The one who shattered)"",""ja"":""ヒュブリスの頂に聳えるのは""}",en;ja,qfeileadh feat.のあ,158,158,1,extend_2,4.4,1684972803,3,0;1;2,PST;PRS;FTR,True,dl_hybris,dl_,3,0,,2,1080_base.jpg;1080_base_256.jpg,1080_base.jpg;1080_base_256.jpg;preview.ogg,True,,,,vs_conflict,vs_light
322,tothemilkyway,"{""en"":""To the Milky Way""}",en,黒魔,186,186,0,single,4.4,1684972804,3,0;1;2,PST;PRS;FTR,True,dl_tothemilkyway,dl_,3,0,,2,1080_base.jpg;1080_base_256.jpg,1080_base.jpg;1080_base_256.jpg;preview.ogg,True,,,,nijuusei2_light,nijuusei2_conflict
323,internetyamero,"{""en"":""INTERNET YAMERO""}",en,Aiobahn feat. KOTOKO,185,185,1,single,4.5,1687910400,3,0;1;2,PST;PRS;FTR,True,dl_internetyamero,dl_,3,0,,2,1080_base.jpg;1080_base_256.jpg,1080_base.jpg;1080_base_256.jpg;preview.ogg,True,,,,single2_conflict,single2_light
324,bulletwaiting,"{""en"":""Bullet Waiting for Me (James Landino remix)""}",en,Nikki Simmons,107,107,0,cytusii,4.5,1687910401,3,0;1;2,PST;PRS;FTR,True,dl_bulletwaiting,dl_,3,0,,2,1080_base.jpg;1080_base_256.jpg,1080_base.jpg;1080_base_256.jpg;preview.ogg,True,,,,cytus_light,cytus_conflict
325,devillicsphere,"{""en"":""Devillic Sphere""}",en,3R2,160,160,1,cytusii,4.5,1687910402,3,0;1;2,PST;PRS;FTR,True,dl_devillicsphere,dl_,3,0,,2,1080_base.jpg;1080_base_256.jpg,1080_base.jpg;1080_base_256.jpg;preview.ogg,True,,,,cytus_conflict,cytus_light
326,lucidtraveler,"{""en"":""Lucid Traveler""}",en,Akira Complex vs 3R2,170-200,170,1,cytusii,4.5,1687910403,3,0;1;2,PST;PRS;FTR,True,dl_lucidtraveler,dl_,5,0,,4,1080_2.jpg;1080_2_256.jpg;1080_base.jpg;1080_base_256.jpg,1080_2.jpg;1080_2_256.jpg;1080_base.jpg;1080_base_256.jpg;preview.ogg,True,,,,cytus_conflict,cytus_light
327,chaos,"{""en"":""CHAOS""}",en,Æsir,150,150,1,cytusii,4.5,1687910404,3,0;1;2,PST;PRS;FTR,True,dl_chaos,dl_,3,0,,2,1080_base.jpg;1080_base_256.jpg,1080_base.jpg;1080_base_256.jpg;preview.ogg,True,,,,cytus_boss,
328,usedtobe,"{""en"":""Used to be""}",en,KIVΛ,140,140,0,cytusii,4.5,1687910405,3,0;1;2,PST;PRS;FTR,True,dl_usedtobe,dl_,3,0,,2,1080_base.jpg;1080_base_256.jpg,1080_base.jpg;1080_base_256.jpg;preview.ogg,True,,,,cytus_light,cytus_conflict
329,ultimatetaste,"{""en"":""Ultimate taste""}",en,ぱらどっと,200,200,0,extend_2,4.6,1689724800,3,0;1;2,PST;PRS;FTR,True,dl_ultimatetaste,dl_,3,0,,2,1080_base.jpg;1080_base_256.jpg,1080_base.jpg;1080_base_256.jpg;preview.ogg,True,,,,touhou_light,touhou_conflict
330,syuten,"{""en"":""syūten"",""ko_dialog"":""syuten""}",en;ko_dialog,"Apo11o""COLLAPSAR""program ft. 大瀬良あい",76-96,96,0,cytusii_append_1,4.6,1689724801,3,0;1;2,PST;PRS;FTR,True,dl_syuten,dl_,3,0,,2,1080_base.jpg;1080_base_256.jpg,1080_base.jpg;1080_base_256.jpg;preview.ogg,True,,,,cytus_light,cytus_conflict
331,drg,"{""en"":""DRG""}",en,onoken,155,155,0,cytusii_append_1,4.6,1689724802,3,0;1;2,PST;PRS;FTR,True,dl_drg,dl_,3,0,,2,1080_base.jpg;1080_base_256.jpg,1080_base.jpg;1080_base_256.jpg;preview.ogg,True,,,,cytus_light,cytus_conflict
332,nnglooms,"{""en"":""99 Glooms""}",en,Sta,185,185,1,cytusii_append_1,4.6,1689724803,3,0;1;2,PST;PRS;FTR,True,dl_nnglooms,dl_,3,0,,2,1080_base.jpg;1080_base_256.jpg,1080_base.jpg;1080_base_256.jpg;preview.ogg,True,,,,cytus_conflict,cytus_light
333,ii,"{""en"":"" ͟͝͞Ⅱ́̕ "",""zh-Hant"":""II"",""zh-Hans"":""II"",""ko"":""II""}",en;ko;zh-Hans;zh-Hant,Cytus,130-150,150,1,cytusii_append_1,4.6,1689724804,3,0;1;2,PST;PRS;FTR,True,dl_ii,dl_,7,0,,6,1080_0.jpg;1080_0_256.jpg;1080_1.jpg;1080_1_256.jpg;1080_base.jpg;1080_base_256.jpg,1080_0.jpg;1080_0_256.jpg;1080_1.jpg;1080_1_256.jpg;1080_base.jpg;1080_base_256.jpg;preview.ogg,True,,,,cytus_boss,
334,magnolia,"{""en"":""Magnolia""}",en,M2U Vocal by Guriri,160,160,0,cytusii_append_1,4.6,1689724805,3,0;1;2,PST;PRS;FTR,True,dl_magnolia,dl_,3,0,,2,1080_base.jpg;1080_base_256.jpg,1080_base.jpg;1080_base_256.jpg;preview.ogg,True,,,,magnolia,
335,sacrifice,"{""en"":""SACRIFICE feat. ayame""}",en,Masayoshi Minoshima(ALR),180,180,1,single,4.7,1692230400,3,0;1;2,PST;PRS;FTR,True,dl_sacrifice,dl_,3,0,,2,1080_base.jpg;1080_base_256.jpg,1080_base.jpg;1080_base_256.jpg;preview.ogg,True,,,,touhou_conflict,touhou_light
336,rgb,"{""en"":""RGB""}",en,MEMODEMO X AQUASINE,163,163,0,extend_2,4.7,1692230401,3,0;1;2,PST;PRS;FTR,True,dl_rgb,dl_,3,0,,2,1080_base.jpg;1080_base_256.jpg,1080_base.jpg;1080_base_256.jpg;preview.ogg,True,,,,observer_light,observer_conflict
337,waitfordawn,"{""en"":""WAIT FOR DAWN""}",en,U-ske feat. 棗いつき,188,188,0,eden,4.7,1692230402,3,0;1;2,PST;PRS;FTR,True,dl_waitfordawn,dl_,3,0,,2,1080_base.jpg;1080_base_256.jpg,1080_base.jpg;1080_base_256.jpg;preview.ogg,True,,,,eden_light,eden_conflict
338,ravenspride,"{""en"":""Raven's Pride"",""ja"":""レイヴンズ・プライド""}",en;ja,みーに feat. はらもりよしな,165,165,1,eden,4.7,1692230403,3,0;1;2,PST;PRS;FTR,True,dl_ravenspride,dl_,3,0,,2,1080_base.jpg;1080_base_256.jpg,1080_base.jpg;1080_base_256.jpg;preview.ogg,True,,,,eden_conflict,eden_light
339,riseoftheworld,"{""en"":""Rise of the World""}",en,cosMo＠暴走P,182-212,212,0,eden,4.7,1692230404,3,0;1;2,PST;PRS;FTR,True,dl_riseoftheworld,dl_,3,0,,2,1080_base.jpg;1080_base_256.jpg,1080_base.jpg;1080_base_256.jpg;preview.ogg,True,,,,eden_light,eden_conflict
340,unknownlevels,"{""en"":""UNKNOWN LEVELS""}",en,Yuta Imai,110-165,165,1,eden,4.7,1692230405,3,0;1;2,PST;PRS;FTR,True,dl_unknownlevels,dl_,3,0,,2,1080_base.jpg;1080_base_256.jpg,1080_base.jpg;1080_base_256.jpg;preview.ogg,True,,,,eden_conflict,eden_light
341,abstrusedilemma,"{""en"":""Abstruse Dilemma""}",en,Ashrount vs. 打打だいず,216,216,0,eden,4.7,1692230406,3,0;1;2,PST;PRS;FTR,True,dl_abstrusedilemma,dl_,3,0,,2,1080_base.jpg;1080_base_256.jpg,1080_base.jpg;1080_base_256.jpg;preview.ogg,True,,,,eden_boss,
342,matenrou,"{""en"":""Kanjou no Matenrou ～Arr.Demetori"",""ja"":""感情の摩天楼 ～Arr.Demetori""}",en;ja,Demetori,178,178,1,extend_2,4.7,1694664000,3,0;1;2,PST;PRS;FTR,True,dl_matenrou,dl_,3,0,,2,1080_base.jpg;1080_base_256.jpg,1080_base.jpg;1080_base_256.jpg;preview.ogg,True,,,,touhou_conflict,touhou_light
343,tothefurthestdream,"{""en"":""To the Furthest Dream"",""ja"":""彼方の夢へと""}",en;ja,ii/night feat. 綺良雪,183,183,2,single,4.7,1694664001,3,0;1;2,PST;PRS;FTR,True,dl_tothefurthestdream,dl_,7,0,,6,1080_0.jpg;1080_0_256.jpg;1080_1.jpg;1080_1_256.jpg;1080_base.jpg;1080_base_256.jpg,1080_0.jpg;1080_0_256.jpg;1080_1.jpg;1080_1_256.jpg;1080_base.jpg;1080_base_256.jpg;preview.ogg,True,,,,epilogue,
344,remindthesouls,"{""en"":""Remind the Souls (Short Version)""}",en,Nhato,130,130,0,base,5.0,1695772800,3,0;1;2,PST;PRS;FTR,True,remindthesouls,exact,6,3,0.aff;1.aff;2.aff,2,1080_base.jpg;1080_base_256.jpg,0.aff;1.aff;1080_base.jpg;1080_base_256.jpg;2.aff;base.ogg,False,,,,hime_light,hime_conflict
345,dynitikos,"{""en"":""Dynitikós"",""ko_dialog"":""Dynitikos""}",en;ko_dialog,Prower,180,180,1,extend_2,5.0,1695772801,3,0;1;2,PST;PRS;FTR,True,dl_dynitikos,dl_,3,0,,2,1080_base.jpg;1080_base_256.jpg,1080_base.jpg;1080_base_256.jpg;preview.ogg,True,,,,nijuusei2_conflict,nijuusei2_light
346,amekagura,"{""en"":""Amekagura"",""ja"":""雨神楽""}",en;ja,荒谷サトル,105,210,0,extend_2,5.0,1695772802,3,0;1;2,PST;PRS;FTR,True,dl_amekagura,dl_,3,0,,2,1080_base.jpg;1080_base_256.jpg,1080_base.jpg;1080_base_256.jpg;preview.ogg,True,,,,omatsuri_light,omatsuri_conflict
347,bbkkbkk,"{""en"":""B.B.K.K.B.K.K.""}",en,nora2r,170,170,1,single,5.0,1695772803,3,0;1;2,PST;PRS;FTR,True,dl_bbkkbkk,dl_,3,0,,2,1080_base.jpg;1080_base_256.jpg,1080_base.jpg;1080_base_256.jpg;preview.ogg,True,,,,single2_conflict,single2_light
348,primevaltexture,"{""en"":""Primeval Texture""}",en,くるぶっこちゃん,120,120,0,eden_append_1,5.0,1695772804,3,0;1;2,PST;PRS;FTR,True,dl_primevaltexture,dl_,3,0,,2,1080_base.jpg;1080_base_256.jpg,1080_base.jpg;1080_base_256.jpg;preview.ogg,True,,,,eden_append_light,eden_append_conflict
349,technicolour,"{""en"":""Technicolour""}",en,Maozon,175,175,0,eden_append_1,5.0,1695772805,3,0;1;2,PST;PRS;FTR,True,dl_technicolour,dl_,3,0,,2,1080_base.jpg;1080_base_256.jpg,1080_base.jpg;1080_base_256.jpg;preview.ogg,True,,,,eden_append_light,eden_append_conflict
350,logos,"{""en"":""Logos""}",en,polysha feat. 高城みよ,189,189,1,eden_append_1,5.0,1695772806,3,0;1;2,PST;PRS;FTR,True,dl_logos,dl_,3,0,,2,1080_base.jpg;1080_base_256.jpg,1080_base.jpg;1080_base_256.jpg;preview.ogg,True,,,,eden_append_conflict,eden_append_light
351,egoeimi,"{""en"":""Ego Eimi""}",en,BlackY feat. Risa Yuzuki,178,178,1,eden_append_1,5.0,1695772807,3,0;1;2,PST;PRS;FTR,True,dl_egoeimi,dl_,3,0,,2,1080_base.jpg;1080_base_256.jpg,1080_base.jpg;1080_base_256.jpg;preview.ogg,True,,,,eden_append_conflict,eden_append_light
352,arghena,"{""en"":""Arghena""}",en,Feryquitous vs Laur,185,185,1,eden_append_1,5.0,1695772808,3,0;1;2,PST;PRS;FTR,True,dl_arghena,dl_,3,0,,2,1080_base.jpg;1080_base_256.jpg,1080_base.jpg;1080_base_256.jpg;preview.ogg,True,,,,arghena,arghena
353,fantasy,"{""en"":""FANTA5Y""}",en,Moon Jelly & YUKIYANAGI,170,170,0,extend_2,5.1,1698278400,3,0;1;2,PST;PRS;FTR,True,dl_fantasy,dl_,3,0,,2,1080_base.jpg;1080_base_256.jpg,1080_base.jpg;1080_base_256.jpg;preview.ogg,True,,,,hime_light,hime_conflict
354,transientspace,"{""en"":""Transient Space""}",en,"sleepless, Gardens, aspect",115-132,132,1,eden_append_2,5.1,1698278401,3,0;1;2,PST;PRS;FTR,True,dl_transientspace,dl_,3,0,,2,1080_base.jpg;1080_base_256.jpg,1080_base.jpg;1080_base_256.jpg;preview.ogg,True,,,,eden_append_conflict,eden_append_light
355,namelesspassion,"{""en"":""Nameless Passion""}",en,天束 feat.Sennzai,200,200,1,eden_append_2,5.1,1698278402,3,0;1;2,PST;PRS;FTR,True,dl_namelesspassion,dl_,3,0,,2,1080_base.jpg;1080_base_256.jpg,1080_base.jpg;1080_base_256.jpg;preview.ogg,True,,,,eden_append_conflict,eden_append_light
356,teravolt,"{""en"":""TeraVolt""}",en,Katali,154,154,1,eden_append_2,5.1,1698278403,3,0;1;2,PST;PRS;FTR,True,dl_teravolt,dl_,3,0,,2,1080_base.jpg;1080_base_256.jpg,1080_base.jpg;1080_base_256.jpg;preview.ogg,True,,,,eden_append_conflict,eden_append_light
357,stratoliner,"{""en"":""Stratoliner""}",en,C-Show,175,175,1,wacca_append_1,5.2,1701302400,3,0;1;2,PST;PRS;FTR,True,dl_stratoliner,dl_,3,0,,2,1080_base.jpg;1080_base_256.jpg,1080_base.jpg;1080_base_256.jpg;preview.ogg,True,,,,wacca_conflict,wacca_light
358,ouverture,"{""en"":""Ouvertüre"",""ko_dialog"":""Ouverture""}",en;ko_dialog,USAO & DJ Genki feat. ルーン(CV:河瀬茉希),200,200,1,wacca_append_1,5.2,1701302401,3,0;1;2,PST;PRS;FTR,True,dl_ouverture,dl_,3,0,,2,1080_base.jpg;1080_base_256.jpg,1080_base.jpg;1080_base_256.jpg;preview.ogg,True,,,,wacca_conflict,wacca_light
359,xtreme,"{""en"":""XTREME""}",en,USAO,205,205,1,wacca_append_1,5.2,1701302402,3,0;1;2,PST;PRS;FTR,True,dl_xtreme,dl_,3,0,,2,1080_base.jpg;1080_base_256.jpg,1080_base.jpg;1080_base_256.jpg;preview.ogg,True,,,,wacca_conflict,wacca_light
360,edenwacca,"{""en"":""eden""}",en,"""漆黒""の堕天使《Gram》†Versus†""聖刻""の熾天使《Gram》",246,246,1,wacca_append_1,5.2,1701302403,3,0;1;2,PST;PRS;FTR,True,dl_edenwacca,dl_,3,0,,2,1080_base.jpg;1080_base_256.jpg,1080_base.jpg;1080_base_256.jpg;preview.ogg,True,,,,wacca_conflict,wacca_light
361,metamysteria,"{""en"":""Meta-Mysteria""}",en,DJ Noriken,205,205,0,wacca_append_1,5.2,1701302404,3,0;1;2,PST;PRS;FTR,True,dl_metamysteria,dl_,3,0,,2,1080_base.jpg;1080_base_256.jpg,1080_base.jpg;1080_base_256.jpg;preview.ogg,True,,,,meta_mysteria,meta_mysteria
362,aloneandlorn,"{""en"":""Alone & Lorn"",""ja"":""アローンアンドローン""}",en;ja,Ponchi♪ feat.はぁち,100,200,0,extend_2,5.2,1701302405,3,0;1;2,PST;PRS;FTR,True,dl_aloneandlorn,dl_,3,0,,2,1080_base.jpg;1080_base_256.jpg,1080_base.jpg;1080_base_256.jpg;preview.ogg,True,,,,eden_light,eden_conflict
363,wishuponasnow,"{""en"":""Wish Upon a Snow""}",en,打打だいず,218,218,0,single,5.2,1701302406,3,0;1;2,PST;PRS;FTR,True,dl_wishuponasnow,dl_,3,0,,2,1080_base.jpg;1080_base_256.jpg,1080_base.jpg;1080_base_256.jpg;preview.ogg,True,,,,eden_light,eden_conflict
364,overdrive,"{""en"":""Kanbu de Tomatte Sugu Tokeru"",""ja"":""患部で止まってすぐ溶ける　〜 狂気の優曇華院""}",en;ja,ARM＋夕野ヨシミ (IOSYS) feat. miko,200,200,0,single,5.2,1703116800,3,0;1;2,PST;PRS;FTR,True,dl_overdrive,dl_,3,0,,2,1080_base.jpg;1080_base_256.jpg,1080_base.jpg;1080_base_256.jpg;preview.ogg,True,,,,touhou_light,touhou_conflict
365,felys,"{""en"":""felys final remix""}",en,onoken,180,180,1,extend_2,5.2,1703116801,3,0;1;2,PST;PRS;FTR,True,dl_felys,dl_,3,0,,2,1080_base.jpg;1080_base_256.jpg,1080_base.jpg;1080_base_256.jpg;preview.ogg,True,,,,prelude_conflict,prelude_light
366,onandon,"{""en"":""On And On!! feat. Jenga""}",en,ETIA.,170,170,0,extend_2,5.2,1703116802,3,0;1;2,PST;PRS;FTR,True,dl_onandon,dl_,3,0,,2,1080_base.jpg;1080_base_256.jpg,1080_base.jpg;1080_base_256.jpg;preview.ogg,True,,,,nijuusei2_light,nijuusei2_conflict
367,lightmyway,"{""en"":""LIVHT MY WΔY""}",en,かめりあ feat. STΔRLIVHT,190,190,1,single,5.2,1703116802,3,0;1;2,PST;PRS;FTR,True,dl_lightmyway,dl_,3,0,,2,1080_base.jpg;1080_base_256.jpg,1080_base.jpg;1080_base_256.jpg;preview.ogg,True,,,,single2_conflict,single2_light
368,hotarubinoyuki,"{""en"":""Hotarubi no Yuki"",""ja"":""蛍火の雪""}",en;ja,Endorfin.,159,159,0,omatsuri,5.2,1705017600,3,0;1;2,PST;PRS;FTR,True,dl_hotarubinoyuki,dl_,3,0,,2,1080_base.jpg;1080_base_256.jpg,1080_base.jpg;1080_base_256.jpg;preview.ogg,True,,,,omatsuri_light,omatsuri_conflict
369,theformula,"{""en"":""The Formula""}",en,Junk,144,144,0,base,5.3,1706140807,3,0;1;2,PST;PRS;FTR,True,theformula,exact,6,3,0.aff;1.aff;2.aff,2,1080_base.jpg;1080_base_256.jpg,0.aff;1.aff;1080_base.jpg;1080_base_256.jpg;2.aff;base.ogg,False,,,,nijuusei2_light,nijuusei2_conflict
370,lunarossa,"{""en"":""Luna Rossa""}",en,r0y,174,174,1,single,5.3,1706140808,3,0;1;2,PST;PRS;FTR,True,dl_lunarossa,dl_,3,0,,2,1080_base.jpg;1080_base_256.jpg,1080_base.jpg;1080_base_256.jpg;preview.ogg,True,,,,yugamu,rei
371,jingle,"{""en"":""Jingle""}",en,DJ Noriken,170,170,0,base,5.4,1709856003,4,0;1;2;4,PST;PRS;FTR;ETR,True,jingle,exact,7,4,0.aff;1.aff;2.aff;4.aff,2,1080_base.jpg;1080_base_256.jpg,0.aff;1.aff;1080_base.jpg;1080_base_256.jpg;2.aff;4.aff;base.ogg,False,,,,single2_light,single2_conflict
372,innocence,"{""en"":""Innocence""}",en,Powerless feat. Sennzai,190,190,0,single,5.4,1709856004,4,0;1;2;4,PST;PRS;FTR;ETR,True,dl_innocence,dl_,3,0,,2,1080_base.jpg;1080_base_256.jpg,1080_base.jpg;1080_base_256.jpg;preview.ogg,True,,,,vs_light,vs_conflict
373,ionostream,"{""en"":""IONOSTREAM""}",en,Tatsh,220-254,254,1,single,5.4,1709856005,4,0;1;2;4,PST;PRS;FTR;ETR,True,dl_ionostream,dl_,3,0,,2,1080_base.jpg;1080_base_256.jpg,1080_base.jpg;1080_base_256.jpg;preview.ogg,True,,,,nijuusei2_conflict,nijuusei2_light
374,alephzero,"{""en"":""Aleph-0""}",en,LeaF,35-400,250,1,extend_2,5.4,1709856006,3,0;1;2,PST;PRS;FTR,True,dl_alephzero,dl_,3,0,,2,1080_base.jpg;1080_base_256.jpg,1080_base.jpg;1080_base_256.jpg;preview.ogg,True,,,,single2_conflict,single2_light
375,masqueradelegion,"{""en"":""Masquerade Legion""}",en,Srav3R & DJ Noriken,175,175,1,single,5.4,1709856007,3,0;1;2,PST;PRS;FTR,True,dl_masqueradelegion,dl_,3,0,,2,1080_base.jpg;1080_base_256.jpg,1080_base.jpg;1080_base_256.jpg;preview.ogg,True,,,,tanoc_conflict,tanoc_light
376,kyorenromance,"{""en"":""KYOREN ROMANCE"",""ja"":""狂恋ROMANCE""}",en;ja,REDALiCE vs DJ Myosuke feat. DELUTAYA,205,205,1,single,5.4,1709856008,3,0;1;2,PST;PRS;FTR,True,dl_kyorenromance,dl_,3,0,,2,1080_base.jpg;1080_base_256.jpg,1080_base.jpg;1080_base_256.jpg;preview.ogg,True,,,,saikyostronger,
377,qovat,"{""en"":""Qovat""}",en,owl＊tree,122,122,1,single,5.4,1709856009,3,0;1;2,PST;PRS;FTR,True,dl_qovat,dl_,3,0,,2,1080_base.jpg;1080_base_256.jpg,1080_base.jpg;1080_base_256.jpg;preview.ogg,True,,,,hime_conflict,hime_light
378,hellohell,"{""en"":""HELLOHELL""}",en,暁Records,155,155,1,extend_3,5.5,1711324800,4,0;1;2;4,PST;PRS;FTR;ETR,True,dl_hellohell,dl_,3,0,,2,1080_base.jpg;1080_base_256.jpg,1080_base.jpg;1080_base_256.jpg;preview.ogg,True,,,,touhou_conflict,touhou_light
379,ichirin,"{""en"":""〇、"",""ko_dialog"":""、""}",en;ko_dialog,Kolaa & 熊子,145,145,0,extend_3,5.5,1711324801,3,0;1;2,PST;PRS;FTR,True,dl_ichirin,dl_,3,0,,2,1080_base.jpg;1080_base_256.jpg,1080_base.jpg;1080_base_256.jpg;preview.ogg,True,,,,prelude_light,prelude_conflict
380,awakeninruins,"{""en"":""Awaken In Ruins""}",en,Supa7onyz,125,125,1,extend_3,5.5,1711324802,3,0;1;2,PST;PRS;FTR,True,dl_awakeninruins,dl_,3,0,,2,1080_base.jpg;1080_base_256.jpg,1080_base.jpg;1080_base_256.jpg;preview.ogg,True,,,,prelude_conflict,prelude_light
381,morningloom,"{""en"":""MORNINGLOOM""}",en,saaa,102,204,0,extend_3,5.5,1711324803,4,0;1;2;4,PST;PRS;FTR;ETR,True,dl_morningloom,dl_,3,0,,2,1080_base.jpg;1080_base_256.jpg,1080_base.jpg;1080_base_256.jpg;preview.ogg,True,,,,rei,yugamu
382,lethalvoltage,"{""en"":""Lethal Voltage""}",en,siqlo,190,190,1,extend_3,5.5,1711324804,3,0;1;2,PST;PRS;FTR,True,dl_lethalvoltage,dl_,3,0,,2,1080_base.jpg;1080_base_256.jpg,1080_base.jpg;1080_base_256.jpg;preview.ogg,True,,,,single2_conflict,single2_light
383,mirinae,"{""en"":""MIRINAE""}",en,TAK × Zekk,180,180,0,single,5.5,1711324805,3,0;1;2,PST;PRS;FTR,True,dl_mirinae,dl_,3,0,,2,1080_base.jpg;1080_base_256.jpg,1080_base.jpg;1080_base_256.jpg;preview.ogg,True,,,,nijuusei2_light,nijuusei2_conflict
384,ultradiaxon,"{""en"":""ultradiaxon-N3""}",en,nitro (lowiro),150,150,1,single,5.5,1712016000,3,0;1;2,PST;PRS;FTR,True,dl_ultradiaxon,dl_,3,0,,2,1080_base.jpg;1080_base_256.jpg,1080_base.jpg;1080_base_256.jpg;preview.ogg,True,,,,single2_conflict,single2_light
385,leaveallbehind,"{""en"":""Leave All Behind""}",en,rider,150,150,1,extend_3,5.6,1714003200,3,0;1;2,PST;PRS;FTR,True,dl_leaveallbehind,dl_,3,0,,2,1080_base.jpg;1080_base_256.jpg,1080_base.jpg;1080_base_256.jpg;preview.ogg,True,,,,prelude_conflict,prelude_light
386,distortedfate,"{""en"":""Distorted Fate""}",en,Sakuzyo,150,200,1,single,5.6,1714003201,4,0;1;2;4,PST;PRS;FTR;ETR,True,dl_distortedfate,dl_,3,0,,2,1080_base.jpg;1080_base_256.jpg,1080_base.jpg;1080_base_256.jpg;preview.ogg,True,,,,vs_conflict,vs_light
387,floatingworld,"{""en"":""Floating World""}",en,baker feat. botan,174,174,0,single,5.6,1714003202,3,0;1;2,PST;PRS;FTR,True,dl_floatingworld,dl_,3,0,,2,1080_base.jpg;1080_base_256.jpg,1080_base.jpg;1080_base_256.jpg;preview.ogg,True,,,,nijuusei2_light,nijuusei2_conflict
388,chromafill,"{""en"":""Chromafill""}",en,ていぬ,179,179,0,single,5.6,1714003203,3,0;1;2,PST;PRS;FTR,True,dl_chromafill,dl_,3,0,,2,1080_base.jpg;1080_base_256.jpg,1080_base.jpg;1080_base_256.jpg;preview.ogg,True,,,,observer_light,observer_conflict
389,desive,"{""en"":""Désive"",""ko_dialog"":""Desive""}",en;ko_dialog,MisomyL,180-230,230,0,single,5.6,1714003204,4,0;1;2;4,PST;PRS;FTR;ETR,True,dl_desive,dl_,3,0,,2,1080_base.jpg;1080_base_256.jpg,1080_base.jpg;1080_base_256.jpg;preview.ogg,True,,,,rei,yugamu
390,epicurus,"{""en"":""Hidden Rainbows of Epicurus"",""ja"":""エピクロスの虹はもう見えない""}",en;ja,SYNC.ART'S feat.Misato,155,155,0,base,5.7,1717027200,4,0;1;2;4,PST;PRS;FTR;ETR,True,epicurus,exact,7,4,0.aff;1.aff;2.aff;4.aff,2,1080_base.jpg;1080_base_256.jpg,0.aff;1.aff;1080_base.jpg;1080_base_256.jpg;2.aff;4.aff;base.ogg,False,,,,touhou_light,touhou_conflict
391,tasogare,"{""en"":""Twilight Concerto"",""ja"":""黄昏の協奏曲""}",en;ja,Scarlette,194,194,1,single,5.7,1717027201,4,0;1;2;4,PST;PRS;FTR;ETR,True,dl_tasogare,dl_,3,0,,2,1080_base.jpg;1080_base_256.jpg,1080_base.jpg;1080_base_256.jpg;preview.ogg,True,,,,nijuusei2_conflict,nijuusei2_light
392,oldschoolsalvage,"{""en"":""Old School Salvage""}",en,DJ SHARPNEL,205,205,1,extend_3,5.7,1717027202,3,0;1;2,PST;PRS;FTR,True,dl_oldschoolsalvage,dl_,3,0,,2,1080_base.jpg;1080_base_256.jpg,1080_base.jpg;1080_base_256.jpg;preview.ogg,True,,,,prelude_conflict,prelude_light
393,beautifuldreamer,"{""en"":""Beautiful Dreamer""}",en,M-Project,188,188,0,single,5.7,1717027203,3,0;1;2,PST;PRS;FTR,True,dl_beautifuldreamer,dl_,3,0,,2,1080_base.jpg;1080_base_256.jpg,1080_base.jpg;1080_base_256.jpg;preview.ogg,True,,,,single2_light,single2_conflict
394,backtobasics,"{""en"":""Back to Basics""}",en,m1dy,420,420,1,single,5.7,1717027204,3,0;1;2,PST;PRS;FTR,True,dl_backtobasics,dl_,3,0,,2,1080_base.jpg;1080_base_256.jpg,1080_base.jpg;1080_base_256.jpg;preview.ogg,True,,,,single2_conflict,single2_light
395,stargateextreme,"{""en"":""STARGATE EXTREME""}",en,KARUT,150,150,1,single,5.8,1719446400,4,0;1;2;4,PST;PRS;FTR;ETR,True,dl_stargateextreme,dl_,3,0,,2,1080_base.jpg;1080_base_256.jpg,1080_base.jpg;1080_base_256.jpg;preview.ogg,True,,,,nijuusei2_conflict,nijuusei2_light
396,signof,"{""en"":""Sign of \""10.5km\""""}",en,渡部恭久,160,160,0,groovecoaster_append_1,5.8,1719446401,3,0;1;2,PST;PRS;FTR,True,dl_signof,dl_,3,0,,2,base.jpg;base_256.jpg,base.jpg;base_256.jpg;preview.ogg,True,,,,gc_light,gc_conflict
397,temptationgc,"{""en"":""10pt8ion""}",en,Lite Show Magic,128-185,185,1,groovecoaster_append_1,5.8,1719446402,4,0;1;2;4,PST;PRS;FTR;ETR,True,dl_temptationgc,dl_,3,0,,2,base.jpg;base_256.jpg,base.jpg;base_256.jpg;preview.ogg,True,,,,gc_conflict,gc_light
398,blackmind,"{""en"":""Black MInD""}",en,COSIO,192,192,1,groovecoaster_append_1,5.8,1719446403,3,0;1;2,PST;PRS;FTR,True,dl_blackmind,dl_,3,0,,2,base.jpg;base_256.jpg,base.jpg;base_256.jpg;preview.ogg,True,,,,gc_ouroboros,
399,hypervision,"{""en"":""HYPER VISION""}",en,VOLTA,155,155,1,single,5.8,1719446404,3,0;1;2,PST;PRS;FTR,True,dl_hypervision,dl_,3,0,,2,1080_base.jpg;1080_base_256.jpg,1080_base.jpg;1080_base_256.jpg;preview.ogg,True,,,,single2_conflict,single2_light
401,distortionhuman,"{""en"":""Distortion Human"",""ja"":""ディストーション・ニンゲン""}",en;ja,DJ Myosuke & KAJI,200,200,1,extend_3,5.9,1722297600,3,0;1;2,PST;PRS;FTR,True,dl_distortionhuman,dl_,3,0,,2,1080_base.jpg;1080_base_256.jpg,1080_base.jpg;1080_base_256.jpg;preview.ogg,True,,,,yugamu,rei
402,shrink,"{""en"":""shrink""}",en,Shohei Tsuchiya(ZUNTATA),180,180,0,single,5.9,1722297601,3,0;1;2,PST;PRS;FTR,True,dl_shrink,dl_,3,0,,2,1080_base.jpg;1080_base_256.jpg,1080_base.jpg;1080_base_256.jpg;preview.ogg,True,,,,single2_light,single2_conflict
403,invain,"{""en"":""In Vain""}",en,ryhki,165,165,1,nihil,5.9,1722297602,3,0;1;2,PST;PRS;FTR,True,dl_invain,dl_,3,0,,2,1080_base.jpg;1080_base_256.jpg,1080_base.jpg;1080_base_256.jpg;preview.ogg,True,,,,nihil,nihil
404,hypnotize,"{""en"":""Hypnotize""}",en,rejection,160,160,1,nihil,5.9,1722297603,4,0;1;2;4,PST;PRS;FTR;ETR,True,dl_hypnotize,dl_,3,0,,2,1080_base.jpg;1080_base_256.jpg,1080_base.jpg;1080_base_256.jpg;preview.ogg,True,,,,nihil,nihil
405,ashenboundary,"{""en"":""Ashen 6oundary""}",en,YUKIYANAGI,172,172,1,nihil,5.9,1722297604,3,0;1;2,PST;PRS;FTR,True,dl_ashenboundary,dl_,3,0,,2,1080_base.jpg;1080_base_256.jpg,1080_base.jpg;1080_base_256.jpg;preview.ogg,True,,,,nihil,nihil
406,judgement,"{""en"":""Judgement""}",en,Tatsunoshin,200,200,1,nihil,5.9,1722297605,3,0;1;2,PST;PRS;FTR,True,dl_judgement,dl_,3,0,,2,1080_base.jpg;1080_base_256.jpg,1080_base.jpg;1080_base_256.jpg;preview.ogg,True,,,,nihil,nihil
400,alterego,"{""en"":""ALTER EGO""}",en,Yuta Imai vs Qlarabelle,195,195,1,nihil,5.9,1722297606,4,0;1;2;4,PST;PRS;FTR;ETR,True,dl_alterego,dl_,3,0,,2,1080_base.jpg;1080_base_256.jpg,1080_base.jpg;1080_base_256.jpg;preview.ogg,True,,,,alterego,alterego
407,epitaxy,"{""en"":""epitaxy""}",en,Camellia,183,183,0,extend_3,5.10,1724889600,4,0;1;2;4,PST;PRS;FTR;ETR,True,dl_epitaxy,dl_,3,0,,2,1080_base.jpg;1080_base_256.jpg,1080_base.jpg;1080_base_256.jpg;preview.ogg,True,,,,rotaeno_light,rotaeno_conflict
408,waltzforlorelei,"{""en"":""Waltz for Lorelei""}",en,Sobrem & 庭師,220,220,0,rotaeno,5.10,1724889601,4,0;1;2;4,PST;PRS;FTR;ETR,True,dl_waltzforlorelei,dl_,3,0,,2,1080_base.jpg;1080_base_256.jpg,1080_base.jpg;1080_base_256.jpg;preview.ogg,True,,,,rotaeno_light,rotaeno_conflict
409,dualdoom,"{""en"":""Dual Doom Deathmatch""}",en,Kobaryo vs HyuN,222,222,1,rotaeno,5.10,1724889602,4,0;1;2;4,PST;PRS;FTR;ETR,True,dl_dualdoom,dl_,3,0,,2,1080_base.jpg;1080_base_256.jpg,1080_base.jpg;1080_base_256.jpg;preview.ogg,True,,,,rotaeno_conflict,rotaeno_light
410,invertedworld,"{""en"":""Inverted World""}",en,ARForest,180,180,0,rotaeno,5.10,1724889603,4,0;1;2;4,PST;PRS;FTR;ETR,True,dl_invertedworld,dl_,3,0,,2,1080_base.jpg;1080_base_256.jpg,1080_base.jpg;1080_base_256.jpg;preview.ogg,True,,,,rotaeno_light,rotaeno_conflict
411,mvurbd,"{""en"":""MVURBD""}",en,ETIA.,175,175,1,rotaeno,5.10,1724889604,3,0;1;2,PST;PRS;FTR,True,dl_mvurbd,dl_,3,0,,2,1080_base.jpg;1080_base_256.jpg,1080_base.jpg;1080_base_256.jpg;preview.ogg,True,,,,rotaeno_conflict,rotaeno_light
412,vulcanus,"{""en"":""Vulcānus"",""ko_dialog"":""Vulcanus""}",en;ko_dialog,Team Grimoire vs Aoi,212,212,0,rotaeno,5.10,1724889605,3,0;1;2,PST;PRS;FTR,True,dl_vulcanus,dl_,3,0,,2,1080_base.jpg;1080_base_256.jpg,1080_base.jpg;1080_base_256.jpg;preview.ogg,True,,,,vulcanus,
413,rainofconflict,"{""en"":""Rain of Conflict in a Radiant Abyss""}",en,ak+q,195,195,1,single,5.10,1726099200,4,0;1;2;4,PST;PRS;FTR;ETR,True,dl_rainofconflict,dl_,3,0,,2,1080_base.jpg;1080_base_256.jpg,1080_base.jpg;1080_base_256.jpg;preview.ogg,True,,,,finale_conflict,finale_light
414,saintorsinner,"{""en"":""Saint or Sinner""}",en,crayvxn,164,164,1,prelude,5.10,1727308800,4,0;1;2;3,PST;PRS;FTR;BYD,True,dl_saintorsinner,dl_,5,0,,4,1080_3.jpg;1080_3_256.jpg;1080_base.jpg;1080_base_256.jpg,1080_3.jpg;1080_3_256.jpg;1080_base.jpg;1080_base_256.jpg;preview.ogg,True,,,,prelude_conflict,prelude_light
415,hailstone,"{""en"":""Hailstone""}",en,Kazki Misora,180,180,0,extend_3,5.10,1727308801,3,0;1;2,PST;PRS;FTR,True,dl_hailstone,dl_,3,0,,2,1080_base.jpg;1080_base_256.jpg,1080_base.jpg;1080_base_256.jpg;preview.ogg,True,,,,single2_light,single2_conflict
416,furetemitai,"{""en"":""FURETE-MITAI"",""ja"":""フレテミタイ""}",en;ja,みきとP,155,155,0,extend_3,5.10,1727308802,4,0;1;2;4,PST;PRS;FTR;ETR,True,dl_furetemitai,dl_,3,0,,2,1080_base.jpg;1080_base_256.jpg,1080_base.jpg;1080_base_256.jpg;preview.ogg,True,,,,hime_light,hime_conflict
417,gensounosatellite,"{""en"":""Gensou no Satellite"",""ja"":""幻想のサテライト""}",en;ja,豚乙女,230,230,1,single,5.10,1727308803,4,0;1;2;4,PST;PRS;FTR;ETR,True,dl_gensounosatellite,dl_,3,0,,2,1080_base.jpg;1080_base_256.jpg,1080_base.jpg;1080_base_256.jpg;preview.ogg,True,,,,touhou_conflict,touhou_light
418,prayer,"{""en"":""Prayer"",""ja"":""プレヤ""}",en;ja,qfeileadh&レゾナンスもえこ,132,132,0,extend_3,5.10,1729728000,4,0;1;2;4,PST;PRS;FTR;ETR,True,dl_prayer,dl_,3,0,,2,1080_base.jpg;1080_base_256.jpg,1080_base.jpg;1080_base_256.jpg;preview.ogg,True,,,,nijuusei2_light,nijuusei2_conflict
419,crimsonquartz,"{""en"":""Crimson Quartz""}",en,DiGiTAL WiNG with 空音,145,145,1,single,5.10,1729728001,4,0;1;2;4,PST;PRS;FTR;ETR,True,dl_crimsonquartz,dl_,3,0,,2,1080_base.jpg;1080_base_256.jpg,1080_base.jpg;1080_base_256.jpg;preview.ogg,True,,,,touhou_conflict,touhou_light
420,thirdsun,"{""en"":""Third Sun""}",en,Ash Astral,75-225,150,1,single,5.10,1729728002,4,0;1;2;4,PST;PRS;FTR;ETR,True,dl_thirdsun,dl_,3,0,,2,1080_base.jpg;1080_base_256.jpg,1080_base.jpg;1080_base_256.jpg;preview.ogg,True,,,,nijuusei-conflict-b,nijuusei-light-b
421,spiritdauntless,"{""en"":""Spirit of the Dauntless""}",en,KO3 & Relect,180,180,1,single,5.10,1729728003,3,0;1;2,PST;PRS;FTR,True,dl_spiritdauntless,dl_,3,0,,2,1080_base.jpg;1080_base_256.jpg,1080_base.jpg;1080_base_256.jpg;preview.ogg,True,,,,zettai,zettai_light
422,diesirae,"{""en"":""Dies irae""}",en,お月さま交響曲,172,172,1,single,5.10,1729728004,4,0;1;2;4,PST;PRS;FTR;ETR,True,dl_diesirae,dl_,3,0,,2,1080_base.jpg;1080_base_256.jpg,1080_base.jpg;1080_base_256.jpg;preview.ogg,True,,,,hime_conflict,hime_light
423,astralexe,"{""en"":""astral.exe""}",en,Synzak & Laxeno57,174,174,0,extend_3,6.0,1732147200,3,0;1;2,PST;PRS;FTR,True,dl_astralexe,dl_,3,0,,2,1080_base.jpg;1080_base_256.jpg,1080_base.jpg;1080_base_256.jpg;preview.ogg,True,,,,nijuusei2_light,nijuusei2_conflict
424,liftoff,"{""en"":""LiftOff""}",en,MAYA AKAI,137,137,1,ongeki_append_2,6.0,1732147201,4,0;1;2;4,PST;PRS;FTR;ETR,True,dl_liftoff,dl_,3,0,,2,base.jpg;base_256.jpg,base.jpg;base_256.jpg;preview.ogg,True,,,,ongeki_conflict,ongeki_light
425,superambulance,"{""en"":""SUPER AMBULANCE""}",en,AJURIKA,200,200,0,ongeki_append_2,6.0,1732147202,3,0;1;2,PST;PRS;FTR,True,dl_superambulance,dl_,3,0,,2,base.jpg;base_256.jpg,base.jpg;base_256.jpg;preview.ogg,True,,,,ongeki_light,ongeki_conflict
426,dontfightmusic,"{""en"":""Don't Fight The Music""}",en,黒魔,190-200,200,1,ongeki_append_2,6.0,1732147203,4,0;1;2;4,PST;PRS;FTR;ETR,True,dl_dontfightmusic,dl_,3,0,,2,base.jpg;base_256.jpg,base.jpg;base_256.jpg;preview.ogg,True,,,,ongeki_conflict,ongeki_light
427,andrevivemelody,"{""en"":""And Revive The Melody""}",en,黒魔,210-220,220,1,ongeki_append_2,6.0,1732147204,3,0;1;2,PST;PRS;FTR,True,dl_andrevivemelody,dl_,3,0,,2,base.jpg;base_256.jpg,base.jpg;base_256.jpg;preview.ogg,True,,,,lamia,
428,swansong,"{""en"":""Swan Song""}",en,void (Mournfinale),148,148,3,lephon,6.0,1732147205,3,0;1;2,PST;PRS;FTR,True,dl_swansong,dl_,3,0,,2,1080_base.jpg;1080_base_256.jpg,1080_base.jpg;1080_base_256.jpg;preview.ogg,True,,,,lephon,lephon
429,renegade,"{""en"":""Renegade""}",en,sky_delta,186,186,3,lephon,6.0,1732147206,4,0;1;2;3,PST;PRS;FTR;BYD,True,dl_renegade,dl_,3,0,,2,1080_base.jpg;1080_base_256.jpg,1080_base.jpg;1080_base_256.jpg;preview.ogg,True,,,,lephon,lephon
430,raysofremnant,"{""en"":""Rays of Remnant""}",en,May × Felysrator,200,200,3,lephon,6.0,1732147207,4,0;1;2;3,PST;PRS;FTR;BYD,True,dl_raysofremnant,dl_,3,0,,2,1080_base.jpg;1080_base_256.jpg,1080_base.jpg;1080_base_256.jpg;preview.ogg,True,,,,lephon,lephon
431,breachoffaith,"{""en"":""Breach of Faith""}",en,Supire feat.eili,172,172,3,lephon,6.0,1732147208,4,0;1;2;3,PST;PRS;FTR;BYD,True,dl_breachoffaith,dl_,3,0,,2,1080_base.jpg;1080_base_256.jpg,1080_base.jpg;1080_base_256.jpg;preview.ogg,True,,,,lephon,lephon
432,lamentrain,"{""en"":""Lament Rain""}",en,Ashrount vs. 打打だいず,200,200,3,lephon,6.0,1732147209,4,0;1;2;3,PST;PRS;FTR;BYD,True,dl_lamentrain,dl_,5,0,,2,1080_base.jpg;1080_base_256.jpg,1080_base.jpg;1080_base_256.jpg;lament_rain_beep.wav;lament_rain_special.wav;preview.ogg,True,,,,lamentrain,lamentrain
433,designant,"{""en"":""Designant.""}",en,Designant,200,200,3,lephon,6.0,1732147210,4,0;1;2;3,PST;PRS;FTR;BYD,True,dl_designant,dl_,3,0,,2,1080_base.jpg;1080_base_256.jpg,1080_base.jpg;1080_base_256.jpg;preview.ogg,True,,,,designant,designant
434,astralquant,"{""en"":""Astral Quantization""}",en,Dj Grimoire,185,185,3,lephon,6.0,1732147211,3,0;1;2,PST;PRS;FTR,True,dl_astralquant,dl_,3,0,,2,1080_base.jpg;1080_base_256.jpg,1080_base.jpg;1080_base_256.jpg;preview.ogg,True,,,,lephon,lephon
435,ignition,"{""en"":""Ignition""}",en,パソコン音楽クラブ,160,160,0,chunithm_append_3,6.1,1734566400,3,0;1;2,PST;PRS;FTR,True,dl_ignition,dl_,3,0,,2,1080_base.jpg;1080_base_256.jpg,1080_base.jpg;1080_base_256.jpg;preview.ogg,True,,,,chunithmnew_light,chunithmnew_conflict
436,blazingair,"{""en"":""BlazinG AIR""}",en,kanone,150,150,0,chunithm_append_3,6.1,1734566401,4,0;1;2;4,PST;PRS;FTR;ETR,True,dl_blazingair,dl_,3,0,,2,1080_base.jpg;1080_base_256.jpg,1080_base.jpg;1080_base_256.jpg;preview.ogg,True,,,,chunithmnew_light,chunithmnew_conflict
437,eightem,"{""en"":""8-EM""}",en,Sampling Masters AYA,168,168,1,chunithm_append_3,6.1,1734566402,4,0;1;2;4,PST;PRS;FTR;ETR,True,dl_eightem,dl_,3,0,,2,1080_base.jpg;1080_base_256.jpg,1080_base.jpg;1080_base_256.jpg;preview.ogg,True,,,,chunithmnew_conflict,chunithmnew_light
438,daat,"{""en"":""DA'AT -The First Seeker of Souls-""}",en,水野健治 VS 大国奏音,222,222,1,chunithm_append_3,6.1,1734566402,3,0;1;2,PST;PRS;FTR,True,dl_daat,dl_,3,0,,2,1080_base.jpg;1080_base_256.jpg,1080_base.jpg;1080_base_256.jpg;preview.ogg,True,,,,chuni-ikazuchi,
439,breakbreak,"{""en"":""BREaK! BREaK! BREaK!""}",en,HiTECH NINJA vs Cranky,165,165,1,maimai_append_2,6.2,1737417600,4,0;1;2;4,PST;PRS;FTR;ETR,True,dl_breakbreak,dl_,3,0,,2,1080_base.jpg;1080_base_256.jpg,1080_base.jpg;1080_base_256.jpg;preview.ogg,True,,,,maimai_conflict,maimai_light
440,straightintolights,"{""en"":""Straight into the lights""}",en,Cosmograph,90,180,1,maimai_append_2,6.2,1737417601,4,0;1;2;4,PST;PRS;FTR;ETR,True,dl_straightintolights,dl_,3,0,,2,1080_base.jpg;1080_base_256.jpg,1080_base.jpg;1080_base_256.jpg;preview.ogg,True,,,,maimai_conflict,maimai_light
441,virtus,"{""en"":""ViRTUS""}",en,Hiro,225,225,0,maimai_append_2,6.2,1737417602,4,0;1;2;4,PST;PRS;FTR;ETR,True,dl_virtus,dl_,3,0,,2,1080_base.jpg;1080_base_256.jpg,1080_base.jpg;1080_base_256.jpg;preview.ogg,True,,,,virtus,virtus
442,yomibitoshirazu,"{""en"":""yomibito_shirazu"",""ja"":""ヨミビトシラズ""}",en;ja,Limonène (サノカモメ+月島春果),188,188,0,maimai_append_2,6.2,1737417602,3,0;1;2,PST;PRS;FTR,True,dl_yomibitoshirazu,dl_,3,0,,2,1080_base.jpg;1080_base_256.jpg,1080_base.jpg;1080_base_256.jpg;preview.ogg,True,,,,maimai_light,maimai_conflict
443,aethercrest,"{""en"":""Aether Crest: Astral""}",en,void (Mournfinale) × 水野健治,180,180,0,chunithm_append_3,6.2,1740700800,4,0;1;2;4,PST;PRS;FTR;ETR,True,dl_aethercrest,dl_,3,0,,2,1080_base.jpg;1080_base_256.jpg,1080_base.jpg;1080_base_256.jpg;preview.ogg,True,,,,aethercrest,aethercrest
444,heartache,"{""en"":""Heartache"",""ja"":""心の痛み""}",en;ja,Toby Fox,239,239,0,undertale,6.3,1741478400,4,0;1;2;4,PST;PRS;FTR;ETR,True,dl_heartache,dl_,3,0,,2,1080_base.jpg;1080_base_256.jpg,1080_base.jpg;1080_base_256.jpg;preview.ogg,True,,,,undertale_light,undertale_conflict
445,deathbyglamour,"{""en"":""Death By Glamour"",""ja"":""華麗なる死闘""}",en;ja,Toby Fox,148,148,0,undertale,6.3,1741478401,4,0;1;2;4,PST;PRS;FTR;ETR,True,dl_deathbyglamour,dl_,3,0,,2,1080_base.jpg;1080_base_256.jpg,1080_base.jpg;1080_base_256.jpg;preview.ogg,True,,,,undertale_light,undertale_conflict
446,yourbestnightmare,"{""en"":""Your Best Nightmare"",""ja"":""最高の悪夢""}",en;ja,Toby Fox,190,190,1,undertale,6.3,1741478402,4,0;1;2;3,PST;PRS;FTR;BYD,True,dl_yourbestnightmare,dl_,3,0,,2,1080_base.jpg;1080_base_256.jpg,1080_base.jpg;1080_base_256.jpg;preview.ogg,True,,,,undertale_conflict,undertale_light
447,lastgoodbye,"{""en"":""Last Goodbye"",""ja"":""これでホントにサヨナラ""}",en;ja,Toby Fox,180,180,0,undertale,6.3,1741478403,4,0;1;2;4,PST;PRS;FTR;ETR,True,dl_lastgoodbye,dl_,3,0,,2,1080_base.jpg;1080_base_256.jpg,1080_base.jpg;1080_base_256.jpg;preview.ogg,True,,,,undertale_light,undertale_conflict
448,megalovania,"{""en"":""MEGALOVANIA""}",en,Toby Fox,240,240,1,undertale,6.3,1741478404,4,0;1;2;4,PST;PRS;FTR;ETR,True,dl_megalovania,dl_,3,0,,2,1080_base.jpg;1080_base_256.jpg,1080_base.jpg;1080_base_256.jpg;preview.ogg,True,,,,undertale_conflict,undertale_light
449,megalovaniarmx,"{""en"":""MEGALOVANIA (Camellia Remix)""}",en,Camellia,242,242,1,single,6.3,1741478405,4,0;1;2;4,PST;PRS;FTR;ETR,True,dl_megalovaniarmx,dl_,3,0,,2,1080_base.jpg;1080_base_256.jpg,1080_base.jpg;1080_base_256.jpg;preview.ogg,True,,,,megalovaniarmx,megalovaniarmx
450,placebobattler,"{""en"":""Placebo♥Battler"",""ja"":""プラシイボ♥バトラー""}",en;ja,OSTER project,270,270,0,single,6.3,1741478406,3,0;1;2,PST;PRS;FTR,True,dl_placebobattler,dl_,3,0,,2,1080_base.jpg;1080_base_256.jpg,1080_base.jpg;1080_base_256.jpg;preview.ogg,True,,,,vs_light,vs_conflict
451,blackmirror,"{""en"":""Black Mirror on the Wall""}",en,暁Records,130,130,1,extend_3,6.3,1743033600,4,0;1;2;4,PST;PRS;FTR;ETR,True,dl_blackmirror,dl_,3,0,,2,1080_base.jpg;1080_base_256.jpg,1080_base.jpg;1080_base_256.jpg;preview.ogg,True,,,,touhou_conflict,touhou_light
452,shinchoku,"{""en"":""Shinchoku Doudesuka?"",""ja"":""進捗どうですか?""}",en;ja,sumijun feat. ななひら,199,199,0,single,6.3,1743033601,4,0;1;2;4,PST;PRS;FTR;ETR,True,dl_shinchoku,dl_,3,0,,2,1080_base.jpg;1080_base_256.jpg,1080_base.jpg;1080_base_256.jpg;preview.ogg,True,,,,touhou_light,touhou_conflict
453,trpno,"{""en"":""TRPNO""}",en,Nauts,150,150,0,extend_3,6.3,1743033602,3,0;1;2,PST;PRS;FTR,True,dl_trpno,dl_,3,0,,2,1080_base.jpg;1080_base_256.jpg,1080_base.jpg;1080_base_256.jpg;preview.ogg,True,,,,alice_light,alice_conflict
454,tau,"{""en"":""τ (tau)""}",en,Wooden,155,155,0,extend_3,6.4,1745452800,3,0;1;2,PST;PRS;FTR,True,dl_tau,dl_,3,0,,2,1080_base.jpg;1080_base_256.jpg,1080_base.jpg;1080_base_256.jpg;preview.ogg,True,,,,single2_light,single2_conflict
455,dullblade,"{""en"":""Dull Blade""}",en,stuv,128-160,160,1,single,6.4,1745452801,3,0;1;2,PST;PRS;FTR,True,dl_dullblade,dl_,3,0,,2,1080_base.jpg;1080_base_256.jpg,1080_base.jpg;1080_base_256.jpg;preview.ogg,True,,,,hime_conflict,hime_light
456,wontbackdown,"{""en"":""Won't Back Down""}",en,Pure 100% / KASA,165,165,1,extend_3,6.5,1747872000,3,0;1;2,PST;PRS;FTR,True,dl_wontbackdown,dl_,3,0,,2,1080_base.jpg;1080_base_256.jpg,1080_base.jpg;1080_base_256.jpg;preview.ogg,True,,,,djmax_conflict,djmax_light
457,dontdie,"{""en"":""Don't Die""}",en,Paul Bazooka,175,175,1,single,6.5,1747872001,4,0;1;2;4,PST;PRS;FTR;ETR,True,dl_dontdie,dl_,3,0,,2,1080_base.jpg;1080_base_256.jpg,1080_base.jpg;1080_base_256.jpg;preview.ogg,True,,,,djmax_conflict,djmax_light
458,ladymadestar,"{""en"":""Ladymade Star""}",en,ESTi,136,136,0,djmax,6.5,1747872002,4,0;1;2;4,PST;PRS;FTR;ETR,True,dl_ladymadestar,dl_,3,0,,2,1080_base.jpg;1080_base_256.jpg,1080_base.jpg;1080_base_256.jpg;preview.ogg,True,,,,djmax_light,djmax_conflict
459,endmoonlight,"{""en"":""End of The Moonlight""}",en,Forte Escape,155,155,1,djmax,6.5,1747872003,3,0;1;2,PST;PRS;FTR,True,dl_endmoonlight,dl_,3,0,,2,1080_base.jpg;1080_base_256.jpg,1080_base.jpg;1080_base_256.jpg;preview.ogg,True,,,,djmax_conflict,djmax_light
460,uad,"{""en"":""U.A.D""}",en,HAYAKO,129,129,0,djmax,6.5,1747872004,4,0;1;2;4,PST;PRS;FTR;ETR,True,dl_uad,dl_,3,0,,2,1080_base.jpg;1080_base_256.jpg,1080_base.jpg;1080_base_256.jpg;preview.ogg,True,,,,djmax_light,djmax_conflict
461,oblivion,"{""en"":""OBLIVION""}",en,ESTi,141,141,1,djmax,6.5,1747872005,4,0;1;2;4,PST;PRS;FTR;ETR,True,dl_oblivion,dl_,3,0,,2,1080_base.jpg;1080_base_256.jpg,1080_base.jpg;1080_base_256.jpg;preview.ogg,True,,,,djmax_conflict,djmax_light
462,nightmare,"{""en"":""Nightmare""}",en,M2U,190,190,1,djmax,6.5,1747872006,4,0;1;2;4,PST;PRS;FTR;ETR,True,dl_nightmare,dl_,3,0,,2,1080_base.jpg;1080_base_256.jpg,1080_base.jpg;1080_base_256.jpg;preview.ogg,True,,,,djmax_nightmare,
463,tictactoe,"{""en"":""Tic! Tac! Toe!""}",en,TAK x Corbin,126,126,0,single,6.5,1747872007,4,0;1;2;4,PST;PRS;FTR;ETR,True,dl_tictactoe,dl_,3,0,,2,1080_base.jpg;1080_base_256.jpg,1080_base.jpg;1080_base_256.jpg;preview.ogg,True,,,,djmax_light,djmax_conflict
464,satisfaction,"{""en"":""SATISFACTION""}",en,P*Light & DJ Noriken feat. KMNZ,180,180,1,base,6.6,1750896000,4,0;1;2;4,PST;PRS;FTR;ETR,True,satisfaction,exact,7,4,0.aff;1.aff;2.aff;4.aff,2,1080_base.jpg;1080_base_256.jpg,0.aff;1.aff;1080_base.jpg;1080_base_256.jpg;2.aff;4.aff;base.ogg,False,,,,vs_conflict,vs_light
465,someday,"{""en"":""Someday""}",en,NieN,136,136,0,extend_3,6.6,1750896001,3,0;1;2,PST;PRS;FTR,True,dl_someday,dl_,3,0,,2,1080_base.jpg;1080_base_256.jpg,1080_base.jpg;1080_base_256.jpg;preview.ogg,True,,,,djmax_light,djmax_conflict
466,miles,"{""en"":""Miles""}",en,Electronic Boutique,130,130,0,single,6.6,1750896002,4,0;1;2;4,PST;PRS;FTR;ETR,True,dl_miles,dl_,3,0,,2,1080_base.jpg;1080_base_256.jpg,1080_base.jpg;1080_base_256.jpg;preview.ogg,True,,,,djmax_light,djmax_conflict
467,iwantyou,"{""en"":""I want You""}",en,Lin-G,140,140,0,djmax_append_1,6.6,1750896003,4,0;1;2;4,PST;PRS;FTR;ETR,True,dl_iwantyou,dl_,3,0,,2,1080_base.jpg;1080_base_256.jpg,1080_base.jpg;1080_base_256.jpg;preview.ogg,True,,,,djmax_light,djmax_conflict
468,syriana,"{""en"":""Syriana""}",en,BEXTER,135,135,1,djmax_append_1,6.6,1750896004,3,0;1;2,PST;PRS;FTR,True,dl_syriana,dl_,3,0,,2,1080_base.jpg;1080_base_256.jpg,1080_base.jpg;1080_base_256.jpg;preview.ogg,True,,,,djmax_conflict,djmax_light
469,liar,"{""en"":""Liar""}",en,zts,140,140,1,djmax_append_1,6.6,1750896005,3,0;1;2,PST;PRS;FTR,True,dl_liar,dl_,3,0,,2,1080_base.jpg;1080_base_256.jpg,1080_base.jpg;1080_base_256.jpg;preview.ogg,True,,,,djmax_conflict,djmax_light
470,blythe,"{""en"":""BlythE""}",en,M2U,180,180,1,djmax_append_1,6.6,1750896006,4,0;1;2;4,PST;PRS;FTR;ETR,True,dl_blythe,dl_,3,0,,2,1080_base.jpg;1080_base_256.jpg,1080_base.jpg;1080_base_256.jpg;preview.ogg,True,,,,djmax_conflict,djmax_light
471,wereallgonnadie,"{""en"":""We're All Gonna Die""}",en,Paul Bazooka,180,180,1,djmax_append_1,6.6,1750896007,4,0;1;2;4,PST;PRS;FTR;ETR,True,dl_wereallgonnadie,dl_,3,0,,2,1080_base.jpg;1080_base_256.jpg,1080_base.jpg;1080_base_256.jpg;preview.ogg,True,,,,djmax_wagd,
472,dematerialized,"{""en"":""Dematerialized""}",en,In Love With A Ghost,86,172,1,base,6.7,1753315200,4,0;1;2;4,PST;PRS;FTR;ETR,True,dematerialized,exact,7,4,0.aff;1.aff;2.aff;4.aff,2,1080_base.jpg;1080_base_256.jpg,0.aff;1.aff;1080_base.jpg;1080_base_256.jpg;2.aff;4.aff;base.ogg,False,,,,eden_conflict,eden_light
473,seethelights,"{""en"":""See the Lights!""}",en,polysha feat. しろさきあや,136,136,0,anima,6.7,1753315201,4,0;1;2;4,PST;PRS;FTR;ETR,True,dl_seethelights,dl_,3,0,,2,1080_base.jpg;1080_base_256.jpg,1080_base.jpg;1080_base_256.jpg;preview.ogg,True,,,,anima_light,anima_conflict
474,scarletlunar,"{""en"":""Scarlet Lunar Empress"",""ja"":""朱月ノ姫""}",en;ja,technoplanet feat. 夕月ティア,108-184,184,0,anima,6.7,1753315202,3,0;1;2,PST;PRS;FTR,True,dl_scarletlunar,dl_,3,0,,2,1080_base.jpg;1080_base_256.jpg,1080_base.jpg;1080_base_256.jpg;preview.ogg,True,,,,anima_light,anima_conflict
475,dualdependency,"{""en"":""Dual Dependency""}",en,seatrus,155,155,0,anima,6.7,1753315203,4,0;1;2;4,PST;PRS;FTR;ETR,True,dl_dualdependency,dl_,3,0,,2,1080_base.jpg;1080_base_256.jpg,1080_base.jpg;1080_base_256.jpg;preview.ogg,True,,,,anima_light,anima_conflict
476,lilly,"{""en"":""Lilly""}",en,Juggernaut.,235,235,0,anima,6.7,1753315204,4,0;1;2;4,PST;PRS;FTR;ETR,True,dl_lilly,dl_,3,0,,2,1080_base.jpg;1080_base_256.jpg,1080_base.jpg;1080_base_256.jpg;preview.ogg,True,,,,anima_light,anima_conflict
477,extradimensional,"{""en"":""Extradimensional Cosmic Phenomenon"",""ja"":""多次元宇宙融合論""}",en;ja,TAKIO feat. つぐ,180-300,234,1,anima,6.7,1753315205,4,0;1;2;4,PST;PRS;FTR;ETR,True,dl_extradimensional,dl_,3,0,,2,1080_base.jpg;1080_base_256.jpg,1080_base.jpg;1080_base_256.jpg;preview.ogg,True,,,,extradimensional,
478,disintegration,"{""en"":""disintegration""}",en,ひゅ〜ぶ,135,135,0,extend_3,6.8,1755734400,4,0;1;2;4,PST;PRS;FTR;ETR,True,dl_disintegration,dl_,3,0,,2,1080_base.jpg;1080_base_256.jpg,1080_base.jpg;1080_base_256.jpg;preview.ogg,True,,,,eden_append_light,eden_append_conflict
479,factorder,"{""en"":""Factorder""}",en,瀬名 feat. 梨雛,168,168,1,anima_append_1,6.8,1755734401,4,0;1;2;4,PST;PRS;FTR;ETR,True,dl_factorder,dl_,3,0,,2,1080_base.jpg;1080_base_256.jpg,1080_base.jpg;1080_base_256.jpg;preview.ogg,True,,,,anima_conflict,anima_light
480,incompleteone,"{""en"":""incomplete the one""}",en,Halv feat.Kuroa*,208,208,1,anima_append_1,6.8,1755734402,4,0;1;2;4,PST;PRS;FTR;ETR,True,dl_incompleteone,dl_,3,0,,2,1080_base.jpg;1080_base_256.jpg,1080_base.jpg;1080_base_256.jpg;preview.ogg,True,,,,anima_conflict,anima_light
481,chaosblast,"{""en"":""CHAOSBLAST""}",en,QURELESS + 柚子花,480,240,1,anima_append_1,6.8,1755734403,4,0;1;2;4,PST;PRS;FTR;ETR,True,dl_chaosblast,dl_,3,0,,2,1080_base.jpg;1080_base_256.jpg,1080_base.jpg;1080_base_256.jpg;preview.ogg,True,,,,anima_conflict,anima_light
482,welcomequeen,"{""en"":""Welcome, Queen of Fiction.""}",en,打打だいず,110-305,300,1,anima_append_1,6.8,1755734404,4,0;1;2;4,PST;PRS;FTR;ETR,True,dl_welcomequeen,dl_,3,0,,2,1080_base.jpg;1080_base_256.jpg,1080_base.jpg;1080_base_256.jpg;preview.ogg,True,,,,anima_conflict,anima_light
483,altergate,"{""en"":""AlterGate""}",en,MisoilePunch♪ ~タケノコ添え~,199,199,1,anima_append_1,6.8,1755734405,3,0;1;2,PST;PRS;FTR,True,dl_altergate,dl_,3,0,,2,1080_base.jpg;1080_base_256.jpg,1080_base.jpg;1080_base_256.jpg;preview.ogg,True,,,,altergate,
484,acheron,"{""en"":""Acheron""}",en,KARUT,175-145,145,1,single,6.8,1756944000,3,0;1;2,PST;PRS;FTR,True,dl_acheron,dl_,3,0,,2,1080_base.jpg;1080_base_256.jpg,1080_base.jpg;1080_base_256.jpg;preview.ogg,True,,,,single2_conflict,single2_light
485,eternitybreak,"{""en"":""Eternity Break""}",en,Puru,170,170,1,single,6.8,1758758400,4,0;1;2;4,PST;PRS;FTR;ETR,True,dl_eternitybreak,dl_,3,0,,2,1080_base.jpg;1080_base_256.jpg,1080_base.jpg;1080_base_256.jpg;preview.ogg,True,,,,single2_conflict,single2_light
486,rostpagegene,"{""en"":""ROST PAGE GENE""}",en,MYUKKE.,135,135,0,extend_3,6.9,1759363200,3,0;1;2,PST;PRS;FTR,True,dl_rostpagegene,dl_,3,0,,2,1080_base.jpg;1080_base_256.jpg,1080_base.jpg;1080_base_256.jpg;preview.ogg,True,,,,omatsuri_light,omatsuri_conflict
487,violaillyria,"{""en"":""Viola Illyria""}",en,Kolaa,162,162,0,eclipse,6.9,1759363201,3,0;1;2,PST;PRS;FTR,True,dl_violaillyria,dl_,3,0,,2,1080_base.jpg;1080_base_256.jpg,1080_base.jpg;1080_base_256.jpg;preview.ogg,True,,,,eclipse_light,eclipse_conflict
488,vainspire,"{""en"":""Vainspire""}",en,satella,180,180,1,eclipse,6.9,1759363202,4,0;1;2;4,PST;PRS;FTR;ETR,True,dl_vainspire,dl_,3,0,,2,1080_base.jpg;1080_base_256.jpg,1080_base.jpg;1080_base_256.jpg;preview.ogg,True,,,,eclipse_conflict,eclipse_light
489,nowayback,"{""en"":""No Way Back""}",en,Nhato,153,153,0,eclipse,6.9,1759363203,4,0;1;2;4,PST;PRS;FTR;ETR,True,dl_nowayback,dl_,3,0,,2,1080_base.jpg;1080_base_256.jpg,1080_base.jpg;1080_base_256.jpg;preview.ogg,True,,,,eclipse_light,eclipse_conflict
490,andorxor,"{""en"":""ANDORXOR""}",en,Sobrem,148,148,1,eclipse,6.9,1759363204,4,0;1;2;4,PST;PRS;FTR;ETR,True,dl_andorxor,dl_,3,0,,2,1080_base.jpg;1080_base_256.jpg,1080_base.jpg;1080_base_256.jpg;preview.ogg,True,,,,eclipse_conflict,eclipse_light
491,undyingmacula,"{""en"":""Undying Macula""}",en,Ashrount,63,189,1,eclipse,6.9,1759363205,4,0;1;2;4,PST;PRS;FTR;ETR,True,dl_undyingmacula,dl_,3,0,,2,1080_base.jpg;1080_base_256.jpg,1080_base.jpg;1080_base_256.jpg;preview.ogg,True,,,,macula_conflict_a,macula_light_a
493,awakening,"{""en"":""Wake in Hour"",""ja"":""始マリノ詩""}",en;ja,有村京悟 feat.July,128,128,0,extend_4,6.10,1761782400,4,0;1;2;4,PST;PRS;FTR;ETR,True,dl_awakening,dl_,3,0,,2,1080_base.jpg;1080_base_256.jpg,1080_base.jpg;1080_base_256.jpg;preview.ogg,True,,,,prelude_light,prelude_conflict
494,mod,"{""en"":""mod""}",en,kalsoer,168,168,0,extend_4,6.10,1761782401,3,0;1;2,PST;PRS;FTR,True,dl_mod,dl_,3,0,,2,1080_base.jpg;1080_base_256.jpg,1080_base.jpg;1080_base_256.jpg;preview.ogg,True,,,,single2_light,single2_conflict
495,particle,"{""en"":""Particle""}",en,Lime / Kankitsu,142,142,1,extend_4,6.10,1761782402,4,0;1;2;4,PST;PRS;FTR;ETR,True,dl_particle,dl_,3,0,,2,1080_base.jpg;1080_base_256.jpg,1080_base.jpg;1080_base_256.jpg;preview.ogg,True,,,,nijuusei2_conflict,nijuusei2_light
496,paradoxpalette,"{""en"":""Paradox Palette""}",en,Aethoro,152,152,0,extend_4,6.10,1761782403,4,0;1;2;4,PST;PRS;FTR;ETR,True,dl_paradoxpalette,dl_,3,0,,2,1080_base.jpg;1080_base_256.jpg,1080_base.jpg;1080_base_256.jpg;preview.ogg,True,,,,alice_light,alice_conflict
497,xxium,"{""en"":""Xxium and Purple haze""}",en,D.watt,165,165,1,extend_4,6.10,1761782404,4,0;1;2;4,PST;PRS;FTR;ETR,True,dl_xxium,dl_,3,0,,2,1080_base.jpg;1080_base_256.jpg,1080_base.jpg;1080_base_256.jpg;preview.ogg,True,,,,touhou_conflict,touhou_light
498,angelsboundary,"{""en"":""Angel's Boundary""}",en,MEMODEMO,196,196,0,single,6.10,1761782405,3,0;1;2,PST;PRS;FTR,True,dl_angelsboundary,dl_,3,0,,2,1080_base.jpg;1080_base_256.jpg,1080_base.jpg;1080_base_256.jpg;preview.ogg,True,,,,hime_light,hime_conflict
499,xterfusion,"{""en"":""Xterfusion""}",en,REDALiCE × t+pazolite,128-256,256,1,single,6.10,1761782406,4,0;1;2;4,PST;PRS;FTR;ETR,True,dl_xterfusion,dl_,3,0,,2,1080_base.jpg;1080_base_256.jpg,1080_base.jpg;1080_base_256.jpg;preview.ogg,True,,,,xterfusion,
500,infinitedim,"{""en"":""INFINITE DIMENSION""}",en,DJ Noriken × P*Light,200,200,0,nextstage,6.10,1763769600,4,0;1;2;4,PST;PRS;FTR;ETR,True,dl_infinitedim,dl_,3,0,,2,1080_base.jpg;1080_base_256.jpg,1080_base.jpg;1080_base_256.jpg;preview.ogg,True,,,,nextstage_light,nextstage_conflict
501,incarnator,"{""en"":""INCARNATOR₀₀"",""ko_dialog"":""INCARNATOR00"",""zh-Hans_dialog"":""INCARNATOR00"",""zh-Hant_dialog"":""INCARNATOR00""}",en;ko_dialog;zh-Hans_dialog;zh-Hant_dialog,Silentroom × N²,234,234,1,nextstage,6.10,1763769601,4,0;1;2;4,PST;PRS;FTR;ETR,True,dl_incarnator,dl_,3,0,,2,1080_base.jpg;1080_base_256.jpg,1080_base.jpg;1080_base_256.jpg;preview.ogg,True,,,,nextstage_conflict,nextstage_light
502,zephyrlast,"{""en"":""zephyrlasting""}",en,s-don × nitro (lowiro),155,155,1,nextstage,6.10,1763769602,4,0;1;2;4,PST;PRS;FTR;ETR,True,dl_zephyrlast,dl_,3,0,,2,1080_base.jpg;1080_base_256.jpg,1080_base.jpg;1080_base_256.jpg;preview.ogg,True,,,,nextstage_conflict,nextstage_light
503,marenyx,"{""en"":""MARENYX""}",en,BlackY × Aoi,195,195,1,nextstage,6.10,1763769603,4,0;1;2;4,PST;PRS;FTR;ETR,True,dl_marenyx,dl_,3,0,,2,1080_base.jpg;1080_base_256.jpg,1080_base.jpg;1080_base_256.jpg;preview.ogg,True,,,,nextstage_conflict,nextstage_light
504,codeoblivion,"{""en"":""Code: Oblivion""}",en,Kobaryo × Gram,200,200,1,nextstage,6.10,1763769604,4,0;1;2;4,PST;PRS;FTR;ETR,True,dl_codeoblivion,dl_,3,0,,2,1080_base.jpg;1080_base_256.jpg,1080_base.jpg;1080_base_256.jpg;preview.ogg,True,,,,codeoblivion,
505,azalea,"{""en"":""ΛZΛLEΛ""}",en,ak+q × onoken,180,180,0,nextstage,6.10,1763769605,4,0;1;2;4,PST;PRS;FTR;ETR,True,dl_azalea,dl_,3,0,,2,1080_base.jpg;1080_base_256.jpg,1080_base.jpg;1080_base_256.jpg;preview.ogg,True,,,,azalea,
506,tabootears,"{""en"":""taboo tears you up 2017""}",en,REDALiCE,180,180,1,extend_4,6.11,1764201600,4,0;1;2;4,PST;PRS;FTR;ETR,True,dl_tabootears,dl_,3,0,,2,1080_base.jpg;1080_base_256.jpg,1080_base.jpg;1080_base_256.jpg;preview.ogg,True,,,,touhou_conflict,touhou_light
507,grandspell,"{""en"":""Grandspell""}",en,Hylen,168,168,1,single,6.11,1764201601,3,0;1;2,PST;PRS;FTR,True,dl_grandspell,dl_,3,0,,2,1080_base.jpg;1080_base_256.jpg,1080_base.jpg;1080_base_256.jpg;preview.ogg,True,,,,single2_conflict,single2_light
508,undefined,"{""en"":""undefined""}",en,planless & 乃花こより,110,110,1,extend_4,6.11,1766534400,3,0;1;2,PST;PRS;FTR,True,dl_undefined,dl_,3,0,,2,1080_base.jpg;1080_base_256.jpg,1080_base.jpg;1080_base_256.jpg;preview.ogg,True,,,,single2_conflict,single2_light
509,mask,"{""en"":""~_+""}",en,AQUASINE ~ MEMODEMO + METAROOM,213.5,213.5,0,extend_4,6.11,1766534401,3,0;1;2,PST;PRS;FTR,True,dl_mask,dl_,3,0,,2,1080_base.jpg;1080_base_256.jpg,1080_base.jpg;1080_base_256.jpg;preview.ogg,True,,,,nijuusei2_light,nijuusei2_conflict
510,paranoidarc,"{""en"":""Paranoid Arc""}",en,t+pazolite,180,180,1,single,6.11,1766534402,4,0;1;2;4,PST;PRS;FTR;ETR,True,dl_paranoidarc,dl_,3,0,,2,1080_base.jpg;1080_base_256.jpg,1080_base.jpg;1080_base_256.jpg;preview.ogg,True,,,,vs_conflict,vs_light
511,subsphere,"{""en"":""Subsphere in Eclosion"",""ja"":""羽化する亜球体""}",en;ja,窓辺リカ,120,240,0,single,6.11,1767139200,4,0;1;2;4,PST;PRS;FTR;ETR,True,dl_subsphere,dl_,3,0,,2,1080_base.jpg;1080_base_256.jpg,1080_base.jpg;1080_base_256.jpg;preview.ogg,True,,,,observer_light,observer_conflict
512,theraft,"{""en"":""The 'Raft' taught me: your heart will always find a way."",""ja"":""［筏］は云う。幾ら漂流すれど不撓の心さえ有れば軈て行到ると。""}",en;ja,庭師,161,161,1,single,6.11,1767744000,4,0;1;2;4,PST;PRS;FTR;ETR,True,dl_theraft,dl_,3,0,,2,1080_base.jpg;1080_base_256.jpg,1080_base.jpg;1080_base_256.jpg;preview.ogg,True,,,,eden_conflict,eden_light
513,omajinai,"{""en"":""OMAJINAI"",""ja"":""おまじない""}",en;ja,Tsubusare BOZZ × Madoka*,133,133,0,extend_4,6.12,1769644800,3,0;1;2,PST;PRS;FTR,True,dl_omajinai,dl_,3,0,,2,1080_base.jpg;1080_base_256.jpg,1080_base.jpg;1080_base_256.jpg;preview.ogg,True,,,,megarex_light,megarex_conflict
514,chaintonite,"{""en"":""CHAIN2NITE""}",en,asuzora feat. cyber milk ちゃん,172,172,1,megarex,6.12,1769644801,4,0;1;2;4,PST;PRS;FTR;ETR,True,dl_chaintonite,dl_,3,0,,2,1080_base.jpg;1080_base_256.jpg,1080_base.jpg;1080_base_256.jpg;preview.ogg,True,,,,megarex_conflict,megarex_light
515,onestepcloser,"{""en"":""One Step Closer""}",en,Mameyudoufu × 藍月なくる,123,123,0,megarex,6.12,1769644802,3,0;1;2,PST;PRS;FTR,True,dl_onestepcloser,dl_,3,0,,2,1080_base.jpg;1080_base_256.jpg,1080_base.jpg;1080_base_256.jpg;preview.ogg,True,,,,megarex_light,megarex_conflict
516,mylifeismine,"{""en"":""My life is mine alone!""}",en,Mylta feat. ねんね,144-168,144,0,megarex,6.12,1769644803,4,0;1;2;4,PST;PRS;FTR;ETR,True,dl_mylifeismine,dl_,3,0,,2,1080_base.jpg;1080_base_256.jpg,1080_base.jpg;1080_base_256.jpg;preview.ogg,True,,,,megarex_light,megarex_conflict
517,meltyrhapsody,"{""en"":""Melty Rhapsody"",""ja"":""メルティーラプソディー""}",en;ja,lapix feat. PANXI,156,156,0,megarex,6.12,1769644804,4,0;1;2;4,PST;PRS;FTR;ETR,True,dl_meltyrhapsody,dl_,3,0,,2,1080_base.jpg;1080_base_256.jpg,1080_base.jpg;1080_base_256.jpg;preview.ogg,True,,,,megarex_light,megarex_conflict
518,signal,"{""en"":""Signal""}",en,rejection feat. Such,175,175,1,megarex,6.12,1769644805,4,0;1;2;4,PST;PRS;FTR;ETR,True,dl_signal,dl_,3,0,,2,1080_base.jpg;1080_base_256.jpg,1080_base.jpg;1080_base_256.jpg;preview.ogg,True,,,,megarex_signal,
519,caramelpop,"{""en"":""Gimme Caramel Popcorn!"",""ja"":""キャラメルポップコーンたべたいよ〜""}",en;ja,ヤミナベレコーズ feat. 繭糸,180,180,0,base,6.12,1771459200,4,0;1;2;4,PST;PRS;FTR;ETR,True,caramelpop,exact,7,4,0.aff;1.aff;2.aff;4.aff,2,1080_base.jpg;1080_base_256.jpg,0.aff;1.aff;1080_base.jpg;1080_base_256.jpg;2.aff;4.aff;base.ogg,False,,,,hime_light,hime_conflict
520,shinoukyoseki,"{""en"":""The Forgotten Forest Haven"",""ja"":""森奥虚跡""}",en;ja,ShiBa,192,192,0,extend_4,6.12,1771459201,3,0;1;2,PST;PRS;FTR,True,dl_shinoukyoseki,dl_,3,0,,2,1080_base.jpg;1080_base_256.jpg,1080_base.jpg;1080_base_256.jpg;preview.ogg,True,,,,prelude_light,prelude_conflict
521,unknownnum,"{""en"":""+1(UNKNOWN)-NUMBER""}",en,MEMODEMO × AQUASINE ^ (hackerling),145,145,1,single,6.12,1771459202,3,0;1;2,PST;PRS;FTR,True,dl_unknownnum,dl_,3,0,,2,1080_base.jpg;1080_base_256.jpg,1080_base.jpg;1080_base_256.jpg;preview.ogg,True,,,,single2_conflict,single2_light
522,thirdavenue,"{""en"":""3rd Avenue""}",en,Sound Souler,130,130,1,extend_4,6.13,1773014400,3,0;1;2,PST;PRS;FTR,True,dl_thirdavenue,dl_,3,0,,2,1080_base.jpg;1080_base_256.jpg,1080_base.jpg;1080_base_256.jpg;preview.ogg,True,,,,nihil,
523,vallista,"{""en"":""Vallista""}",en,Sakuzyo,180,180,0,extend_4,6.13,1773014401,3,0;1;2,PST;PRS;FTR,True,dl_vallista,dl_,3,0,,2,1080_base.jpg;1080_base_256.jpg,1080_base.jpg;1080_base_256.jpg;preview.ogg,True,,,,eden_light,eden_conflict
524,goodrage,"{""en"":""GOODRAGE""}",en,EBIMAYO,222,222,0,single,6.13,1773014402,4,0;1;2;4,PST;PRS;FTR;ETR,True,dl_goodrage,dl_,3,0,,2,1080_base.jpg;1080_base_256.jpg,1080_base.jpg;1080_base_256.jpg;preview.ogg,True,,,,hime_light,hime_conflict
525,cryogenic,"{""en"":""Cryogenic""}",en,Camellia ft. Petra Gurin,145,145,1,single,6.13,1773014403,4,0;1;2;4,PST;PRS;FTR;ETR,True,dl_cryogenic,dl_,3,0,,2,1080_base.jpg;1080_base_256.jpg,1080_base.jpg;1080_base_256.jpg;preview.ogg,True,,,,single2_conflict,single2_light
526,desertrealm,"{""en"":""Desertrealm""}",en,"Masahiro ""Godspeed"" Aoki",216,216,1,single,6.13,1773014404,3,0;1;2,PST;PRS;FTR,True,dl_desertrealm,dl_,3,0,,2,1080_base.jpg;1080_base_256.jpg,1080_base.jpg;1080_base_256.jpg;preview.ogg,True,,,,vs_conflict,vs_light
527,spiderdance,"{""en"":""Spider Dance"",""ja"":""スパイダーダンス""}",en;ja,Toby Fox,230,230,0,undertale_append_1,6.14,1777507200,4,0;1;2;4,PST;PRS;FTR;ETR,True,dl_spiderdance,dl_,3,0,,2,1080_base.jpg;1080_base_256.jpg,1080_base.jpg;1080_base_256.jpg;preview.ogg,True,,,,undertale_light,undertale_conflict
528,spearofjustice,"{""en"":""Spear of Justice"",""ja"":""正義の槍""}",en;ja,Toby Fox,263,263,0,undertale_append_1,6.14,1777507201,4,0;1;2;4,PST;PRS;FTR;ETR,True,dl_spearofjustice,dl_,3,0,,2,1080_base.jpg;1080_base_256.jpg,1080_base.jpg;1080_base_256.jpg;preview.ogg,True,,,,undertale_light,undertale_conflict
529,asgore,"{""en"":""ASGORE"",""ja"":""アズゴア""}",en;ja,Toby Fox,229.69,229.69,0,undertale_append_1,6.14,1777507202,4,0;1;2;4,PST;PRS;FTR;ETR,True,dl_asgore,dl_,3,0,,2,1080_base.jpg;1080_base_256.jpg,1080_base.jpg;1080_base_256.jpg;preview.ogg,True,,,,undertale_light,undertale_conflict
530,mirrorrmx,"{""en"":""MIRROR - kamome sano remix""}",en,kamome sano,177,177,0,extend_4,6.14,1777507203,3,0;1;2,PST;PRS;FTR,True,dl_mirrorrmx,dl_,3,0,,2,1080_base.jpg;1080_base_256.jpg,1080_base.jpg;1080_base_256.jpg;preview.ogg,True,,,,hime_light,hime_conflict
531,riotsystem,"{""en"":""Riot in the System""}",en,Laur & Massive New Krew feat. 社築,200,200,1,extend_4,6.14,1777507204,4,0;1;2;4,PST;PRS;FTR;ETR,True,dl_riotsystem,dl_,3,0,,2,1080_base.jpg;1080_base_256.jpg,1080_base.jpg;1080_base_256.jpg;preview.ogg,True,,,,tanoc_conflict,tanoc_light
532,cosmogyral,"{""en"":""Cosmogyral""}",en,Darren + Altermis,180,180,0,extend_4,6.14,1779926400,4,0;1;2;4,PST;PRS;FTR;ETR,True,dl_cosmogyral,dl_,3,0,,2,1080_base.jpg;1080_base_256.jpg,1080_base.jpg;1080_base_256.jpg;preview.ogg,True,,,,nijuusei2_light,nijuusei2_conflict
533,flexidefine,"{""en"":""flexidefine""}",en,Lamanya,197,197,1,extend_4,6.14,1779926401,3,0;1;2,PST;PRS;FTR,True,dl_flexidefine,dl_,3,0,,2,1080_base.jpg;1080_base_256.jpg,1080_base.jpg;1080_base_256.jpg;preview.ogg,True,,,,prelude_conflict,prelude_light
534,altersist,"{""en"":""Altersist""}",en,void (Mournfinale),138,138,0,single,6.14,1779926402,4,0;1;2;4,PST;PRS;FTR;ETR,True,dl_altersist,dl_,3,0,,2,1080_base.jpg;1080_base_256.jpg,1080_base.jpg;1080_base_256.jpg;preview.ogg,True,,,,eden_light,eden_conflict
535,csqn,"{""en"":""c.s.q.n.""}",en,Aoi,174,174,1,single,6.14,1779926403,4,0;1;2;4,PST;PRS;FTR;ETR,True,dl_csqn,dl_,3,0,,2,1080_base.jpg;1080_base_256.jpg,1080_base.jpg;1080_base_256.jpg;preview.ogg,True,,,,single2_conflict,single2_light
536,sucromania,"{""en"":""Sucromania"",""ja"":""ザラメノキワミ""}",en;ja,STEAKA,148,148,1,single,6.15,1782345600,4,0;1;2;4,PST;PRS;FTR;ETR,True,dl_sucromania,dl_,3,0,,2,1080_base.jpg;1080_base_256.jpg,1080_base.jpg;1080_base_256.jpg;preview.ogg,True,,,,hime_conflict,hime_light
537,lavie,"{""en"":""Lavie"",""ja"":""ラヴィ""}",en;ja,すりぃ,183,183,1,virtualsingers,6.15,1782345601,4,0;1;2;4,PST;PRS;FTR;ETR,True,dl_lavie,dl_,3,0,,2,1080_base.jpg;1080_base_256.jpg,1080_base.jpg;1080_base_256.jpg;preview.ogg,True,,,,virtualsingers_conflict,virtualsingers_light
538,kamippoi,"{""en"":""God-ish"",""ja"":""神っぽいな""}",en;ja,ピノキオピー,103-142,142,1,virtualsingers,6.15,1782345602,4,0;1;2;4,PST;PRS;FTR;ETR,True,dl_kamippoi,dl_,3,0,,2,1080_base.jpg;1080_base_256.jpg,1080_base.jpg;1080_base_256.jpg;preview.ogg,True,,,,virtualsingers_conflict,virtualsingers_light
539,override,"{""en"":""Override"",""ja"":""オーバーライド""}",en;ja,吉田夜世,204,204,0,virtualsingers,6.15,1782345603,4,0;1;2;4,PST;PRS;FTR;ETR,True,dl_override,dl_,3,0,,2,1080_base.jpg;1080_base_256.jpg,1080_base.jpg;1080_base_256.jpg;preview.ogg,True,,,,virtualsingers_light,virtualsingers_conflict
540,telepathy,"{""en"":""Telepathy"",""ja"":""テレパシ""}",en;ja,DECO*27,205,205,0,virtualsingers,6.15,1782345604,4,0;1;2;4,PST;PRS;FTR;ETR,True,dl_telepathy,dl_,3,0,,2,1080_base.jpg;1080_base_256.jpg,1080_base.jpg;1080_base_256.jpg;preview.ogg,True,,,,virtualsingers_light,virtualsingers_conflict
541,aishite,"{""en"":""Love me, Love me, Love me"",""ja"":""愛して愛して愛して""}",en;ja,きくお,230,230,1,virtualsingers,6.15,1782345605,4,0;1;2;4,PST;PRS;FTR;ETR,True,dl_aishite,dl_,3,0,,2,1080_base.jpg;1080_base_256.jpg,1080_base.jpg;1080_base_256.jpg;preview.ogg,True,,,,virtualsingers_conflict,virtualsingers_light
542,synthesis,"{""en"":""Synthesis.""}",en,tn-shi,180,180,1,single,6.16,1785369600,4,0;1;2;4,PST;PRS;FTR;ETR,True,dl_synthesis,dl_,3,0,,2,1080_base.jpg;1080_base_256.jpg,1080_base.jpg;1080_base_256.jpg;preview.ogg,True,,,,single2_conflict,single2_light
543,acidgod,"{""en"":""Acid God""}",en,Yuta Imai,160,160,1,single,6.16,1785369601,4,0;1;2;4,PST;PRS;FTR;ETR,True,dl_acidgod,dl_,3,0,,2,1080_base.jpg;1080_base_256.jpg,1080_base.jpg;1080_base_256.jpg;preview.ogg,True,,,,chuni-ikazuchi,
545,chronologia,"{""en"":""chronologia""}",en,lowiro Sound Team (ak+q x nitro),180,180,0,single,6.16,1785369603,4,0;1;2;4,PST;PRS;FTR;ETR,True,dl_chronologia,dl_,3,0,,2,1080_base.jpg;1080_base_256.jpg,1080_base.jpg;1080_base_256.jpg;preview.ogg,True,,,,eden_light,eden_conflict
