songId,songIdx,title,ratingClass,difficultyLabel,rating,ratingPlus,displayLevel,isPlayableChart,playabilityEvidence,recordRole,chartDesigner,jacketDesigner,jacketOverride,jacketNight,titleOverride,audioOverride,bpm,bpmBase,date,version,bg,bgInverse,chartBodyPath,chartFilePresent
sayonarahatsukoi,0,"{""en"":""Sayonara Hatsukoi""}",0,PST,1,,1,True,rating=1;hidden_until=none;chartDesigner=present;chartBodyBundled=true;chartPath=0.aff,normal-slot,Nitro,,,,,,,,,,,,0.aff,True
sayonarahatsukoi,0,"{""en"":""Sayonara Hatsukoi""}",1,PRS,4,,4,True,rating=4;hidden_until=none;chartDesigner=present;chartBodyBundled=true;chartPath=1.aff,normal-slot,Nitro,,,,,,,,,,,,1.aff,True
sayonarahatsukoi,0,"{""en"":""Sayonara Hatsukoi""}",2,FTR,7,,7,True,rating=7;hidden_until=none;chartDesigner=present;chartBodyBundled=true;chartPath=2.aff,normal-slot,Toaster,,,,,,,,,,,,2.aff,True
sayonarahatsukoi,0,"{""en"":""Sayonara Hatsukoi""}",4,ETR,8,,8,True,rating=8;hidden_until=none;chartDesigner=present;chartBodyBundled=true;chartPath=4.aff,normal-slot,Luxance + Exschwasion,,,,,,,,1709856000,5.4,,,4.aff,True
lostcivilization,1,"{""en"":""Lost Civilization""}",0,PST,4,,4,True,rating=4;hidden_until=none;chartDesigner=present;chartBodyBundled=true;chartPath=0.aff,normal-slot,Toaster,,,,,,,,,,,,0.aff,True
lostcivilization,1,"{""en"":""Lost Civilization""}",1,PRS,7,,7,True,rating=7;hidden_until=none;chartDesigner=present;chartBodyBundled=true;chartPath=1.aff,normal-slot,Toaster,,,,,,,,,,,,1.aff,True
lostcivilization,1,"{""en"":""Lost Civilization""}",2,FTR,9,,9,True,rating=9;hidden_until=none;chartDesigner=present;chartBodyBundled=true;chartPath=2.aff,normal-slot,Toaster,,,,,,,,,,,,2.aff,True
lostcivilization,1,"{""en"":""Lost Civilization""}",3,BYD,9,True,9+,True,rating=9;hidden_until=none;chartDesigner=present;chartBodyBundled=false;chartPath=3.aff,normal-slot,Nitro affected by Nitro,みしゃも + yoshimo,True,,,,,,1620691201,3.6,,,3.aff,False
goodtek,2,"{""en"":""GOODTEK (Arcaea Edit)""}",0,PST,4,,4,True,rating=4;hidden_until=none;chartDesigner=present;chartBodyBundled=false;chartPath=0.aff,normal-slot,Nitro,Koyama Mai,,,,,,,,,,,0.aff,False
goodtek,2,"{""en"":""GOODTEK (Arcaea Edit)""}",1,PRS,6,,6,True,rating=6;hidden_until=none;chartDesigner=present;chartBodyBundled=false;chartPath=1.aff,normal-slot,Nitro,Koyama Mai,,,,,,,,,,,1.aff,False
goodtek,2,"{""en"":""GOODTEK (Arcaea Edit)""}",2,FTR,9,,9,True,rating=9;hidden_until=none;chartDesigner=present;chartBodyBundled=false;chartPath=2.aff,normal-slot,Nitro,Koyama Mai,,,,,,,,,,,2.aff,False
goodtek,2,"{""en"":""GOODTEK (Arcaea Edit)""}",3,BYD,9,True,9+,True,rating=9;hidden_until=none;chartDesigner=present;chartBodyBundled=false;chartPath=3.aff,normal-slot,GOODTOAST,出前,True,,,,,,1590537603,3.0,,,3.aff,False
viyella,3,"{""en"":""cry of viyella""}",0,PST,3,,3,True,rating=3;hidden_until=none;chartDesigner=present;chartBodyBundled=false;chartPath=0.aff,normal-slot,Toaster,Khronetic,,,,,,,,,,,0.aff,False
viyella,3,"{""en"":""cry of viyella""}",1,PRS,6,,6,True,rating=6;hidden_until=none;chartDesigner=present;chartBodyBundled=false;chartPath=1.aff,normal-slot,Toaster,Khronetic,,,,,,,,,,,1.aff,False
viyella,3,"{""en"":""cry of viyella""}",2,FTR,8,True,8+,True,rating=8;hidden_until=none;chartDesigner=present;chartBodyBundled=false;chartPath=2.aff,normal-slot,Toaster,Khronetic,,,,,,,,,,,2.aff,False
rise,4,"{""en"":""Rise""}",0,PST,2,,2,True,rating=2;hidden_until=none;chartDesigner=present;chartBodyBundled=true;chartPath=0.aff,normal-slot,Nitro,,,,,,,,,,,,0.aff,True
rise,4,"{""en"":""Rise""}",1,PRS,4,,4,True,rating=4;hidden_until=none;chartDesigner=present;chartBodyBundled=true;chartPath=1.aff,normal-slot,Nitro,,,,,,,,,,,,1.aff,True
rise,4,"{""en"":""Rise""}",2,FTR,7,True,7+,True,rating=7;hidden_until=none;chartDesigner=present;chartBodyBundled=true;chartPath=2.aff,normal-slot,Nitro,,,,,,,,,,,,2.aff,True
lucifer,5,"{""en"":""Lucifer""}",0,PST,3,,3,True,rating=3;hidden_until=none;chartDesigner=present;chartBodyBundled=false;chartPath=0.aff,normal-slot,Nitro,,,,,,,,,,,,0.aff,False
lucifer,5,"{""en"":""Lucifer""}",1,PRS,5,,5,True,rating=5;hidden_until=none;chartDesigner=present;chartBodyBundled=false;chartPath=1.aff,normal-slot,Nitro,,,,,,,,,,,,1.aff,False
lucifer,5,"{""en"":""Lucifer""}",2,FTR,8,,8,True,rating=8;hidden_until=none;chartDesigner=present;chartBodyBundled=false;chartPath=2.aff,normal-slot,Nitro,,,,,,,,,,,,2.aff,False
fairytale,6,"{""en"":""Fairytale""}",0,PST,1,,1,True,rating=1;hidden_until=none;chartDesigner=present;chartBodyBundled=true;chartPath=0.aff,normal-slot,Toaster,Khronetic,,,,,,,,,,,0.aff,True
fairytale,6,"{""en"":""Fairytale""}",1,PRS,3,,3,True,rating=3;hidden_until=none;chartDesigner=present;chartBodyBundled=true;chartPath=1.aff,normal-slot,Toaster,Khronetic,,,,,,,,,,,1.aff,True
fairytale,6,"{""en"":""Fairytale""}",2,FTR,7,,7,True,rating=7;hidden_until=none;chartDesigner=present;chartBodyBundled=true;chartPath=2.aff,normal-slot,Toaster,Khronetic,,,,,,,,,,,2.aff,True
fairytale,6,"{""en"":""Fairytale""}",3,BYD,9,,9,True,rating=9;hidden_until=none;chartDesigner=present;chartBodyBundled=false;chartPath=3.aff,normal-slot,Nitro in Wonderland,Khronetic,True,,,,,,1590537601,3.0,,,3.aff,False
hearditsaid,7,"{""en"":""I've heard it said""}",0,PST,3,,3,True,rating=3;hidden_until=none;chartDesigner=present;chartBodyBundled=false;chartPath=0.aff,normal-slot,Toaster,,,,,,,,,,,,0.aff,False
hearditsaid,7,"{""en"":""I've heard it said""}",1,PRS,6,,6,True,rating=6;hidden_until=none;chartDesigner=present;chartBodyBundled=false;chartPath=1.aff,normal-slot,Toaster,,,,,,,,,,,,1.aff,False
hearditsaid,7,"{""en"":""I've heard it said""}",2,FTR,8,,8,True,rating=8;hidden_until=none;chartDesigner=present;chartBodyBundled=false;chartPath=2.aff,normal-slot,Toaster,,,,,,,,,,,,2.aff,False
babaroque,8,"{""en"":""Babaroque""}",0,PST,3,,3,True,rating=3;hidden_until=none;chartDesigner=present;chartBodyBundled=false;chartPath=0.aff,normal-slot,Toaster,,,,,,,,,,,,0.aff,False
babaroque,8,"{""en"":""Babaroque""}",1,PRS,6,,6,True,rating=6;hidden_until=none;chartDesigner=present;chartBodyBundled=false;chartPath=1.aff,normal-slot,Toaster,,,,,,,,,,,,1.aff,False
babaroque,8,"{""en"":""Babaroque""}",2,FTR,8,,8,True,rating=8;hidden_until=none;chartDesigner=present;chartBodyBundled=false;chartPath=2.aff,normal-slot,Toaster,,,,,,,,,,,,2.aff,False
memoryfactory,9,"{""en"":""memoryfactory.lzh""}",0,PST,2,,2,True,rating=2;hidden_until=none;chartDesigner=present;chartBodyBundled=false;chartPath=0.aff,normal-slot,Nitro,Frums,,,,,,,,,,,0.aff,False
memoryfactory,9,"{""en"":""memoryfactory.lzh""}",1,PRS,5,,5,True,rating=5;hidden_until=none;chartDesigner=present;chartBodyBundled=false;chartPath=1.aff,normal-slot,Nitro,Frums,,,,,,,,,,,1.aff,False
memoryfactory,9,"{""en"":""memoryfactory.lzh""}",2,FTR,8,True,8+,True,rating=8;hidden_until=none;chartDesigner=present;chartBodyBundled=false;chartPath=2.aff,normal-slot,Nitro,Frums,,,,,,,,,,,2.aff,False
snowwhite,10,"{""en"":""Snow White""}",0,PST,2,,2,True,rating=2;hidden_until=none;chartDesigner=present;chartBodyBundled=true;chartPath=0.aff,normal-slot,Toaster,,,,,,,,,,,,0.aff,True
snowwhite,10,"{""en"":""Snow White""}",1,PRS,5,,5,True,rating=5;hidden_until=none;chartDesigner=present;chartBodyBundled=true;chartPath=1.aff,normal-slot,Toaster,,,,,,,,,,,,1.aff,True
snowwhite,10,"{""en"":""Snow White""}",2,FTR,8,,8,True,rating=8;hidden_until=none;chartDesigner=present;chartBodyBundled=true;chartPath=2.aff,normal-slot,Toaster,,,,,,,,,,,,2.aff,True
snowwhite,10,"{""en"":""Snow White""}",3,BYD,9,True,9+,True,rating=9;hidden_until=difficulty;chartDesigner=present;chartBodyBundled=false;chartPath=3.aff,unlock-gated-slot,én + Nitro,,,,,,,,1745452800,6.4,nijuusei2_light,nijuusei2_conflict,3.aff,False
relentless,11,"{""en"":""Relentless""}",0,PST,4,,4,True,rating=4;hidden_until=none;chartDesigner=present;chartBodyBundled=false;chartPath=0.aff,normal-slot,Nitro,SERXPHIS,,,,,,,,,,,0.aff,False
relentless,11,"{""en"":""Relentless""}",1,PRS,6,,6,True,rating=6;hidden_until=none;chartDesigner=present;chartBodyBundled=false;chartPath=1.aff,normal-slot,Nitro,SERXPHIS,,,,,,,,,,,1.aff,False
relentless,11,"{""en"":""Relentless""}",2,FTR,8,,8,True,rating=8;hidden_until=none;chartDesigner=present;chartBodyBundled=false;chartPath=2.aff,normal-slot,Nitro,SERXPHIS,,,,,,,,,,,2.aff,False
shadesoflight,12,"{""en"":""Shades of Light in a Transcendent Realm""}",0,PST,3,,3,True,rating=3;hidden_until=none;chartDesigner=present;chartBodyBundled=true;chartPath=0.aff,normal-slot,Nitro,RiceGnat,,,,,,,,,,,0.aff,True
shadesoflight,12,"{""en"":""Shades of Light in a Transcendent Realm""}",1,PRS,6,,6,True,rating=6;hidden_until=none;chartDesigner=present;chartBodyBundled=true;chartPath=1.aff,normal-slot,Nitro,RiceGnat,,,,,,,,,,,1.aff,True
shadesoflight,12,"{""en"":""Shades of Light in a Transcendent Realm""}",2,FTR,8,,8,True,rating=8;hidden_until=none;chartDesigner=present;chartBodyBundled=true;chartPath=2.aff,normal-slot,Nitro,RiceGnat,,,,,,,,,,,2.aff,True
shadesoflight,12,"{""en"":""Shades of Light in a Transcendent Realm""}",3,BYD,9,,9,True,rating=9;hidden_until=none;chartDesigner=present;chartBodyBundled=false;chartPath=3.aff,normal-slot,N↑TRO,RiceGnat,True,,,,,,1678320000,4.3,,,3.aff,False
vexaria,13,"{""en"":""Vexaria""}",0,PST,2,,2,True,rating=2;hidden_until=none;chartDesigner=present;chartBodyBundled=true;chartPath=0.aff,normal-slot,Nitro,Koyama Mai,,,,,,,,,,,0.aff,True
vexaria,13,"{""en"":""Vexaria""}",1,PRS,5,,5,True,rating=5;hidden_until=none;chartDesigner=present;chartBodyBundled=true;chartPath=1.aff,normal-slot,Nitro,Koyama Mai,,,,,,,,,,,1.aff,True
vexaria,13,"{""en"":""Vexaria""}",2,FTR,7,,7,True,rating=7;hidden_until=none;chartDesigner=present;chartBodyBundled=true;chartPath=2.aff,normal-slot,Nitro,Koyama Mai,,,,,,,,,,,2.aff,True
vexaria,13,"{""en"":""Vexaria""}",3,BYD,9,,9,True,rating=9;hidden_until=none;chartDesigner=present;chartBodyBundled=false;chartPath=3.aff,normal-slot,石樂,Koyama Mai,True,,,,,,1590537600,3.0,,,3.aff,False
essenceoftwilight,14,"{""en"":""Essence of Twilight""}",0,PST,4,,4,True,rating=4;hidden_until=none;chartDesigner=present;chartBodyBundled=false;chartPath=0.aff,normal-slot,Nitro,deel,,,,,,,,,,,0.aff,False
essenceoftwilight,14,"{""en"":""Essence of Twilight""}",1,PRS,7,,7,True,rating=7;hidden_until=none;chartDesigner=present;chartBodyBundled=false;chartPath=1.aff,normal-slot,Nitro,deel,,,,,,,,,,,1.aff,False
essenceoftwilight,14,"{""en"":""Essence of Twilight""}",2,FTR,9,,9,True,rating=9;hidden_until=none;chartDesigner=present;chartBodyBundled=false;chartPath=2.aff,normal-slot,Nitro,deel,,,,,,,,,,,2.aff,False
qualia,15,"{""en"":""qualia -ideaesthesia-""}",0,PST,4,,4,True,rating=4;hidden_until=none;chartDesigner=present;chartBodyBundled=false;chartPath=0.aff,normal-slot,-chartaesthesia-,Khronetic,,,,,,,,,,,0.aff,False
qualia,15,"{""en"":""qualia -ideaesthesia-""}",1,PRS,7,,7,True,rating=7;hidden_until=none;chartDesigner=present;chartBodyBundled=false;chartPath=1.aff,normal-slot,-chartaesthesia-,Khronetic,,,,,,,,,,,1.aff,False
qualia,15,"{""en"":""qualia -ideaesthesia-""}",2,FTR,9,,9,True,rating=9;hidden_until=none;chartDesigner=present;chartBodyBundled=false;chartPath=2.aff,normal-slot,-chartaesthesia-,Khronetic,,,,,,,,,,,2.aff,False
qualia,15,"{""en"":""qualia -ideaesthesia-""}",3,BYD,9,True,9+,True,rating=9;hidden_until=difficulty;chartDesigner=present;chartBodyBundled=false;chartPath=3.aff,unlock-gated-slot,moonquay -end of chartaesthesia-,khronetic -synesthesia-,True,,,,,,1639008001,3.10,,,3.aff,False
pragmatism,16,"{""en"":""PRAGMATISM""}",0,PST,4,,4,True,rating=4;hidden_until=none;chartDesigner=present;chartBodyBundled=false;chartPath=0.aff,normal-slot,東星,シエラ,,,,,,,,,,,0.aff,False
pragmatism,16,"{""en"":""PRAGMATISM""}",1,PRS,8,,8,True,rating=8;hidden_until=none;chartDesigner=present;chartBodyBundled=false;chartPath=1.aff,normal-slot,東星,シエラ,,,,,,,,,,,1.aff,False
pragmatism,16,"{""en"":""PRAGMATISM""}",2,FTR,10,,10,True,rating=10;hidden_until=none;chartDesigner=present;chartBodyBundled=false;chartPath=2.aff,normal-slot,東星,シエラ,,,,,,,,,,,2.aff,False
pragmatism,16,"{""en"":""PRAGMATISM""}",3,BYD,11,,11,True,rating=11;hidden_until=difficulty;chartDesigner=present;chartBodyBundled=false;chartPath=3.aff,unlock-gated-slot,THE LAST DREAM,シエラ,True,,"{""en"":""PRAGMATISM -RESURRECTION-""}",True,,,1639008004,3.10,pragmatism3,,3.aff,False
sheriruth,17,"{""en"":""Sheriruth""}",0,PST,5,,5,True,rating=5;hidden_until=none;chartDesigner=present;chartBodyBundled=false;chartPath=0.aff,normal-slot,夜浪,シエラ,,,,,,,,,,,0.aff,False
sheriruth,17,"{""en"":""Sheriruth""}",1,PRS,7,,7,True,rating=7;hidden_until=none;chartDesigner=present;chartBodyBundled=false;chartPath=1.aff,normal-slot,夜浪,シエラ,,,,,,,,,,,1.aff,False
sheriruth,17,"{""en"":""Sheriruth""}",2,FTR,10,,10,True,rating=10;hidden_until=none;chartDesigner=present;chartBodyBundled=false;chartPath=2.aff,normal-slot,夜浪,シエラ,,,,,,,,,,,2.aff,False
lumia,18,"{""en"":""Lumia""}",0,PST,2,,2,True,rating=2;hidden_until=none;chartDesigner=present;chartBodyBundled=false;chartPath=0.aff,normal-slot,Nitro,mins,,,,,,,,,,,0.aff,False
lumia,18,"{""en"":""Lumia""}",1,PRS,5,,5,True,rating=5;hidden_until=none;chartDesigner=present;chartBodyBundled=false;chartPath=1.aff,normal-slot,Nitro,mins,,,,,,,,,,,1.aff,False
lumia,18,"{""en"":""Lumia""}",2,FTR,8,,8,True,rating=8;hidden_until=none;chartDesigner=present;chartBodyBundled=false;chartPath=2.aff,normal-slot,Toaster missing Nitro.,mins,,,,,,,,,,,2.aff,False
lumia,18,"{""en"":""Lumia""}",3,BYD,9,,9,True,rating=9;hidden_until=none;chartDesigner=present;chartBodyBundled=false;chartPath=3.aff,normal-slot,Toaster.,mins,True,,,,,,1604880000,3.2,,,3.aff,False
dement,19,"{""en"":""Dement ~after legend~""}",0,PST,3,,3,True,rating=3;hidden_until=none;chartDesigner=present;chartBodyBundled=true;chartPath=0.aff,normal-slot,Toaster,,,,,,,,,,,,0.aff,True
dement,19,"{""en"":""Dement ~after legend~""}",1,PRS,6,,6,True,rating=6;hidden_until=none;chartDesigner=present;chartBodyBundled=true;chartPath=1.aff,normal-slot,Toaster,,,,,,,,,,,,1.aff,True
dement,19,"{""en"":""Dement ~after legend~""}",2,FTR,7,True,7+,True,rating=7;hidden_until=none;chartDesigner=present;chartBodyBundled=true;chartPath=2.aff,normal-slot,Toaster,,,,,,,,,,,,2.aff,True
dement,19,"{""en"":""Dement ~after legend~""}",3,BYD,9,True,9+,True,rating=9;hidden_until=none;chartDesigner=present;chartBodyBundled=false;chartPath=3.aff,normal-slot,Nitro ~ABYSS~,,True,,,,,,1597968001,3.1,,,3.aff,False
dandelion,20,"{""en"":""Dandelion""}",0,PST,2,,2,True,rating=2;hidden_until=none;chartDesigner=present;chartBodyBundled=true;chartPath=0.aff,normal-slot,Nitro,,,,,,,,,,,,0.aff,True
dandelion,20,"{""en"":""Dandelion""}",1,PRS,6,,6,True,rating=6;hidden_until=none;chartDesigner=present;chartBodyBundled=true;chartPath=1.aff,normal-slot,Nitro,,,,,,,,,,,,1.aff,True
dandelion,20,"{""en"":""Dandelion""}",2,FTR,8,,8,True,rating=8;hidden_until=none;chartDesigner=present;chartBodyBundled=true;chartPath=2.aff,normal-slot,Nitro,,,,,,,,,,,,2.aff,True
anokumene,21,"{""en"":""Anökumene"",""ko"":""Anokumene"",""zh-Hant"":""Anokumene"",""zh-Hans"":""Anokumene""}",0,PST,2,,2,True,rating=2;hidden_until=none;chartDesigner=present;chartBodyBundled=false;chartPath=0.aff,normal-slot,Toaster,Khronetic,,,,,,,,,,,0.aff,False
anokumene,21,"{""en"":""Anökumene"",""ko"":""Anokumene"",""zh-Hant"":""Anokumene"",""zh-Hans"":""Anokumene""}",1,PRS,6,,6,True,rating=6;hidden_until=none;chartDesigner=present;chartBodyBundled=false;chartPath=1.aff,normal-slot,Toaster,Khronetic,,,,,,,,,,,1.aff,False
anokumene,21,"{""en"":""Anökumene"",""ko"":""Anokumene"",""zh-Hant"":""Anokumene"",""zh-Hans"":""Anokumene""}",2,FTR,9,,9,True,rating=9;hidden_until=none;chartDesigner=present;chartBodyBundled=false;chartPath=2.aff,normal-slot,Toaster,Khronetic,,,,,,,,,,,2.aff,False
anokumene,21,"{""en"":""Anökumene"",""ko"":""Anokumene"",""zh-Hant"":""Anokumene"",""zh-Hans"":""Anokumene""}",3,BYD,9,True,9+,True,rating=9;hidden_until=difficulty;chartDesigner=present;chartBodyBundled=false;chartPath=3.aff,unlock-gated-slot,Astral Luxance,Khronetic,,,,,,,1745452801,6.4,single2_conflict,single2_light,3.aff,False
infinityheaven,22,"{""en"":""Infinity Heaven""}",0,PST,1,,1,True,rating=1;hidden_until=none;chartDesigner=present;chartBodyBundled=true;chartPath=0.aff,normal-slot,Nitro,Tagtraume,,,,,,,,,,,0.aff,True
infinityheaven,22,"{""en"":""Infinity Heaven""}",1,PRS,5,,5,True,rating=5;hidden_until=none;chartDesigner=present;chartBodyBundled=true;chartPath=1.aff,normal-slot,Nitro,Tagtraume,,,,,,,,,,,1.aff,True
infinityheaven,22,"{""en"":""Infinity Heaven""}",2,FTR,7,True,7+,True,rating=7;hidden_until=none;chartDesigner=present;chartBodyBundled=true;chartPath=2.aff,normal-slot,Nitro,Tagtraume,,,,,,,,,,,2.aff,True
infinityheaven,22,"{""en"":""Infinity Heaven""}",3,BYD,9,,9,True,rating=9;hidden_until=none;chartDesigner=present;chartBodyBundled=false;chartPath=3.aff,normal-slot,Nitr∞,Tagtraume,True,,,,,,1590537602,3.0,,,3.aff,False
partyvinyl,23,"{""en"":""Party Vinyl""}",0,PST,4,,4,True,rating=4;hidden_until=none;chartDesigner=present;chartBodyBundled=false;chartPath=0.aff,normal-slot,Party Toaster,アサヤ,,,,,,,,,,,0.aff,False
partyvinyl,23,"{""en"":""Party Vinyl""}",1,PRS,7,True,7+,True,rating=7;hidden_until=none;chartDesigner=present;chartBodyBundled=false;chartPath=1.aff,normal-slot,Party Toaster,アサヤ,,,,,,,,,,,1.aff,False
partyvinyl,23,"{""en"":""Party Vinyl""}",2,FTR,9,,9,True,rating=9;hidden_until=none;chartDesigner=present;chartBodyBundled=false;chartPath=2.aff,normal-slot,Party Toaster,アサヤ,,,,,,,,,,,2.aff,False
partyvinyl,23,"{""en"":""Party Vinyl""}",3,BYD,10,,10,True,rating=10;hidden_until=none;chartDesigner=present;chartBodyBundled=false;chartPath=3.aff,normal-slot,Party Exschwasion,アサヤ,True,,,,,,1671667202,4.1,,,3.aff,False
flashback,24,"{""en"":""Flashback""}",0,PST,2,,2,True,rating=2;hidden_until=none;chartDesigner=present;chartBodyBundled=false;chartPath=0.aff,normal-slot,Nitro,yoshimo,,,,,,,,,,,0.aff,False
flashback,24,"{""en"":""Flashback""}",1,PRS,5,,5,True,rating=5;hidden_until=none;chartDesigner=present;chartBodyBundled=false;chartPath=1.aff,normal-slot,Nitro,yoshimo,,,,,,,,,,,1.aff,False
flashback,24,"{""en"":""Flashback""}",2,FTR,8,True,8+,True,rating=8;hidden_until=none;chartDesigner=present;chartBodyBundled=false;chartPath=2.aff,normal-slot,Nitro,yoshimo,,,,,,,,,,,2.aff,False
flyburg,25,"{""en"":""Flyburg and Endroll"",""ja"":""フライブルクとエンドロウル""}",0,PST,3,,3,True,rating=3;hidden_until=none;chartDesigner=present;chartBodyBundled=false;chartPath=0.aff,normal-slot,N,アリスシャッハと魔法の楽団,,,,,,,,,,,0.aff,False
flyburg,25,"{""en"":""Flyburg and Endroll"",""ja"":""フライブルクとエンドロウル""}",1,PRS,6,,6,True,rating=6;hidden_until=none;chartDesigner=present;chartBodyBundled=false;chartPath=1.aff,normal-slot,N,アリスシャッハと魔法の楽団,,,,,,,,,,,1.aff,False
flyburg,25,"{""en"":""Flyburg and Endroll"",""ja"":""フライブルクとエンドロウル""}",2,FTR,9,,9,True,rating=9;hidden_until=none;chartDesigner=present;chartBodyBundled=false;chartPath=2.aff,normal-slot,NーHelix,アリスシャッハと魔法の楽団,,,,,,,,,,,2.aff,False
nirvluce,26,"{""en"":""Nirv lucE""}",0,PST,2,,2,True,rating=2;hidden_until=none;chartDesigner=present;chartBodyBundled=false;chartPath=0.aff,normal-slot,東星※紅空,シエラ,,,,,,,,,,,0.aff,False
nirvluce,26,"{""en"":""Nirv lucE""}",1,PRS,7,,7,True,rating=7;hidden_until=none;chartDesigner=present;chartBodyBundled=false;chartPath=1.aff,normal-slot,東星※紅空,シエラ,,,,,,,,,,,1.aff,False
nirvluce,26,"{""en"":""Nirv lucE""}",2,FTR,10,,10,True,rating=10;hidden_until=none;chartDesigner=present;chartBodyBundled=false;chartPath=2.aff,normal-slot,東星※紅空,シエラ,,,,,,,,,,,2.aff,False
paradise,27,"{""en"":""Paradise""}",0,PST,1,,1,True,rating=1;hidden_until=none;chartDesigner=present;chartBodyBundled=false;chartPath=0.aff,normal-slot,Nitro,ましろみ のあ,,,,,,,,,,,0.aff,False
paradise,27,"{""en"":""Paradise""}",1,PRS,4,,4,True,rating=4;hidden_until=none;chartDesigner=present;chartBodyBundled=false;chartPath=1.aff,normal-slot,Nitro,ましろみ のあ,,,,,,,,,,,1.aff,False
paradise,27,"{""en"":""Paradise""}",2,FTR,7,True,7+,True,rating=7;hidden_until=none;chartDesigner=present;chartBodyBundled=false;chartPath=2.aff,normal-slot,Nitro,ましろみ のあ,,,,,,,,,,,2.aff,False
brandnewworld,28,"{""en"":""Brand new world""}",0,PST,2,,2,True,rating=2;hidden_until=none;chartDesigner=present;chartBodyBundled=true;chartPath=0.aff,normal-slot,Nitro 2.0,,,,,,,,,,,,0.aff,True
brandnewworld,28,"{""en"":""Brand new world""}",1,PRS,4,,4,True,rating=4;hidden_until=none;chartDesigner=present;chartBodyBundled=true;chartPath=1.aff,normal-slot,Nitro 2.0,,,,,,,,,,,,1.aff,True
brandnewworld,28,"{""en"":""Brand new world""}",2,FTR,7,True,7+,True,rating=7;hidden_until=none;chartDesigner=present;chartBodyBundled=true;chartPath=2.aff,normal-slot,Nitro 2.0,,,,,,,,,,,,2.aff,True
dataerror,29,"{""en"":""DataErr0r""}",0,PST,3,,3,True,rating=3;hidden_until=none;chartDesigner=present;chartBodyBundled=false;chartPath=0.aff,normal-slot,ToastErr0r,Photonskyto,,,,,,,,,,,0.aff,False
dataerror,29,"{""en"":""DataErr0r""}",1,PRS,7,,7,True,rating=7;hidden_until=none;chartDesigner=present;chartBodyBundled=false;chartPath=1.aff,normal-slot,ToastErr0r,Photonskyto,,,,,,,,,,,1.aff,False
dataerror,29,"{""en"":""DataErr0r""}",2,FTR,9,,9,True,rating=9;hidden_until=none;chartDesigner=present;chartBodyBundled=false;chartPath=2.aff,normal-slot,ToastErr0r,Photonskyto,,,,,,,,,,,2.aff,False
crosssoul,30,"{""en"":""CROSS†SOUL""}",0,PST,4,,4,True,rating=4;hidden_until=none;chartDesigner=present;chartBodyBundled=false;chartPath=0.aff,normal-slot,k//eternal,Khronetic,,,,,,,,,,,0.aff,False
crosssoul,30,"{""en"":""CROSS†SOUL""}",1,PRS,7,,7,True,rating=7;hidden_until=none;chartDesigner=present;chartBodyBundled=false;chartPath=1.aff,normal-slot,k//eternal,Khronetic,,,,,,,,,,,1.aff,False
crosssoul,30,"{""en"":""CROSS†SOUL""}",2,FTR,9,,9,True,rating=9;hidden_until=none;chartDesigner=present;chartBodyBundled=false;chartPath=2.aff,normal-slot,k//eternal,Khronetic,,,,,,,,,,,2.aff,False
yourvoiceso,31,"{""en"":""Your voice so... feat. Such""}",0,PST,3,,3,True,rating=3;hidden_until=none;chartDesigner=present;chartBodyBundled=false;chartPath=0.aff,normal-slot,Nitro,DJ Poyoshi,,,,,,,,,,,0.aff,False
yourvoiceso,31,"{""en"":""Your voice so... feat. Such""}",1,PRS,6,,6,True,rating=6;hidden_until=none;chartDesigner=present;chartBodyBundled=false;chartPath=1.aff,normal-slot,Nitro,DJ Poyoshi,,,,,,,,,,,1.aff,False
yourvoiceso,31,"{""en"":""Your voice so... feat. Such""}",2,FTR,9,,9,True,rating=9;hidden_until=none;chartDesigner=present;chartBodyBundled=false;chartPath=2.aff,normal-slot,Nitro,DJ Poyoshi,,,,,,,,,,,2.aff,False
chronostasis,32,"{""en"":""Chronostasis""}",0,PST,3,,3,True,rating=3;hidden_until=none;chartDesigner=present;chartBodyBundled=true;chartPath=0.aff,normal-slot,Kurorak,,,,,,,,,,,,0.aff,True
chronostasis,32,"{""en"":""Chronostasis""}",1,PRS,7,,7,True,rating=7;hidden_until=none;chartDesigner=present;chartBodyBundled=true;chartPath=1.aff,normal-slot,Kurorak,,,,,,,,,,,,1.aff,True
chronostasis,32,"{""en"":""Chronostasis""}",2,FTR,8,True,8+,True,rating=8;hidden_until=none;chartDesigner=present;chartBodyBundled=true;chartPath=2.aff,normal-slot,Kurorak,,,,,,,,,,,,2.aff,True
kanagawa,33,"{""en"":""Kanagawa Cyber Culvert"",""ja"":""神奈川電脳暗渠""}",0,PST,1,,1,True,rating=1;hidden_until=none;chartDesigner=present;chartBodyBundled=false;chartPath=0.aff,normal-slot,Nitro,白鳥怜,,,,,,,,,,,0.aff,False
kanagawa,33,"{""en"":""Kanagawa Cyber Culvert"",""ja"":""神奈川電脳暗渠""}",1,PRS,5,,5,True,rating=5;hidden_until=none;chartDesigner=present;chartBodyBundled=false;chartPath=1.aff,normal-slot,Nitro,白鳥怜,,,,,,,,,,,1.aff,False
kanagawa,33,"{""en"":""Kanagawa Cyber Culvert"",""ja"":""神奈川電脳暗渠""}",2,FTR,9,,9,True,rating=9;hidden_until=none;chartDesigner=present;chartBodyBundled=false;chartPath=2.aff,normal-slot,Nitro,白鳥怜,,,,,,,,,,,2.aff,False
kanagawa,33,"{""en"":""Kanagawa Cyber Culvert"",""ja"":""神奈川電脳暗渠""}",3,BYD,9,True,9+,True,rating=9;hidden_until=none;chartDesigner=present;chartBodyBundled=false;chartPath=3.aff,normal-slot,Exschwas↓on,白鳥怜 + Khronetic,True,,,,,,1639008000,3.10,,,3.aff,False
moonlightofsandcastle,34,"{""en"":""Moonlight of Sand Castle""}",0,PST,1,,1,True,rating=1;hidden_until=none;chartDesigner=present;chartBodyBundled=false;chartPath=0.aff,normal-slot,Kurorak,,,,,,,,,,,,0.aff,False
moonlightofsandcastle,34,"{""en"":""Moonlight of Sand Castle""}",1,PRS,5,,5,True,rating=5;hidden_until=none;chartDesigner=present;chartBodyBundled=false;chartPath=1.aff,normal-slot,Kurorak,,,,,,,,,,,,1.aff,False
moonlightofsandcastle,34,"{""en"":""Moonlight of Sand Castle""}",2,FTR,7,True,7+,True,rating=7;hidden_until=none;chartDesigner=present;chartBodyBundled=false;chartPath=2.aff,normal-slot,Kurorak,,,,,,,,,,,,2.aff,False
reconstruction,35,"{""en"":""REconstruction""}",0,PST,2,,2,True,rating=2;hidden_until=none;chartDesigner=present;chartBodyBundled=false;chartPath=0.aff,normal-slot,Nitro,,,,,,,,,,,,0.aff,False
reconstruction,35,"{""en"":""REconstruction""}",1,PRS,6,,6,True,rating=6;hidden_until=none;chartDesigner=present;chartBodyBundled=false;chartPath=1.aff,normal-slot,Nitro,,,,,,,,,,,,1.aff,False
reconstruction,35,"{""en"":""REconstruction""}",2,FTR,8,,8,True,rating=8;hidden_until=none;chartDesigner=present;chartBodyBundled=false;chartPath=2.aff,normal-slot,Nitro,,,,,,,,,,,,2.aff,False
evoltex,36,"{""en"":""Evoltex (poppi'n mix)""}",0,PST,2,,2,True,rating=2;hidden_until=none;chartDesigner=present;chartBodyBundled=false;chartPath=0.aff,normal-slot,k//eternal,,,,,,,,,,,,0.aff,False
evoltex,36,"{""en"":""Evoltex (poppi'n mix)""}",1,PRS,7,,7,True,rating=7;hidden_until=none;chartDesigner=present;chartBodyBundled=false;chartPath=1.aff,normal-slot,k//eternal,,,,,,,,,,,,1.aff,False
evoltex,36,"{""en"":""Evoltex (poppi'n mix)""}",2,FTR,8,True,8+,True,rating=8;hidden_until=none;chartDesigner=present;chartBodyBundled=false;chartPath=2.aff,normal-slot,k//eternal,,,,,,,,,,,,2.aff,False
oracle,37,"{""en"":""Oracle""}",0,PST,3,,3,True,rating=3;hidden_until=none;chartDesigner=present;chartBodyBundled=false;chartPath=0.aff,normal-slot,Nitro,,,,,,,,,,,,0.aff,False
oracle,37,"{""en"":""Oracle""}",1,PRS,5,,5,True,rating=5;hidden_until=none;chartDesigner=present;chartBodyBundled=false;chartPath=1.aff,normal-slot,Nitro,,,,,,,,,,,,1.aff,False
oracle,37,"{""en"":""Oracle""}",2,FTR,9,,9,True,rating=9;hidden_until=none;chartDesigner=present;chartBodyBundled=false;chartPath=2.aff,normal-slot,Nitro,,,,,,,,,,,,2.aff,False
aterlbus,38,"{""en"":""αterlβus"",""zh-Hant"":""aterlbus"",""zh-Hans"":""aterlbus""}",0,PST,4,,4,True,rating=4;hidden_until=none;chartDesigner=present;chartBodyBundled=false;chartPath=0.aff,normal-slot,τoastεr,,,,,,,,,,,,0.aff,False
aterlbus,38,"{""en"":""αterlβus"",""zh-Hant"":""aterlbus"",""zh-Hans"":""aterlbus""}",1,PRS,7,,7,True,rating=7;hidden_until=none;chartDesigner=present;chartBodyBundled=false;chartPath=1.aff,normal-slot,τoastεr,,,,,,,,,,,,1.aff,False
aterlbus,38,"{""en"":""αterlβus"",""zh-Hant"":""aterlbus"",""zh-Hans"":""aterlbus""}",2,FTR,10,,10,True,rating=10;hidden_until=none;chartDesigner=present;chartBodyBundled=false;chartPath=2.aff,normal-slot,τoastεr,,,,,,,,,,aterlbus,,2.aff,False
clotho,39,"{""en"":""Clotho and the stargazer"",""ja"":""クロートーと星の観測者""}",0,PST,2,,2,True,rating=2;hidden_until=none;chartDesigner=present;chartBodyBundled=true;chartPath=0.aff,normal-slot,小東星,yoshimo,,,,,,,,,,,0.aff,True
clotho,39,"{""en"":""Clotho and the stargazer"",""ja"":""クロートーと星の観測者""}",1,PRS,5,,5,True,rating=5;hidden_until=none;chartDesigner=present;chartBodyBundled=true;chartPath=1.aff,normal-slot,小東星,yoshimo,,,,,,,,,,,1.aff,True
clotho,39,"{""en"":""Clotho and the stargazer"",""ja"":""クロートーと星の観測者""}",2,FTR,7,True,7+,True,rating=7;hidden_until=none;chartDesigner=present;chartBodyBundled=true;chartPath=2.aff,normal-slot,小東星,yoshimo,,,,,,,,,,,2.aff,True
clotho,39,"{""en"":""Clotho and the stargazer"",""ja"":""クロートーと星の観測者""}",4,ETR,8,True,8+,True,rating=8;hidden_until=none;chartDesigner=present;chartBodyBundled=true;chartPath=4.aff,normal-slot,eién,yoshimo,,,,,,,1709856001,5.4,,,4.aff,True
impurebird,40,"{""en"":""Impure Bird"",""ja"":""不浄な白い鳥""}",0,PST,2,,2,True,rating=2;hidden_until=none;chartDesigner=present;chartBodyBundled=false;chartPath=0.aff,normal-slot,Kurorak,Nano Kun,,,,,,,,,,,0.aff,False
impurebird,40,"{""en"":""Impure Bird"",""ja"":""不浄な白い鳥""}",1,PRS,5,,5,True,rating=5;hidden_until=none;chartDesigner=present;chartBodyBundled=false;chartPath=1.aff,normal-slot,Kurorak,Nano Kun,,,,,,,,,,,1.aff,False
impurebird,40,"{""en"":""Impure Bird"",""ja"":""不浄な白い鳥""}",2,FTR,9,,9,True,rating=9;hidden_until=none;chartDesigner=present;chartBodyBundled=false;chartPath=2.aff,normal-slot,Kurorak,Nano Kun,,,,,,,,,,,2.aff,False
ignotus,41,"{""en"":""Ignotus""}",0,PST,3,,3,True,rating=3;hidden_until=none;chartDesigner=present;chartBodyBundled=false;chartPath=0.aff,normal-slot,Toaster,Khronetic,,,,,,,,,,,0.aff,False
ignotus,41,"{""en"":""Ignotus""}",1,PRS,6,,6,True,rating=6;hidden_until=none;chartDesigner=present;chartBodyBundled=false;chartPath=1.aff,normal-slot,Toaster,Khronetic,,,,,,,,,,,1.aff,False
ignotus,41,"{""en"":""Ignotus""}",2,FTR,9,,9,True,rating=9;hidden_until=none;chartDesigner=present;chartBodyBundled=false;chartPath=2.aff,normal-slot,Toaster,Khronetic,,,,,,,,,,,2.aff,False
ignotus,41,"{""en"":""Ignotus""}",3,BYD,9,True,9+,True,rating=9;hidden_until=none;chartDesigner=present;chartBodyBundled=false;chartPath=3.aff,normal-slot,Toaster × 石樂,Khronetic,True,,"{""en"":""Ignotus Afterburn""}",True,,,1646784000,3.12,byd_conflict,byd_light,3.aff,False
lethaeus,42,"{""en"":""Lethaeus""}",0,PST,3,,3,True,rating=3;hidden_until=none;chartDesigner=present;chartBodyBundled=false;chartPath=0.aff,normal-slot,夜浪,softmode,,,,,,,,,,,0.aff,False
lethaeus,42,"{""en"":""Lethaeus""}",1,PRS,6,,6,True,rating=6;hidden_until=none;chartDesigner=present;chartBodyBundled=false;chartPath=1.aff,normal-slot,夜浪,softmode,,,,,,,,,,,1.aff,False
lethaeus,42,"{""en"":""Lethaeus""}",2,FTR,9,True,9+,True,rating=9;hidden_until=none;chartDesigner=present;chartBodyBundled=false;chartPath=2.aff,normal-slot,夜浪,softmode,,,,,,,,,,,2.aff,False
romancewars,43,"{""en"":""Romance Wars"",""ja"":""vsキミ戦争""}",0,PST,1,,1,True,rating=1;hidden_until=none;chartDesigner=present;chartBodyBundled=false;chartPath=0.aff,normal-slot,Kurorak,橙乃遥,,,,,,,,,,,0.aff,False
romancewars,43,"{""en"":""Romance Wars"",""ja"":""vsキミ戦争""}",1,PRS,4,,4,True,rating=4;hidden_until=none;chartDesigner=present;chartBodyBundled=false;chartPath=1.aff,normal-slot,Kurorak,橙乃遥,,,,,,,,,,,1.aff,False
romancewars,43,"{""en"":""Romance Wars"",""ja"":""vsキミ戦争""}",2,FTR,7,True,7+,True,rating=7;hidden_until=none;chartDesigner=present;chartBodyBundled=false;chartPath=2.aff,normal-slot,Kurorak,橙乃遥,,,,,,,,,,,2.aff,False
blossoms,44,"{""en"":""Blossoms""}",0,PST,1,,1,True,rating=1;hidden_until=none;chartDesigner=present;chartBodyBundled=false;chartPath=0.aff,normal-slot,Nitro,T2Kazuya,,,,,,,,,,,0.aff,False
blossoms,44,"{""en"":""Blossoms""}",1,PRS,4,,4,True,rating=4;hidden_until=none;chartDesigner=present;chartBodyBundled=false;chartPath=1.aff,normal-slot,Nitro,T2Kazuya,,,,,,,,,,,1.aff,False
blossoms,44,"{""en"":""Blossoms""}",2,FTR,7,,7,True,rating=7;hidden_until=none;chartDesigner=present;chartBodyBundled=false;chartPath=2.aff,normal-slot,Nitro,T2Kazuya,,,,,,,,,,,2.aff,False
moonheart,45,"{""en"":""Moonheart""}",0,PST,2,,2,True,rating=2;hidden_until=none;chartDesigner=present;chartBodyBundled=false;chartPath=0.aff,normal-slot,Toaster,VMWT,,,,,,,,,,,0.aff,False
moonheart,45,"{""en"":""Moonheart""}",1,PRS,5,,5,True,rating=5;hidden_until=none;chartDesigner=present;chartBodyBundled=false;chartPath=1.aff,normal-slot,Toaster,VMWT,,,,,,,,,,,1.aff,False
moonheart,45,"{""en"":""Moonheart""}",2,FTR,8,,8,True,rating=8;hidden_until=none;chartDesigner=present;chartBodyBundled=false;chartPath=2.aff,normal-slot,Toaster,VMWT,,,,,,,,,,,2.aff,False
moonheart,45,"{""en"":""Moonheart""}",3,BYD,9,True,9+,True,rating=9;hidden_until=none;chartDesigner=present;chartBodyBundled=false;chartPath=3.aff,normal-slot,Toaster,VMWT + ljc,True,,,,,,1610064000,3.4,,,3.aff,False
genesis,46,"{""en"":""Genesis""}",0,PST,2,,2,True,rating=2;hidden_until=none;chartDesigner=present;chartBodyBundled=false;chartPath=0.aff,normal-slot,Haruba,RiceGnat,,,,,,,,,,,0.aff,False
genesis,46,"{""en"":""Genesis""}",1,PRS,5,,5,True,rating=5;hidden_until=none;chartDesigner=present;chartBodyBundled=false;chartPath=1.aff,normal-slot,Haruba,RiceGnat,,,,,,,,,,,1.aff,False
genesis,46,"{""en"":""Genesis""}",2,FTR,8,,8,True,rating=8;hidden_until=none;chartDesigner=present;chartBodyBundled=false;chartPath=2.aff,normal-slot,Haruba,RiceGnat,,,,,,,,,,,2.aff,False
harutopia,47,"{""ja"":""ハルトピア ~Utopia of Spring~"",""en"":""Harutopia ~Utopia of Spring~""}",0,PST,1,,1,True,rating=1;hidden_until=none;chartDesigner=present;chartBodyBundled=false;chartPath=0.aff,normal-slot,トーストピア  ~Utopia of Toast~,,,,,,,,,,,,0.aff,False
harutopia,47,"{""ja"":""ハルトピア ~Utopia of Spring~"",""en"":""Harutopia ~Utopia of Spring~""}",1,PRS,4,,4,True,rating=4;hidden_until=none;chartDesigner=present;chartBodyBundled=false;chartPath=1.aff,normal-slot,トーストピア  ~Utopia of Toast~,,,,,,,,,,,,1.aff,False
harutopia,47,"{""ja"":""ハルトピア ~Utopia of Spring~"",""en"":""Harutopia ~Utopia of Spring~""}",2,FTR,8,,8,True,rating=8;hidden_until=none;chartDesigner=present;chartBodyBundled=false;chartPath=2.aff,normal-slot,トーストピア  ~Utopia of Toast~,,,,,,,,,,,,2.aff,False
auxesia,48,"{""en"":""Auxesia""}",0,PST,3,,3,True,rating=3;hidden_until=none;chartDesigner=present;chartBodyBundled=false;chartPath=0.aff,normal-slot,Nitroだー！！,シエラ,,,,,,,,,,,0.aff,False
auxesia,48,"{""en"":""Auxesia""}",1,PRS,6,,6,True,rating=6;hidden_until=none;chartDesigner=present;chartBodyBundled=false;chartPath=1.aff,normal-slot,Nitroだー！,シエラ,,,,,,,,,,,1.aff,False
auxesia,48,"{""en"":""Auxesia""}",2,FTR,9,,9,True,rating=9;hidden_until=none;chartDesigner=present;chartBodyBundled=false;chartPath=2.aff,normal-slot,Nitroだー！,シエラ,,,,,,,,,,,2.aff,False
rabbitintheblackroom,49,"{""en"":""Rabbit In The Black Room""}",0,PST,2,,2,True,rating=2;hidden_until=none;chartDesigner=present;chartBodyBundled=false;chartPath=0.aff,normal-slot,Toaster,YEONIE,,,,,,,,,,,0.aff,False
rabbitintheblackroom,49,"{""en"":""Rabbit In The Black Room""}",1,PRS,5,,5,True,rating=5;hidden_until=none;chartDesigner=present;chartBodyBundled=false;chartPath=1.aff,normal-slot,Toaster,YEONIE,,,,,,,,,,,1.aff,False
rabbitintheblackroom,49,"{""en"":""Rabbit In The Black Room""}",2,FTR,8,,8,True,rating=8;hidden_until=none;chartDesigner=present;chartBodyBundled=false;chartPath=2.aff,normal-slot,Toaster,YEONIE,,,,,,,,,,,2.aff,False
modelista,50,"{""en"":""Modelista""}",0,PST,3,,3,True,rating=3;hidden_until=none;chartDesigner=present;chartBodyBundled=false;chartPath=0.aff,normal-slot,NITRO,yusi.,,,,,,,,,,,0.aff,False
modelista,50,"{""en"":""Modelista""}",1,PRS,7,,7,True,rating=7;hidden_until=none;chartDesigner=present;chartBodyBundled=false;chartPath=1.aff,normal-slot,NITRO,yusi.,,,,,,,,,,,1.aff,False
modelista,50,"{""en"":""Modelista""}",2,FTR,9,True,9+,True,rating=9;hidden_until=none;chartDesigner=present;chartBodyBundled=false;chartPath=2.aff,normal-slot,NITRO,yusi.,,,,,,,,,,,2.aff,False
soundwitch,51,"{""en"":""SOUNDWiTCH""}",0,PST,3,,3,True,rating=3;hidden_until=none;chartDesigner=present;chartBodyBundled=false;chartPath=0.aff,normal-slot,NiTRO,スズカミ,,,,,,,,,,,0.aff,False
soundwitch,51,"{""en"":""SOUNDWiTCH""}",1,PRS,6,,6,True,rating=6;hidden_until=none;chartDesigner=present;chartBodyBundled=false;chartPath=1.aff,normal-slot,NiTRO,スズカミ,,,,,,,,,,,1.aff,False
soundwitch,51,"{""en"":""SOUNDWiTCH""}",2,FTR,9,True,9+,True,rating=9;hidden_until=none;chartDesigner=present;chartBodyBundled=false;chartPath=2.aff,normal-slot,NiTRO,スズカミ,,,,,,,,,,,2.aff,False
trappola,52,"{""en"":""trappola bewitching"",""ja"":""妖艶魔女 -trappola bewitching-""}",0,PST,3,,3,True,rating=3;hidden_until=none;chartDesigner=present;chartBodyBundled=false;chartPath=0.aff,normal-slot,Kurorak,Shionty,,,,,,,,,,,0.aff,False
trappola,52,"{""en"":""trappola bewitching"",""ja"":""妖艶魔女 -trappola bewitching-""}",1,PRS,6,,6,True,rating=6;hidden_until=none;chartDesigner=present;chartBodyBundled=false;chartPath=1.aff,normal-slot,Kurorak,Shionty,,,,,,,,,,,1.aff,False
trappola,52,"{""en"":""trappola bewitching"",""ja"":""妖艶魔女 -trappola bewitching-""}",2,FTR,9,True,9+,True,rating=9;hidden_until=none;chartDesigner=present;chartBodyBundled=false;chartPath=2.aff,normal-slot,k//urorak,Shionty,,,,,,,,,,,2.aff,False
trappola,52,"{""en"":""trappola bewitching"",""ja"":""妖艶魔女 -trappola bewitching-""}",3,BYD,10,,10,True,rating=10;hidden_until=none;chartDesigner=present;chartBodyBundled=false;chartPath=3.aff,normal-slot,NITRO -mesmerize-,Shionty,True,,,,,,1677715200,4.3,,,3.aff,False
iconoclast,53,"{""en"":""Iconoclast""}",0,PST,4,,4,True,rating=4;hidden_until=none;chartDesigner=present;chartBodyBundled=false;chartPath=0.aff,normal-slot,Toaster,SKT,,,,,,,,,,,0.aff,False
iconoclast,53,"{""en"":""Iconoclast""}",1,PRS,7,,7,True,rating=7;hidden_until=none;chartDesigner=present;chartBodyBundled=false;chartPath=1.aff,normal-slot,Toaster,SKT,,,,,,,,,,,1.aff,False
iconoclast,53,"{""en"":""Iconoclast""}",2,FTR,9,,9,True,rating=9;hidden_until=none;chartDesigner=present;chartBodyBundled=false;chartPath=2.aff,normal-slot,Toaster,SKT,,,,,,,,,,,2.aff,False
conflict,54,"{""en"":""conflict""}",0,PST,4,,4,True,rating=4;hidden_until=none;chartDesigner=present;chartBodyBundled=false;chartPath=0.aff,normal-slot,Toaster,horte,,,,,,,,,,,0.aff,False
conflict,54,"{""en"":""conflict""}",1,PRS,7,,7,True,rating=7;hidden_until=none;chartDesigner=present;chartBodyBundled=false;chartPath=1.aff,normal-slot,Nitro,horte,,,,,,,,,,,1.aff,False
conflict,54,"{""en"":""conflict""}",2,FTR,10,,10,True,rating=10;hidden_until=none;chartDesigner=present;chartBodyBundled=false;chartPath=2.aff,normal-slot,toaster + nitro,horte,,,,,,,,,,,2.aff,False
axiumcrisis,55,"{""en"":""Axium Crisis""}",0,PST,5,,5,True,rating=5;hidden_until=none;chartDesigner=present;chartBodyBundled=false;chartPath=0.aff,normal-slot,The Monolith,シエラ,,,,,,,,,,,0.aff,False
axiumcrisis,55,"{""en"":""Axium Crisis""}",1,PRS,8,,8,True,rating=8;hidden_until=none;chartDesigner=present;chartBodyBundled=false;chartPath=1.aff,normal-slot,The Monolith,シエラ,,,,,,,,,,,1.aff,False
axiumcrisis,55,"{""en"":""Axium Crisis""}",2,FTR,10,,10,True,rating=10;hidden_until=none;chartDesigner=present;chartBodyBundled=false;chartPath=2.aff,normal-slot,The Monolith,シエラ,,,,,,,,,,,2.aff,False
axiumcrisis,55,"{""en"":""Axium Crisis""}",3,BYD,11,,11,True,rating=11;hidden_until=difficulty;chartDesigner=present;chartBodyBundled=false;chartPath=3.aff,unlock-gated-slot,Monolith - Diverged,すずなし,True,,"{""en"":""Axium Divergence""}",True,170?,180,1773014406,6.13,axiumcrisis3,,3.aff,False
grievouslady,56,"{""en"":""Grievous Lady""}",0,PST,6,,6,True,rating=6;hidden_until=none;chartDesigner=present;chartBodyBundled=false;chartPath=0.aff,normal-slot,迷路第一層,シエラ,,,,,,,,,,,0.aff,False
grievouslady,56,"{""en"":""Grievous Lady""}",1,PRS,9,,9,True,rating=9;hidden_until=none;chartDesigner=present;chartBodyBundled=false;chartPath=1.aff,normal-slot,迷路第二層,シエラ,,,,,,,,,,,1.aff,False
grievouslady,56,"{""en"":""Grievous Lady""}",2,FTR,11,,11,True,rating=11;hidden_until=none;chartDesigner=present;chartBodyBundled=false;chartPath=2.aff,normal-slot,迷路深層,シエラ,,,,,,,,,,,2.aff,False
dreaminattraction,57,"{""en"":""Dreamin' Attraction!!""}",0,PST,4,,4,True,rating=4;hidden_until=none;chartDesigner=present;chartBodyBundled=false;chartPath=0.aff,normal-slot,Nitro,,,,,,,,,,,,0.aff,False
dreaminattraction,57,"{""en"":""Dreamin' Attraction!!""}",1,PRS,7,,7,True,rating=7;hidden_until=none;chartDesigner=present;chartBodyBundled=false;chartPath=1.aff,normal-slot,Nitro,,,,,,,,,,,,1.aff,False
dreaminattraction,57,"{""en"":""Dreamin' Attraction!!""}",2,FTR,9,,9,True,rating=9;hidden_until=none;chartDesigner=present;chartBodyBundled=false;chartPath=2.aff,normal-slot,Nitro,,,,,,,,,,,,2.aff,False
redandblue,58,"{""en"":""Red and Blue""}",0,PST,4,,4,True,rating=4;hidden_until=none;chartDesigner=present;chartBodyBundled=false;chartPath=0.aff,normal-slot,-chartaesthesia- RED side,Khronetic,,,,,,,,,,,0.aff,False
redandblue,58,"{""en"":""Red and Blue""}",1,PRS,7,True,7+,True,rating=7;hidden_until=none;chartDesigner=present;chartBodyBundled=false;chartPath=1.aff,normal-slot,side BLUE -chartaesthesia-,Khronetic,,,,,,,,,,,1.aff,False
redandblue,58,"{""en"":""Red and Blue""}",2,FTR,9,,9,True,rating=9;hidden_until=none;chartDesigner=present;chartBodyBundled=false;chartPath=2.aff,normal-slot,"-chartaesthesia-
LEFT=BLUE RED=RIGHT ",Khronetic,,,,,,,,,,,2.aff,False
redandblue,58,"{""en"":""Red and Blue""}",3,BYD,10,,10,True,rating=10;hidden_until=none;chartDesigner=present;chartBodyBundled=false;chartPath=3.aff,normal-slot,"moonquay ""retrograde""
BLUE=LEFT RIGHT=RED",yusi.,True,,"{""en"":""Red and Blue and Green""}",True,160,160,1646784001,3.12,byd_conflict,byd_light,3.aff,False
onelastdrive,59,"{""en"":""One Last Drive""}",0,PST,2,,2,True,rating=2;hidden_until=none;chartDesigner=present;chartBodyBundled=true;chartPath=0.aff,normal-slot,Toaster,,,,,,,,,,,,0.aff,True
onelastdrive,59,"{""en"":""One Last Drive""}",1,PRS,5,,5,True,rating=5;hidden_until=none;chartDesigner=present;chartBodyBundled=true;chartPath=1.aff,normal-slot,Toaster,,,,,,,,,,,,1.aff,True
onelastdrive,59,"{""en"":""One Last Drive""}",2,FTR,8,,8,True,rating=8;hidden_until=none;chartDesigner=present;chartBodyBundled=true;chartPath=2.aff,normal-slot,Toaster,,,,,,,,,,,,2.aff,True
surrender,60,"{""en"":""Surrender""}",0,PST,3,,3,True,rating=3;hidden_until=none;chartDesigner=present;chartBodyBundled=false;chartPath=0.aff,normal-slot,Nitro,softmode,,,,,,,,,,,0.aff,False
surrender,60,"{""en"":""Surrender""}",1,PRS,6,,6,True,rating=6;hidden_until=none;chartDesigner=present;chartBodyBundled=false;chartPath=1.aff,normal-slot,Nitro,softmode,,,,,,,,,,,1.aff,False
surrender,60,"{""en"":""Surrender""}",2,FTR,8,True,8+,True,rating=8;hidden_until=none;chartDesigner=present;chartBodyBundled=false;chartPath=2.aff,normal-slot,Nitro,softmode,,,,,,,,,,,2.aff,False
yozakurafubuki,61,"{""en"":""Yosakura Fubuki"",""ja"":""夜桜吹雪""}",0,PST,4,,4,True,rating=4;hidden_until=none;chartDesigner=present;chartBodyBundled=false;chartPath=0.aff,normal-slot,k//eternal,シエラ,,,,,,,,,,,0.aff,False
yozakurafubuki,61,"{""en"":""Yosakura Fubuki"",""ja"":""夜桜吹雪""}",1,PRS,7,,7,True,rating=7;hidden_until=none;chartDesigner=present;chartBodyBundled=false;chartPath=1.aff,normal-slot,k//eternal,シエラ,,,,,,,,,,,1.aff,False
yozakurafubuki,61,"{""en"":""Yosakura Fubuki"",""ja"":""夜桜吹雪""}",2,FTR,9,,9,True,rating=9;hidden_until=none;chartDesigner=present;chartBodyBundled=false;chartPath=2.aff,normal-slot,k//eternal,シエラ,,,,,,,,,,,2.aff,False
cyanine,62,"{""en"":""cyanine""}",0,PST,4,,4,True,rating=4;hidden_until=none;chartDesigner=present;chartBodyBundled=false;chartPath=0.aff,normal-slot,夜浪 - Apocalypse,,,,,,,,,,,,0.aff,False
cyanine,62,"{""en"":""cyanine""}",1,PRS,7,True,7+,True,rating=7;hidden_until=none;chartDesigner=present;chartBodyBundled=false;chartPath=1.aff,normal-slot,夜浪,,,,,,,,,,,,1.aff,False
cyanine,62,"{""en"":""cyanine""}",2,FTR,10,,10,True,rating=10;hidden_until=none;chartDesigner=present;chartBodyBundled=false;chartPath=2.aff,normal-slot,夜浪,,,,,,,,,,,,2.aff,False
dreamgoeson,63,"{""en"":""Dream goes on""}",0,PST,1,,1,True,rating=1;hidden_until=none;chartDesigner=present;chartBodyBundled=false;chartPath=0.aff,normal-slot,k//eternal,,,,,,,,,,,,0.aff,False
dreamgoeson,63,"{""en"":""Dream goes on""}",1,PRS,5,,5,True,rating=5;hidden_until=none;chartDesigner=present;chartBodyBundled=false;chartPath=1.aff,normal-slot,k//eternal,,,,,,,,,,,,1.aff,False
dreamgoeson,63,"{""en"":""Dream goes on""}",2,FTR,7,True,7+,True,rating=7;hidden_until=none;chartDesigner=present;chartBodyBundled=false;chartPath=2.aff,normal-slot,k//eternal,,,,,,,,,,,,2.aff,False
journey,64,"{""en"":""Journey""}",0,PST,3,,3,True,rating=3;hidden_until=none;chartDesigner=present;chartBodyBundled=false;chartPath=0.aff,normal-slot,Kurorak,,,,,,,,,,,,0.aff,False
journey,64,"{""en"":""Journey""}",1,PRS,6,,6,True,rating=6;hidden_until=none;chartDesigner=present;chartBodyBundled=false;chartPath=1.aff,normal-slot,Kurorak,,,,,,,,,,,,1.aff,False
journey,64,"{""en"":""Journey""}",2,FTR,9,,9,True,rating=9;hidden_until=none;chartDesigner=present;chartBodyBundled=false;chartPath=2.aff,normal-slot,Kurorak,,,,,,,,,,,,2.aff,False
specta,65,"{""en"":""Specta""}",0,PST,3,,3,True,rating=3;hidden_until=none;chartDesigner=present;chartBodyBundled=false;chartPath=0.aff,normal-slot,Toaster,,,,,,,,,,,,0.aff,False
specta,65,"{""en"":""Specta""}",1,PRS,6,,6,True,rating=6;hidden_until=none;chartDesigner=present;chartBodyBundled=false;chartPath=1.aff,normal-slot,Toaster,,,,,,,,,,,,1.aff,False
specta,65,"{""en"":""Specta""}",2,FTR,9,,9,True,rating=9;hidden_until=none;chartDesigner=present;chartBodyBundled=false;chartPath=2.aff,normal-slot,Toaster,,,,,,,,,,,,2.aff,False
quon,66,"{""en"":""Quon""}",0,PST,4,,4,True,rating=4;hidden_until=none;chartDesigner=present;chartBodyBundled=false;chartPath=0.aff,normal-slot,Nitro,シエラ,,,,,,,,,,,0.aff,False
quon,66,"{""en"":""Quon""}",1,PRS,6,,6,True,rating=6;hidden_until=none;chartDesigner=present;chartBodyBundled=false;chartPath=1.aff,normal-slot,Nitro,シエラ,,,,,,,,,,,1.aff,False
quon,66,"{""en"":""Quon""}",2,FTR,9,,9,True,rating=9;hidden_until=none;chartDesigner=present;chartBodyBundled=false;chartPath=2.aff,normal-slot,Nitro,シエラ,,,,,,,,,,,2.aff,False
syro,67,"{""en"":""Syro""}",0,PST,3,,3,True,rating=3;hidden_until=none;chartDesigner=present;chartBodyBundled=false;chartPath=0.aff,normal-slot,Toaster,RiceGnat,,,,,,,,,,,0.aff,False
syro,67,"{""en"":""Syro""}",1,PRS,6,,6,True,rating=6;hidden_until=none;chartDesigner=present;chartBodyBundled=false;chartPath=1.aff,normal-slot,Toaster,RiceGnat,,,,,,,,,,,1.aff,False
syro,67,"{""en"":""Syro""}",2,FTR,9,,9,True,rating=9;hidden_until=none;chartDesigner=present;chartBodyBundled=false;chartPath=2.aff,normal-slot,Toaster,RiceGnat,,,,,,,,,,,2.aff,False
reinvent,68,"{""en"":""Reinvent""}",0,PST,2,,2,True,rating=2;hidden_until=none;chartDesigner=present;chartBodyBundled=true;chartPath=0.aff,normal-slot,k//eternal,Khronetic,,,,,,,,,,,0.aff,True
reinvent,68,"{""en"":""Reinvent""}",1,PRS,6,,6,True,rating=6;hidden_until=none;chartDesigner=present;chartBodyBundled=true;chartPath=1.aff,normal-slot,k//eternal,Khronetic,,,,,,,,,,,1.aff,True
reinvent,68,"{""en"":""Reinvent""}",2,FTR,8,,8,True,rating=8;hidden_until=none;chartDesigner=present;chartBodyBundled=true;chartPath=2.aff,normal-slot,k//eternal + nitro,Khronetic,,,,,,,,,,,2.aff,True
silentrush,69,"{""en"":""Silent Rush""}",0,PST,2,,2,True,rating=2;hidden_until=none;chartDesigner=present;chartBodyBundled=false;chartPath=0.aff,normal-slot,TaroNuke,CinEraLiA,,,,,,,,,,,0.aff,False
silentrush,69,"{""en"":""Silent Rush""}",1,PRS,5,,5,True,rating=5;hidden_until=none;chartDesigner=present;chartBodyBundled=false;chartPath=1.aff,normal-slot,TaroNuke,CinEraLiA,,,,,,,,,,,1.aff,False
silentrush,69,"{""en"":""Silent Rush""}",2,FTR,8,,8,True,rating=8;hidden_until=none;chartDesigner=present;chartBodyBundled=false;chartPath=2.aff,normal-slot,TaroNuke,CinEraLiA,,,,,,,,,,,2.aff,False
singularity,70,"{""en"":""Singularity""}",0,PST,4,,4,True,rating=4;hidden_until=none;chartDesigner=present;chartBodyBundled=false;chartPath=0.aff,normal-slot,東星,シエラ,,,,,,,,,,,0.aff,False
singularity,70,"{""en"":""Singularity""}",1,PRS,7,True,7+,True,rating=7;hidden_until=none;chartDesigner=present;chartBodyBundled=false;chartPath=1.aff,normal-slot,東星,シエラ,,,,,,,,,,,1.aff,False
singularity,70,"{""en"":""Singularity""}",2,FTR,10,,10,True,rating=10;hidden_until=none;chartDesigner=present;chartBodyBundled=false;chartPath=2.aff,normal-slot,東星※コラプサー,シエラ,,,,,,,,,,,2.aff,False
singularity,70,"{""en"":""Singularity""}",3,BYD,10,,10,True,rating=10;hidden_until=none;chartDesigner=present;chartBodyBundled=false;chartPath=3.aff,normal-slot,Exschwasion against. 絶滅,yusi.,True,,"{""en"":""Singularity VVVIP""}",True,,,1646784002,3.12,byd_conflict,byd_light,3.aff,False
memoryforest,71,"{""en"":""Memory Forest""}",0,PST,3,,3,True,rating=3;hidden_until=none;chartDesigner=present;chartBodyBundled=false;chartPath=0.aff,normal-slot,Kurorak,シエラ,,,,,,,,,,,0.aff,False
memoryforest,71,"{""en"":""Memory Forest""}",1,PRS,6,,6,True,rating=6;hidden_until=none;chartDesigner=present;chartBodyBundled=false;chartPath=1.aff,normal-slot,Kurorak,シエラ,,,,,,,,,,,1.aff,False
memoryforest,71,"{""en"":""Memory Forest""}",2,FTR,9,True,9+,True,rating=9;hidden_until=none;chartDesigner=present;chartBodyBundled=false;chartPath=2.aff,normal-slot,Kurorak,シエラ,,,,,,,,,,,2.aff,False
strongholds,72,"{""en"":""Strongholds""}",0,PST,2,,2,True,rating=2;hidden_until=none;chartDesigner=present;chartBodyBundled=false;chartPath=0.aff,normal-slot,TaroNuke,八葉,,,,,,,,,,,0.aff,False
strongholds,72,"{""en"":""Strongholds""}",1,PRS,5,,5,True,rating=5;hidden_until=none;chartDesigner=present;chartBodyBundled=false;chartPath=1.aff,normal-slot,TaroNukeΔ,八葉,,,,,,,,,,,1.aff,False
strongholds,72,"{""en"":""Strongholds""}",2,FTR,9,,9,True,rating=9;hidden_until=none;chartDesigner=present;chartBodyBundled=false;chartPath=2.aff,normal-slot,TΔroNuke,八葉,,,,,,,,,,,2.aff,False
nexttoyou,73,"{""en"":""next to you""}",0,PST,4,,4,True,rating=4;hidden_until=none;chartDesigner=present;chartBodyBundled=false;chartPath=0.aff,normal-slot,Nitro,mins,,,,,,,,,,,0.aff,False
nexttoyou,73,"{""en"":""next to you""}",1,PRS,7,,7,True,rating=7;hidden_until=none;chartDesigner=present;chartBodyBundled=false;chartPath=1.aff,normal-slot,Nitro,mins,,,,,,,,,,,1.aff,False
nexttoyou,73,"{""en"":""next to you""}",2,FTR,8,True,8+,True,rating=8;hidden_until=none;chartDesigner=present;chartBodyBundled=false;chartPath=2.aff,normal-slot,Nitro,mins,,,,,,,,,,,2.aff,False
nexttoyou,73,"{""en"":""next to you""}",3,BYD,9,,9,True,rating=9;hidden_until=none;chartDesigner=present;chartBodyBundled=false;chartPath=3.aff,normal-slot,Toastie,mins,True,,,,,,1620691200,3.6,,,3.aff,False
metallicpunisher,74,"{""en"":""Metallic Punisher""}",0,PST,3,,3,True,rating=3;hidden_until=none;chartDesigner=present;chartBodyBundled=false;chartPath=0.aff,normal-slot,Kurorak,nonokuro,,,,,,,,,,,0.aff,False
metallicpunisher,74,"{""en"":""Metallic Punisher""}",1,PRS,7,,7,True,rating=7;hidden_until=none;chartDesigner=present;chartBodyBundled=false;chartPath=1.aff,normal-slot,Kurorak,nonokuro,,,,,,,,,,,1.aff,False
metallicpunisher,74,"{""en"":""Metallic Punisher""}",2,FTR,10,,10,True,rating=10;hidden_until=none;chartDesigner=present;chartBodyBundled=false;chartPath=2.aff,normal-slot,Black Tea,nonokuro,,,,,,,,,,,2.aff,False
blaster,75,"{""en"":""Blaster""}",0,PST,4,,4,True,rating=4;hidden_until=none;chartDesigner=present;chartBodyBundled=false;chartPath=0.aff,normal-slot,k//urorak,LAM,,,,,,,,,,,0.aff,False
blaster,75,"{""en"":""Blaster""}",1,PRS,7,,7,True,rating=7;hidden_until=none;chartDesigner=present;chartBodyBundled=false;chartPath=1.aff,normal-slot,k//urorak,LAM,,,,,,,,,,,1.aff,False
blaster,75,"{""en"":""Blaster""}",2,FTR,9,,9,True,rating=9;hidden_until=none;chartDesigner=present;chartBodyBundled=false;chartPath=2.aff,normal-slot,k//urorak,LAM,,,,,,,,,,,2.aff,False
guardina,76,"{""en"":""γuarδina"",""kr"":""guardina"",""zh-Hant"":""guardina"",""zh-Hans"":""guardina""}",0,PST,4,,4,True,rating=4;hidden_until=none;chartDesigner=present;chartBodyBundled=false;chartPath=0.aff,normal-slot,τoastεr,姐川 + Khronetic,,,,,,,,,,,0.aff,False
guardina,76,"{""en"":""γuarδina"",""kr"":""guardina"",""zh-Hant"":""guardina"",""zh-Hans"":""guardina""}",1,PRS,8,,8,True,rating=8;hidden_until=none;chartDesigner=present;chartBodyBundled=false;chartPath=1.aff,normal-slot,τoastεr,姐川 + Khronetic,,,,,,,,,,,1.aff,False
guardina,76,"{""en"":""γuarδina"",""kr"":""guardina"",""zh-Hant"":""guardina"",""zh-Hans"":""guardina""}",2,FTR,10,,10,True,rating=10;hidden_until=none;chartDesigner=present;chartBodyBundled=false;chartPath=2.aff,normal-slot,τoastεr,姐川 + Khronetic,,,,,,,,,,,2.aff,False
carminescythe,77,"{""en"":""carmine:scythe""}",0,PST,4,,4,True,rating=4;hidden_until=none;chartDesigner=present;chartBodyBundled=false;chartPath=0.aff,normal-slot,週刊Toaster,未早,,,,,,,,,,,0.aff,False
carminescythe,77,"{""en"":""carmine:scythe""}",1,PRS,7,True,7+,True,rating=7;hidden_until=none;chartDesigner=present;chartBodyBundled=false;chartPath=1.aff,normal-slot,週刊Toaster,未早,,,,,,,,,,,1.aff,False
carminescythe,77,"{""en"":""carmine:scythe""}",2,FTR,9,,9,True,rating=9;hidden_until=none;chartDesigner=present;chartBodyBundled=false;chartPath=2.aff,normal-slot,週刊Toaster,未早,,,,,,,,,,,2.aff,False
bethere,78,"{""en"":""Be There""}",0,PST,4,,4,True,rating=4;hidden_until=none;chartDesigner=present;chartBodyBundled=false;chartPath=0.aff,normal-slot,Nitro,hie,,,,,,,,,,,0.aff,False
bethere,78,"{""en"":""Be There""}",1,PRS,7,,7,True,rating=7;hidden_until=none;chartDesigner=present;chartBodyBundled=false;chartPath=1.aff,normal-slot,Nitro,hie,,,,,,,,,,,1.aff,False
bethere,78,"{""en"":""Be There""}",2,FTR,9,,9,True,rating=9;hidden_until=none;chartDesigner=present;chartBodyBundled=false;chartPath=2.aff,normal-slot,Be Nitro,hie,,,,,,,,,,,2.aff,False
bethere,78,"{""en"":""Be There""}",3,BYD,10,,10,True,rating=10;hidden_until=none;chartDesigner=present;chartBodyBundled=false;chartPath=3.aff,normal-slot,BE KARAT,のう + Khronetic,True,,,,,,1773014404,6.13,single2_light,single2_conflict,3.aff,False
cyberneciacatharsis,79,"{""en"":""Cybernecia Catharsis""}",0,PST,4,,4,True,rating=4;hidden_until=none;chartDesigner=present;chartBodyBundled=false;chartPath=0.aff,normal-slot,Kero,mirimo,,,,,,,,,,,0.aff,False
cyberneciacatharsis,79,"{""en"":""Cybernecia Catharsis""}",1,PRS,7,,7,True,rating=7;hidden_until=none;chartDesigner=present;chartBodyBundled=false;chartPath=1.aff,normal-slot,Kero,mirimo,,,,,,,,,,,1.aff,False
cyberneciacatharsis,79,"{""en"":""Cybernecia Catharsis""}",2,FTR,9,,9,True,rating=9;hidden_until=none;chartDesigner=present;chartBodyBundled=false;chartPath=2.aff,normal-slot,Kero + Nitro,mirimo,,,,,,,,,,,2.aff,False
cyberneciacatharsis,79,"{""en"":""Cybernecia Catharsis""}",3,BYD,9,True,9+,True,rating=9;hidden_until=none;chartDesigner=present;chartBodyBundled=false;chartPath=3.aff,normal-slot,antymis,mirimo,True,,,,,,1706140801,5.3,,,3.aff,False
callmyname,80,"{""en"":""Call My Name feat. Yukacco""}",0,PST,3,,3,True,rating=3;hidden_until=none;chartDesigner=present;chartBodyBundled=false;chartPath=0.aff,normal-slot,Kurorak,DJ Poyoshi,,,,,,,,,,,0.aff,False
callmyname,80,"{""en"":""Call My Name feat. Yukacco""}",1,PRS,6,,6,True,rating=6;hidden_until=none;chartDesigner=present;chartBodyBundled=false;chartPath=1.aff,normal-slot,Kurorak,DJ Poyoshi,,,,,,,,,,,1.aff,False
callmyname,80,"{""en"":""Call My Name feat. Yukacco""}",2,FTR,8,True,8+,True,rating=8;hidden_until=none;chartDesigner=present;chartBodyBundled=false;chartPath=2.aff,normal-slot,Kuro my Nitro,DJ Poyoshi,,,,,,,,,,,2.aff,False
inkarusi,81,"{""en"":""inkar-usi""}",0,PST,2,,2,True,rating=2;hidden_until=none;chartDesigner=present;chartBodyBundled=true;chartPath=0.aff,normal-slot,Kurorak,Ancy,,,,,,,,,,,0.aff,True
inkarusi,81,"{""en"":""inkar-usi""}",1,PRS,4,,4,True,rating=4;hidden_until=none;chartDesigner=present;chartBodyBundled=true;chartPath=1.aff,normal-slot,Kurorak,Ancy,,,,,,,,,,,1.aff,True
inkarusi,81,"{""en"":""inkar-usi""}",2,FTR,7,True,7+,True,rating=7;hidden_until=none;chartDesigner=present;chartBodyBundled=true;chartPath=2.aff,normal-slot,Kurorak,Ancy,,,,,,,,,,,2.aff,True
inkarusi,81,"{""en"":""inkar-usi""}",3,BYD,9,,9,True,rating=9;hidden_until=none;chartDesigner=present;chartBodyBundled=false;chartPath=3.aff,normal-slot,CERiNG,Ancy,True,,,,,,1706140800,5.3,,,3.aff,False
mazenine,82,"{""en"":""Maze No.9"",""ja"":""九番目の迷路""}",0,PST,3,,3,True,rating=3;hidden_until=none;chartDesigner=present;chartBodyBundled=false;chartPath=0.aff,normal-slot,小東星,アリスシャッハと魔法の楽団,,,,,,,,,,,0.aff,False
mazenine,82,"{""en"":""Maze No.9"",""ja"":""九番目の迷路""}",1,PRS,3,,3,True,rating=3;hidden_until=none;chartDesigner=present;chartBodyBundled=false;chartPath=1.aff,normal-slot,小東星,アリスシャッハと魔法の楽団,,,,,,,,,,,1.aff,False
mazenine,82,"{""en"":""Maze No.9"",""ja"":""九番目の迷路""}",2,FTR,8,True,8+,True,rating=8;hidden_until=none;chartDesigner=present;chartBodyBundled=false;chartPath=2.aff,normal-slot,小東星,アリスシャッハと魔法の楽団,,,,,,,,,,,2.aff,False
themessage,83,"{""en"":""The Message""}",0,PST,3,,3,True,rating=3;hidden_until=none;chartDesigner=present;chartBodyBundled=false;chartPath=0.aff,normal-slot,Toaster,Shionty + Khronetic,,,,,,,,,,,0.aff,False
themessage,83,"{""en"":""The Message""}",1,PRS,6,,6,True,rating=6;hidden_until=none;chartDesigner=present;chartBodyBundled=false;chartPath=1.aff,normal-slot,Toaster,Shionty + Khronetic,,,,,,,,,,,1.aff,False
themessage,83,"{""en"":""The Message""}",2,FTR,9,True,9+,True,rating=9;hidden_until=none;chartDesigner=present;chartBodyBundled=false;chartPath=2.aff,normal-slot,Toaster,Shionty + Khronetic,,,,,,,,,,,2.aff,False
sulfur,84,"{""en"":""Sulfur""}",0,PST,4,,4,True,rating=4;hidden_until=none;chartDesigner=present;chartBodyBundled=false;chartPath=0.aff,normal-slot,Shirorak,すずなし,,,,,,,,,,,0.aff,False
sulfur,84,"{""en"":""Sulfur""}",1,PRS,6,,6,True,rating=6;hidden_until=none;chartDesigner=present;chartBodyBundled=false;chartPath=1.aff,normal-slot,Shirorak,すずなし,,,,,,,,,,,1.aff,False
sulfur,84,"{""en"":""Sulfur""}",2,FTR,9,True,9+,True,rating=9;hidden_until=none;chartDesigner=present;chartBodyBundled=false;chartPath=2.aff,normal-slot,Shirorak,すずなし,,,,,,,,,,,2.aff,False
halcyon,85,"{""en"":""Halcyon""}",0,PST,5,,5,True,rating=5;hidden_until=none;chartDesigner=present;chartBodyBundled=false;chartPath=0.aff,normal-slot,東星※太陽,,,,,,,,,,,,0.aff,False
halcyon,85,"{""en"":""Halcyon""}",1,PRS,8,,8,True,rating=8;hidden_until=none;chartDesigner=present;chartBodyBundled=false;chartPath=1.aff,normal-slot,東星※太陽,,,,,,,,,,,,1.aff,False
halcyon,85,"{""en"":""Halcyon""}",2,FTR,10,,10,True,rating=10;hidden_until=none;chartDesigner=present;chartBodyBundled=false;chartPath=2.aff,normal-slot,東星※太陽,,,,,,,,,,,,2.aff,False
etherstrike,86,"{""en"":""Ether Strike""}",0,PST,5,,5,True,rating=5;hidden_until=none;chartDesigner=present;chartBodyBundled=false;chartPath=0.aff,normal-slot,Zero Sky,シエラ,,,,,,,,,,,0.aff,False
etherstrike,86,"{""en"":""Ether Strike""}",1,PRS,8,,8,True,rating=8;hidden_until=none;chartDesigner=present;chartBodyBundled=false;chartPath=1.aff,normal-slot,Zero Sky,シエラ,,,,,,,,,,,1.aff,False
etherstrike,86,"{""en"":""Ether Strike""}",2,FTR,10,,10,True,rating=10;hidden_until=none;chartDesigner=present;chartBodyBundled=false;chartPath=2.aff,normal-slot,Zero Sky,シエラ,,,,,,,,,,,2.aff,False
fractureray,87,"{""en"":""Fracture Ray""}",0,PST,6,,6,True,rating=6;hidden_until=none;chartDesigner=present;chartBodyBundled=false;chartPath=0.aff,normal-slot,Volatile Paradox,シエラ,,,,,,,,,,,0.aff,False
fractureray,87,"{""en"":""Fracture Ray""}",1,PRS,9,,9,True,rating=9;hidden_until=none;chartDesigner=present;chartBodyBundled=false;chartPath=1.aff,normal-slot,Absolute Paradox,シエラ,,,,,,,,,,,1.aff,False
fractureray,87,"{""en"":""Fracture Ray""}",2,FTR,11,,11,True,rating=11;hidden_until=none;chartDesigner=present;chartBodyBundled=false;chartPath=2.aff,normal-slot,Paradox Zero,シエラ,,,,,,,,,,,2.aff,False
suomi,88,"{""en"":""Suomi""}",0,PST,2,,2,True,rating=2;hidden_until=none;chartDesigner=present;chartBodyBundled=false;chartPath=0.aff,normal-slot,Toastie,雨風雪夏,,,,,,,,,,,0.aff,False
suomi,88,"{""en"":""Suomi""}",1,PRS,5,,5,True,rating=5;hidden_until=none;chartDesigner=present;chartBodyBundled=false;chartPath=1.aff,normal-slot,Toastie,雨風雪夏,,,,,,,,,,,1.aff,False
suomi,88,"{""en"":""Suomi""}",2,FTR,7,True,7+,True,rating=7;hidden_until=none;chartDesigner=present;chartBodyBundled=false;chartPath=2.aff,normal-slot,Toastie,雨風雪夏,,,,,,,,,,,2.aff,False
suomi,88,"{""en"":""Suomi""}",4,ETR,8,True,8+,True,rating=8;hidden_until=none;chartDesigner=present;chartBodyBundled=false;chartPath=4.aff,normal-slot,CERiNG,雨風雪夏,,,,,,,1709856002,5.4,,,4.aff,False
bookmaker,89,"{""en"":""Bookmaker (2D Version)""}",0,PST,4,,4,True,rating=4;hidden_until=none;chartDesigner=present;chartBodyBundled=false;chartPath=0.aff,normal-slot,Kurorak,窓壁九真好キ,,,,,,,,,,,0.aff,False
bookmaker,89,"{""en"":""Bookmaker (2D Version)""}",1,PRS,6,,6,True,rating=6;hidden_until=none;chartDesigner=present;chartBodyBundled=false;chartPath=1.aff,normal-slot,Kurorak,窓壁九真好キ,,,,,,,,,,,1.aff,False
bookmaker,89,"{""en"":""Bookmaker (2D Version)""}",2,FTR,8,,8,True,rating=8;hidden_until=none;chartDesigner=present;chartBodyBundled=false;chartPath=2.aff,normal-slot,Kurorak,窓壁九真好キ,,,,,,,,,,,2.aff,False
bookmaker,89,"{""en"":""Bookmaker (2D Version)""}",3,BYD,10,,10,True,rating=10;hidden_until=none;chartDesigner=present;chartBodyBundled=false;chartPath=3.aff,normal-slot,Toastmaker,窓壁九真好キ,True,,,,,,1625011201,3.6,,,3.aff,False
darakunosono,90,"{""ja"":""堕楽の園"",""en"":""Illegal Paradise""}",0,PST,2,,2,True,rating=2;hidden_until=none;chartDesigner=present;chartBodyBundled=false;chartPath=0.aff,normal-slot,k//eternal,Illegal Khronetic,,,,,,,,,,,0.aff,False
darakunosono,90,"{""ja"":""堕楽の園"",""en"":""Illegal Paradise""}",1,PRS,7,,7,True,rating=7;hidden_until=none;chartDesigner=present;chartBodyBundled=false;chartPath=1.aff,normal-slot,k//eternal,Illegal Khronetic,,,,,,,,,,,1.aff,False
darakunosono,90,"{""ja"":""堕楽の園"",""en"":""Illegal Paradise""}",2,FTR,9,,9,True,rating=9;hidden_until=none;chartDesigner=present;chartBodyBundled=false;chartPath=2.aff,normal-slot,k//eternal + nitro,Illegal Khronetic,,,,,,,,,,,2.aff,False
dropdead,91,"{""en"":""dropdead""}",0,PST,1,,1,True,rating=1;hidden_until=none;chartDesigner=present;chartBodyBundled=false;chartPath=0.aff,normal-slot,"-chartaesthesia-
LIMITER:10%",Hanamori Hiro,,,,,,,,,,,0.aff,False
dropdead,91,"{""en"":""dropdead""}",1,PRS,9,,9,True,rating=9;hidden_until=none;chartDesigner=present;chartBodyBundled=false;chartPath=1.aff,normal-slot,"-chartaesthesia-
LIMITER:100%",Hanamori Hiro,,,,,,,,,,,1.aff,False
dropdead,91,"{""en"":""dropdead""}",2,FTR,8,True,8+,True,rating=8;hidden_until=none;chartDesigner=present;chartBodyBundled=false;chartPath=2.aff,normal-slot,"-chartaesthesia-
LIMITER:25% (OVERDRIVE:+100%)",Hanamori Hiro,,,,,,,,,,,2.aff,False
dropdead,91,"{""en"":""dropdead""}",3,BYD,10,,10,True,rating=10;hidden_until=none;chartDesigner=present;chartBodyBundled=false;chartPath=3.aff,normal-slot,絶滅 over 夜浪.,Hanamori Hiro + yusi.,True,,"{""en"":""overdead.""}",True,500,500,1646784003,3.12,byd_conflict,byd_light,3.aff,False
fallensquare,92,"{""en"":""Fallensquare""}",0,PST,3,,3,True,rating=3;hidden_until=none;chartDesigner=present;chartBodyBundled=false;chartPath=0.aff,normal-slot,Haruba,unKn,,,,,,,,,,,0.aff,False
fallensquare,92,"{""en"":""Fallensquare""}",1,PRS,7,,7,True,rating=7;hidden_until=none;chartDesigner=present;chartBodyBundled=false;chartPath=1.aff,normal-slot,Haruba,unKn,,,,,,,,,,,1.aff,False
fallensquare,92,"{""en"":""Fallensquare""}",2,FTR,9,True,9+,True,rating=9;hidden_until=none;chartDesigner=present;chartBodyBundled=false;chartPath=2.aff,normal-slot,Haruba,unKn,,,,,,,,,,,2.aff,False
nhelv,93,"{""en"":""Nhelv""}",0,PST,3,,3,True,rating=3;hidden_until=none;chartDesigner=present;chartBodyBundled=false;chartPath=0.aff,normal-slot,Nitro「Katastrophe」,駿,,,,,,,,,,,0.aff,False
nhelv,93,"{""en"":""Nhelv""}",1,PRS,6,,6,True,rating=6;hidden_until=none;chartDesigner=present;chartBodyBundled=false;chartPath=1.aff,normal-slot,Nitro「Katastrophe」,駿,,,,,,,,,,,1.aff,False
nhelv,93,"{""en"":""Nhelv""}",2,FTR,9,True,9+,True,rating=9;hidden_until=none;chartDesigner=present;chartBodyBundled=false;chartPath=2.aff,normal-slot,Nitro「Katastrophe」,駿,,,,,,,,,,,2.aff,False
nhelv,93,"{""en"":""Nhelv""}",3,BYD,10,True,10+,True,rating=10;hidden_until=difficulty;chartDesigner=present;chartBodyBundled=false;chartPath=3.aff,unlock-gated-slot,零下 -descent-,shun yamaguchi,True,,,,,,1745452804,6.4,eden_conflict,,3.aff,False
espebranch,94,"{""ja"":""白道、多希望羊と信じありく。"",""en"":""LunarOrbit -believe in the Espebranch road-""}",0,PST,3,,3,True,rating=3;hidden_until=none;chartDesigner=present;chartBodyBundled=false;chartPath=0.aff,normal-slot,月刊Toaster,hideo,,,,,,,,,,,0.aff,False
espebranch,94,"{""ja"":""白道、多希望羊と信じありく。"",""en"":""LunarOrbit -believe in the Espebranch road-""}",1,PRS,6,,6,True,rating=6;hidden_until=none;chartDesigner=present;chartBodyBundled=false;chartPath=1.aff,normal-slot,月刊Toaster,hideo,,,,,,,,,,,1.aff,False
espebranch,94,"{""ja"":""白道、多希望羊と信じありく。"",""en"":""LunarOrbit -believe in the Espebranch road-""}",2,FTR,9,,9,True,rating=9;hidden_until=none;chartDesigner=present;chartBodyBundled=false;chartPath=2.aff,normal-slot,月刊Toaster,hideo,,,,,,,,,,,2.aff,False
purgatorium,95,"{""en"":""Purgatorium""}",0,PST,2,,2,True,rating=2;hidden_until=none;chartDesigner=present;chartBodyBundled=true;chartPath=0.aff,normal-slot,Kurorak,michele,,,,,,,,,,,0.aff,True
purgatorium,95,"{""en"":""Purgatorium""}",1,PRS,6,,6,True,rating=6;hidden_until=none;chartDesigner=present;chartBodyBundled=true;chartPath=1.aff,normal-slot,Kurorak,michele,,,,,,,,,,,1.aff,True
purgatorium,95,"{""en"":""Purgatorium""}",2,FTR,8,,8,True,rating=8;hidden_until=none;chartDesigner=present;chartBodyBundled=true;chartPath=2.aff,normal-slot,Kurorak,michele,,,,,,,,,,,2.aff,True
purgatorium,95,"{""en"":""Purgatorium""}",3,BYD,9,,9,True,rating=9;hidden_until=none;chartDesigner=present;chartBodyBundled=false;chartPath=3.aff,normal-slot,Toaster,michele,True,,,,,,1597968000,3.1,,,3.aff,False
hikari,96,"{""ja"":""光"",""en"":""Hikari""}",0,PST,2,,2,True,rating=2;hidden_until=none;chartDesigner=present;chartBodyBundled=false;chartPath=0.aff,normal-slot,OptoNuke,,,,,,,,,,,,0.aff,False
hikari,96,"{""ja"":""光"",""en"":""Hikari""}",1,PRS,6,,6,True,rating=6;hidden_until=none;chartDesigner=present;chartBodyBundled=false;chartPath=1.aff,normal-slot,OptoNuke,,,,,,,,,,,,1.aff,False
hikari,96,"{""ja"":""光"",""en"":""Hikari""}",2,FTR,8,,8,True,rating=8;hidden_until=none;chartDesigner=present;chartBodyBundled=false;chartPath=2.aff,normal-slot,OptoNuke,,,,,,,,,,,,2.aff,False
stager,97,"{""en"":""STAGER (ALL STAGE CLEAR)""}",0,PST,3,,3,True,rating=3;hidden_until=none;chartDesigner=present;chartBodyBundled=false;chartPath=0.aff,normal-slot,KURORAK,,True,,,,,,,,,,0.aff,False
stager,97,"{""en"":""STAGER (ALL STAGE CLEAR)""}",1,PRS,6,,6,True,rating=6;hidden_until=none;chartDesigner=present;chartBodyBundled=false;chartPath=1.aff,normal-slot,KURORAK,,True,,,,,,,,,,1.aff,False
stager,97,"{""en"":""STAGER (ALL STAGE CLEAR)""}",2,FTR,9,,9,True,rating=9;hidden_until=none;chartDesigner=present;chartBodyBundled=false;chartPath=2.aff,normal-slot,KURORAK,,,,,,,,,,,,2.aff,False
hallofmirrors,98,"{""en"":""Hall of Mirrors""}",0,PST,3,,3,True,rating=3;hidden_until=none;chartDesigner=present;chartBodyBundled=false;chartPath=0.aff,normal-slot,Toaster,,,,,,,,,,,,0.aff,False
hallofmirrors,98,"{""en"":""Hall of Mirrors""}",1,PRS,5,,5,True,rating=5;hidden_until=none;chartDesigner=present;chartBodyBundled=false;chartPath=1.aff,normal-slot,Toaster,,,,,,,,,,,,1.aff,False
hallofmirrors,98,"{""en"":""Hall of Mirrors""}",2,FTR,8,,8,True,rating=8;hidden_until=none;chartDesigner=present;chartBodyBundled=false;chartPath=2.aff,normal-slot,Toaster,,,,,,,,,,,,2.aff,False
linearaccelerator,99,"{""en"":""Linear Accelerator""}",0,PST,2,,2,True,rating=2;hidden_until=none;chartDesigner=present;chartBodyBundled=false;chartPath=0.aff,normal-slot,THE TOAST,,,,,,,,,,,,0.aff,False
linearaccelerator,99,"{""en"":""Linear Accelerator""}",1,PRS,6,,6,True,rating=6;hidden_until=none;chartDesigner=present;chartBodyBundled=false;chartPath=1.aff,normal-slot,THE TOAST,,,,,,,,,,,,1.aff,False
linearaccelerator,99,"{""en"":""Linear Accelerator""}",2,FTR,9,True,9+,True,rating=9;hidden_until=none;chartDesigner=present;chartBodyBundled=false;chartPath=2.aff,normal-slot,THE TOAST,,,,,,,,,,,,2.aff,False
tiferet,100,"{""en"":""Tiferet""}",0,PST,4,,4,True,rating=4;hidden_until=none;chartDesigner=present;chartBodyBundled=false;chartPath=0.aff,normal-slot,夜浪[Spherical],,,,,,,,,,,,0.aff,False
tiferet,100,"{""en"":""Tiferet""}",1,PRS,7,True,7+,True,rating=7;hidden_until=none;chartDesigner=present;chartBodyBundled=false;chartPath=1.aff,normal-slot,夜浪[Spherical],,,,,,,,,,,,1.aff,False
tiferet,100,"{""en"":""Tiferet""}",2,FTR,10,,10,True,rating=10;hidden_until=none;chartDesigner=present;chartBodyBundled=false;chartPath=2.aff,normal-slot,夜浪[Spherical],,,,,,,,,,,,2.aff,False
alexandrite,101,"{""en"":""Alexandrite""}",0,PST,4,,4,True,rating=4;hidden_until=none;chartDesigner=present;chartBodyBundled=false;chartPath=0.aff,normal-slot,東星※空の宝石,シエラ,,,,,,,,,,,0.aff,False
alexandrite,101,"{""en"":""Alexandrite""}",1,PRS,7,,7,True,rating=7;hidden_until=none;chartDesigner=present;chartBodyBundled=false;chartPath=1.aff,normal-slot,東星※空の宝石,シエラ,,,,,,,,,,,1.aff,False
alexandrite,101,"{""en"":""Alexandrite""}",2,FTR,10,,10,True,rating=10;hidden_until=none;chartDesigner=present;chartBodyBundled=false;chartPath=2.aff,normal-slot,東星※空の宝石,シエラ,,,,,,,,,,,2.aff,False
rugie,102,"{""en"":""Rugie""}",0,PST,3,,3,True,rating=3;hidden_until=none;chartDesigner=present;chartBodyBundled=false;chartPath=0.aff,normal-slot,k//urorak,,,,,,,,,,,,0.aff,False
rugie,102,"{""en"":""Rugie""}",1,PRS,6,,6,True,rating=6;hidden_until=none;chartDesigner=present;chartBodyBundled=false;chartPath=1.aff,normal-slot,k//urorak,,,,,,,,,,,,1.aff,False
rugie,102,"{""en"":""Rugie""}",2,FTR,9,,9,True,rating=9;hidden_until=none;chartDesigner=present;chartBodyBundled=false;chartPath=2.aff,normal-slot,k//urorak,,,,,,,,,,,,2.aff,False
astraltale,103,"{""en"":""Astral tale""}",0,PST,4,,4,True,rating=4;hidden_until=none;chartDesigner=present;chartBodyBundled=false;chartPath=0.aff,normal-slot,Nitro,岩十,,,,,,,,,,,0.aff,False
astraltale,103,"{""en"":""Astral tale""}",1,PRS,7,,7,True,rating=7;hidden_until=none;chartDesigner=present;chartBodyBundled=false;chartPath=1.aff,normal-slot,Nitro,岩十,,,,,,,,,,,1.aff,False
astraltale,103,"{""en"":""Astral tale""}",2,FTR,9,,9,True,rating=9;hidden_until=none;chartDesigner=present;chartBodyBundled=false;chartPath=2.aff,normal-slot,Nitro,岩十,,,,,,,,,,,2.aff,False
phantasia,104,"{""en"":""Phantasia""}",0,PST,4,,4,True,rating=4;hidden_until=none;chartDesigner=present;chartBodyBundled=false;chartPath=0.aff,normal-slot,Toaster,そゐち,,,,,,,,,,,0.aff,False
phantasia,104,"{""en"":""Phantasia""}",1,PRS,5,,5,True,rating=5;hidden_until=none;chartDesigner=present;chartBodyBundled=false;chartPath=1.aff,normal-slot,Toaster,そゐち,,,,,,,,,,,1.aff,False
phantasia,104,"{""en"":""Phantasia""}",2,FTR,9,,9,True,rating=9;hidden_until=none;chartDesigner=present;chartBodyBundled=false;chartPath=2.aff,normal-slot,Toaster,そゐち,,,,,,,,,,,2.aff,False
empireofwinter,105,"{""en"":""Empire of Winter""}",0,PST,3,,3,True,rating=3;hidden_until=none;chartDesigner=present;chartBodyBundled=false;chartPath=0.aff,normal-slot,0°Nitro,シエラ + Khronetic,,,,,,,,,,,0.aff,False
empireofwinter,105,"{""en"":""Empire of Winter""}",1,PRS,6,,6,True,rating=6;hidden_until=none;chartDesigner=present;chartBodyBundled=false;chartPath=1.aff,normal-slot,0°Nitro,シエラ + Khronetic,,,,,,,,,,,1.aff,False
empireofwinter,105,"{""en"":""Empire of Winter""}",2,FTR,9,,9,True,rating=9;hidden_until=none;chartDesigner=present;chartBodyBundled=false;chartPath=2.aff,normal-slot,0°Nitro,シエラ + Khronetic,,,,,,,,,,,2.aff,False
merlin,106,"{""en"":""MERLIN""}",0,PST,3,,3,True,rating=3;hidden_until=none;chartDesigner=present;chartBodyBundled=false;chartPath=0.aff,normal-slot,Got More Taro?,,,,,,,,,,,,0.aff,False
merlin,106,"{""en"":""MERLIN""}",1,PRS,5,,5,True,rating=5;hidden_until=none;chartDesigner=present;chartBodyBundled=false;chartPath=1.aff,normal-slot,Got More Taro?,,,,,,,,,,,,1.aff,False
merlin,106,"{""en"":""MERLIN""}",2,FTR,8,True,8+,True,rating=8;hidden_until=none;chartDesigner=present;chartBodyBundled=false;chartPath=2.aff,normal-slot,Got More Taro?,,,,,,,,,,,,2.aff,False
merlin,106,"{""en"":""MERLIN""}",3,BYD,9,,9,True,rating=9;hidden_until=none;chartDesigner=present;chartBodyBundled=false;chartPath=3.aff,normal-slot,EXSCHWASiON,,,,,,,,1647993600,3.12,,,3.aff,False
dxfullmetal,107,"{""ja"":""DX超性能フルメタル少女"",""en"":""DX Choseinou Full Metal Shojo""}",0,PST,3,,3,True,rating=3;hidden_until=none;chartDesigner=present;chartBodyBundled=false;chartPath=0.aff,normal-slot,DX譜面作者フルメタルNitro,,,,,,,,,,,,0.aff,False
dxfullmetal,107,"{""ja"":""DX超性能フルメタル少女"",""en"":""DX Choseinou Full Metal Shojo""}",1,PRS,6,,6,True,rating=6;hidden_until=none;chartDesigner=present;chartBodyBundled=false;chartPath=1.aff,normal-slot,DX譜面作者フルメタルNitro,,,,,,,,,,,,1.aff,False
dxfullmetal,107,"{""ja"":""DX超性能フルメタル少女"",""en"":""DX Choseinou Full Metal Shojo""}",2,FTR,9,True,9+,True,rating=9;hidden_until=none;chartDesigner=present;chartBodyBundled=false;chartPath=2.aff,normal-slot,DX譜面作者フルメタルNitro,,,,,,,,,,,,2.aff,False
omakeno,108,"{""en"":""OMAKENO Stroke""}",0,PST,3,,3,True,rating=3;hidden_until=none;chartDesigner=present;chartBodyBundled=false;chartPath=0.aff,normal-slot,Kurorak,,,,,,,,,,,,0.aff,False
omakeno,108,"{""en"":""OMAKENO Stroke""}",1,PRS,6,,6,True,rating=6;hidden_until=none;chartDesigner=present;chartBodyBundled=false;chartPath=1.aff,normal-slot,Kurorak,,,,,,,,,,,,1.aff,False
omakeno,108,"{""en"":""OMAKENO Stroke""}",2,FTR,9,,9,True,rating=9;hidden_until=none;chartDesigner=present;chartBodyBundled=false;chartPath=2.aff,normal-slot,Kurorak,,,,,,,,,,,,2.aff,False
omakeno,108,"{""en"":""OMAKENO Stroke""}",3,BYD,10,,10,True,rating=10;hidden_until=none;chartDesigner=present;chartBodyBundled=false;chartPath=3.aff,normal-slot,NITRO,,,,,,,,1647993601,3.12,,,3.aff,False
scarletlance,109,"{""en"":""Scarlet Lance""}",0,PST,4,,4,True,rating=4;hidden_until=none;chartDesigner=present;chartBodyBundled=false;chartPath=0.aff,normal-slot,闇運,,,,,,,,,,,,0.aff,False
scarletlance,109,"{""en"":""Scarlet Lance""}",1,PRS,7,,7,True,rating=7;hidden_until=none;chartDesigner=present;chartBodyBundled=false;chartPath=1.aff,normal-slot,闇運,,,,,,,,,,,,1.aff,False
scarletlance,109,"{""en"":""Scarlet Lance""}",2,FTR,10,,10,True,rating=10;hidden_until=none;chartDesigner=present;chartBodyBundled=false;chartPath=2.aff,normal-slot,闇運,,,,,,,,,,,,2.aff,False
ouroboros,110,"{""en"":""ouroboros -twin stroke of the end-""}",0,PST,4,,4,True,rating=4;hidden_until=none;chartDesigner=present;chartBodyBundled=false;chartPath=0.aff,normal-slot,Groove 東星,,,,,,,,,,,,0.aff,False
ouroboros,110,"{""en"":""ouroboros -twin stroke of the end-""}",1,PRS,7,,7,True,rating=7;hidden_until=none;chartDesigner=present;chartBodyBundled=false;chartPath=1.aff,normal-slot,Groove 東星,,,,,,,,,,,,1.aff,False
ouroboros,110,"{""en"":""ouroboros -twin stroke of the end-""}",2,FTR,10,True,10+,True,rating=10;hidden_until=none;chartDesigner=present;chartBodyBundled=false;chartPath=2.aff,normal-slot,Groove 東星,,,,,,,,,,,,2.aff,False
libertas,111,"{""en"":""Libertas""}",0,PST,3,,3,True,rating=3;hidden_until=none;chartDesigner=present;chartBodyBundled=false;chartPath=0.aff,normal-slot,Kurorak,wacca,,,,,,,,,,,0.aff,False
libertas,111,"{""en"":""Libertas""}",1,PRS,5,,5,True,rating=5;hidden_until=none;chartDesigner=present;chartBodyBundled=false;chartPath=1.aff,normal-slot,Kurorak,wacca,,,,,,,,,,,1.aff,False
libertas,111,"{""en"":""Libertas""}",2,FTR,9,,9,True,rating=9;hidden_until=none;chartDesigner=present;chartBodyBundled=false;chartPath=2.aff,normal-slot,Kurorak + Nitro,wacca,,,,,,,,,,,2.aff,False
libertas,111,"{""en"":""Libertas""}",3,BYD,10,,10,True,rating=10;hidden_until=none;chartDesigner=present;chartBodyBundled=false;chartPath=3.aff,normal-slot,Exschwasion -unbound-,wacca,True,,,,,,1706140803,5.3,,,3.aff,False
solitarydream,112,"{""en"":""Solitary Dream"",""ja"":""虚空の夢""}",0,PST,4,,4,True,rating=4;hidden_until=none;chartDesigner=empty;chartBodyBundled=false;chartPath=0.aff,normal-slot,,シエラ,,,,,,,,,,,0.aff,False
solitarydream,112,"{""en"":""Solitary Dream"",""ja"":""虚空の夢""}",1,PRS,7,,7,True,rating=7;hidden_until=none;chartDesigner=empty;chartBodyBundled=false;chartPath=1.aff,normal-slot,,シエラ,,,,,,,,,,,1.aff,False
solitarydream,112,"{""en"":""Solitary Dream"",""ja"":""虚空の夢""}",2,FTR,8,True,8+,True,rating=8;hidden_until=none;chartDesigner=empty;chartBodyBundled=false;chartPath=2.aff,normal-slot,,シエラ,,,,,,,,,,,2.aff,False
antithese,113,"{""en"":""Antithese""}",0,PST,2,,2,True,rating=2;hidden_until=none;chartDesigner=present;chartBodyBundled=false;chartPath=0.aff,normal-slot,chaos//engine,釜飯轟々丸 + Khronetic,,,,,,,,,,,0.aff,False
antithese,113,"{""en"":""Antithese""}",1,PRS,5,,5,True,rating=5;hidden_until=none;chartDesigner=present;chartBodyBundled=false;chartPath=1.aff,normal-slot,chaos//engine,釜飯轟々丸 + Khronetic,,,,,,,,,,,1.aff,False
antithese,113,"{""en"":""Antithese""}",2,FTR,8,True,8+,True,rating=8;hidden_until=none;chartDesigner=present;chartBodyBundled=false;chartPath=2.aff,normal-slot,chaos//engine,釜飯轟々丸 + Khronetic,,,,,,,,,,,2.aff,False
antithese,113,"{""en"":""Antithese""}",3,BYD,9,,9,True,rating=9;hidden_until=difficulty;chartDesigner=present;chartBodyBundled=false;chartPath=3.aff,unlock-gated-slot,石樂,釜飯轟々丸 + jht,True,,,,,,1639008002,3.10,,,3.aff,False
corruption,114,"{""en"":""Corruption""}",0,PST,3,,3,True,rating=3;hidden_until=none;chartDesigner=present;chartBodyBundled=false;chartPath=0.aff,normal-slot,₸öα$†ε₹,BerryVerrine,,,,,,,,,,,0.aff,False
corruption,114,"{""en"":""Corruption""}",1,PRS,6,,6,True,rating=6;hidden_until=none;chartDesigner=present;chartBodyBundled=false;chartPath=1.aff,normal-slot,₸öα$†ε₹,BerryVerrine,,,,,,,,,,,1.aff,False
corruption,114,"{""en"":""Corruption""}",2,FTR,9,True,9+,True,rating=9;hidden_until=none;chartDesigner=present;chartBodyBundled=false;chartPath=2.aff,normal-slot,₸öα$†ε₹,BerryVerrine,,,,,,,,,,,2.aff,False
blackterritory,115,"{""en"":""Black Territory""}",0,PST,3,,3,True,rating=3;hidden_until=none;chartDesigner=present;chartBodyBundled=false;chartPath=0.aff,normal-slot,NitroNukeδ,トロ３,,,,,,,,,,,0.aff,False
blackterritory,115,"{""en"":""Black Territory""}",1,PRS,7,,7,True,rating=7;hidden_until=none;chartDesigner=present;chartBodyBundled=false;chartPath=1.aff,normal-slot,NitroNukeδ,トロ３,,,,,,,,,,,1.aff,False
blackterritory,115,"{""en"":""Black Territory""}",2,FTR,9,True,9+,True,rating=9;hidden_until=none;chartDesigner=present;chartBodyBundled=false;chartPath=2.aff,normal-slot,NitroNukeδ,トロ３,,,,,,,,,,,2.aff,False
viciousheroism,116,"{""en"":""Vicious Heroism""}",0,PST,4,,4,True,rating=4;hidden_until=none;chartDesigner=present;chartBodyBundled=false;chartPath=0.aff,normal-slot,Nitro vanquish Toaster.,吠L,,,,,,,,,,,0.aff,False
viciousheroism,116,"{""en"":""Vicious Heroism""}",1,PRS,7,,7,True,rating=7;hidden_until=none;chartDesigner=present;chartBodyBundled=false;chartPath=1.aff,normal-slot,Nitro vanquish Toaster.,吠L,,,,,,,,,,,1.aff,False
viciousheroism,116,"{""en"":""Vicious Heroism""}",2,FTR,10,,10,True,rating=10;hidden_until=none;chartDesigner=present;chartBodyBundled=false;chartPath=2.aff,normal-slot,Nitro vanquish Toaster.,吠L,,,,,,,,,,,2.aff,False
viciousheroism,116,"{""en"":""Vicious Heroism""}",3,BYD,11,,11,True,rating=11;hidden_until=difficulty;chartDesigner=present;chartBodyBundled=false;chartPath=3.aff,unlock-gated-slot,[FUTiLE] Defiance,陽葉ヨウ,True,,"{""en"":""Vicious [ANTi] Heroism""}",True,271,271,1706140806,5.3,viciousheroism3,,3.aff,False
cyaegha,117,"{""en"":""Cyaegha""}",0,PST,5,,5,True,rating=5;hidden_until=none;chartDesigner=present;chartBodyBundled=false;chartPath=0.aff,normal-slot,夜浪、旧支配者,シエラ,,,,,,,,,,,0.aff,False
cyaegha,117,"{""en"":""Cyaegha""}",1,PRS,8,,8,True,rating=8;hidden_until=none;chartDesigner=present;chartBodyBundled=false;chartPath=1.aff,normal-slot,夜浪、旧支配者,シエラ,,,,,,,,,,,1.aff,False
cyaegha,117,"{""en"":""Cyaegha""}",2,FTR,10,True,10+,True,rating=10;hidden_until=none;chartDesigner=present;chartBodyBundled=false;chartPath=2.aff,normal-slot,夜浪、旧支配者,シエラ,,,,,,,,,,,2.aff,False
revixy,118,"{""en"":""ReviXy""}",0,PST,3,,3,True,rating=3;hidden_until=none;chartDesigner=present;chartBodyBundled=false;chartPath=0.aff,normal-slot,Revoke Kurorak,出前,,,,,,,,,,,0.aff,False
revixy,118,"{""en"":""ReviXy""}",1,PRS,7,,7,True,rating=7;hidden_until=none;chartDesigner=present;chartBodyBundled=false;chartPath=1.aff,normal-slot,Revoke Kurorak,出前,,,,,,,,,,,1.aff,False
revixy,118,"{""en"":""ReviXy""}",2,FTR,9,,9,True,rating=9;hidden_until=none;chartDesigner=present;chartBodyBundled=false;chartPath=2.aff,normal-slot,Revoke Kurorak,出前,,,,,,,,,,,2.aff,False
grimheart,119,"{""en"":""Grimheart""}",0,PST,2,,2,True,rating=2;hidden_until=none;chartDesigner=present;chartBodyBundled=true;chartPath=0.aff,normal-slot,Toaster,,,,,,,,,,,,0.aff,True
grimheart,119,"{""en"":""Grimheart""}",1,PRS,5,,5,True,rating=5;hidden_until=none;chartDesigner=present;chartBodyBundled=true;chartPath=1.aff,normal-slot,Toaster,,,,,,,,,,,,1.aff,True
grimheart,119,"{""en"":""Grimheart""}",2,FTR,8,True,8+,True,rating=8;hidden_until=none;chartDesigner=present;chartBodyBundled=true;chartPath=2.aff,normal-slot,Toaster,,,,,,,,,,,,2.aff,True
vector,120,"{""en"":""VECTOЯ""}",0,PST,3,,3,True,rating=3;hidden_until=none;chartDesigner=present;chartBodyBundled=false;chartPath=0.aff,normal-slot,Nitro,ふぇいフリック,,,,,,,,,,,0.aff,False
vector,120,"{""en"":""VECTOЯ""}",1,PRS,7,,7,True,rating=7;hidden_until=none;chartDesigner=present;chartBodyBundled=false;chartPath=1.aff,normal-slot,Nitro,ふぇいフリック,,,,,,,,,,,1.aff,False
vector,120,"{""en"":""VECTOЯ""}",2,FTR,9,,9,True,rating=9;hidden_until=none;chartDesigner=present;chartBodyBundled=false;chartPath=2.aff,normal-slot,Nitro,ふぇいフリック,,,,,,,,,,,2.aff,False
supernova,121,"{""en"":""SUPERNOVA""}",0,PST,3,,3,True,rating=3;hidden_until=none;chartDesigner=present;chartBodyBundled=false;chartPath=0.aff,normal-slot,東超新星,Khronetic,,,,,,,,,,,0.aff,False
supernova,121,"{""en"":""SUPERNOVA""}",1,PRS,6,,6,True,rating=6;hidden_until=none;chartDesigner=present;chartBodyBundled=false;chartPath=1.aff,normal-slot,東超新星,Khronetic,,,,,,,,,,,1.aff,False
supernova,121,"{""en"":""SUPERNOVA""}",2,FTR,9,True,9+,True,rating=9;hidden_until=none;chartDesigner=present;chartBodyBundled=false;chartPath=2.aff,normal-slot,東超新星,Khronetic,,,,,,,,,,,2.aff,False
dottodot,122,"{""en"":""Dot to Dot feat. shully""}",0,PST,3,,3,True,rating=3;hidden_until=none;chartDesigner=present;chartBodyBundled=false;chartPath=0.aff,normal-slot,•Nitro•,DJ Poyoshi,,,,,,,,,,,0.aff,False
dottodot,122,"{""en"":""Dot to Dot feat. shully""}",1,PRS,6,,6,True,rating=6;hidden_until=none;chartDesigner=present;chartBodyBundled=false;chartPath=1.aff,normal-slot,•Nitro•,DJ Poyoshi,,,,,,,,,,,1.aff,False
dottodot,122,"{""en"":""Dot to Dot feat. shully""}",2,FTR,8,,8,True,rating=8;hidden_until=none;chartDesigner=present;chartBodyBundled=false;chartPath=2.aff,normal-slot,•Nitro•,DJ Poyoshi,,,,,,,,,,,2.aff,False
garakuta,123,"{""en"":""Garakuta Doll Play""}",0,PST,4,,4,True,rating=4;hidden_until=none;chartDesigner=present;chartBodyBundled=false;chartPath=0.aff,normal-slot,Arcaea Charting Team【Royal Flush】,,,,,,,,,,,,0.aff,False
garakuta,123,"{""en"":""Garakuta Doll Play""}",1,PRS,6,,6,True,rating=6;hidden_until=none;chartDesigner=present;chartBodyBundled=false;chartPath=1.aff,normal-slot,Arcaea Charting Team【Royal Flush】,,,,,,,,,,,,1.aff,False
garakuta,123,"{""en"":""Garakuta Doll Play""}",2,FTR,10,,10,True,rating=10;hidden_until=none;chartDesigner=present;chartBodyBundled=false;chartPath=2.aff,normal-slot,Arcaea Charting Teamからの挑戦状 ,,,,,,,,,,,,2.aff,False
ikazuchi,124,"{""en"":""Ikazuchi"",""ja"":""怒槌""}",0,PST,3,,3,True,rating=3;hidden_until=none;chartDesigner=present;chartBodyBundled=false;chartPath=0.aff,normal-slot,先史の機械神【夜浪】,,,,,,,,,,,,0.aff,False
ikazuchi,124,"{""en"":""Ikazuchi"",""ja"":""怒槌""}",1,PRS,7,,7,True,rating=7;hidden_until=none;chartDesigner=present;chartBodyBundled=false;chartPath=1.aff,normal-slot,先史の機械神【夜浪】,,,,,,,,,,,,1.aff,False
ikazuchi,124,"{""en"":""Ikazuchi"",""ja"":""怒槌""}",2,FTR,10,,10,True,rating=10;hidden_until=none;chartDesigner=present;chartBodyBundled=false;chartPath=2.aff,normal-slot,先史の機械神【夜浪】,,,,,,,,,,,,2.aff,False
worldvanquisher,125,"{""en"":""World Vanquisher""}",0,PST,2,,2,True,rating=2;hidden_until=none;chartDesigner=present;chartBodyBundled=false;chartPath=0.aff,normal-slot,処刑人【東星】,,,,,,,,,,,,0.aff,False
worldvanquisher,125,"{""en"":""World Vanquisher""}",1,PRS,5,,5,True,rating=5;hidden_until=none;chartDesigner=present;chartBodyBundled=false;chartPath=1.aff,normal-slot,処刑人【東星】,,,,,,,,,,,,1.aff,False
worldvanquisher,125,"{""en"":""World Vanquisher""}",2,FTR,10,True,10+,True,rating=10;hidden_until=none;chartDesigner=present;chartBodyBundled=false;chartPath=2.aff,normal-slot,処刑人【東星】,,,,,,,,,,,,2.aff,False
dreadnought,126,"{""en"":""Dreadnought""}",0,PST,4,,4,True,rating=4;hidden_until=none;chartDesigner=present;chartBodyBundled=false;chartPath=0.aff,normal-slot,Nitro,,,,,,,,,,,,0.aff,False
dreadnought,126,"{""en"":""Dreadnought""}",1,PRS,7,,7,True,rating=7;hidden_until=none;chartDesigner=present;chartBodyBundled=false;chartPath=1.aff,normal-slot,Nitro,,,,,,,,,,,,1.aff,False
dreadnought,126,"{""en"":""Dreadnought""}",2,FTR,9,True,9+,True,rating=9;hidden_until=none;chartDesigner=present;chartBodyBundled=false;chartPath=2.aff,normal-slot,Astronomer (Toaster + 東星),,,,,,,,,,,,2.aff,False
vindication,128,"{""en"":""Vindication""}",0,PST,4,,4,True,rating=4;hidden_until=none;chartDesigner=present;chartBodyBundled=false;chartPath=0.aff,normal-slot,Toaster,EB十,,,,,,,,,,,0.aff,False
vindication,128,"{""en"":""Vindication""}",1,PRS,6,,6,True,rating=6;hidden_until=none;chartDesigner=present;chartBodyBundled=false;chartPath=1.aff,normal-slot,Toaster,EB十,,,,,,,,,,,1.aff,False
vindication,128,"{""en"":""Vindication""}",2,FTR,9,,9,True,rating=9;hidden_until=none;chartDesigner=present;chartBodyBundled=false;chartPath=2.aff,normal-slot,Nitro vs Toaster,EB十,,,,,,,,,,,2.aff,False
heavensdoor,129,"{""en"":""Heavensdoor""}",0,PST,4,,4,True,rating=4;hidden_until=none;chartDesigner=present;chartBodyBundled=false;chartPath=0.aff,normal-slot,Kurorak,yusi. + Khronetic,,,,,,,,,,,0.aff,False
heavensdoor,129,"{""en"":""Heavensdoor""}",1,PRS,7,,7,True,rating=7;hidden_until=none;chartDesigner=present;chartBodyBundled=false;chartPath=1.aff,normal-slot,Kurorak,yusi. + Khronetic,,,,,,,,,,,1.aff,False
heavensdoor,129,"{""en"":""Heavensdoor""}",2,FTR,9,True,9+,True,rating=9;hidden_until=none;chartDesigner=present;chartBodyBundled=false;chartPath=2.aff,normal-slot,Black Tea,yusi. + Khronetic,,,,,,,,,,,2.aff,False
heavensdoor,129,"{""en"":""Heavensdoor""}",3,BYD,10,True,10+,True,rating=10;hidden_until=difficulty;chartDesigner=present;chartBodyBundled=false;chartPath=3.aff,unlock-gated-slot,東星※天の門,nonokuro,True,,,,,,1639008003,3.10,,,3.aff,False
ringedgenesis,130,"{""en"":""Ringed Genesis""}",0,PST,5,,5,True,rating=5;hidden_until=none;chartDesigner=present;chartBodyBundled=false;chartPath=0.aff,normal-slot,夜浪 vs Nitro,シエラ,,,,,,,,,,,0.aff,False
ringedgenesis,130,"{""en"":""Ringed Genesis""}",1,PRS,8,,8,True,rating=8;hidden_until=none;chartDesigner=present;chartBodyBundled=false;chartPath=1.aff,normal-slot,夜浪 vs Nitro,シエラ,,,,,,,,,,,1.aff,False
ringedgenesis,130,"{""en"":""Ringed Genesis""}",2,FTR,10,True,10+,True,rating=10;hidden_until=none;chartDesigner=present;chartBodyBundled=false;chartPath=2.aff,normal-slot,夜浪 vs Nitro,シエラ,,,,,,,,,,,2.aff,False
chelsea,131,"{""en"":""Chelsea""}",0,PST,3,,3,True,rating=3;hidden_until=none;chartDesigner=present;chartBodyBundled=false;chartPath=0.aff,normal-slot,TaroNuke,Refla,,,,,,,,,,,0.aff,False
chelsea,131,"{""en"":""Chelsea""}",1,PRS,6,,6,True,rating=6;hidden_until=none;chartDesigner=present;chartBodyBundled=false;chartPath=1.aff,normal-slot,TaroNuke,Refla,,,,,,,,,,,1.aff,False
chelsea,131,"{""en"":""Chelsea""}",2,FTR,8,True,8+,True,rating=8;hidden_until=none;chartDesigner=present;chartBodyBundled=false;chartPath=2.aff,normal-slot,TaroNuke,Refla,,,,,,,,,,,2.aff,False
aiueoon,132,"{""en"":""AI[UE]OON""}",0,PST,3,,3,True,rating=3;hidden_until=none;chartDesigner=present;chartBodyBundled=false;chartPath=0.aff,normal-slot,N[I]TRO,SiNoe,,,,,,,,,,,0.aff,False
aiueoon,132,"{""en"":""AI[UE]OON""}",1,PRS,6,,6,True,rating=6;hidden_until=none;chartDesigner=present;chartBodyBundled=false;chartPath=1.aff,normal-slot,N[I]TRO,SiNoe,,,,,,,,,,,1.aff,False
aiueoon,132,"{""en"":""AI[UE]OON""}",2,FTR,9,,9,True,rating=9;hidden_until=none;chartDesigner=present;chartBodyBundled=false;chartPath=2.aff,normal-slot,N[I]TRO,SiNoe,,,,,,,,,,,2.aff,False
melodyoflove,133,"{""en"":""A Wandering Melody of Love"",""ja"":""迷える音色は恋の唄""}",0,PST,3,,3,True,rating=3;hidden_until=none;chartDesigner=present;chartBodyBundled=false;chartPath=0.aff,normal-slot,恋のToaster,シエラ,,base_night,,,,,,,,,0.aff,False
melodyoflove,133,"{""en"":""A Wandering Melody of Love"",""ja"":""迷える音色は恋の唄""}",1,PRS,7,,7,True,rating=7;hidden_until=none;chartDesigner=present;chartBodyBundled=false;chartPath=1.aff,normal-slot,恋のToaster,シエラ,,base_night,,,,,,,,,1.aff,False
melodyoflove,133,"{""en"":""A Wandering Melody of Love"",""ja"":""迷える音色は恋の唄""}",2,FTR,9,,9,True,rating=9;hidden_until=none;chartDesigner=present;chartBodyBundled=false;chartPath=2.aff,normal-slot,恋のToaster,シエラ,,base_night,,,,,,,,,2.aff,False
tiemedowngently,134,"{""en"":""Tie me down gently""}",0,PST,3,,3,True,rating=3;hidden_until=none;chartDesigner=present;chartBodyBundled=false;chartPath=0.aff,normal-slot,Kurorak,kobuta,,,,,,,,,,,0.aff,False
tiemedowngently,134,"{""en"":""Tie me down gently""}",1,PRS,5,,5,True,rating=5;hidden_until=none;chartDesigner=present;chartBodyBundled=false;chartPath=1.aff,normal-slot,Kurorak,kobuta,,,,,,,,,,,1.aff,False
tiemedowngently,134,"{""en"":""Tie me down gently""}",2,FTR,8,,8,True,rating=8;hidden_until=none;chartDesigner=present;chartBodyBundled=false;chartPath=2.aff,normal-slot,Kurorak,kobuta,,,,,,,,,,,2.aff,False
valhallazero,135,"{""en"":""Valhalla:0""}",0,PST,4,,4,True,rating=4;hidden_until=none;chartDesigner=present;chartBodyBundled=false;chartPath=0.aff,normal-slot,夜浪,すずなし,,,,,,,,,,,0.aff,False
valhallazero,135,"{""en"":""Valhalla:0""}",1,PRS,7,,7,True,rating=7;hidden_until=none;chartDesigner=present;chartBodyBundled=false;chartPath=1.aff,normal-slot,夜浪,すずなし,,,,,,,,,,,1.aff,False
valhallazero,135,"{""en"":""Valhalla:0""}",2,FTR,10,,10,True,rating=10;hidden_until=none;chartDesigner=present;chartBodyBundled=false;chartPath=2.aff,normal-slot,夜浪,すずなし,,,,,,,,,,,2.aff,False
mirzam,136,"{""en"":""Mirzam""}",0,PST,4,,4,True,rating=4;hidden_until=none;chartDesigner=present;chartBodyBundled=false;chartPath=0.aff,normal-slot,東星※おおいぬ座β星,すずなし,,,,,,,,,,,0.aff,False
mirzam,136,"{""en"":""Mirzam""}",1,PRS,7,,7,True,rating=7;hidden_until=none;chartDesigner=present;chartBodyBundled=false;chartPath=1.aff,normal-slot,東星※おおいぬ座β星,すずなし,,,,,,,,,,,1.aff,False
mirzam,136,"{""en"":""Mirzam""}",2,FTR,9,True,9+,True,rating=9;hidden_until=none;chartDesigner=present;chartBodyBundled=false;chartPath=2.aff,normal-slot,東星※おおいぬ座β星,すずなし,,,,,,,,,,,2.aff,False
diode,137,"{""en"":""Diode""}",0,PST,2,,2,True,rating=2;hidden_until=none;chartDesigner=present;chartBodyBundled=false;chartPath=0.aff,normal-slot,Kurorak,キッカイキ,,,,,,,,,,,0.aff,False
diode,137,"{""en"":""Diode""}",1,PRS,5,,5,True,rating=5;hidden_until=none;chartDesigner=present;chartBodyBundled=false;chartPath=1.aff,normal-slot,Kurorak,キッカイキ,,,,,,,,,,,1.aff,False
diode,137,"{""en"":""Diode""}",2,FTR,8,,8,True,rating=8;hidden_until=none;chartDesigner=present;chartBodyBundled=false;chartPath=2.aff,normal-slot,Kurorak,キッカイキ,,,,,,,,,,,2.aff,False
freefall,138,"{""en"":""FREEF4LL""}",0,PST,4,,4,True,rating=4;hidden_until=none;chartDesigner=present;chartBodyBundled=false;chartPath=0.aff,normal-slot,N↓TRO,きらばがに,,,,,,,,,,,0.aff,False
freefall,138,"{""en"":""FREEF4LL""}",1,PRS,7,,7,True,rating=7;hidden_until=none;chartDesigner=present;chartBodyBundled=false;chartPath=1.aff,normal-slot,N↓TRO,きらばがに,,,,,,,,,,,1.aff,False
freefall,138,"{""en"":""FREEF4LL""}",2,FTR,8,,8,True,rating=8;hidden_until=none;chartDesigner=present;chartBodyBundled=false;chartPath=2.aff,normal-slot,N↓TRO,きらばがに,,,,,,,,,,,2.aff,False
freefall,138,"{""en"":""FREEF4LL""}",3,BYD,9,True,9+,True,rating=9;hidden_until=none;chartDesigner=present;chartBodyBundled=false;chartPath=3.aff,normal-slot,TO4STER,きらばがに,True,,,,,,1668038400,4.1,,,3.aff,False
gloryroad,139,"{""en"":""GLORY：ROAD""}",0,PST,4,,4,True,rating=4;hidden_until=none;chartDesigner=present;chartBodyBundled=false;chartPath=0.aff,normal-slot,東星※紅空,シエラ,,,,,,,,,,,0.aff,False
gloryroad,139,"{""en"":""GLORY：ROAD""}",1,PRS,7,,7,True,rating=7;hidden_until=none;chartDesigner=present;chartBodyBundled=false;chartPath=1.aff,normal-slot,東星※紅空,シエラ,,,,,,,,,,,1.aff,False
gloryroad,139,"{""en"":""GLORY：ROAD""}",2,FTR,10,,10,True,rating=10;hidden_until=none;chartDesigner=present;chartBodyBundled=false;chartPath=2.aff,normal-slot,東星※紅空,シエラ,,,,,,,,,,,2.aff,False
monochromeprincess,140,"{""en"":""Monochrome Princess""}",0,PST,4,,4,True,rating=4;hidden_until=none;chartDesigner=present;chartBodyBundled=false;chartPath=0.aff,normal-slot,N↕TRO,GreeN,,,,,,,,,,,0.aff,False
monochromeprincess,140,"{""en"":""Monochrome Princess""}",1,PRS,7,True,7+,True,rating=7;hidden_until=none;chartDesigner=present;chartBodyBundled=false;chartPath=1.aff,normal-slot,N↕TRO,GreeN,,,,,,,,,,,1.aff,False
monochromeprincess,140,"{""en"":""Monochrome Princess""}",2,FTR,9,True,9+,True,rating=9;hidden_until=none;chartDesigner=present;chartBodyBundled=false;chartPath=2.aff,normal-slot,N↕TRO,GreeN,,,,,,,,,,,2.aff,False
heavenlycaress,141,"{""en"":""Heavenly caress""}",0,PST,3,,3,True,rating=3;hidden_until=none;chartDesigner=present;chartBodyBundled=false;chartPath=0.aff,normal-slot,Toaster,fixro2n,,,,,,,,,,,0.aff,False
heavenlycaress,141,"{""en"":""Heavenly caress""}",1,PRS,7,,7,True,rating=7;hidden_until=none;chartDesigner=present;chartBodyBundled=false;chartPath=1.aff,normal-slot,Toaster,fixro2n,,,,,,,,,,,1.aff,False
heavenlycaress,141,"{""en"":""Heavenly caress""}",2,FTR,9,True,9+,True,rating=9;hidden_until=none;chartDesigner=present;chartBodyBundled=false;chartPath=2.aff,normal-slot,Toaster,fixro2n,,,,,,,,,,,2.aff,False
heavenlycaress,141,"{""en"":""Heavenly caress""}",3,BYD,10,True,10+,True,rating=10;hidden_until=none;chartDesigner=present;chartBodyBundled=false;chartPath=3.aff,normal-slot,絶･零･夜,fixro2n,True,,,,,,1773014405,6.13,,,3.aff,False
senkyou,142,"{""en"":""Senkyou""}",0,PST,3,,3,True,rating=3;hidden_until=none;chartDesigner=present;chartBodyBundled=true;chartPath=0.aff,normal-slot,k//eternal,未早,,,,,,,,,,,0.aff,True
senkyou,142,"{""en"":""Senkyou""}",1,PRS,5,,5,True,rating=5;hidden_until=none;chartDesigner=present;chartBodyBundled=true;chartPath=1.aff,normal-slot,k//eternal,未早,,,,,,,,,,,1.aff,True
senkyou,142,"{""en"":""Senkyou""}",2,FTR,8,True,8+,True,rating=8;hidden_until=none;chartDesigner=present;chartBodyBundled=true;chartPath=2.aff,normal-slot,k//eternal,未早,,,,,,,,,,,2.aff,True
filament,143,"{""en"":""Filament""}",0,PST,4,,4,True,rating=4;hidden_until=none;chartDesigner=present;chartBodyBundled=false;chartPath=0.aff,normal-slot,Toaster,Hanamori Hiro,,,,,,,,,,,0.aff,False
filament,143,"{""en"":""Filament""}",1,PRS,7,True,7+,True,rating=7;hidden_until=none;chartDesigner=present;chartBodyBundled=false;chartPath=1.aff,normal-slot,Toaster,Hanamori Hiro,,,,,,,,,,,1.aff,False
filament,143,"{""en"":""Filament""}",2,FTR,9,True,9+,True,rating=9;hidden_until=none;chartDesigner=present;chartBodyBundled=false;chartPath=2.aff,normal-slot,Toaster,Hanamori Hiro,,,,,,,,,,,2.aff,False
avantraze,144,"{""en"":""Avant Raze""}",0,PST,3,,3,True,rating=3;hidden_until=none;chartDesigner=present;chartBodyBundled=false;chartPath=0.aff,normal-slot,Avant Toast,LAM,,,,,,,,,,,0.aff,False
avantraze,144,"{""en"":""Avant Raze""}",1,PRS,6,,6,True,rating=6;hidden_until=none;chartDesigner=present;chartBodyBundled=false;chartPath=1.aff,normal-slot,Avant Toast,LAM,,,,,,,,,,,1.aff,False
avantraze,144,"{""en"":""Avant Raze""}",2,FTR,9,,9,True,rating=9;hidden_until=none;chartDesigner=present;chartBodyBundled=false;chartPath=2.aff,normal-slot,Avant Toast,LAM,,,,,,,,,,,2.aff,False
battlenoone,145,"{""en"":""BATTLE NO.1""}",0,PST,3,,3,True,rating=3;hidden_until=none;chartDesigner=present;chartBodyBundled=false;chartPath=0.aff,normal-slot,Nitro,Hanamori Hiro,,,,,,,,,,,0.aff,False
battlenoone,145,"{""en"":""BATTLE NO.1""}",1,PRS,6,,6,True,rating=6;hidden_until=none;chartDesigner=present;chartBodyBundled=false;chartPath=1.aff,normal-slot,Nitro,Hanamori Hiro,,,,,,,,,,,1.aff,False
battlenoone,145,"{""en"":""BATTLE NO.1""}",2,FTR,9,True,9+,True,rating=9;hidden_until=none;chartDesigner=present;chartBodyBundled=false;chartPath=2.aff,normal-slot,Arcaea Team,Hanamori Hiro,,,,,,,,,,,2.aff,False
laqryma,146,"{""en"":""La'qryma of the Wasteland""}",0,PST,3,,3,True,rating=3;hidden_until=none;chartDesigner=present;chartBodyBundled=false;chartPath=0.aff,normal-slot,Toaster,和音ハカ,,,,,,,,,,,0.aff,False
laqryma,146,"{""en"":""La'qryma of the Wasteland""}",1,PRS,6,,6,True,rating=6;hidden_until=none;chartDesigner=present;chartBodyBundled=false;chartPath=1.aff,normal-slot,Toaster,和音ハカ,,,,,,,,,,,1.aff,False
laqryma,146,"{""en"":""La'qryma of the Wasteland""}",2,FTR,9,,9,True,rating=9;hidden_until=none;chartDesigner=present;chartBodyBundled=false;chartPath=2.aff,normal-slot,Toaster,和音ハカ,,,,,,,,,,,2.aff,False
laqryma,146,"{""en"":""La'qryma of the Wasteland""}",3,BYD,10,,10,True,rating=10;hidden_until=none;chartDesigner=present;chartBodyBundled=false;chartPath=3.aff,normal-slot,Nitro 「The Forsaken」,和音ハカ,True,,,,,,1625011200,3.6,,,3.aff,False
einherjar,147,"{""en"":""Einherjar Joker""}",0,PST,4,,4,True,rating=4;hidden_until=none;chartDesigner=present;chartBodyBundled=false;chartPath=0.aff,normal-slot,Requiem TaroNuke,すずなし,,,,,,,,,,,0.aff,False
einherjar,147,"{""en"":""Einherjar Joker""}",1,PRS,7,,7,True,rating=7;hidden_until=none;chartDesigner=present;chartBodyBundled=false;chartPath=1.aff,normal-slot,Requiem TaroNuke,すずなし,,,,,,,,,,,1.aff,False
einherjar,147,"{""en"":""Einherjar Joker""}",2,FTR,9,True,9+,True,rating=9;hidden_until=none;chartDesigner=present;chartBodyBundled=false;chartPath=2.aff,normal-slot,Requiem TaroNuke,すずなし,,,,,,,,,,,2.aff,False
einherjar,147,"{""en"":""Einherjar Joker""}",3,BYD,10,True,10+,True,rating=10;hidden_until=difficulty;chartDesigner=present;chartBodyBundled=false;chartPath=3.aff,unlock-gated-slot,~REQUIEM~ 夜浪,すずなし,True,,,,,,1706140805,5.3,,,3.aff,False
izana,148,"{""en"":""IZANA""}",0,PST,5,,5,True,rating=5;hidden_until=none;chartDesigner=present;chartBodyBundled=false;chartPath=0.aff,normal-slot,NITRO,Nagu,,,,,,,,,,,0.aff,False
izana,148,"{""en"":""IZANA""}",1,PRS,8,,8,True,rating=8;hidden_until=none;chartDesigner=present;chartBodyBundled=false;chartPath=1.aff,normal-slot,NITRO,Nagu,,,,,,,,,,,1.aff,False
izana,148,"{""en"":""IZANA""}",2,FTR,10,,10,True,rating=10;hidden_until=none;chartDesigner=present;chartBodyBundled=false;chartPath=2.aff,normal-slot,NITRO,Nagu,,,,,,,,,,,2.aff,False
saikyostronger,149,"{""en"":""SAIKYO STRONGER"",""ja"":""最強STRONGER""}",0,PST,5,,5,True,rating=5;hidden_until=none;chartDesigner=present;chartBodyBundled=false;chartPath=0.aff,normal-slot,最強FUMEN (夜浪 ft. 東星),KEI,,,,,,,,,,,0.aff,False
saikyostronger,149,"{""en"":""SAIKYO STRONGER"",""ja"":""最強STRONGER""}",1,PRS,9,,9,True,rating=9;hidden_until=none;chartDesigner=present;chartBodyBundled=false;chartPath=1.aff,normal-slot,最強FUMEN (夜浪 ft. 東星),KEI,,,,,,,,,,,1.aff,False
saikyostronger,149,"{""en"":""SAIKYO STRONGER"",""ja"":""最強STRONGER""}",2,FTR,11,,11,True,rating=11;hidden_until=none;chartDesigner=present;chartBodyBundled=false;chartPath=2.aff,normal-slot,最強FUMEN (夜浪 ft. 東星),KEI,,,,,,,,,,,2.aff,False
worldexecuteme,150,"{""en"":""world.execute(me);""}",0,PST,3,,3,True,rating=3;hidden_until=none;chartDesigner=present;chartBodyBundled=true;chartPath=0.aff,normal-slot,toaster.chart(this);,そゐち,,,,,,,,,,,0.aff,True
worldexecuteme,150,"{""en"":""world.execute(me);""}",1,PRS,5,,5,True,rating=5;hidden_until=none;chartDesigner=present;chartBodyBundled=true;chartPath=1.aff,normal-slot,toaster.chart(this);,そゐち,,,,,,,,,,,1.aff,True
worldexecuteme,150,"{""en"":""world.execute(me);""}",2,FTR,8,,8,True,rating=8;hidden_until=none;chartDesigner=present;chartBodyBundled=true;chartPath=2.aff,normal-slot,toaster.chart(this);,そゐち,,,,,,,,,,,2.aff,True
blrink,151,"{""en"":""BLRINK""}",0,PST,3,,3,True,rating=3;hidden_until=none;chartDesigner=present;chartBodyBundled=false;chartPath=0.aff,normal-slot,過去の縁,Sta,,,,,,,,,,,0.aff,False
blrink,151,"{""en"":""BLRINK""}",1,PRS,7,True,7+,True,rating=7;hidden_until=none;chartDesigner=present;chartBodyBundled=false;chartPath=1.aff,normal-slot,現在の縁,Sta,,,,,,,,,,,1.aff,False
blrink,151,"{""en"":""BLRINK""}",2,FTR,9,True,9+,True,rating=9;hidden_until=none;chartDesigner=present;chartBodyBundled=false;chartPath=2.aff,normal-slot,未来の縁,Sta,,,,,,,,,,,2.aff,False
oblivia,152,"{""en"":""Oblivia""}",0,PST,3,,3,True,rating=3;hidden_until=none;chartDesigner=present;chartBodyBundled=true;chartPath=0.aff,normal-slot,Toaster,クルエルGZ,,,,,,,,,,,0.aff,True
oblivia,152,"{""en"":""Oblivia""}",1,PRS,5,,5,True,rating=5;hidden_until=none;chartDesigner=present;chartBodyBundled=true;chartPath=1.aff,normal-slot,Toaster,クルエルGZ,,,,,,,,,,,1.aff,True
oblivia,152,"{""en"":""Oblivia""}",2,FTR,8,,8,True,rating=8;hidden_until=none;chartDesigner=present;chartBodyBundled=true;chartPath=2.aff,normal-slot,Toaster,クルエルGZ,,,,,,,,,,,2.aff,True
oblivia,152,"{""en"":""Oblivia""}",3,BYD,9,True,9+,True,rating=9;hidden_until=none;chartDesigner=present;chartBodyBundled=false;chartPath=3.aff,normal-slot,Nitro 「The Forgotten」,クルエルGZ,True,,,,,,1706140802,5.3,,,3.aff,False
amygdata,153,"{""en"":""amygdata""}",0,PST,4,,4,True,rating=4;hidden_until=none;chartDesigner=present;chartBodyBundled=false;chartPath=0.aff,normal-slot,Nitro,久賀フーナ,,,,,,,,,,,0.aff,False
amygdata,153,"{""en"":""amygdata""}",1,PRS,7,,7,True,rating=7;hidden_until=none;chartDesigner=present;chartBodyBundled=false;chartPath=1.aff,normal-slot,Nitro,久賀フーナ,,,,,,,,,,,1.aff,False
amygdata,153,"{""en"":""amygdata""}",2,FTR,9,True,9+,True,rating=9;hidden_until=none;chartDesigner=present;chartBodyBundled=false;chartPath=2.aff,normal-slot,Nitro,久賀フーナ,,,,,,,,,,,2.aff,False
corpssansorganes,154,"{""en"":""corps-sans-organes""}",0,PST,4,,4,True,rating=4;hidden_until=none;chartDesigner=present;chartBodyBundled=false;chartPath=0.aff,normal-slot,夜浪「月食」,softmode,,,,,,,,,,,0.aff,False
corpssansorganes,154,"{""en"":""corps-sans-organes""}",1,PRS,7,True,7+,True,rating=7;hidden_until=none;chartDesigner=present;chartBodyBundled=false;chartPath=1.aff,normal-slot,夜浪「月食」,softmode,,,,,,,,,,,1.aff,False
corpssansorganes,154,"{""en"":""corps-sans-organes""}",2,FTR,10,,10,True,rating=10;hidden_until=none;chartDesigner=present;chartBodyBundled=false;chartPath=2.aff,normal-slot,夜浪「月食」,softmode,,,,,,,,,,,2.aff,False
equilibrium,155,"{""en"":""Equilibrium""}",0,PST,3,,3,True,rating=3;hidden_until=none;chartDesigner=present;chartBodyBundled=false;chartPath=0.aff,normal-slot,Kurorak,巻羊,,,,,,,,,,,0.aff,False
equilibrium,155,"{""en"":""Equilibrium""}",1,PRS,6,,6,True,rating=6;hidden_until=none;chartDesigner=present;chartBodyBundled=false;chartPath=1.aff,normal-slot,Kurorak,巻羊,,,,,,,,,,,1.aff,False
equilibrium,155,"{""en"":""Equilibrium""}",2,FTR,9,,9,True,rating=9;hidden_until=none;chartDesigner=present;chartBodyBundled=false;chartPath=2.aff,normal-slot,Kurorak,巻羊,,,,,,,,,,,2.aff,False
antagonism,156,"{""en"":""Antagonism""}",0,PST,4,,4,True,rating=4;hidden_until=none;chartDesigner=present;chartBodyBundled=false;chartPath=0.aff,normal-slot,Toaster,リウイチ,,,,,,,,,,,0.aff,False
antagonism,156,"{""en"":""Antagonism""}",1,PRS,7,True,7+,True,rating=7;hidden_until=none;chartDesigner=present;chartBodyBundled=false;chartPath=1.aff,normal-slot,Toaster,リウイチ,,,,,,,,,,,1.aff,False
antagonism,156,"{""en"":""Antagonism""}",2,FTR,9,True,9+,True,rating=9;hidden_until=none;chartDesigner=present;chartBodyBundled=false;chartPath=2.aff,normal-slot,Toaster,リウイチ,,,,,,,,,,,2.aff,False
lostdesire,157,"{""en"":""Lost Desire""}",0,PST,4,,4,True,rating=4;hidden_until=none;chartDesigner=present;chartBodyBundled=false;chartPath=0.aff,normal-slot,Darkest Dream,シエラ,,,,,,,,,,,0.aff,False
lostdesire,157,"{""en"":""Lost Desire""}",1,PRS,7,True,7+,True,rating=7;hidden_until=none;chartDesigner=present;chartBodyBundled=false;chartPath=1.aff,normal-slot,Darkest Dream,シエラ,,,,,,,,,,,1.aff,False
lostdesire,157,"{""en"":""Lost Desire""}",2,FTR,9,True,9+,True,rating=9;hidden_until=none;chartDesigner=present;chartBodyBundled=false;chartPath=2.aff,normal-slot,Darkest Dream,シエラ,,,,,,,,,,,2.aff,False
dantalion,158,"{""en"":""Dantalion""}",0,PST,5,,5,True,rating=5;hidden_until=none;chartDesigner=present;chartBodyBundled=false;chartPath=0.aff,normal-slot,夜浪,Rolua,,,,,,,,,,,0.aff,False
dantalion,158,"{""en"":""Dantalion""}",1,PRS,8,,8,True,rating=8;hidden_until=none;chartDesigner=present;chartBodyBundled=false;chartPath=1.aff,normal-slot,東星,Rolua,,,,,,,,,,,1.aff,False
dantalion,158,"{""en"":""Dantalion""}",2,FTR,10,True,10+,True,rating=10;hidden_until=none;chartDesigner=present;chartBodyBundled=false;chartPath=2.aff,normal-slot,"夜浪 X 東星 ""The Lost""",Rolua,,,,,,,,,,,2.aff,False
ifi,159,"{""en"":""#1f1e33""}",0,PST,5,,5,True,rating=5;hidden_until=none;chartDesigner=present;chartBodyBundled=false;chartPath=0.aff,normal-slot,夜浪,望月けい,,,,,,,,,,,0.aff,False
ifi,159,"{""en"":""#1f1e33""}",1,PRS,9,,9,True,rating=9;hidden_until=none;chartDesigner=present;chartBodyBundled=false;chartPath=1.aff,normal-slot,夜浪,望月けい,,,,,,,,,,,1.aff,False
ifi,159,"{""en"":""#1f1e33""}",2,FTR,11,,11,True,rating=11;hidden_until=none;chartDesigner=present;chartBodyBundled=false;chartPath=2.aff,normal-slot,"夜浪 VS 東星 ""Convergence""",望月けい,,,,,,,,,,,2.aff,False
tempestissimo,160,"{""en"":""Tempestissimo""}",0,PST,7,,7,True,rating=7;hidden_until=none;chartDesigner=present;chartBodyBundled=false;chartPath=0.aff,normal-slot,Prelude - Ouverture,シエラ,,,,,,,,,,,0.aff,False
tempestissimo,160,"{""en"":""Tempestissimo""}",1,PRS,9,,9,True,rating=9;hidden_until=none;chartDesigner=present;chartBodyBundled=false;chartPath=1.aff,normal-slot,Convergence - Intermezzo,シエラ,,,,,,,,,,,1.aff,False
tempestissimo,160,"{""en"":""Tempestissimo""}",2,FTR,10,True,10+,True,rating=10;hidden_until=none;chartDesigner=present;chartBodyBundled=false;chartPath=2.aff,normal-slot,Onslaught - Crescendo,シエラ,,,,,,,,,,,2.aff,False
tempestissimo,160,"{""en"":""Tempestissimo""}",3,BYD,11,,11,True,rating=11;hidden_until=difficulty;chartDesigner=present;chartBodyBundled=false;chartPath=3.aff,unlock-gated-slot,Finale - The Tempest,シエラ,True,,,,,,,,,,3.aff,False
arcahv,161,"{""en"":""Arcahv""}",0,PST,4,,4,True,rating=4;hidden_until=difficulty;chartDesigner=present;chartBodyBundled=true;chartPath=0.aff,unlock-gated-slot,∅,シエラ,,,,,,,,,,,0.aff,True
arcahv,161,"{""en"":""Arcahv""}",1,PRS,7,True,7+,True,rating=7;hidden_until=difficulty;chartDesigner=present;chartBodyBundled=true;chartPath=1.aff,unlock-gated-slot,∅,シエラ,,,,,,,,,,,1.aff,True
arcahv,161,"{""en"":""Arcahv""}",2,FTR,9,True,9+,True,rating=9;hidden_until=difficulty;chartDesigner=present;chartBodyBundled=true;chartPath=2.aff,unlock-gated-slot,∅,シエラ,,,,,,,,,,,2.aff,True
altale,162,"{""en"":""Altale""}",0,PST,2,,2,True,rating=2;hidden_until=none;chartDesigner=present;chartBodyBundled=false;chartPath=0.aff,normal-slot,Kurorak,,,,,,,,,,,,0.aff,False
altale,162,"{""en"":""Altale""}",1,PRS,5,,5,True,rating=5;hidden_until=none;chartDesigner=present;chartBodyBundled=false;chartPath=1.aff,normal-slot,Kurorak,,,,,,,,,,,,1.aff,False
altale,162,"{""en"":""Altale""}",2,FTR,9,True,9+,True,rating=9;hidden_until=none;chartDesigner=present;chartBodyBundled=false;chartPath=2.aff,normal-slot,Kurorak,,,,,,,,,,,,2.aff,False
altale,162,"{""en"":""Altale""}",3,BYD,10,,10,True,rating=10;hidden_until=difficulty;chartDesigner=present;chartBodyBundled=false;chartPath=3.aff,unlock-gated-slot,nora::neko << fantasy,,,,,,,,1745452802,6.4,,,3.aff,False
givemeanightmare,163,"{""en"":""Give Me a Nightmare""}",0,PST,3,,3,True,rating=3;hidden_until=none;chartDesigner=present;chartBodyBundled=false;chartPath=0.aff,normal-slot,CERiNG,mokeo,,,,,,,,,,,0.aff,False
givemeanightmare,163,"{""en"":""Give Me a Nightmare""}",1,PRS,5,,5,True,rating=5;hidden_until=none;chartDesigner=present;chartBodyBundled=false;chartPath=1.aff,normal-slot,CERiNG,mokeo,,,,,,,,,,,1.aff,False
givemeanightmare,163,"{""en"":""Give Me a Nightmare""}",2,FTR,8,True,8+,True,rating=8;hidden_until=none;chartDesigner=present;chartBodyBundled=false;chartPath=2.aff,normal-slot,CERiNG,mokeo,,,,,,,,,,,2.aff,False
blacklotus,164,"{""en"":""Black Lotus""}",0,PST,3,,3,True,rating=3;hidden_until=none;chartDesigner=present;chartBodyBundled=false;chartPath=0.aff,normal-slot,Exschwasion,百舌谷,,,,,,,,,,,0.aff,False
blacklotus,164,"{""en"":""Black Lotus""}",1,PRS,6,,6,True,rating=6;hidden_until=none;chartDesigner=present;chartBodyBundled=false;chartPath=1.aff,normal-slot,Exschwasion,百舌谷,,,,,,,,,,,1.aff,False
blacklotus,164,"{""en"":""Black Lotus""}",2,FTR,9,True,9+,True,rating=9;hidden_until=none;chartDesigner=present;chartBodyBundled=false;chartPath=2.aff,normal-slot,Exschwasion,百舌谷,,,,,,,,,,,2.aff,False
gekka,165,"{""en"":""Gekka (Short Version)""}",0,PST,4,,4,True,rating=4;hidden_until=none;chartDesigner=present;chartBodyBundled=false;chartPath=0.aff,normal-slot,Nitro,SoU,,,,,,,,,,,0.aff,False
gekka,165,"{""en"":""Gekka (Short Version)""}",1,PRS,6,,6,True,rating=6;hidden_until=none;chartDesigner=present;chartBodyBundled=false;chartPath=1.aff,normal-slot,Nitro,SoU,,,,,,,,,,,1.aff,False
gekka,165,"{""en"":""Gekka (Short Version)""}",2,FTR,8,,8,True,rating=8;hidden_until=none;chartDesigner=present;chartBodyBundled=false;chartPath=2.aff,normal-slot,Nitro,SoU,,,,,,,,,,,2.aff,False
vividtheory,166,"{""en"":""Vivid Theory""}",0,PST,2,,2,True,rating=2;hidden_until=none;chartDesigner=present;chartBodyBundled=false;chartPath=0.aff,normal-slot,TaroNuke,Mechari,,,,,,,,,,,0.aff,False
vividtheory,166,"{""en"":""Vivid Theory""}",1,PRS,5,,5,True,rating=5;hidden_until=none;chartDesigner=present;chartBodyBundled=false;chartPath=1.aff,normal-slot,TaroNuke,Mechari,,,,,,,,,,,1.aff,False
vividtheory,166,"{""en"":""Vivid Theory""}",2,FTR,8,True,8+,True,rating=8;hidden_until=none;chartDesigner=present;chartBodyBundled=false;chartPath=2.aff,normal-slot,TaroNuke,Mechari,,,,,,,,,,,2.aff,False
onefr,167,"{""en"":""1F√""}",0,PST,2,,2,True,rating=2;hidden_until=none;chartDesigner=present;chartBodyBundled=false;chartPath=0.aff,normal-slot,Nitro,terry & nakanome,,,,,,,,,,,0.aff,False
onefr,167,"{""en"":""1F√""}",1,PRS,6,,6,True,rating=6;hidden_until=none;chartDesigner=present;chartBodyBundled=false;chartPath=1.aff,normal-slot,Nitro,terry & nakanome,,,,,,,,,,,1.aff,False
onefr,167,"{""en"":""1F√""}",2,FTR,8,,8,True,rating=8;hidden_until=none;chartDesigner=present;chartBodyBundled=false;chartPath=2.aff,normal-slot,Nitro,terry & nakanome,,,,,,,,,,,2.aff,False
scarletcage,168,"{""en"":""Scarlet Cage""}",0,PST,4,,4,True,rating=4;hidden_until=none;chartDesigner=present;chartBodyBundled=false;chartPath=0.aff,normal-slot,赤Nitro,未早,,,,,,,,,,,0.aff,False
scarletcage,168,"{""en"":""Scarlet Cage""}",1,PRS,7,,7,True,rating=7;hidden_until=none;chartDesigner=present;chartBodyBundled=false;chartPath=1.aff,normal-slot,赤Nitro,未早,,,,,,,,,,,1.aff,False
scarletcage,168,"{""en"":""Scarlet Cage""}",2,FTR,9,True,9+,True,rating=9;hidden_until=none;chartDesigner=present;chartBodyBundled=false;chartPath=2.aff,normal-slot,赤Nitro,未早,,,,,,,,,,,2.aff,False
faintlight,169,"{""en"":""Faint Light (Arcaea Edit)""}",0,PST,3,,3,True,rating=3;hidden_until=none;chartDesigner=present;chartBodyBundled=false;chartPath=0.aff,normal-slot,Nitro,SoU,,,,,,,,,,,0.aff,False
faintlight,169,"{""en"":""Faint Light (Arcaea Edit)""}",1,PRS,6,,6,True,rating=6;hidden_until=none;chartDesigner=present;chartBodyBundled=false;chartPath=1.aff,normal-slot,Nitro,SoU,,,,,,,,,,,1.aff,False
faintlight,169,"{""en"":""Faint Light (Arcaea Edit)""}",2,FTR,9,,9,True,rating=9;hidden_until=none;chartDesigner=present;chartBodyBundled=false;chartPath=2.aff,normal-slot,Nitro,SoU,,,,,,,,,,,2.aff,False
feelssoright,170,"{""en"":""Feels So Right feat. Renko""}",0,PST,3,,3,True,rating=3;hidden_until=none;chartDesigner=present;chartBodyBundled=false;chartPath=0.aff,normal-slot,Toaster,DJ Poyoshi,,,,,,,,,,,0.aff,False
feelssoright,170,"{""en"":""Feels So Right feat. Renko""}",1,PRS,6,,6,True,rating=6;hidden_until=none;chartDesigner=present;chartBodyBundled=false;chartPath=1.aff,normal-slot,Toaster,DJ Poyoshi,,,,,,,,,,,1.aff,False
feelssoright,170,"{""en"":""Feels So Right feat. Renko""}",2,FTR,9,,9,True,rating=9;hidden_until=none;chartDesigner=present;chartBodyBundled=false;chartPath=2.aff,normal-slot,Toaster,DJ Poyoshi,,,,,,,,,,,2.aff,False
teriqma,171,"{""en"":""Teriqma""}",0,PST,3,,3,True,rating=3;hidden_until=none;chartDesigner=present;chartBodyBundled=false;chartPath=0.aff,normal-slot,Nitro,,,,,,,,,,,,0.aff,False
teriqma,171,"{""en"":""Teriqma""}",1,PRS,6,,6,True,rating=6;hidden_until=none;chartDesigner=present;chartBodyBundled=false;chartPath=1.aff,normal-slot,Nitro,,,,,,,,,,,,1.aff,False
teriqma,171,"{""en"":""Teriqma""}",2,FTR,9,,9,True,rating=9;hidden_until=none;chartDesigner=present;chartBodyBundled=false;chartPath=2.aff,normal-slot,Nitro,,,,,,,,,,,,2.aff,False
teriqma,171,"{""en"":""Teriqma""}",3,BYD,9,True,9+,True,rating=9;hidden_until=none;chartDesigner=present;chartBodyBundled=false;chartPath=3.aff,normal-slot,én 200716,,,,,,,,1679529600,4.4,,,3.aff,False
mahoroba,172,"{""en"":""MAHOROBA""}",0,PST,3,,3,True,rating=3;hidden_until=none;chartDesigner=present;chartBodyBundled=false;chartPath=0.aff,normal-slot,Nitro,そゐち,,,,,,,,,,,0.aff,False
mahoroba,172,"{""en"":""MAHOROBA""}",1,PRS,6,,6,True,rating=6;hidden_until=none;chartDesigner=present;chartBodyBundled=false;chartPath=1.aff,normal-slot,Nitro,そゐち,,,,,,,,,,,1.aff,False
mahoroba,172,"{""en"":""MAHOROBA""}",2,FTR,9,,9,True,rating=9;hidden_until=none;chartDesigner=present;chartBodyBundled=false;chartPath=2.aff,normal-slot,TaroNuke + Nitro,そゐち,,,,,,,,,,,2.aff,False
badtek,173,"{""en"":""BADTEK""}",0,PST,4,,4,True,rating=4;hidden_until=none;chartDesigner=present;chartBodyBundled=false;chartPath=0.aff,normal-slot,Toaster,トロ３,,,,,,,,,,,0.aff,False
badtek,173,"{""en"":""BADTEK""}",1,PRS,7,,7,True,rating=7;hidden_until=none;chartDesigner=present;chartBodyBundled=false;chartPath=1.aff,normal-slot,Toaster,トロ３,,,,,,,,,,,1.aff,False
badtek,173,"{""en"":""BADTEK""}",2,FTR,9,True,9+,True,rating=9;hidden_until=none;chartDesigner=present;chartBodyBundled=false;chartPath=2.aff,normal-slot,BADTOAST ft. Kurorak,トロ３,,,,,,,,,,,2.aff,False
maliciousmischance,174,"{""en"":""Malicious Mischance""}",0,PST,4,,4,True,rating=4;hidden_until=none;chartDesigner=present;chartBodyBundled=false;chartPath=0.aff,normal-slot,×NITRO×,nonokuro,,,,,,,,,,,0.aff,False
maliciousmischance,174,"{""en"":""Malicious Mischance""}",1,PRS,7,True,7+,True,rating=7;hidden_until=none;chartDesigner=present;chartBodyBundled=false;chartPath=1.aff,normal-slot,×NITRO×,nonokuro,,,,,,,,,,,1.aff,False
maliciousmischance,174,"{""en"":""Malicious Mischance""}",2,FTR,10,,10,True,rating=10;hidden_until=none;chartDesigner=present;chartBodyBundled=false;chartPath=2.aff,normal-slot,×NITRO×,nonokuro,,,,,,,,,,,2.aff,False
gothiveofra,175,"{""en"":""Got hive of Ra""}",0,PST,3,,3,True,rating=3;hidden_until=none;chartDesigner=present;chartBodyBundled=false;chartPath=0.aff,normal-slot,Groove Nitro,,,,,,,,,,,,0.aff,False
gothiveofra,175,"{""en"":""Got hive of Ra""}",1,PRS,6,,6,True,rating=6;hidden_until=none;chartDesigner=present;chartBodyBundled=false;chartPath=1.aff,normal-slot,Groove Nitro,,,,,,,,,,,,1.aff,False
gothiveofra,175,"{""en"":""Got hive of Ra""}",2,FTR,9,True,9+,True,rating=9;hidden_until=none;chartDesigner=present;chartBodyBundled=false;chartPath=2.aff,normal-slot,Groove Nitro,,,,,,,,,,,,2.aff,False
buchigireberserker,176,"{""en"":""BUCHiGiRE Berserker""}",0,PST,5,,5,True,rating=5;hidden_until=none;chartDesigner=present;chartBodyBundled=false;chartPath=0.aff,normal-slot,夜浪,,,,,,,,,,,,0.aff,False
buchigireberserker,176,"{""en"":""BUCHiGiRE Berserker""}",1,PRS,8,,8,True,rating=8;hidden_until=none;chartDesigner=present;chartBodyBundled=false;chartPath=1.aff,normal-slot,夜浪,,,,,,,,,,,,1.aff,False
buchigireberserker,176,"{""en"":""BUCHiGiRE Berserker""}",2,FTR,10,True,10+,True,rating=10;hidden_until=none;chartDesigner=present;chartBodyBundled=false;chartPath=2.aff,normal-slot,東星 vs 夜浪 《BERSERK》,,,,,,,,,,,,2.aff,False
galaxyfriends,177,"{""en"":""Galaxy Friends""}",0,PST,3,,3,True,rating=3;hidden_until=none;chartDesigner=present;chartBodyBundled=false;chartPath=0.aff,normal-slot,Nitrome X,,,,,,,,,,,,0.aff,False
galaxyfriends,177,"{""en"":""Galaxy Friends""}",1,PRS,6,,6,True,rating=6;hidden_until=none;chartDesigner=present;chartBodyBundled=false;chartPath=1.aff,normal-slot,Nitrome X,,,,,,,,,,,,1.aff,False
galaxyfriends,177,"{""en"":""Galaxy Friends""}",2,FTR,9,True,9+,True,rating=9;hidden_until=none;chartDesigner=present;chartBodyBundled=false;chartPath=2.aff,normal-slot,Nitrome X,,,,,,,,,,,,2.aff,False
crossover,178,"{""en"":""CROSS†OVER""}",0,PST,4,,4,True,rating=4;hidden_until=none;chartDesigner=present;chartBodyBundled=false;chartPath=0.aff,normal-slot,Exschwasion,Aremos,,,,,,,,,,,0.aff,False
crossover,178,"{""en"":""CROSS†OVER""}",1,PRS,6,,6,True,rating=6;hidden_until=none;chartDesigner=present;chartBodyBundled=false;chartPath=1.aff,normal-slot,Exschwasion,Aremos,,,,,,,,,,,1.aff,False
crossover,178,"{""en"":""CROSS†OVER""}",2,FTR,9,,9,True,rating=9;hidden_until=none;chartDesigner=present;chartBodyBundled=false;chartPath=2.aff,normal-slot,Exschwasion,Aremos,,,,,,,,,,,2.aff,False
xeraphinite,179,"{""en"":""Xeraphinite""}",0,PST,3,,3,True,rating=3;hidden_until=none;chartDesigner=present;chartBodyBundled=false;chartPath=0.aff,normal-slot,東星※空の宝石,シエラ,,,,,,,,,,,0.aff,False
xeraphinite,179,"{""en"":""Xeraphinite""}",1,PRS,7,,7,True,rating=7;hidden_until=none;chartDesigner=present;chartBodyBundled=false;chartPath=1.aff,normal-slot,東星※空の宝石,シエラ,,,,,,,,,,,1.aff,False
xeraphinite,179,"{""en"":""Xeraphinite""}",2,FTR,9,True,9+,True,rating=9;hidden_until=none;chartDesigner=present;chartBodyBundled=false;chartPath=2.aff,normal-slot,東星※空の宝石,シエラ,,,,,,,,,,,2.aff,False
lapis,180,"{""en"":""Lapis""}",0,PST,2,,2,True,rating=2;hidden_until=none;chartDesigner=present;chartBodyBundled=false;chartPath=0.aff,normal-slot,CERiNG,Khronetic,,,,,,,,,,,0.aff,False
lapis,180,"{""en"":""Lapis""}",1,PRS,6,,6,True,rating=6;hidden_until=none;chartDesigner=present;chartBodyBundled=false;chartPath=1.aff,normal-slot,CERiNG,Khronetic,,,,,,,,,,,1.aff,False
lapis,180,"{""en"":""Lapis""}",2,FTR,9,,9,True,rating=9;hidden_until=none;chartDesigner=present;chartBodyBundled=false;chartPath=2.aff,normal-slot,CERiNG,Khronetic,,,,,,,,,,,2.aff,False
xanatos,181,"{""en"":""Xanatos""}",0,PST,4,,4,True,rating=4;hidden_until=none;chartDesigner=present;chartBodyBundled=false;chartPath=0.aff,normal-slot,XERiNG,クリス,,,,,,,,,,,0.aff,False
xanatos,181,"{""en"":""Xanatos""}",1,PRS,7,,7,True,rating=7;hidden_until=none;chartDesigner=present;chartBodyBundled=false;chartPath=1.aff,normal-slot,eXschwasion,クリス,,,,,,,,,,,1.aff,False
xanatos,181,"{""en"":""Xanatos""}",2,FTR,10,,10,True,rating=10;hidden_until=none;chartDesigner=present;chartBodyBundled=false;chartPath=2.aff,normal-slot,XERiNG × eXschwasion × NitromeX,クリス,,,,,,,,,,,2.aff,False
purpleverse,182,"{""en"":""Purple Verse""}",0,PST,4,,4,True,rating=4;hidden_until=none;chartDesigner=present;chartBodyBundled=false;chartPath=0.aff,normal-slot,Exschwasion,HakureiNeko,,,,,,,,,,,0.aff,False
purpleverse,182,"{""en"":""Purple Verse""}",1,PRS,7,,7,True,rating=7;hidden_until=none;chartDesigner=present;chartBodyBundled=false;chartPath=1.aff,normal-slot,Exschwasion,HakureiNeko,,,,,,,,,,,1.aff,False
purpleverse,182,"{""en"":""Purple Verse""}",2,FTR,9,,9,True,rating=9;hidden_until=none;chartDesigner=present;chartBodyBundled=false;chartPath=2.aff,normal-slot,Exschwasion,HakureiNeko,,,,,,,,,,,2.aff,False
purpleverse,182,"{""en"":""Purple Verse""}",3,BYD,10,,10,True,rating=10;hidden_until=difficulty;chartDesigner=present;chartBodyBundled=false;chartPath=3.aff,unlock-gated-slot,/ERROR/ 絶滅,HakureiNeko,True,,,,,,1706140804,5.3,,,3.aff,False
alicealamode,183,"{""en"":""Alice à la mode"",""ko"":""Alice a la mode""}",0,PST,2,,2,True,rating=2;hidden_until=none;chartDesigner=present;chartBodyBundled=false;chartPath=0.aff,normal-slot,Toaster,シエラ,,,,,,,,,,,0.aff,False
alicealamode,183,"{""en"":""Alice à la mode"",""ko"":""Alice a la mode""}",1,PRS,6,,6,True,rating=6;hidden_until=none;chartDesigner=present;chartBodyBundled=false;chartPath=1.aff,normal-slot,Toaster,シエラ,,,,,,,,,,,1.aff,False
alicealamode,183,"{""en"":""Alice à la mode"",""ko"":""Alice a la mode""}",2,FTR,9,,9,True,rating=9;hidden_until=none;chartDesigner=present;chartBodyBundled=false;chartPath=2.aff,normal-slot,Toaster,シエラ,,,,,,,,,,,2.aff,False
eccentrictale,184,"{""en"":""Eccentric Tale""}",0,PST,2,,2,True,rating=2;hidden_until=none;chartDesigner=present;chartBodyBundled=false;chartPath=0.aff,normal-slot,Nitro,シエラ,,,,,,,,,,,0.aff,False
eccentrictale,184,"{""en"":""Eccentric Tale""}",1,PRS,5,,5,True,rating=5;hidden_until=none;chartDesigner=present;chartBodyBundled=false;chartPath=1.aff,normal-slot,Nitro,シエラ,,,,,,,,,,,1.aff,False
eccentrictale,184,"{""en"":""Eccentric Tale""}",2,FTR,8,,8,True,rating=8;hidden_until=none;chartDesigner=present;chartBodyBundled=false;chartPath=2.aff,normal-slot,Nitro,シエラ,,,,,,,,,,,2.aff,False
eccentrictale,184,"{""en"":""Eccentric Tale""}",3,BYD,9,True,9+,True,rating=9;hidden_until=none;chartDesigner=present;chartBodyBundled=false;chartPath=3.aff,normal-slot,Nitro「The Aberrant」,シエラ + Khronetic,True,,,,,,1773014400,6.13,,,3.aff,False
alicessuitcase,185,"{""en"":""Alice's Suitcase""}",0,PST,3,,3,True,rating=3;hidden_until=none;chartDesigner=present;chartBodyBundled=false;chartPath=0.aff,normal-slot,Kurorak,にんにくましまし,,,,,,,,,,,0.aff,False
alicessuitcase,185,"{""en"":""Alice's Suitcase""}",1,PRS,6,,6,True,rating=6;hidden_until=none;chartDesigner=present;chartBodyBundled=false;chartPath=1.aff,normal-slot,Kurorak,にんにくましまし,,,,,,,,,,,1.aff,False
alicessuitcase,185,"{""en"":""Alice's Suitcase""}",2,FTR,9,,9,True,rating=9;hidden_until=none;chartDesigner=present;chartBodyBundled=false;chartPath=2.aff,normal-slot,Kurorak,にんにくましまし,,,,,,,,,,,2.aff,False
jump,186,"{""en"":""Jump""}",0,PST,4,,4,True,rating=4;hidden_until=none;chartDesigner=present;chartBodyBundled=false;chartPath=0.aff,normal-slot,Nitroだー！,あるみっく,,,,,,,,,,,0.aff,False
jump,186,"{""en"":""Jump""}",1,PRS,6,,6,True,rating=6;hidden_until=none;chartDesigner=present;chartBodyBundled=false;chartPath=1.aff,normal-slot,Nitroだー！,あるみっく,,,,,,,,,,,1.aff,False
jump,186,"{""en"":""Jump""}",2,FTR,9,,9,True,rating=9;hidden_until=none;chartDesigner=present;chartBodyBundled=false;chartPath=2.aff,normal-slot,Nitroだー！,あるみっく,,,,,,,,,,,2.aff,False
felis,187,"{""en"":""Felis""}",0,PST,4,,4,True,rating=4;hidden_until=none;chartDesigner=present;chartBodyBundled=false;chartPath=0.aff,normal-slot,東星,シエラ,,,,,,,,,,,0.aff,False
felis,187,"{""en"":""Felis""}",1,PRS,7,,7,True,rating=7;hidden_until=none;chartDesigner=present;chartBodyBundled=false;chartPath=1.aff,normal-slot,東星,シエラ,,,,,,,,,,,1.aff,False
felis,187,"{""en"":""Felis""}",2,FTR,10,,10,True,rating=10;hidden_until=none;chartDesigner=present;chartBodyBundled=false;chartPath=2.aff,normal-slot,東星,シエラ,,,,,,,,,,,2.aff,False
besideyou,188,"{""en"":""Beside You""}",0,PST,2,,2,True,rating=2;hidden_until=none;chartDesigner=present;chartBodyBundled=false;chartPath=0.aff,normal-slot,CERiNG,にもし,,,,,,,,,,,0.aff,False
besideyou,188,"{""en"":""Beside You""}",1,PRS,6,,6,True,rating=6;hidden_until=none;chartDesigner=present;chartBodyBundled=false;chartPath=1.aff,normal-slot,CERiNG,にもし,,,,,,,,,,,1.aff,False
besideyou,188,"{""en"":""Beside You""}",2,FTR,8,True,8+,True,rating=8;hidden_until=none;chartDesigner=present;chartBodyBundled=false;chartPath=2.aff,normal-slot,CERiNG,にもし,,,,,,,,,,,2.aff,False
heartjackin,189,"{""en"":""Heart Jackin'""}",0,PST,3,,3,True,rating=3;hidden_until=none;chartDesigner=present;chartBodyBundled=false;chartPath=0.aff,normal-slot,TaroNuke + Nitro,mins,,,,,,,,,,,0.aff,False
heartjackin,189,"{""en"":""Heart Jackin'""}",1,PRS,5,,5,True,rating=5;hidden_until=none;chartDesigner=present;chartBodyBundled=false;chartPath=1.aff,normal-slot,TaroNuke + Nitro,mins,,,,,,,,,,,1.aff,False
heartjackin,189,"{""en"":""Heart Jackin'""}",2,FTR,9,True,9+,True,rating=9;hidden_until=none;chartDesigner=present;chartBodyBundled=false;chartPath=2.aff,normal-slot,TaroNuke + Nitro,mins,,,,,,,,,,,2.aff,False
toaliceliddell,190,"{""en"":""To: Alice Liddell"",""ja"":""アリス・リデルに捧ぐ""}",0,PST,4,,4,True,rating=4;hidden_until=none;chartDesigner=present;chartBodyBundled=false;chartPath=0.aff,normal-slot,"Yours Sincerely, 夜浪",みきさい + Khronetic,,,,,,,,,,,0.aff,False
toaliceliddell,190,"{""en"":""To: Alice Liddell"",""ja"":""アリス・リデルに捧ぐ""}",1,PRS,7,,7,True,rating=7;hidden_until=none;chartDesigner=present;chartBodyBundled=false;chartPath=1.aff,normal-slot,"Yours Sincerely, 夜浪",みきさい + Khronetic,,,,,,,,,,,1.aff,False
toaliceliddell,190,"{""en"":""To: Alice Liddell"",""ja"":""アリス・リデルに捧ぐ""}",2,FTR,10,,10,True,rating=10;hidden_until=none;chartDesigner=present;chartBodyBundled=false;chartPath=2.aff,normal-slot,"Yours Sincerely, 夜浪",みきさい + Khronetic,,,,,,,,,,,2.aff,False
lazyaddiction,191,"{""en"":""Lazy Addiction""}",0,PST,2,,2,True,rating=2;hidden_until=none;chartDesigner=present;chartBodyBundled=false;chartPath=0.aff,normal-slot,Nitro without Toaster.,,,,,,,,,,,,0.aff,False
lazyaddiction,191,"{""en"":""Lazy Addiction""}",1,PRS,6,,6,True,rating=6;hidden_until=none;chartDesigner=present;chartBodyBundled=false;chartPath=1.aff,normal-slot,Nitro without Toaster.,,,,,,,,,,,,1.aff,False
lazyaddiction,191,"{""en"":""Lazy Addiction""}",2,FTR,9,,9,True,rating=9;hidden_until=none;chartDesigner=present;chartBodyBundled=false;chartPath=2.aff,normal-slot,Nitro without Toaster.,,,,,,,,,,,,2.aff,False
dazzlehop,192,"{""en"":""Dazzle hop""}",0,PST,3,,3,True,rating=3;hidden_until=none;chartDesigner=present;chartBodyBundled=false;chartPath=0.aff,normal-slot,Kuro rak,,,,,,,,,,,,0.aff,False
dazzlehop,192,"{""en"":""Dazzle hop""}",1,PRS,6,,6,True,rating=6;hidden_until=none;chartDesigner=present;chartBodyBundled=false;chartPath=1.aff,normal-slot,Kuro rak,,,,,,,,,,,,1.aff,False
dazzlehop,192,"{""en"":""Dazzle hop""}",2,FTR,9,True,9+,True,rating=9;hidden_until=none;chartDesigner=present;chartBodyBundled=false;chartPath=2.aff,normal-slot,Kuro rak,,,,,,,,,,,,2.aff,False
viyellastears,193,"{""en"":""Viyella's Tears""}",0,PST,4,,4,True,rating=4;hidden_until=none;chartDesigner=present;chartBodyBundled=false;chartPath=0.aff,normal-slot,東星の涙,,,,,,,,,,,,0.aff,False
viyellastears,193,"{""en"":""Viyella's Tears""}",1,PRS,7,True,7+,True,rating=7;hidden_until=none;chartDesigner=present;chartBodyBundled=false;chartPath=1.aff,normal-slot,東星の涙,,,,,,,,,,,,1.aff,False
viyellastears,193,"{""en"":""Viyella's Tears""}",2,FTR,10,,10,True,rating=10;hidden_until=none;chartDesigner=present;chartBodyBundled=false;chartPath=2.aff,normal-slot,東星の涙,,,,,,,,,,,,2.aff,False
omegafour,194,"{""en"":""ω4"",""zh-Hant"":""w4"",""zh-Hans"":""w4""}",0,PST,3,,3,True,rating=3;hidden_until=none;chartDesigner=present;chartBodyBundled=false;chartPath=0.aff,normal-slot,τ0,,,,,,,,,,,,0.aff,False
omegafour,194,"{""en"":""ω4"",""zh-Hant"":""w4"",""zh-Hans"":""w4""}",1,PRS,7,True,7+,True,rating=7;hidden_until=none;chartDesigner=present;chartBodyBundled=false;chartPath=1.aff,normal-slot,τ0,,,,,,,,,,,,1.aff,False
omegafour,194,"{""en"":""ω4"",""zh-Hant"":""w4"",""zh-Hans"":""w4""}",2,FTR,10,True,10+,True,rating=10;hidden_until=none;chartDesigner=present;chartBodyBundled=false;chartPath=2.aff,normal-slot,τ0,,,,,,,,,,,,2.aff,False
aprilshowers,195,"{""en"":""April showers"",""ja"":""四月の雨""}",0,PST,2,,2,True,rating=2;hidden_until=none;chartDesigner=present;chartBodyBundled=false;chartPath=0.aff,normal-slot,Nitro-100号,,,,,,,,,,,,0.aff,False
aprilshowers,195,"{""en"":""April showers"",""ja"":""四月の雨""}",1,PRS,5,,5,True,rating=5;hidden_until=none;chartDesigner=present;chartBodyBundled=false;chartPath=1.aff,normal-slot,Nitro-100号,,,,,,,,,,,,1.aff,False
aprilshowers,195,"{""en"":""April showers"",""ja"":""四月の雨""}",2,FTR,8,,8,True,rating=8;hidden_until=none;chartDesigner=present;chartBodyBundled=false;chartPath=2.aff,normal-slot,Nitro-100号,,,,,,,,,,,,2.aff,False
seventhsense,196,"{""en"":""7thSense""}",0,PST,3,,3,True,rating=3;hidden_until=none;chartDesigner=present;chartBodyBundled=false;chartPath=0.aff,normal-slot,石樂,,,,,,,,,,,,0.aff,False
seventhsense,196,"{""en"":""7thSense""}",1,PRS,7,True,7+,True,rating=7;hidden_until=none;chartDesigner=present;chartBodyBundled=false;chartPath=1.aff,normal-slot,石樂,,,,,,,,,,,,1.aff,False
seventhsense,196,"{""en"":""7thSense""}",2,FTR,9,True,9+,True,rating=9;hidden_until=none;chartDesigner=present;chartBodyBundled=false;chartPath=2.aff,normal-slot,石樂,,,,,,,,,,,,2.aff,False
oshamascramble,197,"{""en"":""Oshama Scramble!""}",0,PST,3,,3,True,rating=3;hidden_until=none;chartDesigner=present;chartBodyBundled=false;chartPath=0.aff,normal-slot,Nitro!+9牛乳,,,,,,,,,,,,0.aff,False
oshamascramble,197,"{""en"":""Oshama Scramble!""}",1,PRS,6,,6,True,rating=6;hidden_until=none;chartDesigner=present;chartBodyBundled=false;chartPath=1.aff,normal-slot,Nitro!+99牛乳,,,,,,,,,,,,1.aff,False
oshamascramble,197,"{""en"":""Oshama Scramble!""}",2,FTR,10,,10,True,rating=10;hidden_until=none;chartDesigner=present;chartBodyBundled=false;chartPath=2.aff,normal-slot,Nitro!+999牛乳,,,,,,,,,,,,2.aff,False
amazingmightyyyy,198,"{""en"":""AMAZING MIGHTYYYY!!!!""}",0,PST,4,,4,True,rating=4;hidden_until=none;chartDesigner=present;chartBodyBundled=false;chartPath=0.aff,normal-slot,AMAZING TOASTYYYY!!!!,,,,,,,,,,,,0.aff,False
amazingmightyyyy,198,"{""en"":""AMAZING MIGHTYYYY!!!!""}",1,PRS,7,True,7+,True,rating=7;hidden_until=none;chartDesigner=present;chartBodyBundled=false;chartPath=1.aff,normal-slot,AMAZING TOASTYYYY!!!!,,,,,,,,,,,,1.aff,False
amazingmightyyyy,198,"{""en"":""AMAZING MIGHTYYYY!!!!""}",2,FTR,10,True,10+,True,rating=10;hidden_until=none;chartDesigner=present;chartBodyBundled=false;chartPath=2.aff,normal-slot,AMAZING TOASTYYYY!!!!,,,,,,,,,,,,2.aff,False
climax,199,"{""en"":""Climax""}",0,PST,4,,4,True,rating=4;hidden_until=none;chartDesigner=present;chartBodyBundled=false;chartPath=0.aff,normal-slot,Nitro -EXTRA ROUND-,,,,,,,,,,,,0.aff,False
climax,199,"{""en"":""Climax""}",1,PRS,7,True,7+,True,rating=7;hidden_until=none;chartDesigner=present;chartBodyBundled=false;chartPath=1.aff,normal-slot,Nitro -EXTRA ROUND-,,,,,,,,,,,,1.aff,False
climax,199,"{""en"":""Climax""}",2,FTR,10,,10,True,rating=10;hidden_until=none;chartDesigner=present;chartBodyBundled=false;chartPath=2.aff,normal-slot,Nitro -EXTRA ROUND-,,,,,,,,,,,,2.aff,False
lastcelebration,200,"{""en"":""Last Celebration""}",0,PST,3,,3,True,rating=3;hidden_until=none;chartDesigner=present;chartBodyBundled=false;chartPath=0.aff,normal-slot,Nitro affected by 'CHUNITHM',,,,,,,,,,,,0.aff,False
lastcelebration,200,"{""en"":""Last Celebration""}",1,PRS,6,,6,True,rating=6;hidden_until=none;chartDesigner=present;chartBodyBundled=false;chartPath=1.aff,normal-slot,Nitro affected by 'CHUNITHM',,,,,,,,,,,,1.aff,False
lastcelebration,200,"{""en"":""Last Celebration""}",2,FTR,10,,10,True,rating=10;hidden_until=none;chartDesigner=present;chartBodyBundled=false;chartPath=2.aff,normal-slot,Nitro affected by 'CHUNITHM',,,,,,,,,,,,2.aff,False
gou,201,"{""en"":""Misdeed -la bonté de Dieu et l'origine du mal-"",""ko_dialog"":""Misdeed -la bonte de Dieu et l'origine du mal-"",""ja"":""業 -善なる神とこの世の悪について-""}",0,PST,5,,5,True,rating=5;hidden_until=none;chartDesigner=present;chartBodyBundled=false;chartPath=0.aff,normal-slot,神の啓示「人類の限界」,,,,,,,,,,,,0.aff,False
gou,201,"{""en"":""Misdeed -la bonté de Dieu et l'origine du mal-"",""ko_dialog"":""Misdeed -la bonte de Dieu et l'origine du mal-"",""ja"":""業 -善なる神とこの世の悪について-""}",1,PRS,8,,8,True,rating=8;hidden_until=none;chartDesigner=present;chartBodyBundled=false;chartPath=1.aff,normal-slot,神の啓示「人類の希望」,,,,,,,,,,,,1.aff,False
gou,201,"{""en"":""Misdeed -la bonté de Dieu et l'origine du mal-"",""ko_dialog"":""Misdeed -la bonte de Dieu et l'origine du mal-"",""ja"":""業 -善なる神とこの世の悪について-""}",2,FTR,10,True,10+,True,rating=10;hidden_until=none;chartDesigner=present;chartBodyBundled=false;chartPath=2.aff,normal-slot,神の啓示「人類の未来」,,,,,,,,,,,,2.aff,False
glow,202,"{""en"":""Glow""}",0,PST,4,,4,True,rating=4;hidden_until=none;chartDesigner=present;chartBodyBundled=false;chartPath=0.aff,normal-slot,Exschwasion,Taiyo Yamamoto,,,,,,,,,,,0.aff,False
glow,202,"{""en"":""Glow""}",1,PRS,7,,7,True,rating=7;hidden_until=none;chartDesigner=present;chartBodyBundled=false;chartPath=1.aff,normal-slot,Exschwasion,Taiyo Yamamoto,,,,,,,,,,,1.aff,False
glow,202,"{""en"":""Glow""}",2,FTR,9,,9,True,rating=9;hidden_until=none;chartDesigner=present;chartBodyBundled=false;chartPath=2.aff,normal-slot,Exschwasion,Taiyo Yamamoto,,,,,,,,,,,2.aff,False
attraqtia,203,"{""en"":""AttraqtiA""}",0,PST,4,,4,True,rating=4;hidden_until=none;chartDesigner=present;chartBodyBundled=false;chartPath=0.aff,normal-slot,Toaster affected by 'CHUNITHM',Enji,,,,,,,,,,,0.aff,False
attraqtia,203,"{""en"":""AttraqtiA""}",1,PRS,8,,8,True,rating=8;hidden_until=none;chartDesigner=present;chartBodyBundled=false;chartPath=1.aff,normal-slot,Toaster affected by 'CHUNITHM',Enji,,,,,,,,,,,1.aff,False
attraqtia,203,"{""en"":""AttraqtiA""}",2,FTR,10,,10,True,rating=10;hidden_until=none;chartDesigner=present;chartBodyBundled=false;chartPath=2.aff,normal-slot,Toaster affected by 'CHUNITHM',Enji,,,,,,,,,,,2.aff,False
enchantedlove,204,"{""en"":""enchanted love""}",0,PST,2,,2,True,rating=2;hidden_until=none;chartDesigner=present;chartBodyBundled=false;chartPath=0.aff,normal-slot,Toaster,百舌谷,,,,,,,,,,,0.aff,False
enchantedlove,204,"{""en"":""enchanted love""}",1,PRS,4,,4,True,rating=4;hidden_until=none;chartDesigner=present;chartBodyBundled=false;chartPath=1.aff,normal-slot,Toaster,百舌谷,,,,,,,,,,,1.aff,False
enchantedlove,204,"{""en"":""enchanted love""}",2,FTR,8,,8,True,rating=8;hidden_until=none;chartDesigner=present;chartBodyBundled=false;chartPath=2.aff,normal-slot,Toaster,百舌谷,,,,,,,,,,,2.aff,False
take,205,"{""en"":""Bamboo"",""ja"":""竹""}",0,PST,3,,3,True,rating=3;hidden_until=none;chartDesigner=present;chartBodyBundled=false;chartPath=0.aff,normal-slot,竹の子,石王マサト,,,,,,,,,,,0.aff,False
take,205,"{""en"":""Bamboo"",""ja"":""竹""}",1,PRS,6,,6,True,rating=6;hidden_until=none;chartDesigner=present;chartBodyBundled=false;chartPath=1.aff,normal-slot,竹の子,石王マサト,,,,,,,,,,,1.aff,False
take,205,"{""en"":""Bamboo"",""ja"":""竹""}",2,FTR,10,,10,True,rating=10;hidden_until=none;chartDesigner=present;chartBodyBundled=false;chartPath=2.aff,normal-slot,竹の子,石王マサト,,,,,,,,,,,2.aff,False
gimmedablood,206,"{""en"":""GIMME DA BLOOD""}",0,PST,3,,3,True,rating=3;hidden_until=none;chartDesigner=present;chartBodyBundled=false;chartPath=0.aff,normal-slot,夜浪,すずなし,,,,,,,,,,,0.aff,False
gimmedablood,206,"{""en"":""GIMME DA BLOOD""}",1,PRS,7,,7,True,rating=7;hidden_until=none;chartDesigner=present;chartBodyBundled=false;chartPath=1.aff,normal-slot,夜浪,すずなし,,,,,,,,,,,1.aff,False
gimmedablood,206,"{""en"":""GIMME DA BLOOD""}",2,FTR,10,,10,True,rating=10;hidden_until=none;chartDesigner=present;chartBodyBundled=false;chartPath=2.aff,normal-slot,夜浪,すずなし,,,,,,,,,,,2.aff,False
bassline,207,"{""en"":""Can I Friend You on Bassbook? Lol"",""ja"":""ベースラインやってる？ｗ""}",0,PST,3,,3,True,rating=3;hidden_until=none;chartDesigner=present;chartBodyBundled=false;chartPath=0.aff,normal-slot,トースト食べる？笑,,,,,,,,,,,,0.aff,False
bassline,207,"{""en"":""Can I Friend You on Bassbook? Lol"",""ja"":""ベースラインやってる？ｗ""}",1,PRS,6,,6,True,rating=6;hidden_until=none;chartDesigner=present;chartBodyBundled=false;chartPath=1.aff,normal-slot,トースト食べる？笑,,,,,,,,,,,,1.aff,False
bassline,207,"{""en"":""Can I Friend You on Bassbook? Lol"",""ja"":""ベースラインやってる？ｗ""}",2,FTR,9,,9,True,rating=9;hidden_until=none;chartDesigner=present;chartBodyBundled=false;chartPath=2.aff,normal-slot,トースト食べる？笑,,,,,,,,,,,,2.aff,False
lifeispiano,208,"{""en"":""Life is PIANO""}",0,PST,3,,3,True,rating=3;hidden_until=none;chartDesigner=present;chartBodyBundled=false;chartPath=0.aff,normal-slot,Nitro,,,,,,,,,,,,0.aff,False
lifeispiano,208,"{""en"":""Life is PIANO""}",1,PRS,6,,6,True,rating=6;hidden_until=none;chartDesigner=present;chartBodyBundled=false;chartPath=1.aff,normal-slot,Nitro,,,,,,,,,,,,1.aff,False
lifeispiano,208,"{""en"":""Life is PIANO""}",2,FTR,9,,9,True,rating=9;hidden_until=none;chartDesigner=present;chartBodyBundled=false;chartPath=2.aff,normal-slot,Nitro,,,,,,,,,,,,2.aff,False
paperwitch,209,"{""en"":""Paper Witch""}",0,PST,2,,2,True,rating=2;hidden_until=none;chartDesigner=present;chartBodyBundled=false;chartPath=0.aff,normal-slot,CERiNG,桶乃かもく,,,,,,,,,,,0.aff,False
paperwitch,209,"{""en"":""Paper Witch""}",1,PRS,5,,5,True,rating=5;hidden_until=none;chartDesigner=present;chartBodyBundled=false;chartPath=1.aff,normal-slot,CERiNG,桶乃かもく,,,,,,,,,,,1.aff,False
paperwitch,209,"{""en"":""Paper Witch""}",2,FTR,8,True,8+,True,rating=8;hidden_until=none;chartDesigner=present;chartBodyBundled=false;chartPath=2.aff,normal-slot,CERiNG,桶乃かもく,,,,,,,,,,,2.aff,False
crystalgravity,210,"{""en"":""Crystal Gravity""}",0,PST,3,,3,True,rating=3;hidden_until=none;chartDesigner=present;chartBodyBundled=false;chartPath=0.aff,normal-slot,Exschwasion,雨傘ゆん,,,,,,,,,,,0.aff,False
crystalgravity,210,"{""en"":""Crystal Gravity""}",1,PRS,6,,6,True,rating=6;hidden_until=none;chartDesigner=present;chartBodyBundled=false;chartPath=1.aff,normal-slot,Exschwasion,雨傘ゆん,,,,,,,,,,,1.aff,False
crystalgravity,210,"{""en"":""Crystal Gravity""}",2,FTR,9,,9,True,rating=9;hidden_until=none;chartDesigner=present;chartBodyBundled=false;chartPath=2.aff,normal-slot,Exschwasion,雨傘ゆん,,,,,,,,,,,2.aff,False
farawaylight,211,"{""en"":""Far Away Light""}",0,PST,4,,4,True,rating=4;hidden_until=none;chartDesigner=present;chartBodyBundled=false;chartPath=0.aff,normal-slot,Toaster,梅まろ,,,,,,,,,,,0.aff,False
farawaylight,211,"{""en"":""Far Away Light""}",1,PRS,7,True,7+,True,rating=7;hidden_until=none;chartDesigner=present;chartBodyBundled=false;chartPath=1.aff,normal-slot,Toaster,梅まろ,,,,,,,,,,,1.aff,False
farawaylight,211,"{""en"":""Far Away Light""}",2,FTR,9,True,9+,True,rating=9;hidden_until=none;chartDesigner=present;chartBodyBundled=false;chartPath=2.aff,normal-slot,Toaster,梅まろ,,,,,,,,,,,2.aff,False
loschen,212,"{""en"":""Löschen"",""ko_dialog"":""Loschen""}",0,PST,3,,3,True,rating=3;hidden_until=none;chartDesigner=present;chartBodyBundled=false;chartPath=0.aff,normal-slot,絶滅,LOWRISE,,,,,,,,,,,0.aff,False
loschen,212,"{""en"":""Löschen"",""ko_dialog"":""Loschen""}",1,PRS,7,,7,True,rating=7;hidden_until=none;chartDesigner=present;chartBodyBundled=false;chartPath=1.aff,normal-slot,絶滅,LOWRISE,,,,,,,,,,,1.aff,False
loschen,212,"{""en"":""Löschen"",""ko_dialog"":""Loschen""}",2,FTR,10,,10,True,rating=10;hidden_until=none;chartDesigner=present;chartBodyBundled=false;chartPath=2.aff,normal-slot,絶滅,LOWRISE,,,,,,,,,,,2.aff,False
aegleseeker,213,"{""en"":""Aegleseeker""}",0,PST,5,,5,True,rating=5;hidden_until=none;chartDesigner=present;chartBodyBundled=false;chartPath=0.aff,normal-slot,⟨RECORD START⟩ 0:,シエラ,,,,,,,,,,,0.aff,False
aegleseeker,213,"{""en"":""Aegleseeker""}",1,PRS,9,,9,True,rating=9;hidden_until=none;chartDesigner=present;chartBodyBundled=false;chartPath=1.aff,normal-slot,"⟨OBSRV⟩ boundary(?°a,?°A)",シエラ,,,,,,,,,,,1.aff,False
aegleseeker,213,"{""en"":""Aegleseeker""}",2,FTR,11,,11,True,rating=11;hidden_until=none;chartDesigner=present;chartBodyBundled=false;chartPath=2.aff,normal-slot,L₆ː The Void,シエラ,,,,,,,,,,,2.aff,False
coastalhighway,214,"{""en"":""Coastal Highway""}",0,PST,3,,3,True,rating=3;hidden_until=none;chartDesigner=present;chartBodyBundled=false;chartPath=0.aff,normal-slot,Exschwasion,水視ずみ,,,,,,,,,,,0.aff,False
coastalhighway,214,"{""en"":""Coastal Highway""}",1,PRS,6,,6,True,rating=6;hidden_until=none;chartDesigner=present;chartBodyBundled=false;chartPath=1.aff,normal-slot,Exschwasion,水視ずみ,,,,,,,,,,,1.aff,False
coastalhighway,214,"{""en"":""Coastal Highway""}",2,FTR,9,,9,True,rating=9;hidden_until=none;chartDesigner=present;chartBodyBundled=false;chartPath=2.aff,normal-slot,Exschwasion,水視ずみ,,,,,,,,,,,2.aff,False
odysseia,215,"{""en"":""ΟΔΥΣΣΕΙΑ""}",0,PST,4,,4,True,rating=4;hidden_until=none;chartDesigner=present;chartBodyBundled=false;chartPath=0.aff,normal-slot,ΤΟΑΣΤΕΡ,SHIROTA.,,,,,,,,,,,0.aff,False
odysseia,215,"{""en"":""ΟΔΥΣΣΕΙΑ""}",1,PRS,7,True,7+,True,rating=7;hidden_until=none;chartDesigner=present;chartBodyBundled=false;chartPath=1.aff,normal-slot,ΤΟΑΣΤΕΡ,SHIROTA.,,,,,,,,,,,1.aff,False
odysseia,215,"{""en"":""ΟΔΥΣΣΕΙΑ""}",2,FTR,9,,9,True,rating=9;hidden_until=none;chartDesigner=present;chartBodyBundled=false;chartPath=2.aff,normal-slot,ΤΟΑΣΤΕΡ,SHIROTA.,,,,,,,,,,,2.aff,False
overwhelm,216,"{""en"":""Overwhelm""}",0,PST,5,,5,True,rating=5;hidden_until=none;chartDesigner=present;chartBodyBundled=false;chartPath=0.aff,normal-slot,夜浪,緋原ヨウ,,,,,,,,,,,0.aff,False
overwhelm,216,"{""en"":""Overwhelm""}",1,PRS,8,,8,True,rating=8;hidden_until=none;chartDesigner=present;chartBodyBundled=false;chartPath=1.aff,normal-slot,夜浪,緋原ヨウ,,,,,,,,,,,1.aff,False
overwhelm,216,"{""en"":""Overwhelm""}",2,FTR,10,,10,True,rating=10;hidden_until=none;chartDesigner=present;chartBodyBundled=false;chartPath=2.aff,normal-slot,夜浪,緋原ヨウ,,,,,,,,,,,2.aff,False
vandalism,217,"{""en"":""Vandalism""}",0,PST,3,,3,True,rating=3;hidden_until=none;chartDesigner=present;chartBodyBundled=false;chartPath=0.aff,normal-slot,Kurorak,Asagon.,,,,,,,,,,,0.aff,False
vandalism,217,"{""en"":""Vandalism""}",1,PRS,7,,7,True,rating=7;hidden_until=none;chartDesigner=present;chartBodyBundled=false;chartPath=1.aff,normal-slot,Kurorak,Asagon.,,,,,,,,,,,1.aff,False
vandalism,217,"{""en"":""Vandalism""}",2,FTR,9,True,9+,True,rating=9;hidden_until=none;chartDesigner=present;chartBodyBundled=false;chartPath=2.aff,normal-slot,Kurorak,Asagon.,,,,,,,,,,,2.aff,False
turbocharger,218,"{""en"":""Turbocharger""}",0,PST,2,,2,True,rating=2;hidden_until=none;chartDesigner=present;chartBodyBundled=false;chartPath=0.aff,normal-slot,Toaster,志月,,,,,,,,,,,0.aff,False
turbocharger,218,"{""en"":""Turbocharger""}",1,PRS,6,,6,True,rating=6;hidden_until=none;chartDesigner=present;chartBodyBundled=false;chartPath=1.aff,normal-slot,Toaster,志月,,,,,,,,,,,1.aff,False
turbocharger,218,"{""en"":""Turbocharger""}",2,FTR,9,,9,True,rating=9;hidden_until=none;chartDesigner=present;chartBodyBundled=false;chartPath=2.aff,normal-slot,Toaster,志月,,,,,,,,,,,2.aff,False
theultimacy,219,"{""en"":""THE ULTIMACY""}",0,PST,3,,3,True,rating=3;hidden_until=none;chartDesigner=present;chartBodyBundled=false;chartPath=0.aff,normal-slot,東星 vs Toaster,fixro2n,,,,,,,,,,,0.aff,False
theultimacy,219,"{""en"":""THE ULTIMACY""}",1,PRS,7,,7,True,rating=7;hidden_until=none;chartDesigner=present;chartBodyBundled=false;chartPath=1.aff,normal-slot,東星 vs Toaster,fixro2n,,,,,,,,,,,1.aff,False
theultimacy,219,"{""en"":""THE ULTIMACY""}",2,FTR,9,True,9+,True,rating=9;hidden_until=none;chartDesigner=present;chartBodyBundled=false;chartPath=2.aff,normal-slot,東星 vs Toaster,fixro2n,,,,,,,,,,,2.aff,False
rekkaresonance,220,"{""en"":""REKKA RESONANCE"",""ja"":""烈華RESONANCE""}",0,PST,5,,5,True,rating=5;hidden_until=none;chartDesigner=present;chartBodyBundled=false;chartPath=0.aff,normal-slot,夜浪 vs Nitro,Nagu + yusi.,,,,,,,,,,,0.aff,False
rekkaresonance,220,"{""en"":""REKKA RESONANCE"",""ja"":""烈華RESONANCE""}",1,PRS,8,True,8+,True,rating=8;hidden_until=none;chartDesigner=present;chartBodyBundled=false;chartPath=1.aff,normal-slot,夜浪 vs Nitro,Nagu + yusi.,,,,,,,,,,,1.aff,False
rekkaresonance,220,"{""en"":""REKKA RESONANCE"",""ja"":""烈華RESONANCE""}",2,FTR,10,True,10+,True,rating=10;hidden_until=none;chartDesigner=present;chartBodyBundled=false;chartPath=2.aff,normal-slot,夜浪 vs Nitro,Nagu + yusi.,,,,,,,,,,,2.aff,False
kyogenkigo,221,"{""en"":""False Embellishment"",""ja"":""狂言綺語""}",0,PST,3,,3,True,rating=3;hidden_until=none;chartDesigner=present;chartBodyBundled=false;chartPath=0.aff,normal-slot,Exschwasion,あすだ,,,,,,,,,,,0.aff,False
kyogenkigo,221,"{""en"":""False Embellishment"",""ja"":""狂言綺語""}",1,PRS,6,,6,True,rating=6;hidden_until=none;chartDesigner=present;chartBodyBundled=false;chartPath=1.aff,normal-slot,Exschwasion,あすだ,,,,,,,,,,,1.aff,False
kyogenkigo,221,"{""en"":""False Embellishment"",""ja"":""狂言綺語""}",2,FTR,9,,9,True,rating=9;hidden_until=none;chartDesigner=present;chartBodyBundled=false;chartPath=2.aff,normal-slot,Exschwasion,あすだ,,,,,,,,,,,2.aff,False
kyogenkigo,221,"{""en"":""False Embellishment"",""ja"":""狂言綺語""}",3,BYD,9,True,9+,True,rating=9;hidden_until=none;chartDesigner=present;chartBodyBundled=false;chartPath=3.aff,normal-slot,¬ə,あすだ,True,,,,,,1773014402,6.13,nijuusei2_conflict,nijuusei2_light,3.aff,False
hivemind,222,"{""en"":""HIVEMIND""}",0,PST,4,,4,True,rating=4;hidden_until=none;chartDesigner=present;chartBodyBundled=false;chartPath=0.aff,normal-slot,NITRO -unconnected-,fixro2n,,,,,,,,,,,0.aff,False
hivemind,222,"{""en"":""HIVEMIND""}",1,PRS,8,,8,True,rating=8;hidden_until=none;chartDesigner=present;chartBodyBundled=false;chartPath=1.aff,normal-slot,NITRO -unconnected-,fixro2n,,,,,,,,,,,1.aff,False
hivemind,222,"{""en"":""HIVEMIND""}",2,FTR,10,,10,True,rating=10;hidden_until=none;chartDesigner=present;chartBodyBundled=false;chartPath=2.aff,normal-slot,NITRO -unconnected-,fixro2n,,,,,,,,,,,2.aff,False
seclusion,223,"{""en"":""Seclusion""}",0,PST,4,,4,True,rating=4;hidden_until=none;chartDesigner=present;chartBodyBundled=false;chartPath=0.aff,normal-slot,Exschwasion,海鵜げそ,,,,,,,,,,,0.aff,False
seclusion,223,"{""en"":""Seclusion""}",1,PRS,7,,7,True,rating=7;hidden_until=none;chartDesigner=present;chartBodyBundled=false;chartPath=1.aff,normal-slot,Exschwasion,海鵜げそ,,,,,,,,,,,1.aff,False
seclusion,223,"{""en"":""Seclusion""}",2,FTR,10,,10,True,rating=10;hidden_until=none;chartDesigner=present;chartBodyBundled=false;chartPath=2.aff,normal-slot,N•Ex•T,海鵜げそ,,,,,,,,,,,2.aff,False
smallcloud,224,"{""en"":""Small Cloud Sugar Candy""}",0,PST,3,,3,True,rating=3;hidden_until=none;chartDesigner=present;chartBodyBundled=false;chartPath=0.aff,normal-slot,én,のう,,,,,,,,,,,0.aff,False
smallcloud,224,"{""en"":""Small Cloud Sugar Candy""}",1,PRS,6,,6,True,rating=6;hidden_until=none;chartDesigner=present;chartBodyBundled=false;chartPath=1.aff,normal-slot,én,のう,,,,,,,,,,,1.aff,False
smallcloud,224,"{""en"":""Small Cloud Sugar Candy""}",2,FTR,9,,9,True,rating=9;hidden_until=none;chartDesigner=present;chartBodyBundled=false;chartPath=2.aff,normal-slot,én,のう,,,,,,,,,,,2.aff,False
smallcloud,224,"{""en"":""Small Cloud Sugar Candy""}",3,BYD,10,,10,True,rating=10;hidden_until=none;chartDesigner=present;chartBodyBundled=false;chartPath=3.aff,normal-slot,@#7¥M!$,のう + jht,True,,,,,,1773014401,6.13,,,3.aff,False
alterale,225,"{""en"":""AlterAle""}",0,PST,3,,3,True,rating=3;hidden_until=none;chartDesigner=present;chartBodyBundled=false;chartPath=0.aff,normal-slot,CERiNG,ちょこ庵,,,,,,,,,,,0.aff,False
alterale,225,"{""en"":""AlterAle""}",1,PRS,6,,6,True,rating=6;hidden_until=none;chartDesigner=present;chartBodyBundled=false;chartPath=1.aff,normal-slot,CERiNG,ちょこ庵,,,,,,,,,,,1.aff,False
alterale,225,"{""en"":""AlterAle""}",2,FTR,9,True,9+,True,rating=9;hidden_until=none;chartDesigner=present;chartBodyBundled=false;chartPath=2.aff,normal-slot,CERiNG,ちょこ庵,,,,,,,,,,,2.aff,False
divinelight,226,"{""en"":""Divine Light of Myriad"",""ja"":""光速神授説 - Divine Light of Myriad -""}",0,PST,4,,4,True,rating=4;hidden_until=none;chartDesigner=present;chartBodyBundled=false;chartPath=0.aff,normal-slot,東星※神授,緋原ヨウ,,,,,,,,,,,0.aff,False
divinelight,226,"{""en"":""Divine Light of Myriad"",""ja"":""光速神授説 - Divine Light of Myriad -""}",1,PRS,7,True,7+,True,rating=7;hidden_until=none;chartDesigner=present;chartBodyBundled=false;chartPath=1.aff,normal-slot,東星※神授,緋原ヨウ,,,,,,,,,,,1.aff,False
divinelight,226,"{""en"":""Divine Light of Myriad"",""ja"":""光速神授説 - Divine Light of Myriad -""}",2,FTR,10,True,10+,True,rating=10;hidden_until=none;chartDesigner=present;chartBodyBundled=false;chartPath=2.aff,normal-slot,東星※神授,緋原ヨウ,,,,,,,,,,,2.aff,False
mazymetroplex,227,"{""en"":""Mazy Metroplex""}",0,PST,3,,3,True,rating=3;hidden_until=none;chartDesigner=present;chartBodyBundled=false;chartPath=0.aff,normal-slot,Exschwasion,,,,,,,,,,,,0.aff,False
mazymetroplex,227,"{""en"":""Mazy Metroplex""}",1,PRS,7,True,7+,True,rating=7;hidden_until=none;chartDesigner=present;chartBodyBundled=false;chartPath=1.aff,normal-slot,Exschwasion,,,,,,,,,,,,1.aff,False
mazymetroplex,227,"{""en"":""Mazy Metroplex""}",2,FTR,9,True,9+,True,rating=9;hidden_until=none;chartDesigner=present;chartBodyBundled=false;chartPath=2.aff,normal-slot,Exschwasion,,,,,,,,,,,,2.aff,False
quonwacca,228,"{""en"":""Quon""}",0,PST,2,,2,True,rating=2;hidden_until=none;chartDesigner=present;chartBodyBundled=false;chartPath=0.aff,normal-slot,CERiNG,,,,,,,,,,,,0.aff,False
quonwacca,228,"{""en"":""Quon""}",1,PRS,6,,6,True,rating=6;hidden_until=none;chartDesigner=present;chartBodyBundled=false;chartPath=1.aff,normal-slot,CERiNG,,,,,,,,,,,,1.aff,False
quonwacca,228,"{""en"":""Quon""}",2,FTR,8,True,8+,True,rating=8;hidden_until=none;chartDesigner=present;chartBodyBundled=false;chartPath=2.aff,normal-slot,CERiNG,,,,,,,,,,,,2.aff,False
quonwacca,228,"{""en"":""Quon""}",3,BYD,10,,10,True,rating=10;hidden_until=none;chartDesigner=present;chartBodyBundled=false;chartPath=3.aff,normal-slot,XIII: The Journey/Nitro,,False,,,,,,,,,,3.aff,False
withu,229,"{""en"":""with U""}",0,PST,2,,2,True,rating=2;hidden_until=none;chartDesigner=present;chartBodyBundled=false;chartPath=0.aff,normal-slot,én,,,,,,,,,,,,0.aff,False
withu,229,"{""en"":""with U""}",1,PRS,6,,6,True,rating=6;hidden_until=none;chartDesigner=present;chartBodyBundled=false;chartPath=1.aff,normal-slot,én,,,,,,,,,,,,1.aff,False
withu,229,"{""en"":""with U""}",2,FTR,9,,9,True,rating=9;hidden_until=none;chartDesigner=present;chartBodyBundled=false;chartPath=2.aff,normal-slot,én,,,,,,,,,,,,2.aff,False
genocider,230,"{""en"":""GENOCIDER""}",0,PST,4,,4,True,rating=4;hidden_until=none;chartDesigner=present;chartBodyBundled=false;chartPath=0.aff,normal-slot,Toaster,Taiyo Yamamoto,,,,,,,,,,,0.aff,False
genocider,230,"{""en"":""GENOCIDER""}",1,PRS,8,True,8+,True,rating=8;hidden_until=none;chartDesigner=present;chartBodyBundled=false;chartPath=1.aff,normal-slot,Toaster,Taiyo Yamamoto,,,,,,,,,,,1.aff,False
genocider,230,"{""en"":""GENOCIDER""}",2,FTR,10,True,10+,True,rating=10;hidden_until=none;chartDesigner=present;chartBodyBundled=false;chartPath=2.aff,normal-slot,Toaster,Taiyo Yamamoto,,,,,,,,,,,2.aff,False
letyoudivermx,231,"{""en"":""Let you DIVE! (nitro rmx)""}",0,PST,3,,3,True,rating=3;hidden_until=none;chartDesigner=present;chartBodyBundled=false;chartPath=0.aff,normal-slot,Nitro,,,,,,,,,,,,0.aff,False
letyoudivermx,231,"{""en"":""Let you DIVE! (nitro rmx)""}",1,PRS,6,,6,True,rating=6;hidden_until=none;chartDesigner=present;chartBodyBundled=false;chartPath=1.aff,normal-slot,Nitro,,,,,,,,,,,,1.aff,False
letyoudivermx,231,"{""en"":""Let you DIVE! (nitro rmx)""}",2,FTR,9,,9,True,rating=9;hidden_until=none;chartDesigner=present;chartBodyBundled=false;chartPath=2.aff,normal-slot,Nitro,,,,,,,,,,,,2.aff,False
sheriruthrmx,232,"{""en"":""Sheriruth (Laur Remix)""}",0,PST,4,,4,True,rating=4;hidden_until=none;chartDesigner=present;chartBodyBundled=false;chartPath=0.aff,normal-slot,Nitro,,,,,,,,,,,,0.aff,False
sheriruthrmx,232,"{""en"":""Sheriruth (Laur Remix)""}",1,PRS,7,True,7+,True,rating=7;hidden_until=none;chartDesigner=present;chartBodyBundled=false;chartPath=1.aff,normal-slot,Nitro,,,,,,,,,,,,1.aff,False
sheriruthrmx,232,"{""en"":""Sheriruth (Laur Remix)""}",2,FTR,10,,10,True,rating=10;hidden_until=none;chartDesigner=present;chartBodyBundled=false;chartPath=2.aff,normal-slot,東星※恣意,,,,,,,,,,,,2.aff,False
eveninginscarlet,233,"{""en"":""Evening in Scarlet"",""ja"":""緋纏いの宵""}",0,PST,4,,4,True,rating=4;hidden_until=none;chartDesigner=present;chartBodyBundled=false;chartPath=0.aff,normal-slot,Nitroだー！,シエラ + yusi.,,,,,,,,,,,0.aff,False
eveninginscarlet,233,"{""en"":""Evening in Scarlet"",""ja"":""緋纏いの宵""}",1,PRS,7,,7,True,rating=7;hidden_until=none;chartDesigner=present;chartBodyBundled=false;chartPath=1.aff,normal-slot,Nitroだー！,シエラ + yusi.,,,,,,,,,,,1.aff,False
eveninginscarlet,233,"{""en"":""Evening in Scarlet"",""ja"":""緋纏いの宵""}",2,FTR,9,,9,True,rating=9;hidden_until=none;chartDesigner=present;chartBodyBundled=false;chartPath=2.aff,normal-slot,Nitroだー！,シエラ + yusi.,,,,,,,,,,,2.aff,False
bluecomet,234,"{""en"":""blue comet""}",0,PST,3,,3,True,rating=3;hidden_until=none;chartDesigner=present;chartBodyBundled=false;chartPath=0.aff,normal-slot,Toaster,Bison,,,,,,,,,,,0.aff,False
bluecomet,234,"{""en"":""blue comet""}",1,PRS,5,,5,True,rating=5;hidden_until=none;chartDesigner=present;chartBodyBundled=false;chartPath=1.aff,normal-slot,Toaster,Bison,,,,,,,,,,,1.aff,False
bluecomet,234,"{""en"":""blue comet""}",2,FTR,8,,8,True,rating=8;hidden_until=none;chartDesigner=present;chartBodyBundled=false;chartPath=2.aff,normal-slot,Toaster,Bison,,,,,,,,,,,2.aff,False
energysynergymatrix,235,"{""en"":""ENERGY SYNERGY MATRIX""}",0,PST,3,,3,True,rating=3;hidden_until=none;chartDesigner=present;chartBodyBundled=false;chartPath=0.aff,normal-slot,POWER NITRO,からめる,,,,,,,,,,,0.aff,False
energysynergymatrix,235,"{""en"":""ENERGY SYNERGY MATRIX""}",1,PRS,7,,7,True,rating=7;hidden_until=none;chartDesigner=present;chartBodyBundled=false;chartPath=1.aff,normal-slot,POWER NITRO,からめる,,,,,,,,,,,1.aff,False
energysynergymatrix,235,"{""en"":""ENERGY SYNERGY MATRIX""}",2,FTR,9,,9,True,rating=9;hidden_until=none;chartDesigner=present;chartBodyBundled=false;chartPath=2.aff,normal-slot,POWER NITRO,からめる,,,,,,,,,,,2.aff,False
energysynergymatrix,235,"{""en"":""ENERGY SYNERGY MATRIX""}",3,BYD,10,,10,True,rating=10;hidden_until=difficulty;chartDesigner=present;chartBodyBundled=false;chartPath=3.aff,unlock-gated-slot,白亜紀と古第三紀の間の大量絶滅,からめる,,,,,,,1745452803,6.4,nijuusei2_conflict,nijuusei2_light,3.aff,False
gengaozo,236,"{""en"":""G e n g a o z o""}",0,PST,4,,4,True,rating=4;hidden_until=none;chartDesigner=present;chartBodyBundled=false;chartPath=0.aff,normal-slot,_ P A S T,,,,,,,,,,,,0.aff,False
gengaozo,236,"{""en"":""G e n g a o z o""}",1,PRS,8,,8,True,rating=8;hidden_until=none;chartDesigner=present;chartBodyBundled=false;chartPath=1.aff,normal-slot,_ P R E S E N T,,,,,,,,,,,,1.aff,False
gengaozo,236,"{""en"":""G e n g a o z o""}",2,FTR,10,,10,True,rating=10;hidden_until=none;chartDesigner=present;chartBodyBundled=false;chartPath=2.aff,normal-slot,_ F U T U R E,,,,,,,,,,,,2.aff,False
goldenslaughterer,237,"{""en"":""goldenslaughterer""}",0,PST,4,,4,True,rating=4;hidden_until=none;chartDesigner=present;chartBodyBundled=false;chartPath=0.aff,normal-slot,Exschwasion,,,,,,,,,,,,0.aff,False
goldenslaughterer,237,"{""en"":""goldenslaughterer""}",1,PRS,6,,6,True,rating=6;hidden_until=none;chartDesigner=present;chartBodyBundled=false;chartPath=1.aff,normal-slot,Exschwasion,,,,,,,,,,,,1.aff,False
goldenslaughterer,237,"{""en"":""goldenslaughterer""}",2,FTR,9,True,9+,True,rating=9;hidden_until=none;chartDesigner=present;chartBodyBundled=false;chartPath=2.aff,normal-slot,Exschwasion,,,,,,,,,,,,2.aff,False
lastendconductor,238,"{""en"":""lastendconductor""}",0,PST,3,,3,True,rating=3;hidden_until=none;chartDesigner=present;chartBodyBundled=false;chartPath=0.aff,normal-slot,Nitro,,,,,,,,,,,,0.aff,False
lastendconductor,238,"{""en"":""lastendconductor""}",1,PRS,7,,7,True,rating=7;hidden_until=none;chartDesigner=present;chartBodyBundled=false;chartPath=1.aff,normal-slot,Nitro,,,,,,,,,,,,1.aff,False
lastendconductor,238,"{""en"":""lastendconductor""}",2,FTR,9,,9,True,rating=9;hidden_until=none;chartDesigner=present;chartBodyBundled=false;chartPath=2.aff,normal-slot,Nitro,,,,,,,,,,,,2.aff,False
lastendconductor,238,"{""en"":""lastendconductor""}",3,BYD,10,,10,True,rating=10;hidden_until=none;chartDesigner=present;chartBodyBundled=false;chartPath=3.aff,normal-slot,Toaster,,,,,,,,,,,,3.aff,False
redolentshape,239,"{""en"":""Redolent Shape""}",0,PST,4,,4,True,rating=4;hidden_until=none;chartDesigner=present;chartBodyBundled=false;chartPath=0.aff,normal-slot,絶滅,ＫＴ。,,,,,,,,,,,0.aff,False
redolentshape,239,"{""en"":""Redolent Shape""}",1,PRS,7,,7,True,rating=7;hidden_until=none;chartDesigner=present;chartBodyBundled=false;chartPath=1.aff,normal-slot,絶滅,ＫＴ。,,,,,,,,,,,1.aff,False
redolentshape,239,"{""en"":""Redolent Shape""}",2,FTR,10,,10,True,rating=10;hidden_until=none;chartDesigner=present;chartBodyBundled=false;chartPath=2.aff,normal-slot,絶滅,ＫＴ。,,,,,,,,,,,2.aff,False
cosmica,240,"{""en"":""Cosmica""}",0,PST,2,,2,True,rating=2;hidden_until=none;chartDesigner=present;chartBodyBundled=false;chartPath=0.aff,normal-slot,Nitro,シエラ,,,,,,,,,,,0.aff,False
cosmica,240,"{""en"":""Cosmica""}",1,PRS,5,,5,True,rating=5;hidden_until=none;chartDesigner=present;chartBodyBundled=false;chartPath=1.aff,normal-slot,Nitro,シエラ,,,,,,,,,,,1.aff,False
cosmica,240,"{""en"":""Cosmica""}",2,FTR,8,True,8+,True,rating=8;hidden_until=none;chartDesigner=present;chartBodyBundled=false;chartPath=2.aff,normal-slot,Nitro missing Toaster.,シエラ,,,,,,,,,,,2.aff,False
ascent,241,"{""en"":""Ascent""}",0,PST,3,,3,True,rating=3;hidden_until=none;chartDesigner=present;chartBodyBundled=false;chartPath=0.aff,normal-slot,CER↑NG,小奈きなこ,,,,,,,,,,,0.aff,False
ascent,241,"{""en"":""Ascent""}",1,PRS,6,,6,True,rating=6;hidden_until=none;chartDesigner=present;chartBodyBundled=false;chartPath=1.aff,normal-slot,CER↑NG,小奈きなこ,,,,,,,,,,,1.aff,False
ascent,241,"{""en"":""Ascent""}",2,FTR,9,True,9+,True,rating=9;hidden_until=none;chartDesigner=present;chartBodyBundled=false;chartPath=2.aff,normal-slot,Exschwas↑on with CER↑NG,小奈きなこ,,,,,,,,,,,2.aff,False
livefastdieyoung,242,"{""en"":""Live Fast Die Young""}",0,PST,4,,4,True,rating=4;hidden_until=none;chartDesigner=present;chartBodyBundled=false;chartPath=0.aff,normal-slot,Nitro,シエラ,,,,,,,,,,,0.aff,False
livefastdieyoung,242,"{""en"":""Live Fast Die Young""}",1,PRS,8,,8,True,rating=8;hidden_until=none;chartDesigner=present;chartBodyBundled=false;chartPath=1.aff,normal-slot,Nitro,シエラ,,,,,,,,,,,1.aff,False
livefastdieyoung,242,"{""en"":""Live Fast Die Young""}",2,FTR,10,,10,True,rating=10;hidden_until=none;chartDesigner=present;chartBodyBundled=false;chartPath=2.aff,normal-slot,Nitro with Toaster.,シエラ,,,,,,,,,,,2.aff,False
summerfireworks,243,"{""en"":""Summer Fireworks of Love"",""ja"":""彩る夏の恋花火""}",0,PST,3,,3,True,rating=3;hidden_until=none;chartDesigner=present;chartBodyBundled=false;chartPath=0.aff,normal-slot,夏のNitro,シエラ,,,,,,,,,,,0.aff,False
summerfireworks,243,"{""en"":""Summer Fireworks of Love"",""ja"":""彩る夏の恋花火""}",1,PRS,6,,6,True,rating=6;hidden_until=none;chartDesigner=present;chartBodyBundled=false;chartPath=1.aff,normal-slot,夏のNitro,シエラ,,,,,,,,,,,1.aff,False
summerfireworks,243,"{""en"":""Summer Fireworks of Love"",""ja"":""彩る夏の恋花火""}",2,FTR,9,True,9+,True,rating=9;hidden_until=none;chartDesigner=present;chartBodyBundled=false;chartPath=2.aff,normal-slot,夏のNitro,シエラ,,,,,,,,,,,2.aff,False
firstsnow,244,"{""en"":""First Snow""}",0,PST,2,,2,True,rating=2;hidden_until=none;chartDesigner=present;chartBodyBundled=false;chartPath=0.aff,normal-slot,Nitro,ヒトこもる,,,,,,,,,,,0.aff,False
firstsnow,244,"{""en"":""First Snow""}",1,PRS,4,,4,True,rating=4;hidden_until=none;chartDesigner=present;chartBodyBundled=false;chartPath=1.aff,normal-slot,Nitro,ヒトこもる,,,,,,,,,,,1.aff,False
firstsnow,244,"{""en"":""First Snow""}",2,FTR,7,True,7+,True,rating=7;hidden_until=none;chartDesigner=present;chartBodyBundled=false;chartPath=2.aff,normal-slot,Nitro,ヒトこもる,,,,,,,,,,,2.aff,False
bluerose,245,"{""en"":""Blue Rose""}",0,PST,2,,2,True,rating=2;hidden_until=none;chartDesigner=present;chartBodyBundled=false;chartPath=0.aff,normal-slot,CERiNG,チェリム,,,,,,,,,,,0.aff,False
bluerose,245,"{""en"":""Blue Rose""}",1,PRS,6,,6,True,rating=6;hidden_until=none;chartDesigner=present;chartBodyBundled=false;chartPath=1.aff,normal-slot,CERiNG,チェリム,,,,,,,,,,,1.aff,False
bluerose,245,"{""en"":""Blue Rose""}",2,FTR,9,,9,True,rating=9;hidden_until=none;chartDesigner=present;chartBodyBundled=false;chartPath=2.aff,normal-slot,CERiNG,チェリム,,,,,,,,,,,2.aff,False
blockedlibrary,246,"{""en"":""Blocked Library""}",0,PST,3,,3,True,rating=3;hidden_until=none;chartDesigner=present;chartBodyBundled=false;chartPath=0.aff,normal-slot,Exschwasion,めとこ,,,,,,,,,,,0.aff,False
blockedlibrary,246,"{""en"":""Blocked Library""}",1,PRS,6,,6,True,rating=6;hidden_until=none;chartDesigner=present;chartBodyBundled=false;chartPath=1.aff,normal-slot,Exschwasion,めとこ,,,,,,,,,,,1.aff,False
blockedlibrary,246,"{""en"":""Blocked Library""}",2,FTR,9,,9,True,rating=9;hidden_until=none;chartDesigner=present;chartBodyBundled=false;chartPath=2.aff,normal-slot,Exschwasion,めとこ,,,,,,,,,,,2.aff,False
neokosmo,247,"{""en"":""nέο κόsmo"",""ko"":""neo kosmo"",""zh-Hant"":""neo kosmo"",""zh-Hans"":""neo kosmo""}",0,PST,4,,4,True,rating=4;hidden_until=none;chartDesigner=present;chartBodyBundled=false;chartPath=0.aff,normal-slot,Nitro × Toaster,久坂んむり,,,,,,,,,,,0.aff,False
neokosmo,247,"{""en"":""nέο κόsmo"",""ko"":""neo kosmo"",""zh-Hant"":""neo kosmo"",""zh-Hans"":""neo kosmo""}",1,PRS,7,True,7+,True,rating=7;hidden_until=none;chartDesigner=present;chartBodyBundled=false;chartPath=1.aff,normal-slot,Nitro × Toaster,久坂んむり,,,,,,,,,,,1.aff,False
neokosmo,247,"{""en"":""nέο κόsmo"",""ko"":""neo kosmo"",""zh-Hant"":""neo kosmo"",""zh-Hans"":""neo kosmo""}",2,FTR,9,True,9+,True,rating=9;hidden_until=none;chartDesigner=present;chartBodyBundled=false;chartPath=2.aff,normal-slot,Nitro × Toaster,久坂んむり,,,,,,,,,,,2.aff,False
lightningscrew,248,"{""en"":""Lightning Screw""}",0,PST,4,,4,True,rating=4;hidden_until=none;chartDesigner=present;chartBodyBundled=false;chartPath=0.aff,normal-slot,東星,シエラ,,,,,,,,,,,0.aff,False
lightningscrew,248,"{""en"":""Lightning Screw""}",1,PRS,7,True,7+,True,rating=7;hidden_until=none;chartDesigner=present;chartBodyBundled=false;chartPath=1.aff,normal-slot,東星,シエラ,,,,,,,,,,,1.aff,False
lightningscrew,248,"{""en"":""Lightning Screw""}",2,FTR,10,,10,True,rating=10;hidden_until=none;chartDesigner=present;chartBodyBundled=false;chartPath=2.aff,normal-slot,東星,シエラ,,,,,,,,,,,2.aff,False
lightsofmuse,249,"{""en"":""Lights of Muse""}",0,PST,2,,2,True,rating=2;hidden_until=none;chartDesigner=present;chartBodyBundled=false;chartPath=0.aff,normal-slot,antymis,,,,,,,,,,,,0.aff,False
lightsofmuse,249,"{""en"":""Lights of Muse""}",1,PRS,6,,6,True,rating=6;hidden_until=none;chartDesigner=present;chartBodyBundled=false;chartPath=1.aff,normal-slot,antymis,,,,,,,,,,,,1.aff,False
lightsofmuse,249,"{""en"":""Lights of Muse""}",2,FTR,8,True,8+,True,rating=8;hidden_until=none;chartDesigner=present;chartBodyBundled=false;chartPath=2.aff,normal-slot,antymis,,,,,,,,,,,,2.aff,False
finalstep,250,"{""en"":""Final Step!""}",0,PST,3,,3,True,rating=3;hidden_until=none;chartDesigner=present;chartBodyBundled=false;chartPath=0.aff,normal-slot,CERiNG,,,,,,,,,,,,0.aff,False
finalstep,250,"{""en"":""Final Step!""}",1,PRS,6,,6,True,rating=6;hidden_until=none;chartDesigner=present;chartBodyBundled=false;chartPath=1.aff,normal-slot,CERiNG,,,,,,,,,,,,1.aff,False
finalstep,250,"{""en"":""Final Step!""}",2,FTR,9,,9,True,rating=9;hidden_until=none;chartDesigner=present;chartBodyBundled=false;chartPath=2.aff,normal-slot,CERiNG,,,,,,,,,,,,2.aff,False
akinokagerou,251,"{""en"":""Haze of Autumn"",""ja"":""秋の陽炎""}",0,PST,3,,3,True,rating=3;hidden_until=none;chartDesigner=present;chartBodyBundled=false;chartPath=0.aff,normal-slot,秋のén,MiyU,,,,,,,,,,,0.aff,False
akinokagerou,251,"{""en"":""Haze of Autumn"",""ja"":""秋の陽炎""}",1,PRS,7,,7,True,rating=7;hidden_until=none;chartDesigner=present;chartBodyBundled=false;chartPath=1.aff,normal-slot,秋のén,MiyU,,,,,,,,,,,1.aff,False
akinokagerou,251,"{""en"":""Haze of Autumn"",""ja"":""秋の陽炎""}",2,FTR,9,True,9+,True,rating=9;hidden_until=none;chartDesigner=present;chartBodyBundled=false;chartPath=2.aff,normal-slot,秋のén,MiyU,,,,,,,,,,,2.aff,False
medusa,252,"{""en"":""Medusa""}",0,PST,4,,4,True,rating=4;hidden_until=none;chartDesigner=present;chartBodyBundled=false;chartPath=0.aff,normal-slot,Toaster,,,,,,,,,,,,0.aff,False
medusa,252,"{""en"":""Medusa""}",1,PRS,7,,7,True,rating=7;hidden_until=none;chartDesigner=present;chartBodyBundled=false;chartPath=1.aff,normal-slot,Toaster,,,,,,,,,,,,1.aff,False
medusa,252,"{""en"":""Medusa""}",2,FTR,10,,10,True,rating=10;hidden_until=none;chartDesigner=present;chartBodyBundled=false;chartPath=2.aff,normal-slot,Toaster,,,,,,,,,,,,2.aff,False
init,253,"{""en"":""init()""}",0,PST,4,,4,True,rating=4;hidden_until=none;chartDesigner=present;chartBodyBundled=false;chartPath=0.aff,normal-slot,Toaster,そゐち,,,,,,,,,,,0.aff,False
init,253,"{""en"":""init()""}",1,PRS,7,,7,True,rating=7;hidden_until=none;chartDesigner=present;chartBodyBundled=false;chartPath=1.aff,normal-slot,Toaster,そゐち,,,,,,,,,,,1.aff,False
init,253,"{""en"":""init()""}",2,FTR,9,True,9+,True,rating=9;hidden_until=none;chartDesigner=present;chartBodyBundled=false;chartPath=2.aff,normal-slot,Toaster,そゐち,,,,,,,,,,,2.aff,False
internetoverdose,254,"{""en"":""INTERNET OVERDOSE""}",0,PST,3,,3,True,rating=3;hidden_until=none;chartDesigner=present;chartBodyBundled=false;chartPath=0.aff,normal-slot,Nitro Ch.,kinakobooster,,,,,,,,,,,0.aff,False
internetoverdose,254,"{""en"":""INTERNET OVERDOSE""}",1,PRS,6,,6,True,rating=6;hidden_until=none;chartDesigner=present;chartBodyBundled=false;chartPath=1.aff,normal-slot,Nitro Ch.,kinakobooster,,,,,,,,,,,1.aff,False
internetoverdose,254,"{""en"":""INTERNET OVERDOSE""}",2,FTR,8,,8,True,rating=8;hidden_until=none;chartDesigner=present;chartBodyBundled=false;chartPath=2.aff,normal-slot,Nitro Ch.,kinakobooster,,,,,,,,,,,2.aff,False
sakurafubuki,255,"{""en"":""Sakura Fubuki""}",0,PST,3,,3,True,rating=3;hidden_until=none;chartDesigner=present;chartBodyBundled=true;chartPath=0.aff,normal-slot,én,,,,,,,,,,,,0.aff,True
sakurafubuki,255,"{""en"":""Sakura Fubuki""}",1,PRS,6,,6,True,rating=6;hidden_until=none;chartDesigner=present;chartBodyBundled=true;chartPath=1.aff,normal-slot,én,,,,,,,,,,,,1.aff,True
sakurafubuki,255,"{""en"":""Sakura Fubuki""}",2,FTR,9,,9,True,rating=9;hidden_until=none;chartDesigner=present;chartBodyBundled=true;chartPath=2.aff,normal-slot,én,,,,,,,,,,,,2.aff,True
nulctrl,256,"{""en"":""NULCTRL""}",0,PST,3,,3,True,rating=3;hidden_until=none;chartDesigner=present;chartBodyBundled=false;chartPath=0.aff,normal-slot,moonquay [CON],,,,,,,,,,,,0.aff,False
nulctrl,256,"{""en"":""NULCTRL""}",1,PRS,7,,7,True,rating=7;hidden_until=none;chartDesigner=present;chartBodyBundled=false;chartPath=1.aff,normal-slot,moonquay [AUX],,,,,,,,,,,,1.aff,False
nulctrl,256,"{""en"":""NULCTRL""}",2,FTR,9,,9,True,rating=9;hidden_until=none;chartDesigner=present;chartBodyBundled=false;chartPath=2.aff,normal-slot,moonquay [NUL],,,,,,,,,,,,2.aff,False
macromod,257,"{""en"":""Macrocosmic Modulation""}",0,PST,4,,4,True,rating=4;hidden_until=none;chartDesigner=present;chartBodyBundled=false;chartPath=0.aff,normal-slot,Exschwas↕on,装甲枕,,,,,,,,,,,0.aff,False
macromod,257,"{""en"":""Macrocosmic Modulation""}",1,PRS,7,True,7+,True,rating=7;hidden_until=none;chartDesigner=present;chartBodyBundled=false;chartPath=1.aff,normal-slot,Exschwas↕on,装甲枕,,,,,,,,,,,1.aff,False
macromod,257,"{""en"":""Macrocosmic Modulation""}",2,FTR,9,True,9+,True,rating=9;hidden_until=none;chartDesigner=present;chartBodyBundled=false;chartPath=2.aff,normal-slot,Exschwas↕on,装甲枕,,,,,,,,,,,2.aff,False
neowings,258,"{""en"":""NEO WINGS""}",0,PST,4,,4,True,rating=4;hidden_until=none;chartDesigner=present;chartBodyBundled=false;chartPath=0.aff,normal-slot,Toaster,シエラ,,,,,,,,,,,0.aff,False
neowings,258,"{""en"":""NEO WINGS""}",1,PRS,7,,7,True,rating=7;hidden_until=none;chartDesigner=present;chartBodyBundled=false;chartPath=1.aff,normal-slot,Toaster,シエラ,,,,,,,,,,,1.aff,False
neowings,258,"{""en"":""NEO WINGS""}",2,FTR,10,,10,True,rating=10;hidden_until=none;chartDesigner=present;chartBodyBundled=false;chartPath=2.aff,normal-slot,Toaster,シエラ,,,,,,,,,,,2.aff,False
kissinglucifer,259,"{""en"":""Kissing Lucifer""}",0,PST,4,,4,True,rating=4;hidden_until=none;chartDesigner=present;chartBodyBundled=false;chartPath=0.aff,normal-slot,NITRO,Siino,,,,,,,,,,,0.aff,False
kissinglucifer,259,"{""en"":""Kissing Lucifer""}",1,PRS,7,True,7+,True,rating=7;hidden_until=none;chartDesigner=present;chartBodyBundled=false;chartPath=1.aff,normal-slot,NITRO,Siino,,,,,,,,,,,1.aff,False
kissinglucifer,259,"{""en"":""Kissing Lucifer""}",2,FTR,10,,10,True,rating=10;hidden_until=none;chartDesigner=present;chartBodyBundled=false;chartPath=2.aff,normal-slot,NITRO,Siino,,,,,,,,,,,2.aff,False
avril,260,"{""en"":""Ävril -Flicka i krans-"",""ko_dialog"":""Avril -Flicka i krans-""}",0,PST,3,,3,True,rating=3;hidden_until=none;chartDesigner=present;chartBodyBundled=false;chartPath=0.aff,normal-slot,Aster -Får i Vaaris-,しいたけ,True,,,,,,,,,,0.aff,False
avril,260,"{""en"":""Ävril -Flicka i krans-"",""ko_dialog"":""Avril -Flicka i krans-""}",1,PRS,6,,6,True,rating=6;hidden_until=none;chartDesigner=present;chartBodyBundled=false;chartPath=1.aff,normal-slot,Aster -Får i Vaaris-,しいたけ,True,,,,,,,,,,1.aff,False
avril,260,"{""en"":""Ävril -Flicka i krans-"",""ko_dialog"":""Avril -Flicka i krans-""}",2,FTR,8,,8,True,rating=8;hidden_until=none;chartDesigner=present;chartBodyBundled=false;chartPath=2.aff,normal-slot,Aster -Får i Vaaris-,しいたけ,,,,,,,,,,,2.aff,False
aurgelmir,261,"{""en"":""Aurgelmir""}",0,PST,4,,4,True,rating=4;hidden_until=none;chartDesigner=present;chartBodyBundled=false;chartPath=0.aff,normal-slot,夜浪,,,,,,,,,,,,0.aff,False
aurgelmir,261,"{""en"":""Aurgelmir""}",1,PRS,8,,8,True,rating=8;hidden_until=none;chartDesigner=present;chartBodyBundled=false;chartPath=1.aff,normal-slot,夜浪,,,,,,,,,,,,1.aff,False
aurgelmir,261,"{""en"":""Aurgelmir""}",2,FTR,10,,10,True,rating=10;hidden_until=none;chartDesigner=present;chartBodyBundled=false;chartPath=2.aff,normal-slot,夜浪,,,,,,,,,,,,2.aff,False
headbonkache,262,"{""en"":""Head BONK ache""}",0,PST,4,,4,True,rating=4;hidden_until=none;chartDesigner=present;chartBodyBundled=false;chartPath=0.aff,normal-slot,Nitro,空読無 白眼,,,,,,,,,,,0.aff,False
headbonkache,262,"{""en"":""Head BONK ache""}",1,PRS,7,,7,True,rating=7;hidden_until=none;chartDesigner=present;chartBodyBundled=false;chartPath=1.aff,normal-slot,Nitro,空読無 白眼,,,,,,,,,,,1.aff,False
headbonkache,262,"{""en"":""Head BONK ache""}",2,FTR,9,,9,True,rating=9;hidden_until=none;chartDesigner=present;chartBodyBundled=false;chartPath=2.aff,normal-slot,Nitro,空読無 白眼,,,,,,,,,,,2.aff,False
ddd,263,"{""en"":""DDD""}",0,PST,2,,2,True,rating=2;hidden_until=none;chartDesigner=present;chartBodyBundled=false;chartPath=0.aff,normal-slot,én,わっふゑ,,,,,,,,,,,0.aff,False
ddd,263,"{""en"":""DDD""}",1,PRS,6,,6,True,rating=6;hidden_until=none;chartDesigner=present;chartBodyBundled=false;chartPath=1.aff,normal-slot,én,わっふゑ,,,,,,,,,,,1.aff,False
ddd,263,"{""en"":""DDD""}",2,FTR,8,,8,True,rating=8;hidden_until=none;chartDesigner=present;chartBodyBundled=false;chartPath=2.aff,normal-slot,én,わっふゑ,,,,,,,,,,,2.aff,False
prism,264,"{""en"":""Prism""}",0,PST,2,,2,True,rating=2;hidden_until=none;chartDesigner=present;chartBodyBundled=false;chartPath=0.aff,normal-slot,CERiNG,,True,,,,,,,,,,0.aff,False
prism,264,"{""en"":""Prism""}",1,PRS,5,,5,True,rating=5;hidden_until=none;chartDesigner=present;chartBodyBundled=false;chartPath=1.aff,normal-slot,CERiNG,,True,,,,,,,,,,1.aff,False
prism,264,"{""en"":""Prism""}",2,FTR,8,,8,True,rating=8;hidden_until=none;chartDesigner=present;chartBodyBundled=false;chartPath=2.aff,normal-slot,CERiNG,,,,,,,,,,,,2.aff,False
protoflicker,265,"{""en"":""Protoflicker""}",0,PST,3,,3,True,rating=3;hidden_until=none;chartDesigner=present;chartBodyBundled=false;chartPath=0.aff,normal-slot,antymis <prototype>,,True,,,,,,,,,,0.aff,False
protoflicker,265,"{""en"":""Protoflicker""}",1,PRS,7,,7,True,rating=7;hidden_until=none;chartDesigner=present;chartBodyBundled=false;chartPath=1.aff,normal-slot,antymis <prototype>,,True,,,,,,,,,,1.aff,False
protoflicker,265,"{""en"":""Protoflicker""}",2,FTR,9,True,9+,True,rating=9;hidden_until=none;chartDesigner=present;chartBodyBundled=false;chartPath=2.aff,normal-slot,antymis <prototype>,,,,,,,,,,,,2.aff,False
stasis,266,"{""en"":""Stasis""}",0,PST,4,,4,True,rating=4;hidden_until=none;chartDesigner=present;chartBodyBundled=false;chartPath=0.aff,normal-slot,東星,,True,,,,,,,,,,0.aff,False
stasis,266,"{""en"":""Stasis""}",1,PRS,7,,7,True,rating=7;hidden_until=none;chartDesigner=present;chartBodyBundled=false;chartPath=1.aff,normal-slot,東星,,True,,,,,,,,,,1.aff,False
stasis,266,"{""en"":""Stasis""}",2,FTR,10,True,10+,True,rating=10;hidden_until=none;chartDesigner=present;chartBodyBundled=false;chartPath=2.aff,normal-slot,東星,,,,,,,,,,,,2.aff,False
picopicotranslation,267,"{""en"":""PICO-Pico-Translation!"",""ja"":""ピコPico*とらんすれーしょんっ！""}",0,PST,2,,2,True,rating=2;hidden_until=none;chartDesigner=present;chartBodyBundled=false;chartPath=0.aff,normal-slot,Translated by én,九鳥ぱんや & t+pazolite,,,,,,,,,,,0.aff,False
picopicotranslation,267,"{""en"":""PICO-Pico-Translation!"",""ja"":""ピコPico*とらんすれーしょんっ！""}",1,PRS,6,,6,True,rating=6;hidden_until=none;chartDesigner=present;chartBodyBundled=false;chartPath=1.aff,normal-slot,Translated by én,九鳥ぱんや & t+pazolite,,,,,,,,,,,1.aff,False
picopicotranslation,267,"{""en"":""PICO-Pico-Translation!"",""ja"":""ピコPico*とらんすれーしょんっ！""}",2,FTR,9,,9,True,rating=9;hidden_until=none;chartDesigner=present;chartBodyBundled=false;chartPath=2.aff,normal-slot,Translated by én,九鳥ぱんや & t+pazolite,,,,,,,,,,,2.aff,False
nekonote,268,"{""en"":""Dancin' on a Cat's Paw"",""ja"":""ネコノテ・カリタガール""}",0,PST,3,,3,True,rating=3;hidden_until=none;chartDesigner=present;chartBodyBundled=false;chartPath=0.aff,normal-slot,antymis,りゅうら + kkkfff2,,,,,,,,,,,0.aff,False
nekonote,268,"{""en"":""Dancin' on a Cat's Paw"",""ja"":""ネコノテ・カリタガール""}",1,PRS,6,,6,True,rating=6;hidden_until=none;chartDesigner=present;chartBodyBundled=false;chartPath=1.aff,normal-slot,antymis,りゅうら + kkkfff2,,,,,,,,,,,1.aff,False
nekonote,268,"{""en"":""Dancin' on a Cat's Paw"",""ja"":""ネコノテ・カリタガール""}",2,FTR,9,,9,True,rating=9;hidden_until=none;chartDesigner=present;chartBodyBundled=false;chartPath=2.aff,normal-slot,antymis,りゅうら + kkkfff2,,,,,,,,,,,2.aff,False
mu,269,"{""en"":""μ""}",0,PST,3,,3,True,rating=3;hidden_until=none;chartDesigner=present;chartBodyBundled=false;chartPath=0.aff,normal-slot,N↕TRO v1.0.5,Frums,,,,,,,,,,,0.aff,False
mu,269,"{""en"":""μ""}",1,PRS,7,,7,True,rating=7;hidden_until=none;chartDesigner=present;chartBodyBundled=false;chartPath=1.aff,normal-slot,N↕TRO v1.0.5,Frums,,,,,,,,,,,1.aff,False
mu,269,"{""en"":""μ""}",2,FTR,9,True,9+,True,rating=9;hidden_until=none;chartDesigner=present;chartBodyBundled=false;chartPath=2.aff,normal-slot,N↕TRO v1.0.5,Frums,,,,,,,,,,,2.aff,False
sanskia,270,"{""en"":""san skia""}",0,PST,3,,3,True,rating=3;hidden_until=none;chartDesigner=present;chartBodyBundled=false;chartPath=0.aff,normal-slot,CERiNG,Ancy,,,,,,,,,,,0.aff,False
sanskia,270,"{""en"":""san skia""}",1,PRS,6,,6,True,rating=6;hidden_until=none;chartDesigner=present;chartBodyBundled=false;chartPath=1.aff,normal-slot,CERiNG,Ancy,,,,,,,,,,,1.aff,False
sanskia,270,"{""en"":""san skia""}",2,FTR,8,,8,True,rating=8;hidden_until=none;chartDesigner=present;chartBodyBundled=false;chartPath=2.aff,normal-slot,CERiNG,Ancy,,,,,,,,,,,2.aff,False
altair,271,"{""en"":""Altair (feat. *spiLa*)""}",0,PST,2,,2,True,rating=2;hidden_until=none;chartDesigner=present;chartBodyBundled=false;chartPath=0.aff,normal-slot,antymis,minamo + レク,,,,,,,,,,,0.aff,False
altair,271,"{""en"":""Altair (feat. *spiLa*)""}",1,PRS,6,,6,True,rating=6;hidden_until=none;chartDesigner=present;chartBodyBundled=false;chartPath=1.aff,normal-slot,antymis,minamo + レク,,,,,,,,,,,1.aff,False
altair,271,"{""en"":""Altair (feat. *spiLa*)""}",2,FTR,8,,8,True,rating=8;hidden_until=none;chartDesigner=present;chartBodyBundled=false;chartPath=2.aff,normal-slot,antymis,minamo + レク,,,,,,,,,,,2.aff,False
mukishitsu,272,"{""en"":""Redraw the Colorless World"",""ja"":""無機質世界に彩を""}",0,PST,4,,4,True,rating=4;hidden_until=none;chartDesigner=present;chartBodyBundled=false;chartPath=0.aff,normal-slot,antymis ~無色~,,,,,,,,,,,,0.aff,False
mukishitsu,272,"{""en"":""Redraw the Colorless World"",""ja"":""無機質世界に彩を""}",1,PRS,6,,6,True,rating=6;hidden_until=none;chartDesigner=present;chartBodyBundled=false;chartPath=1.aff,normal-slot,antymis ~彩色~,,,,,,,,,,,,1.aff,False
mukishitsu,272,"{""en"":""Redraw the Colorless World"",""ja"":""無機質世界に彩を""}",2,FTR,9,,9,True,rating=9;hidden_until=none;chartDesigner=present;chartBodyBundled=false;chartPath=2.aff,normal-slot,antymis ~虹色~,,,,,,,,,,,,2.aff,False
trapcrow,273,"{""en"":""Trap Crow""}",0,PST,4,,4,True,rating=4;hidden_until=none;chartDesigner=present;chartBodyBundled=false;chartPath=0.aff,normal-slot,CERiNG + Nitro,Khronetic,,,,,,,,,,,0.aff,False
trapcrow,273,"{""en"":""Trap Crow""}",1,PRS,7,True,7+,True,rating=7;hidden_until=none;chartDesigner=present;chartBodyBundled=false;chartPath=1.aff,normal-slot,CERiNG + Nitro,Khronetic,,,,,,,,,,,1.aff,False
trapcrow,273,"{""en"":""Trap Crow""}",2,FTR,9,True,9+,True,rating=9;hidden_until=none;chartDesigner=present;chartBodyBundled=false;chartPath=2.aff,normal-slot,CERiNG + Nitro,Khronetic,,,,,,,,,,,2.aff,False
pupa,274,"{""en"":""PUPA""}",0,PST,4,,4,True,rating=4;hidden_until=none;chartDesigner=present;chartBodyBundled=false;chartPath=0.aff,normal-slot,én -胡蝶の夢-,yoshimo,,,,,,,,,,,0.aff,False
pupa,274,"{""en"":""PUPA""}",1,PRS,7,True,7+,True,rating=7;hidden_until=none;chartDesigner=present;chartBodyBundled=false;chartPath=1.aff,normal-slot,én -胡蝶の夢-,yoshimo,,,,,,,,,,,1.aff,False
pupa,274,"{""en"":""PUPA""}",2,FTR,10,,10,True,rating=10;hidden_until=none;chartDesigner=present;chartBodyBundled=false;chartPath=2.aff,normal-slot,én -胡蝶の夢-,yoshimo,,,,,,,,,,,2.aff,False
defection,275,"{""en"":""Defection""}",0,PST,3,,3,True,rating=3;hidden_until=none;chartDesigner=present;chartBodyBundled=false;chartPath=0.aff,normal-slot,Monolith Incarnate,美和野らぐ,,,,,,,,,,,0.aff,False
defection,275,"{""en"":""Defection""}",1,PRS,6,,6,True,rating=6;hidden_until=none;chartDesigner=present;chartBodyBundled=false;chartPath=1.aff,normal-slot,Monolith Incarnate,美和野らぐ,,,,,,,,,,,1.aff,False
defection,275,"{""en"":""Defection""}",2,FTR,9,True,9+,True,rating=9;hidden_until=none;chartDesigner=present;chartBodyBundled=false;chartPath=2.aff,normal-slot,Monolith Incarnate,美和野らぐ,,,,,,,,,,,2.aff,False
infinitestrife,276,"{""en"":""Infinite Strife,""}",0,PST,4,,4,True,rating=4;hidden_until=none;chartDesigner=present;chartBodyBundled=false;chartPath=0.aff,normal-slot,Inner Labyrinth,Enji,,,,,,,,,,,0.aff,False
infinitestrife,276,"{""en"":""Infinite Strife,""}",1,PRS,7,,7,True,rating=7;hidden_until=none;chartDesigner=present;chartBodyBundled=false;chartPath=1.aff,normal-slot,Inner Labyrinth,Enji,,,,,,,,,,,1.aff,False
infinitestrife,276,"{""en"":""Infinite Strife,""}",2,FTR,9,True,9+,True,rating=9;hidden_until=none;chartDesigner=present;chartBodyBundled=false;chartPath=2.aff,normal-slot,Inner Labyrinth,Enji,,,,,,,,,,,2.aff,False
infinitestrife,276,"{""en"":""Infinite Strife,""}",3,BYD,10,True,10+,True,rating=10;hidden_until=none;chartDesigner=present;chartBodyBundled=false;chartPath=3.aff,normal-slot,Inner Labyrinth,Enji,,,,,,,,,,,3.aff,False
worldender,277,"{""en"":""World Ender"",""ja"":""魔王""}",0,PST,4,,4,True,rating=4;hidden_until=none;chartDesigner=present;chartBodyBundled=false;chartPath=0.aff,normal-slot,Imaginary Sky,米室,,,,,,,,,,,0.aff,False
worldender,277,"{""en"":""World Ender"",""ja"":""魔王""}",1,PRS,7,True,7+,True,rating=7;hidden_until=none;chartDesigner=present;chartBodyBundled=false;chartPath=1.aff,normal-slot,Imaginary Sky,米室,,,,,,,,,,,1.aff,False
worldender,277,"{""en"":""World Ender"",""ja"":""魔王""}",2,FTR,10,,10,True,rating=10;hidden_until=none;chartDesigner=present;chartBodyBundled=false;chartPath=2.aff,normal-slot,Imaginary Sky,米室,,,,,,,,,,,2.aff,False
worldender,277,"{""en"":""World Ender"",""ja"":""魔王""}",3,BYD,11,,11,True,rating=11;hidden_until=none;chartDesigner=present;chartBodyBundled=false;chartPath=3.aff,normal-slot,Imaginary Sky,米室,,,,,,,,,,,3.aff,False
pentiment,278,"{""en"":""Pentiment""}",0,PST,7,,7,True,rating=7;hidden_until=none;chartDesigner=present;chartBodyBundled=false;chartPath=0.aff,normal-slot,Paradox Blight,村カルキ,,,,,,,,,,,0.aff,False
pentiment,278,"{""en"":""Pentiment""}",1,PRS,8,True,8+,True,rating=8;hidden_until=none;chartDesigner=present;chartBodyBundled=false;chartPath=1.aff,normal-slot,Paradox Blight,村カルキ,,,,,,,,,,,1.aff,False
pentiment,278,"{""en"":""Pentiment""}",2,FTR,10,,10,True,rating=10;hidden_until=none;chartDesigner=present;chartBodyBundled=false;chartPath=2.aff,normal-slot,Paradox Blight,村カルキ,,,,,,,,,,,2.aff,False
pentiment,278,"{""en"":""Pentiment""}",3,BYD,11,,11,True,rating=11;hidden_until=none;chartDesigner=present;chartBodyBundled=false;chartPath=3.aff,normal-slot,Paradox Blight,村カルキ,,,,,,,,,,,3.aff,False
arcanaeden,279,"{""en"":""Arcana Eden""}",0,PST,5,,5,True,rating=5;hidden_until=none;chartDesigner=present;chartBodyBundled=false;chartPath=0.aff,normal-slot,Eye of the Storm,シエラ,,,,,,,,,,,0.aff,False
arcanaeden,279,"{""en"":""Arcana Eden""}",1,PRS,8,True,8+,True,rating=8;hidden_until=none;chartDesigner=present;chartBodyBundled=false;chartPath=1.aff,normal-slot,Eye of the Storm,シエラ,,,,,,,,,,,1.aff,False
arcanaeden,279,"{""en"":""Arcana Eden""}",2,FTR,10,,10,True,rating=10;hidden_until=none;chartDesigner=present;chartBodyBundled=false;chartPath=2.aff,normal-slot,Eye of the Storm,シエラ,,,,,,,,,,,2.aff,False
arcanaeden,279,"{""en"":""Arcana Eden""}",3,BYD,11,,11,True,rating=11;hidden_until=none;chartDesigner=present;chartBodyBundled=false;chartPath=3.aff,normal-slot,Eye of the Storm,シエラ,,,,,,,,,,,3.aff,False
testify,280,"{""en"":""Testify""}",0,PST,7,True,7+,True,rating=7;hidden_until=song;chartDesigner=present;chartBodyBundled=false;chartPath=0.aff,unlock-gated-slot,Eternal¦PAST,シエラ,,,,,,,,,,,0.aff,False
testify,280,"{""en"":""Testify""}",1,PRS,9,,9,True,rating=9;hidden_until=song;chartDesigner=present;chartBodyBundled=false;chartPath=1.aff,unlock-gated-slot,Adverse¦PRESENT,シエラ,,,,,,,,,,,1.aff,False
testify,280,"{""en"":""Testify""}",2,FTR,10,True,10+,True,rating=10;hidden_until=song;chartDesigner=present;chartBodyBundled=false;chartPath=2.aff,unlock-gated-slot,Black¦FUTURE,シエラ,,,,,,,,,,,2.aff,False
testify,280,"{""en"":""Testify""}",3,BYD,12,,12,True,rating=12;hidden_until=song;chartDesigner=present;chartBodyBundled=false;chartPath=3.aff,unlock-gated-slot,Silent¦END,シエラ,,,,,,,,,,,3.aff,False
lovelessdress,281,"{""en"":""Loveless Dress""}",0,PST,3,,3,True,rating=3;hidden_until=song;chartDesigner=present;chartBodyBundled=false;chartPath=0.aff,unlock-gated-slot,Final Prayer,Mechari,,,,,,,,,,,0.aff,False
lovelessdress,281,"{""en"":""Loveless Dress""}",1,PRS,6,,6,True,rating=6;hidden_until=song;chartDesigner=present;chartBodyBundled=false;chartPath=1.aff,unlock-gated-slot,Final Prayer,Mechari,,,,,,,,,,,1.aff,False
lovelessdress,281,"{""en"":""Loveless Dress""}",2,FTR,9,True,9+,True,rating=9;hidden_until=song;chartDesigner=present;chartBodyBundled=false;chartPath=2.aff,unlock-gated-slot,Final Prayer,Mechari,,,,,,,,,,,2.aff,False
last,282,"{""en"":""Last""}",0,PST,4,,4,True,rating=4;hidden_until=song;chartDesigner=present;chartBodyBundled=false;chartPath=0.aff,unlock-gated-slot,Arcaea,シエラ,,,,,,,,,,,0.aff,False
last,282,"{""en"":""Last""}",1,PRS,7,,7,True,rating=7;hidden_until=song;chartDesigner=present;chartBodyBundled=false;chartPath=1.aff,unlock-gated-slot,Arcaea,シエラ,,,,,,,,,,,1.aff,False
last,282,"{""en"":""Last""}",2,FTR,9,,9,True,rating=9;hidden_until=song;chartDesigner=present;chartBodyBundled=false;chartPath=2.aff,unlock-gated-slot,Arcaea,シエラ,,,,,,,,,,,2.aff,False
last,282,"{""en"":""Last""}",3,BYD,9,,9,True,rating=9;hidden_until=difficulty;chartDesigner=present;chartBodyBundled=false;chartPath=3.aff,unlock-gated-slot,Arcaea,シエラ,True,,"{""en"":""Last | Moment""}",True,,,,,,,3.aff,False
lasteternity,283,"{""en"":""Last | Eternity""}",0,PST,0,,,False,rating=0;hidden_until=always;chartDesigner=empty;chartBodyBundled=false,inactive-placeholder,,,,,,,,,,,,,0.aff,False
lasteternity,283,"{""en"":""Last | Eternity""}",1,PRS,0,,,False,rating=0;hidden_until=always;chartDesigner=empty;chartBodyBundled=false,inactive-placeholder,,,,,,,,,,,,,1.aff,False
lasteternity,283,"{""en"":""Last | Eternity""}",2,FTR,0,,,False,rating=0;hidden_until=always;chartDesigner=empty;chartBodyBundled=false,inactive-placeholder,,,,,,,,,,,,,2.aff,False
lasteternity,283,"{""en"":""Last | Eternity""}",3,BYD,9,True,9+,True,rating=9;hidden_until=difficulty;chartDesigner=present;chartBodyBundled=false;chartPath=3.aff,unlock-gated-slot,Arcaea,シエラ,,,,,,,,,,,3.aff,False
callimakarma,284,"{""en"":""Callima Karma""}",0,PST,3,,3,True,rating=3;hidden_until=song;chartDesigner=present;chartBodyBundled=false;chartPath=0.aff,unlock-gated-slot,Forlorn Dream,がわこ,,,,,,,,,,,0.aff,False
callimakarma,284,"{""en"":""Callima Karma""}",1,PRS,7,,7,True,rating=7;hidden_until=song;chartDesigner=present;chartBodyBundled=false;chartPath=1.aff,unlock-gated-slot,Forlorn Dream,がわこ,,,,,,,,,,,1.aff,False
callimakarma,284,"{""en"":""Callima Karma""}",2,FTR,9,True,9+,True,rating=9;hidden_until=song;chartDesigner=present;chartBodyBundled=false;chartPath=2.aff,unlock-gated-slot,Forlorn Dream,がわこ,,,,,,,,,,,2.aff,False
kokoro,285,"{""en"":""Heart"",""ja"":""心""}",0,PST,1,,1,True,rating=1;hidden_until=none;chartDesigner=present;chartBodyBundled=false;chartPath=0.aff,normal-slot,écologie (from SEGA),,,,,,,,,,,,0.aff,False
kokoro,285,"{""en"":""Heart"",""ja"":""心""}",1,PRS,5,,5,True,rating=5;hidden_until=none;chartDesigner=present;chartBodyBundled=false;chartPath=1.aff,normal-slot,écologie (from SEGA),,,,,,,,,,,,1.aff,False
kokoro,285,"{""en"":""Heart"",""ja"":""心""}",2,FTR,9,,9,True,rating=9;hidden_until=none;chartDesigner=present;chartBodyBundled=false;chartPath=2.aff,normal-slot,écologie (from SEGA),,,,,,,,,,,,2.aff,False
aidrew,286,"{""en"":""Ai Drew""}",0,PST,3,,3,True,rating=3;hidden_until=none;chartDesigner=present;chartBodyBundled=false;chartPath=0.aff,normal-slot,moonquay【新入生】,,,,,,,,,,,,0.aff,False
aidrew,286,"{""en"":""Ai Drew""}",1,PRS,6,,6,True,rating=6;hidden_until=none;chartDesigner=present;chartBodyBundled=false;chartPath=1.aff,normal-slot,moonquay v.EXPERT,,,,,,,,,,,,1.aff,False
aidrew,286,"{""en"":""Ai Drew""}",2,FTR,9,True,9+,True,rating=9;hidden_until=none;chartDesigner=present;chartBodyBundled=false;chartPath=2.aff,normal-slot,moonquay v.MASTER,,,,,,,,,,,,2.aff,False
fluffyflash,287,"{""en"":""FLUFFY FLASH""}",0,PST,3,,3,True,rating=3;hidden_until=none;chartDesigner=present;chartBodyBundled=false;chartPath=0.aff,normal-slot,Toaster,,,,,,,,,,,,0.aff,False
fluffyflash,287,"{""en"":""FLUFFY FLASH""}",1,PRS,6,,6,True,rating=6;hidden_until=none;chartDesigner=present;chartBodyBundled=false;chartPath=1.aff,normal-slot,Toaster,,,,,,,,,,,,1.aff,False
fluffyflash,287,"{""en"":""FLUFFY FLASH""}",2,FTR,9,True,9+,True,rating=9;hidden_until=none;chartDesigner=present;chartBodyBundled=false;chartPath=2.aff,normal-slot,Toaster,,,,,,,,,,,,2.aff,False
goodbyemerry,288,"{""en"":""Good bye, Merry-Go-Round.""}",0,PST,4,,4,True,rating=4;hidden_until=none;chartDesigner=present;chartBodyBundled=false;chartPath=0.aff,normal-slot,絶滅,,,,,,,,,,,,0.aff,False
goodbyemerry,288,"{""en"":""Good bye, Merry-Go-Round.""}",1,PRS,7,,7,True,rating=7;hidden_until=none;chartDesigner=present;chartBodyBundled=false;chartPath=1.aff,normal-slot,絶滅,,,,,,,,,,,,1.aff,False
goodbyemerry,288,"{""en"":""Good bye, Merry-Go-Round.""}",2,FTR,10,,10,True,rating=10;hidden_until=none;chartDesigner=present;chartBodyBundled=false;chartPath=2.aff,normal-slot,絶滅,,,,,,,,,,,,2.aff,False
lamia,289,"{""en"":""LAMIA""}",0,PST,5,,5,True,rating=5;hidden_until=none;chartDesigner=present;chartBodyBundled=false;chartPath=0.aff,normal-slot,夜浪,,,,,,,,,,,,0.aff,False
lamia,289,"{""en"":""LAMIA""}",1,PRS,8,,8,True,rating=8;hidden_until=none;chartDesigner=present;chartBodyBundled=false;chartPath=1.aff,normal-slot,夜浪「ノブレス・オブリージュ」,,,,,,,,,,,,1.aff,False
lamia,289,"{""en"":""LAMIA""}",2,FTR,11,,11,True,rating=11;hidden_until=none;chartDesigner=present;chartBodyBundled=false;chartPath=2.aff,normal-slot,[漆黒の執行者] 夜浪,,,,,,,,,,,,2.aff,False
freemyself,290,"{""en"":""Free Myself""}",0,PST,4,,4,True,rating=4;hidden_until=none;chartDesigner=present;chartBodyBundled=false;chartPath=0.aff,normal-slot,Exschwasion,裕,,,,,,,,,,,0.aff,False
freemyself,290,"{""en"":""Free Myself""}",1,PRS,7,,7,True,rating=7;hidden_until=none;chartDesigner=present;chartBodyBundled=false;chartPath=1.aff,normal-slot,Exschwasion,裕,,,,,,,,,,,1.aff,False
freemyself,290,"{""en"":""Free Myself""}",2,FTR,10,,10,True,rating=10;hidden_until=none;chartDesigner=present;chartBodyBundled=false;chartPath=2.aff,normal-slot,Exschwasion -unbound-,裕,,,,,,,,,,,2.aff,False
cocorocosmetic,291,"{""en"":""cocoro*cosmetic""}",0,PST,3,,3,True,rating=3;hidden_until=none;chartDesigner=present;chartBodyBundled=false;chartPath=0.aff,normal-slot,Nitro,wacca,,,,,,,,,,,0.aff,False
cocorocosmetic,291,"{""en"":""cocoro*cosmetic""}",1,PRS,7,,7,True,rating=7;hidden_until=none;chartDesigner=present;chartBodyBundled=false;chartPath=1.aff,normal-slot,Nitro,wacca,,,,,,,,,,,1.aff,False
cocorocosmetic,291,"{""en"":""cocoro*cosmetic""}",2,FTR,9,,9,True,rating=9;hidden_until=none;chartDesigner=present;chartBodyBundled=false;chartPath=2.aff,normal-slot,Nitro,wacca,,,,,,,,,,,2.aff,False
capella,292,"{""en"":""Capella""}",0,PST,4,,4,True,rating=4;hidden_until=none;chartDesigner=present;chartBodyBundled=false;chartPath=0.aff,normal-slot,0°Nitro,シエラ,,,,,,,,,,,0.aff,False
capella,292,"{""en"":""Capella""}",1,PRS,7,True,7+,True,rating=7;hidden_until=none;chartDesigner=present;chartBodyBundled=false;chartPath=1.aff,normal-slot,0°Nitro,シエラ,,,,,,,,,,,1.aff,False
capella,292,"{""en"":""Capella""}",2,FTR,10,,10,True,rating=10;hidden_until=none;chartDesigner=present;chartBodyBundled=false;chartPath=2.aff,normal-slot,0°Nitro,シエラ,,,,,,,,,,,2.aff,False
dialnote,293,"{""en"":""Dialnote"",""ja"":""だいあるのーと""}",0,PST,3,,3,True,rating=3;hidden_until=none;chartDesigner=present;chartBodyBundled=true;chartPath=0.aff,normal-slot,Nitroです。,七草くりむ,,,,,,,,,,,0.aff,True
dialnote,293,"{""en"":""Dialnote"",""ja"":""だいあるのーと""}",1,PRS,6,,6,True,rating=6;hidden_until=none;chartDesigner=present;chartBodyBundled=true;chartPath=1.aff,normal-slot,Nitroです。,七草くりむ,,,,,,,,,,,1.aff,True
dialnote,293,"{""en"":""Dialnote"",""ja"":""だいあるのーと""}",2,FTR,8,True,8+,True,rating=8;hidden_until=none;chartDesigner=present;chartBodyBundled=true;chartPath=2.aff,normal-slot,Nitroです。,七草くりむ,,,,,,,,,,,2.aff,True
tsukinimurakumo,294,"{""en"":""Tsuki ni Murakumo, Hana ni Kaze"",""ja"":""月に叢雲華に風""}",0,PST,3,,3,True,rating=3;hidden_until=none;chartDesigner=present;chartBodyBundled=false;chartPath=0.aff,normal-slot,Lovely Visitor「Toaster」,,,,,,,,,,,,0.aff,False
tsukinimurakumo,294,"{""en"":""Tsuki ni Murakumo, Hana ni Kaze"",""ja"":""月に叢雲華に風""}",1,PRS,6,,6,True,rating=6;hidden_until=none;chartDesigner=present;chartBodyBundled=false;chartPath=1.aff,normal-slot,Lovely Visitor「Toaster」,,,,,,,,,,,,1.aff,False
tsukinimurakumo,294,"{""en"":""Tsuki ni Murakumo, Hana ni Kaze"",""ja"":""月に叢雲華に風""}",2,FTR,8,True,8+,True,rating=8;hidden_until=none;chartDesigner=present;chartBodyBundled=false;chartPath=2.aff,normal-slot,Lovely Visitor「Toaster」,,,,,,,,,,,,2.aff,False
mantis,295,"{""en"":""MANTIS (Arcaea Ultra-Bloodrush VIP)""}",0,PST,3,,3,True,rating=3;hidden_until=none;chartDesigner=present;chartBodyBundled=false;chartPath=0.aff,normal-slot,ANTyMIS,N²/ANTIREAL,,,,,,,,,,,0.aff,False
mantis,295,"{""en"":""MANTIS (Arcaea Ultra-Bloodrush VIP)""}",1,PRS,7,,7,True,rating=7;hidden_until=none;chartDesigner=present;chartBodyBundled=false;chartPath=1.aff,normal-slot,ANTyMIS,N²/ANTIREAL,,,,,,,,,,,1.aff,False
mantis,295,"{""en"":""MANTIS (Arcaea Ultra-Bloodrush VIP)""}",2,FTR,9,,9,True,rating=9;hidden_until=none;chartDesigner=present;chartBodyBundled=false;chartPath=2.aff,normal-slot,ANTyMIS,N²/ANTIREAL,,,,,,,,,,,2.aff,False
worldfragments,296,"{""en"":""World Fragments III(radio edit)""}",0,PST,3,,3,True,rating=3;hidden_until=none;chartDesigner=present;chartBodyBundled=false;chartPath=0.aff,normal-slot,én,,,,,,,,,,,,0.aff,False
worldfragments,296,"{""en"":""World Fragments III(radio edit)""}",1,PRS,7,,7,True,rating=7;hidden_until=none;chartDesigner=present;chartBodyBundled=false;chartPath=1.aff,normal-slot,én,,,,,,,,,,,,1.aff,False
worldfragments,296,"{""en"":""World Fragments III(radio edit)""}",2,FTR,9,True,9+,True,rating=9;hidden_until=none;chartDesigner=present;chartBodyBundled=false;chartPath=2.aff,normal-slot,én supported by Nitro,,,,,,,,,,,,2.aff,False
astrawalkthrough,297,"{""en"":""Astra walkthrough""}",0,PST,4,,4,True,rating=4;hidden_until=none;chartDesigner=present;chartBodyBundled=false;chartPath=0.aff,normal-slot,Aster,八重幸,,,,,,,,,,,0.aff,False
astrawalkthrough,297,"{""en"":""Astra walkthrough""}",1,PRS,7,True,7+,True,rating=7;hidden_until=none;chartDesigner=present;chartBodyBundled=false;chartPath=1.aff,normal-slot,Aster,八重幸,,,,,,,,,,,1.aff,False
astrawalkthrough,297,"{""en"":""Astra walkthrough""}",2,FTR,9,True,9+,True,rating=9;hidden_until=none;chartDesigner=present;chartBodyBundled=false;chartPath=2.aff,normal-slot,Aster join Toaster.,八重幸,,,,,,,,,,,2.aff,False
chronicle,298,"{""en"":""Chronicle""}",0,PST,5,,5,True,rating=5;hidden_until=none;chartDesigner=present;chartBodyBundled=false;chartPath=0.aff,normal-slot,夜浪 -Annales Historiae-,fixro2n,,,,,,,,,,,0.aff,False
chronicle,298,"{""en"":""Chronicle""}",1,PRS,8,True,8+,True,rating=8;hidden_until=none;chartDesigner=present;chartBodyBundled=false;chartPath=1.aff,normal-slot,夜浪 -Annales Historiae-,fixro2n,,,,,,,,,,,1.aff,False
chronicle,298,"{""en"":""Chronicle""}",2,FTR,10,,10,True,rating=10;hidden_until=none;chartDesigner=present;chartBodyBundled=false;chartPath=2.aff,normal-slot,夜浪 -Annales Historiae-,fixro2n,,,,,,,,,,,2.aff,False
nullapophenia,299,"{""en"":""NULL APOPHENIA""}",0,PST,4,,4,True,rating=4;hidden_until=none;chartDesigner=present;chartBodyBundled=false;chartPath=0.aff,normal-slot,夜浪,softmode,,,,,,,,,,,0.aff,False
nullapophenia,299,"{""en"":""NULL APOPHENIA""}",1,PRS,8,True,8+,True,rating=8;hidden_until=none;chartDesigner=present;chartBodyBundled=false;chartPath=1.aff,normal-slot,夜浪,softmode,,,,,,,,,,,1.aff,False
nullapophenia,299,"{""en"":""NULL APOPHENIA""}",2,FTR,10,True,10+,True,rating=10;hidden_until=none;chartDesigner=present;chartBodyBundled=false;chartPath=2.aff,normal-slot,東星 vs 夜浪《APOPHÄNIE》,softmode,,,,,,,,,,,2.aff,False
crimsonthrone,300,"{""en"":""Crimson Throne""}",0,PST,4,,4,True,rating=4;hidden_until=none;chartDesigner=present;chartBodyBundled=false;chartPath=0.aff,normal-slot,Toaster,nonokuro,,,,,,,,,,,0.aff,False
crimsonthrone,300,"{""en"":""Crimson Throne""}",1,PRS,8,,8,True,rating=8;hidden_until=none;chartDesigner=present;chartBodyBundled=false;chartPath=1.aff,normal-slot,Toaster,nonokuro,,,,,,,,,,,1.aff,False
crimsonthrone,300,"{""en"":""Crimson Throne""}",2,FTR,10,,10,True,rating=10;hidden_until=none;chartDesigner=present;chartBodyBundled=false;chartPath=2.aff,normal-slot,Toaster,nonokuro,,,,,,,,,,,2.aff,False
manicjeer,301,"{""en"":""Manic Jeer""}",0,PST,4,,4,True,rating=4;hidden_until=none;chartDesigner=present;chartBodyBundled=false;chartPath=0.aff,normal-slot,NITR<O>,トロ３,,,,,,,,,,,0.aff,False
manicjeer,301,"{""en"":""Manic Jeer""}",1,PRS,7,True,7+,True,rating=7;hidden_until=none;chartDesigner=present;chartBodyBundled=false;chartPath=1.aff,normal-slot,NITR<O>,トロ３,,,,,,,,,,,1.aff,False
manicjeer,301,"{""en"":""Manic Jeer""}",2,FTR,10,,10,True,rating=10;hidden_until=none;chartDesigner=present;chartBodyBundled=false;chartPath=2.aff,normal-slot,NITR<O>,トロ３,,,,,,,,,,,2.aff,False
hiirogekka,302,"{""en"":""Hiiro Gekka, Kyoushou no Zetsu (nayuta 2017 ver.)"",""ja"":""緋色月下、狂咲ノ絶 (nayuta 2017 ver.)""}",0,PST,3,,3,True,rating=3;hidden_until=none;chartDesigner=present;chartBodyBundled=false;chartPath=0.aff,normal-slot,絶滅 Exschwasion 絶滅 Exschwasion,ぃやまと,,,,,,,,,,,0.aff,False
hiirogekka,302,"{""en"":""Hiiro Gekka, Kyoushou no Zetsu (nayuta 2017 ver.)"",""ja"":""緋色月下、狂咲ノ絶 (nayuta 2017 ver.)""}",1,PRS,6,,6,True,rating=6;hidden_until=none;chartDesigner=present;chartBodyBundled=false;chartPath=1.aff,normal-slot,絶滅 Exschwasion 絶滅 Exschwasion,ぃやまと,,,,,,,,,,,1.aff,False
hiirogekka,302,"{""en"":""Hiiro Gekka, Kyoushou no Zetsu (nayuta 2017 ver.)"",""ja"":""緋色月下、狂咲ノ絶 (nayuta 2017 ver.)""}",2,FTR,10,,10,True,rating=10;hidden_until=none;chartDesigner=present;chartBodyBundled=false;chartPath=2.aff,normal-slot,絶滅 Exschwasion 絶滅 Exschwasion,ぃやまと,,,,,,,,,,,2.aff,False
letsrock,303,"{""en"":""Let's Rock (Arcaea mix)""}",0,PST,3,,3,True,rating=3;hidden_until=none;chartDesigner=present;chartBodyBundled=false;chartPath=0.aff,normal-slot,Luxance,虎硬 + 無想りんね,,,,,,,,,,,0.aff,False
letsrock,303,"{""en"":""Let's Rock (Arcaea mix)""}",1,PRS,7,,7,True,rating=7;hidden_until=none;chartDesigner=present;chartBodyBundled=false;chartPath=1.aff,normal-slot,Luxance,虎硬 + 無想りんね,,,,,,,,,,,1.aff,False
letsrock,303,"{""en"":""Let's Rock (Arcaea mix)""}",2,FTR,9,True,9+,True,rating=9;hidden_until=none;chartDesigner=present;chartBodyBundled=false;chartPath=2.aff,normal-slot,Luxance,虎硬 + 無想りんね,,,,,,,,,,,2.aff,False
cycles,304,"{""en"":""CYCLES""}",0,PST,2,,2,True,rating=2;hidden_until=none;chartDesigner=present;chartBodyBundled=false;chartPath=0.aff,normal-slot,Nitro,,,,,,,,,,,,0.aff,False
cycles,304,"{""en"":""CYCLES""}",1,PRS,5,,5,True,rating=5;hidden_until=none;chartDesigner=present;chartBodyBundled=false;chartPath=1.aff,normal-slot,N-Helix,,,,,,,,,,,,1.aff,False
cycles,304,"{""en"":""CYCLES""}",2,FTR,8,True,8+,True,rating=8;hidden_until=none;chartDesigner=present;chartBodyBundled=false;chartPath=2.aff,normal-slot,N-Helix,,,,,,,,,,,,2.aff,False
maxrage,305,"{""en"":""MAXRAGE""}",0,PST,3,,3,True,rating=3;hidden_until=none;chartDesigner=present;chartBodyBundled=false;chartPath=0.aff,normal-slot,EXSCHWASION,,,,,,,,,,,,0.aff,False
maxrage,305,"{""en"":""MAXRAGE""}",1,PRS,6,,6,True,rating=6;hidden_until=none;chartDesigner=present;chartBodyBundled=false;chartPath=1.aff,normal-slot,EXSCHWASION,,,,,,,,,,,,1.aff,False
maxrage,305,"{""en"":""MAXRAGE""}",2,FTR,9,True,9+,True,rating=9;hidden_until=none;chartDesigner=present;chartBodyBundled=false;chartPath=2.aff,normal-slot,EXSCHWASION,,,,,,,,,,,,2.aff,False
infinity,306,"{""en"":""[X]""}",0,PST,4,,4,True,rating=4;hidden_until=none;chartDesigner=present;chartBodyBundled=false;chartPath=0.aff,normal-slot,Nitro,,,,,,,,,,,,0.aff,False
infinity,306,"{""en"":""[X]""}",1,PRS,7,True,7+,True,rating=7;hidden_until=none;chartDesigner=present;chartBodyBundled=false;chartPath=1.aff,normal-slot,Nitro,,,,,,,,,,,,1.aff,False
infinity,306,"{""en"":""[X]""}",2,FTR,10,,10,True,rating=10;hidden_until=none;chartDesigner=present;chartBodyBundled=false;chartPath=2.aff,normal-slot,東星,,,,,,,,,,,,2.aff,False
temptation,307,"{""en"":""TEmPTaTiON""}",0,PST,5,,5,True,rating=5;hidden_until=none;chartDesigner=present;chartBodyBundled=false;chartPath=0.aff,normal-slot,EXtINcTiON,,,,,,,,,,,,0.aff,False
temptation,307,"{""en"":""TEmPTaTiON""}",1,PRS,8,,8,True,rating=8;hidden_until=none;chartDesigner=present;chartBodyBundled=false;chartPath=1.aff,normal-slot,EXtINcTiON,,,,,,,,,,,,1.aff,False
temptation,307,"{""en"":""TEmPTaTiON""}",2,FTR,10,True,10+,True,rating=10;hidden_until=none;chartDesigner=present;chartBodyBundled=false;chartPath=2.aff,normal-slot,EXtINcTiON,,,,,,,,,,,,2.aff,False
primitivelights,308,"{""en"":""PRIMITIVE LIGHTS""}",0,PST,5,,5,True,rating=5;hidden_until=none;chartDesigner=present;chartBodyBundled=false;chartPath=0.aff,normal-slot,東星※原初の灯,Waterswing,,,,,,,,,,,0.aff,False
primitivelights,308,"{""en"":""PRIMITIVE LIGHTS""}",1,PRS,8,True,8+,True,rating=8;hidden_until=none;chartDesigner=present;chartBodyBundled=false;chartPath=1.aff,normal-slot,東星※原初の灯,Waterswing,,,,,,,,,,,1.aff,False
primitivelights,308,"{""en"":""PRIMITIVE LIGHTS""}",2,FTR,10,True,10+,True,rating=10;hidden_until=none;chartDesigner=present;chartBodyBundled=false;chartPath=2.aff,normal-slot,東星※原初の灯,Waterswing,,,,,,,,,,,2.aff,False
cosmopop,309,"{""en"":""Cosmo Pop Funclub"",""ja"":""コスモポップファンクラブ""}",0,PST,2,,2,True,rating=2;hidden_until=none;chartDesigner=present;chartBodyBundled=false;chartPath=0.aff,normal-slot,Nitro NEW!!,,,,,,,,,,,,0.aff,False
cosmopop,309,"{""en"":""Cosmo Pop Funclub"",""ja"":""コスモポップファンクラブ""}",1,PRS,6,,6,True,rating=6;hidden_until=none;chartDesigner=present;chartBodyBundled=false;chartPath=1.aff,normal-slot,Nitro NEW!!,,,,,,,,,,,,1.aff,False
cosmopop,309,"{""en"":""Cosmo Pop Funclub"",""ja"":""コスモポップファンクラブ""}",2,FTR,8,True,8+,True,rating=8;hidden_until=none;chartDesigner=present;chartBodyBundled=false;chartPath=2.aff,normal-slot,Nitro NEW!!,,,,,,,,,,,,2.aff,False
impact,310,"{""en"":""IMPACT""}",0,PST,3,,3,True,rating=3;hidden_until=none;chartDesigner=present;chartBodyBundled=false;chartPath=0.aff,normal-slot,ÉCOLOGIE IMPACT,,,,,,,,,,,,0.aff,False
impact,310,"{""en"":""IMPACT""}",1,PRS,7,True,7+,True,rating=7;hidden_until=none;chartDesigner=present;chartBodyBundled=false;chartPath=1.aff,normal-slot,ÉN IMPACT,,,,,,,,,,,,1.aff,False
impact,310,"{""en"":""IMPACT""}",2,FTR,9,,9,True,rating=9;hidden_until=none;chartDesigner=present;chartBodyBundled=false;chartPath=2.aff,normal-slot,én feat. écologie,,,,,,,,,,,,2.aff,False
impact,310,"{""en"":""IMPACT""}",3,BYD,10,,10,True,rating=10;hidden_until=none;chartDesigner=present;chartBodyBundled=false;chartPath=3.aff,normal-slot,Toaster NEW!!,,,,,,,,,,,,3.aff,False
genesischunithm,311,"{""en"":""Genesis""}",0,PST,4,,4,True,rating=4;hidden_until=none;chartDesigner=present;chartBodyBundled=false;chartPath=0.aff,normal-slot,Exschwasion,,,,,,,,,,,,0.aff,False
genesischunithm,311,"{""en"":""Genesis""}",1,PRS,7,,7,True,rating=7;hidden_until=none;chartDesigner=present;chartBodyBundled=false;chartPath=1.aff,normal-slot,Exschwasion,,,,,,,,,,,,1.aff,False
genesischunithm,311,"{""en"":""Genesis""}",2,FTR,9,True,9+,True,rating=9;hidden_until=none;chartDesigner=present;chartBodyBundled=false;chartPath=2.aff,normal-slot,Exschwasion,,,,,,,,,,,,2.aff,False
trrricksters,312,"{""en"":""Trrricksters!!""}",0,PST,4,,4,True,rating=4;hidden_until=none;chartDesigner=present;chartBodyBundled=false;chartPath=0.aff,normal-slot,絶滅,,,,,,,,,,,,0.aff,False
trrricksters,312,"{""en"":""Trrricksters!!""}",1,PRS,7,,7,True,rating=7;hidden_until=none;chartDesigner=present;chartBodyBundled=false;chartPath=1.aff,normal-slot,絶滅,,,,,,,,,,,,1.aff,False
trrricksters,312,"{""en"":""Trrricksters!!""}",2,FTR,10,,10,True,rating=10;hidden_until=none;chartDesigner=present;chartBodyBundled=false;chartPath=2.aff,normal-slot,絶滅,,,,,,,,,,,,2.aff,False
spidersthread,313,"{""en"":""Spider's Thread"",""ja"":""蜘蛛の糸""}",0,PST,4,,4,True,rating=4;hidden_until=none;chartDesigner=present;chartBodyBundled=false;chartPath=0.aff,normal-slot,夜浪 <->,,,,,,,,,,,,0.aff,False
spidersthread,313,"{""en"":""Spider's Thread"",""ja"":""蜘蛛の糸""}",1,PRS,7,True,7+,True,rating=7;hidden_until=none;chartDesigner=present;chartBodyBundled=false;chartPath=1.aff,normal-slot,夜浪 <->,,,,,,,,,,,,1.aff,False
spidersthread,313,"{""en"":""Spider's Thread"",""ja"":""蜘蛛の糸""}",2,FTR,10,True,10+,True,rating=10;hidden_until=none;chartDesigner=present;chartBodyBundled=false;chartPath=2.aff,normal-slot,夜浪 <->,,,,,,,,,,,,2.aff,False
lostemotion,314,"{""en"":""Lost Emotion feat. nomico""}",0,PST,3,,3,True,rating=3;hidden_until=none;chartDesigner=present;chartBodyBundled=false;chartPath=0.aff,normal-slot,ポーカーフェイスのToaster,SoU(wavforme),,,,,,,,,,,0.aff,False
lostemotion,314,"{""en"":""Lost Emotion feat. nomico""}",1,PRS,7,,7,True,rating=7;hidden_until=none;chartDesigner=present;chartBodyBundled=false;chartPath=1.aff,normal-slot,ポーカーフェイスのToaster,SoU(wavforme),,,,,,,,,,,1.aff,False
lostemotion,314,"{""en"":""Lost Emotion feat. nomico""}",2,FTR,9,,9,True,rating=9;hidden_until=none;chartDesigner=present;chartBodyBundled=false;chartPath=2.aff,normal-slot,ポーカーフェイスのToaster,SoU(wavforme),,,,,,,,,,,2.aff,False
gimmick,315,"{""en"":""GIMMICK""}",0,PST,2,,2,True,rating=2;hidden_until=none;chartDesigner=present;chartBodyBundled=false;chartPath=0.aff,normal-slot,Nitro,,,,,,,,,,,,0.aff,False
gimmick,315,"{""en"":""GIMMICK""}",1,PRS,6,,6,True,rating=6;hidden_until=none;chartDesigner=present;chartBodyBundled=false;chartPath=1.aff,normal-slot,Nitro,,,,,,,,,,,,1.aff,False
gimmick,315,"{""en"":""GIMMICK""}",2,FTR,9,,9,True,rating=9;hidden_until=none;chartDesigner=present;chartBodyBundled=false;chartPath=2.aff,normal-slot,antymis + Nitro,,,,,,,,,,,,2.aff,False
thesurvivor,316,"{""en"":""The Survivor (Game Edit)""}",0,PST,3,,3,True,rating=3;hidden_until=none;chartDesigner=present;chartBodyBundled=false;chartPath=0.aff,normal-slot,Nitro,12d,,,,,,,,,,,0.aff,False
thesurvivor,316,"{""en"":""The Survivor (Game Edit)""}",1,PRS,6,,6,True,rating=6;hidden_until=none;chartDesigner=present;chartBodyBundled=false;chartPath=1.aff,normal-slot,Nitro,12d,,,,,,,,,,,1.aff,False
thesurvivor,316,"{""en"":""The Survivor (Game Edit)""}",2,FTR,9,True,9+,True,rating=9;hidden_until=none;chartDesigner=present;chartBodyBundled=false;chartPath=2.aff,normal-slot,Nitro,12d,,,,,,,,,,,2.aff,False
newyorkbackraise,317,"{""en"":""New York Back Raise""}",0,PST,4,,4,True,rating=4;hidden_until=none;chartDesigner=present;chartBodyBundled=false;chartPath=0.aff,normal-slot,Exschwasion 「CHECK」,すずあ,,,,,,,,,,,0.aff,False
newyorkbackraise,317,"{""en"":""New York Back Raise""}",1,PRS,7,,7,True,rating=7;hidden_until=none;chartDesigner=present;chartBodyBundled=false;chartPath=1.aff,normal-slot,Exschwasion 「RAISE」,すずあ,,,,,,,,,,,1.aff,False
newyorkbackraise,317,"{""en"":""New York Back Raise""}",2,FTR,9,True,9+,True,rating=9;hidden_until=none;chartDesigner=present;chartBodyBundled=false;chartPath=2.aff,normal-slot,Exschwasion 「ALL IN」,すずあ,,,,,,,,,,,2.aff,False
galacticlove,318,"{""en"":""Galactic Love""}",0,PST,3,,3,True,rating=3;hidden_until=none;chartDesigner=present;chartBodyBundled=false;chartPath=0.aff,normal-slot,én,,,,,,,,,,,,0.aff,False
galacticlove,318,"{""en"":""Galactic Love""}",1,PRS,6,,6,True,rating=6;hidden_until=none;chartDesigner=present;chartBodyBundled=false;chartPath=1.aff,normal-slot,én,,,,,,,,,,,,1.aff,False
galacticlove,318,"{""en"":""Galactic Love""}",2,FTR,9,,9,True,rating=9;hidden_until=none;chartDesigner=present;chartBodyBundled=false;chartPath=2.aff,normal-slot,én,,,,,,,,,,,,2.aff,False
lawlesspoint,319,"{""en"":""Lawless Point"",""ja"":""無法地点""}",0,PST,3,,3,True,rating=3;hidden_until=none;chartDesigner=present;chartBodyBundled=false;chartPath=0.aff,normal-slot,Luxance,,,,,,,,,,,,0.aff,False
lawlesspoint,319,"{""en"":""Lawless Point"",""ja"":""無法地点""}",1,PRS,6,,6,True,rating=6;hidden_until=none;chartDesigner=present;chartBodyBundled=false;chartPath=1.aff,normal-slot,Luxance,,,,,,,,,,,,1.aff,False
lawlesspoint,319,"{""en"":""Lawless Point"",""ja"":""無法地点""}",2,FTR,9,,9,True,rating=9;hidden_until=none;chartDesigner=present;chartBodyBundled=false;chartPath=2.aff,normal-slot,Luxance,,,,,,,,,,,,2.aff,False
lostintheabyss,320,"{""en"":""Lost in the Abyss""}",0,PST,3,,3,True,rating=3;hidden_until=none;chartDesigner=present;chartBodyBundled=false;chartPath=0.aff,normal-slot,Nitro,AO,,,,,,,,,,,0.aff,False
lostintheabyss,320,"{""en"":""Lost in the Abyss""}",1,PRS,6,,6,True,rating=6;hidden_until=none;chartDesigner=present;chartBodyBundled=false;chartPath=1.aff,normal-slot,Nitro,AO,,,,,,,,,,,1.aff,False
lostintheabyss,320,"{""en"":""Lost in the Abyss""}",2,FTR,9,True,9+,True,rating=9;hidden_until=none;chartDesigner=present;chartBodyBundled=false;chartPath=2.aff,normal-slot,Nitro,AO,,,,,,,,,,,2.aff,False
hybris,321,"{""en"":""Hybris (The one who shattered)"",""ja"":""ヒュブリスの頂に聳えるのは""}",0,PST,4,,4,True,rating=4;hidden_until=none;chartDesigner=present;chartBodyBundled=false;chartPath=0.aff,normal-slot,Exschwasion,,,,,,,,,,,,0.aff,False
hybris,321,"{""en"":""Hybris (The one who shattered)"",""ja"":""ヒュブリスの頂に聳えるのは""}",1,PRS,7,True,7+,True,rating=7;hidden_until=none;chartDesigner=present;chartBodyBundled=false;chartPath=1.aff,normal-slot,Exschwasion,,,,,,,,,,,,1.aff,False
hybris,321,"{""en"":""Hybris (The one who shattered)"",""ja"":""ヒュブリスの頂に聳えるのは""}",2,FTR,9,True,9+,True,rating=9;hidden_until=none;chartDesigner=present;chartBodyBundled=false;chartPath=2.aff,normal-slot,Exschwasion,,,,,,,,,,,,2.aff,False
tothemilkyway,322,"{""en"":""To the Milky Way""}",0,PST,5,,5,True,rating=5;hidden_until=none;chartDesigner=present;chartBodyBundled=false;chartPath=0.aff,normal-slot,Nitroだー！,Bison,,,,,,,,,,,0.aff,False
tothemilkyway,322,"{""en"":""To the Milky Way""}",1,PRS,8,True,8+,True,rating=8;hidden_until=none;chartDesigner=present;chartBodyBundled=false;chartPath=1.aff,normal-slot,Nitroだー！,Bison,,,,,,,,,,,1.aff,False
tothemilkyway,322,"{""en"":""To the Milky Way""}",2,FTR,10,,10,True,rating=10;hidden_until=none;chartDesigner=present;chartBodyBundled=false;chartPath=2.aff,normal-slot,Nitroだー！,Bison,,,,,,,,,,,2.aff,False
internetyamero,323,"{""en"":""INTERNET YAMERO""}",0,PST,4,,4,True,rating=4;hidden_until=none;chartDesigner=present;chartBodyBundled=false;chartPath=0.aff,normal-slot,"該当チャンネルが停止されたため、
この譜面は再生できません。",,,,,,,,,,,,0.aff,False
internetyamero,323,"{""en"":""INTERNET YAMERO""}",1,PRS,7,True,7+,True,rating=7;hidden_until=none;chartDesigner=present;chartBodyBundled=false;chartPath=1.aff,normal-slot,"該当チャンネルが停止されたため、
この譜面は再生できません。",,,,,,,,,,,,1.aff,False
internetyamero,323,"{""en"":""INTERNET YAMERO""}",2,FTR,10,,10,True,rating=10;hidden_until=none;chartDesigner=present;chartBodyBundled=false;chartPath=2.aff,normal-slot,"該当チャンネルが停止されたため、
この譜面は再生できません。",,,,,,,,,,,,2.aff,False
bulletwaiting,324,"{""en"":""Bullet Waiting for Me (James Landino remix)""}",0,PST,2,,2,True,rating=2;hidden_until=none;chartDesigner=present;chartBodyBundled=false;chartPath=0.aff,normal-slot,CERiNG,,,,,,,,,,,,0.aff,False
bulletwaiting,324,"{""en"":""Bullet Waiting for Me (James Landino remix)""}",1,PRS,4,,4,True,rating=4;hidden_until=none;chartDesigner=present;chartBodyBundled=false;chartPath=1.aff,normal-slot,CERiNG,,,,,,,,,,,,1.aff,False
bulletwaiting,324,"{""en"":""Bullet Waiting for Me (James Landino remix)""}",2,FTR,8,,8,True,rating=8;hidden_until=none;chartDesigner=present;chartBodyBundled=false;chartPath=2.aff,normal-slot,CERiNG,,,,,,,,,,,,2.aff,False
devillicsphere,325,"{""en"":""Devillic Sphere""}",0,PST,4,,4,True,rating=4;hidden_until=none;chartDesigner=present;chartBodyBundled=false;chartPath=0.aff,normal-slot,₸öα$†ε₹,,,,,,,,,,,,0.aff,False
devillicsphere,325,"{""en"":""Devillic Sphere""}",1,PRS,7,True,7+,True,rating=7;hidden_until=none;chartDesigner=present;chartBodyBundled=false;chartPath=1.aff,normal-slot,₸öα$†ε₹,,,,,,,,,,,,1.aff,False
devillicsphere,325,"{""en"":""Devillic Sphere""}",2,FTR,9,True,9+,True,rating=9;hidden_until=none;chartDesigner=present;chartBodyBundled=false;chartPath=2.aff,normal-slot,₸öα$†ε₹,,,,,,,,,,,,2.aff,False
lucidtraveler,326,"{""en"":""Lucid Traveler""}",0,PST,4,,4,True,rating=4;hidden_until=none;chartDesigner=present;chartBodyBundled=false;chartPath=0.aff,normal-slot,Toaster vs ₸öα$†ε₹,NC帝國,,,,,,,,,,,0.aff,False
lucidtraveler,326,"{""en"":""Lucid Traveler""}",1,PRS,8,True,8+,True,rating=8;hidden_until=none;chartDesigner=present;chartBodyBundled=false;chartPath=1.aff,normal-slot,Toaster vs ₸öα$†ε₹,NC帝國,,,,,,,,,,,1.aff,False
lucidtraveler,326,"{""en"":""Lucid Traveler""}",2,FTR,10,,10,True,rating=10;hidden_until=none;chartDesigner=present;chartBodyBundled=false;chartPath=2.aff,normal-slot,Toaster vs ₸öα$†ε₹,NC帝國,True,,,,,,,,,,2.aff,False
chaos,327,"{""en"":""CHAOS""}",0,PST,5,,5,True,rating=5;hidden_until=none;chartDesigner=present;chartBodyBundled=false;chartPath=0.aff,normal-slot,絶滅,,,,,,,,,,,,0.aff,False
chaos,327,"{""en"":""CHAOS""}",1,PRS,7,,7,True,rating=7;hidden_until=none;chartDesigner=present;chartBodyBundled=false;chartPath=1.aff,normal-slot,絶滅,,,,,,,,,,,,1.aff,False
chaos,327,"{""en"":""CHAOS""}",2,FTR,10,True,10+,True,rating=10;hidden_until=none;chartDesigner=present;chartBodyBundled=false;chartPath=2.aff,normal-slot,絶滅,,,,,,,,,,,,2.aff,False
usedtobe,328,"{""en"":""Used to be""}",0,PST,4,,4,True,rating=4;hidden_until=none;chartDesigner=present;chartBodyBundled=false;chartPath=0.aff,normal-slot,Luxance,,,,,,,,,,,,0.aff,False
usedtobe,328,"{""en"":""Used to be""}",1,PRS,6,,6,True,rating=6;hidden_until=none;chartDesigner=present;chartBodyBundled=false;chartPath=1.aff,normal-slot,Luxance,,,,,,,,,,,,1.aff,False
usedtobe,328,"{""en"":""Used to be""}",2,FTR,9,,9,True,rating=9;hidden_until=none;chartDesigner=present;chartBodyBundled=false;chartPath=2.aff,normal-slot,Luxance + Nitro,,,,,,,,,,,,2.aff,False
ultimatetaste,329,"{""en"":""Ultimate taste""}",0,PST,3,,3,True,rating=3;hidden_until=none;chartDesigner=present;chartBodyBundled=false;chartPath=0.aff,normal-slot,Arcaea Charting Team,ぱらどっと,,,,,,,,,,,0.aff,False
ultimatetaste,329,"{""en"":""Ultimate taste""}",1,PRS,6,,6,True,rating=6;hidden_until=none;chartDesigner=present;chartBodyBundled=false;chartPath=1.aff,normal-slot,Arcaea Charting Team,ぱらどっと,,,,,,,,,,,1.aff,False
ultimatetaste,329,"{""en"":""Ultimate taste""}",2,FTR,9,True,9+,True,rating=9;hidden_until=none;chartDesigner=present;chartBodyBundled=false;chartPath=2.aff,normal-slot,Arcaea Charting Team【Full Flavor】,ぱらどっと,,,,,,,,,,,2.aff,False
syuten,330,"{""en"":""syūten"",""ko_dialog"":""syuten""}",0,PST,2,,2,True,rating=2;hidden_until=none;chartDesigner=present;chartBodyBundled=false;chartPath=0.aff,normal-slot,antymīs,,,,,,,,,,,,0.aff,False
syuten,330,"{""en"":""syūten"",""ko_dialog"":""syuten""}",1,PRS,5,,5,True,rating=5;hidden_until=none;chartDesigner=present;chartBodyBundled=false;chartPath=1.aff,normal-slot,antymīs,,,,,,,,,,,,1.aff,False
syuten,330,"{""en"":""syūten"",""ko_dialog"":""syuten""}",2,FTR,8,,8,True,rating=8;hidden_until=none;chartDesigner=present;chartBodyBundled=false;chartPath=2.aff,normal-slot,antymīs,,,,,,,,,,,,2.aff,False
drg,331,"{""en"":""DRG""}",0,PST,3,,3,True,rating=3;hidden_until=none;chartDesigner=present;chartBodyBundled=false;chartPath=0.aff,normal-slot,_NITRO,,,,,,,,,,,,0.aff,False
drg,331,"{""en"":""DRG""}",1,PRS,7,,7,True,rating=7;hidden_until=none;chartDesigner=present;chartBodyBundled=false;chartPath=1.aff,normal-slot,_HARD,,,,,,,,,,,,1.aff,False
drg,331,"{""en"":""DRG""}",2,FTR,9,,9,True,rating=9;hidden_until=none;chartDesigner=present;chartBodyBundled=false;chartPath=2.aff,normal-slot,_CHAOS,,,,,,,,,,,,2.aff,False
nnglooms,332,"{""en"":""99 Glooms""}",0,PST,4,,4,True,rating=4;hidden_until=none;chartDesigner=present;chartBodyBundled=false;chartPath=0.aff,normal-slot,終点,,,,,,,,,,,,0.aff,False
nnglooms,332,"{""en"":""99 Glooms""}",1,PRS,7,True,7+,True,rating=7;hidden_until=none;chartDesigner=present;chartBodyBundled=false;chartPath=1.aff,normal-slot,終点,,,,,,,,,,,,1.aff,False
nnglooms,332,"{""en"":""99 Glooms""}",2,FTR,10,,10,True,rating=10;hidden_until=none;chartDesigner=present;chartBodyBundled=false;chartPath=2.aff,normal-slot,終点,,,,,,,,,,,,2.aff,False
ii,333,"{""en"":"" ͟͝͞Ⅱ́̕ "",""zh-Hant"":""II"",""zh-Hans"":""II"",""ko"":""II""}",0,PST,5,,5,True,rating=5;hidden_until=none;chartDesigner=present;chartBodyBundled=false;chartPath=0.aff,normal-slot,"Corrupted data
Recovery progress......100%",,True,,,,,,,,,,0.aff,False
ii,333,"{""en"":"" ͟͝͞Ⅱ́̕ "",""zh-Hant"":""II"",""zh-Hans"":""II"",""ko"":""II""}",1,PRS,8,True,8+,True,rating=8;hidden_until=none;chartDesigner=present;chartBodyBundled=false;chartPath=1.aff,normal-slot,Main_Log_702_10_25,,True,,,,,,,,,,1.aff,False
ii,333,"{""en"":"" ͟͝͞Ⅱ́̕ "",""zh-Hant"":""II"",""zh-Hans"":""II"",""ko"":""II""}",2,FTR,10,True,10+,True,rating=10;hidden_until=none;chartDesigner=present;chartBodyBundled=false;chartPath=2.aff,normal-slot,Cam_Library_702_12_29,,,,,,,,,,,,2.aff,False
magnolia,334,"{""en"":""Magnolia""}",0,PST,4,,4,True,rating=4;hidden_until=none;chartDesigner=present;chartBodyBundled=false;chartPath=0.aff,normal-slot,Lacrimosa,,,,,,,,,,,,0.aff,False
magnolia,334,"{""en"":""Magnolia""}",1,PRS,7,True,7+,True,rating=7;hidden_until=none;chartDesigner=present;chartBodyBundled=false;chartPath=1.aff,normal-slot,Lacrimosa,,,,,,,,,,,,1.aff,False
magnolia,334,"{""en"":""Magnolia""}",2,FTR,10,,10,True,rating=10;hidden_until=none;chartDesigner=present;chartBodyBundled=false;chartPath=2.aff,normal-slot,Lacrimosa,,,,,,,,,,,,2.aff,False
sacrifice,335,"{""en"":""SACRIFICE feat. ayame""}",0,PST,3,,3,True,rating=3;hidden_until=none;chartDesigner=present;chartBodyBundled=false;chartPath=0.aff,normal-slot,Luxance,宵野コタロー + SoU(wavforme),,,,,,,,,,,0.aff,False
sacrifice,335,"{""en"":""SACRIFICE feat. ayame""}",1,PRS,7,,7,True,rating=7;hidden_until=none;chartDesigner=present;chartBodyBundled=false;chartPath=1.aff,normal-slot,Luxance,宵野コタロー + SoU(wavforme),,,,,,,,,,,1.aff,False
sacrifice,335,"{""en"":""SACRIFICE feat. ayame""}",2,FTR,9,True,9+,True,rating=9;hidden_until=none;chartDesigner=present;chartBodyBundled=false;chartPath=2.aff,normal-slot,Luxance,宵野コタロー + SoU(wavforme),,,,,,,,,,,2.aff,False
rgb,336,"{""en"":""RGB""}",0,PST,4,,4,True,rating=4;hidden_until=none;chartDesigner=present;chartBodyBundled=false;chartPath=0.aff,normal-slot,NO₂,いわこ脳,,,,,,,,,,,0.aff,False
rgb,336,"{""en"":""RGB""}",1,PRS,7,True,7+,True,rating=7;hidden_until=none;chartDesigner=present;chartBodyBundled=false;chartPath=1.aff,normal-slot,NO₂,いわこ脳,,,,,,,,,,,1.aff,False
rgb,336,"{""en"":""RGB""}",2,FTR,9,True,9+,True,rating=9;hidden_until=none;chartDesigner=present;chartBodyBundled=false;chartPath=2.aff,normal-slot,NO₂,いわこ脳,,,,,,,,,,,2.aff,False
waitfordawn,337,"{""en"":""WAIT FOR DAWN""}",0,PST,2,,2,True,rating=2;hidden_until=none;chartDesigner=present;chartBodyBundled=false;chartPath=0.aff,normal-slot,én,子期安NANA_ANN,,,,,,,,,,,0.aff,False
waitfordawn,337,"{""en"":""WAIT FOR DAWN""}",1,PRS,7,True,7+,True,rating=7;hidden_until=none;chartDesigner=present;chartBodyBundled=false;chartPath=1.aff,normal-slot,én,子期安NANA_ANN,,,,,,,,,,,1.aff,False
waitfordawn,337,"{""en"":""WAIT FOR DAWN""}",2,FTR,8,True,8+,True,rating=8;hidden_until=none;chartDesigner=present;chartBodyBundled=false;chartPath=2.aff,normal-slot,én,子期安NANA_ANN,,,,,,,,,,,2.aff,False
ravenspride,338,"{""en"":""Raven's Pride"",""ja"":""レイヴンズ・プライド""}",0,PST,3,,3,True,rating=3;hidden_until=none;chartDesigner=present;chartBodyBundled=false;chartPath=0.aff,normal-slot,Exschwasion,めとこ,,,,,,,,,,,0.aff,False
ravenspride,338,"{""en"":""Raven's Pride"",""ja"":""レイヴンズ・プライド""}",1,PRS,7,,7,True,rating=7;hidden_until=none;chartDesigner=present;chartBodyBundled=false;chartPath=1.aff,normal-slot,Exschwasion,めとこ,,,,,,,,,,,1.aff,False
ravenspride,338,"{""en"":""Raven's Pride"",""ja"":""レイヴンズ・プライド""}",2,FTR,9,,9,True,rating=9;hidden_until=none;chartDesigner=present;chartBodyBundled=false;chartPath=2.aff,normal-slot,Exschwasion,めとこ,,,,,,,,,,,2.aff,False
riseoftheworld,339,"{""en"":""Rise of the World""}",0,PST,4,,4,True,rating=4;hidden_until=none;chartDesigner=present;chartBodyBundled=false;chartPath=0.aff,normal-slot,N⇑TRO,Asgard,,,,,,,,,,,0.aff,False
riseoftheworld,339,"{""en"":""Rise of the World""}",1,PRS,8,,8,True,rating=8;hidden_until=none;chartDesigner=present;chartBodyBundled=false;chartPath=1.aff,normal-slot,N⇑TRO,Asgard,,,,,,,,,,,1.aff,False
riseoftheworld,339,"{""en"":""Rise of the World""}",2,FTR,10,,10,True,rating=10;hidden_until=none;chartDesigner=present;chartBodyBundled=false;chartPath=2.aff,normal-slot,N⇑TRO,Asgard,,,,,,,,,,,2.aff,False
unknownlevels,340,"{""en"":""UNKNOWN LEVELS""}",0,PST,4,,4,True,rating=4;hidden_until=none;chartDesigner=present;chartBodyBundled=false;chartPath=0.aff,normal-slot,Toaster,ひと和,,,,,,,,,,,0.aff,False
unknownlevels,340,"{""en"":""UNKNOWN LEVELS""}",1,PRS,8,,8,True,rating=8;hidden_until=none;chartDesigner=present;chartBodyBundled=false;chartPath=1.aff,normal-slot,Toaster,ひと和,,,,,,,,,,,1.aff,False
unknownlevels,340,"{""en"":""UNKNOWN LEVELS""}",2,FTR,10,,10,True,rating=10;hidden_until=none;chartDesigner=present;chartBodyBundled=false;chartPath=2.aff,normal-slot,⇓ 東星 vs Toaster ⇓,ひと和,,,,,,,,,,,2.aff,False
abstrusedilemma,341,"{""en"":""Abstruse Dilemma""}",0,PST,5,,5,True,rating=5;hidden_until=none;chartDesigner=present;chartBodyBundled=false;chartPath=0.aff,normal-slot,Remnant ⇐ Guilt,おぐち,,,,,,,,,,,0.aff,False
abstrusedilemma,341,"{""en"":""Abstruse Dilemma""}",1,PRS,8,True,8+,True,rating=8;hidden_until=none;chartDesigner=present;chartBodyBundled=false;chartPath=1.aff,normal-slot,Remnant ⇒ Doubt,おぐち,,,,,,,,,,,1.aff,False
abstrusedilemma,341,"{""en"":""Abstruse Dilemma""}",2,FTR,11,,11,True,rating=11;hidden_until=none;chartDesigner=present;chartBodyBundled=false;chartPath=2.aff,normal-slot,Remnant ⇑⇓ Volition,おぐち,,,,,,,,,,,2.aff,False
matenrou,342,"{""en"":""Kanjou no Matenrou ～Arr.Demetori"",""ja"":""感情の摩天楼 ～Arr.Demetori""}",0,PST,3,,3,True,rating=3;hidden_until=none;chartDesigner=present;chartBodyBundled=false;chartPath=0.aff,normal-slot,Exschwasion,,,,,,,,,,,,0.aff,False
matenrou,342,"{""en"":""Kanjou no Matenrou ～Arr.Demetori"",""ja"":""感情の摩天楼 ～Arr.Demetori""}",1,PRS,6,,6,True,rating=6;hidden_until=none;chartDesigner=present;chartBodyBundled=false;chartPath=1.aff,normal-slot,Exschwasion,,,,,,,,,,,,1.aff,False
matenrou,342,"{""en"":""Kanjou no Matenrou ～Arr.Demetori"",""ja"":""感情の摩天楼 ～Arr.Demetori""}",2,FTR,9,True,9+,True,rating=9;hidden_until=none;chartDesigner=present;chartBodyBundled=false;chartPath=2.aff,normal-slot,N•Ex•T,,,,,,,,,,,,2.aff,False
tothefurthestdream,343,"{""en"":""To the Furthest Dream"",""ja"":""彼方の夢へと""}",0,PST,4,,4,True,rating=4;hidden_until=none;chartDesigner=empty;chartBodyBundled=false;chartPath=0.aff,normal-slot,,Bison,True,,,,,,,,,,0.aff,False
tothefurthestdream,343,"{""en"":""To the Furthest Dream"",""ja"":""彼方の夢へと""}",1,PRS,8,,8,True,rating=8;hidden_until=none;chartDesigner=empty;chartBodyBundled=false;chartPath=1.aff,normal-slot,,Bison,True,,,,,,,,,,1.aff,False
tothefurthestdream,343,"{""en"":""To the Furthest Dream"",""ja"":""彼方の夢へと""}",2,FTR,9,True,9+,True,rating=9;hidden_until=none;chartDesigner=empty;chartBodyBundled=false;chartPath=2.aff,normal-slot,,Bison,,,,,,,,,,,2.aff,False
remindthesouls,344,"{""en"":""Remind the Souls (Short Version)""}",0,PST,3,,3,True,rating=3;hidden_until=none;chartDesigner=present;chartBodyBundled=true;chartPath=0.aff,normal-slot,Nitro,,,,,,,,,,,,0.aff,True
remindthesouls,344,"{""en"":""Remind the Souls (Short Version)""}",1,PRS,7,,7,True,rating=7;hidden_until=none;chartDesigner=present;chartBodyBundled=true;chartPath=1.aff,normal-slot,Nitro,,,,,,,,,,,,1.aff,True
remindthesouls,344,"{""en"":""Remind the Souls (Short Version)""}",2,FTR,9,,9,True,rating=9;hidden_until=none;chartDesigner=present;chartBodyBundled=true;chartPath=2.aff,normal-slot,Nitro,,,,,,,,,,,,2.aff,True
dynitikos,345,"{""en"":""Dynitikós"",""ko_dialog"":""Dynitikos""}",0,PST,4,,4,True,rating=4;hidden_until=none;chartDesigner=present;chartBodyBundled=false;chartPath=0.aff,normal-slot,Exschwasión,AT基調,,,,,,,,,,,0.aff,False
dynitikos,345,"{""en"":""Dynitikós"",""ko_dialog"":""Dynitikos""}",1,PRS,7,,7,True,rating=7;hidden_until=none;chartDesigner=present;chartBodyBundled=false;chartPath=1.aff,normal-slot,Exschwasión,AT基調,,,,,,,,,,,1.aff,False
dynitikos,345,"{""en"":""Dynitikós"",""ko_dialog"":""Dynitikos""}",2,FTR,9,,9,True,rating=9;hidden_until=none;chartDesigner=present;chartBodyBundled=false;chartPath=2.aff,normal-slot,Exschwasión,AT基調,,,,,,,,,,,2.aff,False
amekagura,346,"{""en"":""Amekagura"",""ja"":""雨神楽""}",0,PST,4,,4,True,rating=4;hidden_until=none;chartDesigner=present;chartBodyBundled=false;chartPath=0.aff,normal-slot,antymis,英エイスト,,,,,,,,,,,0.aff,False
amekagura,346,"{""en"":""Amekagura"",""ja"":""雨神楽""}",1,PRS,7,,7,True,rating=7;hidden_until=none;chartDesigner=present;chartBodyBundled=false;chartPath=1.aff,normal-slot,antymis,英エイスト,,,,,,,,,,,1.aff,False
amekagura,346,"{""en"":""Amekagura"",""ja"":""雨神楽""}",2,FTR,9,True,9+,True,rating=9;hidden_until=none;chartDesigner=present;chartBodyBundled=false;chartPath=2.aff,normal-slot,antymis,英エイスト,,,,,,,,,,,2.aff,False
bbkkbkk,347,"{""en"":""B.B.K.K.B.K.K.""}",0,PST,4,,4,True,rating=4;hidden_until=none;chartDesigner=present;chartBodyBundled=false;chartPath=0.aff,normal-slot,E.E.X.X.E.X.X.,,,,,,,,,,,,0.aff,False
bbkkbkk,347,"{""en"":""B.B.K.K.B.K.K.""}",1,PRS,7,,7,True,rating=7;hidden_until=none;chartDesigner=present;chartBodyBundled=false;chartPath=1.aff,normal-slot,E.E.X.X.E.X.X.,,,,,,,,,,,,1.aff,False
bbkkbkk,347,"{""en"":""B.B.K.K.B.K.K.""}",2,FTR,9,True,9+,True,rating=9;hidden_until=none;chartDesigner=present;chartBodyBundled=false;chartPath=2.aff,normal-slot,E.E.X.X.E.X.X.,,,,,,,,,,,,2.aff,False
primevaltexture,348,"{""en"":""Primeval Texture""}",0,PST,3,,3,True,rating=3;hidden_until=none;chartDesigner=present;chartBodyBundled=false;chartPath=0.aff,normal-slot,CERiNG,LOWRISE,,,,,,,,,,,0.aff,False
primevaltexture,348,"{""en"":""Primeval Texture""}",1,PRS,7,,7,True,rating=7;hidden_until=none;chartDesigner=present;chartBodyBundled=false;chartPath=1.aff,normal-slot,CERiNG,LOWRISE,,,,,,,,,,,1.aff,False
primevaltexture,348,"{""en"":""Primeval Texture""}",2,FTR,9,,9,True,rating=9;hidden_until=none;chartDesigner=present;chartBodyBundled=false;chartPath=2.aff,normal-slot,CERiNG,LOWRISE,,,,,,,,,,,2.aff,False
technicolour,349,"{""en"":""Technicolour""}",0,PST,3,,3,True,rating=3;hidden_until=none;chartDesigner=present;chartBodyBundled=false;chartPath=0.aff,normal-slot,KLMNOP,Keizou,,,,,,,,,,,0.aff,False
technicolour,349,"{""en"":""Technicolour""}",1,PRS,7,,7,True,rating=7;hidden_until=none;chartDesigner=present;chartBodyBundled=false;chartPath=1.aff,normal-slot,KLMNOP,Keizou,,,,,,,,,,,1.aff,False
technicolour,349,"{""en"":""Technicolour""}",2,FTR,9,True,9+,True,rating=9;hidden_until=none;chartDesigner=present;chartBodyBundled=false;chartPath=2.aff,normal-slot,KLMNOP,Keizou,,,,,,,,,,,2.aff,False
logos,350,"{""en"":""Logos""}",0,PST,4,,4,True,rating=4;hidden_until=none;chartDesigner=present;chartBodyBundled=false;chartPath=0.aff,normal-slot,絶滅,majamari,,,,,,,,,,,0.aff,False
logos,350,"{""en"":""Logos""}",1,PRS,7,True,7+,True,rating=7;hidden_until=none;chartDesigner=present;chartBodyBundled=false;chartPath=1.aff,normal-slot,絶滅,majamari,,,,,,,,,,,1.aff,False
logos,350,"{""en"":""Logos""}",2,FTR,10,,10,True,rating=10;hidden_until=none;chartDesigner=present;chartBodyBundled=false;chartPath=2.aff,normal-slot,絶滅,majamari,,,,,,,,,,,2.aff,False
egoeimi,351,"{""en"":""Ego Eimi""}",0,PST,5,,5,True,rating=5;hidden_until=none;chartDesigner=present;chartBodyBundled=false;chartPath=0.aff,normal-slot,東星,Khronetic - At the Horizon,,,,,,,,,,,0.aff,False
egoeimi,351,"{""en"":""Ego Eimi""}",1,PRS,8,,8,True,rating=8;hidden_until=none;chartDesigner=present;chartBodyBundled=false;chartPath=1.aff,normal-slot,東星,Khronetic - At the Horizon,,,,,,,,,,,1.aff,False
egoeimi,351,"{""en"":""Ego Eimi""}",2,FTR,10,,10,True,rating=10;hidden_until=none;chartDesigner=present;chartBodyBundled=false;chartPath=2.aff,normal-slot,東星,Khronetic - At the Horizon,,,,,,,,,,,2.aff,False
arghena,352,"{""en"":""Arghena""}",0,PST,7,,7,True,rating=7;hidden_until=none;chartDesigner=present;chartBodyBundled=false;chartPath=0.aff,normal-slot,"第一識 ""Reality""",すずなし,,,,,,,,,,,0.aff,False
arghena,352,"{""en"":""Arghena""}",1,PRS,9,,9,True,rating=9;hidden_until=none;chartDesigner=present;chartBodyBundled=false;chartPath=1.aff,normal-slot,"第二識 ""Causality""",すずなし,,,,,,,,,,,1.aff,False
arghena,352,"{""en"":""Arghena""}",2,FTR,11,,11,True,rating=11;hidden_until=none;chartDesigner=present;chartBodyBundled=false;chartPath=2.aff,normal-slot,"第三識 ""Pluriversality""",すずなし,,,,,,,,,,,2.aff,False
fantasy,353,"{""en"":""FANTA5Y""}",0,PST,3,,3,True,rating=3;hidden_until=none;chartDesigner=present;chartBodyBundled=false;chartPath=0.aff,normal-slot,TOA5TIE,nep,,,,,,,,,,,0.aff,False
fantasy,353,"{""en"":""FANTA5Y""}",1,PRS,7,,7,True,rating=7;hidden_until=none;chartDesigner=present;chartBodyBundled=false;chartPath=1.aff,normal-slot,TOA5TIE,nep,,,,,,,,,,,1.aff,False
fantasy,353,"{""en"":""FANTA5Y""}",2,FTR,9,,9,True,rating=9;hidden_until=none;chartDesigner=present;chartBodyBundled=false;chartPath=2.aff,normal-slot,TOA5TIE,nep,,,,,,,,,,,2.aff,False
transientspace,354,"{""en"":""Transient Space""}",0,PST,2,,2,True,rating=2;hidden_until=none;chartDesigner=present;chartBodyBundled=false;chartPath=0.aff,normal-slot,CERiNG -liminal-,PAZZi,,,,,,,,,,,0.aff,False
transientspace,354,"{""en"":""Transient Space""}",1,PRS,7,,7,True,rating=7;hidden_until=none;chartDesigner=present;chartBodyBundled=false;chartPath=1.aff,normal-slot,CERiNG -liminal-,PAZZi,,,,,,,,,,,1.aff,False
transientspace,354,"{""en"":""Transient Space""}",2,FTR,9,,9,True,rating=9;hidden_until=none;chartDesigner=present;chartBodyBundled=false;chartPath=2.aff,normal-slot,CERiNG -liminal-,PAZZi,,,,,,,,,,,2.aff,False
namelesspassion,355,"{""en"":""Nameless Passion""}",0,PST,3,,3,True,rating=3;hidden_until=none;chartDesigner=present;chartBodyBundled=false;chartPath=0.aff,normal-slot,Luxance,こたろう,,,,,,,,,,,0.aff,False
namelesspassion,355,"{""en"":""Nameless Passion""}",1,PRS,7,,7,True,rating=7;hidden_until=none;chartDesigner=present;chartBodyBundled=false;chartPath=1.aff,normal-slot,Luxance,こたろう,,,,,,,,,,,1.aff,False
namelesspassion,355,"{""en"":""Nameless Passion""}",2,FTR,9,True,9+,True,rating=9;hidden_until=none;chartDesigner=present;chartBodyBundled=false;chartPath=2.aff,normal-slot,Luxance,こたろう,,,,,,,,,,,2.aff,False
teravolt,356,"{""en"":""TeraVolt""}",0,PST,5,,5,True,rating=5;hidden_until=none;chartDesigner=present;chartBodyBundled=false;chartPath=0.aff,normal-slot,夜浪,hiro,,,,,,,,,,,0.aff,False
teravolt,356,"{""en"":""TeraVolt""}",1,PRS,8,True,8+,True,rating=8;hidden_until=none;chartDesigner=present;chartBodyBundled=false;chartPath=1.aff,normal-slot,夜浪,hiro,,,,,,,,,,,1.aff,False
teravolt,356,"{""en"":""TeraVolt""}",2,FTR,10,True,10+,True,rating=10;hidden_until=none;chartDesigner=present;chartBodyBundled=false;chartPath=2.aff,normal-slot,超東星 × 雷夜浪,hiro,,,,,,,,,,,2.aff,False
stratoliner,357,"{""en"":""Stratoliner""}",0,PST,3,,3,True,rating=3;hidden_until=none;chartDesigner=present;chartBodyBundled=false;chartPath=0.aff,normal-slot,Exschwasion,,,,,,,,,,,,0.aff,False
stratoliner,357,"{""en"":""Stratoliner""}",1,PRS,6,,6,True,rating=6;hidden_until=none;chartDesigner=present;chartBodyBundled=false;chartPath=1.aff,normal-slot,Exschwasion,,,,,,,,,,,,1.aff,False
stratoliner,357,"{""en"":""Stratoliner""}",2,FTR,9,,9,True,rating=9;hidden_until=none;chartDesigner=present;chartBodyBundled=false;chartPath=2.aff,normal-slot,Exschwasion,,,,,,,,,,,,2.aff,False
ouverture,358,"{""en"":""Ouvertüre"",""ko_dialog"":""Ouverture""}",0,PST,2,,2,True,rating=2;hidden_until=none;chartDesigner=present;chartBodyBundled=false;chartPath=0.aff,normal-slot,るくあんす,,,,,,,,,,,,0.aff,False
ouverture,358,"{""en"":""Ouvertüre"",""ko_dialog"":""Ouverture""}",1,PRS,7,,7,True,rating=7;hidden_until=none;chartDesigner=present;chartBodyBundled=false;chartPath=1.aff,normal-slot,るくあんす,,,,,,,,,,,,1.aff,False
ouverture,358,"{""en"":""Ouvertüre"",""ko_dialog"":""Ouverture""}",2,FTR,9,True,9+,True,rating=9;hidden_until=none;chartDesigner=present;chartBodyBundled=false;chartPath=2.aff,normal-slot,るくあんす,,,,,,,,,,,,2.aff,False
xtreme,359,"{""en"":""XTREME""}",0,PST,4,,4,True,rating=4;hidden_until=none;chartDesigner=present;chartBodyBundled=false;chartPath=0.aff,normal-slot,絶滅,,,,,,,,,,,,0.aff,False
xtreme,359,"{""en"":""XTREME""}",1,PRS,7,True,7+,True,rating=7;hidden_until=none;chartDesigner=present;chartBodyBundled=false;chartPath=1.aff,normal-slot,絶滅,,,,,,,,,,,,1.aff,False
xtreme,359,"{""en"":""XTREME""}",2,FTR,10,,10,True,rating=10;hidden_until=none;chartDesigner=present;chartBodyBundled=false;chartPath=2.aff,normal-slot,絶滅,,,,,,,,,,,,2.aff,False
edenwacca,360,"{""en"":""eden""}",0,PST,4,,4,True,rating=4;hidden_until=none;chartDesigner=present;chartBodyBundled=false;chartPath=0.aff,normal-slot,反水,,,,,,,,,,,,0.aff,False
edenwacca,360,"{""en"":""eden""}",1,PRS,8,,8,True,rating=8;hidden_until=none;chartDesigner=present;chartBodyBundled=false;chartPath=1.aff,normal-slot,反水,,,,,,,,,,,,1.aff,False
edenwacca,360,"{""en"":""eden""}",2,FTR,10,,10,True,rating=10;hidden_until=none;chartDesigner=present;chartBodyBundled=false;chartPath=2.aff,normal-slot,反水,,,,,,,,,,,,2.aff,False
metamysteria,361,"{""en"":""Meta-Mysteria""}",0,PST,5,,5,True,rating=5;hidden_until=none;chartDesigner=present;chartBodyBundled=false;chartPath=0.aff,normal-slot,夜浪,Taiyo Yamamoto,,,,,,,,,,,0.aff,False
metamysteria,361,"{""en"":""Meta-Mysteria""}",1,PRS,7,True,7+,True,rating=7;hidden_until=none;chartDesigner=present;chartBodyBundled=false;chartPath=1.aff,normal-slot,夜浪,Taiyo Yamamoto,,,,,,,,,,,1.aff,False
metamysteria,361,"{""en"":""Meta-Mysteria""}",2,FTR,10,True,10+,True,rating=10;hidden_until=none;chartDesigner=present;chartBodyBundled=false;chartPath=2.aff,normal-slot,VII: THE CHARIOT/夜浪,Taiyo Yamamoto,,,,,,,,,,,2.aff,False
aloneandlorn,362,"{""en"":""Alone & Lorn"",""ja"":""アローンアンドローン""}",0,PST,3,,3,True,rating=3;hidden_until=none;chartDesigner=present;chartBodyBundled=false;chartPath=0.aff,normal-slot,én,のり恋,,,,,,,,,,,0.aff,False
aloneandlorn,362,"{""en"":""Alone & Lorn"",""ja"":""アローンアンドローン""}",1,PRS,6,,6,True,rating=6;hidden_until=none;chartDesigner=present;chartBodyBundled=false;chartPath=1.aff,normal-slot,én,のり恋,,,,,,,,,,,1.aff,False
aloneandlorn,362,"{""en"":""Alone & Lorn"",""ja"":""アローンアンドローン""}",2,FTR,9,,9,True,rating=9;hidden_until=none;chartDesigner=present;chartBodyBundled=false;chartPath=2.aff,normal-slot,én & KLMNOP,のり恋,,,,,,,,,,,2.aff,False
wishuponasnow,363,"{""en"":""Wish Upon a Snow""}",0,PST,4,,4,True,rating=4;hidden_until=none;chartDesigner=present;chartBodyBundled=false;chartPath=0.aff,normal-slot,0°絶滅,桶乃かもく,,,,,,,,,,,0.aff,False
wishuponasnow,363,"{""en"":""Wish Upon a Snow""}",1,PRS,7,,7,True,rating=7;hidden_until=none;chartDesigner=present;chartBodyBundled=false;chartPath=1.aff,normal-slot,0°絶滅,桶乃かもく,,,,,,,,,,,1.aff,False
wishuponasnow,363,"{""en"":""Wish Upon a Snow""}",2,FTR,10,,10,True,rating=10;hidden_until=none;chartDesigner=present;chartBodyBundled=false;chartPath=2.aff,normal-slot,0°絶滅,桶乃かもく,,,,,,,,,,,2.aff,False
overdrive,364,"{""en"":""Kanbu de Tomatte Sugu Tokeru"",""ja"":""患部で止まってすぐ溶ける　〜 狂気の優曇華院""}",0,PST,4,,4,True,rating=4;hidden_until=none;chartDesigner=present;chartBodyBundled=false;chartPath=0.aff,normal-slot,C7H11NO配合!!!!!!,モタ,,,,,,,,,,,0.aff,False
overdrive,364,"{""en"":""Kanbu de Tomatte Sugu Tokeru"",""ja"":""患部で止まってすぐ溶ける　〜 狂気の優曇華院""}",1,PRS,7,,7,True,rating=7;hidden_until=none;chartDesigner=present;chartBodyBundled=false;chartPath=1.aff,normal-slot,C7H11NO配合!!!!!!,モタ,,,,,,,,,,,1.aff,False
overdrive,364,"{""en"":""Kanbu de Tomatte Sugu Tokeru"",""ja"":""患部で止まってすぐ溶ける　〜 狂気の優曇華院""}",2,FTR,10,,10,True,rating=10;hidden_until=none;chartDesigner=present;chartBodyBundled=false;chartPath=2.aff,normal-slot,C7H11NO配合!!!!!!,モタ,,,,,,,,,,,2.aff,False
felys,365,"{""en"":""felys final remix""}",0,PST,3,,3,True,rating=3;hidden_until=none;chartDesigner=present;chartBodyBundled=false;chartPath=0.aff,normal-slot,Dec18,Ta-k,,,,,,,,,,,0.aff,False
felys,365,"{""en"":""felys final remix""}",1,PRS,6,,6,True,rating=6;hidden_until=none;chartDesigner=present;chartBodyBundled=false;chartPath=1.aff,normal-slot,Dec18,Ta-k,,,,,,,,,,,1.aff,False
felys,365,"{""en"":""felys final remix""}",2,FTR,9,,9,True,rating=9;hidden_until=none;chartDesigner=present;chartBodyBundled=false;chartPath=2.aff,normal-slot,Dec18,Ta-k,,,,,,,,,,,2.aff,False
onandon,366,"{""en"":""On And On!! feat. Jenga""}",0,PST,3,,3,True,rating=3;hidden_until=none;chartDesigner=present;chartBodyBundled=false;chartPath=0.aff,normal-slot,én and én!!,Keizou,,,,,,,,,,,0.aff,False
onandon,366,"{""en"":""On And On!! feat. Jenga""}",1,PRS,7,,7,True,rating=7;hidden_until=none;chartDesigner=present;chartBodyBundled=false;chartPath=1.aff,normal-slot,én and én!!,Keizou,,,,,,,,,,,1.aff,False
onandon,366,"{""en"":""On And On!! feat. Jenga""}",2,FTR,9,,9,True,rating=9;hidden_until=none;chartDesigner=present;chartBodyBundled=false;chartPath=2.aff,normal-slot,én and én!!,Keizou,,,,,,,,,,,2.aff,False
lightmyway,367,"{""en"":""LIVHT MY WΔY""}",0,PST,4,,4,True,rating=4;hidden_until=none;chartDesigner=present;chartBodyBundled=false;chartPath=0.aff,normal-slot,"k//eternal + nitro
""ephemeral past""",fruitsrabbit,,,,,,,,,,,0.aff,False
lightmyway,367,"{""en"":""LIVHT MY WΔY""}",1,PRS,7,,7,True,rating=7;hidden_until=none;chartDesigner=present;chartBodyBundled=false;chartPath=1.aff,normal-slot,"k//eternal + nitro
""recursive present""",fruitsrabbit,,,,,,,,,,,1.aff,False
lightmyway,367,"{""en"":""LIVHT MY WΔY""}",2,FTR,9,True,9+,True,rating=9;hidden_until=none;chartDesigner=present;chartBodyBundled=false;chartPath=2.aff,normal-slot,"k//eternal + nitro
""convergent future""",fruitsrabbit,,,,,,,,,,,2.aff,False
hotarubinoyuki,368,"{""en"":""Hotarubi no Yuki"",""ja"":""蛍火の雪""}",0,PST,3,,3,True,rating=3;hidden_until=none;chartDesigner=present;chartBodyBundled=false;chartPath=0.aff,normal-slot,0°Nitro,Bison,,,,,,,,,,,0.aff,False
hotarubinoyuki,368,"{""en"":""Hotarubi no Yuki"",""ja"":""蛍火の雪""}",1,PRS,7,,7,True,rating=7;hidden_until=none;chartDesigner=present;chartBodyBundled=false;chartPath=1.aff,normal-slot,0°Nitro,Bison,,,,,,,,,,,1.aff,False
hotarubinoyuki,368,"{""en"":""Hotarubi no Yuki"",""ja"":""蛍火の雪""}",2,FTR,9,True,9+,True,rating=9;hidden_until=none;chartDesigner=present;chartBodyBundled=false;chartPath=2.aff,normal-slot,0°Nitro,Bison,,,,,,,,,,,2.aff,False
theformula,369,"{""en"":""The Formula""}",0,PST,3,,3,True,rating=3;hidden_until=none;chartDesigner=present;chartBodyBundled=true;chartPath=0.aff,normal-slot,Dec18,鑓田 (alpha complex),,,,,,,,,,,0.aff,True
theformula,369,"{""en"":""The Formula""}",1,PRS,6,,6,True,rating=6;hidden_until=none;chartDesigner=present;chartBodyBundled=true;chartPath=1.aff,normal-slot,Dec18,鑓田 (alpha complex),,,,,,,,,,,1.aff,True
theformula,369,"{""en"":""The Formula""}",2,FTR,9,,9,True,rating=9;hidden_until=none;chartDesigner=present;chartBodyBundled=true;chartPath=2.aff,normal-slot,Dec18,鑓田 (alpha complex),,,,,,,,,,,2.aff,True
lunarossa,370,"{""en"":""Luna Rossa""}",0,PST,3,,3,True,rating=3;hidden_until=none;chartDesigner=present;chartBodyBundled=false;chartPath=0.aff,normal-slot,Luxance,未早,,,,,,,,,,,0.aff,False
lunarossa,370,"{""en"":""Luna Rossa""}",1,PRS,6,,6,True,rating=6;hidden_until=none;chartDesigner=present;chartBodyBundled=false;chartPath=1.aff,normal-slot,Luxance,未早,,,,,,,,,,,1.aff,False
lunarossa,370,"{""en"":""Luna Rossa""}",2,FTR,9,True,9+,True,rating=9;hidden_until=none;chartDesigner=present;chartBodyBundled=false;chartPath=2.aff,normal-slot,Luxance,未早,,,,,,,,,,,2.aff,False
jingle,371,"{""en"":""Jingle""}",0,PST,2,,2,True,rating=2;hidden_until=none;chartDesigner=present;chartBodyBundled=true;chartPath=0.aff,normal-slot,Exschwasion,黒兎 + Hitomasu Modoru,,,,,,,,,,,0.aff,True
jingle,371,"{""en"":""Jingle""}",1,PRS,5,,5,True,rating=5;hidden_until=none;chartDesigner=present;chartBodyBundled=true;chartPath=1.aff,normal-slot,Exschwasion,黒兎 + Hitomasu Modoru,,,,,,,,,,,1.aff,True
jingle,371,"{""en"":""Jingle""}",2,FTR,7,True,7+,True,rating=7;hidden_until=none;chartDesigner=present;chartBodyBundled=true;chartPath=2.aff,normal-slot,Exschwasion,黒兎 + Hitomasu Modoru,,,,,,,,,,,2.aff,True
jingle,371,"{""en"":""Jingle""}",4,ETR,9,,9,True,rating=9;hidden_until=none;chartDesigner=present;chartBodyBundled=true;chartPath=4.aff,normal-slot,KLMNOP,黒兎 + Hitomasu Modoru,,,,,,,,,,,4.aff,True
innocence,372,"{""en"":""Innocence""}",0,PST,3,,3,True,rating=3;hidden_until=none;chartDesigner=present;chartBodyBundled=false;chartPath=0.aff,normal-slot,First Dawn,すずなし,,,,,,,,,,,0.aff,False
innocence,372,"{""en"":""Innocence""}",1,PRS,6,,6,True,rating=6;hidden_until=none;chartDesigner=present;chartBodyBundled=false;chartPath=1.aff,normal-slot,First Dawn,すずなし,,,,,,,,,,,1.aff,False
innocence,372,"{""en"":""Innocence""}",2,FTR,8,,8,True,rating=8;hidden_until=none;chartDesigner=present;chartBodyBundled=false;chartPath=2.aff,normal-slot,First Dawn,すずなし,,,,,,,,,,,2.aff,False
innocence,372,"{""en"":""Innocence""}",4,ETR,9,True,9+,True,rating=9;hidden_until=none;chartDesigner=present;chartBodyBundled=false;chartPath=4.aff,normal-slot,First Dawn,すずなし,,,,,,,,,,,4.aff,False
ionostream,373,"{""en"":""IONOSTREAM""}",0,PST,3,,3,True,rating=3;hidden_until=none;chartDesigner=present;chartBodyBundled=false;chartPath=0.aff,normal-slot,Nitro,"Cem, septem47",,,,,,,,,,,0.aff,False
ionostream,373,"{""en"":""IONOSTREAM""}",1,PRS,6,,6,True,rating=6;hidden_until=none;chartDesigner=present;chartBodyBundled=false;chartPath=1.aff,normal-slot,Nitro,"Cem, septem47",,,,,,,,,,,1.aff,False
ionostream,373,"{""en"":""IONOSTREAM""}",2,FTR,8,True,8+,True,rating=8;hidden_until=none;chartDesigner=present;chartBodyBundled=false;chartPath=2.aff,normal-slot,Dec18 + Nitro,"Cem, septem47",,,,,,,,,,,2.aff,False
ionostream,373,"{""en"":""IONOSTREAM""}",4,ETR,9,True,9+,True,rating=9;hidden_until=none;chartDesigner=present;chartBodyBundled=false;chartPath=4.aff,normal-slot,Dec18 + Nitro,"Cem, septem47",,,,,,,,,,,4.aff,False
alephzero,374,"{""en"":""Aleph-0""}",0,PST,5,,5,True,rating=5;hidden_until=none;chartDesigner=present;chartBodyBundled=false;chartPath=0.aff,normal-slot,ə₀,Optie,,,,,,,,,,,0.aff,False
alephzero,374,"{""en"":""Aleph-0""}",1,PRS,8,True,8+,True,rating=8;hidden_until=none;chartDesigner=present;chartBodyBundled=false;chartPath=1.aff,normal-slot,ə₀,Optie,,,,,,,,,,,1.aff,False
alephzero,374,"{""en"":""Aleph-0""}",2,FTR,10,,10,True,rating=10;hidden_until=none;chartDesigner=present;chartBodyBundled=false;chartPath=2.aff,normal-slot,ə₀,Optie,,,,,,,,,,,2.aff,False
masqueradelegion,375,"{""en"":""Masquerade Legion""}",0,PST,3,,3,True,rating=3;hidden_until=none;chartDesigner=present;chartBodyBundled=false;chartPath=0.aff,normal-slot,Nitro 「The Veiled」,KEI,,,,,,,,,,,0.aff,False
masqueradelegion,375,"{""en"":""Masquerade Legion""}",1,PRS,6,,6,True,rating=6;hidden_until=none;chartDesigner=present;chartBodyBundled=false;chartPath=1.aff,normal-slot,Nitro 「The Veiled」,KEI,,,,,,,,,,,1.aff,False
masqueradelegion,375,"{""en"":""Masquerade Legion""}",2,FTR,10,,10,True,rating=10;hidden_until=none;chartDesigner=present;chartBodyBundled=false;chartPath=2.aff,normal-slot,Nitro 「The Veiled」,KEI,,,,,,,,,,,2.aff,False
kyorenromance,376,"{""en"":""KYOREN ROMANCE"",""ja"":""狂恋ROMANCE""}",0,PST,4,,4,True,rating=4;hidden_until=none;chartDesigner=present;chartBodyBundled=false;chartPath=0.aff,normal-slot,Dec18 + Nitro,イカダ,,,,,,,,,,,0.aff,False
kyorenromance,376,"{""en"":""KYOREN ROMANCE"",""ja"":""狂恋ROMANCE""}",1,PRS,7,True,7+,True,rating=7;hidden_until=none;chartDesigner=present;chartBodyBundled=false;chartPath=1.aff,normal-slot,Dec18 + Nitro,イカダ,,,,,,,,,,,1.aff,False
kyorenromance,376,"{""en"":""KYOREN ROMANCE"",""ja"":""狂恋ROMANCE""}",2,FTR,10,True,10+,True,rating=10;hidden_until=none;chartDesigner=present;chartBodyBundled=false;chartPath=2.aff,normal-slot,Dec18 + Nitro,イカダ,,,,,,,,,,,2.aff,False
qovat,377,"{""en"":""Qovat""}",0,PST,4,,4,True,rating=4;hidden_until=none;chartDesigner=present;chartBodyBundled=false;chartPath=0.aff,normal-slot,ex＊tree,Watersnake,,,,,,,,,,,0.aff,False
qovat,377,"{""en"":""Qovat""}",1,PRS,8,,8,True,rating=8;hidden_until=none;chartDesigner=present;chartBodyBundled=false;chartPath=1.aff,normal-slot,ex＊tree,Watersnake,,,,,,,,,,,1.aff,False
qovat,377,"{""en"":""Qovat""}",2,FTR,10,,10,True,rating=10;hidden_until=none;chartDesigner=present;chartBodyBundled=false;chartPath=2.aff,normal-slot,ny＊tree,Watersnake,,,,,,,,,,,2.aff,False
hellohell,378,"{""en"":""HELLOHELL""}",0,PST,2,,2,True,rating=2;hidden_until=none;chartDesigner=present;chartBodyBundled=false;chartPath=0.aff,normal-slot,én,原之,,,,,,,,,,,0.aff,False
hellohell,378,"{""en"":""HELLOHELL""}",1,PRS,5,,5,True,rating=5;hidden_until=none;chartDesigner=present;chartBodyBundled=false;chartPath=1.aff,normal-slot,én,原之,,,,,,,,,,,1.aff,False
hellohell,378,"{""en"":""HELLOHELL""}",2,FTR,7,,7,True,rating=7;hidden_until=none;chartDesigner=present;chartBodyBundled=false;chartPath=2.aff,normal-slot,én,原之,,,,,,,,,,,2.aff,False
hellohell,378,"{""en"":""HELLOHELL""}",4,ETR,9,,9,True,rating=9;hidden_until=none;chartDesigner=present;chartBodyBundled=false;chartPath=4.aff,normal-slot,eién,原之,,,,,,,,,,,4.aff,False
ichirin,379,"{""en"":""〇、"",""ko_dialog"":""、""}",0,PST,2,,2,True,rating=2;hidden_until=none;chartDesigner=present;chartBodyBundled=false;chartPath=0.aff,normal-slot,CERiNG、,毛腿猪兔子 & Kolaa,,,,,,,,,,,0.aff,False
ichirin,379,"{""en"":""〇、"",""ko_dialog"":""、""}",1,PRS,6,,6,True,rating=6;hidden_until=none;chartDesigner=present;chartBodyBundled=false;chartPath=1.aff,normal-slot,CERiNG、,毛腿猪兔子 & Kolaa,,,,,,,,,,,1.aff,False
ichirin,379,"{""en"":""〇、"",""ko_dialog"":""、""}",2,FTR,9,,9,True,rating=9;hidden_until=none;chartDesigner=present;chartBodyBundled=false;chartPath=2.aff,normal-slot,CERiNG、,毛腿猪兔子 & Kolaa,,,,,,,,,,,2.aff,False
awakeninruins,380,"{""en"":""Awaken In Ruins""}",0,PST,3,,3,True,rating=3;hidden_until=none;chartDesigner=present;chartBodyBundled=false;chartPath=0.aff,normal-slot,antymis,人間蛋,,,,,,,,,,,0.aff,False
awakeninruins,380,"{""en"":""Awaken In Ruins""}",1,PRS,7,,7,True,rating=7;hidden_until=none;chartDesigner=present;chartBodyBundled=false;chartPath=1.aff,normal-slot,antymis,人間蛋,,,,,,,,,,,1.aff,False
awakeninruins,380,"{""en"":""Awaken In Ruins""}",2,FTR,9,True,9+,True,rating=9;hidden_until=none;chartDesigner=present;chartBodyBundled=false;chartPath=2.aff,normal-slot,antymis,人間蛋,,,,,,,,,,,2.aff,False
morningloom,381,"{""en"":""MORNINGLOOM""}",0,PST,3,,3,True,rating=3;hidden_until=none;chartDesigner=present;chartBodyBundled=false;chartPath=0.aff,normal-slot,Exschwasion • 8:00,すずあ,,,,,,,,,,,0.aff,False
morningloom,381,"{""en"":""MORNINGLOOM""}",1,PRS,6,,6,True,rating=6;hidden_until=none;chartDesigner=present;chartBodyBundled=false;chartPath=1.aff,normal-slot,Exschwasion • 8:21,すずあ,,,,,,,,,,,1.aff,False
morningloom,381,"{""en"":""MORNINGLOOM""}",2,FTR,8,True,8+,True,rating=8;hidden_until=none;chartDesigner=present;chartBodyBundled=false;chartPath=2.aff,normal-slot,Exschwasion • 8:45,すずあ,,,,,,,,,,,2.aff,False
morningloom,381,"{""en"":""MORNINGLOOM""}",4,ETR,9,True,9+,True,rating=9;hidden_until=none;chartDesigner=present;chartBodyBundled=false;chartPath=4.aff,normal-slot,Exschwasion • 8:46,すずあ,,,,,,,,,,,4.aff,False
lethalvoltage,382,"{""en"":""Lethal Voltage""}",0,PST,4,,4,True,rating=4;hidden_until=none;chartDesigner=present;chartBodyBundled=false;chartPath=0.aff,normal-slot,moonquay [EMP],mochi’s pizza,,,,,,,,,,,0.aff,False
lethalvoltage,382,"{""en"":""Lethal Voltage""}",1,PRS,7,True,7+,True,rating=7;hidden_until=none;chartDesigner=present;chartBodyBundled=false;chartPath=1.aff,normal-slot,moonquay [FLASH],mochi’s pizza,,,,,,,,,,,1.aff,False
lethalvoltage,382,"{""en"":""Lethal Voltage""}",2,FTR,10,,10,True,rating=10;hidden_until=none;chartDesigner=present;chartBodyBundled=false;chartPath=2.aff,normal-slot,moonquay [SHOCK],mochi’s pizza,,,,,,,,,,,2.aff,False
mirinae,383,"{""en"":""MIRINAE""}",0,PST,4,,4,True,rating=4;hidden_until=none;chartDesigner=present;chartBodyBundled=false;chartPath=0.aff,normal-slot,N↑TRO,すずなし,,,,,,,,,,,0.aff,False
mirinae,383,"{""en"":""MIRINAE""}",1,PRS,8,,8,True,rating=8;hidden_until=none;chartDesigner=present;chartBodyBundled=false;chartPath=1.aff,normal-slot,N↑TRO,すずなし,,,,,,,,,,,1.aff,False
mirinae,383,"{""en"":""MIRINAE""}",2,FTR,10,,10,True,rating=10;hidden_until=none;chartDesigner=present;chartBodyBundled=false;chartPath=2.aff,normal-slot,N↑TRO,すずなし,,,,,,,,,,,2.aff,False
ultradiaxon,384,"{""en"":""ultradiaxon-N3""}",0,PST,4,,4,True,rating=4;hidden_until=none;chartDesigner=present;chartBodyBundled=false;chartPath=0.aff,normal-slot,Nitro,MiyU,,,,,,,,,,,0.aff,False
ultradiaxon,384,"{""en"":""ultradiaxon-N3""}",1,PRS,8,,8,True,rating=8;hidden_until=none;chartDesigner=present;chartBodyBundled=false;chartPath=1.aff,normal-slot,Nitro,MiyU,,,,,,,,,,,1.aff,False
ultradiaxon,384,"{""en"":""ultradiaxon-N3""}",2,FTR,10,,10,True,rating=10;hidden_until=none;chartDesigner=present;chartBodyBundled=false;chartPath=2.aff,normal-slot,Nitro,MiyU,,,,,,,,,,,2.aff,False
leaveallbehind,385,"{""en"":""Leave All Behind""}",0,PST,2,,2,True,rating=2;hidden_until=none;chartDesigner=present;chartBodyBundled=false;chartPath=0.aff,normal-slot,Luxance,NoteRE,,,,,,,,,,,0.aff,False
leaveallbehind,385,"{""en"":""Leave All Behind""}",1,PRS,5,,5,True,rating=5;hidden_until=none;chartDesigner=present;chartBodyBundled=false;chartPath=1.aff,normal-slot,Luxance,NoteRE,,,,,,,,,,,1.aff,False
leaveallbehind,385,"{""en"":""Leave All Behind""}",2,FTR,9,,9,True,rating=9;hidden_until=none;chartDesigner=present;chartBodyBundled=false;chartPath=2.aff,normal-slot,Luxance,NoteRE,,,,,,,,,,,2.aff,False
distortedfate,386,"{""en"":""Distorted Fate""}",0,PST,4,,4,True,rating=4;hidden_until=none;chartDesigner=present;chartBodyBundled=false;chartPath=0.aff,normal-slot,Toaster,knife美工刀,,,,,,,,,,,0.aff,False
distortedfate,386,"{""en"":""Distorted Fate""}",1,PRS,7,True,7+,True,rating=7;hidden_until=none;chartDesigner=present;chartBodyBundled=false;chartPath=1.aff,normal-slot,Toaster,knife美工刀,,,,,,,,,,,1.aff,False
distortedfate,386,"{""en"":""Distorted Fate""}",2,FTR,9,,9,True,rating=9;hidden_until=none;chartDesigner=present;chartBodyBundled=false;chartPath=2.aff,normal-slot,Toaster,knife美工刀,,,,,,,,,,,2.aff,False
distortedfate,386,"{""en"":""Distorted Fate""}",4,ETR,10,True,10+,True,rating=10;hidden_until=none;chartDesigner=present;chartBodyBundled=false;chartPath=4.aff,normal-slot,TOASTER DATA PATCHER,knife美工刀,,,,,,,,,,,4.aff,False
floatingworld,387,"{""en"":""Floating World""}",0,PST,3,,3,True,rating=3;hidden_until=none;chartDesigner=present;chartBodyBundled=false;chartPath=0.aff,normal-slot,én,チェリ藻,,,,,,,,,,,0.aff,False
floatingworld,387,"{""en"":""Floating World""}",1,PRS,7,,7,True,rating=7;hidden_until=none;chartDesigner=present;chartBodyBundled=false;chartPath=1.aff,normal-slot,én,チェリ藻,,,,,,,,,,,1.aff,False
floatingworld,387,"{""en"":""Floating World""}",2,FTR,9,,9,True,rating=9;hidden_until=none;chartDesigner=present;chartBodyBundled=false;chartPath=2.aff,normal-slot,én,チェリ藻,,,,,,,,,,,2.aff,False
chromafill,388,"{""en"":""Chromafill""}",0,PST,4,,4,True,rating=4;hidden_until=none;chartDesigner=present;chartBodyBundled=false;chartPath=0.aff,normal-slot,exschwasion -彩色-,イチゼンリュウ,,,,,,,,,,,0.aff,False
chromafill,388,"{""en"":""Chromafill""}",1,PRS,7,,7,True,rating=7;hidden_until=none;chartDesigner=present;chartBodyBundled=false;chartPath=1.aff,normal-slot,exschwasion -彩色-,イチゼンリュウ,,,,,,,,,,,1.aff,False
chromafill,388,"{""en"":""Chromafill""}",2,FTR,10,,10,True,rating=10;hidden_until=none;chartDesigner=present;chartBodyBundled=false;chartPath=2.aff,normal-slot,exschwasion -彩色-,イチゼンリュウ,,,,,,,,,,,2.aff,False
desive,389,"{""en"":""Désive"",""ko_dialog"":""Desive""}",0,PST,5,,5,True,rating=5;hidden_until=none;chartDesigner=present;chartBodyBundled=false;chartPath=0.aff,normal-slot,Yearning Call,そゐち,,,,,,,,,,,0.aff,False
desive,389,"{""en"":""Désive"",""ko_dialog"":""Desive""}",1,PRS,8,,8,True,rating=8;hidden_until=none;chartDesigner=present;chartBodyBundled=false;chartPath=1.aff,normal-slot,Yearning Call,そゐち,,,,,,,,,,,1.aff,False
desive,389,"{""en"":""Désive"",""ko_dialog"":""Desive""}",2,FTR,9,True,9+,True,rating=9;hidden_until=none;chartDesigner=present;chartBodyBundled=false;chartPath=2.aff,normal-slot,Yearning Call,そゐち,,,,,,,,,,,2.aff,False
desive,389,"{""en"":""Désive"",""ko_dialog"":""Desive""}",4,ETR,10,True,10+,True,rating=10;hidden_until=none;chartDesigner=present;chartBodyBundled=false;chartPath=4.aff,normal-slot,Yearning Call,そゐち,,,,,,,,,,,4.aff,False
epicurus,390,"{""en"":""Hidden Rainbows of Epicurus"",""ja"":""エピクロスの虹はもう見えない""}",0,PST,2,,2,True,rating=2;hidden_until=none;chartDesigner=present;chartBodyBundled=true;chartPath=0.aff,normal-slot,Dec18,ののこ,,,,,,,,,,,0.aff,True
epicurus,390,"{""en"":""Hidden Rainbows of Epicurus"",""ja"":""エピクロスの虹はもう見えない""}",1,PRS,5,,5,True,rating=5;hidden_until=none;chartDesigner=present;chartBodyBundled=true;chartPath=1.aff,normal-slot,Dec18,ののこ,,,,,,,,,,,1.aff,True
epicurus,390,"{""en"":""Hidden Rainbows of Epicurus"",""ja"":""エピクロスの虹はもう見えない""}",2,FTR,7,,7,True,rating=7;hidden_until=none;chartDesigner=present;chartBodyBundled=true;chartPath=2.aff,normal-slot,Dec18,ののこ,,,,,,,,,,,2.aff,True
epicurus,390,"{""en"":""Hidden Rainbows of Epicurus"",""ja"":""エピクロスの虹はもう見えない""}",4,ETR,8,True,8+,True,rating=8;hidden_until=none;chartDesigner=present;chartBodyBundled=true;chartPath=4.aff,normal-slot,Dec18,ののこ,,,,,,,,,,,4.aff,True
tasogare,391,"{""en"":""Twilight Concerto"",""ja"":""黄昏の協奏曲""}",0,PST,4,,4,True,rating=4;hidden_until=none;chartDesigner=present;chartBodyBundled=false;chartPath=0.aff,normal-slot,Exschwasion,,,,,,,,,,,,0.aff,False
tasogare,391,"{""en"":""Twilight Concerto"",""ja"":""黄昏の協奏曲""}",1,PRS,7,True,7+,True,rating=7;hidden_until=none;chartDesigner=present;chartBodyBundled=false;chartPath=1.aff,normal-slot,Exschwasion,,,,,,,,,,,,1.aff,False
tasogare,391,"{""en"":""Twilight Concerto"",""ja"":""黄昏の協奏曲""}",2,FTR,9,,9,True,rating=9;hidden_until=none;chartDesigner=present;chartBodyBundled=false;chartPath=2.aff,normal-slot,Exschwasion,,,,,,,,,,,,2.aff,False
tasogare,391,"{""en"":""Twilight Concerto"",""ja"":""黄昏の協奏曲""}",4,ETR,10,,10,True,rating=10;hidden_until=none;chartDesigner=present;chartBodyBundled=false;chartPath=4.aff,normal-slot,Exschwasion,,,,,,,,,,,,4.aff,False
oldschoolsalvage,392,"{""en"":""Old School Salvage""}",0,PST,4,,4,True,rating=4;hidden_until=none;chartDesigner=present;chartBodyBundled=false;chartPath=0.aff,normal-slot,antymis,tvchany,,,,,,,,,,,0.aff,False
oldschoolsalvage,392,"{""en"":""Old School Salvage""}",1,PRS,7,True,7+,True,rating=7;hidden_until=none;chartDesigner=present;chartBodyBundled=false;chartPath=1.aff,normal-slot,antymis,tvchany,,,,,,,,,,,1.aff,False
oldschoolsalvage,392,"{""en"":""Old School Salvage""}",2,FTR,9,True,9+,True,rating=9;hidden_until=none;chartDesigner=present;chartBodyBundled=false;chartPath=2.aff,normal-slot,antymis + Nitro,tvchany,,,,,,,,,,,2.aff,False
beautifuldreamer,393,"{""en"":""Beautiful Dreamer""}",0,PST,4,,4,True,rating=4;hidden_until=none;chartDesigner=present;chartBodyBundled=false;chartPath=0.aff,normal-slot,CERiNG,さんぱち,,,,,,,,,,,0.aff,False
beautifuldreamer,393,"{""en"":""Beautiful Dreamer""}",1,PRS,7,True,7+,True,rating=7;hidden_until=none;chartDesigner=present;chartBodyBundled=false;chartPath=1.aff,normal-slot,CERiNG,さんぱち,,,,,,,,,,,1.aff,False
beautifuldreamer,393,"{""en"":""Beautiful Dreamer""}",2,FTR,9,True,9+,True,rating=9;hidden_until=none;chartDesigner=present;chartBodyBundled=false;chartPath=2.aff,normal-slot,CERiNG,さんぱち,,,,,,,,,,,2.aff,False
backtobasics,394,"{""en"":""Back to Basics""}",0,PST,5,,5,True,rating=5;hidden_until=none;chartDesigner=present;chartBodyBundled=false;chartPath=0.aff,normal-slot,夜浪 THE FUMEn ANARCHIST,TKKsn.,,,,,,,,,,,0.aff,False
backtobasics,394,"{""en"":""Back to Basics""}",1,PRS,8,True,8+,True,rating=8;hidden_until=none;chartDesigner=present;chartBodyBundled=false;chartPath=1.aff,normal-slot,夜浪 THE FUMEn ANARCHIST,TKKsn.,,,,,,,,,,,1.aff,False
backtobasics,394,"{""en"":""Back to Basics""}",2,FTR,10,,10,True,rating=10;hidden_until=none;chartDesigner=present;chartBodyBundled=false;chartPath=2.aff,normal-slot,夜浪 THE FUMEn ANARCHIST,TKKsn.,,,,,,,,,,,2.aff,False
stargateextreme,395,"{""en"":""STARGATE EXTREME""}",0,PST,4,,4,True,rating=4;hidden_until=none;chartDesigner=present;chartBodyBundled=false;chartPath=0.aff,normal-slot,én,SARYN,,,,,,,,,,,0.aff,False
stargateextreme,395,"{""en"":""STARGATE EXTREME""}",1,PRS,6,,6,True,rating=6;hidden_until=none;chartDesigner=present;chartBodyBundled=false;chartPath=1.aff,normal-slot,én,SARYN,,,,,,,,,,,1.aff,False
stargateextreme,395,"{""en"":""STARGATE EXTREME""}",2,FTR,9,,9,True,rating=9;hidden_until=none;chartDesigner=present;chartBodyBundled=false;chartPath=2.aff,normal-slot,én,SARYN,,,,,,,,,,,2.aff,False
stargateextreme,395,"{""en"":""STARGATE EXTREME""}",4,ETR,9,True,9+,True,rating=9;hidden_until=none;chartDesigner=present;chartBodyBundled=false;chartPath=4.aff,normal-slot,eién,SARYN,,,,,,,,,,,4.aff,False
signof,396,"{""en"":""Sign of \""10.5km\""""}",0,PST,3,,3,True,rating=3;hidden_until=none;chartDesigner=present;chartBodyBundled=false;chartPath=0.aff,normal-slot,Dec18,,,,,,,,,,,,0.aff,False
signof,396,"{""en"":""Sign of \""10.5km\""""}",1,PRS,6,,6,True,rating=6;hidden_until=none;chartDesigner=present;chartBodyBundled=false;chartPath=1.aff,normal-slot,Dec18,,,,,,,,,,,,1.aff,False
signof,396,"{""en"":""Sign of \""10.5km\""""}",2,FTR,9,,9,True,rating=9;hidden_until=none;chartDesigner=present;chartBodyBundled=false;chartPath=2.aff,normal-slot,Dec18,,,,,,,,,,,,2.aff,False
temptationgc,397,"{""en"":""10pt8ion""}",0,PST,4,,4,True,rating=4;hidden_until=none;chartDesigner=present;chartBodyBundled=false;chartPath=0.aff,normal-slot,Nitro,,,,,,,,,,,,0.aff,False
temptationgc,397,"{""en"":""10pt8ion""}",1,PRS,7,True,7+,True,rating=7;hidden_until=none;chartDesigner=present;chartBodyBundled=false;chartPath=1.aff,normal-slot,Nitro,,,,,,,,,,,,1.aff,False
temptationgc,397,"{""en"":""10pt8ion""}",2,FTR,9,True,9+,True,rating=9;hidden_until=none;chartDesigner=present;chartBodyBundled=false;chartPath=2.aff,normal-slot,Nite Schwa Power,,,,,,,,,,,,2.aff,False
temptationgc,397,"{""en"":""10pt8ion""}",4,ETR,10,,10,True,rating=10;hidden_until=none;chartDesigner=present;chartBodyBundled=false;chartPath=4.aff,normal-slot,Nite Schwa Power,,,,,,,,,,,,4.aff,False
blackmind,398,"{""en"":""Black MInD""}",0,PST,5,,5,True,rating=5;hidden_until=none;chartDesigner=present;chartBodyBundled=false;chartPath=0.aff,normal-slot,聖輪,,,,,,,,,,,,0.aff,False
blackmind,398,"{""en"":""Black MInD""}",1,PRS,8,,8,True,rating=8;hidden_until=none;chartDesigner=present;chartBodyBundled=false;chartPath=1.aff,normal-slot,聖輪,,,,,,,,,,,,1.aff,False
blackmind,398,"{""en"":""Black MInD""}",2,FTR,10,True,10+,True,rating=10;hidden_until=none;chartDesigner=present;chartBodyBundled=false;chartPath=2.aff,normal-slot,聖輪,,,,,,,,,,,,2.aff,False
hypervision,399,"{""en"":""HYPER VISION""}",0,PST,4,,4,True,rating=4;hidden_until=none;chartDesigner=present;chartBodyBundled=false;chartPath=0.aff,normal-slot,NITRO,洗濯メン,,,,,,,,,,,0.aff,False
hypervision,399,"{""en"":""HYPER VISION""}",1,PRS,7,,7,True,rating=7;hidden_until=none;chartDesigner=present;chartBodyBundled=false;chartPath=1.aff,normal-slot,NITRO,洗濯メン,,,,,,,,,,,1.aff,False
hypervision,399,"{""en"":""HYPER VISION""}",2,FTR,9,True,9+,True,rating=9;hidden_until=none;chartDesigner=present;chartBodyBundled=false;chartPath=2.aff,normal-slot,NITRO,洗濯メン,,,,,,,,,,,2.aff,False
distortionhuman,401,"{""en"":""Distortion Human"",""ja"":""ディストーション・ニンゲン""}",0,PST,3,,3,True,rating=3;hidden_until=none;chartDesigner=present;chartBodyBundled=false;chartPath=0.aff,normal-slot,ディストーション・ルクアンス,,,,,,,,,,,,0.aff,False
distortionhuman,401,"{""en"":""Distortion Human"",""ja"":""ディストーション・ニンゲン""}",1,PRS,6,,6,True,rating=6;hidden_until=none;chartDesigner=present;chartBodyBundled=false;chartPath=1.aff,normal-slot,ディストーション・ルクアンス,,,,,,,,,,,,1.aff,False
distortionhuman,401,"{""en"":""Distortion Human"",""ja"":""ディストーション・ニンゲン""}",2,FTR,9,True,9+,True,rating=9;hidden_until=none;chartDesigner=present;chartBodyBundled=false;chartPath=2.aff,normal-slot,ディストーション・ルクアンス,,,,,,,,,,,,2.aff,False
shrink,402,"{""en"":""shrink""}",0,PST,3,,3,True,rating=3;hidden_until=none;chartDesigner=present;chartBodyBundled=false;chartPath=0.aff,normal-slot,Dec18,,,,,,,,,,,,0.aff,False
shrink,402,"{""en"":""shrink""}",1,PRS,7,,7,True,rating=7;hidden_until=none;chartDesigner=present;chartBodyBundled=false;chartPath=1.aff,normal-slot,Dec18,,,,,,,,,,,,1.aff,False
shrink,402,"{""en"":""shrink""}",2,FTR,9,True,9+,True,rating=9;hidden_until=none;chartDesigner=present;chartBodyBundled=false;chartPath=2.aff,normal-slot,Dec18,,,,,,,,,,,,2.aff,False
invain,403,"{""en"":""In Vain""}",0,PST,3,,3,True,rating=3;hidden_until=none;chartDesigner=present;chartBodyBundled=false;chartPath=0.aff,normal-slot,CERiNG,トロ３,,,,,,,,,,,0.aff,False
invain,403,"{""en"":""In Vain""}",1,PRS,6,,6,True,rating=6;hidden_until=none;chartDesigner=present;chartBodyBundled=false;chartPath=1.aff,normal-slot,CERiNG,トロ３,,,,,,,,,,,1.aff,False
invain,403,"{""en"":""In Vain""}",2,FTR,9,,9,True,rating=9;hidden_until=none;chartDesigner=present;chartBodyBundled=false;chartPath=2.aff,normal-slot,CERiNG,トロ３,,,,,,,,,,,2.aff,False
hypnotize,404,"{""en"":""Hypnotize""}",0,PST,3,,3,True,rating=3;hidden_until=none;chartDesigner=present;chartBodyBundled=false;chartPath=0.aff,normal-slot,én,つくだ煮,,,,,,,,,,,0.aff,False
hypnotize,404,"{""en"":""Hypnotize""}",1,PRS,7,,7,True,rating=7;hidden_until=none;chartDesigner=present;chartBodyBundled=false;chartPath=1.aff,normal-slot,én,つくだ煮,,,,,,,,,,,1.aff,False
hypnotize,404,"{""en"":""Hypnotize""}",2,FTR,8,True,8+,True,rating=8;hidden_until=none;chartDesigner=present;chartBodyBundled=false;chartPath=2.aff,normal-slot,én,つくだ煮,,,,,,,,,,,2.aff,False
hypnotize,404,"{""en"":""Hypnotize""}",4,ETR,9,True,9+,True,rating=9;hidden_until=none;chartDesigner=present;chartBodyBundled=false;chartPath=4.aff,normal-slot,én × nitro「The Radical」,つくだ煮,,,,,,,,,,,4.aff,False
ashenboundary,405,"{""en"":""Ashen 6oundary""}",0,PST,4,,4,True,rating=4;hidden_until=none;chartDesigner=present;chartBodyBundled=false;chartPath=0.aff,normal-slot,[NITRO],AT基調,,,,,,,,,,,0.aff,False
ashenboundary,405,"{""en"":""Ashen 6oundary""}",1,PRS,7,True,7+,True,rating=7;hidden_until=none;chartDesigner=present;chartBodyBundled=false;chartPath=1.aff,normal-slot,[NITRO],AT基調,,,,,,,,,,,1.aff,False
ashenboundary,405,"{""en"":""Ashen 6oundary""}",2,FTR,9,True,9+,True,rating=9;hidden_until=none;chartDesigner=present;chartBodyBundled=false;chartPath=2.aff,normal-slot,[NITRO],AT基調,,,,,,,,,,,2.aff,False
judgement,406,"{""en"":""Judgement""}",0,PST,5,,5,True,rating=5;hidden_until=none;chartDesigner=present;chartBodyBundled=false;chartPath=0.aff,normal-slot,絶滅 » collapse,辷,,,,,,,,,,,0.aff,False
judgement,406,"{""en"":""Judgement""}",1,PRS,8,,8,True,rating=8;hidden_until=none;chartDesigner=present;chartBodyBundled=false;chartPath=1.aff,normal-slot,絶滅 » collapse,辷,,,,,,,,,,,1.aff,False
judgement,406,"{""en"":""Judgement""}",2,FTR,10,,10,True,rating=10;hidden_until=none;chartDesigner=present;chartBodyBundled=false;chartPath=2.aff,normal-slot,絶滅 » collapse,辷,,,,,,,,,,,2.aff,False
alterego,400,"{""en"":""ALTER EGO""}",0,PST,6,,6,True,rating=6;hidden_until=none;chartDesigner=present;chartBodyBundled=false;chartPath=0.aff,normal-slot,Article V《Observation》,すずなし,,,,,,,,,,,0.aff,False
alterego,400,"{""en"":""ALTER EGO""}",1,PRS,9,,9,True,rating=9;hidden_until=none;chartDesigner=present;chartBodyBundled=false;chartPath=1.aff,normal-slot,Article VI《Hypothesis》,すずなし,,,,,,,,,,,1.aff,False
alterego,400,"{""en"":""ALTER EGO""}",2,FTR,10,,10,True,rating=10;hidden_until=none;chartDesigner=present;chartBodyBundled=false;chartPath=2.aff,normal-slot,Article VII《Analysis》,すずなし,,,,,,,,,,,2.aff,False
alterego,400,"{""en"":""ALTER EGO""}",4,ETR,11,,11,True,rating=11;hidden_until=none;chartDesigner=present;chartBodyBundled=false;chartPath=4.aff,normal-slot,Article 0x8《Enmity》,すずなし,,,,,,,,,,,4.aff,False
epitaxy,407,"{""en"":""epitaxy""}",0,PST,3,,3,True,rating=3;hidden_until=none;chartDesigner=present;chartBodyBundled=false;chartPath=0.aff,normal-slot,Dec18,唯莎,,,,,,,,,,,0.aff,False
epitaxy,407,"{""en"":""epitaxy""}",1,PRS,6,,6,True,rating=6;hidden_until=none;chartDesigner=present;chartBodyBundled=false;chartPath=1.aff,normal-slot,Dec18,唯莎,,,,,,,,,,,1.aff,False
epitaxy,407,"{""en"":""epitaxy""}",2,FTR,8,,8,True,rating=8;hidden_until=none;chartDesigner=present;chartBodyBundled=false;chartPath=2.aff,normal-slot,Dec18,唯莎,,,,,,,,,,,2.aff,False
epitaxy,407,"{""en"":""epitaxy""}",4,ETR,9,,9,True,rating=9;hidden_until=none;chartDesigner=present;chartBodyBundled=false;chartPath=4.aff,normal-slot,Dec18,唯莎,,,,,,,,,,,4.aff,False
waltzforlorelei,408,"{""en"":""Waltz for Lorelei""}",0,PST,2,,2,True,rating=2;hidden_until=none;chartDesigner=present;chartBodyBundled=false;chartPath=0.aff,normal-slot,antymis,夕西,,,,,,,,,,,0.aff,False
waltzforlorelei,408,"{""en"":""Waltz for Lorelei""}",1,PRS,5,,5,True,rating=5;hidden_until=none;chartDesigner=present;chartBodyBundled=false;chartPath=1.aff,normal-slot,antymis,夕西,,,,,,,,,,,1.aff,False
waltzforlorelei,408,"{""en"":""Waltz for Lorelei""}",2,FTR,8,True,8+,True,rating=8;hidden_until=none;chartDesigner=present;chartBodyBundled=false;chartPath=2.aff,normal-slot,antymis,夕西,,,,,,,,,,,2.aff,False
waltzforlorelei,408,"{""en"":""Waltz for Lorelei""}",4,ETR,9,True,9+,True,rating=9;hidden_until=none;chartDesigner=present;chartBodyBundled=false;chartPath=4.aff,normal-slot,antymis,夕西,,,,,,,,,,,4.aff,False
dualdoom,409,"{""en"":""Dual Doom Deathmatch""}",0,PST,3,,3,True,rating=3;hidden_until=none;chartDesigner=present;chartBodyBundled=false;chartPath=0.aff,normal-slot,NITRO,炎獵,,,,,,,,,,,0.aff,False
dualdoom,409,"{""en"":""Dual Doom Deathmatch""}",1,PRS,6,,6,True,rating=6;hidden_until=none;chartDesigner=present;chartBodyBundled=false;chartPath=1.aff,normal-slot,NITRO,炎獵,,,,,,,,,,,1.aff,False
dualdoom,409,"{""en"":""Dual Doom Deathmatch""}",2,FTR,8,True,8+,True,rating=8;hidden_until=none;chartDesigner=present;chartBodyBundled=false;chartPath=2.aff,normal-slot,NITRO,炎獵,,,,,,,,,,,2.aff,False
dualdoom,409,"{""en"":""Dual Doom Deathmatch""}",4,ETR,10,,10,True,rating=10;hidden_until=none;chartDesigner=present;chartBodyBundled=false;chartPath=4.aff,normal-slot,NITRO,炎獵,,,,,,,,,,,4.aff,False
invertedworld,410,"{""en"":""Inverted World""}",0,PST,3,,3,True,rating=3;hidden_until=none;chartDesigner=present;chartBodyBundled=false;chartPath=0.aff,normal-slot,↑én↓,Mechari,,,,,,,,,,,0.aff,False
invertedworld,410,"{""en"":""Inverted World""}",1,PRS,7,,7,True,rating=7;hidden_until=none;chartDesigner=present;chartBodyBundled=false;chartPath=1.aff,normal-slot,↑én↓,Mechari,,,,,,,,,,,1.aff,False
invertedworld,410,"{""en"":""Inverted World""}",2,FTR,9,,9,True,rating=9;hidden_until=none;chartDesigner=present;chartBodyBundled=false;chartPath=2.aff,normal-slot,↑én↓,Mechari,,,,,,,,,,,2.aff,False
invertedworld,410,"{""en"":""Inverted World""}",4,ETR,10,True,10+,True,rating=10;hidden_until=none;chartDesigner=present;chartBodyBundled=false;chartPath=4.aff,normal-slot,聖輪↓↑夜浪,Mechari,,,,,,,,,,,4.aff,False
mvurbd,411,"{""en"":""MVURBD""}",0,PST,4,,4,True,rating=4;hidden_until=none;chartDesigner=present;chartBodyBundled=false;chartPath=0.aff,normal-slot,絶滅,noel,,,,,,,,,,,0.aff,False
mvurbd,411,"{""en"":""MVURBD""}",1,PRS,7,True,7+,True,rating=7;hidden_until=none;chartDesigner=present;chartBodyBundled=false;chartPath=1.aff,normal-slot,絶滅,noel,,,,,,,,,,,1.aff,False
mvurbd,411,"{""en"":""MVURBD""}",2,FTR,10,,10,True,rating=10;hidden_until=none;chartDesigner=present;chartBodyBundled=false;chartPath=2.aff,normal-slot,絶滅,noel,,,,,,,,,,,2.aff,False
vulcanus,412,"{""en"":""Vulcānus"",""ko_dialog"":""Vulcanus""}",0,PST,5,,5,True,rating=5;hidden_until=none;chartDesigner=present;chartBodyBundled=false;chartPath=0.aff,normal-slot,Volution,月裏,,,,,,,,,,,0.aff,False
vulcanus,412,"{""en"":""Vulcānus"",""ko_dialog"":""Vulcanus""}",1,PRS,8,,8,True,rating=8;hidden_until=none;chartDesigner=present;chartBodyBundled=false;chartPath=1.aff,normal-slot,Volution CCCLX,月裏,,,,,,,,,,,1.aff,False
vulcanus,412,"{""en"":""Vulcānus"",""ko_dialog"":""Vulcanus""}",2,FTR,10,True,10+,True,rating=10;hidden_until=none;chartDesigner=present;chartBodyBundled=false;chartPath=2.aff,normal-slot,Volution IV,月裏,,,,,,,,,,,2.aff,False
rainofconflict,413,"{""en"":""Rain of Conflict in a Radiant Abyss""}",0,PST,5,,5,True,rating=5;hidden_until=none;chartDesigner=present;chartBodyBundled=false;chartPath=0.aff,normal-slot,Nitro “v20170309”,辷,,,,,,,,,,,0.aff,False
rainofconflict,413,"{""en"":""Rain of Conflict in a Radiant Abyss""}",1,PRS,7,True,7+,True,rating=7;hidden_until=none;chartDesigner=present;chartBodyBundled=false;chartPath=1.aff,normal-slot,Nitro “v20170309”,辷,,,,,,,,,,,1.aff,False
rainofconflict,413,"{""en"":""Rain of Conflict in a Radiant Abyss""}",2,FTR,9,,9,True,rating=9;hidden_until=none;chartDesigner=present;chartBodyBundled=false;chartPath=2.aff,normal-slot,Nitro “v20170309”,辷,,,,,,,,,,,2.aff,False
rainofconflict,413,"{""en"":""Rain of Conflict in a Radiant Abyss""}",4,ETR,10,,10,True,rating=10;hidden_until=none;chartDesigner=present;chartBodyBundled=false;chartPath=4.aff,normal-slot,Nitro meets Toaster “v20170309”,辷,,,,,,,,,,,4.aff,False
saintorsinner,414,"{""en"":""Saint or Sinner""}",0,PST,3,,3,True,rating=3;hidden_until=none;chartDesigner=present;chartBodyBundled=false;chartPath=0.aff,normal-slot,小終点,yawa,,,,,,,,,,,0.aff,False
saintorsinner,414,"{""en"":""Saint or Sinner""}",1,PRS,6,,6,True,rating=6;hidden_until=none;chartDesigner=present;chartBodyBundled=false;chartPath=1.aff,normal-slot,小終点,yawa,,,,,,,,,,,1.aff,False
saintorsinner,414,"{""en"":""Saint or Sinner""}",2,FTR,8,True,8+,True,rating=8;hidden_until=none;chartDesigner=present;chartBodyBundled=false;chartPath=2.aff,normal-slot,小終点,yawa,,,,,,,,,,,2.aff,False
saintorsinner,414,"{""en"":""Saint or Sinner""}",3,BYD,10,,10,True,rating=10;hidden_until=none;chartDesigner=present;chartBodyBundled=false;chartPath=3.aff,normal-slot,↑零下↑,yawa,True,,,,,,1773014403,6.13,,,3.aff,False
hailstone,415,"{""en"":""Hailstone""}",0,PST,3,,3,True,rating=3;hidden_until=none;chartDesigner=present;chartBodyBundled=false;chartPath=0.aff,normal-slot,raycast,mogami,,,,,,,,,,,0.aff,False
hailstone,415,"{""en"":""Hailstone""}",1,PRS,7,,7,True,rating=7;hidden_until=none;chartDesigner=present;chartBodyBundled=false;chartPath=1.aff,normal-slot,raycast,mogami,,,,,,,,,,,1.aff,False
hailstone,415,"{""en"":""Hailstone""}",2,FTR,9,True,9+,True,rating=9;hidden_until=none;chartDesigner=present;chartBodyBundled=false;chartPath=2.aff,normal-slot,raycast,mogami,,,,,,,,,,,2.aff,False
furetemitai,416,"{""en"":""FURETE-MITAI"",""ja"":""フレテミタイ""}",0,PST,2,,2,True,rating=2;hidden_until=none;chartDesigner=present;chartBodyBundled=false;chartPath=0.aff,normal-slot,nora::neko,,,,,,,,,,,,0.aff,False
furetemitai,416,"{""en"":""FURETE-MITAI"",""ja"":""フレテミタイ""}",1,PRS,6,,6,True,rating=6;hidden_until=none;chartDesigner=present;chartBodyBundled=false;chartPath=1.aff,normal-slot,nora::neko,,,,,,,,,,,,1.aff,False
furetemitai,416,"{""en"":""FURETE-MITAI"",""ja"":""フレテミタイ""}",2,FTR,8,,8,True,rating=8;hidden_until=none;chartDesigner=present;chartBodyBundled=false;chartPath=2.aff,normal-slot,nora::neko,,,,,,,,,,,,2.aff,False
furetemitai,416,"{""en"":""FURETE-MITAI"",""ja"":""フレテミタイ""}",4,ETR,9,,9,True,rating=9;hidden_until=none;chartDesigner=present;chartBodyBundled=false;chartPath=4.aff,normal-slot,nora::neko,,,,,,,,,,,,4.aff,False
gensounosatellite,417,"{""en"":""Gensou no Satellite"",""ja"":""幻想のサテライト""}",0,PST,2,,2,True,rating=2;hidden_until=none;chartDesigner=present;chartBodyBundled=false;chartPath=0.aff,normal-slot,Luxance,ランコの姉 (豚乙女),,,,,,,,,,,0.aff,False
gensounosatellite,417,"{""en"":""Gensou no Satellite"",""ja"":""幻想のサテライト""}",1,PRS,6,,6,True,rating=6;hidden_until=none;chartDesigner=present;chartBodyBundled=false;chartPath=1.aff,normal-slot,Luxance,ランコの姉 (豚乙女),,,,,,,,,,,1.aff,False
gensounosatellite,417,"{""en"":""Gensou no Satellite"",""ja"":""幻想のサテライト""}",2,FTR,8,True,8+,True,rating=8;hidden_until=none;chartDesigner=present;chartBodyBundled=false;chartPath=2.aff,normal-slot,Luxance,ランコの姉 (豚乙女),,,,,,,,,,,2.aff,False
gensounosatellite,417,"{""en"":""Gensou no Satellite"",""ja"":""幻想のサテライト""}",4,ETR,10,,10,True,rating=10;hidden_until=none;chartDesigner=present;chartBodyBundled=false;chartPath=4.aff,normal-slot,Luxance,ランコの姉 (豚乙女),,,,,,,,,,,4.aff,False
prayer,418,"{""en"":""Prayer"",""ja"":""プレヤ""}",0,PST,2,,2,True,rating=2;hidden_until=none;chartDesigner=present;chartBodyBundled=false;chartPath=0.aff,normal-slot,nora::neko,自動車 原付&なぎのにちこ,,,,,,,,,,,0.aff,False
prayer,418,"{""en"":""Prayer"",""ja"":""プレヤ""}",1,PRS,5,,5,True,rating=5;hidden_until=none;chartDesigner=present;chartBodyBundled=false;chartPath=1.aff,normal-slot,nora::neko,自動車 原付&なぎのにちこ,,,,,,,,,,,1.aff,False
prayer,418,"{""en"":""Prayer"",""ja"":""プレヤ""}",2,FTR,8,,8,True,rating=8;hidden_until=none;chartDesigner=present;chartBodyBundled=false;chartPath=2.aff,normal-slot,nora::neko,自動車 原付&なぎのにちこ,,,,,,,,,,,2.aff,False
prayer,418,"{""en"":""Prayer"",""ja"":""プレヤ""}",4,ETR,9,,9,True,rating=9;hidden_until=none;chartDesigner=present;chartBodyBundled=false;chartPath=4.aff,normal-slot,nora::neko,自動車 原付&なぎのにちこ,,,,,,,,,,,4.aff,False
crimsonquartz,419,"{""en"":""Crimson Quartz""}",0,PST,3,,3,True,rating=3;hidden_until=none;chartDesigner=present;chartBodyBundled=false;chartPath=0.aff,normal-slot,raycast,雨音くるみ,,,,,,,,,,,0.aff,False
crimsonquartz,419,"{""en"":""Crimson Quartz""}",1,PRS,6,,6,True,rating=6;hidden_until=none;chartDesigner=present;chartBodyBundled=false;chartPath=1.aff,normal-slot,raycast,雨音くるみ,,,,,,,,,,,1.aff,False
crimsonquartz,419,"{""en"":""Crimson Quartz""}",2,FTR,8,True,8+,True,rating=8;hidden_until=none;chartDesigner=present;chartBodyBundled=false;chartPath=2.aff,normal-slot,raycast,雨音くるみ,,,,,,,,,,,2.aff,False
crimsonquartz,419,"{""en"":""Crimson Quartz""}",4,ETR,9,True,9+,True,rating=9;hidden_until=none;chartDesigner=present;chartBodyBundled=false;chartPath=4.aff,normal-slot,raycast,雨音くるみ,,,,,,,,,,,4.aff,False
thirdsun,420,"{""en"":""Third Sun""}",0,PST,3,,3,True,rating=3;hidden_until=none;chartDesigner=present;chartBodyBundled=false;chartPath=0.aff,normal-slot,NEO NITRO,Ash Astral,,,,,,,,,,,0.aff,False
thirdsun,420,"{""en"":""Third Sun""}",1,PRS,7,,7,True,rating=7;hidden_until=none;chartDesigner=present;chartBodyBundled=false;chartPath=1.aff,normal-slot,NEO NITRO,Ash Astral,,,,,,,,,,,1.aff,False
thirdsun,420,"{""en"":""Third Sun""}",2,FTR,9,,9,True,rating=9;hidden_until=none;chartDesigner=present;chartBodyBundled=false;chartPath=2.aff,normal-slot,NEO NITRO,Ash Astral,,,,,,,,,,,2.aff,False
thirdsun,420,"{""en"":""Third Sun""}",4,ETR,10,,10,True,rating=10;hidden_until=none;chartDesigner=present;chartBodyBundled=false;chartPath=4.aff,normal-slot,NEO NITRO,Ash Astral,,,,,,,,,,,4.aff,False
spiritdauntless,421,"{""en"":""Spirit of the Dauntless""}",0,PST,4,,4,True,rating=4;hidden_until=none;chartDesigner=present;chartBodyBundled=false;chartPath=0.aff,normal-slot,絶滅,てるオ実,,,,,,,,,,,0.aff,False
spiritdauntless,421,"{""en"":""Spirit of the Dauntless""}",1,PRS,7,True,7+,True,rating=7;hidden_until=none;chartDesigner=present;chartBodyBundled=false;chartPath=1.aff,normal-slot,絶滅,てるオ実,,,,,,,,,,,1.aff,False
spiritdauntless,421,"{""en"":""Spirit of the Dauntless""}",2,FTR,10,,10,True,rating=10;hidden_until=none;chartDesigner=present;chartBodyBundled=false;chartPath=2.aff,normal-slot,絶滅,てるオ実,,,,,,,,,,,2.aff,False
diesirae,422,"{""en"":""Dies irae""}",0,PST,4,,4,True,rating=4;hidden_until=none;chartDesigner=present;chartBodyBundled=false;chartPath=0.aff,normal-slot,M理論,michele,,,,,,,,,,,0.aff,False
diesirae,422,"{""en"":""Dies irae""}",1,PRS,7,,7,True,rating=7;hidden_until=none;chartDesigner=present;chartBodyBundled=false;chartPath=1.aff,normal-slot,M理論,michele,,,,,,,,,,,1.aff,False
diesirae,422,"{""en"":""Dies irae""}",2,FTR,9,,9,True,rating=9;hidden_until=none;chartDesigner=present;chartBodyBundled=false;chartPath=2.aff,normal-slot,M理論,michele,,,,,,,,,,,2.aff,False
diesirae,422,"{""en"":""Dies irae""}",4,ETR,10,,10,True,rating=10;hidden_until=none;chartDesigner=present;chartBodyBundled=false;chartPath=4.aff,normal-slot,M理論,michele,,,,,,,,,,,4.aff,False
astralexe,423,"{""en"":""astral.exe""}",0,PST,3,,3,True,rating=3;hidden_until=none;chartDesigner=present;chartBodyBundled=false;chartPath=0.aff,normal-slot,antymis.exe,kkmfd,,,,,,,,,,,0.aff,False
astralexe,423,"{""en"":""astral.exe""}",1,PRS,6,,6,True,rating=6;hidden_until=none;chartDesigner=present;chartBodyBundled=false;chartPath=1.aff,normal-slot,antymis.exe,kkmfd,,,,,,,,,,,1.aff,False
astralexe,423,"{""en"":""astral.exe""}",2,FTR,9,,9,True,rating=9;hidden_until=none;chartDesigner=present;chartBodyBundled=false;chartPath=2.aff,normal-slot,antymis.exe,kkmfd,,,,,,,,,,,2.aff,False
liftoff,424,"{""en"":""LiftOff""}",0,PST,3,,3,True,rating=3;hidden_until=none;chartDesigner=present;chartBodyBundled=false;chartPath=0.aff,normal-slot,Luxance's Case-Book,,,,,,,,,,,,0.aff,False
liftoff,424,"{""en"":""LiftOff""}",1,PRS,6,,6,True,rating=6;hidden_until=none;chartDesigner=present;chartBodyBundled=false;chartPath=1.aff,normal-slot,Luxance's Case-Book,,,,,,,,,,,,1.aff,False
liftoff,424,"{""en"":""LiftOff""}",2,FTR,8,,8,True,rating=8;hidden_until=none;chartDesigner=present;chartBodyBundled=false;chartPath=2.aff,normal-slot,Luxance's Case-Book,,,,,,,,,,,,2.aff,False
liftoff,424,"{""en"":""LiftOff""}",4,ETR,9,True,9+,True,rating=9;hidden_until=none;chartDesigner=present;chartBodyBundled=false;chartPath=4.aff,normal-slot,Luxance's Case-Book,,,,,,,,,,,,4.aff,False
superambulance,425,"{""en"":""SUPER AMBULANCE""}",0,PST,4,,4,True,rating=4;hidden_until=none;chartDesigner=present;chartBodyBundled=false;chartPath=0.aff,normal-slot,moonquay【新入生】,,,,,,,,,,,,0.aff,False
superambulance,425,"{""en"":""SUPER AMBULANCE""}",1,PRS,7,,7,True,rating=7;hidden_until=none;chartDesigner=present;chartBodyBundled=false;chartPath=1.aff,normal-slot,moonquay v.EXPERT,,,,,,,,,,,,1.aff,False
superambulance,425,"{""en"":""SUPER AMBULANCE""}",2,FTR,10,,10,True,rating=10;hidden_until=none;chartDesigner=present;chartBodyBundled=false;chartPath=2.aff,normal-slot,moonquay v.MASTER,,,,,,,,,,,,2.aff,False
dontfightmusic,426,"{""en"":""Don't Fight The Music""}",0,PST,4,,4,True,rating=4;hidden_until=none;chartDesigner=present;chartBodyBundled=false;chartPath=0.aff,normal-slot,絶滅 (AQUA) Lv.70,,,,,,,,,,,,0.aff,False
dontfightmusic,426,"{""en"":""Don't Fight The Music""}",1,PRS,7,True,7+,True,rating=7;hidden_until=none;chartDesigner=present;chartBodyBundled=false;chartPath=1.aff,normal-slot,絶滅 (AQUA) Lv.70,,,,,,,,,,,,1.aff,False
dontfightmusic,426,"{""en"":""Don't Fight The Music""}",2,FTR,9,,9,True,rating=9;hidden_until=none;chartDesigner=present;chartBodyBundled=false;chartPath=2.aff,normal-slot,絶滅 (AQUA) Lv.70,,,,,,,,,,,,2.aff,False
dontfightmusic,426,"{""en"":""Don't Fight The Music""}",4,ETR,10,True,10+,True,rating=10;hidden_until=none;chartDesigner=present;chartBodyBundled=false;chartPath=4.aff,normal-slot,絶滅 (AQUA) Lv.70,,,,,,,,,,,,4.aff,False
andrevivemelody,427,"{""en"":""And Revive The Melody""}",0,PST,5,,5,True,rating=5;hidden_until=none;chartDesigner=present;chartBodyBundled=false;chartPath=0.aff,normal-slot,夜浪 (FIRE) Lv.75,,,,,,,,,,,,0.aff,False
andrevivemelody,427,"{""en"":""And Revive The Melody""}",1,PRS,8,,8,True,rating=8;hidden_until=none;chartDesigner=present;chartBodyBundled=false;chartPath=1.aff,normal-slot,夜浪 (FIRE) Lv.75,,,,,,,,,,,,1.aff,False
andrevivemelody,427,"{""en"":""And Revive The Melody""}",2,FTR,10,True,10+,True,rating=10;hidden_until=none;chartDesigner=present;chartBodyBundled=false;chartPath=2.aff,normal-slot,夜浪 (FIRE) Lv.75,,,,,,,,,,,,2.aff,False
swansong,428,"{""en"":""Swan Song""}",0,PST,3,,3,True,rating=3;hidden_until=none;chartDesigner=present;chartBodyBundled=false;chartPath=0.aff,normal-slot,小終点,Noyu,,,,,,,,,,,0.aff,False
swansong,428,"{""en"":""Swan Song""}",1,PRS,7,,7,True,rating=7;hidden_until=none;chartDesigner=present;chartBodyBundled=false;chartPath=1.aff,normal-slot,小終点,Noyu,,,,,,,,,,,1.aff,False
swansong,428,"{""en"":""Swan Song""}",2,FTR,9,True,9+,True,rating=9;hidden_until=none;chartDesigner=present;chartBodyBundled=false;chartPath=2.aff,normal-slot,小終点,Noyu,,,,,,,,,,,2.aff,False
renegade,429,"{""en"":""Renegade""}",0,PST,4,,4,True,rating=4;hidden_until=none;chartDesigner=present;chartBodyBundled=false;chartPath=0.aff,normal-slot,"raycast, The Devout",辷,,,,,,,,,,,0.aff,False
renegade,429,"{""en"":""Renegade""}",1,PRS,7,True,7+,True,rating=7;hidden_until=none;chartDesigner=present;chartBodyBundled=false;chartPath=1.aff,normal-slot,"raycast, The Devout",辷,,,,,,,,,,,1.aff,False
renegade,429,"{""en"":""Renegade""}",2,FTR,9,,9,True,rating=9;hidden_until=none;chartDesigner=present;chartBodyBundled=false;chartPath=2.aff,normal-slot,"raycast, The Devout",辷,,,,,,,,,,,2.aff,False
renegade,429,"{""en"":""Renegade""}",3,BYD,10,,10,True,rating=10;hidden_until=none;chartDesigner=present;chartBodyBundled=false;chartPath=3.aff,normal-slot,"raycast, The Irresolute",辷,,,,,,,,,,,3.aff,False
raysofremnant,430,"{""en"":""Rays of Remnant""}",0,PST,4,,4,True,rating=4;hidden_until=none;chartDesigner=present;chartBodyBundled=false;chartPath=0.aff,normal-slot,nora::nue,はむメロン,,,,,,,,,,,0.aff,False
raysofremnant,430,"{""en"":""Rays of Remnant""}",1,PRS,7,,7,True,rating=7;hidden_until=none;chartDesigner=present;chartBodyBundled=false;chartPath=1.aff,normal-slot,nora::nue,はむメロン,,,,,,,,,,,1.aff,False
raysofremnant,430,"{""en"":""Rays of Remnant""}",2,FTR,9,True,9+,True,rating=9;hidden_until=none;chartDesigner=present;chartBodyBundled=false;chartPath=2.aff,normal-slot,nora::nue,はむメロン,,,,,,,,,,,2.aff,False
raysofremnant,430,"{""en"":""Rays of Remnant""}",3,BYD,10,,10,True,rating=10;hidden_until=none;chartDesigner=present;chartBodyBundled=false;chartPath=3.aff,normal-slot,nora::nue,はむメロン,,,,,,,,,,,3.aff,False
breachoffaith,431,"{""en"":""Breach of Faith""}",0,PST,5,,5,True,rating=5;hidden_until=none;chartDesigner=present;chartBodyBundled=false;chartPath=0.aff,normal-slot,夜浪「perfidulo」,おにねこ,,,,,,,,,,,0.aff,False
breachoffaith,431,"{""en"":""Breach of Faith""}",1,PRS,8,,8,True,rating=8;hidden_until=none;chartDesigner=present;chartBodyBundled=false;chartPath=1.aff,normal-slot,夜浪「perfidulo」,おにねこ,,,,,,,,,,,1.aff,False
breachoffaith,431,"{""en"":""Breach of Faith""}",2,FTR,10,,10,True,rating=10;hidden_until=none;chartDesigner=present;chartBodyBundled=false;chartPath=2.aff,normal-slot,夜浪「perfidulo」,おにねこ,,,,,,,,,,,2.aff,False
breachoffaith,431,"{""en"":""Breach of Faith""}",3,BYD,10,True,10+,True,rating=10;hidden_until=none;chartDesigner=present;chartBodyBundled=false;chartPath=3.aff,normal-slot,夜浪「perfidulo」,おにねこ,,,,,,,,,,,3.aff,False
lamentrain,432,"{""en"":""Lament Rain""}",0,PST,6,,6,True,rating=6;hidden_until=none;chartDesigner=present;chartBodyBundled=false;chartPath=0.aff,normal-slot,⇆ Fixation,ああもんど,,,,,,,,,,,0.aff,False
lamentrain,432,"{""en"":""Lament Rain""}",1,PRS,8,True,8+,True,rating=8;hidden_until=none;chartDesigner=present;chartBodyBundled=false;chartPath=1.aff,normal-slot,⇆ Sublimation,ああもんど,,,,,,,,,,,1.aff,False
lamentrain,432,"{""en"":""Lament Rain""}",2,FTR,10,,10,True,rating=10;hidden_until=none;chartDesigner=present;chartBodyBundled=false;chartPath=2.aff,normal-slot,⇆ Separation,ああもんど,,,,,,,,,,,2.aff,False
lamentrain,432,"{""en"":""Lament Rain""}",3,BYD,11,,11,True,rating=11;hidden_until=none;chartDesigner=present;chartBodyBundled=false;chartPath=3.aff,normal-slot,⇆ Projection,ああもんど,,,,,,,,,,,3.aff,False
designant,433,"{""en"":""Designant.""}",0,PST,7,,7,True,rating=7;hidden_until=song;chartDesigner=present;chartBodyBundled=false;chartPath=0.aff,unlock-gated-slot,1st Command ≒ Legacy,すずなし,,,,,,,,,,,0.aff,False
designant,433,"{""en"":""Designant.""}",1,PRS,9,,9,True,rating=9;hidden_until=song;chartDesigner=present;chartBodyBundled=false;chartPath=1.aff,unlock-gated-slot,2nd Command ≒ Perfection,すずなし,,,,,,,,,,,1.aff,False
designant,433,"{""en"":""Designant.""}",2,FTR,10,True,10+,True,rating=10;hidden_until=song;chartDesigner=present;chartBodyBundled=false;chartPath=2.aff,unlock-gated-slot,3rd Command ≒ Ascendance,すずなし,,,,,,,,,,,2.aff,False
designant,433,"{""en"":""Designant.""}",3,BYD,11,True,11+,True,rating=11;hidden_until=song;chartDesigner=present;chartBodyBundled=false;chartPath=3.aff,unlock-gated-slot,Final Command. Infinity,すずなし,,,,,,,,,,,3.aff,False
astralquant,434,"{""en"":""Astral Quantization""}",0,PST,5,,5,True,rating=5;hidden_until=song;chartDesigner=present;chartBodyBundled=false;chartPath=0.aff,unlock-gated-slot,Ψ,Enji,,,,,,,,,,,0.aff,False
astralquant,434,"{""en"":""Astral Quantization""}",1,PRS,8,,8,True,rating=8;hidden_until=song;chartDesigner=present;chartBodyBundled=false;chartPath=1.aff,unlock-gated-slot,Ψ,Enji,,,,,,,,,,,1.aff,False
astralquant,434,"{""en"":""Astral Quantization""}",2,FTR,10,,10,True,rating=10;hidden_until=song;chartDesigner=present;chartBodyBundled=false;chartPath=2.aff,unlock-gated-slot,Ψ,Enji,,,,,,,,,,,2.aff,False
ignition,435,"{""en"":""Ignition""}",0,PST,3,,3,True,rating=3;hidden_until=none;chartDesigner=present;chartBodyBundled=false;chartPath=0.aff,normal-slot,るくあんす,,,,,,,,,,,,0.aff,False
ignition,435,"{""en"":""Ignition""}",1,PRS,6,,6,True,rating=6;hidden_until=none;chartDesigner=present;chartBodyBundled=false;chartPath=1.aff,normal-slot,るくあんす,,,,,,,,,,,,1.aff,False
ignition,435,"{""en"":""Ignition""}",2,FTR,9,True,9+,True,rating=9;hidden_until=none;chartDesigner=present;chartBodyBundled=false;chartPath=2.aff,normal-slot,るくあんす,,,,,,,,,,,,2.aff,False
blazingair,436,"{""en"":""BlazinG AIR""}",0,PST,3,,3,True,rating=3;hidden_until=none;chartDesigner=present;chartBodyBundled=false;chartPath=0.aff,normal-slot,BlazinG ÉND,,,,,,,,,,,,0.aff,False
blazingair,436,"{""en"":""BlazinG AIR""}",1,PRS,6,,6,True,rating=6;hidden_until=none;chartDesigner=present;chartBodyBundled=false;chartPath=1.aff,normal-slot,BlazinG ÉND,,,,,,,,,,,,1.aff,False
blazingair,436,"{""en"":""BlazinG AIR""}",2,FTR,8,True,8+,True,rating=8;hidden_until=none;chartDesigner=present;chartBodyBundled=false;chartPath=2.aff,normal-slot,BlazinG ÉND,,,,,,,,,,,,2.aff,False
blazingair,436,"{""en"":""BlazinG AIR""}",4,ETR,10,,10,True,rating=10;hidden_until=none;chartDesigner=present;chartBodyBundled=false;chartPath=4.aff,normal-slot,BlazinG ÉND,,,,,,,,,,,,4.aff,False
eightem,437,"{""en"":""8-EM""}",0,PST,4,,4,True,rating=4;hidden_until=none;chartDesigner=present;chartBodyBundled=false;chartPath=0.aff,normal-slot,Exschwasion,,,,,,,,,,,,0.aff,False
eightem,437,"{""en"":""8-EM""}",1,PRS,7,True,7+,True,rating=7;hidden_until=none;chartDesigner=present;chartBodyBundled=false;chartPath=1.aff,normal-slot,Exschwasion,,,,,,,,,,,,1.aff,False
eightem,437,"{""en"":""8-EM""}",2,FTR,9,,9,True,rating=9;hidden_until=none;chartDesigner=present;chartBodyBundled=false;chartPath=2.aff,normal-slot,Rave Gallery,,,,,,,,,,,,2.aff,False
eightem,437,"{""en"":""8-EM""}",4,ETR,10,,10,True,rating=10;hidden_until=none;chartDesigner=present;chartBodyBundled=false;chartPath=4.aff,normal-slot,X-SCHWASION,,,,,,,,,,,,4.aff,False
daat,438,"{""en"":""DA'AT -The First Seeker of Souls-""}",0,PST,5,,5,True,rating=5;hidden_until=none;chartDesigner=present;chartBodyBundled=false;chartPath=0.aff,normal-slot,夜浪 -Revolutions-,,,,,,,,,,,,0.aff,False
daat,438,"{""en"":""DA'AT -The First Seeker of Souls-""}",1,PRS,8,,8,True,rating=8;hidden_until=none;chartDesigner=present;chartBodyBundled=false;chartPath=1.aff,normal-slot,夜浪 -Revolutions-,,,,,,,,,,,,1.aff,False
daat,438,"{""en"":""DA'AT -The First Seeker of Souls-""}",2,FTR,10,True,10+,True,rating=10;hidden_until=none;chartDesigner=present;chartBodyBundled=false;chartPath=2.aff,normal-slot,夜浪 -Revolutions-,,,,,,,,,,,,2.aff,False
breakbreak,439,"{""en"":""BREaK! BREaK! BREaK!""}",0,PST,3,,3,True,rating=3;hidden_until=none;chartDesigner=present;chartBodyBundled=false;chartPath=0.aff,normal-slot,écologie,,,,,,,,,,,,0.aff,False
breakbreak,439,"{""en"":""BREaK! BREaK! BREaK!""}",1,PRS,6,,6,True,rating=6;hidden_until=none;chartDesigner=present;chartBodyBundled=false;chartPath=1.aff,normal-slot,écologie,,,,,,,,,,,,1.aff,False
breakbreak,439,"{""en"":""BREaK! BREaK! BREaK!""}",2,FTR,8,True,8+,True,rating=8;hidden_until=none;chartDesigner=present;chartBodyBundled=false;chartPath=2.aff,normal-slot,écologie,,,,,,,,,,,,2.aff,False
breakbreak,439,"{""en"":""BREaK! BREaK! BREaK!""}",4,ETR,10,,10,True,rating=10;hidden_until=none;chartDesigner=present;chartBodyBundled=false;chartPath=4.aff,normal-slot,EXSCHWASiON vs 絶滅,,,,,,,,,,,,4.aff,False
straightintolights,440,"{""en"":""Straight into the lights""}",0,PST,4,,4,True,rating=4;hidden_until=none;chartDesigner=present;chartBodyBundled=false;chartPath=0.aff,normal-slot,nora::kuma,,,,,,,,,,,,0.aff,False
straightintolights,440,"{""en"":""Straight into the lights""}",1,PRS,7,,7,True,rating=7;hidden_until=none;chartDesigner=present;chartBodyBundled=false;chartPath=1.aff,normal-slot,nora::kuma,,,,,,,,,,,,1.aff,False
straightintolights,440,"{""en"":""Straight into the lights""}",2,FTR,9,,9,True,rating=9;hidden_until=none;chartDesigner=present;chartBodyBundled=false;chartPath=2.aff,normal-slot,nora::kuma,,,,,,,,,,,,2.aff,False
straightintolights,440,"{""en"":""Straight into the lights""}",4,ETR,10,,10,True,rating=10;hidden_until=none;chartDesigner=present;chartBodyBundled=false;chartPath=4.aff,normal-slot,反水 × 夜浪,,,,,,,,,,,,4.aff,False
virtus,441,"{""en"":""ViRTUS""}",0,PST,5,,5,True,rating=5;hidden_until=none;chartDesigner=present;chartBodyBundled=false;chartPath=0.aff,normal-slot,NiTRO,,,,,,,,,,,,0.aff,False
virtus,441,"{""en"":""ViRTUS""}",1,PRS,8,,8,True,rating=8;hidden_until=none;chartDesigner=present;chartBodyBundled=false;chartPath=1.aff,normal-slot,NiTRO,,,,,,,,,,,,1.aff,False
virtus,441,"{""en"":""ViRTUS""}",2,FTR,9,True,9+,True,rating=9;hidden_until=none;chartDesigner=present;chartBodyBundled=false;chartPath=2.aff,normal-slot,NiTRO,,,,,,,,,,,,2.aff,False
virtus,441,"{""en"":""ViRTUS""}",4,ETR,10,True,10+,True,rating=10;hidden_until=none;chartDesigner=present;chartBodyBundled=false;chartPath=4.aff,normal-slot,NiTRO,,,,,,,,,,,,4.aff,False
yomibitoshirazu,442,"{""en"":""yomibito_shirazu"",""ja"":""ヨミビトシラズ""}",0,PST,4,,4,True,rating=4;hidden_until=none;chartDesigner=present;chartBodyBundled=false;chartPath=0.aff,normal-slot,<!-- raycast -->,,,,,,,,,,,,0.aff,False
yomibitoshirazu,442,"{""en"":""yomibito_shirazu"",""ja"":""ヨミビトシラズ""}",1,PRS,8,,8,True,rating=8;hidden_until=none;chartDesigner=present;chartBodyBundled=false;chartPath=1.aff,normal-slot,<!-- raycast -->,,,,,,,,,,,,1.aff,False
yomibitoshirazu,442,"{""en"":""yomibito_shirazu"",""ja"":""ヨミビトシラズ""}",2,FTR,9,True,9+,True,rating=9;hidden_until=none;chartDesigner=present;chartBodyBundled=false;chartPath=2.aff,normal-slot,<!-- raycast -->,,,,,,,,,,,,2.aff,False
aethercrest,443,"{""en"":""Aether Crest: Astral""}",0,PST,6,,6,True,rating=6;hidden_until=none;chartDesigner=present;chartBodyBundled=false;chartPath=0.aff,normal-slot,Nitro,すずなし,,,,,,,,,,,0.aff,False
aethercrest,443,"{""en"":""Aether Crest: Astral""}",1,PRS,8,True,8+,True,rating=8;hidden_until=none;chartDesigner=present;chartBodyBundled=false;chartPath=1.aff,normal-slot,Empyrean,すずなし,,,,,,,,,,,1.aff,False
aethercrest,443,"{""en"":""Aether Crest: Astral""}",2,FTR,10,,10,True,rating=10;hidden_until=none;chartDesigner=present;chartBodyBundled=false;chartPath=2.aff,normal-slot,M理論 《Quintessence》,すずなし,,,,,,,,,,,2.aff,False
aethercrest,443,"{""en"":""Aether Crest: Astral""}",4,ETR,11,,11,True,rating=11;hidden_until=none;chartDesigner=present;chartBodyBundled=false;chartPath=4.aff,normal-slot,夜浪 × 絶滅「αἴθων」,すずなし,,,,,,,,,,,4.aff,False
heartache,444,"{""en"":""Heartache"",""ja"":""心の痛み""}",0,PST,1,,1,True,rating=1;hidden_until=none;chartDesigner=present;chartBodyBundled=false;chartPath=0.aff,normal-slot,sidewaves,,,,,,,,,,,,0.aff,False
heartache,444,"{""en"":""Heartache"",""ja"":""心の痛み""}",1,PRS,4,,4,True,rating=4;hidden_until=none;chartDesigner=present;chartBodyBundled=false;chartPath=1.aff,normal-slot,sidewaves,,,,,,,,,,,,1.aff,False
heartache,444,"{""en"":""Heartache"",""ja"":""心の痛み""}",2,FTR,7,,7,True,rating=7;hidden_until=none;chartDesigner=present;chartBodyBundled=false;chartPath=2.aff,normal-slot,sidewaves,,,,,,,,,,,,2.aff,False
heartache,444,"{""en"":""Heartache"",""ja"":""心の痛み""}",4,ETR,8,True,8+,True,rating=8;hidden_until=none;chartDesigner=present;chartBodyBundled=false;chartPath=4.aff,normal-slot,sidewaves,,,,,,,,,,,,4.aff,False
deathbyglamour,445,"{""en"":""Death By Glamour"",""ja"":""華麗なる死闘""}",0,PST,2,,2,True,rating=2;hidden_until=none;chartDesigner=present;chartBodyBundled=false;chartPath=0.aff,normal-slot,RYCT QUIZ SHOW,,,,,,,,,,,,0.aff,False
deathbyglamour,445,"{""en"":""Death By Glamour"",""ja"":""華麗なる死闘""}",1,PRS,5,,5,True,rating=5;hidden_until=none;chartDesigner=present;chartBodyBundled=false;chartPath=1.aff,normal-slot,RYCT COOKING,,,,,,,,,,,,1.aff,False
deathbyglamour,445,"{""en"":""Death By Glamour"",""ja"":""華麗なる死闘""}",2,FTR,7,True,7+,True,rating=7;hidden_until=none;chartDesigner=present;chartBodyBundled=false;chartPath=2.aff,normal-slot,RYCT NEWS,,,,,,,,,,,,2.aff,False
deathbyglamour,445,"{""en"":""Death By Glamour"",""ja"":""華麗なる死闘""}",4,ETR,9,,9,True,rating=9;hidden_until=none;chartDesigner=present;chartBodyBundled=false;chartPath=4.aff,normal-slot,RYCT THE MUSICAL,,,,,,,,,,,,4.aff,False
yourbestnightmare,446,"{""en"":""Your Best Nightmare"",""ja"":""最高の悪夢""}",0,PST,3,,3,True,rating=3;hidden_until=none;chartDesigner=present;chartBodyBundled=false;chartPath=0.aff,normal-slot,Nitro,,,,,,,,,,,,0.aff,False
yourbestnightmare,446,"{""en"":""Your Best Nightmare"",""ja"":""最高の悪夢""}",1,PRS,6,,6,True,rating=6;hidden_until=none;chartDesigner=present;chartBodyBundled=false;chartPath=1.aff,normal-slot,Nitro,,,,,,,,,,,,1.aff,False
yourbestnightmare,446,"{""en"":""Your Best Nightmare"",""ja"":""最高の悪夢""}",2,FTR,8,True,8+,True,rating=8;hidden_until=none;chartDesigner=present;chartBodyBundled=false;chartPath=2.aff,normal-slot,Arcaea Charting Team【The Six Souls】,,,,,,,,,,,,2.aff,False
yourbestnightmare,446,"{""en"":""Your Best Nightmare"",""ja"":""最高の悪夢""}",3,BYD,10,,10,True,rating=10;hidden_until=none;chartDesigner=present;chartBodyBundled=false;chartPath=3.aff,normal-slot,Arcaea Charting Team【The Six Souls】,,,,,,,,,,,,3.aff,False
lastgoodbye,447,"{""en"":""Last Goodbye"",""ja"":""これでホントにサヨナラ""}",0,PST,2,,2,True,rating=2;hidden_until=none;chartDesigner=present;chartBodyBundled=false;chartPath=0.aff,normal-slot,Luxance,,,,,,,,,,,,0.aff,False
lastgoodbye,447,"{""en"":""Last Goodbye"",""ja"":""これでホントにサヨナラ""}",1,PRS,6,,6,True,rating=6;hidden_until=none;chartDesigner=present;chartBodyBundled=false;chartPath=1.aff,normal-slot,Luxance,,,,,,,,,,,,1.aff,False
lastgoodbye,447,"{""en"":""Last Goodbye"",""ja"":""これでホントにサヨナラ""}",2,FTR,8,,8,True,rating=8;hidden_until=none;chartDesigner=present;chartBodyBundled=false;chartPath=2.aff,normal-slot,Luxance,,,,,,,,,,,,2.aff,False
lastgoodbye,447,"{""en"":""Last Goodbye"",""ja"":""これでホントにサヨナラ""}",4,ETR,9,True,9+,True,rating=9;hidden_until=none;chartDesigner=present;chartBodyBundled=false;chartPath=4.aff,normal-slot,Good night.,,,,,,,,,,,,4.aff,False
megalovania,448,"{""en"":""MEGALOVANIA""}",0,PST,4,,4,True,rating=4;hidden_until=none;chartDesigner=present;chartBodyBundled=false;chartPath=0.aff,normal-slot,瑞獣 ＬＶ３,,,,,,,,,,,,0.aff,False
megalovania,448,"{""en"":""MEGALOVANIA""}",1,PRS,7,,7,True,rating=7;hidden_until=none;chartDesigner=present;chartBodyBundled=false;chartPath=1.aff,normal-slot,瑞獣 ＬＶ８,,,,,,,,,,,,1.aff,False
megalovania,448,"{""en"":""MEGALOVANIA""}",2,FTR,9,,9,True,rating=9;hidden_until=none;chartDesigner=present;chartBodyBundled=false;chartPath=2.aff,normal-slot,瑞獣 ＬＶ１５,,,,,,,,,,,,2.aff,False
megalovania,448,"{""en"":""MEGALOVANIA""}",4,ETR,10,,10,True,rating=10;hidden_until=none;chartDesigner=present;chartBodyBundled=false;chartPath=4.aff,normal-slot,瑞獣 ＬＶ１９,,,,,,,,,,,,4.aff,False
megalovaniarmx,449,"{""en"":""MEGALOVANIA (Camellia Remix)""}",0,PST,5,,5,True,rating=5;hidden_until=none;chartDesigner=present;chartBodyBundled=false;chartPath=0.aff,normal-slot,M理論,夏生,,,,,,,,,,,0.aff,False
megalovaniarmx,449,"{""en"":""MEGALOVANIA (Camellia Remix)""}",1,PRS,8,,8,True,rating=8;hidden_until=none;chartDesigner=present;chartBodyBundled=false;chartPath=1.aff,normal-slot,M理論,夏生,,,,,,,,,,,1.aff,False
megalovaniarmx,449,"{""en"":""MEGALOVANIA (Camellia Remix)""}",2,FTR,9,True,9+,True,rating=9;hidden_until=none;chartDesigner=present;chartBodyBundled=false;chartPath=2.aff,normal-slot,M理論,夏生,,,,,,,,,,,2.aff,False
megalovaniarmx,449,"{""en"":""MEGALOVANIA (Camellia Remix)""}",4,ETR,10,True,10+,True,rating=10;hidden_until=none;chartDesigner=present;chartBodyBundled=false;chartPath=4.aff,normal-slot,* do you wanna have a bad time?,夏生,,,,,,,,,,,4.aff,False
placebobattler,450,"{""en"":""Placebo♥Battler"",""ja"":""プラシイボ♥バトラー""}",0,PST,5,,5,True,rating=5;hidden_until=none;chartDesigner=present;chartBodyBundled=false;chartPath=0.aff,normal-slot,絶滅【再構築】,cyawa,,,,,,,,,,,0.aff,False
placebobattler,450,"{""en"":""Placebo♥Battler"",""ja"":""プラシイボ♥バトラー""}",1,PRS,8,,8,True,rating=8;hidden_until=none;chartDesigner=present;chartBodyBundled=false;chartPath=1.aff,normal-slot,絶滅【再構築】,cyawa,,,,,,,,,,,1.aff,False
placebobattler,450,"{""en"":""Placebo♥Battler"",""ja"":""プラシイボ♥バトラー""}",2,FTR,10,,10,True,rating=10;hidden_until=none;chartDesigner=present;chartBodyBundled=false;chartPath=2.aff,normal-slot,絶滅【再構築】,cyawa,,,,,,,,,,,2.aff,False
blackmirror,451,"{""en"":""Black Mirror on the Wall""}",0,PST,3,,3,True,rating=3;hidden_until=none;chartDesigner=present;chartBodyBundled=false;chartPath=0.aff,normal-slot,Nitro,原之,,,,,,,,,,,0.aff,False
blackmirror,451,"{""en"":""Black Mirror on the Wall""}",1,PRS,6,,6,True,rating=6;hidden_until=none;chartDesigner=present;chartBodyBundled=false;chartPath=1.aff,normal-slot,Nitro,原之,,,,,,,,,,,1.aff,False
blackmirror,451,"{""en"":""Black Mirror on the Wall""}",2,FTR,8,,8,True,rating=8;hidden_until=none;chartDesigner=present;chartBodyBundled=false;chartPath=2.aff,normal-slot,Nitro,原之,,,,,,,,,,,2.aff,False
blackmirror,451,"{""en"":""Black Mirror on the Wall""}",4,ETR,9,True,9+,True,rating=9;hidden_until=none;chartDesigner=present;chartBodyBundled=false;chartPath=4.aff,normal-slot,KLMNOP,原之,,,,,,,,,,,4.aff,False
shinchoku,452,"{""en"":""Shinchoku Doudesuka?"",""ja"":""進捗どうですか?""}",0,PST,3,,3,True,rating=3;hidden_until=none;chartDesigner=present;chartBodyBundled=false;chartPath=0.aff,normal-slot,明日から頑張る,とろ美,,,,,,,,,,,0.aff,False
shinchoku,452,"{""en"":""Shinchoku Doudesuka?"",""ja"":""進捗どうですか?""}",1,PRS,7,,7,True,rating=7;hidden_until=none;chartDesigner=present;chartBodyBundled=false;chartPath=1.aff,normal-slot,今からやります,とろ美,,,,,,,,,,,1.aff,False
shinchoku,452,"{""en"":""Shinchoku Doudesuka?"",""ja"":""進捗どうですか?""}",2,FTR,8,True,8+,True,rating=8;hidden_until=none;chartDesigner=present;chartBodyBundled=false;chartPath=2.aff,normal-slot,もう少し待っててね,とろ美,,,,,,,,,,,2.aff,False
shinchoku,452,"{""en"":""Shinchoku Doudesuka?"",""ja"":""進捗どうですか?""}",4,ETR,9,True,9+,True,rating=9;hidden_until=none;chartDesigner=present;chartBodyBundled=false;chartPath=4.aff,normal-slot,進捗ダメです,とろ美,,,,,,,,,,,4.aff,False
trpno,453,"{""en"":""TRPNO""}",0,PST,4,,4,True,rating=4;hidden_until=none;chartDesigner=present;chartBodyBundled=false;chartPath=0.aff,normal-slot,raycast,BBBBB_old,,,,,,,,,,,0.aff,False
trpno,453,"{""en"":""TRPNO""}",1,PRS,7,True,7+,True,rating=7;hidden_until=none;chartDesigner=present;chartBodyBundled=false;chartPath=1.aff,normal-slot,raycast,BBBBB_old,,,,,,,,,,,1.aff,False
trpno,453,"{""en"":""TRPNO""}",2,FTR,10,,10,True,rating=10;hidden_until=none;chartDesigner=present;chartBodyBundled=false;chartPath=2.aff,normal-slot,raycast,BBBBB_old,,,,,,,,,,,2.aff,False
tau,454,"{""en"":""τ (tau)""}",0,PST,4,,4,True,rating=4;hidden_until=none;chartDesigner=present;chartBodyBundled=false;chartPath=0.aff,normal-slot,ə (exschwasion),Square01,,,,,,,,,,,0.aff,False
tau,454,"{""en"":""τ (tau)""}",1,PRS,7,True,7+,True,rating=7;hidden_until=none;chartDesigner=present;chartBodyBundled=false;chartPath=1.aff,normal-slot,ə (exschwasion),Square01,,,,,,,,,,,1.aff,False
tau,454,"{""en"":""τ (tau)""}",2,FTR,9,True,9+,True,rating=9;hidden_until=none;chartDesigner=present;chartBodyBundled=false;chartPath=2.aff,normal-slot,ə (exschwasion),Square01,,,,,,,,,,,2.aff,False
dullblade,455,"{""en"":""Dull Blade""}",0,PST,4,,4,True,rating=4;hidden_until=none;chartDesigner=present;chartBodyBundled=false;chartPath=0.aff,normal-slot,NITRO,kazari,,,,,,,,,,,0.aff,False
dullblade,455,"{""en"":""Dull Blade""}",1,PRS,8,,8,True,rating=8;hidden_until=none;chartDesigner=present;chartBodyBundled=false;chartPath=1.aff,normal-slot,NITRO,kazari,,,,,,,,,,,1.aff,False
dullblade,455,"{""en"":""Dull Blade""}",2,FTR,10,,10,True,rating=10;hidden_until=none;chartDesigner=present;chartBodyBundled=false;chartPath=2.aff,normal-slot,NITRO,kazari,,,,,,,,,,,2.aff,False
wontbackdown,456,"{""en"":""Won't Back Down""}",0,PST,3,,3,True,rating=3;hidden_until=none;chartDesigner=present;chartBodyBundled=false;chartPath=0.aff,normal-slot,én,,,,,,,,,,,,0.aff,False
wontbackdown,456,"{""en"":""Won't Back Down""}",1,PRS,6,,6,True,rating=6;hidden_until=none;chartDesigner=present;chartBodyBundled=false;chartPath=1.aff,normal-slot,én,,,,,,,,,,,,1.aff,False
wontbackdown,456,"{""en"":""Won't Back Down""}",2,FTR,9,True,9+,True,rating=9;hidden_until=none;chartDesigner=present;chartBodyBundled=false;chartPath=2.aff,normal-slot,én,,,,,,,,,,,,2.aff,False
dontdie,457,"{""en"":""Don't Die""}",0,PST,3,,3,True,rating=3;hidden_until=none;chartDesigner=present;chartBodyBundled=false;chartPath=0.aff,normal-slot,nora::neko,,,,,,,,,,,,0.aff,False
dontdie,457,"{""en"":""Don't Die""}",1,PRS,7,,7,True,rating=7;hidden_until=none;chartDesigner=present;chartBodyBundled=false;chartPath=1.aff,normal-slot,nora::neko,,,,,,,,,,,,1.aff,False
dontdie,457,"{""en"":""Don't Die""}",2,FTR,9,,9,True,rating=9;hidden_until=none;chartDesigner=present;chartBodyBundled=false;chartPath=2.aff,normal-slot,nora::neko,,,,,,,,,,,,2.aff,False
dontdie,457,"{""en"":""Don't Die""}",4,ETR,10,,10,True,rating=10;hidden_until=none;chartDesigner=present;chartBodyBundled=false;chartPath=4.aff,normal-slot,nora::neko,,,,,,,,,,,,4.aff,False
ladymadestar,458,"{""en"":""Ladymade Star""}",0,PST,2,,2,True,rating=2;hidden_until=none;chartDesigner=present;chartBodyBundled=false;chartPath=0.aff,normal-slot,Nitro -FEVER-,,,,,,,,,,,,0.aff,False
ladymadestar,458,"{""en"":""Ladymade Star""}",1,PRS,6,,6,True,rating=6;hidden_until=none;chartDesigner=present;chartBodyBundled=false;chartPath=1.aff,normal-slot,Nitro -STAGE-,,,,,,,,,,,,1.aff,False
ladymadestar,458,"{""en"":""Ladymade Star""}",2,FTR,8,,8,True,rating=8;hidden_until=none;chartDesigner=present;chartBodyBundled=false;chartPath=2.aff,normal-slot,Nitro -PLATINUM-,,,,,,,,,,,,2.aff,False
ladymadestar,458,"{""en"":""Ladymade Star""}",4,ETR,9,,9,True,rating=9;hidden_until=none;chartDesigner=present;chartBodyBundled=false;chartPath=4.aff,normal-slot,Nitro -RESPECT-,,,,,,,,,,,,4.aff,False
endmoonlight,459,"{""en"":""End of The Moonlight""}",0,PST,3,,3,True,rating=3;hidden_until=none;chartDesigner=present;chartBodyBundled=false;chartPath=0.aff,normal-slot,sidewaves,,,,,,,,,,,,0.aff,False
endmoonlight,459,"{""en"":""End of The Moonlight""}",1,PRS,5,,5,True,rating=5;hidden_until=none;chartDesigner=present;chartBodyBundled=false;chartPath=1.aff,normal-slot,sidewaves,,,,,,,,,,,,1.aff,False
endmoonlight,459,"{""en"":""End of The Moonlight""}",2,FTR,9,,9,True,rating=9;hidden_until=none;chartDesigner=present;chartBodyBundled=false;chartPath=2.aff,normal-slot,sidewaves,,,,,,,,,,,,2.aff,False
uad,460,"{""en"":""U.A.D""}",0,PST,3,,3,True,rating=3;hidden_until=none;chartDesigner=present;chartBodyBundled=false;chartPath=0.aff,normal-slot,Exschwas⇅on,,,,,,,,,,,,0.aff,False
uad,460,"{""en"":""U.A.D""}",1,PRS,6,,6,True,rating=6;hidden_until=none;chartDesigner=present;chartBodyBundled=false;chartPath=1.aff,normal-slot,Exschwas⇅on,,,,,,,,,,,,1.aff,False
uad,460,"{""en"":""U.A.D""}",2,FTR,8,True,8+,True,rating=8;hidden_until=none;chartDesigner=present;chartBodyBundled=false;chartPath=2.aff,normal-slot,Exschwas⇅on,,,,,,,,,,,,2.aff,False
uad,460,"{""en"":""U.A.D""}",4,ETR,9,True,9+,True,rating=9;hidden_until=none;chartDesigner=present;chartBodyBundled=false;chartPath=4.aff,normal-slot,Exschwas⇅on,,,,,,,,,,,,4.aff,False
oblivion,461,"{""en"":""OBLIVION""}",0,PST,4,,4,True,rating=4;hidden_until=none;chartDesigner=present;chartBodyBundled=false;chartPath=0.aff,normal-slot,Toaster,,,,,,,,,,,,0.aff,False
oblivion,461,"{""en"":""OBLIVION""}",1,PRS,7,,7,True,rating=7;hidden_until=none;chartDesigner=present;chartBodyBundled=false;chartPath=1.aff,normal-slot,Toaster,,,,,,,,,,,,1.aff,False
oblivion,461,"{""en"":""OBLIVION""}",2,FTR,9,,9,True,rating=9;hidden_until=none;chartDesigner=present;chartBodyBundled=false;chartPath=2.aff,normal-slot,Toaster,,,,,,,,,,,,2.aff,False
oblivion,461,"{""en"":""OBLIVION""}",4,ETR,10,,10,True,rating=10;hidden_until=none;chartDesigner=present;chartBodyBundled=false;chartPath=4.aff,normal-slot,Toaster,,,,,,,,,,,,4.aff,False
nightmare,462,"{""en"":""Nightmare""}",0,PST,4,,4,True,rating=4;hidden_until=none;chartDesigner=present;chartBodyBundled=false;chartPath=0.aff,normal-slot,零下,,,,,,,,,,,,0.aff,False
nightmare,462,"{""en"":""Nightmare""}",1,PRS,7,,7,True,rating=7;hidden_until=none;chartDesigner=present;chartBodyBundled=false;chartPath=1.aff,normal-slot,零下,,,,,,,,,,,,1.aff,False
nightmare,462,"{""en"":""Nightmare""}",2,FTR,9,True,9+,True,rating=9;hidden_until=none;chartDesigner=present;chartBodyBundled=false;chartPath=2.aff,normal-slot,零下,,,,,,,,,,,,2.aff,False
nightmare,462,"{""en"":""Nightmare""}",4,ETR,10,True,10+,True,rating=10;hidden_until=none;chartDesigner=present;chartBodyBundled=false;chartPath=4.aff,normal-slot,零下,,,,,,,,,,,,4.aff,False
tictactoe,463,"{""en"":""Tic! Tac! Toe!""}",0,PST,3,,3,True,rating=3;hidden_until=none;chartDesigner=present;chartBodyBundled=false;chartPath=0.aff,normal-slot,moonquay,,,,,,,,,,,,0.aff,False
tictactoe,463,"{""en"":""Tic! Tac! Toe!""}",1,PRS,7,,7,True,rating=7;hidden_until=none;chartDesigner=present;chartBodyBundled=false;chartPath=1.aff,normal-slot,moonquay,,,,,,,,,,,,1.aff,False
tictactoe,463,"{""en"":""Tic! Tac! Toe!""}",2,FTR,8,True,8+,True,rating=8;hidden_until=none;chartDesigner=present;chartBodyBundled=false;chartPath=2.aff,normal-slot,moonquay c.CLEAR,,,,,,,,,,,,2.aff,False
tictactoe,463,"{""en"":""Tic! Tac! Toe!""}",4,ETR,9,True,9+,True,rating=9;hidden_until=none;chartDesigner=present;chartBodyBundled=false;chartPath=4.aff,normal-slot,moonquay c.FAIL,,,,,,,,,,,,4.aff,False
satisfaction,464,"{""en"":""SATISFACTION""}",0,PST,3,,3,True,rating=3;hidden_until=none;chartDesigner=present;chartBodyBundled=true;chartPath=0.aff,normal-slot,Nitro,Yukinobu Ito (RICOL),,,,,,,,,,,0.aff,True
satisfaction,464,"{""en"":""SATISFACTION""}",1,PRS,6,,6,True,rating=6;hidden_until=none;chartDesigner=present;chartBodyBundled=true;chartPath=1.aff,normal-slot,Nitro,Yukinobu Ito (RICOL),,,,,,,,,,,1.aff,True
satisfaction,464,"{""en"":""SATISFACTION""}",2,FTR,8,,8,True,rating=8;hidden_until=none;chartDesigner=present;chartBodyBundled=true;chartPath=2.aff,normal-slot,Nitro,Yukinobu Ito (RICOL),,,,,,,,,,,2.aff,True
satisfaction,464,"{""en"":""SATISFACTION""}",4,ETR,9,,9,True,rating=9;hidden_until=none;chartDesigner=present;chartBodyBundled=true;chartPath=4.aff,normal-slot,Nitro,Yukinobu Ito (RICOL),,,,,,,,,,,4.aff,True
someday,465,"{""en"":""Someday""}",0,PST,3,,3,True,rating=3;hidden_until=none;chartDesigner=present;chartBodyBundled=false;chartPath=0.aff,normal-slot,sidewaves,,,,,,,,,,,,0.aff,False
someday,465,"{""en"":""Someday""}",1,PRS,6,,6,True,rating=6;hidden_until=none;chartDesigner=present;chartBodyBundled=false;chartPath=1.aff,normal-slot,sidewaves + Nitro,,,,,,,,,,,,1.aff,False
someday,465,"{""en"":""Someday""}",2,FTR,9,,9,True,rating=9;hidden_until=none;chartDesigner=present;chartBodyBundled=false;chartPath=2.aff,normal-slot,sidewaves + Exschwasion,,,,,,,,,,,,2.aff,False
miles,466,"{""en"":""Miles""}",0,PST,3,,3,True,rating=3;hidden_until=none;chartDesigner=present;chartBodyBundled=false;chartPath=0.aff,normal-slot,Interator,,,,,,,,,,,,0.aff,False
miles,466,"{""en"":""Miles""}",1,PRS,6,,6,True,rating=6;hidden_until=none;chartDesigner=present;chartBodyBundled=false;chartPath=1.aff,normal-slot,Interator,,,,,,,,,,,,1.aff,False
miles,466,"{""en"":""Miles""}",2,FTR,8,,8,True,rating=8;hidden_until=none;chartDesigner=present;chartBodyBundled=false;chartPath=2.aff,normal-slot,Interator,,,,,,,,,,,,2.aff,False
miles,466,"{""en"":""Miles""}",4,ETR,9,True,9+,True,rating=9;hidden_until=none;chartDesigner=present;chartBodyBundled=false;chartPath=4.aff,normal-slot,Interator,,,,,,,,,,,,4.aff,False
iwantyou,467,"{""en"":""I want You""}",0,PST,3,,3,True,rating=3;hidden_until=none;chartDesigner=present;chartBodyBundled=false;chartPath=0.aff,normal-slot,Toaster,,,,,,,,,,,,0.aff,False
iwantyou,467,"{""en"":""I want You""}",1,PRS,5,,5,True,rating=5;hidden_until=none;chartDesigner=present;chartBodyBundled=false;chartPath=1.aff,normal-slot,Toaster,,,,,,,,,,,,1.aff,False
iwantyou,467,"{""en"":""I want You""}",2,FTR,8,,8,True,rating=8;hidden_until=none;chartDesigner=present;chartBodyBundled=false;chartPath=2.aff,normal-slot,Toaster,,,,,,,,,,,,2.aff,False
iwantyou,467,"{""en"":""I want You""}",4,ETR,9,,9,True,rating=9;hidden_until=none;chartDesigner=present;chartBodyBundled=false;chartPath=4.aff,normal-slot,Toaster,,,,,,,,,,,,4.aff,False
syriana,468,"{""en"":""Syriana""}",0,PST,4,,4,True,rating=4;hidden_until=none;chartDesigner=present;chartBodyBundled=false;chartPath=0.aff,normal-slot,RAYCAST [NM],,,,,,,,,,,,0.aff,False
syriana,468,"{""en"":""Syriana""}",1,PRS,7,,7,True,rating=7;hidden_until=none;chartDesigner=present;chartBodyBundled=false;chartPath=1.aff,normal-slot,RAYCAST [HD],,,,,,,,,,,,1.aff,False
syriana,468,"{""en"":""Syriana""}",2,FTR,9,True,9+,True,rating=9;hidden_until=none;chartDesigner=present;chartBodyBundled=false;chartPath=2.aff,normal-slot,RAYCAST [MX],,,,,,,,,,,,2.aff,False
liar,469,"{""en"":""Liar""}",0,PST,4,,4,True,rating=4;hidden_until=none;chartDesigner=present;chartBodyBundled=false;chartPath=0.aff,normal-slot,Nitro,,,,,,,,,,,,0.aff,False
liar,469,"{""en"":""Liar""}",1,PRS,7,True,7+,True,rating=7;hidden_until=none;chartDesigner=present;chartBodyBundled=false;chartPath=1.aff,normal-slot,Nitro,,,,,,,,,,,,1.aff,False
liar,469,"{""en"":""Liar""}",2,FTR,10,,10,True,rating=10;hidden_until=none;chartDesigner=present;chartBodyBundled=false;chartPath=2.aff,normal-slot,KLMNOP + Nitro,,,,,,,,,,,,2.aff,False
blythe,470,"{""en"":""BlythE""}",0,PST,3,,3,True,rating=3;hidden_until=none;chartDesigner=present;chartBodyBundled=false;chartPath=0.aff,normal-slot,M理論,,,,,,,,,,,,0.aff,False
blythe,470,"{""en"":""BlythE""}",1,PRS,7,,7,True,rating=7;hidden_until=none;chartDesigner=present;chartBodyBundled=false;chartPath=1.aff,normal-slot,M理論,,,,,,,,,,,,1.aff,False
blythe,470,"{""en"":""BlythE""}",2,FTR,9,,9,True,rating=9;hidden_until=none;chartDesigner=present;chartBodyBundled=false;chartPath=2.aff,normal-slot,M理論,,,,,,,,,,,,2.aff,False
blythe,470,"{""en"":""BlythE""}",4,ETR,10,,10,True,rating=10;hidden_until=none;chartDesigner=present;chartBodyBundled=false;chartPath=4.aff,normal-slot,M理論,,,,,,,,,,,,4.aff,False
wereallgonnadie,471,"{""en"":""We're All Gonna Die""}",0,PST,5,,5,True,rating=5;hidden_until=none;chartDesigner=present;chartBodyBundled=false;chartPath=0.aff,normal-slot,絶滅,,,,,,,,,,,,0.aff,False
wereallgonnadie,471,"{""en"":""We're All Gonna Die""}",1,PRS,8,,8,True,rating=8;hidden_until=none;chartDesigner=present;chartBodyBundled=false;chartPath=1.aff,normal-slot,絶滅,,,,,,,,,,,,1.aff,False
wereallgonnadie,471,"{""en"":""We're All Gonna Die""}",2,FTR,10,,10,True,rating=10;hidden_until=none;chartDesigner=present;chartBodyBundled=false;chartPath=2.aff,normal-slot,絶滅,,,,,,,,,,,,2.aff,False
wereallgonnadie,471,"{""en"":""We're All Gonna Die""}",4,ETR,10,True,10+,True,rating=10;hidden_until=none;chartDesigner=present;chartBodyBundled=false;chartPath=4.aff,normal-slot,絶滅,,,,,,,,,,,,4.aff,False
dematerialized,472,"{""en"":""Dematerialized""}",0,PST,1,,1,True,rating=1;hidden_until=none;chartDesigner=present;chartBodyBundled=true;chartPath=0.aff,normal-slot,karat,mw2k,,,,,,,,,,,0.aff,True
dematerialized,472,"{""en"":""Dematerialized""}",1,PRS,4,,4,True,rating=4;hidden_until=none;chartDesigner=present;chartBodyBundled=true;chartPath=1.aff,normal-slot,karat,mw2k,,,,,,,,,,,1.aff,True
dematerialized,472,"{""en"":""Dematerialized""}",2,FTR,7,,7,True,rating=7;hidden_until=none;chartDesigner=present;chartBodyBundled=true;chartPath=2.aff,normal-slot,karat,mw2k,,,,,,,,,,,2.aff,True
dematerialized,472,"{""en"":""Dematerialized""}",4,ETR,8,,8,True,rating=8;hidden_until=none;chartDesigner=present;chartBodyBundled=true;chartPath=4.aff,normal-slot,karat,mw2k,,,,,,,,,,,4.aff,True
seethelights,473,"{""en"":""See the Lights!""}",0,PST,3,,3,True,rating=3;hidden_until=none;chartDesigner=present;chartBodyBundled=false;chartPath=0.aff,normal-slot,raycast☆,桑島黎音,,,,,,,,,,,0.aff,False
seethelights,473,"{""en"":""See the Lights!""}",1,PRS,6,,6,True,rating=6;hidden_until=none;chartDesigner=present;chartBodyBundled=false;chartPath=1.aff,normal-slot,raycast☆,桑島黎音,,,,,,,,,,,1.aff,False
seethelights,473,"{""en"":""See the Lights!""}",2,FTR,8,,8,True,rating=8;hidden_until=none;chartDesigner=present;chartBodyBundled=false;chartPath=2.aff,normal-slot,raycast☆,桑島黎音,,,,,,,,,,,2.aff,False
seethelights,473,"{""en"":""See the Lights!""}",4,ETR,9,,9,True,rating=9;hidden_until=none;chartDesigner=present;chartBodyBundled=false;chartPath=4.aff,normal-slot,raycast☆,桑島黎音,,,,,,,,,,,4.aff,False
scarletlunar,474,"{""en"":""Scarlet Lunar Empress"",""ja"":""朱月ノ姫""}",0,PST,3,,3,True,rating=3;hidden_until=none;chartDesigner=present;chartBodyBundled=false;chartPath=0.aff,normal-slot,青月sidewaves,祝く月,,,,,,,,,,,0.aff,False
scarletlunar,474,"{""en"":""Scarlet Lunar Empress"",""ja"":""朱月ノ姫""}",1,PRS,7,,7,True,rating=7;hidden_until=none;chartDesigner=present;chartBodyBundled=false;chartPath=1.aff,normal-slot,青月sidewaves,祝く月,,,,,,,,,,,1.aff,False
scarletlunar,474,"{""en"":""Scarlet Lunar Empress"",""ja"":""朱月ノ姫""}",2,FTR,9,True,9+,True,rating=9;hidden_until=none;chartDesigner=present;chartBodyBundled=false;chartPath=2.aff,normal-slot,青月sidewaves,祝く月,,,,,,,,,,,2.aff,False
dualdependency,475,"{""en"":""Dual Dependency""}",0,PST,4,,4,True,rating=4;hidden_until=none;chartDesigner=present;chartBodyBundled=false;chartPath=0.aff,normal-slot,絶∥滅,U0,,,,,,,,,,,0.aff,False
dualdependency,475,"{""en"":""Dual Dependency""}",1,PRS,7,True,7+,True,rating=7;hidden_until=none;chartDesigner=present;chartBodyBundled=false;chartPath=1.aff,normal-slot,絶∥滅,U0,,,,,,,,,,,1.aff,False
dualdependency,475,"{""en"":""Dual Dependency""}",2,FTR,9,,9,True,rating=9;hidden_until=none;chartDesigner=present;chartBodyBundled=false;chartPath=2.aff,normal-slot,絶∥滅,U0,,,,,,,,,,,2.aff,False
dualdependency,475,"{""en"":""Dual Dependency""}",4,ETR,10,,10,True,rating=10;hidden_until=none;chartDesigner=present;chartBodyBundled=false;chartPath=4.aff,normal-slot,絶∥滅,U0,,,,,,,,,,,4.aff,False
lilly,476,"{""en"":""Lilly""}",0,PST,5,,5,True,rating=5;hidden_until=none;chartDesigner=present;chartBodyBundled=false;chartPath=0.aff,normal-slot,反水【天龍】,イシダタツキ,,,,,,,,,,,0.aff,False
lilly,476,"{""en"":""Lilly""}",1,PRS,8,,8,True,rating=8;hidden_until=none;chartDesigner=present;chartBodyBundled=false;chartPath=1.aff,normal-slot,反水【天龍】,イシダタツキ,,,,,,,,,,,1.aff,False
lilly,476,"{""en"":""Lilly""}",2,FTR,9,True,9+,True,rating=9;hidden_until=none;chartDesigner=present;chartBodyBundled=false;chartPath=2.aff,normal-slot,反水【天龍】,イシダタツキ,,,,,,,,,,,2.aff,False
lilly,476,"{""en"":""Lilly""}",4,ETR,10,True,10+,True,rating=10;hidden_until=none;chartDesigner=present;chartBodyBundled=false;chartPath=4.aff,normal-slot,瑞獣【応龍】,イシダタツキ,,,,,,,,,,,4.aff,False
extradimensional,477,"{""en"":""Extradimensional Cosmic Phenomenon"",""ja"":""多次元宇宙融合論""}",0,PST,6,,6,True,rating=6;hidden_until=none;chartDesigner=present;chartBodyBundled=false;chartPath=0.aff,normal-slot,#0000遒ｧ,すずなし,,,,,,,,,,,0.aff,False
extradimensional,477,"{""en"":""Extradimensional Cosmic Phenomenon"",""ja"":""多次元宇宙融合論""}",1,PRS,8,True,8+,True,rating=8;hidden_until=none;chartDesigner=present;chartBodyBundled=false;chartPath=1.aff,normal-slot,#0000遒ｧ,すずなし,,,,,,,,,,,1.aff,False
extradimensional,477,"{""en"":""Extradimensional Cosmic Phenomenon"",""ja"":""多次元宇宙融合論""}",2,FTR,10,,10,True,rating=10;hidden_until=none;chartDesigner=present;chartBodyBundled=false;chartPath=2.aff,normal-slot,#0000遒ｧ,すずなし,,,,,,,,,,,2.aff,False
extradimensional,477,"{""en"":""Extradimensional Cosmic Phenomenon"",""ja"":""多次元宇宙融合論""}",4,ETR,11,,11,True,rating=11;hidden_until=none;chartDesigner=present;chartBodyBundled=false;chartPath=4.aff,normal-slot,#0000遒ｧ,すずなし,,,,,,,,,,,4.aff,False
disintegration,478,"{""en"":""disintegration""}",0,PST,4,,4,True,rating=4;hidden_until=none;chartDesigner=present;chartBodyBundled=false;chartPath=0.aff,normal-slot,raycast,辷 + Vormis.,,,,,,,,,,,0.aff,False
disintegration,478,"{""en"":""disintegration""}",1,PRS,6,,6,True,rating=6;hidden_until=none;chartDesigner=present;chartBodyBundled=false;chartPath=1.aff,normal-slot,raycast,辷 + Vormis.,,,,,,,,,,,1.aff,False
disintegration,478,"{""en"":""disintegration""}",2,FTR,8,,8,True,rating=8;hidden_until=none;chartDesigner=present;chartBodyBundled=false;chartPath=2.aff,normal-slot,raycast,辷 + Vormis.,,,,,,,,,,,2.aff,False
disintegration,478,"{""en"":""disintegration""}",4,ETR,9,True,9+,True,rating=9;hidden_until=none;chartDesigner=present;chartBodyBundled=false;chartPath=4.aff,normal-slot,raycast,辷 + Vormis.,,,,,,,,,,,4.aff,False
factorder,479,"{""en"":""Factorder""}",0,PST,2,,2,True,rating=2;hidden_until=none;chartDesigner=present;chartBodyBundled=false;chartPath=0.aff,normal-slot,Luxance -Lost Colors-,KUREHA,,,,,,,,,,,0.aff,False
factorder,479,"{""en"":""Factorder""}",1,PRS,6,,6,True,rating=6;hidden_until=none;chartDesigner=present;chartBodyBundled=false;chartPath=1.aff,normal-slot,Luxance -Lost Colors-,KUREHA,,,,,,,,,,,1.aff,False
factorder,479,"{""en"":""Factorder""}",2,FTR,8,,8,True,rating=8;hidden_until=none;chartDesigner=present;chartBodyBundled=false;chartPath=2.aff,normal-slot,Nitro,KUREHA,,,,,,,,,,,2.aff,False
factorder,479,"{""en"":""Factorder""}",4,ETR,9,,9,True,rating=9;hidden_until=none;chartDesigner=present;chartBodyBundled=false;chartPath=4.aff,normal-slot,Luxance -Lost Colors-,KUREHA,,,,,,,,,,,4.aff,False
incompleteone,480,"{""en"":""incomplete the one""}",0,PST,3,,3,True,rating=3;hidden_until=none;chartDesigner=present;chartBodyBundled=false;chartPath=0.aff,normal-slot,<>ntym1s,Tamaji,,,,,,,,,,,0.aff,False
incompleteone,480,"{""en"":""incomplete the one""}",1,PRS,7,,7,True,rating=7;hidden_until=none;chartDesigner=present;chartBodyBundled=false;chartPath=1.aff,normal-slot,<>ntym1s,Tamaji,,,,,,,,,,,1.aff,False
incompleteone,480,"{""en"":""incomplete the one""}",2,FTR,8,True,8+,True,rating=8;hidden_until=none;chartDesigner=present;chartBodyBundled=false;chartPath=2.aff,normal-slot,<>ntym1s,Tamaji,,,,,,,,,,,2.aff,False
incompleteone,480,"{""en"":""incomplete the one""}",4,ETR,9,True,9+,True,rating=9;hidden_until=none;chartDesigner=present;chartBodyBundled=false;chartPath=4.aff,normal-slot,<>ntym1s,Tamaji,,,,,,,,,,,4.aff,False
chaosblast,481,"{""en"":""CHAOSBLAST""}",0,PST,4,,4,True,rating=4;hidden_until=none;chartDesigner=present;chartBodyBundled=false;chartPath=0.aff,normal-slot,NITRO「THE ANARQISM」,梅まろ + Vormis.,,,,,,,,,,,0.aff,False
chaosblast,481,"{""en"":""CHAOSBLAST""}",1,PRS,7,True,7+,True,rating=7;hidden_until=none;chartDesigner=present;chartBodyBundled=false;chartPath=1.aff,normal-slot,NITRO「THE ANARQISM」,梅まろ + Vormis.,,,,,,,,,,,1.aff,False
chaosblast,481,"{""en"":""CHAOSBLAST""}",2,FTR,9,,9,True,rating=9;hidden_until=none;chartDesigner=present;chartBodyBundled=false;chartPath=2.aff,normal-slot,NITRO「THE ANARQISM」,梅まろ + Vormis.,,,,,,,,,,,2.aff,False
chaosblast,481,"{""en"":""CHAOSBLAST""}",4,ETR,10,,10,True,rating=10;hidden_until=none;chartDesigner=present;chartBodyBundled=false;chartPath=4.aff,normal-slot,NITRO「THE ANARQISM」,梅まろ + Vormis.,,,,,,,,,,,4.aff,False
welcomequeen,482,"{""en"":""Welcome, Queen of Fiction.""}",0,PST,5,,5,True,rating=5;hidden_until=none;chartDesigner=present;chartBodyBundled=false;chartPath=0.aff,normal-slot,ようこそ、瑞獣。,あらへなす,,,,,,,,,,,0.aff,False
welcomequeen,482,"{""en"":""Welcome, Queen of Fiction.""}",1,PRS,8,,8,True,rating=8;hidden_until=none;chartDesigner=present;chartBodyBundled=false;chartPath=1.aff,normal-slot,ようこそ、瑞獣。,あらへなす,,,,,,,,,,,1.aff,False
welcomequeen,482,"{""en"":""Welcome, Queen of Fiction.""}",2,FTR,10,,10,True,rating=10;hidden_until=none;chartDesigner=present;chartBodyBundled=false;chartPath=2.aff,normal-slot,ようこそ、瑞獣。,あらへなす,,,,,,,,,,,2.aff,False
welcomequeen,482,"{""en"":""Welcome, Queen of Fiction.""}",4,ETR,10,True,10+,True,rating=10;hidden_until=unlockconditions;chartDesigner=present;chartBodyBundled=false;chartPath=4.aff,unlock-gated-slot,虚偽の玉座【夜浪】,あらへなす,,,,,,,,,,,4.aff,False
altergate,483,"{""en"":""AlterGate""}",0,PST,5,,5,True,rating=5;hidden_until=none;chartDesigner=present;chartBodyBundled=false;chartPath=0.aff,normal-slot,絶滅,辷,,,,,,,,,,,0.aff,False
altergate,483,"{""en"":""AlterGate""}",1,PRS,8,True,8+,True,rating=8;hidden_until=none;chartDesigner=present;chartBodyBundled=false;chartPath=1.aff,normal-slot,絶滅,辷,,,,,,,,,,,1.aff,False
altergate,483,"{""en"":""AlterGate""}",2,FTR,10,True,10+,True,rating=10;hidden_until=none;chartDesigner=present;chartBodyBundled=false;chartPath=2.aff,normal-slot,絶滅,辷,,,,,,,,,,,2.aff,False
acheron,484,"{""en"":""Acheron""}",0,PST,3,,3,True,rating=3;hidden_until=difficulty;chartDesigner=present;chartBodyBundled=false;chartPath=0.aff,unlock-gated-slot,karat,こもり,,,,,,,,,,,0.aff,False
acheron,484,"{""en"":""Acheron""}",1,PRS,7,,7,True,rating=7;hidden_until=difficulty;chartDesigner=present;chartBodyBundled=false;chartPath=1.aff,unlock-gated-slot,karat,こもり,,,,,,,,,,,1.aff,False
acheron,484,"{""en"":""Acheron""}",2,FTR,9,True,9+,True,rating=9;hidden_until=difficulty;chartDesigner=present;chartBodyBundled=false;chartPath=2.aff,unlock-gated-slot,karat,こもり,,,,,,,,,,,2.aff,False
eternitybreak,485,"{""en"":""Eternity Break""}",0,PST,3,,3,True,rating=3;hidden_until=none;chartDesigner=present;chartBodyBundled=false;chartPath=0.aff,normal-slot,M理論_halt,Khronetic -玄廻-,,,,,,,,,,,0.aff,False
eternitybreak,485,"{""en"":""Eternity Break""}",1,PRS,7,,7,True,rating=7;hidden_until=none;chartDesigner=present;chartBodyBundled=false;chartPath=1.aff,normal-slot,M理論_halt,Khronetic -玄廻-,,,,,,,,,,,1.aff,False
eternitybreak,485,"{""en"":""Eternity Break""}",2,FTR,9,,9,True,rating=9;hidden_until=none;chartDesigner=present;chartBodyBundled=false;chartPath=2.aff,normal-slot,M理論_halt,Khronetic -玄廻-,,,,,,,,,,,2.aff,False
eternitybreak,485,"{""en"":""Eternity Break""}",4,ETR,10,,10,True,rating=10;hidden_until=none;chartDesigner=present;chartBodyBundled=false;chartPath=4.aff,normal-slot,M理論_halt,Khronetic -玄廻-,,,,,,,,,,,4.aff,False
rostpagegene,486,"{""en"":""ROST PAGE GENE""}",0,PST,5,,5,True,rating=5;hidden_until=none;chartDesigner=present;chartBodyBundled=false;chartPath=0.aff,normal-slot,NEON:ROAD:OKAY,sashimi,,,,,,,,,,,0.aff,False
rostpagegene,486,"{""en"":""ROST PAGE GENE""}",1,PRS,8,,8,True,rating=8;hidden_until=none;chartDesigner=present;chartBodyBundled=false;chartPath=1.aff,normal-slot,NEON:ROAD:OKAY,sashimi,,,,,,,,,,,1.aff,False
rostpagegene,486,"{""en"":""ROST PAGE GENE""}",2,FTR,10,,10,True,rating=10;hidden_until=none;chartDesigner=present;chartBodyBundled=false;chartPath=2.aff,normal-slot,NEON:ROAD:OKAY,sashimi,,,,,,,,,,,2.aff,False
violaillyria,487,"{""en"":""Viola Illyria""}",0,PST,2,,2,True,rating=2;hidden_until=none;chartDesigner=present;chartBodyBundled=false;chartPath=0.aff,normal-slot,sidewaves,ねこじし,,,,,,,,,,,0.aff,False
violaillyria,487,"{""en"":""Viola Illyria""}",1,PRS,6,,6,True,rating=6;hidden_until=none;chartDesigner=present;chartBodyBundled=false;chartPath=1.aff,normal-slot,sidewaves,ねこじし,,,,,,,,,,,1.aff,False
violaillyria,487,"{""en"":""Viola Illyria""}",2,FTR,9,,9,True,rating=9;hidden_until=none;chartDesigner=present;chartBodyBundled=false;chartPath=2.aff,normal-slot,sidewaves + Exschwasion,ねこじし,,,,,,,,,,,2.aff,False
vainspire,488,"{""en"":""Vainspire""}",0,PST,3,,3,True,rating=3;hidden_until=none;chartDesigner=present;chartBodyBundled=false;chartPath=0.aff,normal-slot,|karat|,雨儀,,,,,,,,,,,0.aff,False
vainspire,488,"{""en"":""Vainspire""}",1,PRS,7,,7,True,rating=7;hidden_until=none;chartDesigner=present;chartBodyBundled=false;chartPath=1.aff,normal-slot,|karat|,雨儀,,,,,,,,,,,1.aff,False
vainspire,488,"{""en"":""Vainspire""}",2,FTR,8,,8,True,rating=8;hidden_until=none;chartDesigner=present;chartBodyBundled=false;chartPath=2.aff,normal-slot,|karat|,雨儀,,,,,,,,,,,2.aff,False
vainspire,488,"{""en"":""Vainspire""}",4,ETR,9,True,9+,True,rating=9;hidden_until=none;chartDesigner=present;chartBodyBundled=false;chartPath=4.aff,normal-slot,|karat|,雨儀,,,,,,,,,,,4.aff,False
nowayback,489,"{""en"":""No Way Back""}",0,PST,4,,4,True,rating=4;hidden_until=none;chartDesigner=present;chartBodyBundled=false;chartPath=0.aff,normal-slot,「Nitro」,AT基調,,,,,,,,,,,0.aff,False
nowayback,489,"{""en"":""No Way Back""}",1,PRS,7,,7,True,rating=7;hidden_until=none;chartDesigner=present;chartBodyBundled=false;chartPath=1.aff,normal-slot,「Nitro」,AT基調,,,,,,,,,,,1.aff,False
nowayback,489,"{""en"":""No Way Back""}",2,FTR,8,True,8+,True,rating=8;hidden_until=none;chartDesigner=present;chartBodyBundled=false;chartPath=2.aff,normal-slot,「Nitro」,AT基調,,,,,,,,,,,2.aff,False
nowayback,489,"{""en"":""No Way Back""}",4,ETR,10,,10,True,rating=10;hidden_until=none;chartDesigner=present;chartBodyBundled=false;chartPath=4.aff,normal-slot,「Nitro」,AT基調,,,,,,,,,,,4.aff,False
andorxor,490,"{""en"":""ANDORXOR""}",0,PST,4,,4,True,rating=4;hidden_until=none;chartDesigner=present;chartBodyBundled=false;chartPath=0.aff,normal-slot,反∧水,南条まや + Vormis.,,,,,,,,,,,0.aff,False
andorxor,490,"{""en"":""ANDORXOR""}",1,PRS,7,True,7+,True,rating=7;hidden_until=none;chartDesigner=present;chartBodyBundled=false;chartPath=1.aff,normal-slot,反∧水,南条まや + Vormis.,,,,,,,,,,,1.aff,False
andorxor,490,"{""en"":""ANDORXOR""}",2,FTR,9,True,9+,True,rating=9;hidden_until=none;chartDesigner=present;chartBodyBundled=false;chartPath=2.aff,normal-slot,反∧水,南条まや + Vormis.,,,,,,,,,,,2.aff,False
andorxor,490,"{""en"":""ANDORXOR""}",4,ETR,10,True,10+,True,rating=10;hidden_until=none;chartDesigner=present;chartBodyBundled=false;chartPath=4.aff,normal-slot,反∧水,南条まや + Vormis.,,,,,,,,,,,4.aff,False
undyingmacula,491,"{""en"":""Undying Macula""}",0,PST,5,,5,True,rating=5;hidden_until=none;chartDesigner=present;chartBodyBundled=false;chartPath=0.aff,normal-slot,PHOTONSPHERE,すずなし,,,,,,,,,,,0.aff,False
undyingmacula,491,"{""en"":""Undying Macula""}",1,PRS,8,True,8+,True,rating=8;hidden_until=none;chartDesigner=present;chartBodyBundled=false;chartPath=1.aff,normal-slot,ERGOSPHERE,すずなし,,,,,,,,,,,1.aff,False
undyingmacula,491,"{""en"":""Undying Macula""}",2,FTR,10,,10,True,rating=10;hidden_until=none;chartDesigner=present;chartBodyBundled=false;chartPath=2.aff,normal-slot,EVENTHORIZON,すずなし,,,,,,,,,,,2.aff,False
undyingmacula,491,"{""en"":""Undying Macula""}",4,ETR,11,,11,True,rating=11;hidden_until=none;chartDesigner=present;chartBodyBundled=false;chartPath=4.aff,normal-slot,M/V_BRIDGE,すずなし,,,,,,,,,,,4.aff,False
awakening,493,"{""en"":""Wake in Hour"",""ja"":""始マリノ詩""}",0,PST,2,,2,True,rating=2;hidden_until=none;chartDesigner=present;chartBodyBundled=false;chartPath=0.aff,normal-slot,Luxance,しきみ,,,,,,,,,,,0.aff,False
awakening,493,"{""en"":""Wake in Hour"",""ja"":""始マリノ詩""}",1,PRS,5,,5,True,rating=5;hidden_until=none;chartDesigner=present;chartBodyBundled=false;chartPath=1.aff,normal-slot,Luxance,しきみ,,,,,,,,,,,1.aff,False
awakening,493,"{""en"":""Wake in Hour"",""ja"":""始マリノ詩""}",2,FTR,7,,7,True,rating=7;hidden_until=none;chartDesigner=present;chartBodyBundled=false;chartPath=2.aff,normal-slot,Luxance,しきみ,,,,,,,,,,,2.aff,False
awakening,493,"{""en"":""Wake in Hour"",""ja"":""始マリノ詩""}",4,ETR,8,True,8+,True,rating=8;hidden_until=none;chartDesigner=present;chartBodyBundled=false;chartPath=4.aff,normal-slot,Luxance,しきみ,,,,,,,,,,,4.aff,False
mod,494,"{""en"":""mod""}",0,PST,3,,3,True,rating=3;hidden_until=none;chartDesigner=present;chartBodyBundled=false;chartPath=0.aff,normal-slot,karat,dD9,,,,,,,,,,,0.aff,False
mod,494,"{""en"":""mod""}",1,PRS,6,,6,True,rating=6;hidden_until=none;chartDesigner=present;chartBodyBundled=false;chartPath=1.aff,normal-slot,karat,dD9,,,,,,,,,,,1.aff,False
mod,494,"{""en"":""mod""}",2,FTR,9,,9,True,rating=9;hidden_until=none;chartDesigner=present;chartBodyBundled=false;chartPath=2.aff,normal-slot,karat,dD9,,,,,,,,,,,2.aff,False
particle,495,"{""en"":""Particle""}",0,PST,3,,3,True,rating=3;hidden_until=none;chartDesigner=present;chartBodyBundled=false;chartPath=0.aff,normal-slot,M理論,Lime,,,,,,,,,,,0.aff,False
particle,495,"{""en"":""Particle""}",1,PRS,6,,6,True,rating=6;hidden_until=none;chartDesigner=present;chartBodyBundled=false;chartPath=1.aff,normal-slot,M理論,Lime,,,,,,,,,,,1.aff,False
particle,495,"{""en"":""Particle""}",2,FTR,9,,9,True,rating=9;hidden_until=none;chartDesigner=present;chartBodyBundled=false;chartPath=2.aff,normal-slot,M理論_charmq,Lime,,,,,,,,,,,2.aff,False
particle,495,"{""en"":""Particle""}",4,ETR,9,True,9+,True,rating=9;hidden_until=none;chartDesigner=present;chartBodyBundled=false;chartPath=4.aff,normal-slot,M理論_strangeq,Lime,,,,,,,,,,,4.aff,False
paradoxpalette,496,"{""en"":""Paradox Palette""}",0,PST,4,,4,True,rating=4;hidden_until=none;chartDesigner=present;chartBodyBundled=false;chartPath=0.aff,normal-slot,antymis.,HouKou,,,,,,,,,,,0.aff,False
paradoxpalette,496,"{""en"":""Paradox Palette""}",1,PRS,7,,7,True,rating=7;hidden_until=none;chartDesigner=present;chartBodyBundled=false;chartPath=1.aff,normal-slot,antymis.,HouKou,,,,,,,,,,,1.aff,False
paradoxpalette,496,"{""en"":""Paradox Palette""}",2,FTR,8,True,8+,True,rating=8;hidden_until=none;chartDesigner=present;chartBodyBundled=false;chartPath=2.aff,normal-slot,antymis.,HouKou,,,,,,,,,,,2.aff,False
paradoxpalette,496,"{""en"":""Paradox Palette""}",4,ETR,9,True,9+,True,rating=9;hidden_until=none;chartDesigner=present;chartBodyBundled=false;chartPath=4.aff,normal-slot,antymis.,HouKou,,,,,,,,,,,4.aff,False
xxium,497,"{""en"":""Xxium and Purple haze""}",0,PST,2,,2,True,rating=2;hidden_until=none;chartDesigner=present;chartBodyBundled=false;chartPath=0.aff,normal-slot,ẋx,D.watt,,,,,,,,,,,0.aff,False
xxium,497,"{""en"":""Xxium and Purple haze""}",1,PRS,7,True,7+,True,rating=7;hidden_until=none;chartDesigner=present;chartBodyBundled=false;chartPath=1.aff,normal-slot,ẋx,D.watt,,,,,,,,,,,1.aff,False
xxium,497,"{""en"":""Xxium and Purple haze""}",2,FTR,9,True,9+,True,rating=9;hidden_until=none;chartDesigner=present;chartBodyBundled=false;chartPath=2.aff,normal-slot,ẋx,D.watt,,,,,,,,,,,2.aff,False
xxium,497,"{""en"":""Xxium and Purple haze""}",4,ETR,10,,10,True,rating=10;hidden_until=none;chartDesigner=present;chartBodyBundled=false;chartPath=4.aff,normal-slot,ẋx,D.watt,,,,,,,,,,,4.aff,False
angelsboundary,498,"{""en"":""Angel's Boundary""}",0,PST,5,,5,True,rating=5;hidden_until=none;chartDesigner=present;chartBodyBundled=false;chartPath=0.aff,normal-slot,"[絶,滅)",ぽ院,,,,,,,,,,,0.aff,False
angelsboundary,498,"{""en"":""Angel's Boundary""}",1,PRS,8,,8,True,rating=8;hidden_until=none;chartDesigner=present;chartBodyBundled=false;chartPath=1.aff,normal-slot,"[絶,滅)",ぽ院,,,,,,,,,,,1.aff,False
angelsboundary,498,"{""en"":""Angel's Boundary""}",2,FTR,10,,10,True,rating=10;hidden_until=none;chartDesigner=present;chartBodyBundled=false;chartPath=2.aff,normal-slot,"[絶,滅)",ぽ院,,,,,,,,,,,2.aff,False
xterfusion,499,"{""en"":""Xterfusion""}",0,PST,4,,4,True,rating=4;hidden_until=none;chartDesigner=present;chartBodyBundled=false;chartPath=0.aff,normal-slot,Nitro -fuze- 夜浪,すずなし + Vormis.,,,,,,,,,,,0.aff,False
xterfusion,499,"{""en"":""Xterfusion""}",1,PRS,8,,8,True,rating=8;hidden_until=none;chartDesigner=present;chartBodyBundled=false;chartPath=1.aff,normal-slot,Nitro -fuze- 夜浪,すずなし + Vormis.,,,,,,,,,,,1.aff,False
xterfusion,499,"{""en"":""Xterfusion""}",2,FTR,9,True,9+,True,rating=9;hidden_until=none;chartDesigner=present;chartBodyBundled=false;chartPath=2.aff,normal-slot,Nitro -fuze- 夜浪,すずなし + Vormis.,,,,,,,,,,,2.aff,False
xterfusion,499,"{""en"":""Xterfusion""}",4,ETR,10,True,10+,True,rating=10;hidden_until=none;chartDesigner=present;chartBodyBundled=false;chartPath=4.aff,normal-slot,Nitro -fuze- 夜浪,すずなし + Vormis.,,,,,,,,,,,4.aff,False
infinitedim,500,"{""en"":""INFINITE DIMENSION""}",0,PST,2,,2,True,rating=2;hidden_until=none;chartDesigner=present;chartBodyBundled=false;chartPath=0.aff,normal-slot,én,海谷内藤,,,,,,,,,,,0.aff,False
infinitedim,500,"{""en"":""INFINITE DIMENSION""}",1,PRS,6,,6,True,rating=6;hidden_until=none;chartDesigner=present;chartBodyBundled=false;chartPath=1.aff,normal-slot,én,海谷内藤,,,,,,,,,,,1.aff,False
infinitedim,500,"{""en"":""INFINITE DIMENSION""}",2,FTR,8,,8,True,rating=8;hidden_until=none;chartDesigner=present;chartBodyBundled=false;chartPath=2.aff,normal-slot,én,海谷内藤,,,,,,,,,,,2.aff,False
infinitedim,500,"{""en"":""INFINITE DIMENSION""}",4,ETR,10,,10,True,rating=10;hidden_until=none;chartDesigner=present;chartBodyBundled=false;chartPath=4.aff,normal-slot,ray∞cast,海谷内藤,,,,,,,,,,,4.aff,False
incarnator,501,"{""en"":""INCARNATOR₀₀"",""ko_dialog"":""INCARNATOR00"",""zh-Hans_dialog"":""INCARNATOR00"",""zh-Hant_dialog"":""INCARNATOR00""}",0,PST,3,,3,True,rating=3;hidden_until=none;chartDesigner=present;chartBodyBundled=false;chartPath=0.aff,normal-slot,M理論_origin,辷 × N²/ANTIREAL,,,,,,,,,,,0.aff,False
incarnator,501,"{""en"":""INCARNATOR₀₀"",""ko_dialog"":""INCARNATOR00"",""zh-Hans_dialog"":""INCARNATOR00"",""zh-Hant_dialog"":""INCARNATOR00""}",1,PRS,6,,6,True,rating=6;hidden_until=none;chartDesigner=present;chartBodyBundled=false;chartPath=1.aff,normal-slot,M理論_origin,辷 × N²/ANTIREAL,,,,,,,,,,,1.aff,False
incarnator,501,"{""en"":""INCARNATOR₀₀"",""ko_dialog"":""INCARNATOR00"",""zh-Hans_dialog"":""INCARNATOR00"",""zh-Hant_dialog"":""INCARNATOR00""}",2,FTR,8,True,8+,True,rating=8;hidden_until=none;chartDesigner=present;chartBodyBundled=false;chartPath=2.aff,normal-slot,M理論_origin,辷 × N²/ANTIREAL,,,,,,,,,,,2.aff,False
incarnator,501,"{""en"":""INCARNATOR₀₀"",""ko_dialog"":""INCARNATOR00"",""zh-Hans_dialog"":""INCARNATOR00"",""zh-Hant_dialog"":""INCARNATOR00""}",4,ETR,10,,10,True,rating=10;hidden_until=none;chartDesigner=present;chartBodyBundled=false;chartPath=4.aff,normal-slot,antymis [archetype],辷 × N²/ANTIREAL,,,,,,,,,,,4.aff,False
zephyrlast,502,"{""en"":""zephyrlasting""}",0,PST,3,,3,True,rating=3;hidden_until=none;chartDesigner=present;chartBodyBundled=false;chartPath=0.aff,normal-slot,Souplex,Men,,,,,,,,,,,0.aff,False
zephyrlast,502,"{""en"":""zephyrlasting""}",1,PRS,7,,7,True,rating=7;hidden_until=none;chartDesigner=present;chartBodyBundled=false;chartPath=1.aff,normal-slot,Souplex,Men,,,,,,,,,,,1.aff,False
zephyrlast,502,"{""en"":""zephyrlasting""}",2,FTR,9,,9,True,rating=9;hidden_until=none;chartDesigner=present;chartBodyBundled=false;chartPath=2.aff,normal-slot,Souplex + Nitro,Men,,,,,,,,,,,2.aff,False
zephyrlast,502,"{""en"":""zephyrlasting""}",4,ETR,10,,10,True,rating=10;hidden_until=none;chartDesigner=present;chartBodyBundled=false;chartPath=4.aff,normal-slot,Nitro 「The Timeless」,Men,,,,,,,,,,,4.aff,False
marenyx,503,"{""en"":""MARENYX""}",0,PST,4,,4,True,rating=4;hidden_until=none;chartDesigner=present;chartBodyBundled=false;chartPath=0.aff,normal-slot,raycast against. 零下,かえで《もみじの木》,,,,,,,,,,,0.aff,False
marenyx,503,"{""en"":""MARENYX""}",1,PRS,7,True,7+,True,rating=7;hidden_until=none;chartDesigner=present;chartBodyBundled=false;chartPath=1.aff,normal-slot,raycast against. 零下,かえで《もみじの木》,,,,,,,,,,,1.aff,False
marenyx,503,"{""en"":""MARENYX""}",2,FTR,9,,9,True,rating=9;hidden_until=none;chartDesigner=present;chartBodyBundled=false;chartPath=2.aff,normal-slot,raycast against. 零下,かえで《もみじの木》,,,,,,,,,,,2.aff,False
marenyx,503,"{""en"":""MARENYX""}",4,ETR,10,True,10+,True,rating=10;hidden_until=none;chartDesigner=present;chartBodyBundled=false;chartPath=4.aff,normal-slot,raycast against. 零下,かえで《もみじの木》,,,,,,,,,,,4.aff,False
codeoblivion,504,"{""en"":""Code: Oblivion""}",0,PST,5,,5,True,rating=5;hidden_until=none;chartDesigner=present;chartBodyBundled=false;chartPath=0.aff,normal-slot,~sidewaves,MILKteaWegan,,,,,,,,,,,0.aff,False
codeoblivion,504,"{""en"":""Code: Oblivion""}",1,PRS,8,,8,True,rating=8;hidden_until=none;chartDesigner=present;chartBodyBundled=false;chartPath=1.aff,normal-slot,~sidewaves,MILKteaWegan,,,,,,,,,,,1.aff,False
codeoblivion,504,"{""en"":""Code: Oblivion""}",2,FTR,9,True,9+,True,rating=9;hidden_until=none;chartDesigner=present;chartBodyBundled=false;chartPath=2.aff,normal-slot,~sidewaves,MILKteaWegan,,,,,,,,,,,2.aff,False
codeoblivion,504,"{""en"":""Code: Oblivion""}",4,ETR,10,True,10+,True,rating=10;hidden_until=none;chartDesigner=present;chartBodyBundled=false;chartPath=4.aff,normal-slot,煌磨,MILKteaWegan,,,,,,,,,,,4.aff,False
azalea,505,"{""en"":""ΛZΛLEΛ""}",0,PST,4,,4,True,rating=4;hidden_until=none;chartDesigner=present;chartBodyBundled=false;chartPath=0.aff,normal-slot,Nitro「The Ephemeral」,辷 + Vormis.,,,,,,,,,,,0.aff,False
azalea,505,"{""en"":""ΛZΛLEΛ""}",1,PRS,7,,7,True,rating=7;hidden_until=none;chartDesigner=present;chartBodyBundled=false;chartPath=1.aff,normal-slot,Nitro「The Ephemeral」,辷 + Vormis.,,,,,,,,,,,1.aff,False
azalea,505,"{""en"":""ΛZΛLEΛ""}",2,FTR,9,,9,True,rating=9;hidden_until=none;chartDesigner=present;chartBodyBundled=false;chartPath=2.aff,normal-slot,Nitro「The Ephemeral」,辷 + Vormis.,,,,,,,,,,,2.aff,False
azalea,505,"{""en"":""ΛZΛLEΛ""}",4,ETR,10,,10,True,rating=10;hidden_until=none;chartDesigner=present;chartBodyBundled=false;chartPath=4.aff,normal-slot,NORΛ::NEKO × KΛRΛT,辷 + Vormis.,,,,,,,,,,,4.aff,False
tabootears,506,"{""en"":""taboo tears you up 2017""}",0,PST,3,,3,True,rating=3;hidden_until=none;chartDesigner=present;chartBodyBundled=false;chartPath=0.aff,normal-slot,SiDEWAVES,ほまでり,,,,,,,,,,,0.aff,False
tabootears,506,"{""en"":""taboo tears you up 2017""}",1,PRS,6,,6,True,rating=6;hidden_until=none;chartDesigner=present;chartBodyBundled=false;chartPath=1.aff,normal-slot,SiDEWAVES,ほまでり,,,,,,,,,,,1.aff,False
tabootears,506,"{""en"":""taboo tears you up 2017""}",2,FTR,8,,8,True,rating=8;hidden_until=none;chartDesigner=present;chartBodyBundled=false;chartPath=2.aff,normal-slot,SiDEWAVES,ほまでり,,,,,,,,,,,2.aff,False
tabootears,506,"{""en"":""taboo tears you up 2017""}",4,ETR,9,True,9+,True,rating=9;hidden_until=none;chartDesigner=present;chartBodyBundled=false;chartPath=4.aff,normal-slot,én,ほまでり,,,,,,,,,,,4.aff,False
grandspell,507,"{""en"":""Grandspell""}",0,PST,4,,4,True,rating=4;hidden_until=none;chartDesigner=present;chartBodyBundled=false;chartPath=0.aff,normal-slot,Exschwasion,KUREHA + Vormis.,,,,,,,,,,,0.aff,False
grandspell,507,"{""en"":""Grandspell""}",1,PRS,8,,8,True,rating=8;hidden_until=none;chartDesigner=present;chartBodyBundled=false;chartPath=1.aff,normal-slot,Exschwasion,KUREHA + Vormis.,,,,,,,,,,,1.aff,False
grandspell,507,"{""en"":""Grandspell""}",2,FTR,10,,10,True,rating=10;hidden_until=none;chartDesigner=present;chartBodyBundled=false;chartPath=2.aff,normal-slot,Exschwasion,KUREHA + Vormis.,,,,,,,,,,,2.aff,False
undefined,508,"{""en"":""undefined""}",0,PST,3,,3,True,rating=3;hidden_until=none;chartDesigner=present;chartBodyBundled=false;chartPath=0.aff,normal-slot,sidewaves,るあえる,,,,,,,,,,,0.aff,False
undefined,508,"{""en"":""undefined""}",1,PRS,6,,6,True,rating=6;hidden_until=none;chartDesigner=present;chartBodyBundled=false;chartPath=1.aff,normal-slot,sidewaves,るあえる,,,,,,,,,,,1.aff,False
undefined,508,"{""en"":""undefined""}",2,FTR,9,,9,True,rating=9;hidden_until=none;chartDesigner=present;chartBodyBundled=false;chartPath=2.aff,normal-slot,sidewaves + Nitro,るあえる,,,,,,,,,,,2.aff,False
mask,509,"{""en"":""~_+""}",0,PST,4,,4,True,rating=4;hidden_until=none;chartDesigner=present;chartBodyBundled=false;chartPath=0.aff,normal-slot,KARA+_~1.TMP,なのに！ + Vormis.,,,,,,,,,,,0.aff,False
mask,509,"{""en"":""~_+""}",1,PRS,8,,8,True,rating=8;hidden_until=none;chartDesigner=present;chartBodyBundled=false;chartPath=1.aff,normal-slot,KARA+_~1.TMP,なのに！ + Vormis.,,,,,,,,,,,1.aff,False
mask,509,"{""en"":""~_+""}",2,FTR,9,True,9+,True,rating=9;hidden_until=none;chartDesigner=present;chartBodyBundled=false;chartPath=2.aff,normal-slot,KARA+_~1.TMP,なのに！ + Vormis.,,,,,,,,,,,2.aff,False
paranoidarc,510,"{""en"":""Paranoid Arc""}",0,PST,4,,4,True,rating=4;hidden_until=none;chartDesigner=present;chartBodyBundled=false;chartPath=0.aff,normal-slot,Exschwasion v.●/○/○,まるい,,,,,,,,,,,0.aff,False
paranoidarc,510,"{""en"":""Paranoid Arc""}",1,PRS,7,True,7+,True,rating=7;hidden_until=none;chartDesigner=present;chartBodyBundled=false;chartPath=1.aff,normal-slot,Exschwasion v.●/○/○,まるい,,,,,,,,,,,1.aff,False
paranoidarc,510,"{""en"":""Paranoid Arc""}",2,FTR,9,,9,True,rating=9;hidden_until=none;chartDesigner=present;chartBodyBundled=false;chartPath=2.aff,normal-slot,Exschwasion v.●/○/○,まるい,,,,,,,,,,,2.aff,False
paranoidarc,510,"{""en"":""Paranoid Arc""}",4,ETR,10,,10,True,rating=10;hidden_until=none;chartDesigner=present;chartBodyBundled=false;chartPath=4.aff,normal-slot,Exschwasion v.●/○/○,まるい,,,,,,,,,,,4.aff,False
subsphere,511,"{""en"":""Subsphere in Eclosion"",""ja"":""羽化する亜球体""}",0,PST,5,,5,True,rating=5;hidden_until=none;chartDesigner=present;chartBodyBundled=false;chartPath=0.aff,normal-slot,Nitro v.○/●/○,scocasr,,,,,,,,,,,0.aff,False
subsphere,511,"{""en"":""Subsphere in Eclosion"",""ja"":""羽化する亜球体""}",1,PRS,8,,8,True,rating=8;hidden_until=none;chartDesigner=present;chartBodyBundled=false;chartPath=1.aff,normal-slot,Nitro v.○/●/○,scocasr,,,,,,,,,,,1.aff,False
subsphere,511,"{""en"":""Subsphere in Eclosion"",""ja"":""羽化する亜球体""}",2,FTR,9,,9,True,rating=9;hidden_until=none;chartDesigner=present;chartBodyBundled=false;chartPath=2.aff,normal-slot,Nitro v.○/●/○,scocasr,,,,,,,,,,,2.aff,False
subsphere,511,"{""en"":""Subsphere in Eclosion"",""ja"":""羽化する亜球体""}",4,ETR,10,,10,True,rating=10;hidden_until=none;chartDesigner=present;chartBodyBundled=false;chartPath=4.aff,normal-slot,Nitro v.○/●/○,scocasr,,,,,,,,,,,4.aff,False
theraft,512,"{""en"":""The 'Raft' taught me: your heart will always find a way."",""ja"":""［筏］は云う。幾ら漂流すれど不撓の心さえ有れば軈て行到ると。""}",0,PST,4,,4,True,rating=4;hidden_until=none;chartDesigner=present;chartBodyBundled=false;chartPath=0.aff,normal-slot,Interator,色塩,,,,,,,,,,,0.aff,False
theraft,512,"{""en"":""The 'Raft' taught me: your heart will always find a way."",""ja"":""［筏］は云う。幾ら漂流すれど不撓の心さえ有れば軈て行到ると。""}",1,PRS,7,,7,True,rating=7;hidden_until=none;chartDesigner=present;chartBodyBundled=false;chartPath=1.aff,normal-slot,Interator,色塩,,,,,,,,,,,1.aff,False
theraft,512,"{""en"":""The 'Raft' taught me: your heart will always find a way."",""ja"":""［筏］は云う。幾ら漂流すれど不撓の心さえ有れば軈て行到ると。""}",2,FTR,9,,9,True,rating=9;hidden_until=none;chartDesigner=present;chartBodyBundled=false;chartPath=2.aff,normal-slot,Interator,色塩,,,,,,,,,,,2.aff,False
theraft,512,"{""en"":""The 'Raft' taught me: your heart will always find a way."",""ja"":""［筏］は云う。幾ら漂流すれど不撓の心さえ有れば軈て行到ると。""}",4,ETR,10,,10,True,rating=10;hidden_until=none;chartDesigner=present;chartBodyBundled=false;chartPath=4.aff,normal-slot,raycast v.○/○/●,色塩,,,,,,,,,,,4.aff,False
omajinai,513,"{""en"":""OMAJINAI"",""ja"":""おまじない""}",0,PST,2,,2,True,rating=2;hidden_until=none;chartDesigner=present;chartBodyBundled=false;chartPath=0.aff,normal-slot,Souplex,Poyoshi + 内山ユニコ,,,,,,,,,,,0.aff,False
omajinai,513,"{""en"":""OMAJINAI"",""ja"":""おまじない""}",1,PRS,7,,7,True,rating=7;hidden_until=none;chartDesigner=present;chartBodyBundled=false;chartPath=1.aff,normal-slot,Souplex,Poyoshi + 内山ユニコ,,,,,,,,,,,1.aff,False
omajinai,513,"{""en"":""OMAJINAI"",""ja"":""おまじない""}",2,FTR,9,,9,True,rating=9;hidden_until=none;chartDesigner=present;chartBodyBundled=false;chartPath=2.aff,normal-slot,Souplex,Poyoshi + 内山ユニコ,,,,,,,,,,,2.aff,False
chaintonite,514,"{""en"":""CHAIN2NITE""}",0,PST,4,,4,True,rating=4;hidden_until=none;chartDesigner=present;chartBodyBundled=false;chartPath=0.aff,normal-slot,raycast,Poyoshi,,,,,,,,,,,0.aff,False
chaintonite,514,"{""en"":""CHAIN2NITE""}",1,PRS,6,,6,True,rating=6;hidden_until=none;chartDesigner=present;chartBodyBundled=false;chartPath=1.aff,normal-slot,raycast,Poyoshi,,,,,,,,,,,1.aff,False
chaintonite,514,"{""en"":""CHAIN2NITE""}",2,FTR,8,,8,True,rating=8;hidden_until=none;chartDesigner=present;chartBodyBundled=false;chartPath=2.aff,normal-slot,raycast,Poyoshi,,,,,,,,,,,2.aff,False
chaintonite,514,"{""en"":""CHAIN2NITE""}",4,ETR,9,True,9+,True,rating=9;hidden_until=none;chartDesigner=present;chartBodyBundled=false;chartPath=4.aff,normal-slot,raycast,Poyoshi,,,,,,,,,,,4.aff,False
onestepcloser,515,"{""en"":""One Step Closer""}",0,PST,3,,3,True,rating=3;hidden_until=none;chartDesigner=present;chartBodyBundled=false;chartPath=0.aff,normal-slot,Nitroだー！,Poyoshi + はぐはむ,,,,,,,,,,,0.aff,False
onestepcloser,515,"{""en"":""One Step Closer""}",1,PRS,7,,7,True,rating=7;hidden_until=none;chartDesigner=present;chartBodyBundled=false;chartPath=1.aff,normal-slot,Nitroだー！,Poyoshi + はぐはむ,,,,,,,,,,,1.aff,False
onestepcloser,515,"{""en"":""One Step Closer""}",2,FTR,9,,9,True,rating=9;hidden_until=none;chartDesigner=present;chartBodyBundled=false;chartPath=2.aff,normal-slot,Nitroだー！,Poyoshi + はぐはむ,,,,,,,,,,,2.aff,False
mylifeismine,516,"{""en"":""My life is mine alone!""}",0,PST,2,,2,True,rating=2;hidden_until=none;chartDesigner=present;chartBodyBundled=false;chartPath=0.aff,normal-slot,Nitro,Poyoshi,,,,,,,,,,,0.aff,False
mylifeismine,516,"{""en"":""My life is mine alone!""}",1,PRS,5,,5,True,rating=5;hidden_until=none;chartDesigner=present;chartBodyBundled=false;chartPath=1.aff,normal-slot,Nitro,Poyoshi,,,,,,,,,,,1.aff,False
mylifeismine,516,"{""en"":""My life is mine alone!""}",2,FTR,8,True,8+,True,rating=8;hidden_until=none;chartDesigner=present;chartBodyBundled=false;chartPath=2.aff,normal-slot,Nitro,Poyoshi,,,,,,,,,,,2.aff,False
mylifeismine,516,"{""en"":""My life is mine alone!""}",4,ETR,10,,10,True,rating=10;hidden_until=none;chartDesigner=present;chartBodyBundled=false;chartPath=4.aff,normal-slot,antymis,Poyoshi,,,,,,,,,,,4.aff,False
meltyrhapsody,517,"{""en"":""Melty Rhapsody"",""ja"":""メルティーラプソディー""}",0,PST,3,,3,True,rating=3;hidden_until=none;chartDesigner=present;chartBodyBundled=false;chartPath=0.aff,normal-slot,M理論_liquid,辷 + Vormis.,,,,,,,,,,,0.aff,False
meltyrhapsody,517,"{""en"":""Melty Rhapsody"",""ja"":""メルティーラプソディー""}",1,PRS,7,,7,True,rating=7;hidden_until=none;chartDesigner=present;chartBodyBundled=false;chartPath=1.aff,normal-slot,M理論_liquid,辷 + Vormis.,,,,,,,,,,,1.aff,False
meltyrhapsody,517,"{""en"":""Melty Rhapsody"",""ja"":""メルティーラプソディー""}",2,FTR,9,,9,True,rating=9;hidden_until=none;chartDesigner=present;chartBodyBundled=false;chartPath=2.aff,normal-slot,M理論_liquid,辷 + Vormis.,,,,,,,,,,,2.aff,False
meltyrhapsody,517,"{""en"":""Melty Rhapsody"",""ja"":""メルティーラプソディー""}",4,ETR,10,,10,True,rating=10;hidden_until=none;chartDesigner=present;chartBodyBundled=false;chartPath=4.aff,normal-slot,M理論_liquid,辷 + Vormis.,,,,,,,,,,,4.aff,False
signal,518,"{""en"":""Signal""}",0,PST,4,,4,True,rating=4;hidden_until=none;chartDesigner=present;chartBodyBundled=false;chartPath=0.aff,normal-slot,én,Poyoshi,,,,,,,,,,,0.aff,False
signal,518,"{""en"":""Signal""}",1,PRS,7,True,7+,True,rating=7;hidden_until=none;chartDesigner=present;chartBodyBundled=false;chartPath=1.aff,normal-slot,én,Poyoshi,,,,,,,,,,,1.aff,False
signal,518,"{""en"":""Signal""}",2,FTR,9,True,9+,True,rating=9;hidden_until=none;chartDesigner=present;chartBodyBundled=false;chartPath=2.aff,normal-slot,én,Poyoshi,,,,,,,,,,,2.aff,False
signal,518,"{""en"":""Signal""}",4,ETR,10,True,10+,True,rating=10;hidden_until=none;chartDesigner=present;chartBodyBundled=false;chartPath=4.aff,normal-slot,絶滅,Poyoshi,,,,,,,,,,,4.aff,False
caramelpop,519,"{""en"":""Gimme Caramel Popcorn!"",""ja"":""キャラメルポップコーンたべたいよ〜""}",0,PST,2,,2,True,rating=2;hidden_until=none;chartDesigner=present;chartBodyBundled=true;chartPath=0.aff,normal-slot,Interator,さじ,,,,,,,,,,,0.aff,True
caramelpop,519,"{""en"":""Gimme Caramel Popcorn!"",""ja"":""キャラメルポップコーンたべたいよ〜""}",1,PRS,5,,5,True,rating=5;hidden_until=none;chartDesigner=present;chartBodyBundled=true;chartPath=1.aff,normal-slot,Interator,さじ,,,,,,,,,,,1.aff,True
caramelpop,519,"{""en"":""Gimme Caramel Popcorn!"",""ja"":""キャラメルポップコーンたべたいよ〜""}",2,FTR,8,,8,True,rating=8;hidden_until=none;chartDesigner=present;chartBodyBundled=true;chartPath=2.aff,normal-slot,Interator,さじ,,,,,,,,,,,2.aff,True
caramelpop,519,"{""en"":""Gimme Caramel Popcorn!"",""ja"":""キャラメルポップコーンたべたいよ〜""}",4,ETR,9,,9,True,rating=9;hidden_until=none;chartDesigner=present;chartBodyBundled=true;chartPath=4.aff,normal-slot,Interator,さじ,,,,,,,,,,,4.aff,True
shinoukyoseki,520,"{""en"":""The Forgotten Forest Haven"",""ja"":""森奥虚跡""}",0,PST,3,,3,True,rating=3;hidden_until=none;chartDesigner=present;chartBodyBundled=false;chartPath=0.aff,normal-slot,Nitro,atra,,,,,,,,,,,0.aff,False
shinoukyoseki,520,"{""en"":""The Forgotten Forest Haven"",""ja"":""森奥虚跡""}",1,PRS,6,,6,True,rating=6;hidden_until=none;chartDesigner=present;chartBodyBundled=false;chartPath=1.aff,normal-slot,Nitro,atra,,,,,,,,,,,1.aff,False
shinoukyoseki,520,"{""en"":""The Forgotten Forest Haven"",""ja"":""森奥虚跡""}",2,FTR,9,True,9+,True,rating=9;hidden_until=none;chartDesigner=present;chartBodyBundled=false;chartPath=2.aff,normal-slot,Nitro,atra,,,,,,,,,,,2.aff,False
unknownnum,521,"{""en"":""+1(UNKNOWN)-NUMBER""}",0,PST,4,,4,True,rating=4;hidden_until=none;chartDesigner=present;chartBodyBundled=false;chartPath=0.aff,normal-slot,M理論_GSM,AQUASINE,,,,,,,,,,,0.aff,False
unknownnum,521,"{""en"":""+1(UNKNOWN)-NUMBER""}",1,PRS,7,,7,True,rating=7;hidden_until=none;chartDesigner=present;chartBodyBundled=false;chartPath=1.aff,normal-slot,M理論_GSM,AQUASINE,,,,,,,,,,,1.aff,False
unknownnum,521,"{""en"":""+1(UNKNOWN)-NUMBER""}",2,FTR,9,True,9+,True,rating=9;hidden_until=none;chartDesigner=present;chartBodyBundled=false;chartPath=2.aff,normal-slot,M理論_GSM,AQUASINE,,,,,,,,,,,2.aff,False
thirdavenue,522,"{""en"":""3rd Avenue""}",0,PST,3,,3,True,rating=3;hidden_until=none;chartDesigner=present;chartBodyBundled=false;chartPath=0.aff,normal-slot,Souplex,"Jehyun, Piranesi",,,,,,,,,,,0.aff,False
thirdavenue,522,"{""en"":""3rd Avenue""}",1,PRS,8,,8,True,rating=8;hidden_until=none;chartDesigner=present;chartBodyBundled=false;chartPath=1.aff,normal-slot,Souplex,"Jehyun, Piranesi",,,,,,,,,,,1.aff,False
thirdavenue,522,"{""en"":""3rd Avenue""}",2,FTR,9,,9,True,rating=9;hidden_until=none;chartDesigner=present;chartBodyBundled=false;chartPath=2.aff,normal-slot,New Dimensions,"Jehyun, Piranesi",,,,,,,,,,,2.aff,False
vallista,523,"{""en"":""Vallista""}",0,PST,4,,4,True,rating=4;hidden_until=none;chartDesigner=present;chartBodyBundled=false;chartPath=0.aff,normal-slot,sidewaves,Mentalstock,,,,,,,,,,,0.aff,False
vallista,523,"{""en"":""Vallista""}",1,PRS,7,True,7+,True,rating=7;hidden_until=none;chartDesigner=present;chartBodyBundled=false;chartPath=1.aff,normal-slot,sidewaves,Mentalstock,,,,,,,,,,,1.aff,False
vallista,523,"{""en"":""Vallista""}",2,FTR,9,True,9+,True,rating=9;hidden_until=none;chartDesigner=present;chartBodyBundled=false;chartPath=2.aff,normal-slot,sidewaves,Mentalstock,,,,,,,,,,,2.aff,False
goodrage,524,"{""en"":""GOODRAGE""}",0,PST,4,,4,True,rating=4;hidden_until=none;chartDesigner=present;chartBodyBundled=false;chartPath=0.aff,normal-slot,Interator,EBIMAYO,,,,,,,,,,,0.aff,False
goodrage,524,"{""en"":""GOODRAGE""}",1,PRS,7,True,7+,True,rating=7;hidden_until=none;chartDesigner=present;chartBodyBundled=false;chartPath=1.aff,normal-slot,Interator,EBIMAYO,,,,,,,,,,,1.aff,False
goodrage,524,"{""en"":""GOODRAGE""}",2,FTR,9,,9,True,rating=9;hidden_until=none;chartDesigner=present;chartBodyBundled=false;chartPath=2.aff,normal-slot,Interator,EBIMAYO,,,,,,,,,,,2.aff,False
goodrage,524,"{""en"":""GOODRAGE""}",4,ETR,10,,10,True,rating=10;hidden_until=none;chartDesigner=present;chartBodyBundled=false;chartPath=4.aff,normal-slot,NORANEKO,EBIMAYO,,,,,,,,,,,4.aff,False
cryogenic,525,"{""en"":""Cryogenic""}",0,PST,5,,5,True,rating=5;hidden_until=none;chartDesigner=present;chartBodyBundled=false;chartPath=0.aff,normal-slot,raycast /connected/,アオノアオ + Vormis.,,,,,,,,,,,0.aff,False
cryogenic,525,"{""en"":""Cryogenic""}",1,PRS,7,,7,True,rating=7;hidden_until=none;chartDesigner=present;chartBodyBundled=false;chartPath=1.aff,normal-slot,raycast /connected/,アオノアオ + Vormis.,,,,,,,,,,,1.aff,False
cryogenic,525,"{""en"":""Cryogenic""}",2,FTR,9,,9,True,rating=9;hidden_until=none;chartDesigner=present;chartBodyBundled=false;chartPath=2.aff,normal-slot,raycast /connected/,アオノアオ + Vormis.,,,,,,,,,,,2.aff,False
cryogenic,525,"{""en"":""Cryogenic""}",4,ETR,10,,10,True,rating=10;hidden_until=none;chartDesigner=present;chartBodyBundled=false;chartPath=4.aff,normal-slot,raycast /connected/,アオノアオ + Vormis.,,,,,,,,,,,4.aff,False
desertrealm,526,"{""en"":""Desertrealm""}",0,PST,4,,4,True,rating=4;hidden_until=none;chartDesigner=present;chartBodyBundled=false;chartPath=0.aff,normal-slot,karat -weathered-,フリッツ,,,,,,,,,,,0.aff,False
desertrealm,526,"{""en"":""Desertrealm""}",1,PRS,8,,8,True,rating=8;hidden_until=none;chartDesigner=present;chartBodyBundled=false;chartPath=1.aff,normal-slot,karat -weathered-,フリッツ,,,,,,,,,,,1.aff,False
desertrealm,526,"{""en"":""Desertrealm""}",2,FTR,10,,10,True,rating=10;hidden_until=none;chartDesigner=present;chartBodyBundled=false;chartPath=2.aff,normal-slot,karat -weathered-,フリッツ,,,,,,,,,,,2.aff,False
spiderdance,527,"{""en"":""Spider Dance"",""ja"":""スパイダーダンス""}",0,PST,2,,2,True,rating=2;hidden_until=none;chartDesigner=present;chartBodyBundled=false;chartPath=0.aff,normal-slot,24 KARAT GOLD,,,,,,,,,,,,0.aff,False
spiderdance,527,"{""en"":""Spider Dance"",""ja"":""スパイダーダンス""}",1,PRS,5,,5,True,rating=5;hidden_until=none;chartDesigner=present;chartBodyBundled=false;chartPath=1.aff,normal-slot,24 KARAT GOLD,,,,,,,,,,,,1.aff,False
spiderdance,527,"{""en"":""Spider Dance"",""ja"":""スパイダーダンス""}",2,FTR,7,True,7+,True,rating=7;hidden_until=none;chartDesigner=present;chartBodyBundled=false;chartPath=2.aff,normal-slot,24 KARAT GOLD,,,,,,,,,,,,2.aff,False
spiderdance,527,"{""en"":""Spider Dance"",""ja"":""スパイダーダンス""}",4,ETR,9,,9,True,rating=9;hidden_until=none;chartDesigner=present;chartBodyBundled=false;chartPath=4.aff,normal-slot,24 KARAT GOLD,,,,,,,,,,,,4.aff,False
spearofjustice,528,"{""en"":""Spear of Justice"",""ja"":""正義の槍""}",0,PST,3,,3,True,rating=3;hidden_until=none;chartDesigner=present;chartBodyBundled=false;chartPath=0.aff,normal-slot,antymis,,,,,,,,,,,,0.aff,False
spearofjustice,528,"{""en"":""Spear of Justice"",""ja"":""正義の槍""}",1,PRS,6,,6,True,rating=6;hidden_until=none;chartDesigner=present;chartBodyBundled=false;chartPath=1.aff,normal-slot,antymis,,,,,,,,,,,,1.aff,False
spearofjustice,528,"{""en"":""Spear of Justice"",""ja"":""正義の槍""}",2,FTR,8,,8,True,rating=8;hidden_until=none;chartDesigner=present;chartBodyBundled=false;chartPath=2.aff,normal-slot,antymis,,,,,,,,,,,,2.aff,False
spearofjustice,528,"{""en"":""Spear of Justice"",""ja"":""正義の槍""}",4,ETR,9,True,9+,True,rating=9;hidden_until=none;chartDesigner=present;chartBodyBundled=false;chartPath=4.aff,normal-slot,antymis,,,,,,,,,,,,4.aff,False
asgore,529,"{""en"":""ASGORE"",""ja"":""アズゴア""}",0,PST,4,,4,True,rating=4;hidden_until=none;chartDesigner=present;chartBodyBundled=false;chartPath=0.aff,normal-slot,Nitro,,,,,,,,,,,,0.aff,False
asgore,529,"{""en"":""ASGORE"",""ja"":""アズゴア""}",1,PRS,7,,7,True,rating=7;hidden_until=none;chartDesigner=present;chartBodyBundled=false;chartPath=1.aff,normal-slot,Souplex,,,,,,,,,,,,1.aff,False
asgore,529,"{""en"":""ASGORE"",""ja"":""アズゴア""}",2,FTR,8,True,8+,True,rating=8;hidden_until=none;chartDesigner=present;chartBodyBundled=false;chartPath=2.aff,normal-slot,Souplex + Nitro,,,,,,,,,,,,2.aff,False
asgore,529,"{""en"":""ASGORE"",""ja"":""アズゴア""}",4,ETR,10,,10,True,rating=10;hidden_until=none;chartDesigner=present;chartBodyBundled=false;chartPath=4.aff,normal-slot,sidewaves -Bergentrückung-,,,,,,,,,,,,4.aff,False
mirrorrmx,530,"{""en"":""MIRROR - kamome sano remix""}",0,PST,4,,4,True,rating=4;hidden_until=none;chartDesigner=present;chartBodyBundled=false;chartPath=0.aff,normal-slot,nora::neko,Eli Stavridis,,,,,,,,,,,0.aff,False
mirrorrmx,530,"{""en"":""MIRROR - kamome sano remix""}",1,PRS,7,,7,True,rating=7;hidden_until=none;chartDesigner=present;chartBodyBundled=false;chartPath=1.aff,normal-slot,nora::neko,Eli Stavridis,,,,,,,,,,,1.aff,False
mirrorrmx,530,"{""en"":""MIRROR - kamome sano remix""}",2,FTR,9,True,9+,True,rating=9;hidden_until=none;chartDesigner=present;chartBodyBundled=false;chartPath=2.aff,normal-slot,nora::neko,Eli Stavridis,,,,,,,,,,,2.aff,False
riotsystem,531,"{""en"":""Riot in the System""}",0,PST,4,,4,True,rating=4;hidden_until=none;chartDesigner=present;chartBodyBundled=false;chartPath=0.aff,normal-slot,Interioter,Yukinobu Ito (RICOL),,,,,,,,,,,0.aff,False
riotsystem,531,"{""en"":""Riot in the System""}",1,PRS,7,,7,True,rating=7;hidden_until=none;chartDesigner=present;chartBodyBundled=false;chartPath=1.aff,normal-slot,Interioter,Yukinobu Ito (RICOL),,,,,,,,,,,1.aff,False
riotsystem,531,"{""en"":""Riot in the System""}",2,FTR,9,,9,True,rating=9;hidden_until=none;chartDesigner=present;chartBodyBundled=false;chartPath=2.aff,normal-slot,Interioter,Yukinobu Ito (RICOL),,,,,,,,,,,2.aff,False
riotsystem,531,"{""en"":""Riot in the System""}",4,ETR,10,,10,True,rating=10;hidden_until=none;chartDesigner=present;chartBodyBundled=false;chartPath=4.aff,normal-slot,Interioter,Yukinobu Ito (RICOL),,,,,,,,,,,4.aff,False
cosmogyral,532,"{""en"":""Cosmogyral""}",0,PST,2,,2,True,rating=2;hidden_until=none;chartDesigner=present;chartBodyBundled=false;chartPath=0.aff,normal-slot,Interator,57_dayo,,,,,,,,,,,0.aff,False
cosmogyral,532,"{""en"":""Cosmogyral""}",1,PRS,5,,5,True,rating=5;hidden_until=none;chartDesigner=present;chartBodyBundled=false;chartPath=1.aff,normal-slot,Interator,57_dayo,,,,,,,,,,,1.aff,False
cosmogyral,532,"{""en"":""Cosmogyral""}",2,FTR,8,,8,True,rating=8;hidden_until=none;chartDesigner=present;chartBodyBundled=false;chartPath=2.aff,normal-slot,Interator,57_dayo,,,,,,,,,,,2.aff,False
cosmogyral,532,"{""en"":""Cosmogyral""}",4,ETR,9,True,9+,True,rating=9;hidden_until=none;chartDesigner=present;chartBodyBundled=false;chartPath=4.aff,normal-slot,Interator,57_dayo,,,,,,,,,,,4.aff,False
flexidefine,533,"{""en"":""flexidefine""}",0,PST,2,,2,True,rating=2;hidden_until=none;chartDesigner=present;chartBodyBundled=false;chartPath=0.aff,normal-slot,flexi::feline,Lamanya,,,,,,,,,,,0.aff,False
flexidefine,533,"{""en"":""flexidefine""}",1,PRS,6,,6,True,rating=6;hidden_until=none;chartDesigner=present;chartBodyBundled=false;chartPath=1.aff,normal-slot,flexi::feline,Lamanya,,,,,,,,,,,1.aff,False
flexidefine,533,"{""en"":""flexidefine""}",2,FTR,9,True,9+,True,rating=9;hidden_until=none;chartDesigner=present;chartBodyBundled=false;chartPath=2.aff,normal-slot,flexi::feline,Lamanya,,,,,,,,,,,2.aff,False
altersist,534,"{""en"":""Altersist""}",0,PST,2,,2,True,rating=2;hidden_until=none;chartDesigner=present;chartBodyBundled=false;chartPath=0.aff,normal-slot,sidewaves,HARDLOVE,,,,,,,,,,,0.aff,False
altersist,534,"{""en"":""Altersist""}",1,PRS,6,,6,True,rating=6;hidden_until=none;chartDesigner=present;chartBodyBundled=false;chartPath=1.aff,normal-slot,sidewaves,HARDLOVE,,,,,,,,,,,1.aff,False
altersist,534,"{""en"":""Altersist""}",2,FTR,8,,8,True,rating=8;hidden_until=none;chartDesigner=present;chartBodyBundled=false;chartPath=2.aff,normal-slot,sidewaves,HARDLOVE,,,,,,,,,,,2.aff,False
altersist,534,"{""en"":""Altersist""}",4,ETR,9,True,9+,True,rating=9;hidden_until=none;chartDesigner=present;chartBodyBundled=false;chartPath=4.aff,normal-slot,sidewaves,HARDLOVE,,,,,,,,,,,4.aff,False
csqn,535,"{""en"":""c.s.q.n.""}",0,PST,4,,4,True,rating=4;hidden_until=none;chartDesigner=present;chartBodyBundled=false;chartPath=0.aff,normal-slot,Nitro,出前,,,,,,,,,,,0.aff,False
csqn,535,"{""en"":""c.s.q.n.""}",1,PRS,7,,7,True,rating=7;hidden_until=none;chartDesigner=present;chartBodyBundled=false;chartPath=1.aff,normal-slot,Nitro,出前,,,,,,,,,,,1.aff,False
csqn,535,"{""en"":""c.s.q.n.""}",2,FTR,9,,9,True,rating=9;hidden_until=none;chartDesigner=present;chartBodyBundled=false;chartPath=2.aff,normal-slot,Nitro,出前,,,,,,,,,,,2.aff,False
csqn,535,"{""en"":""c.s.q.n.""}",4,ETR,10,,10,True,rating=10;hidden_until=none;chartDesigner=present;chartBodyBundled=false;chartPath=4.aff,normal-slot,Nitro,出前,,,,,,,,,,,4.aff,False
sucromania,536,"{""en"":""Sucromania"",""ja"":""ザラメノキワミ""}",0,PST,3,,3,True,rating=3;hidden_until=none;chartDesigner=present;chartBodyBundled=false;chartPath=0.aff,normal-slot,Souplex,獏井 夢,,,,,,,,,,,0.aff,False
sucromania,536,"{""en"":""Sucromania"",""ja"":""ザラメノキワミ""}",1,PRS,6,,6,True,rating=6;hidden_until=none;chartDesigner=present;chartBodyBundled=false;chartPath=1.aff,normal-slot,Souplex,獏井 夢,,,,,,,,,,,1.aff,False
sucromania,536,"{""en"":""Sucromania"",""ja"":""ザラメノキワミ""}",2,FTR,9,,9,True,rating=9;hidden_until=none;chartDesigner=present;chartBodyBundled=false;chartPath=2.aff,normal-slot,Souplex,獏井 夢,,,,,,,,,,,2.aff,False
sucromania,536,"{""en"":""Sucromania"",""ja"":""ザラメノキワミ""}",4,ETR,10,,10,True,rating=10;hidden_until=none;chartDesigner=present;chartBodyBundled=false;chartPath=4.aff,normal-slot,karat,獏井 夢,,,,,,,,,,,4.aff,False
lavie,537,"{""en"":""Lavie"",""ja"":""ラヴィ""}",0,PST,3,,3,True,rating=3;hidden_until=none;chartDesigner=present;chartBodyBundled=false;chartPath=0.aff,normal-slot,Nitro,,,,,,,,,,,,0.aff,False
lavie,537,"{""en"":""Lavie"",""ja"":""ラヴィ""}",1,PRS,6,,6,True,rating=6;hidden_until=none;chartDesigner=present;chartBodyBundled=false;chartPath=1.aff,normal-slot,Nitro,,,,,,,,,,,,1.aff,False
lavie,537,"{""en"":""Lavie"",""ja"":""ラヴィ""}",2,FTR,8,True,8+,True,rating=8;hidden_until=none;chartDesigner=present;chartBodyBundled=false;chartPath=2.aff,normal-slot,Nitro,,,,,,,,,,,,2.aff,False
lavie,537,"{""en"":""Lavie"",""ja"":""ラヴィ""}",4,ETR,9,True,9+,True,rating=9;hidden_until=none;chartDesigner=present;chartBodyBundled=false;chartPath=4.aff,normal-slot,sidewavesチュウ,,,,,,,,,,,,4.aff,False
kamippoi,538,"{""en"":""God-ish"",""ja"":""神っぽいな""}",0,PST,4,,4,True,rating=4;hidden_until=none;chartDesigner=present;chartBodyBundled=false;chartPath=0.aff,normal-slot,絶滅っぽいな,,,,,,,,,,,,0.aff,False
kamippoi,538,"{""en"":""God-ish"",""ja"":""神っぽいな""}",1,PRS,7,,7,True,rating=7;hidden_until=none;chartDesigner=present;chartBodyBundled=false;chartPath=1.aff,normal-slot,絶滅っぽいな,,,,,,,,,,,,1.aff,False
kamippoi,538,"{""en"":""God-ish"",""ja"":""神っぽいな""}",2,FTR,9,,9,True,rating=9;hidden_until=none;chartDesigner=present;chartBodyBundled=false;chartPath=2.aff,normal-slot,絶滅っぽいな,,,,,,,,,,,,2.aff,False
kamippoi,538,"{""en"":""God-ish"",""ja"":""神っぽいな""}",4,ETR,10,,10,True,rating=10;hidden_until=none;chartDesigner=present;chartBodyBundled=false;chartPath=4.aff,normal-slot,絶滅っぽいな,,,,,,,,,,,,4.aff,False
override,539,"{""en"":""Override"",""ja"":""オーバーライド""}",0,PST,4,,4,True,rating=4;hidden_until=none;chartDesigner=present;chartBodyBundled=false;chartPath=0.aff,normal-slot,sudo M理論,辷 + SARYN,,,,,,,,,,,0.aff,False
override,539,"{""en"":""Override"",""ja"":""オーバーライド""}",1,PRS,7,,7,True,rating=7;hidden_until=none;chartDesigner=present;chartBodyBundled=false;chartPath=1.aff,normal-slot,sudo M理論,辷 + SARYN,,,,,,,,,,,1.aff,False
override,539,"{""en"":""Override"",""ja"":""オーバーライド""}",2,FTR,9,,9,True,rating=9;hidden_until=none;chartDesigner=present;chartBodyBundled=false;chartPath=2.aff,normal-slot,sudo M理論,辷 + SARYN,,,,,,,,,,,2.aff,False
override,539,"{""en"":""Override"",""ja"":""オーバーライド""}",4,ETR,10,,10,True,rating=10;hidden_until=none;chartDesigner=present;chartBodyBundled=false;chartPath=4.aff,normal-slot,sudo M理論,辷 + SARYN,,,,,,,,,,,4.aff,False
telepathy,540,"{""en"":""Telepathy"",""ja"":""テレパシ""}",0,PST,4,,4,True,rating=4;hidden_until=none;chartDesigner=present;chartBodyBundled=false;chartPath=0.aff,normal-slot,;-b,,,,,,,,,,,,0.aff,False
telepathy,540,"{""en"":""Telepathy"",""ja"":""テレパシ""}",1,PRS,7,True,7+,True,rating=7;hidden_until=none;chartDesigner=present;chartBodyBundled=false;chartPath=1.aff,normal-slot,;-b,,,,,,,,,,,,1.aff,False
telepathy,540,"{""en"":""Telepathy"",""ja"":""テレパシ""}",2,FTR,9,,9,True,rating=9;hidden_until=none;chartDesigner=present;chartBodyBundled=false;chartPath=2.aff,normal-slot,;-b,,,,,,,,,,,,2.aff,False
telepathy,540,"{""en"":""Telepathy"",""ja"":""テレパシ""}",4,ETR,10,,10,True,rating=10;hidden_until=none;chartDesigner=present;chartBodyBundled=false;chartPath=4.aff,normal-slot,;-b,,,,,,,,,,,,4.aff,False
aishite,541,"{""en"":""Love me, Love me, Love me"",""ja"":""愛して愛して愛して""}",0,PST,3,,3,True,rating=3;hidden_until=none;chartDesigner=present;chartBodyBundled=false;chartPath=0.aff,normal-slot,反水反水反水,,,,,,,,,,,,0.aff,False
aishite,541,"{""en"":""Love me, Love me, Love me"",""ja"":""愛して愛して愛して""}",1,PRS,7,,7,True,rating=7;hidden_until=none;chartDesigner=present;chartBodyBundled=false;chartPath=1.aff,normal-slot,反水反水反水,,,,,,,,,,,,1.aff,False
aishite,541,"{""en"":""Love me, Love me, Love me"",""ja"":""愛して愛して愛して""}",2,FTR,8,True,8+,True,rating=8;hidden_until=none;chartDesigner=present;chartBodyBundled=false;chartPath=2.aff,normal-slot,反水反水反水,,,,,,,,,,,,2.aff,False
aishite,541,"{""en"":""Love me, Love me, Love me"",""ja"":""愛して愛して愛して""}",4,ETR,10,,10,True,rating=10;hidden_until=none;chartDesigner=present;chartBodyBundled=false;chartPath=4.aff,normal-slot,煌磨煌磨煌磨,,,,,,,,,,,,4.aff,False
synthesis,542,"{""en"":""Synthesis.""}",0,PST,4,,4,True,rating=4;hidden_until=none;chartDesigner=present;chartBodyBundled=false;chartPath=0.aff,normal-slot,Souplex,AT基調,,,,,,,,,,,0.aff,False
synthesis,542,"{""en"":""Synthesis.""}",1,PRS,8,,8,True,rating=8;hidden_until=none;chartDesigner=present;chartBodyBundled=false;chartPath=1.aff,normal-slot,Souplex,AT基調,,,,,,,,,,,1.aff,False
synthesis,542,"{""en"":""Synthesis.""}",2,FTR,9,True,9+,True,rating=9;hidden_until=none;chartDesigner=present;chartBodyBundled=false;chartPath=2.aff,normal-slot,Souplex,AT基調,,,,,,,,,,,2.aff,False
synthesis,542,"{""en"":""Synthesis.""}",4,ETR,10,,10,True,rating=10;hidden_until=none;chartDesigner=present;chartBodyBundled=false;chartPath=4.aff,normal-slot,Synthesis.raycast(),AT基調,,,,,,,,,,,4.aff,False
acidgod,543,"{""en"":""Acid God""}",0,PST,4,,4,True,rating=4;hidden_until=none;chartDesigner=present;chartBodyBundled=false;chartPath=0.aff,normal-slot,nora::pengin,,,,,,,,,,,,0.aff,False
acidgod,543,"{""en"":""Acid God""}",1,PRS,7,True,7+,True,rating=7;hidden_until=none;chartDesigner=present;chartBodyBundled=false;chartPath=1.aff,normal-slot,nora::pengin,,,,,,,,,,,,1.aff,False
acidgod,543,"{""en"":""Acid God""}",2,FTR,9,True,9+,True,rating=9;hidden_until=none;chartDesigner=present;chartBodyBundled=false;chartPath=2.aff,normal-slot,nora::pengin,,,,,,,,,,,,2.aff,False
acidgod,543,"{""en"":""Acid God""}",4,ETR,10,True,10+,True,rating=10;hidden_until=none;chartDesigner=present;chartBodyBundled=false;chartPath=4.aff,normal-slot,終点,,,,,,,,,,,,4.aff,False
chronologia,545,"{""en"":""chronologia""}",0,PST,4,,4,True,rating=4;hidden_until=none;chartDesigner=present;chartBodyBundled=false;chartPath=0.aff,normal-slot,Nitro,Khronetic x SARYN,,,,,,,,,,,0.aff,False
chronologia,545,"{""en"":""chronologia""}",1,PRS,7,True,7+,True,rating=7;hidden_until=none;chartDesigner=present;chartBodyBundled=false;chartPath=1.aff,normal-slot,Nitro,Khronetic x SARYN,,,,,,,,,,,1.aff,False
chronologia,545,"{""en"":""chronologia""}",2,FTR,9,True,9+,True,rating=9;hidden_until=none;chartDesigner=present;chartBodyBundled=false;chartPath=2.aff,normal-slot,Nitro,Khronetic x SARYN,,,,,,,,,,,2.aff,False
chronologia,545,"{""en"":""chronologia""}",4,ETR,10,True,10+,True,rating=10;hidden_until=none;chartDesigner=present;chartBodyBundled=false;chartPath=4.aff,normal-slot,Nitro x Toaster,Khronetic x SARYN,,,,,,,,,,,4.aff,False
