scope,sourceKind,sourcePath,objectType,count
all,,,Animation,37
all,,,AnimationClip,87
all,,,Animator,103
all,,,AnimatorController,61
all,,,AssetBundle,2514
all,,,AudioClip,379
all,,,AudioListener,28
all,,,AudioLowPassFilter,1
all,,,AudioManager,1
all,,,AudioSource,30
all,,,BoxCollider2D,3
all,,,BuildSettings,1
all,,,Camera,33
all,,,Canvas,181
all,,,CanvasGroup,235
all,,,CanvasRenderer,2582
all,,,CircleCollider2D,3
all,,,DelayedCallManager,1
all,,,Font,9
all,,,GameObject,3416
all,,,GraphicsSettings,1
all,,,InputManager,1
all,,,LightingSettings,26
all,,,LightmapSettings,28
all,,,Material,96
all,,,Mesh,2
all,,,MeshCollider,79
all,,,MeshFilter,106
all,,,MeshRenderer,101
all,,,MonoBehaviour,4036
all,,,MonoManager,1
all,,,MonoScript,1388
all,,,NavMeshProjectSettings,1
all,,,NavMeshSettings,28
all,,,ParticleSystem,11
all,,,ParticleSystemRenderer,11
all,,,Physics2DSettings,1
all,,,PhysicsManager,1
all,,,PlayerSettings,1
all,,,PolygonCollider2D,5
all,,,PreloadData,29
all,,,QualitySettings,1
all,,,RectTransform,3056
all,,,RenderSettings,28
all,,,RenderTexture,1
all,,,ResourceManager,1
all,,,RuntimeInitializeOnLoadManager,1
all,,,ScriptMapper,1
all,,,Shader,37
all,,,ShaderVariantCollection,8
all,,,Sprite,1493
all,,,SpriteMask,3
all,,,SpriteRenderer,50
all,,,StreamingManager,1
all,,,TagManager,1
all,,,TextAsset,1008
all,,,Texture2D,1480
all,,,TimeManager,1
all,,,Transform,360
all,,,VFXManager,1
all,,,VideoClip,9
all,,,VideoPlayer,9
source,bundle,assets/aa/Android/0001488b03e729136338f081478beb81.bundle,AssetBundle,1
source,bundle,assets/aa/Android/0001488b03e729136338f081478beb81.bundle,TextAsset,1
source,bundle,assets/aa/Android/001cfe6533943ba17aa0ec4482bef34e.bundle,AssetBundle,1
source,bundle,assets/aa/Android/001cfe6533943ba17aa0ec4482bef34e.bundle,Sprite,1
source,bundle,assets/aa/Android/001cfe6533943ba17aa0ec4482bef34e.bundle,Texture2D,1
source,bundle,assets/aa/Android/0042bbe663524a2d2f5e9da923eef441.bundle,AssetBundle,1
source,bundle,assets/aa/Android/0042bbe663524a2d2f5e9da923eef441.bundle,Sprite,1
source,bundle,assets/aa/Android/0042bbe663524a2d2f5e9da923eef441.bundle,Texture2D,1
source,bundle,assets/aa/Android/0082b94e09acadbd32ce9dd7b2e61763.bundle,AssetBundle,1
source,bundle,assets/aa/Android/0082b94e09acadbd32ce9dd7b2e61763.bundle,TextAsset,1
source,bundle,assets/aa/Android/00b114ad0788ad7402248544ab30f481.bundle,AssetBundle,1
source,bundle,assets/aa/Android/00b114ad0788ad7402248544ab30f481.bundle,TextAsset,1
source,bundle,assets/aa/Android/00c058bcc713038c1a45a9c72737d56a.bundle,AssetBundle,1
source,bundle,assets/aa/Android/00c058bcc713038c1a45a9c72737d56a.bundle,TextAsset,1
source,bundle,assets/aa/Android/00c1925eb091b2b3bc55100d15a762c2.bundle,AssetBundle,1
source,bundle,assets/aa/Android/00c1925eb091b2b3bc55100d15a762c2.bundle,TextAsset,1
source,bundle,assets/aa/Android/00c7a7ed48e7444964562a038af4ba28.bundle,AssetBundle,1
source,bundle,assets/aa/Android/00c7a7ed48e7444964562a038af4ba28.bundle,Sprite,1
source,bundle,assets/aa/Android/00c7a7ed48e7444964562a038af4ba28.bundle,Texture2D,1
source,bundle,assets/aa/Android/00e9f0703994eecb92339ac5dfc222a4.bundle,AssetBundle,1
source,bundle,assets/aa/Android/00e9f0703994eecb92339ac5dfc222a4.bundle,TextAsset,1
source,bundle,assets/aa/Android/00f325a7d0c42ede9a8fb39a3642e1f0.bundle,AssetBundle,1
source,bundle,assets/aa/Android/00f325a7d0c42ede9a8fb39a3642e1f0.bundle,TextAsset,1
source,bundle,assets/aa/Android/00ff3c028eac5f12408d9db2a3490f7b.bundle,AssetBundle,1
source,bundle,assets/aa/Android/00ff3c028eac5f12408d9db2a3490f7b.bundle,TextAsset,1
source,bundle,assets/aa/Android/012377411e39f35c22e464a7bd504e71.bundle,AssetBundle,1
source,bundle,assets/aa/Android/012377411e39f35c22e464a7bd504e71.bundle,Sprite,1
source,bundle,assets/aa/Android/012377411e39f35c22e464a7bd504e71.bundle,Texture2D,1
source,bundle,assets/aa/Android/01367117acdca28729565fb4043c0887.bundle,AssetBundle,1
source,bundle,assets/aa/Android/01367117acdca28729565fb4043c0887.bundle,TextAsset,1
source,bundle,assets/aa/Android/0144ae9c2af0e9052f2d7321bde0fecf.bundle,AssetBundle,1
source,bundle,assets/aa/Android/0144ae9c2af0e9052f2d7321bde0fecf.bundle,TextAsset,1
source,bundle,assets/aa/Android/01728f62716ce15a451588f616fa55d4.bundle,AssetBundle,1
source,bundle,assets/aa/Android/01728f62716ce15a451588f616fa55d4.bundle,TextAsset,1
source,bundle,assets/aa/Android/018f410dabe6f116f657afb1c1508e5f.bundle,AssetBundle,1
source,bundle,assets/aa/Android/018f410dabe6f116f657afb1c1508e5f.bundle,Sprite,1
source,bundle,assets/aa/Android/018f410dabe6f116f657afb1c1508e5f.bundle,Texture2D,1
source,bundle,assets/aa/Android/0199cf235e43a0fe2c37ca19fd54dc3e.bundle,AssetBundle,1
source,bundle,assets/aa/Android/0199cf235e43a0fe2c37ca19fd54dc3e.bundle,Sprite,1
source,bundle,assets/aa/Android/0199cf235e43a0fe2c37ca19fd54dc3e.bundle,Texture2D,1
source,bundle,assets/aa/Android/01c332e88491f117becdb80a9db3d950.bundle,AssetBundle,1
source,bundle,assets/aa/Android/01c332e88491f117becdb80a9db3d950.bundle,Sprite,1
source,bundle,assets/aa/Android/01c332e88491f117becdb80a9db3d950.bundle,Texture2D,1
source,bundle,assets/aa/Android/01cfd8129ea5d6c94419f5e1dc0f2ca4.bundle,AssetBundle,1
source,bundle,assets/aa/Android/01cfd8129ea5d6c94419f5e1dc0f2ca4.bundle,TextAsset,1
source,bundle,assets/aa/Android/01d56fe0886200058223c99f7431b1d4.bundle,AssetBundle,1
source,bundle,assets/aa/Android/01d56fe0886200058223c99f7431b1d4.bundle,AudioClip,1
source,bundle,assets/aa/Android/01db9728509bd8ff74bc5f0d6fb7d407.bundle,AssetBundle,1
source,bundle,assets/aa/Android/01db9728509bd8ff74bc5f0d6fb7d407.bundle,AudioClip,1
source,bundle,assets/aa/Android/01ddf689e7527cb73fd4db331125e48f.bundle,AssetBundle,1
source,bundle,assets/aa/Android/01ddf689e7527cb73fd4db331125e48f.bundle,Sprite,1
source,bundle,assets/aa/Android/01ddf689e7527cb73fd4db331125e48f.bundle,Texture2D,1
source,bundle,assets/aa/Android/01e175d63ee4437792d353ab819458a6.bundle,AssetBundle,1
source,bundle,assets/aa/Android/01e175d63ee4437792d353ab819458a6.bundle,Sprite,1
source,bundle,assets/aa/Android/01e175d63ee4437792d353ab819458a6.bundle,Texture2D,1
source,bundle,assets/aa/Android/020ca77f4a9c50c6ed04dc63402cfc48.bundle,AssetBundle,1
source,bundle,assets/aa/Android/020ca77f4a9c50c6ed04dc63402cfc48.bundle,AudioClip,1
source,bundle,assets/aa/Android/02209f5545f3f72755ae2d9d7704a74b.bundle,AssetBundle,1
source,bundle,assets/aa/Android/02209f5545f3f72755ae2d9d7704a74b.bundle,Sprite,1
source,bundle,assets/aa/Android/02209f5545f3f72755ae2d9d7704a74b.bundle,Texture2D,1
source,bundle,assets/aa/Android/02297ab7d0a02e397e157ac6bf53701a.bundle,AssetBundle,1
source,bundle,assets/aa/Android/02297ab7d0a02e397e157ac6bf53701a.bundle,Sprite,1
source,bundle,assets/aa/Android/02297ab7d0a02e397e157ac6bf53701a.bundle,Texture2D,1
source,bundle,assets/aa/Android/0292a0565d385ac9122ec6cebc00cc09.bundle,AssetBundle,1
source,bundle,assets/aa/Android/0292a0565d385ac9122ec6cebc00cc09.bundle,AudioClip,1
source,bundle,assets/aa/Android/02b5ba0d3ca815410e2f54517987f657.bundle,AssetBundle,1
source,bundle,assets/aa/Android/02b5ba0d3ca815410e2f54517987f657.bundle,Sprite,1
source,bundle,assets/aa/Android/02b5ba0d3ca815410e2f54517987f657.bundle,Texture2D,1
source,bundle,assets/aa/Android/02c6b3d53eb561a8fc882de0e5260490.bundle,AssetBundle,1
source,bundle,assets/aa/Android/02c6b3d53eb561a8fc882de0e5260490.bundle,AudioClip,1
source,bundle,assets/aa/Android/02c6b6406c32b0c961f2fb6b92154c9e.bundle,AssetBundle,1
source,bundle,assets/aa/Android/02c6b6406c32b0c961f2fb6b92154c9e.bundle,Sprite,1
source,bundle,assets/aa/Android/02c6b6406c32b0c961f2fb6b92154c9e.bundle,Texture2D,1
source,bundle,assets/aa/Android/02cf98dbe24339db17694686847231ca.bundle,AssetBundle,1
source,bundle,assets/aa/Android/02cf98dbe24339db17694686847231ca.bundle,TextAsset,1
source,bundle,assets/aa/Android/02da8ef6b4b7303c0d4fd6050008e726.bundle,AssetBundle,1
source,bundle,assets/aa/Android/02da8ef6b4b7303c0d4fd6050008e726.bundle,Sprite,1
source,bundle,assets/aa/Android/02da8ef6b4b7303c0d4fd6050008e726.bundle,Texture2D,1
source,bundle,assets/aa/Android/02e7e3473113390a0814cd65505fded5.bundle,AssetBundle,1
source,bundle,assets/aa/Android/02e7e3473113390a0814cd65505fded5.bundle,TextAsset,1
source,bundle,assets/aa/Android/02fc8f652f202d1902ef7df861356709.bundle,AssetBundle,1
source,bundle,assets/aa/Android/02fc8f652f202d1902ef7df861356709.bundle,TextAsset,1
source,bundle,assets/aa/Android/030cf4c1cc3dcdfef5aa49c45e4bd263.bundle,AssetBundle,1
source,bundle,assets/aa/Android/030cf4c1cc3dcdfef5aa49c45e4bd263.bundle,Sprite,1
source,bundle,assets/aa/Android/030cf4c1cc3dcdfef5aa49c45e4bd263.bundle,Texture2D,1
source,bundle,assets/aa/Android/031851ae60b58e28f77bcb80c2953b39.bundle,AssetBundle,1
source,bundle,assets/aa/Android/031851ae60b58e28f77bcb80c2953b39.bundle,Sprite,1
source,bundle,assets/aa/Android/031851ae60b58e28f77bcb80c2953b39.bundle,Texture2D,1
source,bundle,assets/aa/Android/03297c1e5ea8b7ef6168b8a9fb58a5f4.bundle,AnimationClip,1
source,bundle,assets/aa/Android/03297c1e5ea8b7ef6168b8a9fb58a5f4.bundle,Animator,1
source,bundle,assets/aa/Android/03297c1e5ea8b7ef6168b8a9fb58a5f4.bundle,AnimatorController,1
source,bundle,assets/aa/Android/03297c1e5ea8b7ef6168b8a9fb58a5f4.bundle,AssetBundle,1
source,bundle,assets/aa/Android/03297c1e5ea8b7ef6168b8a9fb58a5f4.bundle,GameObject,4
source,bundle,assets/aa/Android/03297c1e5ea8b7ef6168b8a9fb58a5f4.bundle,Material,1
source,bundle,assets/aa/Android/03297c1e5ea8b7ef6168b8a9fb58a5f4.bundle,MonoBehaviour,1
source,bundle,assets/aa/Android/03297c1e5ea8b7ef6168b8a9fb58a5f4.bundle,MonoScript,1
source,bundle,assets/aa/Android/03297c1e5ea8b7ef6168b8a9fb58a5f4.bundle,Sprite,3
source,bundle,assets/aa/Android/03297c1e5ea8b7ef6168b8a9fb58a5f4.bundle,SpriteRenderer,3
source,bundle,assets/aa/Android/03297c1e5ea8b7ef6168b8a9fb58a5f4.bundle,Texture2D,3
source,bundle,assets/aa/Android/03297c1e5ea8b7ef6168b8a9fb58a5f4.bundle,Transform,4
source,bundle,assets/aa/Android/0346140741c62ef259fa0026be1c37d1.bundle,AssetBundle,1
source,bundle,assets/aa/Android/0346140741c62ef259fa0026be1c37d1.bundle,Sprite,1
source,bundle,assets/aa/Android/0346140741c62ef259fa0026be1c37d1.bundle,Texture2D,1
source,bundle,assets/aa/Android/0351e4b1b0de8d0ce1d09f00ec743769.bundle,AssetBundle,1
source,bundle,assets/aa/Android/0351e4b1b0de8d0ce1d09f00ec743769.bundle,TextAsset,1
source,bundle,assets/aa/Android/036407b89ca165baa3f99d775ef8cebd.bundle,AssetBundle,1
source,bundle,assets/aa/Android/036407b89ca165baa3f99d775ef8cebd.bundle,TextAsset,1
source,bundle,assets/aa/Android/037e66c15d58b0f1303ab932d30f8aab.bundle,AssetBundle,1
source,bundle,assets/aa/Android/037e66c15d58b0f1303ab932d30f8aab.bundle,TextAsset,1
source,bundle,assets/aa/Android/038deca51c5f4052eeacd183ce40ced3.bundle,AssetBundle,1
source,bundle,assets/aa/Android/038deca51c5f4052eeacd183ce40ced3.bundle,AudioClip,1
source,bundle,assets/aa/Android/039d2de8024840751fbf00cb47bc8193.bundle,AssetBundle,1
source,bundle,assets/aa/Android/039d2de8024840751fbf00cb47bc8193.bundle,Sprite,1
source,bundle,assets/aa/Android/039d2de8024840751fbf00cb47bc8193.bundle,Texture2D,1
source,bundle,assets/aa/Android/039d88335e36051d276d0cb5fe10db7f.bundle,AssetBundle,1
source,bundle,assets/aa/Android/039d88335e36051d276d0cb5fe10db7f.bundle,Sprite,1
source,bundle,assets/aa/Android/039d88335e36051d276d0cb5fe10db7f.bundle,Texture2D,1
source,bundle,assets/aa/Android/0430cc7ba23c2714022a3048f5151aec.bundle,AssetBundle,1
source,bundle,assets/aa/Android/0430cc7ba23c2714022a3048f5151aec.bundle,Sprite,1
source,bundle,assets/aa/Android/0430cc7ba23c2714022a3048f5151aec.bundle,Texture2D,1
source,bundle,assets/aa/Android/04687b9f9b0a7b069666978a524bfb69.bundle,AssetBundle,1
source,bundle,assets/aa/Android/04687b9f9b0a7b069666978a524bfb69.bundle,TextAsset,1
source,bundle,assets/aa/Android/04796b90727e7d862af38941dbc2a89f.bundle,AssetBundle,1
source,bundle,assets/aa/Android/04796b90727e7d862af38941dbc2a89f.bundle,AudioClip,1
source,bundle,assets/aa/Android/04932a222c746fa7cc2e6fe127c5fd59.bundle,AssetBundle,1
source,bundle,assets/aa/Android/04932a222c746fa7cc2e6fe127c5fd59.bundle,Sprite,1
source,bundle,assets/aa/Android/04932a222c746fa7cc2e6fe127c5fd59.bundle,Texture2D,1
source,bundle,assets/aa/Android/049e111c05a291249768a06f376a4342.bundle,AssetBundle,1
source,bundle,assets/aa/Android/049e111c05a291249768a06f376a4342.bundle,TextAsset,1
source,bundle,assets/aa/Android/04a098c33cd0f3eb5158d5d6ca846046.bundle,AssetBundle,1
source,bundle,assets/aa/Android/04a098c33cd0f3eb5158d5d6ca846046.bundle,TextAsset,1
source,bundle,assets/aa/Android/04b04a09bd19084184e1cc62c05edeb4.bundle,AssetBundle,1
source,bundle,assets/aa/Android/04b04a09bd19084184e1cc62c05edeb4.bundle,TextAsset,1
source,bundle,assets/aa/Android/04d973243118495c83c0ff63479e65db.bundle,AssetBundle,1
source,bundle,assets/aa/Android/04d973243118495c83c0ff63479e65db.bundle,TextAsset,1
source,bundle,assets/aa/Android/0519b5085b7cd884134daf76c8e064c5.bundle,AssetBundle,1
source,bundle,assets/aa/Android/0519b5085b7cd884134daf76c8e064c5.bundle,Sprite,1
source,bundle,assets/aa/Android/0519b5085b7cd884134daf76c8e064c5.bundle,Texture2D,1
source,bundle,assets/aa/Android/052748b967e6c150c339558ceb946405.bundle,AssetBundle,1
source,bundle,assets/aa/Android/052748b967e6c150c339558ceb946405.bundle,Sprite,1
source,bundle,assets/aa/Android/052748b967e6c150c339558ceb946405.bundle,Texture2D,1
source,bundle,assets/aa/Android/054e13e05a5628a5742ba03a43487b40.bundle,AssetBundle,1
source,bundle,assets/aa/Android/054e13e05a5628a5742ba03a43487b40.bundle,AudioClip,1
source,bundle,assets/aa/Android/054ef9f173b435078c3faa4c3d1c7f6c.bundle,AssetBundle,1
source,bundle,assets/aa/Android/054ef9f173b435078c3faa4c3d1c7f6c.bundle,Sprite,1
source,bundle,assets/aa/Android/054ef9f173b435078c3faa4c3d1c7f6c.bundle,Texture2D,1
source,bundle,assets/aa/Android/056ce8fc4ccdb683a3c157c41d3f8d09.bundle,AssetBundle,1
source,bundle,assets/aa/Android/056ce8fc4ccdb683a3c157c41d3f8d09.bundle,TextAsset,1
source,bundle,assets/aa/Android/05a5f9cb8d1641560d3017dcf8989d55.bundle,AssetBundle,1
source,bundle,assets/aa/Android/05a5f9cb8d1641560d3017dcf8989d55.bundle,TextAsset,1
source,bundle,assets/aa/Android/05a8f69931dd8e011656196b2b31bafc.bundle,AssetBundle,1
source,bundle,assets/aa/Android/05a8f69931dd8e011656196b2b31bafc.bundle,Sprite,1
source,bundle,assets/aa/Android/05a8f69931dd8e011656196b2b31bafc.bundle,Texture2D,1
source,bundle,assets/aa/Android/05ba0535594430230cf8c97ade33bbdb.bundle,AssetBundle,1
source,bundle,assets/aa/Android/05ba0535594430230cf8c97ade33bbdb.bundle,Sprite,1
source,bundle,assets/aa/Android/05ba0535594430230cf8c97ade33bbdb.bundle,Texture2D,1
source,bundle,assets/aa/Android/05cee7da06678bfee624d453b9e7c3e7.bundle,AssetBundle,1
source,bundle,assets/aa/Android/05cee7da06678bfee624d453b9e7c3e7.bundle,Sprite,1
source,bundle,assets/aa/Android/05cee7da06678bfee624d453b9e7c3e7.bundle,Texture2D,1
source,bundle,assets/aa/Android/05f65ae17c69fc8feaf64b97a1373656.bundle,AssetBundle,1
source,bundle,assets/aa/Android/05f65ae17c69fc8feaf64b97a1373656.bundle,Sprite,1
source,bundle,assets/aa/Android/05f65ae17c69fc8feaf64b97a1373656.bundle,Texture2D,1
source,bundle,assets/aa/Android/060e612971adde818a786490fa19c992.bundle,AssetBundle,1
source,bundle,assets/aa/Android/060e612971adde818a786490fa19c992.bundle,Sprite,1
source,bundle,assets/aa/Android/060e612971adde818a786490fa19c992.bundle,Texture2D,1
source,bundle,assets/aa/Android/0610cd7807131faf6c3055b99a9fe792.bundle,AssetBundle,1
source,bundle,assets/aa/Android/0610cd7807131faf6c3055b99a9fe792.bundle,TextAsset,1
source,bundle,assets/aa/Android/06b93cb45dba639983727bf4701e1b5c.bundle,AssetBundle,1
source,bundle,assets/aa/Android/06b93cb45dba639983727bf4701e1b5c.bundle,Sprite,1
source,bundle,assets/aa/Android/06b93cb45dba639983727bf4701e1b5c.bundle,Texture2D,1
source,bundle,assets/aa/Android/06ba21e29e889de5276879dfeab60c94.bundle,AssetBundle,1
source,bundle,assets/aa/Android/06ba21e29e889de5276879dfeab60c94.bundle,Sprite,1
source,bundle,assets/aa/Android/06ba21e29e889de5276879dfeab60c94.bundle,Texture2D,1
source,bundle,assets/aa/Android/06d39d6b60055628637ecf93c282e0ed.bundle,AssetBundle,1
source,bundle,assets/aa/Android/06d39d6b60055628637ecf93c282e0ed.bundle,TextAsset,1
source,bundle,assets/aa/Android/0700ba9d3eba3d181f1948e2cafef9e0.bundle,AssetBundle,1
source,bundle,assets/aa/Android/0700ba9d3eba3d181f1948e2cafef9e0.bundle,TextAsset,1
source,bundle,assets/aa/Android/07039e3fb4f80d12cfb26702aa3be559.bundle,AssetBundle,1
source,bundle,assets/aa/Android/07039e3fb4f80d12cfb26702aa3be559.bundle,Sprite,1
source,bundle,assets/aa/Android/07039e3fb4f80d12cfb26702aa3be559.bundle,Texture2D,1
source,bundle,assets/aa/Android/07074e443fc3b813362002323ea1563f.bundle,AssetBundle,1
source,bundle,assets/aa/Android/07074e443fc3b813362002323ea1563f.bundle,TextAsset,1
source,bundle,assets/aa/Android/0712216814a196703e86303457294400.bundle,AssetBundle,1
source,bundle,assets/aa/Android/0712216814a196703e86303457294400.bundle,TextAsset,1
source,bundle,assets/aa/Android/0730f625e2b95eb41b7feb3f9e523b33.bundle,AssetBundle,1
source,bundle,assets/aa/Android/0730f625e2b95eb41b7feb3f9e523b33.bundle,TextAsset,1
source,bundle,assets/aa/Android/074114b24e9652c437858b88f8ddb71a.bundle,AssetBundle,1
source,bundle,assets/aa/Android/074114b24e9652c437858b88f8ddb71a.bundle,Sprite,1
source,bundle,assets/aa/Android/074114b24e9652c437858b88f8ddb71a.bundle,Texture2D,1
source,bundle,assets/aa/Android/0743a774824b3591eb87eaacb34d8e61.bundle,AssetBundle,1
source,bundle,assets/aa/Android/0743a774824b3591eb87eaacb34d8e61.bundle,Canvas,1
source,bundle,assets/aa/Android/0743a774824b3591eb87eaacb34d8e61.bundle,CanvasGroup,1
source,bundle,assets/aa/Android/0743a774824b3591eb87eaacb34d8e61.bundle,CanvasRenderer,8
source,bundle,assets/aa/Android/0743a774824b3591eb87eaacb34d8e61.bundle,GameObject,10
source,bundle,assets/aa/Android/0743a774824b3591eb87eaacb34d8e61.bundle,MonoBehaviour,13
source,bundle,assets/aa/Android/0743a774824b3591eb87eaacb34d8e61.bundle,MonoScript,5
source,bundle,assets/aa/Android/0743a774824b3591eb87eaacb34d8e61.bundle,RectTransform,10
source,bundle,assets/aa/Android/0743a774824b3591eb87eaacb34d8e61.bundle,Sprite,2
source,bundle,assets/aa/Android/0743a774824b3591eb87eaacb34d8e61.bundle,Texture2D,2
source,bundle,assets/aa/Android/074fd512bba0f12a1ed14fbc66671e52.bundle,AssetBundle,1
source,bundle,assets/aa/Android/074fd512bba0f12a1ed14fbc66671e52.bundle,TextAsset,1
source,bundle,assets/aa/Android/0756a4ad015cc45f99a46a20760f67e0.bundle,AssetBundle,1
source,bundle,assets/aa/Android/0756a4ad015cc45f99a46a20760f67e0.bundle,Sprite,1
source,bundle,assets/aa/Android/0756a4ad015cc45f99a46a20760f67e0.bundle,Texture2D,1
source,bundle,assets/aa/Android/075a9a2a7b418f1b09b444cf001b638e.bundle,AssetBundle,1
source,bundle,assets/aa/Android/075a9a2a7b418f1b09b444cf001b638e.bundle,Sprite,1
source,bundle,assets/aa/Android/075a9a2a7b418f1b09b444cf001b638e.bundle,Texture2D,1
source,bundle,assets/aa/Android/076fab32b33664dea8f7e272515b1aec.bundle,AssetBundle,1
source,bundle,assets/aa/Android/076fab32b33664dea8f7e272515b1aec.bundle,TextAsset,1
source,bundle,assets/aa/Android/07af7ead17b1c913e7a58b74e4fccff3.bundle,AssetBundle,1
source,bundle,assets/aa/Android/07af7ead17b1c913e7a58b74e4fccff3.bundle,AudioClip,1
source,bundle,assets/aa/Android/07c19e1d68359df0f81ec04fec340ce1.bundle,AssetBundle,1
source,bundle,assets/aa/Android/07c19e1d68359df0f81ec04fec340ce1.bundle,TextAsset,1
source,bundle,assets/aa/Android/07dbb703ad9a5e9ff1ddc5325b5d3941.bundle,AssetBundle,1
source,bundle,assets/aa/Android/07dbb703ad9a5e9ff1ddc5325b5d3941.bundle,TextAsset,1
source,bundle,assets/aa/Android/07dc5a9c0f718e86b836a0c0a9cfa37a.bundle,AssetBundle,1
source,bundle,assets/aa/Android/07dc5a9c0f718e86b836a0c0a9cfa37a.bundle,Sprite,1
source,bundle,assets/aa/Android/07dc5a9c0f718e86b836a0c0a9cfa37a.bundle,Texture2D,1
source,bundle,assets/aa/Android/07eb143c8181263ab16ca669e3f8b5aa.bundle,AssetBundle,1
source,bundle,assets/aa/Android/07eb143c8181263ab16ca669e3f8b5aa.bundle,Sprite,1
source,bundle,assets/aa/Android/07eb143c8181263ab16ca669e3f8b5aa.bundle,Texture2D,1
source,bundle,assets/aa/Android/07f13cce1114f0214c5a7f04d8482696.bundle,AssetBundle,1
source,bundle,assets/aa/Android/07f13cce1114f0214c5a7f04d8482696.bundle,Sprite,1
source,bundle,assets/aa/Android/07f13cce1114f0214c5a7f04d8482696.bundle,Texture2D,1
source,bundle,assets/aa/Android/07f8879f37122420e507025c87eecc17.bundle,AssetBundle,1
source,bundle,assets/aa/Android/07f8879f37122420e507025c87eecc17.bundle,TextAsset,1
source,bundle,assets/aa/Android/07fd82e2e3abf0c690cf0feef5d49304.bundle,AssetBundle,1
source,bundle,assets/aa/Android/07fd82e2e3abf0c690cf0feef5d49304.bundle,Sprite,1
source,bundle,assets/aa/Android/07fd82e2e3abf0c690cf0feef5d49304.bundle,Texture2D,1
source,bundle,assets/aa/Android/084d3a20a20b9e60c05b8db16f13d076.bundle,AssetBundle,1
source,bundle,assets/aa/Android/084d3a20a20b9e60c05b8db16f13d076.bundle,AudioClip,1
source,bundle,assets/aa/Android/08788b8b0f1998f6851b74949f2947db.bundle,AssetBundle,1
source,bundle,assets/aa/Android/08788b8b0f1998f6851b74949f2947db.bundle,Sprite,1
source,bundle,assets/aa/Android/08788b8b0f1998f6851b74949f2947db.bundle,Texture2D,1
source,bundle,assets/aa/Android/08a4ba21ca6248fca6345d004ea1e6b9.bundle,AssetBundle,1
source,bundle,assets/aa/Android/08a4ba21ca6248fca6345d004ea1e6b9.bundle,TextAsset,1
source,bundle,assets/aa/Android/08c460e102525d61adda2733567463e2.bundle,AssetBundle,1
source,bundle,assets/aa/Android/08c460e102525d61adda2733567463e2.bundle,TextAsset,1
source,bundle,assets/aa/Android/08e80fb254d8904d223530cada82ec65.bundle,AssetBundle,1
source,bundle,assets/aa/Android/08e80fb254d8904d223530cada82ec65.bundle,Sprite,1
source,bundle,assets/aa/Android/08e80fb254d8904d223530cada82ec65.bundle,Texture2D,1
source,bundle,assets/aa/Android/08eb6588bee3699bfdb2fc6336209919.bundle,AssetBundle,1
source,bundle,assets/aa/Android/08eb6588bee3699bfdb2fc6336209919.bundle,TextAsset,1
source,bundle,assets/aa/Android/09110038964c868a2cf2ac53831c3efc.bundle,AssetBundle,1
source,bundle,assets/aa/Android/09110038964c868a2cf2ac53831c3efc.bundle,TextAsset,1
source,bundle,assets/aa/Android/0915f74b5944a2e83a7b6044f3972cb4.bundle,AssetBundle,1
source,bundle,assets/aa/Android/0915f74b5944a2e83a7b6044f3972cb4.bundle,Sprite,1
source,bundle,assets/aa/Android/0915f74b5944a2e83a7b6044f3972cb4.bundle,Texture2D,1
source,bundle,assets/aa/Android/09174b23f6a507f50fdcb061fc61ad80.bundle,AssetBundle,1
source,bundle,assets/aa/Android/09174b23f6a507f50fdcb061fc61ad80.bundle,TextAsset,1
source,bundle,assets/aa/Android/092d343d2e6c6e82c194454cfa5d8d64.bundle,AssetBundle,1
source,bundle,assets/aa/Android/092d343d2e6c6e82c194454cfa5d8d64.bundle,TextAsset,1
source,bundle,assets/aa/Android/09432b67980c2369a0382252f3280bb7.bundle,AssetBundle,1
source,bundle,assets/aa/Android/09432b67980c2369a0382252f3280bb7.bundle,AudioClip,1
source,bundle,assets/aa/Android/0947da7a9aaa89fe58443e92c3841cda.bundle,AssetBundle,1
source,bundle,assets/aa/Android/0947da7a9aaa89fe58443e92c3841cda.bundle,TextAsset,1
source,bundle,assets/aa/Android/097409463e9b83825d995201bbda6762.bundle,AssetBundle,1
source,bundle,assets/aa/Android/097409463e9b83825d995201bbda6762.bundle,AudioClip,1
source,bundle,assets/aa/Android/0979b1a0da60d82f96b8c76630b1585b.bundle,AssetBundle,1
source,bundle,assets/aa/Android/0979b1a0da60d82f96b8c76630b1585b.bundle,Sprite,1
source,bundle,assets/aa/Android/0979b1a0da60d82f96b8c76630b1585b.bundle,Texture2D,1
source,bundle,assets/aa/Android/098f9e05bd0a7ca91fe18bcfc4ebce5a.bundle,AssetBundle,1
source,bundle,assets/aa/Android/098f9e05bd0a7ca91fe18bcfc4ebce5a.bundle,TextAsset,1
source,bundle,assets/aa/Android/09a7b414e0d165a8d0f18b39bba0056a.bundle,AssetBundle,1
source,bundle,assets/aa/Android/09a7b414e0d165a8d0f18b39bba0056a.bundle,Sprite,1
source,bundle,assets/aa/Android/09a7b414e0d165a8d0f18b39bba0056a.bundle,Texture2D,1
source,bundle,assets/aa/Android/09eb5765ccbd21f38c421ccb5731a312.bundle,AssetBundle,1
source,bundle,assets/aa/Android/09eb5765ccbd21f38c421ccb5731a312.bundle,TextAsset,1
source,bundle,assets/aa/Android/09fb433aecc8a3cde7d56d50ce5cb377.bundle,AssetBundle,1
source,bundle,assets/aa/Android/09fb433aecc8a3cde7d56d50ce5cb377.bundle,TextAsset,1
source,bundle,assets/aa/Android/09fc6b3993679cace39c27b124974ebf.bundle,AssetBundle,1
source,bundle,assets/aa/Android/09fc6b3993679cace39c27b124974ebf.bundle,TextAsset,1
source,bundle,assets/aa/Android/0a091a5cbf58a58c9ab60c39957ae702.bundle,AssetBundle,1
source,bundle,assets/aa/Android/0a091a5cbf58a58c9ab60c39957ae702.bundle,Sprite,1
source,bundle,assets/aa/Android/0a091a5cbf58a58c9ab60c39957ae702.bundle,Texture2D,1
source,bundle,assets/aa/Android/0a0ec2bd31adfd9c120bf7658ad4fa05.bundle,AssetBundle,1
source,bundle,assets/aa/Android/0a0ec2bd31adfd9c120bf7658ad4fa05.bundle,TextAsset,1
source,bundle,assets/aa/Android/0a11e0c37005c24e3c70c05da946147b.bundle,AssetBundle,1
source,bundle,assets/aa/Android/0a11e0c37005c24e3c70c05da946147b.bundle,AudioClip,1
source,bundle,assets/aa/Android/0a15956daeacae406428321aac76f9bd.bundle,AssetBundle,1
source,bundle,assets/aa/Android/0a15956daeacae406428321aac76f9bd.bundle,Sprite,1
source,bundle,assets/aa/Android/0a15956daeacae406428321aac76f9bd.bundle,Texture2D,1
source,bundle,assets/aa/Android/0a527eb51d855b902dc2ac640c1276fe.bundle,AssetBundle,1
source,bundle,assets/aa/Android/0a527eb51d855b902dc2ac640c1276fe.bundle,TextAsset,1
source,bundle,assets/aa/Android/0a546c96df7079027f3b3c35094192eb.bundle,AssetBundle,1
source,bundle,assets/aa/Android/0a546c96df7079027f3b3c35094192eb.bundle,TextAsset,1
source,bundle,assets/aa/Android/0a5f533be4f53dcd25686bae334ff3e7.bundle,AssetBundle,1
source,bundle,assets/aa/Android/0a5f533be4f53dcd25686bae334ff3e7.bundle,Sprite,1
source,bundle,assets/aa/Android/0a5f533be4f53dcd25686bae334ff3e7.bundle,Texture2D,1
source,bundle,assets/aa/Android/0a608ec21be0b4dd573eac54d9a274d1.bundle,AssetBundle,1
source,bundle,assets/aa/Android/0a608ec21be0b4dd573eac54d9a274d1.bundle,Sprite,1
source,bundle,assets/aa/Android/0a608ec21be0b4dd573eac54d9a274d1.bundle,Texture2D,1
source,bundle,assets/aa/Android/0aa400266fe5ed0642f8a42b8dada1a6.bundle,AssetBundle,1
source,bundle,assets/aa/Android/0aa400266fe5ed0642f8a42b8dada1a6.bundle,TextAsset,1
source,bundle,assets/aa/Android/0acedc03b5d6afa0905214397a389292.bundle,AssetBundle,1
source,bundle,assets/aa/Android/0acedc03b5d6afa0905214397a389292.bundle,Sprite,1
source,bundle,assets/aa/Android/0acedc03b5d6afa0905214397a389292.bundle,Texture2D,1
source,bundle,assets/aa/Android/0add8f9cbd48246a0c3bd3e5843e239f.bundle,AssetBundle,1
source,bundle,assets/aa/Android/0add8f9cbd48246a0c3bd3e5843e239f.bundle,TextAsset,1
source,bundle,assets/aa/Android/0aff74f51162af9068017b6116ebf292.bundle,AssetBundle,1
source,bundle,assets/aa/Android/0aff74f51162af9068017b6116ebf292.bundle,TextAsset,1
source,bundle,assets/aa/Android/0b0988c3bbc124a2ec8eba932232ead9.bundle,AssetBundle,1
source,bundle,assets/aa/Android/0b0988c3bbc124a2ec8eba932232ead9.bundle,TextAsset,1
source,bundle,assets/aa/Android/0b2e45c7eaeaa48ba0ed4319ee215d22.bundle,AssetBundle,1
source,bundle,assets/aa/Android/0b2e45c7eaeaa48ba0ed4319ee215d22.bundle,TextAsset,1
source,bundle,assets/aa/Android/0b69df4fa9506977069a28e50fa476da.bundle,AssetBundle,1
source,bundle,assets/aa/Android/0b69df4fa9506977069a28e50fa476da.bundle,TextAsset,1
source,bundle,assets/aa/Android/0b7f635e2bdc6802db603588e3531666.bundle,AssetBundle,1
source,bundle,assets/aa/Android/0b7f635e2bdc6802db603588e3531666.bundle,Sprite,1
source,bundle,assets/aa/Android/0b7f635e2bdc6802db603588e3531666.bundle,Texture2D,1
source,bundle,assets/aa/Android/0bb1548d7b2c31ba1b00b1affbdf569b.bundle,AssetBundle,1
source,bundle,assets/aa/Android/0bb1548d7b2c31ba1b00b1affbdf569b.bundle,TextAsset,1
source,bundle,assets/aa/Android/0bba24886d6f57619c80a8117ce57266.bundle,AssetBundle,1
source,bundle,assets/aa/Android/0bba24886d6f57619c80a8117ce57266.bundle,TextAsset,1
source,bundle,assets/aa/Android/0bec2539c32a51e77b71be80df3124ec.bundle,AssetBundle,1
source,bundle,assets/aa/Android/0bec2539c32a51e77b71be80df3124ec.bundle,Sprite,1
source,bundle,assets/aa/Android/0bec2539c32a51e77b71be80df3124ec.bundle,Texture2D,1
source,bundle,assets/aa/Android/0bf84bbb1105b82f78bc2fd9a167fef4.bundle,AssetBundle,1
source,bundle,assets/aa/Android/0bf84bbb1105b82f78bc2fd9a167fef4.bundle,TextAsset,1
source,bundle,assets/aa/Android/0c5c6e3698dc842e2c657df00801c575.bundle,AssetBundle,1
source,bundle,assets/aa/Android/0c5c6e3698dc842e2c657df00801c575.bundle,TextAsset,1
source,bundle,assets/aa/Android/0c64826c96c15343512933ae667f395e.bundle,AssetBundle,1
source,bundle,assets/aa/Android/0c64826c96c15343512933ae667f395e.bundle,Sprite,1
source,bundle,assets/aa/Android/0c64826c96c15343512933ae667f395e.bundle,Texture2D,1
source,bundle,assets/aa/Android/0c7577d5ba5ddeb5ab7229e86ba9df3c.bundle,AssetBundle,1
source,bundle,assets/aa/Android/0c7577d5ba5ddeb5ab7229e86ba9df3c.bundle,TextAsset,1
source,bundle,assets/aa/Android/0c86da8897bc1a7cb1696c9f1fe25393.bundle,AssetBundle,1
source,bundle,assets/aa/Android/0c86da8897bc1a7cb1696c9f1fe25393.bundle,TextAsset,1
source,bundle,assets/aa/Android/0c8ceda3281056308b20cb7d5c2c4658.bundle,AssetBundle,1
source,bundle,assets/aa/Android/0c8ceda3281056308b20cb7d5c2c4658.bundle,Sprite,1
source,bundle,assets/aa/Android/0c8ceda3281056308b20cb7d5c2c4658.bundle,Texture2D,1
source,bundle,assets/aa/Android/0c8ee121639d4a12c8d183ef2c72ba75.bundle,AssetBundle,1
source,bundle,assets/aa/Android/0c8ee121639d4a12c8d183ef2c72ba75.bundle,TextAsset,1
source,bundle,assets/aa/Android/0ca0316cb724356aaacb15428a357674.bundle,AssetBundle,1
source,bundle,assets/aa/Android/0ca0316cb724356aaacb15428a357674.bundle,TextAsset,1
source,bundle,assets/aa/Android/0ca669089c1a5963566b7af270b8fd91.bundle,AssetBundle,1
source,bundle,assets/aa/Android/0ca669089c1a5963566b7af270b8fd91.bundle,AudioClip,1
source,bundle,assets/aa/Android/0cb056c379bf3b2adcc1846d1b01958f.bundle,AssetBundle,1
source,bundle,assets/aa/Android/0cb056c379bf3b2adcc1846d1b01958f.bundle,TextAsset,1
source,bundle,assets/aa/Android/0ce4d4940adf5f1249b04c0c86f5ca83.bundle,AssetBundle,1
source,bundle,assets/aa/Android/0ce4d4940adf5f1249b04c0c86f5ca83.bundle,TextAsset,1
source,bundle,assets/aa/Android/0cfd4994cc79850ce41de46d50ccdfa5.bundle,AssetBundle,1
source,bundle,assets/aa/Android/0cfd4994cc79850ce41de46d50ccdfa5.bundle,TextAsset,1
source,bundle,assets/aa/Android/0d2cbfbe2a9ea28349560fc8b5cef03d.bundle,AssetBundle,1
source,bundle,assets/aa/Android/0d2cbfbe2a9ea28349560fc8b5cef03d.bundle,Sprite,1
source,bundle,assets/aa/Android/0d2cbfbe2a9ea28349560fc8b5cef03d.bundle,Texture2D,1
source,bundle,assets/aa/Android/0d655f5a05122e2d39afc0b68c50b27c.bundle,AssetBundle,1
source,bundle,assets/aa/Android/0d655f5a05122e2d39afc0b68c50b27c.bundle,TextAsset,1
source,bundle,assets/aa/Android/0d6fca7a7b6299697185220bfc32a9cd.bundle,AssetBundle,1
source,bundle,assets/aa/Android/0d6fca7a7b6299697185220bfc32a9cd.bundle,TextAsset,1
source,bundle,assets/aa/Android/0dcedc443333e239ae56205fa5c62470.bundle,AssetBundle,1
source,bundle,assets/aa/Android/0dcedc443333e239ae56205fa5c62470.bundle,Sprite,1
source,bundle,assets/aa/Android/0dcedc443333e239ae56205fa5c62470.bundle,Texture2D,1
source,bundle,assets/aa/Android/0dd824efe43c68388974a740ef2599a5.bundle,AssetBundle,1
source,bundle,assets/aa/Android/0dd824efe43c68388974a740ef2599a5.bundle,TextAsset,1
source,bundle,assets/aa/Android/0e032d6e9dccdcd7413de5e327b16903.bundle,AssetBundle,1
source,bundle,assets/aa/Android/0e032d6e9dccdcd7413de5e327b16903.bundle,Sprite,1
source,bundle,assets/aa/Android/0e032d6e9dccdcd7413de5e327b16903.bundle,Texture2D,1
source,bundle,assets/aa/Android/0e11afa8faaf0119cc073a1727ac6815.bundle,AssetBundle,1
source,bundle,assets/aa/Android/0e11afa8faaf0119cc073a1727ac6815.bundle,Sprite,1
source,bundle,assets/aa/Android/0e11afa8faaf0119cc073a1727ac6815.bundle,Texture2D,1
source,bundle,assets/aa/Android/0e22b1691a52700e01eb1576362c2297.bundle,AssetBundle,1
source,bundle,assets/aa/Android/0e22b1691a52700e01eb1576362c2297.bundle,AudioClip,1
source,bundle,assets/aa/Android/0e325267c5540823672ece9a44cb5898.bundle,AssetBundle,1
source,bundle,assets/aa/Android/0e325267c5540823672ece9a44cb5898.bundle,Sprite,1
source,bundle,assets/aa/Android/0e325267c5540823672ece9a44cb5898.bundle,Texture2D,1
source,bundle,assets/aa/Android/0e7d98ec601826bdcf04425822e7b429.bundle,AssetBundle,1
source,bundle,assets/aa/Android/0e7d98ec601826bdcf04425822e7b429.bundle,TextAsset,1
source,bundle,assets/aa/Android/0e86d6c26e7cc18b5546b524b45df75d.bundle,AssetBundle,1
source,bundle,assets/aa/Android/0e86d6c26e7cc18b5546b524b45df75d.bundle,TextAsset,1
source,bundle,assets/aa/Android/0e8bcf7c745cb96f7d4bded261b7d812.bundle,AssetBundle,1
source,bundle,assets/aa/Android/0e8bcf7c745cb96f7d4bded261b7d812.bundle,Sprite,1
source,bundle,assets/aa/Android/0e8bcf7c745cb96f7d4bded261b7d812.bundle,Texture2D,1
source,bundle,assets/aa/Android/0e9b8f5c403fa2dd599e148f33440ebe.bundle,AssetBundle,1
source,bundle,assets/aa/Android/0e9b8f5c403fa2dd599e148f33440ebe.bundle,Sprite,1
source,bundle,assets/aa/Android/0e9b8f5c403fa2dd599e148f33440ebe.bundle,Texture2D,1
source,bundle,assets/aa/Android/0eb1a977dc442a59db8c8acd30b8fc37.bundle,AssetBundle,1
source,bundle,assets/aa/Android/0eb1a977dc442a59db8c8acd30b8fc37.bundle,AudioClip,3
source,bundle,assets/aa/Android/0eb1a977dc442a59db8c8acd30b8fc37.bundle,AudioSource,4
source,bundle,assets/aa/Android/0eb1a977dc442a59db8c8acd30b8fc37.bundle,Canvas,3
source,bundle,assets/aa/Android/0eb1a977dc442a59db8c8acd30b8fc37.bundle,CanvasRenderer,5
source,bundle,assets/aa/Android/0eb1a977dc442a59db8c8acd30b8fc37.bundle,Font,1
source,bundle,assets/aa/Android/0eb1a977dc442a59db8c8acd30b8fc37.bundle,GameObject,9
source,bundle,assets/aa/Android/0eb1a977dc442a59db8c8acd30b8fc37.bundle,Material,1
source,bundle,assets/aa/Android/0eb1a977dc442a59db8c8acd30b8fc37.bundle,MonoBehaviour,17
source,bundle,assets/aa/Android/0eb1a977dc442a59db8c8acd30b8fc37.bundle,MonoScript,10
source,bundle,assets/aa/Android/0eb1a977dc442a59db8c8acd30b8fc37.bundle,RectTransform,8
source,bundle,assets/aa/Android/0eb1a977dc442a59db8c8acd30b8fc37.bundle,Shader,2
source,bundle,assets/aa/Android/0eb1a977dc442a59db8c8acd30b8fc37.bundle,ShaderVariantCollection,1
source,bundle,assets/aa/Android/0eb1a977dc442a59db8c8acd30b8fc37.bundle,Sprite,1
source,bundle,assets/aa/Android/0eb1a977dc442a59db8c8acd30b8fc37.bundle,Texture2D,3
source,bundle,assets/aa/Android/0eb1a977dc442a59db8c8acd30b8fc37.bundle,Transform,1
source,bundle,assets/aa/Android/0eb1c1b982d3d125bc14f3028b10e96c.bundle,AssetBundle,1
source,bundle,assets/aa/Android/0eb1c1b982d3d125bc14f3028b10e96c.bundle,Sprite,1
source,bundle,assets/aa/Android/0eb1c1b982d3d125bc14f3028b10e96c.bundle,Texture2D,1
source,bundle,assets/aa/Android/0ebd7c27437f3474db7bad5c5abf457a.bundle,AssetBundle,1
source,bundle,assets/aa/Android/0ebd7c27437f3474db7bad5c5abf457a.bundle,TextAsset,1
source,bundle,assets/aa/Android/0ec4ea584cc4dde5501f59d3b6bd232e.bundle,AssetBundle,1
source,bundle,assets/aa/Android/0ec4ea584cc4dde5501f59d3b6bd232e.bundle,TextAsset,1
source,bundle,assets/aa/Android/0ed938d127928900cc999368d5b351bf.bundle,AssetBundle,1
source,bundle,assets/aa/Android/0ed938d127928900cc999368d5b351bf.bundle,AudioClip,1
source,bundle,assets/aa/Android/0f0451af0281d52b83750900fdb7646c.bundle,AssetBundle,1
source,bundle,assets/aa/Android/0f0451af0281d52b83750900fdb7646c.bundle,TextAsset,1
source,bundle,assets/aa/Android/0f091139162f0e0301a6093a9673b5b1.bundle,AssetBundle,1
source,bundle,assets/aa/Android/0f091139162f0e0301a6093a9673b5b1.bundle,TextAsset,1
source,bundle,assets/aa/Android/0f17204aa903b27c268fb59a63920a06.bundle,AssetBundle,1
source,bundle,assets/aa/Android/0f17204aa903b27c268fb59a63920a06.bundle,Sprite,1
source,bundle,assets/aa/Android/0f17204aa903b27c268fb59a63920a06.bundle,Texture2D,1
source,bundle,assets/aa/Android/0f26b18356b2a75b59aa4113dd6c8a9e.bundle,AssetBundle,1
source,bundle,assets/aa/Android/0f26b18356b2a75b59aa4113dd6c8a9e.bundle,TextAsset,1
source,bundle,assets/aa/Android/0f2abc6b9a154c8fa8cda9d2e1a09acd.bundle,AssetBundle,1
source,bundle,assets/aa/Android/0f2abc6b9a154c8fa8cda9d2e1a09acd.bundle,Sprite,1
source,bundle,assets/aa/Android/0f2abc6b9a154c8fa8cda9d2e1a09acd.bundle,Texture2D,1
source,bundle,assets/aa/Android/0f3b3e24de2cc1eeca8e6525b8a1b994.bundle,AssetBundle,1
source,bundle,assets/aa/Android/0f3b3e24de2cc1eeca8e6525b8a1b994.bundle,TextAsset,1
source,bundle,assets/aa/Android/0f777e2f38b0fced48d87e97e99494df.bundle,AssetBundle,1
source,bundle,assets/aa/Android/0f777e2f38b0fced48d87e97e99494df.bundle,TextAsset,1
source,bundle,assets/aa/Android/0f83044aad8c833c546a1c768be6f492.bundle,AssetBundle,1
source,bundle,assets/aa/Android/0f83044aad8c833c546a1c768be6f492.bundle,AudioClip,1
source,bundle,assets/aa/Android/0f893249858b2ba5ed767108d73dcc3e.bundle,AssetBundle,1
source,bundle,assets/aa/Android/0f893249858b2ba5ed767108d73dcc3e.bundle,AudioClip,1
source,bundle,assets/aa/Android/0f96f7ecce409527902ff404c8eacb6e.bundle,AssetBundle,1
source,bundle,assets/aa/Android/0f96f7ecce409527902ff404c8eacb6e.bundle,TextAsset,1
source,bundle,assets/aa/Android/0fa60ad59a0f79d1bfae12b6bec88f1a.bundle,AssetBundle,1
source,bundle,assets/aa/Android/0fa60ad59a0f79d1bfae12b6bec88f1a.bundle,TextAsset,1
source,bundle,assets/aa/Android/0fcc149780bd5e253cc6d40092e3e052.bundle,AssetBundle,1
source,bundle,assets/aa/Android/0fcc149780bd5e253cc6d40092e3e052.bundle,Sprite,1
source,bundle,assets/aa/Android/0fcc149780bd5e253cc6d40092e3e052.bundle,Texture2D,1
source,bundle,assets/aa/Android/0fccc74e7a28c55a8311b078344ca6a4.bundle,AssetBundle,1
source,bundle,assets/aa/Android/0fccc74e7a28c55a8311b078344ca6a4.bundle,TextAsset,1
source,bundle,assets/aa/Android/0fd2c51fd79b1e415f0f320f4468dab6.bundle,AssetBundle,1
source,bundle,assets/aa/Android/0fd2c51fd79b1e415f0f320f4468dab6.bundle,Sprite,1
source,bundle,assets/aa/Android/0fd2c51fd79b1e415f0f320f4468dab6.bundle,Texture2D,1
source,bundle,assets/aa/Android/0fd2e42ec64a6e6b177bc2faf7298fdf.bundle,AssetBundle,1
source,bundle,assets/aa/Android/0fd2e42ec64a6e6b177bc2faf7298fdf.bundle,TextAsset,1
source,bundle,assets/aa/Android/0ff6225479c7ae199c20186075175a26.bundle,AssetBundle,1
source,bundle,assets/aa/Android/0ff6225479c7ae199c20186075175a26.bundle,Sprite,1
source,bundle,assets/aa/Android/0ff6225479c7ae199c20186075175a26.bundle,Texture2D,1
source,bundle,assets/aa/Android/0ff658ed645f00d490998c508293d5e0.bundle,AssetBundle,1
source,bundle,assets/aa/Android/0ff658ed645f00d490998c508293d5e0.bundle,TextAsset,1
source,bundle,assets/aa/Android/100111637f588707e07dbc3b79e214d2.bundle,AssetBundle,1
source,bundle,assets/aa/Android/100111637f588707e07dbc3b79e214d2.bundle,TextAsset,1
source,bundle,assets/aa/Android/101fa72d013f0dadf3ae0666b03323b9.bundle,AssetBundle,1
source,bundle,assets/aa/Android/101fa72d013f0dadf3ae0666b03323b9.bundle,Sprite,1
source,bundle,assets/aa/Android/101fa72d013f0dadf3ae0666b03323b9.bundle,Texture2D,1
source,bundle,assets/aa/Android/102662f35eb0cf69a35cae34bdeb4689.bundle,AssetBundle,1
source,bundle,assets/aa/Android/102662f35eb0cf69a35cae34bdeb4689.bundle,Sprite,1
source,bundle,assets/aa/Android/102662f35eb0cf69a35cae34bdeb4689.bundle,Texture2D,1
source,bundle,assets/aa/Android/103e0278f5597b48f34f7583f37427db.bundle,AssetBundle,1
source,bundle,assets/aa/Android/103e0278f5597b48f34f7583f37427db.bundle,Sprite,1
source,bundle,assets/aa/Android/103e0278f5597b48f34f7583f37427db.bundle,Texture2D,1
source,bundle,assets/aa/Android/10480075b6e9a02b511350ad2c993224.bundle,AssetBundle,1
source,bundle,assets/aa/Android/10480075b6e9a02b511350ad2c993224.bundle,TextAsset,1
source,bundle,assets/aa/Android/105a7e394a5a178128810191645f68dd.bundle,AssetBundle,1
source,bundle,assets/aa/Android/105a7e394a5a178128810191645f68dd.bundle,AudioClip,1
source,bundle,assets/aa/Android/10c0cc241f80242f117b8c4c05db9042.bundle,AssetBundle,1
source,bundle,assets/aa/Android/10c0cc241f80242f117b8c4c05db9042.bundle,Sprite,1
source,bundle,assets/aa/Android/10c0cc241f80242f117b8c4c05db9042.bundle,Texture2D,1
source,bundle,assets/aa/Android/10d213634e3271eade27abfb79a93b54.bundle,AssetBundle,1
source,bundle,assets/aa/Android/10d213634e3271eade27abfb79a93b54.bundle,Sprite,1
source,bundle,assets/aa/Android/10d213634e3271eade27abfb79a93b54.bundle,Texture2D,1
source,bundle,assets/aa/Android/10f816cdbc1acc5c7fdf36c83d393222.bundle,AssetBundle,1
source,bundle,assets/aa/Android/10f816cdbc1acc5c7fdf36c83d393222.bundle,AudioClip,1
source,bundle,assets/aa/Android/1149928a35d0267a4769a86be77a11cc.bundle,AssetBundle,1
source,bundle,assets/aa/Android/1149928a35d0267a4769a86be77a11cc.bundle,AudioClip,1
source,bundle,assets/aa/Android/115996522d75980c106d996a95be9202.bundle,AssetBundle,1
source,bundle,assets/aa/Android/115996522d75980c106d996a95be9202.bundle,Sprite,1
source,bundle,assets/aa/Android/115996522d75980c106d996a95be9202.bundle,Texture2D,1
source,bundle,assets/aa/Android/118e23ecd7b5f9c6eea6ab2b06034d72.bundle,AssetBundle,1
source,bundle,assets/aa/Android/118e23ecd7b5f9c6eea6ab2b06034d72.bundle,Sprite,1
source,bundle,assets/aa/Android/118e23ecd7b5f9c6eea6ab2b06034d72.bundle,Texture2D,1
source,bundle,assets/aa/Android/119c57e5f722e586be20a3ac4d90e447.bundle,AssetBundle,1
source,bundle,assets/aa/Android/119c57e5f722e586be20a3ac4d90e447.bundle,Sprite,1
source,bundle,assets/aa/Android/119c57e5f722e586be20a3ac4d90e447.bundle,Texture2D,1
source,bundle,assets/aa/Android/119e91ba3a95bf541bf37c186267cad8.bundle,AssetBundle,1
source,bundle,assets/aa/Android/119e91ba3a95bf541bf37c186267cad8.bundle,AudioClip,1
source,bundle,assets/aa/Android/11c8314138230728e71ae12677ad57be.bundle,AssetBundle,1
source,bundle,assets/aa/Android/11c8314138230728e71ae12677ad57be.bundle,Sprite,1
source,bundle,assets/aa/Android/11c8314138230728e71ae12677ad57be.bundle,Texture2D,1
source,bundle,assets/aa/Android/11e27615947f2e28f2529a9a40324b95.bundle,AssetBundle,1
source,bundle,assets/aa/Android/11e27615947f2e28f2529a9a40324b95.bundle,TextAsset,1
source,bundle,assets/aa/Android/11ee639de328e823d095e71d352a2e76.bundle,AssetBundle,1
source,bundle,assets/aa/Android/11ee639de328e823d095e71d352a2e76.bundle,Sprite,1
source,bundle,assets/aa/Android/11ee639de328e823d095e71d352a2e76.bundle,Texture2D,1
source,bundle,assets/aa/Android/121d4ca3296009b16dfb5fd45db0682c.bundle,AssetBundle,1
source,bundle,assets/aa/Android/121d4ca3296009b16dfb5fd45db0682c.bundle,TextAsset,1
source,bundle,assets/aa/Android/1225be143d4ccbcd040e220acd738b37.bundle,AssetBundle,1
source,bundle,assets/aa/Android/1225be143d4ccbcd040e220acd738b37.bundle,Sprite,1
source,bundle,assets/aa/Android/1225be143d4ccbcd040e220acd738b37.bundle,Texture2D,1
source,bundle,assets/aa/Android/12421f25d1ef1fdc32d008d41aacb9a1.bundle,AssetBundle,1
source,bundle,assets/aa/Android/12421f25d1ef1fdc32d008d41aacb9a1.bundle,AudioClip,1
source,bundle,assets/aa/Android/1269f02d332409bbf24e915d9db0fdbd.bundle,AssetBundle,1
source,bundle,assets/aa/Android/1269f02d332409bbf24e915d9db0fdbd.bundle,Sprite,1
source,bundle,assets/aa/Android/1269f02d332409bbf24e915d9db0fdbd.bundle,Texture2D,1
source,bundle,assets/aa/Android/1273a9e3f0f90ea827dd6d335fba7f02.bundle,AssetBundle,1
source,bundle,assets/aa/Android/1273a9e3f0f90ea827dd6d335fba7f02.bundle,AudioClip,1
source,bundle,assets/aa/Android/12a3ab0a11edc6c2bb9d24863f95aab2.bundle,AssetBundle,1
source,bundle,assets/aa/Android/12a3ab0a11edc6c2bb9d24863f95aab2.bundle,Sprite,1
source,bundle,assets/aa/Android/12a3ab0a11edc6c2bb9d24863f95aab2.bundle,Texture2D,1
source,bundle,assets/aa/Android/12a4882e9b5efa2c9e6d7318a7978b12.bundle,AssetBundle,1
source,bundle,assets/aa/Android/12a4882e9b5efa2c9e6d7318a7978b12.bundle,Sprite,1
source,bundle,assets/aa/Android/12a4882e9b5efa2c9e6d7318a7978b12.bundle,Texture2D,1
source,bundle,assets/aa/Android/12d02e01479c595215c79e63c09ebd00.bundle,AssetBundle,1
source,bundle,assets/aa/Android/12d02e01479c595215c79e63c09ebd00.bundle,TextAsset,1
source,bundle,assets/aa/Android/12d1354806860f6e34a788b0933cd922.bundle,AssetBundle,1
source,bundle,assets/aa/Android/12d1354806860f6e34a788b0933cd922.bundle,TextAsset,1
source,bundle,assets/aa/Android/12e0e9b484412983cbae8f904ac1b36f.bundle,AssetBundle,1
source,bundle,assets/aa/Android/12e0e9b484412983cbae8f904ac1b36f.bundle,Sprite,1
source,bundle,assets/aa/Android/12e0e9b484412983cbae8f904ac1b36f.bundle,Texture2D,1
source,bundle,assets/aa/Android/12e5d275b9f490c9c5dcc2566b292640.bundle,AssetBundle,1
source,bundle,assets/aa/Android/12e5d275b9f490c9c5dcc2566b292640.bundle,AudioClip,1
source,bundle,assets/aa/Android/12eb4cb63e56cca316a31d0c655f0e99.bundle,AssetBundle,1
source,bundle,assets/aa/Android/12eb4cb63e56cca316a31d0c655f0e99.bundle,Sprite,1
source,bundle,assets/aa/Android/12eb4cb63e56cca316a31d0c655f0e99.bundle,Texture2D,1
source,bundle,assets/aa/Android/1331abe37f0950ed9984f3ad854e6d20.bundle,AssetBundle,1
source,bundle,assets/aa/Android/1331abe37f0950ed9984f3ad854e6d20.bundle,TextAsset,1
source,bundle,assets/aa/Android/135e87932f77e51fb223ef89f1617955.bundle,AssetBundle,1
source,bundle,assets/aa/Android/135e87932f77e51fb223ef89f1617955.bundle,TextAsset,1
source,bundle,assets/aa/Android/13635d51a106aee30e15f2347cdd55a9.bundle,AssetBundle,1
source,bundle,assets/aa/Android/13635d51a106aee30e15f2347cdd55a9.bundle,Sprite,1
source,bundle,assets/aa/Android/13635d51a106aee30e15f2347cdd55a9.bundle,Texture2D,1
source,bundle,assets/aa/Android/1375cd783641cfb950d1023cc9091ae5.bundle,AssetBundle,1
source,bundle,assets/aa/Android/1375cd783641cfb950d1023cc9091ae5.bundle,Sprite,1
source,bundle,assets/aa/Android/1375cd783641cfb950d1023cc9091ae5.bundle,Texture2D,1
source,bundle,assets/aa/Android/137fb7cff1a6277d0de4d09a9dc632ef.bundle,AssetBundle,1
source,bundle,assets/aa/Android/137fb7cff1a6277d0de4d09a9dc632ef.bundle,Sprite,1
source,bundle,assets/aa/Android/137fb7cff1a6277d0de4d09a9dc632ef.bundle,Texture2D,1
source,bundle,assets/aa/Android/138acaf37bb7de10118a7a4ab9616396.bundle,AssetBundle,1
source,bundle,assets/aa/Android/138acaf37bb7de10118a7a4ab9616396.bundle,TextAsset,1
source,bundle,assets/aa/Android/13cafdd1ad055cff1df22808137c68ca.bundle,AssetBundle,1
source,bundle,assets/aa/Android/13cafdd1ad055cff1df22808137c68ca.bundle,TextAsset,1
source,bundle,assets/aa/Android/13cb1c865e179316cf77c0eb53e7995f.bundle,AssetBundle,1
source,bundle,assets/aa/Android/13cb1c865e179316cf77c0eb53e7995f.bundle,AudioClip,1
source,bundle,assets/aa/Android/13e7993578280bcfa75468ef9ebf4841.bundle,AssetBundle,1
source,bundle,assets/aa/Android/13e7993578280bcfa75468ef9ebf4841.bundle,Sprite,1
source,bundle,assets/aa/Android/13e7993578280bcfa75468ef9ebf4841.bundle,Texture2D,1
source,bundle,assets/aa/Android/1400050e6b66ada18a2a05c4518dce52.bundle,AssetBundle,1
source,bundle,assets/aa/Android/1400050e6b66ada18a2a05c4518dce52.bundle,TextAsset,1
source,bundle,assets/aa/Android/1409caf0b675db2ff32ba4aef2e82783.bundle,AssetBundle,1
source,bundle,assets/aa/Android/1409caf0b675db2ff32ba4aef2e82783.bundle,Sprite,1
source,bundle,assets/aa/Android/1409caf0b675db2ff32ba4aef2e82783.bundle,Texture2D,1
source,bundle,assets/aa/Android/141f43c980a333e7737bc8a5869875e8.bundle,AssetBundle,1
source,bundle,assets/aa/Android/141f43c980a333e7737bc8a5869875e8.bundle,Sprite,1
source,bundle,assets/aa/Android/141f43c980a333e7737bc8a5869875e8.bundle,Texture2D,1
source,bundle,assets/aa/Android/143c12b32849abe7b665024b4e66eb59.bundle,AssetBundle,1
source,bundle,assets/aa/Android/143c12b32849abe7b665024b4e66eb59.bundle,TextAsset,1
source,bundle,assets/aa/Android/145f3b4b63443e8dc31ea41286ad6da5.bundle,AssetBundle,1
source,bundle,assets/aa/Android/145f3b4b63443e8dc31ea41286ad6da5.bundle,TextAsset,1
source,bundle,assets/aa/Android/14ad8f629ae37d634308f25c783d36bb.bundle,AssetBundle,1
source,bundle,assets/aa/Android/14ad8f629ae37d634308f25c783d36bb.bundle,Sprite,1
source,bundle,assets/aa/Android/14ad8f629ae37d634308f25c783d36bb.bundle,Texture2D,1
source,bundle,assets/aa/Android/14b708cea4afc49837e9809b1520bca9.bundle,AssetBundle,1
source,bundle,assets/aa/Android/14b708cea4afc49837e9809b1520bca9.bundle,Sprite,1
source,bundle,assets/aa/Android/14b708cea4afc49837e9809b1520bca9.bundle,Texture2D,1
source,bundle,assets/aa/Android/14c6bb30d16aed0354e89add9a6dc21a.bundle,AssetBundle,1
source,bundle,assets/aa/Android/14c6bb30d16aed0354e89add9a6dc21a.bundle,Sprite,1
source,bundle,assets/aa/Android/14c6bb30d16aed0354e89add9a6dc21a.bundle,Texture2D,1
source,bundle,assets/aa/Android/14c9c2242c31fecdf123ea8aa29f4892.bundle,AssetBundle,1
source,bundle,assets/aa/Android/14c9c2242c31fecdf123ea8aa29f4892.bundle,Sprite,1
source,bundle,assets/aa/Android/14c9c2242c31fecdf123ea8aa29f4892.bundle,Texture2D,1
source,bundle,assets/aa/Android/151c627fc73b871e19fc632e105c6c41.bundle,AssetBundle,1
source,bundle,assets/aa/Android/151c627fc73b871e19fc632e105c6c41.bundle,AudioClip,1
source,bundle,assets/aa/Android/151f91e1f7b4b2f8cd0caeb3ff104b9e.bundle,AssetBundle,1
source,bundle,assets/aa/Android/151f91e1f7b4b2f8cd0caeb3ff104b9e.bundle,Sprite,1
source,bundle,assets/aa/Android/151f91e1f7b4b2f8cd0caeb3ff104b9e.bundle,Texture2D,1
source,bundle,assets/aa/Android/1530cd73d64ce3c5cb3f69e6bad849ae.bundle,AssetBundle,1
source,bundle,assets/aa/Android/1530cd73d64ce3c5cb3f69e6bad849ae.bundle,TextAsset,1
source,bundle,assets/aa/Android/153a5fe476903249d90d194573f2d1a0.bundle,AssetBundle,1
source,bundle,assets/aa/Android/153a5fe476903249d90d194573f2d1a0.bundle,AudioClip,1
source,bundle,assets/aa/Android/153ad38ee0ad34a0fe84ef4d091fac31.bundle,AssetBundle,1
source,bundle,assets/aa/Android/153ad38ee0ad34a0fe84ef4d091fac31.bundle,Sprite,1
source,bundle,assets/aa/Android/153ad38ee0ad34a0fe84ef4d091fac31.bundle,Texture2D,1
source,bundle,assets/aa/Android/153e8a62fc6d7479242a44d1215ad1d2.bundle,AssetBundle,1
source,bundle,assets/aa/Android/153e8a62fc6d7479242a44d1215ad1d2.bundle,Sprite,1
source,bundle,assets/aa/Android/153e8a62fc6d7479242a44d1215ad1d2.bundle,Texture2D,1
source,bundle,assets/aa/Android/154ebc4a3c8a82c27956e6ad693eb2b4.bundle,AssetBundle,1
source,bundle,assets/aa/Android/154ebc4a3c8a82c27956e6ad693eb2b4.bundle,Sprite,1
source,bundle,assets/aa/Android/154ebc4a3c8a82c27956e6ad693eb2b4.bundle,Texture2D,1
source,bundle,assets/aa/Android/1566fd80dfffcc1fcae69e33693ed893.bundle,AssetBundle,1
source,bundle,assets/aa/Android/1566fd80dfffcc1fcae69e33693ed893.bundle,Sprite,1
source,bundle,assets/aa/Android/1566fd80dfffcc1fcae69e33693ed893.bundle,Texture2D,1
source,bundle,assets/aa/Android/15714e2e031924091925d54a4ae0d883.bundle,AssetBundle,1
source,bundle,assets/aa/Android/15714e2e031924091925d54a4ae0d883.bundle,TextAsset,1
source,bundle,assets/aa/Android/1572c8f9071cc3c9bbe59901fb94979c.bundle,AssetBundle,1
source,bundle,assets/aa/Android/1572c8f9071cc3c9bbe59901fb94979c.bundle,TextAsset,1
source,bundle,assets/aa/Android/15765c4ccdd271d6ac623d2f24cb74b8.bundle,AssetBundle,1
source,bundle,assets/aa/Android/15765c4ccdd271d6ac623d2f24cb74b8.bundle,Sprite,1
source,bundle,assets/aa/Android/15765c4ccdd271d6ac623d2f24cb74b8.bundle,Texture2D,1
source,bundle,assets/aa/Android/1576725616e6d71ee31f69bdeb9e22e2.bundle,AssetBundle,1
source,bundle,assets/aa/Android/1576725616e6d71ee31f69bdeb9e22e2.bundle,TextAsset,1
source,bundle,assets/aa/Android/159c8a24faf39e18ef84384e10d9f5b7.bundle,AssetBundle,1
source,bundle,assets/aa/Android/159c8a24faf39e18ef84384e10d9f5b7.bundle,TextAsset,1
source,bundle,assets/aa/Android/15b863d8c9c69b208196c9b38795414c.bundle,AssetBundle,1
source,bundle,assets/aa/Android/15b863d8c9c69b208196c9b38795414c.bundle,Sprite,1
source,bundle,assets/aa/Android/15b863d8c9c69b208196c9b38795414c.bundle,Texture2D,1
source,bundle,assets/aa/Android/15df90cf8595fd315e70d01823866a36.bundle,AssetBundle,1
source,bundle,assets/aa/Android/15df90cf8595fd315e70d01823866a36.bundle,TextAsset,1
source,bundle,assets/aa/Android/1614c3a72aa6739e46cd3201f2645889.bundle,AssetBundle,1
source,bundle,assets/aa/Android/1614c3a72aa6739e46cd3201f2645889.bundle,TextAsset,1
source,bundle,assets/aa/Android/164b0ef4493ad34bc1ef52a9fcd5f215.bundle,AssetBundle,1
source,bundle,assets/aa/Android/164b0ef4493ad34bc1ef52a9fcd5f215.bundle,TextAsset,1
source,bundle,assets/aa/Android/166a31e087124c3c35d447c113340249.bundle,AssetBundle,1
source,bundle,assets/aa/Android/166a31e087124c3c35d447c113340249.bundle,Sprite,1
source,bundle,assets/aa/Android/166a31e087124c3c35d447c113340249.bundle,Texture2D,1
source,bundle,assets/aa/Android/167dca9346d447b762358ad3534a41d9.bundle,AssetBundle,1
source,bundle,assets/aa/Android/167dca9346d447b762358ad3534a41d9.bundle,AudioClip,1
source,bundle,assets/aa/Android/168845ac653bb3fe9420bcdeaffe47c8.bundle,AssetBundle,1
source,bundle,assets/aa/Android/168845ac653bb3fe9420bcdeaffe47c8.bundle,Sprite,1
source,bundle,assets/aa/Android/168845ac653bb3fe9420bcdeaffe47c8.bundle,Texture2D,1
source,bundle,assets/aa/Android/1690e44860fb567f9ab88bcdec3a8d15.bundle,AssetBundle,1
source,bundle,assets/aa/Android/1690e44860fb567f9ab88bcdec3a8d15.bundle,TextAsset,1
source,bundle,assets/aa/Android/1694d652a9c9d20cd7fc16590c93e943.bundle,AssetBundle,1
source,bundle,assets/aa/Android/1694d652a9c9d20cd7fc16590c93e943.bundle,AudioClip,1
source,bundle,assets/aa/Android/16c84abc7361014413c6c14bd9643a0b.bundle,AssetBundle,1
source,bundle,assets/aa/Android/16c84abc7361014413c6c14bd9643a0b.bundle,Sprite,1
source,bundle,assets/aa/Android/16c84abc7361014413c6c14bd9643a0b.bundle,Texture2D,1
source,bundle,assets/aa/Android/17329d4ecd2fe725d54db5d53a2ebda8.bundle,AssetBundle,1
source,bundle,assets/aa/Android/17329d4ecd2fe725d54db5d53a2ebda8.bundle,TextAsset,1
source,bundle,assets/aa/Android/1753e6a2feffa820e5704198b0ad1edc.bundle,AssetBundle,1
source,bundle,assets/aa/Android/1753e6a2feffa820e5704198b0ad1edc.bundle,AudioClip,1
source,bundle,assets/aa/Android/1758a19c5f811955c8e7d5c6d0ed7101.bundle,AssetBundle,1
source,bundle,assets/aa/Android/1758a19c5f811955c8e7d5c6d0ed7101.bundle,TextAsset,1
source,bundle,assets/aa/Android/175a929bd80580ea841969f4c879a2a9.bundle,AssetBundle,1
source,bundle,assets/aa/Android/175a929bd80580ea841969f4c879a2a9.bundle,Sprite,1
source,bundle,assets/aa/Android/175a929bd80580ea841969f4c879a2a9.bundle,Texture2D,1
source,bundle,assets/aa/Android/176dcd46f35c559ad39b06492a2eb292.bundle,AssetBundle,1
source,bundle,assets/aa/Android/176dcd46f35c559ad39b06492a2eb292.bundle,AudioClip,1
source,bundle,assets/aa/Android/17844d451275f5184b9d697bc8ef27f6.bundle,AssetBundle,1
source,bundle,assets/aa/Android/17844d451275f5184b9d697bc8ef27f6.bundle,Sprite,1
source,bundle,assets/aa/Android/17844d451275f5184b9d697bc8ef27f6.bundle,Texture2D,1
source,bundle,assets/aa/Android/17acd47e9e700570644a5d23f7c3612d.bundle,AssetBundle,1
source,bundle,assets/aa/Android/17acd47e9e700570644a5d23f7c3612d.bundle,Sprite,1
source,bundle,assets/aa/Android/17acd47e9e700570644a5d23f7c3612d.bundle,Texture2D,1
source,bundle,assets/aa/Android/17b18e9052f44b1e5fb97c641718400a.bundle,AssetBundle,1
source,bundle,assets/aa/Android/17b18e9052f44b1e5fb97c641718400a.bundle,TextAsset,1
source,bundle,assets/aa/Android/17bfffed9e5b2f26612ae017b27551b9.bundle,AssetBundle,1
source,bundle,assets/aa/Android/17bfffed9e5b2f26612ae017b27551b9.bundle,Sprite,1
source,bundle,assets/aa/Android/17bfffed9e5b2f26612ae017b27551b9.bundle,Texture2D,1
source,bundle,assets/aa/Android/17c69c660d7dfa1f3d6fdee07bea5e9a.bundle,AssetBundle,1
source,bundle,assets/aa/Android/17c69c660d7dfa1f3d6fdee07bea5e9a.bundle,GameObject,1
source,bundle,assets/aa/Android/17c69c660d7dfa1f3d6fdee07bea5e9a.bundle,MonoBehaviour,1
source,bundle,assets/aa/Android/17c69c660d7dfa1f3d6fdee07bea5e9a.bundle,MonoScript,1
source,bundle,assets/aa/Android/17c69c660d7dfa1f3d6fdee07bea5e9a.bundle,Transform,1
source,bundle,assets/aa/Android/17e34f7b4d0c8b8cbdb08bce377edba9.bundle,AssetBundle,1
source,bundle,assets/aa/Android/17e34f7b4d0c8b8cbdb08bce377edba9.bundle,TextAsset,1
source,bundle,assets/aa/Android/18071720d0d0c703ff358aee284827e7.bundle,AssetBundle,1
source,bundle,assets/aa/Android/18071720d0d0c703ff358aee284827e7.bundle,AudioClip,1
source,bundle,assets/aa/Android/181704de61130275ee0e85c59144a43d.bundle,AssetBundle,1
source,bundle,assets/aa/Android/181704de61130275ee0e85c59144a43d.bundle,Sprite,1
source,bundle,assets/aa/Android/181704de61130275ee0e85c59144a43d.bundle,Texture2D,1
source,bundle,assets/aa/Android/184dd5a6422208fbffd06681c788cbae.bundle,AssetBundle,1
source,bundle,assets/aa/Android/184dd5a6422208fbffd06681c788cbae.bundle,TextAsset,1
source,bundle,assets/aa/Android/1852f8fb08f1680bb462acc34723e7ca.bundle,AssetBundle,1
source,bundle,assets/aa/Android/1852f8fb08f1680bb462acc34723e7ca.bundle,TextAsset,1
source,bundle,assets/aa/Android/1879d8e873b8dba27a460389d84d1b7e.bundle,AssetBundle,1
source,bundle,assets/aa/Android/1879d8e873b8dba27a460389d84d1b7e.bundle,Sprite,1
source,bundle,assets/aa/Android/1879d8e873b8dba27a460389d84d1b7e.bundle,Texture2D,1
source,bundle,assets/aa/Android/1889578e27e342b3714fdad7f1aba6f1.bundle,AssetBundle,1
source,bundle,assets/aa/Android/1889578e27e342b3714fdad7f1aba6f1.bundle,Sprite,1
source,bundle,assets/aa/Android/1889578e27e342b3714fdad7f1aba6f1.bundle,Texture2D,1
source,bundle,assets/aa/Android/1892fc2a64e9ac7c0fd0511f326757b6.bundle,AssetBundle,1
source,bundle,assets/aa/Android/1892fc2a64e9ac7c0fd0511f326757b6.bundle,Sprite,1
source,bundle,assets/aa/Android/1892fc2a64e9ac7c0fd0511f326757b6.bundle,Texture2D,1
source,bundle,assets/aa/Android/1899247f35bc4ae85bfa2f55fd91c0bf.bundle,AssetBundle,1
source,bundle,assets/aa/Android/1899247f35bc4ae85bfa2f55fd91c0bf.bundle,TextAsset,1
source,bundle,assets/aa/Android/18d7ff4f47528668f9494ba9761de912.bundle,AssetBundle,1
source,bundle,assets/aa/Android/18d7ff4f47528668f9494ba9761de912.bundle,AudioClip,1
source,bundle,assets/aa/Android/18d839b28b15ee018b998f741ff54ae6.bundle,AssetBundle,1
source,bundle,assets/aa/Android/18d839b28b15ee018b998f741ff54ae6.bundle,Sprite,1
source,bundle,assets/aa/Android/18d839b28b15ee018b998f741ff54ae6.bundle,Texture2D,1
source,bundle,assets/aa/Android/1903026d26be42aae54e395ea9357f2b.bundle,AssetBundle,1
source,bundle,assets/aa/Android/1903026d26be42aae54e395ea9357f2b.bundle,Sprite,1
source,bundle,assets/aa/Android/1903026d26be42aae54e395ea9357f2b.bundle,Texture2D,1
source,bundle,assets/aa/Android/190594053515ebd6d123d44580345152.bundle,AssetBundle,1
source,bundle,assets/aa/Android/190594053515ebd6d123d44580345152.bundle,TextAsset,1
source,bundle,assets/aa/Android/190de743e22e0b62e5c47f3508dd759e.bundle,AssetBundle,1
source,bundle,assets/aa/Android/190de743e22e0b62e5c47f3508dd759e.bundle,TextAsset,1
source,bundle,assets/aa/Android/1926b3d56a4be6d668755aa8409033d8.bundle,AssetBundle,1
source,bundle,assets/aa/Android/1926b3d56a4be6d668755aa8409033d8.bundle,TextAsset,1
source,bundle,assets/aa/Android/194a54805541851c15db6cd2bcdede3d.bundle,AssetBundle,1
source,bundle,assets/aa/Android/194a54805541851c15db6cd2bcdede3d.bundle,AudioClip,1
source,bundle,assets/aa/Android/194ac6243737b23d80802f32f38f7dac.bundle,AssetBundle,1
source,bundle,assets/aa/Android/194ac6243737b23d80802f32f38f7dac.bundle,TextAsset,1
source,bundle,assets/aa/Android/194f8eb5f2682d3307aad7ccc9b8a428.bundle,AssetBundle,1
source,bundle,assets/aa/Android/194f8eb5f2682d3307aad7ccc9b8a428.bundle,TextAsset,1
source,bundle,assets/aa/Android/1953e9c3704a97967d5e46ce3c5a5bfa.bundle,AssetBundle,1
source,bundle,assets/aa/Android/1953e9c3704a97967d5e46ce3c5a5bfa.bundle,TextAsset,1
source,bundle,assets/aa/Android/19850eb66da57feed8ef575303973b57.bundle,AssetBundle,1
source,bundle,assets/aa/Android/19850eb66da57feed8ef575303973b57.bundle,Sprite,1
source,bundle,assets/aa/Android/19850eb66da57feed8ef575303973b57.bundle,Texture2D,1
source,bundle,assets/aa/Android/198ec4437f274d046c9b91e55847f8f6.bundle,AssetBundle,1
source,bundle,assets/aa/Android/198ec4437f274d046c9b91e55847f8f6.bundle,TextAsset,1
source,bundle,assets/aa/Android/19a2fbe2f34e95ac26c511683cc01460.bundle,AssetBundle,1
source,bundle,assets/aa/Android/19a2fbe2f34e95ac26c511683cc01460.bundle,Sprite,1
source,bundle,assets/aa/Android/19a2fbe2f34e95ac26c511683cc01460.bundle,Texture2D,1
source,bundle,assets/aa/Android/19a8042110ccc650ea8963a5041a989d.bundle,AssetBundle,1
source,bundle,assets/aa/Android/19a8042110ccc650ea8963a5041a989d.bundle,Sprite,1
source,bundle,assets/aa/Android/19a8042110ccc650ea8963a5041a989d.bundle,Texture2D,1
source,bundle,assets/aa/Android/19b465f945b1f01653f05b0bbabcd58c.bundle,AssetBundle,1
source,bundle,assets/aa/Android/19b465f945b1f01653f05b0bbabcd58c.bundle,Sprite,1
source,bundle,assets/aa/Android/19b465f945b1f01653f05b0bbabcd58c.bundle,Texture2D,1
source,bundle,assets/aa/Android/19b9fc0c7b0cf9b1c9ff1d12883282e8.bundle,AssetBundle,1
source,bundle,assets/aa/Android/19b9fc0c7b0cf9b1c9ff1d12883282e8.bundle,Sprite,1
source,bundle,assets/aa/Android/19b9fc0c7b0cf9b1c9ff1d12883282e8.bundle,Texture2D,1
source,bundle,assets/aa/Android/1a1255bc871031a27932a15524c48da7.bundle,AssetBundle,1
source,bundle,assets/aa/Android/1a1255bc871031a27932a15524c48da7.bundle,TextAsset,1
source,bundle,assets/aa/Android/1a1d829c2c7d55a7ac0f68eaaf719e20.bundle,AssetBundle,1
source,bundle,assets/aa/Android/1a1d829c2c7d55a7ac0f68eaaf719e20.bundle,TextAsset,1
source,bundle,assets/aa/Android/1a267de86012a933e594bcfd6a75fa20.bundle,AssetBundle,1
source,bundle,assets/aa/Android/1a267de86012a933e594bcfd6a75fa20.bundle,AudioClip,1
source,bundle,assets/aa/Android/1a2b012ff829e07371ec9c1e4fb8d908.bundle,AssetBundle,1
source,bundle,assets/aa/Android/1a2b012ff829e07371ec9c1e4fb8d908.bundle,Sprite,1
source,bundle,assets/aa/Android/1a2b012ff829e07371ec9c1e4fb8d908.bundle,Texture2D,1
source,bundle,assets/aa/Android/1a3303ff332507bd325b59788d8ca320.bundle,AssetBundle,1
source,bundle,assets/aa/Android/1a3303ff332507bd325b59788d8ca320.bundle,TextAsset,1
source,bundle,assets/aa/Android/1a5be367a49245ce9ce4eef6a968b765.bundle,AssetBundle,1
source,bundle,assets/aa/Android/1a5be367a49245ce9ce4eef6a968b765.bundle,Sprite,1
source,bundle,assets/aa/Android/1a5be367a49245ce9ce4eef6a968b765.bundle,Texture2D,1
source,bundle,assets/aa/Android/1a5d98d6446f241e2e6b86511406bae6.bundle,AssetBundle,1
source,bundle,assets/aa/Android/1a5d98d6446f241e2e6b86511406bae6.bundle,Sprite,1
source,bundle,assets/aa/Android/1a5d98d6446f241e2e6b86511406bae6.bundle,Texture2D,1
source,bundle,assets/aa/Android/1a6783778d0c5def9fd3eb67cf3f4d40.bundle,AssetBundle,1
source,bundle,assets/aa/Android/1a6783778d0c5def9fd3eb67cf3f4d40.bundle,Sprite,1
source,bundle,assets/aa/Android/1a6783778d0c5def9fd3eb67cf3f4d40.bundle,Texture2D,1
source,bundle,assets/aa/Android/1a766ebf01f1c6b400f2c5a3bb2c3eff.bundle,AssetBundle,1
source,bundle,assets/aa/Android/1a766ebf01f1c6b400f2c5a3bb2c3eff.bundle,Sprite,1
source,bundle,assets/aa/Android/1a766ebf01f1c6b400f2c5a3bb2c3eff.bundle,Texture2D,1
source,bundle,assets/aa/Android/1a8cbb9789944283c0a2d5fc3b9d1929.bundle,AssetBundle,1
source,bundle,assets/aa/Android/1a8cbb9789944283c0a2d5fc3b9d1929.bundle,TextAsset,1
source,bundle,assets/aa/Android/1ae04311387e48742bad47e455a054c4.bundle,AssetBundle,1
source,bundle,assets/aa/Android/1ae04311387e48742bad47e455a054c4.bundle,Sprite,1
source,bundle,assets/aa/Android/1ae04311387e48742bad47e455a054c4.bundle,Texture2D,1
source,bundle,assets/aa/Android/1b1f2687a6605de15918cdedb4083b5b.bundle,AssetBundle,1
source,bundle,assets/aa/Android/1b1f2687a6605de15918cdedb4083b5b.bundle,TextAsset,1
source,bundle,assets/aa/Android/1b3ceed5e07666fcf2d5ea1635e22fca.bundle,AssetBundle,1
source,bundle,assets/aa/Android/1b3ceed5e07666fcf2d5ea1635e22fca.bundle,TextAsset,1
source,bundle,assets/aa/Android/1b58a061489c3a918df56797cfa0ae1f.bundle,AssetBundle,1
source,bundle,assets/aa/Android/1b58a061489c3a918df56797cfa0ae1f.bundle,TextAsset,1
source,bundle,assets/aa/Android/1b58f938bc77ed706e856067e3a6d677.bundle,AssetBundle,1
source,bundle,assets/aa/Android/1b58f938bc77ed706e856067e3a6d677.bundle,Sprite,1
source,bundle,assets/aa/Android/1b58f938bc77ed706e856067e3a6d677.bundle,Texture2D,1
source,bundle,assets/aa/Android/1b756c9c9847bfd5f3eb8859804faf99.bundle,AssetBundle,1
source,bundle,assets/aa/Android/1b756c9c9847bfd5f3eb8859804faf99.bundle,TextAsset,1
source,bundle,assets/aa/Android/1b885447077b9f0a3add271a4c4dc3b2.bundle,AssetBundle,1
source,bundle,assets/aa/Android/1b885447077b9f0a3add271a4c4dc3b2.bundle,AudioClip,1
source,bundle,assets/aa/Android/1b8a3dedada2e5cbb50f4d93c57f737d.bundle,AssetBundle,1
source,bundle,assets/aa/Android/1b8a3dedada2e5cbb50f4d93c57f737d.bundle,Sprite,1
source,bundle,assets/aa/Android/1b8a3dedada2e5cbb50f4d93c57f737d.bundle,Texture2D,1
source,bundle,assets/aa/Android/1ba0d3f8f43a760ca50ccb04ae0de1a4.bundle,AssetBundle,1
source,bundle,assets/aa/Android/1ba0d3f8f43a760ca50ccb04ae0de1a4.bundle,TextAsset,1
source,bundle,assets/aa/Android/1c054d1541bdc17ccb70157dfd1385e5.bundle,AssetBundle,1
source,bundle,assets/aa/Android/1c054d1541bdc17ccb70157dfd1385e5.bundle,TextAsset,1
source,bundle,assets/aa/Android/1c0e5f30c8a0ddb826685cccc7701ea6.bundle,AssetBundle,1
source,bundle,assets/aa/Android/1c0e5f30c8a0ddb826685cccc7701ea6.bundle,TextAsset,1
source,bundle,assets/aa/Android/1c48932a673ebff009dc635707db9fb9.bundle,AssetBundle,1
source,bundle,assets/aa/Android/1c48932a673ebff009dc635707db9fb9.bundle,TextAsset,1
source,bundle,assets/aa/Android/1c58bf62eaba5e99bfd149021b2d8a2c.bundle,AssetBundle,1
source,bundle,assets/aa/Android/1c58bf62eaba5e99bfd149021b2d8a2c.bundle,AudioClip,1
source,bundle,assets/aa/Android/1c6d6664d1352435de03115a5a45a318.bundle,AssetBundle,1
source,bundle,assets/aa/Android/1c6d6664d1352435de03115a5a45a318.bundle,Sprite,1
source,bundle,assets/aa/Android/1c6d6664d1352435de03115a5a45a318.bundle,Texture2D,1
source,bundle,assets/aa/Android/1c9fbe9ebfe33a6c02f0159a4b1da68d.bundle,AssetBundle,1
source,bundle,assets/aa/Android/1c9fbe9ebfe33a6c02f0159a4b1da68d.bundle,Sprite,1
source,bundle,assets/aa/Android/1c9fbe9ebfe33a6c02f0159a4b1da68d.bundle,Texture2D,1
source,bundle,assets/aa/Android/1cbd85b37c4e0a8d6dc9e58478674e55.bundle,AssetBundle,1
source,bundle,assets/aa/Android/1cbd85b37c4e0a8d6dc9e58478674e55.bundle,TextAsset,1
source,bundle,assets/aa/Android/1cd22f216c1d53b72530687710443805.bundle,AssetBundle,1
source,bundle,assets/aa/Android/1cd22f216c1d53b72530687710443805.bundle,Sprite,1
source,bundle,assets/aa/Android/1cd22f216c1d53b72530687710443805.bundle,Texture2D,1
source,bundle,assets/aa/Android/1cef0a7aaae291ac7fd752923ea31094.bundle,AssetBundle,1
source,bundle,assets/aa/Android/1cef0a7aaae291ac7fd752923ea31094.bundle,Sprite,1
source,bundle,assets/aa/Android/1cef0a7aaae291ac7fd752923ea31094.bundle,Texture2D,1
source,bundle,assets/aa/Android/1d007a2f60db280be1b71d155d28fdf8.bundle,AssetBundle,1
source,bundle,assets/aa/Android/1d007a2f60db280be1b71d155d28fdf8.bundle,Sprite,1
source,bundle,assets/aa/Android/1d007a2f60db280be1b71d155d28fdf8.bundle,Texture2D,1
source,bundle,assets/aa/Android/1d216ffb9fcc7e88cb3fe5a7f4c8cf08.bundle,AssetBundle,1
source,bundle,assets/aa/Android/1d216ffb9fcc7e88cb3fe5a7f4c8cf08.bundle,Sprite,1
source,bundle,assets/aa/Android/1d216ffb9fcc7e88cb3fe5a7f4c8cf08.bundle,Texture2D,1
source,bundle,assets/aa/Android/1d3e4b28ec129a7f78d5eadc36e58ab6.bundle,AssetBundle,1
source,bundle,assets/aa/Android/1d3e4b28ec129a7f78d5eadc36e58ab6.bundle,TextAsset,1
source,bundle,assets/aa/Android/1d6fe2c26e5c01d6de03c67fc0ec0583.bundle,AssetBundle,1
source,bundle,assets/aa/Android/1d6fe2c26e5c01d6de03c67fc0ec0583.bundle,Sprite,1
source,bundle,assets/aa/Android/1d6fe2c26e5c01d6de03c67fc0ec0583.bundle,Texture2D,1
source,bundle,assets/aa/Android/1d805e1652b52736fd4e3affa6e39610.bundle,AssetBundle,1
source,bundle,assets/aa/Android/1d805e1652b52736fd4e3affa6e39610.bundle,Sprite,1
source,bundle,assets/aa/Android/1d805e1652b52736fd4e3affa6e39610.bundle,Texture2D,1
source,bundle,assets/aa/Android/1d85aecef07ee1bbe0e120b46e27aa3d.bundle,AssetBundle,1
source,bundle,assets/aa/Android/1d85aecef07ee1bbe0e120b46e27aa3d.bundle,AudioClip,1
source,bundle,assets/aa/Android/1d937b855df775cbc200f94940383128.bundle,AssetBundle,1
source,bundle,assets/aa/Android/1d937b855df775cbc200f94940383128.bundle,Sprite,1
source,bundle,assets/aa/Android/1d937b855df775cbc200f94940383128.bundle,Texture2D,1
source,bundle,assets/aa/Android/1da262c504cb6969c282fa25189ba005.bundle,AssetBundle,1
source,bundle,assets/aa/Android/1da262c504cb6969c282fa25189ba005.bundle,TextAsset,1
source,bundle,assets/aa/Android/1dc6173317083e31b75e0f1437485692.bundle,AssetBundle,1
source,bundle,assets/aa/Android/1dc6173317083e31b75e0f1437485692.bundle,Sprite,1
source,bundle,assets/aa/Android/1dc6173317083e31b75e0f1437485692.bundle,Texture2D,1
source,bundle,assets/aa/Android/1dcae0e325393b66c6c526967f18c7b7.bundle,AssetBundle,1
source,bundle,assets/aa/Android/1dcae0e325393b66c6c526967f18c7b7.bundle,Sprite,1
source,bundle,assets/aa/Android/1dcae0e325393b66c6c526967f18c7b7.bundle,Texture2D,1
source,bundle,assets/aa/Android/1dd92c7f17195ac399cf277dc3693092.bundle,AssetBundle,1
source,bundle,assets/aa/Android/1dd92c7f17195ac399cf277dc3693092.bundle,Sprite,1
source,bundle,assets/aa/Android/1dd92c7f17195ac399cf277dc3693092.bundle,Texture2D,1
source,bundle,assets/aa/Android/1ddec4312e0fd7b2d4355a2ca6f1ebe4.bundle,AssetBundle,1
source,bundle,assets/aa/Android/1ddec4312e0fd7b2d4355a2ca6f1ebe4.bundle,TextAsset,1
source,bundle,assets/aa/Android/1df225e2d0843567011ecd23c6021c4d.bundle,AssetBundle,1
source,bundle,assets/aa/Android/1df225e2d0843567011ecd23c6021c4d.bundle,Sprite,1
source,bundle,assets/aa/Android/1df225e2d0843567011ecd23c6021c4d.bundle,Texture2D,1
source,bundle,assets/aa/Android/1dfdbf3b450872c0447c9630d78d1176.bundle,AssetBundle,1
source,bundle,assets/aa/Android/1dfdbf3b450872c0447c9630d78d1176.bundle,TextAsset,1
source,bundle,assets/aa/Android/1e1d4bf98b58478a88f0926b990cc3d9.bundle,AssetBundle,1
source,bundle,assets/aa/Android/1e1d4bf98b58478a88f0926b990cc3d9.bundle,TextAsset,1
source,bundle,assets/aa/Android/1e55407bd435592000afbe80fcf2c8a5.bundle,AssetBundle,1
source,bundle,assets/aa/Android/1e55407bd435592000afbe80fcf2c8a5.bundle,Sprite,1
source,bundle,assets/aa/Android/1e55407bd435592000afbe80fcf2c8a5.bundle,Texture2D,1
source,bundle,assets/aa/Android/1e9a0c4f524a0f382fa512ff07d8cade.bundle,AssetBundle,1
source,bundle,assets/aa/Android/1e9a0c4f524a0f382fa512ff07d8cade.bundle,Sprite,1
source,bundle,assets/aa/Android/1e9a0c4f524a0f382fa512ff07d8cade.bundle,Texture2D,1
source,bundle,assets/aa/Android/1eee88e4c0258cde98b2d6ce1233a879.bundle,AssetBundle,1
source,bundle,assets/aa/Android/1eee88e4c0258cde98b2d6ce1233a879.bundle,AudioClip,1
source,bundle,assets/aa/Android/1f0f0ad9aa117d75cb5ed8ff3fbabc7e.bundle,AssetBundle,1
source,bundle,assets/aa/Android/1f0f0ad9aa117d75cb5ed8ff3fbabc7e.bundle,Sprite,1
source,bundle,assets/aa/Android/1f0f0ad9aa117d75cb5ed8ff3fbabc7e.bundle,Texture2D,1
source,bundle,assets/aa/Android/1f49d23a16de8ac3faa53bc51b156819.bundle,AssetBundle,1
source,bundle,assets/aa/Android/1f49d23a16de8ac3faa53bc51b156819.bundle,Sprite,1
source,bundle,assets/aa/Android/1f49d23a16de8ac3faa53bc51b156819.bundle,Texture2D,1
source,bundle,assets/aa/Android/1f8015a27d4f7b79accc4ac301597fe2.bundle,AssetBundle,1
source,bundle,assets/aa/Android/1f8015a27d4f7b79accc4ac301597fe2.bundle,TextAsset,1
source,bundle,assets/aa/Android/1fc44ca5cc53185c0886b8b26e1c479f.bundle,AssetBundle,1
source,bundle,assets/aa/Android/1fc44ca5cc53185c0886b8b26e1c479f.bundle,TextAsset,1
source,bundle,assets/aa/Android/1fca5ebaf1651913c34785e36ae2af30.bundle,AssetBundle,1
source,bundle,assets/aa/Android/1fca5ebaf1651913c34785e36ae2af30.bundle,Sprite,1
source,bundle,assets/aa/Android/1fca5ebaf1651913c34785e36ae2af30.bundle,Texture2D,1
source,bundle,assets/aa/Android/2014b7ef66f5f096e788903811017c0a.bundle,AssetBundle,1
source,bundle,assets/aa/Android/2014b7ef66f5f096e788903811017c0a.bundle,Sprite,1
source,bundle,assets/aa/Android/2014b7ef66f5f096e788903811017c0a.bundle,Texture2D,1
source,bundle,assets/aa/Android/201c3dd801e0c86466ce387a915bd9a8.bundle,AssetBundle,1
source,bundle,assets/aa/Android/201c3dd801e0c86466ce387a915bd9a8.bundle,Sprite,1
source,bundle,assets/aa/Android/201c3dd801e0c86466ce387a915bd9a8.bundle,Texture2D,1
source,bundle,assets/aa/Android/204417cb754cdb7ab66191b1068e01f8.bundle,AssetBundle,1
source,bundle,assets/aa/Android/204417cb754cdb7ab66191b1068e01f8.bundle,TextAsset,1
source,bundle,assets/aa/Android/2046ca3f10e83fb6c814027b9c294c7b.bundle,AssetBundle,1
source,bundle,assets/aa/Android/2046ca3f10e83fb6c814027b9c294c7b.bundle,AudioClip,1
source,bundle,assets/aa/Android/20561ab2b5bfdd29c6d243b0e1e46450.bundle,AssetBundle,1
source,bundle,assets/aa/Android/20561ab2b5bfdd29c6d243b0e1e46450.bundle,TextAsset,1
source,bundle,assets/aa/Android/207baab9795208b625bd6526e01a00f0.bundle,AssetBundle,1
source,bundle,assets/aa/Android/207baab9795208b625bd6526e01a00f0.bundle,AudioClip,1
source,bundle,assets/aa/Android/20809b1804411c1970db8769fd026908.bundle,AssetBundle,1
source,bundle,assets/aa/Android/20809b1804411c1970db8769fd026908.bundle,Sprite,1
source,bundle,assets/aa/Android/20809b1804411c1970db8769fd026908.bundle,Texture2D,1
source,bundle,assets/aa/Android/20aae578bd351b977b1fc3137892bd0a.bundle,AssetBundle,1
source,bundle,assets/aa/Android/20aae578bd351b977b1fc3137892bd0a.bundle,TextAsset,1
source,bundle,assets/aa/Android/20acc10841f12eaf77b7f5814e607457.bundle,AssetBundle,1
source,bundle,assets/aa/Android/20acc10841f12eaf77b7f5814e607457.bundle,Sprite,1
source,bundle,assets/aa/Android/20acc10841f12eaf77b7f5814e607457.bundle,Texture2D,1
source,bundle,assets/aa/Android/20b9379fd84db07557fd253e93fc827c.bundle,AssetBundle,1
source,bundle,assets/aa/Android/20b9379fd84db07557fd253e93fc827c.bundle,Sprite,1
source,bundle,assets/aa/Android/20b9379fd84db07557fd253e93fc827c.bundle,Texture2D,1
source,bundle,assets/aa/Android/20c8d8899edaf7f74c4bc63dd9f0a542.bundle,AssetBundle,1
source,bundle,assets/aa/Android/20c8d8899edaf7f74c4bc63dd9f0a542.bundle,TextAsset,1
source,bundle,assets/aa/Android/20cc16bc75ddcf36c6fb2c93cd503482.bundle,AssetBundle,1
source,bundle,assets/aa/Android/20cc16bc75ddcf36c6fb2c93cd503482.bundle,Sprite,1
source,bundle,assets/aa/Android/20cc16bc75ddcf36c6fb2c93cd503482.bundle,Texture2D,1
source,bundle,assets/aa/Android/20d3345e73b5c7e98d96de62a2f4e4fa.bundle,AssetBundle,1
source,bundle,assets/aa/Android/20d3345e73b5c7e98d96de62a2f4e4fa.bundle,Sprite,1
source,bundle,assets/aa/Android/20d3345e73b5c7e98d96de62a2f4e4fa.bundle,Texture2D,1
source,bundle,assets/aa/Android/2121745c3b58ae0c21d2702f878ef84c.bundle,AssetBundle,1
source,bundle,assets/aa/Android/2121745c3b58ae0c21d2702f878ef84c.bundle,TextAsset,1
source,bundle,assets/aa/Android/213f386ce67f5784c528e490b05271c7.bundle,AssetBundle,1
source,bundle,assets/aa/Android/213f386ce67f5784c528e490b05271c7.bundle,Sprite,1
source,bundle,assets/aa/Android/213f386ce67f5784c528e490b05271c7.bundle,Texture2D,1
source,bundle,assets/aa/Android/214482f5046abbc02294f16e4791a065.bundle,AssetBundle,1
source,bundle,assets/aa/Android/214482f5046abbc02294f16e4791a065.bundle,TextAsset,1
source,bundle,assets/aa/Android/214866799f0f3ce4e1fabb8bf79ecfc5.bundle,AssetBundle,1
source,bundle,assets/aa/Android/214866799f0f3ce4e1fabb8bf79ecfc5.bundle,Sprite,1
source,bundle,assets/aa/Android/214866799f0f3ce4e1fabb8bf79ecfc5.bundle,Texture2D,1
source,bundle,assets/aa/Android/214ca55a51727e08158aafaaef4f14e5.bundle,AssetBundle,1
source,bundle,assets/aa/Android/214ca55a51727e08158aafaaef4f14e5.bundle,Sprite,1
source,bundle,assets/aa/Android/214ca55a51727e08158aafaaef4f14e5.bundle,Texture2D,1
source,bundle,assets/aa/Android/21d51824d152ddbc72a547c600f632e4.bundle,AssetBundle,1
source,bundle,assets/aa/Android/21d51824d152ddbc72a547c600f632e4.bundle,AudioClip,1
source,bundle,assets/aa/Android/21e95561b2a794e959406aeb1f91dbb9.bundle,AssetBundle,1
source,bundle,assets/aa/Android/21e95561b2a794e959406aeb1f91dbb9.bundle,TextAsset,1
source,bundle,assets/aa/Android/21ead1c17275114e1a770e44d7dcb354.bundle,AssetBundle,1
source,bundle,assets/aa/Android/21ead1c17275114e1a770e44d7dcb354.bundle,TextAsset,1
source,bundle,assets/aa/Android/21f523a51fbb574fbf1c1996d889cd45.bundle,AssetBundle,1
source,bundle,assets/aa/Android/21f523a51fbb574fbf1c1996d889cd45.bundle,TextAsset,1
source,bundle,assets/aa/Android/221a65786751c19d7da7fef6cbb16f30.bundle,AssetBundle,1
source,bundle,assets/aa/Android/221a65786751c19d7da7fef6cbb16f30.bundle,Sprite,1
source,bundle,assets/aa/Android/221a65786751c19d7da7fef6cbb16f30.bundle,Texture2D,1
source,bundle,assets/aa/Android/2225123d9e424cfa3f0313273082077c.bundle,AssetBundle,1
source,bundle,assets/aa/Android/2225123d9e424cfa3f0313273082077c.bundle,TextAsset,1
source,bundle,assets/aa/Android/2228513c4740533195671cb2f22f9692.bundle,AssetBundle,1
source,bundle,assets/aa/Android/2228513c4740533195671cb2f22f9692.bundle,TextAsset,1
source,bundle,assets/aa/Android/2236f40f035ea826ee7e0557a5c25fbb.bundle,AssetBundle,1
source,bundle,assets/aa/Android/2236f40f035ea826ee7e0557a5c25fbb.bundle,TextAsset,1
source,bundle,assets/aa/Android/224d2e0f8f9107f29388a4fe2bd5efa4.bundle,AssetBundle,1
source,bundle,assets/aa/Android/224d2e0f8f9107f29388a4fe2bd5efa4.bundle,Sprite,1
source,bundle,assets/aa/Android/224d2e0f8f9107f29388a4fe2bd5efa4.bundle,Texture2D,1
source,bundle,assets/aa/Android/225f1c5820947d6a8d0fe4786403e8ca.bundle,AssetBundle,1
source,bundle,assets/aa/Android/225f1c5820947d6a8d0fe4786403e8ca.bundle,AudioClip,1
source,bundle,assets/aa/Android/228a15969fd324eda0d7fea22c55594a.bundle,AssetBundle,1
source,bundle,assets/aa/Android/228a15969fd324eda0d7fea22c55594a.bundle,Sprite,1
source,bundle,assets/aa/Android/228a15969fd324eda0d7fea22c55594a.bundle,Texture2D,1
source,bundle,assets/aa/Android/22a067228bae0aad0a2dc80d9dd52235.bundle,AssetBundle,1
source,bundle,assets/aa/Android/22a067228bae0aad0a2dc80d9dd52235.bundle,Sprite,1
source,bundle,assets/aa/Android/22a067228bae0aad0a2dc80d9dd52235.bundle,Texture2D,1
source,bundle,assets/aa/Android/22bad2a38b2f79faa51862970dfac68f.bundle,AssetBundle,1
source,bundle,assets/aa/Android/22bad2a38b2f79faa51862970dfac68f.bundle,TextAsset,1
source,bundle,assets/aa/Android/22c713ddbd189a043e20eb93e929d26c.bundle,AssetBundle,1
source,bundle,assets/aa/Android/22c713ddbd189a043e20eb93e929d26c.bundle,TextAsset,1
source,bundle,assets/aa/Android/22fab5e232d38262d169aa214cd8b4e1.bundle,AssetBundle,1
source,bundle,assets/aa/Android/22fab5e232d38262d169aa214cd8b4e1.bundle,AudioClip,1
source,bundle,assets/aa/Android/230d763bf1aa430cc8fb87487269e3e5.bundle,AssetBundle,1
source,bundle,assets/aa/Android/230d763bf1aa430cc8fb87487269e3e5.bundle,Sprite,1
source,bundle,assets/aa/Android/230d763bf1aa430cc8fb87487269e3e5.bundle,Texture2D,1
source,bundle,assets/aa/Android/233d8d78b5fcecc577b71db4122a2643.bundle,AssetBundle,1
source,bundle,assets/aa/Android/233d8d78b5fcecc577b71db4122a2643.bundle,Sprite,1
source,bundle,assets/aa/Android/233d8d78b5fcecc577b71db4122a2643.bundle,Texture2D,1
source,bundle,assets/aa/Android/235d5022cd6f53c2f6679a1be945b5ac.bundle,AssetBundle,1
source,bundle,assets/aa/Android/235d5022cd6f53c2f6679a1be945b5ac.bundle,TextAsset,1
source,bundle,assets/aa/Android/237083e31eb1fb4b7e6a83d06c5ab1b3.bundle,AssetBundle,1
source,bundle,assets/aa/Android/237083e31eb1fb4b7e6a83d06c5ab1b3.bundle,AudioClip,1
source,bundle,assets/aa/Android/238d78d3711d1d1735d46c160b703bf9.bundle,AssetBundle,1
source,bundle,assets/aa/Android/238d78d3711d1d1735d46c160b703bf9.bundle,TextAsset,1
source,bundle,assets/aa/Android/239da4b2f8b0319b4e2b1845aee35f8b.bundle,AssetBundle,1
source,bundle,assets/aa/Android/239da4b2f8b0319b4e2b1845aee35f8b.bundle,AudioClip,1
source,bundle,assets/aa/Android/23a5e00a7659dd968cc8f2d6a47828a5.bundle,AssetBundle,1
source,bundle,assets/aa/Android/23a5e00a7659dd968cc8f2d6a47828a5.bundle,TextAsset,1
source,bundle,assets/aa/Android/23ca728c7b1a84e8734bbe2e36edaa9d.bundle,AssetBundle,1
source,bundle,assets/aa/Android/23ca728c7b1a84e8734bbe2e36edaa9d.bundle,Sprite,1
source,bundle,assets/aa/Android/23ca728c7b1a84e8734bbe2e36edaa9d.bundle,Texture2D,1
source,bundle,assets/aa/Android/23d5f1461b0699a93ae20a53293535f9.bundle,AssetBundle,1
source,bundle,assets/aa/Android/23d5f1461b0699a93ae20a53293535f9.bundle,Sprite,1
source,bundle,assets/aa/Android/23d5f1461b0699a93ae20a53293535f9.bundle,Texture2D,1
source,bundle,assets/aa/Android/23d8e5ceb38b8df251e1edfab75e82ea.bundle,AssetBundle,1
source,bundle,assets/aa/Android/23d8e5ceb38b8df251e1edfab75e82ea.bundle,TextAsset,1
source,bundle,assets/aa/Android/23da525d53d9de39b4adefd0a51c92fa.bundle,AssetBundle,1
source,bundle,assets/aa/Android/23da525d53d9de39b4adefd0a51c92fa.bundle,Sprite,1
source,bundle,assets/aa/Android/23da525d53d9de39b4adefd0a51c92fa.bundle,Texture2D,1
source,bundle,assets/aa/Android/2414508a31c5a6b0b98484ecd630a79b.bundle,AssetBundle,1
source,bundle,assets/aa/Android/2414508a31c5a6b0b98484ecd630a79b.bundle,TextAsset,1
source,bundle,assets/aa/Android/24223642a50d3bfe022eaa7175eaa7b4.bundle,AssetBundle,1
source,bundle,assets/aa/Android/24223642a50d3bfe022eaa7175eaa7b4.bundle,TextAsset,1
source,bundle,assets/aa/Android/242b48e1991b2c007edce1827d1e88f5.bundle,AssetBundle,1
source,bundle,assets/aa/Android/242b48e1991b2c007edce1827d1e88f5.bundle,TextAsset,1
source,bundle,assets/aa/Android/2449168df86936f4b6c674cc59d80192.bundle,AssetBundle,1
source,bundle,assets/aa/Android/2449168df86936f4b6c674cc59d80192.bundle,Sprite,1
source,bundle,assets/aa/Android/2449168df86936f4b6c674cc59d80192.bundle,Texture2D,1
source,bundle,assets/aa/Android/245b3182f6d733c1d2fe266855f64502.bundle,AssetBundle,1
source,bundle,assets/aa/Android/245b3182f6d733c1d2fe266855f64502.bundle,Sprite,1
source,bundle,assets/aa/Android/245b3182f6d733c1d2fe266855f64502.bundle,Texture2D,1
source,bundle,assets/aa/Android/247d92ed5b903ffdd3cdbdf1fc123972.bundle,AssetBundle,1
source,bundle,assets/aa/Android/247d92ed5b903ffdd3cdbdf1fc123972.bundle,Sprite,1
source,bundle,assets/aa/Android/247d92ed5b903ffdd3cdbdf1fc123972.bundle,Texture2D,1
source,bundle,assets/aa/Android/2480e820eac96be16f2cc480f0f90ee3.bundle,AssetBundle,1
source,bundle,assets/aa/Android/2480e820eac96be16f2cc480f0f90ee3.bundle,Sprite,1
source,bundle,assets/aa/Android/2480e820eac96be16f2cc480f0f90ee3.bundle,Texture2D,1
source,bundle,assets/aa/Android/249bc758f7f4c4aed14da22efbbb936d.bundle,AssetBundle,1
source,bundle,assets/aa/Android/249bc758f7f4c4aed14da22efbbb936d.bundle,TextAsset,1
source,bundle,assets/aa/Android/24b9c627a7f2d0ec1e90c9c013ff0365.bundle,AssetBundle,1
source,bundle,assets/aa/Android/24b9c627a7f2d0ec1e90c9c013ff0365.bundle,TextAsset,1
source,bundle,assets/aa/Android/24e05a5366bc2de5ea69482f2a538f82.bundle,AssetBundle,1
source,bundle,assets/aa/Android/24e05a5366bc2de5ea69482f2a538f82.bundle,Sprite,1
source,bundle,assets/aa/Android/24e05a5366bc2de5ea69482f2a538f82.bundle,Texture2D,1
source,bundle,assets/aa/Android/2509758e263c79e231b87244c3e65d28.bundle,AssetBundle,1
source,bundle,assets/aa/Android/2509758e263c79e231b87244c3e65d28.bundle,AudioClip,1
source,bundle,assets/aa/Android/250ac16a57979644efe946066e6c3bc2.bundle,AssetBundle,1
source,bundle,assets/aa/Android/250ac16a57979644efe946066e6c3bc2.bundle,Sprite,1
source,bundle,assets/aa/Android/250ac16a57979644efe946066e6c3bc2.bundle,Texture2D,1
source,bundle,assets/aa/Android/2531eed9c7bdb1ee562369936e1022bf.bundle,AssetBundle,1
source,bundle,assets/aa/Android/2531eed9c7bdb1ee562369936e1022bf.bundle,TextAsset,1
source,bundle,assets/aa/Android/2533250f29e9cc3f50bbd30820d3f5cc.bundle,AssetBundle,1
source,bundle,assets/aa/Android/2533250f29e9cc3f50bbd30820d3f5cc.bundle,AudioClip,1
source,bundle,assets/aa/Android/2553e335e17f9d53e8e66ec5efc5e337.bundle,AssetBundle,1
source,bundle,assets/aa/Android/2553e335e17f9d53e8e66ec5efc5e337.bundle,Sprite,1
source,bundle,assets/aa/Android/2553e335e17f9d53e8e66ec5efc5e337.bundle,Texture2D,1
source,bundle,assets/aa/Android/25904791ca75ae8498e18fc7a3ef9f10.bundle,AssetBundle,1
source,bundle,assets/aa/Android/25904791ca75ae8498e18fc7a3ef9f10.bundle,TextAsset,1
source,bundle,assets/aa/Android/259b048a8fa59cf6e806a2af84788a4c.bundle,AssetBundle,1
source,bundle,assets/aa/Android/259b048a8fa59cf6e806a2af84788a4c.bundle,TextAsset,1
source,bundle,assets/aa/Android/25e1cc70ad178c572488ec9082d24cbe.bundle,AssetBundle,1
source,bundle,assets/aa/Android/25e1cc70ad178c572488ec9082d24cbe.bundle,Sprite,1
source,bundle,assets/aa/Android/25e1cc70ad178c572488ec9082d24cbe.bundle,Texture2D,1
source,bundle,assets/aa/Android/260b33e43b5f57cf323aecc4f05e1b9c.bundle,AssetBundle,1
source,bundle,assets/aa/Android/260b33e43b5f57cf323aecc4f05e1b9c.bundle,TextAsset,1
source,bundle,assets/aa/Android/26355d3c3aa8a722f8381c49121c8780.bundle,AssetBundle,1
source,bundle,assets/aa/Android/26355d3c3aa8a722f8381c49121c8780.bundle,AudioClip,1
source,bundle,assets/aa/Android/26397d7b62f588bfcdc36ba2f4a157ae.bundle,AssetBundle,1
source,bundle,assets/aa/Android/26397d7b62f588bfcdc36ba2f4a157ae.bundle,Sprite,1
source,bundle,assets/aa/Android/26397d7b62f588bfcdc36ba2f4a157ae.bundle,Texture2D,1
source,bundle,assets/aa/Android/26504aa361589d991de801eed35e5271.bundle,AssetBundle,1
source,bundle,assets/aa/Android/26504aa361589d991de801eed35e5271.bundle,Sprite,1
source,bundle,assets/aa/Android/26504aa361589d991de801eed35e5271.bundle,Texture2D,1
source,bundle,assets/aa/Android/266388fabb86bf77d613a5eb2cff595a.bundle,AssetBundle,1
source,bundle,assets/aa/Android/266388fabb86bf77d613a5eb2cff595a.bundle,Sprite,1
source,bundle,assets/aa/Android/266388fabb86bf77d613a5eb2cff595a.bundle,Texture2D,1
source,bundle,assets/aa/Android/2668c83cf6b1483a0f6c4672ebe8e4b0.bundle,AssetBundle,1
source,bundle,assets/aa/Android/2668c83cf6b1483a0f6c4672ebe8e4b0.bundle,AudioClip,1
source,bundle,assets/aa/Android/2677020fa1f5852cc54d51de875ab681.bundle,AssetBundle,1
source,bundle,assets/aa/Android/2677020fa1f5852cc54d51de875ab681.bundle,TextAsset,1
source,bundle,assets/aa/Android/2686cbc72f2ccfb33f1d9d5abab496b7.bundle,AssetBundle,1
source,bundle,assets/aa/Android/2686cbc72f2ccfb33f1d9d5abab496b7.bundle,Sprite,1
source,bundle,assets/aa/Android/2686cbc72f2ccfb33f1d9d5abab496b7.bundle,Texture2D,1
source,bundle,assets/aa/Android/268cda5ea49d5f86ae58f7889cfc58d9.bundle,AssetBundle,1
source,bundle,assets/aa/Android/268cda5ea49d5f86ae58f7889cfc58d9.bundle,AudioClip,1
source,bundle,assets/aa/Android/26e1a433e2f17e1226d8815836362f34.bundle,AssetBundle,1
source,bundle,assets/aa/Android/26e1a433e2f17e1226d8815836362f34.bundle,Sprite,1
source,bundle,assets/aa/Android/26e1a433e2f17e1226d8815836362f34.bundle,Texture2D,1
source,bundle,assets/aa/Android/26e92fb2111956b7105916bb1bd7a1a4.bundle,AssetBundle,1
source,bundle,assets/aa/Android/26e92fb2111956b7105916bb1bd7a1a4.bundle,AudioClip,1
source,bundle,assets/aa/Android/27110c0ba33053b178e337ed76c94b0e.bundle,AssetBundle,1
source,bundle,assets/aa/Android/27110c0ba33053b178e337ed76c94b0e.bundle,Sprite,1
source,bundle,assets/aa/Android/27110c0ba33053b178e337ed76c94b0e.bundle,Texture2D,1
source,bundle,assets/aa/Android/27164d0bff714dd66b1c607b3c9835a8.bundle,AssetBundle,1
source,bundle,assets/aa/Android/27164d0bff714dd66b1c607b3c9835a8.bundle,AudioClip,1
source,bundle,assets/aa/Android/271daf1320120bcb69b19d62c4aacd44.bundle,AssetBundle,1
source,bundle,assets/aa/Android/271daf1320120bcb69b19d62c4aacd44.bundle,TextAsset,1
source,bundle,assets/aa/Android/2732c735703f317870ce4a88f33cd525.bundle,AssetBundle,1
source,bundle,assets/aa/Android/2732c735703f317870ce4a88f33cd525.bundle,TextAsset,1
source,bundle,assets/aa/Android/2771dd38031cb2a34a618502ac994052.bundle,AssetBundle,1
source,bundle,assets/aa/Android/2771dd38031cb2a34a618502ac994052.bundle,Sprite,1
source,bundle,assets/aa/Android/2771dd38031cb2a34a618502ac994052.bundle,Texture2D,1
source,bundle,assets/aa/Android/2777b2972627f58a1f5e1c6af4481258.bundle,AssetBundle,1
source,bundle,assets/aa/Android/2777b2972627f58a1f5e1c6af4481258.bundle,TextAsset,1
source,bundle,assets/aa/Android/27af171db936262f649f9ef688f287e7.bundle,AssetBundle,1
source,bundle,assets/aa/Android/27af171db936262f649f9ef688f287e7.bundle,AudioClip,1
source,bundle,assets/aa/Android/280ca1fe3f66c72e2d9a09ee0f29990e.bundle,AssetBundle,1
source,bundle,assets/aa/Android/280ca1fe3f66c72e2d9a09ee0f29990e.bundle,TextAsset,1
source,bundle,assets/aa/Android/28145e9210ac6e0e691ce811268c8668.bundle,AssetBundle,1
source,bundle,assets/aa/Android/28145e9210ac6e0e691ce811268c8668.bundle,Sprite,1
source,bundle,assets/aa/Android/28145e9210ac6e0e691ce811268c8668.bundle,Texture2D,1
source,bundle,assets/aa/Android/2835c36b27f46ea6cf214f327546ab8d.bundle,AssetBundle,1
source,bundle,assets/aa/Android/2835c36b27f46ea6cf214f327546ab8d.bundle,AudioClip,1
source,bundle,assets/aa/Android/285bbfb88f873e1819f4f9e837328191.bundle,AssetBundle,1
source,bundle,assets/aa/Android/285bbfb88f873e1819f4f9e837328191.bundle,Sprite,1
source,bundle,assets/aa/Android/285bbfb88f873e1819f4f9e837328191.bundle,Texture2D,1
source,bundle,assets/aa/Android/28946a6e2a510b56ce3a9c2de573414d.bundle,AssetBundle,1
source,bundle,assets/aa/Android/28946a6e2a510b56ce3a9c2de573414d.bundle,Sprite,1
source,bundle,assets/aa/Android/28946a6e2a510b56ce3a9c2de573414d.bundle,Texture2D,1
source,bundle,assets/aa/Android/2896a6dfc670e9a3702e74d0014eefd6.bundle,AssetBundle,1
source,bundle,assets/aa/Android/2896a6dfc670e9a3702e74d0014eefd6.bundle,AudioClip,1
source,bundle,assets/aa/Android/28981f36aa758d6f32fdfe513e858828.bundle,AssetBundle,1
source,bundle,assets/aa/Android/28981f36aa758d6f32fdfe513e858828.bundle,AudioClip,1
source,bundle,assets/aa/Android/28acb35fd881f704904491d9d1629f2f.bundle,AssetBundle,1
source,bundle,assets/aa/Android/28acb35fd881f704904491d9d1629f2f.bundle,TextAsset,1
source,bundle,assets/aa/Android/28ae4550263bbdbe869f19d9f7c2ac1b.bundle,AssetBundle,1
source,bundle,assets/aa/Android/28ae4550263bbdbe869f19d9f7c2ac1b.bundle,TextAsset,1
source,bundle,assets/aa/Android/28cf8bb7c4ab4eaf964a42d2e61a92bf.bundle,AssetBundle,1
source,bundle,assets/aa/Android/28cf8bb7c4ab4eaf964a42d2e61a92bf.bundle,AudioClip,1
source,bundle,assets/aa/Android/28d2cfdec412003b61c00a379aa60d71.bundle,AssetBundle,1
source,bundle,assets/aa/Android/28d2cfdec412003b61c00a379aa60d71.bundle,AudioClip,1
source,bundle,assets/aa/Android/28dc933156bc44a96a514fd20a431914.bundle,AssetBundle,1
source,bundle,assets/aa/Android/28dc933156bc44a96a514fd20a431914.bundle,Sprite,1
source,bundle,assets/aa/Android/28dc933156bc44a96a514fd20a431914.bundle,Texture2D,1
source,bundle,assets/aa/Android/28ecb233c9299e8360221b9566f9ae5b.bundle,AssetBundle,1
source,bundle,assets/aa/Android/28ecb233c9299e8360221b9566f9ae5b.bundle,Sprite,1
source,bundle,assets/aa/Android/28ecb233c9299e8360221b9566f9ae5b.bundle,Texture2D,1
source,bundle,assets/aa/Android/28f40e5421aee667c31ea4270eab5011.bundle,AssetBundle,1
source,bundle,assets/aa/Android/28f40e5421aee667c31ea4270eab5011.bundle,TextAsset,1
source,bundle,assets/aa/Android/294aa8ce84005f987bf85d4bb62683cc.bundle,AssetBundle,1
source,bundle,assets/aa/Android/294aa8ce84005f987bf85d4bb62683cc.bundle,TextAsset,1
source,bundle,assets/aa/Android/2955becf27a434661d84c6f9bed23aab.bundle,AssetBundle,1
source,bundle,assets/aa/Android/2955becf27a434661d84c6f9bed23aab.bundle,Sprite,1
source,bundle,assets/aa/Android/2955becf27a434661d84c6f9bed23aab.bundle,Texture2D,1
source,bundle,assets/aa/Android/297053163e9f40358abe5b1afeb1b634.bundle,AssetBundle,1
source,bundle,assets/aa/Android/297053163e9f40358abe5b1afeb1b634.bundle,TextAsset,1
source,bundle,assets/aa/Android/2974a93e5a81d4bba7154c0689271fe8.bundle,AssetBundle,1
source,bundle,assets/aa/Android/2974a93e5a81d4bba7154c0689271fe8.bundle,Sprite,1
source,bundle,assets/aa/Android/2974a93e5a81d4bba7154c0689271fe8.bundle,Texture2D,1
source,bundle,assets/aa/Android/2979a191038867263e34e79baa82b1f5.bundle,AssetBundle,1
source,bundle,assets/aa/Android/2979a191038867263e34e79baa82b1f5.bundle,AudioClip,1
source,bundle,assets/aa/Android/29809468ee4bbeb3f3e296afcf6062b9.bundle,AssetBundle,1
source,bundle,assets/aa/Android/29809468ee4bbeb3f3e296afcf6062b9.bundle,Sprite,1
source,bundle,assets/aa/Android/29809468ee4bbeb3f3e296afcf6062b9.bundle,Texture2D,1
source,bundle,assets/aa/Android/29853d4d6df568bd23cccc5c06943514.bundle,AssetBundle,1
source,bundle,assets/aa/Android/29853d4d6df568bd23cccc5c06943514.bundle,Sprite,1
source,bundle,assets/aa/Android/29853d4d6df568bd23cccc5c06943514.bundle,Texture2D,1
source,bundle,assets/aa/Android/29957cf9d1947dba041462f1ae4cb09c.bundle,AssetBundle,1
source,bundle,assets/aa/Android/29957cf9d1947dba041462f1ae4cb09c.bundle,TextAsset,1
source,bundle,assets/aa/Android/29b555b08df6e2642c364d485a954f8d.bundle,AssetBundle,1
source,bundle,assets/aa/Android/29b555b08df6e2642c364d485a954f8d.bundle,TextAsset,1
source,bundle,assets/aa/Android/29b91ccf9fb2dd0efc7a5588a18b50fc.bundle,AssetBundle,1
source,bundle,assets/aa/Android/29b91ccf9fb2dd0efc7a5588a18b50fc.bundle,Sprite,1
source,bundle,assets/aa/Android/29b91ccf9fb2dd0efc7a5588a18b50fc.bundle,Texture2D,1
source,bundle,assets/aa/Android/29d37ad1fdd6870162a45449dbaae8aa.bundle,AssetBundle,1
source,bundle,assets/aa/Android/29d37ad1fdd6870162a45449dbaae8aa.bundle,Sprite,1
source,bundle,assets/aa/Android/29d37ad1fdd6870162a45449dbaae8aa.bundle,Texture2D,1
source,bundle,assets/aa/Android/29d81afbf5da48a675a24e052e9fcbcb.bundle,AssetBundle,1
source,bundle,assets/aa/Android/29d81afbf5da48a675a24e052e9fcbcb.bundle,AudioClip,1
source,bundle,assets/aa/Android/29e03624bfa7eb2c22e7b99fa86788cf.bundle,AssetBundle,1
source,bundle,assets/aa/Android/29e03624bfa7eb2c22e7b99fa86788cf.bundle,Sprite,1
source,bundle,assets/aa/Android/29e03624bfa7eb2c22e7b99fa86788cf.bundle,Texture2D,1
source,bundle,assets/aa/Android/2a000713cc726e488e2a465ed6bc813e.bundle,AssetBundle,1
source,bundle,assets/aa/Android/2a000713cc726e488e2a465ed6bc813e.bundle,Sprite,1
source,bundle,assets/aa/Android/2a000713cc726e488e2a465ed6bc813e.bundle,Texture2D,1
source,bundle,assets/aa/Android/2a4713de75b6becf7f3461d9a6ef5d15.bundle,AssetBundle,1
source,bundle,assets/aa/Android/2a4713de75b6becf7f3461d9a6ef5d15.bundle,Sprite,1
source,bundle,assets/aa/Android/2a4713de75b6becf7f3461d9a6ef5d15.bundle,Texture2D,1
source,bundle,assets/aa/Android/2a6f3c143e695ff78d9bf4d4ddc23ef7.bundle,AssetBundle,1
source,bundle,assets/aa/Android/2a6f3c143e695ff78d9bf4d4ddc23ef7.bundle,TextAsset,1
source,bundle,assets/aa/Android/2a8dae65ac29bc88a5ed12109664de6c.bundle,AssetBundle,1
source,bundle,assets/aa/Android/2a8dae65ac29bc88a5ed12109664de6c.bundle,TextAsset,1
source,bundle,assets/aa/Android/2a9122bb3112a66bc7bc1816055766c2.bundle,AssetBundle,1
source,bundle,assets/aa/Android/2a9122bb3112a66bc7bc1816055766c2.bundle,TextAsset,1
source,bundle,assets/aa/Android/2ae5b980968792b59fe4836d0638f952.bundle,AssetBundle,1
source,bundle,assets/aa/Android/2ae5b980968792b59fe4836d0638f952.bundle,TextAsset,1
source,bundle,assets/aa/Android/2ae95c074b8afceda311d782ec2cf551.bundle,AssetBundle,1
source,bundle,assets/aa/Android/2ae95c074b8afceda311d782ec2cf551.bundle,Sprite,1
source,bundle,assets/aa/Android/2ae95c074b8afceda311d782ec2cf551.bundle,Texture2D,1
source,bundle,assets/aa/Android/2b720de1cbb383d73dba35b2ac4365de.bundle,AssetBundle,1
source,bundle,assets/aa/Android/2b720de1cbb383d73dba35b2ac4365de.bundle,TextAsset,1
source,bundle,assets/aa/Android/2b7ef96754fe118341235109d6295c9c.bundle,AssetBundle,1
source,bundle,assets/aa/Android/2b7ef96754fe118341235109d6295c9c.bundle,AudioClip,1
source,bundle,assets/aa/Android/2b8ab49214d3815141ab744242af33ef.bundle,AssetBundle,1
source,bundle,assets/aa/Android/2b8ab49214d3815141ab744242af33ef.bundle,Sprite,1
source,bundle,assets/aa/Android/2b8ab49214d3815141ab744242af33ef.bundle,Texture2D,1
source,bundle,assets/aa/Android/2b97620049498782357b5ec62ad6171e.bundle,AssetBundle,1
source,bundle,assets/aa/Android/2b97620049498782357b5ec62ad6171e.bundle,TextAsset,1
source,bundle,assets/aa/Android/2ba53a6f1e20521e385f612fbe4674ef.bundle,AssetBundle,1
source,bundle,assets/aa/Android/2ba53a6f1e20521e385f612fbe4674ef.bundle,AudioClip,1
source,bundle,assets/aa/Android/2bb1809a9588ac2e3c1022f5a4c12064.bundle,AssetBundle,1
source,bundle,assets/aa/Android/2bb1809a9588ac2e3c1022f5a4c12064.bundle,TextAsset,1
source,bundle,assets/aa/Android/2be545b88eee111298c3609349f7e512.bundle,AssetBundle,1
source,bundle,assets/aa/Android/2be545b88eee111298c3609349f7e512.bundle,Sprite,1
source,bundle,assets/aa/Android/2be545b88eee111298c3609349f7e512.bundle,Texture2D,1
source,bundle,assets/aa/Android/2c08af3c87c7c5732c6efe02d71f6361.bundle,AssetBundle,1
source,bundle,assets/aa/Android/2c08af3c87c7c5732c6efe02d71f6361.bundle,TextAsset,1
source,bundle,assets/aa/Android/2c0e8b607dd3a039e57a445e569998ad.bundle,AssetBundle,1
source,bundle,assets/aa/Android/2c0e8b607dd3a039e57a445e569998ad.bundle,Sprite,1
source,bundle,assets/aa/Android/2c0e8b607dd3a039e57a445e569998ad.bundle,Texture2D,1
source,bundle,assets/aa/Android/2c2c4df08fb8755d4036e71ead653602.bundle,AssetBundle,1
source,bundle,assets/aa/Android/2c2c4df08fb8755d4036e71ead653602.bundle,AudioClip,1
source,bundle,assets/aa/Android/2c3208b33bfe6bf38e87e36b358ae2e9.bundle,AssetBundle,1
source,bundle,assets/aa/Android/2c3208b33bfe6bf38e87e36b358ae2e9.bundle,TextAsset,1
source,bundle,assets/aa/Android/2c3e949db19dba7067a6f2e1aa9f251d.bundle,AssetBundle,1
source,bundle,assets/aa/Android/2c3e949db19dba7067a6f2e1aa9f251d.bundle,Sprite,1
source,bundle,assets/aa/Android/2c3e949db19dba7067a6f2e1aa9f251d.bundle,Texture2D,1
source,bundle,assets/aa/Android/2c5e4194b5c81b477f3a4500a639b6a4.bundle,AssetBundle,1
source,bundle,assets/aa/Android/2c5e4194b5c81b477f3a4500a639b6a4.bundle,TextAsset,1
source,bundle,assets/aa/Android/2c60bf5f5941f2ecd4bd9b584e6b93d0.bundle,AssetBundle,1
source,bundle,assets/aa/Android/2c60bf5f5941f2ecd4bd9b584e6b93d0.bundle,Sprite,1
source,bundle,assets/aa/Android/2c60bf5f5941f2ecd4bd9b584e6b93d0.bundle,Texture2D,1
source,bundle,assets/aa/Android/2c98c68315b0a1ff25034d6521353ca4.bundle,AssetBundle,1
source,bundle,assets/aa/Android/2c98c68315b0a1ff25034d6521353ca4.bundle,Sprite,1
source,bundle,assets/aa/Android/2c98c68315b0a1ff25034d6521353ca4.bundle,Texture2D,1
source,bundle,assets/aa/Android/2ca3dcc369b6871bae85a024759515a4.bundle,AssetBundle,1
source,bundle,assets/aa/Android/2ca3dcc369b6871bae85a024759515a4.bundle,TextAsset,1
source,bundle,assets/aa/Android/2ca5549c93bfad5a8e25aba7df0dca62.bundle,AssetBundle,1
source,bundle,assets/aa/Android/2ca5549c93bfad5a8e25aba7df0dca62.bundle,Sprite,1
source,bundle,assets/aa/Android/2ca5549c93bfad5a8e25aba7df0dca62.bundle,Texture2D,1
source,bundle,assets/aa/Android/2cb26039afefe080fe49918563f8d28f.bundle,AssetBundle,1
source,bundle,assets/aa/Android/2cb26039afefe080fe49918563f8d28f.bundle,Sprite,1
source,bundle,assets/aa/Android/2cb26039afefe080fe49918563f8d28f.bundle,Texture2D,1
source,bundle,assets/aa/Android/2ccb654e3c6bb33a252a562ce90457bb.bundle,AssetBundle,1
source,bundle,assets/aa/Android/2ccb654e3c6bb33a252a562ce90457bb.bundle,AudioClip,1
source,bundle,assets/aa/Android/2cd46fe78faa26042b68daab8d9f2fc3.bundle,AssetBundle,1
source,bundle,assets/aa/Android/2cd46fe78faa26042b68daab8d9f2fc3.bundle,Sprite,1
source,bundle,assets/aa/Android/2cd46fe78faa26042b68daab8d9f2fc3.bundle,Texture2D,1
source,bundle,assets/aa/Android/2ce912967ccb40f069356d1e69dbe734.bundle,AssetBundle,1
source,bundle,assets/aa/Android/2ce912967ccb40f069356d1e69dbe734.bundle,AudioClip,1
source,bundle,assets/aa/Android/2cf2716d1e079b346bbe0c6f8c715852.bundle,AssetBundle,1
source,bundle,assets/aa/Android/2cf2716d1e079b346bbe0c6f8c715852.bundle,TextAsset,1
source,bundle,assets/aa/Android/2d000ecf801c244362579481d07f01db.bundle,AssetBundle,1
source,bundle,assets/aa/Android/2d000ecf801c244362579481d07f01db.bundle,TextAsset,1
source,bundle,assets/aa/Android/2d099ed466e72bb5684d805d538d2827.bundle,AssetBundle,1
source,bundle,assets/aa/Android/2d099ed466e72bb5684d805d538d2827.bundle,Sprite,1
source,bundle,assets/aa/Android/2d099ed466e72bb5684d805d538d2827.bundle,Texture2D,1
source,bundle,assets/aa/Android/2d16955664b6af8aae3aa8fb62d5b8cc.bundle,AssetBundle,1
source,bundle,assets/aa/Android/2d16955664b6af8aae3aa8fb62d5b8cc.bundle,Sprite,1
source,bundle,assets/aa/Android/2d16955664b6af8aae3aa8fb62d5b8cc.bundle,Texture2D,1
source,bundle,assets/aa/Android/2d2066b2a4e758c486327340f6c4c69e.bundle,AssetBundle,1
source,bundle,assets/aa/Android/2d2066b2a4e758c486327340f6c4c69e.bundle,TextAsset,1
source,bundle,assets/aa/Android/2d5d0527d291b25b0007db32bc0cfad4.bundle,AssetBundle,1
source,bundle,assets/aa/Android/2d5d0527d291b25b0007db32bc0cfad4.bundle,TextAsset,1
source,bundle,assets/aa/Android/2d76b1b3d12d2a4278a927b1109b5185.bundle,AssetBundle,1
source,bundle,assets/aa/Android/2d76b1b3d12d2a4278a927b1109b5185.bundle,Sprite,1
source,bundle,assets/aa/Android/2d76b1b3d12d2a4278a927b1109b5185.bundle,Texture2D,1
source,bundle,assets/aa/Android/2d988cef16115db5bfd0c7ddc3373a28.bundle,AssetBundle,1
source,bundle,assets/aa/Android/2d988cef16115db5bfd0c7ddc3373a28.bundle,Sprite,1
source,bundle,assets/aa/Android/2d988cef16115db5bfd0c7ddc3373a28.bundle,Texture2D,1
source,bundle,assets/aa/Android/2da098125cc461ce30ba632890f3d07f.bundle,AssetBundle,1
source,bundle,assets/aa/Android/2da098125cc461ce30ba632890f3d07f.bundle,Sprite,1
source,bundle,assets/aa/Android/2da098125cc461ce30ba632890f3d07f.bundle,Texture2D,1
source,bundle,assets/aa/Android/2db65941c5ded7812809671e2e8f34c9.bundle,AssetBundle,1
source,bundle,assets/aa/Android/2db65941c5ded7812809671e2e8f34c9.bundle,Sprite,1
source,bundle,assets/aa/Android/2db65941c5ded7812809671e2e8f34c9.bundle,Texture2D,1
source,bundle,assets/aa/Android/2dcaf93452db6ba8a9125e99891bb448.bundle,AssetBundle,1
source,bundle,assets/aa/Android/2dcaf93452db6ba8a9125e99891bb448.bundle,AudioClip,1
source,bundle,assets/aa/Android/2dea2b6328d7ed5edc6cd7b5028abcfe.bundle,AssetBundle,1
source,bundle,assets/aa/Android/2dea2b6328d7ed5edc6cd7b5028abcfe.bundle,Sprite,1
source,bundle,assets/aa/Android/2dea2b6328d7ed5edc6cd7b5028abcfe.bundle,Texture2D,1
source,bundle,assets/aa/Android/2e3312c6b205eb9f8b1603800ca4fdc1.bundle,AssetBundle,1
source,bundle,assets/aa/Android/2e3312c6b205eb9f8b1603800ca4fdc1.bundle,AudioClip,1
source,bundle,assets/aa/Android/2e50d842d91feb0bc86fe8351099af84.bundle,AssetBundle,1
source,bundle,assets/aa/Android/2e50d842d91feb0bc86fe8351099af84.bundle,Sprite,1
source,bundle,assets/aa/Android/2e50d842d91feb0bc86fe8351099af84.bundle,Texture2D,1
source,bundle,assets/aa/Android/2e9a41002e315635eb1522bb03a2882d.bundle,AssetBundle,1
source,bundle,assets/aa/Android/2e9a41002e315635eb1522bb03a2882d.bundle,Sprite,1
source,bundle,assets/aa/Android/2e9a41002e315635eb1522bb03a2882d.bundle,Texture2D,1
source,bundle,assets/aa/Android/2e9f7797ed88155da22c502638f4110d.bundle,AssetBundle,1
source,bundle,assets/aa/Android/2e9f7797ed88155da22c502638f4110d.bundle,Sprite,1
source,bundle,assets/aa/Android/2e9f7797ed88155da22c502638f4110d.bundle,Texture2D,1
source,bundle,assets/aa/Android/2eb15f4f5dc6f2ca922e7b477bf4ea04.bundle,AssetBundle,1
source,bundle,assets/aa/Android/2eb15f4f5dc6f2ca922e7b477bf4ea04.bundle,TextAsset,1
source,bundle,assets/aa/Android/2edeb9cfcc4b0fdeff974e952e202c73.bundle,AssetBundle,1
source,bundle,assets/aa/Android/2edeb9cfcc4b0fdeff974e952e202c73.bundle,Sprite,1
source,bundle,assets/aa/Android/2edeb9cfcc4b0fdeff974e952e202c73.bundle,Texture2D,1
source,bundle,assets/aa/Android/2edf5145bece54921eab9ed01f957cdc.bundle,AssetBundle,1
source,bundle,assets/aa/Android/2edf5145bece54921eab9ed01f957cdc.bundle,TextAsset,1
source,bundle,assets/aa/Android/2ee53a11151ce3d7ea72584ad14df8a0.bundle,AssetBundle,1
source,bundle,assets/aa/Android/2ee53a11151ce3d7ea72584ad14df8a0.bundle,TextAsset,1
source,bundle,assets/aa/Android/2ef5f0277289245e135230a612b5d01c.bundle,AssetBundle,1
source,bundle,assets/aa/Android/2ef5f0277289245e135230a612b5d01c.bundle,TextAsset,1
source,bundle,assets/aa/Android/2f0b1480c9f822d2532f9565452808f0.bundle,AssetBundle,1
source,bundle,assets/aa/Android/2f0b1480c9f822d2532f9565452808f0.bundle,Sprite,1
source,bundle,assets/aa/Android/2f0b1480c9f822d2532f9565452808f0.bundle,Texture2D,1
source,bundle,assets/aa/Android/2f304a8a5fc5d8aca2dc1c3003cc3700.bundle,AssetBundle,1
source,bundle,assets/aa/Android/2f304a8a5fc5d8aca2dc1c3003cc3700.bundle,AudioClip,1
source,bundle,assets/aa/Android/2f6208a8f60deaa8fd3b7685921aa043.bundle,AssetBundle,1
source,bundle,assets/aa/Android/2f6208a8f60deaa8fd3b7685921aa043.bundle,TextAsset,1
source,bundle,assets/aa/Android/2f64dc3abb13efd549701fb18f8b74cb.bundle,AssetBundle,1
source,bundle,assets/aa/Android/2f64dc3abb13efd549701fb18f8b74cb.bundle,AudioClip,1
source,bundle,assets/aa/Android/2ffe5925af27984a6c36621f0a691abb.bundle,AnimationClip,1
source,bundle,assets/aa/Android/2ffe5925af27984a6c36621f0a691abb.bundle,Animator,1
source,bundle,assets/aa/Android/2ffe5925af27984a6c36621f0a691abb.bundle,AnimatorController,1
source,bundle,assets/aa/Android/2ffe5925af27984a6c36621f0a691abb.bundle,AssetBundle,1
source,bundle,assets/aa/Android/2ffe5925af27984a6c36621f0a691abb.bundle,Canvas,1
source,bundle,assets/aa/Android/2ffe5925af27984a6c36621f0a691abb.bundle,CanvasRenderer,21
source,bundle,assets/aa/Android/2ffe5925af27984a6c36621f0a691abb.bundle,Font,1
source,bundle,assets/aa/Android/2ffe5925af27984a6c36621f0a691abb.bundle,GameObject,23
source,bundle,assets/aa/Android/2ffe5925af27984a6c36621f0a691abb.bundle,Material,1
source,bundle,assets/aa/Android/2ffe5925af27984a6c36621f0a691abb.bundle,MonoBehaviour,24
source,bundle,assets/aa/Android/2ffe5925af27984a6c36621f0a691abb.bundle,MonoScript,6
source,bundle,assets/aa/Android/2ffe5925af27984a6c36621f0a691abb.bundle,RectTransform,22
source,bundle,assets/aa/Android/2ffe5925af27984a6c36621f0a691abb.bundle,Sprite,2
source,bundle,assets/aa/Android/2ffe5925af27984a6c36621f0a691abb.bundle,Texture2D,3
source,bundle,assets/aa/Android/2ffe5925af27984a6c36621f0a691abb.bundle,Transform,1
source,bundle,assets/aa/Android/30021078afd05533c5b6c49f3882af6b.bundle,AssetBundle,1
source,bundle,assets/aa/Android/30021078afd05533c5b6c49f3882af6b.bundle,TextAsset,1
source,bundle,assets/aa/Android/3008e59e3c7b6e3924f0a9e1114ecedf.bundle,AssetBundle,1
source,bundle,assets/aa/Android/3008e59e3c7b6e3924f0a9e1114ecedf.bundle,Canvas,4
source,bundle,assets/aa/Android/3008e59e3c7b6e3924f0a9e1114ecedf.bundle,CanvasGroup,1
source,bundle,assets/aa/Android/3008e59e3c7b6e3924f0a9e1114ecedf.bundle,CanvasRenderer,5
source,bundle,assets/aa/Android/3008e59e3c7b6e3924f0a9e1114ecedf.bundle,GameObject,10
source,bundle,assets/aa/Android/3008e59e3c7b6e3924f0a9e1114ecedf.bundle,Material,2
source,bundle,assets/aa/Android/3008e59e3c7b6e3924f0a9e1114ecedf.bundle,MonoBehaviour,19
source,bundle,assets/aa/Android/3008e59e3c7b6e3924f0a9e1114ecedf.bundle,MonoScript,9
source,bundle,assets/aa/Android/3008e59e3c7b6e3924f0a9e1114ecedf.bundle,RectTransform,9
source,bundle,assets/aa/Android/3008e59e3c7b6e3924f0a9e1114ecedf.bundle,Shader,8
source,bundle,assets/aa/Android/3008e59e3c7b6e3924f0a9e1114ecedf.bundle,ShaderVariantCollection,1
source,bundle,assets/aa/Android/3008e59e3c7b6e3924f0a9e1114ecedf.bundle,Texture2D,4
source,bundle,assets/aa/Android/3008e59e3c7b6e3924f0a9e1114ecedf.bundle,Transform,1
source,bundle,assets/aa/Android/302abe316048e7e0be07433beeb2ace4.bundle,AssetBundle,1
source,bundle,assets/aa/Android/302abe316048e7e0be07433beeb2ace4.bundle,TextAsset,1
source,bundle,assets/aa/Android/30332f75463ea7a8e74f3ae6a1d51f34.bundle,AssetBundle,1
source,bundle,assets/aa/Android/30332f75463ea7a8e74f3ae6a1d51f34.bundle,TextAsset,1
source,bundle,assets/aa/Android/30e4f5f3ca203519de483aa5f5db3c91.bundle,AssetBundle,1
source,bundle,assets/aa/Android/30e4f5f3ca203519de483aa5f5db3c91.bundle,AudioClip,1
source,bundle,assets/aa/Android/30ea9b0a0bfdac54a080e533235463d8.bundle,AssetBundle,1
source,bundle,assets/aa/Android/30ea9b0a0bfdac54a080e533235463d8.bundle,Sprite,1
source,bundle,assets/aa/Android/30ea9b0a0bfdac54a080e533235463d8.bundle,Texture2D,1
source,bundle,assets/aa/Android/30ef905233cac56db7c0a1f1e112b86f.bundle,AssetBundle,1
source,bundle,assets/aa/Android/30ef905233cac56db7c0a1f1e112b86f.bundle,TextAsset,1
source,bundle,assets/aa/Android/30f061083442cd4fc894a07bf1985a0c.bundle,AssetBundle,1
source,bundle,assets/aa/Android/30f061083442cd4fc894a07bf1985a0c.bundle,Sprite,1
source,bundle,assets/aa/Android/30f061083442cd4fc894a07bf1985a0c.bundle,Texture2D,1
source,bundle,assets/aa/Android/310131b240cd7377c91d757a0908ca4c.bundle,AssetBundle,1
source,bundle,assets/aa/Android/310131b240cd7377c91d757a0908ca4c.bundle,Sprite,1
source,bundle,assets/aa/Android/310131b240cd7377c91d757a0908ca4c.bundle,Texture2D,1
source,bundle,assets/aa/Android/3178af4318b1621e2b6fda625c0540f7.bundle,AssetBundle,1
source,bundle,assets/aa/Android/3178af4318b1621e2b6fda625c0540f7.bundle,Sprite,1
source,bundle,assets/aa/Android/3178af4318b1621e2b6fda625c0540f7.bundle,Texture2D,1
source,bundle,assets/aa/Android/31a53b4b37b2b179a1c71a09343556a4.bundle,AssetBundle,1
source,bundle,assets/aa/Android/31a53b4b37b2b179a1c71a09343556a4.bundle,TextAsset,1
source,bundle,assets/aa/Android/31cd218b965025a18bd1ca0b1fc18af4.bundle,AssetBundle,1
source,bundle,assets/aa/Android/31cd218b965025a18bd1ca0b1fc18af4.bundle,TextAsset,1
source,bundle,assets/aa/Android/31f25c4504646610274121122e2ba929.bundle,AssetBundle,1
source,bundle,assets/aa/Android/31f25c4504646610274121122e2ba929.bundle,TextAsset,1
source,bundle,assets/aa/Android/320d24e266bb1ddd20bd569d2c2debc5.bundle,AssetBundle,1
source,bundle,assets/aa/Android/320d24e266bb1ddd20bd569d2c2debc5.bundle,AudioClip,1
source,bundle,assets/aa/Android/323c24f16d770b237977446b360dd0e6.bundle,AssetBundle,1
source,bundle,assets/aa/Android/323c24f16d770b237977446b360dd0e6.bundle,AudioClip,1
source,bundle,assets/aa/Android/328232321b66ea747b9cd1f16816bca9.bundle,AssetBundle,1
source,bundle,assets/aa/Android/328232321b66ea747b9cd1f16816bca9.bundle,Sprite,1
source,bundle,assets/aa/Android/328232321b66ea747b9cd1f16816bca9.bundle,Texture2D,1
source,bundle,assets/aa/Android/328d141be260b93ae870b29e1815fcf7.bundle,AssetBundle,1
source,bundle,assets/aa/Android/328d141be260b93ae870b29e1815fcf7.bundle,TextAsset,1
source,bundle,assets/aa/Android/3296787225ba050b9722443b29168506.bundle,AssetBundle,1
source,bundle,assets/aa/Android/3296787225ba050b9722443b29168506.bundle,Sprite,1
source,bundle,assets/aa/Android/3296787225ba050b9722443b29168506.bundle,Texture2D,1
source,bundle,assets/aa/Android/32b09b30f4775954a4dd50bf479e7dc8.bundle,AssetBundle,1
source,bundle,assets/aa/Android/32b09b30f4775954a4dd50bf479e7dc8.bundle,TextAsset,1
source,bundle,assets/aa/Android/32c14ba3e1df741d80120fdc0c2c9998.bundle,AssetBundle,1
source,bundle,assets/aa/Android/32c14ba3e1df741d80120fdc0c2c9998.bundle,Sprite,1
source,bundle,assets/aa/Android/32c14ba3e1df741d80120fdc0c2c9998.bundle,Texture2D,1
source,bundle,assets/aa/Android/32d30fc4440c34e9614420ccadb1cbcb.bundle,AssetBundle,1
source,bundle,assets/aa/Android/32d30fc4440c34e9614420ccadb1cbcb.bundle,TextAsset,1
source,bundle,assets/aa/Android/33137637983d1164ce4aef4caff62697.bundle,AssetBundle,1
source,bundle,assets/aa/Android/33137637983d1164ce4aef4caff62697.bundle,TextAsset,1
source,bundle,assets/aa/Android/3314059f324979eb5f65d458fb27e8d5.bundle,AssetBundle,1
source,bundle,assets/aa/Android/3314059f324979eb5f65d458fb27e8d5.bundle,Sprite,1
source,bundle,assets/aa/Android/3314059f324979eb5f65d458fb27e8d5.bundle,Texture2D,1
source,bundle,assets/aa/Android/333b3f63fc16504d7969fc05b25f7c5c.bundle,AssetBundle,1
source,bundle,assets/aa/Android/333b3f63fc16504d7969fc05b25f7c5c.bundle,Sprite,1
source,bundle,assets/aa/Android/333b3f63fc16504d7969fc05b25f7c5c.bundle,Texture2D,1
source,bundle,assets/aa/Android/3340f9db540feb0d917ae69772ee2980.bundle,AssetBundle,1
source,bundle,assets/aa/Android/3340f9db540feb0d917ae69772ee2980.bundle,Sprite,1
source,bundle,assets/aa/Android/3340f9db540feb0d917ae69772ee2980.bundle,Texture2D,1
source,bundle,assets/aa/Android/33591a8cbe7254e5fb1af2b8830de4cc.bundle,AssetBundle,1
source,bundle,assets/aa/Android/33591a8cbe7254e5fb1af2b8830de4cc.bundle,Sprite,1
source,bundle,assets/aa/Android/33591a8cbe7254e5fb1af2b8830de4cc.bundle,Texture2D,1
source,bundle,assets/aa/Android/3362f8c262367bc881ce0ae9407704a9.bundle,AssetBundle,1
source,bundle,assets/aa/Android/3362f8c262367bc881ce0ae9407704a9.bundle,TextAsset,1
source,bundle,assets/aa/Android/339d0800499c8ba9234a3f4b3c8f85c5.bundle,AssetBundle,1
source,bundle,assets/aa/Android/339d0800499c8ba9234a3f4b3c8f85c5.bundle,AudioClip,1
source,bundle,assets/aa/Android/339e5eb118632702c461d6b77243fa2d.bundle,AssetBundle,1
source,bundle,assets/aa/Android/339e5eb118632702c461d6b77243fa2d.bundle,TextAsset,1
source,bundle,assets/aa/Android/33b2e4c66a53b43667ae50904987411b.bundle,AssetBundle,1
source,bundle,assets/aa/Android/33b2e4c66a53b43667ae50904987411b.bundle,Sprite,1
source,bundle,assets/aa/Android/33b2e4c66a53b43667ae50904987411b.bundle,Texture2D,1
source,bundle,assets/aa/Android/33cbb6730be9bff76e4830d747492fba.bundle,AssetBundle,1
source,bundle,assets/aa/Android/33cbb6730be9bff76e4830d747492fba.bundle,AudioClip,1
source,bundle,assets/aa/Android/33da4924308014293e4b36e45ae675ac.bundle,AssetBundle,1
source,bundle,assets/aa/Android/33da4924308014293e4b36e45ae675ac.bundle,TextAsset,1
source,bundle,assets/aa/Android/33e98187c019c83f09f2cfa440678942.bundle,AssetBundle,1
source,bundle,assets/aa/Android/33e98187c019c83f09f2cfa440678942.bundle,Sprite,1
source,bundle,assets/aa/Android/33e98187c019c83f09f2cfa440678942.bundle,Texture2D,1
source,bundle,assets/aa/Android/3400f850c434b9c6b5c6d74255ac2a2a.bundle,AssetBundle,1
source,bundle,assets/aa/Android/3400f850c434b9c6b5c6d74255ac2a2a.bundle,Sprite,1
source,bundle,assets/aa/Android/3400f850c434b9c6b5c6d74255ac2a2a.bundle,Texture2D,1
source,bundle,assets/aa/Android/340d4b90f550bd540ee2fe6701c75435.bundle,AssetBundle,1
source,bundle,assets/aa/Android/340d4b90f550bd540ee2fe6701c75435.bundle,TextAsset,1
source,bundle,assets/aa/Android/34126041eee34ca45bdb25afcbb4a2ab.bundle,AssetBundle,1
source,bundle,assets/aa/Android/34126041eee34ca45bdb25afcbb4a2ab.bundle,TextAsset,1
source,bundle,assets/aa/Android/34266129cef90c6ee583dce80ab725e5.bundle,AssetBundle,1
source,bundle,assets/aa/Android/34266129cef90c6ee583dce80ab725e5.bundle,TextAsset,1
source,bundle,assets/aa/Android/3437c925725cb9a40f1073c0658563a4.bundle,AssetBundle,1
source,bundle,assets/aa/Android/3437c925725cb9a40f1073c0658563a4.bundle,TextAsset,1
source,bundle,assets/aa/Android/3440f8a74a0e62f67e1e236197e74784.bundle,AssetBundle,1
source,bundle,assets/aa/Android/3440f8a74a0e62f67e1e236197e74784.bundle,Sprite,1
source,bundle,assets/aa/Android/3440f8a74a0e62f67e1e236197e74784.bundle,Texture2D,1
source,bundle,assets/aa/Android/3467d3f3ecad40740af05500a2c08c86.bundle,AssetBundle,1
source,bundle,assets/aa/Android/3467d3f3ecad40740af05500a2c08c86.bundle,Sprite,1
source,bundle,assets/aa/Android/3467d3f3ecad40740af05500a2c08c86.bundle,Texture2D,1
source,bundle,assets/aa/Android/346b750090bf0d340cd9e849974100d9.bundle,AssetBundle,1
source,bundle,assets/aa/Android/346b750090bf0d340cd9e849974100d9.bundle,TextAsset,1
source,bundle,assets/aa/Android/34aee9801fd3b6bd5434f000348a7d7b.bundle,AssetBundle,1
source,bundle,assets/aa/Android/34aee9801fd3b6bd5434f000348a7d7b.bundle,Sprite,1
source,bundle,assets/aa/Android/34aee9801fd3b6bd5434f000348a7d7b.bundle,Texture2D,1
source,bundle,assets/aa/Android/34d15a06062261025cb542c68aa6b49a.bundle,AssetBundle,1
source,bundle,assets/aa/Android/34d15a06062261025cb542c68aa6b49a.bundle,Sprite,1
source,bundle,assets/aa/Android/34d15a06062261025cb542c68aa6b49a.bundle,Texture2D,1
source,bundle,assets/aa/Android/34dfb12c4943a33fa0d976670875842d.bundle,AssetBundle,1
source,bundle,assets/aa/Android/34dfb12c4943a33fa0d976670875842d.bundle,TextAsset,1
source,bundle,assets/aa/Android/35285b2f11376eeaf4c5815d5e481ab0.bundle,AssetBundle,1
source,bundle,assets/aa/Android/35285b2f11376eeaf4c5815d5e481ab0.bundle,TextAsset,1
source,bundle,assets/aa/Android/35337a36b57d95233e4157e60cbd685d.bundle,AssetBundle,1
source,bundle,assets/aa/Android/35337a36b57d95233e4157e60cbd685d.bundle,Sprite,1
source,bundle,assets/aa/Android/35337a36b57d95233e4157e60cbd685d.bundle,Texture2D,1
source,bundle,assets/aa/Android/354805c1cc558cf289ab8fcb45601242.bundle,AssetBundle,1
source,bundle,assets/aa/Android/354805c1cc558cf289ab8fcb45601242.bundle,Sprite,1
source,bundle,assets/aa/Android/354805c1cc558cf289ab8fcb45601242.bundle,Texture2D,1
source,bundle,assets/aa/Android/35523a65bf7275fdef9e48538a67caa1.bundle,AssetBundle,1
source,bundle,assets/aa/Android/35523a65bf7275fdef9e48538a67caa1.bundle,Sprite,1
source,bundle,assets/aa/Android/35523a65bf7275fdef9e48538a67caa1.bundle,Texture2D,1
source,bundle,assets/aa/Android/35b8655574de7173c2bc643c04ed5570.bundle,AssetBundle,1
source,bundle,assets/aa/Android/35b8655574de7173c2bc643c04ed5570.bundle,TextAsset,1
source,bundle,assets/aa/Android/35dc190c66c3e7f5d4cfc12edce983ce.bundle,AssetBundle,1
source,bundle,assets/aa/Android/35dc190c66c3e7f5d4cfc12edce983ce.bundle,Sprite,1
source,bundle,assets/aa/Android/35dc190c66c3e7f5d4cfc12edce983ce.bundle,Texture2D,1
source,bundle,assets/aa/Android/35dc9a0642cbd415aa1824b4033c4038.bundle,AssetBundle,1
source,bundle,assets/aa/Android/35dc9a0642cbd415aa1824b4033c4038.bundle,TextAsset,1
source,bundle,assets/aa/Android/3617c892204a1003a81e8eabfc41d028.bundle,AssetBundle,1
source,bundle,assets/aa/Android/3617c892204a1003a81e8eabfc41d028.bundle,TextAsset,1
source,bundle,assets/aa/Android/362012e642d3ccbae9b2cd5b58f460e8.bundle,AssetBundle,1
source,bundle,assets/aa/Android/362012e642d3ccbae9b2cd5b58f460e8.bundle,TextAsset,1
source,bundle,assets/aa/Android/362b20dad49610f2533bb92ff1eba191.bundle,AssetBundle,1
source,bundle,assets/aa/Android/362b20dad49610f2533bb92ff1eba191.bundle,Sprite,1
source,bundle,assets/aa/Android/362b20dad49610f2533bb92ff1eba191.bundle,Texture2D,1
source,bundle,assets/aa/Android/362b879692161666cf065bdb5e73d9fe.bundle,AssetBundle,1
source,bundle,assets/aa/Android/362b879692161666cf065bdb5e73d9fe.bundle,TextAsset,1
source,bundle,assets/aa/Android/362b8bb62e7b289dd85deaa2a036633d.bundle,AssetBundle,1
source,bundle,assets/aa/Android/362b8bb62e7b289dd85deaa2a036633d.bundle,AudioClip,1
source,bundle,assets/aa/Android/367c4c8ed3e88a247772c4b958bbfe87.bundle,AssetBundle,1
source,bundle,assets/aa/Android/367c4c8ed3e88a247772c4b958bbfe87.bundle,TextAsset,1
source,bundle,assets/aa/Android/3686b26a358ff83e013bdc82cc4934a0.bundle,AssetBundle,1
source,bundle,assets/aa/Android/3686b26a358ff83e013bdc82cc4934a0.bundle,AudioClip,1
source,bundle,assets/aa/Android/369b67dc78bd62c23a4e0e962d32d92a.bundle,AssetBundle,1
source,bundle,assets/aa/Android/369b67dc78bd62c23a4e0e962d32d92a.bundle,TextAsset,1
source,bundle,assets/aa/Android/36c1cd2425f67bcbbdd1f1177b7c5739.bundle,AssetBundle,1
source,bundle,assets/aa/Android/36c1cd2425f67bcbbdd1f1177b7c5739.bundle,TextAsset,1
source,bundle,assets/aa/Android/36e7cc2c6ea8475b61faaea08af76f0f.bundle,AssetBundle,1
source,bundle,assets/aa/Android/36e7cc2c6ea8475b61faaea08af76f0f.bundle,Sprite,1
source,bundle,assets/aa/Android/36e7cc2c6ea8475b61faaea08af76f0f.bundle,Texture2D,1
source,bundle,assets/aa/Android/36f0f9b6f8b9ea9b575259733184d63a.bundle,AssetBundle,1
source,bundle,assets/aa/Android/36f0f9b6f8b9ea9b575259733184d63a.bundle,Sprite,1
source,bundle,assets/aa/Android/36f0f9b6f8b9ea9b575259733184d63a.bundle,Texture2D,1
source,bundle,assets/aa/Android/36f7b8efa339d5c2ba49e99ab3023292.bundle,AssetBundle,1
source,bundle,assets/aa/Android/36f7b8efa339d5c2ba49e99ab3023292.bundle,AudioClip,1
source,bundle,assets/aa/Android/3726ef6bf2bf5f723a6c1780c84da90a.bundle,AssetBundle,1
source,bundle,assets/aa/Android/3726ef6bf2bf5f723a6c1780c84da90a.bundle,AudioClip,1
source,bundle,assets/aa/Android/37552108fd0ab30a8031197f9302bdcf.bundle,AssetBundle,1
source,bundle,assets/aa/Android/37552108fd0ab30a8031197f9302bdcf.bundle,Sprite,1
source,bundle,assets/aa/Android/37552108fd0ab30a8031197f9302bdcf.bundle,Texture2D,1
source,bundle,assets/aa/Android/376fa57190cf3674fa3d1fa2b301265f.bundle,AssetBundle,1
source,bundle,assets/aa/Android/376fa57190cf3674fa3d1fa2b301265f.bundle,Sprite,1
source,bundle,assets/aa/Android/376fa57190cf3674fa3d1fa2b301265f.bundle,Texture2D,1
source,bundle,assets/aa/Android/379c75c1b7c625afda82757b96210adc.bundle,AssetBundle,1
source,bundle,assets/aa/Android/379c75c1b7c625afda82757b96210adc.bundle,Sprite,1
source,bundle,assets/aa/Android/379c75c1b7c625afda82757b96210adc.bundle,Texture2D,1
source,bundle,assets/aa/Android/37a090585f514d9a2d1e586f2d8a777a.bundle,AssetBundle,1
source,bundle,assets/aa/Android/37a090585f514d9a2d1e586f2d8a777a.bundle,TextAsset,1
source,bundle,assets/aa/Android/37ae66ee992357ebd324d8b13ead181a.bundle,AssetBundle,1
source,bundle,assets/aa/Android/37ae66ee992357ebd324d8b13ead181a.bundle,Sprite,1
source,bundle,assets/aa/Android/37ae66ee992357ebd324d8b13ead181a.bundle,Texture2D,1
source,bundle,assets/aa/Android/37b1d9192013a65282e6f88d986c6e51.bundle,AssetBundle,1
source,bundle,assets/aa/Android/37b1d9192013a65282e6f88d986c6e51.bundle,Sprite,1
source,bundle,assets/aa/Android/37b1d9192013a65282e6f88d986c6e51.bundle,Texture2D,1
source,bundle,assets/aa/Android/37b70fc34bc211b3cd2f9213518dff97.bundle,AssetBundle,1
source,bundle,assets/aa/Android/37b70fc34bc211b3cd2f9213518dff97.bundle,TextAsset,1
source,bundle,assets/aa/Android/3808c458a1d14b65f74b25ea3889653b.bundle,AssetBundle,1
source,bundle,assets/aa/Android/3808c458a1d14b65f74b25ea3889653b.bundle,Sprite,1
source,bundle,assets/aa/Android/3808c458a1d14b65f74b25ea3889653b.bundle,Texture2D,1
source,bundle,assets/aa/Android/3815b420434f7f8e105caeddc8776c28.bundle,AssetBundle,1
source,bundle,assets/aa/Android/3815b420434f7f8e105caeddc8776c28.bundle,Sprite,1
source,bundle,assets/aa/Android/3815b420434f7f8e105caeddc8776c28.bundle,Texture2D,1
source,bundle,assets/aa/Android/3817720f505b682fcb4c94ae1515130d.bundle,AssetBundle,1
source,bundle,assets/aa/Android/3817720f505b682fcb4c94ae1515130d.bundle,Sprite,1
source,bundle,assets/aa/Android/3817720f505b682fcb4c94ae1515130d.bundle,Texture2D,1
source,bundle,assets/aa/Android/381d29fcaeb3d80099b9cbbc1f93426a.bundle,AssetBundle,1
source,bundle,assets/aa/Android/381d29fcaeb3d80099b9cbbc1f93426a.bundle,Sprite,1
source,bundle,assets/aa/Android/381d29fcaeb3d80099b9cbbc1f93426a.bundle,Texture2D,1
source,bundle,assets/aa/Android/384e0f2a710a2c9f21cb65869d1d4202.bundle,AssetBundle,1
source,bundle,assets/aa/Android/384e0f2a710a2c9f21cb65869d1d4202.bundle,Sprite,1
source,bundle,assets/aa/Android/384e0f2a710a2c9f21cb65869d1d4202.bundle,Texture2D,1
source,bundle,assets/aa/Android/3860298552c6d1bf17a64fe00c3d8f3d.bundle,AssetBundle,1
source,bundle,assets/aa/Android/3860298552c6d1bf17a64fe00c3d8f3d.bundle,Sprite,1
source,bundle,assets/aa/Android/3860298552c6d1bf17a64fe00c3d8f3d.bundle,Texture2D,1
source,bundle,assets/aa/Android/3868286731e49683a8b0f5751f28f305.bundle,AssetBundle,1
source,bundle,assets/aa/Android/3868286731e49683a8b0f5751f28f305.bundle,TextAsset,1
source,bundle,assets/aa/Android/386e862c46d0631774d1db062ae7ce28.bundle,AssetBundle,1
source,bundle,assets/aa/Android/386e862c46d0631774d1db062ae7ce28.bundle,Sprite,1
source,bundle,assets/aa/Android/386e862c46d0631774d1db062ae7ce28.bundle,Texture2D,1
source,bundle,assets/aa/Android/388baf88fc2dd3fbfd6e18985416ba6b.bundle,AssetBundle,1
source,bundle,assets/aa/Android/388baf88fc2dd3fbfd6e18985416ba6b.bundle,Sprite,1
source,bundle,assets/aa/Android/388baf88fc2dd3fbfd6e18985416ba6b.bundle,Texture2D,1
source,bundle,assets/aa/Android/38908d92265640a676287b3088fec846.bundle,AssetBundle,1
source,bundle,assets/aa/Android/38908d92265640a676287b3088fec846.bundle,Sprite,1
source,bundle,assets/aa/Android/38908d92265640a676287b3088fec846.bundle,Texture2D,1
source,bundle,assets/aa/Android/38a9b5b47e32eb16e8e902b6c9c7fc7f.bundle,AssetBundle,1
source,bundle,assets/aa/Android/38a9b5b47e32eb16e8e902b6c9c7fc7f.bundle,AudioClip,1
source,bundle,assets/aa/Android/38c4045bfbb696afdcf2b92fcd87ddee.bundle,AssetBundle,1
source,bundle,assets/aa/Android/38c4045bfbb696afdcf2b92fcd87ddee.bundle,Sprite,1
source,bundle,assets/aa/Android/38c4045bfbb696afdcf2b92fcd87ddee.bundle,Texture2D,1
source,bundle,assets/aa/Android/38c9b69e8cdf85759d94c9d825211bb8.bundle,AssetBundle,1
source,bundle,assets/aa/Android/38c9b69e8cdf85759d94c9d825211bb8.bundle,Sprite,1
source,bundle,assets/aa/Android/38c9b69e8cdf85759d94c9d825211bb8.bundle,Texture2D,1
source,bundle,assets/aa/Android/39029490eb70195ecd375e8bbd416d86.bundle,AssetBundle,1
source,bundle,assets/aa/Android/39029490eb70195ecd375e8bbd416d86.bundle,Sprite,1
source,bundle,assets/aa/Android/39029490eb70195ecd375e8bbd416d86.bundle,Texture2D,1
source,bundle,assets/aa/Android/393462e1d9859f9843113d86193385e4.bundle,AssetBundle,1
source,bundle,assets/aa/Android/393462e1d9859f9843113d86193385e4.bundle,Sprite,1
source,bundle,assets/aa/Android/393462e1d9859f9843113d86193385e4.bundle,Texture2D,1
source,bundle,assets/aa/Android/395143cde75f2c65e74f4b7b43bcb7d2.bundle,AssetBundle,1
source,bundle,assets/aa/Android/395143cde75f2c65e74f4b7b43bcb7d2.bundle,TextAsset,1
source,bundle,assets/aa/Android/398f700a99f23ccc3b1b2c5eefa1b4d5.bundle,AssetBundle,1
source,bundle,assets/aa/Android/398f700a99f23ccc3b1b2c5eefa1b4d5.bundle,AudioClip,1
source,bundle,assets/aa/Android/39ad96177ef123e22681b51a113de09b.bundle,AssetBundle,1
source,bundle,assets/aa/Android/39ad96177ef123e22681b51a113de09b.bundle,Sprite,1
source,bundle,assets/aa/Android/39ad96177ef123e22681b51a113de09b.bundle,Texture2D,1
source,bundle,assets/aa/Android/39af317fcab98c195bfe12fea4c60712.bundle,AssetBundle,1
source,bundle,assets/aa/Android/39af317fcab98c195bfe12fea4c60712.bundle,TextAsset,1
source,bundle,assets/aa/Android/39eeeb02e9d1079f8a398aca9bbdad62.bundle,AssetBundle,1
source,bundle,assets/aa/Android/39eeeb02e9d1079f8a398aca9bbdad62.bundle,Sprite,1
source,bundle,assets/aa/Android/39eeeb02e9d1079f8a398aca9bbdad62.bundle,Texture2D,1
source,bundle,assets/aa/Android/3a046d8c6ce85c96b71a4fa4e07bdb0b.bundle,AssetBundle,1
source,bundle,assets/aa/Android/3a046d8c6ce85c96b71a4fa4e07bdb0b.bundle,Sprite,1
source,bundle,assets/aa/Android/3a046d8c6ce85c96b71a4fa4e07bdb0b.bundle,Texture2D,1
source,bundle,assets/aa/Android/3a2dc7677ff4236e3c7d15ca3c5a51d6.bundle,AssetBundle,1
source,bundle,assets/aa/Android/3a2dc7677ff4236e3c7d15ca3c5a51d6.bundle,AudioClip,1
source,bundle,assets/aa/Android/3a3f36a20a8f9fb693f3c197a17d4693.bundle,AssetBundle,1
source,bundle,assets/aa/Android/3a3f36a20a8f9fb693f3c197a17d4693.bundle,TextAsset,1
source,bundle,assets/aa/Android/3a424fcaf947e70e7c561e439547ccf5.bundle,AssetBundle,1
source,bundle,assets/aa/Android/3a424fcaf947e70e7c561e439547ccf5.bundle,Sprite,1
source,bundle,assets/aa/Android/3a424fcaf947e70e7c561e439547ccf5.bundle,Texture2D,1
source,bundle,assets/aa/Android/3a5005fbd6f3ae77ad9f21e5d03e2a25.bundle,AssetBundle,1
source,bundle,assets/aa/Android/3a5005fbd6f3ae77ad9f21e5d03e2a25.bundle,Sprite,1
source,bundle,assets/aa/Android/3a5005fbd6f3ae77ad9f21e5d03e2a25.bundle,Texture2D,1
source,bundle,assets/aa/Android/3a8c705c2869eb2ce84c16e5bed1889c.bundle,AssetBundle,1
source,bundle,assets/aa/Android/3a8c705c2869eb2ce84c16e5bed1889c.bundle,TextAsset,1
source,bundle,assets/aa/Android/3aab743c284c83f181ea7e9dcdfb2fc6.bundle,AssetBundle,1
source,bundle,assets/aa/Android/3aab743c284c83f181ea7e9dcdfb2fc6.bundle,AudioClip,1
source,bundle,assets/aa/Android/3af60541a60a6724241c82c2e2583fdf.bundle,AssetBundle,1
source,bundle,assets/aa/Android/3af60541a60a6724241c82c2e2583fdf.bundle,Sprite,1
source,bundle,assets/aa/Android/3af60541a60a6724241c82c2e2583fdf.bundle,Texture2D,1
source,bundle,assets/aa/Android/3b018327912a9219949329e9a74a8c21.bundle,AssetBundle,1
source,bundle,assets/aa/Android/3b018327912a9219949329e9a74a8c21.bundle,Sprite,1
source,bundle,assets/aa/Android/3b018327912a9219949329e9a74a8c21.bundle,Texture2D,1
source,bundle,assets/aa/Android/3b29f802f25071179888d8c133e3ee9d.bundle,AssetBundle,1
source,bundle,assets/aa/Android/3b29f802f25071179888d8c133e3ee9d.bundle,TextAsset,1
source,bundle,assets/aa/Android/3b4b27fcf2663ddf76ff4674594e36d2.bundle,AssetBundle,1
source,bundle,assets/aa/Android/3b4b27fcf2663ddf76ff4674594e36d2.bundle,TextAsset,1
source,bundle,assets/aa/Android/3b5dc6c2f5f7c9f8fba83d135260ce61.bundle,AssetBundle,1
source,bundle,assets/aa/Android/3b5dc6c2f5f7c9f8fba83d135260ce61.bundle,TextAsset,1
source,bundle,assets/aa/Android/3b679c7e978b7b62775b415759af05fd.bundle,AssetBundle,1
source,bundle,assets/aa/Android/3b679c7e978b7b62775b415759af05fd.bundle,TextAsset,1
source,bundle,assets/aa/Android/3b6c32f19203b4d17584ea339af796c7.bundle,AssetBundle,1
source,bundle,assets/aa/Android/3b6c32f19203b4d17584ea339af796c7.bundle,Sprite,1
source,bundle,assets/aa/Android/3b6c32f19203b4d17584ea339af796c7.bundle,Texture2D,1
source,bundle,assets/aa/Android/3b8db3adb809c503763078fd826946ce.bundle,AssetBundle,1
source,bundle,assets/aa/Android/3b8db3adb809c503763078fd826946ce.bundle,TextAsset,1
source,bundle,assets/aa/Android/3bac9ca50a624fbb2adcd688dd6bb570.bundle,AssetBundle,1
source,bundle,assets/aa/Android/3bac9ca50a624fbb2adcd688dd6bb570.bundle,TextAsset,1
source,bundle,assets/aa/Android/3bb3bc17d773ae6db0e0b5e65dd5ff3f.bundle,AssetBundle,1
source,bundle,assets/aa/Android/3bb3bc17d773ae6db0e0b5e65dd5ff3f.bundle,Sprite,1
source,bundle,assets/aa/Android/3bb3bc17d773ae6db0e0b5e65dd5ff3f.bundle,Texture2D,1
source,bundle,assets/aa/Android/3bc450d6de7efed65ac72611a15a17bd.bundle,AssetBundle,1
source,bundle,assets/aa/Android/3bc450d6de7efed65ac72611a15a17bd.bundle,TextAsset,1
source,bundle,assets/aa/Android/3be54b8cbe28f10f990ea5d131656c7b.bundle,AssetBundle,1
source,bundle,assets/aa/Android/3be54b8cbe28f10f990ea5d131656c7b.bundle,TextAsset,1
source,bundle,assets/aa/Android/3c188def871d5ef12493bc3b829a5e41.bundle,AssetBundle,1
source,bundle,assets/aa/Android/3c188def871d5ef12493bc3b829a5e41.bundle,Sprite,1
source,bundle,assets/aa/Android/3c188def871d5ef12493bc3b829a5e41.bundle,Texture2D,1
source,bundle,assets/aa/Android/3c1eba398fd70d8f7ed91223b4b77bba.bundle,AssetBundle,1
source,bundle,assets/aa/Android/3c1eba398fd70d8f7ed91223b4b77bba.bundle,Sprite,1
source,bundle,assets/aa/Android/3c1eba398fd70d8f7ed91223b4b77bba.bundle,Texture2D,1
source,bundle,assets/aa/Android/3c1f87ccb5105dc34481e88b702df640.bundle,AssetBundle,1
source,bundle,assets/aa/Android/3c1f87ccb5105dc34481e88b702df640.bundle,TextAsset,1
source,bundle,assets/aa/Android/3c5cc61c5f117413e3dc69b0320e0058.bundle,AssetBundle,1
source,bundle,assets/aa/Android/3c5cc61c5f117413e3dc69b0320e0058.bundle,AudioClip,1
source,bundle,assets/aa/Android/3c603fecf4d073b97f59b8c0b896ac2d.bundle,AssetBundle,1
source,bundle,assets/aa/Android/3c603fecf4d073b97f59b8c0b896ac2d.bundle,TextAsset,1
source,bundle,assets/aa/Android/3c8f9e5b6285582b21cd5001a1bdc9fc.bundle,AssetBundle,1
source,bundle,assets/aa/Android/3c8f9e5b6285582b21cd5001a1bdc9fc.bundle,Sprite,1
source,bundle,assets/aa/Android/3c8f9e5b6285582b21cd5001a1bdc9fc.bundle,Texture2D,1
source,bundle,assets/aa/Android/3cb5da582416fc3914f32ec8e05cba79.bundle,AssetBundle,1
source,bundle,assets/aa/Android/3cb5da582416fc3914f32ec8e05cba79.bundle,TextAsset,1
source,bundle,assets/aa/Android/3cd0b04f3e3fda7da14dbb6e2cdd69b8.bundle,AssetBundle,1
source,bundle,assets/aa/Android/3cd0b04f3e3fda7da14dbb6e2cdd69b8.bundle,TextAsset,1
source,bundle,assets/aa/Android/3cd760c0257de8a262d98e6e3752f4b4.bundle,AssetBundle,1
source,bundle,assets/aa/Android/3cd760c0257de8a262d98e6e3752f4b4.bundle,TextAsset,1
source,bundle,assets/aa/Android/3cf3dcbf3a6e195b3cfdf5f82e4d3c92.bundle,AssetBundle,1
source,bundle,assets/aa/Android/3cf3dcbf3a6e195b3cfdf5f82e4d3c92.bundle,AudioClip,1
source,bundle,assets/aa/Android/3d26e8d51e8ab444ab5301d2f5fb56b4.bundle,AssetBundle,1
source,bundle,assets/aa/Android/3d26e8d51e8ab444ab5301d2f5fb56b4.bundle,AudioClip,1
source,bundle,assets/aa/Android/3d3a230cd542890d283fccf5e1d3707e.bundle,AssetBundle,1
source,bundle,assets/aa/Android/3d3a230cd542890d283fccf5e1d3707e.bundle,TextAsset,1
source,bundle,assets/aa/Android/3d4e3f75f8d36985696e6ab935ca68f8.bundle,AssetBundle,1
source,bundle,assets/aa/Android/3d4e3f75f8d36985696e6ab935ca68f8.bundle,TextAsset,1
source,bundle,assets/aa/Android/3d56a6cfecd143786e3ac1eaa11f2c2c.bundle,AssetBundle,1
source,bundle,assets/aa/Android/3d56a6cfecd143786e3ac1eaa11f2c2c.bundle,TextAsset,1
source,bundle,assets/aa/Android/3d7849ee910bc43aa92d5ec1a2ab0c72.bundle,AssetBundle,1
source,bundle,assets/aa/Android/3d7849ee910bc43aa92d5ec1a2ab0c72.bundle,Sprite,1
source,bundle,assets/aa/Android/3d7849ee910bc43aa92d5ec1a2ab0c72.bundle,Texture2D,1
source,bundle,assets/aa/Android/3d7cefedf292429c8fc2914e711ce713.bundle,AssetBundle,1
source,bundle,assets/aa/Android/3d7cefedf292429c8fc2914e711ce713.bundle,TextAsset,1
source,bundle,assets/aa/Android/3d8a6264daa2ae6b529bcc2ea8c8f96e.bundle,AssetBundle,1
source,bundle,assets/aa/Android/3d8a6264daa2ae6b529bcc2ea8c8f96e.bundle,Sprite,1
source,bundle,assets/aa/Android/3d8a6264daa2ae6b529bcc2ea8c8f96e.bundle,Texture2D,1
source,bundle,assets/aa/Android/3d8e0d65acaed949cb2176797ff7f32f.bundle,AssetBundle,1
source,bundle,assets/aa/Android/3d8e0d65acaed949cb2176797ff7f32f.bundle,Sprite,1
source,bundle,assets/aa/Android/3d8e0d65acaed949cb2176797ff7f32f.bundle,Texture2D,1
source,bundle,assets/aa/Android/3d9b8ad2916341e820c0bf8659c996d7.bundle,AssetBundle,1
source,bundle,assets/aa/Android/3d9b8ad2916341e820c0bf8659c996d7.bundle,Sprite,1
source,bundle,assets/aa/Android/3d9b8ad2916341e820c0bf8659c996d7.bundle,Texture2D,1
source,bundle,assets/aa/Android/3dab59d1cc8f6a24f7009191c8b1acd1.bundle,AssetBundle,1
source,bundle,assets/aa/Android/3dab59d1cc8f6a24f7009191c8b1acd1.bundle,AudioClip,1
source,bundle,assets/aa/Android/3dad02d0835baf0c8b11ffd00f5e2b7f.bundle,AssetBundle,1
source,bundle,assets/aa/Android/3dad02d0835baf0c8b11ffd00f5e2b7f.bundle,AudioClip,1
source,bundle,assets/aa/Android/3db63de2965aaa900f8255cabf2935c4.bundle,AssetBundle,1
source,bundle,assets/aa/Android/3db63de2965aaa900f8255cabf2935c4.bundle,Sprite,1
source,bundle,assets/aa/Android/3db63de2965aaa900f8255cabf2935c4.bundle,Texture2D,1
source,bundle,assets/aa/Android/3dc856516edf7b8c8f7efb1c7ffc65bb.bundle,AssetBundle,1
source,bundle,assets/aa/Android/3dc856516edf7b8c8f7efb1c7ffc65bb.bundle,TextAsset,1
source,bundle,assets/aa/Android/3de28e4b0ee101ca109d7880bd533822.bundle,AssetBundle,1
source,bundle,assets/aa/Android/3de28e4b0ee101ca109d7880bd533822.bundle,Sprite,1
source,bundle,assets/aa/Android/3de28e4b0ee101ca109d7880bd533822.bundle,Texture2D,1
source,bundle,assets/aa/Android/3df2dfb9676f9165140f3d2bf8639641.bundle,AssetBundle,1
source,bundle,assets/aa/Android/3df2dfb9676f9165140f3d2bf8639641.bundle,Sprite,1
source,bundle,assets/aa/Android/3df2dfb9676f9165140f3d2bf8639641.bundle,Texture2D,1
source,bundle,assets/aa/Android/3e205a07b5594b3c483b61a17c80b71d.bundle,AssetBundle,1
source,bundle,assets/aa/Android/3e205a07b5594b3c483b61a17c80b71d.bundle,TextAsset,1
source,bundle,assets/aa/Android/3e38b6158bf5b66a546cff2ad443d7d2.bundle,AssetBundle,1
source,bundle,assets/aa/Android/3e38b6158bf5b66a546cff2ad443d7d2.bundle,Sprite,1
source,bundle,assets/aa/Android/3e38b6158bf5b66a546cff2ad443d7d2.bundle,Texture2D,1
source,bundle,assets/aa/Android/3e40dfc5298c9fbf9e435ca0398b228c.bundle,AssetBundle,1
source,bundle,assets/aa/Android/3e40dfc5298c9fbf9e435ca0398b228c.bundle,Sprite,1
source,bundle,assets/aa/Android/3e40dfc5298c9fbf9e435ca0398b228c.bundle,Texture2D,1
source,bundle,assets/aa/Android/3e556417b46804b3dd6787d68459ec01.bundle,AssetBundle,1
source,bundle,assets/aa/Android/3e556417b46804b3dd6787d68459ec01.bundle,AudioClip,1
source,bundle,assets/aa/Android/3e7d255112ef48b54d00a114fee42ffb.bundle,AssetBundle,1
source,bundle,assets/aa/Android/3e7d255112ef48b54d00a114fee42ffb.bundle,TextAsset,1
source,bundle,assets/aa/Android/3e813b834f2867e0f3f4356c3637f78f.bundle,AssetBundle,1
source,bundle,assets/aa/Android/3e813b834f2867e0f3f4356c3637f78f.bundle,TextAsset,1
source,bundle,assets/aa/Android/3eb00dc9fe373e9ccb6f8cd186efcd82.bundle,AssetBundle,1
source,bundle,assets/aa/Android/3eb00dc9fe373e9ccb6f8cd186efcd82.bundle,Sprite,1
source,bundle,assets/aa/Android/3eb00dc9fe373e9ccb6f8cd186efcd82.bundle,Texture2D,1
source,bundle,assets/aa/Android/3eba5b2db2c2363d11d1e3464a2a9b81.bundle,AssetBundle,1
source,bundle,assets/aa/Android/3eba5b2db2c2363d11d1e3464a2a9b81.bundle,Sprite,1
source,bundle,assets/aa/Android/3eba5b2db2c2363d11d1e3464a2a9b81.bundle,Texture2D,1
source,bundle,assets/aa/Android/3ebdf804df8b3eda1613b6d02ce50019.bundle,AssetBundle,1
source,bundle,assets/aa/Android/3ebdf804df8b3eda1613b6d02ce50019.bundle,TextAsset,1
source,bundle,assets/aa/Android/3ec1b5dc4fdcf8276f6867f786bad6d8.bundle,AssetBundle,1
source,bundle,assets/aa/Android/3ec1b5dc4fdcf8276f6867f786bad6d8.bundle,AudioClip,1
source,bundle,assets/aa/Android/3ed9b5b27cef61ee9535b054a106dacc.bundle,AssetBundle,1
source,bundle,assets/aa/Android/3ed9b5b27cef61ee9535b054a106dacc.bundle,TextAsset,1
source,bundle,assets/aa/Android/3ee2ee6d88a6877b4b033b420f25c0c4.bundle,AssetBundle,1
source,bundle,assets/aa/Android/3ee2ee6d88a6877b4b033b420f25c0c4.bundle,TextAsset,1
source,bundle,assets/aa/Android/3eea09fc893c25518d1bb5fd1b7d04ca.bundle,AssetBundle,1
source,bundle,assets/aa/Android/3eea09fc893c25518d1bb5fd1b7d04ca.bundle,Sprite,1
source,bundle,assets/aa/Android/3eea09fc893c25518d1bb5fd1b7d04ca.bundle,Texture2D,1
source,bundle,assets/aa/Android/3ef3d371ff27c097630f940df61e05a1.bundle,AssetBundle,1
source,bundle,assets/aa/Android/3ef3d371ff27c097630f940df61e05a1.bundle,Sprite,1
source,bundle,assets/aa/Android/3ef3d371ff27c097630f940df61e05a1.bundle,Texture2D,1
source,bundle,assets/aa/Android/3f088a42a4ae10e928004570e5c4b877.bundle,AssetBundle,1
source,bundle,assets/aa/Android/3f088a42a4ae10e928004570e5c4b877.bundle,Sprite,1
source,bundle,assets/aa/Android/3f088a42a4ae10e928004570e5c4b877.bundle,Texture2D,1
source,bundle,assets/aa/Android/3f21b622e6677a6822a9ba742abf00f4.bundle,AssetBundle,1
source,bundle,assets/aa/Android/3f21b622e6677a6822a9ba742abf00f4.bundle,Sprite,1
source,bundle,assets/aa/Android/3f21b622e6677a6822a9ba742abf00f4.bundle,Texture2D,1
source,bundle,assets/aa/Android/3f31ddd7fd4f94889473018da62efc98.bundle,AssetBundle,1
source,bundle,assets/aa/Android/3f31ddd7fd4f94889473018da62efc98.bundle,TextAsset,1
source,bundle,assets/aa/Android/3f3c531e911d1ff1a896cbadf0138a92.bundle,AssetBundle,1
source,bundle,assets/aa/Android/3f3c531e911d1ff1a896cbadf0138a92.bundle,TextAsset,1
source,bundle,assets/aa/Android/3f59415c5f9327bc2c975671e42a7a90.bundle,AssetBundle,1
source,bundle,assets/aa/Android/3f59415c5f9327bc2c975671e42a7a90.bundle,Sprite,1
source,bundle,assets/aa/Android/3f59415c5f9327bc2c975671e42a7a90.bundle,Texture2D,1
source,bundle,assets/aa/Android/3f83c9557de707c154e47a04cf0d34f1.bundle,AssetBundle,1
source,bundle,assets/aa/Android/3f83c9557de707c154e47a04cf0d34f1.bundle,AudioClip,1
source,bundle,assets/aa/Android/3f84ac2b118dfaae1f886aeda7d91040.bundle,AssetBundle,1
source,bundle,assets/aa/Android/3f84ac2b118dfaae1f886aeda7d91040.bundle,Sprite,1
source,bundle,assets/aa/Android/3f84ac2b118dfaae1f886aeda7d91040.bundle,Texture2D,1
source,bundle,assets/aa/Android/3fadb98fc06c4f9b52caa8ff9ca1879d.bundle,AssetBundle,1
source,bundle,assets/aa/Android/3fadb98fc06c4f9b52caa8ff9ca1879d.bundle,TextAsset,1
source,bundle,assets/aa/Android/3fc48c95144723db0cc5b1ce47692b39.bundle,AssetBundle,1
source,bundle,assets/aa/Android/3fc48c95144723db0cc5b1ce47692b39.bundle,Sprite,1
source,bundle,assets/aa/Android/3fc48c95144723db0cc5b1ce47692b39.bundle,Texture2D,1
source,bundle,assets/aa/Android/3ff0b5521862ee0952145e8f7fe399e9.bundle,AssetBundle,1
source,bundle,assets/aa/Android/3ff0b5521862ee0952145e8f7fe399e9.bundle,TextAsset,1
source,bundle,assets/aa/Android/3ffb1627b4a35066fa1d0f4438ed8313.bundle,AssetBundle,1
source,bundle,assets/aa/Android/3ffb1627b4a35066fa1d0f4438ed8313.bundle,Sprite,1
source,bundle,assets/aa/Android/3ffb1627b4a35066fa1d0f4438ed8313.bundle,Texture2D,1
source,bundle,assets/aa/Android/4013638eefb8186869a6f9c1f6fe5b75.bundle,AssetBundle,1
source,bundle,assets/aa/Android/4013638eefb8186869a6f9c1f6fe5b75.bundle,TextAsset,1
source,bundle,assets/aa/Android/4019f246f44c2efab1a605b656a25934.bundle,AssetBundle,1
source,bundle,assets/aa/Android/4019f246f44c2efab1a605b656a25934.bundle,Sprite,1
source,bundle,assets/aa/Android/4019f246f44c2efab1a605b656a25934.bundle,Texture2D,1
source,bundle,assets/aa/Android/401aefe8840aebc15c2e70afbd93b2f9.bundle,AssetBundle,1
source,bundle,assets/aa/Android/401aefe8840aebc15c2e70afbd93b2f9.bundle,Sprite,1
source,bundle,assets/aa/Android/401aefe8840aebc15c2e70afbd93b2f9.bundle,Texture2D,1
source,bundle,assets/aa/Android/4023d1b36be969ff56594429dc7a317d.bundle,AssetBundle,1
source,bundle,assets/aa/Android/4023d1b36be969ff56594429dc7a317d.bundle,AudioClip,1
source,bundle,assets/aa/Android/40378874c571d6ac0e1efe1e49ca182a.bundle,AssetBundle,1
source,bundle,assets/aa/Android/40378874c571d6ac0e1efe1e49ca182a.bundle,TextAsset,1
source,bundle,assets/aa/Android/4092122c7ce31bcb48e4605dc921de30.bundle,AssetBundle,1
source,bundle,assets/aa/Android/4092122c7ce31bcb48e4605dc921de30.bundle,TextAsset,1
source,bundle,assets/aa/Android/4151be2d435472d6f31bffb70f6b67a1.bundle,AssetBundle,1
source,bundle,assets/aa/Android/4151be2d435472d6f31bffb70f6b67a1.bundle,Sprite,1
source,bundle,assets/aa/Android/4151be2d435472d6f31bffb70f6b67a1.bundle,Texture2D,1
source,bundle,assets/aa/Android/418803f7802f9422d6b443b5ed81cdeb.bundle,AssetBundle,1
source,bundle,assets/aa/Android/418803f7802f9422d6b443b5ed81cdeb.bundle,TextAsset,1
source,bundle,assets/aa/Android/41a28724ab6175afc9e16ee81555e9da.bundle,AssetBundle,1
source,bundle,assets/aa/Android/41a28724ab6175afc9e16ee81555e9da.bundle,Sprite,1
source,bundle,assets/aa/Android/41a28724ab6175afc9e16ee81555e9da.bundle,Texture2D,1
source,bundle,assets/aa/Android/41bed81e3cd87617d3abc20e5b2b88cc.bundle,AssetBundle,1
source,bundle,assets/aa/Android/41bed81e3cd87617d3abc20e5b2b88cc.bundle,AudioClip,1
source,bundle,assets/aa/Android/41bf97fd20f4ad738ead83ab82d9ce7e.bundle,AssetBundle,1
source,bundle,assets/aa/Android/41bf97fd20f4ad738ead83ab82d9ce7e.bundle,Sprite,1
source,bundle,assets/aa/Android/41bf97fd20f4ad738ead83ab82d9ce7e.bundle,Texture2D,1
source,bundle,assets/aa/Android/41c5267b71223a32ebd1b003b409fe73.bundle,AssetBundle,1
source,bundle,assets/aa/Android/41c5267b71223a32ebd1b003b409fe73.bundle,Sprite,1
source,bundle,assets/aa/Android/41c5267b71223a32ebd1b003b409fe73.bundle,Texture2D,1
source,bundle,assets/aa/Android/41d06db4c54df3185614aaed44c0a5f7.bundle,AssetBundle,1
source,bundle,assets/aa/Android/41d06db4c54df3185614aaed44c0a5f7.bundle,Sprite,1
source,bundle,assets/aa/Android/41d06db4c54df3185614aaed44c0a5f7.bundle,Texture2D,1
source,bundle,assets/aa/Android/41d953583609573adf9864c4fa7c290d.bundle,AssetBundle,1
source,bundle,assets/aa/Android/41d953583609573adf9864c4fa7c290d.bundle,TextAsset,1
source,bundle,assets/aa/Android/41fe41f6662fdd4a5a64f653bfda9a05.bundle,AssetBundle,1
source,bundle,assets/aa/Android/41fe41f6662fdd4a5a64f653bfda9a05.bundle,Sprite,1
source,bundle,assets/aa/Android/41fe41f6662fdd4a5a64f653bfda9a05.bundle,Texture2D,1
source,bundle,assets/aa/Android/422c3d45e5776fad4768aa6aba6ff695.bundle,AssetBundle,1
source,bundle,assets/aa/Android/422c3d45e5776fad4768aa6aba6ff695.bundle,TextAsset,1
source,bundle,assets/aa/Android/423ae330166418716d8af4fdd087dc78.bundle,AssetBundle,1
source,bundle,assets/aa/Android/423ae330166418716d8af4fdd087dc78.bundle,Sprite,1
source,bundle,assets/aa/Android/423ae330166418716d8af4fdd087dc78.bundle,Texture2D,1
source,bundle,assets/aa/Android/427871d3dc2c0eb07f3c0f9340786231.bundle,AssetBundle,1
source,bundle,assets/aa/Android/427871d3dc2c0eb07f3c0f9340786231.bundle,Sprite,1
source,bundle,assets/aa/Android/427871d3dc2c0eb07f3c0f9340786231.bundle,Texture2D,1
source,bundle,assets/aa/Android/4281c6c0078802d258bb3090ae34da20.bundle,AssetBundle,1
source,bundle,assets/aa/Android/4281c6c0078802d258bb3090ae34da20.bundle,TextAsset,1
source,bundle,assets/aa/Android/428f454acfb6a16ee8eaf441fafa08f3.bundle,AssetBundle,1
source,bundle,assets/aa/Android/428f454acfb6a16ee8eaf441fafa08f3.bundle,AudioClip,1
source,bundle,assets/aa/Android/4292923a0695cec72bfdfb11db10ebf2.bundle,AssetBundle,1
source,bundle,assets/aa/Android/4292923a0695cec72bfdfb11db10ebf2.bundle,Sprite,1
source,bundle,assets/aa/Android/4292923a0695cec72bfdfb11db10ebf2.bundle,Texture2D,1
source,bundle,assets/aa/Android/42931c81c4ac65c375799dd7996390e0.bundle,AssetBundle,1
source,bundle,assets/aa/Android/42931c81c4ac65c375799dd7996390e0.bundle,AudioClip,1
source,bundle,assets/aa/Android/42bebf591ad3ac0e3f66e0cef209b32f.bundle,AssetBundle,1
source,bundle,assets/aa/Android/42bebf591ad3ac0e3f66e0cef209b32f.bundle,Sprite,1
source,bundle,assets/aa/Android/42bebf591ad3ac0e3f66e0cef209b32f.bundle,Texture2D,1
source,bundle,assets/aa/Android/42cc45d036f70e565d444384375d6e48.bundle,AssetBundle,1
source,bundle,assets/aa/Android/42cc45d036f70e565d444384375d6e48.bundle,TextAsset,1
source,bundle,assets/aa/Android/42fca7e42c3515e152589dec1ef4da6d.bundle,AssetBundle,1
source,bundle,assets/aa/Android/42fca7e42c3515e152589dec1ef4da6d.bundle,Sprite,1
source,bundle,assets/aa/Android/42fca7e42c3515e152589dec1ef4da6d.bundle,Texture2D,1
source,bundle,assets/aa/Android/4310a3217ca2d627241e514b8973a0c7.bundle,AssetBundle,1
source,bundle,assets/aa/Android/4310a3217ca2d627241e514b8973a0c7.bundle,Sprite,1
source,bundle,assets/aa/Android/4310a3217ca2d627241e514b8973a0c7.bundle,Texture2D,1
source,bundle,assets/aa/Android/43110a411f0b92bd5ee5d4f6f54094bc.bundle,AssetBundle,1
source,bundle,assets/aa/Android/43110a411f0b92bd5ee5d4f6f54094bc.bundle,TextAsset,1
source,bundle,assets/aa/Android/4327a0e7e560abab2286ffa3a6303d86.bundle,AssetBundle,1
source,bundle,assets/aa/Android/4327a0e7e560abab2286ffa3a6303d86.bundle,TextAsset,1
source,bundle,assets/aa/Android/437bb58c3b88edd0953de4320476e809.bundle,AssetBundle,1
source,bundle,assets/aa/Android/437bb58c3b88edd0953de4320476e809.bundle,Sprite,1
source,bundle,assets/aa/Android/437bb58c3b88edd0953de4320476e809.bundle,Texture2D,1
source,bundle,assets/aa/Android/438d6856966bb6abe3b20cb713ca6594.bundle,AssetBundle,1
source,bundle,assets/aa/Android/438d6856966bb6abe3b20cb713ca6594.bundle,Sprite,1
source,bundle,assets/aa/Android/438d6856966bb6abe3b20cb713ca6594.bundle,Texture2D,1
source,bundle,assets/aa/Android/43ffbb56729cfc94ec062b9134acd690.bundle,AssetBundle,1
source,bundle,assets/aa/Android/43ffbb56729cfc94ec062b9134acd690.bundle,TextAsset,1
source,bundle,assets/aa/Android/440e2393e3a639fd5007f7af8a3a62a1.bundle,AssetBundle,1
source,bundle,assets/aa/Android/440e2393e3a639fd5007f7af8a3a62a1.bundle,TextAsset,1
source,bundle,assets/aa/Android/4415a884957b40e2231fd87d54cedf81.bundle,AssetBundle,1
source,bundle,assets/aa/Android/4415a884957b40e2231fd87d54cedf81.bundle,AudioClip,1
source,bundle,assets/aa/Android/4434427d65b2cc4a12abd3d4ab80b13a.bundle,AssetBundle,1
source,bundle,assets/aa/Android/4434427d65b2cc4a12abd3d4ab80b13a.bundle,AudioClip,1
source,bundle,assets/aa/Android/443ffc35a13e0b71f9f6953efd08f95f.bundle,AssetBundle,1
source,bundle,assets/aa/Android/443ffc35a13e0b71f9f6953efd08f95f.bundle,AudioClip,1
source,bundle,assets/aa/Android/44532140eeb4a142ad48c6c449049288.bundle,AssetBundle,1
source,bundle,assets/aa/Android/44532140eeb4a142ad48c6c449049288.bundle,AudioClip,1
source,bundle,assets/aa/Android/445d4e544932f89eeeb5268836f98524.bundle,AssetBundle,1
source,bundle,assets/aa/Android/445d4e544932f89eeeb5268836f98524.bundle,TextAsset,1
source,bundle,assets/aa/Android/44719f0ef4193c1114294b012d337cea.bundle,AssetBundle,1
source,bundle,assets/aa/Android/44719f0ef4193c1114294b012d337cea.bundle,TextAsset,1
source,bundle,assets/aa/Android/449b94dac8cf315f77847eb49a46fef9.bundle,AssetBundle,1
source,bundle,assets/aa/Android/449b94dac8cf315f77847eb49a46fef9.bundle,AudioClip,1
source,bundle,assets/aa/Android/44e042d28477c42be13dcfb1b0fd5466.bundle,AssetBundle,1
source,bundle,assets/aa/Android/44e042d28477c42be13dcfb1b0fd5466.bundle,TextAsset,1
source,bundle,assets/aa/Android/45050edd12824a67a8dda40fe5c1cca8.bundle,AssetBundle,1
source,bundle,assets/aa/Android/45050edd12824a67a8dda40fe5c1cca8.bundle,TextAsset,1
source,bundle,assets/aa/Android/4540440cb112fe1358026af8c7b9e44d.bundle,AssetBundle,1
source,bundle,assets/aa/Android/4540440cb112fe1358026af8c7b9e44d.bundle,Sprite,1
source,bundle,assets/aa/Android/4540440cb112fe1358026af8c7b9e44d.bundle,Texture2D,1
source,bundle,assets/aa/Android/4545620c7de8efbb0f236e5676ce811a.bundle,AssetBundle,1
source,bundle,assets/aa/Android/4545620c7de8efbb0f236e5676ce811a.bundle,TextAsset,1
source,bundle,assets/aa/Android/454a443ba2ba63f711ec5f7fb7dd3012.bundle,AssetBundle,1
source,bundle,assets/aa/Android/454a443ba2ba63f711ec5f7fb7dd3012.bundle,TextAsset,1
source,bundle,assets/aa/Android/45514a354387df84ede07a9095ef0270.bundle,AssetBundle,1
source,bundle,assets/aa/Android/45514a354387df84ede07a9095ef0270.bundle,TextAsset,1
source,bundle,assets/aa/Android/45716891a4e0632056b4ae90dad77ede.bundle,AssetBundle,1
source,bundle,assets/aa/Android/45716891a4e0632056b4ae90dad77ede.bundle,TextAsset,1
source,bundle,assets/aa/Android/4582d897c2c19140969a085ea2d9a805.bundle,AssetBundle,1
source,bundle,assets/aa/Android/4582d897c2c19140969a085ea2d9a805.bundle,Sprite,1
source,bundle,assets/aa/Android/4582d897c2c19140969a085ea2d9a805.bundle,Texture2D,1
source,bundle,assets/aa/Android/4595da3366260ed93ac30b05efa4629a.bundle,AssetBundle,1
source,bundle,assets/aa/Android/4595da3366260ed93ac30b05efa4629a.bundle,AudioClip,1
source,bundle,assets/aa/Android/45a9fcdd09775786497def5c2a941f01.bundle,AssetBundle,1
source,bundle,assets/aa/Android/45a9fcdd09775786497def5c2a941f01.bundle,TextAsset,1
source,bundle,assets/aa/Android/45b0634a16e6d2b939a554048e023e22.bundle,AssetBundle,1
source,bundle,assets/aa/Android/45b0634a16e6d2b939a554048e023e22.bundle,TextAsset,1
source,bundle,assets/aa/Android/45d26b5b9328e5d658a72171ce57b404.bundle,AssetBundle,1
source,bundle,assets/aa/Android/45d26b5b9328e5d658a72171ce57b404.bundle,TextAsset,1
source,bundle,assets/aa/Android/45de56b0ebb561a44c3d41d2cc2bf156.bundle,AssetBundle,1
source,bundle,assets/aa/Android/45de56b0ebb561a44c3d41d2cc2bf156.bundle,Sprite,1
source,bundle,assets/aa/Android/45de56b0ebb561a44c3d41d2cc2bf156.bundle,Texture2D,1
source,bundle,assets/aa/Android/45e1d3378786cbef3db20b37267d2592.bundle,AssetBundle,1
source,bundle,assets/aa/Android/45e1d3378786cbef3db20b37267d2592.bundle,TextAsset,1
source,bundle,assets/aa/Android/45ea607c0549fccd6d74a0298c494199.bundle,AssetBundle,1
source,bundle,assets/aa/Android/45ea607c0549fccd6d74a0298c494199.bundle,Sprite,1
source,bundle,assets/aa/Android/45ea607c0549fccd6d74a0298c494199.bundle,Texture2D,1
source,bundle,assets/aa/Android/4623c18bf2606537d559d5e2820a8584.bundle,AssetBundle,1
source,bundle,assets/aa/Android/4623c18bf2606537d559d5e2820a8584.bundle,Sprite,1
source,bundle,assets/aa/Android/4623c18bf2606537d559d5e2820a8584.bundle,Texture2D,1
source,bundle,assets/aa/Android/462ccdb9c255def55ceab1464192c6b1.bundle,AssetBundle,1
source,bundle,assets/aa/Android/462ccdb9c255def55ceab1464192c6b1.bundle,Sprite,1
source,bundle,assets/aa/Android/462ccdb9c255def55ceab1464192c6b1.bundle,Texture2D,1
source,bundle,assets/aa/Android/4640f97916a175569f01be19f0abcbe1.bundle,AssetBundle,1
source,bundle,assets/aa/Android/4640f97916a175569f01be19f0abcbe1.bundle,Sprite,1
source,bundle,assets/aa/Android/4640f97916a175569f01be19f0abcbe1.bundle,Texture2D,1
source,bundle,assets/aa/Android/4646d2619c733341606ae1accb6ee725.bundle,AssetBundle,1
source,bundle,assets/aa/Android/4646d2619c733341606ae1accb6ee725.bundle,AudioClip,1
source,bundle,assets/aa/Android/464c6ee9fed310a1a19ce95b39de4d94.bundle,AssetBundle,1
source,bundle,assets/aa/Android/464c6ee9fed310a1a19ce95b39de4d94.bundle,Sprite,1
source,bundle,assets/aa/Android/464c6ee9fed310a1a19ce95b39de4d94.bundle,Texture2D,1
source,bundle,assets/aa/Android/469242611d1c64a084ba2a84c5574e3b.bundle,AssetBundle,1
source,bundle,assets/aa/Android/469242611d1c64a084ba2a84c5574e3b.bundle,TextAsset,1
source,bundle,assets/aa/Android/46fc28c0f187ff352e61a8c4495c3fe9.bundle,AssetBundle,1
source,bundle,assets/aa/Android/46fc28c0f187ff352e61a8c4495c3fe9.bundle,Sprite,1
source,bundle,assets/aa/Android/46fc28c0f187ff352e61a8c4495c3fe9.bundle,Texture2D,1
source,bundle,assets/aa/Android/475a21e1920cf4fa609b20eec92901dd.bundle,AnimationClip,3
source,bundle,assets/aa/Android/475a21e1920cf4fa609b20eec92901dd.bundle,Animator,3
source,bundle,assets/aa/Android/475a21e1920cf4fa609b20eec92901dd.bundle,AnimatorController,3
source,bundle,assets/aa/Android/475a21e1920cf4fa609b20eec92901dd.bundle,AssetBundle,1
source,bundle,assets/aa/Android/475a21e1920cf4fa609b20eec92901dd.bundle,Canvas,1
source,bundle,assets/aa/Android/475a21e1920cf4fa609b20eec92901dd.bundle,CanvasRenderer,3
source,bundle,assets/aa/Android/475a21e1920cf4fa609b20eec92901dd.bundle,GameObject,4
source,bundle,assets/aa/Android/475a21e1920cf4fa609b20eec92901dd.bundle,MonoBehaviour,6
source,bundle,assets/aa/Android/475a21e1920cf4fa609b20eec92901dd.bundle,MonoScript,4
source,bundle,assets/aa/Android/475a21e1920cf4fa609b20eec92901dd.bundle,RectTransform,4
source,bundle,assets/aa/Android/475a21e1920cf4fa609b20eec92901dd.bundle,Sprite,7
source,bundle,assets/aa/Android/475a21e1920cf4fa609b20eec92901dd.bundle,Texture2D,7
source,bundle,assets/aa/Android/47957d596df21dbf7c8778c0c2bb1020.bundle,AssetBundle,1
source,bundle,assets/aa/Android/47957d596df21dbf7c8778c0c2bb1020.bundle,Sprite,1
source,bundle,assets/aa/Android/47957d596df21dbf7c8778c0c2bb1020.bundle,Texture2D,1
source,bundle,assets/aa/Android/47ab190c5f0c443551d9873f8598a7a9.bundle,AssetBundle,1
source,bundle,assets/aa/Android/47ab190c5f0c443551d9873f8598a7a9.bundle,TextAsset,1
source,bundle,assets/aa/Android/47b1f72e1a5353efe7e0bbcef182db49.bundle,AssetBundle,1
source,bundle,assets/aa/Android/47b1f72e1a5353efe7e0bbcef182db49.bundle,Sprite,1
source,bundle,assets/aa/Android/47b1f72e1a5353efe7e0bbcef182db49.bundle,Texture2D,1
source,bundle,assets/aa/Android/47c59f1a12441fc79d51818725f244eb.bundle,AssetBundle,1
source,bundle,assets/aa/Android/47c59f1a12441fc79d51818725f244eb.bundle,AudioClip,1
source,bundle,assets/aa/Android/47eb00735b76163133514ffd4fa8dc6a.bundle,AssetBundle,1
source,bundle,assets/aa/Android/47eb00735b76163133514ffd4fa8dc6a.bundle,Sprite,1
source,bundle,assets/aa/Android/47eb00735b76163133514ffd4fa8dc6a.bundle,Texture2D,1
source,bundle,assets/aa/Android/47f870e5e23d8b3a3241955340d7fae3.bundle,AssetBundle,1
source,bundle,assets/aa/Android/47f870e5e23d8b3a3241955340d7fae3.bundle,TextAsset,1
source,bundle,assets/aa/Android/48000362bb97b7f7664be953092dc2dc.bundle,AssetBundle,1
source,bundle,assets/aa/Android/48000362bb97b7f7664be953092dc2dc.bundle,Sprite,1
source,bundle,assets/aa/Android/48000362bb97b7f7664be953092dc2dc.bundle,Texture2D,1
source,bundle,assets/aa/Android/483438714818db75b4ede537c68b08b9.bundle,AssetBundle,1
source,bundle,assets/aa/Android/483438714818db75b4ede537c68b08b9.bundle,AudioClip,1
source,bundle,assets/aa/Android/484b97923020ca72cf33b60708f5a0a0.bundle,AssetBundle,1
source,bundle,assets/aa/Android/484b97923020ca72cf33b60708f5a0a0.bundle,Sprite,1
source,bundle,assets/aa/Android/484b97923020ca72cf33b60708f5a0a0.bundle,Texture2D,1
source,bundle,assets/aa/Android/484fe6fadd273a96ccf7b2fd19aa33bd.bundle,AssetBundle,1
source,bundle,assets/aa/Android/484fe6fadd273a96ccf7b2fd19aa33bd.bundle,Sprite,1
source,bundle,assets/aa/Android/484fe6fadd273a96ccf7b2fd19aa33bd.bundle,Texture2D,1
source,bundle,assets/aa/Android/48505d753afea0547c83144e1ab62fb4.bundle,AssetBundle,1
source,bundle,assets/aa/Android/48505d753afea0547c83144e1ab62fb4.bundle,AudioClip,1
source,bundle,assets/aa/Android/4888e23bfa0443afffbdb523f13a80f4.bundle,AssetBundle,1
source,bundle,assets/aa/Android/4888e23bfa0443afffbdb523f13a80f4.bundle,Sprite,1
source,bundle,assets/aa/Android/4888e23bfa0443afffbdb523f13a80f4.bundle,Texture2D,1
source,bundle,assets/aa/Android/489056ae27c6b080b95aede1b9586971.bundle,AssetBundle,1
source,bundle,assets/aa/Android/489056ae27c6b080b95aede1b9586971.bundle,TextAsset,1
source,bundle,assets/aa/Android/48ac39cbc097e9d2c9a49cc3b83b4db2.bundle,AssetBundle,1
source,bundle,assets/aa/Android/48ac39cbc097e9d2c9a49cc3b83b4db2.bundle,TextAsset,1
source,bundle,assets/aa/Android/48bfe7b3fcd36936670d1cf85652dd9f.bundle,AssetBundle,1
source,bundle,assets/aa/Android/48bfe7b3fcd36936670d1cf85652dd9f.bundle,TextAsset,1
source,bundle,assets/aa/Android/48d2fa553c7ee814257c475bc49bea44.bundle,AssetBundle,1
source,bundle,assets/aa/Android/48d2fa553c7ee814257c475bc49bea44.bundle,TextAsset,1
source,bundle,assets/aa/Android/48e9a1fedcb4928b23fa60557b8793bb.bundle,AssetBundle,1
source,bundle,assets/aa/Android/48e9a1fedcb4928b23fa60557b8793bb.bundle,AudioClip,1
source,bundle,assets/aa/Android/48f22086b2a0b990d6582851f3dde536.bundle,AssetBundle,1
source,bundle,assets/aa/Android/48f22086b2a0b990d6582851f3dde536.bundle,TextAsset,1
source,bundle,assets/aa/Android/48f28988721d6516a54bf1befcc4e858.bundle,AssetBundle,1
source,bundle,assets/aa/Android/48f28988721d6516a54bf1befcc4e858.bundle,Sprite,1
source,bundle,assets/aa/Android/48f28988721d6516a54bf1befcc4e858.bundle,Texture2D,1
source,bundle,assets/aa/Android/48f5f93c0182dcd3172cff15f3268851.bundle,AssetBundle,1
source,bundle,assets/aa/Android/48f5f93c0182dcd3172cff15f3268851.bundle,TextAsset,1
source,bundle,assets/aa/Android/490aa1156c58019182836223ba8835a3.bundle,AssetBundle,1
source,bundle,assets/aa/Android/490aa1156c58019182836223ba8835a3.bundle,TextAsset,1
source,bundle,assets/aa/Android/491f2a75dfc8cf39952dbb19ec51cbe7.bundle,AssetBundle,1
source,bundle,assets/aa/Android/491f2a75dfc8cf39952dbb19ec51cbe7.bundle,TextAsset,1
source,bundle,assets/aa/Android/4957457e38e02ccf84a8e4f0231939a4.bundle,AssetBundle,1
source,bundle,assets/aa/Android/4957457e38e02ccf84a8e4f0231939a4.bundle,AudioClip,1
source,bundle,assets/aa/Android/498c66dd13c647f74c42e68041374093.bundle,AssetBundle,1
source,bundle,assets/aa/Android/498c66dd13c647f74c42e68041374093.bundle,Sprite,1
source,bundle,assets/aa/Android/498c66dd13c647f74c42e68041374093.bundle,Texture2D,1
source,bundle,assets/aa/Android/499249bc792ce05a00d90951187ef64c.bundle,AssetBundle,1
source,bundle,assets/aa/Android/499249bc792ce05a00d90951187ef64c.bundle,AudioClip,1
source,bundle,assets/aa/Android/499a39526f988a9e2436e8eb498bc4df.bundle,AssetBundle,1
source,bundle,assets/aa/Android/499a39526f988a9e2436e8eb498bc4df.bundle,Sprite,1
source,bundle,assets/aa/Android/499a39526f988a9e2436e8eb498bc4df.bundle,Texture2D,1
source,bundle,assets/aa/Android/4a2ee882d47f132c6b3a45cb266351b7.bundle,AssetBundle,1
source,bundle,assets/aa/Android/4a2ee882d47f132c6b3a45cb266351b7.bundle,Sprite,1
source,bundle,assets/aa/Android/4a2ee882d47f132c6b3a45cb266351b7.bundle,Texture2D,1
source,bundle,assets/aa/Android/4a399e05bc811b3846125408500d5d39.bundle,AssetBundle,1
source,bundle,assets/aa/Android/4a399e05bc811b3846125408500d5d39.bundle,Sprite,1
source,bundle,assets/aa/Android/4a399e05bc811b3846125408500d5d39.bundle,Texture2D,1
source,bundle,assets/aa/Android/4a3a602367fe3bd8fdeabd54a1aeeb85.bundle,AssetBundle,1
source,bundle,assets/aa/Android/4a3a602367fe3bd8fdeabd54a1aeeb85.bundle,Sprite,1
source,bundle,assets/aa/Android/4a3a602367fe3bd8fdeabd54a1aeeb85.bundle,Texture2D,1
source,bundle,assets/aa/Android/4a4cdbbd0462cf0936ceb58244a19d49.bundle,AssetBundle,1
source,bundle,assets/aa/Android/4a4cdbbd0462cf0936ceb58244a19d49.bundle,Sprite,1
source,bundle,assets/aa/Android/4a4cdbbd0462cf0936ceb58244a19d49.bundle,Texture2D,1
source,bundle,assets/aa/Android/4a9326091cea19e3cf6a930a97ce3bdb.bundle,AssetBundle,1
source,bundle,assets/aa/Android/4a9326091cea19e3cf6a930a97ce3bdb.bundle,TextAsset,1
source,bundle,assets/aa/Android/4aaae2453f8c2616c12a929d1bbd390e.bundle,AssetBundle,1
source,bundle,assets/aa/Android/4aaae2453f8c2616c12a929d1bbd390e.bundle,TextAsset,1
source,bundle,assets/aa/Android/4ab06152e0e0f63f33f712e02776113f.bundle,AssetBundle,1
source,bundle,assets/aa/Android/4ab06152e0e0f63f33f712e02776113f.bundle,TextAsset,1
source,bundle,assets/aa/Android/4ac79918dc62ffdbde20d44bb8c31848.bundle,AssetBundle,1
source,bundle,assets/aa/Android/4ac79918dc62ffdbde20d44bb8c31848.bundle,Sprite,1
source,bundle,assets/aa/Android/4ac79918dc62ffdbde20d44bb8c31848.bundle,Texture2D,1
source,bundle,assets/aa/Android/4ac9985fb46f344fa02055ad0cf44c40.bundle,AssetBundle,1
source,bundle,assets/aa/Android/4ac9985fb46f344fa02055ad0cf44c40.bundle,TextAsset,1
source,bundle,assets/aa/Android/4ad7a9a6fe99731cd38b853fb872cac4.bundle,AssetBundle,1
source,bundle,assets/aa/Android/4ad7a9a6fe99731cd38b853fb872cac4.bundle,Sprite,1
source,bundle,assets/aa/Android/4ad7a9a6fe99731cd38b853fb872cac4.bundle,Texture2D,1
source,bundle,assets/aa/Android/4b26d98366408ca9962ac4ade19049de.bundle,AssetBundle,1
source,bundle,assets/aa/Android/4b26d98366408ca9962ac4ade19049de.bundle,Sprite,1
source,bundle,assets/aa/Android/4b26d98366408ca9962ac4ade19049de.bundle,Texture2D,1
source,bundle,assets/aa/Android/4b644cff506e0013c45b2cacb9bcd490.bundle,AssetBundle,1
source,bundle,assets/aa/Android/4b644cff506e0013c45b2cacb9bcd490.bundle,Sprite,1
source,bundle,assets/aa/Android/4b644cff506e0013c45b2cacb9bcd490.bundle,Texture2D,1
source,bundle,assets/aa/Android/4b71816a0dbe2d41c8989e0e5eb77f7d.bundle,AssetBundle,1
source,bundle,assets/aa/Android/4b71816a0dbe2d41c8989e0e5eb77f7d.bundle,TextAsset,1
source,bundle,assets/aa/Android/4b83dcc74b48b86ffcf19938d9c3492f.bundle,AssetBundle,1
source,bundle,assets/aa/Android/4b83dcc74b48b86ffcf19938d9c3492f.bundle,Sprite,1
source,bundle,assets/aa/Android/4b83dcc74b48b86ffcf19938d9c3492f.bundle,Texture2D,1
source,bundle,assets/aa/Android/4bb0b49375b9074b32997cdc978ccad3.bundle,AssetBundle,1
source,bundle,assets/aa/Android/4bb0b49375b9074b32997cdc978ccad3.bundle,Sprite,1
source,bundle,assets/aa/Android/4bb0b49375b9074b32997cdc978ccad3.bundle,Texture2D,1
source,bundle,assets/aa/Android/4bb216ae67bd3903ea69a265faff73a1.bundle,AssetBundle,1
source,bundle,assets/aa/Android/4bb216ae67bd3903ea69a265faff73a1.bundle,TextAsset,1
source,bundle,assets/aa/Android/4be535f0d5662926f92b732b088aafbe.bundle,AssetBundle,1
source,bundle,assets/aa/Android/4be535f0d5662926f92b732b088aafbe.bundle,TextAsset,1
source,bundle,assets/aa/Android/4c0559b64d4f04a5bb571669161de20d.bundle,AssetBundle,1
source,bundle,assets/aa/Android/4c0559b64d4f04a5bb571669161de20d.bundle,Sprite,1
source,bundle,assets/aa/Android/4c0559b64d4f04a5bb571669161de20d.bundle,Texture2D,1
source,bundle,assets/aa/Android/4c21d9156dbcc99fda20907631ee5f26.bundle,AssetBundle,1
source,bundle,assets/aa/Android/4c21d9156dbcc99fda20907631ee5f26.bundle,TextAsset,1
source,bundle,assets/aa/Android/4c4f0dc9d75548af00ee6cb71d9574a3.bundle,AssetBundle,1
source,bundle,assets/aa/Android/4c4f0dc9d75548af00ee6cb71d9574a3.bundle,TextAsset,1
source,bundle,assets/aa/Android/4c5249a21a59d15c086f1e0a419ca90e.bundle,AssetBundle,1
source,bundle,assets/aa/Android/4c5249a21a59d15c086f1e0a419ca90e.bundle,TextAsset,1
source,bundle,assets/aa/Android/4caee4aea7510aabdb634f281735f824.bundle,AssetBundle,1
source,bundle,assets/aa/Android/4caee4aea7510aabdb634f281735f824.bundle,Sprite,1
source,bundle,assets/aa/Android/4caee4aea7510aabdb634f281735f824.bundle,Texture2D,1
source,bundle,assets/aa/Android/4cdd81d28da08d48f839e46f0ae4c61b.bundle,AssetBundle,1
source,bundle,assets/aa/Android/4cdd81d28da08d48f839e46f0ae4c61b.bundle,AudioClip,1
source,bundle,assets/aa/Android/4d25d957145a0831dd43b74de6b16df0.bundle,AssetBundle,1
source,bundle,assets/aa/Android/4d25d957145a0831dd43b74de6b16df0.bundle,TextAsset,1
source,bundle,assets/aa/Android/4d41301d7bd00156a401283edf5da661.bundle,AssetBundle,1
source,bundle,assets/aa/Android/4d41301d7bd00156a401283edf5da661.bundle,TextAsset,1
source,bundle,assets/aa/Android/4d4f90a379bbf8f70dfdd4e012aabd0c.bundle,AssetBundle,1
source,bundle,assets/aa/Android/4d4f90a379bbf8f70dfdd4e012aabd0c.bundle,Sprite,1
source,bundle,assets/aa/Android/4d4f90a379bbf8f70dfdd4e012aabd0c.bundle,Texture2D,1
source,bundle,assets/aa/Android/4d6d9c36866117799ed2642f9236baf8.bundle,AssetBundle,1
source,bundle,assets/aa/Android/4d6d9c36866117799ed2642f9236baf8.bundle,TextAsset,1
source,bundle,assets/aa/Android/4d704f564b7517b2e4cde819af3fe480.bundle,AssetBundle,1
source,bundle,assets/aa/Android/4d704f564b7517b2e4cde819af3fe480.bundle,TextAsset,1
source,bundle,assets/aa/Android/4d76b740569c4555b99e99ca3fbcf14d.bundle,AssetBundle,1
source,bundle,assets/aa/Android/4d76b740569c4555b99e99ca3fbcf14d.bundle,Sprite,1
source,bundle,assets/aa/Android/4d76b740569c4555b99e99ca3fbcf14d.bundle,Texture2D,1
source,bundle,assets/aa/Android/4d77a7e48b983192e553a8cd83b8be6d.bundle,AssetBundle,1
source,bundle,assets/aa/Android/4d77a7e48b983192e553a8cd83b8be6d.bundle,AudioClip,1
source,bundle,assets/aa/Android/4d79e4431313707796b0c4d9e49343aa.bundle,AssetBundle,1
source,bundle,assets/aa/Android/4d79e4431313707796b0c4d9e49343aa.bundle,Sprite,1
source,bundle,assets/aa/Android/4d79e4431313707796b0c4d9e49343aa.bundle,Texture2D,1
source,bundle,assets/aa/Android/4d80cae9d8dec9a5c154827184248c0a.bundle,AssetBundle,1
source,bundle,assets/aa/Android/4d80cae9d8dec9a5c154827184248c0a.bundle,TextAsset,1
source,bundle,assets/aa/Android/4da8ae60f5d32d4773d8cf562f32306b.bundle,AssetBundle,1
source,bundle,assets/aa/Android/4da8ae60f5d32d4773d8cf562f32306b.bundle,TextAsset,1
source,bundle,assets/aa/Android/4daed58b81c741fc581f165e7812921a.bundle,AssetBundle,1
source,bundle,assets/aa/Android/4daed58b81c741fc581f165e7812921a.bundle,Sprite,1
source,bundle,assets/aa/Android/4daed58b81c741fc581f165e7812921a.bundle,Texture2D,1
source,bundle,assets/aa/Android/4dd9a441f25dd601635939da68355cf7.bundle,AssetBundle,1
source,bundle,assets/aa/Android/4dd9a441f25dd601635939da68355cf7.bundle,TextAsset,1
source,bundle,assets/aa/Android/4dee6b13d759d04b4a2cffdd816b1cb9.bundle,AssetBundle,1
source,bundle,assets/aa/Android/4dee6b13d759d04b4a2cffdd816b1cb9.bundle,TextAsset,1
source,bundle,assets/aa/Android/4df9db08910d0efe98c24a89b3eca6a3.bundle,AssetBundle,1
source,bundle,assets/aa/Android/4df9db08910d0efe98c24a89b3eca6a3.bundle,TextAsset,1
source,bundle,assets/aa/Android/4e450acf2cfba8c655e19dfcb90d44e1.bundle,AssetBundle,1
source,bundle,assets/aa/Android/4e450acf2cfba8c655e19dfcb90d44e1.bundle,Sprite,1
source,bundle,assets/aa/Android/4e450acf2cfba8c655e19dfcb90d44e1.bundle,Texture2D,1
source,bundle,assets/aa/Android/4e5337c1e9f4cbfc5e05c4e1cb099e36.bundle,AssetBundle,1
source,bundle,assets/aa/Android/4e5337c1e9f4cbfc5e05c4e1cb099e36.bundle,Sprite,1
source,bundle,assets/aa/Android/4e5337c1e9f4cbfc5e05c4e1cb099e36.bundle,Texture2D,1
source,bundle,assets/aa/Android/4e57aaa48059997b0b94e945816fdcb5.bundle,AssetBundle,1
source,bundle,assets/aa/Android/4e57aaa48059997b0b94e945816fdcb5.bundle,TextAsset,1
source,bundle,assets/aa/Android/4e6cd26440feeea45f2879a42393f37c.bundle,AssetBundle,1
source,bundle,assets/aa/Android/4e6cd26440feeea45f2879a42393f37c.bundle,Sprite,1
source,bundle,assets/aa/Android/4e6cd26440feeea45f2879a42393f37c.bundle,Texture2D,1
source,bundle,assets/aa/Android/4ee2ef5edd828c92a98d34e066541081.bundle,AssetBundle,1
source,bundle,assets/aa/Android/4ee2ef5edd828c92a98d34e066541081.bundle,TextAsset,1
source,bundle,assets/aa/Android/4f3a293700ab820b34e4536e3b728af0.bundle,AssetBundle,1
source,bundle,assets/aa/Android/4f3a293700ab820b34e4536e3b728af0.bundle,TextAsset,1
source,bundle,assets/aa/Android/4f7a18c1a6b34cfb86d9a4a1417d55ad.bundle,AssetBundle,1
source,bundle,assets/aa/Android/4f7a18c1a6b34cfb86d9a4a1417d55ad.bundle,AudioClip,1
source,bundle,assets/aa/Android/4f89b182c64abc00563c51b05cc8bca9.bundle,AssetBundle,1
source,bundle,assets/aa/Android/4f89b182c64abc00563c51b05cc8bca9.bundle,TextAsset,1
source,bundle,assets/aa/Android/4f92db8eb0df6447b37ac3ba1c78791d.bundle,AssetBundle,1
source,bundle,assets/aa/Android/4f92db8eb0df6447b37ac3ba1c78791d.bundle,TextAsset,1
source,bundle,assets/aa/Android/4fa7e985caf7576152e73a707158eaf1.bundle,AssetBundle,1
source,bundle,assets/aa/Android/4fa7e985caf7576152e73a707158eaf1.bundle,Sprite,1
source,bundle,assets/aa/Android/4fa7e985caf7576152e73a707158eaf1.bundle,Texture2D,1
source,bundle,assets/aa/Android/4fb26817e063d997a16696ddb557fd6a.bundle,AssetBundle,1
source,bundle,assets/aa/Android/4fb26817e063d997a16696ddb557fd6a.bundle,TextAsset,1
source,bundle,assets/aa/Android/4fc0de0368be36cbd6c14342a4972e78.bundle,AssetBundle,1
source,bundle,assets/aa/Android/4fc0de0368be36cbd6c14342a4972e78.bundle,TextAsset,1
source,bundle,assets/aa/Android/4fd66f7927f9cb0ed7d180dcf8fa5727.bundle,AssetBundle,1
source,bundle,assets/aa/Android/4fd66f7927f9cb0ed7d180dcf8fa5727.bundle,Sprite,1
source,bundle,assets/aa/Android/4fd66f7927f9cb0ed7d180dcf8fa5727.bundle,Texture2D,1
source,bundle,assets/aa/Android/4fd888d5e7536d23c9600803c631dc70.bundle,AssetBundle,1
source,bundle,assets/aa/Android/4fd888d5e7536d23c9600803c631dc70.bundle,AudioClip,1
source,bundle,assets/aa/Android/4ff45012592461416c944044798e069e.bundle,AssetBundle,1
source,bundle,assets/aa/Android/4ff45012592461416c944044798e069e.bundle,Sprite,1
source,bundle,assets/aa/Android/4ff45012592461416c944044798e069e.bundle,Texture2D,1
source,bundle,assets/aa/Android/50121deab9308e03dcc17cfbd4300b04.bundle,AssetBundle,1
source,bundle,assets/aa/Android/50121deab9308e03dcc17cfbd4300b04.bundle,Sprite,1
source,bundle,assets/aa/Android/50121deab9308e03dcc17cfbd4300b04.bundle,Texture2D,1
source,bundle,assets/aa/Android/501c32d6d253e60560f214f7889c65d9.bundle,AssetBundle,1
source,bundle,assets/aa/Android/501c32d6d253e60560f214f7889c65d9.bundle,TextAsset,1
source,bundle,assets/aa/Android/501f396cce270d3d216890128ad52676.bundle,AssetBundle,1
source,bundle,assets/aa/Android/501f396cce270d3d216890128ad52676.bundle,TextAsset,1
source,bundle,assets/aa/Android/502e2b0bf3a622327292466e5e3e2325.bundle,AssetBundle,1
source,bundle,assets/aa/Android/502e2b0bf3a622327292466e5e3e2325.bundle,Sprite,1
source,bundle,assets/aa/Android/502e2b0bf3a622327292466e5e3e2325.bundle,Texture2D,1
source,bundle,assets/aa/Android/5076b2b894b2abf3443dbf4f4e123366.bundle,AssetBundle,1
source,bundle,assets/aa/Android/5076b2b894b2abf3443dbf4f4e123366.bundle,Sprite,1
source,bundle,assets/aa/Android/5076b2b894b2abf3443dbf4f4e123366.bundle,Texture2D,1
source,bundle,assets/aa/Android/5079a2d040776d00318ab0f096e45bed.bundle,AssetBundle,1
source,bundle,assets/aa/Android/5079a2d040776d00318ab0f096e45bed.bundle,Sprite,1
source,bundle,assets/aa/Android/5079a2d040776d00318ab0f096e45bed.bundle,Texture2D,1
source,bundle,assets/aa/Android/5090218b1866290d8db8a8c9ca7c126d.bundle,AssetBundle,1
source,bundle,assets/aa/Android/5090218b1866290d8db8a8c9ca7c126d.bundle,Sprite,1
source,bundle,assets/aa/Android/5090218b1866290d8db8a8c9ca7c126d.bundle,Texture2D,1
source,bundle,assets/aa/Android/50a2754821e50d2e39a26233835e4f2c.bundle,AssetBundle,1
source,bundle,assets/aa/Android/50a2754821e50d2e39a26233835e4f2c.bundle,TextAsset,1
source,bundle,assets/aa/Android/50b4af2c2f3384953f28257426498af3.bundle,AssetBundle,1
source,bundle,assets/aa/Android/50b4af2c2f3384953f28257426498af3.bundle,TextAsset,1
source,bundle,assets/aa/Android/50c5c2e7dcf608c1e7210a2811f24b32.bundle,AssetBundle,1
source,bundle,assets/aa/Android/50c5c2e7dcf608c1e7210a2811f24b32.bundle,Sprite,1
source,bundle,assets/aa/Android/50c5c2e7dcf608c1e7210a2811f24b32.bundle,Texture2D,1
source,bundle,assets/aa/Android/513ec61c8a564ea65a8d61168a45c8db.bundle,AssetBundle,1
source,bundle,assets/aa/Android/513ec61c8a564ea65a8d61168a45c8db.bundle,AudioClip,1
source,bundle,assets/aa/Android/517058cf7eab48c642aa8cdac34603a7.bundle,AssetBundle,1
source,bundle,assets/aa/Android/517058cf7eab48c642aa8cdac34603a7.bundle,TextAsset,1
source,bundle,assets/aa/Android/51999e3f5d6c3e806ef7e06b98b92854.bundle,AssetBundle,1
source,bundle,assets/aa/Android/51999e3f5d6c3e806ef7e06b98b92854.bundle,AudioClip,1
source,bundle,assets/aa/Android/51deb79154226039da2b91d5a5ef01f6.bundle,AssetBundle,1
source,bundle,assets/aa/Android/51deb79154226039da2b91d5a5ef01f6.bundle,TextAsset,1
source,bundle,assets/aa/Android/51eef61da9cecfefe96607549192750b.bundle,AssetBundle,1
source,bundle,assets/aa/Android/51eef61da9cecfefe96607549192750b.bundle,TextAsset,1
source,bundle,assets/aa/Android/5216d3a946a1a4bb8b82b89a575fab6f.bundle,AssetBundle,1
source,bundle,assets/aa/Android/5216d3a946a1a4bb8b82b89a575fab6f.bundle,Sprite,1
source,bundle,assets/aa/Android/5216d3a946a1a4bb8b82b89a575fab6f.bundle,Texture2D,1
source,bundle,assets/aa/Android/5221e2775cfcc315451df106637a181e.bundle,AssetBundle,1
source,bundle,assets/aa/Android/5221e2775cfcc315451df106637a181e.bundle,TextAsset,1
source,bundle,assets/aa/Android/524d007fbdbcd4c038bb8b408c6bf34f.bundle,AssetBundle,1
source,bundle,assets/aa/Android/524d007fbdbcd4c038bb8b408c6bf34f.bundle,Sprite,1
source,bundle,assets/aa/Android/524d007fbdbcd4c038bb8b408c6bf34f.bundle,Texture2D,1
source,bundle,assets/aa/Android/525f3588e70a8a45bffeca8d7d5118bb.bundle,AssetBundle,1
source,bundle,assets/aa/Android/525f3588e70a8a45bffeca8d7d5118bb.bundle,TextAsset,1
source,bundle,assets/aa/Android/5272b4e3d59bd0c29fdceeebda78de01.bundle,AssetBundle,1
source,bundle,assets/aa/Android/5272b4e3d59bd0c29fdceeebda78de01.bundle,AudioClip,1
source,bundle,assets/aa/Android/5273c82fd937a618c334f8a50df4f9c2.bundle,AssetBundle,1
source,bundle,assets/aa/Android/5273c82fd937a618c334f8a50df4f9c2.bundle,TextAsset,1
source,bundle,assets/aa/Android/5278ac18f012e343a7cb45e2ac73664c.bundle,AssetBundle,1
source,bundle,assets/aa/Android/5278ac18f012e343a7cb45e2ac73664c.bundle,TextAsset,1
source,bundle,assets/aa/Android/5288e3dedc52e78c1ccc7f4d106ff373.bundle,AssetBundle,1
source,bundle,assets/aa/Android/5288e3dedc52e78c1ccc7f4d106ff373.bundle,TextAsset,1
source,bundle,assets/aa/Android/52b621c6a9759e8b4751d4d981248365.bundle,AssetBundle,1
source,bundle,assets/aa/Android/52b621c6a9759e8b4751d4d981248365.bundle,Sprite,1
source,bundle,assets/aa/Android/52b621c6a9759e8b4751d4d981248365.bundle,Texture2D,1
source,bundle,assets/aa/Android/52be8dec471cc8260d8d6bbe5f3b19bf.bundle,AssetBundle,1
source,bundle,assets/aa/Android/52be8dec471cc8260d8d6bbe5f3b19bf.bundle,Sprite,1
source,bundle,assets/aa/Android/52be8dec471cc8260d8d6bbe5f3b19bf.bundle,Texture2D,1
source,bundle,assets/aa/Android/52c78adcb3fb75afef2496d0830be0e5.bundle,AssetBundle,1
source,bundle,assets/aa/Android/52c78adcb3fb75afef2496d0830be0e5.bundle,Sprite,1
source,bundle,assets/aa/Android/52c78adcb3fb75afef2496d0830be0e5.bundle,Texture2D,1
source,bundle,assets/aa/Android/52c96a8e1ebeb4f83ea6352f876ba09f.bundle,AssetBundle,1
source,bundle,assets/aa/Android/52c96a8e1ebeb4f83ea6352f876ba09f.bundle,TextAsset,1
source,bundle,assets/aa/Android/52c9a70b63f42027ee6f300e95e2f55e.bundle,AssetBundle,1
source,bundle,assets/aa/Android/52c9a70b63f42027ee6f300e95e2f55e.bundle,TextAsset,1
source,bundle,assets/aa/Android/52ce58981f71800a6b5b4d19e02c6f0f.bundle,AssetBundle,1
source,bundle,assets/aa/Android/52ce58981f71800a6b5b4d19e02c6f0f.bundle,Sprite,1
source,bundle,assets/aa/Android/52ce58981f71800a6b5b4d19e02c6f0f.bundle,Texture2D,1
source,bundle,assets/aa/Android/52cf7647bc0841812af44631ff332561.bundle,AssetBundle,1
source,bundle,assets/aa/Android/52cf7647bc0841812af44631ff332561.bundle,TextAsset,1
source,bundle,assets/aa/Android/52f41ba75c5995659b64a0e5092c4ab7.bundle,AssetBundle,1
source,bundle,assets/aa/Android/52f41ba75c5995659b64a0e5092c4ab7.bundle,TextAsset,1
source,bundle,assets/aa/Android/52f59e872b95ca6824290036e890c4f4.bundle,AssetBundle,1
source,bundle,assets/aa/Android/52f59e872b95ca6824290036e890c4f4.bundle,Sprite,1
source,bundle,assets/aa/Android/52f59e872b95ca6824290036e890c4f4.bundle,Texture2D,1
source,bundle,assets/aa/Android/52ff0b2d9c17b4d148fb722d17038375.bundle,AssetBundle,1
source,bundle,assets/aa/Android/52ff0b2d9c17b4d148fb722d17038375.bundle,Sprite,1
source,bundle,assets/aa/Android/52ff0b2d9c17b4d148fb722d17038375.bundle,Texture2D,1
source,bundle,assets/aa/Android/534001babaf561b44957c04dd39ddd00.bundle,AssetBundle,1
source,bundle,assets/aa/Android/534001babaf561b44957c04dd39ddd00.bundle,Sprite,1
source,bundle,assets/aa/Android/534001babaf561b44957c04dd39ddd00.bundle,Texture2D,1
source,bundle,assets/aa/Android/5375b4cf1bde366cd0d2ac601676d745.bundle,AssetBundle,1
source,bundle,assets/aa/Android/5375b4cf1bde366cd0d2ac601676d745.bundle,Sprite,1
source,bundle,assets/aa/Android/5375b4cf1bde366cd0d2ac601676d745.bundle,Texture2D,1
source,bundle,assets/aa/Android/537ed885bcd3937292692d7af751d02d.bundle,AssetBundle,1
source,bundle,assets/aa/Android/537ed885bcd3937292692d7af751d02d.bundle,TextAsset,1
source,bundle,assets/aa/Android/538b5fec5d44327398e3222484f4364a.bundle,AssetBundle,1
source,bundle,assets/aa/Android/538b5fec5d44327398e3222484f4364a.bundle,TextAsset,1
source,bundle,assets/aa/Android/539760f7fe9e3679ffccc1c67f0b120c.bundle,AssetBundle,1
source,bundle,assets/aa/Android/539760f7fe9e3679ffccc1c67f0b120c.bundle,TextAsset,1
source,bundle,assets/aa/Android/53981e522db855eb953182b632acca27.bundle,AssetBundle,1
source,bundle,assets/aa/Android/53981e522db855eb953182b632acca27.bundle,Sprite,1
source,bundle,assets/aa/Android/53981e522db855eb953182b632acca27.bundle,Texture2D,1
source,bundle,assets/aa/Android/53d4c5281b721d3134704143bb9d52f6.bundle,AssetBundle,1
source,bundle,assets/aa/Android/53d4c5281b721d3134704143bb9d52f6.bundle,TextAsset,1
source,bundle,assets/aa/Android/54050d43b66a9a06b73259a4ddabfbd8.bundle,AssetBundle,1
source,bundle,assets/aa/Android/54050d43b66a9a06b73259a4ddabfbd8.bundle,AudioClip,1
source,bundle,assets/aa/Android/5416e9157b5a4ae07185f93f68052be2.bundle,AssetBundle,1
source,bundle,assets/aa/Android/5416e9157b5a4ae07185f93f68052be2.bundle,TextAsset,1
source,bundle,assets/aa/Android/5428d2c81451dd78dfbf888dd7c5d146.bundle,AssetBundle,1
source,bundle,assets/aa/Android/5428d2c81451dd78dfbf888dd7c5d146.bundle,TextAsset,1
source,bundle,assets/aa/Android/543f9620a4d9f56ea25c7a25e58231b1.bundle,AssetBundle,1
source,bundle,assets/aa/Android/543f9620a4d9f56ea25c7a25e58231b1.bundle,TextAsset,1
source,bundle,assets/aa/Android/5456d67233387b7a6a4b3f22f93fdd6a.bundle,AssetBundle,1
source,bundle,assets/aa/Android/5456d67233387b7a6a4b3f22f93fdd6a.bundle,Sprite,1
source,bundle,assets/aa/Android/5456d67233387b7a6a4b3f22f93fdd6a.bundle,Texture2D,1
source,bundle,assets/aa/Android/5469eeaa1fa3662dc244038f6324ec99.bundle,AssetBundle,1
source,bundle,assets/aa/Android/5469eeaa1fa3662dc244038f6324ec99.bundle,Sprite,1
source,bundle,assets/aa/Android/5469eeaa1fa3662dc244038f6324ec99.bundle,Texture2D,1
source,bundle,assets/aa/Android/5483aafe668b7c9117abd43e24d2e1a3.bundle,AssetBundle,1
source,bundle,assets/aa/Android/5483aafe668b7c9117abd43e24d2e1a3.bundle,TextAsset,1
source,bundle,assets/aa/Android/548f7b01f8e84094a37fac9fa56e0cd5.bundle,AssetBundle,1
source,bundle,assets/aa/Android/548f7b01f8e84094a37fac9fa56e0cd5.bundle,Sprite,1
source,bundle,assets/aa/Android/548f7b01f8e84094a37fac9fa56e0cd5.bundle,Texture2D,1
source,bundle,assets/aa/Android/5499ee34ff2161efef562f062d914898.bundle,AssetBundle,1
source,bundle,assets/aa/Android/5499ee34ff2161efef562f062d914898.bundle,TextAsset,1
source,bundle,assets/aa/Android/54b0411b29dee5e1565a80395a3106c6.bundle,AssetBundle,1
source,bundle,assets/aa/Android/54b0411b29dee5e1565a80395a3106c6.bundle,Sprite,1
source,bundle,assets/aa/Android/54b0411b29dee5e1565a80395a3106c6.bundle,Texture2D,1
source,bundle,assets/aa/Android/55097efce80379ae15aa505d14b460d4.bundle,AssetBundle,1
source,bundle,assets/aa/Android/55097efce80379ae15aa505d14b460d4.bundle,TextAsset,1
source,bundle,assets/aa/Android/555fc39f111ecd3bf13b84ea2ee12515.bundle,AssetBundle,1
source,bundle,assets/aa/Android/555fc39f111ecd3bf13b84ea2ee12515.bundle,TextAsset,1
source,bundle,assets/aa/Android/5568a9f0e2c4e94c52b5b864503fe661.bundle,AssetBundle,1
source,bundle,assets/aa/Android/5568a9f0e2c4e94c52b5b864503fe661.bundle,Sprite,1
source,bundle,assets/aa/Android/5568a9f0e2c4e94c52b5b864503fe661.bundle,Texture2D,1
source,bundle,assets/aa/Android/558f508bad2abeba8eaa956a7265eaac.bundle,AssetBundle,1
source,bundle,assets/aa/Android/558f508bad2abeba8eaa956a7265eaac.bundle,Sprite,1
source,bundle,assets/aa/Android/558f508bad2abeba8eaa956a7265eaac.bundle,Texture2D,1
source,bundle,assets/aa/Android/56059fc4ab4bef899dfe49992eaabb65.bundle,AssetBundle,1
source,bundle,assets/aa/Android/56059fc4ab4bef899dfe49992eaabb65.bundle,Sprite,1
source,bundle,assets/aa/Android/56059fc4ab4bef899dfe49992eaabb65.bundle,Texture2D,1
source,bundle,assets/aa/Android/56298e66842cd0dfb461ea6385730e15.bundle,AssetBundle,1
source,bundle,assets/aa/Android/56298e66842cd0dfb461ea6385730e15.bundle,AudioClip,1
source,bundle,assets/aa/Android/5629db9f9ff66fc8a7d284d7ee78bd8f.bundle,AssetBundle,1
source,bundle,assets/aa/Android/5629db9f9ff66fc8a7d284d7ee78bd8f.bundle,AudioClip,1
source,bundle,assets/aa/Android/56304de0acf36932d047df76674b8cf4.bundle,AssetBundle,1
source,bundle,assets/aa/Android/56304de0acf36932d047df76674b8cf4.bundle,TextAsset,1
source,bundle,assets/aa/Android/56360b97652885ef84bbd6f3782422fb.bundle,AssetBundle,1
source,bundle,assets/aa/Android/56360b97652885ef84bbd6f3782422fb.bundle,TextAsset,1
source,bundle,assets/aa/Android/56450a0da960d76143f4b146f63f7003.bundle,AssetBundle,1
source,bundle,assets/aa/Android/56450a0da960d76143f4b146f63f7003.bundle,TextAsset,1
source,bundle,assets/aa/Android/564a4d855801988be6603bd1f2b167e2.bundle,AssetBundle,1
source,bundle,assets/aa/Android/564a4d855801988be6603bd1f2b167e2.bundle,TextAsset,1
source,bundle,assets/aa/Android/56593465e61a9d9f6559438d1353b8a8.bundle,AssetBundle,1
source,bundle,assets/aa/Android/56593465e61a9d9f6559438d1353b8a8.bundle,Sprite,1
source,bundle,assets/aa/Android/56593465e61a9d9f6559438d1353b8a8.bundle,Texture2D,1
source,bundle,assets/aa/Android/565db146ac87ba68028c58981e911474.bundle,AssetBundle,1
source,bundle,assets/aa/Android/565db146ac87ba68028c58981e911474.bundle,TextAsset,1
source,bundle,assets/aa/Android/5667c623062efc4591e02b24840776f0.bundle,AssetBundle,1
source,bundle,assets/aa/Android/5667c623062efc4591e02b24840776f0.bundle,Sprite,1
source,bundle,assets/aa/Android/5667c623062efc4591e02b24840776f0.bundle,Texture2D,1
source,bundle,assets/aa/Android/5689b41990b8348bd37ff56810990576.bundle,AssetBundle,1
source,bundle,assets/aa/Android/5689b41990b8348bd37ff56810990576.bundle,TextAsset,1
source,bundle,assets/aa/Android/5694019e8e5097043854c6734d9e11a0.bundle,AssetBundle,1
source,bundle,assets/aa/Android/5694019e8e5097043854c6734d9e11a0.bundle,Sprite,1
source,bundle,assets/aa/Android/5694019e8e5097043854c6734d9e11a0.bundle,Texture2D,1
source,bundle,assets/aa/Android/56b765f3d951d63b4c35bdb97821435f.bundle,AssetBundle,1
source,bundle,assets/aa/Android/56b765f3d951d63b4c35bdb97821435f.bundle,AudioClip,1
source,bundle,assets/aa/Android/56f4ecd567f953176c923d6192d9dd3e.bundle,AssetBundle,1
source,bundle,assets/aa/Android/56f4ecd567f953176c923d6192d9dd3e.bundle,TextAsset,1
source,bundle,assets/aa/Android/570ae3f97280ad679500725fd1d9e08b.bundle,AssetBundle,1
source,bundle,assets/aa/Android/570ae3f97280ad679500725fd1d9e08b.bundle,Sprite,1
source,bundle,assets/aa/Android/570ae3f97280ad679500725fd1d9e08b.bundle,Texture2D,1
source,bundle,assets/aa/Android/570d7ebd44bd8776dd526ae0e5aaf41d.bundle,AssetBundle,1
source,bundle,assets/aa/Android/570d7ebd44bd8776dd526ae0e5aaf41d.bundle,TextAsset,1
source,bundle,assets/aa/Android/5712f1468679577a6cec5b59002bec94.bundle,AssetBundle,1
source,bundle,assets/aa/Android/5712f1468679577a6cec5b59002bec94.bundle,Sprite,1
source,bundle,assets/aa/Android/5712f1468679577a6cec5b59002bec94.bundle,Texture2D,1
source,bundle,assets/aa/Android/573fca5018555f1d169ff9a1da3b11f3.bundle,AssetBundle,1
source,bundle,assets/aa/Android/573fca5018555f1d169ff9a1da3b11f3.bundle,TextAsset,1
source,bundle,assets/aa/Android/5742cbeacc4e9df2412a226415ae3176.bundle,AssetBundle,1
source,bundle,assets/aa/Android/5742cbeacc4e9df2412a226415ae3176.bundle,Sprite,1
source,bundle,assets/aa/Android/5742cbeacc4e9df2412a226415ae3176.bundle,Texture2D,1
source,bundle,assets/aa/Android/5744437ddb6fa49affc93ecd2598799b.bundle,AssetBundle,1
source,bundle,assets/aa/Android/5744437ddb6fa49affc93ecd2598799b.bundle,Sprite,1
source,bundle,assets/aa/Android/5744437ddb6fa49affc93ecd2598799b.bundle,Texture2D,1
source,bundle,assets/aa/Android/575566eedc79c9b2950c785528ede0b7.bundle,AssetBundle,1
source,bundle,assets/aa/Android/575566eedc79c9b2950c785528ede0b7.bundle,Sprite,1
source,bundle,assets/aa/Android/575566eedc79c9b2950c785528ede0b7.bundle,Texture2D,1
source,bundle,assets/aa/Android/5809f5eb8804ce1d19b65c27d89d9596.bundle,AssetBundle,1
source,bundle,assets/aa/Android/5809f5eb8804ce1d19b65c27d89d9596.bundle,Sprite,1
source,bundle,assets/aa/Android/5809f5eb8804ce1d19b65c27d89d9596.bundle,Texture2D,1
source,bundle,assets/aa/Android/582140ff1c751ad05a34ee7a5d74ea4f.bundle,AssetBundle,1
source,bundle,assets/aa/Android/582140ff1c751ad05a34ee7a5d74ea4f.bundle,Sprite,1
source,bundle,assets/aa/Android/582140ff1c751ad05a34ee7a5d74ea4f.bundle,Texture2D,1
source,bundle,assets/aa/Android/582ae3567269932272875734109bbedc.bundle,AssetBundle,1
source,bundle,assets/aa/Android/582ae3567269932272875734109bbedc.bundle,Sprite,1
source,bundle,assets/aa/Android/582ae3567269932272875734109bbedc.bundle,Texture2D,1
source,bundle,assets/aa/Android/5838a1d0074b8029bc00022e35e8cc61.bundle,AssetBundle,1
source,bundle,assets/aa/Android/5838a1d0074b8029bc00022e35e8cc61.bundle,Sprite,1
source,bundle,assets/aa/Android/5838a1d0074b8029bc00022e35e8cc61.bundle,Texture2D,1
source,bundle,assets/aa/Android/5842522d8241f67b6fd1eb234dcf0bfb.bundle,AssetBundle,1
source,bundle,assets/aa/Android/5842522d8241f67b6fd1eb234dcf0bfb.bundle,TextAsset,1
source,bundle,assets/aa/Android/585059996291b1eb3d91e61e3ccc71e6.bundle,AssetBundle,1
source,bundle,assets/aa/Android/585059996291b1eb3d91e61e3ccc71e6.bundle,Sprite,1
source,bundle,assets/aa/Android/585059996291b1eb3d91e61e3ccc71e6.bundle,Texture2D,1
source,bundle,assets/aa/Android/58d68a90cea9af32e1539709a2efc01b.bundle,AssetBundle,1
source,bundle,assets/aa/Android/58d68a90cea9af32e1539709a2efc01b.bundle,Sprite,1
source,bundle,assets/aa/Android/58d68a90cea9af32e1539709a2efc01b.bundle,Texture2D,1
source,bundle,assets/aa/Android/58e7c5d9a17ff206f18f447b54d88430.bundle,AssetBundle,1
source,bundle,assets/aa/Android/58e7c5d9a17ff206f18f447b54d88430.bundle,Sprite,1
source,bundle,assets/aa/Android/58e7c5d9a17ff206f18f447b54d88430.bundle,Texture2D,1
source,bundle,assets/aa/Android/58ec2a0c922306c3ea63d192130e5b59.bundle,AssetBundle,1
source,bundle,assets/aa/Android/58ec2a0c922306c3ea63d192130e5b59.bundle,Sprite,1
source,bundle,assets/aa/Android/58ec2a0c922306c3ea63d192130e5b59.bundle,Texture2D,1
source,bundle,assets/aa/Android/59220880f5f0d49f2163b4844391add3.bundle,AssetBundle,1
source,bundle,assets/aa/Android/59220880f5f0d49f2163b4844391add3.bundle,Sprite,1
source,bundle,assets/aa/Android/59220880f5f0d49f2163b4844391add3.bundle,Texture2D,1
source,bundle,assets/aa/Android/594594e608321a9e6c8d5c43aa5f4bb3.bundle,AssetBundle,1
source,bundle,assets/aa/Android/594594e608321a9e6c8d5c43aa5f4bb3.bundle,Sprite,1
source,bundle,assets/aa/Android/594594e608321a9e6c8d5c43aa5f4bb3.bundle,Texture2D,1
source,bundle,assets/aa/Android/59482edb6f08b24f721e311fa2667fb9.bundle,AssetBundle,1
source,bundle,assets/aa/Android/59482edb6f08b24f721e311fa2667fb9.bundle,AudioClip,1
source,bundle,assets/aa/Android/5952638c3eff6331e8d017201431473a.bundle,AssetBundle,1
source,bundle,assets/aa/Android/5952638c3eff6331e8d017201431473a.bundle,TextAsset,1
source,bundle,assets/aa/Android/595c04d4786d9e6c9c3ef7c53f107b80.bundle,AssetBundle,1
source,bundle,assets/aa/Android/595c04d4786d9e6c9c3ef7c53f107b80.bundle,Sprite,1
source,bundle,assets/aa/Android/595c04d4786d9e6c9c3ef7c53f107b80.bundle,Texture2D,1
source,bundle,assets/aa/Android/595e5c0a008e3977db4cc79ceb8e7a61.bundle,AssetBundle,1
source,bundle,assets/aa/Android/595e5c0a008e3977db4cc79ceb8e7a61.bundle,Sprite,1
source,bundle,assets/aa/Android/595e5c0a008e3977db4cc79ceb8e7a61.bundle,Texture2D,1
source,bundle,assets/aa/Android/596ef67876fbb46b86910fe156229241.bundle,AssetBundle,1
source,bundle,assets/aa/Android/596ef67876fbb46b86910fe156229241.bundle,Sprite,1
source,bundle,assets/aa/Android/596ef67876fbb46b86910fe156229241.bundle,Texture2D,1
source,bundle,assets/aa/Android/59db250aed02a30d426ec111f6ca24d2.bundle,AssetBundle,1
source,bundle,assets/aa/Android/59db250aed02a30d426ec111f6ca24d2.bundle,TextAsset,1
source,bundle,assets/aa/Android/59e5aa991e707e613d08b1e80d06af4d.bundle,AssetBundle,1
source,bundle,assets/aa/Android/59e5aa991e707e613d08b1e80d06af4d.bundle,TextAsset,1
source,bundle,assets/aa/Android/59f8ac65f7d5ffd4537d19d8ebdef354.bundle,AssetBundle,1
source,bundle,assets/aa/Android/59f8ac65f7d5ffd4537d19d8ebdef354.bundle,Sprite,1
source,bundle,assets/aa/Android/59f8ac65f7d5ffd4537d19d8ebdef354.bundle,Texture2D,1
source,bundle,assets/aa/Android/59fd8cc45334fea6db469bbaac6a00d9.bundle,AssetBundle,1
source,bundle,assets/aa/Android/59fd8cc45334fea6db469bbaac6a00d9.bundle,TextAsset,1
source,bundle,assets/aa/Android/5a0bccbbbd434fcc7b49e05e7b67c550.bundle,AssetBundle,1
source,bundle,assets/aa/Android/5a0bccbbbd434fcc7b49e05e7b67c550.bundle,Sprite,1
source,bundle,assets/aa/Android/5a0bccbbbd434fcc7b49e05e7b67c550.bundle,Texture2D,1
source,bundle,assets/aa/Android/5a313ee1e03f07e95ebd5064978280a8.bundle,AssetBundle,1
source,bundle,assets/aa/Android/5a313ee1e03f07e95ebd5064978280a8.bundle,Sprite,1
source,bundle,assets/aa/Android/5a313ee1e03f07e95ebd5064978280a8.bundle,Texture2D,1
source,bundle,assets/aa/Android/5a3e0f11cbad6c7b3bdac15fa3d36560.bundle,AssetBundle,1
source,bundle,assets/aa/Android/5a3e0f11cbad6c7b3bdac15fa3d36560.bundle,TextAsset,1
source,bundle,assets/aa/Android/5a42c7e967e2d5d0b6b9f1fccd2ebe7d.bundle,AssetBundle,1
source,bundle,assets/aa/Android/5a42c7e967e2d5d0b6b9f1fccd2ebe7d.bundle,TextAsset,1
source,bundle,assets/aa/Android/5a5143b2c4a5f76516b6e37cbb2bc5f4.bundle,AssetBundle,1
source,bundle,assets/aa/Android/5a5143b2c4a5f76516b6e37cbb2bc5f4.bundle,Sprite,1
source,bundle,assets/aa/Android/5a5143b2c4a5f76516b6e37cbb2bc5f4.bundle,Texture2D,1
source,bundle,assets/aa/Android/5a553f2a6de048d50aded5cb2402ca4b.bundle,AssetBundle,1
source,bundle,assets/aa/Android/5a553f2a6de048d50aded5cb2402ca4b.bundle,Sprite,1
source,bundle,assets/aa/Android/5a553f2a6de048d50aded5cb2402ca4b.bundle,Texture2D,1
source,bundle,assets/aa/Android/5a6176e737dbd4456909ee880f9419d5.bundle,AssetBundle,1
source,bundle,assets/aa/Android/5a6176e737dbd4456909ee880f9419d5.bundle,TextAsset,1
source,bundle,assets/aa/Android/5a710faedf000ec1192c39a88d92c8d1.bundle,AssetBundle,1
source,bundle,assets/aa/Android/5a710faedf000ec1192c39a88d92c8d1.bundle,TextAsset,1
source,bundle,assets/aa/Android/5a842e9f14c5bc7878949a80e8f60516.bundle,AssetBundle,1
source,bundle,assets/aa/Android/5a842e9f14c5bc7878949a80e8f60516.bundle,Sprite,1
source,bundle,assets/aa/Android/5a842e9f14c5bc7878949a80e8f60516.bundle,Texture2D,1
source,bundle,assets/aa/Android/5a86307865386cab58dad8d7f2075619.bundle,AssetBundle,1
source,bundle,assets/aa/Android/5a86307865386cab58dad8d7f2075619.bundle,AudioClip,1
source,bundle,assets/aa/Android/5a878c8aa9bec9a9a59a9de9c80b06fb.bundle,AssetBundle,1
source,bundle,assets/aa/Android/5a878c8aa9bec9a9a59a9de9c80b06fb.bundle,TextAsset,1
source,bundle,assets/aa/Android/5a8d7f2f65e2ca1be0f5c1d148bb9995.bundle,AssetBundle,1
source,bundle,assets/aa/Android/5a8d7f2f65e2ca1be0f5c1d148bb9995.bundle,AudioClip,1
source,bundle,assets/aa/Android/5ac41ef75b1fd8b423d86311abb92926.bundle,AssetBundle,1
source,bundle,assets/aa/Android/5ac41ef75b1fd8b423d86311abb92926.bundle,TextAsset,1
source,bundle,assets/aa/Android/5ace34b60afb91891b973de8ac8ec258.bundle,AssetBundle,1
source,bundle,assets/aa/Android/5ace34b60afb91891b973de8ac8ec258.bundle,AudioClip,1
source,bundle,assets/aa/Android/5adc489c88e9b1a2f37a69a3c3f73ff8.bundle,AssetBundle,1
source,bundle,assets/aa/Android/5adc489c88e9b1a2f37a69a3c3f73ff8.bundle,Sprite,1
source,bundle,assets/aa/Android/5adc489c88e9b1a2f37a69a3c3f73ff8.bundle,Texture2D,1
source,bundle,assets/aa/Android/5afc9da8d05abc6d02760c843746fb43.bundle,AssetBundle,1
source,bundle,assets/aa/Android/5afc9da8d05abc6d02760c843746fb43.bundle,TextAsset,1
source,bundle,assets/aa/Android/5b0211816e8ca8857fa0ba13eb88a40b.bundle,AssetBundle,1
source,bundle,assets/aa/Android/5b0211816e8ca8857fa0ba13eb88a40b.bundle,TextAsset,1
source,bundle,assets/aa/Android/5b07f31d1d4534f037279563693db491.bundle,AssetBundle,1
source,bundle,assets/aa/Android/5b07f31d1d4534f037279563693db491.bundle,TextAsset,1
source,bundle,assets/aa/Android/5b0d20e3eb17f87792d88932647fa254.bundle,AssetBundle,1
source,bundle,assets/aa/Android/5b0d20e3eb17f87792d88932647fa254.bundle,AudioClip,1
source,bundle,assets/aa/Android/5b22e6cef6c214f817c602b40035bd79.bundle,AssetBundle,1
source,bundle,assets/aa/Android/5b22e6cef6c214f817c602b40035bd79.bundle,Sprite,1
source,bundle,assets/aa/Android/5b22e6cef6c214f817c602b40035bd79.bundle,Texture2D,1
source,bundle,assets/aa/Android/5b2923f2b77b323f06088ab4b96166ec.bundle,AssetBundle,1
source,bundle,assets/aa/Android/5b2923f2b77b323f06088ab4b96166ec.bundle,TextAsset,1
source,bundle,assets/aa/Android/5b4ae02eb1a2c6a56d57f178d631a7a2.bundle,AssetBundle,1
source,bundle,assets/aa/Android/5b4ae02eb1a2c6a56d57f178d631a7a2.bundle,AudioClip,1
source,bundle,assets/aa/Android/5b5a90669470225eeff0db353314e0ca.bundle,AssetBundle,1
source,bundle,assets/aa/Android/5b5a90669470225eeff0db353314e0ca.bundle,AudioClip,1
source,bundle,assets/aa/Android/5b5f9416ffe10b5a52fdd5a8ecaf8ee5.bundle,AssetBundle,1
source,bundle,assets/aa/Android/5b5f9416ffe10b5a52fdd5a8ecaf8ee5.bundle,TextAsset,1
source,bundle,assets/aa/Android/5b656ff96a32e0ddae8434a5c4761d52.bundle,AssetBundle,1
source,bundle,assets/aa/Android/5b656ff96a32e0ddae8434a5c4761d52.bundle,Sprite,1
source,bundle,assets/aa/Android/5b656ff96a32e0ddae8434a5c4761d52.bundle,Texture2D,1
source,bundle,assets/aa/Android/5b7ce3da28afa568fb942e8fdac06770.bundle,AssetBundle,1
source,bundle,assets/aa/Android/5b7ce3da28afa568fb942e8fdac06770.bundle,Sprite,1
source,bundle,assets/aa/Android/5b7ce3da28afa568fb942e8fdac06770.bundle,Texture2D,1
source,bundle,assets/aa/Android/5baf77c599a31e3117e948fc9e54bcfa.bundle,AssetBundle,1
source,bundle,assets/aa/Android/5baf77c599a31e3117e948fc9e54bcfa.bundle,TextAsset,1
source,bundle,assets/aa/Android/5bb41676660045b988275c92c9a0117b.bundle,AssetBundle,1
source,bundle,assets/aa/Android/5bb41676660045b988275c92c9a0117b.bundle,Sprite,1
source,bundle,assets/aa/Android/5bb41676660045b988275c92c9a0117b.bundle,Texture2D,1
source,bundle,assets/aa/Android/5bb908cb0f230ac54ddb4671759d1f4d.bundle,AssetBundle,1
source,bundle,assets/aa/Android/5bb908cb0f230ac54ddb4671759d1f4d.bundle,AudioClip,1
source,bundle,assets/aa/Android/5bbf852035c83000d6f7decdf431d41a.bundle,AssetBundle,1
source,bundle,assets/aa/Android/5bbf852035c83000d6f7decdf431d41a.bundle,AudioClip,1
source,bundle,assets/aa/Android/5bc5f90278885fa596c1867e9c544690.bundle,AssetBundle,1
source,bundle,assets/aa/Android/5bc5f90278885fa596c1867e9c544690.bundle,AudioClip,1
source,bundle,assets/aa/Android/5bc780720a3d020409e3842cefdcdd25.bundle,AssetBundle,1
source,bundle,assets/aa/Android/5bc780720a3d020409e3842cefdcdd25.bundle,TextAsset,1
source,bundle,assets/aa/Android/5be78dadb7e1130b0ba6091960f611b4.bundle,AssetBundle,1
source,bundle,assets/aa/Android/5be78dadb7e1130b0ba6091960f611b4.bundle,Sprite,1
source,bundle,assets/aa/Android/5be78dadb7e1130b0ba6091960f611b4.bundle,Texture2D,1
source,bundle,assets/aa/Android/5c1cbecc4b999f02cb6ba21a40937197.bundle,AssetBundle,1
source,bundle,assets/aa/Android/5c1cbecc4b999f02cb6ba21a40937197.bundle,AudioClip,1
source,bundle,assets/aa/Android/5c3119b64425864a8c360fde17e183a9.bundle,AssetBundle,1
source,bundle,assets/aa/Android/5c3119b64425864a8c360fde17e183a9.bundle,TextAsset,1
source,bundle,assets/aa/Android/5c55ab1b49492349a5c44791ff04101a.bundle,AssetBundle,1
source,bundle,assets/aa/Android/5c55ab1b49492349a5c44791ff04101a.bundle,TextAsset,1
source,bundle,assets/aa/Android/5c56127b3d6f1d0905aa7322dd8ddad7.bundle,AssetBundle,1
source,bundle,assets/aa/Android/5c56127b3d6f1d0905aa7322dd8ddad7.bundle,Sprite,1
source,bundle,assets/aa/Android/5c56127b3d6f1d0905aa7322dd8ddad7.bundle,Texture2D,1
source,bundle,assets/aa/Android/5c8420dc00c030ef7eb26e58b8cfdcb7.bundle,AssetBundle,1
source,bundle,assets/aa/Android/5c8420dc00c030ef7eb26e58b8cfdcb7.bundle,Sprite,1
source,bundle,assets/aa/Android/5c8420dc00c030ef7eb26e58b8cfdcb7.bundle,Texture2D,1
source,bundle,assets/aa/Android/5ca2aab3d9eaa81426d09ac8bd7b419e.bundle,AssetBundle,1
source,bundle,assets/aa/Android/5ca2aab3d9eaa81426d09ac8bd7b419e.bundle,TextAsset,1
source,bundle,assets/aa/Android/5cb8a095a552d62124ab459b2132283a.bundle,AssetBundle,1
source,bundle,assets/aa/Android/5cb8a095a552d62124ab459b2132283a.bundle,Sprite,1
source,bundle,assets/aa/Android/5cb8a095a552d62124ab459b2132283a.bundle,Texture2D,1
source,bundle,assets/aa/Android/5cbd6863a6f3212f323830fec281b642.bundle,AssetBundle,1
source,bundle,assets/aa/Android/5cbd6863a6f3212f323830fec281b642.bundle,Sprite,1
source,bundle,assets/aa/Android/5cbd6863a6f3212f323830fec281b642.bundle,Texture2D,1
source,bundle,assets/aa/Android/5cd512631c8e0d212f40c8177c1581c5.bundle,AssetBundle,1
source,bundle,assets/aa/Android/5cd512631c8e0d212f40c8177c1581c5.bundle,TextAsset,1
source,bundle,assets/aa/Android/5d0a1f8f46b0de551b4ac58953bf3088.bundle,AssetBundle,1
source,bundle,assets/aa/Android/5d0a1f8f46b0de551b4ac58953bf3088.bundle,TextAsset,1
source,bundle,assets/aa/Android/5d332a996b531e2294ce296a3d0d5b56.bundle,AssetBundle,1
source,bundle,assets/aa/Android/5d332a996b531e2294ce296a3d0d5b56.bundle,AudioClip,1
source,bundle,assets/aa/Android/5d527b6aa4c6117844f1618216c0b418.bundle,AssetBundle,1
source,bundle,assets/aa/Android/5d527b6aa4c6117844f1618216c0b418.bundle,TextAsset,1
source,bundle,assets/aa/Android/5d96df7ce80f7131e80568118f9e8ed9.bundle,AssetBundle,1
source,bundle,assets/aa/Android/5d96df7ce80f7131e80568118f9e8ed9.bundle,TextAsset,1
source,bundle,assets/aa/Android/5dc4ba0a6bc33154b582dfca8f2c3a6b.bundle,AssetBundle,1
source,bundle,assets/aa/Android/5dc4ba0a6bc33154b582dfca8f2c3a6b.bundle,AudioClip,1
source,bundle,assets/aa/Android/5dd127b642c7884afdda6987b983fec8.bundle,AssetBundle,1
source,bundle,assets/aa/Android/5dd127b642c7884afdda6987b983fec8.bundle,AudioClip,1
source,bundle,assets/aa/Android/5dd6618b0c225a295a08f7d3f59f9afe.bundle,AssetBundle,1
source,bundle,assets/aa/Android/5dd6618b0c225a295a08f7d3f59f9afe.bundle,AudioClip,1
source,bundle,assets/aa/Android/5dffceca85e8a00b1d8727eb7c3912a7.bundle,AssetBundle,1
source,bundle,assets/aa/Android/5dffceca85e8a00b1d8727eb7c3912a7.bundle,Sprite,1
source,bundle,assets/aa/Android/5dffceca85e8a00b1d8727eb7c3912a7.bundle,Texture2D,1
source,bundle,assets/aa/Android/5e2bf28eda012bf674d3f104388f784f.bundle,AssetBundle,1
source,bundle,assets/aa/Android/5e2bf28eda012bf674d3f104388f784f.bundle,TextAsset,1
source,bundle,assets/aa/Android/5e30f30a91960fbe2a604d40c03bf322.bundle,AssetBundle,1
source,bundle,assets/aa/Android/5e30f30a91960fbe2a604d40c03bf322.bundle,Sprite,1
source,bundle,assets/aa/Android/5e30f30a91960fbe2a604d40c03bf322.bundle,Texture2D,1
source,bundle,assets/aa/Android/5e3440b767a50ae5e1dda9a2a7db01f9.bundle,AssetBundle,1
source,bundle,assets/aa/Android/5e3440b767a50ae5e1dda9a2a7db01f9.bundle,Sprite,1
source,bundle,assets/aa/Android/5e3440b767a50ae5e1dda9a2a7db01f9.bundle,Texture2D,1
source,bundle,assets/aa/Android/5e3dc2c170ec709f5919fb7c27cabfe2.bundle,AssetBundle,1
source,bundle,assets/aa/Android/5e3dc2c170ec709f5919fb7c27cabfe2.bundle,Sprite,1
source,bundle,assets/aa/Android/5e3dc2c170ec709f5919fb7c27cabfe2.bundle,Texture2D,1
source,bundle,assets/aa/Android/5e4e9ca84e1b7066fc12c59794035398.bundle,AssetBundle,1
source,bundle,assets/aa/Android/5e4e9ca84e1b7066fc12c59794035398.bundle,TextAsset,1
source,bundle,assets/aa/Android/5e608bda9461bb32cf192c7e1803ece1.bundle,AssetBundle,1
source,bundle,assets/aa/Android/5e608bda9461bb32cf192c7e1803ece1.bundle,TextAsset,1
source,bundle,assets/aa/Android/5e6e51e9e4660fba08c65068e0bc2a74.bundle,AssetBundle,1
source,bundle,assets/aa/Android/5e6e51e9e4660fba08c65068e0bc2a74.bundle,TextAsset,1
source,bundle,assets/aa/Android/5e70ada8381d679c4e59cd6a32373734.bundle,AssetBundle,1
source,bundle,assets/aa/Android/5e70ada8381d679c4e59cd6a32373734.bundle,AudioClip,1
source,bundle,assets/aa/Android/5e7358148e4b0fe7c52be32dd2f321cb.bundle,AssetBundle,1
source,bundle,assets/aa/Android/5e7358148e4b0fe7c52be32dd2f321cb.bundle,TextAsset,1
source,bundle,assets/aa/Android/5e8a5c8c98e0e5494df7986e810a5135.bundle,AssetBundle,1
source,bundle,assets/aa/Android/5e8a5c8c98e0e5494df7986e810a5135.bundle,TextAsset,1
source,bundle,assets/aa/Android/5e974e7bf31aaa92ae03b8efa9409209.bundle,AssetBundle,1
source,bundle,assets/aa/Android/5e974e7bf31aaa92ae03b8efa9409209.bundle,TextAsset,1
source,bundle,assets/aa/Android/5eaa2bf6e2034702ae58bda747aaca69.bundle,AssetBundle,1
source,bundle,assets/aa/Android/5eaa2bf6e2034702ae58bda747aaca69.bundle,TextAsset,1
source,bundle,assets/aa/Android/5ecae3e57db49b7b98ab6626c7eb6ce4.bundle,AssetBundle,1
source,bundle,assets/aa/Android/5ecae3e57db49b7b98ab6626c7eb6ce4.bundle,TextAsset,1
source,bundle,assets/aa/Android/5f6d747adb95e16f45d26fc10ba74641.bundle,AssetBundle,1
source,bundle,assets/aa/Android/5f6d747adb95e16f45d26fc10ba74641.bundle,TextAsset,1
source,bundle,assets/aa/Android/5f7a72198676fdfe09662f13ae7a1419.bundle,AssetBundle,1
source,bundle,assets/aa/Android/5f7a72198676fdfe09662f13ae7a1419.bundle,Sprite,1
source,bundle,assets/aa/Android/5f7a72198676fdfe09662f13ae7a1419.bundle,Texture2D,1
source,bundle,assets/aa/Android/5f7ad78e4171c604b88fec78b598599c.bundle,AssetBundle,1
source,bundle,assets/aa/Android/5f7ad78e4171c604b88fec78b598599c.bundle,TextAsset,1
source,bundle,assets/aa/Android/5f8a7595ce78d4864de3a95d406e951b.bundle,AssetBundle,1
source,bundle,assets/aa/Android/5f8a7595ce78d4864de3a95d406e951b.bundle,TextAsset,1
source,bundle,assets/aa/Android/5f9a534737df7bc462b77838e48a43e0.bundle,AssetBundle,1
source,bundle,assets/aa/Android/5f9a534737df7bc462b77838e48a43e0.bundle,Sprite,1
source,bundle,assets/aa/Android/5f9a534737df7bc462b77838e48a43e0.bundle,Texture2D,1
source,bundle,assets/aa/Android/5fb0ec5d8b1ac2d511b1e0abd36b092b.bundle,AssetBundle,1
source,bundle,assets/aa/Android/5fb0ec5d8b1ac2d511b1e0abd36b092b.bundle,Sprite,1
source,bundle,assets/aa/Android/5fb0ec5d8b1ac2d511b1e0abd36b092b.bundle,Texture2D,1
source,bundle,assets/aa/Android/5fb7b635cb5b1edda9200b0f49e7c6a7.bundle,AssetBundle,1
source,bundle,assets/aa/Android/5fb7b635cb5b1edda9200b0f49e7c6a7.bundle,Sprite,1
source,bundle,assets/aa/Android/5fb7b635cb5b1edda9200b0f49e7c6a7.bundle,Texture2D,1
source,bundle,assets/aa/Android/5fcdbcc1ec1a595dd519c299eb3e0959.bundle,AssetBundle,1
source,bundle,assets/aa/Android/5fcdbcc1ec1a595dd519c299eb3e0959.bundle,Sprite,1
source,bundle,assets/aa/Android/5fcdbcc1ec1a595dd519c299eb3e0959.bundle,Texture2D,1
source,bundle,assets/aa/Android/5fd0ce499cb67509a186b1dcfb29ff8b.bundle,AssetBundle,1
source,bundle,assets/aa/Android/5fd0ce499cb67509a186b1dcfb29ff8b.bundle,AudioClip,1
source,bundle,assets/aa/Android/5fd1dd21ece18e6f032eced6b2720de5.bundle,AssetBundle,1
source,bundle,assets/aa/Android/5fd1dd21ece18e6f032eced6b2720de5.bundle,TextAsset,1
source,bundle,assets/aa/Android/5fd5268b40223fe3f2a52a95a6357eb6.bundle,AssetBundle,1
source,bundle,assets/aa/Android/5fd5268b40223fe3f2a52a95a6357eb6.bundle,Sprite,1
source,bundle,assets/aa/Android/5fd5268b40223fe3f2a52a95a6357eb6.bundle,Texture2D,1
source,bundle,assets/aa/Android/5fdd716a1ee3447a062a67773e6e14f6.bundle,AssetBundle,1
source,bundle,assets/aa/Android/5fdd716a1ee3447a062a67773e6e14f6.bundle,Sprite,1
source,bundle,assets/aa/Android/5fdd716a1ee3447a062a67773e6e14f6.bundle,Texture2D,1
source,bundle,assets/aa/Android/6036273a2ecfac037fa6f56336631af4.bundle,AssetBundle,1
source,bundle,assets/aa/Android/6036273a2ecfac037fa6f56336631af4.bundle,Sprite,1
source,bundle,assets/aa/Android/6036273a2ecfac037fa6f56336631af4.bundle,Texture2D,1
source,bundle,assets/aa/Android/60465d5ad20084319623bc32ee0e5e3e.bundle,AssetBundle,1
source,bundle,assets/aa/Android/60465d5ad20084319623bc32ee0e5e3e.bundle,Sprite,1
source,bundle,assets/aa/Android/60465d5ad20084319623bc32ee0e5e3e.bundle,Texture2D,1
source,bundle,assets/aa/Android/60692b9cdd943c95d00f51d7697c1423.bundle,AssetBundle,1
source,bundle,assets/aa/Android/60692b9cdd943c95d00f51d7697c1423.bundle,Sprite,1
source,bundle,assets/aa/Android/60692b9cdd943c95d00f51d7697c1423.bundle,Texture2D,1
source,bundle,assets/aa/Android/6098a899514dabcd4ec544e9b32cb145.bundle,AssetBundle,1
source,bundle,assets/aa/Android/6098a899514dabcd4ec544e9b32cb145.bundle,Sprite,1
source,bundle,assets/aa/Android/6098a899514dabcd4ec544e9b32cb145.bundle,Texture2D,1
source,bundle,assets/aa/Android/609cdbc184b5b1095f79bdfbf3ee8b4f.bundle,AssetBundle,1
source,bundle,assets/aa/Android/609cdbc184b5b1095f79bdfbf3ee8b4f.bundle,AudioClip,1
source,bundle,assets/aa/Android/60a38daedb73cd021ccdc8c0cb0f27b6.bundle,AssetBundle,1
source,bundle,assets/aa/Android/60a38daedb73cd021ccdc8c0cb0f27b6.bundle,TextAsset,1
source,bundle,assets/aa/Android/60bcc14a00282e7110b85406716a8435.bundle,AssetBundle,1
source,bundle,assets/aa/Android/60bcc14a00282e7110b85406716a8435.bundle,Sprite,1
source,bundle,assets/aa/Android/60bcc14a00282e7110b85406716a8435.bundle,Texture2D,1
source,bundle,assets/aa/Android/60d32ae7e655b12e69bb093945afb82d.bundle,AssetBundle,1
source,bundle,assets/aa/Android/60d32ae7e655b12e69bb093945afb82d.bundle,Sprite,1
source,bundle,assets/aa/Android/60d32ae7e655b12e69bb093945afb82d.bundle,Texture2D,1
source,bundle,assets/aa/Android/60e22f291ad940a2d07dd280af1fbedc.bundle,AssetBundle,1
source,bundle,assets/aa/Android/60e22f291ad940a2d07dd280af1fbedc.bundle,TextAsset,1
source,bundle,assets/aa/Android/60f35e1c9711217c2aff01c5807d9701.bundle,AssetBundle,1
source,bundle,assets/aa/Android/60f35e1c9711217c2aff01c5807d9701.bundle,Sprite,1
source,bundle,assets/aa/Android/60f35e1c9711217c2aff01c5807d9701.bundle,Texture2D,1
source,bundle,assets/aa/Android/6121281e1c470e655c6674bbbabe6955.bundle,AssetBundle,1
source,bundle,assets/aa/Android/6121281e1c470e655c6674bbbabe6955.bundle,Sprite,1
source,bundle,assets/aa/Android/6121281e1c470e655c6674bbbabe6955.bundle,Texture2D,1
source,bundle,assets/aa/Android/61269c43dd7f7e5b3b80ce8c5f601a88.bundle,AssetBundle,1
source,bundle,assets/aa/Android/61269c43dd7f7e5b3b80ce8c5f601a88.bundle,AudioClip,1
source,bundle,assets/aa/Android/617b58075884c5e9d03e74524bf98aa8.bundle,AssetBundle,1
source,bundle,assets/aa/Android/617b58075884c5e9d03e74524bf98aa8.bundle,TextAsset,1
source,bundle,assets/aa/Android/61837c77ee8d649af44bcaf8f3111040.bundle,AssetBundle,1
source,bundle,assets/aa/Android/61837c77ee8d649af44bcaf8f3111040.bundle,TextAsset,1
source,bundle,assets/aa/Android/618b72fa18fd13742a7c6fb049aed2e6.bundle,AssetBundle,1
source,bundle,assets/aa/Android/618b72fa18fd13742a7c6fb049aed2e6.bundle,TextAsset,1
source,bundle,assets/aa/Android/619f76e2c01a25fd90b03ed3cc8d5d0a.bundle,AssetBundle,1
source,bundle,assets/aa/Android/619f76e2c01a25fd90b03ed3cc8d5d0a.bundle,TextAsset,1
source,bundle,assets/aa/Android/61dd5e40c3c326bb048b7b68c1d6235d.bundle,AssetBundle,1
source,bundle,assets/aa/Android/61dd5e40c3c326bb048b7b68c1d6235d.bundle,TextAsset,1
source,bundle,assets/aa/Android/621ab2f183ed89b1f0d57734a72b2d59.bundle,AssetBundle,1
source,bundle,assets/aa/Android/621ab2f183ed89b1f0d57734a72b2d59.bundle,Sprite,1
source,bundle,assets/aa/Android/621ab2f183ed89b1f0d57734a72b2d59.bundle,Texture2D,1
source,bundle,assets/aa/Android/6231a014a46ad4cf912276a7e6c69478.bundle,AssetBundle,1
source,bundle,assets/aa/Android/6231a014a46ad4cf912276a7e6c69478.bundle,Sprite,1
source,bundle,assets/aa/Android/6231a014a46ad4cf912276a7e6c69478.bundle,Texture2D,1
source,bundle,assets/aa/Android/624eb30993bc6f040219d5f31ead4dd1.bundle,AssetBundle,1
source,bundle,assets/aa/Android/624eb30993bc6f040219d5f31ead4dd1.bundle,TextAsset,1
source,bundle,assets/aa/Android/62b270e094460afab6760d2bf17bab20.bundle,AssetBundle,1
source,bundle,assets/aa/Android/62b270e094460afab6760d2bf17bab20.bundle,TextAsset,1
source,bundle,assets/aa/Android/62b5aad40e3b2b432571c0a34eeef9cf.bundle,AssetBundle,1
source,bundle,assets/aa/Android/62b5aad40e3b2b432571c0a34eeef9cf.bundle,Sprite,1
source,bundle,assets/aa/Android/62b5aad40e3b2b432571c0a34eeef9cf.bundle,Texture2D,1
source,bundle,assets/aa/Android/6328562c93c1294160671058901b348e.bundle,AssetBundle,1
source,bundle,assets/aa/Android/6328562c93c1294160671058901b348e.bundle,Sprite,1
source,bundle,assets/aa/Android/6328562c93c1294160671058901b348e.bundle,Texture2D,1
source,bundle,assets/aa/Android/63501bf3c6a3d3cfafa0f6ba683c8819.bundle,AssetBundle,1
source,bundle,assets/aa/Android/63501bf3c6a3d3cfafa0f6ba683c8819.bundle,Sprite,1
source,bundle,assets/aa/Android/63501bf3c6a3d3cfafa0f6ba683c8819.bundle,Texture2D,1
source,bundle,assets/aa/Android/635a58a12581acbe2b87c62886a52e1e.bundle,AssetBundle,1
source,bundle,assets/aa/Android/635a58a12581acbe2b87c62886a52e1e.bundle,Sprite,1
source,bundle,assets/aa/Android/635a58a12581acbe2b87c62886a52e1e.bundle,Texture2D,1
source,bundle,assets/aa/Android/6365f6f909a9f78d1c97d5347cb20d75.bundle,AssetBundle,1
source,bundle,assets/aa/Android/6365f6f909a9f78d1c97d5347cb20d75.bundle,Sprite,1
source,bundle,assets/aa/Android/6365f6f909a9f78d1c97d5347cb20d75.bundle,Texture2D,1
source,bundle,assets/aa/Android/636f29507ef74a67a1e2e59c8b4e670d.bundle,AssetBundle,1
source,bundle,assets/aa/Android/636f29507ef74a67a1e2e59c8b4e670d.bundle,TextAsset,1
source,bundle,assets/aa/Android/63a1bf57f188d406bc3282657113a116.bundle,AssetBundle,1
source,bundle,assets/aa/Android/63a1bf57f188d406bc3282657113a116.bundle,Sprite,1
source,bundle,assets/aa/Android/63a1bf57f188d406bc3282657113a116.bundle,Texture2D,1
source,bundle,assets/aa/Android/63ffbea1b6659a77a04e81313e9785a0.bundle,AssetBundle,1
source,bundle,assets/aa/Android/63ffbea1b6659a77a04e81313e9785a0.bundle,AudioClip,1
source,bundle,assets/aa/Android/641887d55353237cfc770d14cfc45fef.bundle,AssetBundle,1
source,bundle,assets/aa/Android/641887d55353237cfc770d14cfc45fef.bundle,TextAsset,1
source,bundle,assets/aa/Android/6424013e5e18469da8c7babef2403e5b.bundle,AssetBundle,1
source,bundle,assets/aa/Android/6424013e5e18469da8c7babef2403e5b.bundle,Sprite,1
source,bundle,assets/aa/Android/6424013e5e18469da8c7babef2403e5b.bundle,Texture2D,1
source,bundle,assets/aa/Android/642a638c5080ec64f94307886d34f2a2.bundle,AssetBundle,1
source,bundle,assets/aa/Android/642a638c5080ec64f94307886d34f2a2.bundle,TextAsset,1
source,bundle,assets/aa/Android/644570aefdc346caee99236457711030.bundle,AssetBundle,1
source,bundle,assets/aa/Android/644570aefdc346caee99236457711030.bundle,TextAsset,1
source,bundle,assets/aa/Android/644aafdcc61899aa32492cc37338ca2a.bundle,AssetBundle,1
source,bundle,assets/aa/Android/644aafdcc61899aa32492cc37338ca2a.bundle,TextAsset,1
source,bundle,assets/aa/Android/645169babe37057b50f401bb2a0d1df3.bundle,AssetBundle,1
source,bundle,assets/aa/Android/645169babe37057b50f401bb2a0d1df3.bundle,AudioClip,1
source,bundle,assets/aa/Android/646160bdacf275354f2f1db340153c5c.bundle,AssetBundle,1
source,bundle,assets/aa/Android/646160bdacf275354f2f1db340153c5c.bundle,TextAsset,1
source,bundle,assets/aa/Android/64c7c3f09fc0dd9bbdfc48e5a48c6a0f.bundle,AssetBundle,1
source,bundle,assets/aa/Android/64c7c3f09fc0dd9bbdfc48e5a48c6a0f.bundle,TextAsset,1
source,bundle,assets/aa/Android/652a084bdec802549b5c1d1bbc963ec6.bundle,AssetBundle,1
source,bundle,assets/aa/Android/652a084bdec802549b5c1d1bbc963ec6.bundle,TextAsset,1
source,bundle,assets/aa/Android/6561f168946b01f6a478f66f4fd7a82e.bundle,AssetBundle,1
source,bundle,assets/aa/Android/6561f168946b01f6a478f66f4fd7a82e.bundle,TextAsset,1
source,bundle,assets/aa/Android/65765e5a1680ce6de0e2f7fa02e1875c.bundle,AssetBundle,1
source,bundle,assets/aa/Android/65765e5a1680ce6de0e2f7fa02e1875c.bundle,Sprite,1
source,bundle,assets/aa/Android/65765e5a1680ce6de0e2f7fa02e1875c.bundle,Texture2D,1
source,bundle,assets/aa/Android/659d67da6e29a140abfae50e8f127405.bundle,AssetBundle,1
source,bundle,assets/aa/Android/659d67da6e29a140abfae50e8f127405.bundle,Sprite,1
source,bundle,assets/aa/Android/659d67da6e29a140abfae50e8f127405.bundle,Texture2D,1
source,bundle,assets/aa/Android/65b1d3753f5175df37dff3894d4ed8de.bundle,AssetBundle,1
source,bundle,assets/aa/Android/65b1d3753f5175df37dff3894d4ed8de.bundle,TextAsset,1
source,bundle,assets/aa/Android/65f4dd0ca352b6b5bb9ebc1ebe0700c5.bundle,AssetBundle,1
source,bundle,assets/aa/Android/65f4dd0ca352b6b5bb9ebc1ebe0700c5.bundle,Sprite,1
source,bundle,assets/aa/Android/65f4dd0ca352b6b5bb9ebc1ebe0700c5.bundle,Texture2D,1
source,bundle,assets/aa/Android/6609bca4c52666304b2e3ac0fa2e2c1a.bundle,AssetBundle,1
source,bundle,assets/aa/Android/6609bca4c52666304b2e3ac0fa2e2c1a.bundle,Sprite,1
source,bundle,assets/aa/Android/6609bca4c52666304b2e3ac0fa2e2c1a.bundle,Texture2D,1
source,bundle,assets/aa/Android/660ae11cc2d7820079c389967f17e9ad.bundle,AssetBundle,1
source,bundle,assets/aa/Android/660ae11cc2d7820079c389967f17e9ad.bundle,TextAsset,1
source,bundle,assets/aa/Android/660e9dd91598902b35177fd7844e5e1c.bundle,AssetBundle,1
source,bundle,assets/aa/Android/660e9dd91598902b35177fd7844e5e1c.bundle,TextAsset,1
source,bundle,assets/aa/Android/6625978b8d9dc84d8de262a8ecbcae2c.bundle,AssetBundle,1
source,bundle,assets/aa/Android/6625978b8d9dc84d8de262a8ecbcae2c.bundle,Sprite,1
source,bundle,assets/aa/Android/6625978b8d9dc84d8de262a8ecbcae2c.bundle,Texture2D,1
source,bundle,assets/aa/Android/664908c2dc70aed5ec6048873a6bf81d.bundle,AssetBundle,1
source,bundle,assets/aa/Android/664908c2dc70aed5ec6048873a6bf81d.bundle,TextAsset,1
source,bundle,assets/aa/Android/6670edf32f874b2d5717e983a104d60d.bundle,AssetBundle,1
source,bundle,assets/aa/Android/6670edf32f874b2d5717e983a104d60d.bundle,Sprite,1
source,bundle,assets/aa/Android/6670edf32f874b2d5717e983a104d60d.bundle,Texture2D,1
source,bundle,assets/aa/Android/6689fe3be5e530db11c3462074772d03.bundle,AssetBundle,1
source,bundle,assets/aa/Android/6689fe3be5e530db11c3462074772d03.bundle,Sprite,1
source,bundle,assets/aa/Android/6689fe3be5e530db11c3462074772d03.bundle,Texture2D,1
source,bundle,assets/aa/Android/669ae96bc560c3289ae98aea3329129b.bundle,AssetBundle,1
source,bundle,assets/aa/Android/669ae96bc560c3289ae98aea3329129b.bundle,TextAsset,1
source,bundle,assets/aa/Android/66a624985c718f131685b94fd4a2524c.bundle,AssetBundle,1
source,bundle,assets/aa/Android/66a624985c718f131685b94fd4a2524c.bundle,Sprite,1
source,bundle,assets/aa/Android/66a624985c718f131685b94fd4a2524c.bundle,Texture2D,1
source,bundle,assets/aa/Android/66c4824f0d140563818fdaa00cd21f41.bundle,AssetBundle,1
source,bundle,assets/aa/Android/66c4824f0d140563818fdaa00cd21f41.bundle,TextAsset,1
source,bundle,assets/aa/Android/66cb0b6f37378f370162f6d5b75509d2.bundle,AssetBundle,1
source,bundle,assets/aa/Android/66cb0b6f37378f370162f6d5b75509d2.bundle,TextAsset,1
source,bundle,assets/aa/Android/6702224b4dbb96e460f92cd94182b12e.bundle,AssetBundle,1
source,bundle,assets/aa/Android/6702224b4dbb96e460f92cd94182b12e.bundle,Sprite,1
source,bundle,assets/aa/Android/6702224b4dbb96e460f92cd94182b12e.bundle,Texture2D,1
source,bundle,assets/aa/Android/671b75789d2644f218d599ef06b8e96d.bundle,AssetBundle,1
source,bundle,assets/aa/Android/671b75789d2644f218d599ef06b8e96d.bundle,TextAsset,1
source,bundle,assets/aa/Android/671fd2daf8d907acd3d5cffffc319e23.bundle,AssetBundle,1
source,bundle,assets/aa/Android/671fd2daf8d907acd3d5cffffc319e23.bundle,Sprite,1
source,bundle,assets/aa/Android/671fd2daf8d907acd3d5cffffc319e23.bundle,Texture2D,1
source,bundle,assets/aa/Android/673cb422c9e9f1d89a14430d850d2f47.bundle,AssetBundle,1
source,bundle,assets/aa/Android/673cb422c9e9f1d89a14430d850d2f47.bundle,Sprite,1
source,bundle,assets/aa/Android/673cb422c9e9f1d89a14430d850d2f47.bundle,Texture2D,1
source,bundle,assets/aa/Android/674bfc820380b48bc59dad3ade650015.bundle,AssetBundle,1
source,bundle,assets/aa/Android/674bfc820380b48bc59dad3ade650015.bundle,AudioClip,1
source,bundle,assets/aa/Android/674f8bb6f5662e31d079ce40b9fddbbe.bundle,AssetBundle,1
source,bundle,assets/aa/Android/674f8bb6f5662e31d079ce40b9fddbbe.bundle,AudioClip,1
source,bundle,assets/aa/Android/6772c1bbe35e31b7563a66f0cff2c157.bundle,AssetBundle,1
source,bundle,assets/aa/Android/6772c1bbe35e31b7563a66f0cff2c157.bundle,Sprite,1
source,bundle,assets/aa/Android/6772c1bbe35e31b7563a66f0cff2c157.bundle,Texture2D,1
source,bundle,assets/aa/Android/678f456047971af16c3e9c80717df0a4.bundle,AssetBundle,1
source,bundle,assets/aa/Android/678f456047971af16c3e9c80717df0a4.bundle,TextAsset,1
source,bundle,assets/aa/Android/67a0c35b7c98adc935a1729a0772a65b.bundle,AssetBundle,1
source,bundle,assets/aa/Android/67a0c35b7c98adc935a1729a0772a65b.bundle,Sprite,1
source,bundle,assets/aa/Android/67a0c35b7c98adc935a1729a0772a65b.bundle,Texture2D,1
source,bundle,assets/aa/Android/67c0124ea3386e31efd965b42b4bfa6a.bundle,AssetBundle,1
source,bundle,assets/aa/Android/67c0124ea3386e31efd965b42b4bfa6a.bundle,TextAsset,1
source,bundle,assets/aa/Android/67c293e7bfb46dcbe384f176f96b28e4.bundle,AssetBundle,1
source,bundle,assets/aa/Android/67c293e7bfb46dcbe384f176f96b28e4.bundle,Sprite,1
source,bundle,assets/aa/Android/67c293e7bfb46dcbe384f176f96b28e4.bundle,Texture2D,1
source,bundle,assets/aa/Android/67f5a9864ebf3d52cadc32b6ced7ca24.bundle,AssetBundle,1
source,bundle,assets/aa/Android/67f5a9864ebf3d52cadc32b6ced7ca24.bundle,AudioClip,1
source,bundle,assets/aa/Android/67fff5b738266502b169fa6264874fee.bundle,AssetBundle,1
source,bundle,assets/aa/Android/67fff5b738266502b169fa6264874fee.bundle,Sprite,1
source,bundle,assets/aa/Android/67fff5b738266502b169fa6264874fee.bundle,Texture2D,1
source,bundle,assets/aa/Android/6813f4efd8116ac57530cec9c60f11c9.bundle,AssetBundle,1
source,bundle,assets/aa/Android/6813f4efd8116ac57530cec9c60f11c9.bundle,Sprite,1
source,bundle,assets/aa/Android/6813f4efd8116ac57530cec9c60f11c9.bundle,Texture2D,1
source,bundle,assets/aa/Android/681e2eb9a39890e9988a71363d151453.bundle,AssetBundle,1
source,bundle,assets/aa/Android/681e2eb9a39890e9988a71363d151453.bundle,Sprite,1
source,bundle,assets/aa/Android/681e2eb9a39890e9988a71363d151453.bundle,Texture2D,1
source,bundle,assets/aa/Android/685f3b2c19e8a12f86ffaa0fe552a41f.bundle,AssetBundle,1
source,bundle,assets/aa/Android/685f3b2c19e8a12f86ffaa0fe552a41f.bundle,Sprite,1
source,bundle,assets/aa/Android/685f3b2c19e8a12f86ffaa0fe552a41f.bundle,Texture2D,1
source,bundle,assets/aa/Android/687eb4c97dc9e9e371cfc5fb68106e02.bundle,AssetBundle,1
source,bundle,assets/aa/Android/687eb4c97dc9e9e371cfc5fb68106e02.bundle,TextAsset,1
source,bundle,assets/aa/Android/68a1b2a66a9c0865587df8d00581859b.bundle,AssetBundle,1
source,bundle,assets/aa/Android/68a1b2a66a9c0865587df8d00581859b.bundle,TextAsset,1
source,bundle,assets/aa/Android/68a926670fb1c58d79dbe242f7d544df.bundle,AssetBundle,1
source,bundle,assets/aa/Android/68a926670fb1c58d79dbe242f7d544df.bundle,Sprite,1
source,bundle,assets/aa/Android/68a926670fb1c58d79dbe242f7d544df.bundle,Texture2D,1
source,bundle,assets/aa/Android/68fd578b998ff1bcc98ddbc03a91b3a8.bundle,AssetBundle,1
source,bundle,assets/aa/Android/68fd578b998ff1bcc98ddbc03a91b3a8.bundle,Sprite,1
source,bundle,assets/aa/Android/68fd578b998ff1bcc98ddbc03a91b3a8.bundle,Texture2D,1
source,bundle,assets/aa/Android/6926508f64e35850ee11a8ba451d559f.bundle,AssetBundle,1
source,bundle,assets/aa/Android/6926508f64e35850ee11a8ba451d559f.bundle,Sprite,1
source,bundle,assets/aa/Android/6926508f64e35850ee11a8ba451d559f.bundle,Texture2D,1
source,bundle,assets/aa/Android/6929f943038f6d0cfa749e4f2a2076c6.bundle,AssetBundle,1
source,bundle,assets/aa/Android/6929f943038f6d0cfa749e4f2a2076c6.bundle,AudioClip,1
source,bundle,assets/aa/Android/6945f27ebe4c6a2c5aac5593ba7942b7.bundle,AssetBundle,1
source,bundle,assets/aa/Android/6945f27ebe4c6a2c5aac5593ba7942b7.bundle,AudioClip,1
source,bundle,assets/aa/Android/69543fe4b3f28fb28d99a77e83d89902.bundle,AssetBundle,1
source,bundle,assets/aa/Android/69543fe4b3f28fb28d99a77e83d89902.bundle,TextAsset,1
source,bundle,assets/aa/Android/696ab2f880fd37c09b53611f5d914a7d.bundle,AssetBundle,1
source,bundle,assets/aa/Android/696ab2f880fd37c09b53611f5d914a7d.bundle,TextAsset,1
source,bundle,assets/aa/Android/696afb4941114c2df213e2c25fd7f321.bundle,AssetBundle,1
source,bundle,assets/aa/Android/696afb4941114c2df213e2c25fd7f321.bundle,TextAsset,1
source,bundle,assets/aa/Android/69aa72dc686b5ebe0b419269bb4faae2.bundle,AssetBundle,1
source,bundle,assets/aa/Android/69aa72dc686b5ebe0b419269bb4faae2.bundle,Sprite,1
source,bundle,assets/aa/Android/69aa72dc686b5ebe0b419269bb4faae2.bundle,Texture2D,1
source,bundle,assets/aa/Android/69b60b69c40d7880e6bfdecfb55a688a.bundle,AssetBundle,1
source,bundle,assets/aa/Android/69b60b69c40d7880e6bfdecfb55a688a.bundle,TextAsset,1
source,bundle,assets/aa/Android/69cc4e8e219177c94ad392de3a2d82d1.bundle,AssetBundle,1
source,bundle,assets/aa/Android/69cc4e8e219177c94ad392de3a2d82d1.bundle,Sprite,1
source,bundle,assets/aa/Android/69cc4e8e219177c94ad392de3a2d82d1.bundle,Texture2D,1
source,bundle,assets/aa/Android/69d359825fffc560e737b3ac64c65622.bundle,AssetBundle,1
source,bundle,assets/aa/Android/69d359825fffc560e737b3ac64c65622.bundle,TextAsset,1
source,bundle,assets/aa/Android/69e20f664703d92fa35a8c656338b92d.bundle,AssetBundle,1
source,bundle,assets/aa/Android/69e20f664703d92fa35a8c656338b92d.bundle,TextAsset,1
source,bundle,assets/aa/Android/6a1c89dfa23b62b69fb35e193425927f.bundle,AssetBundle,1
source,bundle,assets/aa/Android/6a1c89dfa23b62b69fb35e193425927f.bundle,Sprite,1
source,bundle,assets/aa/Android/6a1c89dfa23b62b69fb35e193425927f.bundle,Texture2D,1
source,bundle,assets/aa/Android/6a1e88b21966f6bc1cc2ac276684b480.bundle,AssetBundle,1
source,bundle,assets/aa/Android/6a1e88b21966f6bc1cc2ac276684b480.bundle,AudioClip,1
source,bundle,assets/aa/Android/6a4e03a159b9947204dfbd024708a22c.bundle,AssetBundle,1
source,bundle,assets/aa/Android/6a4e03a159b9947204dfbd024708a22c.bundle,Sprite,1
source,bundle,assets/aa/Android/6a4e03a159b9947204dfbd024708a22c.bundle,Texture2D,1
source,bundle,assets/aa/Android/6a62034f2f018f97387b0c2f4ec8e6a6.bundle,AssetBundle,1
source,bundle,assets/aa/Android/6a62034f2f018f97387b0c2f4ec8e6a6.bundle,Sprite,1
source,bundle,assets/aa/Android/6a62034f2f018f97387b0c2f4ec8e6a6.bundle,Texture2D,1
source,bundle,assets/aa/Android/6a6219c888e78053c78ab94e8ee1007d.bundle,AssetBundle,1
source,bundle,assets/aa/Android/6a6219c888e78053c78ab94e8ee1007d.bundle,AudioClip,1
source,bundle,assets/aa/Android/6a77bde89f269d5a33474ba6aa8f3ae9.bundle,AssetBundle,1
source,bundle,assets/aa/Android/6a77bde89f269d5a33474ba6aa8f3ae9.bundle,AudioClip,1
source,bundle,assets/aa/Android/6ab0964ade340639c31ebc17a0893591.bundle,AssetBundle,1
source,bundle,assets/aa/Android/6ab0964ade340639c31ebc17a0893591.bundle,TextAsset,1
source,bundle,assets/aa/Android/6ab48cb3648b920a124007295507fc28.bundle,AssetBundle,1
source,bundle,assets/aa/Android/6ab48cb3648b920a124007295507fc28.bundle,Sprite,1
source,bundle,assets/aa/Android/6ab48cb3648b920a124007295507fc28.bundle,Texture2D,1
source,bundle,assets/aa/Android/6ad5add4a2ab5dae86d4edcd35eede13.bundle,AssetBundle,1
source,bundle,assets/aa/Android/6ad5add4a2ab5dae86d4edcd35eede13.bundle,Sprite,1
source,bundle,assets/aa/Android/6ad5add4a2ab5dae86d4edcd35eede13.bundle,Texture2D,1
source,bundle,assets/aa/Android/6ae8a9d79836c04c4ee5a6f266438e9b.bundle,AssetBundle,1
source,bundle,assets/aa/Android/6ae8a9d79836c04c4ee5a6f266438e9b.bundle,Sprite,1
source,bundle,assets/aa/Android/6ae8a9d79836c04c4ee5a6f266438e9b.bundle,Texture2D,1
source,bundle,assets/aa/Android/6b9858d8671e599483f4abd7190ee275.bundle,AssetBundle,1
source,bundle,assets/aa/Android/6b9858d8671e599483f4abd7190ee275.bundle,Sprite,1
source,bundle,assets/aa/Android/6b9858d8671e599483f4abd7190ee275.bundle,Texture2D,1
source,bundle,assets/aa/Android/6bceebd680d73e803e491924324c0931.bundle,AssetBundle,1
source,bundle,assets/aa/Android/6bceebd680d73e803e491924324c0931.bundle,TextAsset,1
source,bundle,assets/aa/Android/6bf0105deb7423de6dca89ff8f0684eb.bundle,AssetBundle,1
source,bundle,assets/aa/Android/6bf0105deb7423de6dca89ff8f0684eb.bundle,Sprite,1
source,bundle,assets/aa/Android/6bf0105deb7423de6dca89ff8f0684eb.bundle,Texture2D,1
source,bundle,assets/aa/Android/6bfd61857e7a89e082a02eac53ef6066.bundle,AssetBundle,1
source,bundle,assets/aa/Android/6bfd61857e7a89e082a02eac53ef6066.bundle,TextAsset,1
source,bundle,assets/aa/Android/6c41c1ee258a7456e69d1b5b71915db2.bundle,AssetBundle,1
source,bundle,assets/aa/Android/6c41c1ee258a7456e69d1b5b71915db2.bundle,Sprite,1
source,bundle,assets/aa/Android/6c41c1ee258a7456e69d1b5b71915db2.bundle,Texture2D,1
source,bundle,assets/aa/Android/6c425bd44b67f9fbb16f4aa943326ec3.bundle,AssetBundle,1
source,bundle,assets/aa/Android/6c425bd44b67f9fbb16f4aa943326ec3.bundle,Sprite,1
source,bundle,assets/aa/Android/6c425bd44b67f9fbb16f4aa943326ec3.bundle,Texture2D,1
source,bundle,assets/aa/Android/6c4550d34816055dc310f17412972fe2.bundle,AssetBundle,1
source,bundle,assets/aa/Android/6c4550d34816055dc310f17412972fe2.bundle,Sprite,1
source,bundle,assets/aa/Android/6c4550d34816055dc310f17412972fe2.bundle,Texture2D,1
source,bundle,assets/aa/Android/6c7133ba36d5b332e6129449d1b45b40.bundle,AssetBundle,1
source,bundle,assets/aa/Android/6c7133ba36d5b332e6129449d1b45b40.bundle,AudioClip,1
source,bundle,assets/aa/Android/6c8a1b7c44f8bce61a728fbaf3f285dc.bundle,AssetBundle,1
source,bundle,assets/aa/Android/6c8a1b7c44f8bce61a728fbaf3f285dc.bundle,TextAsset,1
source,bundle,assets/aa/Android/6c8ecd795e4081409c4a93556f74d790.bundle,AssetBundle,1
source,bundle,assets/aa/Android/6c8ecd795e4081409c4a93556f74d790.bundle,AudioClip,1
source,bundle,assets/aa/Android/6c9a44ddfb35b9a1cab69afcaf4b846c.bundle,AssetBundle,1
source,bundle,assets/aa/Android/6c9a44ddfb35b9a1cab69afcaf4b846c.bundle,Sprite,1
source,bundle,assets/aa/Android/6c9a44ddfb35b9a1cab69afcaf4b846c.bundle,Texture2D,1
source,bundle,assets/aa/Android/6cb69394cc41a5a4304fe620ceafd573.bundle,AssetBundle,1
source,bundle,assets/aa/Android/6cb69394cc41a5a4304fe620ceafd573.bundle,Sprite,1
source,bundle,assets/aa/Android/6cb69394cc41a5a4304fe620ceafd573.bundle,Texture2D,1
source,bundle,assets/aa/Android/6cbd536ffa1093ecdc31b122c706d231.bundle,AssetBundle,1
source,bundle,assets/aa/Android/6cbd536ffa1093ecdc31b122c706d231.bundle,Sprite,1
source,bundle,assets/aa/Android/6cbd536ffa1093ecdc31b122c706d231.bundle,Texture2D,1
source,bundle,assets/aa/Android/6cc6935739fa849caf7636d83c922520.bundle,AssetBundle,1
source,bundle,assets/aa/Android/6cc6935739fa849caf7636d83c922520.bundle,Sprite,1
source,bundle,assets/aa/Android/6cc6935739fa849caf7636d83c922520.bundle,Texture2D,1
source,bundle,assets/aa/Android/6ce1a368acd8256bb96331076a449c63.bundle,AssetBundle,1
source,bundle,assets/aa/Android/6ce1a368acd8256bb96331076a449c63.bundle,TextAsset,1
source,bundle,assets/aa/Android/6d123ebc31932c7337456ba7638c8275.bundle,AssetBundle,1
source,bundle,assets/aa/Android/6d123ebc31932c7337456ba7638c8275.bundle,Sprite,1
source,bundle,assets/aa/Android/6d123ebc31932c7337456ba7638c8275.bundle,Texture2D,1
source,bundle,assets/aa/Android/6d525a29722b786530a62f819a69069a.bundle,AssetBundle,1
source,bundle,assets/aa/Android/6d525a29722b786530a62f819a69069a.bundle,TextAsset,1
source,bundle,assets/aa/Android/6d5fd84e50db2efd5b7aeb656e1b8a8c.bundle,AssetBundle,1
source,bundle,assets/aa/Android/6d5fd84e50db2efd5b7aeb656e1b8a8c.bundle,Sprite,1
source,bundle,assets/aa/Android/6d5fd84e50db2efd5b7aeb656e1b8a8c.bundle,Texture2D,1
source,bundle,assets/aa/Android/6d822e49132e4be6b72a250be97f66de.bundle,AssetBundle,1
source,bundle,assets/aa/Android/6d822e49132e4be6b72a250be97f66de.bundle,Sprite,1
source,bundle,assets/aa/Android/6d822e49132e4be6b72a250be97f66de.bundle,Texture2D,1
source,bundle,assets/aa/Android/6da5e4eb401174dc3910288c9816feac.bundle,AssetBundle,1
source,bundle,assets/aa/Android/6da5e4eb401174dc3910288c9816feac.bundle,Sprite,1
source,bundle,assets/aa/Android/6da5e4eb401174dc3910288c9816feac.bundle,Texture2D,1
source,bundle,assets/aa/Android/6daa4f7de19d5fb80ee2d6b05aacc1bf.bundle,AssetBundle,1
source,bundle,assets/aa/Android/6daa4f7de19d5fb80ee2d6b05aacc1bf.bundle,Sprite,1
source,bundle,assets/aa/Android/6daa4f7de19d5fb80ee2d6b05aacc1bf.bundle,Texture2D,1
source,bundle,assets/aa/Android/6db0ca34eea00f973684369b1ef41a40.bundle,AssetBundle,1
source,bundle,assets/aa/Android/6db0ca34eea00f973684369b1ef41a40.bundle,Sprite,1
source,bundle,assets/aa/Android/6db0ca34eea00f973684369b1ef41a40.bundle,Texture2D,1
source,bundle,assets/aa/Android/6dbcaf1325e8cac182c0efed25c67332.bundle,AssetBundle,1
source,bundle,assets/aa/Android/6dbcaf1325e8cac182c0efed25c67332.bundle,Sprite,1
source,bundle,assets/aa/Android/6dbcaf1325e8cac182c0efed25c67332.bundle,Texture2D,1
source,bundle,assets/aa/Android/6dc81d92f23e03e0784451bbb91679d4.bundle,AssetBundle,1
source,bundle,assets/aa/Android/6dc81d92f23e03e0784451bbb91679d4.bundle,TextAsset,1
source,bundle,assets/aa/Android/6df91f6486138a3b1ce9f8f744974812.bundle,AssetBundle,1
source,bundle,assets/aa/Android/6df91f6486138a3b1ce9f8f744974812.bundle,Sprite,1
source,bundle,assets/aa/Android/6df91f6486138a3b1ce9f8f744974812.bundle,Texture2D,1
source,bundle,assets/aa/Android/6e4abf42cc631d2d461b350db8cd88fb.bundle,AssetBundle,1
source,bundle,assets/aa/Android/6e4abf42cc631d2d461b350db8cd88fb.bundle,Sprite,1
source,bundle,assets/aa/Android/6e4abf42cc631d2d461b350db8cd88fb.bundle,Texture2D,1
source,bundle,assets/aa/Android/6e98ea8c9eeb0bdba0b7bb154bb755b7.bundle,AssetBundle,1
source,bundle,assets/aa/Android/6e98ea8c9eeb0bdba0b7bb154bb755b7.bundle,Sprite,1
source,bundle,assets/aa/Android/6e98ea8c9eeb0bdba0b7bb154bb755b7.bundle,Texture2D,1
source,bundle,assets/aa/Android/6e9bdfe2446df25e61bec6a9685086c6.bundle,AssetBundle,1
source,bundle,assets/aa/Android/6e9bdfe2446df25e61bec6a9685086c6.bundle,Sprite,1
source,bundle,assets/aa/Android/6e9bdfe2446df25e61bec6a9685086c6.bundle,Texture2D,1
source,bundle,assets/aa/Android/6ebd73319d8d36f24edf7929638fc7ad.bundle,AssetBundle,1
source,bundle,assets/aa/Android/6ebd73319d8d36f24edf7929638fc7ad.bundle,Sprite,1
source,bundle,assets/aa/Android/6ebd73319d8d36f24edf7929638fc7ad.bundle,Texture2D,1
source,bundle,assets/aa/Android/6ef4fb05083bbf949a5650c2871c5863.bundle,AssetBundle,1
source,bundle,assets/aa/Android/6ef4fb05083bbf949a5650c2871c5863.bundle,AudioClip,1
source,bundle,assets/aa/Android/6f1bb14a2849c9f062efdf1c608ae3b8.bundle,AssetBundle,1
source,bundle,assets/aa/Android/6f1bb14a2849c9f062efdf1c608ae3b8.bundle,Sprite,1
source,bundle,assets/aa/Android/6f1bb14a2849c9f062efdf1c608ae3b8.bundle,Texture2D,1
source,bundle,assets/aa/Android/6f26a8f51feda57f233bbb0de94c4a0d.bundle,AssetBundle,1
source,bundle,assets/aa/Android/6f26a8f51feda57f233bbb0de94c4a0d.bundle,Sprite,1
source,bundle,assets/aa/Android/6f26a8f51feda57f233bbb0de94c4a0d.bundle,Texture2D,1
source,bundle,assets/aa/Android/6f2faa64563c29a06cf065c9d99ad353.bundle,AssetBundle,1
source,bundle,assets/aa/Android/6f2faa64563c29a06cf065c9d99ad353.bundle,TextAsset,1
source,bundle,assets/aa/Android/6f57984d87d13db5c3ce0ecc27252a6d.bundle,AssetBundle,1
source,bundle,assets/aa/Android/6f57984d87d13db5c3ce0ecc27252a6d.bundle,TextAsset,1
source,bundle,assets/aa/Android/6f5e8fa1fca93ef8648f00b0430c6e36.bundle,AssetBundle,1
source,bundle,assets/aa/Android/6f5e8fa1fca93ef8648f00b0430c6e36.bundle,Sprite,1
source,bundle,assets/aa/Android/6f5e8fa1fca93ef8648f00b0430c6e36.bundle,Texture2D,1
source,bundle,assets/aa/Android/6f6355bb96385fa436338d5bfa25f6f2.bundle,AssetBundle,1
source,bundle,assets/aa/Android/6f6355bb96385fa436338d5bfa25f6f2.bundle,TextAsset,1
source,bundle,assets/aa/Android/6f7d3c123d8938cd34fc7b9100a4a98a.bundle,AssetBundle,1
source,bundle,assets/aa/Android/6f7d3c123d8938cd34fc7b9100a4a98a.bundle,AudioClip,1
source,bundle,assets/aa/Android/6fb8d25c0822290430c55f6735b25ffd.bundle,AssetBundle,1
source,bundle,assets/aa/Android/6fb8d25c0822290430c55f6735b25ffd.bundle,TextAsset,1
source,bundle,assets/aa/Android/6fc17a7983e36c670748543ed7294424.bundle,AssetBundle,1
source,bundle,assets/aa/Android/6fc17a7983e36c670748543ed7294424.bundle,Sprite,1
source,bundle,assets/aa/Android/6fc17a7983e36c670748543ed7294424.bundle,Texture2D,1
source,bundle,assets/aa/Android/6fe1ee518a54ed4998868339090aeeff.bundle,AssetBundle,1
source,bundle,assets/aa/Android/6fe1ee518a54ed4998868339090aeeff.bundle,TextAsset,1
source,bundle,assets/aa/Android/6ff4c2fb09b31fa40cf4d776fae9401a.bundle,AssetBundle,1
source,bundle,assets/aa/Android/6ff4c2fb09b31fa40cf4d776fae9401a.bundle,Sprite,1
source,bundle,assets/aa/Android/6ff4c2fb09b31fa40cf4d776fae9401a.bundle,Texture2D,1
source,bundle,assets/aa/Android/700855690e3438def50c6bc0177079b0.bundle,AssetBundle,1
source,bundle,assets/aa/Android/700855690e3438def50c6bc0177079b0.bundle,TextAsset,1
source,bundle,assets/aa/Android/70329764facbd06ebdf8cbd159664580.bundle,AssetBundle,1
source,bundle,assets/aa/Android/70329764facbd06ebdf8cbd159664580.bundle,Sprite,1
source,bundle,assets/aa/Android/70329764facbd06ebdf8cbd159664580.bundle,Texture2D,1
source,bundle,assets/aa/Android/7035c1f1c79825164f8353adc922f920.bundle,AssetBundle,1
source,bundle,assets/aa/Android/7035c1f1c79825164f8353adc922f920.bundle,Sprite,1
source,bundle,assets/aa/Android/7035c1f1c79825164f8353adc922f920.bundle,Texture2D,1
source,bundle,assets/aa/Android/7036df9a17706812540c4b4c7343c636.bundle,AssetBundle,1
source,bundle,assets/aa/Android/7036df9a17706812540c4b4c7343c636.bundle,AudioClip,1
source,bundle,assets/aa/Android/7050cc5af2aa6e155566fd27f282ff39.bundle,AssetBundle,1
source,bundle,assets/aa/Android/7050cc5af2aa6e155566fd27f282ff39.bundle,AudioClip,1
source,bundle,assets/aa/Android/7061ad6907264650875fc78520eefe9e.bundle,AssetBundle,1
source,bundle,assets/aa/Android/7061ad6907264650875fc78520eefe9e.bundle,Sprite,1
source,bundle,assets/aa/Android/7061ad6907264650875fc78520eefe9e.bundle,Texture2D,1
source,bundle,assets/aa/Android/706936abcf46ecf8ed32ae4e03c64540.bundle,AssetBundle,1
source,bundle,assets/aa/Android/706936abcf46ecf8ed32ae4e03c64540.bundle,Sprite,1
source,bundle,assets/aa/Android/706936abcf46ecf8ed32ae4e03c64540.bundle,Texture2D,1
source,bundle,assets/aa/Android/70cef5aa8b2754f5bdb62b5e56850077.bundle,AssetBundle,1
source,bundle,assets/aa/Android/70cef5aa8b2754f5bdb62b5e56850077.bundle,Sprite,1
source,bundle,assets/aa/Android/70cef5aa8b2754f5bdb62b5e56850077.bundle,Texture2D,1
source,bundle,assets/aa/Android/7106cd328b71096807c1d6811cdbc16e.bundle,AssetBundle,1
source,bundle,assets/aa/Android/7106cd328b71096807c1d6811cdbc16e.bundle,AudioClip,1
source,bundle,assets/aa/Android/714b081055ebcea2cc0a3a15a31a42a9.bundle,AssetBundle,1
source,bundle,assets/aa/Android/714b081055ebcea2cc0a3a15a31a42a9.bundle,Sprite,1
source,bundle,assets/aa/Android/714b081055ebcea2cc0a3a15a31a42a9.bundle,Texture2D,1
source,bundle,assets/aa/Android/7159bac68fec51873e53164e184e8bd7.bundle,AssetBundle,1
source,bundle,assets/aa/Android/7159bac68fec51873e53164e184e8bd7.bundle,Sprite,1
source,bundle,assets/aa/Android/7159bac68fec51873e53164e184e8bd7.bundle,Texture2D,1
source,bundle,assets/aa/Android/7166f87ba2a6ae784dd02d6c205abcee.bundle,AssetBundle,1
source,bundle,assets/aa/Android/7166f87ba2a6ae784dd02d6c205abcee.bundle,TextAsset,1
source,bundle,assets/aa/Android/7184cbcc11081db61d7be82f4cec31dc.bundle,AssetBundle,1
source,bundle,assets/aa/Android/7184cbcc11081db61d7be82f4cec31dc.bundle,Sprite,1
source,bundle,assets/aa/Android/7184cbcc11081db61d7be82f4cec31dc.bundle,Texture2D,1
source,bundle,assets/aa/Android/71ba5c47ca4453ace0f564a8a4294f66.bundle,AssetBundle,1
source,bundle,assets/aa/Android/71ba5c47ca4453ace0f564a8a4294f66.bundle,AudioClip,1
source,bundle,assets/aa/Android/71d9b6b800ff548c0a11672d396a594d.bundle,AssetBundle,1
source,bundle,assets/aa/Android/71d9b6b800ff548c0a11672d396a594d.bundle,Sprite,1
source,bundle,assets/aa/Android/71d9b6b800ff548c0a11672d396a594d.bundle,Texture2D,1
source,bundle,assets/aa/Android/71df9c2b6f86294b40726a9a3c9eaf3c.bundle,AssetBundle,1
source,bundle,assets/aa/Android/71df9c2b6f86294b40726a9a3c9eaf3c.bundle,AudioClip,1
source,bundle,assets/aa/Android/71eafbcf5818f74ea98d4d0498459f21.bundle,AssetBundle,1
source,bundle,assets/aa/Android/71eafbcf5818f74ea98d4d0498459f21.bundle,AudioClip,1
source,bundle,assets/aa/Android/720f8574c6301325219a43c019408b08.bundle,AssetBundle,1
source,bundle,assets/aa/Android/720f8574c6301325219a43c019408b08.bundle,TextAsset,1
source,bundle,assets/aa/Android/722ccd36412509836c89f38b1da1c6e5.bundle,AssetBundle,1
source,bundle,assets/aa/Android/722ccd36412509836c89f38b1da1c6e5.bundle,Sprite,1
source,bundle,assets/aa/Android/722ccd36412509836c89f38b1da1c6e5.bundle,Texture2D,1
source,bundle,assets/aa/Android/72614cd992f67fc2aa15120ce616be16.bundle,AssetBundle,1
source,bundle,assets/aa/Android/72614cd992f67fc2aa15120ce616be16.bundle,Sprite,1
source,bundle,assets/aa/Android/72614cd992f67fc2aa15120ce616be16.bundle,Texture2D,1
source,bundle,assets/aa/Android/7265397656599fdcc98bb97589aeaa8f.bundle,AssetBundle,1
source,bundle,assets/aa/Android/7265397656599fdcc98bb97589aeaa8f.bundle,Sprite,1
source,bundle,assets/aa/Android/7265397656599fdcc98bb97589aeaa8f.bundle,Texture2D,1
source,bundle,assets/aa/Android/72a9cad4f2c01dcca290809393a2e982.bundle,AssetBundle,1
source,bundle,assets/aa/Android/72a9cad4f2c01dcca290809393a2e982.bundle,TextAsset,1
source,bundle,assets/aa/Android/72b86a0995254fc7e57e4f9f5344e831.bundle,AssetBundle,1
source,bundle,assets/aa/Android/72b86a0995254fc7e57e4f9f5344e831.bundle,TextAsset,1
source,bundle,assets/aa/Android/72d7afeb5085cdbb3125545a65ccd871.bundle,AssetBundle,1
source,bundle,assets/aa/Android/72d7afeb5085cdbb3125545a65ccd871.bundle,Sprite,1
source,bundle,assets/aa/Android/72d7afeb5085cdbb3125545a65ccd871.bundle,Texture2D,1
source,bundle,assets/aa/Android/730f63851f9ba89bcf1ec1b2617486be.bundle,AssetBundle,1
source,bundle,assets/aa/Android/730f63851f9ba89bcf1ec1b2617486be.bundle,Sprite,1
source,bundle,assets/aa/Android/730f63851f9ba89bcf1ec1b2617486be.bundle,Texture2D,1
source,bundle,assets/aa/Android/732919b403bf15152a8f5913863737db.bundle,AssetBundle,1
source,bundle,assets/aa/Android/732919b403bf15152a8f5913863737db.bundle,TextAsset,1
source,bundle,assets/aa/Android/732ac8bb4301a6ebe814a629463d057c.bundle,AssetBundle,1
source,bundle,assets/aa/Android/732ac8bb4301a6ebe814a629463d057c.bundle,Sprite,1
source,bundle,assets/aa/Android/732ac8bb4301a6ebe814a629463d057c.bundle,Texture2D,1
source,bundle,assets/aa/Android/734076a51466bed78ba6d061a9f1f6d2.bundle,AssetBundle,1
source,bundle,assets/aa/Android/734076a51466bed78ba6d061a9f1f6d2.bundle,TextAsset,1
source,bundle,assets/aa/Android/736513a5afa66fa79c173f6f2f1322d4.bundle,AssetBundle,1
source,bundle,assets/aa/Android/736513a5afa66fa79c173f6f2f1322d4.bundle,TextAsset,1
source,bundle,assets/aa/Android/737f9a9465f11a1ce28244df253466b2.bundle,AssetBundle,1
source,bundle,assets/aa/Android/737f9a9465f11a1ce28244df253466b2.bundle,TextAsset,1
source,bundle,assets/aa/Android/73859a42c8907f50159b3602d2360dc0.bundle,AssetBundle,1
source,bundle,assets/aa/Android/73859a42c8907f50159b3602d2360dc0.bundle,TextAsset,1
source,bundle,assets/aa/Android/738e0c37e40150eeb550369e70e4fef6.bundle,AssetBundle,1
source,bundle,assets/aa/Android/738e0c37e40150eeb550369e70e4fef6.bundle,Sprite,1
source,bundle,assets/aa/Android/738e0c37e40150eeb550369e70e4fef6.bundle,Texture2D,1
source,bundle,assets/aa/Android/73951a0190c9bbb5850e8877df08841c.bundle,AssetBundle,1
source,bundle,assets/aa/Android/73951a0190c9bbb5850e8877df08841c.bundle,Sprite,1
source,bundle,assets/aa/Android/73951a0190c9bbb5850e8877df08841c.bundle,Texture2D,1
source,bundle,assets/aa/Android/73a78507e81e10de44c71b2711d9fa60.bundle,AssetBundle,1
source,bundle,assets/aa/Android/73a78507e81e10de44c71b2711d9fa60.bundle,TextAsset,1
source,bundle,assets/aa/Android/73b9244a3fda1850b48f540037e35368.bundle,AssetBundle,1
source,bundle,assets/aa/Android/73b9244a3fda1850b48f540037e35368.bundle,AudioClip,1
source,bundle,assets/aa/Android/73d50fe8cae8d59cb41b2f4178a45844.bundle,AssetBundle,1
source,bundle,assets/aa/Android/73d50fe8cae8d59cb41b2f4178a45844.bundle,Sprite,1
source,bundle,assets/aa/Android/73d50fe8cae8d59cb41b2f4178a45844.bundle,Texture2D,1
source,bundle,assets/aa/Android/73e0513e7635a973fbdcec8c5af11f48.bundle,AssetBundle,1
source,bundle,assets/aa/Android/73e0513e7635a973fbdcec8c5af11f48.bundle,TextAsset,1
source,bundle,assets/aa/Android/73e490601d8ae11271c7ae9bac731466.bundle,AssetBundle,1
source,bundle,assets/aa/Android/73e490601d8ae11271c7ae9bac731466.bundle,Sprite,1
source,bundle,assets/aa/Android/73e490601d8ae11271c7ae9bac731466.bundle,Texture2D,1
source,bundle,assets/aa/Android/73ee126a538b2f32e2bc5cf5f926f912.bundle,AssetBundle,1
source,bundle,assets/aa/Android/73ee126a538b2f32e2bc5cf5f926f912.bundle,AudioClip,1
source,bundle,assets/aa/Android/73f4cc2b620432904a3e9a55cebaddb9.bundle,AssetBundle,1
source,bundle,assets/aa/Android/73f4cc2b620432904a3e9a55cebaddb9.bundle,AudioClip,1
source,bundle,assets/aa/Android/743591f1209ff8ea35585d8059a193bb.bundle,AssetBundle,1
source,bundle,assets/aa/Android/743591f1209ff8ea35585d8059a193bb.bundle,Sprite,1
source,bundle,assets/aa/Android/743591f1209ff8ea35585d8059a193bb.bundle,Texture2D,1
source,bundle,assets/aa/Android/745a4fcc182ff13911c6939e0ce9f746.bundle,AssetBundle,1
source,bundle,assets/aa/Android/745a4fcc182ff13911c6939e0ce9f746.bundle,Sprite,1
source,bundle,assets/aa/Android/745a4fcc182ff13911c6939e0ce9f746.bundle,Texture2D,1
source,bundle,assets/aa/Android/745c5dcc68a6565c241ef9e0c913b99d.bundle,AssetBundle,1
source,bundle,assets/aa/Android/745c5dcc68a6565c241ef9e0c913b99d.bundle,AudioClip,1
source,bundle,assets/aa/Android/746f092fde2e4d96f19e08629ff89cf8.bundle,AssetBundle,1
source,bundle,assets/aa/Android/746f092fde2e4d96f19e08629ff89cf8.bundle,Sprite,1
source,bundle,assets/aa/Android/746f092fde2e4d96f19e08629ff89cf8.bundle,Texture2D,1
source,bundle,assets/aa/Android/74809af16828d462469e1fae01d93596.bundle,AssetBundle,1
source,bundle,assets/aa/Android/74809af16828d462469e1fae01d93596.bundle,TextAsset,1
source,bundle,assets/aa/Android/748c238ee28ac27c99dbe97e12ce5da3.bundle,AssetBundle,1
source,bundle,assets/aa/Android/748c238ee28ac27c99dbe97e12ce5da3.bundle,TextAsset,1
source,bundle,assets/aa/Android/74af5f90cd281b0d1bff3457d9684a58.bundle,AssetBundle,1
source,bundle,assets/aa/Android/74af5f90cd281b0d1bff3457d9684a58.bundle,TextAsset,1
source,bundle,assets/aa/Android/74b30ee75e0b2aef12d2014a97cdfdbc.bundle,AssetBundle,1
source,bundle,assets/aa/Android/74b30ee75e0b2aef12d2014a97cdfdbc.bundle,Sprite,1
source,bundle,assets/aa/Android/74b30ee75e0b2aef12d2014a97cdfdbc.bundle,Texture2D,1
source,bundle,assets/aa/Android/74c84db8ae56fb13bc6e95b8aae6db5c.bundle,AssetBundle,1
source,bundle,assets/aa/Android/74c84db8ae56fb13bc6e95b8aae6db5c.bundle,AudioClip,1
source,bundle,assets/aa/Android/74cc7f2284951ff363702ab0e679bc80.bundle,AssetBundle,1
source,bundle,assets/aa/Android/74cc7f2284951ff363702ab0e679bc80.bundle,Sprite,1
source,bundle,assets/aa/Android/74cc7f2284951ff363702ab0e679bc80.bundle,Texture2D,1
source,bundle,assets/aa/Android/74dcdfd88fb742f779074c1160721c09.bundle,AssetBundle,1
source,bundle,assets/aa/Android/74dcdfd88fb742f779074c1160721c09.bundle,Sprite,1
source,bundle,assets/aa/Android/74dcdfd88fb742f779074c1160721c09.bundle,Texture2D,1
source,bundle,assets/aa/Android/74f3d8f7a42986589ad5b6c4c29960f6.bundle,AssetBundle,1
source,bundle,assets/aa/Android/74f3d8f7a42986589ad5b6c4c29960f6.bundle,Sprite,1
source,bundle,assets/aa/Android/74f3d8f7a42986589ad5b6c4c29960f6.bundle,Texture2D,1
source,bundle,assets/aa/Android/75153d51a7d967629d1eb626697bd52f.bundle,AssetBundle,1
source,bundle,assets/aa/Android/75153d51a7d967629d1eb626697bd52f.bundle,TextAsset,1
source,bundle,assets/aa/Android/7548241dd89215a2bc4fec43ebe27d85.bundle,AssetBundle,1
source,bundle,assets/aa/Android/7548241dd89215a2bc4fec43ebe27d85.bundle,TextAsset,1
source,bundle,assets/aa/Android/755c3a44c6048b6710835cb388bc2d0d.bundle,AssetBundle,1
source,bundle,assets/aa/Android/755c3a44c6048b6710835cb388bc2d0d.bundle,AudioClip,1
source,bundle,assets/aa/Android/755eb083f57b336c654f553f041abad6.bundle,AssetBundle,1
source,bundle,assets/aa/Android/755eb083f57b336c654f553f041abad6.bundle,Sprite,1
source,bundle,assets/aa/Android/755eb083f57b336c654f553f041abad6.bundle,Texture2D,1
source,bundle,assets/aa/Android/7564f3f69a08e97061d13c5e38eba55e.bundle,AssetBundle,1
source,bundle,assets/aa/Android/7564f3f69a08e97061d13c5e38eba55e.bundle,Sprite,1
source,bundle,assets/aa/Android/7564f3f69a08e97061d13c5e38eba55e.bundle,Texture2D,1
source,bundle,assets/aa/Android/757a87b9ae3134a79e1990aefe907aa8.bundle,AssetBundle,1
source,bundle,assets/aa/Android/757a87b9ae3134a79e1990aefe907aa8.bundle,Sprite,1
source,bundle,assets/aa/Android/757a87b9ae3134a79e1990aefe907aa8.bundle,Texture2D,1
source,bundle,assets/aa/Android/757f8e143b00484ae487bdcfb6111b8b.bundle,AssetBundle,1
source,bundle,assets/aa/Android/757f8e143b00484ae487bdcfb6111b8b.bundle,Sprite,1
source,bundle,assets/aa/Android/757f8e143b00484ae487bdcfb6111b8b.bundle,Texture2D,1
source,bundle,assets/aa/Android/758bde69ebd057016daf284966cdb51b.bundle,AssetBundle,1
source,bundle,assets/aa/Android/758bde69ebd057016daf284966cdb51b.bundle,Sprite,1
source,bundle,assets/aa/Android/758bde69ebd057016daf284966cdb51b.bundle,Texture2D,1
source,bundle,assets/aa/Android/75a783e803a2959dd73afebf228c885b.bundle,AssetBundle,1
source,bundle,assets/aa/Android/75a783e803a2959dd73afebf228c885b.bundle,TextAsset,1
source,bundle,assets/aa/Android/75c1f19aa71b65818fda6bb0737cd2fd.bundle,AssetBundle,1
source,bundle,assets/aa/Android/75c1f19aa71b65818fda6bb0737cd2fd.bundle,Sprite,1
source,bundle,assets/aa/Android/75c1f19aa71b65818fda6bb0737cd2fd.bundle,Texture2D,1
source,bundle,assets/aa/Android/75fd8a6ce53e26014314fd82a5be9002.bundle,AssetBundle,1
source,bundle,assets/aa/Android/75fd8a6ce53e26014314fd82a5be9002.bundle,TextAsset,1
source,bundle,assets/aa/Android/760326a580d4afb9c155ab4ba879eec9.bundle,AssetBundle,1
source,bundle,assets/aa/Android/760326a580d4afb9c155ab4ba879eec9.bundle,Sprite,1
source,bundle,assets/aa/Android/760326a580d4afb9c155ab4ba879eec9.bundle,Texture2D,1
source,bundle,assets/aa/Android/76083c1df2c08994edcb6b3f80f35fb5.bundle,AssetBundle,1
source,bundle,assets/aa/Android/76083c1df2c08994edcb6b3f80f35fb5.bundle,TextAsset,1
source,bundle,assets/aa/Android/760b9f78cc0e0f9754df21d2f7af979d.bundle,AssetBundle,1
source,bundle,assets/aa/Android/760b9f78cc0e0f9754df21d2f7af979d.bundle,AudioClip,1
source,bundle,assets/aa/Android/76413d741b7647f31f71a19fbdc56445.bundle,AssetBundle,1
source,bundle,assets/aa/Android/76413d741b7647f31f71a19fbdc56445.bundle,TextAsset,1
source,bundle,assets/aa/Android/766cbbfe093e3980b26d27af217775a4.bundle,AssetBundle,1
source,bundle,assets/aa/Android/766cbbfe093e3980b26d27af217775a4.bundle,Sprite,1
source,bundle,assets/aa/Android/766cbbfe093e3980b26d27af217775a4.bundle,Texture2D,1
source,bundle,assets/aa/Android/76aa1bd29d4caab58ca68526edda6c5a.bundle,AssetBundle,1
source,bundle,assets/aa/Android/76aa1bd29d4caab58ca68526edda6c5a.bundle,Sprite,1
source,bundle,assets/aa/Android/76aa1bd29d4caab58ca68526edda6c5a.bundle,Texture2D,1
source,bundle,assets/aa/Android/76d45c96c7a11fb8534a1856766e6b5d.bundle,AssetBundle,1
source,bundle,assets/aa/Android/76d45c96c7a11fb8534a1856766e6b5d.bundle,Sprite,1
source,bundle,assets/aa/Android/76d45c96c7a11fb8534a1856766e6b5d.bundle,Texture2D,1
source,bundle,assets/aa/Android/76d5a3e72bf5a0917b839b199c73f8ca.bundle,AssetBundle,1
source,bundle,assets/aa/Android/76d5a3e72bf5a0917b839b199c73f8ca.bundle,TextAsset,1
source,bundle,assets/aa/Android/770a76481f268a0c4d0f5568b89e06c7.bundle,AssetBundle,1
source,bundle,assets/aa/Android/770a76481f268a0c4d0f5568b89e06c7.bundle,Sprite,1
source,bundle,assets/aa/Android/770a76481f268a0c4d0f5568b89e06c7.bundle,Texture2D,1
source,bundle,assets/aa/Android/770c4bf00a712a0f3dc362507fa671d2.bundle,AssetBundle,1
source,bundle,assets/aa/Android/770c4bf00a712a0f3dc362507fa671d2.bundle,Sprite,1
source,bundle,assets/aa/Android/770c4bf00a712a0f3dc362507fa671d2.bundle,Texture2D,1
source,bundle,assets/aa/Android/772e4868e617c32a6db7fd9ed6333655.bundle,AssetBundle,1
source,bundle,assets/aa/Android/772e4868e617c32a6db7fd9ed6333655.bundle,TextAsset,1
source,bundle,assets/aa/Android/773c8e0a92b9dde728d53079030fc26e.bundle,AssetBundle,1
source,bundle,assets/aa/Android/773c8e0a92b9dde728d53079030fc26e.bundle,TextAsset,1
source,bundle,assets/aa/Android/773f7f091967837d584bdbe22300beca.bundle,AssetBundle,1
source,bundle,assets/aa/Android/773f7f091967837d584bdbe22300beca.bundle,TextAsset,1
source,bundle,assets/aa/Android/773f9ddb9c1b065e8c118cdd12fdf0a1.bundle,AssetBundle,1
source,bundle,assets/aa/Android/773f9ddb9c1b065e8c118cdd12fdf0a1.bundle,Sprite,1
source,bundle,assets/aa/Android/773f9ddb9c1b065e8c118cdd12fdf0a1.bundle,Texture2D,1
source,bundle,assets/aa/Android/7744327893bdb929f33cfd18e37afe79.bundle,AssetBundle,1
source,bundle,assets/aa/Android/7744327893bdb929f33cfd18e37afe79.bundle,Sprite,1
source,bundle,assets/aa/Android/7744327893bdb929f33cfd18e37afe79.bundle,Texture2D,1
source,bundle,assets/aa/Android/77474a39aaa915bd1b623651fbb3afcc.bundle,AssetBundle,1
source,bundle,assets/aa/Android/77474a39aaa915bd1b623651fbb3afcc.bundle,Sprite,1
source,bundle,assets/aa/Android/77474a39aaa915bd1b623651fbb3afcc.bundle,Texture2D,1
source,bundle,assets/aa/Android/77584799203c900d1e6dd1459606eb9a.bundle,AssetBundle,1
source,bundle,assets/aa/Android/77584799203c900d1e6dd1459606eb9a.bundle,Sprite,1
source,bundle,assets/aa/Android/77584799203c900d1e6dd1459606eb9a.bundle,Texture2D,1
source,bundle,assets/aa/Android/7783814c861f872368163a9e33b68a99.bundle,AssetBundle,1
source,bundle,assets/aa/Android/7783814c861f872368163a9e33b68a99.bundle,Sprite,1
source,bundle,assets/aa/Android/7783814c861f872368163a9e33b68a99.bundle,Texture2D,1
source,bundle,assets/aa/Android/779180e0ae14aa13b4a5773c11614f03.bundle,AssetBundle,1
source,bundle,assets/aa/Android/779180e0ae14aa13b4a5773c11614f03.bundle,Sprite,1
source,bundle,assets/aa/Android/779180e0ae14aa13b4a5773c11614f03.bundle,Texture2D,1
source,bundle,assets/aa/Android/77a4e5d24060837a67987f3319deb919.bundle,AssetBundle,1
source,bundle,assets/aa/Android/77a4e5d24060837a67987f3319deb919.bundle,TextAsset,1
source,bundle,assets/aa/Android/77afaad26eddf248168439ed325650cb.bundle,AssetBundle,1
source,bundle,assets/aa/Android/77afaad26eddf248168439ed325650cb.bundle,Sprite,1
source,bundle,assets/aa/Android/77afaad26eddf248168439ed325650cb.bundle,Texture2D,1
source,bundle,assets/aa/Android/77c5928245cf84cac5a02c289b59cc5a.bundle,AssetBundle,1
source,bundle,assets/aa/Android/77c5928245cf84cac5a02c289b59cc5a.bundle,Sprite,1
source,bundle,assets/aa/Android/77c5928245cf84cac5a02c289b59cc5a.bundle,Texture2D,1
source,bundle,assets/aa/Android/77d63c2dba740244757b9c37d627c602.bundle,AssetBundle,1
source,bundle,assets/aa/Android/77d63c2dba740244757b9c37d627c602.bundle,Sprite,1
source,bundle,assets/aa/Android/77d63c2dba740244757b9c37d627c602.bundle,Texture2D,1
source,bundle,assets/aa/Android/77d79511e0ddbf38f46495fac782ac75.bundle,AssetBundle,1
source,bundle,assets/aa/Android/77d79511e0ddbf38f46495fac782ac75.bundle,TextAsset,1
source,bundle,assets/aa/Android/77e7d2faf1b7f5fa0715d052846dbaa3.bundle,AssetBundle,1
source,bundle,assets/aa/Android/77e7d2faf1b7f5fa0715d052846dbaa3.bundle,AudioClip,1
source,bundle,assets/aa/Android/7801d2a3716f6ef29762f5b19c3662b4.bundle,AssetBundle,1
source,bundle,assets/aa/Android/7801d2a3716f6ef29762f5b19c3662b4.bundle,AudioClip,1
source,bundle,assets/aa/Android/780464449353c77818a245cf1221378e.bundle,AssetBundle,1
source,bundle,assets/aa/Android/780464449353c77818a245cf1221378e.bundle,AudioClip,1
source,bundle,assets/aa/Android/78100dbef1164ba197f7121a4b922889.bundle,AssetBundle,1
source,bundle,assets/aa/Android/78100dbef1164ba197f7121a4b922889.bundle,TextAsset,1
source,bundle,assets/aa/Android/781bf6173da8ff6ab71c7bd5a2f03dae.bundle,AssetBundle,1
source,bundle,assets/aa/Android/781bf6173da8ff6ab71c7bd5a2f03dae.bundle,TextAsset,1
source,bundle,assets/aa/Android/7827d3c60b900b611aa2482887c81598.bundle,AssetBundle,1
source,bundle,assets/aa/Android/7827d3c60b900b611aa2482887c81598.bundle,TextAsset,1
source,bundle,assets/aa/Android/7851f7fdbecf4292a68e13d340f39a78.bundle,AssetBundle,1
source,bundle,assets/aa/Android/7851f7fdbecf4292a68e13d340f39a78.bundle,GameObject,1
source,bundle,assets/aa/Android/7851f7fdbecf4292a68e13d340f39a78.bundle,MonoBehaviour,1
source,bundle,assets/aa/Android/7851f7fdbecf4292a68e13d340f39a78.bundle,MonoScript,1
source,bundle,assets/aa/Android/7851f7fdbecf4292a68e13d340f39a78.bundle,Transform,1
source,bundle,assets/aa/Android/78535d0e4982781afcc2550933913492.bundle,AssetBundle,1
source,bundle,assets/aa/Android/78535d0e4982781afcc2550933913492.bundle,AudioClip,1
source,bundle,assets/aa/Android/7872155aa4ab9a3c090173228c93cd98.bundle,AssetBundle,1
source,bundle,assets/aa/Android/7872155aa4ab9a3c090173228c93cd98.bundle,AudioClip,1
source,bundle,assets/aa/Android/789c302d8caa024619a148aa98dd6b2e.bundle,AssetBundle,1
source,bundle,assets/aa/Android/789c302d8caa024619a148aa98dd6b2e.bundle,Sprite,1
source,bundle,assets/aa/Android/789c302d8caa024619a148aa98dd6b2e.bundle,Texture2D,1
source,bundle,assets/aa/Android/78a7309e0d7837af71cef2e2428e7472.bundle,AssetBundle,1
source,bundle,assets/aa/Android/78a7309e0d7837af71cef2e2428e7472.bundle,TextAsset,1
source,bundle,assets/aa/Android/78ac722d5167c6bfb0a22d20df1664bc.bundle,AssetBundle,1
source,bundle,assets/aa/Android/78ac722d5167c6bfb0a22d20df1664bc.bundle,Sprite,1
source,bundle,assets/aa/Android/78ac722d5167c6bfb0a22d20df1664bc.bundle,Texture2D,1
source,bundle,assets/aa/Android/78b83fb4f8c815ab451b032dbc1c7a6b.bundle,AssetBundle,1
source,bundle,assets/aa/Android/78b83fb4f8c815ab451b032dbc1c7a6b.bundle,AudioClip,1
source,bundle,assets/aa/Android/78d4d5cc4ea75169cd383c0cac8a52c0.bundle,AssetBundle,1
source,bundle,assets/aa/Android/78d4d5cc4ea75169cd383c0cac8a52c0.bundle,TextAsset,1
source,bundle,assets/aa/Android/7901736ac92c836b46615531b36eed24.bundle,AssetBundle,1
source,bundle,assets/aa/Android/7901736ac92c836b46615531b36eed24.bundle,Sprite,1
source,bundle,assets/aa/Android/7901736ac92c836b46615531b36eed24.bundle,Texture2D,1
source,bundle,assets/aa/Android/79186a295d71bf90718d0a55215c6e31.bundle,AssetBundle,1
source,bundle,assets/aa/Android/79186a295d71bf90718d0a55215c6e31.bundle,TextAsset,1
source,bundle,assets/aa/Android/795aa84c7eb248cdbf1e2d23d50b67f0.bundle,AssetBundle,1
source,bundle,assets/aa/Android/795aa84c7eb248cdbf1e2d23d50b67f0.bundle,AudioClip,1
source,bundle,assets/aa/Android/7961f12192e45d864cde997c72011bbd.bundle,AssetBundle,1
source,bundle,assets/aa/Android/7961f12192e45d864cde997c72011bbd.bundle,TextAsset,1
source,bundle,assets/aa/Android/7964e49e13eb9bae721ae5ab3fd67040.bundle,AssetBundle,1
source,bundle,assets/aa/Android/7964e49e13eb9bae721ae5ab3fd67040.bundle,Sprite,1
source,bundle,assets/aa/Android/7964e49e13eb9bae721ae5ab3fd67040.bundle,Texture2D,1
source,bundle,assets/aa/Android/798faa4473e98fe470752a3e789faee0.bundle,AssetBundle,1
source,bundle,assets/aa/Android/798faa4473e98fe470752a3e789faee0.bundle,Sprite,1
source,bundle,assets/aa/Android/798faa4473e98fe470752a3e789faee0.bundle,Texture2D,1
source,bundle,assets/aa/Android/7993c304799b9dc1a03e3342183e45ae.bundle,AssetBundle,1
source,bundle,assets/aa/Android/7993c304799b9dc1a03e3342183e45ae.bundle,Sprite,1
source,bundle,assets/aa/Android/7993c304799b9dc1a03e3342183e45ae.bundle,Texture2D,1
source,bundle,assets/aa/Android/79a9df2b38d466dc4f78c31749eefb2b.bundle,AssetBundle,1
source,bundle,assets/aa/Android/79a9df2b38d466dc4f78c31749eefb2b.bundle,TextAsset,1
source,bundle,assets/aa/Android/79ba303cf9d52a065bfb121d5acb2dc1.bundle,AssetBundle,1
source,bundle,assets/aa/Android/79ba303cf9d52a065bfb121d5acb2dc1.bundle,TextAsset,1
source,bundle,assets/aa/Android/79c8e13888a17690fff95b04dc4e6695.bundle,AssetBundle,1
source,bundle,assets/aa/Android/79c8e13888a17690fff95b04dc4e6695.bundle,Sprite,1
source,bundle,assets/aa/Android/79c8e13888a17690fff95b04dc4e6695.bundle,Texture2D,1
source,bundle,assets/aa/Android/7a2a3120b7d61e230acfdef19ceb0480.bundle,AssetBundle,1
source,bundle,assets/aa/Android/7a2a3120b7d61e230acfdef19ceb0480.bundle,Sprite,1
source,bundle,assets/aa/Android/7a2a3120b7d61e230acfdef19ceb0480.bundle,Texture2D,1
source,bundle,assets/aa/Android/7a2cdf9a44abe3a3d446853b5de1b611.bundle,AssetBundle,1
source,bundle,assets/aa/Android/7a2cdf9a44abe3a3d446853b5de1b611.bundle,TextAsset,1
source,bundle,assets/aa/Android/7a57e5b9914ed1e3f0de1b9ec537cdc1.bundle,AssetBundle,1
source,bundle,assets/aa/Android/7a57e5b9914ed1e3f0de1b9ec537cdc1.bundle,TextAsset,1
source,bundle,assets/aa/Android/7a6df3d5bc757df0ddb5cca687715d3e.bundle,AssetBundle,1
source,bundle,assets/aa/Android/7a6df3d5bc757df0ddb5cca687715d3e.bundle,Sprite,1
source,bundle,assets/aa/Android/7a6df3d5bc757df0ddb5cca687715d3e.bundle,Texture2D,1
source,bundle,assets/aa/Android/7a95ca88243513e109ae1fea13a89996.bundle,AssetBundle,1
source,bundle,assets/aa/Android/7a95ca88243513e109ae1fea13a89996.bundle,Sprite,1
source,bundle,assets/aa/Android/7a95ca88243513e109ae1fea13a89996.bundle,Texture2D,1
source,bundle,assets/aa/Android/7abefe38c1d725edc6658eecd5593762.bundle,AssetBundle,1
source,bundle,assets/aa/Android/7abefe38c1d725edc6658eecd5593762.bundle,TextAsset,1
source,bundle,assets/aa/Android/7b00528ab7f97f89a405aa05f9112b5b.bundle,AssetBundle,1
source,bundle,assets/aa/Android/7b00528ab7f97f89a405aa05f9112b5b.bundle,TextAsset,1
source,bundle,assets/aa/Android/7b3076841e777a0fe94dcd9c7c858b32.bundle,AssetBundle,1
source,bundle,assets/aa/Android/7b3076841e777a0fe94dcd9c7c858b32.bundle,AudioClip,1
source,bundle,assets/aa/Android/7b7968f4e358fa32424d4f6862bad2b8.bundle,AssetBundle,1
source,bundle,assets/aa/Android/7b7968f4e358fa32424d4f6862bad2b8.bundle,TextAsset,1
source,bundle,assets/aa/Android/7b84b4f791000090f09dff7066906518.bundle,AssetBundle,1
source,bundle,assets/aa/Android/7b84b4f791000090f09dff7066906518.bundle,Sprite,1
source,bundle,assets/aa/Android/7b84b4f791000090f09dff7066906518.bundle,Texture2D,1
source,bundle,assets/aa/Android/7b92ca6430e4b0990d692a198cb457c6.bundle,AssetBundle,1
source,bundle,assets/aa/Android/7b92ca6430e4b0990d692a198cb457c6.bundle,TextAsset,1
source,bundle,assets/aa/Android/7bb1cfe3196207d3957a86fa833aa0e4.bundle,AssetBundle,1
source,bundle,assets/aa/Android/7bb1cfe3196207d3957a86fa833aa0e4.bundle,Sprite,1
source,bundle,assets/aa/Android/7bb1cfe3196207d3957a86fa833aa0e4.bundle,Texture2D,1
source,bundle,assets/aa/Android/7bb283c6b4972496a17f22ef9b3dfc48.bundle,AssetBundle,1
source,bundle,assets/aa/Android/7bb283c6b4972496a17f22ef9b3dfc48.bundle,Sprite,1
source,bundle,assets/aa/Android/7bb283c6b4972496a17f22ef9b3dfc48.bundle,Texture2D,1
source,bundle,assets/aa/Android/7bb8cbab2fec57199ea0f5882eb0b838.bundle,AssetBundle,1
source,bundle,assets/aa/Android/7bb8cbab2fec57199ea0f5882eb0b838.bundle,Sprite,1
source,bundle,assets/aa/Android/7bb8cbab2fec57199ea0f5882eb0b838.bundle,Texture2D,1
source,bundle,assets/aa/Android/7bbbf9379b32665c1d9d5a316e96620c.bundle,AssetBundle,1
source,bundle,assets/aa/Android/7bbbf9379b32665c1d9d5a316e96620c.bundle,Sprite,1
source,bundle,assets/aa/Android/7bbbf9379b32665c1d9d5a316e96620c.bundle,Texture2D,1
source,bundle,assets/aa/Android/7be81f126726a769117d9765253d10f2.bundle,AssetBundle,1
source,bundle,assets/aa/Android/7be81f126726a769117d9765253d10f2.bundle,TextAsset,1
source,bundle,assets/aa/Android/7bfb5eee5495306e1c83f8b5653f7c77.bundle,AssetBundle,1
source,bundle,assets/aa/Android/7bfb5eee5495306e1c83f8b5653f7c77.bundle,TextAsset,1
source,bundle,assets/aa/Android/7c0ac33697f44a5b8c2035701632956c.bundle,AssetBundle,1
source,bundle,assets/aa/Android/7c0ac33697f44a5b8c2035701632956c.bundle,TextAsset,1
source,bundle,assets/aa/Android/7c7aa97fbd0ccc8c843fc523c79801b2.bundle,AssetBundle,1
source,bundle,assets/aa/Android/7c7aa97fbd0ccc8c843fc523c79801b2.bundle,TextAsset,1
source,bundle,assets/aa/Android/7c81f8531a3c1b7a52d93a468aa1b551.bundle,AssetBundle,1
source,bundle,assets/aa/Android/7c81f8531a3c1b7a52d93a468aa1b551.bundle,Sprite,1
source,bundle,assets/aa/Android/7c81f8531a3c1b7a52d93a468aa1b551.bundle,Texture2D,1
source,bundle,assets/aa/Android/7c8f8947372953764defe7647236de1e.bundle,AssetBundle,1
source,bundle,assets/aa/Android/7c8f8947372953764defe7647236de1e.bundle,Sprite,1
source,bundle,assets/aa/Android/7c8f8947372953764defe7647236de1e.bundle,Texture2D,1
source,bundle,assets/aa/Android/7cedecedc3548cbfdafb5c790b7fd4ea.bundle,AssetBundle,1
source,bundle,assets/aa/Android/7cedecedc3548cbfdafb5c790b7fd4ea.bundle,Sprite,1
source,bundle,assets/aa/Android/7cedecedc3548cbfdafb5c790b7fd4ea.bundle,Texture2D,1
source,bundle,assets/aa/Android/7d112d3f029b9bb474e30eb7169a9ed0.bundle,AssetBundle,1
source,bundle,assets/aa/Android/7d112d3f029b9bb474e30eb7169a9ed0.bundle,Sprite,1
source,bundle,assets/aa/Android/7d112d3f029b9bb474e30eb7169a9ed0.bundle,Texture2D,1
source,bundle,assets/aa/Android/7d31b6e16dcd4c77f16353e54898bbf6.bundle,AssetBundle,1
source,bundle,assets/aa/Android/7d31b6e16dcd4c77f16353e54898bbf6.bundle,Sprite,1
source,bundle,assets/aa/Android/7d31b6e16dcd4c77f16353e54898bbf6.bundle,Texture2D,1
source,bundle,assets/aa/Android/7d35a39c5cdac5f4d1eff098a982ef25.bundle,AssetBundle,1
source,bundle,assets/aa/Android/7d35a39c5cdac5f4d1eff098a982ef25.bundle,TextAsset,1
source,bundle,assets/aa/Android/7d6e79a9e9b6b6cee7394dd028e3959a.bundle,AssetBundle,1
source,bundle,assets/aa/Android/7d6e79a9e9b6b6cee7394dd028e3959a.bundle,TextAsset,1
source,bundle,assets/aa/Android/7d9dcb716e2fd32f7e471952258f0853.bundle,AssetBundle,1
source,bundle,assets/aa/Android/7d9dcb716e2fd32f7e471952258f0853.bundle,TextAsset,1
source,bundle,assets/aa/Android/7dccba0722b9aecd05d47c59bd1fa4d5.bundle,AssetBundle,1
source,bundle,assets/aa/Android/7dccba0722b9aecd05d47c59bd1fa4d5.bundle,AudioClip,1
source,bundle,assets/aa/Android/7df34c2a1d9c1e80337c991344a299dd.bundle,AssetBundle,1
source,bundle,assets/aa/Android/7df34c2a1d9c1e80337c991344a299dd.bundle,AudioClip,1
source,bundle,assets/aa/Android/7e059e050076e9cd72baac107cf0efd6.bundle,AssetBundle,1
source,bundle,assets/aa/Android/7e059e050076e9cd72baac107cf0efd6.bundle,Sprite,1
source,bundle,assets/aa/Android/7e059e050076e9cd72baac107cf0efd6.bundle,Texture2D,1
source,bundle,assets/aa/Android/7e2bd2fb640f13db3529db5840013479.bundle,AssetBundle,1
source,bundle,assets/aa/Android/7e2bd2fb640f13db3529db5840013479.bundle,TextAsset,1
source,bundle,assets/aa/Android/7e47b4a5a3f3ce8c75ebfe70a3350e36.bundle,AssetBundle,1
source,bundle,assets/aa/Android/7e47b4a5a3f3ce8c75ebfe70a3350e36.bundle,Sprite,1
source,bundle,assets/aa/Android/7e47b4a5a3f3ce8c75ebfe70a3350e36.bundle,Texture2D,1
source,bundle,assets/aa/Android/7e6d95e2d2b37eb473906be4a0370842.bundle,AssetBundle,1
source,bundle,assets/aa/Android/7e6d95e2d2b37eb473906be4a0370842.bundle,TextAsset,1
source,bundle,assets/aa/Android/7e713471b091ff07768f677cdc653882.bundle,AssetBundle,1
source,bundle,assets/aa/Android/7e713471b091ff07768f677cdc653882.bundle,TextAsset,1
source,bundle,assets/aa/Android/7e767242b7a08470821d3500798c0e65.bundle,AssetBundle,1
source,bundle,assets/aa/Android/7e767242b7a08470821d3500798c0e65.bundle,TextAsset,1
source,bundle,assets/aa/Android/7e7a60cbc15c4d290761ba48fa5cc7f8.bundle,AssetBundle,1
source,bundle,assets/aa/Android/7e7a60cbc15c4d290761ba48fa5cc7f8.bundle,TextAsset,1
source,bundle,assets/aa/Android/7e8759a4c89314598f6411d4f4be7f2e.bundle,AssetBundle,1
source,bundle,assets/aa/Android/7e8759a4c89314598f6411d4f4be7f2e.bundle,AudioClip,1
source,bundle,assets/aa/Android/7ea04bfedf20244f971c30b78f23820f.bundle,AssetBundle,1
source,bundle,assets/aa/Android/7ea04bfedf20244f971c30b78f23820f.bundle,TextAsset,1
source,bundle,assets/aa/Android/7ea88450bb332e6c3ae609d257078c9e.bundle,AssetBundle,1
source,bundle,assets/aa/Android/7ea88450bb332e6c3ae609d257078c9e.bundle,Sprite,1
source,bundle,assets/aa/Android/7ea88450bb332e6c3ae609d257078c9e.bundle,Texture2D,1
source,bundle,assets/aa/Android/7eb80faf220a6155a6d58834bf979c0f.bundle,AssetBundle,1
source,bundle,assets/aa/Android/7eb80faf220a6155a6d58834bf979c0f.bundle,Sprite,1
source,bundle,assets/aa/Android/7eb80faf220a6155a6d58834bf979c0f.bundle,Texture2D,1
source,bundle,assets/aa/Android/7eee923ae7988fa783692b60e6e183f2.bundle,AssetBundle,1
source,bundle,assets/aa/Android/7eee923ae7988fa783692b60e6e183f2.bundle,TextAsset,1
source,bundle,assets/aa/Android/7efc0fb1827c2e1bbdfd5adcf9eda092.bundle,AssetBundle,1
source,bundle,assets/aa/Android/7efc0fb1827c2e1bbdfd5adcf9eda092.bundle,AudioClip,1
source,bundle,assets/aa/Android/7f0be12f58410760c0ced1969e227604.bundle,AssetBundle,1
source,bundle,assets/aa/Android/7f0be12f58410760c0ced1969e227604.bundle,TextAsset,1
source,bundle,assets/aa/Android/7f14e118fde9a98103bd038ab757689f.bundle,AssetBundle,1
source,bundle,assets/aa/Android/7f14e118fde9a98103bd038ab757689f.bundle,TextAsset,1
source,bundle,assets/aa/Android/7f25b1e333e85baf344c866358cc5f5f.bundle,AssetBundle,1
source,bundle,assets/aa/Android/7f25b1e333e85baf344c866358cc5f5f.bundle,Sprite,1
source,bundle,assets/aa/Android/7f25b1e333e85baf344c866358cc5f5f.bundle,Texture2D,1
source,bundle,assets/aa/Android/7f411e36908d51d37de6084ee148c6b1.bundle,AssetBundle,1
source,bundle,assets/aa/Android/7f411e36908d51d37de6084ee148c6b1.bundle,Sprite,1
source,bundle,assets/aa/Android/7f411e36908d51d37de6084ee148c6b1.bundle,Texture2D,1
source,bundle,assets/aa/Android/7f429a452de3992a4136b2b006eae173.bundle,AssetBundle,1
source,bundle,assets/aa/Android/7f429a452de3992a4136b2b006eae173.bundle,TextAsset,1
source,bundle,assets/aa/Android/7f5779b591e975b61910cec1acc74e2c.bundle,AssetBundle,1
source,bundle,assets/aa/Android/7f5779b591e975b61910cec1acc74e2c.bundle,TextAsset,1
source,bundle,assets/aa/Android/7f5c640f90c2e83fcfbdd313548a3ef3.bundle,AssetBundle,1
source,bundle,assets/aa/Android/7f5c640f90c2e83fcfbdd313548a3ef3.bundle,Sprite,1
source,bundle,assets/aa/Android/7f5c640f90c2e83fcfbdd313548a3ef3.bundle,Texture2D,1
source,bundle,assets/aa/Android/7f9fd521a89f2ea059238285462eb85b.bundle,AssetBundle,1
source,bundle,assets/aa/Android/7f9fd521a89f2ea059238285462eb85b.bundle,AudioClip,1
source,bundle,assets/aa/Android/7fa7765381e223154e9da3b431327497.bundle,AssetBundle,1
source,bundle,assets/aa/Android/7fa7765381e223154e9da3b431327497.bundle,AudioClip,1
source,bundle,assets/aa/Android/7fb63d11750074db4672b074696b7261.bundle,AssetBundle,1
source,bundle,assets/aa/Android/7fb63d11750074db4672b074696b7261.bundle,TextAsset,1
source,bundle,assets/aa/Android/7fc68bb202db154a493ae52ba0b9f00f.bundle,AssetBundle,1
source,bundle,assets/aa/Android/7fc68bb202db154a493ae52ba0b9f00f.bundle,TextAsset,1
source,bundle,assets/aa/Android/7fcf8a63f8ba7f18817d54e3ebe9ffa7.bundle,AssetBundle,1
source,bundle,assets/aa/Android/7fcf8a63f8ba7f18817d54e3ebe9ffa7.bundle,Sprite,1
source,bundle,assets/aa/Android/7fcf8a63f8ba7f18817d54e3ebe9ffa7.bundle,Texture2D,1
source,bundle,assets/aa/Android/7fd0cd7de038669395d8441d5286fdee.bundle,AssetBundle,1
source,bundle,assets/aa/Android/7fd0cd7de038669395d8441d5286fdee.bundle,Sprite,1
source,bundle,assets/aa/Android/7fd0cd7de038669395d8441d5286fdee.bundle,Texture2D,1
source,bundle,assets/aa/Android/7fdf8a3a77942f895972bb8ec8de18da.bundle,AssetBundle,1
source,bundle,assets/aa/Android/7fdf8a3a77942f895972bb8ec8de18da.bundle,TextAsset,1
source,bundle,assets/aa/Android/80127c6d1c52def2aa0f8e7a8ac94c3e.bundle,AssetBundle,1
source,bundle,assets/aa/Android/80127c6d1c52def2aa0f8e7a8ac94c3e.bundle,Sprite,1
source,bundle,assets/aa/Android/80127c6d1c52def2aa0f8e7a8ac94c3e.bundle,Texture2D,1
source,bundle,assets/aa/Android/801597652333754e6d7a7ef604c47c23.bundle,AssetBundle,1
source,bundle,assets/aa/Android/801597652333754e6d7a7ef604c47c23.bundle,Sprite,1
source,bundle,assets/aa/Android/801597652333754e6d7a7ef604c47c23.bundle,Texture2D,1
source,bundle,assets/aa/Android/80703c72b15d1a7076db334d2f6585a0.bundle,AssetBundle,1
source,bundle,assets/aa/Android/80703c72b15d1a7076db334d2f6585a0.bundle,TextAsset,1
source,bundle,assets/aa/Android/808e9ac79cb087d59e5a4fc3056b6625.bundle,AssetBundle,1
source,bundle,assets/aa/Android/808e9ac79cb087d59e5a4fc3056b6625.bundle,Sprite,1
source,bundle,assets/aa/Android/808e9ac79cb087d59e5a4fc3056b6625.bundle,Texture2D,1
source,bundle,assets/aa/Android/80a4d48d79f480ad5b25983cebd77e70.bundle,AssetBundle,1
source,bundle,assets/aa/Android/80a4d48d79f480ad5b25983cebd77e70.bundle,TextAsset,1
source,bundle,assets/aa/Android/80e168d569326e5fe61deeb5634acfae.bundle,AssetBundle,1
source,bundle,assets/aa/Android/80e168d569326e5fe61deeb5634acfae.bundle,TextAsset,1
source,bundle,assets/aa/Android/81091edc07ed5c876cb74d98d82a11c0.bundle,AssetBundle,1
source,bundle,assets/aa/Android/81091edc07ed5c876cb74d98d82a11c0.bundle,TextAsset,1
source,bundle,assets/aa/Android/8116557cff29455bcb5758ec10747869.bundle,AssetBundle,1
source,bundle,assets/aa/Android/8116557cff29455bcb5758ec10747869.bundle,TextAsset,1
source,bundle,assets/aa/Android/811ed110bbd0e8fb9daddf449a575bc4.bundle,AssetBundle,1
source,bundle,assets/aa/Android/811ed110bbd0e8fb9daddf449a575bc4.bundle,TextAsset,1
source,bundle,assets/aa/Android/81337afdf147bd9871f0b22b9fa8d652.bundle,AssetBundle,1
source,bundle,assets/aa/Android/81337afdf147bd9871f0b22b9fa8d652.bundle,TextAsset,1
source,bundle,assets/aa/Android/81431e575fdcbcccc6b07d0216b21640.bundle,AssetBundle,1
source,bundle,assets/aa/Android/81431e575fdcbcccc6b07d0216b21640.bundle,TextAsset,1
source,bundle,assets/aa/Android/8198c866aabb14ecbf4af608843ec25c.bundle,AssetBundle,1
source,bundle,assets/aa/Android/8198c866aabb14ecbf4af608843ec25c.bundle,Sprite,1
source,bundle,assets/aa/Android/8198c866aabb14ecbf4af608843ec25c.bundle,Texture2D,1
source,bundle,assets/aa/Android/81ab44726e259c0e9915b3adc6bff484.bundle,AssetBundle,1
source,bundle,assets/aa/Android/81ab44726e259c0e9915b3adc6bff484.bundle,TextAsset,1
source,bundle,assets/aa/Android/81b1084ec985d8e797e971d2c1f1f408.bundle,AssetBundle,1
source,bundle,assets/aa/Android/81b1084ec985d8e797e971d2c1f1f408.bundle,Sprite,1
source,bundle,assets/aa/Android/81b1084ec985d8e797e971d2c1f1f408.bundle,Texture2D,1
source,bundle,assets/aa/Android/81feb2a33ae539d323522f56e6ffde82.bundle,AssetBundle,1
source,bundle,assets/aa/Android/81feb2a33ae539d323522f56e6ffde82.bundle,Sprite,1
source,bundle,assets/aa/Android/81feb2a33ae539d323522f56e6ffde82.bundle,Texture2D,1
source,bundle,assets/aa/Android/82080ad078d74d28ff84149e33e5e083.bundle,AssetBundle,1
source,bundle,assets/aa/Android/82080ad078d74d28ff84149e33e5e083.bundle,Sprite,1
source,bundle,assets/aa/Android/82080ad078d74d28ff84149e33e5e083.bundle,Texture2D,1
source,bundle,assets/aa/Android/822f3e70711eb7ad00e851b6cdcd26b4.bundle,AssetBundle,1
source,bundle,assets/aa/Android/822f3e70711eb7ad00e851b6cdcd26b4.bundle,Sprite,1
source,bundle,assets/aa/Android/822f3e70711eb7ad00e851b6cdcd26b4.bundle,Texture2D,1
source,bundle,assets/aa/Android/8232c9117c28b2a17c28288c22f73f60.bundle,AssetBundle,1
source,bundle,assets/aa/Android/8232c9117c28b2a17c28288c22f73f60.bundle,Sprite,1
source,bundle,assets/aa/Android/8232c9117c28b2a17c28288c22f73f60.bundle,Texture2D,1
source,bundle,assets/aa/Android/8239adf8592ece711dacdac4398f7b6b.bundle,AssetBundle,1
source,bundle,assets/aa/Android/8239adf8592ece711dacdac4398f7b6b.bundle,TextAsset,1
source,bundle,assets/aa/Android/823c730bf4e6097da85ce9a91ed7461b.bundle,AssetBundle,1
source,bundle,assets/aa/Android/823c730bf4e6097da85ce9a91ed7461b.bundle,Sprite,1
source,bundle,assets/aa/Android/823c730bf4e6097da85ce9a91ed7461b.bundle,Texture2D,1
source,bundle,assets/aa/Android/8259ef48dd7159372e3779499c916a40.bundle,AssetBundle,1
source,bundle,assets/aa/Android/8259ef48dd7159372e3779499c916a40.bundle,Sprite,1
source,bundle,assets/aa/Android/8259ef48dd7159372e3779499c916a40.bundle,Texture2D,1
source,bundle,assets/aa/Android/82733220faca8948196fce38925331a9.bundle,AssetBundle,1
source,bundle,assets/aa/Android/82733220faca8948196fce38925331a9.bundle,Sprite,1
source,bundle,assets/aa/Android/82733220faca8948196fce38925331a9.bundle,Texture2D,1
source,bundle,assets/aa/Android/82807a4ad2c51664216c5b567057b2b9.bundle,AssetBundle,1
source,bundle,assets/aa/Android/82807a4ad2c51664216c5b567057b2b9.bundle,TextAsset,1
source,bundle,assets/aa/Android/82c68481baeb758cec3e327761da2880.bundle,AssetBundle,1
source,bundle,assets/aa/Android/82c68481baeb758cec3e327761da2880.bundle,Sprite,1
source,bundle,assets/aa/Android/82c68481baeb758cec3e327761da2880.bundle,Texture2D,1
source,bundle,assets/aa/Android/82c9a4c41cb813d0b8a8e5cad4641be4.bundle,AssetBundle,1
source,bundle,assets/aa/Android/82c9a4c41cb813d0b8a8e5cad4641be4.bundle,AudioClip,1
source,bundle,assets/aa/Android/82cd5c4bedf74760071b639ea3ffb61a.bundle,AssetBundle,1
source,bundle,assets/aa/Android/82cd5c4bedf74760071b639ea3ffb61a.bundle,TextAsset,1
source,bundle,assets/aa/Android/82d475c55119c99efd3c52af824f3efb.bundle,AssetBundle,1
source,bundle,assets/aa/Android/82d475c55119c99efd3c52af824f3efb.bundle,Sprite,1
source,bundle,assets/aa/Android/82d475c55119c99efd3c52af824f3efb.bundle,Texture2D,1
source,bundle,assets/aa/Android/82d720fdf891badcf59dfe1633645c22.bundle,AssetBundle,1
source,bundle,assets/aa/Android/82d720fdf891badcf59dfe1633645c22.bundle,TextAsset,1
source,bundle,assets/aa/Android/82eeb71e1335d8bce79643cabf042830.bundle,AssetBundle,1
source,bundle,assets/aa/Android/82eeb71e1335d8bce79643cabf042830.bundle,Sprite,1
source,bundle,assets/aa/Android/82eeb71e1335d8bce79643cabf042830.bundle,Texture2D,1
source,bundle,assets/aa/Android/82f50004cb07cb066496594d5dc11e38.bundle,AssetBundle,1
source,bundle,assets/aa/Android/82f50004cb07cb066496594d5dc11e38.bundle,TextAsset,1
source,bundle,assets/aa/Android/8315f23b9137bdfcc79f192541670f70.bundle,AssetBundle,1
source,bundle,assets/aa/Android/8315f23b9137bdfcc79f192541670f70.bundle,AudioClip,1
source,bundle,assets/aa/Android/833f784b289f5cef5a500bc7e87c62f4.bundle,AssetBundle,1
source,bundle,assets/aa/Android/833f784b289f5cef5a500bc7e87c62f4.bundle,Sprite,1
source,bundle,assets/aa/Android/833f784b289f5cef5a500bc7e87c62f4.bundle,Texture2D,1
source,bundle,assets/aa/Android/834dd435534e91ae9a96160d6abeb53b.bundle,AssetBundle,1
source,bundle,assets/aa/Android/834dd435534e91ae9a96160d6abeb53b.bundle,TextAsset,1
source,bundle,assets/aa/Android/835d5bfd77d3595cea219375890026bc.bundle,AssetBundle,1
source,bundle,assets/aa/Android/835d5bfd77d3595cea219375890026bc.bundle,Sprite,1
source,bundle,assets/aa/Android/835d5bfd77d3595cea219375890026bc.bundle,Texture2D,1
source,bundle,assets/aa/Android/8360aabc701a54d0f8219b65f5fae6a9.bundle,AssetBundle,1
source,bundle,assets/aa/Android/8360aabc701a54d0f8219b65f5fae6a9.bundle,TextAsset,1
source,bundle,assets/aa/Android/83693684489fb3ecca820d2bb1b3a339.bundle,AssetBundle,1
source,bundle,assets/aa/Android/83693684489fb3ecca820d2bb1b3a339.bundle,TextAsset,1
source,bundle,assets/aa/Android/83b70000b11152d9285de5aeaf9a63c6.bundle,AssetBundle,1
source,bundle,assets/aa/Android/83b70000b11152d9285de5aeaf9a63c6.bundle,TextAsset,1
source,bundle,assets/aa/Android/83bef991ec47709957fdc23ad8fd6500.bundle,AssetBundle,1
source,bundle,assets/aa/Android/83bef991ec47709957fdc23ad8fd6500.bundle,Sprite,1
source,bundle,assets/aa/Android/83bef991ec47709957fdc23ad8fd6500.bundle,Texture2D,1
source,bundle,assets/aa/Android/83eae8097bbfb415e3e10c6e9c14274d.bundle,AssetBundle,1
source,bundle,assets/aa/Android/83eae8097bbfb415e3e10c6e9c14274d.bundle,TextAsset,1
source,bundle,assets/aa/Android/84319a5201a10a7c448475223695e4c5.bundle,AssetBundle,1
source,bundle,assets/aa/Android/84319a5201a10a7c448475223695e4c5.bundle,TextAsset,1
source,bundle,assets/aa/Android/84375606e06237481744f3cdd0b10f40.bundle,AssetBundle,1
source,bundle,assets/aa/Android/84375606e06237481744f3cdd0b10f40.bundle,TextAsset,1
source,bundle,assets/aa/Android/84399ff84d702ed58f079d09dc7a07f9.bundle,AssetBundle,1
source,bundle,assets/aa/Android/84399ff84d702ed58f079d09dc7a07f9.bundle,AudioClip,1
source,bundle,assets/aa/Android/8442acee4a82fd8f212532e42b178cf6.bundle,AssetBundle,1
source,bundle,assets/aa/Android/8442acee4a82fd8f212532e42b178cf6.bundle,TextAsset,1
source,bundle,assets/aa/Android/84a11d3438a8d395c935909b5fcc4c85.bundle,AssetBundle,1
source,bundle,assets/aa/Android/84a11d3438a8d395c935909b5fcc4c85.bundle,Sprite,1
source,bundle,assets/aa/Android/84a11d3438a8d395c935909b5fcc4c85.bundle,Texture2D,1
source,bundle,assets/aa/Android/84aaf492117b378e979622e081b3176f.bundle,AssetBundle,1
source,bundle,assets/aa/Android/84aaf492117b378e979622e081b3176f.bundle,TextAsset,1
source,bundle,assets/aa/Android/84abdab82eae642a3dc7043811315506.bundle,AssetBundle,1
source,bundle,assets/aa/Android/84abdab82eae642a3dc7043811315506.bundle,Sprite,1
source,bundle,assets/aa/Android/84abdab82eae642a3dc7043811315506.bundle,Texture2D,1
source,bundle,assets/aa/Android/84ad350738ce110d947da227ca665d8e.bundle,AssetBundle,1
source,bundle,assets/aa/Android/84ad350738ce110d947da227ca665d8e.bundle,Sprite,1
source,bundle,assets/aa/Android/84ad350738ce110d947da227ca665d8e.bundle,Texture2D,1
source,bundle,assets/aa/Android/84b27d8857caa7410c60850108e9a6d5.bundle,AssetBundle,1
source,bundle,assets/aa/Android/84b27d8857caa7410c60850108e9a6d5.bundle,TextAsset,1
source,bundle,assets/aa/Android/84d370bc826080c564d175cfb14805f4.bundle,AssetBundle,1
source,bundle,assets/aa/Android/84d370bc826080c564d175cfb14805f4.bundle,AudioClip,1
source,bundle,assets/aa/Android/84e7cd40fffec6ee80e7110e0f340ac8.bundle,AssetBundle,1
source,bundle,assets/aa/Android/84e7cd40fffec6ee80e7110e0f340ac8.bundle,Sprite,1
source,bundle,assets/aa/Android/84e7cd40fffec6ee80e7110e0f340ac8.bundle,Texture2D,1
source,bundle,assets/aa/Android/84efda095bb178193b73290d2d7df711.bundle,AssetBundle,1
source,bundle,assets/aa/Android/84efda095bb178193b73290d2d7df711.bundle,Sprite,1
source,bundle,assets/aa/Android/84efda095bb178193b73290d2d7df711.bundle,Texture2D,1
source,bundle,assets/aa/Android/84f31a0f84df540e62b0bcbd5cd8f52f.bundle,AssetBundle,1
source,bundle,assets/aa/Android/84f31a0f84df540e62b0bcbd5cd8f52f.bundle,Sprite,1
source,bundle,assets/aa/Android/84f31a0f84df540e62b0bcbd5cd8f52f.bundle,Texture2D,1
source,bundle,assets/aa/Android/84f33c9d4eb448d70e07fca8ed57163d.bundle,AssetBundle,1
source,bundle,assets/aa/Android/84f33c9d4eb448d70e07fca8ed57163d.bundle,TextAsset,1
source,bundle,assets/aa/Android/85082411b52bd9f65ba212d70f613d37.bundle,AssetBundle,1
source,bundle,assets/aa/Android/85082411b52bd9f65ba212d70f613d37.bundle,AudioClip,1
source,bundle,assets/aa/Android/85107211052b8f8e20d759aba92e69b3.bundle,AssetBundle,1
source,bundle,assets/aa/Android/85107211052b8f8e20d759aba92e69b3.bundle,TextAsset,1
source,bundle,assets/aa/Android/85383efa7390e9e83bab57ab9d73b851.bundle,AssetBundle,1
source,bundle,assets/aa/Android/85383efa7390e9e83bab57ab9d73b851.bundle,Sprite,1
source,bundle,assets/aa/Android/85383efa7390e9e83bab57ab9d73b851.bundle,Texture2D,1
source,bundle,assets/aa/Android/8560708afaf26ae9b6f4a7fd8ea9250e.bundle,AssetBundle,1
source,bundle,assets/aa/Android/8560708afaf26ae9b6f4a7fd8ea9250e.bundle,TextAsset,1
source,bundle,assets/aa/Android/85668b6257b845d5aaf3665bedac5040.bundle,AssetBundle,1
source,bundle,assets/aa/Android/85668b6257b845d5aaf3665bedac5040.bundle,Sprite,1
source,bundle,assets/aa/Android/85668b6257b845d5aaf3665bedac5040.bundle,Texture2D,1
source,bundle,assets/aa/Android/85af331c5301c54377d2c6ed5b9fa4fe.bundle,AssetBundle,1
source,bundle,assets/aa/Android/85af331c5301c54377d2c6ed5b9fa4fe.bundle,Sprite,1
source,bundle,assets/aa/Android/85af331c5301c54377d2c6ed5b9fa4fe.bundle,Texture2D,1
source,bundle,assets/aa/Android/85b665929e8b75f3bfd902617e532054.bundle,AssetBundle,1
source,bundle,assets/aa/Android/85b665929e8b75f3bfd902617e532054.bundle,TextAsset,1
source,bundle,assets/aa/Android/85bd1eae3de1d32c2efa926c01315dfe.bundle,AssetBundle,1
source,bundle,assets/aa/Android/85bd1eae3de1d32c2efa926c01315dfe.bundle,TextAsset,1
source,bundle,assets/aa/Android/85c61f9a107ad8b54284f1f711c3d2c3.bundle,AssetBundle,1
source,bundle,assets/aa/Android/85c61f9a107ad8b54284f1f711c3d2c3.bundle,Sprite,1
source,bundle,assets/aa/Android/85c61f9a107ad8b54284f1f711c3d2c3.bundle,Texture2D,1
source,bundle,assets/aa/Android/85c7049ba2c082c09dac894a05e74d26.bundle,AssetBundle,1
source,bundle,assets/aa/Android/85c7049ba2c082c09dac894a05e74d26.bundle,AudioClip,1
source,bundle,assets/aa/Android/85d759d486fe1b65b59eae121340b2f4.bundle,AssetBundle,1
source,bundle,assets/aa/Android/85d759d486fe1b65b59eae121340b2f4.bundle,AudioClip,1
source,bundle,assets/aa/Android/85ed98d2d89c87a9b0fbb1219af2fbf3.bundle,AssetBundle,1
source,bundle,assets/aa/Android/85ed98d2d89c87a9b0fbb1219af2fbf3.bundle,TextAsset,1
source,bundle,assets/aa/Android/860033b7cede4c7b5d691c474f1f871f.bundle,AssetBundle,1
source,bundle,assets/aa/Android/860033b7cede4c7b5d691c474f1f871f.bundle,Sprite,1
source,bundle,assets/aa/Android/860033b7cede4c7b5d691c474f1f871f.bundle,Texture2D,1
source,bundle,assets/aa/Android/860923bff281ca0f757e3f4b78e7d6bf.bundle,AssetBundle,1
source,bundle,assets/aa/Android/860923bff281ca0f757e3f4b78e7d6bf.bundle,TextAsset,1
source,bundle,assets/aa/Android/86152e086822933185386664e434a6d6.bundle,AssetBundle,1
source,bundle,assets/aa/Android/86152e086822933185386664e434a6d6.bundle,Sprite,1
source,bundle,assets/aa/Android/86152e086822933185386664e434a6d6.bundle,Texture2D,1
source,bundle,assets/aa/Android/865e18eb83b3bc03d38cebd6b7001927.bundle,AssetBundle,1
source,bundle,assets/aa/Android/865e18eb83b3bc03d38cebd6b7001927.bundle,Sprite,1
source,bundle,assets/aa/Android/865e18eb83b3bc03d38cebd6b7001927.bundle,Texture2D,1
source,bundle,assets/aa/Android/868bab1439bb028f17319d93aa9da99b.bundle,AssetBundle,1
source,bundle,assets/aa/Android/868bab1439bb028f17319d93aa9da99b.bundle,Sprite,1
source,bundle,assets/aa/Android/868bab1439bb028f17319d93aa9da99b.bundle,Texture2D,1
source,bundle,assets/aa/Android/869f461dbdd9d161e045f5fd3fc3eb9c.bundle,AssetBundle,1
source,bundle,assets/aa/Android/869f461dbdd9d161e045f5fd3fc3eb9c.bundle,AudioClip,1
source,bundle,assets/aa/Android/86ab5e856ff23e84d602a4db3fd6b339.bundle,AssetBundle,1
source,bundle,assets/aa/Android/86ab5e856ff23e84d602a4db3fd6b339.bundle,TextAsset,1
source,bundle,assets/aa/Android/86b08f83c2a7bc4f1212f326f6022e9b.bundle,AssetBundle,1
source,bundle,assets/aa/Android/86b08f83c2a7bc4f1212f326f6022e9b.bundle,Sprite,1
source,bundle,assets/aa/Android/86b08f83c2a7bc4f1212f326f6022e9b.bundle,Texture2D,1
source,bundle,assets/aa/Android/86cf2c49af17acc649807dab53071c65.bundle,AssetBundle,1
source,bundle,assets/aa/Android/86cf2c49af17acc649807dab53071c65.bundle,TextAsset,1
source,bundle,assets/aa/Android/8705bde318922923f38484cf1b5099a7.bundle,AssetBundle,1
source,bundle,assets/aa/Android/8705bde318922923f38484cf1b5099a7.bundle,TextAsset,1
source,bundle,assets/aa/Android/872c72b635aafa706799777ae41389c5.bundle,AssetBundle,1
source,bundle,assets/aa/Android/872c72b635aafa706799777ae41389c5.bundle,TextAsset,1
source,bundle,assets/aa/Android/8738d7da760aa4e6ab7696f827445a4f.bundle,AssetBundle,1
source,bundle,assets/aa/Android/8738d7da760aa4e6ab7696f827445a4f.bundle,TextAsset,1
source,bundle,assets/aa/Android/873f22bbe96537131532b7d449d194f6.bundle,AssetBundle,1
source,bundle,assets/aa/Android/873f22bbe96537131532b7d449d194f6.bundle,Sprite,1
source,bundle,assets/aa/Android/873f22bbe96537131532b7d449d194f6.bundle,Texture2D,1
source,bundle,assets/aa/Android/874b9304c6300144775d928cb43b5388.bundle,AssetBundle,1
source,bundle,assets/aa/Android/874b9304c6300144775d928cb43b5388.bundle,Sprite,1
source,bundle,assets/aa/Android/874b9304c6300144775d928cb43b5388.bundle,Texture2D,1
source,bundle,assets/aa/Android/879b13b584bf0f017329922aff33e39f.bundle,AssetBundle,1
source,bundle,assets/aa/Android/879b13b584bf0f017329922aff33e39f.bundle,TextAsset,1
source,bundle,assets/aa/Android/87aa47238c8f4e35782446b69f82779d.bundle,AssetBundle,1
source,bundle,assets/aa/Android/87aa47238c8f4e35782446b69f82779d.bundle,TextAsset,1
source,bundle,assets/aa/Android/87bd4c69f56c0b27162925620b3fa592.bundle,AssetBundle,1
source,bundle,assets/aa/Android/87bd4c69f56c0b27162925620b3fa592.bundle,TextAsset,1
source,bundle,assets/aa/Android/87c0955fb537ab3bac53ad592cda3b01.bundle,AssetBundle,1
source,bundle,assets/aa/Android/87c0955fb537ab3bac53ad592cda3b01.bundle,AudioClip,1
source,bundle,assets/aa/Android/87dba5372f22d414f3576e3060450dcd.bundle,AssetBundle,1
source,bundle,assets/aa/Android/87dba5372f22d414f3576e3060450dcd.bundle,Sprite,1
source,bundle,assets/aa/Android/87dba5372f22d414f3576e3060450dcd.bundle,Texture2D,1
source,bundle,assets/aa/Android/87f234c5d1d29474f1f59977e7f6b323.bundle,AssetBundle,1
source,bundle,assets/aa/Android/87f234c5d1d29474f1f59977e7f6b323.bundle,Sprite,1
source,bundle,assets/aa/Android/87f234c5d1d29474f1f59977e7f6b323.bundle,Texture2D,1
source,bundle,assets/aa/Android/87fca81865dfdbc3340b3a66fcb162bd.bundle,AssetBundle,1
source,bundle,assets/aa/Android/87fca81865dfdbc3340b3a66fcb162bd.bundle,TextAsset,1
source,bundle,assets/aa/Android/8826e839201ef6bfcbd050ee6f69b4bb.bundle,AssetBundle,1
source,bundle,assets/aa/Android/8826e839201ef6bfcbd050ee6f69b4bb.bundle,AudioClip,1
source,bundle,assets/aa/Android/882b800a60cac81343efeeadbb0f82c6.bundle,AssetBundle,1
source,bundle,assets/aa/Android/882b800a60cac81343efeeadbb0f82c6.bundle,Sprite,1
source,bundle,assets/aa/Android/882b800a60cac81343efeeadbb0f82c6.bundle,Texture2D,1
source,bundle,assets/aa/Android/883600ae7f45a87506387aa9eca8e8b1.bundle,AssetBundle,1
source,bundle,assets/aa/Android/883600ae7f45a87506387aa9eca8e8b1.bundle,TextAsset,1
source,bundle,assets/aa/Android/88a0900bf13224fc976720cf33a9e445.bundle,AssetBundle,1
source,bundle,assets/aa/Android/88a0900bf13224fc976720cf33a9e445.bundle,TextAsset,1
source,bundle,assets/aa/Android/88aa49f82cfb59314ed644db862e3842.bundle,AssetBundle,1
source,bundle,assets/aa/Android/88aa49f82cfb59314ed644db862e3842.bundle,Sprite,1
source,bundle,assets/aa/Android/88aa49f82cfb59314ed644db862e3842.bundle,Texture2D,1
source,bundle,assets/aa/Android/88c4ea7f80f5366eee93095f3e7d50c5.bundle,AssetBundle,1
source,bundle,assets/aa/Android/88c4ea7f80f5366eee93095f3e7d50c5.bundle,Sprite,1
source,bundle,assets/aa/Android/88c4ea7f80f5366eee93095f3e7d50c5.bundle,Texture2D,1
source,bundle,assets/aa/Android/88dbf35928c04f1b625bdb50e0a4a263.bundle,AssetBundle,1
source,bundle,assets/aa/Android/88dbf35928c04f1b625bdb50e0a4a263.bundle,AudioClip,1
source,bundle,assets/aa/Android/88f40f99a1a938e913097c021a58130f.bundle,AssetBundle,1
source,bundle,assets/aa/Android/88f40f99a1a938e913097c021a58130f.bundle,Sprite,1
source,bundle,assets/aa/Android/88f40f99a1a938e913097c021a58130f.bundle,Texture2D,1
source,bundle,assets/aa/Android/88fe0f2487404ea13181309290b15d77.bundle,AssetBundle,1
source,bundle,assets/aa/Android/88fe0f2487404ea13181309290b15d77.bundle,TextAsset,1
source,bundle,assets/aa/Android/890e10a54a26e446ee083501d353c0e9.bundle,AssetBundle,1
source,bundle,assets/aa/Android/890e10a54a26e446ee083501d353c0e9.bundle,TextAsset,1
source,bundle,assets/aa/Android/8917c51393b1d8f8591c1b0f392e8539.bundle,AssetBundle,1
source,bundle,assets/aa/Android/8917c51393b1d8f8591c1b0f392e8539.bundle,Sprite,1
source,bundle,assets/aa/Android/8917c51393b1d8f8591c1b0f392e8539.bundle,Texture2D,1
source,bundle,assets/aa/Android/893da6f408b3b0695bb27528acf9f58d.bundle,AssetBundle,1
source,bundle,assets/aa/Android/893da6f408b3b0695bb27528acf9f58d.bundle,Sprite,1
source,bundle,assets/aa/Android/893da6f408b3b0695bb27528acf9f58d.bundle,Texture2D,1
source,bundle,assets/aa/Android/894332d4aad4341c2a52efce87d0248a.bundle,AssetBundle,1
source,bundle,assets/aa/Android/894332d4aad4341c2a52efce87d0248a.bundle,Sprite,1
source,bundle,assets/aa/Android/894332d4aad4341c2a52efce87d0248a.bundle,Texture2D,1
source,bundle,assets/aa/Android/8958db654548ee291396207edf4dcf16.bundle,AssetBundle,1
source,bundle,assets/aa/Android/8958db654548ee291396207edf4dcf16.bundle,Sprite,1
source,bundle,assets/aa/Android/8958db654548ee291396207edf4dcf16.bundle,Texture2D,1
source,bundle,assets/aa/Android/8961987c332228c8fc1b83337be4c86d.bundle,AssetBundle,1
source,bundle,assets/aa/Android/8961987c332228c8fc1b83337be4c86d.bundle,TextAsset,1
source,bundle,assets/aa/Android/898626f845866e40c659e48dd2286e16.bundle,AssetBundle,1
source,bundle,assets/aa/Android/898626f845866e40c659e48dd2286e16.bundle,TextAsset,1
source,bundle,assets/aa/Android/898650cdea622322cff8942be8e196b0.bundle,AssetBundle,1
source,bundle,assets/aa/Android/898650cdea622322cff8942be8e196b0.bundle,Sprite,1
source,bundle,assets/aa/Android/898650cdea622322cff8942be8e196b0.bundle,Texture2D,1
source,bundle,assets/aa/Android/8987c946601c4cf3a179c7ace65f4f1d.bundle,AssetBundle,1
source,bundle,assets/aa/Android/8987c946601c4cf3a179c7ace65f4f1d.bundle,Sprite,1
source,bundle,assets/aa/Android/8987c946601c4cf3a179c7ace65f4f1d.bundle,Texture2D,1
source,bundle,assets/aa/Android/89d7a8f5f5493e1a9329f13bc7df8133.bundle,AssetBundle,1
source,bundle,assets/aa/Android/89d7a8f5f5493e1a9329f13bc7df8133.bundle,Sprite,1
source,bundle,assets/aa/Android/89d7a8f5f5493e1a9329f13bc7df8133.bundle,Texture2D,1
source,bundle,assets/aa/Android/8a1685b7b3a669585ae8279fda8b3b6b.bundle,AssetBundle,1
source,bundle,assets/aa/Android/8a1685b7b3a669585ae8279fda8b3b6b.bundle,TextAsset,1
source,bundle,assets/aa/Android/8a1d0af24b55c6c0ee8d18907f70f8a5.bundle,AssetBundle,1
source,bundle,assets/aa/Android/8a1d0af24b55c6c0ee8d18907f70f8a5.bundle,TextAsset,1
source,bundle,assets/aa/Android/8a7b4cb63bdfe798de7b5097d16178fa.bundle,AssetBundle,1
source,bundle,assets/aa/Android/8a7b4cb63bdfe798de7b5097d16178fa.bundle,Sprite,1
source,bundle,assets/aa/Android/8a7b4cb63bdfe798de7b5097d16178fa.bundle,Texture2D,1
source,bundle,assets/aa/Android/8ab0ec213f954f18b1cb7440dbb6503e.bundle,AssetBundle,1
source,bundle,assets/aa/Android/8ab0ec213f954f18b1cb7440dbb6503e.bundle,TextAsset,1
source,bundle,assets/aa/Android/8ac767fa95cbbd149f0e4f50e107be48.bundle,AssetBundle,1
source,bundle,assets/aa/Android/8ac767fa95cbbd149f0e4f50e107be48.bundle,Sprite,1
source,bundle,assets/aa/Android/8ac767fa95cbbd149f0e4f50e107be48.bundle,Texture2D,1
source,bundle,assets/aa/Android/8b5c1a4dcbd0b73a22f6ae413da4b721.bundle,AssetBundle,1
source,bundle,assets/aa/Android/8b5c1a4dcbd0b73a22f6ae413da4b721.bundle,Sprite,1
source,bundle,assets/aa/Android/8b5c1a4dcbd0b73a22f6ae413da4b721.bundle,Texture2D,1
source,bundle,assets/aa/Android/8b6be33ec416f67881be9e52d97b81b4.bundle,AssetBundle,1
source,bundle,assets/aa/Android/8b6be33ec416f67881be9e52d97b81b4.bundle,AudioClip,1
source,bundle,assets/aa/Android/8b720dee7642fd14f3fedd2db7164690.bundle,AssetBundle,1
source,bundle,assets/aa/Android/8b720dee7642fd14f3fedd2db7164690.bundle,Sprite,1
source,bundle,assets/aa/Android/8b720dee7642fd14f3fedd2db7164690.bundle,Texture2D,1
source,bundle,assets/aa/Android/8b796c41f8fc425d170b1ef6007c728b.bundle,AssetBundle,1
source,bundle,assets/aa/Android/8b796c41f8fc425d170b1ef6007c728b.bundle,Sprite,1
source,bundle,assets/aa/Android/8b796c41f8fc425d170b1ef6007c728b.bundle,Texture2D,1
source,bundle,assets/aa/Android/8b7d55176c264ba539683d9cdd4cb893.bundle,AssetBundle,1
source,bundle,assets/aa/Android/8b7d55176c264ba539683d9cdd4cb893.bundle,AudioClip,1
source,bundle,assets/aa/Android/8b8964acf63e69acdb7b01f72a3b069b.bundle,AssetBundle,1
source,bundle,assets/aa/Android/8b8964acf63e69acdb7b01f72a3b069b.bundle,TextAsset,1
source,bundle,assets/aa/Android/8b8c876760dc24a13e2963cf2826b6e2.bundle,AssetBundle,1
source,bundle,assets/aa/Android/8b8c876760dc24a13e2963cf2826b6e2.bundle,Sprite,1
source,bundle,assets/aa/Android/8b8c876760dc24a13e2963cf2826b6e2.bundle,Texture2D,1
source,bundle,assets/aa/Android/8b97429ec85e039500efd9539ee1d529.bundle,AssetBundle,1
source,bundle,assets/aa/Android/8b97429ec85e039500efd9539ee1d529.bundle,Sprite,1
source,bundle,assets/aa/Android/8b97429ec85e039500efd9539ee1d529.bundle,Texture2D,1
source,bundle,assets/aa/Android/8ba93c39f128e2e2719d6014556266b6.bundle,AssetBundle,1
source,bundle,assets/aa/Android/8ba93c39f128e2e2719d6014556266b6.bundle,TextAsset,1
source,bundle,assets/aa/Android/8bc8be01345df655a87c6cc7efbd2539.bundle,AssetBundle,1
source,bundle,assets/aa/Android/8bc8be01345df655a87c6cc7efbd2539.bundle,TextAsset,1
source,bundle,assets/aa/Android/8bd911e6b75993d9a050469280cb910a.bundle,AssetBundle,1
source,bundle,assets/aa/Android/8bd911e6b75993d9a050469280cb910a.bundle,Sprite,1
source,bundle,assets/aa/Android/8bd911e6b75993d9a050469280cb910a.bundle,Texture2D,1
source,bundle,assets/aa/Android/8be69de4b7070105ce255d49ba203776.bundle,AssetBundle,1
source,bundle,assets/aa/Android/8be69de4b7070105ce255d49ba203776.bundle,Sprite,1
source,bundle,assets/aa/Android/8be69de4b7070105ce255d49ba203776.bundle,Texture2D,1
source,bundle,assets/aa/Android/8bedc5379a8358dc4c22777fd70c88ce.bundle,AssetBundle,1
source,bundle,assets/aa/Android/8bedc5379a8358dc4c22777fd70c88ce.bundle,Sprite,1
source,bundle,assets/aa/Android/8bedc5379a8358dc4c22777fd70c88ce.bundle,Texture2D,1
source,bundle,assets/aa/Android/8bf56218f6c2cc20bc34ec05dfc9adff.bundle,AssetBundle,1
source,bundle,assets/aa/Android/8bf56218f6c2cc20bc34ec05dfc9adff.bundle,TextAsset,1
source,bundle,assets/aa/Android/8c0be7c329ca36fe42b8ced377f0ebd2.bundle,AssetBundle,1
source,bundle,assets/aa/Android/8c0be7c329ca36fe42b8ced377f0ebd2.bundle,TextAsset,1
source,bundle,assets/aa/Android/8c4a4d4a3975481190ad41ee54c72937.bundle,AssetBundle,1
source,bundle,assets/aa/Android/8c4a4d4a3975481190ad41ee54c72937.bundle,Sprite,1
source,bundle,assets/aa/Android/8c4a4d4a3975481190ad41ee54c72937.bundle,Texture2D,1
source,bundle,assets/aa/Android/8c68e9e4d748edf1da01458decb0c5b7.bundle,AssetBundle,1
source,bundle,assets/aa/Android/8c68e9e4d748edf1da01458decb0c5b7.bundle,TextAsset,1
source,bundle,assets/aa/Android/8c80fd5fb47c8c10a1f83813d966898b.bundle,AssetBundle,1
source,bundle,assets/aa/Android/8c80fd5fb47c8c10a1f83813d966898b.bundle,TextAsset,1
source,bundle,assets/aa/Android/8c8c6f3a83b9bb095fc9e23a8585cea9.bundle,AssetBundle,1
source,bundle,assets/aa/Android/8c8c6f3a83b9bb095fc9e23a8585cea9.bundle,AudioClip,1
source,bundle,assets/aa/Android/8ca18230647ba3b86d4f2b17c6845acb.bundle,AssetBundle,1
source,bundle,assets/aa/Android/8ca18230647ba3b86d4f2b17c6845acb.bundle,Sprite,1
source,bundle,assets/aa/Android/8ca18230647ba3b86d4f2b17c6845acb.bundle,Texture2D,1
source,bundle,assets/aa/Android/8cac0cb3192a50388e4a53fd303672a4.bundle,AssetBundle,1
source,bundle,assets/aa/Android/8cac0cb3192a50388e4a53fd303672a4.bundle,TextAsset,1
source,bundle,assets/aa/Android/8caff969315875051c022505492b9562.bundle,AssetBundle,1
source,bundle,assets/aa/Android/8caff969315875051c022505492b9562.bundle,Sprite,1
source,bundle,assets/aa/Android/8caff969315875051c022505492b9562.bundle,Texture2D,1
source,bundle,assets/aa/Android/8cb8493ac09c64e1ba2958ab51c45e20.bundle,AssetBundle,1
source,bundle,assets/aa/Android/8cb8493ac09c64e1ba2958ab51c45e20.bundle,Sprite,1
source,bundle,assets/aa/Android/8cb8493ac09c64e1ba2958ab51c45e20.bundle,Texture2D,1
source,bundle,assets/aa/Android/8cbd654b3ce3b1dbeb405f76b6e4a5d9.bundle,AssetBundle,1
source,bundle,assets/aa/Android/8cbd654b3ce3b1dbeb405f76b6e4a5d9.bundle,AudioClip,1
source,bundle,assets/aa/Android/8cc4943e34e86a10bf9792f2c177e818.bundle,AssetBundle,1
source,bundle,assets/aa/Android/8cc4943e34e86a10bf9792f2c177e818.bundle,Sprite,1
source,bundle,assets/aa/Android/8cc4943e34e86a10bf9792f2c177e818.bundle,Texture2D,1
source,bundle,assets/aa/Android/8cc75c996132ef8ab1fbbbc7caff8728.bundle,AssetBundle,1
source,bundle,assets/aa/Android/8cc75c996132ef8ab1fbbbc7caff8728.bundle,Sprite,1
source,bundle,assets/aa/Android/8cc75c996132ef8ab1fbbbc7caff8728.bundle,Texture2D,1
source,bundle,assets/aa/Android/8cc8550ae1135d1df7c00123b5a1bb6c.bundle,AssetBundle,1
source,bundle,assets/aa/Android/8cc8550ae1135d1df7c00123b5a1bb6c.bundle,TextAsset,1
source,bundle,assets/aa/Android/8cc9da147113cb038ea115253ee7b4c3.bundle,AssetBundle,1
source,bundle,assets/aa/Android/8cc9da147113cb038ea115253ee7b4c3.bundle,Sprite,1
source,bundle,assets/aa/Android/8cc9da147113cb038ea115253ee7b4c3.bundle,Texture2D,1
source,bundle,assets/aa/Android/8cdad85dedda49abb0c3a1a28762836a.bundle,AssetBundle,1
source,bundle,assets/aa/Android/8cdad85dedda49abb0c3a1a28762836a.bundle,Sprite,1
source,bundle,assets/aa/Android/8cdad85dedda49abb0c3a1a28762836a.bundle,Texture2D,1
source,bundle,assets/aa/Android/8d037b934e43f2b90460006f6cff72aa.bundle,AssetBundle,1
source,bundle,assets/aa/Android/8d037b934e43f2b90460006f6cff72aa.bundle,TextAsset,1
source,bundle,assets/aa/Android/8d11611abd130a5cb7e73b8b25aaa7dd.bundle,AssetBundle,1
source,bundle,assets/aa/Android/8d11611abd130a5cb7e73b8b25aaa7dd.bundle,Sprite,1
source,bundle,assets/aa/Android/8d11611abd130a5cb7e73b8b25aaa7dd.bundle,Texture2D,1
source,bundle,assets/aa/Android/8d285e21f7dce79ec93b1dd9672da836.bundle,AssetBundle,1
source,bundle,assets/aa/Android/8d285e21f7dce79ec93b1dd9672da836.bundle,Sprite,1
source,bundle,assets/aa/Android/8d285e21f7dce79ec93b1dd9672da836.bundle,Texture2D,1
source,bundle,assets/aa/Android/8d2abbebd7cd814e1bbbea740d1510d1.bundle,AssetBundle,1
source,bundle,assets/aa/Android/8d2abbebd7cd814e1bbbea740d1510d1.bundle,TextAsset,1
source,bundle,assets/aa/Android/8d3c7dcf5e9b1574b940a3bd08b95ab2.bundle,AssetBundle,1
source,bundle,assets/aa/Android/8d3c7dcf5e9b1574b940a3bd08b95ab2.bundle,TextAsset,1
source,bundle,assets/aa/Android/8d5a75074d307d54cffcb27628f9f062.bundle,AssetBundle,1
source,bundle,assets/aa/Android/8d5a75074d307d54cffcb27628f9f062.bundle,TextAsset,1
source,bundle,assets/aa/Android/8d5c1dfbcce1fc09a9770a1cc10edd0e.bundle,AssetBundle,1
source,bundle,assets/aa/Android/8d5c1dfbcce1fc09a9770a1cc10edd0e.bundle,TextAsset,1
source,bundle,assets/aa/Android/8d6e596a5c3fb77c56ef9ef529b22f4f.bundle,AssetBundle,1
source,bundle,assets/aa/Android/8d6e596a5c3fb77c56ef9ef529b22f4f.bundle,Sprite,1
source,bundle,assets/aa/Android/8d6e596a5c3fb77c56ef9ef529b22f4f.bundle,Texture2D,1
source,bundle,assets/aa/Android/8d7759a5d926730e4daaba9d5d01f857.bundle,AssetBundle,1
source,bundle,assets/aa/Android/8d7759a5d926730e4daaba9d5d01f857.bundle,Sprite,1
source,bundle,assets/aa/Android/8d7759a5d926730e4daaba9d5d01f857.bundle,Texture2D,1
source,bundle,assets/aa/Android/8d8e2c8b32117513088218b85e959da5.bundle,AssetBundle,1
source,bundle,assets/aa/Android/8d8e2c8b32117513088218b85e959da5.bundle,Sprite,1
source,bundle,assets/aa/Android/8d8e2c8b32117513088218b85e959da5.bundle,Texture2D,1
source,bundle,assets/aa/Android/8da089008ea2bfb7251f1c427edc90dd.bundle,AssetBundle,1
source,bundle,assets/aa/Android/8da089008ea2bfb7251f1c427edc90dd.bundle,Sprite,1
source,bundle,assets/aa/Android/8da089008ea2bfb7251f1c427edc90dd.bundle,Texture2D,1
source,bundle,assets/aa/Android/8da2ca37e60ba361e405e0a8d86b5d2c.bundle,AssetBundle,1
source,bundle,assets/aa/Android/8da2ca37e60ba361e405e0a8d86b5d2c.bundle,TextAsset,1
source,bundle,assets/aa/Android/8dd68a63e3f4d7565e015c62ff76659f.bundle,AssetBundle,1
source,bundle,assets/aa/Android/8dd68a63e3f4d7565e015c62ff76659f.bundle,Sprite,1
source,bundle,assets/aa/Android/8dd68a63e3f4d7565e015c62ff76659f.bundle,Texture2D,1
source,bundle,assets/aa/Android/8ddbcf339eb28cfbe8866c5e0a14eb39.bundle,AssetBundle,1
source,bundle,assets/aa/Android/8ddbcf339eb28cfbe8866c5e0a14eb39.bundle,Sprite,1
source,bundle,assets/aa/Android/8ddbcf339eb28cfbe8866c5e0a14eb39.bundle,Texture2D,1
source,bundle,assets/aa/Android/8ddcecd4aca536f64ad0e9e7b1e05b9d.bundle,AssetBundle,1
source,bundle,assets/aa/Android/8ddcecd4aca536f64ad0e9e7b1e05b9d.bundle,Sprite,1
source,bundle,assets/aa/Android/8ddcecd4aca536f64ad0e9e7b1e05b9d.bundle,Texture2D,1
source,bundle,assets/aa/Android/8e1648424ddf69b2fc033b92cb92fe55.bundle,AssetBundle,1
source,bundle,assets/aa/Android/8e1648424ddf69b2fc033b92cb92fe55.bundle,Sprite,1
source,bundle,assets/aa/Android/8e1648424ddf69b2fc033b92cb92fe55.bundle,Texture2D,1
source,bundle,assets/aa/Android/8e24bdce53ca2a150a95300f63dc7e99.bundle,AssetBundle,1
source,bundle,assets/aa/Android/8e24bdce53ca2a150a95300f63dc7e99.bundle,TextAsset,1
source,bundle,assets/aa/Android/8ead4e5995b52835793f91b09e6968d2.bundle,AssetBundle,1
source,bundle,assets/aa/Android/8ead4e5995b52835793f91b09e6968d2.bundle,Sprite,1
source,bundle,assets/aa/Android/8ead4e5995b52835793f91b09e6968d2.bundle,Texture2D,1
source,bundle,assets/aa/Android/8eb2d39bf5b6d1ca178b2d79203bca2e.bundle,AssetBundle,1
source,bundle,assets/aa/Android/8eb2d39bf5b6d1ca178b2d79203bca2e.bundle,TextAsset,1
source,bundle,assets/aa/Android/8eb5fa8cf76b3aa1a73dc1efbd0611b7.bundle,AssetBundle,1
source,bundle,assets/aa/Android/8eb5fa8cf76b3aa1a73dc1efbd0611b7.bundle,TextAsset,1
source,bundle,assets/aa/Android/8ec12aea43aff5ec146318d5a4c6c8dd.bundle,AssetBundle,1
source,bundle,assets/aa/Android/8ec12aea43aff5ec146318d5a4c6c8dd.bundle,TextAsset,1
source,bundle,assets/aa/Android/8f659df1caf5c0b6056685bc35a51d27.bundle,AssetBundle,1
source,bundle,assets/aa/Android/8f659df1caf5c0b6056685bc35a51d27.bundle,TextAsset,1
source,bundle,assets/aa/Android/8f7adb002a4ebfe75c181b85e096f9fa.bundle,AssetBundle,1
source,bundle,assets/aa/Android/8f7adb002a4ebfe75c181b85e096f9fa.bundle,AudioClip,1
source,bundle,assets/aa/Android/8f809570e5be93ee1aeac13924b0c06d.bundle,AssetBundle,1
source,bundle,assets/aa/Android/8f809570e5be93ee1aeac13924b0c06d.bundle,Sprite,1
source,bundle,assets/aa/Android/8f809570e5be93ee1aeac13924b0c06d.bundle,Texture2D,1
source,bundle,assets/aa/Android/8f969b1a6f8049963334c6e382c4b77e.bundle,AssetBundle,1
source,bundle,assets/aa/Android/8f969b1a6f8049963334c6e382c4b77e.bundle,TextAsset,1
source,bundle,assets/aa/Android/8fc72f342051477bc2f054ce2216faeb.bundle,AssetBundle,1
source,bundle,assets/aa/Android/8fc72f342051477bc2f054ce2216faeb.bundle,TextAsset,1
source,bundle,assets/aa/Android/8fec2ac453862f3d8162607d66d7f4a8.bundle,AssetBundle,1
source,bundle,assets/aa/Android/8fec2ac453862f3d8162607d66d7f4a8.bundle,TextAsset,1
source,bundle,assets/aa/Android/900382c065c4ef7e4eaca110503c5690.bundle,AssetBundle,1
source,bundle,assets/aa/Android/900382c065c4ef7e4eaca110503c5690.bundle,Sprite,1
source,bundle,assets/aa/Android/900382c065c4ef7e4eaca110503c5690.bundle,Texture2D,1
source,bundle,assets/aa/Android/901b38d73031e208c59338b92971c98c.bundle,AssetBundle,1
source,bundle,assets/aa/Android/901b38d73031e208c59338b92971c98c.bundle,Sprite,1
source,bundle,assets/aa/Android/901b38d73031e208c59338b92971c98c.bundle,Texture2D,1
source,bundle,assets/aa/Android/9022ede66b42ca5a5fcf530700cbe8c6.bundle,AssetBundle,1
source,bundle,assets/aa/Android/9022ede66b42ca5a5fcf530700cbe8c6.bundle,TextAsset,1
source,bundle,assets/aa/Android/902c0c52eb41a54771e609b08e70f771.bundle,AssetBundle,1
source,bundle,assets/aa/Android/902c0c52eb41a54771e609b08e70f771.bundle,AudioClip,1
source,bundle,assets/aa/Android/905269b764399d3a129d31ca3b5714f0.bundle,AssetBundle,1
source,bundle,assets/aa/Android/905269b764399d3a129d31ca3b5714f0.bundle,Sprite,1
source,bundle,assets/aa/Android/905269b764399d3a129d31ca3b5714f0.bundle,Texture2D,1
source,bundle,assets/aa/Android/90857bd78b114ba35a8f21e54dcb91a8.bundle,AssetBundle,1
source,bundle,assets/aa/Android/90857bd78b114ba35a8f21e54dcb91a8.bundle,Sprite,1
source,bundle,assets/aa/Android/90857bd78b114ba35a8f21e54dcb91a8.bundle,Texture2D,1
source,bundle,assets/aa/Android/90c2f1ec5b8364358e270069287c97c3.bundle,AssetBundle,1
source,bundle,assets/aa/Android/90c2f1ec5b8364358e270069287c97c3.bundle,AudioClip,1
source,bundle,assets/aa/Android/90e143dab96d64d80954a644540a7f88.bundle,AssetBundle,1
source,bundle,assets/aa/Android/90e143dab96d64d80954a644540a7f88.bundle,Sprite,1
source,bundle,assets/aa/Android/90e143dab96d64d80954a644540a7f88.bundle,Texture2D,1
source,bundle,assets/aa/Android/90e3fbc65bed48abdbafbff641bed125.bundle,AssetBundle,1
source,bundle,assets/aa/Android/90e3fbc65bed48abdbafbff641bed125.bundle,Sprite,1
source,bundle,assets/aa/Android/90e3fbc65bed48abdbafbff641bed125.bundle,Texture2D,1
source,bundle,assets/aa/Android/911c9bccf0b33430be1160cb27535916.bundle,AssetBundle,1
source,bundle,assets/aa/Android/911c9bccf0b33430be1160cb27535916.bundle,TextAsset,1
source,bundle,assets/aa/Android/9128cef04752ae72546f7e561b266ade.bundle,AssetBundle,1
source,bundle,assets/aa/Android/9128cef04752ae72546f7e561b266ade.bundle,Sprite,1
source,bundle,assets/aa/Android/9128cef04752ae72546f7e561b266ade.bundle,Texture2D,1
source,bundle,assets/aa/Android/91390a4c6c49c1ed8d2b166c49fc8483.bundle,AssetBundle,1
source,bundle,assets/aa/Android/91390a4c6c49c1ed8d2b166c49fc8483.bundle,Sprite,1
source,bundle,assets/aa/Android/91390a4c6c49c1ed8d2b166c49fc8483.bundle,Texture2D,1
source,bundle,assets/aa/Android/9160ef20d500c41ae732c1d914398b70.bundle,AssetBundle,1
source,bundle,assets/aa/Android/9160ef20d500c41ae732c1d914398b70.bundle,Sprite,1
source,bundle,assets/aa/Android/9160ef20d500c41ae732c1d914398b70.bundle,Texture2D,1
source,bundle,assets/aa/Android/9169ba17f3a1ac120aed62662b7b29f0.bundle,AssetBundle,1
source,bundle,assets/aa/Android/9169ba17f3a1ac120aed62662b7b29f0.bundle,TextAsset,1
source,bundle,assets/aa/Android/9175f63e348c0b56632e11e53ad025fd.bundle,AssetBundle,1
source,bundle,assets/aa/Android/9175f63e348c0b56632e11e53ad025fd.bundle,TextAsset,1
source,bundle,assets/aa/Android/91835a93434b91b91af732b4ff3524a2.bundle,AssetBundle,1
source,bundle,assets/aa/Android/91835a93434b91b91af732b4ff3524a2.bundle,Sprite,1
source,bundle,assets/aa/Android/91835a93434b91b91af732b4ff3524a2.bundle,Texture2D,1
source,bundle,assets/aa/Android/91c473a91654c7b8ade76380ed568186.bundle,AssetBundle,1
source,bundle,assets/aa/Android/91c473a91654c7b8ade76380ed568186.bundle,Sprite,1
source,bundle,assets/aa/Android/91c473a91654c7b8ade76380ed568186.bundle,Texture2D,1
source,bundle,assets/aa/Android/91d9d54070162ff5cc3b56c140abf81a.bundle,AssetBundle,1
source,bundle,assets/aa/Android/91d9d54070162ff5cc3b56c140abf81a.bundle,TextAsset,1
source,bundle,assets/aa/Android/91dbb78781eee7128aa9efcc4c51bbee.bundle,AssetBundle,1
source,bundle,assets/aa/Android/91dbb78781eee7128aa9efcc4c51bbee.bundle,TextAsset,1
source,bundle,assets/aa/Android/91fdc5aba46c02817f51ce8eb0e75984.bundle,AssetBundle,1
source,bundle,assets/aa/Android/91fdc5aba46c02817f51ce8eb0e75984.bundle,Sprite,1
source,bundle,assets/aa/Android/91fdc5aba46c02817f51ce8eb0e75984.bundle,Texture2D,1
source,bundle,assets/aa/Android/92020954509cd062bf13e7f071832ae1.bundle,AssetBundle,1
source,bundle,assets/aa/Android/92020954509cd062bf13e7f071832ae1.bundle,TextAsset,1
source,bundle,assets/aa/Android/920496fb6d4d007628f2991ac5c5c8cd.bundle,AssetBundle,1
source,bundle,assets/aa/Android/920496fb6d4d007628f2991ac5c5c8cd.bundle,TextAsset,1
source,bundle,assets/aa/Android/9212b3fc25263422d0038f4f2798c9c5.bundle,AssetBundle,1
source,bundle,assets/aa/Android/9212b3fc25263422d0038f4f2798c9c5.bundle,Sprite,1
source,bundle,assets/aa/Android/9212b3fc25263422d0038f4f2798c9c5.bundle,Texture2D,1
source,bundle,assets/aa/Android/9220462b3af63fc849b6e1ed412d19c8.bundle,AssetBundle,1
source,bundle,assets/aa/Android/9220462b3af63fc849b6e1ed412d19c8.bundle,AudioClip,1
source,bundle,assets/aa/Android/922c232b4309d85f5d8db9cc57a26745.bundle,AssetBundle,1
source,bundle,assets/aa/Android/922c232b4309d85f5d8db9cc57a26745.bundle,Sprite,1
source,bundle,assets/aa/Android/922c232b4309d85f5d8db9cc57a26745.bundle,Texture2D,1
source,bundle,assets/aa/Android/922dc1ee578e48f837d387e75d297978.bundle,AssetBundle,1
source,bundle,assets/aa/Android/922dc1ee578e48f837d387e75d297978.bundle,Sprite,1
source,bundle,assets/aa/Android/922dc1ee578e48f837d387e75d297978.bundle,Texture2D,1
source,bundle,assets/aa/Android/92311b623cb236cd17f2b016f4ebce85.bundle,AssetBundle,1
source,bundle,assets/aa/Android/92311b623cb236cd17f2b016f4ebce85.bundle,TextAsset,1
source,bundle,assets/aa/Android/9245091c887c131252fd04bb5cf2a6d6.bundle,AssetBundle,1
source,bundle,assets/aa/Android/9245091c887c131252fd04bb5cf2a6d6.bundle,TextAsset,1
source,bundle,assets/aa/Android/927007ccdace948254ae032189e7cfd7.bundle,AssetBundle,1
source,bundle,assets/aa/Android/927007ccdace948254ae032189e7cfd7.bundle,TextAsset,1
source,bundle,assets/aa/Android/92b820c71643ae3348d72dd1502ccd0b.bundle,AssetBundle,1
source,bundle,assets/aa/Android/92b820c71643ae3348d72dd1502ccd0b.bundle,AudioClip,3
source,bundle,assets/aa/Android/92b820c71643ae3348d72dd1502ccd0b.bundle,AudioSource,4
source,bundle,assets/aa/Android/92b820c71643ae3348d72dd1502ccd0b.bundle,Canvas,4
source,bundle,assets/aa/Android/92b820c71643ae3348d72dd1502ccd0b.bundle,CanvasRenderer,5
source,bundle,assets/aa/Android/92b820c71643ae3348d72dd1502ccd0b.bundle,Font,1
source,bundle,assets/aa/Android/92b820c71643ae3348d72dd1502ccd0b.bundle,GameObject,14
source,bundle,assets/aa/Android/92b820c71643ae3348d72dd1502ccd0b.bundle,Material,4
source,bundle,assets/aa/Android/92b820c71643ae3348d72dd1502ccd0b.bundle,Mesh,1
source,bundle,assets/aa/Android/92b820c71643ae3348d72dd1502ccd0b.bundle,MonoBehaviour,19
source,bundle,assets/aa/Android/92b820c71643ae3348d72dd1502ccd0b.bundle,MonoScript,10
source,bundle,assets/aa/Android/92b820c71643ae3348d72dd1502ccd0b.bundle,ParticleSystem,4
source,bundle,assets/aa/Android/92b820c71643ae3348d72dd1502ccd0b.bundle,ParticleSystemRenderer,4
source,bundle,assets/aa/Android/92b820c71643ae3348d72dd1502ccd0b.bundle,RectTransform,13
source,bundle,assets/aa/Android/92b820c71643ae3348d72dd1502ccd0b.bundle,Shader,3
source,bundle,assets/aa/Android/92b820c71643ae3348d72dd1502ccd0b.bundle,ShaderVariantCollection,1
source,bundle,assets/aa/Android/92b820c71643ae3348d72dd1502ccd0b.bundle,Sprite,1
source,bundle,assets/aa/Android/92b820c71643ae3348d72dd1502ccd0b.bundle,Texture2D,6
source,bundle,assets/aa/Android/92b820c71643ae3348d72dd1502ccd0b.bundle,Transform,1
source,bundle,assets/aa/Android/92b8825fb2cb7c490100fabb5a9013ba.bundle,AssetBundle,1
source,bundle,assets/aa/Android/92b8825fb2cb7c490100fabb5a9013ba.bundle,Sprite,1
source,bundle,assets/aa/Android/92b8825fb2cb7c490100fabb5a9013ba.bundle,Texture2D,1
source,bundle,assets/aa/Android/92cf722f6c0e5c5ba565163f6ec7c923.bundle,AssetBundle,1
source,bundle,assets/aa/Android/92cf722f6c0e5c5ba565163f6ec7c923.bundle,AudioClip,1
source,bundle,assets/aa/Android/92d804e22bad38b17a805f78ab9b3fa8.bundle,AssetBundle,1
source,bundle,assets/aa/Android/92d804e22bad38b17a805f78ab9b3fa8.bundle,TextAsset,1
source,bundle,assets/aa/Android/930439d3111d7effdc5a233fe013532c.bundle,AssetBundle,1
source,bundle,assets/aa/Android/930439d3111d7effdc5a233fe013532c.bundle,Sprite,1
source,bundle,assets/aa/Android/930439d3111d7effdc5a233fe013532c.bundle,Texture2D,1
source,bundle,assets/aa/Android/932e80a1a477d6f2d7d76771ca25e9ef.bundle,AssetBundle,1
source,bundle,assets/aa/Android/932e80a1a477d6f2d7d76771ca25e9ef.bundle,TextAsset,1
source,bundle,assets/aa/Android/934a2fb09cd5162322aa2075bd3ef894.bundle,AssetBundle,1
source,bundle,assets/aa/Android/934a2fb09cd5162322aa2075bd3ef894.bundle,Sprite,1
source,bundle,assets/aa/Android/934a2fb09cd5162322aa2075bd3ef894.bundle,Texture2D,1
source,bundle,assets/aa/Android/937a084087d9085826fa129d8704a1ec.bundle,AssetBundle,1
source,bundle,assets/aa/Android/937a084087d9085826fa129d8704a1ec.bundle,AudioClip,1
source,bundle,assets/aa/Android/937d0d76ac33ac7d0f8337d495ee42ba.bundle,AssetBundle,1
source,bundle,assets/aa/Android/937d0d76ac33ac7d0f8337d495ee42ba.bundle,Sprite,1
source,bundle,assets/aa/Android/937d0d76ac33ac7d0f8337d495ee42ba.bundle,Texture2D,1
source,bundle,assets/aa/Android/939529035fa0a9b802b66e79acebd7b2.bundle,AssetBundle,1
source,bundle,assets/aa/Android/939529035fa0a9b802b66e79acebd7b2.bundle,Sprite,1
source,bundle,assets/aa/Android/939529035fa0a9b802b66e79acebd7b2.bundle,Texture2D,1
source,bundle,assets/aa/Android/93a20b275234d18463bb57dfabb27001.bundle,AssetBundle,1
source,bundle,assets/aa/Android/93a20b275234d18463bb57dfabb27001.bundle,AudioClip,1
source,bundle,assets/aa/Android/942140073768370f0c05c99e0db0ea71.bundle,AssetBundle,1
source,bundle,assets/aa/Android/942140073768370f0c05c99e0db0ea71.bundle,AudioClip,1
source,bundle,assets/aa/Android/9435382fc08298ae7f2aecc9d958246f.bundle,AssetBundle,1
source,bundle,assets/aa/Android/9435382fc08298ae7f2aecc9d958246f.bundle,TextAsset,1
source,bundle,assets/aa/Android/9440259d6523347cb7be08fc8388f47f.bundle,AssetBundle,1
source,bundle,assets/aa/Android/9440259d6523347cb7be08fc8388f47f.bundle,Sprite,1
source,bundle,assets/aa/Android/9440259d6523347cb7be08fc8388f47f.bundle,Texture2D,1
source,bundle,assets/aa/Android/944b6336dd2b9eadfdf40399e9c81002.bundle,AssetBundle,1
source,bundle,assets/aa/Android/944b6336dd2b9eadfdf40399e9c81002.bundle,AudioClip,1
source,bundle,assets/aa/Android/9463da05fa3d039dec2ecd21609825e0.bundle,AssetBundle,1
source,bundle,assets/aa/Android/9463da05fa3d039dec2ecd21609825e0.bundle,TextAsset,1
source,bundle,assets/aa/Android/9465d55d404d022a8e8759d86a7a4b5a.bundle,AssetBundle,1
source,bundle,assets/aa/Android/9465d55d404d022a8e8759d86a7a4b5a.bundle,Sprite,1
source,bundle,assets/aa/Android/9465d55d404d022a8e8759d86a7a4b5a.bundle,Texture2D,1
source,bundle,assets/aa/Android/948746513d93b8f5ac3cd6a8f6331ac7.bundle,AssetBundle,1
source,bundle,assets/aa/Android/948746513d93b8f5ac3cd6a8f6331ac7.bundle,TextAsset,1
source,bundle,assets/aa/Android/94bbc33f378d66915031931d28f26355.bundle,AssetBundle,1
source,bundle,assets/aa/Android/94bbc33f378d66915031931d28f26355.bundle,AudioClip,1
source,bundle,assets/aa/Android/94c6e98d5f37f3afcab9291648f0e54e.bundle,AssetBundle,1
source,bundle,assets/aa/Android/94c6e98d5f37f3afcab9291648f0e54e.bundle,Sprite,1
source,bundle,assets/aa/Android/94c6e98d5f37f3afcab9291648f0e54e.bundle,Texture2D,1
source,bundle,assets/aa/Android/9502a3d8b31491532866ccadfa463ebd.bundle,AssetBundle,1
source,bundle,assets/aa/Android/9502a3d8b31491532866ccadfa463ebd.bundle,Sprite,1
source,bundle,assets/aa/Android/9502a3d8b31491532866ccadfa463ebd.bundle,Texture2D,1
source,bundle,assets/aa/Android/9510c092ad7063012456b3651b5ee0cf.bundle,AssetBundle,1
source,bundle,assets/aa/Android/9510c092ad7063012456b3651b5ee0cf.bundle,TextAsset,1
source,bundle,assets/aa/Android/951df9718b5132ef5da6ec17c63c294f.bundle,AssetBundle,1
source,bundle,assets/aa/Android/951df9718b5132ef5da6ec17c63c294f.bundle,Sprite,1
source,bundle,assets/aa/Android/951df9718b5132ef5da6ec17c63c294f.bundle,Texture2D,1
source,bundle,assets/aa/Android/953085493615afcfee1b4fe4856a54f2.bundle,AssetBundle,1
source,bundle,assets/aa/Android/953085493615afcfee1b4fe4856a54f2.bundle,Sprite,1
source,bundle,assets/aa/Android/953085493615afcfee1b4fe4856a54f2.bundle,Texture2D,1
source,bundle,assets/aa/Android/95381a349aa1eb525d9db76e272d8a71.bundle,AssetBundle,1
source,bundle,assets/aa/Android/95381a349aa1eb525d9db76e272d8a71.bundle,AudioClip,1
source,bundle,assets/aa/Android/954411ef8127202a9310c247d98ee55b.bundle,AssetBundle,1
source,bundle,assets/aa/Android/954411ef8127202a9310c247d98ee55b.bundle,TextAsset,1
source,bundle,assets/aa/Android/9558794c0c9e5da5d2ab578ddc63c11c.bundle,AssetBundle,1
source,bundle,assets/aa/Android/9558794c0c9e5da5d2ab578ddc63c11c.bundle,Sprite,1
source,bundle,assets/aa/Android/9558794c0c9e5da5d2ab578ddc63c11c.bundle,Texture2D,1
source,bundle,assets/aa/Android/956a47534221592fdde986e23deac998.bundle,AssetBundle,1
source,bundle,assets/aa/Android/956a47534221592fdde986e23deac998.bundle,AudioClip,1
source,bundle,assets/aa/Android/956a70254501f3d86b1204472aebf1b0.bundle,AssetBundle,1
source,bundle,assets/aa/Android/956a70254501f3d86b1204472aebf1b0.bundle,TextAsset,1
source,bundle,assets/aa/Android/957840148ecc74e6bf4a6e886bee8fa6.bundle,AssetBundle,1
source,bundle,assets/aa/Android/957840148ecc74e6bf4a6e886bee8fa6.bundle,Sprite,1
source,bundle,assets/aa/Android/957840148ecc74e6bf4a6e886bee8fa6.bundle,Texture2D,1
source,bundle,assets/aa/Android/95828b238d02d0512cffa4ef513ecfda.bundle,AssetBundle,1
source,bundle,assets/aa/Android/95828b238d02d0512cffa4ef513ecfda.bundle,TextAsset,1
source,bundle,assets/aa/Android/95ae329ebec95128b3c78eb31ef3fe91.bundle,AssetBundle,1
source,bundle,assets/aa/Android/95ae329ebec95128b3c78eb31ef3fe91.bundle,TextAsset,1
source,bundle,assets/aa/Android/95c1a3f1d3d570d0e0b6dff1670ffd69.bundle,AssetBundle,1
source,bundle,assets/aa/Android/95c1a3f1d3d570d0e0b6dff1670ffd69.bundle,Sprite,1
source,bundle,assets/aa/Android/95c1a3f1d3d570d0e0b6dff1670ffd69.bundle,Texture2D,1
source,bundle,assets/aa/Android/95d282ebb397e0b1570a6bd9f1ddfd6b.bundle,AssetBundle,1
source,bundle,assets/aa/Android/95d282ebb397e0b1570a6bd9f1ddfd6b.bundle,Sprite,1
source,bundle,assets/aa/Android/95d282ebb397e0b1570a6bd9f1ddfd6b.bundle,Texture2D,1
source,bundle,assets/aa/Android/962613f32f46780bedae19fd9f7c61f9.bundle,AssetBundle,1
source,bundle,assets/aa/Android/962613f32f46780bedae19fd9f7c61f9.bundle,TextAsset,1
source,bundle,assets/aa/Android/9690a527459c2f5fa5ab6582792ffbad.bundle,AssetBundle,1
source,bundle,assets/aa/Android/9690a527459c2f5fa5ab6582792ffbad.bundle,Sprite,1
source,bundle,assets/aa/Android/9690a527459c2f5fa5ab6582792ffbad.bundle,Texture2D,1
source,bundle,assets/aa/Android/96a19458ed47ff4b18d1ebb23d4070f4.bundle,AssetBundle,1
source,bundle,assets/aa/Android/96a19458ed47ff4b18d1ebb23d4070f4.bundle,Sprite,1
source,bundle,assets/aa/Android/96a19458ed47ff4b18d1ebb23d4070f4.bundle,Texture2D,1
source,bundle,assets/aa/Android/96a8fb07f12fb1ce2e4ca4c033069876.bundle,AssetBundle,1
source,bundle,assets/aa/Android/96a8fb07f12fb1ce2e4ca4c033069876.bundle,TextAsset,1
source,bundle,assets/aa/Android/96b69a9ba9178b6aba8c1a69368703cb.bundle,AssetBundle,1
source,bundle,assets/aa/Android/96b69a9ba9178b6aba8c1a69368703cb.bundle,Sprite,1
source,bundle,assets/aa/Android/96b69a9ba9178b6aba8c1a69368703cb.bundle,Texture2D,1
source,bundle,assets/aa/Android/96c541fb40d8d076082c39018914c515.bundle,AssetBundle,1
source,bundle,assets/aa/Android/96c541fb40d8d076082c39018914c515.bundle,TextAsset,1
source,bundle,assets/aa/Android/96c78cd95e853faa904891d597a848de.bundle,AssetBundle,1
source,bundle,assets/aa/Android/96c78cd95e853faa904891d597a848de.bundle,AudioClip,1
source,bundle,assets/aa/Android/970fdf061375abe9fadc129d7e686797.bundle,AssetBundle,1
source,bundle,assets/aa/Android/970fdf061375abe9fadc129d7e686797.bundle,TextAsset,1
source,bundle,assets/aa/Android/97249ee5e8cfad8aca45a4339a9900d1.bundle,AssetBundle,1
source,bundle,assets/aa/Android/97249ee5e8cfad8aca45a4339a9900d1.bundle,Sprite,1
source,bundle,assets/aa/Android/97249ee5e8cfad8aca45a4339a9900d1.bundle,Texture2D,1
source,bundle,assets/aa/Android/972f2083866c30a726fb4cbf81a0d6ff.bundle,AssetBundle,1
source,bundle,assets/aa/Android/972f2083866c30a726fb4cbf81a0d6ff.bundle,TextAsset,1
source,bundle,assets/aa/Android/973e24a84e5a5e3e6c5e965ba3c1bc10.bundle,AssetBundle,1
source,bundle,assets/aa/Android/973e24a84e5a5e3e6c5e965ba3c1bc10.bundle,Sprite,1
source,bundle,assets/aa/Android/973e24a84e5a5e3e6c5e965ba3c1bc10.bundle,Texture2D,1
source,bundle,assets/aa/Android/9763f4ed863413b2bbff29c980516f49.bundle,AssetBundle,1
source,bundle,assets/aa/Android/9763f4ed863413b2bbff29c980516f49.bundle,AudioClip,1
source,bundle,assets/aa/Android/9763f4ed863413b2bbff29c980516f49.bundle,AudioSource,1
source,bundle,assets/aa/Android/9763f4ed863413b2bbff29c980516f49.bundle,Canvas,1
source,bundle,assets/aa/Android/9763f4ed863413b2bbff29c980516f49.bundle,CanvasRenderer,2
source,bundle,assets/aa/Android/9763f4ed863413b2bbff29c980516f49.bundle,GameObject,4
source,bundle,assets/aa/Android/9763f4ed863413b2bbff29c980516f49.bundle,MonoBehaviour,6
source,bundle,assets/aa/Android/9763f4ed863413b2bbff29c980516f49.bundle,MonoScript,5
source,bundle,assets/aa/Android/9763f4ed863413b2bbff29c980516f49.bundle,RectTransform,3
source,bundle,assets/aa/Android/9763f4ed863413b2bbff29c980516f49.bundle,Transform,1
source,bundle,assets/aa/Android/9793c6190a9278e4416ef04015494aaa.bundle,AssetBundle,1
source,bundle,assets/aa/Android/9793c6190a9278e4416ef04015494aaa.bundle,TextAsset,1
source,bundle,assets/aa/Android/979e879593c5479d9c0b8dd5d18888ae.bundle,AssetBundle,1
source,bundle,assets/aa/Android/979e879593c5479d9c0b8dd5d18888ae.bundle,Sprite,1
source,bundle,assets/aa/Android/979e879593c5479d9c0b8dd5d18888ae.bundle,Texture2D,1
source,bundle,assets/aa/Android/97ef118793d4459bdd188c16ad0fa671.bundle,AssetBundle,1
source,bundle,assets/aa/Android/97ef118793d4459bdd188c16ad0fa671.bundle,AudioClip,1
source,bundle,assets/aa/Android/97f0899d3234c92a5480cc54d0bcbc6b.bundle,AssetBundle,1
source,bundle,assets/aa/Android/97f0899d3234c92a5480cc54d0bcbc6b.bundle,TextAsset,1
source,bundle,assets/aa/Android/98033f4fcd171bd5245ae3900be93841.bundle,AssetBundle,1
source,bundle,assets/aa/Android/98033f4fcd171bd5245ae3900be93841.bundle,Sprite,1
source,bundle,assets/aa/Android/98033f4fcd171bd5245ae3900be93841.bundle,Texture2D,1
source,bundle,assets/aa/Android/98291233d642eac2da66e5683b4ec8a0.bundle,AssetBundle,1
source,bundle,assets/aa/Android/98291233d642eac2da66e5683b4ec8a0.bundle,TextAsset,1
source,bundle,assets/aa/Android/9846ea3a2a0dd9d20680d4563795d46a.bundle,AssetBundle,1
source,bundle,assets/aa/Android/9846ea3a2a0dd9d20680d4563795d46a.bundle,TextAsset,1
source,bundle,assets/aa/Android/98895f3e52b941b19cc3ee871bbede61.bundle,AssetBundle,1
source,bundle,assets/aa/Android/98895f3e52b941b19cc3ee871bbede61.bundle,Sprite,1
source,bundle,assets/aa/Android/98895f3e52b941b19cc3ee871bbede61.bundle,Texture2D,1
source,bundle,assets/aa/Android/9899474a9e0da9785cba7ff963f6e8ce.bundle,AssetBundle,1
source,bundle,assets/aa/Android/9899474a9e0da9785cba7ff963f6e8ce.bundle,Sprite,1
source,bundle,assets/aa/Android/9899474a9e0da9785cba7ff963f6e8ce.bundle,Texture2D,1
source,bundle,assets/aa/Android/98c5600226c01ad89da339fb8029cb00.bundle,AssetBundle,1
source,bundle,assets/aa/Android/98c5600226c01ad89da339fb8029cb00.bundle,Sprite,1
source,bundle,assets/aa/Android/98c5600226c01ad89da339fb8029cb00.bundle,Texture2D,1
source,bundle,assets/aa/Android/98c5cfb8f531b9d9342af4d46cc82659.bundle,AssetBundle,1
source,bundle,assets/aa/Android/98c5cfb8f531b9d9342af4d46cc82659.bundle,Sprite,1
source,bundle,assets/aa/Android/98c5cfb8f531b9d9342af4d46cc82659.bundle,Texture2D,1
source,bundle,assets/aa/Android/98ccf8d9caa5ecff475ceeddb1c37e85.bundle,AssetBundle,1
source,bundle,assets/aa/Android/98ccf8d9caa5ecff475ceeddb1c37e85.bundle,Sprite,1
source,bundle,assets/aa/Android/98ccf8d9caa5ecff475ceeddb1c37e85.bundle,Texture2D,1
source,bundle,assets/aa/Android/98d9bafa82d0c10fd8aa4df076d18cd1.bundle,AssetBundle,1
source,bundle,assets/aa/Android/98d9bafa82d0c10fd8aa4df076d18cd1.bundle,TextAsset,1
source,bundle,assets/aa/Android/98e66f128c610f58f5403805468149a8.bundle,AssetBundle,1
source,bundle,assets/aa/Android/98e66f128c610f58f5403805468149a8.bundle,TextAsset,1
source,bundle,assets/aa/Android/99168f9653085db15418e054c3798a48.bundle,AssetBundle,1
source,bundle,assets/aa/Android/99168f9653085db15418e054c3798a48.bundle,TextAsset,1
source,bundle,assets/aa/Android/9955627b896a142b8ab955ff9593f4bf.bundle,AssetBundle,1
source,bundle,assets/aa/Android/9955627b896a142b8ab955ff9593f4bf.bundle,TextAsset,1
source,bundle,assets/aa/Android/997fdfa7837d7b509623ce0848c05088.bundle,AssetBundle,1
source,bundle,assets/aa/Android/997fdfa7837d7b509623ce0848c05088.bundle,TextAsset,1
source,bundle,assets/aa/Android/998fee31297af1882d98a76f4bcaca25.bundle,AssetBundle,1
source,bundle,assets/aa/Android/998fee31297af1882d98a76f4bcaca25.bundle,AudioClip,1
source,bundle,assets/aa/Android/99953f20495ab9a780eecc2c37a09ca3.bundle,AssetBundle,1
source,bundle,assets/aa/Android/99953f20495ab9a780eecc2c37a09ca3.bundle,Sprite,1
source,bundle,assets/aa/Android/99953f20495ab9a780eecc2c37a09ca3.bundle,Texture2D,1
source,bundle,assets/aa/Android/99a64acc25bef795457c29f01afdb318.bundle,AssetBundle,1
source,bundle,assets/aa/Android/99a64acc25bef795457c29f01afdb318.bundle,AudioClip,1
source,bundle,assets/aa/Android/99bf1fc4061d3a331b98a6cae30f56ff.bundle,AssetBundle,1
source,bundle,assets/aa/Android/99bf1fc4061d3a331b98a6cae30f56ff.bundle,Sprite,1
source,bundle,assets/aa/Android/99bf1fc4061d3a331b98a6cae30f56ff.bundle,Texture2D,1
source,bundle,assets/aa/Android/99c8b9916bf01651cce76c22a2e6f25b.bundle,AssetBundle,1
source,bundle,assets/aa/Android/99c8b9916bf01651cce76c22a2e6f25b.bundle,Sprite,1
source,bundle,assets/aa/Android/99c8b9916bf01651cce76c22a2e6f25b.bundle,Texture2D,1
source,bundle,assets/aa/Android/99cc6dc098f0da8365941bae0f3cf63a.bundle,AssetBundle,1
source,bundle,assets/aa/Android/99cc6dc098f0da8365941bae0f3cf63a.bundle,TextAsset,1
source,bundle,assets/aa/Android/9a12227d2d7f01eb4a39b7d84c91e878.bundle,AssetBundle,1
source,bundle,assets/aa/Android/9a12227d2d7f01eb4a39b7d84c91e878.bundle,TextAsset,1
source,bundle,assets/aa/Android/9a69e5bb364390ee30f57bb533283366.bundle,AssetBundle,1
source,bundle,assets/aa/Android/9a69e5bb364390ee30f57bb533283366.bundle,TextAsset,1
source,bundle,assets/aa/Android/9a754de5dcb370266a839615f09882c8.bundle,AssetBundle,1
source,bundle,assets/aa/Android/9a754de5dcb370266a839615f09882c8.bundle,Sprite,1
source,bundle,assets/aa/Android/9a754de5dcb370266a839615f09882c8.bundle,Texture2D,1
source,bundle,assets/aa/Android/9a8dc9b2a4aa5d1c4fb94ee362d13fae.bundle,AssetBundle,1
source,bundle,assets/aa/Android/9a8dc9b2a4aa5d1c4fb94ee362d13fae.bundle,AudioClip,1
source,bundle,assets/aa/Android/9a8f61c3100c0fe2413b8eeb151331b4.bundle,AssetBundle,1
source,bundle,assets/aa/Android/9a8f61c3100c0fe2413b8eeb151331b4.bundle,Sprite,1
source,bundle,assets/aa/Android/9a8f61c3100c0fe2413b8eeb151331b4.bundle,Texture2D,1
source,bundle,assets/aa/Android/9aaf01940ca277a7bf550d9945a4f5cd.bundle,AssetBundle,1
source,bundle,assets/aa/Android/9aaf01940ca277a7bf550d9945a4f5cd.bundle,TextAsset,1
source,bundle,assets/aa/Android/9ab9daae3acdb910e5b476d7c453e8d4.bundle,AssetBundle,1
source,bundle,assets/aa/Android/9ab9daae3acdb910e5b476d7c453e8d4.bundle,TextAsset,1
source,bundle,assets/aa/Android/9aefbd650d7860bcd12c198d46243e39.bundle,AssetBundle,1
source,bundle,assets/aa/Android/9aefbd650d7860bcd12c198d46243e39.bundle,Sprite,1
source,bundle,assets/aa/Android/9aefbd650d7860bcd12c198d46243e39.bundle,Texture2D,1
source,bundle,assets/aa/Android/9b80a8ff00f54d4541eb29e30438d6b0.bundle,AssetBundle,1
source,bundle,assets/aa/Android/9b80a8ff00f54d4541eb29e30438d6b0.bundle,Sprite,1
source,bundle,assets/aa/Android/9b80a8ff00f54d4541eb29e30438d6b0.bundle,Texture2D,1
source,bundle,assets/aa/Android/9bc7554f70b7ec87e51b2de7b3004074.bundle,AssetBundle,1
source,bundle,assets/aa/Android/9bc7554f70b7ec87e51b2de7b3004074.bundle,Sprite,1
source,bundle,assets/aa/Android/9bc7554f70b7ec87e51b2de7b3004074.bundle,Texture2D,1
source,bundle,assets/aa/Android/9bddab77f01260e7c8f9ec6ead58d56a.bundle,AssetBundle,1
source,bundle,assets/aa/Android/9bddab77f01260e7c8f9ec6ead58d56a.bundle,AudioClip,1
source,bundle,assets/aa/Android/9be4e185264016f4017a90b5c7cc64c1.bundle,AssetBundle,1
source,bundle,assets/aa/Android/9be4e185264016f4017a90b5c7cc64c1.bundle,Sprite,1
source,bundle,assets/aa/Android/9be4e185264016f4017a90b5c7cc64c1.bundle,Texture2D,1
source,bundle,assets/aa/Android/9be89a0ca9225be8ad5d0a3df6827ac0.bundle,AssetBundle,1
source,bundle,assets/aa/Android/9be89a0ca9225be8ad5d0a3df6827ac0.bundle,Sprite,1
source,bundle,assets/aa/Android/9be89a0ca9225be8ad5d0a3df6827ac0.bundle,Texture2D,1
source,bundle,assets/aa/Android/9bee48f1c64f5ebccca2f27eda4cd4ec.bundle,AssetBundle,1
source,bundle,assets/aa/Android/9bee48f1c64f5ebccca2f27eda4cd4ec.bundle,TextAsset,1
source,bundle,assets/aa/Android/9bf7a8befe18f7b60cd15d78da0e96ad.bundle,AssetBundle,1
source,bundle,assets/aa/Android/9bf7a8befe18f7b60cd15d78da0e96ad.bundle,TextAsset,1
source,bundle,assets/aa/Android/9c2afca200ae6bd04a52ec1c0162561e.bundle,AssetBundle,1
source,bundle,assets/aa/Android/9c2afca200ae6bd04a52ec1c0162561e.bundle,Sprite,1
source,bundle,assets/aa/Android/9c2afca200ae6bd04a52ec1c0162561e.bundle,Texture2D,1
source,bundle,assets/aa/Android/9c3b005a00654a92fa2f06853fa15ee8.bundle,AssetBundle,1
source,bundle,assets/aa/Android/9c3b005a00654a92fa2f06853fa15ee8.bundle,TextAsset,1
source,bundle,assets/aa/Android/9c93f04ad03a23f34c6639b18f53cd8d.bundle,AssetBundle,1
source,bundle,assets/aa/Android/9c93f04ad03a23f34c6639b18f53cd8d.bundle,Sprite,1
source,bundle,assets/aa/Android/9c93f04ad03a23f34c6639b18f53cd8d.bundle,Texture2D,1
source,bundle,assets/aa/Android/9c9f949ff4b1f3f662b99360af5c11e3.bundle,AssetBundle,1
source,bundle,assets/aa/Android/9c9f949ff4b1f3f662b99360af5c11e3.bundle,TextAsset,1
source,bundle,assets/aa/Android/9cfcbec919636d1a5ceb3ab6090295c8.bundle,AssetBundle,1
source,bundle,assets/aa/Android/9cfcbec919636d1a5ceb3ab6090295c8.bundle,TextAsset,1
source,bundle,assets/aa/Android/9d1197fda0ea608bb00a9ad9aab428d9.bundle,AssetBundle,1
source,bundle,assets/aa/Android/9d1197fda0ea608bb00a9ad9aab428d9.bundle,TextAsset,1
source,bundle,assets/aa/Android/9d5e27a8e6687bb2b69140c81151085b.bundle,AssetBundle,1
source,bundle,assets/aa/Android/9d5e27a8e6687bb2b69140c81151085b.bundle,Sprite,1
source,bundle,assets/aa/Android/9d5e27a8e6687bb2b69140c81151085b.bundle,Texture2D,1
source,bundle,assets/aa/Android/9d66f55d002f6c6c0c32ec8bdf450b91.bundle,AssetBundle,1
source,bundle,assets/aa/Android/9d66f55d002f6c6c0c32ec8bdf450b91.bundle,Sprite,1
source,bundle,assets/aa/Android/9d66f55d002f6c6c0c32ec8bdf450b91.bundle,Texture2D,1
source,bundle,assets/aa/Android/9d818a7f13f567bd6a4481a234e4dbba.bundle,AssetBundle,1
source,bundle,assets/aa/Android/9d818a7f13f567bd6a4481a234e4dbba.bundle,Sprite,1
source,bundle,assets/aa/Android/9d818a7f13f567bd6a4481a234e4dbba.bundle,Texture2D,1
source,bundle,assets/aa/Android/9d99c32386bc8408ab6cbca8273240dd.bundle,AssetBundle,1
source,bundle,assets/aa/Android/9d99c32386bc8408ab6cbca8273240dd.bundle,TextAsset,1
source,bundle,assets/aa/Android/9dcdceeccecc98b5d824a1e8a7fbc1db.bundle,AssetBundle,1
source,bundle,assets/aa/Android/9dcdceeccecc98b5d824a1e8a7fbc1db.bundle,TextAsset,1
source,bundle,assets/aa/Android/9dd96cf8a16910b0bce522fd24b085ed.bundle,AssetBundle,1
source,bundle,assets/aa/Android/9dd96cf8a16910b0bce522fd24b085ed.bundle,AudioClip,1
source,bundle,assets/aa/Android/9e34ccee13bef65232fc43403d8bbcdf.bundle,AssetBundle,1
source,bundle,assets/aa/Android/9e34ccee13bef65232fc43403d8bbcdf.bundle,TextAsset,1
source,bundle,assets/aa/Android/9e53f8502b709d81604d97b566d93198.bundle,AssetBundle,1
source,bundle,assets/aa/Android/9e53f8502b709d81604d97b566d93198.bundle,AudioClip,1
source,bundle,assets/aa/Android/9e8a3b6b6ffabf93a3adbe614d4a19a7.bundle,AssetBundle,1
source,bundle,assets/aa/Android/9e8a3b6b6ffabf93a3adbe614d4a19a7.bundle,Sprite,1
source,bundle,assets/aa/Android/9e8a3b6b6ffabf93a3adbe614d4a19a7.bundle,Texture2D,1
source,bundle,assets/aa/Android/9e8d4066fe96632571ee93d181d75410.bundle,AssetBundle,1
source,bundle,assets/aa/Android/9e8d4066fe96632571ee93d181d75410.bundle,Sprite,1
source,bundle,assets/aa/Android/9e8d4066fe96632571ee93d181d75410.bundle,Texture2D,1
source,bundle,assets/aa/Android/9e940b08250d72e3d3cae24b481457a9.bundle,AssetBundle,1
source,bundle,assets/aa/Android/9e940b08250d72e3d3cae24b481457a9.bundle,Sprite,1
source,bundle,assets/aa/Android/9e940b08250d72e3d3cae24b481457a9.bundle,Texture2D,1
source,bundle,assets/aa/Android/9eb6cf64018a01cb695675c779896d33.bundle,AssetBundle,1
source,bundle,assets/aa/Android/9eb6cf64018a01cb695675c779896d33.bundle,TextAsset,1
source,bundle,assets/aa/Android/9ed4a465e3c57cb6b7b86472c67f4faf.bundle,AssetBundle,1
source,bundle,assets/aa/Android/9ed4a465e3c57cb6b7b86472c67f4faf.bundle,Sprite,1
source,bundle,assets/aa/Android/9ed4a465e3c57cb6b7b86472c67f4faf.bundle,Texture2D,1
source,bundle,assets/aa/Android/9ed60bd90ef103346c4f071e50138e87.bundle,AssetBundle,1
source,bundle,assets/aa/Android/9ed60bd90ef103346c4f071e50138e87.bundle,TextAsset,1
source,bundle,assets/aa/Android/9edf7940135b7d4955ca4dec50725527.bundle,AssetBundle,1
source,bundle,assets/aa/Android/9edf7940135b7d4955ca4dec50725527.bundle,Sprite,1
source,bundle,assets/aa/Android/9edf7940135b7d4955ca4dec50725527.bundle,Texture2D,1
source,bundle,assets/aa/Android/9ee553f349eee312d843f08c397f104a.bundle,AssetBundle,1
source,bundle,assets/aa/Android/9ee553f349eee312d843f08c397f104a.bundle,Sprite,1
source,bundle,assets/aa/Android/9ee553f349eee312d843f08c397f104a.bundle,Texture2D,1
source,bundle,assets/aa/Android/9f0540a846ba32ffc2329ebea071c4d9.bundle,AssetBundle,1
source,bundle,assets/aa/Android/9f0540a846ba32ffc2329ebea071c4d9.bundle,Sprite,1
source,bundle,assets/aa/Android/9f0540a846ba32ffc2329ebea071c4d9.bundle,Texture2D,1
source,bundle,assets/aa/Android/9f070bb09ee9c3d97a46855e47c4f89b.bundle,AssetBundle,1
source,bundle,assets/aa/Android/9f070bb09ee9c3d97a46855e47c4f89b.bundle,TextAsset,1
source,bundle,assets/aa/Android/9f486253469cb79299a84867d7a9d4af.bundle,AssetBundle,1
source,bundle,assets/aa/Android/9f486253469cb79299a84867d7a9d4af.bundle,Sprite,1
source,bundle,assets/aa/Android/9f486253469cb79299a84867d7a9d4af.bundle,Texture2D,1
source,bundle,assets/aa/Android/9f4ec67433ce3d11239508a7cb056de6.bundle,AssetBundle,1
source,bundle,assets/aa/Android/9f4ec67433ce3d11239508a7cb056de6.bundle,AudioClip,1
source,bundle,assets/aa/Android/9f70d18a79c1e0a02a40cd8e7539dcc4.bundle,AssetBundle,1
source,bundle,assets/aa/Android/9f70d18a79c1e0a02a40cd8e7539dcc4.bundle,Sprite,1
source,bundle,assets/aa/Android/9f70d18a79c1e0a02a40cd8e7539dcc4.bundle,Texture2D,1
source,bundle,assets/aa/Android/9f91af849076ade09036cbe21d21f3bb.bundle,AssetBundle,1
source,bundle,assets/aa/Android/9f91af849076ade09036cbe21d21f3bb.bundle,TextAsset,1
source,bundle,assets/aa/Android/9f962c710c8a3a2c48dfec1e920dd0e3.bundle,AssetBundle,1
source,bundle,assets/aa/Android/9f962c710c8a3a2c48dfec1e920dd0e3.bundle,Sprite,1
source,bundle,assets/aa/Android/9f962c710c8a3a2c48dfec1e920dd0e3.bundle,Texture2D,1
source,bundle,assets/aa/Android/9faae30919040cfdca2479c0f228981a.bundle,AssetBundle,1
source,bundle,assets/aa/Android/9faae30919040cfdca2479c0f228981a.bundle,Sprite,1
source,bundle,assets/aa/Android/9faae30919040cfdca2479c0f228981a.bundle,Texture2D,1
source,bundle,assets/aa/Android/9fc77fc4322c91da32369eb933236f4b.bundle,AssetBundle,1
source,bundle,assets/aa/Android/9fc77fc4322c91da32369eb933236f4b.bundle,TextAsset,1
source,bundle,assets/aa/Android/9fd051aa045e546ef3eab95c077e74e0.bundle,AssetBundle,1
source,bundle,assets/aa/Android/9fd051aa045e546ef3eab95c077e74e0.bundle,Sprite,1
source,bundle,assets/aa/Android/9fd051aa045e546ef3eab95c077e74e0.bundle,Texture2D,1
source,bundle,assets/aa/Android/9fddc3e4bd6b4694f7d388b8f0e2e832.bundle,AssetBundle,1
source,bundle,assets/aa/Android/9fddc3e4bd6b4694f7d388b8f0e2e832.bundle,Sprite,1
source,bundle,assets/aa/Android/9fddc3e4bd6b4694f7d388b8f0e2e832.bundle,Texture2D,1
source,bundle,assets/aa/Android/9fec401c81e15b952d14e20a38d09193.bundle,AssetBundle,1
source,bundle,assets/aa/Android/9fec401c81e15b952d14e20a38d09193.bundle,Sprite,1
source,bundle,assets/aa/Android/9fec401c81e15b952d14e20a38d09193.bundle,Texture2D,1
source,bundle,assets/aa/Android/a0085a57ac1071f1750ed5cdd0bea7c9.bundle,AssetBundle,1
source,bundle,assets/aa/Android/a0085a57ac1071f1750ed5cdd0bea7c9.bundle,Sprite,1
source,bundle,assets/aa/Android/a0085a57ac1071f1750ed5cdd0bea7c9.bundle,Texture2D,1
source,bundle,assets/aa/Android/a05d3911c6ef7665d3c98fe775d2ff67.bundle,AssetBundle,1
source,bundle,assets/aa/Android/a05d3911c6ef7665d3c98fe775d2ff67.bundle,TextAsset,1
source,bundle,assets/aa/Android/a063a1ed43d53682af0d3c0adfc7b22a.bundle,AssetBundle,1
source,bundle,assets/aa/Android/a063a1ed43d53682af0d3c0adfc7b22a.bundle,Sprite,1
source,bundle,assets/aa/Android/a063a1ed43d53682af0d3c0adfc7b22a.bundle,Texture2D,1
source,bundle,assets/aa/Android/a0794cfa95e821a7c3c36f23851d4c29.bundle,AssetBundle,1
source,bundle,assets/aa/Android/a0794cfa95e821a7c3c36f23851d4c29.bundle,Sprite,1
source,bundle,assets/aa/Android/a0794cfa95e821a7c3c36f23851d4c29.bundle,Texture2D,1
source,bundle,assets/aa/Android/a082b158d2fb45e5470b01c03f88684d.bundle,AssetBundle,1
source,bundle,assets/aa/Android/a082b158d2fb45e5470b01c03f88684d.bundle,TextAsset,1
source,bundle,assets/aa/Android/a0943b7a57974d1cf711658bae62ca61.bundle,AssetBundle,1
source,bundle,assets/aa/Android/a0943b7a57974d1cf711658bae62ca61.bundle,Sprite,1
source,bundle,assets/aa/Android/a0943b7a57974d1cf711658bae62ca61.bundle,Texture2D,1
source,bundle,assets/aa/Android/a099e17c8bc01b8f0d3829957b6ebc0b.bundle,AssetBundle,1
source,bundle,assets/aa/Android/a099e17c8bc01b8f0d3829957b6ebc0b.bundle,Sprite,1
source,bundle,assets/aa/Android/a099e17c8bc01b8f0d3829957b6ebc0b.bundle,Texture2D,1
source,bundle,assets/aa/Android/a0a2c4235e71d8e07cd4b2e38032946b.bundle,AssetBundle,1
source,bundle,assets/aa/Android/a0a2c4235e71d8e07cd4b2e38032946b.bundle,Sprite,1
source,bundle,assets/aa/Android/a0a2c4235e71d8e07cd4b2e38032946b.bundle,Texture2D,1
source,bundle,assets/aa/Android/a0a7ed81f69b34b331be0687f9f983db.bundle,AssetBundle,1
source,bundle,assets/aa/Android/a0a7ed81f69b34b331be0687f9f983db.bundle,TextAsset,1
source,bundle,assets/aa/Android/a0bef43a5df0e84a8e848306790e1ebb.bundle,AssetBundle,1
source,bundle,assets/aa/Android/a0bef43a5df0e84a8e848306790e1ebb.bundle,TextAsset,1
source,bundle,assets/aa/Android/a0cfddbb39aa7073160cca59f8c648ce.bundle,AssetBundle,1
source,bundle,assets/aa/Android/a0cfddbb39aa7073160cca59f8c648ce.bundle,TextAsset,1
source,bundle,assets/aa/Android/a0d9c3db200da99109a50be35ad71d93.bundle,AssetBundle,1
source,bundle,assets/aa/Android/a0d9c3db200da99109a50be35ad71d93.bundle,Sprite,1
source,bundle,assets/aa/Android/a0d9c3db200da99109a50be35ad71d93.bundle,Texture2D,1
source,bundle,assets/aa/Android/a0e1e5ca2490d72dd9527503ddac4f51.bundle,AssetBundle,1
source,bundle,assets/aa/Android/a0e1e5ca2490d72dd9527503ddac4f51.bundle,Sprite,1
source,bundle,assets/aa/Android/a0e1e5ca2490d72dd9527503ddac4f51.bundle,Texture2D,1
source,bundle,assets/aa/Android/a0e4eb2b5e3f25ac3e83caf5c5cae202.bundle,AssetBundle,1
source,bundle,assets/aa/Android/a0e4eb2b5e3f25ac3e83caf5c5cae202.bundle,TextAsset,1
source,bundle,assets/aa/Android/a0e9611a33fa74f255d6e12cc371e461.bundle,AssetBundle,1
source,bundle,assets/aa/Android/a0e9611a33fa74f255d6e12cc371e461.bundle,TextAsset,1
source,bundle,assets/aa/Android/a118fa6139c1feb1c65269abb4a0f2da.bundle,AssetBundle,1
source,bundle,assets/aa/Android/a118fa6139c1feb1c65269abb4a0f2da.bundle,Sprite,1
source,bundle,assets/aa/Android/a118fa6139c1feb1c65269abb4a0f2da.bundle,Texture2D,1
source,bundle,assets/aa/Android/a124feed03d1fe25995bd35e461108ec.bundle,AssetBundle,1
source,bundle,assets/aa/Android/a124feed03d1fe25995bd35e461108ec.bundle,Sprite,1
source,bundle,assets/aa/Android/a124feed03d1fe25995bd35e461108ec.bundle,Texture2D,1
source,bundle,assets/aa/Android/a13e20b91ca42b21ab0b82d5e4b095f2.bundle,AssetBundle,1
source,bundle,assets/aa/Android/a13e20b91ca42b21ab0b82d5e4b095f2.bundle,TextAsset,1
source,bundle,assets/aa/Android/a147597b09309d361cda3a00965a7318.bundle,AssetBundle,1
source,bundle,assets/aa/Android/a147597b09309d361cda3a00965a7318.bundle,AudioClip,1
source,bundle,assets/aa/Android/a18855b1c729682e8fce485640f5e8c5.bundle,AssetBundle,1
source,bundle,assets/aa/Android/a18855b1c729682e8fce485640f5e8c5.bundle,Sprite,1
source,bundle,assets/aa/Android/a18855b1c729682e8fce485640f5e8c5.bundle,Texture2D,1
source,bundle,assets/aa/Android/a18d091a946938dca42bf5c1b8b6cc8f.bundle,AssetBundle,1
source,bundle,assets/aa/Android/a18d091a946938dca42bf5c1b8b6cc8f.bundle,TextAsset,1
source,bundle,assets/aa/Android/a19249be876f12363c07f6ffbd3dd60e.bundle,AssetBundle,1
source,bundle,assets/aa/Android/a19249be876f12363c07f6ffbd3dd60e.bundle,Sprite,1
source,bundle,assets/aa/Android/a19249be876f12363c07f6ffbd3dd60e.bundle,Texture2D,1
source,bundle,assets/aa/Android/a1eac50ed22717b31bf3c366d677264f.bundle,AssetBundle,1
source,bundle,assets/aa/Android/a1eac50ed22717b31bf3c366d677264f.bundle,TextAsset,1
source,bundle,assets/aa/Android/a1ffcf2e9e511d4953bcf7b14ed7ce6e.bundle,AssetBundle,1
source,bundle,assets/aa/Android/a1ffcf2e9e511d4953bcf7b14ed7ce6e.bundle,AudioClip,1
source,bundle,assets/aa/Android/a212b4199f70297e10b999893178364e.bundle,AssetBundle,1
source,bundle,assets/aa/Android/a212b4199f70297e10b999893178364e.bundle,TextAsset,1
source,bundle,assets/aa/Android/a223f2b82b5e76f7e35e1023ba7cbdaf.bundle,AssetBundle,1
source,bundle,assets/aa/Android/a223f2b82b5e76f7e35e1023ba7cbdaf.bundle,TextAsset,1
source,bundle,assets/aa/Android/a22fc5eff2e4c12df4f6c7a41a49b8a0.bundle,AssetBundle,1
source,bundle,assets/aa/Android/a22fc5eff2e4c12df4f6c7a41a49b8a0.bundle,Sprite,1
source,bundle,assets/aa/Android/a22fc5eff2e4c12df4f6c7a41a49b8a0.bundle,Texture2D,1
source,bundle,assets/aa/Android/a26a49240597b38ed3e561575ba402a2.bundle,AssetBundle,1
source,bundle,assets/aa/Android/a26a49240597b38ed3e561575ba402a2.bundle,TextAsset,1
source,bundle,assets/aa/Android/a27025d150813bfb664689f60e3d80ba.bundle,AssetBundle,1
source,bundle,assets/aa/Android/a27025d150813bfb664689f60e3d80ba.bundle,Sprite,1
source,bundle,assets/aa/Android/a27025d150813bfb664689f60e3d80ba.bundle,Texture2D,1
source,bundle,assets/aa/Android/a28fa96b441514f684f03fa172a3bd53.bundle,AssetBundle,1
source,bundle,assets/aa/Android/a28fa96b441514f684f03fa172a3bd53.bundle,Sprite,1
source,bundle,assets/aa/Android/a28fa96b441514f684f03fa172a3bd53.bundle,Texture2D,1
source,bundle,assets/aa/Android/a299beba8ff1cf98ebf199f528006db4.bundle,AssetBundle,1
source,bundle,assets/aa/Android/a299beba8ff1cf98ebf199f528006db4.bundle,Sprite,1
source,bundle,assets/aa/Android/a299beba8ff1cf98ebf199f528006db4.bundle,Texture2D,1
source,bundle,assets/aa/Android/a2a7f3662b21a2174c454bf91e8b6a34.bundle,AssetBundle,1
source,bundle,assets/aa/Android/a2a7f3662b21a2174c454bf91e8b6a34.bundle,Sprite,1
source,bundle,assets/aa/Android/a2a7f3662b21a2174c454bf91e8b6a34.bundle,Texture2D,1
source,bundle,assets/aa/Android/a2af2fbcb7fc5d5db5379ba1d0ca874f.bundle,AssetBundle,1
source,bundle,assets/aa/Android/a2af2fbcb7fc5d5db5379ba1d0ca874f.bundle,TextAsset,1
source,bundle,assets/aa/Android/a2b42f6b6b8940fee6a382bb3a7f3f59.bundle,AssetBundle,1
source,bundle,assets/aa/Android/a2b42f6b6b8940fee6a382bb3a7f3f59.bundle,Sprite,1
source,bundle,assets/aa/Android/a2b42f6b6b8940fee6a382bb3a7f3f59.bundle,Texture2D,1
source,bundle,assets/aa/Android/a2d170f805c96b995706039251242c4b.bundle,AssetBundle,1
source,bundle,assets/aa/Android/a2d170f805c96b995706039251242c4b.bundle,Sprite,1
source,bundle,assets/aa/Android/a2d170f805c96b995706039251242c4b.bundle,Texture2D,1
source,bundle,assets/aa/Android/a2deaaf0584d00b0bc69edb529c74a22.bundle,AssetBundle,1
source,bundle,assets/aa/Android/a2deaaf0584d00b0bc69edb529c74a22.bundle,Sprite,1
source,bundle,assets/aa/Android/a2deaaf0584d00b0bc69edb529c74a22.bundle,Texture2D,1
source,bundle,assets/aa/Android/a2f30c052943272c768399d6db3ea768.bundle,AssetBundle,1
source,bundle,assets/aa/Android/a2f30c052943272c768399d6db3ea768.bundle,Sprite,1
source,bundle,assets/aa/Android/a2f30c052943272c768399d6db3ea768.bundle,Texture2D,1
source,bundle,assets/aa/Android/a307a7c8bfeb3ad9a10d886ac2f91572.bundle,AssetBundle,1
source,bundle,assets/aa/Android/a307a7c8bfeb3ad9a10d886ac2f91572.bundle,Sprite,1
source,bundle,assets/aa/Android/a307a7c8bfeb3ad9a10d886ac2f91572.bundle,Texture2D,1
source,bundle,assets/aa/Android/a314de7df4e09d082897b9fbd0462be7.bundle,AssetBundle,1
source,bundle,assets/aa/Android/a314de7df4e09d082897b9fbd0462be7.bundle,Sprite,1
source,bundle,assets/aa/Android/a314de7df4e09d082897b9fbd0462be7.bundle,Texture2D,1
source,bundle,assets/aa/Android/a32eece1e5558ccc23269af2d4271235.bundle,AssetBundle,1
source,bundle,assets/aa/Android/a32eece1e5558ccc23269af2d4271235.bundle,TextAsset,1
source,bundle,assets/aa/Android/a33352eb32a44b67451f648ace19b882.bundle,AssetBundle,1
source,bundle,assets/aa/Android/a33352eb32a44b67451f648ace19b882.bundle,Sprite,1
source,bundle,assets/aa/Android/a33352eb32a44b67451f648ace19b882.bundle,Texture2D,1
source,bundle,assets/aa/Android/a3503c6abaed400136e963025d6f598d.bundle,AssetBundle,1
source,bundle,assets/aa/Android/a3503c6abaed400136e963025d6f598d.bundle,Sprite,1
source,bundle,assets/aa/Android/a3503c6abaed400136e963025d6f598d.bundle,Texture2D,1
source,bundle,assets/aa/Android/a36926e2a9aab1502c698a8ce755bbf1.bundle,AssetBundle,1
source,bundle,assets/aa/Android/a36926e2a9aab1502c698a8ce755bbf1.bundle,Sprite,1
source,bundle,assets/aa/Android/a36926e2a9aab1502c698a8ce755bbf1.bundle,Texture2D,1
source,bundle,assets/aa/Android/a378822108c81d3d31591d7adf1ff359.bundle,AssetBundle,1
source,bundle,assets/aa/Android/a378822108c81d3d31591d7adf1ff359.bundle,Sprite,1
source,bundle,assets/aa/Android/a378822108c81d3d31591d7adf1ff359.bundle,Texture2D,1
source,bundle,assets/aa/Android/a37e42b4c235eab5b69647c71967acdc.bundle,AssetBundle,1
source,bundle,assets/aa/Android/a37e42b4c235eab5b69647c71967acdc.bundle,TextAsset,1
source,bundle,assets/aa/Android/a38c853ac0a418cfe507a5656a512a9d.bundle,AssetBundle,1
source,bundle,assets/aa/Android/a38c853ac0a418cfe507a5656a512a9d.bundle,Sprite,1
source,bundle,assets/aa/Android/a38c853ac0a418cfe507a5656a512a9d.bundle,Texture2D,1
source,bundle,assets/aa/Android/a390949c606ddbade79a887e81b573af.bundle,AssetBundle,1
source,bundle,assets/aa/Android/a390949c606ddbade79a887e81b573af.bundle,Sprite,1
source,bundle,assets/aa/Android/a390949c606ddbade79a887e81b573af.bundle,Texture2D,1
source,bundle,assets/aa/Android/a3b90fa591cf0c01d8c6a894a497ac35.bundle,AssetBundle,1
source,bundle,assets/aa/Android/a3b90fa591cf0c01d8c6a894a497ac35.bundle,Sprite,1
source,bundle,assets/aa/Android/a3b90fa591cf0c01d8c6a894a497ac35.bundle,Texture2D,1
source,bundle,assets/aa/Android/a3f1c5e60af76e5716195cc47d5be47d.bundle,AssetBundle,1
source,bundle,assets/aa/Android/a3f1c5e60af76e5716195cc47d5be47d.bundle,AudioClip,1
source,bundle,assets/aa/Android/a3f9198a903da6f0389c402feaa0900f.bundle,AssetBundle,1
source,bundle,assets/aa/Android/a3f9198a903da6f0389c402feaa0900f.bundle,TextAsset,1
source,bundle,assets/aa/Android/a40d4777c0db9e423534b984d3c76a28.bundle,AssetBundle,1
source,bundle,assets/aa/Android/a40d4777c0db9e423534b984d3c76a28.bundle,TextAsset,1
source,bundle,assets/aa/Android/a42ee0a1902522eb6e32b726cceaf85c.bundle,AssetBundle,1
source,bundle,assets/aa/Android/a42ee0a1902522eb6e32b726cceaf85c.bundle,Sprite,1
source,bundle,assets/aa/Android/a42ee0a1902522eb6e32b726cceaf85c.bundle,Texture2D,1
source,bundle,assets/aa/Android/a4591e1a93e21aba90771828ecfeda59.bundle,AssetBundle,1
source,bundle,assets/aa/Android/a4591e1a93e21aba90771828ecfeda59.bundle,Sprite,1
source,bundle,assets/aa/Android/a4591e1a93e21aba90771828ecfeda59.bundle,Texture2D,1
source,bundle,assets/aa/Android/a47a3b2b58673dd993f1f8708df27d30.bundle,AssetBundle,1
source,bundle,assets/aa/Android/a47a3b2b58673dd993f1f8708df27d30.bundle,Sprite,1
source,bundle,assets/aa/Android/a47a3b2b58673dd993f1f8708df27d30.bundle,Texture2D,1
source,bundle,assets/aa/Android/a485a96e3cdfaa2050906ce759cdfadf.bundle,AssetBundle,1
source,bundle,assets/aa/Android/a485a96e3cdfaa2050906ce759cdfadf.bundle,TextAsset,1
source,bundle,assets/aa/Android/a4c392a12cac3df639327b4e616050a1.bundle,AssetBundle,1
source,bundle,assets/aa/Android/a4c392a12cac3df639327b4e616050a1.bundle,Sprite,1
source,bundle,assets/aa/Android/a4c392a12cac3df639327b4e616050a1.bundle,Texture2D,1
source,bundle,assets/aa/Android/a4cf6b626bda22f2e153026a6c204195.bundle,AssetBundle,1
source,bundle,assets/aa/Android/a4cf6b626bda22f2e153026a6c204195.bundle,TextAsset,1
source,bundle,assets/aa/Android/a4f064b8707a48a0e0bf1d9580694772.bundle,AssetBundle,1
source,bundle,assets/aa/Android/a4f064b8707a48a0e0bf1d9580694772.bundle,Sprite,1
source,bundle,assets/aa/Android/a4f064b8707a48a0e0bf1d9580694772.bundle,Texture2D,1
source,bundle,assets/aa/Android/a50adf31e6f4593190b9a6110b7afd7c.bundle,AssetBundle,1
source,bundle,assets/aa/Android/a50adf31e6f4593190b9a6110b7afd7c.bundle,TextAsset,1
source,bundle,assets/aa/Android/a52a1e5ff0503d5846fa4522c3ee449b.bundle,AssetBundle,1
source,bundle,assets/aa/Android/a52a1e5ff0503d5846fa4522c3ee449b.bundle,Sprite,1
source,bundle,assets/aa/Android/a52a1e5ff0503d5846fa4522c3ee449b.bundle,Texture2D,1
source,bundle,assets/aa/Android/a54f5e6d2b69d244856d202fca7b3fea.bundle,AssetBundle,1
source,bundle,assets/aa/Android/a54f5e6d2b69d244856d202fca7b3fea.bundle,TextAsset,1
source,bundle,assets/aa/Android/a59e56ffad869465b817223b8fd1d822.bundle,AssetBundle,1
source,bundle,assets/aa/Android/a59e56ffad869465b817223b8fd1d822.bundle,Sprite,1
source,bundle,assets/aa/Android/a59e56ffad869465b817223b8fd1d822.bundle,Texture2D,1
source,bundle,assets/aa/Android/a601cf29502e95c66e81cf01434faa00.bundle,AssetBundle,1
source,bundle,assets/aa/Android/a601cf29502e95c66e81cf01434faa00.bundle,TextAsset,1
source,bundle,assets/aa/Android/a64d6b821699964c2e645ae215d2b07a.bundle,AssetBundle,1
source,bundle,assets/aa/Android/a64d6b821699964c2e645ae215d2b07a.bundle,TextAsset,1
source,bundle,assets/aa/Android/a6614b2e95f879a0c4c3937d85f72c2b.bundle,AssetBundle,1
source,bundle,assets/aa/Android/a6614b2e95f879a0c4c3937d85f72c2b.bundle,Sprite,1
source,bundle,assets/aa/Android/a6614b2e95f879a0c4c3937d85f72c2b.bundle,Texture2D,1
source,bundle,assets/aa/Android/a6adaccd8244b4126ca15332146218f4.bundle,AssetBundle,1
source,bundle,assets/aa/Android/a6adaccd8244b4126ca15332146218f4.bundle,Sprite,1
source,bundle,assets/aa/Android/a6adaccd8244b4126ca15332146218f4.bundle,Texture2D,1
source,bundle,assets/aa/Android/a6b4f671a8a2e098e8d35258d80dc071.bundle,AssetBundle,1
source,bundle,assets/aa/Android/a6b4f671a8a2e098e8d35258d80dc071.bundle,Sprite,1
source,bundle,assets/aa/Android/a6b4f671a8a2e098e8d35258d80dc071.bundle,Texture2D,1
source,bundle,assets/aa/Android/a6c89ead86b9bde51ea00b2e84ad634f.bundle,AssetBundle,1
source,bundle,assets/aa/Android/a6c89ead86b9bde51ea00b2e84ad634f.bundle,TextAsset,1
source,bundle,assets/aa/Android/a6f775938171f96e97c6e37f9936ef40.bundle,AssetBundle,1
source,bundle,assets/aa/Android/a6f775938171f96e97c6e37f9936ef40.bundle,TextAsset,1
source,bundle,assets/aa/Android/a6fc95f9e6ce31fbad4ab17d49de1276.bundle,AssetBundle,1
source,bundle,assets/aa/Android/a6fc95f9e6ce31fbad4ab17d49de1276.bundle,TextAsset,1
source,bundle,assets/aa/Android/a6ff938f29cd1d1ad16325ec44e9a985.bundle,AssetBundle,1
source,bundle,assets/aa/Android/a6ff938f29cd1d1ad16325ec44e9a985.bundle,Sprite,1
source,bundle,assets/aa/Android/a6ff938f29cd1d1ad16325ec44e9a985.bundle,Texture2D,1
source,bundle,assets/aa/Android/a704fd92f1f94320dd51f32c06ca8f08.bundle,AssetBundle,1
source,bundle,assets/aa/Android/a704fd92f1f94320dd51f32c06ca8f08.bundle,TextAsset,1
source,bundle,assets/aa/Android/a7198498f3b7bc444b8414bd9a8697bb.bundle,AssetBundle,1
source,bundle,assets/aa/Android/a7198498f3b7bc444b8414bd9a8697bb.bundle,AudioClip,1
source,bundle,assets/aa/Android/a71b59329fba6a44a1db8933ac14173d.bundle,AssetBundle,1
source,bundle,assets/aa/Android/a71b59329fba6a44a1db8933ac14173d.bundle,TextAsset,1
source,bundle,assets/aa/Android/a738d0278ebf9ea2204afef6e35832c2.bundle,AssetBundle,1
source,bundle,assets/aa/Android/a738d0278ebf9ea2204afef6e35832c2.bundle,Sprite,1
source,bundle,assets/aa/Android/a738d0278ebf9ea2204afef6e35832c2.bundle,Texture2D,1
source,bundle,assets/aa/Android/a73bd1081cd66963689cea9fbd234e0e.bundle,AssetBundle,1
source,bundle,assets/aa/Android/a73bd1081cd66963689cea9fbd234e0e.bundle,Sprite,1
source,bundle,assets/aa/Android/a73bd1081cd66963689cea9fbd234e0e.bundle,Texture2D,1
source,bundle,assets/aa/Android/a73eb9e55a0d57d2f1216efd28f0b488.bundle,AssetBundle,1
source,bundle,assets/aa/Android/a73eb9e55a0d57d2f1216efd28f0b488.bundle,Sprite,1
source,bundle,assets/aa/Android/a73eb9e55a0d57d2f1216efd28f0b488.bundle,Texture2D,1
source,bundle,assets/aa/Android/a7407cd4c4ae9ea4ce9a90c767abaddf.bundle,AssetBundle,1
source,bundle,assets/aa/Android/a7407cd4c4ae9ea4ce9a90c767abaddf.bundle,TextAsset,1
source,bundle,assets/aa/Android/a7439a5cd8c4306124177c2bdc81e619.bundle,AssetBundle,1
source,bundle,assets/aa/Android/a7439a5cd8c4306124177c2bdc81e619.bundle,Sprite,1
source,bundle,assets/aa/Android/a7439a5cd8c4306124177c2bdc81e619.bundle,Texture2D,1
source,bundle,assets/aa/Android/a7499eb9c266db3c36d25a8e8fcb56f3.bundle,AssetBundle,1
source,bundle,assets/aa/Android/a7499eb9c266db3c36d25a8e8fcb56f3.bundle,TextAsset,1
source,bundle,assets/aa/Android/a78b62a67dc5def7dce0a24320728f08.bundle,AssetBundle,1
source,bundle,assets/aa/Android/a78b62a67dc5def7dce0a24320728f08.bundle,TextAsset,1
source,bundle,assets/aa/Android/a7a275be1b62166d65cd5b82b6d1ee44.bundle,AssetBundle,1
source,bundle,assets/aa/Android/a7a275be1b62166d65cd5b82b6d1ee44.bundle,Sprite,1
source,bundle,assets/aa/Android/a7a275be1b62166d65cd5b82b6d1ee44.bundle,Texture2D,1
source,bundle,assets/aa/Android/a7a4f54ffdef8beef73245b5f462d9d4.bundle,AssetBundle,1
source,bundle,assets/aa/Android/a7a4f54ffdef8beef73245b5f462d9d4.bundle,TextAsset,1
source,bundle,assets/aa/Android/a7a6cb0dbe4ffba71fa6da5684e1904c.bundle,AssetBundle,1
source,bundle,assets/aa/Android/a7a6cb0dbe4ffba71fa6da5684e1904c.bundle,TextAsset,1
source,bundle,assets/aa/Android/a7b16b4288e2ac94f0f3e6d4c59be06c.bundle,AssetBundle,1
source,bundle,assets/aa/Android/a7b16b4288e2ac94f0f3e6d4c59be06c.bundle,Sprite,1
source,bundle,assets/aa/Android/a7b16b4288e2ac94f0f3e6d4c59be06c.bundle,Texture2D,1
source,bundle,assets/aa/Android/a7bc9c77954290d3f83080c80c5f9750.bundle,AssetBundle,1
source,bundle,assets/aa/Android/a7bc9c77954290d3f83080c80c5f9750.bundle,Sprite,1
source,bundle,assets/aa/Android/a7bc9c77954290d3f83080c80c5f9750.bundle,Texture2D,1
source,bundle,assets/aa/Android/a7be597310782598c65a774f5aecc3a3.bundle,AssetBundle,1
source,bundle,assets/aa/Android/a7be597310782598c65a774f5aecc3a3.bundle,TextAsset,1
source,bundle,assets/aa/Android/a7cbfeb59ac7a9cac09e043c033b9cc5.bundle,AssetBundle,1
source,bundle,assets/aa/Android/a7cbfeb59ac7a9cac09e043c033b9cc5.bundle,Sprite,1
source,bundle,assets/aa/Android/a7cbfeb59ac7a9cac09e043c033b9cc5.bundle,Texture2D,1
source,bundle,assets/aa/Android/a7e5bf07f08544c6bdbf7f69c6901ef0.bundle,AssetBundle,1
source,bundle,assets/aa/Android/a7e5bf07f08544c6bdbf7f69c6901ef0.bundle,AudioClip,1
source,bundle,assets/aa/Android/a7f4f367ec2b67dc876242599b20f978.bundle,AssetBundle,1
source,bundle,assets/aa/Android/a7f4f367ec2b67dc876242599b20f978.bundle,AudioClip,1
source,bundle,assets/aa/Android/a80fdcd26353e0cf78c5d7fec95855e8.bundle,AssetBundle,1
source,bundle,assets/aa/Android/a80fdcd26353e0cf78c5d7fec95855e8.bundle,TextAsset,1
source,bundle,assets/aa/Android/a850aad5a685eb241ebcdf579c4d7228.bundle,AssetBundle,1
source,bundle,assets/aa/Android/a850aad5a685eb241ebcdf579c4d7228.bundle,Sprite,1
source,bundle,assets/aa/Android/a850aad5a685eb241ebcdf579c4d7228.bundle,Texture2D,1
source,bundle,assets/aa/Android/a854755d55cca9db34a57151a496d302.bundle,AssetBundle,1
source,bundle,assets/aa/Android/a854755d55cca9db34a57151a496d302.bundle,AudioClip,1
source,bundle,assets/aa/Android/a88be6e2f52353e05cb1a4a22108bad8.bundle,AssetBundle,1
source,bundle,assets/aa/Android/a88be6e2f52353e05cb1a4a22108bad8.bundle,Sprite,1
source,bundle,assets/aa/Android/a88be6e2f52353e05cb1a4a22108bad8.bundle,Texture2D,1
source,bundle,assets/aa/Android/a89badc0b881539995356b3c089f065f.bundle,AssetBundle,1
source,bundle,assets/aa/Android/a89badc0b881539995356b3c089f065f.bundle,Sprite,1
source,bundle,assets/aa/Android/a89badc0b881539995356b3c089f065f.bundle,Texture2D,1
source,bundle,assets/aa/Android/a89c43ce00ec5b7d03c41ec519cd4931.bundle,AssetBundle,1
source,bundle,assets/aa/Android/a89c43ce00ec5b7d03c41ec519cd4931.bundle,TextAsset,1
source,bundle,assets/aa/Android/a8eba4e8fa913f1cac2aaf4466b7036c.bundle,AssetBundle,1
source,bundle,assets/aa/Android/a8eba4e8fa913f1cac2aaf4466b7036c.bundle,TextAsset,1
source,bundle,assets/aa/Android/a904c90993e92b37d8726c73740398c2.bundle,AssetBundle,1
source,bundle,assets/aa/Android/a904c90993e92b37d8726c73740398c2.bundle,TextAsset,1
source,bundle,assets/aa/Android/a935ddda99d4bcae3171d92cff904213.bundle,AssetBundle,1
source,bundle,assets/aa/Android/a935ddda99d4bcae3171d92cff904213.bundle,Sprite,1
source,bundle,assets/aa/Android/a935ddda99d4bcae3171d92cff904213.bundle,Texture2D,1
source,bundle,assets/aa/Android/a9448879e14ed265926f24a05dae20f5.bundle,AssetBundle,1
source,bundle,assets/aa/Android/a9448879e14ed265926f24a05dae20f5.bundle,AudioClip,1
source,bundle,assets/aa/Android/a96a2c83d5e6c45396b2762e5b81b051.bundle,AssetBundle,1
source,bundle,assets/aa/Android/a96a2c83d5e6c45396b2762e5b81b051.bundle,AudioClip,1
source,bundle,assets/aa/Android/a976eb53b41d4328c052ac6bc52fd937.bundle,AssetBundle,1
source,bundle,assets/aa/Android/a976eb53b41d4328c052ac6bc52fd937.bundle,Sprite,1
source,bundle,assets/aa/Android/a976eb53b41d4328c052ac6bc52fd937.bundle,Texture2D,1
source,bundle,assets/aa/Android/a9796a3dfa1747ae89a0554d1d23c829.bundle,AssetBundle,1
source,bundle,assets/aa/Android/a9796a3dfa1747ae89a0554d1d23c829.bundle,AudioClip,1
source,bundle,assets/aa/Android/a97e271acf935b4be09b9b12b7b8d498.bundle,AssetBundle,1
source,bundle,assets/aa/Android/a97e271acf935b4be09b9b12b7b8d498.bundle,TextAsset,1
source,bundle,assets/aa/Android/a9aa41ebfab3750a00d4a99ab44a7636.bundle,AssetBundle,1
source,bundle,assets/aa/Android/a9aa41ebfab3750a00d4a99ab44a7636.bundle,TextAsset,1
source,bundle,assets/aa/Android/a9afafe8f5d88ad7275bfca5c2b9e82f.bundle,AssetBundle,1
source,bundle,assets/aa/Android/a9afafe8f5d88ad7275bfca5c2b9e82f.bundle,TextAsset,1
source,bundle,assets/aa/Android/a9d89f1d86f774368a1e19154dcf86cd.bundle,AssetBundle,1
source,bundle,assets/aa/Android/a9d89f1d86f774368a1e19154dcf86cd.bundle,AudioClip,1
source,bundle,assets/aa/Android/a9e6e7b6ce5721eefe4fb3d4fca19af1.bundle,AssetBundle,1
source,bundle,assets/aa/Android/a9e6e7b6ce5721eefe4fb3d4fca19af1.bundle,Sprite,1
source,bundle,assets/aa/Android/a9e6e7b6ce5721eefe4fb3d4fca19af1.bundle,Texture2D,1
source,bundle,assets/aa/Android/aa01177ffb2d8e6548982fa363c6aa24.bundle,AssetBundle,1
source,bundle,assets/aa/Android/aa01177ffb2d8e6548982fa363c6aa24.bundle,Sprite,1
source,bundle,assets/aa/Android/aa01177ffb2d8e6548982fa363c6aa24.bundle,Texture2D,1
source,bundle,assets/aa/Android/aa2ca0bb1f5398a64ef62ccec7eab23c.bundle,AssetBundle,1
source,bundle,assets/aa/Android/aa2ca0bb1f5398a64ef62ccec7eab23c.bundle,Sprite,1
source,bundle,assets/aa/Android/aa2ca0bb1f5398a64ef62ccec7eab23c.bundle,Texture2D,1
source,bundle,assets/aa/Android/aa4598448eae475ae6829e3411a14198.bundle,AssetBundle,1
source,bundle,assets/aa/Android/aa4598448eae475ae6829e3411a14198.bundle,Sprite,1
source,bundle,assets/aa/Android/aa4598448eae475ae6829e3411a14198.bundle,Texture2D,1
source,bundle,assets/aa/Android/aa4c41149b21e964a989f0aabfa09020.bundle,AssetBundle,1
source,bundle,assets/aa/Android/aa4c41149b21e964a989f0aabfa09020.bundle,Sprite,1
source,bundle,assets/aa/Android/aa4c41149b21e964a989f0aabfa09020.bundle,Texture2D,1
source,bundle,assets/aa/Android/aa5c8bcbf1f167b135feae4bc74a1ac9.bundle,AssetBundle,1
source,bundle,assets/aa/Android/aa5c8bcbf1f167b135feae4bc74a1ac9.bundle,Sprite,1
source,bundle,assets/aa/Android/aa5c8bcbf1f167b135feae4bc74a1ac9.bundle,Texture2D,1
source,bundle,assets/aa/Android/aa5fe9cdd85e791228e1425657b04fab.bundle,AssetBundle,1
source,bundle,assets/aa/Android/aa5fe9cdd85e791228e1425657b04fab.bundle,Sprite,1
source,bundle,assets/aa/Android/aa5fe9cdd85e791228e1425657b04fab.bundle,Texture2D,1
source,bundle,assets/aa/Android/aa6cb6f9a85c1e7f7ea68ed5ca0f744e.bundle,AssetBundle,1
source,bundle,assets/aa/Android/aa6cb6f9a85c1e7f7ea68ed5ca0f744e.bundle,Sprite,1
source,bundle,assets/aa/Android/aa6cb6f9a85c1e7f7ea68ed5ca0f744e.bundle,Texture2D,1
source,bundle,assets/aa/Android/aa78b4808590ff8434d48cc36fc7897b.bundle,AssetBundle,1
source,bundle,assets/aa/Android/aa78b4808590ff8434d48cc36fc7897b.bundle,Sprite,1
source,bundle,assets/aa/Android/aa78b4808590ff8434d48cc36fc7897b.bundle,Texture2D,1
source,bundle,assets/aa/Android/aa8678a615ce7faeaeccf0730cb65b72.bundle,AssetBundle,1
source,bundle,assets/aa/Android/aa8678a615ce7faeaeccf0730cb65b72.bundle,TextAsset,1
source,bundle,assets/aa/Android/aa98bab5e857934ad6b59f49ea662204.bundle,AssetBundle,1
source,bundle,assets/aa/Android/aa98bab5e857934ad6b59f49ea662204.bundle,Sprite,1
source,bundle,assets/aa/Android/aa98bab5e857934ad6b59f49ea662204.bundle,Texture2D,1
source,bundle,assets/aa/Android/aa9b0e88c7e429179a76f071eddda6fe.bundle,AssetBundle,1
source,bundle,assets/aa/Android/aa9b0e88c7e429179a76f071eddda6fe.bundle,TextAsset,1
source,bundle,assets/aa/Android/aab9466cfd3094de38d388ad2c84d079.bundle,AssetBundle,1
source,bundle,assets/aa/Android/aab9466cfd3094de38d388ad2c84d079.bundle,TextAsset,1
source,bundle,assets/aa/Android/aae683ef26deea45e50d67dede0ca7ba.bundle,AssetBundle,1
source,bundle,assets/aa/Android/aae683ef26deea45e50d67dede0ca7ba.bundle,Sprite,1
source,bundle,assets/aa/Android/aae683ef26deea45e50d67dede0ca7ba.bundle,Texture2D,1
source,bundle,assets/aa/Android/ab0d82991c1fec2cb8d11ca2a8ea9bbf.bundle,AssetBundle,1
source,bundle,assets/aa/Android/ab0d82991c1fec2cb8d11ca2a8ea9bbf.bundle,Sprite,1
source,bundle,assets/aa/Android/ab0d82991c1fec2cb8d11ca2a8ea9bbf.bundle,Texture2D,1
source,bundle,assets/aa/Android/ab3f4eb344c084bea1103422fd649b5e.bundle,AssetBundle,1
source,bundle,assets/aa/Android/ab3f4eb344c084bea1103422fd649b5e.bundle,TextAsset,1
source,bundle,assets/aa/Android/ab5a0f312c12ed4ef5fd428e0c616fcb.bundle,AssetBundle,1
source,bundle,assets/aa/Android/ab5a0f312c12ed4ef5fd428e0c616fcb.bundle,TextAsset,1
source,bundle,assets/aa/Android/ab63736657b48f816e254bffc8d7ffa2.bundle,AssetBundle,1
source,bundle,assets/aa/Android/ab63736657b48f816e254bffc8d7ffa2.bundle,Sprite,1
source,bundle,assets/aa/Android/ab63736657b48f816e254bffc8d7ffa2.bundle,Texture2D,1
source,bundle,assets/aa/Android/ab7fb4e8f57c4678ab181cb79c2a58c3.bundle,AssetBundle,1
source,bundle,assets/aa/Android/ab7fb4e8f57c4678ab181cb79c2a58c3.bundle,Sprite,1
source,bundle,assets/aa/Android/ab7fb4e8f57c4678ab181cb79c2a58c3.bundle,Texture2D,1
source,bundle,assets/aa/Android/abefd6da6c2f50399a21c1c320a6db03.bundle,AssetBundle,1
source,bundle,assets/aa/Android/abefd6da6c2f50399a21c1c320a6db03.bundle,Sprite,1
source,bundle,assets/aa/Android/abefd6da6c2f50399a21c1c320a6db03.bundle,Texture2D,1
source,bundle,assets/aa/Android/abfb35a056626ee7e91a9502acef79fb.bundle,AssetBundle,1
source,bundle,assets/aa/Android/abfb35a056626ee7e91a9502acef79fb.bundle,Sprite,1
source,bundle,assets/aa/Android/abfb35a056626ee7e91a9502acef79fb.bundle,Texture2D,1
source,bundle,assets/aa/Android/abfda8b5705b478599163c761c383bdc.bundle,AssetBundle,1
source,bundle,assets/aa/Android/abfda8b5705b478599163c761c383bdc.bundle,AudioClip,1
source,bundle,assets/aa/Android/ac318d8bd63997ec13e02a5ca6345b56.bundle,AssetBundle,1
source,bundle,assets/aa/Android/ac318d8bd63997ec13e02a5ca6345b56.bundle,Sprite,1
source,bundle,assets/aa/Android/ac318d8bd63997ec13e02a5ca6345b56.bundle,Texture2D,1
source,bundle,assets/aa/Android/ac42c80203ad8cef43fd9099d65b7ae8.bundle,AssetBundle,1
source,bundle,assets/aa/Android/ac42c80203ad8cef43fd9099d65b7ae8.bundle,AudioClip,1
source,bundle,assets/aa/Android/ac61240159549452d7256ec2f4ff7736.bundle,AssetBundle,1
source,bundle,assets/aa/Android/ac61240159549452d7256ec2f4ff7736.bundle,Sprite,1
source,bundle,assets/aa/Android/ac61240159549452d7256ec2f4ff7736.bundle,Texture2D,1
source,bundle,assets/aa/Android/ac6743066559996255bf46cd8951ee3a.bundle,AssetBundle,1
source,bundle,assets/aa/Android/ac6743066559996255bf46cd8951ee3a.bundle,TextAsset,1
source,bundle,assets/aa/Android/ac782bf20c202552f9f86c367b61dd13.bundle,AssetBundle,1
source,bundle,assets/aa/Android/ac782bf20c202552f9f86c367b61dd13.bundle,Sprite,1
source,bundle,assets/aa/Android/ac782bf20c202552f9f86c367b61dd13.bundle,Texture2D,1
source,bundle,assets/aa/Android/ac7965cc9900d4ae58d2d1c4fe3090cc.bundle,AssetBundle,1
source,bundle,assets/aa/Android/ac7965cc9900d4ae58d2d1c4fe3090cc.bundle,Sprite,1
source,bundle,assets/aa/Android/ac7965cc9900d4ae58d2d1c4fe3090cc.bundle,Texture2D,1
source,bundle,assets/aa/Android/ac941075686c1aaae6b59df5b33da83b.bundle,AssetBundle,1
source,bundle,assets/aa/Android/ac941075686c1aaae6b59df5b33da83b.bundle,Sprite,1
source,bundle,assets/aa/Android/ac941075686c1aaae6b59df5b33da83b.bundle,Texture2D,1
source,bundle,assets/aa/Android/aca28cfb7de4d7e29fde7f1935bed4ea.bundle,AssetBundle,1
source,bundle,assets/aa/Android/aca28cfb7de4d7e29fde7f1935bed4ea.bundle,Sprite,1
source,bundle,assets/aa/Android/aca28cfb7de4d7e29fde7f1935bed4ea.bundle,Texture2D,1
source,bundle,assets/aa/Android/acdc352720ca3274442638c6ca420a45.bundle,AssetBundle,1
source,bundle,assets/aa/Android/acdc352720ca3274442638c6ca420a45.bundle,AudioClip,1
source,bundle,assets/aa/Android/ace481e3ab2afaeb1c2cdcae43dfc181.bundle,AssetBundle,1
source,bundle,assets/aa/Android/ace481e3ab2afaeb1c2cdcae43dfc181.bundle,TextAsset,1
source,bundle,assets/aa/Android/ace97ec40fc9d210372fe1ede3d8a3b4.bundle,AssetBundle,1
source,bundle,assets/aa/Android/ace97ec40fc9d210372fe1ede3d8a3b4.bundle,Sprite,1
source,bundle,assets/aa/Android/ace97ec40fc9d210372fe1ede3d8a3b4.bundle,Texture2D,1
source,bundle,assets/aa/Android/ad2a3fc650fdf61e8a039b4ec0b4900c.bundle,AssetBundle,1
source,bundle,assets/aa/Android/ad2a3fc650fdf61e8a039b4ec0b4900c.bundle,Sprite,1
source,bundle,assets/aa/Android/ad2a3fc650fdf61e8a039b4ec0b4900c.bundle,Texture2D,1
source,bundle,assets/aa/Android/ad491432b683cd87d9f5fbc99dc4513f.bundle,AssetBundle,1
source,bundle,assets/aa/Android/ad491432b683cd87d9f5fbc99dc4513f.bundle,Sprite,1
source,bundle,assets/aa/Android/ad491432b683cd87d9f5fbc99dc4513f.bundle,Texture2D,1
source,bundle,assets/aa/Android/ad64b77bf862d7f4639660dd81ca18cc.bundle,AssetBundle,1
source,bundle,assets/aa/Android/ad64b77bf862d7f4639660dd81ca18cc.bundle,Sprite,1
source,bundle,assets/aa/Android/ad64b77bf862d7f4639660dd81ca18cc.bundle,Texture2D,1
source,bundle,assets/aa/Android/ad657102e1c44834eb7ffeb95666b2c4.bundle,AssetBundle,1
source,bundle,assets/aa/Android/ad657102e1c44834eb7ffeb95666b2c4.bundle,Sprite,1
source,bundle,assets/aa/Android/ad657102e1c44834eb7ffeb95666b2c4.bundle,Texture2D,1
source,bundle,assets/aa/Android/ad6f5ecfe678b845b56d96a7fe9e2720.bundle,AssetBundle,1
source,bundle,assets/aa/Android/ad6f5ecfe678b845b56d96a7fe9e2720.bundle,TextAsset,1
source,bundle,assets/aa/Android/ad8b14aa3f9e38421614ca00cc12bc45.bundle,AssetBundle,1
source,bundle,assets/aa/Android/ad8b14aa3f9e38421614ca00cc12bc45.bundle,Sprite,1
source,bundle,assets/aa/Android/ad8b14aa3f9e38421614ca00cc12bc45.bundle,Texture2D,1
source,bundle,assets/aa/Android/ad9172de53ac25036976d71625a94794.bundle,AssetBundle,1
source,bundle,assets/aa/Android/ad9172de53ac25036976d71625a94794.bundle,TextAsset,1
source,bundle,assets/aa/Android/adce85d0ca7003d6b345f96efaa769e5.bundle,AssetBundle,1
source,bundle,assets/aa/Android/adce85d0ca7003d6b345f96efaa769e5.bundle,TextAsset,1
source,bundle,assets/aa/Android/adf00303269db5602dcc72d8df615886.bundle,AssetBundle,1
source,bundle,assets/aa/Android/adf00303269db5602dcc72d8df615886.bundle,TextAsset,1
source,bundle,assets/aa/Android/adfff4cdfa820ca2365b487e24c95971.bundle,AssetBundle,1
source,bundle,assets/aa/Android/adfff4cdfa820ca2365b487e24c95971.bundle,Sprite,1
source,bundle,assets/aa/Android/adfff4cdfa820ca2365b487e24c95971.bundle,Texture2D,1
source,bundle,assets/aa/Android/ae529905bde4376ffea31aacec9e6dd2.bundle,AssetBundle,1
source,bundle,assets/aa/Android/ae529905bde4376ffea31aacec9e6dd2.bundle,TextAsset,1
source,bundle,assets/aa/Android/ae54e8e912728d8c6526a6e65608923e.bundle,AssetBundle,1
source,bundle,assets/aa/Android/ae54e8e912728d8c6526a6e65608923e.bundle,TextAsset,1
source,bundle,assets/aa/Android/ae58430cfa6a47030c5c6856e6cd16b1.bundle,AssetBundle,1
source,bundle,assets/aa/Android/ae58430cfa6a47030c5c6856e6cd16b1.bundle,AudioClip,1
source,bundle,assets/aa/Android/ae6fe0e99c8e73c334c72afbc4f6a8fd.bundle,AssetBundle,1
source,bundle,assets/aa/Android/ae6fe0e99c8e73c334c72afbc4f6a8fd.bundle,Sprite,1
source,bundle,assets/aa/Android/ae6fe0e99c8e73c334c72afbc4f6a8fd.bundle,Texture2D,1
source,bundle,assets/aa/Android/ae9552d75e23c3685ae839e232a703d6.bundle,AssetBundle,1
source,bundle,assets/aa/Android/ae9552d75e23c3685ae839e232a703d6.bundle,Sprite,1
source,bundle,assets/aa/Android/ae9552d75e23c3685ae839e232a703d6.bundle,Texture2D,1
source,bundle,assets/aa/Android/aea14215c063fe5b1b55f55861e08ce9.bundle,AssetBundle,1
source,bundle,assets/aa/Android/aea14215c063fe5b1b55f55861e08ce9.bundle,Sprite,1
source,bundle,assets/aa/Android/aea14215c063fe5b1b55f55861e08ce9.bundle,Texture2D,1
source,bundle,assets/aa/Android/aefe3a0a18907073eae0d83a38cb35a1.bundle,AssetBundle,1
source,bundle,assets/aa/Android/aefe3a0a18907073eae0d83a38cb35a1.bundle,TextAsset,1
source,bundle,assets/aa/Android/af02f888908f317c099978f2854ff914.bundle,AssetBundle,1
source,bundle,assets/aa/Android/af02f888908f317c099978f2854ff914.bundle,Sprite,1
source,bundle,assets/aa/Android/af02f888908f317c099978f2854ff914.bundle,Texture2D,1
source,bundle,assets/aa/Android/af04f02a60bd2a2e3f953b3c0b73f31c.bundle,AssetBundle,1
source,bundle,assets/aa/Android/af04f02a60bd2a2e3f953b3c0b73f31c.bundle,Sprite,1
source,bundle,assets/aa/Android/af04f02a60bd2a2e3f953b3c0b73f31c.bundle,Texture2D,1
source,bundle,assets/aa/Android/af16e48ceef24dd321cf974cf57b0504.bundle,AssetBundle,1
source,bundle,assets/aa/Android/af16e48ceef24dd321cf974cf57b0504.bundle,TextAsset,1
source,bundle,assets/aa/Android/af2a317c5a37dac03b131918bd67abf1.bundle,AssetBundle,1
source,bundle,assets/aa/Android/af2a317c5a37dac03b131918bd67abf1.bundle,Shader,2
source,bundle,assets/aa/Android/af2dc43f1f6ec38c8ce08b111be78b0d.bundle,AssetBundle,1
source,bundle,assets/aa/Android/af2dc43f1f6ec38c8ce08b111be78b0d.bundle,AudioClip,1
source,bundle,assets/aa/Android/af5422e130a7ccd7c2229b8d9163bda4.bundle,AssetBundle,1
source,bundle,assets/aa/Android/af5422e130a7ccd7c2229b8d9163bda4.bundle,Sprite,1
source,bundle,assets/aa/Android/af5422e130a7ccd7c2229b8d9163bda4.bundle,Texture2D,1
source,bundle,assets/aa/Android/af696b9f7253f44ac6cb8b42848cc4d6.bundle,AssetBundle,1
source,bundle,assets/aa/Android/af696b9f7253f44ac6cb8b42848cc4d6.bundle,Sprite,1
source,bundle,assets/aa/Android/af696b9f7253f44ac6cb8b42848cc4d6.bundle,Texture2D,1
source,bundle,assets/aa/Android/af75983131acfdd6123e70963d86a193.bundle,AssetBundle,1
source,bundle,assets/aa/Android/af75983131acfdd6123e70963d86a193.bundle,TextAsset,1
source,bundle,assets/aa/Android/af77ae51f3dae7cefdc8ec00af22900e.bundle,AssetBundle,1
source,bundle,assets/aa/Android/af77ae51f3dae7cefdc8ec00af22900e.bundle,Sprite,1
source,bundle,assets/aa/Android/af77ae51f3dae7cefdc8ec00af22900e.bundle,Texture2D,1
source,bundle,assets/aa/Android/af85667abedc972d2573f6f7a38803cd.bundle,AssetBundle,1
source,bundle,assets/aa/Android/af85667abedc972d2573f6f7a38803cd.bundle,Sprite,1
source,bundle,assets/aa/Android/af85667abedc972d2573f6f7a38803cd.bundle,Texture2D,1
source,bundle,assets/aa/Android/afc72c789b916f426075141c6a10b8c5.bundle,AssetBundle,1
source,bundle,assets/aa/Android/afc72c789b916f426075141c6a10b8c5.bundle,TextAsset,1
source,bundle,assets/aa/Android/afde171833236309c3c0ccfa017438c8.bundle,AssetBundle,1
source,bundle,assets/aa/Android/afde171833236309c3c0ccfa017438c8.bundle,Sprite,1
source,bundle,assets/aa/Android/afde171833236309c3c0ccfa017438c8.bundle,Texture2D,1
source,bundle,assets/aa/Android/b0112c29a880820a20319ca7206a2e6f.bundle,AssetBundle,1
source,bundle,assets/aa/Android/b0112c29a880820a20319ca7206a2e6f.bundle,Sprite,1
source,bundle,assets/aa/Android/b0112c29a880820a20319ca7206a2e6f.bundle,Texture2D,1
source,bundle,assets/aa/Android/b034c0a56133cdb293f51f619b15a22f.bundle,AssetBundle,1
source,bundle,assets/aa/Android/b034c0a56133cdb293f51f619b15a22f.bundle,TextAsset,1
source,bundle,assets/aa/Android/b05d2a42a9a2d403ca1e7d1d4b454d26.bundle,AssetBundle,1
source,bundle,assets/aa/Android/b05d2a42a9a2d403ca1e7d1d4b454d26.bundle,Sprite,1
source,bundle,assets/aa/Android/b05d2a42a9a2d403ca1e7d1d4b454d26.bundle,Texture2D,1
source,bundle,assets/aa/Android/b07151d989a6d4f670eec60f11b6ec44.bundle,AssetBundle,1
source,bundle,assets/aa/Android/b07151d989a6d4f670eec60f11b6ec44.bundle,TextAsset,1
source,bundle,assets/aa/Android/b09994e036b9dea617fd836a16933e80.bundle,AssetBundle,1
source,bundle,assets/aa/Android/b09994e036b9dea617fd836a16933e80.bundle,TextAsset,1
source,bundle,assets/aa/Android/b0af952a142b73978bfc34927d10d2ba.bundle,AssetBundle,1
source,bundle,assets/aa/Android/b0af952a142b73978bfc34927d10d2ba.bundle,Sprite,1
source,bundle,assets/aa/Android/b0af952a142b73978bfc34927d10d2ba.bundle,Texture2D,1
source,bundle,assets/aa/Android/b0b4223d67640c2d2b21a06493e7cbff.bundle,AssetBundle,1
source,bundle,assets/aa/Android/b0b4223d67640c2d2b21a06493e7cbff.bundle,TextAsset,1
source,bundle,assets/aa/Android/b0e1248094c6cbc18ebc379eb35bf3a7.bundle,AssetBundle,1
source,bundle,assets/aa/Android/b0e1248094c6cbc18ebc379eb35bf3a7.bundle,TextAsset,1
source,bundle,assets/aa/Android/b0e31470e0c16b6b90ed375e3645e8db.bundle,AssetBundle,1
source,bundle,assets/aa/Android/b0e31470e0c16b6b90ed375e3645e8db.bundle,Sprite,1
source,bundle,assets/aa/Android/b0e31470e0c16b6b90ed375e3645e8db.bundle,Texture2D,1
source,bundle,assets/aa/Android/b100ea7e6ab250009ba4e7a76d1554cd.bundle,AssetBundle,1
source,bundle,assets/aa/Android/b100ea7e6ab250009ba4e7a76d1554cd.bundle,TextAsset,1
source,bundle,assets/aa/Android/b107c32045ad92540be398fc2770bac5.bundle,AssetBundle,1
source,bundle,assets/aa/Android/b107c32045ad92540be398fc2770bac5.bundle,Sprite,1
source,bundle,assets/aa/Android/b107c32045ad92540be398fc2770bac5.bundle,Texture2D,1
source,bundle,assets/aa/Android/b12cb5a57586d93edba50c3fe42d9574.bundle,AssetBundle,1
source,bundle,assets/aa/Android/b12cb5a57586d93edba50c3fe42d9574.bundle,Sprite,1
source,bundle,assets/aa/Android/b12cb5a57586d93edba50c3fe42d9574.bundle,Texture2D,1
source,bundle,assets/aa/Android/b141f5e3fe1f8ff69f385223e452f90e.bundle,AssetBundle,1
source,bundle,assets/aa/Android/b141f5e3fe1f8ff69f385223e452f90e.bundle,Sprite,1
source,bundle,assets/aa/Android/b141f5e3fe1f8ff69f385223e452f90e.bundle,Texture2D,1
source,bundle,assets/aa/Android/b14d026a0f14d09bbce4d39b5e748634.bundle,AssetBundle,1
source,bundle,assets/aa/Android/b14d026a0f14d09bbce4d39b5e748634.bundle,AudioClip,1
source,bundle,assets/aa/Android/b1540e943f035dc130d43fffc33b05dc.bundle,AssetBundle,1
source,bundle,assets/aa/Android/b1540e943f035dc130d43fffc33b05dc.bundle,TextAsset,1
source,bundle,assets/aa/Android/b16c3436fb05d02ea63e262ad1fa4102.bundle,AssetBundle,1
source,bundle,assets/aa/Android/b16c3436fb05d02ea63e262ad1fa4102.bundle,TextAsset,1
source,bundle,assets/aa/Android/b17b57f9329e58ba7295358c60fa3756.bundle,AssetBundle,1
source,bundle,assets/aa/Android/b17b57f9329e58ba7295358c60fa3756.bundle,AudioClip,1
source,bundle,assets/aa/Android/b18314a2ec5496fafd90f621585b36c1.bundle,AssetBundle,1
source,bundle,assets/aa/Android/b18314a2ec5496fafd90f621585b36c1.bundle,Sprite,1
source,bundle,assets/aa/Android/b18314a2ec5496fafd90f621585b36c1.bundle,Texture2D,1
source,bundle,assets/aa/Android/b1952a3a371db73f27e63a52875ef22e.bundle,AssetBundle,1
source,bundle,assets/aa/Android/b1952a3a371db73f27e63a52875ef22e.bundle,Sprite,1
source,bundle,assets/aa/Android/b1952a3a371db73f27e63a52875ef22e.bundle,Texture2D,1
source,bundle,assets/aa/Android/b1b19194a806559022308f2e2ee3dc65.bundle,AssetBundle,1
source,bundle,assets/aa/Android/b1b19194a806559022308f2e2ee3dc65.bundle,Sprite,1
source,bundle,assets/aa/Android/b1b19194a806559022308f2e2ee3dc65.bundle,Texture2D,1
source,bundle,assets/aa/Android/b1c81501ef91fdd82a66c03b815128d4.bundle,AssetBundle,1
source,bundle,assets/aa/Android/b1c81501ef91fdd82a66c03b815128d4.bundle,Sprite,1
source,bundle,assets/aa/Android/b1c81501ef91fdd82a66c03b815128d4.bundle,Texture2D,1
source,bundle,assets/aa/Android/b22416299b5fa1f0290873330733ad6d.bundle,AssetBundle,1
source,bundle,assets/aa/Android/b22416299b5fa1f0290873330733ad6d.bundle,TextAsset,1
source,bundle,assets/aa/Android/b227a5c63755627b88b50d31480dcc49.bundle,AssetBundle,1
source,bundle,assets/aa/Android/b227a5c63755627b88b50d31480dcc49.bundle,Sprite,1
source,bundle,assets/aa/Android/b227a5c63755627b88b50d31480dcc49.bundle,Texture2D,1
source,bundle,assets/aa/Android/b249b8b2d4a52b5e336b8a3957ec189f.bundle,AssetBundle,1
source,bundle,assets/aa/Android/b249b8b2d4a52b5e336b8a3957ec189f.bundle,Sprite,1
source,bundle,assets/aa/Android/b249b8b2d4a52b5e336b8a3957ec189f.bundle,Texture2D,1
source,bundle,assets/aa/Android/b25229439938e55adc0538fb6ce99218.bundle,AssetBundle,1
source,bundle,assets/aa/Android/b25229439938e55adc0538fb6ce99218.bundle,AudioClip,1
source,bundle,assets/aa/Android/b26327b1890ba6fa14e5224b3f29c3ae.bundle,AssetBundle,1
source,bundle,assets/aa/Android/b26327b1890ba6fa14e5224b3f29c3ae.bundle,Sprite,1
source,bundle,assets/aa/Android/b26327b1890ba6fa14e5224b3f29c3ae.bundle,Texture2D,1
source,bundle,assets/aa/Android/b2637321d97dab4d90a285ffdfd47963.bundle,AssetBundle,1
source,bundle,assets/aa/Android/b2637321d97dab4d90a285ffdfd47963.bundle,TextAsset,1
source,bundle,assets/aa/Android/b2893f29d2f582ca67e3fd51cef84b2a.bundle,AssetBundle,1
source,bundle,assets/aa/Android/b2893f29d2f582ca67e3fd51cef84b2a.bundle,Sprite,1
source,bundle,assets/aa/Android/b2893f29d2f582ca67e3fd51cef84b2a.bundle,Texture2D,1
source,bundle,assets/aa/Android/b2a4fc732891b7ce9fd57e9060ed3e8e.bundle,AssetBundle,1
source,bundle,assets/aa/Android/b2a4fc732891b7ce9fd57e9060ed3e8e.bundle,Sprite,1
source,bundle,assets/aa/Android/b2a4fc732891b7ce9fd57e9060ed3e8e.bundle,Texture2D,1
source,bundle,assets/aa/Android/b2d1296bdc0c13692396724ba41a3127.bundle,AssetBundle,1
source,bundle,assets/aa/Android/b2d1296bdc0c13692396724ba41a3127.bundle,TextAsset,1
source,bundle,assets/aa/Android/b321d6d292d65ecb48e1609bde486f09.bundle,AssetBundle,1
source,bundle,assets/aa/Android/b321d6d292d65ecb48e1609bde486f09.bundle,TextAsset,1
source,bundle,assets/aa/Android/b32ee193772f841088cc770c79945401.bundle,AssetBundle,1
source,bundle,assets/aa/Android/b32ee193772f841088cc770c79945401.bundle,TextAsset,1
source,bundle,assets/aa/Android/b36ab2d3448e71d69adca648b58ef339.bundle,AssetBundle,1
source,bundle,assets/aa/Android/b36ab2d3448e71d69adca648b58ef339.bundle,TextAsset,1
source,bundle,assets/aa/Android/b37d95ea72b8ed2c37462097c3db4445.bundle,AssetBundle,1
source,bundle,assets/aa/Android/b37d95ea72b8ed2c37462097c3db4445.bundle,TextAsset,1
source,bundle,assets/aa/Android/b3e2997b9a5a7f327b889679fca7028a.bundle,AssetBundle,1
source,bundle,assets/aa/Android/b3e2997b9a5a7f327b889679fca7028a.bundle,Sprite,1
source,bundle,assets/aa/Android/b3e2997b9a5a7f327b889679fca7028a.bundle,Texture2D,1
source,bundle,assets/aa/Android/b3e53c561ada6745f7c00c35fc47482b.bundle,AssetBundle,1
source,bundle,assets/aa/Android/b3e53c561ada6745f7c00c35fc47482b.bundle,Sprite,1
source,bundle,assets/aa/Android/b3e53c561ada6745f7c00c35fc47482b.bundle,Texture2D,1
source,bundle,assets/aa/Android/b3e5cc6551440a038e010f7e433bf084.bundle,AssetBundle,1
source,bundle,assets/aa/Android/b3e5cc6551440a038e010f7e433bf084.bundle,Sprite,1
source,bundle,assets/aa/Android/b3e5cc6551440a038e010f7e433bf084.bundle,Texture2D,1
source,bundle,assets/aa/Android/b3edcea29b9000a771b09f3176845b18.bundle,AssetBundle,1
source,bundle,assets/aa/Android/b3edcea29b9000a771b09f3176845b18.bundle,Sprite,1
source,bundle,assets/aa/Android/b3edcea29b9000a771b09f3176845b18.bundle,Texture2D,1
source,bundle,assets/aa/Android/b4099dcf8dfa80dc06c97b6066a88da2.bundle,AssetBundle,1
source,bundle,assets/aa/Android/b4099dcf8dfa80dc06c97b6066a88da2.bundle,TextAsset,1
source,bundle,assets/aa/Android/b41067d2d0e4482ac48f79c17e66da2b.bundle,AssetBundle,1
source,bundle,assets/aa/Android/b41067d2d0e4482ac48f79c17e66da2b.bundle,Sprite,1
source,bundle,assets/aa/Android/b41067d2d0e4482ac48f79c17e66da2b.bundle,Texture2D,1
source,bundle,assets/aa/Android/b42da9d51927b4fa41ffe477a7d04874.bundle,AssetBundle,1
source,bundle,assets/aa/Android/b42da9d51927b4fa41ffe477a7d04874.bundle,TextAsset,1
source,bundle,assets/aa/Android/b43491e5881dee1a01d216de751df64a.bundle,AssetBundle,1
source,bundle,assets/aa/Android/b43491e5881dee1a01d216de751df64a.bundle,Sprite,1
source,bundle,assets/aa/Android/b43491e5881dee1a01d216de751df64a.bundle,Texture2D,1
source,bundle,assets/aa/Android/b45106855d3552110e5bf4a93b62fd04.bundle,AssetBundle,1
source,bundle,assets/aa/Android/b45106855d3552110e5bf4a93b62fd04.bundle,AudioClip,1
source,bundle,assets/aa/Android/b463da0677828663569f2c7183441396.bundle,AssetBundle,1
source,bundle,assets/aa/Android/b463da0677828663569f2c7183441396.bundle,Sprite,1
source,bundle,assets/aa/Android/b463da0677828663569f2c7183441396.bundle,Texture2D,1
source,bundle,assets/aa/Android/b494b21aea1baa67c8cf5cb7a925eeb0.bundle,AssetBundle,1
source,bundle,assets/aa/Android/b494b21aea1baa67c8cf5cb7a925eeb0.bundle,Sprite,1
source,bundle,assets/aa/Android/b494b21aea1baa67c8cf5cb7a925eeb0.bundle,Texture2D,1
source,bundle,assets/aa/Android/b49d4bd4576f9c284b1698a9e33a11f2.bundle,AssetBundle,1
source,bundle,assets/aa/Android/b49d4bd4576f9c284b1698a9e33a11f2.bundle,TextAsset,1
source,bundle,assets/aa/Android/b49d9ef761e97911f6451ccaa4d07c64.bundle,AssetBundle,1
source,bundle,assets/aa/Android/b49d9ef761e97911f6451ccaa4d07c64.bundle,AudioClip,1
source,bundle,assets/aa/Android/b49f31e9abed4051e9fa8480f8e0e721.bundle,AssetBundle,1
source,bundle,assets/aa/Android/b49f31e9abed4051e9fa8480f8e0e721.bundle,Sprite,1
source,bundle,assets/aa/Android/b49f31e9abed4051e9fa8480f8e0e721.bundle,Texture2D,1
source,bundle,assets/aa/Android/b4a6b2f3350b830dda454a3d58e9f814.bundle,AssetBundle,1
source,bundle,assets/aa/Android/b4a6b2f3350b830dda454a3d58e9f814.bundle,TextAsset,1
source,bundle,assets/aa/Android/b4a87dac05de2761ce419c4889c319dc.bundle,AssetBundle,1
source,bundle,assets/aa/Android/b4a87dac05de2761ce419c4889c319dc.bundle,Sprite,1
source,bundle,assets/aa/Android/b4a87dac05de2761ce419c4889c319dc.bundle,Texture2D,1
source,bundle,assets/aa/Android/b4b6d88b02657fd462571cde72bd9175.bundle,AssetBundle,1
source,bundle,assets/aa/Android/b4b6d88b02657fd462571cde72bd9175.bundle,Sprite,1
source,bundle,assets/aa/Android/b4b6d88b02657fd462571cde72bd9175.bundle,Texture2D,1
source,bundle,assets/aa/Android/b4d00432e92719b61ee12ef02db6e43d.bundle,AssetBundle,1
source,bundle,assets/aa/Android/b4d00432e92719b61ee12ef02db6e43d.bundle,Sprite,1
source,bundle,assets/aa/Android/b4d00432e92719b61ee12ef02db6e43d.bundle,Texture2D,1
source,bundle,assets/aa/Android/b4da4c594f9d44a649146c0054e2b068.bundle,AssetBundle,1
source,bundle,assets/aa/Android/b4da4c594f9d44a649146c0054e2b068.bundle,Sprite,1
source,bundle,assets/aa/Android/b4da4c594f9d44a649146c0054e2b068.bundle,Texture2D,1
source,bundle,assets/aa/Android/b4dda51b75a170861c4afee9ae5ef1cb.bundle,AssetBundle,1
source,bundle,assets/aa/Android/b4dda51b75a170861c4afee9ae5ef1cb.bundle,Sprite,1
source,bundle,assets/aa/Android/b4dda51b75a170861c4afee9ae5ef1cb.bundle,Texture2D,1
source,bundle,assets/aa/Android/b4ee8b2d2cab4180a6f247ba013f1046.bundle,AssetBundle,1
source,bundle,assets/aa/Android/b4ee8b2d2cab4180a6f247ba013f1046.bundle,TextAsset,1
source,bundle,assets/aa/Android/b52ebe187ad8ab0c657a33a34f81de29.bundle,AssetBundle,1
source,bundle,assets/aa/Android/b52ebe187ad8ab0c657a33a34f81de29.bundle,Sprite,1
source,bundle,assets/aa/Android/b52ebe187ad8ab0c657a33a34f81de29.bundle,Texture2D,1
source,bundle,assets/aa/Android/b52f5f2544c7ec995a9fbe58a52f2fb4.bundle,AssetBundle,1
source,bundle,assets/aa/Android/b52f5f2544c7ec995a9fbe58a52f2fb4.bundle,TextAsset,1
source,bundle,assets/aa/Android/b565ed751863c2086e2a3336d229070c.bundle,AssetBundle,1
source,bundle,assets/aa/Android/b565ed751863c2086e2a3336d229070c.bundle,Sprite,1
source,bundle,assets/aa/Android/b565ed751863c2086e2a3336d229070c.bundle,Texture2D,1
source,bundle,assets/aa/Android/b56ae5a0e666b65c0e8bb6ff70168dbd.bundle,AssetBundle,1
source,bundle,assets/aa/Android/b56ae5a0e666b65c0e8bb6ff70168dbd.bundle,TextAsset,1
source,bundle,assets/aa/Android/b58b6c0ef701a3c8a07e98e31fac9bef.bundle,AssetBundle,1
source,bundle,assets/aa/Android/b58b6c0ef701a3c8a07e98e31fac9bef.bundle,Sprite,1
source,bundle,assets/aa/Android/b58b6c0ef701a3c8a07e98e31fac9bef.bundle,Texture2D,1
source,bundle,assets/aa/Android/b5a48578d531a5a96ddc9b64ddb7c810.bundle,AssetBundle,1
source,bundle,assets/aa/Android/b5a48578d531a5a96ddc9b64ddb7c810.bundle,TextAsset,1
source,bundle,assets/aa/Android/b5a5a56e2aee1c81c746734d7e9ecb02.bundle,AssetBundle,1
source,bundle,assets/aa/Android/b5a5a56e2aee1c81c746734d7e9ecb02.bundle,Sprite,1
source,bundle,assets/aa/Android/b5a5a56e2aee1c81c746734d7e9ecb02.bundle,Texture2D,1
source,bundle,assets/aa/Android/b5bff9691e600b724fb593d9c9e27330.bundle,AssetBundle,1
source,bundle,assets/aa/Android/b5bff9691e600b724fb593d9c9e27330.bundle,TextAsset,1
source,bundle,assets/aa/Android/b5ca7a03e1b47642d7183c6deac6580c.bundle,AssetBundle,1
source,bundle,assets/aa/Android/b5ca7a03e1b47642d7183c6deac6580c.bundle,TextAsset,1
source,bundle,assets/aa/Android/b5d422732af9b0b28f7af038257b99b9.bundle,AssetBundle,1
source,bundle,assets/aa/Android/b5d422732af9b0b28f7af038257b99b9.bundle,Sprite,1
source,bundle,assets/aa/Android/b5d422732af9b0b28f7af038257b99b9.bundle,Texture2D,1
source,bundle,assets/aa/Android/b5e0c86f729ca71aab590dc7f621f34b.bundle,AssetBundle,1
source,bundle,assets/aa/Android/b5e0c86f729ca71aab590dc7f621f34b.bundle,AudioClip,1
source,bundle,assets/aa/Android/b5f8fbaaee85737e1ab02173e3f0a811.bundle,AssetBundle,1
source,bundle,assets/aa/Android/b5f8fbaaee85737e1ab02173e3f0a811.bundle,AudioClip,1
source,bundle,assets/aa/Android/b61f37df864f846b5f506c37ef081c56.bundle,AssetBundle,1
source,bundle,assets/aa/Android/b61f37df864f846b5f506c37ef081c56.bundle,Sprite,1
source,bundle,assets/aa/Android/b61f37df864f846b5f506c37ef081c56.bundle,Texture2D,1
source,bundle,assets/aa/Android/b63675ed15e1d01cee0c824f453acaf9.bundle,AssetBundle,1
source,bundle,assets/aa/Android/b63675ed15e1d01cee0c824f453acaf9.bundle,AudioClip,1
source,bundle,assets/aa/Android/b63a1b68d1b9305f6c6241d8e0e402c7.bundle,AssetBundle,1
source,bundle,assets/aa/Android/b63a1b68d1b9305f6c6241d8e0e402c7.bundle,TextAsset,1
source,bundle,assets/aa/Android/b640cb99736a71de27a30f393bd7f0a4.bundle,AssetBundle,1
source,bundle,assets/aa/Android/b640cb99736a71de27a30f393bd7f0a4.bundle,TextAsset,1
source,bundle,assets/aa/Android/b66ec79f2ce531f9c79f50a67a3a51b7.bundle,AssetBundle,1
source,bundle,assets/aa/Android/b66ec79f2ce531f9c79f50a67a3a51b7.bundle,Sprite,1
source,bundle,assets/aa/Android/b66ec79f2ce531f9c79f50a67a3a51b7.bundle,Texture2D,1
source,bundle,assets/aa/Android/b67835877862488547d82c66c3ec42f0.bundle,AssetBundle,1
source,bundle,assets/aa/Android/b67835877862488547d82c66c3ec42f0.bundle,TextAsset,1
source,bundle,assets/aa/Android/b6850568b6d046f2a33f728f7881765f.bundle,AssetBundle,1
source,bundle,assets/aa/Android/b6850568b6d046f2a33f728f7881765f.bundle,TextAsset,1
source,bundle,assets/aa/Android/b685e6e254aabbc55585245bfd371cc1.bundle,AssetBundle,1
source,bundle,assets/aa/Android/b685e6e254aabbc55585245bfd371cc1.bundle,AudioClip,1
source,bundle,assets/aa/Android/b6888c0b2ffb0558255c681b21209284.bundle,AssetBundle,1
source,bundle,assets/aa/Android/b6888c0b2ffb0558255c681b21209284.bundle,Sprite,1
source,bundle,assets/aa/Android/b6888c0b2ffb0558255c681b21209284.bundle,Texture2D,1
source,bundle,assets/aa/Android/b6cc2d0ce9ee5e2f48b1b6163fff09e8.bundle,AssetBundle,1
source,bundle,assets/aa/Android/b6cc2d0ce9ee5e2f48b1b6163fff09e8.bundle,Sprite,1
source,bundle,assets/aa/Android/b6cc2d0ce9ee5e2f48b1b6163fff09e8.bundle,Texture2D,1
source,bundle,assets/aa/Android/b6ce0555ef565d86a3cb3ca93efef6a0.bundle,AssetBundle,1
source,bundle,assets/aa/Android/b6ce0555ef565d86a3cb3ca93efef6a0.bundle,AudioClip,1
source,bundle,assets/aa/Android/b6d9b0ca12c9c01ace1b0f6ceccd71e8.bundle,AssetBundle,1
source,bundle,assets/aa/Android/b6d9b0ca12c9c01ace1b0f6ceccd71e8.bundle,TextAsset,1
source,bundle,assets/aa/Android/b6dfed48604e9ee63d0249b3e4785a5c.bundle,AssetBundle,1
source,bundle,assets/aa/Android/b6dfed48604e9ee63d0249b3e4785a5c.bundle,Sprite,1
source,bundle,assets/aa/Android/b6dfed48604e9ee63d0249b3e4785a5c.bundle,Texture2D,1
source,bundle,assets/aa/Android/b6e2fa4253f21cf391f8fe8f2be2b621.bundle,AssetBundle,1
source,bundle,assets/aa/Android/b6e2fa4253f21cf391f8fe8f2be2b621.bundle,TextAsset,1
source,bundle,assets/aa/Android/b6e38c118a51dff7148cfc0d0bb34c5b.bundle,AssetBundle,1
source,bundle,assets/aa/Android/b6e38c118a51dff7148cfc0d0bb34c5b.bundle,AudioClip,1
source,bundle,assets/aa/Android/b6f3f0af284fdd7b4d3084726fe4eb94.bundle,AssetBundle,1
source,bundle,assets/aa/Android/b6f3f0af284fdd7b4d3084726fe4eb94.bundle,TextAsset,1
source,bundle,assets/aa/Android/b70c699d7431f2523e436866ba2e3088.bundle,AssetBundle,1
source,bundle,assets/aa/Android/b70c699d7431f2523e436866ba2e3088.bundle,TextAsset,1
source,bundle,assets/aa/Android/b7101fca07db1ca3a4c5f1bb3927ef02.bundle,AssetBundle,1
source,bundle,assets/aa/Android/b7101fca07db1ca3a4c5f1bb3927ef02.bundle,Sprite,1
source,bundle,assets/aa/Android/b7101fca07db1ca3a4c5f1bb3927ef02.bundle,Texture2D,1
source,bundle,assets/aa/Android/b726d892a60c0c2c78cf6187c650d6ee.bundle,AssetBundle,1
source,bundle,assets/aa/Android/b726d892a60c0c2c78cf6187c650d6ee.bundle,Sprite,1
source,bundle,assets/aa/Android/b726d892a60c0c2c78cf6187c650d6ee.bundle,Texture2D,1
source,bundle,assets/aa/Android/b7613421aee09757f94ab90f6869d8a1.bundle,AssetBundle,1
source,bundle,assets/aa/Android/b7613421aee09757f94ab90f6869d8a1.bundle,TextAsset,1
source,bundle,assets/aa/Android/b768cc3e9ddcdddd00e8e9195a917590.bundle,AssetBundle,1
source,bundle,assets/aa/Android/b768cc3e9ddcdddd00e8e9195a917590.bundle,TextAsset,1
source,bundle,assets/aa/Android/b777021a578aa3621eb1aa43a34742a2.bundle,AssetBundle,1
source,bundle,assets/aa/Android/b777021a578aa3621eb1aa43a34742a2.bundle,Sprite,1
source,bundle,assets/aa/Android/b777021a578aa3621eb1aa43a34742a2.bundle,Texture2D,1
source,bundle,assets/aa/Android/b79b23f26f022b0cc60bc505c2d7a7fa.bundle,AssetBundle,1
source,bundle,assets/aa/Android/b79b23f26f022b0cc60bc505c2d7a7fa.bundle,AudioClip,1
source,bundle,assets/aa/Android/b7a361ccf3930c933a42f19936046645.bundle,AssetBundle,1
source,bundle,assets/aa/Android/b7a361ccf3930c933a42f19936046645.bundle,TextAsset,1
source,bundle,assets/aa/Android/b7a75d0ef3e4ef634ab600ab83c4e14a.bundle,AssetBundle,1
source,bundle,assets/aa/Android/b7a75d0ef3e4ef634ab600ab83c4e14a.bundle,TextAsset,1
source,bundle,assets/aa/Android/b7eb9bc2baaa9385b5cd028bda4565fa.bundle,AssetBundle,1
source,bundle,assets/aa/Android/b7eb9bc2baaa9385b5cd028bda4565fa.bundle,TextAsset,1
source,bundle,assets/aa/Android/b81566ec7d38acc6f067f5e04d96527a.bundle,AssetBundle,1
source,bundle,assets/aa/Android/b81566ec7d38acc6f067f5e04d96527a.bundle,Sprite,1
source,bundle,assets/aa/Android/b81566ec7d38acc6f067f5e04d96527a.bundle,Texture2D,1
source,bundle,assets/aa/Android/b8337da0ec44bc0fdca1ef7c029a0782.bundle,AssetBundle,1
source,bundle,assets/aa/Android/b8337da0ec44bc0fdca1ef7c029a0782.bundle,TextAsset,1
source,bundle,assets/aa/Android/b88eb718383ae06d2e369baee2601b8a.bundle,AssetBundle,1
source,bundle,assets/aa/Android/b88eb718383ae06d2e369baee2601b8a.bundle,TextAsset,1
source,bundle,assets/aa/Android/b894ce5269ee16d13adf332ca0d1f4a1.bundle,AssetBundle,1
source,bundle,assets/aa/Android/b894ce5269ee16d13adf332ca0d1f4a1.bundle,TextAsset,1
source,bundle,assets/aa/Android/b89d9fc820bf37a1ef32d898fe8f077d.bundle,AssetBundle,1
source,bundle,assets/aa/Android/b89d9fc820bf37a1ef32d898fe8f077d.bundle,Sprite,1
source,bundle,assets/aa/Android/b89d9fc820bf37a1ef32d898fe8f077d.bundle,Texture2D,1
source,bundle,assets/aa/Android/b8a4643daedd5e4b099753dbc3d50345.bundle,AssetBundle,1
source,bundle,assets/aa/Android/b8a4643daedd5e4b099753dbc3d50345.bundle,TextAsset,1
source,bundle,assets/aa/Android/b8ae29c4bf6231006ba25c0dcac3e9f0.bundle,AssetBundle,1
source,bundle,assets/aa/Android/b8ae29c4bf6231006ba25c0dcac3e9f0.bundle,AudioClip,1
source,bundle,assets/aa/Android/b8c5289e54ff908e04a11e5558cd5f53.bundle,AssetBundle,1
source,bundle,assets/aa/Android/b8c5289e54ff908e04a11e5558cd5f53.bundle,Sprite,1
source,bundle,assets/aa/Android/b8c5289e54ff908e04a11e5558cd5f53.bundle,Texture2D,1
source,bundle,assets/aa/Android/b8ee89b98c924ae25abcd3f0d5ddfeae.bundle,AssetBundle,1
source,bundle,assets/aa/Android/b8ee89b98c924ae25abcd3f0d5ddfeae.bundle,TextAsset,1
source,bundle,assets/aa/Android/b8fa7dd91475b93c17594e5063781ae2.bundle,AssetBundle,1
source,bundle,assets/aa/Android/b8fa7dd91475b93c17594e5063781ae2.bundle,Sprite,1
source,bundle,assets/aa/Android/b8fa7dd91475b93c17594e5063781ae2.bundle,Texture2D,1
source,bundle,assets/aa/Android/b93c11ed35d98fc4455388a59acb614d.bundle,AssetBundle,1
source,bundle,assets/aa/Android/b93c11ed35d98fc4455388a59acb614d.bundle,Sprite,1
source,bundle,assets/aa/Android/b93c11ed35d98fc4455388a59acb614d.bundle,Texture2D,1
source,bundle,assets/aa/Android/b95f5f63de5ba2b52f25949513facb92.bundle,AssetBundle,1
source,bundle,assets/aa/Android/b95f5f63de5ba2b52f25949513facb92.bundle,Sprite,1
source,bundle,assets/aa/Android/b95f5f63de5ba2b52f25949513facb92.bundle,Texture2D,1
source,bundle,assets/aa/Android/b966ca64abda1ffd70399525ab42287e.bundle,AssetBundle,1
source,bundle,assets/aa/Android/b966ca64abda1ffd70399525ab42287e.bundle,TextAsset,1
source,bundle,assets/aa/Android/b9cb3e52064e3fb121efb93ccd8971b3.bundle,AssetBundle,1
source,bundle,assets/aa/Android/b9cb3e52064e3fb121efb93ccd8971b3.bundle,TextAsset,1
source,bundle,assets/aa/Android/ba1d40a3d39df61bb13fa1a7eb99926d.bundle,AssetBundle,1
source,bundle,assets/aa/Android/ba1d40a3d39df61bb13fa1a7eb99926d.bundle,AudioClip,1
source,bundle,assets/aa/Android/ba34094d6113ef731db55eab793c44dd.bundle,AssetBundle,1
source,bundle,assets/aa/Android/ba34094d6113ef731db55eab793c44dd.bundle,TextAsset,1
source,bundle,assets/aa/Android/ba42f3f4120e3b3b28c6de55e1162bdd.bundle,AssetBundle,1
source,bundle,assets/aa/Android/ba42f3f4120e3b3b28c6de55e1162bdd.bundle,Sprite,1
source,bundle,assets/aa/Android/ba42f3f4120e3b3b28c6de55e1162bdd.bundle,Texture2D,1
source,bundle,assets/aa/Android/ba64ccbc098986de288eb72559e036b2.bundle,AssetBundle,1
source,bundle,assets/aa/Android/ba64ccbc098986de288eb72559e036b2.bundle,TextAsset,1
source,bundle,assets/aa/Android/ba71d9276c65ad0b57f0f87c527d70ce.bundle,AssetBundle,1
source,bundle,assets/aa/Android/ba71d9276c65ad0b57f0f87c527d70ce.bundle,TextAsset,1
source,bundle,assets/aa/Android/baa03a6bf755eca0acdc55ab9f63c910.bundle,AssetBundle,1
source,bundle,assets/aa/Android/baa03a6bf755eca0acdc55ab9f63c910.bundle,TextAsset,1
source,bundle,assets/aa/Android/bad3c318696a84cf8f956891d0645eb5.bundle,AssetBundle,1
source,bundle,assets/aa/Android/bad3c318696a84cf8f956891d0645eb5.bundle,Sprite,1
source,bundle,assets/aa/Android/bad3c318696a84cf8f956891d0645eb5.bundle,Texture2D,1
source,bundle,assets/aa/Android/baebf72a4f49df5ec780225cd04a93a4.bundle,AssetBundle,1
source,bundle,assets/aa/Android/baebf72a4f49df5ec780225cd04a93a4.bundle,Sprite,1
source,bundle,assets/aa/Android/baebf72a4f49df5ec780225cd04a93a4.bundle,Texture2D,1
source,bundle,assets/aa/Android/bb3034d79c4e7a8e4c57348f28a2f731.bundle,AssetBundle,1
source,bundle,assets/aa/Android/bb3034d79c4e7a8e4c57348f28a2f731.bundle,TextAsset,1
source,bundle,assets/aa/Android/bb55e66db4468c985eb2dc96c6eb483a.bundle,AssetBundle,1
source,bundle,assets/aa/Android/bb55e66db4468c985eb2dc96c6eb483a.bundle,TextAsset,1
source,bundle,assets/aa/Android/bb8554bda17d0646b53320d26f27957b.bundle,AssetBundle,1
source,bundle,assets/aa/Android/bb8554bda17d0646b53320d26f27957b.bundle,TextAsset,1
source,bundle,assets/aa/Android/bb87c4392294546f269dbd8b1d6c6542.bundle,AssetBundle,1
source,bundle,assets/aa/Android/bb87c4392294546f269dbd8b1d6c6542.bundle,TextAsset,1
source,bundle,assets/aa/Android/bb9c3b1b5506267f1a4b8acadb48f333.bundle,AssetBundle,1
source,bundle,assets/aa/Android/bb9c3b1b5506267f1a4b8acadb48f333.bundle,TextAsset,1
source,bundle,assets/aa/Android/bba02b40896a133f6012b823ed0336fb.bundle,AssetBundle,1
source,bundle,assets/aa/Android/bba02b40896a133f6012b823ed0336fb.bundle,Sprite,1
source,bundle,assets/aa/Android/bba02b40896a133f6012b823ed0336fb.bundle,Texture2D,1
source,bundle,assets/aa/Android/bba647c29e9b40de96e130831912b0d0.bundle,AssetBundle,1
source,bundle,assets/aa/Android/bba647c29e9b40de96e130831912b0d0.bundle,Sprite,1
source,bundle,assets/aa/Android/bba647c29e9b40de96e130831912b0d0.bundle,Texture2D,1
source,bundle,assets/aa/Android/bbc3e958c8bfd43f57fc5f927713cfa2.bundle,AssetBundle,1
source,bundle,assets/aa/Android/bbc3e958c8bfd43f57fc5f927713cfa2.bundle,Sprite,1
source,bundle,assets/aa/Android/bbc3e958c8bfd43f57fc5f927713cfa2.bundle,Texture2D,1
source,bundle,assets/aa/Android/bbc61f8169e6c2f01d353d7f3c729d29.bundle,AssetBundle,1
source,bundle,assets/aa/Android/bbc61f8169e6c2f01d353d7f3c729d29.bundle,TextAsset,1
source,bundle,assets/aa/Android/bbcafddd21200d276261f8451d2d44f6.bundle,AssetBundle,1
source,bundle,assets/aa/Android/bbcafddd21200d276261f8451d2d44f6.bundle,AudioClip,1
source,bundle,assets/aa/Android/bbd922960a71d4cb74054f080e690b99.bundle,AssetBundle,1
source,bundle,assets/aa/Android/bbd922960a71d4cb74054f080e690b99.bundle,Sprite,1
source,bundle,assets/aa/Android/bbd922960a71d4cb74054f080e690b99.bundle,Texture2D,1
source,bundle,assets/aa/Android/bc01458b5210313a146395f0601ace7d.bundle,AssetBundle,1
source,bundle,assets/aa/Android/bc01458b5210313a146395f0601ace7d.bundle,TextAsset,1
source,bundle,assets/aa/Android/bc61dd34aeaa7d7aa979aecaf6b63970.bundle,AssetBundle,1
source,bundle,assets/aa/Android/bc61dd34aeaa7d7aa979aecaf6b63970.bundle,AudioClip,1
source,bundle,assets/aa/Android/bc6e7a5e543af3ee7c0a200e14880276.bundle,AssetBundle,1
source,bundle,assets/aa/Android/bc6e7a5e543af3ee7c0a200e14880276.bundle,Sprite,1
source,bundle,assets/aa/Android/bc6e7a5e543af3ee7c0a200e14880276.bundle,Texture2D,1
source,bundle,assets/aa/Android/bc6fc1b70aa97bfa1d78b86fea7940fb.bundle,AssetBundle,1
source,bundle,assets/aa/Android/bc6fc1b70aa97bfa1d78b86fea7940fb.bundle,TextAsset,1
source,bundle,assets/aa/Android/bc81a7450827a8bd62d6a28b377822ff.bundle,AssetBundle,1
source,bundle,assets/aa/Android/bc81a7450827a8bd62d6a28b377822ff.bundle,Sprite,1
source,bundle,assets/aa/Android/bc81a7450827a8bd62d6a28b377822ff.bundle,Texture2D,1
source,bundle,assets/aa/Android/bc8d37853552e7b96816bcc408137084.bundle,AssetBundle,1
source,bundle,assets/aa/Android/bc8d37853552e7b96816bcc408137084.bundle,AudioClip,1
source,bundle,assets/aa/Android/bca548d3625985b560515fa65fb4d659.bundle,AssetBundle,1
source,bundle,assets/aa/Android/bca548d3625985b560515fa65fb4d659.bundle,Sprite,1
source,bundle,assets/aa/Android/bca548d3625985b560515fa65fb4d659.bundle,Texture2D,1
source,bundle,assets/aa/Android/bcc343cb2f66a26f356257b7e3e94852.bundle,AssetBundle,1
source,bundle,assets/aa/Android/bcc343cb2f66a26f356257b7e3e94852.bundle,AudioClip,1
source,bundle,assets/aa/Android/bd2ce01e5c0fd89256e07f505d5b3a50.bundle,AssetBundle,1
source,bundle,assets/aa/Android/bd2ce01e5c0fd89256e07f505d5b3a50.bundle,TextAsset,1
source,bundle,assets/aa/Android/bd35d070bcb03c2a04e834c84429df01.bundle,AssetBundle,1
source,bundle,assets/aa/Android/bd35d070bcb03c2a04e834c84429df01.bundle,TextAsset,1
source,bundle,assets/aa/Android/bd87817393e9d47e3128a555903dc7ec.bundle,AssetBundle,1
source,bundle,assets/aa/Android/bd87817393e9d47e3128a555903dc7ec.bundle,AudioClip,1
source,bundle,assets/aa/Android/bd8cd32a6a5cfc2ff0af4c5296beebe3.bundle,AssetBundle,1
source,bundle,assets/aa/Android/bd8cd32a6a5cfc2ff0af4c5296beebe3.bundle,TextAsset,1
source,bundle,assets/aa/Android/bda17ecdc3a5fe338a824178f27a4370.bundle,AssetBundle,1
source,bundle,assets/aa/Android/bda17ecdc3a5fe338a824178f27a4370.bundle,Sprite,1
source,bundle,assets/aa/Android/bda17ecdc3a5fe338a824178f27a4370.bundle,Texture2D,1
source,bundle,assets/aa/Android/bda3a017a16f1c77754fa28d48d7f311.bundle,AssetBundle,1
source,bundle,assets/aa/Android/bda3a017a16f1c77754fa28d48d7f311.bundle,TextAsset,1
source,bundle,assets/aa/Android/bddfae9e63d4a0cba415456a29ad3167.bundle,AssetBundle,1
source,bundle,assets/aa/Android/bddfae9e63d4a0cba415456a29ad3167.bundle,Sprite,1
source,bundle,assets/aa/Android/bddfae9e63d4a0cba415456a29ad3167.bundle,Texture2D,1
source,bundle,assets/aa/Android/bdf186c937408d0ec321ab7bbb549784.bundle,AssetBundle,1
source,bundle,assets/aa/Android/bdf186c937408d0ec321ab7bbb549784.bundle,Sprite,1
source,bundle,assets/aa/Android/bdf186c937408d0ec321ab7bbb549784.bundle,Texture2D,1
source,bundle,assets/aa/Android/be1dfacf7eb66306c7412a54427d5bf7.bundle,AssetBundle,1
source,bundle,assets/aa/Android/be1dfacf7eb66306c7412a54427d5bf7.bundle,TextAsset,1
source,bundle,assets/aa/Android/be2235a283c9fc0176a73ecbd7fdce90.bundle,AssetBundle,1
source,bundle,assets/aa/Android/be2235a283c9fc0176a73ecbd7fdce90.bundle,TextAsset,1
source,bundle,assets/aa/Android/be29338db9a43e64597bef15959e3dbd.bundle,AssetBundle,1
source,bundle,assets/aa/Android/be29338db9a43e64597bef15959e3dbd.bundle,AudioClip,1
source,bundle,assets/aa/Android/be2f965051df5bac33cb37099887ad98.bundle,AssetBundle,1
source,bundle,assets/aa/Android/be2f965051df5bac33cb37099887ad98.bundle,AudioClip,1
source,bundle,assets/aa/Android/be346d6f56af8d9bae1f19ef83eeb816.bundle,AssetBundle,1
source,bundle,assets/aa/Android/be346d6f56af8d9bae1f19ef83eeb816.bundle,Sprite,1
source,bundle,assets/aa/Android/be346d6f56af8d9bae1f19ef83eeb816.bundle,Texture2D,1
source,bundle,assets/aa/Android/be48f27cb9df89f83bcbc929ce96b96e.bundle,AssetBundle,1
source,bundle,assets/aa/Android/be48f27cb9df89f83bcbc929ce96b96e.bundle,Sprite,1
source,bundle,assets/aa/Android/be48f27cb9df89f83bcbc929ce96b96e.bundle,Texture2D,1
source,bundle,assets/aa/Android/be66864e1e73bb421eba25bebbeb6228.bundle,AssetBundle,1
source,bundle,assets/aa/Android/be66864e1e73bb421eba25bebbeb6228.bundle,Sprite,1
source,bundle,assets/aa/Android/be66864e1e73bb421eba25bebbeb6228.bundle,Texture2D,1
source,bundle,assets/aa/Android/be81b1c8e0d4b9611fd0dd5fe01323eb.bundle,AssetBundle,1
source,bundle,assets/aa/Android/be81b1c8e0d4b9611fd0dd5fe01323eb.bundle,TextAsset,1
source,bundle,assets/aa/Android/be92832d5154ab57cdff815e67c1f2f8.bundle,AssetBundle,1
source,bundle,assets/aa/Android/be92832d5154ab57cdff815e67c1f2f8.bundle,TextAsset,1
source,bundle,assets/aa/Android/be9839c1cb51a203119b1004f4a1e9eb.bundle,AssetBundle,1
source,bundle,assets/aa/Android/be9839c1cb51a203119b1004f4a1e9eb.bundle,Sprite,1
source,bundle,assets/aa/Android/be9839c1cb51a203119b1004f4a1e9eb.bundle,Texture2D,1
source,bundle,assets/aa/Android/befa29cdc15f7fcf5d6250cea6128df9.bundle,AssetBundle,1
source,bundle,assets/aa/Android/befa29cdc15f7fcf5d6250cea6128df9.bundle,TextAsset,1
source,bundle,assets/aa/Android/bf0568f803b35132f27f12d6d0337110.bundle,AssetBundle,1
source,bundle,assets/aa/Android/bf0568f803b35132f27f12d6d0337110.bundle,TextAsset,1
source,bundle,assets/aa/Android/bf23f1e104afd7005bce6532fd4ee175.bundle,AssetBundle,1
source,bundle,assets/aa/Android/bf23f1e104afd7005bce6532fd4ee175.bundle,TextAsset,1
source,bundle,assets/aa/Android/bf26e8e117689cd5904ea1893256ff08.bundle,AssetBundle,1
source,bundle,assets/aa/Android/bf26e8e117689cd5904ea1893256ff08.bundle,Sprite,1
source,bundle,assets/aa/Android/bf26e8e117689cd5904ea1893256ff08.bundle,Texture2D,1
source,bundle,assets/aa/Android/bf85e1dba6266854a668aa40687e2562.bundle,AssetBundle,1
source,bundle,assets/aa/Android/bf85e1dba6266854a668aa40687e2562.bundle,AudioClip,1
source,bundle,assets/aa/Android/bf99a2ddcb0a964579eff522e86520ba.bundle,AssetBundle,1
source,bundle,assets/aa/Android/bf99a2ddcb0a964579eff522e86520ba.bundle,Sprite,1
source,bundle,assets/aa/Android/bf99a2ddcb0a964579eff522e86520ba.bundle,Texture2D,1
source,bundle,assets/aa/Android/bf9bbce38c8ae60a4d758f2adbc8beb9.bundle,AssetBundle,1
source,bundle,assets/aa/Android/bf9bbce38c8ae60a4d758f2adbc8beb9.bundle,Sprite,1
source,bundle,assets/aa/Android/bf9bbce38c8ae60a4d758f2adbc8beb9.bundle,Texture2D,1
source,bundle,assets/aa/Android/bfc9f8b0fae6c6bcf0493d32d40a7135.bundle,AssetBundle,1
source,bundle,assets/aa/Android/bfc9f8b0fae6c6bcf0493d32d40a7135.bundle,Sprite,1
source,bundle,assets/aa/Android/bfc9f8b0fae6c6bcf0493d32d40a7135.bundle,Texture2D,1
source,bundle,assets/aa/Android/c0061bb2cc3b19391eccb0cc0e5e3e71.bundle,AssetBundle,1
source,bundle,assets/aa/Android/c0061bb2cc3b19391eccb0cc0e5e3e71.bundle,TextAsset,1
source,bundle,assets/aa/Android/c0085d40ec8e7ae48caeda3c5996c030.bundle,AssetBundle,1
source,bundle,assets/aa/Android/c0085d40ec8e7ae48caeda3c5996c030.bundle,TextAsset,1
source,bundle,assets/aa/Android/c00d1933f2d384567e1bf47759bf8536.bundle,AssetBundle,1
source,bundle,assets/aa/Android/c00d1933f2d384567e1bf47759bf8536.bundle,Sprite,1
source,bundle,assets/aa/Android/c00d1933f2d384567e1bf47759bf8536.bundle,Texture2D,1
source,bundle,assets/aa/Android/c013aa15407672e50a88a3f3e3b12e0c.bundle,AssetBundle,1
source,bundle,assets/aa/Android/c013aa15407672e50a88a3f3e3b12e0c.bundle,Sprite,1
source,bundle,assets/aa/Android/c013aa15407672e50a88a3f3e3b12e0c.bundle,Texture2D,1
source,bundle,assets/aa/Android/c02fe7a8ffcfd8b7d8d6cd834fd7e381.bundle,AssetBundle,1
source,bundle,assets/aa/Android/c02fe7a8ffcfd8b7d8d6cd834fd7e381.bundle,TextAsset,1
source,bundle,assets/aa/Android/c07af6ded8d3b7dbf2a416993e8d3bbe.bundle,AssetBundle,1
source,bundle,assets/aa/Android/c07af6ded8d3b7dbf2a416993e8d3bbe.bundle,TextAsset,1
source,bundle,assets/aa/Android/c089447a735a25aab9b1e4ff96de3471.bundle,AssetBundle,1
source,bundle,assets/aa/Android/c089447a735a25aab9b1e4ff96de3471.bundle,AudioClip,1
source,bundle,assets/aa/Android/c09215028bfecab3be0bab457850ee6c.bundle,AssetBundle,1
source,bundle,assets/aa/Android/c09215028bfecab3be0bab457850ee6c.bundle,Sprite,1
source,bundle,assets/aa/Android/c09215028bfecab3be0bab457850ee6c.bundle,Texture2D,1
source,bundle,assets/aa/Android/c0b02dcdd2988141b3bbafecb6e7b43b.bundle,AssetBundle,1
source,bundle,assets/aa/Android/c0b02dcdd2988141b3bbafecb6e7b43b.bundle,TextAsset,1
source,bundle,assets/aa/Android/c0cd6270129bda8cd40ef6e1a5a31488.bundle,AssetBundle,1
source,bundle,assets/aa/Android/c0cd6270129bda8cd40ef6e1a5a31488.bundle,Sprite,1
source,bundle,assets/aa/Android/c0cd6270129bda8cd40ef6e1a5a31488.bundle,Texture2D,1
source,bundle,assets/aa/Android/c105fa1f29663789b401b37732d98dd8.bundle,AssetBundle,1
source,bundle,assets/aa/Android/c105fa1f29663789b401b37732d98dd8.bundle,Sprite,1
source,bundle,assets/aa/Android/c105fa1f29663789b401b37732d98dd8.bundle,Texture2D,1
source,bundle,assets/aa/Android/c117dbe42f2009cdcff3283d8d880518.bundle,AssetBundle,1
source,bundle,assets/aa/Android/c117dbe42f2009cdcff3283d8d880518.bundle,AudioClip,1
source,bundle,assets/aa/Android/c133211096de15b1f29d17988b904682.bundle,AssetBundle,1
source,bundle,assets/aa/Android/c133211096de15b1f29d17988b904682.bundle,TextAsset,1
source,bundle,assets/aa/Android/c1348b0ebe811213687d1ad72336e66e.bundle,AssetBundle,1
source,bundle,assets/aa/Android/c1348b0ebe811213687d1ad72336e66e.bundle,AudioClip,1
source,bundle,assets/aa/Android/c136b6ca05b54ad109bf9bcc4b98322d.bundle,AssetBundle,1
source,bundle,assets/aa/Android/c136b6ca05b54ad109bf9bcc4b98322d.bundle,TextAsset,1
source,bundle,assets/aa/Android/c1435942d5db7473fa120e8e57f01f45.bundle,AssetBundle,1
source,bundle,assets/aa/Android/c1435942d5db7473fa120e8e57f01f45.bundle,TextAsset,1
source,bundle,assets/aa/Android/c14f6d1467728bf0fdfaf5a08a77cb51.bundle,AssetBundle,1
source,bundle,assets/aa/Android/c14f6d1467728bf0fdfaf5a08a77cb51.bundle,Sprite,1
source,bundle,assets/aa/Android/c14f6d1467728bf0fdfaf5a08a77cb51.bundle,Texture2D,1
source,bundle,assets/aa/Android/c163def763ad584e381c2f9e631d97d1.bundle,AssetBundle,1
source,bundle,assets/aa/Android/c163def763ad584e381c2f9e631d97d1.bundle,Sprite,1
source,bundle,assets/aa/Android/c163def763ad584e381c2f9e631d97d1.bundle,Texture2D,1
source,bundle,assets/aa/Android/c186d70b15d9b79ff0d0d48ac5e5726b.bundle,AssetBundle,1
source,bundle,assets/aa/Android/c186d70b15d9b79ff0d0d48ac5e5726b.bundle,AudioClip,1
source,bundle,assets/aa/Android/c19a6bd99e61de62f4fd643b68b7ec55.bundle,AssetBundle,1
source,bundle,assets/aa/Android/c19a6bd99e61de62f4fd643b68b7ec55.bundle,TextAsset,1
source,bundle,assets/aa/Android/c1a54b4d06df60152843f3c087dcacfb.bundle,AssetBundle,1
source,bundle,assets/aa/Android/c1a54b4d06df60152843f3c087dcacfb.bundle,Sprite,1
source,bundle,assets/aa/Android/c1a54b4d06df60152843f3c087dcacfb.bundle,Texture2D,1
source,bundle,assets/aa/Android/c1b6465049c41f8fbcda81bea0dc0c5d.bundle,AssetBundle,1
source,bundle,assets/aa/Android/c1b6465049c41f8fbcda81bea0dc0c5d.bundle,Sprite,1
source,bundle,assets/aa/Android/c1b6465049c41f8fbcda81bea0dc0c5d.bundle,Texture2D,1
source,bundle,assets/aa/Android/c1b8b57551130ac416d2391031ef61de.bundle,AssetBundle,1
source,bundle,assets/aa/Android/c1b8b57551130ac416d2391031ef61de.bundle,TextAsset,1
source,bundle,assets/aa/Android/c20515dad97b37fc622ab2e8269b85cd.bundle,AssetBundle,1
source,bundle,assets/aa/Android/c20515dad97b37fc622ab2e8269b85cd.bundle,TextAsset,1
source,bundle,assets/aa/Android/c2677655f706dd15b8e0cca9f73a8fb1.bundle,AssetBundle,1
source,bundle,assets/aa/Android/c2677655f706dd15b8e0cca9f73a8fb1.bundle,Sprite,1
source,bundle,assets/aa/Android/c2677655f706dd15b8e0cca9f73a8fb1.bundle,Texture2D,1
source,bundle,assets/aa/Android/c277dbc6b6f772ed3f538762c6a3734c.bundle,AssetBundle,1
source,bundle,assets/aa/Android/c277dbc6b6f772ed3f538762c6a3734c.bundle,AudioClip,1
source,bundle,assets/aa/Android/c286447afdad3903cc1313e61a160cc5.bundle,AssetBundle,1
source,bundle,assets/aa/Android/c286447afdad3903cc1313e61a160cc5.bundle,TextAsset,1
source,bundle,assets/aa/Android/c293b2d61fae9e51db419a8ee904d805.bundle,AssetBundle,1
source,bundle,assets/aa/Android/c293b2d61fae9e51db419a8ee904d805.bundle,AudioClip,1
source,bundle,assets/aa/Android/c2bb3d9223d2774e47e03d67cfae6b4c.bundle,AssetBundle,1
source,bundle,assets/aa/Android/c2bb3d9223d2774e47e03d67cfae6b4c.bundle,Sprite,1
source,bundle,assets/aa/Android/c2bb3d9223d2774e47e03d67cfae6b4c.bundle,Texture2D,1
source,bundle,assets/aa/Android/c3115790d20bbabfc89531fbe1a5bd35.bundle,AssetBundle,1
source,bundle,assets/aa/Android/c3115790d20bbabfc89531fbe1a5bd35.bundle,TextAsset,1
source,bundle,assets/aa/Android/c313c521332e76ffaea46519bd553024.bundle,AssetBundle,1
source,bundle,assets/aa/Android/c313c521332e76ffaea46519bd553024.bundle,TextAsset,1
source,bundle,assets/aa/Android/c32ccb5f4820936029298c9765c05d05.bundle,AssetBundle,1
source,bundle,assets/aa/Android/c32ccb5f4820936029298c9765c05d05.bundle,Sprite,1
source,bundle,assets/aa/Android/c32ccb5f4820936029298c9765c05d05.bundle,Texture2D,1
source,bundle,assets/aa/Android/c3390d8c6230c4d3fd1cf52a7ee6ae2b.bundle,AssetBundle,1
source,bundle,assets/aa/Android/c3390d8c6230c4d3fd1cf52a7ee6ae2b.bundle,Sprite,1
source,bundle,assets/aa/Android/c3390d8c6230c4d3fd1cf52a7ee6ae2b.bundle,Texture2D,1
source,bundle,assets/aa/Android/c33c0bfa0996c965352206fb1e78f831.bundle,AssetBundle,1
source,bundle,assets/aa/Android/c33c0bfa0996c965352206fb1e78f831.bundle,AudioClip,1
source,bundle,assets/aa/Android/c37d94495d411f66786ebf25e24acb0c.bundle,AssetBundle,1
source,bundle,assets/aa/Android/c37d94495d411f66786ebf25e24acb0c.bundle,TextAsset,1
source,bundle,assets/aa/Android/c39ac447f6cdb87e78598166c791d816.bundle,AssetBundle,1
source,bundle,assets/aa/Android/c39ac447f6cdb87e78598166c791d816.bundle,TextAsset,1
source,bundle,assets/aa/Android/c3a207f24c1247e83da906a1c4cfc4e8.bundle,AssetBundle,1
source,bundle,assets/aa/Android/c3a207f24c1247e83da906a1c4cfc4e8.bundle,TextAsset,1
source,bundle,assets/aa/Android/c3ab6263d371daa0357a1530119dfd12.bundle,AssetBundle,1
source,bundle,assets/aa/Android/c3ab6263d371daa0357a1530119dfd12.bundle,Sprite,1
source,bundle,assets/aa/Android/c3ab6263d371daa0357a1530119dfd12.bundle,Texture2D,1
source,bundle,assets/aa/Android/c3bb462211600d3c00894cd15cf7620f.bundle,AssetBundle,1
source,bundle,assets/aa/Android/c3bb462211600d3c00894cd15cf7620f.bundle,AudioClip,1
source,bundle,assets/aa/Android/c3f447d20fb427dc7779a907324f868b.bundle,AssetBundle,1
source,bundle,assets/aa/Android/c3f447d20fb427dc7779a907324f868b.bundle,Sprite,1
source,bundle,assets/aa/Android/c3f447d20fb427dc7779a907324f868b.bundle,Texture2D,1
source,bundle,assets/aa/Android/c4259f272cfac49b93ad4cc59d74b614.bundle,AssetBundle,1
source,bundle,assets/aa/Android/c4259f272cfac49b93ad4cc59d74b614.bundle,AudioClip,1
source,bundle,assets/aa/Android/c42ab804148c20465d38e7fce0c3bdfb.bundle,AssetBundle,1
source,bundle,assets/aa/Android/c42ab804148c20465d38e7fce0c3bdfb.bundle,TextAsset,1
source,bundle,assets/aa/Android/c438dad16be6c2da862d69ee69e3101f.bundle,AssetBundle,1
source,bundle,assets/aa/Android/c438dad16be6c2da862d69ee69e3101f.bundle,AudioClip,1
source,bundle,assets/aa/Android/c454ae01005b7a64c8516906b1122ea4.bundle,AssetBundle,1
source,bundle,assets/aa/Android/c454ae01005b7a64c8516906b1122ea4.bundle,Sprite,1
source,bundle,assets/aa/Android/c454ae01005b7a64c8516906b1122ea4.bundle,Texture2D,1
source,bundle,assets/aa/Android/c45967034383c882e0671f33037dd0a8.bundle,AssetBundle,1
source,bundle,assets/aa/Android/c45967034383c882e0671f33037dd0a8.bundle,TextAsset,1
source,bundle,assets/aa/Android/c463b2401c4b0aefe7c427f5b7ecad2d.bundle,AssetBundle,1
source,bundle,assets/aa/Android/c463b2401c4b0aefe7c427f5b7ecad2d.bundle,TextAsset,1
source,bundle,assets/aa/Android/c473b2b14a75a5e2c50579e36c3fae60.bundle,AssetBundle,1
source,bundle,assets/aa/Android/c473b2b14a75a5e2c50579e36c3fae60.bundle,TextAsset,1
source,bundle,assets/aa/Android/c48e9df310c06f2f5d98ca8a86b41937.bundle,AssetBundle,1
source,bundle,assets/aa/Android/c48e9df310c06f2f5d98ca8a86b41937.bundle,Sprite,1
source,bundle,assets/aa/Android/c48e9df310c06f2f5d98ca8a86b41937.bundle,Texture2D,1
source,bundle,assets/aa/Android/c49ae30688bb9585bb8829062f94ca1d.bundle,AssetBundle,1
source,bundle,assets/aa/Android/c49ae30688bb9585bb8829062f94ca1d.bundle,AudioClip,1
source,bundle,assets/aa/Android/c4a4fbff913e9f1f357623c8c5b69c38.bundle,AssetBundle,1
source,bundle,assets/aa/Android/c4a4fbff913e9f1f357623c8c5b69c38.bundle,Sprite,1
source,bundle,assets/aa/Android/c4a4fbff913e9f1f357623c8c5b69c38.bundle,Texture2D,1
source,bundle,assets/aa/Android/c4d45c5d56aeef35b7f409c7f9058ed7.bundle,AssetBundle,1
source,bundle,assets/aa/Android/c4d45c5d56aeef35b7f409c7f9058ed7.bundle,Sprite,1
source,bundle,assets/aa/Android/c4d45c5d56aeef35b7f409c7f9058ed7.bundle,Texture2D,1
source,bundle,assets/aa/Android/c510897a05e66468c37edc6c226c780c.bundle,AssetBundle,1
source,bundle,assets/aa/Android/c510897a05e66468c37edc6c226c780c.bundle,AudioClip,1
source,bundle,assets/aa/Android/c522454f27326a6b934f77a7d0b85bb4.bundle,AssetBundle,1
source,bundle,assets/aa/Android/c522454f27326a6b934f77a7d0b85bb4.bundle,Sprite,1
source,bundle,assets/aa/Android/c522454f27326a6b934f77a7d0b85bb4.bundle,Texture2D,1
source,bundle,assets/aa/Android/c5473edf2ff6412715a89c20c0a60fa7.bundle,AssetBundle,1
source,bundle,assets/aa/Android/c5473edf2ff6412715a89c20c0a60fa7.bundle,Sprite,1
source,bundle,assets/aa/Android/c5473edf2ff6412715a89c20c0a60fa7.bundle,Texture2D,1
source,bundle,assets/aa/Android/c5479f6fcdf0e8ac301bf862a2d12b17.bundle,AssetBundle,1
source,bundle,assets/aa/Android/c5479f6fcdf0e8ac301bf862a2d12b17.bundle,Sprite,1
source,bundle,assets/aa/Android/c5479f6fcdf0e8ac301bf862a2d12b17.bundle,Texture2D,1
source,bundle,assets/aa/Android/c55b7fa1377acc87a251175a06dbcdb6.bundle,AssetBundle,1
source,bundle,assets/aa/Android/c55b7fa1377acc87a251175a06dbcdb6.bundle,AudioClip,1
source,bundle,assets/aa/Android/c578b5789bdec7d362641eb1ad57d318.bundle,AssetBundle,1
source,bundle,assets/aa/Android/c578b5789bdec7d362641eb1ad57d318.bundle,Sprite,1
source,bundle,assets/aa/Android/c578b5789bdec7d362641eb1ad57d318.bundle,Texture2D,1
source,bundle,assets/aa/Android/c5b4abdc49ada82d558f6524a31d1286.bundle,AssetBundle,1
source,bundle,assets/aa/Android/c5b4abdc49ada82d558f6524a31d1286.bundle,Sprite,1
source,bundle,assets/aa/Android/c5b4abdc49ada82d558f6524a31d1286.bundle,Texture2D,1
source,bundle,assets/aa/Android/c5b6f0798a0fe48cfbe567df87cba7bc.bundle,AssetBundle,1
source,bundle,assets/aa/Android/c5b6f0798a0fe48cfbe567df87cba7bc.bundle,TextAsset,1
source,bundle,assets/aa/Android/c5bc747390a4a6f2de4e5ad9f2972099.bundle,AssetBundle,1
source,bundle,assets/aa/Android/c5bc747390a4a6f2de4e5ad9f2972099.bundle,TextAsset,1
source,bundle,assets/aa/Android/c5c5ed20f995640287e477f6dd89ad8b.bundle,AssetBundle,1
source,bundle,assets/aa/Android/c5c5ed20f995640287e477f6dd89ad8b.bundle,Sprite,1
source,bundle,assets/aa/Android/c5c5ed20f995640287e477f6dd89ad8b.bundle,Texture2D,1
source,bundle,assets/aa/Android/c63741e448a2a2017d13e0f0820b8bdb.bundle,AssetBundle,1
source,bundle,assets/aa/Android/c63741e448a2a2017d13e0f0820b8bdb.bundle,TextAsset,1
source,bundle,assets/aa/Android/c64eabd05485c0b40338b7cdee10df92.bundle,AssetBundle,1
source,bundle,assets/aa/Android/c64eabd05485c0b40338b7cdee10df92.bundle,Sprite,1
source,bundle,assets/aa/Android/c64eabd05485c0b40338b7cdee10df92.bundle,Texture2D,1
source,bundle,assets/aa/Android/c66424220b52d15eca31a23538f9de90.bundle,AssetBundle,1
source,bundle,assets/aa/Android/c66424220b52d15eca31a23538f9de90.bundle,AudioClip,1
source,bundle,assets/aa/Android/c664e6fa31dfa3b81a34c2fdc7c440bc.bundle,AssetBundle,1
source,bundle,assets/aa/Android/c664e6fa31dfa3b81a34c2fdc7c440bc.bundle,Sprite,1
source,bundle,assets/aa/Android/c664e6fa31dfa3b81a34c2fdc7c440bc.bundle,Texture2D,1
source,bundle,assets/aa/Android/c682ccd92686e97b1ae087366838a745.bundle,AssetBundle,1
source,bundle,assets/aa/Android/c682ccd92686e97b1ae087366838a745.bundle,TextAsset,1
source,bundle,assets/aa/Android/c699d181e64627ead88401b5dd82c31c.bundle,AssetBundle,1
source,bundle,assets/aa/Android/c699d181e64627ead88401b5dd82c31c.bundle,TextAsset,1
source,bundle,assets/aa/Android/c6d15b3c613c515710c6d196a5102471.bundle,AssetBundle,1
source,bundle,assets/aa/Android/c6d15b3c613c515710c6d196a5102471.bundle,TextAsset,1
source,bundle,assets/aa/Android/c6e3f01136df465eef74177de42dcc3c.bundle,AssetBundle,1
source,bundle,assets/aa/Android/c6e3f01136df465eef74177de42dcc3c.bundle,Sprite,1
source,bundle,assets/aa/Android/c6e3f01136df465eef74177de42dcc3c.bundle,Texture2D,1
source,bundle,assets/aa/Android/c6ecafe41bae1947a2ea4fc592987c59.bundle,AssetBundle,1
source,bundle,assets/aa/Android/c6ecafe41bae1947a2ea4fc592987c59.bundle,Sprite,1
source,bundle,assets/aa/Android/c6ecafe41bae1947a2ea4fc592987c59.bundle,Texture2D,1
source,bundle,assets/aa/Android/c6f5e138bb0386cf5ada0f65de6d0e9e.bundle,AssetBundle,1
source,bundle,assets/aa/Android/c6f5e138bb0386cf5ada0f65de6d0e9e.bundle,TextAsset,1
source,bundle,assets/aa/Android/c6fad54ce14186ff185eb34f147fd4e1.bundle,AssetBundle,1
source,bundle,assets/aa/Android/c6fad54ce14186ff185eb34f147fd4e1.bundle,AudioClip,1
source,bundle,assets/aa/Android/c6fccf583a479ff53a251e67a82eff05.bundle,AssetBundle,1
source,bundle,assets/aa/Android/c6fccf583a479ff53a251e67a82eff05.bundle,Sprite,1
source,bundle,assets/aa/Android/c6fccf583a479ff53a251e67a82eff05.bundle,Texture2D,1
source,bundle,assets/aa/Android/c7344cdc39f7ad3f730b603a33f60eae.bundle,AssetBundle,1
source,bundle,assets/aa/Android/c7344cdc39f7ad3f730b603a33f60eae.bundle,Sprite,1
source,bundle,assets/aa/Android/c7344cdc39f7ad3f730b603a33f60eae.bundle,Texture2D,1
source,bundle,assets/aa/Android/c73482c56d4f85dcec8711c563e323f3.bundle,AssetBundle,1
source,bundle,assets/aa/Android/c73482c56d4f85dcec8711c563e323f3.bundle,TextAsset,1
source,bundle,assets/aa/Android/c74f6af4868bd6b067875d2cf6672a6b.bundle,AssetBundle,1
source,bundle,assets/aa/Android/c74f6af4868bd6b067875d2cf6672a6b.bundle,Sprite,1
source,bundle,assets/aa/Android/c74f6af4868bd6b067875d2cf6672a6b.bundle,Texture2D,1
source,bundle,assets/aa/Android/c751bfb85512c5ea01c030b75e1b674a.bundle,AssetBundle,1
source,bundle,assets/aa/Android/c751bfb85512c5ea01c030b75e1b674a.bundle,Sprite,1
source,bundle,assets/aa/Android/c751bfb85512c5ea01c030b75e1b674a.bundle,Texture2D,1
source,bundle,assets/aa/Android/c768fea59c1776bc81e5cb4f2f88789e.bundle,AssetBundle,1
source,bundle,assets/aa/Android/c768fea59c1776bc81e5cb4f2f88789e.bundle,TextAsset,1
source,bundle,assets/aa/Android/c76e4a25ec7004aff4ed0bf3113e2c38.bundle,AssetBundle,1
source,bundle,assets/aa/Android/c76e4a25ec7004aff4ed0bf3113e2c38.bundle,Sprite,1
source,bundle,assets/aa/Android/c76e4a25ec7004aff4ed0bf3113e2c38.bundle,Texture2D,1
source,bundle,assets/aa/Android/c77244c72671561a5aa098c2721fd7f3.bundle,AssetBundle,1
source,bundle,assets/aa/Android/c77244c72671561a5aa098c2721fd7f3.bundle,TextAsset,1
source,bundle,assets/aa/Android/c7af8c9d4186bf5a3e188c3216c639f9.bundle,AssetBundle,1
source,bundle,assets/aa/Android/c7af8c9d4186bf5a3e188c3216c639f9.bundle,AudioClip,1
source,bundle,assets/aa/Android/c7b32ffd3d3e7589a45161921b79bad3.bundle,AssetBundle,1
source,bundle,assets/aa/Android/c7b32ffd3d3e7589a45161921b79bad3.bundle,TextAsset,1
source,bundle,assets/aa/Android/c7f72a1cfa467b9af1d01a5df7fe8d20.bundle,AssetBundle,1
source,bundle,assets/aa/Android/c7f72a1cfa467b9af1d01a5df7fe8d20.bundle,Sprite,1
source,bundle,assets/aa/Android/c7f72a1cfa467b9af1d01a5df7fe8d20.bundle,Texture2D,1
source,bundle,assets/aa/Android/c8005f80452f20c83c95cc6848c54189.bundle,AssetBundle,1
source,bundle,assets/aa/Android/c8005f80452f20c83c95cc6848c54189.bundle,AudioClip,1
source,bundle,assets/aa/Android/c812e8afac62a4545fa3fca627a8e1c9.bundle,AssetBundle,1
source,bundle,assets/aa/Android/c812e8afac62a4545fa3fca627a8e1c9.bundle,Sprite,1
source,bundle,assets/aa/Android/c812e8afac62a4545fa3fca627a8e1c9.bundle,Texture2D,1
source,bundle,assets/aa/Android/c81528bd91fecbdd441a0eafedf520a2.bundle,AssetBundle,1
source,bundle,assets/aa/Android/c81528bd91fecbdd441a0eafedf520a2.bundle,Sprite,1
source,bundle,assets/aa/Android/c81528bd91fecbdd441a0eafedf520a2.bundle,Texture2D,1
source,bundle,assets/aa/Android/c81e4ade42361c9157c553ce0b82825e.bundle,AssetBundle,1
source,bundle,assets/aa/Android/c81e4ade42361c9157c553ce0b82825e.bundle,Sprite,1
source,bundle,assets/aa/Android/c81e4ade42361c9157c553ce0b82825e.bundle,Texture2D,1
source,bundle,assets/aa/Android/c827aa85cf5529ea335fbc238c4375f1.bundle,AssetBundle,1
source,bundle,assets/aa/Android/c827aa85cf5529ea335fbc238c4375f1.bundle,Sprite,1
source,bundle,assets/aa/Android/c827aa85cf5529ea335fbc238c4375f1.bundle,Texture2D,1
source,bundle,assets/aa/Android/c82d49d3adc3faf28dd29e57b53dca56.bundle,AssetBundle,1
source,bundle,assets/aa/Android/c82d49d3adc3faf28dd29e57b53dca56.bundle,TextAsset,1
source,bundle,assets/aa/Android/c845126aa680d4a9a84819162d0e29ad.bundle,AssetBundle,1
source,bundle,assets/aa/Android/c845126aa680d4a9a84819162d0e29ad.bundle,AudioClip,1
source,bundle,assets/aa/Android/c8572779ad5db528aab854d22adcdd3c.bundle,AssetBundle,1
source,bundle,assets/aa/Android/c8572779ad5db528aab854d22adcdd3c.bundle,TextAsset,1
source,bundle,assets/aa/Android/c86e3871e6de1fc36d2037bfc96aaf9f.bundle,AssetBundle,1
source,bundle,assets/aa/Android/c86e3871e6de1fc36d2037bfc96aaf9f.bundle,TextAsset,1
source,bundle,assets/aa/Android/c89e15d08c7d1d74383305ae49aa8034.bundle,AssetBundle,1
source,bundle,assets/aa/Android/c89e15d08c7d1d74383305ae49aa8034.bundle,AudioClip,1
source,bundle,assets/aa/Android/c8c93dd0f5670cbdacd7cf344c651a1d.bundle,AssetBundle,1
source,bundle,assets/aa/Android/c8c93dd0f5670cbdacd7cf344c651a1d.bundle,Sprite,1
source,bundle,assets/aa/Android/c8c93dd0f5670cbdacd7cf344c651a1d.bundle,Texture2D,1
source,bundle,assets/aa/Android/c8d64aa2751a8344540106f8609f739e.bundle,AssetBundle,1
source,bundle,assets/aa/Android/c8d64aa2751a8344540106f8609f739e.bundle,AudioClip,1
source,bundle,assets/aa/Android/c8f5551db9a14b13a1f9d91d7cebb06a.bundle,AssetBundle,1
source,bundle,assets/aa/Android/c8f5551db9a14b13a1f9d91d7cebb06a.bundle,TextAsset,1
source,bundle,assets/aa/Android/c90464074cdb992cbbcfa50cb33840c2.bundle,AssetBundle,1
source,bundle,assets/aa/Android/c90464074cdb992cbbcfa50cb33840c2.bundle,Sprite,1
source,bundle,assets/aa/Android/c90464074cdb992cbbcfa50cb33840c2.bundle,Texture2D,1
source,bundle,assets/aa/Android/c91f89ddee7eeaf9eb6041df6f7a8c51.bundle,AssetBundle,1
source,bundle,assets/aa/Android/c91f89ddee7eeaf9eb6041df6f7a8c51.bundle,Sprite,1
source,bundle,assets/aa/Android/c91f89ddee7eeaf9eb6041df6f7a8c51.bundle,Texture2D,1
source,bundle,assets/aa/Android/c9529522ef40cceec880adc779f27955.bundle,AssetBundle,1
source,bundle,assets/aa/Android/c9529522ef40cceec880adc779f27955.bundle,Sprite,1
source,bundle,assets/aa/Android/c9529522ef40cceec880adc779f27955.bundle,Texture2D,1
source,bundle,assets/aa/Android/c9629f1de5d402e2bb0b520e4bcf9536.bundle,AssetBundle,1
source,bundle,assets/aa/Android/c9629f1de5d402e2bb0b520e4bcf9536.bundle,TextAsset,1
source,bundle,assets/aa/Android/c9ac6d6544c8491041fcfc29019133c7.bundle,AssetBundle,1
source,bundle,assets/aa/Android/c9ac6d6544c8491041fcfc29019133c7.bundle,Sprite,1
source,bundle,assets/aa/Android/c9ac6d6544c8491041fcfc29019133c7.bundle,Texture2D,1
source,bundle,assets/aa/Android/c9bd369eaee23d07cec5b70b81ff09ce.bundle,AssetBundle,1
source,bundle,assets/aa/Android/c9bd369eaee23d07cec5b70b81ff09ce.bundle,TextAsset,1
source,bundle,assets/aa/Android/c9ccd292954796053ae4a20016e13026.bundle,AssetBundle,1
source,bundle,assets/aa/Android/c9ccd292954796053ae4a20016e13026.bundle,TextAsset,1
source,bundle,assets/aa/Android/c9d52ffb7006d9351519d10d4c0c767f.bundle,AssetBundle,1
source,bundle,assets/aa/Android/c9d52ffb7006d9351519d10d4c0c767f.bundle,TextAsset,1
source,bundle,assets/aa/Android/c9d823083a93d7ba355b628b8c43e5fc.bundle,AssetBundle,1
source,bundle,assets/aa/Android/c9d823083a93d7ba355b628b8c43e5fc.bundle,Sprite,1
source,bundle,assets/aa/Android/c9d823083a93d7ba355b628b8c43e5fc.bundle,Texture2D,1
source,bundle,assets/aa/Android/ca0c3b03590d9542fb0556ffd253c444.bundle,AssetBundle,1
source,bundle,assets/aa/Android/ca0c3b03590d9542fb0556ffd253c444.bundle,TextAsset,1
source,bundle,assets/aa/Android/ca109601cebae46d1fa1b42fda2b838e.bundle,AssetBundle,1
source,bundle,assets/aa/Android/ca109601cebae46d1fa1b42fda2b838e.bundle,TextAsset,1
source,bundle,assets/aa/Android/ca45b9956f2d73124b29b4fc4dace929.bundle,AssetBundle,1
source,bundle,assets/aa/Android/ca45b9956f2d73124b29b4fc4dace929.bundle,Sprite,1
source,bundle,assets/aa/Android/ca45b9956f2d73124b29b4fc4dace929.bundle,Texture2D,1
source,bundle,assets/aa/Android/ca55d3d7617205463f8067025942ac48.bundle,AssetBundle,1
source,bundle,assets/aa/Android/ca55d3d7617205463f8067025942ac48.bundle,Sprite,1
source,bundle,assets/aa/Android/ca55d3d7617205463f8067025942ac48.bundle,Texture2D,1
source,bundle,assets/aa/Android/ca7072c5aaa364e583ae99f4ccd7e716.bundle,AssetBundle,1
source,bundle,assets/aa/Android/ca7072c5aaa364e583ae99f4ccd7e716.bundle,Sprite,1
source,bundle,assets/aa/Android/ca7072c5aaa364e583ae99f4ccd7e716.bundle,Texture2D,1
source,bundle,assets/aa/Android/caa69244a3b6a3d09d684543a5748858.bundle,AssetBundle,1
source,bundle,assets/aa/Android/caa69244a3b6a3d09d684543a5748858.bundle,AudioClip,1
source,bundle,assets/aa/Android/cab4ffdcdb01f9c5c362af4804d1ecec.bundle,AssetBundle,1
source,bundle,assets/aa/Android/cab4ffdcdb01f9c5c362af4804d1ecec.bundle,Sprite,1
source,bundle,assets/aa/Android/cab4ffdcdb01f9c5c362af4804d1ecec.bundle,Texture2D,1
source,bundle,assets/aa/Android/caead967dfcd772ba35ab908b8cb1c48.bundle,AssetBundle,1
source,bundle,assets/aa/Android/caead967dfcd772ba35ab908b8cb1c48.bundle,Sprite,1
source,bundle,assets/aa/Android/caead967dfcd772ba35ab908b8cb1c48.bundle,Texture2D,1
source,bundle,assets/aa/Android/cb1664a77d8604cbb018b7bd886042b7.bundle,AssetBundle,1
source,bundle,assets/aa/Android/cb1664a77d8604cbb018b7bd886042b7.bundle,TextAsset,1
source,bundle,assets/aa/Android/cb447c042decfebfaab9048a29a3d0b3.bundle,AssetBundle,1
source,bundle,assets/aa/Android/cb447c042decfebfaab9048a29a3d0b3.bundle,TextAsset,1
source,bundle,assets/aa/Android/cb59a8412784ad6cb1afea18404a7605.bundle,AssetBundle,1
source,bundle,assets/aa/Android/cb59a8412784ad6cb1afea18404a7605.bundle,AudioClip,1
source,bundle,assets/aa/Android/cb6aa9a22c9f37badc8f589f1e1158e7.bundle,AssetBundle,1
source,bundle,assets/aa/Android/cb6aa9a22c9f37badc8f589f1e1158e7.bundle,TextAsset,1
source,bundle,assets/aa/Android/cb791857a0da85e34f907a2f8a81d132.bundle,AssetBundle,1
source,bundle,assets/aa/Android/cb791857a0da85e34f907a2f8a81d132.bundle,Sprite,1
source,bundle,assets/aa/Android/cb791857a0da85e34f907a2f8a81d132.bundle,Texture2D,1
source,bundle,assets/aa/Android/cb7cc9322933d3104809146e60afb393.bundle,AssetBundle,1
source,bundle,assets/aa/Android/cb7cc9322933d3104809146e60afb393.bundle,TextAsset,1
source,bundle,assets/aa/Android/cbaa6b4c5203534526f5f2ad35e455ab.bundle,AssetBundle,1
source,bundle,assets/aa/Android/cbaa6b4c5203534526f5f2ad35e455ab.bundle,Sprite,1
source,bundle,assets/aa/Android/cbaa6b4c5203534526f5f2ad35e455ab.bundle,Texture2D,1
source,bundle,assets/aa/Android/cbaab11bfcd797a695bbdd8546e32e77.bundle,AssetBundle,1
source,bundle,assets/aa/Android/cbaab11bfcd797a695bbdd8546e32e77.bundle,Sprite,1
source,bundle,assets/aa/Android/cbaab11bfcd797a695bbdd8546e32e77.bundle,Texture2D,1
source,bundle,assets/aa/Android/cbd639cae8a9f11d404c1bfb34310caf.bundle,AssetBundle,1
source,bundle,assets/aa/Android/cbd639cae8a9f11d404c1bfb34310caf.bundle,Sprite,1
source,bundle,assets/aa/Android/cbd639cae8a9f11d404c1bfb34310caf.bundle,Texture2D,1
source,bundle,assets/aa/Android/cbf84c96a86e94a3bd51b482ce816234.bundle,AssetBundle,1
source,bundle,assets/aa/Android/cbf84c96a86e94a3bd51b482ce816234.bundle,Sprite,1
source,bundle,assets/aa/Android/cbf84c96a86e94a3bd51b482ce816234.bundle,Texture2D,1
source,bundle,assets/aa/Android/cbf96a6a42aba6718740684731275c5a.bundle,AssetBundle,1
source,bundle,assets/aa/Android/cbf96a6a42aba6718740684731275c5a.bundle,Sprite,1
source,bundle,assets/aa/Android/cbf96a6a42aba6718740684731275c5a.bundle,Texture2D,1
source,bundle,assets/aa/Android/cbfd770085ecfc5522317faa35404e76.bundle,AssetBundle,1
source,bundle,assets/aa/Android/cbfd770085ecfc5522317faa35404e76.bundle,AudioClip,1
source,bundle,assets/aa/Android/cc36895beeea01d5e3f6af2a120ed5bc.bundle,AssetBundle,1
source,bundle,assets/aa/Android/cc36895beeea01d5e3f6af2a120ed5bc.bundle,Sprite,1
source,bundle,assets/aa/Android/cc36895beeea01d5e3f6af2a120ed5bc.bundle,Texture2D,1
source,bundle,assets/aa/Android/cc3fe7693df6771e712dbfeb9b0e0460.bundle,AssetBundle,1
source,bundle,assets/aa/Android/cc3fe7693df6771e712dbfeb9b0e0460.bundle,AudioClip,1
source,bundle,assets/aa/Android/cc3ff886d883c447dbd9303e180734e9.bundle,AssetBundle,1
source,bundle,assets/aa/Android/cc3ff886d883c447dbd9303e180734e9.bundle,TextAsset,1
source,bundle,assets/aa/Android/cc41ce606c60ceca9868139eb480cfc5.bundle,AssetBundle,1
source,bundle,assets/aa/Android/cc41ce606c60ceca9868139eb480cfc5.bundle,Sprite,1
source,bundle,assets/aa/Android/cc41ce606c60ceca9868139eb480cfc5.bundle,Texture2D,1
source,bundle,assets/aa/Android/cc4e895487d58e78e59551a4e1c0b526.bundle,AssetBundle,1
source,bundle,assets/aa/Android/cc4e895487d58e78e59551a4e1c0b526.bundle,Sprite,1
source,bundle,assets/aa/Android/cc4e895487d58e78e59551a4e1c0b526.bundle,Texture2D,1
source,bundle,assets/aa/Android/cc8955f368181b31025529718326d073.bundle,AssetBundle,1
source,bundle,assets/aa/Android/cc8955f368181b31025529718326d073.bundle,Sprite,1
source,bundle,assets/aa/Android/cc8955f368181b31025529718326d073.bundle,Texture2D,1
source,bundle,assets/aa/Android/cc91daab777cca5e89b77d4cd8d6e9d6.bundle,AssetBundle,1
source,bundle,assets/aa/Android/cc91daab777cca5e89b77d4cd8d6e9d6.bundle,Sprite,1
source,bundle,assets/aa/Android/cc91daab777cca5e89b77d4cd8d6e9d6.bundle,Texture2D,1
source,bundle,assets/aa/Android/ccab08746c6ef94af66f6f11de96669f.bundle,AssetBundle,1
source,bundle,assets/aa/Android/ccab08746c6ef94af66f6f11de96669f.bundle,TextAsset,1
source,bundle,assets/aa/Android/ccbb998be89c9dd4361fbb00cbc7c1c3.bundle,AssetBundle,1
source,bundle,assets/aa/Android/ccbb998be89c9dd4361fbb00cbc7c1c3.bundle,TextAsset,1
source,bundle,assets/aa/Android/ccc37c7cceb4e0db2fccb386bacfff14.bundle,AssetBundle,1
source,bundle,assets/aa/Android/ccc37c7cceb4e0db2fccb386bacfff14.bundle,Sprite,1
source,bundle,assets/aa/Android/ccc37c7cceb4e0db2fccb386bacfff14.bundle,Texture2D,1
source,bundle,assets/aa/Android/ccf1b3c205fa877c3c7f622e7bb384cf.bundle,AssetBundle,1
source,bundle,assets/aa/Android/ccf1b3c205fa877c3c7f622e7bb384cf.bundle,TextAsset,1
source,bundle,assets/aa/Android/cd158a7c2670c22cec26a26a1f24606a.bundle,AssetBundle,1
source,bundle,assets/aa/Android/cd158a7c2670c22cec26a26a1f24606a.bundle,TextAsset,1
source,bundle,assets/aa/Android/cd1fde07644ad5f212d9704b89335ef5.bundle,AssetBundle,1
source,bundle,assets/aa/Android/cd1fde07644ad5f212d9704b89335ef5.bundle,Sprite,1
source,bundle,assets/aa/Android/cd1fde07644ad5f212d9704b89335ef5.bundle,Texture2D,1
source,bundle,assets/aa/Android/cd40bc2804a188b6756b0db0fe0f06a2.bundle,AssetBundle,1
source,bundle,assets/aa/Android/cd40bc2804a188b6756b0db0fe0f06a2.bundle,Sprite,1
source,bundle,assets/aa/Android/cd40bc2804a188b6756b0db0fe0f06a2.bundle,Texture2D,1
source,bundle,assets/aa/Android/cd636cf14515b841d0d1e437d880f1ba.bundle,AssetBundle,1
source,bundle,assets/aa/Android/cd636cf14515b841d0d1e437d880f1ba.bundle,TextAsset,1
source,bundle,assets/aa/Android/cd91d7df503ed75da2992bf5502afc70.bundle,AssetBundle,1
source,bundle,assets/aa/Android/cd91d7df503ed75da2992bf5502afc70.bundle,Sprite,1
source,bundle,assets/aa/Android/cd91d7df503ed75da2992bf5502afc70.bundle,Texture2D,1
source,bundle,assets/aa/Android/cdd2e1184e6310c102acf230dc103dbf.bundle,AssetBundle,1
source,bundle,assets/aa/Android/cdd2e1184e6310c102acf230dc103dbf.bundle,TextAsset,1
source,bundle,assets/aa/Android/cde03e742cec9f5cbc62c518baff6fee.bundle,AssetBundle,1
source,bundle,assets/aa/Android/cde03e742cec9f5cbc62c518baff6fee.bundle,Sprite,1
source,bundle,assets/aa/Android/cde03e742cec9f5cbc62c518baff6fee.bundle,Texture2D,1
source,bundle,assets/aa/Android/ce097d85fee4148f147aaaaa1d091701.bundle,AssetBundle,1
source,bundle,assets/aa/Android/ce097d85fee4148f147aaaaa1d091701.bundle,Sprite,1
source,bundle,assets/aa/Android/ce097d85fee4148f147aaaaa1d091701.bundle,Texture2D,1
source,bundle,assets/aa/Android/ce12724dee9e11508fc295649298776a.bundle,AssetBundle,1
source,bundle,assets/aa/Android/ce12724dee9e11508fc295649298776a.bundle,TextAsset,1
source,bundle,assets/aa/Android/ce1ad8f812a8fd0563e5175a829eb16b.bundle,AssetBundle,1
source,bundle,assets/aa/Android/ce1ad8f812a8fd0563e5175a829eb16b.bundle,Sprite,1
source,bundle,assets/aa/Android/ce1ad8f812a8fd0563e5175a829eb16b.bundle,Texture2D,1
source,bundle,assets/aa/Android/ce220207fdcc9c7f7221a123e2aeea0c.bundle,AssetBundle,1
source,bundle,assets/aa/Android/ce220207fdcc9c7f7221a123e2aeea0c.bundle,TextAsset,1
source,bundle,assets/aa/Android/ce290dcb64e8c6f3403e15054f611c8e.bundle,AssetBundle,1
source,bundle,assets/aa/Android/ce290dcb64e8c6f3403e15054f611c8e.bundle,AudioClip,1
source,bundle,assets/aa/Android/ce353f158b80bf307a845b6559b1111f.bundle,AssetBundle,1
source,bundle,assets/aa/Android/ce353f158b80bf307a845b6559b1111f.bundle,Sprite,1
source,bundle,assets/aa/Android/ce353f158b80bf307a845b6559b1111f.bundle,Texture2D,1
source,bundle,assets/aa/Android/ce3790901715f93b3340de7d34c8d8c0.bundle,AssetBundle,1
source,bundle,assets/aa/Android/ce3790901715f93b3340de7d34c8d8c0.bundle,AudioClip,1
source,bundle,assets/aa/Android/ce4993d641e674ba39d62b7232e80f9a.bundle,AssetBundle,1
source,bundle,assets/aa/Android/ce4993d641e674ba39d62b7232e80f9a.bundle,TextAsset,1
source,bundle,assets/aa/Android/ce60376f0acd7df0f953b7eb0d766cb5.bundle,AssetBundle,1
source,bundle,assets/aa/Android/ce60376f0acd7df0f953b7eb0d766cb5.bundle,AudioClip,1
source,bundle,assets/aa/Android/ce62d611859d280d74149d2fada83eab.bundle,AssetBundle,1
source,bundle,assets/aa/Android/ce62d611859d280d74149d2fada83eab.bundle,Sprite,1
source,bundle,assets/aa/Android/ce62d611859d280d74149d2fada83eab.bundle,Texture2D,1
source,bundle,assets/aa/Android/ce6de505a351131f7a02d1a651c74028.bundle,AssetBundle,1
source,bundle,assets/aa/Android/ce6de505a351131f7a02d1a651c74028.bundle,AudioClip,1
source,bundle,assets/aa/Android/ce767d2caa292062bfc773b37cb1a93e.bundle,AssetBundle,1
source,bundle,assets/aa/Android/ce767d2caa292062bfc773b37cb1a93e.bundle,Sprite,1
source,bundle,assets/aa/Android/ce767d2caa292062bfc773b37cb1a93e.bundle,Texture2D,1
source,bundle,assets/aa/Android/ce78c15c095d2d460720e025c5ea0180.bundle,AssetBundle,1
source,bundle,assets/aa/Android/ce78c15c095d2d460720e025c5ea0180.bundle,Sprite,1
source,bundle,assets/aa/Android/ce78c15c095d2d460720e025c5ea0180.bundle,Texture2D,1
source,bundle,assets/aa/Android/ceace96284eb78cc6be0bd11dd068d9f.bundle,AssetBundle,1
source,bundle,assets/aa/Android/ceace96284eb78cc6be0bd11dd068d9f.bundle,TextAsset,1
source,bundle,assets/aa/Android/ceb5d878c59c5525fe279cf0cff2093a.bundle,AssetBundle,1
source,bundle,assets/aa/Android/ceb5d878c59c5525fe279cf0cff2093a.bundle,TextAsset,1
source,bundle,assets/aa/Android/cebfa793275f1812148351d084ec40c7.bundle,AssetBundle,1
source,bundle,assets/aa/Android/cebfa793275f1812148351d084ec40c7.bundle,Sprite,1
source,bundle,assets/aa/Android/cebfa793275f1812148351d084ec40c7.bundle,Texture2D,1
source,bundle,assets/aa/Android/cedbece32186d57ddb826654e334976e.bundle,AssetBundle,1
source,bundle,assets/aa/Android/cedbece32186d57ddb826654e334976e.bundle,Sprite,1
source,bundle,assets/aa/Android/cedbece32186d57ddb826654e334976e.bundle,Texture2D,1
source,bundle,assets/aa/Android/cede7d72bd529ba230aa0d0fbc53f772.bundle,AssetBundle,1
source,bundle,assets/aa/Android/cede7d72bd529ba230aa0d0fbc53f772.bundle,Sprite,1
source,bundle,assets/aa/Android/cede7d72bd529ba230aa0d0fbc53f772.bundle,Texture2D,1
source,bundle,assets/aa/Android/cf0375d590e4ad0ac1b485b1cd62ffed.bundle,AssetBundle,1
source,bundle,assets/aa/Android/cf0375d590e4ad0ac1b485b1cd62ffed.bundle,Sprite,1
source,bundle,assets/aa/Android/cf0375d590e4ad0ac1b485b1cd62ffed.bundle,Texture2D,1
source,bundle,assets/aa/Android/cf648573ea2b33bd05827e0a840be129.bundle,AssetBundle,1
source,bundle,assets/aa/Android/cf648573ea2b33bd05827e0a840be129.bundle,TextAsset,1
source,bundle,assets/aa/Android/cf689ac6de90df50f9378ba94918a2fd.bundle,AssetBundle,1
source,bundle,assets/aa/Android/cf689ac6de90df50f9378ba94918a2fd.bundle,TextAsset,1
source,bundle,assets/aa/Android/cf6c709eca4b5c57d35db020441e8ea0.bundle,AssetBundle,1
source,bundle,assets/aa/Android/cf6c709eca4b5c57d35db020441e8ea0.bundle,Sprite,1
source,bundle,assets/aa/Android/cf6c709eca4b5c57d35db020441e8ea0.bundle,Texture2D,1
source,bundle,assets/aa/Android/cf8915424aea57364ab25e187704d637.bundle,AssetBundle,1
source,bundle,assets/aa/Android/cf8915424aea57364ab25e187704d637.bundle,AudioClip,1
source,bundle,assets/aa/Android/cf8f5aced1ac36ab93644d9b26d5a6f2.bundle,AssetBundle,1
source,bundle,assets/aa/Android/cf8f5aced1ac36ab93644d9b26d5a6f2.bundle,TextAsset,1
source,bundle,assets/aa/Android/cf95675900de1409cc14553b2af7be27.bundle,AssetBundle,1
source,bundle,assets/aa/Android/cf95675900de1409cc14553b2af7be27.bundle,TextAsset,1
source,bundle,assets/aa/Android/cfb64f3a0040f4c8d0794947646f5ae6.bundle,AssetBundle,1
source,bundle,assets/aa/Android/cfb64f3a0040f4c8d0794947646f5ae6.bundle,Sprite,1
source,bundle,assets/aa/Android/cfb64f3a0040f4c8d0794947646f5ae6.bundle,Texture2D,1
source,bundle,assets/aa/Android/cfd8ddc9683e64b2ed620ece0df2fcda.bundle,AssetBundle,1
source,bundle,assets/aa/Android/cfd8ddc9683e64b2ed620ece0df2fcda.bundle,Sprite,1
source,bundle,assets/aa/Android/cfd8ddc9683e64b2ed620ece0df2fcda.bundle,Texture2D,1
source,bundle,assets/aa/Android/cfe15ad711ed64c9124e2fd18664b9dc.bundle,AssetBundle,1
source,bundle,assets/aa/Android/cfe15ad711ed64c9124e2fd18664b9dc.bundle,TextAsset,1
source,bundle,assets/aa/Android/cffbd93ddba6dac7275b5b96aee550cd.bundle,AssetBundle,1
source,bundle,assets/aa/Android/cffbd93ddba6dac7275b5b96aee550cd.bundle,AudioClip,1
source,bundle,assets/aa/Android/d00215f3dc2257d5037685442b844728.bundle,AssetBundle,1
source,bundle,assets/aa/Android/d00215f3dc2257d5037685442b844728.bundle,Sprite,1
source,bundle,assets/aa/Android/d00215f3dc2257d5037685442b844728.bundle,Texture2D,1
source,bundle,assets/aa/Android/d02c173b08ca19599044bcb88bc5f796.bundle,AssetBundle,1
source,bundle,assets/aa/Android/d02c173b08ca19599044bcb88bc5f796.bundle,TextAsset,1
source,bundle,assets/aa/Android/d044adb4058003ffded7c2cbd3b57175.bundle,AssetBundle,1
source,bundle,assets/aa/Android/d044adb4058003ffded7c2cbd3b57175.bundle,TextAsset,1
source,bundle,assets/aa/Android/d049a0b39b0a628a02242446105ea20d.bundle,AssetBundle,1
source,bundle,assets/aa/Android/d049a0b39b0a628a02242446105ea20d.bundle,TextAsset,1
source,bundle,assets/aa/Android/d04d82c1206dee42402a87036da90a06.bundle,AssetBundle,1
source,bundle,assets/aa/Android/d04d82c1206dee42402a87036da90a06.bundle,Sprite,1
source,bundle,assets/aa/Android/d04d82c1206dee42402a87036da90a06.bundle,Texture2D,1
source,bundle,assets/aa/Android/d04ec09b14818586ae3c3b31a5db47f7.bundle,AssetBundle,1
source,bundle,assets/aa/Android/d04ec09b14818586ae3c3b31a5db47f7.bundle,Sprite,1
source,bundle,assets/aa/Android/d04ec09b14818586ae3c3b31a5db47f7.bundle,Texture2D,1
source,bundle,assets/aa/Android/d0a043ad1b106acc49ad15d6202c2384.bundle,AssetBundle,1
source,bundle,assets/aa/Android/d0a043ad1b106acc49ad15d6202c2384.bundle,TextAsset,1
source,bundle,assets/aa/Android/d0cbec6f44b4342bf951e882ce651720.bundle,AssetBundle,1
source,bundle,assets/aa/Android/d0cbec6f44b4342bf951e882ce651720.bundle,AudioClip,1
source,bundle,assets/aa/Android/d0fd4c522e7a0256b8224eaceb166104.bundle,AssetBundle,1
source,bundle,assets/aa/Android/d0fd4c522e7a0256b8224eaceb166104.bundle,TextAsset,1
source,bundle,assets/aa/Android/d1037097bf7d450b7f5983d765a09a05.bundle,AssetBundle,1
source,bundle,assets/aa/Android/d1037097bf7d450b7f5983d765a09a05.bundle,TextAsset,1
source,bundle,assets/aa/Android/d10a86913abd261f29e66e577494a23a.bundle,AssetBundle,1
source,bundle,assets/aa/Android/d10a86913abd261f29e66e577494a23a.bundle,Sprite,1
source,bundle,assets/aa/Android/d10a86913abd261f29e66e577494a23a.bundle,Texture2D,1
source,bundle,assets/aa/Android/d12b2e5e88c735a0bb8144219d18b26f.bundle,AssetBundle,1
source,bundle,assets/aa/Android/d12b2e5e88c735a0bb8144219d18b26f.bundle,Sprite,1
source,bundle,assets/aa/Android/d12b2e5e88c735a0bb8144219d18b26f.bundle,Texture2D,1
source,bundle,assets/aa/Android/d14529c294da18cc03575c9ae828f2dc.bundle,AssetBundle,1
source,bundle,assets/aa/Android/d14529c294da18cc03575c9ae828f2dc.bundle,Sprite,1
source,bundle,assets/aa/Android/d14529c294da18cc03575c9ae828f2dc.bundle,Texture2D,1
source,bundle,assets/aa/Android/d17c5ea7ca4f976b6c0753d4d2317f6c.bundle,AssetBundle,1
source,bundle,assets/aa/Android/d17c5ea7ca4f976b6c0753d4d2317f6c.bundle,TextAsset,1
source,bundle,assets/aa/Android/d197bb5905f3b26875917fec41edbbc3.bundle,AssetBundle,1
source,bundle,assets/aa/Android/d197bb5905f3b26875917fec41edbbc3.bundle,TextAsset,1
source,bundle,assets/aa/Android/d1ae5ef060a8f94aba39e736b1d33421.bundle,AssetBundle,1
source,bundle,assets/aa/Android/d1ae5ef060a8f94aba39e736b1d33421.bundle,Sprite,1
source,bundle,assets/aa/Android/d1ae5ef060a8f94aba39e736b1d33421.bundle,Texture2D,1
source,bundle,assets/aa/Android/d1c83b8aa60765714f020a48ec480a8a.bundle,AssetBundle,1
source,bundle,assets/aa/Android/d1c83b8aa60765714f020a48ec480a8a.bundle,TextAsset,1
source,bundle,assets/aa/Android/d1d42d4eca45e2ddd36c9e886b9593ea.bundle,AssetBundle,1
source,bundle,assets/aa/Android/d1d42d4eca45e2ddd36c9e886b9593ea.bundle,AudioClip,1
source,bundle,assets/aa/Android/d1e76f901343d8aff89c5000b9b05f98.bundle,AssetBundle,1
source,bundle,assets/aa/Android/d1e76f901343d8aff89c5000b9b05f98.bundle,Sprite,1
source,bundle,assets/aa/Android/d1e76f901343d8aff89c5000b9b05f98.bundle,Texture2D,1
source,bundle,assets/aa/Android/d21fba1d71902c254ddf2190b1c8f832.bundle,AssetBundle,1
source,bundle,assets/aa/Android/d21fba1d71902c254ddf2190b1c8f832.bundle,Sprite,1
source,bundle,assets/aa/Android/d21fba1d71902c254ddf2190b1c8f832.bundle,Texture2D,1
source,bundle,assets/aa/Android/d253958b1c2168161944b89dfa393cc3.bundle,AssetBundle,1
source,bundle,assets/aa/Android/d253958b1c2168161944b89dfa393cc3.bundle,Sprite,1
source,bundle,assets/aa/Android/d253958b1c2168161944b89dfa393cc3.bundle,Texture2D,1
source,bundle,assets/aa/Android/d2624f6cdd2e9e7d5e276fd9d72c9bb5.bundle,AssetBundle,1
source,bundle,assets/aa/Android/d2624f6cdd2e9e7d5e276fd9d72c9bb5.bundle,Sprite,1
source,bundle,assets/aa/Android/d2624f6cdd2e9e7d5e276fd9d72c9bb5.bundle,Texture2D,1
source,bundle,assets/aa/Android/d29432f9d194d6586ca0448541da54a1.bundle,AssetBundle,1
source,bundle,assets/aa/Android/d29432f9d194d6586ca0448541da54a1.bundle,Sprite,1
source,bundle,assets/aa/Android/d29432f9d194d6586ca0448541da54a1.bundle,Texture2D,1
source,bundle,assets/aa/Android/d2b7dd105b70f680d8015f487f665f1b.bundle,AssetBundle,1
source,bundle,assets/aa/Android/d2b7dd105b70f680d8015f487f665f1b.bundle,AudioClip,1
source,bundle,assets/aa/Android/d2c2ac9d8a31ac72fcccae8421141cbf.bundle,AssetBundle,1
source,bundle,assets/aa/Android/d2c2ac9d8a31ac72fcccae8421141cbf.bundle,TextAsset,1
source,bundle,assets/aa/Android/d2da89cece3bda6d5b81785b114388d6.bundle,AssetBundle,1
source,bundle,assets/aa/Android/d2da89cece3bda6d5b81785b114388d6.bundle,TextAsset,1
source,bundle,assets/aa/Android/d2e621a24f86060f1aca7df6c64aa1c2.bundle,AssetBundle,1
source,bundle,assets/aa/Android/d2e621a24f86060f1aca7df6c64aa1c2.bundle,AudioClip,1
source,bundle,assets/aa/Android/d310618db2dac5fd3ffd61fe722bd83f.bundle,AssetBundle,1
source,bundle,assets/aa/Android/d310618db2dac5fd3ffd61fe722bd83f.bundle,AudioClip,1
source,bundle,assets/aa/Android/d313846996c9eaf4e0634059fa34cd94.bundle,AssetBundle,1
source,bundle,assets/aa/Android/d313846996c9eaf4e0634059fa34cd94.bundle,TextAsset,1
source,bundle,assets/aa/Android/d317a9dfc906d41c971980fd9334b26a.bundle,AssetBundle,1
source,bundle,assets/aa/Android/d317a9dfc906d41c971980fd9334b26a.bundle,Sprite,1
source,bundle,assets/aa/Android/d317a9dfc906d41c971980fd9334b26a.bundle,Texture2D,1
source,bundle,assets/aa/Android/d319b2af490f2ee0c89f48c517f42f4e.bundle,AssetBundle,1
source,bundle,assets/aa/Android/d319b2af490f2ee0c89f48c517f42f4e.bundle,Sprite,1
source,bundle,assets/aa/Android/d319b2af490f2ee0c89f48c517f42f4e.bundle,Texture2D,1
source,bundle,assets/aa/Android/d33990e306800616d9633e0ab610611e.bundle,AssetBundle,1
source,bundle,assets/aa/Android/d33990e306800616d9633e0ab610611e.bundle,TextAsset,1
source,bundle,assets/aa/Android/d34c65c04a558957b596a4e56c79649b.bundle,AssetBundle,1
source,bundle,assets/aa/Android/d34c65c04a558957b596a4e56c79649b.bundle,Sprite,1
source,bundle,assets/aa/Android/d34c65c04a558957b596a4e56c79649b.bundle,Texture2D,1
source,bundle,assets/aa/Android/d37b8f4d352845c22bede2019318a573.bundle,AssetBundle,1
source,bundle,assets/aa/Android/d37b8f4d352845c22bede2019318a573.bundle,TextAsset,1
source,bundle,assets/aa/Android/d3a4f5121121827d2b8cb6ee054fea7d.bundle,AssetBundle,1
source,bundle,assets/aa/Android/d3a4f5121121827d2b8cb6ee054fea7d.bundle,TextAsset,1
source,bundle,assets/aa/Android/d3a570111f83d4348696a4f6c9afbab3.bundle,AssetBundle,1
source,bundle,assets/aa/Android/d3a570111f83d4348696a4f6c9afbab3.bundle,Sprite,1
source,bundle,assets/aa/Android/d3a570111f83d4348696a4f6c9afbab3.bundle,Texture2D,1
source,bundle,assets/aa/Android/d3d465819e66d97f7a3b3d8495ae71bb.bundle,AssetBundle,1
source,bundle,assets/aa/Android/d3d465819e66d97f7a3b3d8495ae71bb.bundle,TextAsset,1
source,bundle,assets/aa/Android/d404b86cb7cb748a5344be49d2e55919.bundle,AssetBundle,1
source,bundle,assets/aa/Android/d404b86cb7cb748a5344be49d2e55919.bundle,Sprite,1
source,bundle,assets/aa/Android/d404b86cb7cb748a5344be49d2e55919.bundle,Texture2D,1
source,bundle,assets/aa/Android/d43625a55345ff9a95d026b0db8d2643.bundle,AssetBundle,1
source,bundle,assets/aa/Android/d43625a55345ff9a95d026b0db8d2643.bundle,Sprite,1
source,bundle,assets/aa/Android/d43625a55345ff9a95d026b0db8d2643.bundle,Texture2D,1
source,bundle,assets/aa/Android/d43a599b81e8b8b9976a177d1ee18090.bundle,AssetBundle,1
source,bundle,assets/aa/Android/d43a599b81e8b8b9976a177d1ee18090.bundle,AudioClip,1
source,bundle,assets/aa/Android/d440ce7be17d1c9abd56af1e832d87fb.bundle,AssetBundle,1
source,bundle,assets/aa/Android/d440ce7be17d1c9abd56af1e832d87fb.bundle,Sprite,1
source,bundle,assets/aa/Android/d440ce7be17d1c9abd56af1e832d87fb.bundle,Texture2D,1
source,bundle,assets/aa/Android/d450fde84d4772667d62c6d49114881b.bundle,AssetBundle,1
source,bundle,assets/aa/Android/d450fde84d4772667d62c6d49114881b.bundle,Sprite,1
source,bundle,assets/aa/Android/d450fde84d4772667d62c6d49114881b.bundle,Texture2D,1
source,bundle,assets/aa/Android/d452079a376982c8dfcb8446992576ec.bundle,AssetBundle,1
source,bundle,assets/aa/Android/d452079a376982c8dfcb8446992576ec.bundle,Sprite,1
source,bundle,assets/aa/Android/d452079a376982c8dfcb8446992576ec.bundle,Texture2D,1
source,bundle,assets/aa/Android/d4635711d6fc9c899353b017d3a38359.bundle,AssetBundle,1
source,bundle,assets/aa/Android/d4635711d6fc9c899353b017d3a38359.bundle,TextAsset,1
source,bundle,assets/aa/Android/d46444a39e3ce4217c6fd986f9280355.bundle,AssetBundle,1
source,bundle,assets/aa/Android/d46444a39e3ce4217c6fd986f9280355.bundle,Sprite,1
source,bundle,assets/aa/Android/d46444a39e3ce4217c6fd986f9280355.bundle,Texture2D,1
source,bundle,assets/aa/Android/d47ddc5d655b199cbff96d6222779fc1.bundle,AssetBundle,1
source,bundle,assets/aa/Android/d47ddc5d655b199cbff96d6222779fc1.bundle,Sprite,1
source,bundle,assets/aa/Android/d47ddc5d655b199cbff96d6222779fc1.bundle,Texture2D,1
source,bundle,assets/aa/Android/d48d5f86ea435fba6aa8e05206c87d96.bundle,AssetBundle,1
source,bundle,assets/aa/Android/d48d5f86ea435fba6aa8e05206c87d96.bundle,AudioClip,1
source,bundle,assets/aa/Android/d4aa8b89e7c3fa43f021e594dcf83364.bundle,AssetBundle,1
source,bundle,assets/aa/Android/d4aa8b89e7c3fa43f021e594dcf83364.bundle,TextAsset,1
source,bundle,assets/aa/Android/d4b85b48a3165c5e17f9271fff470d78.bundle,AssetBundle,1
source,bundle,assets/aa/Android/d4b85b48a3165c5e17f9271fff470d78.bundle,Sprite,1
source,bundle,assets/aa/Android/d4b85b48a3165c5e17f9271fff470d78.bundle,Texture2D,1
source,bundle,assets/aa/Android/d4bfb6fcd5d1448a92ce5af2dd04f04d.bundle,AssetBundle,1
source,bundle,assets/aa/Android/d4bfb6fcd5d1448a92ce5af2dd04f04d.bundle,TextAsset,1
source,bundle,assets/aa/Android/d4e9bdc14b6d9220dd5ffae761121c69.bundle,AssetBundle,1
source,bundle,assets/aa/Android/d4e9bdc14b6d9220dd5ffae761121c69.bundle,Sprite,1
source,bundle,assets/aa/Android/d4e9bdc14b6d9220dd5ffae761121c69.bundle,Texture2D,1
source,bundle,assets/aa/Android/d520a288e3e960b5f557ca93b3a1adcb.bundle,AssetBundle,1
source,bundle,assets/aa/Android/d520a288e3e960b5f557ca93b3a1adcb.bundle,TextAsset,1
source,bundle,assets/aa/Android/d531b8ce1059a6858feead2d0cfb1cef.bundle,AnimationClip,3
source,bundle,assets/aa/Android/d531b8ce1059a6858feead2d0cfb1cef.bundle,Animator,4
source,bundle,assets/aa/Android/d531b8ce1059a6858feead2d0cfb1cef.bundle,AnimatorController,3
source,bundle,assets/aa/Android/d531b8ce1059a6858feead2d0cfb1cef.bundle,AssetBundle,1
source,bundle,assets/aa/Android/d531b8ce1059a6858feead2d0cfb1cef.bundle,GameObject,11
source,bundle,assets/aa/Android/d531b8ce1059a6858feead2d0cfb1cef.bundle,Material,1
source,bundle,assets/aa/Android/d531b8ce1059a6858feead2d0cfb1cef.bundle,MonoBehaviour,9
source,bundle,assets/aa/Android/d531b8ce1059a6858feead2d0cfb1cef.bundle,MonoScript,6
source,bundle,assets/aa/Android/d531b8ce1059a6858feead2d0cfb1cef.bundle,Sprite,97
source,bundle,assets/aa/Android/d531b8ce1059a6858feead2d0cfb1cef.bundle,SpriteRenderer,4
source,bundle,assets/aa/Android/d531b8ce1059a6858feead2d0cfb1cef.bundle,Texture2D,94
source,bundle,assets/aa/Android/d531b8ce1059a6858feead2d0cfb1cef.bundle,Transform,11
source,bundle,assets/aa/Android/d56cde1928c23e955bbc3c61f6068ae0.bundle,AssetBundle,1
source,bundle,assets/aa/Android/d56cde1928c23e955bbc3c61f6068ae0.bundle,TextAsset,1
source,bundle,assets/aa/Android/d5bef54b6ddc3084a88b1a78ad8cf53a.bundle,AssetBundle,1
source,bundle,assets/aa/Android/d5bef54b6ddc3084a88b1a78ad8cf53a.bundle,TextAsset,1
source,bundle,assets/aa/Android/d5c8373787728d5db883e371eb2f0319.bundle,AssetBundle,1
source,bundle,assets/aa/Android/d5c8373787728d5db883e371eb2f0319.bundle,Sprite,1
source,bundle,assets/aa/Android/d5c8373787728d5db883e371eb2f0319.bundle,Texture2D,1
source,bundle,assets/aa/Android/d5d122af0bc520ef59ff69a769fec58a.bundle,AssetBundle,1
source,bundle,assets/aa/Android/d5d122af0bc520ef59ff69a769fec58a.bundle,Sprite,1
source,bundle,assets/aa/Android/d5d122af0bc520ef59ff69a769fec58a.bundle,Texture2D,1
source,bundle,assets/aa/Android/d61603ce8a33c5ea95072be7694284af.bundle,AssetBundle,1
source,bundle,assets/aa/Android/d61603ce8a33c5ea95072be7694284af.bundle,Sprite,1
source,bundle,assets/aa/Android/d61603ce8a33c5ea95072be7694284af.bundle,Texture2D,1
source,bundle,assets/aa/Android/d62138c984c2881625c3f56e2dd7f35a.bundle,AssetBundle,1
source,bundle,assets/aa/Android/d62138c984c2881625c3f56e2dd7f35a.bundle,Sprite,1
source,bundle,assets/aa/Android/d62138c984c2881625c3f56e2dd7f35a.bundle,Texture2D,1
source,bundle,assets/aa/Android/d62629205d738c7e84107f6bae50f795.bundle,AssetBundle,1
source,bundle,assets/aa/Android/d62629205d738c7e84107f6bae50f795.bundle,TextAsset,1
source,bundle,assets/aa/Android/d64e715369e2e390d80e2a8dcadc2998.bundle,AssetBundle,1
source,bundle,assets/aa/Android/d64e715369e2e390d80e2a8dcadc2998.bundle,TextAsset,1
source,bundle,assets/aa/Android/d660dd260e78f03e02c6558f2534108d.bundle,AssetBundle,1
source,bundle,assets/aa/Android/d660dd260e78f03e02c6558f2534108d.bundle,Sprite,1
source,bundle,assets/aa/Android/d660dd260e78f03e02c6558f2534108d.bundle,Texture2D,1
source,bundle,assets/aa/Android/d6e93237cccbab6064e97528fc8e3c5d.bundle,AssetBundle,1
source,bundle,assets/aa/Android/d6e93237cccbab6064e97528fc8e3c5d.bundle,Sprite,1
source,bundle,assets/aa/Android/d6e93237cccbab6064e97528fc8e3c5d.bundle,Texture2D,1
source,bundle,assets/aa/Android/d6f2c4487c2d8af8693a7e32cc75ffab.bundle,AssetBundle,1
source,bundle,assets/aa/Android/d6f2c4487c2d8af8693a7e32cc75ffab.bundle,Sprite,1
source,bundle,assets/aa/Android/d6f2c4487c2d8af8693a7e32cc75ffab.bundle,Texture2D,1
source,bundle,assets/aa/Android/d6f6511033a3344997971e64b5658653.bundle,AssetBundle,1
source,bundle,assets/aa/Android/d6f6511033a3344997971e64b5658653.bundle,AudioClip,1
source,bundle,assets/aa/Android/d6f7f467a9e14dbc7927e907e8b7081a.bundle,AssetBundle,1
source,bundle,assets/aa/Android/d6f7f467a9e14dbc7927e907e8b7081a.bundle,AudioClip,1
source,bundle,assets/aa/Android/d73ff1482c6d5a4a12a6e3c4c84ac3f3.bundle,AssetBundle,1
source,bundle,assets/aa/Android/d73ff1482c6d5a4a12a6e3c4c84ac3f3.bundle,TextAsset,1
source,bundle,assets/aa/Android/d767df33273319c15df4065cee40c986.bundle,AssetBundle,1
source,bundle,assets/aa/Android/d767df33273319c15df4065cee40c986.bundle,AudioClip,1
source,bundle,assets/aa/Android/d767df33273319c15df4065cee40c986.bundle,AudioSource,1
source,bundle,assets/aa/Android/d767df33273319c15df4065cee40c986.bundle,Canvas,2
source,bundle,assets/aa/Android/d767df33273319c15df4065cee40c986.bundle,CanvasRenderer,3
source,bundle,assets/aa/Android/d767df33273319c15df4065cee40c986.bundle,GameObject,6
source,bundle,assets/aa/Android/d767df33273319c15df4065cee40c986.bundle,MonoBehaviour,9
source,bundle,assets/aa/Android/d767df33273319c15df4065cee40c986.bundle,MonoScript,5
source,bundle,assets/aa/Android/d767df33273319c15df4065cee40c986.bundle,RectTransform,5
source,bundle,assets/aa/Android/d767df33273319c15df4065cee40c986.bundle,Transform,1
source,bundle,assets/aa/Android/d78ab2f96a861248013a47495c4961dd.bundle,AssetBundle,1
source,bundle,assets/aa/Android/d78ab2f96a861248013a47495c4961dd.bundle,Sprite,1
source,bundle,assets/aa/Android/d78ab2f96a861248013a47495c4961dd.bundle,Texture2D,1
source,bundle,assets/aa/Android/d799ee1544fc40db1f0fc5c3cf7714db.bundle,AssetBundle,1
source,bundle,assets/aa/Android/d799ee1544fc40db1f0fc5c3cf7714db.bundle,AudioClip,1
source,bundle,assets/aa/Android/d7adb154f9db97021bf389cda6cb297a.bundle,AssetBundle,1
source,bundle,assets/aa/Android/d7adb154f9db97021bf389cda6cb297a.bundle,TextAsset,1
source,bundle,assets/aa/Android/d7d452317d96dfb9bb6a0acd99ee0417.bundle,AssetBundle,1
source,bundle,assets/aa/Android/d7d452317d96dfb9bb6a0acd99ee0417.bundle,AudioClip,1
source,bundle,assets/aa/Android/d7e8efc5a3ca3edcb470fe48dfbdce5d.bundle,AssetBundle,1
source,bundle,assets/aa/Android/d7e8efc5a3ca3edcb470fe48dfbdce5d.bundle,TextAsset,1
source,bundle,assets/aa/Android/d7edb4342babbd8397c219acfa682352.bundle,AssetBundle,1
source,bundle,assets/aa/Android/d7edb4342babbd8397c219acfa682352.bundle,Sprite,1
source,bundle,assets/aa/Android/d7edb4342babbd8397c219acfa682352.bundle,Texture2D,1
source,bundle,assets/aa/Android/d7f901f3bd66fcb104a0770e3648dae7.bundle,AssetBundle,1
source,bundle,assets/aa/Android/d7f901f3bd66fcb104a0770e3648dae7.bundle,TextAsset,1
source,bundle,assets/aa/Android/d806c8ae5451e6868d7b7face8ed200f.bundle,AssetBundle,1
source,bundle,assets/aa/Android/d806c8ae5451e6868d7b7face8ed200f.bundle,Sprite,1
source,bundle,assets/aa/Android/d806c8ae5451e6868d7b7face8ed200f.bundle,Texture2D,1
source,bundle,assets/aa/Android/d81dab55b9b184ad73c252289fd08682.bundle,AssetBundle,1
source,bundle,assets/aa/Android/d81dab55b9b184ad73c252289fd08682.bundle,TextAsset,1
source,bundle,assets/aa/Android/d82588fe868ba0288ef8ead460a61380.bundle,AssetBundle,1
source,bundle,assets/aa/Android/d82588fe868ba0288ef8ead460a61380.bundle,Sprite,1
source,bundle,assets/aa/Android/d82588fe868ba0288ef8ead460a61380.bundle,Texture2D,1
source,bundle,assets/aa/Android/d83c173b8a4d78afbc66138f4172964b.bundle,AssetBundle,1
source,bundle,assets/aa/Android/d83c173b8a4d78afbc66138f4172964b.bundle,Sprite,1
source,bundle,assets/aa/Android/d83c173b8a4d78afbc66138f4172964b.bundle,Texture2D,1
source,bundle,assets/aa/Android/d852f7cf62d819c29e768aa6dccca3f1.bundle,AssetBundle,1
source,bundle,assets/aa/Android/d852f7cf62d819c29e768aa6dccca3f1.bundle,TextAsset,1
source,bundle,assets/aa/Android/d8614e0be2afc11b6f013fa05721f497.bundle,AssetBundle,1
source,bundle,assets/aa/Android/d8614e0be2afc11b6f013fa05721f497.bundle,AudioClip,1
source,bundle,assets/aa/Android/d889ca947d85e59f492fdf3bcce2874c.bundle,AssetBundle,1
source,bundle,assets/aa/Android/d889ca947d85e59f492fdf3bcce2874c.bundle,TextAsset,1
source,bundle,assets/aa/Android/d89b08351adf0b523493dfb701ca9e70.bundle,AssetBundle,1
source,bundle,assets/aa/Android/d89b08351adf0b523493dfb701ca9e70.bundle,Sprite,1
source,bundle,assets/aa/Android/d89b08351adf0b523493dfb701ca9e70.bundle,Texture2D,1
source,bundle,assets/aa/Android/d91d573e900b8e467e77779f44178c51.bundle,AssetBundle,1
source,bundle,assets/aa/Android/d91d573e900b8e467e77779f44178c51.bundle,Sprite,1
source,bundle,assets/aa/Android/d91d573e900b8e467e77779f44178c51.bundle,Texture2D,1
source,bundle,assets/aa/Android/d93adfc90e08eda1584334cc2da08b55.bundle,AssetBundle,1
source,bundle,assets/aa/Android/d93adfc90e08eda1584334cc2da08b55.bundle,Sprite,1
source,bundle,assets/aa/Android/d93adfc90e08eda1584334cc2da08b55.bundle,Texture2D,1
source,bundle,assets/aa/Android/d97b88c62ce4df326fa2391eeb18acb0.bundle,AssetBundle,1
source,bundle,assets/aa/Android/d97b88c62ce4df326fa2391eeb18acb0.bundle,TextAsset,1
source,bundle,assets/aa/Android/d9a580a9fa54adb591c4377226364d37.bundle,AssetBundle,1
source,bundle,assets/aa/Android/d9a580a9fa54adb591c4377226364d37.bundle,TextAsset,1
source,bundle,assets/aa/Android/d9c35d50a7351a789cf4b0b8453e52de.bundle,AssetBundle,1
source,bundle,assets/aa/Android/d9c35d50a7351a789cf4b0b8453e52de.bundle,Sprite,1
source,bundle,assets/aa/Android/d9c35d50a7351a789cf4b0b8453e52de.bundle,Texture2D,1
source,bundle,assets/aa/Android/d9c62181f4939af514e567b2f96e19da.bundle,AssetBundle,1
source,bundle,assets/aa/Android/d9c62181f4939af514e567b2f96e19da.bundle,AudioClip,1
source,bundle,assets/aa/Android/d9d5d4121051c78eec8c247434db427b.bundle,AssetBundle,1
source,bundle,assets/aa/Android/d9d5d4121051c78eec8c247434db427b.bundle,TextAsset,1
source,bundle,assets/aa/Android/da13e34cd203c79ab19169faa1b501c1.bundle,AssetBundle,1
source,bundle,assets/aa/Android/da13e34cd203c79ab19169faa1b501c1.bundle,AudioClip,1
source,bundle,assets/aa/Android/da2657029ac260a8fa69027c2bd6e15a.bundle,AssetBundle,1
source,bundle,assets/aa/Android/da2657029ac260a8fa69027c2bd6e15a.bundle,Sprite,1
source,bundle,assets/aa/Android/da2657029ac260a8fa69027c2bd6e15a.bundle,Texture2D,1
source,bundle,assets/aa/Android/da359dbff3ecb9ee67abd60901b3aade.bundle,AssetBundle,1
source,bundle,assets/aa/Android/da359dbff3ecb9ee67abd60901b3aade.bundle,Sprite,1
source,bundle,assets/aa/Android/da359dbff3ecb9ee67abd60901b3aade.bundle,Texture2D,1
source,bundle,assets/aa/Android/da48ce5cfbfc0d1246f66cc3177db777.bundle,AssetBundle,1
source,bundle,assets/aa/Android/da48ce5cfbfc0d1246f66cc3177db777.bundle,TextAsset,1
source,bundle,assets/aa/Android/da6fe372d7a57df039bdeec36519bf18.bundle,AssetBundle,1
source,bundle,assets/aa/Android/da6fe372d7a57df039bdeec36519bf18.bundle,TextAsset,1
source,bundle,assets/aa/Android/dab0b98c62749d06bf26614f2f53ddc8.bundle,AssetBundle,1
source,bundle,assets/aa/Android/dab0b98c62749d06bf26614f2f53ddc8.bundle,TextAsset,1
source,bundle,assets/aa/Android/dac7bcb38179adb77e1e1406a505f3ec.bundle,AssetBundle,1
source,bundle,assets/aa/Android/dac7bcb38179adb77e1e1406a505f3ec.bundle,Sprite,1
source,bundle,assets/aa/Android/dac7bcb38179adb77e1e1406a505f3ec.bundle,Texture2D,1
source,bundle,assets/aa/Android/daea5897baf83cbcc9df7b5a582fa1d9.bundle,AssetBundle,1
source,bundle,assets/aa/Android/daea5897baf83cbcc9df7b5a582fa1d9.bundle,TextAsset,1
source,bundle,assets/aa/Android/db0215c32f8ba43b39ccd8cadd1c6a80.bundle,AssetBundle,1
source,bundle,assets/aa/Android/db0215c32f8ba43b39ccd8cadd1c6a80.bundle,TextAsset,1
source,bundle,assets/aa/Android/db0a0803ed1d5c501448d508262df287.bundle,AssetBundle,1
source,bundle,assets/aa/Android/db0a0803ed1d5c501448d508262df287.bundle,TextAsset,1
source,bundle,assets/aa/Android/db0a0eabcd32c493df431ec2c41b8dac.bundle,AssetBundle,1
source,bundle,assets/aa/Android/db0a0eabcd32c493df431ec2c41b8dac.bundle,Sprite,1
source,bundle,assets/aa/Android/db0a0eabcd32c493df431ec2c41b8dac.bundle,Texture2D,1
source,bundle,assets/aa/Android/db1d05854761fa1eb2d33c635eb96821.bundle,AssetBundle,1
source,bundle,assets/aa/Android/db1d05854761fa1eb2d33c635eb96821.bundle,Sprite,1
source,bundle,assets/aa/Android/db1d05854761fa1eb2d33c635eb96821.bundle,Texture2D,1
source,bundle,assets/aa/Android/db7b11502f0de7ef0848bf3a66116dba.bundle,AssetBundle,1
source,bundle,assets/aa/Android/db7b11502f0de7ef0848bf3a66116dba.bundle,Sprite,1
source,bundle,assets/aa/Android/db7b11502f0de7ef0848bf3a66116dba.bundle,Texture2D,1
source,bundle,assets/aa/Android/db9e127cc398179afc03cf0e4fdf3398.bundle,AssetBundle,1
source,bundle,assets/aa/Android/db9e127cc398179afc03cf0e4fdf3398.bundle,Sprite,1
source,bundle,assets/aa/Android/db9e127cc398179afc03cf0e4fdf3398.bundle,Texture2D,1
source,bundle,assets/aa/Android/dbb4b6c3123aada261e75454aa9ac0bc.bundle,AssetBundle,1
source,bundle,assets/aa/Android/dbb4b6c3123aada261e75454aa9ac0bc.bundle,TextAsset,1
source,bundle,assets/aa/Android/dbc3d956690f1632c9fc953366e02175.bundle,AssetBundle,1
source,bundle,assets/aa/Android/dbc3d956690f1632c9fc953366e02175.bundle,Sprite,1
source,bundle,assets/aa/Android/dbc3d956690f1632c9fc953366e02175.bundle,Texture2D,1
source,bundle,assets/aa/Android/dbd3066237181f0dc1b40ee6ed0b322b.bundle,AssetBundle,1
source,bundle,assets/aa/Android/dbd3066237181f0dc1b40ee6ed0b322b.bundle,AudioClip,1
source,bundle,assets/aa/Android/dbf15ae1044bf98f7a47f720a85651c5.bundle,AssetBundle,1
source,bundle,assets/aa/Android/dbf15ae1044bf98f7a47f720a85651c5.bundle,Sprite,1
source,bundle,assets/aa/Android/dbf15ae1044bf98f7a47f720a85651c5.bundle,Texture2D,1
source,bundle,assets/aa/Android/dc170fe2fd302a65309c06c992b77f2e.bundle,AssetBundle,1
source,bundle,assets/aa/Android/dc170fe2fd302a65309c06c992b77f2e.bundle,AudioClip,1
source,bundle,assets/aa/Android/dc34c7494f0a87be8811ae1badf736b3.bundle,AssetBundle,1
source,bundle,assets/aa/Android/dc34c7494f0a87be8811ae1badf736b3.bundle,Sprite,1
source,bundle,assets/aa/Android/dc34c7494f0a87be8811ae1badf736b3.bundle,Texture2D,1
source,bundle,assets/aa/Android/dc40b772baa2543d6e1f488590d2d243.bundle,AssetBundle,1
source,bundle,assets/aa/Android/dc40b772baa2543d6e1f488590d2d243.bundle,Sprite,1
source,bundle,assets/aa/Android/dc40b772baa2543d6e1f488590d2d243.bundle,Texture2D,1
source,bundle,assets/aa/Android/dc81f6223ec27951e92a2ddff5715497.bundle,AssetBundle,1
source,bundle,assets/aa/Android/dc81f6223ec27951e92a2ddff5715497.bundle,Sprite,1
source,bundle,assets/aa/Android/dc81f6223ec27951e92a2ddff5715497.bundle,Texture2D,1
source,bundle,assets/aa/Android/dc84af45b798a6b1cb807b64dd0f5088.bundle,AssetBundle,1
source,bundle,assets/aa/Android/dc84af45b798a6b1cb807b64dd0f5088.bundle,AudioClip,1
source,bundle,assets/aa/Android/dc91d8a4a1f061bf22c0eee9ae6428b1.bundle,AssetBundle,1
source,bundle,assets/aa/Android/dc91d8a4a1f061bf22c0eee9ae6428b1.bundle,TextAsset,1
source,bundle,assets/aa/Android/dc92844b45ff9fccdd6568ea3142ced8.bundle,AssetBundle,1
source,bundle,assets/aa/Android/dc92844b45ff9fccdd6568ea3142ced8.bundle,AudioClip,1
source,bundle,assets/aa/Android/dca260a27e22f6981b9aef5355d89603.bundle,AssetBundle,1
source,bundle,assets/aa/Android/dca260a27e22f6981b9aef5355d89603.bundle,TextAsset,1
source,bundle,assets/aa/Android/dd18c7e9f3b8b3a3a0c4d917138bfe93.bundle,AssetBundle,1
source,bundle,assets/aa/Android/dd18c7e9f3b8b3a3a0c4d917138bfe93.bundle,Sprite,1
source,bundle,assets/aa/Android/dd18c7e9f3b8b3a3a0c4d917138bfe93.bundle,Texture2D,1
source,bundle,assets/aa/Android/dd2e32351cf21eeeec2c2ef05c9a1996.bundle,AssetBundle,1
source,bundle,assets/aa/Android/dd2e32351cf21eeeec2c2ef05c9a1996.bundle,Sprite,1
source,bundle,assets/aa/Android/dd2e32351cf21eeeec2c2ef05c9a1996.bundle,Texture2D,1
source,bundle,assets/aa/Android/dd2e7d0d5933236bdc82e2d6e9d0d853.bundle,AssetBundle,1
source,bundle,assets/aa/Android/dd2e7d0d5933236bdc82e2d6e9d0d853.bundle,TextAsset,1
source,bundle,assets/aa/Android/dd92c58476ee94c8fa2e13868428fd2f.bundle,AssetBundle,1
source,bundle,assets/aa/Android/dd92c58476ee94c8fa2e13868428fd2f.bundle,Sprite,1
source,bundle,assets/aa/Android/dd92c58476ee94c8fa2e13868428fd2f.bundle,Texture2D,1
source,bundle,assets/aa/Android/dd9cc23d569dbdf8ffd3857c96f46f2d.bundle,AssetBundle,1
source,bundle,assets/aa/Android/dd9cc23d569dbdf8ffd3857c96f46f2d.bundle,AudioClip,1
source,bundle,assets/aa/Android/ddbeb95a36abbe234b35bc975cc641da.bundle,AssetBundle,1
source,bundle,assets/aa/Android/ddbeb95a36abbe234b35bc975cc641da.bundle,AudioClip,1
source,bundle,assets/aa/Android/ddde13e61a37b1e6dce08ae21b7bf370.bundle,AssetBundle,1
source,bundle,assets/aa/Android/ddde13e61a37b1e6dce08ae21b7bf370.bundle,AudioClip,1
source,bundle,assets/aa/Android/dde3987a692a5c18624e13f8bcadf914.bundle,AssetBundle,1
source,bundle,assets/aa/Android/dde3987a692a5c18624e13f8bcadf914.bundle,AudioClip,1
source,bundle,assets/aa/Android/dde82c09fba0152fb6a32d3eac6cb2ee.bundle,AssetBundle,1
source,bundle,assets/aa/Android/dde82c09fba0152fb6a32d3eac6cb2ee.bundle,Sprite,1
source,bundle,assets/aa/Android/dde82c09fba0152fb6a32d3eac6cb2ee.bundle,Texture2D,1
source,bundle,assets/aa/Android/de0047048803c166daa58e7c05c1a5d7.bundle,AssetBundle,1
source,bundle,assets/aa/Android/de0047048803c166daa58e7c05c1a5d7.bundle,Sprite,1
source,bundle,assets/aa/Android/de0047048803c166daa58e7c05c1a5d7.bundle,Texture2D,1
source,bundle,assets/aa/Android/de39a52b19577a365f41c9c9e7eda634.bundle,AssetBundle,1
source,bundle,assets/aa/Android/de39a52b19577a365f41c9c9e7eda634.bundle,TextAsset,1
source,bundle,assets/aa/Android/de4b80375acea4d2003fec638d22a6b1.bundle,AssetBundle,1
source,bundle,assets/aa/Android/de4b80375acea4d2003fec638d22a6b1.bundle,TextAsset,1
source,bundle,assets/aa/Android/de4bbb8b0514f32ed59ab2d98bbebe0d.bundle,AssetBundle,1
source,bundle,assets/aa/Android/de4bbb8b0514f32ed59ab2d98bbebe0d.bundle,TextAsset,1
source,bundle,assets/aa/Android/de53997cc23eafc7ede3a7b06a1709dd.bundle,AssetBundle,1
source,bundle,assets/aa/Android/de53997cc23eafc7ede3a7b06a1709dd.bundle,TextAsset,1
source,bundle,assets/aa/Android/de62cd329988e82ca051319a4922809d.bundle,AssetBundle,1
source,bundle,assets/aa/Android/de62cd329988e82ca051319a4922809d.bundle,Sprite,1
source,bundle,assets/aa/Android/de62cd329988e82ca051319a4922809d.bundle,Texture2D,1
source,bundle,assets/aa/Android/de64d075ba0e137ab39f7f4bf5d933cf.bundle,AssetBundle,1
source,bundle,assets/aa/Android/de64d075ba0e137ab39f7f4bf5d933cf.bundle,Sprite,1
source,bundle,assets/aa/Android/de64d075ba0e137ab39f7f4bf5d933cf.bundle,Texture2D,1
source,bundle,assets/aa/Android/de78d03fc6bcb63ab1bc1ac0c30e97cc.bundle,AssetBundle,1
source,bundle,assets/aa/Android/de78d03fc6bcb63ab1bc1ac0c30e97cc.bundle,TextAsset,1
source,bundle,assets/aa/Android/dea0770c129931b5c8765762a4a08b0a.bundle,AssetBundle,1
source,bundle,assets/aa/Android/dea0770c129931b5c8765762a4a08b0a.bundle,AudioClip,1
source,bundle,assets/aa/Android/deb6ee9f54ec35bca47b5443f2b1c42e.bundle,AssetBundle,1
source,bundle,assets/aa/Android/deb6ee9f54ec35bca47b5443f2b1c42e.bundle,TextAsset,1
source,bundle,assets/aa/Android/dec60d1a4903bc9cfdd2156a43908991.bundle,AssetBundle,1
source,bundle,assets/aa/Android/dec60d1a4903bc9cfdd2156a43908991.bundle,Sprite,1
source,bundle,assets/aa/Android/dec60d1a4903bc9cfdd2156a43908991.bundle,Texture2D,1
source,bundle,assets/aa/Android/ded479b7558c6ea353b15c4e9f3b3bcd.bundle,AssetBundle,1
source,bundle,assets/aa/Android/ded479b7558c6ea353b15c4e9f3b3bcd.bundle,TextAsset,1
source,bundle,assets/aa/Android/df0f237308def5f466efc149bedd67a0.bundle,AssetBundle,1
source,bundle,assets/aa/Android/df0f237308def5f466efc149bedd67a0.bundle,AudioClip,1
source,bundle,assets/aa/Android/df2813a35d6cbc7555ea6cc7e472fd79.bundle,AssetBundle,1
source,bundle,assets/aa/Android/df2813a35d6cbc7555ea6cc7e472fd79.bundle,TextAsset,1
source,bundle,assets/aa/Android/df4ad59ec2e4e18c6a66bd5a2eac15e5.bundle,AssetBundle,1
source,bundle,assets/aa/Android/df4ad59ec2e4e18c6a66bd5a2eac15e5.bundle,TextAsset,1
source,bundle,assets/aa/Android/df58af8097c96c10e022ca329338f34e.bundle,AssetBundle,1
source,bundle,assets/aa/Android/df58af8097c96c10e022ca329338f34e.bundle,Sprite,1
source,bundle,assets/aa/Android/df58af8097c96c10e022ca329338f34e.bundle,Texture2D,1
source,bundle,assets/aa/Android/dfa004365efc71063fb1828daa213c38.bundle,AssetBundle,1
source,bundle,assets/aa/Android/dfa004365efc71063fb1828daa213c38.bundle,Sprite,1
source,bundle,assets/aa/Android/dfa004365efc71063fb1828daa213c38.bundle,Texture2D,1
source,bundle,assets/aa/Android/dfd8fbd9cd6a937a4a75099213e74c3a.bundle,AssetBundle,1
source,bundle,assets/aa/Android/dfd8fbd9cd6a937a4a75099213e74c3a.bundle,AudioClip,1
source,bundle,assets/aa/Android/dfdcd94119274904dcab9c9b45266f04.bundle,AssetBundle,1
source,bundle,assets/aa/Android/dfdcd94119274904dcab9c9b45266f04.bundle,Sprite,1
source,bundle,assets/aa/Android/dfdcd94119274904dcab9c9b45266f04.bundle,Texture2D,1
source,bundle,assets/aa/Android/dfe1516dd6afe39fe8603915cd043648.bundle,AssetBundle,1
source,bundle,assets/aa/Android/dfe1516dd6afe39fe8603915cd043648.bundle,AudioClip,1
source,bundle,assets/aa/Android/dfe2e6d9f55db914bf7600c4b6285b8c.bundle,AssetBundle,1
source,bundle,assets/aa/Android/dfe2e6d9f55db914bf7600c4b6285b8c.bundle,Sprite,1
source,bundle,assets/aa/Android/dfe2e6d9f55db914bf7600c4b6285b8c.bundle,Texture2D,1
source,bundle,assets/aa/Android/e0040c6035cee2f6cdf6e3102d2aa95f.bundle,AssetBundle,1
source,bundle,assets/aa/Android/e0040c6035cee2f6cdf6e3102d2aa95f.bundle,Sprite,1
source,bundle,assets/aa/Android/e0040c6035cee2f6cdf6e3102d2aa95f.bundle,Texture2D,1
source,bundle,assets/aa/Android/e02cde62ca6c91a1dcc2afb7d97ef193.bundle,AssetBundle,1
source,bundle,assets/aa/Android/e02cde62ca6c91a1dcc2afb7d97ef193.bundle,Sprite,1
source,bundle,assets/aa/Android/e02cde62ca6c91a1dcc2afb7d97ef193.bundle,Texture2D,1
source,bundle,assets/aa/Android/e036a81c351e700e3fda8ca4dec887d0.bundle,AssetBundle,1
source,bundle,assets/aa/Android/e036a81c351e700e3fda8ca4dec887d0.bundle,TextAsset,1
source,bundle,assets/aa/Android/e043a0783892348546e51706ed61ef60.bundle,AssetBundle,1
source,bundle,assets/aa/Android/e043a0783892348546e51706ed61ef60.bundle,Sprite,1
source,bundle,assets/aa/Android/e043a0783892348546e51706ed61ef60.bundle,Texture2D,1
source,bundle,assets/aa/Android/e072319bd1ceb40aa20ab77da5d0618a.bundle,AssetBundle,1
source,bundle,assets/aa/Android/e072319bd1ceb40aa20ab77da5d0618a.bundle,TextAsset,1
source,bundle,assets/aa/Android/e07708e510fab44cbffea67538796475.bundle,AssetBundle,1
source,bundle,assets/aa/Android/e07708e510fab44cbffea67538796475.bundle,Sprite,1
source,bundle,assets/aa/Android/e07708e510fab44cbffea67538796475.bundle,Texture2D,1
source,bundle,assets/aa/Android/e0be0d215037f8deebb4784630eb1c70.bundle,AssetBundle,1
source,bundle,assets/aa/Android/e0be0d215037f8deebb4784630eb1c70.bundle,Sprite,1
source,bundle,assets/aa/Android/e0be0d215037f8deebb4784630eb1c70.bundle,Texture2D,1
source,bundle,assets/aa/Android/e0e5c4f0859cf26f9a4e5d54b31ae8d5.bundle,AssetBundle,1
source,bundle,assets/aa/Android/e0e5c4f0859cf26f9a4e5d54b31ae8d5.bundle,TextAsset,1
source,bundle,assets/aa/Android/e1008d53907e939b7115418178fb8eab.bundle,AssetBundle,1
source,bundle,assets/aa/Android/e1008d53907e939b7115418178fb8eab.bundle,TextAsset,1
source,bundle,assets/aa/Android/e1232d76168805db9e6eaf40b9e10377.bundle,AssetBundle,1
source,bundle,assets/aa/Android/e1232d76168805db9e6eaf40b9e10377.bundle,Canvas,4
source,bundle,assets/aa/Android/e1232d76168805db9e6eaf40b9e10377.bundle,CanvasRenderer,8
source,bundle,assets/aa/Android/e1232d76168805db9e6eaf40b9e10377.bundle,Font,2
source,bundle,assets/aa/Android/e1232d76168805db9e6eaf40b9e10377.bundle,GameObject,14
source,bundle,assets/aa/Android/e1232d76168805db9e6eaf40b9e10377.bundle,Material,4
source,bundle,assets/aa/Android/e1232d76168805db9e6eaf40b9e10377.bundle,MonoBehaviour,23
source,bundle,assets/aa/Android/e1232d76168805db9e6eaf40b9e10377.bundle,MonoScript,11
source,bundle,assets/aa/Android/e1232d76168805db9e6eaf40b9e10377.bundle,RectTransform,13
source,bundle,assets/aa/Android/e1232d76168805db9e6eaf40b9e10377.bundle,Shader,8
source,bundle,assets/aa/Android/e1232d76168805db9e6eaf40b9e10377.bundle,ShaderVariantCollection,1
source,bundle,assets/aa/Android/e1232d76168805db9e6eaf40b9e10377.bundle,Texture2D,5
source,bundle,assets/aa/Android/e1232d76168805db9e6eaf40b9e10377.bundle,Transform,1
source,bundle,assets/aa/Android/e139ac9d91609a4711edef894dc2825a.bundle,AssetBundle,1
source,bundle,assets/aa/Android/e139ac9d91609a4711edef894dc2825a.bundle,Sprite,1
source,bundle,assets/aa/Android/e139ac9d91609a4711edef894dc2825a.bundle,Texture2D,1
source,bundle,assets/aa/Android/e154211f283f814db8ef647615c912fa.bundle,AssetBundle,1
source,bundle,assets/aa/Android/e154211f283f814db8ef647615c912fa.bundle,Sprite,1
source,bundle,assets/aa/Android/e154211f283f814db8ef647615c912fa.bundle,Texture2D,1
source,bundle,assets/aa/Android/e15a7f1c01b82d150e7dcceda42891a1.bundle,AssetBundle,1
source,bundle,assets/aa/Android/e15a7f1c01b82d150e7dcceda42891a1.bundle,Sprite,1
source,bundle,assets/aa/Android/e15a7f1c01b82d150e7dcceda42891a1.bundle,Texture2D,1
source,bundle,assets/aa/Android/e15e5a086d40fcb039434507fe2311b5.bundle,AssetBundle,1
source,bundle,assets/aa/Android/e15e5a086d40fcb039434507fe2311b5.bundle,TextAsset,1
source,bundle,assets/aa/Android/e185e64428ba4b8479844f7b904af0f1.bundle,AssetBundle,1
source,bundle,assets/aa/Android/e185e64428ba4b8479844f7b904af0f1.bundle,Sprite,1
source,bundle,assets/aa/Android/e185e64428ba4b8479844f7b904af0f1.bundle,Texture2D,1
source,bundle,assets/aa/Android/e187f22165aa2ab9a06d6fbad32bb7f4.bundle,AssetBundle,1
source,bundle,assets/aa/Android/e187f22165aa2ab9a06d6fbad32bb7f4.bundle,TextAsset,1
source,bundle,assets/aa/Android/e1df52b6925c6fb5e72ecd165cf2fe0e.bundle,AssetBundle,1
source,bundle,assets/aa/Android/e1df52b6925c6fb5e72ecd165cf2fe0e.bundle,Sprite,1
source,bundle,assets/aa/Android/e1df52b6925c6fb5e72ecd165cf2fe0e.bundle,Texture2D,1
source,bundle,assets/aa/Android/e20be9a94a73aae5c3bb624110c4a2b6.bundle,AssetBundle,1
source,bundle,assets/aa/Android/e20be9a94a73aae5c3bb624110c4a2b6.bundle,AudioClip,1
source,bundle,assets/aa/Android/e22f72c532465424ad11aa406c114a19.bundle,AssetBundle,1
source,bundle,assets/aa/Android/e22f72c532465424ad11aa406c114a19.bundle,TextAsset,1
source,bundle,assets/aa/Android/e23e7233fc4414cf9373fc5893f959e6.bundle,AssetBundle,1
source,bundle,assets/aa/Android/e23e7233fc4414cf9373fc5893f959e6.bundle,Sprite,1
source,bundle,assets/aa/Android/e23e7233fc4414cf9373fc5893f959e6.bundle,Texture2D,1
source,bundle,assets/aa/Android/e251197581789027a00f82950e7e22e2.bundle,AssetBundle,1
source,bundle,assets/aa/Android/e251197581789027a00f82950e7e22e2.bundle,TextAsset,1
source,bundle,assets/aa/Android/e26686bfd1994b964a1f14284b168d75.bundle,AssetBundle,1
source,bundle,assets/aa/Android/e26686bfd1994b964a1f14284b168d75.bundle,TextAsset,1
source,bundle,assets/aa/Android/e26b9fb9a6156085bb08155b41d30e76.bundle,AssetBundle,1
source,bundle,assets/aa/Android/e26b9fb9a6156085bb08155b41d30e76.bundle,TextAsset,1
source,bundle,assets/aa/Android/e27aa6eca87b85471e74b253ac3f7e6d.bundle,AssetBundle,1
source,bundle,assets/aa/Android/e27aa6eca87b85471e74b253ac3f7e6d.bundle,TextAsset,1
source,bundle,assets/aa/Android/e27cc9ca959432607ffd5a5e5ffcb512.bundle,AssetBundle,1
source,bundle,assets/aa/Android/e27cc9ca959432607ffd5a5e5ffcb512.bundle,TextAsset,1
source,bundle,assets/aa/Android/e2a00f26502a8b727a18e89f5890577a.bundle,AssetBundle,1
source,bundle,assets/aa/Android/e2a00f26502a8b727a18e89f5890577a.bundle,TextAsset,1
source,bundle,assets/aa/Android/e2ca2a4ec8dbb1721c89779b11c0d3d8.bundle,AssetBundle,1
source,bundle,assets/aa/Android/e2ca2a4ec8dbb1721c89779b11c0d3d8.bundle,Sprite,1
source,bundle,assets/aa/Android/e2ca2a4ec8dbb1721c89779b11c0d3d8.bundle,Texture2D,1
source,bundle,assets/aa/Android/e31d798a000e6780ff2819a85f3ea57a.bundle,AssetBundle,1
source,bundle,assets/aa/Android/e31d798a000e6780ff2819a85f3ea57a.bundle,Sprite,1
source,bundle,assets/aa/Android/e31d798a000e6780ff2819a85f3ea57a.bundle,Texture2D,1
source,bundle,assets/aa/Android/e3634c6b57d38e9a238b7d9013da1a48.bundle,AssetBundle,1
source,bundle,assets/aa/Android/e3634c6b57d38e9a238b7d9013da1a48.bundle,AudioClip,1
source,bundle,assets/aa/Android/e38022111b5b7dfa35e39c30d440f011.bundle,AssetBundle,1
source,bundle,assets/aa/Android/e38022111b5b7dfa35e39c30d440f011.bundle,Sprite,1
source,bundle,assets/aa/Android/e38022111b5b7dfa35e39c30d440f011.bundle,Texture2D,1
source,bundle,assets/aa/Android/e38cd625b5b3e16b48c83b5faae084b8.bundle,AssetBundle,1
source,bundle,assets/aa/Android/e38cd625b5b3e16b48c83b5faae084b8.bundle,TextAsset,1
source,bundle,assets/aa/Android/e391d56c30e48922edc05d9404d00e8b.bundle,AssetBundle,1
source,bundle,assets/aa/Android/e391d56c30e48922edc05d9404d00e8b.bundle,Sprite,1
source,bundle,assets/aa/Android/e391d56c30e48922edc05d9404d00e8b.bundle,Texture2D,1
source,bundle,assets/aa/Android/e397f2720dfb03def471ff4a054de962.bundle,AssetBundle,1
source,bundle,assets/aa/Android/e397f2720dfb03def471ff4a054de962.bundle,TextAsset,1
source,bundle,assets/aa/Android/e39b72ea7d025296377870f85e2fd067.bundle,AssetBundle,1
source,bundle,assets/aa/Android/e39b72ea7d025296377870f85e2fd067.bundle,Sprite,1
source,bundle,assets/aa/Android/e39b72ea7d025296377870f85e2fd067.bundle,Texture2D,1
source,bundle,assets/aa/Android/e3a33cf98d521ee6c1046e3d4d73a49c.bundle,AssetBundle,1
source,bundle,assets/aa/Android/e3a33cf98d521ee6c1046e3d4d73a49c.bundle,Sprite,1
source,bundle,assets/aa/Android/e3a33cf98d521ee6c1046e3d4d73a49c.bundle,Texture2D,1
source,bundle,assets/aa/Android/e3a491422e50e58624f97721741afe6f.bundle,AssetBundle,1
source,bundle,assets/aa/Android/e3a491422e50e58624f97721741afe6f.bundle,Sprite,1
source,bundle,assets/aa/Android/e3a491422e50e58624f97721741afe6f.bundle,Texture2D,1
source,bundle,assets/aa/Android/e40e5f519fd0e4ea8bd2db1a77feefff.bundle,AssetBundle,1
source,bundle,assets/aa/Android/e40e5f519fd0e4ea8bd2db1a77feefff.bundle,TextAsset,1
source,bundle,assets/aa/Android/e417dc4eefe85142cf3332fe0faa1e72.bundle,AssetBundle,1
source,bundle,assets/aa/Android/e417dc4eefe85142cf3332fe0faa1e72.bundle,Sprite,1
source,bundle,assets/aa/Android/e417dc4eefe85142cf3332fe0faa1e72.bundle,Texture2D,1
source,bundle,assets/aa/Android/e419e00840437f21285ad6118dc40924.bundle,AssetBundle,1
source,bundle,assets/aa/Android/e419e00840437f21285ad6118dc40924.bundle,TextAsset,1
source,bundle,assets/aa/Android/e42539e6a971790e3255ad5f7f960ff0.bundle,AssetBundle,1
source,bundle,assets/aa/Android/e42539e6a971790e3255ad5f7f960ff0.bundle,TextAsset,1
source,bundle,assets/aa/Android/e447c5fc09289b6313180a572e867893.bundle,AssetBundle,1
source,bundle,assets/aa/Android/e447c5fc09289b6313180a572e867893.bundle,TextAsset,1
source,bundle,assets/aa/Android/e44f48176d5cebdb5f9695bcbc2bc03e.bundle,AssetBundle,1
source,bundle,assets/aa/Android/e44f48176d5cebdb5f9695bcbc2bc03e.bundle,Sprite,1
source,bundle,assets/aa/Android/e44f48176d5cebdb5f9695bcbc2bc03e.bundle,Texture2D,1
source,bundle,assets/aa/Android/e46d617ba0e68b5c9b0c57a4e24213f2.bundle,AssetBundle,1
source,bundle,assets/aa/Android/e46d617ba0e68b5c9b0c57a4e24213f2.bundle,TextAsset,1
source,bundle,assets/aa/Android/e47fe1a5202c229e355fc694cd0f4e33.bundle,AssetBundle,1
source,bundle,assets/aa/Android/e47fe1a5202c229e355fc694cd0f4e33.bundle,AudioClip,1
source,bundle,assets/aa/Android/e487b238067aae39c8b1098d483b01a8.bundle,AssetBundle,1
source,bundle,assets/aa/Android/e487b238067aae39c8b1098d483b01a8.bundle,Sprite,1
source,bundle,assets/aa/Android/e487b238067aae39c8b1098d483b01a8.bundle,Texture2D,1
source,bundle,assets/aa/Android/e491ec4e724c45c71668a3a788c2904e.bundle,AssetBundle,1
source,bundle,assets/aa/Android/e491ec4e724c45c71668a3a788c2904e.bundle,Sprite,1
source,bundle,assets/aa/Android/e491ec4e724c45c71668a3a788c2904e.bundle,Texture2D,1
source,bundle,assets/aa/Android/e49b9bb337811d114264f4e1551d1ec2.bundle,AssetBundle,1
source,bundle,assets/aa/Android/e49b9bb337811d114264f4e1551d1ec2.bundle,Sprite,1
source,bundle,assets/aa/Android/e49b9bb337811d114264f4e1551d1ec2.bundle,Texture2D,1
source,bundle,assets/aa/Android/e4d352aa9698c7eabac8faa3320ed7d3.bundle,AssetBundle,1
source,bundle,assets/aa/Android/e4d352aa9698c7eabac8faa3320ed7d3.bundle,TextAsset,1
source,bundle,assets/aa/Android/e4f295c520922703532d93c005db5b14.bundle,AssetBundle,1
source,bundle,assets/aa/Android/e4f295c520922703532d93c005db5b14.bundle,TextAsset,1
source,bundle,assets/aa/Android/e4f6035e7247ba1cc2eeff41ad04f4b8.bundle,AssetBundle,1
source,bundle,assets/aa/Android/e4f6035e7247ba1cc2eeff41ad04f4b8.bundle,TextAsset,1
source,bundle,assets/aa/Android/e519902ac89a7eb18c5912d3561ff9c0.bundle,AssetBundle,1
source,bundle,assets/aa/Android/e519902ac89a7eb18c5912d3561ff9c0.bundle,AudioClip,1
source,bundle,assets/aa/Android/e521c31dcf69997be378689438680ee5.bundle,AssetBundle,1
source,bundle,assets/aa/Android/e521c31dcf69997be378689438680ee5.bundle,Sprite,1
source,bundle,assets/aa/Android/e521c31dcf69997be378689438680ee5.bundle,Texture2D,1
source,bundle,assets/aa/Android/e52b78c98c4d342ca6ece5e034b3a5da.bundle,AssetBundle,1
source,bundle,assets/aa/Android/e52b78c98c4d342ca6ece5e034b3a5da.bundle,TextAsset,1
source,bundle,assets/aa/Android/e53723deaaf8f70df991ca0f0fe7247d.bundle,AnimationClip,2
source,bundle,assets/aa/Android/e53723deaaf8f70df991ca0f0fe7247d.bundle,Animator,3
source,bundle,assets/aa/Android/e53723deaaf8f70df991ca0f0fe7247d.bundle,AnimatorController,2
source,bundle,assets/aa/Android/e53723deaaf8f70df991ca0f0fe7247d.bundle,AssetBundle,1
source,bundle,assets/aa/Android/e53723deaaf8f70df991ca0f0fe7247d.bundle,GameObject,10
source,bundle,assets/aa/Android/e53723deaaf8f70df991ca0f0fe7247d.bundle,Material,1
source,bundle,assets/aa/Android/e53723deaaf8f70df991ca0f0fe7247d.bundle,MonoBehaviour,8
source,bundle,assets/aa/Android/e53723deaaf8f70df991ca0f0fe7247d.bundle,MonoScript,6
source,bundle,assets/aa/Android/e53723deaaf8f70df991ca0f0fe7247d.bundle,Sprite,36
source,bundle,assets/aa/Android/e53723deaaf8f70df991ca0f0fe7247d.bundle,SpriteRenderer,3
source,bundle,assets/aa/Android/e53723deaaf8f70df991ca0f0fe7247d.bundle,Texture2D,36
source,bundle,assets/aa/Android/e53723deaaf8f70df991ca0f0fe7247d.bundle,Transform,10
source,bundle,assets/aa/Android/e5378252ccf4a69e24a0f75711794fb8.bundle,AssetBundle,1
source,bundle,assets/aa/Android/e5378252ccf4a69e24a0f75711794fb8.bundle,TextAsset,1
source,bundle,assets/aa/Android/e55438a98d89fbb763f5dd2f5e62efec.bundle,AssetBundle,1
source,bundle,assets/aa/Android/e55438a98d89fbb763f5dd2f5e62efec.bundle,TextAsset,1
source,bundle,assets/aa/Android/e5623fd81c200e0039b64ed0a6813c42.bundle,AssetBundle,1
source,bundle,assets/aa/Android/e5623fd81c200e0039b64ed0a6813c42.bundle,TextAsset,1
source,bundle,assets/aa/Android/e57a2aa682f2578a0bfbebd574afc283.bundle,AssetBundle,1
source,bundle,assets/aa/Android/e57a2aa682f2578a0bfbebd574afc283.bundle,TextAsset,1
source,bundle,assets/aa/Android/e57c0059cbb6d12bc3902214a626f7d8.bundle,AssetBundle,1
source,bundle,assets/aa/Android/e57c0059cbb6d12bc3902214a626f7d8.bundle,Sprite,1
source,bundle,assets/aa/Android/e57c0059cbb6d12bc3902214a626f7d8.bundle,Texture2D,1
source,bundle,assets/aa/Android/e5811f508384f958595534c62d07c848.bundle,AssetBundle,1
source,bundle,assets/aa/Android/e5811f508384f958595534c62d07c848.bundle,TextAsset,1
source,bundle,assets/aa/Android/e58aa5ad9a0ad433947d4bcc11dfd4cb.bundle,AssetBundle,1
source,bundle,assets/aa/Android/e58aa5ad9a0ad433947d4bcc11dfd4cb.bundle,TextAsset,1
source,bundle,assets/aa/Android/e5b09c462e3afd37bd0e43595ee7c9b3.bundle,AssetBundle,1
source,bundle,assets/aa/Android/e5b09c462e3afd37bd0e43595ee7c9b3.bundle,Sprite,1
source,bundle,assets/aa/Android/e5b09c462e3afd37bd0e43595ee7c9b3.bundle,Texture2D,1
source,bundle,assets/aa/Android/e5e02d0f18fff278bb7c87b15054f5d7.bundle,AssetBundle,1
source,bundle,assets/aa/Android/e5e02d0f18fff278bb7c87b15054f5d7.bundle,AudioClip,1
source,bundle,assets/aa/Android/e5faafb89b982af08a92fbf0c1dc21c9.bundle,AssetBundle,1
source,bundle,assets/aa/Android/e5faafb89b982af08a92fbf0c1dc21c9.bundle,Sprite,1
source,bundle,assets/aa/Android/e5faafb89b982af08a92fbf0c1dc21c9.bundle,Texture2D,1
source,bundle,assets/aa/Android/e5fffbaa34cfa6593c17cd46da09c8dd.bundle,AssetBundle,1
source,bundle,assets/aa/Android/e5fffbaa34cfa6593c17cd46da09c8dd.bundle,TextAsset,1
source,bundle,assets/aa/Android/e60dfd338235b0f4b0c5a096f8501e17.bundle,AssetBundle,1
source,bundle,assets/aa/Android/e60dfd338235b0f4b0c5a096f8501e17.bundle,TextAsset,1
source,bundle,assets/aa/Android/e6121448d577333e94359c92b9198f56.bundle,AssetBundle,1
source,bundle,assets/aa/Android/e6121448d577333e94359c92b9198f56.bundle,TextAsset,1
source,bundle,assets/aa/Android/e6159634dd64a71e0f9233aec4713e8c.bundle,AssetBundle,1
source,bundle,assets/aa/Android/e6159634dd64a71e0f9233aec4713e8c.bundle,Sprite,1
source,bundle,assets/aa/Android/e6159634dd64a71e0f9233aec4713e8c.bundle,Texture2D,1
source,bundle,assets/aa/Android/e6487ec4f54d0579c36414db6dd91259.bundle,AssetBundle,1
source,bundle,assets/aa/Android/e6487ec4f54d0579c36414db6dd91259.bundle,AudioClip,1
source,bundle,assets/aa/Android/e66342a5ba7384dbc8be0c7a6f6bdd0b.bundle,AssetBundle,1
source,bundle,assets/aa/Android/e66342a5ba7384dbc8be0c7a6f6bdd0b.bundle,Sprite,1
source,bundle,assets/aa/Android/e66342a5ba7384dbc8be0c7a6f6bdd0b.bundle,Texture2D,1
source,bundle,assets/aa/Android/e6925200c8bbf54a2800074eb0e7c6de.bundle,AssetBundle,1
source,bundle,assets/aa/Android/e6925200c8bbf54a2800074eb0e7c6de.bundle,AudioClip,1
source,bundle,assets/aa/Android/e698aa2976d51f11a8bc9ba1e835aff7.bundle,AssetBundle,1
source,bundle,assets/aa/Android/e698aa2976d51f11a8bc9ba1e835aff7.bundle,TextAsset,1
source,bundle,assets/aa/Android/e6ca8207f803a3461deccd491b30edc8.bundle,AssetBundle,1
source,bundle,assets/aa/Android/e6ca8207f803a3461deccd491b30edc8.bundle,Sprite,1
source,bundle,assets/aa/Android/e6ca8207f803a3461deccd491b30edc8.bundle,Texture2D,1
source,bundle,assets/aa/Android/e6d2a37b67f46103542134af4e1c1d95.bundle,AssetBundle,1
source,bundle,assets/aa/Android/e6d2a37b67f46103542134af4e1c1d95.bundle,AudioClip,1
source,bundle,assets/aa/Android/e6ee5303a9abb824ce74bab12cf78e10.bundle,AssetBundle,1
source,bundle,assets/aa/Android/e6ee5303a9abb824ce74bab12cf78e10.bundle,TextAsset,1
source,bundle,assets/aa/Android/e711ff097c24ee348f8e9b5aab204a50.bundle,AssetBundle,1
source,bundle,assets/aa/Android/e711ff097c24ee348f8e9b5aab204a50.bundle,TextAsset,1
source,bundle,assets/aa/Android/e719386d785e68200e4b16448dc368e1.bundle,AssetBundle,1
source,bundle,assets/aa/Android/e719386d785e68200e4b16448dc368e1.bundle,TextAsset,1
source,bundle,assets/aa/Android/e71a8cbc53b7363da2d0bc2141c0cc87.bundle,AssetBundle,1
source,bundle,assets/aa/Android/e71a8cbc53b7363da2d0bc2141c0cc87.bundle,Sprite,1
source,bundle,assets/aa/Android/e71a8cbc53b7363da2d0bc2141c0cc87.bundle,Texture2D,1
source,bundle,assets/aa/Android/e74fda38283e52d701d1f5be3dc5ff9d.bundle,AssetBundle,1
source,bundle,assets/aa/Android/e74fda38283e52d701d1f5be3dc5ff9d.bundle,TextAsset,1
source,bundle,assets/aa/Android/e74fec824500fdd43b92f75d26e99ff2.bundle,AssetBundle,1
source,bundle,assets/aa/Android/e74fec824500fdd43b92f75d26e99ff2.bundle,TextAsset,1
source,bundle,assets/aa/Android/e75550c8c84976d5453a25358f84b81a.bundle,AssetBundle,1
source,bundle,assets/aa/Android/e75550c8c84976d5453a25358f84b81a.bundle,Sprite,1
source,bundle,assets/aa/Android/e75550c8c84976d5453a25358f84b81a.bundle,Texture2D,1
source,bundle,assets/aa/Android/e759b8453f17b4fa57436bca68eb4917.bundle,AssetBundle,1
source,bundle,assets/aa/Android/e759b8453f17b4fa57436bca68eb4917.bundle,Sprite,1
source,bundle,assets/aa/Android/e759b8453f17b4fa57436bca68eb4917.bundle,Texture2D,1
source,bundle,assets/aa/Android/e792c2243f2de14e5aa37c0388aa2598.bundle,AssetBundle,1
source,bundle,assets/aa/Android/e792c2243f2de14e5aa37c0388aa2598.bundle,TextAsset,1
source,bundle,assets/aa/Android/e7b650a3ee888ff5ac277e95367f58ce.bundle,AssetBundle,1
source,bundle,assets/aa/Android/e7b650a3ee888ff5ac277e95367f58ce.bundle,AudioClip,1
source,bundle,assets/aa/Android/e7ed004f80585569a30cc08a1cdfb643.bundle,AssetBundle,1
source,bundle,assets/aa/Android/e7ed004f80585569a30cc08a1cdfb643.bundle,TextAsset,1
source,bundle,assets/aa/Android/e85480ad9e7de3597065616b22f946b2.bundle,AssetBundle,1
source,bundle,assets/aa/Android/e85480ad9e7de3597065616b22f946b2.bundle,Sprite,1
source,bundle,assets/aa/Android/e85480ad9e7de3597065616b22f946b2.bundle,Texture2D,1
source,bundle,assets/aa/Android/e8a6ff883abad8a6624ee6f9eaf9fb2f.bundle,AssetBundle,1
source,bundle,assets/aa/Android/e8a6ff883abad8a6624ee6f9eaf9fb2f.bundle,AudioClip,1
source,bundle,assets/aa/Android/e8a84eb408466017cd30af19d36e4d21.bundle,AssetBundle,1
source,bundle,assets/aa/Android/e8a84eb408466017cd30af19d36e4d21.bundle,TextAsset,1
source,bundle,assets/aa/Android/e8d177e159f3fd8a59ffc50e2036507e.bundle,AssetBundle,1
source,bundle,assets/aa/Android/e8d177e159f3fd8a59ffc50e2036507e.bundle,TextAsset,1
source,bundle,assets/aa/Android/e8da5d8619a809ff9758c07772f697f3.bundle,AssetBundle,1
source,bundle,assets/aa/Android/e8da5d8619a809ff9758c07772f697f3.bundle,Sprite,1
source,bundle,assets/aa/Android/e8da5d8619a809ff9758c07772f697f3.bundle,Texture2D,1
source,bundle,assets/aa/Android/e8ec4a6180fae4d5114726efe97f0a6d.bundle,AssetBundle,1
source,bundle,assets/aa/Android/e8ec4a6180fae4d5114726efe97f0a6d.bundle,TextAsset,1
source,bundle,assets/aa/Android/e8f5ec9fc6f36fc51e879fd1e236cb35.bundle,AssetBundle,1
source,bundle,assets/aa/Android/e8f5ec9fc6f36fc51e879fd1e236cb35.bundle,Sprite,1
source,bundle,assets/aa/Android/e8f5ec9fc6f36fc51e879fd1e236cb35.bundle,Texture2D,1
source,bundle,assets/aa/Android/e8f6b0eea4df1b155deb623d4addb872.bundle,AssetBundle,1
source,bundle,assets/aa/Android/e8f6b0eea4df1b155deb623d4addb872.bundle,TextAsset,1
source,bundle,assets/aa/Android/e911bfcfd8d4098cb83e7f1c035cd892.bundle,AssetBundle,1
source,bundle,assets/aa/Android/e911bfcfd8d4098cb83e7f1c035cd892.bundle,Sprite,1
source,bundle,assets/aa/Android/e911bfcfd8d4098cb83e7f1c035cd892.bundle,Texture2D,1
source,bundle,assets/aa/Android/e93cf44bd2af93f5e66d4a3f0ab08711.bundle,AssetBundle,1
source,bundle,assets/aa/Android/e93cf44bd2af93f5e66d4a3f0ab08711.bundle,AudioClip,1
source,bundle,assets/aa/Android/e94073ccef0ca7f3f19fa5252940fc31.bundle,AssetBundle,1
source,bundle,assets/aa/Android/e94073ccef0ca7f3f19fa5252940fc31.bundle,AudioClip,1
source,bundle,assets/aa/Android/e94c83edc67b0cb00c43ae00a67f431e.bundle,AssetBundle,1
source,bundle,assets/aa/Android/e94c83edc67b0cb00c43ae00a67f431e.bundle,TextAsset,1
source,bundle,assets/aa/Android/e9763f885f6730eef8de3de318b9c8a0.bundle,AssetBundle,1
source,bundle,assets/aa/Android/e9763f885f6730eef8de3de318b9c8a0.bundle,AudioClip,1
source,bundle,assets/aa/Android/e97977495eedcc159b985d56fa95fe5b.bundle,AssetBundle,1
source,bundle,assets/aa/Android/e97977495eedcc159b985d56fa95fe5b.bundle,Sprite,1
source,bundle,assets/aa/Android/e97977495eedcc159b985d56fa95fe5b.bundle,Texture2D,1
source,bundle,assets/aa/Android/e97dcbb6f509f6470b5796f8c6f41f12.bundle,AssetBundle,1
source,bundle,assets/aa/Android/e97dcbb6f509f6470b5796f8c6f41f12.bundle,Sprite,1
source,bundle,assets/aa/Android/e97dcbb6f509f6470b5796f8c6f41f12.bundle,Texture2D,1
source,bundle,assets/aa/Android/e99c3dd381534b9c375bbd7c155cbe69.bundle,AssetBundle,1
source,bundle,assets/aa/Android/e99c3dd381534b9c375bbd7c155cbe69.bundle,Sprite,1
source,bundle,assets/aa/Android/e99c3dd381534b9c375bbd7c155cbe69.bundle,Texture2D,1
source,bundle,assets/aa/Android/e99fa429c2e18caa1fed226f0d25420d.bundle,AssetBundle,1
source,bundle,assets/aa/Android/e99fa429c2e18caa1fed226f0d25420d.bundle,TextAsset,1
source,bundle,assets/aa/Android/e9a63e0d6eb56202d7db99c475940471.bundle,AssetBundle,1
source,bundle,assets/aa/Android/e9a63e0d6eb56202d7db99c475940471.bundle,TextAsset,1
source,bundle,assets/aa/Android/e9be43c5caa6371fb94f6cae04474692.bundle,AssetBundle,1
source,bundle,assets/aa/Android/e9be43c5caa6371fb94f6cae04474692.bundle,TextAsset,1
source,bundle,assets/aa/Android/e9bf040a93a013ba0a7711c78712f839.bundle,AssetBundle,1
source,bundle,assets/aa/Android/e9bf040a93a013ba0a7711c78712f839.bundle,Sprite,1
source,bundle,assets/aa/Android/e9bf040a93a013ba0a7711c78712f839.bundle,Texture2D,1
source,bundle,assets/aa/Android/ea0357ad697bad204fe4222f37ef712b.bundle,AssetBundle,1
source,bundle,assets/aa/Android/ea0357ad697bad204fe4222f37ef712b.bundle,TextAsset,1
source,bundle,assets/aa/Android/ea20eb7235336e41bb108d36483a6b3d.bundle,AssetBundle,1
source,bundle,assets/aa/Android/ea20eb7235336e41bb108d36483a6b3d.bundle,TextAsset,1
source,bundle,assets/aa/Android/ea4923986dd6a8dc5624e36fa563a728.bundle,AssetBundle,1
source,bundle,assets/aa/Android/ea4923986dd6a8dc5624e36fa563a728.bundle,TextAsset,1
source,bundle,assets/aa/Android/ea5e298dd13865b6253f0d1fb55a9d16.bundle,AssetBundle,1
source,bundle,assets/aa/Android/ea5e298dd13865b6253f0d1fb55a9d16.bundle,TextAsset,1
source,bundle,assets/aa/Android/ea80eb189abdad5a7f6516c05627d64f.bundle,AssetBundle,1
source,bundle,assets/aa/Android/ea80eb189abdad5a7f6516c05627d64f.bundle,TextAsset,1
source,bundle,assets/aa/Android/eaabc82c0d0783342d1244032d7e2fbf.bundle,AssetBundle,1
source,bundle,assets/aa/Android/eaabc82c0d0783342d1244032d7e2fbf.bundle,TextAsset,1
source,bundle,assets/aa/Android/eac881db894760706c3cb6e9946d10c0.bundle,AssetBundle,1
source,bundle,assets/aa/Android/eac881db894760706c3cb6e9946d10c0.bundle,TextAsset,1
source,bundle,assets/aa/Android/eadb7a11cdee9655941d116466a85cab.bundle,AssetBundle,1
source,bundle,assets/aa/Android/eadb7a11cdee9655941d116466a85cab.bundle,Sprite,1
source,bundle,assets/aa/Android/eadb7a11cdee9655941d116466a85cab.bundle,Texture2D,1
source,bundle,assets/aa/Android/eae0ad38cd1c0178073aa266293a5901.bundle,AssetBundle,1
source,bundle,assets/aa/Android/eae0ad38cd1c0178073aa266293a5901.bundle,Sprite,1
source,bundle,assets/aa/Android/eae0ad38cd1c0178073aa266293a5901.bundle,Texture2D,1
source,bundle,assets/aa/Android/eaf7fd972cf369765054f9acbf7c7780.bundle,AssetBundle,1
source,bundle,assets/aa/Android/eaf7fd972cf369765054f9acbf7c7780.bundle,Sprite,1
source,bundle,assets/aa/Android/eaf7fd972cf369765054f9acbf7c7780.bundle,Texture2D,1
source,bundle,assets/aa/Android/eaf908cffa33cdb4ea6634a1ed65c4a8.bundle,AssetBundle,1
source,bundle,assets/aa/Android/eaf908cffa33cdb4ea6634a1ed65c4a8.bundle,Sprite,1
source,bundle,assets/aa/Android/eaf908cffa33cdb4ea6634a1ed65c4a8.bundle,Texture2D,1
source,bundle,assets/aa/Android/eb078ae83d7bc81fbc371cbd9edf0169.bundle,AssetBundle,1
source,bundle,assets/aa/Android/eb078ae83d7bc81fbc371cbd9edf0169.bundle,TextAsset,1
source,bundle,assets/aa/Android/eb1d1c73203392d0ae4bdf4103db7744.bundle,AssetBundle,1
source,bundle,assets/aa/Android/eb1d1c73203392d0ae4bdf4103db7744.bundle,AudioClip,1
source,bundle,assets/aa/Android/eb235ef7e2d110b07097bf8b662913cd.bundle,AssetBundle,1
source,bundle,assets/aa/Android/eb235ef7e2d110b07097bf8b662913cd.bundle,Sprite,1
source,bundle,assets/aa/Android/eb235ef7e2d110b07097bf8b662913cd.bundle,Texture2D,1
source,bundle,assets/aa/Android/eb4e1f0fbf6a666eea0f4a02a089ae44.bundle,AssetBundle,1
source,bundle,assets/aa/Android/eb4e1f0fbf6a666eea0f4a02a089ae44.bundle,TextAsset,1
source,bundle,assets/aa/Android/eb7b87c283ed24f17bc564359757e874.bundle,AssetBundle,1
source,bundle,assets/aa/Android/eb7b87c283ed24f17bc564359757e874.bundle,TextAsset,1
source,bundle,assets/aa/Android/eb87a18aef8a4bbe2f43ed50fd1a895b.bundle,AssetBundle,1
source,bundle,assets/aa/Android/eb87a18aef8a4bbe2f43ed50fd1a895b.bundle,AudioClip,1
source,bundle,assets/aa/Android/ebe8907e5b829b7e40e66051a6cab138.bundle,AssetBundle,1
source,bundle,assets/aa/Android/ebe8907e5b829b7e40e66051a6cab138.bundle,Sprite,1
source,bundle,assets/aa/Android/ebe8907e5b829b7e40e66051a6cab138.bundle,Texture2D,1
source,bundle,assets/aa/Android/ebf67f878bad981ae3beaff05ffc5dbb.bundle,AssetBundle,1
source,bundle,assets/aa/Android/ebf67f878bad981ae3beaff05ffc5dbb.bundle,TextAsset,1
source,bundle,assets/aa/Android/ebfd4207ec4bc8ed7897a860d593cc11.bundle,AssetBundle,1
source,bundle,assets/aa/Android/ebfd4207ec4bc8ed7897a860d593cc11.bundle,TextAsset,1
source,bundle,assets/aa/Android/ec0d847a6566195c2bddb63cc2367683.bundle,AssetBundle,1
source,bundle,assets/aa/Android/ec0d847a6566195c2bddb63cc2367683.bundle,TextAsset,1
source,bundle,assets/aa/Android/ec63cc5256e8b44cd58aed17ff97a5fa.bundle,AssetBundle,1
source,bundle,assets/aa/Android/ec63cc5256e8b44cd58aed17ff97a5fa.bundle,TextAsset,1
source,bundle,assets/aa/Android/eca8ba62a5c6d96b4207405b74be5b0a.bundle,AssetBundle,1
source,bundle,assets/aa/Android/eca8ba62a5c6d96b4207405b74be5b0a.bundle,Sprite,1
source,bundle,assets/aa/Android/eca8ba62a5c6d96b4207405b74be5b0a.bundle,Texture2D,1
source,bundle,assets/aa/Android/ecb8f19db8d077e8ebefd19cfd9361be.bundle,AssetBundle,1
source,bundle,assets/aa/Android/ecb8f19db8d077e8ebefd19cfd9361be.bundle,AudioClip,1
source,bundle,assets/aa/Android/ecb98ce4c7de492ac8b7c6730462803a.bundle,AssetBundle,1
source,bundle,assets/aa/Android/ecb98ce4c7de492ac8b7c6730462803a.bundle,TextAsset,1
source,bundle,assets/aa/Android/ecc4d1d88b978b5ddb293c67646c32f4.bundle,AssetBundle,1
source,bundle,assets/aa/Android/ecc4d1d88b978b5ddb293c67646c32f4.bundle,TextAsset,1
source,bundle,assets/aa/Android/ecfc7b2d06cbbed97350ab786c85c32d.bundle,AssetBundle,1
source,bundle,assets/aa/Android/ecfc7b2d06cbbed97350ab786c85c32d.bundle,TextAsset,1
source,bundle,assets/aa/Android/ed693d492cacce66352d56af6124f1ba.bundle,AssetBundle,1
source,bundle,assets/aa/Android/ed693d492cacce66352d56af6124f1ba.bundle,Sprite,1
source,bundle,assets/aa/Android/ed693d492cacce66352d56af6124f1ba.bundle,Texture2D,1
source,bundle,assets/aa/Android/ed841018402cdec64912a6ac6bd7525e.bundle,AssetBundle,1
source,bundle,assets/aa/Android/ed841018402cdec64912a6ac6bd7525e.bundle,Sprite,1
source,bundle,assets/aa/Android/ed841018402cdec64912a6ac6bd7525e.bundle,Texture2D,1
source,bundle,assets/aa/Android/ed8f6241cd224df5b2495b0ad7d92940.bundle,AssetBundle,1
source,bundle,assets/aa/Android/ed8f6241cd224df5b2495b0ad7d92940.bundle,AudioClip,1
source,bundle,assets/aa/Android/eddf4b9fb874e14143262cf06d808f1c.bundle,AssetBundle,1
source,bundle,assets/aa/Android/eddf4b9fb874e14143262cf06d808f1c.bundle,Sprite,1
source,bundle,assets/aa/Android/eddf4b9fb874e14143262cf06d808f1c.bundle,Texture2D,1
source,bundle,assets/aa/Android/edeaa5ee4223a522974e48f117fbbe74.bundle,AssetBundle,1
source,bundle,assets/aa/Android/edeaa5ee4223a522974e48f117fbbe74.bundle,AudioClip,1
source,bundle,assets/aa/Android/edeee20c2697f329bffb63c1cd137cb2.bundle,AssetBundle,1
source,bundle,assets/aa/Android/edeee20c2697f329bffb63c1cd137cb2.bundle,Sprite,1
source,bundle,assets/aa/Android/edeee20c2697f329bffb63c1cd137cb2.bundle,Texture2D,1
source,bundle,assets/aa/Android/ee3b757fe87983a9ee4ce3f1de1cb09c.bundle,AssetBundle,1
source,bundle,assets/aa/Android/ee3b757fe87983a9ee4ce3f1de1cb09c.bundle,TextAsset,1
source,bundle,assets/aa/Android/ee3f2319a5f982eb5bea896346fc7de9.bundle,AssetBundle,1
source,bundle,assets/aa/Android/ee3f2319a5f982eb5bea896346fc7de9.bundle,TextAsset,1
source,bundle,assets/aa/Android/ee533852bdbeb7e0a1bdb60f02d237af.bundle,AssetBundle,1
source,bundle,assets/aa/Android/ee533852bdbeb7e0a1bdb60f02d237af.bundle,TextAsset,1
source,bundle,assets/aa/Android/ee558a8cb90f507518e1665931757940.bundle,AssetBundle,1
source,bundle,assets/aa/Android/ee558a8cb90f507518e1665931757940.bundle,TextAsset,1
source,bundle,assets/aa/Android/ee5ae315e3e0def2bb42b4a608ee1239.bundle,AssetBundle,1
source,bundle,assets/aa/Android/ee5ae315e3e0def2bb42b4a608ee1239.bundle,AudioClip,1
source,bundle,assets/aa/Android/ee705da4975121a26ec0e295f05fcced.bundle,AssetBundle,1
source,bundle,assets/aa/Android/ee705da4975121a26ec0e295f05fcced.bundle,Sprite,1
source,bundle,assets/aa/Android/ee705da4975121a26ec0e295f05fcced.bundle,Texture2D,1
source,bundle,assets/aa/Android/ee868f54afc78da071d94d562934464b.bundle,AssetBundle,1
source,bundle,assets/aa/Android/ee868f54afc78da071d94d562934464b.bundle,TextAsset,1
source,bundle,assets/aa/Android/ee8b2984cd45031a86109ab0eec768cc.bundle,AssetBundle,1
source,bundle,assets/aa/Android/ee8b2984cd45031a86109ab0eec768cc.bundle,AudioClip,1
source,bundle,assets/aa/Android/ee9dc0c8458f6128c377ef4fe3d9408b.bundle,AssetBundle,1
source,bundle,assets/aa/Android/ee9dc0c8458f6128c377ef4fe3d9408b.bundle,TextAsset,1
source,bundle,assets/aa/Android/eeae0ffb89745841ba9f2410504eaee5.bundle,AssetBundle,1
source,bundle,assets/aa/Android/eeae0ffb89745841ba9f2410504eaee5.bundle,TextAsset,1
source,bundle,assets/aa/Android/eec7a86629f76c9af3243ef350cd9f7c.bundle,AssetBundle,1
source,bundle,assets/aa/Android/eec7a86629f76c9af3243ef350cd9f7c.bundle,AudioClip,1
source,bundle,assets/aa/Android/eedfd8a7138d4e005942e069e379cee8.bundle,AssetBundle,1
source,bundle,assets/aa/Android/eedfd8a7138d4e005942e069e379cee8.bundle,TextAsset,1
source,bundle,assets/aa/Android/ef15abf7f6897d5fd5577aaf375e93b4.bundle,AssetBundle,1
source,bundle,assets/aa/Android/ef15abf7f6897d5fd5577aaf375e93b4.bundle,Sprite,1
source,bundle,assets/aa/Android/ef15abf7f6897d5fd5577aaf375e93b4.bundle,Texture2D,1
source,bundle,assets/aa/Android/ef6fd816d6221512385f40156aa016d0.bundle,AssetBundle,1
source,bundle,assets/aa/Android/ef6fd816d6221512385f40156aa016d0.bundle,TextAsset,1
source,bundle,assets/aa/Android/ef781ffce70aa8cad67017a6cbc1798b.bundle,AssetBundle,1
source,bundle,assets/aa/Android/ef781ffce70aa8cad67017a6cbc1798b.bundle,AudioClip,1
source,bundle,assets/aa/Android/ef825042b0f7b50eea3a339766f35795.bundle,AssetBundle,1
source,bundle,assets/aa/Android/ef825042b0f7b50eea3a339766f35795.bundle,Sprite,1
source,bundle,assets/aa/Android/ef825042b0f7b50eea3a339766f35795.bundle,Texture2D,1
source,bundle,assets/aa/Android/efd7a85d853946496bb5f653a6e0aba0.bundle,AssetBundle,1
source,bundle,assets/aa/Android/efd7a85d853946496bb5f653a6e0aba0.bundle,AudioClip,1
source,bundle,assets/aa/Android/eff19da99ff7f4095e2d057646553c35.bundle,AssetBundle,1
source,bundle,assets/aa/Android/eff19da99ff7f4095e2d057646553c35.bundle,TextAsset,1
source,bundle,assets/aa/Android/f01345486d2f45463f730acf9be3ed5f.bundle,AssetBundle,1
source,bundle,assets/aa/Android/f01345486d2f45463f730acf9be3ed5f.bundle,Sprite,1
source,bundle,assets/aa/Android/f01345486d2f45463f730acf9be3ed5f.bundle,Texture2D,1
source,bundle,assets/aa/Android/f0602320cafbed83293d3b8148d9dad9.bundle,AssetBundle,1
source,bundle,assets/aa/Android/f0602320cafbed83293d3b8148d9dad9.bundle,TextAsset,1
source,bundle,assets/aa/Android/f089c6e9ca3d1158ea1c6bd97bd22e3a.bundle,AssetBundle,1
source,bundle,assets/aa/Android/f089c6e9ca3d1158ea1c6bd97bd22e3a.bundle,TextAsset,1
source,bundle,assets/aa/Android/f09d094cafff70bffea6f291222f975f.bundle,AssetBundle,1
source,bundle,assets/aa/Android/f09d094cafff70bffea6f291222f975f.bundle,Sprite,1
source,bundle,assets/aa/Android/f09d094cafff70bffea6f291222f975f.bundle,Texture2D,1
source,bundle,assets/aa/Android/f0a23cb7fac6ab41b179a41903b7234a.bundle,AssetBundle,1
source,bundle,assets/aa/Android/f0a23cb7fac6ab41b179a41903b7234a.bundle,Sprite,1
source,bundle,assets/aa/Android/f0a23cb7fac6ab41b179a41903b7234a.bundle,Texture2D,1
source,bundle,assets/aa/Android/f0b14b6bea0330e2b4d456d06f8e2d07.bundle,AssetBundle,1
source,bundle,assets/aa/Android/f0b14b6bea0330e2b4d456d06f8e2d07.bundle,Sprite,1
source,bundle,assets/aa/Android/f0b14b6bea0330e2b4d456d06f8e2d07.bundle,Texture2D,1
source,bundle,assets/aa/Android/f0b7eed9f91738f0f1aec778c886480f.bundle,AssetBundle,1
source,bundle,assets/aa/Android/f0b7eed9f91738f0f1aec778c886480f.bundle,Sprite,1
source,bundle,assets/aa/Android/f0b7eed9f91738f0f1aec778c886480f.bundle,Texture2D,1
source,bundle,assets/aa/Android/f0bc954c35a3ec35a7940e58f9f99764.bundle,AssetBundle,1
source,bundle,assets/aa/Android/f0bc954c35a3ec35a7940e58f9f99764.bundle,TextAsset,1
source,bundle,assets/aa/Android/f0c0e2eef25436814b6a0420d6d72259.bundle,AssetBundle,1
source,bundle,assets/aa/Android/f0c0e2eef25436814b6a0420d6d72259.bundle,Sprite,1
source,bundle,assets/aa/Android/f0c0e2eef25436814b6a0420d6d72259.bundle,Texture2D,1
source,bundle,assets/aa/Android/f0ff19b3c88a22569683774eddcc5fac.bundle,AssetBundle,1
source,bundle,assets/aa/Android/f0ff19b3c88a22569683774eddcc5fac.bundle,Sprite,1
source,bundle,assets/aa/Android/f0ff19b3c88a22569683774eddcc5fac.bundle,Texture2D,1
source,bundle,assets/aa/Android/f125472a14ce7587a808533fd57460f3.bundle,AssetBundle,1
source,bundle,assets/aa/Android/f125472a14ce7587a808533fd57460f3.bundle,Sprite,1
source,bundle,assets/aa/Android/f125472a14ce7587a808533fd57460f3.bundle,Texture2D,1
source,bundle,assets/aa/Android/f15ebdde9ff95d7f358c38e3b8b562d8.bundle,AssetBundle,1
source,bundle,assets/aa/Android/f15ebdde9ff95d7f358c38e3b8b562d8.bundle,Sprite,1
source,bundle,assets/aa/Android/f15ebdde9ff95d7f358c38e3b8b562d8.bundle,Texture2D,1
source,bundle,assets/aa/Android/f17290cd4f3609f48b9dc98b1d87967a.bundle,AssetBundle,1
source,bundle,assets/aa/Android/f17290cd4f3609f48b9dc98b1d87967a.bundle,Sprite,1
source,bundle,assets/aa/Android/f17290cd4f3609f48b9dc98b1d87967a.bundle,Texture2D,1
source,bundle,assets/aa/Android/f1ba5d88e788eda08657a6c6a24dff5e.bundle,AssetBundle,1
source,bundle,assets/aa/Android/f1ba5d88e788eda08657a6c6a24dff5e.bundle,Sprite,1
source,bundle,assets/aa/Android/f1ba5d88e788eda08657a6c6a24dff5e.bundle,Texture2D,1
source,bundle,assets/aa/Android/f233a7b11f26bb0c85dd7b7f0b9c6c55.bundle,AssetBundle,1
source,bundle,assets/aa/Android/f233a7b11f26bb0c85dd7b7f0b9c6c55.bundle,Sprite,1
source,bundle,assets/aa/Android/f233a7b11f26bb0c85dd7b7f0b9c6c55.bundle,Texture2D,1
source,bundle,assets/aa/Android/f23dc2e99d2c7392ea0c6d68f0209b85.bundle,AssetBundle,1
source,bundle,assets/aa/Android/f23dc2e99d2c7392ea0c6d68f0209b85.bundle,AudioClip,1
source,bundle,assets/aa/Android/f27cb8cdaf56bfd073a0f6c5b4e8f4a7.bundle,AssetBundle,1
source,bundle,assets/aa/Android/f27cb8cdaf56bfd073a0f6c5b4e8f4a7.bundle,Sprite,1
source,bundle,assets/aa/Android/f27cb8cdaf56bfd073a0f6c5b4e8f4a7.bundle,Texture2D,1
source,bundle,assets/aa/Android/f2846b9d32e83b9e8356f140a2a31550.bundle,AssetBundle,1
source,bundle,assets/aa/Android/f2846b9d32e83b9e8356f140a2a31550.bundle,TextAsset,1
source,bundle,assets/aa/Android/f2a9200a65442db70409192ae44ff14a.bundle,AssetBundle,1
source,bundle,assets/aa/Android/f2a9200a65442db70409192ae44ff14a.bundle,TextAsset,1
source,bundle,assets/aa/Android/f2ecae783dee45e697c01b7b4f0093ce.bundle,AssetBundle,1
source,bundle,assets/aa/Android/f2ecae783dee45e697c01b7b4f0093ce.bundle,TextAsset,1
source,bundle,assets/aa/Android/f2efe47503a244122937f9e45b5da3cc.bundle,AssetBundle,1
source,bundle,assets/aa/Android/f2efe47503a244122937f9e45b5da3cc.bundle,TextAsset,1
source,bundle,assets/aa/Android/f31f5a06ec09b9bcd1948ef204a86f1a.bundle,AssetBundle,1
source,bundle,assets/aa/Android/f31f5a06ec09b9bcd1948ef204a86f1a.bundle,TextAsset,1
source,bundle,assets/aa/Android/f3650e0b9318e00697e285cde002bbf5.bundle,AssetBundle,1
source,bundle,assets/aa/Android/f3650e0b9318e00697e285cde002bbf5.bundle,AudioClip,1
source,bundle,assets/aa/Android/f38a812c1192ac1823f0d04266f103a7.bundle,AssetBundle,1
source,bundle,assets/aa/Android/f38a812c1192ac1823f0d04266f103a7.bundle,TextAsset,1
source,bundle,assets/aa/Android/f38aa94e9d34f26678427de546b232f3.bundle,AssetBundle,1
source,bundle,assets/aa/Android/f38aa94e9d34f26678427de546b232f3.bundle,Sprite,1
source,bundle,assets/aa/Android/f38aa94e9d34f26678427de546b232f3.bundle,Texture2D,1
source,bundle,assets/aa/Android/f39a4c8be9cbc27dc23c4a5ce9c41900.bundle,AssetBundle,1
source,bundle,assets/aa/Android/f39a4c8be9cbc27dc23c4a5ce9c41900.bundle,Sprite,1
source,bundle,assets/aa/Android/f39a4c8be9cbc27dc23c4a5ce9c41900.bundle,Texture2D,1
source,bundle,assets/aa/Android/f39cad543878af78180baf58f5785b44.bundle,AssetBundle,1
source,bundle,assets/aa/Android/f39cad543878af78180baf58f5785b44.bundle,Sprite,1
source,bundle,assets/aa/Android/f39cad543878af78180baf58f5785b44.bundle,Texture2D,1
source,bundle,assets/aa/Android/f3a7b0f051bdbbb805d2cfe67622a1d6.bundle,AssetBundle,1
source,bundle,assets/aa/Android/f3a7b0f051bdbbb805d2cfe67622a1d6.bundle,Sprite,1
source,bundle,assets/aa/Android/f3a7b0f051bdbbb805d2cfe67622a1d6.bundle,Texture2D,1
source,bundle,assets/aa/Android/f3c8c1ab8120e86b26e712d5a04446d8.bundle,AssetBundle,1
source,bundle,assets/aa/Android/f3c8c1ab8120e86b26e712d5a04446d8.bundle,TextAsset,1
source,bundle,assets/aa/Android/f40b2fa1192e2b68159f327f750ff782.bundle,AssetBundle,1
source,bundle,assets/aa/Android/f40b2fa1192e2b68159f327f750ff782.bundle,Sprite,1
source,bundle,assets/aa/Android/f40b2fa1192e2b68159f327f750ff782.bundle,Texture2D,1
source,bundle,assets/aa/Android/f44103e62ec625a593db4e750bdca9d3.bundle,AssetBundle,1
source,bundle,assets/aa/Android/f44103e62ec625a593db4e750bdca9d3.bundle,TextAsset,1
source,bundle,assets/aa/Android/f45d1bfb20be0c2e45281d9123f004a9.bundle,AssetBundle,1
source,bundle,assets/aa/Android/f45d1bfb20be0c2e45281d9123f004a9.bundle,AudioClip,1
source,bundle,assets/aa/Android/f4745a93f46dfe534b7cfd16a2230e12.bundle,AssetBundle,1
source,bundle,assets/aa/Android/f4745a93f46dfe534b7cfd16a2230e12.bundle,Sprite,1
source,bundle,assets/aa/Android/f4745a93f46dfe534b7cfd16a2230e12.bundle,Texture2D,1
source,bundle,assets/aa/Android/f493038cc9f75595e2877d054ed68f04.bundle,AssetBundle,1
source,bundle,assets/aa/Android/f493038cc9f75595e2877d054ed68f04.bundle,AudioClip,1
source,bundle,assets/aa/Android/f4dc75ca2d3fe2b4307d927d50dccded.bundle,AssetBundle,1
source,bundle,assets/aa/Android/f4dc75ca2d3fe2b4307d927d50dccded.bundle,Sprite,1
source,bundle,assets/aa/Android/f4dc75ca2d3fe2b4307d927d50dccded.bundle,Texture2D,1
source,bundle,assets/aa/Android/f4e2202f906e75ed6392a2996d75ae9c.bundle,AssetBundle,1
source,bundle,assets/aa/Android/f4e2202f906e75ed6392a2996d75ae9c.bundle,Sprite,1
source,bundle,assets/aa/Android/f4e2202f906e75ed6392a2996d75ae9c.bundle,Texture2D,1
source,bundle,assets/aa/Android/f4f60547afd93512c505eaf5bd0e7775.bundle,AssetBundle,1
source,bundle,assets/aa/Android/f4f60547afd93512c505eaf5bd0e7775.bundle,TextAsset,1
source,bundle,assets/aa/Android/f4ffc2ee45741f4733644dbda011facf.bundle,AssetBundle,1
source,bundle,assets/aa/Android/f4ffc2ee45741f4733644dbda011facf.bundle,Sprite,1
source,bundle,assets/aa/Android/f4ffc2ee45741f4733644dbda011facf.bundle,Texture2D,1
source,bundle,assets/aa/Android/f500aeceea3eb4387b52a1fdfd686745.bundle,AssetBundle,1
source,bundle,assets/aa/Android/f500aeceea3eb4387b52a1fdfd686745.bundle,TextAsset,1
source,bundle,assets/aa/Android/f50a6276c048c8144c2b1b166fc91d07.bundle,AssetBundle,1
source,bundle,assets/aa/Android/f50a6276c048c8144c2b1b166fc91d07.bundle,Sprite,1
source,bundle,assets/aa/Android/f50a6276c048c8144c2b1b166fc91d07.bundle,Texture2D,1
source,bundle,assets/aa/Android/f54e782756c7c27c8d022bcd3ef81176.bundle,AssetBundle,1
source,bundle,assets/aa/Android/f54e782756c7c27c8d022bcd3ef81176.bundle,Sprite,1
source,bundle,assets/aa/Android/f54e782756c7c27c8d022bcd3ef81176.bundle,Texture2D,1
source,bundle,assets/aa/Android/f5533b4252b4bfc87437d5c62626639b.bundle,AssetBundle,1
source,bundle,assets/aa/Android/f5533b4252b4bfc87437d5c62626639b.bundle,TextAsset,1
source,bundle,assets/aa/Android/f56a12ecf0177c5e1569c74b32c51cc4.bundle,AssetBundle,1
source,bundle,assets/aa/Android/f56a12ecf0177c5e1569c74b32c51cc4.bundle,TextAsset,1
source,bundle,assets/aa/Android/f5831198e3e0b369df4755081fd05ee3.bundle,AssetBundle,1
source,bundle,assets/aa/Android/f5831198e3e0b369df4755081fd05ee3.bundle,TextAsset,1
source,bundle,assets/aa/Android/f58ca4803da1d99ca448cfc040471b06.bundle,AssetBundle,1
source,bundle,assets/aa/Android/f58ca4803da1d99ca448cfc040471b06.bundle,Sprite,1
source,bundle,assets/aa/Android/f58ca4803da1d99ca448cfc040471b06.bundle,Texture2D,1
source,bundle,assets/aa/Android/f5950b67364cbdd5bb2d63aa3b8bd2a7.bundle,AssetBundle,1
source,bundle,assets/aa/Android/f5950b67364cbdd5bb2d63aa3b8bd2a7.bundle,Sprite,1
source,bundle,assets/aa/Android/f5950b67364cbdd5bb2d63aa3b8bd2a7.bundle,Texture2D,1
source,bundle,assets/aa/Android/f5a9e8492b0c9b5b7bf756d4af2420cb.bundle,AssetBundle,1
source,bundle,assets/aa/Android/f5a9e8492b0c9b5b7bf756d4af2420cb.bundle,TextAsset,1
source,bundle,assets/aa/Android/f5c5512b2cbac2c8750095141ff5e521.bundle,AssetBundle,1
source,bundle,assets/aa/Android/f5c5512b2cbac2c8750095141ff5e521.bundle,TextAsset,1
source,bundle,assets/aa/Android/f5dc9347e3f9b95b7a2bc6869af80af9.bundle,AssetBundle,1
source,bundle,assets/aa/Android/f5dc9347e3f9b95b7a2bc6869af80af9.bundle,TextAsset,1
source,bundle,assets/aa/Android/f5f612be369f15f41375d87515a5cecf.bundle,AssetBundle,1
source,bundle,assets/aa/Android/f5f612be369f15f41375d87515a5cecf.bundle,Sprite,1
source,bundle,assets/aa/Android/f5f612be369f15f41375d87515a5cecf.bundle,Texture2D,1
source,bundle,assets/aa/Android/f5fa7204fee94d9e60fc38b407741f92.bundle,AssetBundle,1
source,bundle,assets/aa/Android/f5fa7204fee94d9e60fc38b407741f92.bundle,AudioClip,1
source,bundle,assets/aa/Android/f60834fab9e8f279b42ef02acc1b2fb7.bundle,AssetBundle,1
source,bundle,assets/aa/Android/f60834fab9e8f279b42ef02acc1b2fb7.bundle,TextAsset,1
source,bundle,assets/aa/Android/f609f16ca104844e0ab2b25bee279a5a.bundle,AssetBundle,1
source,bundle,assets/aa/Android/f609f16ca104844e0ab2b25bee279a5a.bundle,TextAsset,1
source,bundle,assets/aa/Android/f63ecdd4fdfda75d2ca1655e9afe16a4.bundle,AssetBundle,1
source,bundle,assets/aa/Android/f63ecdd4fdfda75d2ca1655e9afe16a4.bundle,TextAsset,1
source,bundle,assets/aa/Android/f642ffd82ab5197280abb8c55347edd0.bundle,AssetBundle,1
source,bundle,assets/aa/Android/f642ffd82ab5197280abb8c55347edd0.bundle,Sprite,1
source,bundle,assets/aa/Android/f642ffd82ab5197280abb8c55347edd0.bundle,Texture2D,1
source,bundle,assets/aa/Android/f6454ec96b046eba6e6299910bec0777.bundle,AssetBundle,1
source,bundle,assets/aa/Android/f6454ec96b046eba6e6299910bec0777.bundle,Sprite,1
source,bundle,assets/aa/Android/f6454ec96b046eba6e6299910bec0777.bundle,Texture2D,1
source,bundle,assets/aa/Android/f672e47305d5b94d4fe231b061fd54cf.bundle,AssetBundle,1
source,bundle,assets/aa/Android/f672e47305d5b94d4fe231b061fd54cf.bundle,Sprite,1
source,bundle,assets/aa/Android/f672e47305d5b94d4fe231b061fd54cf.bundle,Texture2D,1
source,bundle,assets/aa/Android/f67a0bdf9e41f454697b413127143d8b.bundle,AssetBundle,1
source,bundle,assets/aa/Android/f67a0bdf9e41f454697b413127143d8b.bundle,TextAsset,1
source,bundle,assets/aa/Android/f6c8320675500291465dff0e4d88438b.bundle,AssetBundle,1
source,bundle,assets/aa/Android/f6c8320675500291465dff0e4d88438b.bundle,TextAsset,1
source,bundle,assets/aa/Android/f6d47df829bf36f4b240af15807fe9c3.bundle,AssetBundle,1
source,bundle,assets/aa/Android/f6d47df829bf36f4b240af15807fe9c3.bundle,Sprite,1
source,bundle,assets/aa/Android/f6d47df829bf36f4b240af15807fe9c3.bundle,Texture2D,1
source,bundle,assets/aa/Android/f6daca8dd9ba55d106bfeefc3d6de7cb.bundle,AssetBundle,1
source,bundle,assets/aa/Android/f6daca8dd9ba55d106bfeefc3d6de7cb.bundle,Sprite,1
source,bundle,assets/aa/Android/f6daca8dd9ba55d106bfeefc3d6de7cb.bundle,Texture2D,1
source,bundle,assets/aa/Android/f6e257e6be41ea9deb49fc7cf65a4cbb.bundle,AssetBundle,1
source,bundle,assets/aa/Android/f6e257e6be41ea9deb49fc7cf65a4cbb.bundle,TextAsset,1
source,bundle,assets/aa/Android/f6eea7b8a6ea5a8f2f1e9c56b1b4610a.bundle,AssetBundle,1
source,bundle,assets/aa/Android/f6eea7b8a6ea5a8f2f1e9c56b1b4610a.bundle,TextAsset,1
source,bundle,assets/aa/Android/f7564ab959c455da624dd50f221980b1.bundle,AssetBundle,1
source,bundle,assets/aa/Android/f7564ab959c455da624dd50f221980b1.bundle,Sprite,1
source,bundle,assets/aa/Android/f7564ab959c455da624dd50f221980b1.bundle,Texture2D,1
source,bundle,assets/aa/Android/f759a054a746ff90307f51c6083f5ab5.bundle,AssetBundle,1
source,bundle,assets/aa/Android/f759a054a746ff90307f51c6083f5ab5.bundle,Sprite,1
source,bundle,assets/aa/Android/f759a054a746ff90307f51c6083f5ab5.bundle,Texture2D,1
source,bundle,assets/aa/Android/f790a5412a47c280f67f4cfa931a7aee.bundle,AssetBundle,1
source,bundle,assets/aa/Android/f790a5412a47c280f67f4cfa931a7aee.bundle,Sprite,1
source,bundle,assets/aa/Android/f790a5412a47c280f67f4cfa931a7aee.bundle,Texture2D,1
source,bundle,assets/aa/Android/f79c7f8e9566243fa7eb0fba98223c6a.bundle,AssetBundle,1
source,bundle,assets/aa/Android/f79c7f8e9566243fa7eb0fba98223c6a.bundle,TextAsset,1
source,bundle,assets/aa/Android/f7a2a74067b8845366e04a09ee2eac3a.bundle,AssetBundle,1
source,bundle,assets/aa/Android/f7a2a74067b8845366e04a09ee2eac3a.bundle,TextAsset,1
source,bundle,assets/aa/Android/f7a63040e7ed11c607d78444f14aa04f.bundle,AssetBundle,1
source,bundle,assets/aa/Android/f7a63040e7ed11c607d78444f14aa04f.bundle,Sprite,1
source,bundle,assets/aa/Android/f7a63040e7ed11c607d78444f14aa04f.bundle,Texture2D,1
source,bundle,assets/aa/Android/f7d8e157bf96d2dc83812e417a079407.bundle,AssetBundle,1
source,bundle,assets/aa/Android/f7d8e157bf96d2dc83812e417a079407.bundle,TextAsset,1
source,bundle,assets/aa/Android/f7e20dd4839d1f0775c8fdc2f8b693a0.bundle,AssetBundle,1
source,bundle,assets/aa/Android/f7e20dd4839d1f0775c8fdc2f8b693a0.bundle,Sprite,1
source,bundle,assets/aa/Android/f7e20dd4839d1f0775c8fdc2f8b693a0.bundle,Texture2D,1
source,bundle,assets/aa/Android/f7ef85edc06e789ceb39c5ce030eabe1.bundle,AssetBundle,1
source,bundle,assets/aa/Android/f7ef85edc06e789ceb39c5ce030eabe1.bundle,TextAsset,1
source,bundle,assets/aa/Android/f7f617b4d006ec5f301c9e8fb855830a.bundle,AssetBundle,1
source,bundle,assets/aa/Android/f7f617b4d006ec5f301c9e8fb855830a.bundle,TextAsset,1
source,bundle,assets/aa/Android/f829c6b56eba77e00798524e58dc8a58.bundle,AssetBundle,1
source,bundle,assets/aa/Android/f829c6b56eba77e00798524e58dc8a58.bundle,Sprite,1
source,bundle,assets/aa/Android/f829c6b56eba77e00798524e58dc8a58.bundle,Texture2D,1
source,bundle,assets/aa/Android/f8312f3a19e1f1fc77e988954ae60b09.bundle,AssetBundle,1
source,bundle,assets/aa/Android/f8312f3a19e1f1fc77e988954ae60b09.bundle,TextAsset,1
source,bundle,assets/aa/Android/f83e8ee76dbbed2612a111b5f31360a2.bundle,AssetBundle,1
source,bundle,assets/aa/Android/f83e8ee76dbbed2612a111b5f31360a2.bundle,AudioClip,1
source,bundle,assets/aa/Android/f85d78ec0a28ea8cbee61cc33b0b9d9b.bundle,AssetBundle,1
source,bundle,assets/aa/Android/f85d78ec0a28ea8cbee61cc33b0b9d9b.bundle,TextAsset,1
source,bundle,assets/aa/Android/f87238955b23aadf16ae84b92a8020de.bundle,AssetBundle,1
source,bundle,assets/aa/Android/f87238955b23aadf16ae84b92a8020de.bundle,Sprite,1
source,bundle,assets/aa/Android/f87238955b23aadf16ae84b92a8020de.bundle,Texture2D,1
source,bundle,assets/aa/Android/f8c0ec27104010ae1ccaeb017cab61f8.bundle,AssetBundle,1
source,bundle,assets/aa/Android/f8c0ec27104010ae1ccaeb017cab61f8.bundle,TextAsset,1
source,bundle,assets/aa/Android/f8dff89d33d79a984257c48f2c3a0052.bundle,AssetBundle,1
source,bundle,assets/aa/Android/f8dff89d33d79a984257c48f2c3a0052.bundle,Sprite,1
source,bundle,assets/aa/Android/f8dff89d33d79a984257c48f2c3a0052.bundle,Texture2D,1
source,bundle,assets/aa/Android/f8ea4575ccf1b96b7502bd1a93560902.bundle,AssetBundle,1
source,bundle,assets/aa/Android/f8ea4575ccf1b96b7502bd1a93560902.bundle,Sprite,1
source,bundle,assets/aa/Android/f8ea4575ccf1b96b7502bd1a93560902.bundle,Texture2D,1
source,bundle,assets/aa/Android/f8f6b05084a908653dc7837adbb2ed6e.bundle,AssetBundle,1
source,bundle,assets/aa/Android/f8f6b05084a908653dc7837adbb2ed6e.bundle,Sprite,1
source,bundle,assets/aa/Android/f8f6b05084a908653dc7837adbb2ed6e.bundle,Texture2D,1
source,bundle,assets/aa/Android/f921dad71b8a35ad46c2a3d2a6676669.bundle,AssetBundle,1
source,bundle,assets/aa/Android/f921dad71b8a35ad46c2a3d2a6676669.bundle,Sprite,1
source,bundle,assets/aa/Android/f921dad71b8a35ad46c2a3d2a6676669.bundle,Texture2D,1
source,bundle,assets/aa/Android/f930c8e10867937fc77cd1b85c35ea98.bundle,AssetBundle,1
source,bundle,assets/aa/Android/f930c8e10867937fc77cd1b85c35ea98.bundle,AudioClip,1
source,bundle,assets/aa/Android/f95ba34d15636841179646e5471ad119.bundle,AssetBundle,1
source,bundle,assets/aa/Android/f95ba34d15636841179646e5471ad119.bundle,Sprite,1
source,bundle,assets/aa/Android/f95ba34d15636841179646e5471ad119.bundle,Texture2D,1
source,bundle,assets/aa/Android/f9744c2db82362e65c40f7645a228f6c.bundle,AssetBundle,1
source,bundle,assets/aa/Android/f9744c2db82362e65c40f7645a228f6c.bundle,Sprite,1
source,bundle,assets/aa/Android/f9744c2db82362e65c40f7645a228f6c.bundle,Texture2D,1
source,bundle,assets/aa/Android/f97945f94521909d86b04e45f90487f1.bundle,AssetBundle,1
source,bundle,assets/aa/Android/f97945f94521909d86b04e45f90487f1.bundle,AudioClip,1
source,bundle,assets/aa/Android/f995dc37224377ebf351d5f883c31d01.bundle,AssetBundle,1
source,bundle,assets/aa/Android/f995dc37224377ebf351d5f883c31d01.bundle,TextAsset,1
source,bundle,assets/aa/Android/f99faba3f5db56868dd829ce80d41bc7.bundle,AssetBundle,1
source,bundle,assets/aa/Android/f99faba3f5db56868dd829ce80d41bc7.bundle,Sprite,1
source,bundle,assets/aa/Android/f99faba3f5db56868dd829ce80d41bc7.bundle,Texture2D,1
source,bundle,assets/aa/Android/f9d9bfedea47dc62fe13f891199aa5a9.bundle,AssetBundle,1
source,bundle,assets/aa/Android/f9d9bfedea47dc62fe13f891199aa5a9.bundle,AudioClip,1
source,bundle,assets/aa/Android/fa18df1a5dbb00de0a44c3c64eb87a56.bundle,AssetBundle,1
source,bundle,assets/aa/Android/fa18df1a5dbb00de0a44c3c64eb87a56.bundle,TextAsset,1
source,bundle,assets/aa/Android/fa1a87b28c5296eb6056473e4a43dc5d.bundle,AssetBundle,1
source,bundle,assets/aa/Android/fa1a87b28c5296eb6056473e4a43dc5d.bundle,TextAsset,1
source,bundle,assets/aa/Android/fa331ba18e75955a57291c6760a33514.bundle,AssetBundle,1
source,bundle,assets/aa/Android/fa331ba18e75955a57291c6760a33514.bundle,TextAsset,1
source,bundle,assets/aa/Android/fa859487068efbe952b6b1d74bf54164.bundle,AssetBundle,1
source,bundle,assets/aa/Android/fa859487068efbe952b6b1d74bf54164.bundle,Sprite,1
source,bundle,assets/aa/Android/fa859487068efbe952b6b1d74bf54164.bundle,Texture2D,1
source,bundle,assets/aa/Android/fae534b14f35cd5098dd5635a26cd0ae.bundle,AssetBundle,1
source,bundle,assets/aa/Android/fae534b14f35cd5098dd5635a26cd0ae.bundle,Sprite,1
source,bundle,assets/aa/Android/fae534b14f35cd5098dd5635a26cd0ae.bundle,Texture2D,1
source,bundle,assets/aa/Android/faefd98dba3cd53736a2fe23f0377169.bundle,AssetBundle,1
source,bundle,assets/aa/Android/faefd98dba3cd53736a2fe23f0377169.bundle,TextAsset,1
source,bundle,assets/aa/Android/fb3058a69f53c7ffcb197498366a9220.bundle,AssetBundle,1
source,bundle,assets/aa/Android/fb3058a69f53c7ffcb197498366a9220.bundle,Sprite,1
source,bundle,assets/aa/Android/fb3058a69f53c7ffcb197498366a9220.bundle,Texture2D,1
source,bundle,assets/aa/Android/fb40d056ffb792773488364dd35d8685.bundle,AssetBundle,1
source,bundle,assets/aa/Android/fb40d056ffb792773488364dd35d8685.bundle,TextAsset,1
source,bundle,assets/aa/Android/fbb30bd9efc358d8f24bf5ee941fadd2.bundle,AssetBundle,1
source,bundle,assets/aa/Android/fbb30bd9efc358d8f24bf5ee941fadd2.bundle,TextAsset,1
source,bundle,assets/aa/Android/fbd0c0602000fea8a4e730c3051d6d27.bundle,AssetBundle,1
source,bundle,assets/aa/Android/fbd0c0602000fea8a4e730c3051d6d27.bundle,Sprite,1
source,bundle,assets/aa/Android/fbd0c0602000fea8a4e730c3051d6d27.bundle,Texture2D,1
source,bundle,assets/aa/Android/fc205671b405c60b127ae7fd01c2e162.bundle,AssetBundle,1
source,bundle,assets/aa/Android/fc205671b405c60b127ae7fd01c2e162.bundle,TextAsset,1
source,bundle,assets/aa/Android/fc21e3557c6e5b582fac1fa516c5bdd4.bundle,AssetBundle,1
source,bundle,assets/aa/Android/fc21e3557c6e5b582fac1fa516c5bdd4.bundle,Sprite,1
source,bundle,assets/aa/Android/fc21e3557c6e5b582fac1fa516c5bdd4.bundle,Texture2D,1
source,bundle,assets/aa/Android/fc3f6cb5360fef520dd89aea50a7cfeb.bundle,AssetBundle,1
source,bundle,assets/aa/Android/fc3f6cb5360fef520dd89aea50a7cfeb.bundle,Sprite,1
source,bundle,assets/aa/Android/fc3f6cb5360fef520dd89aea50a7cfeb.bundle,Texture2D,1
source,bundle,assets/aa/Android/fc6b8685d85acd5a54dee342206494cb.bundle,AssetBundle,1
source,bundle,assets/aa/Android/fc6b8685d85acd5a54dee342206494cb.bundle,AudioClip,1
source,bundle,assets/aa/Android/fc93aa1274690e6b56e9bd17d62e58ae.bundle,AssetBundle,1
source,bundle,assets/aa/Android/fc93aa1274690e6b56e9bd17d62e58ae.bundle,TextAsset,1
source,bundle,assets/aa/Android/fc9e659b2cd1c11d35559edd3c17ab62.bundle,AssetBundle,1
source,bundle,assets/aa/Android/fc9e659b2cd1c11d35559edd3c17ab62.bundle,TextAsset,1
source,bundle,assets/aa/Android/fcc7299d49bae134508229abd3caf85d.bundle,AssetBundle,1
source,bundle,assets/aa/Android/fcc7299d49bae134508229abd3caf85d.bundle,Sprite,1
source,bundle,assets/aa/Android/fcc7299d49bae134508229abd3caf85d.bundle,Texture2D,1
source,bundle,assets/aa/Android/fd1f8dcffc50800b940ee36ae5500b3d.bundle,AssetBundle,1
source,bundle,assets/aa/Android/fd1f8dcffc50800b940ee36ae5500b3d.bundle,AudioClip,1
source,bundle,assets/aa/Android/fd2afec58519309f52087e6e37b04f79.bundle,AssetBundle,1
source,bundle,assets/aa/Android/fd2afec58519309f52087e6e37b04f79.bundle,Sprite,1
source,bundle,assets/aa/Android/fd2afec58519309f52087e6e37b04f79.bundle,Texture2D,1
source,bundle,assets/aa/Android/fd4fcdf4a7a043550ee127b129557e2f.bundle,AssetBundle,1
source,bundle,assets/aa/Android/fd4fcdf4a7a043550ee127b129557e2f.bundle,Sprite,1
source,bundle,assets/aa/Android/fd4fcdf4a7a043550ee127b129557e2f.bundle,Texture2D,1
source,bundle,assets/aa/Android/fd529ed6e885f4d1e5b24bc869112180.bundle,AssetBundle,1
source,bundle,assets/aa/Android/fd529ed6e885f4d1e5b24bc869112180.bundle,Sprite,1
source,bundle,assets/aa/Android/fd529ed6e885f4d1e5b24bc869112180.bundle,Texture2D,1
source,bundle,assets/aa/Android/fd5f60975f5251ce3182dab68606c37a.bundle,AssetBundle,1
source,bundle,assets/aa/Android/fd5f60975f5251ce3182dab68606c37a.bundle,TextAsset,1
source,bundle,assets/aa/Android/fd603b63f3ce0d67e601cade804d0d98.bundle,AssetBundle,1
source,bundle,assets/aa/Android/fd603b63f3ce0d67e601cade804d0d98.bundle,Sprite,1
source,bundle,assets/aa/Android/fd603b63f3ce0d67e601cade804d0d98.bundle,Texture2D,1
source,bundle,assets/aa/Android/fd84e3152fbc859ad543fb7d454d6526.bundle,AssetBundle,1
source,bundle,assets/aa/Android/fd84e3152fbc859ad543fb7d454d6526.bundle,Sprite,1
source,bundle,assets/aa/Android/fd84e3152fbc859ad543fb7d454d6526.bundle,Texture2D,1
source,bundle,assets/aa/Android/fd8500208af55be6a030f43e2915fda5.bundle,AssetBundle,1
source,bundle,assets/aa/Android/fd8500208af55be6a030f43e2915fda5.bundle,TextAsset,1
source,bundle,assets/aa/Android/fd945a7214e086a2bdfe6f1fdaa7ea2b.bundle,AssetBundle,1
source,bundle,assets/aa/Android/fd945a7214e086a2bdfe6f1fdaa7ea2b.bundle,Sprite,1
source,bundle,assets/aa/Android/fd945a7214e086a2bdfe6f1fdaa7ea2b.bundle,Texture2D,1
source,bundle,assets/aa/Android/fdb2f90cea360a49274a11bb78ca6122.bundle,AssetBundle,1
source,bundle,assets/aa/Android/fdb2f90cea360a49274a11bb78ca6122.bundle,TextAsset,1
source,bundle,assets/aa/Android/fdc7cde1e0a0787a95645f273f0cce72.bundle,AssetBundle,1
source,bundle,assets/aa/Android/fdc7cde1e0a0787a95645f273f0cce72.bundle,AudioClip,1
source,bundle,assets/aa/Android/fdcf9149c0efb73ae7fd6ad05fce9c54.bundle,AssetBundle,1
source,bundle,assets/aa/Android/fdcf9149c0efb73ae7fd6ad05fce9c54.bundle,Sprite,1
source,bundle,assets/aa/Android/fdcf9149c0efb73ae7fd6ad05fce9c54.bundle,Texture2D,1
source,bundle,assets/aa/Android/fdf3a8b720076ccfcb84db9239166f6f.bundle,AssetBundle,1
source,bundle,assets/aa/Android/fdf3a8b720076ccfcb84db9239166f6f.bundle,TextAsset,1
source,bundle,assets/aa/Android/fe3857adedfff68d7eaca74322a41392.bundle,AssetBundle,1
source,bundle,assets/aa/Android/fe3857adedfff68d7eaca74322a41392.bundle,Sprite,1
source,bundle,assets/aa/Android/fe3857adedfff68d7eaca74322a41392.bundle,Texture2D,1
source,bundle,assets/aa/Android/fe646ec6275339fe654810796a11706a.bundle,AssetBundle,1
source,bundle,assets/aa/Android/fe646ec6275339fe654810796a11706a.bundle,Sprite,1
source,bundle,assets/aa/Android/fe646ec6275339fe654810796a11706a.bundle,Texture2D,1
source,bundle,assets/aa/Android/fe6ba63089b666d36b0ffdbc23984939.bundle,AssetBundle,1
source,bundle,assets/aa/Android/fe6ba63089b666d36b0ffdbc23984939.bundle,TextAsset,1
source,bundle,assets/aa/Android/fe78c63be85f0a84ee7220beed9ad4e5.bundle,AssetBundle,1
source,bundle,assets/aa/Android/fe78c63be85f0a84ee7220beed9ad4e5.bundle,AudioClip,1
source,bundle,assets/aa/Android/fec8a4e4f509fddda13933964f85a010.bundle,AssetBundle,1
source,bundle,assets/aa/Android/fec8a4e4f509fddda13933964f85a010.bundle,TextAsset,1
source,bundle,assets/aa/Android/fed30d4ca9ba950e25fc8b8ff296c377.bundle,AssetBundle,1
source,bundle,assets/aa/Android/fed30d4ca9ba950e25fc8b8ff296c377.bundle,TextAsset,1
source,bundle,assets/aa/Android/fefaaaafc776e1f58464f7341af6d4d5.bundle,AssetBundle,1
source,bundle,assets/aa/Android/fefaaaafc776e1f58464f7341af6d4d5.bundle,Sprite,1
source,bundle,assets/aa/Android/fefaaaafc776e1f58464f7341af6d4d5.bundle,Texture2D,1
source,bundle,assets/aa/Android/ff2ad2e504f6ef24f95c9b0ef2d77d20.bundle,AssetBundle,1
source,bundle,assets/aa/Android/ff2ad2e504f6ef24f95c9b0ef2d77d20.bundle,TextAsset,1
source,bundle,assets/aa/Android/ff3fe3e371c590edbb900f8363125c6d.bundle,AssetBundle,1
source,bundle,assets/aa/Android/ff3fe3e371c590edbb900f8363125c6d.bundle,AudioClip,1
source,bundle,assets/aa/Android/ff436310ec5799c37658e33b824a8b86.bundle,AssetBundle,1
source,bundle,assets/aa/Android/ff436310ec5799c37658e33b824a8b86.bundle,AudioClip,1
source,bundle,assets/aa/Android/ff450bb3fdba9c6a40e4470af4a87699.bundle,AssetBundle,1
source,bundle,assets/aa/Android/ff450bb3fdba9c6a40e4470af4a87699.bundle,Sprite,1
source,bundle,assets/aa/Android/ff450bb3fdba9c6a40e4470af4a87699.bundle,Texture2D,1
source,bundle,assets/aa/Android/ff9157d72a8a79503337f6cea7fa3c30.bundle,AssetBundle,1
source,bundle,assets/aa/Android/ff9157d72a8a79503337f6cea7fa3c30.bundle,Sprite,1
source,bundle,assets/aa/Android/ff9157d72a8a79503337f6cea7fa3c30.bundle,Texture2D,1
source,bundle,assets/aa/Android/ff92b6e3ad0e3be8ba88115215600c39.bundle,AssetBundle,1
source,bundle,assets/aa/Android/ff92b6e3ad0e3be8ba88115215600c39.bundle,Sprite,1
source,bundle,assets/aa/Android/ff92b6e3ad0e3be8ba88115215600c39.bundle,Texture2D,1
source,bundle,assets/aa/Android/ff93b6eae2f42550c8572ba0ee6753ce.bundle,AssetBundle,1
source,bundle,assets/aa/Android/ff93b6eae2f42550c8572ba0ee6753ce.bundle,Sprite,1
source,bundle,assets/aa/Android/ff93b6eae2f42550c8572ba0ee6753ce.bundle,Texture2D,1
source,bundle,assets/aa/Android/ffafdc3524f845975e4af0288f0dfa65.bundle,AssetBundle,1
source,bundle,assets/aa/Android/ffafdc3524f845975e4af0288f0dfa65.bundle,TextAsset,1
source,bundle,assets/aa/Android/ffcf7fe572d42671e3732bcff7906fe6.bundle,AssetBundle,1
source,bundle,assets/aa/Android/ffcf7fe572d42671e3732bcff7906fe6.bundle,Sprite,1
source,bundle,assets/aa/Android/ffcf7fe572d42671e3732bcff7906fe6.bundle,Texture2D,1
source,bundle,assets/aa/Android/fffbdb71e621f901ed23fe24c3a83a96.bundle,AssetBundle,1
source,bundle,assets/aa/Android/fffbdb71e621f901ed23fe24c3a83a96.bundle,TextAsset,1
source,player-data,assets/bin/Data/globalgamemanagers,AudioManager,1
source,player-data,assets/bin/Data/globalgamemanagers,BuildSettings,1
source,player-data,assets/bin/Data/globalgamemanagers,DelayedCallManager,1
source,player-data,assets/bin/Data/globalgamemanagers,GraphicsSettings,1
source,player-data,assets/bin/Data/globalgamemanagers,InputManager,1
source,player-data,assets/bin/Data/globalgamemanagers,MonoManager,1
source,player-data,assets/bin/Data/globalgamemanagers,NavMeshProjectSettings,1
source,player-data,assets/bin/Data/globalgamemanagers,Physics2DSettings,1
source,player-data,assets/bin/Data/globalgamemanagers,PhysicsManager,1
source,player-data,assets/bin/Data/globalgamemanagers,PlayerSettings,1
source,player-data,assets/bin/Data/globalgamemanagers,QualitySettings,1
source,player-data,assets/bin/Data/globalgamemanagers,ResourceManager,1
source,player-data,assets/bin/Data/globalgamemanagers,RuntimeInitializeOnLoadManager,1
source,player-data,assets/bin/Data/globalgamemanagers,ScriptMapper,1
source,player-data,assets/bin/Data/globalgamemanagers,StreamingManager,1
source,player-data,assets/bin/Data/globalgamemanagers,TagManager,1
source,player-data,assets/bin/Data/globalgamemanagers,TimeManager,1
source,player-data,assets/bin/Data/globalgamemanagers,VFXManager,1
source,player-data,assets/bin/Data/globalgamemanagers.assets,Material,1
source,player-data,assets/bin/Data/globalgamemanagers.assets,MonoScript,1308
source,player-data,assets/bin/Data/globalgamemanagers.assets,PreloadData,1
source,player-data,assets/bin/Data/level0,AudioListener,1
source,player-data,assets/bin/Data/level0,AudioSource,1
source,player-data,assets/bin/Data/level0,Camera,1
source,player-data,assets/bin/Data/level0,Canvas,2
source,player-data,assets/bin/Data/level0,CanvasRenderer,4
source,player-data,assets/bin/Data/level0,GameObject,13
source,player-data,assets/bin/Data/level0,LightmapSettings,1
source,player-data,assets/bin/Data/level0,MonoBehaviour,17
source,player-data,assets/bin/Data/level0,NavMeshSettings,1
source,player-data,assets/bin/Data/level0,RectTransform,6
source,player-data,assets/bin/Data/level0,RenderSettings,1
source,player-data,assets/bin/Data/level0,Transform,7
source,player-data,assets/bin/Data/level1,Animator,1
source,player-data,assets/bin/Data/level1,AudioListener,1
source,player-data,assets/bin/Data/level1,AudioSource,1
source,player-data,assets/bin/Data/level1,Camera,1
source,player-data,assets/bin/Data/level1,Canvas,2
source,player-data,assets/bin/Data/level1,CanvasRenderer,2
source,player-data,assets/bin/Data/level1,GameObject,8
source,player-data,assets/bin/Data/level1,LightingSettings,1
source,player-data,assets/bin/Data/level1,LightmapSettings,1
source,player-data,assets/bin/Data/level1,MonoBehaviour,9
source,player-data,assets/bin/Data/level1,NavMeshSettings,1
source,player-data,assets/bin/Data/level1,RectTransform,4
source,player-data,assets/bin/Data/level1,RenderSettings,1
source,player-data,assets/bin/Data/level1,SpriteRenderer,1
source,player-data,assets/bin/Data/level1,Transform,4
source,player-data,assets/bin/Data/level10,Animator,12
source,player-data,assets/bin/Data/level10,AudioListener,1
source,player-data,assets/bin/Data/level10,AudioSource,2
source,player-data,assets/bin/Data/level10,Camera,2
source,player-data,assets/bin/Data/level10,Canvas,4
source,player-data,assets/bin/Data/level10,CanvasGroup,9
source,player-data,assets/bin/Data/level10,CanvasRenderer,144
source,player-data,assets/bin/Data/level10,GameObject,223
source,player-data,assets/bin/Data/level10,LightingSettings,1
source,player-data,assets/bin/Data/level10,LightmapSettings,1
source,player-data,assets/bin/Data/level10,MonoBehaviour,240
source,player-data,assets/bin/Data/level10,NavMeshSettings,1
source,player-data,assets/bin/Data/level10,RectTransform,214
source,player-data,assets/bin/Data/level10,RenderSettings,1
source,player-data,assets/bin/Data/level10,SpriteRenderer,2
source,player-data,assets/bin/Data/level10,Transform,9
source,player-data,assets/bin/Data/level11,AudioListener,1
source,player-data,assets/bin/Data/level11,Camera,1
source,player-data,assets/bin/Data/level11,Canvas,2
source,player-data,assets/bin/Data/level11,CanvasRenderer,17
source,player-data,assets/bin/Data/level11,GameObject,26
source,player-data,assets/bin/Data/level11,LightingSettings,1
source,player-data,assets/bin/Data/level11,LightmapSettings,1
source,player-data,assets/bin/Data/level11,MonoBehaviour,32
source,player-data,assets/bin/Data/level11,NavMeshSettings,1
source,player-data,assets/bin/Data/level11,RectTransform,24
source,player-data,assets/bin/Data/level11,RenderSettings,1
source,player-data,assets/bin/Data/level11,Transform,2
source,player-data,assets/bin/Data/level12,Animator,5
source,player-data,assets/bin/Data/level12,AudioListener,1
source,player-data,assets/bin/Data/level12,Camera,2
source,player-data,assets/bin/Data/level12,Canvas,4
source,player-data,assets/bin/Data/level12,CanvasGroup,1
source,player-data,assets/bin/Data/level12,CanvasRenderer,30
source,player-data,assets/bin/Data/level12,CircleCollider2D,3
source,player-data,assets/bin/Data/level12,GameObject,47
source,player-data,assets/bin/Data/level12,LightingSettings,1
source,player-data,assets/bin/Data/level12,LightmapSettings,1
source,player-data,assets/bin/Data/level12,MeshFilter,3
source,player-data,assets/bin/Data/level12,MonoBehaviour,56
source,player-data,assets/bin/Data/level12,NavMeshSettings,1
source,player-data,assets/bin/Data/level12,RectTransform,37
source,player-data,assets/bin/Data/level12,RenderSettings,1
source,player-data,assets/bin/Data/level12,SpriteRenderer,1
source,player-data,assets/bin/Data/level12,Transform,10
source,player-data,assets/bin/Data/level13,Animator,3
source,player-data,assets/bin/Data/level13,AudioListener,1
source,player-data,assets/bin/Data/level13,Camera,2
source,player-data,assets/bin/Data/level13,Canvas,2
source,player-data,assets/bin/Data/level13,CanvasGroup,7
source,player-data,assets/bin/Data/level13,CanvasRenderer,83
source,player-data,assets/bin/Data/level13,GameObject,101
source,player-data,assets/bin/Data/level13,LightingSettings,1
source,player-data,assets/bin/Data/level13,LightmapSettings,1
source,player-data,assets/bin/Data/level13,MonoBehaviour,129
source,player-data,assets/bin/Data/level13,NavMeshSettings,1
source,player-data,assets/bin/Data/level13,RectTransform,95
source,player-data,assets/bin/Data/level13,RenderSettings,1
source,player-data,assets/bin/Data/level13,Transform,6
source,player-data,assets/bin/Data/level14,Animator,6
source,player-data,assets/bin/Data/level14,AudioListener,1
source,player-data,assets/bin/Data/level14,AudioSource,2
source,player-data,assets/bin/Data/level14,Camera,1
source,player-data,assets/bin/Data/level14,Canvas,5
source,player-data,assets/bin/Data/level14,CanvasGroup,1
source,player-data,assets/bin/Data/level14,CanvasRenderer,18
source,player-data,assets/bin/Data/level14,GameObject,32
source,player-data,assets/bin/Data/level14,LightmapSettings,1
source,player-data,assets/bin/Data/level14,MeshRenderer,1
source,player-data,assets/bin/Data/level14,MonoBehaviour,36
source,player-data,assets/bin/Data/level14,NavMeshSettings,1
source,player-data,assets/bin/Data/level14,RectTransform,24
source,player-data,assets/bin/Data/level14,RenderSettings,1
source,player-data,assets/bin/Data/level14,SpriteRenderer,2
source,player-data,assets/bin/Data/level14,Transform,8
source,player-data,assets/bin/Data/level14,VideoPlayer,1
source,player-data,assets/bin/Data/level15,Animator,2
source,player-data,assets/bin/Data/level15,AudioListener,1
source,player-data,assets/bin/Data/level15,AudioSource,2
source,player-data,assets/bin/Data/level15,Camera,1
source,player-data,assets/bin/Data/level15,Canvas,3
source,player-data,assets/bin/Data/level15,CanvasGroup,1
source,player-data,assets/bin/Data/level15,CanvasRenderer,14
source,player-data,assets/bin/Data/level15,GameObject,23
source,player-data,assets/bin/Data/level15,LightmapSettings,1
source,player-data,assets/bin/Data/level15,MonoBehaviour,27
source,player-data,assets/bin/Data/level15,NavMeshSettings,1
source,player-data,assets/bin/Data/level15,RectTransform,17
source,player-data,assets/bin/Data/level15,RenderSettings,1
source,player-data,assets/bin/Data/level15,Transform,6
source,player-data,assets/bin/Data/level15,VideoPlayer,2
source,player-data,assets/bin/Data/level16,Animator,1
source,player-data,assets/bin/Data/level16,AudioListener,1
source,player-data,assets/bin/Data/level16,Camera,1
source,player-data,assets/bin/Data/level16,Canvas,2
source,player-data,assets/bin/Data/level16,CanvasGroup,1
source,player-data,assets/bin/Data/level16,CanvasRenderer,25
source,player-data,assets/bin/Data/level16,GameObject,42
source,player-data,assets/bin/Data/level16,LightingSettings,1
source,player-data,assets/bin/Data/level16,LightmapSettings,1
source,player-data,assets/bin/Data/level16,MonoBehaviour,39
source,player-data,assets/bin/Data/level16,NavMeshSettings,1
source,player-data,assets/bin/Data/level16,RectTransform,27
source,player-data,assets/bin/Data/level16,RenderSettings,1
source,player-data,assets/bin/Data/level16,SpriteMask,3
source,player-data,assets/bin/Data/level16,SpriteRenderer,7
source,player-data,assets/bin/Data/level16,Transform,15
source,player-data,assets/bin/Data/level17,Animator,2
source,player-data,assets/bin/Data/level17,AudioListener,1
source,player-data,assets/bin/Data/level17,Camera,1
source,player-data,assets/bin/Data/level17,Canvas,2
source,player-data,assets/bin/Data/level17,CanvasRenderer,10
source,player-data,assets/bin/Data/level17,GameObject,15
source,player-data,assets/bin/Data/level17,LightingSettings,1
source,player-data,assets/bin/Data/level17,LightmapSettings,1
source,player-data,assets/bin/Data/level17,MonoBehaviour,23
source,player-data,assets/bin/Data/level17,NavMeshSettings,1
source,player-data,assets/bin/Data/level17,RectTransform,12
source,player-data,assets/bin/Data/level17,RenderSettings,1
source,player-data,assets/bin/Data/level17,SpriteRenderer,1
source,player-data,assets/bin/Data/level17,Transform,3
source,player-data,assets/bin/Data/level18,Animator,1
source,player-data,assets/bin/Data/level18,AudioListener,1
source,player-data,assets/bin/Data/level18,AudioSource,1
source,player-data,assets/bin/Data/level18,Camera,1
source,player-data,assets/bin/Data/level18,Canvas,1
source,player-data,assets/bin/Data/level18,CanvasRenderer,1
source,player-data,assets/bin/Data/level18,GameObject,7
source,player-data,assets/bin/Data/level18,LightmapSettings,1
source,player-data,assets/bin/Data/level18,MonoBehaviour,6
source,player-data,assets/bin/Data/level18,NavMeshSettings,1
source,player-data,assets/bin/Data/level18,RectTransform,2
source,player-data,assets/bin/Data/level18,RenderSettings,1
source,player-data,assets/bin/Data/level18,Transform,5
source,player-data,assets/bin/Data/level18,VideoPlayer,1
source,player-data,assets/bin/Data/level19,Animator,2
source,player-data,assets/bin/Data/level19,AudioListener,1
source,player-data,assets/bin/Data/level19,AudioSource,1
source,player-data,assets/bin/Data/level19,Camera,1
source,player-data,assets/bin/Data/level19,Canvas,2
source,player-data,assets/bin/Data/level19,CanvasGroup,1
source,player-data,assets/bin/Data/level19,CanvasRenderer,16
source,player-data,assets/bin/Data/level19,GameObject,136
source,player-data,assets/bin/Data/level19,LightingSettings,1
source,player-data,assets/bin/Data/level19,LightmapSettings,1
source,player-data,assets/bin/Data/level19,MeshCollider,79
source,player-data,assets/bin/Data/level19,MeshFilter,99
source,player-data,assets/bin/Data/level19,MeshRenderer,99
source,player-data,assets/bin/Data/level19,MonoBehaviour,26
source,player-data,assets/bin/Data/level19,NavMeshSettings,1
source,player-data,assets/bin/Data/level19,RectTransform,19
source,player-data,assets/bin/Data/level19,RenderSettings,1
source,player-data,assets/bin/Data/level19,Transform,117
source,player-data,assets/bin/Data/level2,Animator,3
source,player-data,assets/bin/Data/level2,AudioListener,1
source,player-data,assets/bin/Data/level2,Camera,1
source,player-data,assets/bin/Data/level2,Canvas,4
source,player-data,assets/bin/Data/level2,CanvasGroup,2
source,player-data,assets/bin/Data/level2,CanvasRenderer,19
source,player-data,assets/bin/Data/level2,GameObject,33
source,player-data,assets/bin/Data/level2,LightingSettings,1
source,player-data,assets/bin/Data/level2,LightmapSettings,1
source,player-data,assets/bin/Data/level2,MonoBehaviour,49
source,player-data,assets/bin/Data/level2,NavMeshSettings,1
source,player-data,assets/bin/Data/level2,ParticleSystem,1
source,player-data,assets/bin/Data/level2,ParticleSystemRenderer,1
source,player-data,assets/bin/Data/level2,RectTransform,23
source,player-data,assets/bin/Data/level2,RenderSettings,1
source,player-data,assets/bin/Data/level2,SpriteRenderer,3
source,player-data,assets/bin/Data/level2,Transform,10
source,player-data,assets/bin/Data/level20,Animation,1
source,player-data,assets/bin/Data/level20,Animator,5
source,player-data,assets/bin/Data/level20,AudioListener,1
source,player-data,assets/bin/Data/level20,AudioSource,2
source,player-data,assets/bin/Data/level20,Camera,1
source,player-data,assets/bin/Data/level20,Canvas,3
source,player-data,assets/bin/Data/level20,CanvasGroup,1
source,player-data,assets/bin/Data/level20,CanvasRenderer,23
source,player-data,assets/bin/Data/level20,GameObject,39
source,player-data,assets/bin/Data/level20,LightmapSettings,1
source,player-data,assets/bin/Data/level20,MonoBehaviour,52
source,player-data,assets/bin/Data/level20,NavMeshSettings,1
source,player-data,assets/bin/Data/level20,RectTransform,30
source,player-data,assets/bin/Data/level20,RenderSettings,1
source,player-data,assets/bin/Data/level20,SpriteRenderer,3
source,player-data,assets/bin/Data/level20,Transform,9
source,player-data,assets/bin/Data/level20,VideoPlayer,1
source,player-data,assets/bin/Data/level21,Animation,1
source,player-data,assets/bin/Data/level21,Animator,4
source,player-data,assets/bin/Data/level21,AudioListener,1
source,player-data,assets/bin/Data/level21,Camera,1
source,player-data,assets/bin/Data/level21,Canvas,5
source,player-data,assets/bin/Data/level21,CanvasRenderer,12
source,player-data,assets/bin/Data/level21,GameObject,23
source,player-data,assets/bin/Data/level21,LightingSettings,1
source,player-data,assets/bin/Data/level21,LightmapSettings,1
source,player-data,assets/bin/Data/level21,MeshRenderer,1
source,player-data,assets/bin/Data/level21,MonoBehaviour,31
source,player-data,assets/bin/Data/level21,NavMeshSettings,1
source,player-data,assets/bin/Data/level21,RectTransform,18
source,player-data,assets/bin/Data/level21,RenderSettings,1
source,player-data,assets/bin/Data/level21,SpriteRenderer,2
source,player-data,assets/bin/Data/level21,Transform,5
source,player-data,assets/bin/Data/level23,Animator,3
source,player-data,assets/bin/Data/level23,AudioListener,1
source,player-data,assets/bin/Data/level23,AudioLowPassFilter,1
source,player-data,assets/bin/Data/level23,AudioSource,1
source,player-data,assets/bin/Data/level23,Camera,1
source,player-data,assets/bin/Data/level23,Canvas,14
source,player-data,assets/bin/Data/level23,CanvasGroup,11
source,player-data,assets/bin/Data/level23,CanvasRenderer,137
source,player-data,assets/bin/Data/level23,GameObject,180
source,player-data,assets/bin/Data/level23,LightingSettings,1
source,player-data,assets/bin/Data/level23,LightmapSettings,1
source,player-data,assets/bin/Data/level23,MeshFilter,1
source,player-data,assets/bin/Data/level23,MonoBehaviour,239
source,player-data,assets/bin/Data/level23,NavMeshSettings,1
source,player-data,assets/bin/Data/level23,ParticleSystem,2
source,player-data,assets/bin/Data/level23,ParticleSystemRenderer,2
source,player-data,assets/bin/Data/level23,PolygonCollider2D,1
source,player-data,assets/bin/Data/level23,RectTransform,173
source,player-data,assets/bin/Data/level23,RenderSettings,1
source,player-data,assets/bin/Data/level23,Transform,7
source,player-data,assets/bin/Data/level24,Animator,1
source,player-data,assets/bin/Data/level24,AudioListener,1
source,player-data,assets/bin/Data/level24,AudioSource,1
source,player-data,assets/bin/Data/level24,Camera,1
source,player-data,assets/bin/Data/level24,Canvas,1
source,player-data,assets/bin/Data/level24,CanvasGroup,1
source,player-data,assets/bin/Data/level24,CanvasRenderer,12
source,player-data,assets/bin/Data/level24,GameObject,15
source,player-data,assets/bin/Data/level24,LightmapSettings,1
source,player-data,assets/bin/Data/level24,MonoBehaviour,18
source,player-data,assets/bin/Data/level24,NavMeshSettings,1
source,player-data,assets/bin/Data/level24,RectTransform,13
source,player-data,assets/bin/Data/level24,RenderSettings,1
source,player-data,assets/bin/Data/level24,Transform,2
source,player-data,assets/bin/Data/level24,VideoPlayer,1
source,player-data,assets/bin/Data/level25,AudioListener,1
source,player-data,assets/bin/Data/level25,Camera,1
source,player-data,assets/bin/Data/level25,GameObject,1
source,player-data,assets/bin/Data/level25,LightingSettings,1
source,player-data,assets/bin/Data/level25,LightmapSettings,1
source,player-data,assets/bin/Data/level25,MonoBehaviour,1
source,player-data,assets/bin/Data/level25,NavMeshSettings,1
source,player-data,assets/bin/Data/level25,RenderSettings,1
source,player-data,assets/bin/Data/level25,Transform,1
source,player-data,assets/bin/Data/level26,AudioListener,1
source,player-data,assets/bin/Data/level26,AudioSource,1
source,player-data,assets/bin/Data/level26,Camera,1
source,player-data,assets/bin/Data/level26,Canvas,2
source,player-data,assets/bin/Data/level26,CanvasRenderer,2
source,player-data,assets/bin/Data/level26,GameObject,8
source,player-data,assets/bin/Data/level26,LightmapSettings,1
source,player-data,assets/bin/Data/level26,MonoBehaviour,9
source,player-data,assets/bin/Data/level26,NavMeshSettings,1
source,player-data,assets/bin/Data/level26,RectTransform,4
source,player-data,assets/bin/Data/level26,RenderSettings,1
source,player-data,assets/bin/Data/level26,Transform,4
source,player-data,assets/bin/Data/level26,VideoPlayer,1
source,player-data,assets/bin/Data/level27,Animator,1
source,player-data,assets/bin/Data/level27,AudioListener,1
source,player-data,assets/bin/Data/level27,AudioSource,2
source,player-data,assets/bin/Data/level27,Camera,1
source,player-data,assets/bin/Data/level27,Canvas,3
source,player-data,assets/bin/Data/level27,CanvasGroup,1
source,player-data,assets/bin/Data/level27,CanvasRenderer,14
source,player-data,assets/bin/Data/level27,GameObject,21
source,player-data,assets/bin/Data/level27,LightmapSettings,1
source,player-data,assets/bin/Data/level27,MonoBehaviour,28
source,player-data,assets/bin/Data/level27,NavMeshSettings,1
source,player-data,assets/bin/Data/level27,RectTransform,17
source,player-data,assets/bin/Data/level27,RenderSettings,1
source,player-data,assets/bin/Data/level27,Transform,4
source,player-data,assets/bin/Data/level27,VideoPlayer,2
source,player-data,assets/bin/Data/level3,Animator,2
source,player-data,assets/bin/Data/level3,AudioListener,1
source,player-data,assets/bin/Data/level3,Camera,1
source,player-data,assets/bin/Data/level3,Canvas,5
source,player-data,assets/bin/Data/level3,CanvasGroup,2
source,player-data,assets/bin/Data/level3,CanvasRenderer,21
source,player-data,assets/bin/Data/level3,GameObject,34
source,player-data,assets/bin/Data/level3,LightingSettings,1
source,player-data,assets/bin/Data/level3,LightmapSettings,1
source,player-data,assets/bin/Data/level3,MonoBehaviour,52
source,player-data,assets/bin/Data/level3,NavMeshSettings,1
source,player-data,assets/bin/Data/level3,RectTransform,26
source,player-data,assets/bin/Data/level3,RenderSettings,1
source,player-data,assets/bin/Data/level3,SpriteRenderer,2
source,player-data,assets/bin/Data/level3,Transform,8
source,player-data,assets/bin/Data/level4,AudioListener,1
source,player-data,assets/bin/Data/level4,Camera,1
source,player-data,assets/bin/Data/level4,GameObject,2
source,player-data,assets/bin/Data/level4,LightingSettings,1
source,player-data,assets/bin/Data/level4,LightmapSettings,1
source,player-data,assets/bin/Data/level4,MonoBehaviour,1
source,player-data,assets/bin/Data/level4,NavMeshSettings,1
source,player-data,assets/bin/Data/level4,RenderSettings,1
source,player-data,assets/bin/Data/level4,SpriteRenderer,1
source,player-data,assets/bin/Data/level4,Transform,2
source,player-data,assets/bin/Data/level5,Animator,3
source,player-data,assets/bin/Data/level5,AudioListener,1
source,player-data,assets/bin/Data/level5,Camera,1
source,player-data,assets/bin/Data/level5,Canvas,4
source,player-data,assets/bin/Data/level5,CanvasGroup,1
source,player-data,assets/bin/Data/level5,CanvasRenderer,10
source,player-data,assets/bin/Data/level5,GameObject,18
source,player-data,assets/bin/Data/level5,LightingSettings,1
source,player-data,assets/bin/Data/level5,LightmapSettings,1
source,player-data,assets/bin/Data/level5,MeshFilter,1
source,player-data,assets/bin/Data/level5,MonoBehaviour,22
source,player-data,assets/bin/Data/level5,NavMeshSettings,1
source,player-data,assets/bin/Data/level5,RectTransform,15
source,player-data,assets/bin/Data/level5,RenderSettings,1
source,player-data,assets/bin/Data/level5,Transform,3
source,player-data,assets/bin/Data/level6,Animation,34
source,player-data,assets/bin/Data/level6,Animator,1
source,player-data,assets/bin/Data/level6,AudioListener,1
source,player-data,assets/bin/Data/level6,Camera,1
source,player-data,assets/bin/Data/level6,Canvas,38
source,player-data,assets/bin/Data/level6,CanvasGroup,138
source,player-data,assets/bin/Data/level6,CanvasRenderer,1059
source,player-data,assets/bin/Data/level6,GameObject,1150
source,player-data,assets/bin/Data/level6,LightmapSettings,1
source,player-data,assets/bin/Data/level6,MonoBehaviour,1426
source,player-data,assets/bin/Data/level6,NavMeshSettings,1
source,player-data,assets/bin/Data/level6,ParticleSystem,1
source,player-data,assets/bin/Data/level6,ParticleSystemRenderer,1
source,player-data,assets/bin/Data/level6,RectTransform,1140
source,player-data,assets/bin/Data/level6,RenderSettings,1
source,player-data,assets/bin/Data/level6,SpriteRenderer,3
source,player-data,assets/bin/Data/level6,Transform,10
source,player-data,assets/bin/Data/level7,Animator,6
source,player-data,assets/bin/Data/level7,AudioListener,1
source,player-data,assets/bin/Data/level7,BoxCollider2D,3
source,player-data,assets/bin/Data/level7,Camera,2
source,player-data,assets/bin/Data/level7,Canvas,15
source,player-data,assets/bin/Data/level7,CanvasGroup,8
source,player-data,assets/bin/Data/level7,CanvasRenderer,142
source,player-data,assets/bin/Data/level7,GameObject,182
source,player-data,assets/bin/Data/level7,LightingSettings,1
source,player-data,assets/bin/Data/level7,LightmapSettings,1
source,player-data,assets/bin/Data/level7,MeshFilter,1
source,player-data,assets/bin/Data/level7,MonoBehaviour,218
source,player-data,assets/bin/Data/level7,NavMeshSettings,1
source,player-data,assets/bin/Data/level7,ParticleSystem,1
source,player-data,assets/bin/Data/level7,ParticleSystemRenderer,1
source,player-data,assets/bin/Data/level7,PolygonCollider2D,3
source,player-data,assets/bin/Data/level7,RectTransform,176
source,player-data,assets/bin/Data/level7,RenderSettings,1
source,player-data,assets/bin/Data/level7,Transform,6
source,player-data,assets/bin/Data/level8,Animator,4
source,player-data,assets/bin/Data/level8,AudioListener,1
source,player-data,assets/bin/Data/level8,Camera,1
source,player-data,assets/bin/Data/level8,Canvas,5
source,player-data,assets/bin/Data/level8,CanvasGroup,5
source,player-data,assets/bin/Data/level8,CanvasRenderer,23
source,player-data,assets/bin/Data/level8,GameObject,33
source,player-data,assets/bin/Data/level8,LightingSettings,1
source,player-data,assets/bin/Data/level8,LightmapSettings,1
source,player-data,assets/bin/Data/level8,MeshFilter,1
source,player-data,assets/bin/Data/level8,MonoBehaviour,35
source,player-data,assets/bin/Data/level8,NavMeshSettings,1
source,player-data,assets/bin/Data/level8,PolygonCollider2D,1
source,player-data,assets/bin/Data/level8,RectTransform,30
source,player-data,assets/bin/Data/level8,RenderSettings,1
source,player-data,assets/bin/Data/level8,SpriteRenderer,1
source,player-data,assets/bin/Data/level8,Transform,3
source,player-data,assets/bin/Data/level9,Animator,3
source,player-data,assets/bin/Data/level9,AudioListener,1
source,player-data,assets/bin/Data/level9,Camera,1
source,player-data,assets/bin/Data/level9,Canvas,3
source,player-data,assets/bin/Data/level9,CanvasGroup,3
source,player-data,assets/bin/Data/level9,CanvasRenderer,105
source,player-data,assets/bin/Data/level9,GameObject,118
source,player-data,assets/bin/Data/level9,LightingSettings,1
source,player-data,assets/bin/Data/level9,LightmapSettings,1
source,player-data,assets/bin/Data/level9,MonoBehaviour,136
source,player-data,assets/bin/Data/level9,NavMeshSettings,1
source,player-data,assets/bin/Data/level9,RectTransform,114
source,player-data,assets/bin/Data/level9,RenderSettings,1
source,player-data,assets/bin/Data/level9,SpriteRenderer,1
source,player-data,assets/bin/Data/level9,Transform,4
source,player-data,assets/bin/Data/sharedassets1.assets,AnimationClip,2
source,player-data,assets/bin/Data/sharedassets1.assets,Animator,1
source,player-data,assets/bin/Data/sharedassets1.assets,AnimatorController,2
source,player-data,assets/bin/Data/sharedassets1.assets,AudioClip,1
source,player-data,assets/bin/Data/sharedassets1.assets,Canvas,1
source,player-data,assets/bin/Data/sharedassets1.assets,CanvasRenderer,1
source,player-data,assets/bin/Data/sharedassets1.assets,GameObject,2
source,player-data,assets/bin/Data/sharedassets1.assets,MonoBehaviour,2
source,player-data,assets/bin/Data/sharedassets1.assets,PreloadData,1
source,player-data,assets/bin/Data/sharedassets1.assets,RectTransform,2
source,player-data,assets/bin/Data/sharedassets1.assets,Sprite,1
source,player-data,assets/bin/Data/sharedassets1.assets,Texture2D,1
source,player-data,assets/bin/Data/sharedassets11.assets,PreloadData,1
source,player-data,assets/bin/Data/sharedassets13.assets,AnimationClip,6
source,player-data,assets/bin/Data/sharedassets13.assets,AnimatorController,2
source,player-data,assets/bin/Data/sharedassets13.assets,PreloadData,1
source,player-data,assets/bin/Data/sharedassets13.assets,Sprite,4
source,player-data,assets/bin/Data/sharedassets13.assets,Texture2D,4
source,player-data,assets/bin/Data/sharedassets15.assets,AnimationClip,1
source,player-data,assets/bin/Data/sharedassets15.assets,AnimatorController,1
source,player-data,assets/bin/Data/sharedassets15.assets,LightingSettings,1
source,player-data,assets/bin/Data/sharedassets15.assets,PreloadData,1
source,player-data,assets/bin/Data/sharedassets15.assets,VideoClip,2
source,player-data,assets/bin/Data/sharedassets18.assets,AnimationClip,1
source,player-data,assets/bin/Data/sharedassets18.assets,AnimatorController,1
source,player-data,assets/bin/Data/sharedassets18.assets,LightingSettings,1
source,player-data,assets/bin/Data/sharedassets18.assets,PreloadData,1
source,player-data,assets/bin/Data/sharedassets18.assets,VideoClip,1
source,player-data,assets/bin/Data/sharedassets2.assets,AnimationClip,1
source,player-data,assets/bin/Data/sharedassets2.assets,AnimatorController,1
source,player-data,assets/bin/Data/sharedassets2.assets,GameObject,1
source,player-data,assets/bin/Data/sharedassets2.assets,Material,1
source,player-data,assets/bin/Data/sharedassets2.assets,MonoBehaviour,2
source,player-data,assets/bin/Data/sharedassets2.assets,PreloadData,1
source,player-data,assets/bin/Data/sharedassets2.assets,Sprite,2
source,player-data,assets/bin/Data/sharedassets2.assets,Texture2D,3
source,player-data,assets/bin/Data/sharedassets2.assets,Transform,1
source,player-data,assets/bin/Data/sharedassets24.assets,AnimationClip,1
source,player-data,assets/bin/Data/sharedassets24.assets,AnimatorController,1
source,player-data,assets/bin/Data/sharedassets24.assets,LightingSettings,1
source,player-data,assets/bin/Data/sharedassets24.assets,PreloadData,1
source,player-data,assets/bin/Data/sharedassets24.assets,VideoClip,1
source,player-data,assets/bin/Data/sharedassets25.assets,PreloadData,1
source,player-data,assets/bin/Data/sharedassets26.assets,AudioClip,3
source,player-data,assets/bin/Data/sharedassets26.assets,AudioSource,3
source,player-data,assets/bin/Data/sharedassets26.assets,Canvas,1
source,player-data,assets/bin/Data/sharedassets26.assets,CanvasRenderer,2
source,player-data,assets/bin/Data/sharedassets26.assets,GameObject,3
source,player-data,assets/bin/Data/sharedassets26.assets,LightingSettings,1
source,player-data,assets/bin/Data/sharedassets26.assets,MonoBehaviour,6
source,player-data,assets/bin/Data/sharedassets26.assets,PreloadData,1
source,player-data,assets/bin/Data/sharedassets26.assets,RectTransform,3
source,player-data,assets/bin/Data/sharedassets26.assets,Sprite,1
source,player-data,assets/bin/Data/sharedassets26.assets,Texture2D,1
source,player-data,assets/bin/Data/sharedassets26.assets,VideoClip,1
source,player-data,assets/bin/Data/sharedassets27.assets,AnimationClip,1
source,player-data,assets/bin/Data/sharedassets27.assets,AnimatorController,1
source,player-data,assets/bin/Data/sharedassets27.assets,LightingSettings,1
source,player-data,assets/bin/Data/sharedassets27.assets,MonoBehaviour,1
source,player-data,assets/bin/Data/sharedassets27.assets,PreloadData,1
source,player-data,assets/bin/Data/sharedassets27.assets,ShaderVariantCollection,1
source,player-data,assets/bin/Data/sharedassets27.assets,VideoClip,2
source,player-data,assets/bin/Data/sharedassets3.assets,Material,1
source,player-data,assets/bin/Data/sharedassets3.assets,MonoBehaviour,3
source,player-data,assets/bin/Data/sharedassets3.assets,PreloadData,1
source,player-data,assets/bin/Data/sharedassets3.assets,Shader,1
source,player-data,assets/bin/Data/sharedassets3.assets,ShaderVariantCollection,1
source,player-data,assets/bin/Data/sharedassets3.assets,Sprite,1
source,player-data,assets/bin/Data/sharedassets3.assets,Texture2D,2
source,player-data,assets/bin/Data/sharedassets4.assets,Animator,1
source,player-data,assets/bin/Data/sharedassets4.assets,Canvas,1
source,player-data,assets/bin/Data/sharedassets4.assets,CanvasRenderer,1
source,player-data,assets/bin/Data/sharedassets4.assets,GameObject,2
source,player-data,assets/bin/Data/sharedassets4.assets,MonoBehaviour,3
source,player-data,assets/bin/Data/sharedassets4.assets,PreloadData,1
source,player-data,assets/bin/Data/sharedassets4.assets,RectTransform,2
source,player-data,assets/bin/Data/sharedassets5.assets,AnimationClip,2
source,player-data,assets/bin/Data/sharedassets5.assets,AnimatorController,2
source,player-data,assets/bin/Data/sharedassets5.assets,PreloadData,1
source,player-data,assets/bin/Data/sharedassets5.assets,Sprite,1
source,player-data,assets/bin/Data/sharedassets5.assets,Texture2D,1
source,player-data,assets/bin/Data/sharedassets8.assets,PreloadData,1
source,player-data,assets/bin/Data/sharedassets9.assets,AnimationClip,2
source,player-data,assets/bin/Data/sharedassets9.assets,AnimatorController,2
source,player-data,assets/bin/Data/sharedassets9.assets,PreloadData,1
source,player-data,assets/bin/Data/sharedassets9.assets,Sprite,9
source,player-data,assets/bin/Data/sharedassets9.assets,Texture2D,9
source,player-data,combined-data/level22,Animator,2
source,player-data,combined-data/level22,AudioListener,1
source,player-data,combined-data/level22,Camera,2
source,player-data,combined-data/level22,Canvas,7
source,player-data,combined-data/level22,CanvasGroup,21
source,player-data,combined-data/level22,CanvasRenderer,258
source,player-data,combined-data/level22,GameObject,340
source,player-data,combined-data/level22,LightmapSettings,1
source,player-data,combined-data/level22,Material,39
source,player-data,combined-data/level22,MonoBehaviour,396
source,player-data,combined-data/level22,NavMeshSettings,1
source,player-data,combined-data/level22,RectTransform,312
source,player-data,combined-data/level22,RenderSettings,1
source,player-data,combined-data/level22,SpriteRenderer,1
source,player-data,combined-data/level22,Transform,28
source,player-data,combined-data/sharedassets0.assets,AnimationClip,9
source,player-data,combined-data/sharedassets0.assets,Animator,6
source,player-data,combined-data/sharedassets0.assets,AnimatorController,4
source,player-data,combined-data/sharedassets0.assets,AudioClip,16
source,player-data,combined-data/sharedassets0.assets,Canvas,6
source,player-data,combined-data/sharedassets0.assets,CanvasGroup,6
source,player-data,combined-data/sharedassets0.assets,CanvasRenderer,182
source,player-data,combined-data/sharedassets0.assets,Font,1
source,player-data,combined-data/sharedassets0.assets,GameObject,219
source,player-data,combined-data/sharedassets0.assets,Material,2
source,player-data,combined-data/sharedassets0.assets,MonoBehaviour,232
source,player-data,combined-data/sharedassets0.assets,PreloadData,1
source,player-data,combined-data/sharedassets0.assets,RectTransform,215
source,player-data,combined-data/sharedassets0.assets,Shader,1
source,player-data,combined-data/sharedassets0.assets,Sprite,13
source,player-data,combined-data/sharedassets0.assets,Texture2D,14
source,player-data,combined-data/sharedassets0.assets,Transform,4
source,player-data,combined-data/sharedassets10.assets,AnimationClip,18
source,player-data,combined-data/sharedassets10.assets,Animator,3
source,player-data,combined-data/sharedassets10.assets,AnimatorController,10
source,player-data,combined-data/sharedassets10.assets,CanvasRenderer,16
source,player-data,combined-data/sharedassets10.assets,GameObject,32
source,player-data,combined-data/sharedassets10.assets,MonoBehaviour,38
source,player-data,combined-data/sharedassets10.assets,ParticleSystem,1
source,player-data,combined-data/sharedassets10.assets,ParticleSystemRenderer,1
source,player-data,combined-data/sharedassets10.assets,PreloadData,1
source,player-data,combined-data/sharedassets10.assets,RectTransform,27
source,player-data,combined-data/sharedassets10.assets,Sprite,40
source,player-data,combined-data/sharedassets10.assets,SpriteRenderer,3
source,player-data,combined-data/sharedassets10.assets,Texture2D,11
source,player-data,combined-data/sharedassets10.assets,Transform,5
source,player-data,combined-data/sharedassets12.assets,AnimationClip,7
source,player-data,combined-data/sharedassets12.assets,Animator,3
source,player-data,combined-data/sharedassets12.assets,AnimatorController,6
source,player-data,combined-data/sharedassets12.assets,GameObject,12
source,player-data,combined-data/sharedassets12.assets,Material,1
source,player-data,combined-data/sharedassets12.assets,MonoBehaviour,9
source,player-data,combined-data/sharedassets12.assets,ParticleSystem,1
source,player-data,combined-data/sharedassets12.assets,ParticleSystemRenderer,1
source,player-data,combined-data/sharedassets12.assets,PreloadData,1
source,player-data,combined-data/sharedassets12.assets,Sprite,20
source,player-data,combined-data/sharedassets12.assets,SpriteRenderer,4
source,player-data,combined-data/sharedassets12.assets,Texture2D,12
source,player-data,combined-data/sharedassets12.assets,Transform,12
source,player-data,combined-data/sharedassets14.assets,AnimationClip,5
source,player-data,combined-data/sharedassets14.assets,AnimatorController,5
source,player-data,combined-data/sharedassets14.assets,AudioClip,1
source,player-data,combined-data/sharedassets14.assets,LightingSettings,1
source,player-data,combined-data/sharedassets14.assets,PreloadData,1
source,player-data,combined-data/sharedassets14.assets,RenderTexture,1
source,player-data,combined-data/sharedassets14.assets,Sprite,1
source,player-data,combined-data/sharedassets14.assets,Texture2D,1
source,player-data,combined-data/sharedassets14.assets,VideoClip,1
source,player-data,combined-data/sharedassets16.assets,Font,1
source,player-data,combined-data/sharedassets16.assets,Material,4
source,player-data,combined-data/sharedassets16.assets,PreloadData,1
source,player-data,combined-data/sharedassets16.assets,Shader,1
source,player-data,combined-data/sharedassets16.assets,Sprite,18
source,player-data,combined-data/sharedassets16.assets,Texture2D,18
source,player-data,combined-data/sharedassets17.assets,AnimationClip,1
source,player-data,combined-data/sharedassets17.assets,AnimatorController,1
source,player-data,combined-data/sharedassets17.assets,MonoBehaviour,1
source,player-data,combined-data/sharedassets17.assets,PreloadData,1
source,player-data,combined-data/sharedassets17.assets,Sprite,6
source,player-data,combined-data/sharedassets17.assets,Texture2D,3
source,player-data,combined-data/sharedassets19.assets,AnimationClip,1
source,player-data,combined-data/sharedassets19.assets,AnimatorController,1
source,player-data,combined-data/sharedassets19.assets,AudioClip,1
source,player-data,combined-data/sharedassets19.assets,Material,10
source,player-data,combined-data/sharedassets19.assets,PreloadData,1
source,player-data,combined-data/sharedassets19.assets,Shader,1
source,player-data,combined-data/sharedassets19.assets,Sprite,2
source,player-data,combined-data/sharedassets19.assets,Texture2D,11
source,player-data,combined-data/sharedassets20.assets,AnimationClip,5
source,player-data,combined-data/sharedassets20.assets,AnimatorController,4
source,player-data,combined-data/sharedassets20.assets,LightingSettings,1
source,player-data,combined-data/sharedassets20.assets,Material,1
source,player-data,combined-data/sharedassets20.assets,PreloadData,1
source,player-data,combined-data/sharedassets20.assets,Shader,2
source,player-data,combined-data/sharedassets20.assets,Sprite,7
source,player-data,combined-data/sharedassets20.assets,Texture2D,4
source,player-data,combined-data/sharedassets20.assets,VideoClip,1
source,player-data,combined-data/sharedassets21.assets,AnimationClip,1
source,player-data,combined-data/sharedassets21.assets,Material,1
source,player-data,combined-data/sharedassets21.assets,MonoBehaviour,1
source,player-data,combined-data/sharedassets21.assets,PreloadData,1
source,player-data,combined-data/sharedassets21.assets,Sprite,1
source,player-data,combined-data/sharedassets21.assets,Texture2D,2
source,player-data,combined-data/sharedassets22.assets,AnimationClip,1
source,player-data,combined-data/sharedassets22.assets,AnimatorController,1
source,player-data,combined-data/sharedassets22.assets,CanvasGroup,2
source,player-data,combined-data/sharedassets22.assets,CanvasRenderer,27
source,player-data,combined-data/sharedassets22.assets,GameObject,39
source,player-data,combined-data/sharedassets22.assets,Material,1
source,player-data,combined-data/sharedassets22.assets,MonoBehaviour,54
source,player-data,combined-data/sharedassets22.assets,PreloadData,1
source,player-data,combined-data/sharedassets22.assets,RectTransform,39
source,player-data,combined-data/sharedassets22.assets,Shader,2
source,player-data,combined-data/sharedassets22.assets,ShaderVariantCollection,1
source,player-data,combined-data/sharedassets22.assets,Sprite,13
source,player-data,combined-data/sharedassets22.assets,Texture2D,15
source,player-data,combined-data/sharedassets23.assets,AudioClip,1
source,player-data,combined-data/sharedassets23.assets,Material,13
source,player-data,combined-data/sharedassets23.assets,Mesh,1
source,player-data,combined-data/sharedassets23.assets,MonoBehaviour,3
source,player-data,combined-data/sharedassets23.assets,PreloadData,1
source,player-data,combined-data/sharedassets23.assets,Shader,4
source,player-data,combined-data/sharedassets23.assets,ShaderVariantCollection,1
source,player-data,combined-data/sharedassets23.assets,Sprite,16
source,player-data,combined-data/sharedassets23.assets,Texture2D,17
source,player-data,combined-data/sharedassets6.assets,Animation,1
source,player-data,combined-data/sharedassets6.assets,AnimationClip,1
source,player-data,combined-data/sharedassets6.assets,Animator,3
source,player-data,combined-data/sharedassets6.assets,Canvas,7
source,player-data,combined-data/sharedassets6.assets,CanvasGroup,10
source,player-data,combined-data/sharedassets6.assets,CanvasRenderer,66
source,player-data,combined-data/sharedassets6.assets,Font,2
source,player-data,combined-data/sharedassets6.assets,GameObject,77
source,player-data,combined-data/sharedassets6.assets,LightingSettings,1
source,player-data,combined-data/sharedassets6.assets,Material,4
source,player-data,combined-data/sharedassets6.assets,MonoBehaviour,118
source,player-data,combined-data/sharedassets6.assets,PreloadData,1
source,player-data,combined-data/sharedassets6.assets,RectTransform,74
source,player-data,combined-data/sharedassets6.assets,Sprite,21
source,player-data,combined-data/sharedassets6.assets,Texture2D,21
source,player-data,combined-data/sharedassets6.assets,Transform,3
source,player-data,combined-data/sharedassets7.assets,AnimationClip,11
source,player-data,combined-data/sharedassets7.assets,Animator,1
source,player-data,combined-data/sharedassets7.assets,AnimatorController,6
source,player-data,combined-data/sharedassets7.assets,Canvas,4
source,player-data,combined-data/sharedassets7.assets,CanvasRenderer,26
source,player-data,combined-data/sharedassets7.assets,GameObject,38
source,player-data,combined-data/sharedassets7.assets,Material,2
source,player-data,combined-data/sharedassets7.assets,MonoBehaviour,54
source,player-data,combined-data/sharedassets7.assets,PreloadData,1
source,player-data,combined-data/sharedassets7.assets,RectTransform,35
source,player-data,combined-data/sharedassets7.assets,Shader,2
source,player-data,combined-data/sharedassets7.assets,Sprite,24
source,player-data,combined-data/sharedassets7.assets,SpriteRenderer,2
source,player-data,combined-data/sharedassets7.assets,Texture2D,24
source,player-data,combined-data/sharedassets7.assets,Transform,3
