trackKey,trackPath,title,artist,indexRaw,internalIdCandidate,identitySource,chapterId,chapterName,collectionType,chapterRelationStatus,chapterEvidence,illustrationKey,musicKey,illustrationRelation,levelSource,displayLevelConfidence,internalConstant,constantStatus,identityConfidence,metadataConfidence,evidence,hasEZ,levelEZ,chartEZStatus,chartEZKey,hasHD,levelHD,chartHDStatus,chartHDKey,hasIN,levelIN,chartINStatus,chartINKey,hasAT,levelAT,chartATStatus,chartATKey,hasLegacy,levelLegacy,chartLegacyStatus,chartLegacyKey
Assets/Tracks/000AinSophAur.Yumeji.0/Illustration.jpg,Assets/Tracks/000AinSophAur.Yumeji.0/,000AinSophAur,Yumeji,0,phigros:trackpath=Assets/Tracks/000AinSophAur.Yumeji.0/,Addressables primary-key path / Assets/Tracks folder,,,,structure-found-instance-relation-unresolved,"IL2CPP Chapter/ChapterSongInfo/ChapterSongItem types expose chapterCode, songs and songsId; no serialized instance values or Track→Chapter foreign-key record was recovered",Assets/Tracks/000AinSophAur.Yumeji.0/Illustration.jpg,Assets/Tracks/000AinSophAur.Yumeji.0/music.wav,direct-track-folder-key,IL2CPP LevelInfo.level/difficulty and SongListItem.SetRating/SetRatingWithScore are UI/model candidates; no numeric per-track values recovered,partial-unresolved,,not-found-in-chart-json-or-targeted-metadata,medium,medium,phigros-track-records.csv; phigros-addressables-keys.csv; APK Addressables catalog,True,,structurally-nonempty,Assets/Tracks/000AinSophAur.Yumeji.0/Chart_EZ.json,True,,structurally-nonempty,Assets/Tracks/000AinSophAur.Yumeji.0/Chart_HD.json,True,,structurally-nonempty,Assets/Tracks/000AinSophAur.Yumeji.0/Chart_IN.json,False,,absent,,False,,absent,
Assets/Tracks/70MinutesFighters.かたぎり.0/Illustration.jpg,Assets/Tracks/70MinutesFighters.かたぎり.0/,70MinutesFighters,かたぎり,0,phigros:trackpath=Assets/Tracks/70MinutesFighters.かたぎり.0/,Addressables primary-key path / Assets/Tracks folder,,,,structure-found-instance-relation-unresolved,"IL2CPP Chapter/ChapterSongInfo/ChapterSongItem types expose chapterCode, songs and songsId; no serialized instance values or Track→Chapter foreign-key record was recovered",Assets/Tracks/70MinutesFighters.かたぎり.0/Illustration.jpg,Assets/Tracks/70MinutesFighters.かたぎり.0/music.wav,direct-track-folder-key,IL2CPP LevelInfo.level/difficulty and SongListItem.SetRating/SetRatingWithScore are UI/model candidates; no numeric per-track values recovered,partial-unresolved,,not-found-in-chart-json-or-targeted-metadata,medium,medium,phigros-track-records.csv; phigros-addressables-keys.csv; APK Addressables catalog,True,,structurally-nonempty,Assets/Tracks/70MinutesFighters.かたぎり.0/Chart_EZ.json,True,,structurally-nonempty,Assets/Tracks/70MinutesFighters.かたぎり.0/Chart_HD.json,True,,structurally-nonempty,Assets/Tracks/70MinutesFighters.かたぎり.0/Chart_IN.json,False,,absent,,False,,absent,
Assets/Tracks/996.李化禹.0/Illustration.jpg,Assets/Tracks/996.李化禹.0/,996,李化禹,0,phigros:trackpath=Assets/Tracks/996.李化禹.0/,Addressables primary-key path / Assets/Tracks folder,,,,structure-found-instance-relation-unresolved,"IL2CPP Chapter/ChapterSongInfo/ChapterSongItem types expose chapterCode, songs and songsId; no serialized instance values or Track→Chapter foreign-key record was recovered",Assets/Tracks/996.李化禹.0/Illustration.jpg,Assets/Tracks/996.李化禹.0/music.wav,direct-track-folder-key,IL2CPP LevelInfo.level/difficulty and SongListItem.SetRating/SetRatingWithScore are UI/model candidates; no numeric per-track values recovered,partial-unresolved,,not-found-in-chart-json-or-targeted-metadata,medium,medium,phigros-track-records.csv; phigros-addressables-keys.csv; APK Addressables catalog,True,,structurally-nonempty,Assets/Tracks/996.李化禹.0/Chart_EZ.json,True,,structurally-nonempty,Assets/Tracks/996.李化禹.0/Chart_HD.json,True,,structurally-nonempty,Assets/Tracks/996.李化禹.0/Chart_IN.json,False,,absent,,False,,absent,
Assets/Tracks/ABYSSMOTION192333.ariiolTSAR奏Sou.0/Illustration.jpg,Assets/Tracks/ABYSSMOTION192333.ariiolTSAR奏Sou.0/,ABYSSMOTION192333,ariiolTSAR奏Sou,0,phigros:trackpath=Assets/Tracks/ABYSSMOTION192333.ariiolTSAR奏Sou.0/,Addressables primary-key path / Assets/Tracks folder,,,,structure-found-instance-relation-unresolved,"IL2CPP Chapter/ChapterSongInfo/ChapterSongItem types expose chapterCode, songs and songsId; no serialized instance values or Track→Chapter foreign-key record was recovered",Assets/Tracks/ABYSSMOTION192333.ariiolTSAR奏Sou.0/Illustration.jpg,Assets/Tracks/ABYSSMOTION192333.ariiolTSAR奏Sou.0/music.wav,direct-track-folder-key,IL2CPP LevelInfo.level/difficulty and SongListItem.SetRating/SetRatingWithScore are UI/model candidates; no numeric per-track values recovered,partial-unresolved,,not-found-in-chart-json-or-targeted-metadata,medium,medium,phigros-track-records.csv; phigros-addressables-keys.csv; APK Addressables catalog,True,,structurally-nonempty,Assets/Tracks/ABYSSMOTION192333.ariiolTSAR奏Sou.0/Chart_EZ.json,True,,structurally-nonempty,Assets/Tracks/ABYSSMOTION192333.ariiolTSAR奏Sou.0/Chart_HD.json,True,,structurally-nonempty,Assets/Tracks/ABYSSMOTION192333.ariiolTSAR奏Sou.0/Chart_IN.json,False,,absent,,False,,absent,
Assets/Tracks/ATHAZA.LeaF.0/Illustration.jpg,Assets/Tracks/ATHAZA.LeaF.0/,ATHAZA,LeaF,0,phigros:trackpath=Assets/Tracks/ATHAZA.LeaF.0/,Addressables primary-key path / Assets/Tracks folder,,,,structure-found-instance-relation-unresolved,"IL2CPP Chapter/ChapterSongInfo/ChapterSongItem types expose chapterCode, songs and songsId; no serialized instance values or Track→Chapter foreign-key record was recovered",Assets/Tracks/ATHAZA.LeaF.0/Illustration.jpg,Assets/Tracks/ATHAZA.LeaF.0/music.wav,direct-track-folder-key,IL2CPP LevelInfo.level/difficulty and SongListItem.SetRating/SetRatingWithScore are UI/model candidates; no numeric per-track values recovered,partial-unresolved,,not-found-in-chart-json-or-targeted-metadata,medium,medium,phigros-track-records.csv; phigros-addressables-keys.csv; APK Addressables catalog,True,,structurally-nonempty,Assets/Tracks/ATHAZA.LeaF.0/Chart_EZ.json,True,,structurally-nonempty,Assets/Tracks/ATHAZA.LeaF.0/Chart_HD.json,True,,structurally-nonempty,Assets/Tracks/ATHAZA.LeaF.0/Chart_IN.json,True,,structurally-nonempty,Assets/Tracks/ATHAZA.LeaF.0/Chart_AT.json,False,,absent,
Assets/Tracks/AbsoluTedisoRdeR.AcuteDisarray.0/Illustration.jpg,Assets/Tracks/AbsoluTedisoRdeR.AcuteDisarray.0/,AbsoluTedisoRdeR,AcuteDisarray,0,phigros:trackpath=Assets/Tracks/AbsoluTedisoRdeR.AcuteDisarray.0/,Addressables primary-key path / Assets/Tracks folder,,,,structure-found-instance-relation-unresolved,"IL2CPP Chapter/ChapterSongInfo/ChapterSongItem types expose chapterCode, songs and songsId; no serialized instance values or Track→Chapter foreign-key record was recovered",Assets/Tracks/AbsoluTedisoRdeR.AcuteDisarray.0/Illustration.jpg,Assets/Tracks/AbsoluTedisoRdeR.AcuteDisarray.0/music.wav,direct-track-folder-key,IL2CPP LevelInfo.level/difficulty and SongListItem.SetRating/SetRatingWithScore are UI/model candidates; no numeric per-track values recovered,partial-unresolved,,not-found-in-chart-json-or-targeted-metadata,medium,medium,phigros-track-records.csv; phigros-addressables-keys.csv; APK Addressables catalog,True,,structurally-nonempty,Assets/Tracks/AbsoluTedisoRdeR.AcuteDisarray.0/Chart_EZ.json,True,,structurally-nonempty,Assets/Tracks/AbsoluTedisoRdeR.AcuteDisarray.0/Chart_HD.json,True,,structurally-nonempty,Assets/Tracks/AbsoluTedisoRdeR.AcuteDisarray.0/Chart_IN.json,True,,structurally-nonempty,Assets/Tracks/AbsoluTedisoRdeR.AcuteDisarray.0/Chart_AT.json,False,,absent,
Assets/Tracks/Adastraperaspera.RabbitHouse.0/Illustration.jpg,Assets/Tracks/Adastraperaspera.RabbitHouse.0/,Adastraperaspera,RabbitHouse,0,phigros:trackpath=Assets/Tracks/Adastraperaspera.RabbitHouse.0/,Addressables primary-key path / Assets/Tracks folder,,,,structure-found-instance-relation-unresolved,"IL2CPP Chapter/ChapterSongInfo/ChapterSongItem types expose chapterCode, songs and songsId; no serialized instance values or Track→Chapter foreign-key record was recovered",Assets/Tracks/Adastraperaspera.RabbitHouse.0/Illustration.jpg,Assets/Tracks/Adastraperaspera.RabbitHouse.0/music.wav,direct-track-folder-key,IL2CPP LevelInfo.level/difficulty and SongListItem.SetRating/SetRatingWithScore are UI/model candidates; no numeric per-track values recovered,partial-unresolved,,not-found-in-chart-json-or-targeted-metadata,medium,medium,phigros-track-records.csv; phigros-addressables-keys.csv; APK Addressables catalog,True,,structurally-nonempty,Assets/Tracks/Adastraperaspera.RabbitHouse.0/Chart_EZ.json,True,,structurally-nonempty,Assets/Tracks/Adastraperaspera.RabbitHouse.0/Chart_HD.json,True,,structurally-nonempty,Assets/Tracks/Adastraperaspera.RabbitHouse.0/Chart_IN.json,False,,absent,,False,,absent,
Assets/Tracks/AfterDawn.S9ryne.0/Illustration.jpg,Assets/Tracks/AfterDawn.S9ryne.0/,AfterDawn,S9ryne,0,phigros:trackpath=Assets/Tracks/AfterDawn.S9ryne.0/,Addressables primary-key path / Assets/Tracks folder,,,,structure-found-instance-relation-unresolved,"IL2CPP Chapter/ChapterSongInfo/ChapterSongItem types expose chapterCode, songs and songsId; no serialized instance values or Track→Chapter foreign-key record was recovered",Assets/Tracks/AfterDawn.S9ryne.0/Illustration.jpg,Assets/Tracks/AfterDawn.S9ryne.0/music.wav,direct-track-folder-key,IL2CPP LevelInfo.level/difficulty and SongListItem.SetRating/SetRatingWithScore are UI/model candidates; no numeric per-track values recovered,partial-unresolved,,not-found-in-chart-json-or-targeted-metadata,medium,medium,phigros-track-records.csv; phigros-addressables-keys.csv; APK Addressables catalog,True,,structurally-nonempty,Assets/Tracks/AfterDawn.S9ryne.0/Chart_EZ.json,True,,structurally-nonempty,Assets/Tracks/AfterDawn.S9ryne.0/Chart_HD.json,True,,structurally-nonempty,Assets/Tracks/AfterDawn.S9ryne.0/Chart_IN.json,False,,absent,,False,,absent,
Assets/Tracks/AfterZABANIYAMUGEdit.Daily天利.0/Illustration.jpg,Assets/Tracks/AfterZABANIYAMUGEdit.Daily天利.0/,AfterZABANIYAMUGEdit,Daily天利,0,phigros:trackpath=Assets/Tracks/AfterZABANIYAMUGEdit.Daily天利.0/,Addressables primary-key path / Assets/Tracks folder,,,,structure-found-instance-relation-unresolved,"IL2CPP Chapter/ChapterSongInfo/ChapterSongItem types expose chapterCode, songs and songsId; no serialized instance values or Track→Chapter foreign-key record was recovered",Assets/Tracks/AfterZABANIYAMUGEdit.Daily天利.0/Illustration.jpg,Assets/Tracks/AfterZABANIYAMUGEdit.Daily天利.0/music.wav,direct-track-folder-key,IL2CPP LevelInfo.level/difficulty and SongListItem.SetRating/SetRatingWithScore are UI/model candidates; no numeric per-track values recovered,partial-unresolved,,not-found-in-chart-json-or-targeted-metadata,medium,medium,phigros-track-records.csv; phigros-addressables-keys.csv; APK Addressables catalog,True,,structurally-nonempty,Assets/Tracks/AfterZABANIYAMUGEdit.Daily天利.0/Chart_EZ.json,True,,structurally-nonempty,Assets/Tracks/AfterZABANIYAMUGEdit.Daily天利.0/Chart_HD.json,True,,structurally-nonempty,Assets/Tracks/AfterZABANIYAMUGEdit.Daily天利.0/Chart_IN.json,False,,absent,,False,,absent,
Assets/Tracks/Ajourneytothemoonlight.Yesod.0/Illustration.jpg,Assets/Tracks/Ajourneytothemoonlight.Yesod.0/,Ajourneytothemoonlight,Yesod,0,phigros:trackpath=Assets/Tracks/Ajourneytothemoonlight.Yesod.0/,Addressables primary-key path / Assets/Tracks folder,,,,structure-found-instance-relation-unresolved,"IL2CPP Chapter/ChapterSongInfo/ChapterSongItem types expose chapterCode, songs and songsId; no serialized instance values or Track→Chapter foreign-key record was recovered",Assets/Tracks/Ajourneytothemoonlight.Yesod.0/Illustration.jpg,Assets/Tracks/Ajourneytothemoonlight.Yesod.0/music.wav,direct-track-folder-key,IL2CPP LevelInfo.level/difficulty and SongListItem.SetRating/SetRatingWithScore are UI/model candidates; no numeric per-track values recovered,partial-unresolved,,not-found-in-chart-json-or-targeted-metadata,medium,medium,phigros-track-records.csv; phigros-addressables-keys.csv; APK Addressables catalog,True,,structurally-nonempty,Assets/Tracks/Ajourneytothemoonlight.Yesod.0/Chart_EZ.json,True,,structurally-nonempty,Assets/Tracks/Ajourneytothemoonlight.Yesod.0/Chart_HD.json,True,,structurally-nonempty,Assets/Tracks/Ajourneytothemoonlight.Yesod.0/Chart_IN.json,False,,absent,,False,,absent,
Assets/Tracks/Alb.Avans.0/Illustration.jpg,Assets/Tracks/Alb.Avans.0/,Alb,Avans,0,phigros:trackpath=Assets/Tracks/Alb.Avans.0/,Addressables primary-key path / Assets/Tracks folder,,,,structure-found-instance-relation-unresolved,"IL2CPP Chapter/ChapterSongInfo/ChapterSongItem types expose chapterCode, songs and songsId; no serialized instance values or Track→Chapter foreign-key record was recovered",Assets/Tracks/Alb.Avans.0/Illustration.jpg,Assets/Tracks/Alb.Avans.0/music.wav,direct-track-folder-key,IL2CPP LevelInfo.level/difficulty and SongListItem.SetRating/SetRatingWithScore are UI/model candidates; no numeric per-track values recovered,partial-unresolved,,not-found-in-chart-json-or-targeted-metadata,medium,medium,phigros-track-records.csv; phigros-addressables-keys.csv; APK Addressables catalog,True,,structurally-nonempty,Assets/Tracks/Alb.Avans.0/Chart_EZ.json,True,,structurally-nonempty,Assets/Tracks/Alb.Avans.0/Chart_HD.json,True,,structurally-nonempty,Assets/Tracks/Alb.Avans.0/Chart_IN.json,False,,absent,,False,,absent,
Assets/Tracks/Aleph0.LeaF.0/Illustration.jpg,Assets/Tracks/Aleph0.LeaF.0/,Aleph0,LeaF,0,phigros:trackpath=Assets/Tracks/Aleph0.LeaF.0/,Addressables primary-key path / Assets/Tracks folder,,,,structure-found-instance-relation-unresolved,"IL2CPP Chapter/ChapterSongInfo/ChapterSongItem types expose chapterCode, songs and songsId; no serialized instance values or Track→Chapter foreign-key record was recovered",Assets/Tracks/Aleph0.LeaF.0/Illustration.jpg,Assets/Tracks/Aleph0.LeaF.0/music.wav,direct-track-folder-key,IL2CPP LevelInfo.level/difficulty and SongListItem.SetRating/SetRatingWithScore are UI/model candidates; no numeric per-track values recovered,partial-unresolved,,not-found-in-chart-json-or-targeted-metadata,medium,medium,phigros-track-records.csv; phigros-addressables-keys.csv; APK Addressables catalog,True,,structurally-nonempty,Assets/Tracks/Aleph0.LeaF.0/Chart_EZ.json,True,,structurally-nonempty,Assets/Tracks/Aleph0.LeaF.0/Chart_HD.json,True,,structurally-nonempty,Assets/Tracks/Aleph0.LeaF.0/Chart_IN.json,False,,absent,,True,,structurally-nonempty,Assets/Tracks/Aleph0.LeaF.0/Chart_Legacy.json
Assets/Tracks/Aliceinaxxxxxxxx.Nagiha.0/Illustration.jpg,Assets/Tracks/Aliceinaxxxxxxxx.Nagiha.0/,Aliceinaxxxxxxxx,Nagiha,0,phigros:trackpath=Assets/Tracks/Aliceinaxxxxxxxx.Nagiha.0/,Addressables primary-key path / Assets/Tracks folder,,,,structure-found-instance-relation-unresolved,"IL2CPP Chapter/ChapterSongInfo/ChapterSongItem types expose chapterCode, songs and songsId; no serialized instance values or Track→Chapter foreign-key record was recovered",Assets/Tracks/Aliceinaxxxxxxxx.Nagiha.0/Illustration.jpg,Assets/Tracks/Aliceinaxxxxxxxx.Nagiha.0/music.wav,direct-track-folder-key,IL2CPP LevelInfo.level/difficulty and SongListItem.SetRating/SetRatingWithScore are UI/model candidates; no numeric per-track values recovered,partial-unresolved,,not-found-in-chart-json-or-targeted-metadata,medium,medium,phigros-track-records.csv; phigros-addressables-keys.csv; APK Addressables catalog,True,,structurally-nonempty,Assets/Tracks/Aliceinaxxxxxxxx.Nagiha.0/Chart_EZ.json,True,,structurally-nonempty,Assets/Tracks/Aliceinaxxxxxxxx.Nagiha.0/Chart_HD.json,True,,structurally-nonempty,Assets/Tracks/Aliceinaxxxxxxxx.Nagiha.0/Chart_IN.json,False,,absent,,False,,absent,
Assets/Tracks/AnotherMe.DAAN.0/Illustration.jpg,Assets/Tracks/AnotherMe.DAAN.0/,AnotherMe,DAAN,0,phigros:trackpath=Assets/Tracks/AnotherMe.DAAN.0/,Addressables primary-key path / Assets/Tracks folder,,,,structure-found-instance-relation-unresolved,"IL2CPP Chapter/ChapterSongInfo/ChapterSongItem types expose chapterCode, songs and songsId; no serialized instance values or Track→Chapter foreign-key record was recovered",Assets/Tracks/AnotherMe.DAAN.0/Illustration.jpg,Assets/Tracks/AnotherMe.DAAN.0/music.wav,direct-track-folder-key,IL2CPP LevelInfo.level/difficulty and SongListItem.SetRating/SetRatingWithScore are UI/model candidates; no numeric per-track values recovered,partial-unresolved,,not-found-in-chart-json-or-targeted-metadata,medium,medium,phigros-track-records.csv; phigros-addressables-keys.csv; APK Addressables catalog,True,,structurally-nonempty,Assets/Tracks/AnotherMe.DAAN.0/Chart_EZ.json,True,,structurally-nonempty,Assets/Tracks/AnotherMe.DAAN.0/Chart_HD.json,True,,structurally-nonempty,Assets/Tracks/AnotherMe.DAAN.0/Chart_IN.json,False,,absent,,False,,absent,
Assets/Tracks/AnotherMe.NeutralMoon.0/Illustration.jpg,Assets/Tracks/AnotherMe.NeutralMoon.0/,AnotherMe,NeutralMoon,0,phigros:trackpath=Assets/Tracks/AnotherMe.NeutralMoon.0/,Addressables primary-key path / Assets/Tracks folder,,,,structure-found-instance-relation-unresolved,"IL2CPP Chapter/ChapterSongInfo/ChapterSongItem types expose chapterCode, songs and songsId; no serialized instance values or Track→Chapter foreign-key record was recovered",Assets/Tracks/AnotherMe.NeutralMoon.0/Illustration.jpg,Assets/Tracks/AnotherMe.NeutralMoon.0/music.wav,direct-track-folder-key,IL2CPP LevelInfo.level/difficulty and SongListItem.SetRating/SetRatingWithScore are UI/model candidates; no numeric per-track values recovered,partial-unresolved,,not-found-in-chart-json-or-targeted-metadata,medium,medium,phigros-track-records.csv; phigros-addressables-keys.csv; APK Addressables catalog,True,,structurally-nonempty,Assets/Tracks/AnotherMe.NeutralMoon.0/Chart_EZ.json,True,,structurally-nonempty,Assets/Tracks/AnotherMe.NeutralMoon.0/Chart_HD.json,True,,structurally-nonempty,Assets/Tracks/AnotherMe.NeutralMoon.0/Chart_IN.json,False,,absent,,False,,absent,
Assets/Tracks/AnotherRound.JustinDai.0/Illustration.jpg,Assets/Tracks/AnotherRound.JustinDai.0/,AnotherRound,JustinDai,0,phigros:trackpath=Assets/Tracks/AnotherRound.JustinDai.0/,Addressables primary-key path / Assets/Tracks folder,,,,structure-found-instance-relation-unresolved,"IL2CPP Chapter/ChapterSongInfo/ChapterSongItem types expose chapterCode, songs and songsId; no serialized instance values or Track→Chapter foreign-key record was recovered",Assets/Tracks/AnotherRound.JustinDai.0/Illustration.jpg,Assets/Tracks/AnotherRound.JustinDai.0/music.wav,direct-track-folder-key,IL2CPP LevelInfo.level/difficulty and SongListItem.SetRating/SetRatingWithScore are UI/model candidates; no numeric per-track values recovered,partial-unresolved,,not-found-in-chart-json-or-targeted-metadata,medium,medium,phigros-track-records.csv; phigros-addressables-keys.csv; APK Addressables catalog,True,,structurally-nonempty,Assets/Tracks/AnotherRound.JustinDai.0/Chart_EZ.json,True,,structurally-nonempty,Assets/Tracks/AnotherRound.JustinDai.0/Chart_HD.json,True,,structurally-nonempty,Assets/Tracks/AnotherRound.JustinDai.0/Chart_IN.json,False,,absent,,False,,absent,
Assets/Tracks/Antithese.Blacklolita.0/Illustration.jpg,Assets/Tracks/Antithese.Blacklolita.0/,Antithese,Blacklolita,0,phigros:trackpath=Assets/Tracks/Antithese.Blacklolita.0/,Addressables primary-key path / Assets/Tracks folder,,,,structure-found-instance-relation-unresolved,"IL2CPP Chapter/ChapterSongInfo/ChapterSongItem types expose chapterCode, songs and songsId; no serialized instance values or Track→Chapter foreign-key record was recovered",Assets/Tracks/Antithese.Blacklolita.0/Illustration.jpg,Assets/Tracks/Antithese.Blacklolita.0/music.wav,direct-track-folder-key,IL2CPP LevelInfo.level/difficulty and SongListItem.SetRating/SetRatingWithScore are UI/model candidates; no numeric per-track values recovered,partial-unresolved,,not-found-in-chart-json-or-targeted-metadata,medium,medium,phigros-track-records.csv; phigros-addressables-keys.csv; APK Addressables catalog,True,,structurally-nonempty,Assets/Tracks/Antithese.Blacklolita.0/Chart_EZ.json,True,,structurally-nonempty,Assets/Tracks/Antithese.Blacklolita.0/Chart_HD.json,True,,structurally-nonempty,Assets/Tracks/Antithese.Blacklolita.0/Chart_IN.json,True,,structurally-nonempty,Assets/Tracks/Antithese.Blacklolita.0/Chart_AT.json,False,,absent,
Assets/Tracks/Aphasia.闫东炜.0/Illustration.jpg,Assets/Tracks/Aphasia.闫东炜.0/,Aphasia,闫东炜,0,phigros:trackpath=Assets/Tracks/Aphasia.闫东炜.0/,Addressables primary-key path / Assets/Tracks folder,,,,structure-found-instance-relation-unresolved,"IL2CPP Chapter/ChapterSongInfo/ChapterSongItem types expose chapterCode, songs and songsId; no serialized instance values or Track→Chapter foreign-key record was recovered",Assets/Tracks/Aphasia.闫东炜.0/Illustration.jpg,Assets/Tracks/Aphasia.闫东炜.0/music.wav,direct-track-folder-key,IL2CPP LevelInfo.level/difficulty and SongListItem.SetRating/SetRatingWithScore are UI/model candidates; no numeric per-track values recovered,partial-unresolved,,not-found-in-chart-json-or-targeted-metadata,medium,medium,phigros-track-records.csv; phigros-addressables-keys.csv; APK Addressables catalog,True,,structurally-nonempty,Assets/Tracks/Aphasia.闫东炜.0/Chart_EZ.json,True,,structurally-nonempty,Assets/Tracks/Aphasia.闫东炜.0/Chart_HD.json,True,,structurally-nonempty,Assets/Tracks/Aphasia.闫东炜.0/Chart_IN.json,False,,absent,,False,,absent,
Assets/Tracks/AphroditesChildshortver.RUQOA.0/Illustration.jpg,Assets/Tracks/AphroditesChildshortver.RUQOA.0/,AphroditesChildshortver,RUQOA,0,phigros:trackpath=Assets/Tracks/AphroditesChildshortver.RUQOA.0/,Addressables primary-key path / Assets/Tracks folder,,,,structure-found-instance-relation-unresolved,"IL2CPP Chapter/ChapterSongInfo/ChapterSongItem types expose chapterCode, songs and songsId; no serialized instance values or Track→Chapter foreign-key record was recovered",Assets/Tracks/AphroditesChildshortver.RUQOA.0/Illustration.jpg,Assets/Tracks/AphroditesChildshortver.RUQOA.0/music.wav,direct-track-folder-key,IL2CPP LevelInfo.level/difficulty and SongListItem.SetRating/SetRatingWithScore are UI/model candidates; no numeric per-track values recovered,partial-unresolved,,not-found-in-chart-json-or-targeted-metadata,medium,medium,phigros-track-records.csv; phigros-addressables-keys.csv; APK Addressables catalog,True,,structurally-nonempty,Assets/Tracks/AphroditesChildshortver.RUQOA.0/Chart_EZ.json,True,,structurally-nonempty,Assets/Tracks/AphroditesChildshortver.RUQOA.0/Chart_HD.json,True,,structurally-nonempty,Assets/Tracks/AphroditesChildshortver.RUQOA.0/Chart_IN.json,False,,absent,,False,,absent,
Assets/Tracks/Apocalypse.アリスシャッハと魔法の楽団.0/Illustration.jpg,Assets/Tracks/Apocalypse.アリスシャッハと魔法の楽団.0/,Apocalypse,アリスシャッハと魔法の楽団,0,phigros:trackpath=Assets/Tracks/Apocalypse.アリスシャッハと魔法の楽団.0/,Addressables primary-key path / Assets/Tracks folder,,,,structure-found-instance-relation-unresolved,"IL2CPP Chapter/ChapterSongInfo/ChapterSongItem types expose chapterCode, songs and songsId; no serialized instance values or Track→Chapter foreign-key record was recovered",Assets/Tracks/Apocalypse.アリスシャッハと魔法の楽団.0/Illustration.jpg,Assets/Tracks/Apocalypse.アリスシャッハと魔法の楽団.0/music.wav,direct-track-folder-key,IL2CPP LevelInfo.level/difficulty and SongListItem.SetRating/SetRatingWithScore are UI/model candidates; no numeric per-track values recovered,partial-unresolved,,not-found-in-chart-json-or-targeted-metadata,medium,medium,phigros-track-records.csv; phigros-addressables-keys.csv; APK Addressables catalog,True,,structurally-nonempty,Assets/Tracks/Apocalypse.アリスシャッハと魔法の楽団.0/Chart_EZ.json,True,,structurally-nonempty,Assets/Tracks/Apocalypse.アリスシャッハと魔法の楽団.0/Chart_HD.json,True,,structurally-nonempty,Assets/Tracks/Apocalypse.アリスシャッハと魔法の楽団.0/Chart_IN.json,False,,absent,,False,,absent,
Assets/Tracks/Apocalyptic.ZClaxxSumaiLight.0/Illustration.jpg,Assets/Tracks/Apocalyptic.ZClaxxSumaiLight.0/,Apocalyptic,ZClaxxSumaiLight,0,phigros:trackpath=Assets/Tracks/Apocalyptic.ZClaxxSumaiLight.0/,Addressables primary-key path / Assets/Tracks folder,,,,structure-found-instance-relation-unresolved,"IL2CPP Chapter/ChapterSongInfo/ChapterSongItem types expose chapterCode, songs and songsId; no serialized instance values or Track→Chapter foreign-key record was recovered",Assets/Tracks/Apocalyptic.ZClaxxSumaiLight.0/Illustration.jpg,Assets/Tracks/Apocalyptic.ZClaxxSumaiLight.0/music.wav,direct-track-folder-key,IL2CPP LevelInfo.level/difficulty and SongListItem.SetRating/SetRatingWithScore are UI/model candidates; no numeric per-track values recovered,partial-unresolved,,not-found-in-chart-json-or-targeted-metadata,medium,medium,phigros-track-records.csv; phigros-addressables-keys.csv; APK Addressables catalog,True,,structurally-nonempty,Assets/Tracks/Apocalyptic.ZClaxxSumaiLight.0/Chart_EZ.json,True,,structurally-nonempty,Assets/Tracks/Apocalyptic.ZClaxxSumaiLight.0/Chart_HD.json,True,,structurally-nonempty,Assets/Tracks/Apocalyptic.ZClaxxSumaiLight.0/Chart_IN.json,False,,absent,,False,,absent,
Assets/Tracks/Archidoxen.Se_IRA.0/Illustration.jpg,Assets/Tracks/Archidoxen.Se_IRA.0/,Archidoxen,Se_IRA,0,phigros:trackpath=Assets/Tracks/Archidoxen.Se_IRA.0/,Addressables primary-key path / Assets/Tracks folder,,,,structure-found-instance-relation-unresolved,"IL2CPP Chapter/ChapterSongInfo/ChapterSongItem types expose chapterCode, songs and songsId; no serialized instance values or Track→Chapter foreign-key record was recovered",Assets/Tracks/Archidoxen.Se_IRA.0/Illustration.jpg,Assets/Tracks/Archidoxen.Se_IRA.0/music.wav,direct-track-folder-key,IL2CPP LevelInfo.level/difficulty and SongListItem.SetRating/SetRatingWithScore are UI/model candidates; no numeric per-track values recovered,partial-unresolved,,not-found-in-chart-json-or-targeted-metadata,medium,medium,phigros-track-records.csv; phigros-addressables-keys.csv; APK Addressables catalog,True,,structurally-nonempty,Assets/Tracks/Archidoxen.Se_IRA.0/Chart_EZ.json,True,,structurally-nonempty,Assets/Tracks/Archidoxen.Se_IRA.0/Chart_HD.json,True,,structurally-nonempty,Assets/Tracks/Archidoxen.Se_IRA.0/Chart_IN.json,False,,absent,,False,,absent,
Assets/Tracks/Ark.kanoryo.0/Illustration.jpg,Assets/Tracks/Ark.kanoryo.0/,Ark,kanoryo,0,phigros:trackpath=Assets/Tracks/Ark.kanoryo.0/,Addressables primary-key path / Assets/Tracks folder,,,,structure-found-instance-relation-unresolved,"IL2CPP Chapter/ChapterSongInfo/ChapterSongItem types expose chapterCode, songs and songsId; no serialized instance values or Track→Chapter foreign-key record was recovered",Assets/Tracks/Ark.kanoryo.0/Illustration.jpg,Assets/Tracks/Ark.kanoryo.0/music.wav,direct-track-folder-key,IL2CPP LevelInfo.level/difficulty and SongListItem.SetRating/SetRatingWithScore are UI/model candidates; no numeric per-track values recovered,partial-unresolved,,not-found-in-chart-json-or-targeted-metadata,medium,medium,phigros-track-records.csv; phigros-addressables-keys.csv; APK Addressables catalog,True,,structurally-nonempty,Assets/Tracks/Ark.kanoryo.0/Chart_EZ.json,True,,structurally-nonempty,Assets/Tracks/Ark.kanoryo.0/Chart_HD.json,True,,structurally-nonempty,Assets/Tracks/Ark.kanoryo.0/Chart_IN.json,True,,structurally-nonempty,Assets/Tracks/Ark.kanoryo.0/Chart_AT.json,False,,absent,
Assets/Tracks/Arkhei.SeraAmagi.0/Illustration.jpg,Assets/Tracks/Arkhei.SeraAmagi.0/,Arkhei,SeraAmagi,0,phigros:trackpath=Assets/Tracks/Arkhei.SeraAmagi.0/,Addressables primary-key path / Assets/Tracks folder,,,,structure-found-instance-relation-unresolved,"IL2CPP Chapter/ChapterSongInfo/ChapterSongItem types expose chapterCode, songs and songsId; no serialized instance values or Track→Chapter foreign-key record was recovered",Assets/Tracks/Arkhei.SeraAmagi.0/Illustration.jpg,Assets/Tracks/Arkhei.SeraAmagi.0/music.wav,direct-track-folder-key,IL2CPP LevelInfo.level/difficulty and SongListItem.SetRating/SetRatingWithScore are UI/model candidates; no numeric per-track values recovered,partial-unresolved,,not-found-in-chart-json-or-targeted-metadata,medium,medium,phigros-track-records.csv; phigros-addressables-keys.csv; APK Addressables catalog,True,,structurally-nonempty,Assets/Tracks/Arkhei.SeraAmagi.0/Chart_EZ.json,True,,structurally-nonempty,Assets/Tracks/Arkhei.SeraAmagi.0/Chart_HD.json,True,,structurally-nonempty,Assets/Tracks/Arkhei.SeraAmagi.0/Chart_IN.json,False,,absent,,False,,absent,
Assets/Tracks/ArtificialExistence.JunKuroda.0/Illustration.jpg,Assets/Tracks/ArtificialExistence.JunKuroda.0/,ArtificialExistence,JunKuroda,0,phigros:trackpath=Assets/Tracks/ArtificialExistence.JunKuroda.0/,Addressables primary-key path / Assets/Tracks folder,,,,structure-found-instance-relation-unresolved,"IL2CPP Chapter/ChapterSongInfo/ChapterSongItem types expose chapterCode, songs and songsId; no serialized instance values or Track→Chapter foreign-key record was recovered",Assets/Tracks/ArtificialExistence.JunKuroda.0/Illustration.jpg,Assets/Tracks/ArtificialExistence.JunKuroda.0/music.wav,direct-track-folder-key,IL2CPP LevelInfo.level/difficulty and SongListItem.SetRating/SetRatingWithScore are UI/model candidates; no numeric per-track values recovered,partial-unresolved,,not-found-in-chart-json-or-targeted-metadata,medium,medium,phigros-track-records.csv; phigros-addressables-keys.csv; APK Addressables catalog,True,,structurally-nonempty,Assets/Tracks/ArtificialExistence.JunKuroda.0/Chart_EZ.json,True,,structurally-nonempty,Assets/Tracks/ArtificialExistence.JunKuroda.0/Chart_HD.json,True,,structurally-nonempty,Assets/Tracks/ArtificialExistence.JunKuroda.0/Chart_IN.json,False,,absent,,False,,absent,
Assets/Tracks/AvataarReincarnationofKalpa.ScarletteakaCrYmson.0/Illustration.jpg,Assets/Tracks/AvataarReincarnationofKalpa.ScarletteakaCrYmson.0/,AvataarReincarnationofKalpa,ScarletteakaCrYmson,0,phigros:trackpath=Assets/Tracks/AvataarReincarnationofKalpa.ScarletteakaCrYmson.0/,Addressables primary-key path / Assets/Tracks folder,,,,structure-found-instance-relation-unresolved,"IL2CPP Chapter/ChapterSongInfo/ChapterSongItem types expose chapterCode, songs and songsId; no serialized instance values or Track→Chapter foreign-key record was recovered",Assets/Tracks/AvataarReincarnationofKalpa.ScarletteakaCrYmson.0/Illustration.jpg,Assets/Tracks/AvataarReincarnationofKalpa.ScarletteakaCrYmson.0/music.wav,direct-track-folder-key,IL2CPP LevelInfo.level/difficulty and SongListItem.SetRating/SetRatingWithScore are UI/model candidates; no numeric per-track values recovered,partial-unresolved,,not-found-in-chart-json-or-targeted-metadata,medium,medium,phigros-track-records.csv; phigros-addressables-keys.csv; APK Addressables catalog,True,,structurally-nonempty,Assets/Tracks/AvataarReincarnationofKalpa.ScarletteakaCrYmson.0/Chart_EZ.json,True,,structurally-nonempty,Assets/Tracks/AvataarReincarnationofKalpa.ScarletteakaCrYmson.0/Chart_HD.json,True,,structurally-nonempty,Assets/Tracks/AvataarReincarnationofKalpa.ScarletteakaCrYmson.0/Chart_IN.json,True,,structurally-nonempty,Assets/Tracks/AvataarReincarnationofKalpa.ScarletteakaCrYmson.0/Chart_AT.json,False,,absent,
Assets/Tracks/Aventyr.GrandThawRigelTheatre.0/Illustration.jpg,Assets/Tracks/Aventyr.GrandThawRigelTheatre.0/,Aventyr,GrandThawRigelTheatre,0,phigros:trackpath=Assets/Tracks/Aventyr.GrandThawRigelTheatre.0/,Addressables primary-key path / Assets/Tracks folder,,,,structure-found-instance-relation-unresolved,"IL2CPP Chapter/ChapterSongInfo/ChapterSongItem types expose chapterCode, songs and songsId; no serialized instance values or Track→Chapter foreign-key record was recovered",Assets/Tracks/Aventyr.GrandThawRigelTheatre.0/Illustration.jpg,Assets/Tracks/Aventyr.GrandThawRigelTheatre.0/music.wav,direct-track-folder-key,IL2CPP LevelInfo.level/difficulty and SongListItem.SetRating/SetRatingWithScore are UI/model candidates; no numeric per-track values recovered,partial-unresolved,,not-found-in-chart-json-or-targeted-metadata,medium,medium,phigros-track-records.csv; phigros-addressables-keys.csv; APK Addressables catalog,True,,structurally-nonempty,Assets/Tracks/Aventyr.GrandThawRigelTheatre.0/Chart_EZ.json,True,,structurally-nonempty,Assets/Tracks/Aventyr.GrandThawRigelTheatre.0/Chart_HD.json,True,,structurally-nonempty,Assets/Tracks/Aventyr.GrandThawRigelTheatre.0/Chart_IN.json,False,,absent,,False,,absent,
Assets/Tracks/BANGINGSTRIKE.DewPleiades.0/Illustration.jpg,Assets/Tracks/BANGINGSTRIKE.DewPleiades.0/,BANGINGSTRIKE,DewPleiades,0,phigros:trackpath=Assets/Tracks/BANGINGSTRIKE.DewPleiades.0/,Addressables primary-key path / Assets/Tracks folder,,,,structure-found-instance-relation-unresolved,"IL2CPP Chapter/ChapterSongInfo/ChapterSongItem types expose chapterCode, songs and songsId; no serialized instance values or Track→Chapter foreign-key record was recovered",Assets/Tracks/BANGINGSTRIKE.DewPleiades.0/Illustration.jpg,Assets/Tracks/BANGINGSTRIKE.DewPleiades.0/music.wav,direct-track-folder-key,IL2CPP LevelInfo.level/difficulty and SongListItem.SetRating/SetRatingWithScore are UI/model candidates; no numeric per-track values recovered,partial-unresolved,,not-found-in-chart-json-or-targeted-metadata,medium,medium,phigros-track-records.csv; phigros-addressables-keys.csv; APK Addressables catalog,True,,structurally-nonempty,Assets/Tracks/BANGINGSTRIKE.DewPleiades.0/Chart_EZ.json,True,,structurally-nonempty,Assets/Tracks/BANGINGSTRIKE.DewPleiades.0/Chart_HD.json,True,,structurally-nonempty,Assets/Tracks/BANGINGSTRIKE.DewPleiades.0/Chart_IN.json,True,,structurally-nonempty,Assets/Tracks/BANGINGSTRIKE.DewPleiades.0/Chart_AT.json,False,,absent,
Assets/Tracks/BRAINHACKER.SOMON.0/Illustration.jpg,Assets/Tracks/BRAINHACKER.SOMON.0/,BRAINHACKER,SOMON,0,phigros:trackpath=Assets/Tracks/BRAINHACKER.SOMON.0/,Addressables primary-key path / Assets/Tracks folder,,,,structure-found-instance-relation-unresolved,"IL2CPP Chapter/ChapterSongInfo/ChapterSongItem types expose chapterCode, songs and songsId; no serialized instance values or Track→Chapter foreign-key record was recovered",Assets/Tracks/BRAINHACKER.SOMON.0/Illustration.jpg,Assets/Tracks/BRAINHACKER.SOMON.0/music.wav,direct-track-folder-key,IL2CPP LevelInfo.level/difficulty and SongListItem.SetRating/SetRatingWithScore are UI/model candidates; no numeric per-track values recovered,partial-unresolved,,not-found-in-chart-json-or-targeted-metadata,medium,medium,phigros-track-records.csv; phigros-addressables-keys.csv; APK Addressables catalog,True,,structurally-nonempty,Assets/Tracks/BRAINHACKER.SOMON.0/Chart_EZ.json,True,,structurally-nonempty,Assets/Tracks/BRAINHACKER.SOMON.0/Chart_HD.json,True,,structurally-nonempty,Assets/Tracks/BRAINHACKER.SOMON.0/Chart_IN.json,False,,absent,,False,,absent,
Assets/Tracks/BelieveLightfeat果丸哒呦.ScalerMestie果丸哒呦.0/Illustration.jpg,Assets/Tracks/BelieveLightfeat果丸哒呦.ScalerMestie果丸哒呦.0/,BelieveLightfeat果丸哒呦,ScalerMestie果丸哒呦,0,phigros:trackpath=Assets/Tracks/BelieveLightfeat果丸哒呦.ScalerMestie果丸哒呦.0/,Addressables primary-key path / Assets/Tracks folder,,,,structure-found-instance-relation-unresolved,"IL2CPP Chapter/ChapterSongInfo/ChapterSongItem types expose chapterCode, songs and songsId; no serialized instance values or Track→Chapter foreign-key record was recovered",Assets/Tracks/BelieveLightfeat果丸哒呦.ScalerMestie果丸哒呦.0/Illustration.jpg,Assets/Tracks/BelieveLightfeat果丸哒呦.ScalerMestie果丸哒呦.0/music.wav,direct-track-folder-key,IL2CPP LevelInfo.level/difficulty and SongListItem.SetRating/SetRatingWithScore are UI/model candidates; no numeric per-track values recovered,partial-unresolved,,not-found-in-chart-json-or-targeted-metadata,medium,medium,phigros-track-records.csv; phigros-addressables-keys.csv; APK Addressables catalog,True,,structurally-nonempty,Assets/Tracks/BelieveLightfeat果丸哒呦.ScalerMestie果丸哒呦.0/Chart_EZ.json,True,,structurally-nonempty,Assets/Tracks/BelieveLightfeat果丸哒呦.ScalerMestie果丸哒呦.0/Chart_HD.json,True,,structurally-nonempty,Assets/Tracks/BelieveLightfeat果丸哒呦.ScalerMestie果丸哒呦.0/Chart_IN.json,False,,absent,,False,,absent,
Assets/Tracks/BetterGraphicAnimation.ルゼ.0/Illustration.jpg,Assets/Tracks/BetterGraphicAnimation.ルゼ.0/,BetterGraphicAnimation,ルゼ,0,phigros:trackpath=Assets/Tracks/BetterGraphicAnimation.ルゼ.0/,Addressables primary-key path / Assets/Tracks folder,,,,structure-found-instance-relation-unresolved,"IL2CPP Chapter/ChapterSongInfo/ChapterSongItem types expose chapterCode, songs and songsId; no serialized instance values or Track→Chapter foreign-key record was recovered",Assets/Tracks/BetterGraphicAnimation.ルゼ.0/Illustration.jpg,Assets/Tracks/BetterGraphicAnimation.ルゼ.0/music.wav,direct-track-folder-key,IL2CPP LevelInfo.level/difficulty and SongListItem.SetRating/SetRatingWithScore are UI/model candidates; no numeric per-track values recovered,partial-unresolved,,not-found-in-chart-json-or-targeted-metadata,medium,medium,phigros-track-records.csv; phigros-addressables-keys.csv; APK Addressables catalog,True,,structurally-nonempty,Assets/Tracks/BetterGraphicAnimation.ルゼ.0/Chart_EZ.json,True,,structurally-nonempty,Assets/Tracks/BetterGraphicAnimation.ルゼ.0/Chart_HD.json,True,,structurally-nonempty,Assets/Tracks/BetterGraphicAnimation.ルゼ.0/Chart_IN.json,False,,absent,,False,,absent,
Assets/Tracks/Bitterblossom.imvi.0/Illustration.jpg,Assets/Tracks/Bitterblossom.imvi.0/,Bitterblossom,imvi,0,phigros:trackpath=Assets/Tracks/Bitterblossom.imvi.0/,Addressables primary-key path / Assets/Tracks folder,,,,structure-found-instance-relation-unresolved,"IL2CPP Chapter/ChapterSongInfo/ChapterSongItem types expose chapterCode, songs and songsId; no serialized instance values or Track→Chapter foreign-key record was recovered",Assets/Tracks/Bitterblossom.imvi.0/Illustration.jpg,Assets/Tracks/Bitterblossom.imvi.0/music.wav,direct-track-folder-key,IL2CPP LevelInfo.level/difficulty and SongListItem.SetRating/SetRatingWithScore are UI/model candidates; no numeric per-track values recovered,partial-unresolved,,not-found-in-chart-json-or-targeted-metadata,medium,medium,phigros-track-records.csv; phigros-addressables-keys.csv; APK Addressables catalog,True,,structurally-nonempty,Assets/Tracks/Bitterblossom.imvi.0/Chart_EZ.json,True,,structurally-nonempty,Assets/Tracks/Bitterblossom.imvi.0/Chart_HD.json,True,,structurally-nonempty,Assets/Tracks/Bitterblossom.imvi.0/Chart_IN.json,False,,absent,,False,,absent,
Assets/Tracks/Bloom.targ麻团qwq.0/Illustration.jpg,Assets/Tracks/Bloom.targ麻团qwq.0/,Bloom,targ麻团qwq,0,phigros:trackpath=Assets/Tracks/Bloom.targ麻团qwq.0/,Addressables primary-key path / Assets/Tracks folder,,,,structure-found-instance-relation-unresolved,"IL2CPP Chapter/ChapterSongInfo/ChapterSongItem types expose chapterCode, songs and songsId; no serialized instance values or Track→Chapter foreign-key record was recovered",Assets/Tracks/Bloom.targ麻团qwq.0/Illustration.jpg,Assets/Tracks/Bloom.targ麻团qwq.0/music.wav,direct-track-folder-key,IL2CPP LevelInfo.level/difficulty and SongListItem.SetRating/SetRatingWithScore are UI/model candidates; no numeric per-track values recovered,partial-unresolved,,not-found-in-chart-json-or-targeted-metadata,medium,medium,phigros-track-records.csv; phigros-addressables-keys.csv; APK Addressables catalog,True,,structurally-nonempty,Assets/Tracks/Bloom.targ麻团qwq.0/Chart_EZ.json,True,,structurally-nonempty,Assets/Tracks/Bloom.targ麻团qwq.0/Chart_HD.json,True,,structurally-nonempty,Assets/Tracks/Bloom.targ麻团qwq.0/Chart_IN.json,False,,absent,,False,,absent,
Assets/Tracks/BonusTime.MegaloPaleWhite.0/Illustration.jpg,Assets/Tracks/BonusTime.MegaloPaleWhite.0/,BonusTime,MegaloPaleWhite,0,phigros:trackpath=Assets/Tracks/BonusTime.MegaloPaleWhite.0/,Addressables primary-key path / Assets/Tracks folder,,,,structure-found-instance-relation-unresolved,"IL2CPP Chapter/ChapterSongInfo/ChapterSongItem types expose chapterCode, songs and songsId; no serialized instance values or Track→Chapter foreign-key record was recovered",Assets/Tracks/BonusTime.MegaloPaleWhite.0/Illustration.jpg,Assets/Tracks/BonusTime.MegaloPaleWhite.0/music.wav,direct-track-folder-key,IL2CPP LevelInfo.level/difficulty and SongListItem.SetRating/SetRatingWithScore are UI/model candidates; no numeric per-track values recovered,partial-unresolved,,not-found-in-chart-json-or-targeted-metadata,medium,medium,phigros-track-records.csv; phigros-addressables-keys.csv; APK Addressables catalog,True,,structurally-nonempty,Assets/Tracks/BonusTime.MegaloPaleWhite.0/Chart_EZ.json,True,,structurally-nonempty,Assets/Tracks/BonusTime.MegaloPaleWhite.0/Chart_HD.json,True,,structurally-nonempty,Assets/Tracks/BonusTime.MegaloPaleWhite.0/Chart_IN.json,False,,absent,,False,,absent,
Assets/Tracks/Bougainvillea.Jade.0/Illustration.jpg,Assets/Tracks/Bougainvillea.Jade.0/,Bougainvillea,Jade,0,phigros:trackpath=Assets/Tracks/Bougainvillea.Jade.0/,Addressables primary-key path / Assets/Tracks folder,,,,structure-found-instance-relation-unresolved,"IL2CPP Chapter/ChapterSongInfo/ChapterSongItem types expose chapterCode, songs and songsId; no serialized instance values or Track→Chapter foreign-key record was recovered",Assets/Tracks/Bougainvillea.Jade.0/Illustration.jpg,Assets/Tracks/Bougainvillea.Jade.0/music.wav,direct-track-folder-key,IL2CPP LevelInfo.level/difficulty and SongListItem.SetRating/SetRatingWithScore are UI/model candidates; no numeric per-track values recovered,partial-unresolved,,not-found-in-chart-json-or-targeted-metadata,medium,medium,phigros-track-records.csv; phigros-addressables-keys.csv; APK Addressables catalog,True,,structurally-nonempty,Assets/Tracks/Bougainvillea.Jade.0/Chart_EZ.json,True,,structurally-nonempty,Assets/Tracks/Bougainvillea.Jade.0/Chart_HD.json,True,,structurally-nonempty,Assets/Tracks/Bougainvillea.Jade.0/Chart_IN.json,False,,absent,,False,,absent,
Assets/Tracks/BoundedQuietude.FiniteLimitvsSiLiS.0/Illustration.jpg,Assets/Tracks/BoundedQuietude.FiniteLimitvsSiLiS.0/,BoundedQuietude,FiniteLimitvsSiLiS,0,phigros:trackpath=Assets/Tracks/BoundedQuietude.FiniteLimitvsSiLiS.0/,Addressables primary-key path / Assets/Tracks folder,,,,structure-found-instance-relation-unresolved,"IL2CPP Chapter/ChapterSongInfo/ChapterSongItem types expose chapterCode, songs and songsId; no serialized instance values or Track→Chapter foreign-key record was recovered",Assets/Tracks/BoundedQuietude.FiniteLimitvsSiLiS.0/Illustration.jpg,Assets/Tracks/BoundedQuietude.FiniteLimitvsSiLiS.0/music.wav,direct-track-folder-key,IL2CPP LevelInfo.level/difficulty and SongListItem.SetRating/SetRatingWithScore are UI/model candidates; no numeric per-track values recovered,partial-unresolved,,not-found-in-chart-json-or-targeted-metadata,medium,medium,phigros-track-records.csv; phigros-addressables-keys.csv; APK Addressables catalog,True,,structurally-nonempty,Assets/Tracks/BoundedQuietude.FiniteLimitvsSiLiS.0/Chart_EZ.json,True,,structurally-nonempty,Assets/Tracks/BoundedQuietude.FiniteLimitvsSiLiS.0/Chart_HD.json,True,,structurally-nonempty,Assets/Tracks/BoundedQuietude.FiniteLimitvsSiLiS.0/Chart_IN.json,False,,absent,,False,,absent,
Assets/Tracks/BraveNotes.TurquoiseDRIVENota.0/Illustration.jpg,Assets/Tracks/BraveNotes.TurquoiseDRIVENota.0/,BraveNotes,TurquoiseDRIVENota,0,phigros:trackpath=Assets/Tracks/BraveNotes.TurquoiseDRIVENota.0/,Addressables primary-key path / Assets/Tracks folder,,,,structure-found-instance-relation-unresolved,"IL2CPP Chapter/ChapterSongInfo/ChapterSongItem types expose chapterCode, songs and songsId; no serialized instance values or Track→Chapter foreign-key record was recovered",Assets/Tracks/BraveNotes.TurquoiseDRIVENota.0/Illustration.jpg,Assets/Tracks/BraveNotes.TurquoiseDRIVENota.0/music.wav,direct-track-folder-key,IL2CPP LevelInfo.level/difficulty and SongListItem.SetRating/SetRatingWithScore are UI/model candidates; no numeric per-track values recovered,partial-unresolved,,not-found-in-chart-json-or-targeted-metadata,medium,medium,phigros-track-records.csv; phigros-addressables-keys.csv; APK Addressables catalog,True,,structurally-nonempty,Assets/Tracks/BraveNotes.TurquoiseDRIVENota.0/Chart_EZ.json,True,,structurally-nonempty,Assets/Tracks/BraveNotes.TurquoiseDRIVENota.0/Chart_HD.json,True,,structurally-nonempty,Assets/Tracks/BraveNotes.TurquoiseDRIVENota.0/Chart_IN.json,False,,absent,,False,,absent,
Assets/Tracks/BreakOver.Kforest.0/Illustration.jpg,Assets/Tracks/BreakOver.Kforest.0/,BreakOver,Kforest,0,phigros:trackpath=Assets/Tracks/BreakOver.Kforest.0/,Addressables primary-key path / Assets/Tracks folder,,,,structure-found-instance-relation-unresolved,"IL2CPP Chapter/ChapterSongInfo/ChapterSongItem types expose chapterCode, songs and songsId; no serialized instance values or Track→Chapter foreign-key record was recovered",Assets/Tracks/BreakOver.Kforest.0/Illustration.jpg,Assets/Tracks/BreakOver.Kforest.0/music.wav,direct-track-folder-key,IL2CPP LevelInfo.level/difficulty and SongListItem.SetRating/SetRatingWithScore are UI/model candidates; no numeric per-track values recovered,partial-unresolved,,not-found-in-chart-json-or-targeted-metadata,medium,medium,phigros-track-records.csv; phigros-addressables-keys.csv; APK Addressables catalog,True,,structurally-nonempty,Assets/Tracks/BreakOver.Kforest.0/Chart_EZ.json,True,,structurally-nonempty,Assets/Tracks/BreakOver.Kforest.0/Chart_HD.json,True,,structurally-nonempty,Assets/Tracks/BreakOver.Kforest.0/Chart_IN.json,True,,structurally-nonempty,Assets/Tracks/BreakOver.Kforest.0/Chart_AT.json,False,,absent,
Assets/Tracks/BreakThroughTheBarrier.lixound.0/Illustration.jpg,Assets/Tracks/BreakThroughTheBarrier.lixound.0/,BreakThroughTheBarrier,lixound,0,phigros:trackpath=Assets/Tracks/BreakThroughTheBarrier.lixound.0/,Addressables primary-key path / Assets/Tracks folder,,,,structure-found-instance-relation-unresolved,"IL2CPP Chapter/ChapterSongInfo/ChapterSongItem types expose chapterCode, songs and songsId; no serialized instance values or Track→Chapter foreign-key record was recovered",Assets/Tracks/BreakThroughTheBarrier.lixound.0/Illustration.jpg,Assets/Tracks/BreakThroughTheBarrier.lixound.0/music.wav,direct-track-folder-key,IL2CPP LevelInfo.level/difficulty and SongListItem.SetRating/SetRatingWithScore are UI/model candidates; no numeric per-track values recovered,partial-unresolved,,not-found-in-chart-json-or-targeted-metadata,medium,medium,phigros-track-records.csv; phigros-addressables-keys.csv; APK Addressables catalog,True,,structurally-nonempty,Assets/Tracks/BreakThroughTheBarrier.lixound.0/Chart_EZ.json,True,,structurally-nonempty,Assets/Tracks/BreakThroughTheBarrier.lixound.0/Chart_HD.json,True,,structurally-nonempty,Assets/Tracks/BreakThroughTheBarrier.lixound.0/Chart_IN.json,False,,absent,,True,,structurally-nonempty,Assets/Tracks/BreakThroughTheBarrier.lixound.0/Chart_Legacy.json
Assets/Tracks/BrokenSky.JungoMAX3feat刘佳宜Snow幻影刃shadow.0/Illustration.jpg,Assets/Tracks/BrokenSky.JungoMAX3feat刘佳宜Snow幻影刃shadow.0/,BrokenSky,JungoMAX3feat刘佳宜Snow幻影刃shadow,0,phigros:trackpath=Assets/Tracks/BrokenSky.JungoMAX3feat刘佳宜Snow幻影刃shadow.0/,Addressables primary-key path / Assets/Tracks folder,,,,structure-found-instance-relation-unresolved,"IL2CPP Chapter/ChapterSongInfo/ChapterSongItem types expose chapterCode, songs and songsId; no serialized instance values or Track→Chapter foreign-key record was recovered",Assets/Tracks/BrokenSky.JungoMAX3feat刘佳宜Snow幻影刃shadow.0/Illustration.jpg,Assets/Tracks/BrokenSky.JungoMAX3feat刘佳宜Snow幻影刃shadow.0/music.wav,direct-track-folder-key,IL2CPP LevelInfo.level/difficulty and SongListItem.SetRating/SetRatingWithScore are UI/model candidates; no numeric per-track values recovered,partial-unresolved,,not-found-in-chart-json-or-targeted-metadata,medium,medium,phigros-track-records.csv; phigros-addressables-keys.csv; APK Addressables catalog,True,,structurally-nonempty,Assets/Tracks/BrokenSky.JungoMAX3feat刘佳宜Snow幻影刃shadow.0/Chart_EZ.json,True,,structurally-nonempty,Assets/Tracks/BrokenSky.JungoMAX3feat刘佳宜Snow幻影刃shadow.0/Chart_HD.json,True,,structurally-nonempty,Assets/Tracks/BrokenSky.JungoMAX3feat刘佳宜Snow幻影刃shadow.0/Chart_IN.json,False,,absent,,False,,absent,
Assets/Tracks/Burn.NceS.0/Illustration.jpg,Assets/Tracks/Burn.NceS.0/,Burn,NceS,0,phigros:trackpath=Assets/Tracks/Burn.NceS.0/,Addressables primary-key path / Assets/Tracks folder,,,,structure-found-instance-relation-unresolved,"IL2CPP Chapter/ChapterSongInfo/ChapterSongItem types expose chapterCode, songs and songsId; no serialized instance values or Track→Chapter foreign-key record was recovered",Assets/Tracks/Burn.NceS.0/Illustration.jpg,Assets/Tracks/Burn.NceS.0/music.wav,direct-track-folder-key,IL2CPP LevelInfo.level/difficulty and SongListItem.SetRating/SetRatingWithScore are UI/model candidates; no numeric per-track values recovered,partial-unresolved,,not-found-in-chart-json-or-targeted-metadata,medium,medium,phigros-track-records.csv; phigros-addressables-keys.csv; APK Addressables catalog,True,,structurally-nonempty,Assets/Tracks/Burn.NceS.0/Chart_EZ.json,True,,structurally-nonempty,Assets/Tracks/Burn.NceS.0/Chart_HD.json,True,,structurally-nonempty,Assets/Tracks/Burn.NceS.0/Chart_IN.json,False,,absent,,False,,absent,
Assets/Tracks/CROSSSOUL.HyuNfeatSyepias.0/Illustration.jpg,Assets/Tracks/CROSSSOUL.HyuNfeatSyepias.0/,CROSSSOUL,HyuNfeatSyepias,0,phigros:trackpath=Assets/Tracks/CROSSSOUL.HyuNfeatSyepias.0/,Addressables primary-key path / Assets/Tracks folder,,,,structure-found-instance-relation-unresolved,"IL2CPP Chapter/ChapterSongInfo/ChapterSongItem types expose chapterCode, songs and songsId; no serialized instance values or Track→Chapter foreign-key record was recovered",Assets/Tracks/CROSSSOUL.HyuNfeatSyepias.0/Illustration.jpg,Assets/Tracks/CROSSSOUL.HyuNfeatSyepias.0/music.wav,direct-track-folder-key,IL2CPP LevelInfo.level/difficulty and SongListItem.SetRating/SetRatingWithScore are UI/model candidates; no numeric per-track values recovered,partial-unresolved,,not-found-in-chart-json-or-targeted-metadata,medium,medium,phigros-track-records.csv; phigros-addressables-keys.csv; APK Addressables catalog,True,,structurally-nonempty,Assets/Tracks/CROSSSOUL.HyuNfeatSyepias.0/Chart_EZ.json,True,,structurally-nonempty,Assets/Tracks/CROSSSOUL.HyuNfeatSyepias.0/Chart_HD.json,True,,structurally-nonempty,Assets/Tracks/CROSSSOUL.HyuNfeatSyepias.0/Chart_IN.json,False,,absent,,False,,absent,
Assets/Tracks/Cereris.SunsetRayNceS.0/Illustration.jpg,Assets/Tracks/Cereris.SunsetRayNceS.0/,Cereris,SunsetRayNceS,0,phigros:trackpath=Assets/Tracks/Cereris.SunsetRayNceS.0/,Addressables primary-key path / Assets/Tracks folder,,,,structure-found-instance-relation-unresolved,"IL2CPP Chapter/ChapterSongInfo/ChapterSongItem types expose chapterCode, songs and songsId; no serialized instance values or Track→Chapter foreign-key record was recovered",Assets/Tracks/Cereris.SunsetRayNceS.0/Illustration.jpg,Assets/Tracks/Cereris.SunsetRayNceS.0/music.wav,direct-track-folder-key,IL2CPP LevelInfo.level/difficulty and SongListItem.SetRating/SetRatingWithScore are UI/model candidates; no numeric per-track values recovered,partial-unresolved,,not-found-in-chart-json-or-targeted-metadata,medium,medium,phigros-track-records.csv; phigros-addressables-keys.csv; APK Addressables catalog,True,,structurally-nonempty,Assets/Tracks/Cereris.SunsetRayNceS.0/Chart_EZ.json,True,,structurally-nonempty,Assets/Tracks/Cereris.SunsetRayNceS.0/Chart_HD.json,True,,structurally-nonempty,Assets/Tracks/Cereris.SunsetRayNceS.0/Chart_IN.json,False,,absent,,False,,absent,
Assets/Tracks/CervelleConnexion.SCTL.0/Illustration.jpg,Assets/Tracks/CervelleConnexion.SCTL.0/,CervelleConnexion,SCTL,0,phigros:trackpath=Assets/Tracks/CervelleConnexion.SCTL.0/,Addressables primary-key path / Assets/Tracks folder,,,,structure-found-instance-relation-unresolved,"IL2CPP Chapter/ChapterSongInfo/ChapterSongItem types expose chapterCode, songs and songsId; no serialized instance values or Track→Chapter foreign-key record was recovered",Assets/Tracks/CervelleConnexion.SCTL.0/Illustration.jpg,Assets/Tracks/CervelleConnexion.SCTL.0/music.wav,direct-track-folder-key,IL2CPP LevelInfo.level/difficulty and SongListItem.SetRating/SetRatingWithScore are UI/model candidates; no numeric per-track values recovered,partial-unresolved,,not-found-in-chart-json-or-targeted-metadata,medium,medium,phigros-track-records.csv; phigros-addressables-keys.csv; APK Addressables catalog,True,,structurally-nonempty,Assets/Tracks/CervelleConnexion.SCTL.0/Chart_EZ.json,True,,structurally-nonempty,Assets/Tracks/CervelleConnexion.SCTL.0/Chart_HD.json,True,,structurally-nonempty,Assets/Tracks/CervelleConnexion.SCTL.0/Chart_IN.json,False,,absent,,False,,absent,
Assets/Tracks/Chronologika.Hundotte.0/Illustration.jpg,Assets/Tracks/Chronologika.Hundotte.0/,Chronologika,Hundotte,0,phigros:trackpath=Assets/Tracks/Chronologika.Hundotte.0/,Addressables primary-key path / Assets/Tracks folder,,,,structure-found-instance-relation-unresolved,"IL2CPP Chapter/ChapterSongInfo/ChapterSongItem types expose chapterCode, songs and songsId; no serialized instance values or Track→Chapter foreign-key record was recovered",Assets/Tracks/Chronologika.Hundotte.0/Illustration.jpg,Assets/Tracks/Chronologika.Hundotte.0/music.wav,direct-track-folder-key,IL2CPP LevelInfo.level/difficulty and SongListItem.SetRating/SetRatingWithScore are UI/model candidates; no numeric per-track values recovered,partial-unresolved,,not-found-in-chart-json-or-targeted-metadata,medium,medium,phigros-track-records.csv; phigros-addressables-keys.csv; APK Addressables catalog,True,,structurally-nonempty,Assets/Tracks/Chronologika.Hundotte.0/Chart_EZ.json,True,,structurally-nonempty,Assets/Tracks/Chronologika.Hundotte.0/Chart_HD.json,True,,structurally-nonempty,Assets/Tracks/Chronologika.Hundotte.0/Chart_IN.json,False,,absent,,False,,absent,
Assets/Tracks/Chronomia.Lime.0/Illustration.jpg,Assets/Tracks/Chronomia.Lime.0/,Chronomia,Lime,0,phigros:trackpath=Assets/Tracks/Chronomia.Lime.0/,Addressables primary-key path / Assets/Tracks folder,,,,structure-found-instance-relation-unresolved,"IL2CPP Chapter/ChapterSongInfo/ChapterSongItem types expose chapterCode, songs and songsId; no serialized instance values or Track→Chapter foreign-key record was recovered",Assets/Tracks/Chronomia.Lime.0/Illustration.jpg,Assets/Tracks/Chronomia.Lime.0/music.wav,direct-track-folder-key,IL2CPP LevelInfo.level/difficulty and SongListItem.SetRating/SetRatingWithScore are UI/model candidates; no numeric per-track values recovered,partial-unresolved,,not-found-in-chart-json-or-targeted-metadata,medium,medium,phigros-track-records.csv; phigros-addressables-keys.csv; APK Addressables catalog,True,,structurally-nonempty,Assets/Tracks/Chronomia.Lime.0/Chart_EZ.json,True,,structurally-nonempty,Assets/Tracks/Chronomia.Lime.0/Chart_HD.json,True,,structurally-nonempty,Assets/Tracks/Chronomia.Lime.0/Chart_IN.json,False,,absent,,False,,absent,
Assets/Tracks/ChronosCollapseLaCampanella.SunsetRay.0/Illustration.jpg,Assets/Tracks/ChronosCollapseLaCampanella.SunsetRay.0/,ChronosCollapseLaCampanella,SunsetRay,0,phigros:trackpath=Assets/Tracks/ChronosCollapseLaCampanella.SunsetRay.0/,Addressables primary-key path / Assets/Tracks folder,,,,structure-found-instance-relation-unresolved,"IL2CPP Chapter/ChapterSongInfo/ChapterSongItem types expose chapterCode, songs and songsId; no serialized instance values or Track→Chapter foreign-key record was recovered",Assets/Tracks/ChronosCollapseLaCampanella.SunsetRay.0/Illustration.jpg,Assets/Tracks/ChronosCollapseLaCampanella.SunsetRay.0/music.wav,direct-track-folder-key,IL2CPP LevelInfo.level/difficulty and SongListItem.SetRating/SetRatingWithScore are UI/model candidates; no numeric per-track values recovered,partial-unresolved,,not-found-in-chart-json-or-targeted-metadata,medium,medium,phigros-track-records.csv; phigros-addressables-keys.csv; APK Addressables catalog,True,,structurally-nonempty,Assets/Tracks/ChronosCollapseLaCampanella.SunsetRay.0/Chart_EZ.json,True,,structurally-nonempty,Assets/Tracks/ChronosCollapseLaCampanella.SunsetRay.0/Chart_HD.json,True,,structurally-nonempty,Assets/Tracks/ChronosCollapseLaCampanella.SunsetRay.0/Chart_IN.json,False,,absent,,False,,absent,
Assets/Tracks/Chronostasis.黒皇帝.0/Illustration.jpg,Assets/Tracks/Chronostasis.黒皇帝.0/,Chronostasis,黒皇帝,0,phigros:trackpath=Assets/Tracks/Chronostasis.黒皇帝.0/,Addressables primary-key path / Assets/Tracks folder,,,,structure-found-instance-relation-unresolved,"IL2CPP Chapter/ChapterSongInfo/ChapterSongItem types expose chapterCode, songs and songsId; no serialized instance values or Track→Chapter foreign-key record was recovered",Assets/Tracks/Chronostasis.黒皇帝.0/Illustration.jpg,Assets/Tracks/Chronostasis.黒皇帝.0/music.wav,direct-track-folder-key,IL2CPP LevelInfo.level/difficulty and SongListItem.SetRating/SetRatingWithScore are UI/model candidates; no numeric per-track values recovered,partial-unresolved,,not-found-in-chart-json-or-targeted-metadata,medium,medium,phigros-track-records.csv; phigros-addressables-keys.csv; APK Addressables catalog,True,,structurally-nonempty,Assets/Tracks/Chronostasis.黒皇帝.0/Chart_EZ.json,True,,structurally-nonempty,Assets/Tracks/Chronostasis.黒皇帝.0/Chart_HD.json,True,,structurally-nonempty,Assets/Tracks/Chronostasis.黒皇帝.0/Chart_IN.json,False,,absent,,False,,absent,
Assets/Tracks/Cipher20.TetrajectoryfeatCtymax.0/Illustration.jpg,Assets/Tracks/Cipher20.TetrajectoryfeatCtymax.0/,Cipher20,TetrajectoryfeatCtymax,0,phigros:trackpath=Assets/Tracks/Cipher20.TetrajectoryfeatCtymax.0/,Addressables primary-key path / Assets/Tracks folder,,,,structure-found-instance-relation-unresolved,"IL2CPP Chapter/ChapterSongInfo/ChapterSongItem types expose chapterCode, songs and songsId; no serialized instance values or Track→Chapter foreign-key record was recovered",Assets/Tracks/Cipher20.TetrajectoryfeatCtymax.0/Illustration.jpg,Assets/Tracks/Cipher20.TetrajectoryfeatCtymax.0/music.wav,direct-track-folder-key,IL2CPP LevelInfo.level/difficulty and SongListItem.SetRating/SetRatingWithScore are UI/model candidates; no numeric per-track values recovered,partial-unresolved,,not-found-in-chart-json-or-targeted-metadata,medium,medium,phigros-track-records.csv; phigros-addressables-keys.csv; APK Addressables catalog,True,,structurally-nonempty,Assets/Tracks/Cipher20.TetrajectoryfeatCtymax.0/Chart_EZ.json,True,,structurally-nonempty,Assets/Tracks/Cipher20.TetrajectoryfeatCtymax.0/Chart_HD.json,True,,structurally-nonempty,Assets/Tracks/Cipher20.TetrajectoryfeatCtymax.0/Chart_IN.json,False,,absent,,False,,absent,
Assets/Tracks/ClassMemories.AntistarfeatCtymax.0/Illustration.jpg,Assets/Tracks/ClassMemories.AntistarfeatCtymax.0/,ClassMemories,AntistarfeatCtymax,0,phigros:trackpath=Assets/Tracks/ClassMemories.AntistarfeatCtymax.0/,Addressables primary-key path / Assets/Tracks folder,,,,structure-found-instance-relation-unresolved,"IL2CPP Chapter/ChapterSongInfo/ChapterSongItem types expose chapterCode, songs and songsId; no serialized instance values or Track→Chapter foreign-key record was recovered",Assets/Tracks/ClassMemories.AntistarfeatCtymax.0/Illustration.jpg,Assets/Tracks/ClassMemories.AntistarfeatCtymax.0/music.wav,direct-track-folder-key,IL2CPP LevelInfo.level/difficulty and SongListItem.SetRating/SetRatingWithScore are UI/model candidates; no numeric per-track values recovered,partial-unresolved,,not-found-in-chart-json-or-targeted-metadata,medium,medium,phigros-track-records.csv; phigros-addressables-keys.csv; APK Addressables catalog,True,,structurally-nonempty,Assets/Tracks/ClassMemories.AntistarfeatCtymax.0/Chart_EZ.json,True,,structurally-nonempty,Assets/Tracks/ClassMemories.AntistarfeatCtymax.0/Chart_HD.json,True,,structurally-nonempty,Assets/Tracks/ClassMemories.AntistarfeatCtymax.0/Chart_IN.json,False,,absent,,False,,absent,
Assets/Tracks/Cleyera.Riya.0/Illustration.jpg,Assets/Tracks/Cleyera.Riya.0/,Cleyera,Riya,0,phigros:trackpath=Assets/Tracks/Cleyera.Riya.0/,Addressables primary-key path / Assets/Tracks folder,,,,structure-found-instance-relation-unresolved,"IL2CPP Chapter/ChapterSongInfo/ChapterSongItem types expose chapterCode, songs and songsId; no serialized instance values or Track→Chapter foreign-key record was recovered",Assets/Tracks/Cleyera.Riya.0/Illustration.jpg,Assets/Tracks/Cleyera.Riya.0/music.wav,direct-track-folder-key,IL2CPP LevelInfo.level/difficulty and SongListItem.SetRating/SetRatingWithScore are UI/model candidates; no numeric per-track values recovered,partial-unresolved,,not-found-in-chart-json-or-targeted-metadata,medium,medium,phigros-track-records.csv; phigros-addressables-keys.csv; APK Addressables catalog,True,,structurally-nonempty,Assets/Tracks/Cleyera.Riya.0/Chart_EZ.json,True,,structurally-nonempty,Assets/Tracks/Cleyera.Riya.0/Chart_HD.json,True,,structurally-nonempty,Assets/Tracks/Cleyera.Riya.0/Chart_IN.json,False,,absent,,False,,absent,
Assets/Tracks/ClockParadox.WyvernP.0/Illustration.jpg,Assets/Tracks/ClockParadox.WyvernP.0/,ClockParadox,WyvernP,0,phigros:trackpath=Assets/Tracks/ClockParadox.WyvernP.0/,Addressables primary-key path / Assets/Tracks folder,,,,structure-found-instance-relation-unresolved,"IL2CPP Chapter/ChapterSongInfo/ChapterSongItem types expose chapterCode, songs and songsId; no serialized instance values or Track→Chapter foreign-key record was recovered",Assets/Tracks/ClockParadox.WyvernP.0/Illustration.jpg,Assets/Tracks/ClockParadox.WyvernP.0/music.wav,direct-track-folder-key,IL2CPP LevelInfo.level/difficulty and SongListItem.SetRating/SetRatingWithScore are UI/model candidates; no numeric per-track values recovered,partial-unresolved,,not-found-in-chart-json-or-targeted-metadata,medium,medium,phigros-track-records.csv; phigros-addressables-keys.csv; APK Addressables catalog,True,,structurally-nonempty,Assets/Tracks/ClockParadox.WyvernP.0/Chart_EZ.json,True,,structurally-nonempty,Assets/Tracks/ClockParadox.WyvernP.0/Chart_HD.json,True,,structurally-nonempty,Assets/Tracks/ClockParadox.WyvernP.0/Chart_IN.json,False,,absent,,False,,absent,
Assets/Tracks/ColorfulDays.P4koofeatつゆり花鈴.0/Illustration.jpg,Assets/Tracks/ColorfulDays.P4koofeatつゆり花鈴.0/,ColorfulDays,P4koofeatつゆり花鈴,0,phigros:trackpath=Assets/Tracks/ColorfulDays.P4koofeatつゆり花鈴.0/,Addressables primary-key path / Assets/Tracks folder,,,,structure-found-instance-relation-unresolved,"IL2CPP Chapter/ChapterSongInfo/ChapterSongItem types expose chapterCode, songs and songsId; no serialized instance values or Track→Chapter foreign-key record was recovered",Assets/Tracks/ColorfulDays.P4koofeatつゆり花鈴.0/Illustration.jpg,Assets/Tracks/ColorfulDays.P4koofeatつゆり花鈴.0/music.wav,direct-track-folder-key,IL2CPP LevelInfo.level/difficulty and SongListItem.SetRating/SetRatingWithScore are UI/model candidates; no numeric per-track values recovered,partial-unresolved,,not-found-in-chart-json-or-targeted-metadata,medium,medium,phigros-track-records.csv; phigros-addressables-keys.csv; APK Addressables catalog,True,,structurally-nonempty,Assets/Tracks/ColorfulDays.P4koofeatつゆり花鈴.0/Chart_EZ.json,True,,structurally-nonempty,Assets/Tracks/ColorfulDays.P4koofeatつゆり花鈴.0/Chart_HD.json,True,,structurally-nonempty,Assets/Tracks/ColorfulDays.P4koofeatつゆり花鈴.0/Chart_IN.json,False,,absent,,False,,absent,
Assets/Tracks/CometFeat符白牙.CNHKSS.0/Illustration.jpg,Assets/Tracks/CometFeat符白牙.CNHKSS.0/,CometFeat符白牙,CNHKSS,0,phigros:trackpath=Assets/Tracks/CometFeat符白牙.CNHKSS.0/,Addressables primary-key path / Assets/Tracks folder,,,,structure-found-instance-relation-unresolved,"IL2CPP Chapter/ChapterSongInfo/ChapterSongItem types expose chapterCode, songs and songsId; no serialized instance values or Track→Chapter foreign-key record was recovered",Assets/Tracks/CometFeat符白牙.CNHKSS.0/Illustration.jpg,Assets/Tracks/CometFeat符白牙.CNHKSS.0/music.wav,direct-track-folder-key,IL2CPP LevelInfo.level/difficulty and SongListItem.SetRating/SetRatingWithScore are UI/model candidates; no numeric per-track values recovered,partial-unresolved,,not-found-in-chart-json-or-targeted-metadata,medium,medium,phigros-track-records.csv; phigros-addressables-keys.csv; APK Addressables catalog,True,,structurally-nonempty,Assets/Tracks/CometFeat符白牙.CNHKSS.0/Chart_EZ.json,True,,structurally-nonempty,Assets/Tracks/CometFeat符白牙.CNHKSS.0/Chart_HD.json,True,,structurally-nonempty,Assets/Tracks/CometFeat符白牙.CNHKSS.0/Chart_IN.json,False,,absent,,False,,absent,
Assets/Tracks/ComputeItWithSomeDevilishAlcoholicSteampunkEngines.かめりあ.0/Illustration.jpg,Assets/Tracks/ComputeItWithSomeDevilishAlcoholicSteampunkEngines.かめりあ.0/,ComputeItWithSomeDevilishAlcoholicSteampunkEngines,かめりあ,0,phigros:trackpath=Assets/Tracks/ComputeItWithSomeDevilishAlcoholicSteampunkEngines.かめりあ.0/,Addressables primary-key path / Assets/Tracks folder,,,,structure-found-instance-relation-unresolved,"IL2CPP Chapter/ChapterSongInfo/ChapterSongItem types expose chapterCode, songs and songsId; no serialized instance values or Track→Chapter foreign-key record was recovered",Assets/Tracks/ComputeItWithSomeDevilishAlcoholicSteampunkEngines.かめりあ.0/Illustration.jpg,Assets/Tracks/ComputeItWithSomeDevilishAlcoholicSteampunkEngines.かめりあ.0/music.wav,direct-track-folder-key,IL2CPP LevelInfo.level/difficulty and SongListItem.SetRating/SetRatingWithScore are UI/model candidates; no numeric per-track values recovered,partial-unresolved,,not-found-in-chart-json-or-targeted-metadata,medium,medium,phigros-track-records.csv; phigros-addressables-keys.csv; APK Addressables catalog,True,,structurally-nonempty,Assets/Tracks/ComputeItWithSomeDevilishAlcoholicSteampunkEngines.かめりあ.0/Chart_EZ.json,True,,structurally-nonempty,Assets/Tracks/ComputeItWithSomeDevilishAlcoholicSteampunkEngines.かめりあ.0/Chart_HD.json,True,,structurally-nonempty,Assets/Tracks/ComputeItWithSomeDevilishAlcoholicSteampunkEngines.かめりあ.0/Chart_IN.json,False,,absent,,False,,absent,
Assets/Tracks/Concvssion.Halv.0/Illustration.jpg,Assets/Tracks/Concvssion.Halv.0/,Concvssion,Halv,0,phigros:trackpath=Assets/Tracks/Concvssion.Halv.0/,Addressables primary-key path / Assets/Tracks folder,,,,structure-found-instance-relation-unresolved,"IL2CPP Chapter/ChapterSongInfo/ChapterSongItem types expose chapterCode, songs and songsId; no serialized instance values or Track→Chapter foreign-key record was recovered",Assets/Tracks/Concvssion.Halv.0/Illustration.jpg,Assets/Tracks/Concvssion.Halv.0/music.wav,direct-track-folder-key,IL2CPP LevelInfo.level/difficulty and SongListItem.SetRating/SetRatingWithScore are UI/model candidates; no numeric per-track values recovered,partial-unresolved,,not-found-in-chart-json-or-targeted-metadata,medium,medium,phigros-track-records.csv; phigros-addressables-keys.csv; APK Addressables catalog,True,,structurally-nonempty,Assets/Tracks/Concvssion.Halv.0/Chart_EZ.json,True,,structurally-nonempty,Assets/Tracks/Concvssion.Halv.0/Chart_HD.json,True,,structurally-nonempty,Assets/Tracks/Concvssion.Halv.0/Chart_IN.json,False,,absent,,False,,absent,
Assets/Tracks/CraveWave.LandRoot.0/Illustration.jpg,Assets/Tracks/CraveWave.LandRoot.0/,CraveWave,LandRoot,0,phigros:trackpath=Assets/Tracks/CraveWave.LandRoot.0/,Addressables primary-key path / Assets/Tracks folder,,,,structure-found-instance-relation-unresolved,"IL2CPP Chapter/ChapterSongInfo/ChapterSongItem types expose chapterCode, songs and songsId; no serialized instance values or Track→Chapter foreign-key record was recovered",Assets/Tracks/CraveWave.LandRoot.0/Illustration.jpg,Assets/Tracks/CraveWave.LandRoot.0/music.wav,direct-track-folder-key,IL2CPP LevelInfo.level/difficulty and SongListItem.SetRating/SetRatingWithScore are UI/model candidates; no numeric per-track values recovered,partial-unresolved,,not-found-in-chart-json-or-targeted-metadata,medium,medium,phigros-track-records.csv; phigros-addressables-keys.csv; APK Addressables catalog,True,,structurally-nonempty,Assets/Tracks/CraveWave.LandRoot.0/Chart_EZ.json,True,,structurally-nonempty,Assets/Tracks/CraveWave.LandRoot.0/Chart_HD.json,True,,structurally-nonempty,Assets/Tracks/CraveWave.LandRoot.0/Chart_IN.json,False,,absent,,False,,absent,
Assets/Tracks/Credits.Frums.0/Illustration.jpg,Assets/Tracks/Credits.Frums.0/,Credits,Frums,0,phigros:trackpath=Assets/Tracks/Credits.Frums.0/,Addressables primary-key path / Assets/Tracks folder,,,,structure-found-instance-relation-unresolved,"IL2CPP Chapter/ChapterSongInfo/ChapterSongItem types expose chapterCode, songs and songsId; no serialized instance values or Track→Chapter foreign-key record was recovered",Assets/Tracks/Credits.Frums.0/Illustration.jpg,Assets/Tracks/Credits.Frums.0/music.wav,direct-track-folder-key,IL2CPP LevelInfo.level/difficulty and SongListItem.SetRating/SetRatingWithScore are UI/model candidates; no numeric per-track values recovered,partial-unresolved,,not-found-in-chart-json-or-targeted-metadata,medium,medium,phigros-track-records.csv; phigros-addressables-keys.csv; APK Addressables catalog,True,,structurally-nonempty,Assets/Tracks/Credits.Frums.0/Chart_EZ.json,True,,structurally-nonempty,Assets/Tracks/Credits.Frums.0/Chart_HD.json,True,,structurally-nonempty,Assets/Tracks/Credits.Frums.0/Chart_IN.json,True,,structurally-nonempty,Assets/Tracks/Credits.Frums.0/Chart_AT.json,False,,absent,
Assets/Tracks/Cristalisia.onoken.0/Illustration.jpg,Assets/Tracks/Cristalisia.onoken.0/,Cristalisia,onoken,0,phigros:trackpath=Assets/Tracks/Cristalisia.onoken.0/,Addressables primary-key path / Assets/Tracks folder,,,,structure-found-instance-relation-unresolved,"IL2CPP Chapter/ChapterSongInfo/ChapterSongItem types expose chapterCode, songs and songsId; no serialized instance values or Track→Chapter foreign-key record was recovered",Assets/Tracks/Cristalisia.onoken.0/Illustration.jpg,Assets/Tracks/Cristalisia.onoken.0/music.wav,direct-track-folder-key,IL2CPP LevelInfo.level/difficulty and SongListItem.SetRating/SetRatingWithScore are UI/model candidates; no numeric per-track values recovered,partial-unresolved,,not-found-in-chart-json-or-targeted-metadata,medium,medium,phigros-track-records.csv; phigros-addressables-keys.csv; APK Addressables catalog,True,,structurally-nonempty,Assets/Tracks/Cristalisia.onoken.0/Chart_EZ.json,True,,structurally-nonempty,Assets/Tracks/Cristalisia.onoken.0/Chart_HD.json,True,,structurally-nonempty,Assets/Tracks/Cristalisia.onoken.0/Chart_IN.json,False,,absent,,False,,absent,
Assets/Tracks/CrushBETA.shadow_bling.0/Illustration.jpg,Assets/Tracks/CrushBETA.shadow_bling.0/,CrushBETA,shadow_bling,0,phigros:trackpath=Assets/Tracks/CrushBETA.shadow_bling.0/,Addressables primary-key path / Assets/Tracks folder,,,,structure-found-instance-relation-unresolved,"IL2CPP Chapter/ChapterSongInfo/ChapterSongItem types expose chapterCode, songs and songsId; no serialized instance values or Track→Chapter foreign-key record was recovered",Assets/Tracks/CrushBETA.shadow_bling.0/Illustration.jpg,Assets/Tracks/CrushBETA.shadow_bling.0/music.wav,direct-track-folder-key,IL2CPP LevelInfo.level/difficulty and SongListItem.SetRating/SetRatingWithScore are UI/model candidates; no numeric per-track values recovered,partial-unresolved,,not-found-in-chart-json-or-targeted-metadata,medium,medium,phigros-track-records.csv; phigros-addressables-keys.csv; APK Addressables catalog,True,,structurally-nonempty,Assets/Tracks/CrushBETA.shadow_bling.0/Chart_EZ.json,True,,structurally-nonempty,Assets/Tracks/CrushBETA.shadow_bling.0/Chart_HD.json,True,,structurally-nonempty,Assets/Tracks/CrushBETA.shadow_bling.0/Chart_IN.json,False,,absent,,False,,absent,
Assets/Tracks/Cthugha.USAO.0/Illustration.jpg,Assets/Tracks/Cthugha.USAO.0/,Cthugha,USAO,0,phigros:trackpath=Assets/Tracks/Cthugha.USAO.0/,Addressables primary-key path / Assets/Tracks folder,,,,structure-found-instance-relation-unresolved,"IL2CPP Chapter/ChapterSongInfo/ChapterSongItem types expose chapterCode, songs and songsId; no serialized instance values or Track→Chapter foreign-key record was recovered",Assets/Tracks/Cthugha.USAO.0/Illustration.jpg,Assets/Tracks/Cthugha.USAO.0/music.wav,direct-track-folder-key,IL2CPP LevelInfo.level/difficulty and SongListItem.SetRating/SetRatingWithScore are UI/model candidates; no numeric per-track values recovered,partial-unresolved,,not-found-in-chart-json-or-targeted-metadata,medium,medium,phigros-track-records.csv; phigros-addressables-keys.csv; APK Addressables catalog,True,,structurally-nonempty,Assets/Tracks/Cthugha.USAO.0/Chart_EZ.json,True,,structurally-nonempty,Assets/Tracks/Cthugha.USAO.0/Chart_HD.json,True,,structurally-nonempty,Assets/Tracks/Cthugha.USAO.0/Chart_IN.json,True,,structurally-nonempty,Assets/Tracks/Cthugha.USAO.0/Chart_AT.json,False,,absent,
Assets/Tracks/Cuvism.Fl00tvsHalv.0/Illustration.jpg,Assets/Tracks/Cuvism.Fl00tvsHalv.0/,Cuvism,Fl00tvsHalv,0,phigros:trackpath=Assets/Tracks/Cuvism.Fl00tvsHalv.0/,Addressables primary-key path / Assets/Tracks folder,,,,structure-found-instance-relation-unresolved,"IL2CPP Chapter/ChapterSongInfo/ChapterSongItem types expose chapterCode, songs and songsId; no serialized instance values or Track→Chapter foreign-key record was recovered",Assets/Tracks/Cuvism.Fl00tvsHalv.0/Illustration.jpg,Assets/Tracks/Cuvism.Fl00tvsHalv.0/music.wav,direct-track-folder-key,IL2CPP LevelInfo.level/difficulty and SongListItem.SetRating/SetRatingWithScore are UI/model candidates; no numeric per-track values recovered,partial-unresolved,,not-found-in-chart-json-or-targeted-metadata,medium,medium,phigros-track-records.csv; phigros-addressables-keys.csv; APK Addressables catalog,True,,structurally-nonempty,Assets/Tracks/Cuvism.Fl00tvsHalv.0/Chart_EZ.json,True,,structurally-nonempty,Assets/Tracks/Cuvism.Fl00tvsHalv.0/Chart_HD.json,True,,structurally-nonempty,Assets/Tracks/Cuvism.Fl00tvsHalv.0/Chart_IN.json,True,,structurally-nonempty,Assets/Tracks/Cuvism.Fl00tvsHalv.0/Chart_AT.json,False,,absent,
Assets/Tracks/DESTRUCTION321.Normal1zervsBrokenNerdz.0/Illustration.jpg,Assets/Tracks/DESTRUCTION321.Normal1zervsBrokenNerdz.0/,DESTRUCTION321,Normal1zervsBrokenNerdz,0,phigros:trackpath=Assets/Tracks/DESTRUCTION321.Normal1zervsBrokenNerdz.0/,Addressables primary-key path / Assets/Tracks folder,,,,structure-found-instance-relation-unresolved,"IL2CPP Chapter/ChapterSongInfo/ChapterSongItem types expose chapterCode, songs and songsId; no serialized instance values or Track→Chapter foreign-key record was recovered",Assets/Tracks/DESTRUCTION321.Normal1zervsBrokenNerdz.0/Illustration.jpg,Assets/Tracks/DESTRUCTION321.Normal1zervsBrokenNerdz.0/music.wav,direct-track-folder-key,IL2CPP LevelInfo.level/difficulty and SongListItem.SetRating/SetRatingWithScore are UI/model candidates; no numeric per-track values recovered,partial-unresolved,,not-found-in-chart-json-or-targeted-metadata,medium,medium,phigros-track-records.csv; phigros-addressables-keys.csv; APK Addressables catalog,True,,structurally-nonempty,Assets/Tracks/DESTRUCTION321.Normal1zervsBrokenNerdz.0/Chart_EZ.json,True,,structurally-nonempty,Assets/Tracks/DESTRUCTION321.Normal1zervsBrokenNerdz.0/Chart_HD.json,True,,structurally-nonempty,Assets/Tracks/DESTRUCTION321.Normal1zervsBrokenNerdz.0/Chart_IN.json,True,,structurally-nonempty,Assets/Tracks/DESTRUCTION321.Normal1zervsBrokenNerdz.0/Chart_AT.json,False,,absent,
Assets/Tracks/DancewithSilence.かめりあ.0/Illustration.jpg,Assets/Tracks/DancewithSilence.かめりあ.0/,DancewithSilence,かめりあ,0,phigros:trackpath=Assets/Tracks/DancewithSilence.かめりあ.0/,Addressables primary-key path / Assets/Tracks folder,,,,structure-found-instance-relation-unresolved,"IL2CPP Chapter/ChapterSongInfo/ChapterSongItem types expose chapterCode, songs and songsId; no serialized instance values or Track→Chapter foreign-key record was recovered",Assets/Tracks/DancewithSilence.かめりあ.0/Illustration.jpg,Assets/Tracks/DancewithSilence.かめりあ.0/music.wav,direct-track-folder-key,IL2CPP LevelInfo.level/difficulty and SongListItem.SetRating/SetRatingWithScore are UI/model candidates; no numeric per-track values recovered,partial-unresolved,,not-found-in-chart-json-or-targeted-metadata,medium,medium,phigros-track-records.csv; phigros-addressables-keys.csv; APK Addressables catalog,True,,structurally-nonempty,Assets/Tracks/DancewithSilence.かめりあ.0/Chart_EZ.json,True,,structurally-nonempty,Assets/Tracks/DancewithSilence.かめりあ.0/Chart_HD.json,True,,structurally-nonempty,Assets/Tracks/DancewithSilence.かめりあ.0/Chart_IN.json,False,,absent,,False,,absent,
Assets/Tracks/Dash.小红Akane李祥辉.0/Illustration.jpg,Assets/Tracks/Dash.小红Akane李祥辉.0/,Dash,小红Akane李祥辉,0,phigros:trackpath=Assets/Tracks/Dash.小红Akane李祥辉.0/,Addressables primary-key path / Assets/Tracks folder,,,,structure-found-instance-relation-unresolved,"IL2CPP Chapter/ChapterSongInfo/ChapterSongItem types expose chapterCode, songs and songsId; no serialized instance values or Track→Chapter foreign-key record was recovered",Assets/Tracks/Dash.小红Akane李祥辉.0/Illustration.jpg,Assets/Tracks/Dash.小红Akane李祥辉.0/music.wav,direct-track-folder-key,IL2CPP LevelInfo.level/difficulty and SongListItem.SetRating/SetRatingWithScore are UI/model candidates; no numeric per-track values recovered,partial-unresolved,,not-found-in-chart-json-or-targeted-metadata,medium,medium,phigros-track-records.csv; phigros-addressables-keys.csv; APK Addressables catalog,True,,structurally-nonempty,Assets/Tracks/Dash.小红Akane李祥辉.0/Chart_EZ.json,True,,structurally-nonempty,Assets/Tracks/Dash.小红Akane李祥辉.0/Chart_HD.json,True,,structurally-nonempty,Assets/Tracks/Dash.小红Akane李祥辉.0/Chart_IN.json,False,,absent,,False,,absent,
Assets/Tracks/DataErr0r.Cosmograph.0/Illustration.jpg,Assets/Tracks/DataErr0r.Cosmograph.0/,DataErr0r,Cosmograph,0,phigros:trackpath=Assets/Tracks/DataErr0r.Cosmograph.0/,Addressables primary-key path / Assets/Tracks folder,,,,structure-found-instance-relation-unresolved,"IL2CPP Chapter/ChapterSongInfo/ChapterSongItem types expose chapterCode, songs and songsId; no serialized instance values or Track→Chapter foreign-key record was recovered",Assets/Tracks/DataErr0r.Cosmograph.0/Illustration.jpg,Assets/Tracks/DataErr0r.Cosmograph.0/music.wav,direct-track-folder-key,IL2CPP LevelInfo.level/difficulty and SongListItem.SetRating/SetRatingWithScore are UI/model candidates; no numeric per-track values recovered,partial-unresolved,,not-found-in-chart-json-or-targeted-metadata,medium,medium,phigros-track-records.csv; phigros-addressables-keys.csv; APK Addressables catalog,True,,structurally-nonempty,Assets/Tracks/DataErr0r.Cosmograph.0/Chart_EZ.json,True,,structurally-nonempty,Assets/Tracks/DataErr0r.Cosmograph.0/Chart_HD.json,True,,structurally-nonempty,Assets/Tracks/DataErr0r.Cosmograph.0/Chart_IN.json,False,,absent,,False,,absent,
Assets/Tracks/DeadSoul.SoundSouler.0/Illustration.jpg,Assets/Tracks/DeadSoul.SoundSouler.0/,DeadSoul,SoundSouler,0,phigros:trackpath=Assets/Tracks/DeadSoul.SoundSouler.0/,Addressables primary-key path / Assets/Tracks folder,,,,structure-found-instance-relation-unresolved,"IL2CPP Chapter/ChapterSongInfo/ChapterSongItem types expose chapterCode, songs and songsId; no serialized instance values or Track→Chapter foreign-key record was recovered",Assets/Tracks/DeadSoul.SoundSouler.0/Illustration.jpg,Assets/Tracks/DeadSoul.SoundSouler.0/music.wav,direct-track-folder-key,IL2CPP LevelInfo.level/difficulty and SongListItem.SetRating/SetRatingWithScore are UI/model candidates; no numeric per-track values recovered,partial-unresolved,,not-found-in-chart-json-or-targeted-metadata,medium,medium,phigros-track-records.csv; phigros-addressables-keys.csv; APK Addressables catalog,True,,structurally-nonempty,Assets/Tracks/DeadSoul.SoundSouler.0/Chart_EZ.json,True,,structurally-nonempty,Assets/Tracks/DeadSoul.SoundSouler.0/Chart_HD.json,True,,structurally-nonempty,Assets/Tracks/DeadSoul.SoundSouler.0/Chart_IN.json,False,,absent,,False,,absent,
Assets/Tracks/Demiurge.Rabpit.0/Illustration.jpg,Assets/Tracks/Demiurge.Rabpit.0/,Demiurge,Rabpit,0,phigros:trackpath=Assets/Tracks/Demiurge.Rabpit.0/,Addressables primary-key path / Assets/Tracks folder,,,,structure-found-instance-relation-unresolved,"IL2CPP Chapter/ChapterSongInfo/ChapterSongItem types expose chapterCode, songs and songsId; no serialized instance values or Track→Chapter foreign-key record was recovered",Assets/Tracks/Demiurge.Rabpit.0/Illustration.jpg,Assets/Tracks/Demiurge.Rabpit.0/music.wav,direct-track-folder-key,IL2CPP LevelInfo.level/difficulty and SongListItem.SetRating/SetRatingWithScore are UI/model candidates; no numeric per-track values recovered,partial-unresolved,,not-found-in-chart-json-or-targeted-metadata,medium,medium,phigros-track-records.csv; phigros-addressables-keys.csv; APK Addressables catalog,True,,structurally-nonempty,Assets/Tracks/Demiurge.Rabpit.0/Chart_EZ.json,True,,structurally-nonempty,Assets/Tracks/Demiurge.Rabpit.0/Chart_HD.json,True,,structurally-nonempty,Assets/Tracks/Demiurge.Rabpit.0/Chart_IN.json,False,,absent,,False,,absent,
Assets/Tracks/Demonkin.ForgedReigns.0/Illustration.jpg,Assets/Tracks/Demonkin.ForgedReigns.0/,Demonkin,ForgedReigns,0,phigros:trackpath=Assets/Tracks/Demonkin.ForgedReigns.0/,Addressables primary-key path / Assets/Tracks folder,,,,structure-found-instance-relation-unresolved,"IL2CPP Chapter/ChapterSongInfo/ChapterSongItem types expose chapterCode, songs and songsId; no serialized instance values or Track→Chapter foreign-key record was recovered",Assets/Tracks/Demonkin.ForgedReigns.0/Illustration.jpg,Assets/Tracks/Demonkin.ForgedReigns.0/music.wav,direct-track-folder-key,IL2CPP LevelInfo.level/difficulty and SongListItem.SetRating/SetRatingWithScore are UI/model candidates; no numeric per-track values recovered,partial-unresolved,,not-found-in-chart-json-or-targeted-metadata,medium,medium,phigros-track-records.csv; phigros-addressables-keys.csv; APK Addressables catalog,True,,structurally-nonempty,Assets/Tracks/Demonkin.ForgedReigns.0/Chart_EZ.json,True,,structurally-nonempty,Assets/Tracks/Demonkin.ForgedReigns.0/Chart_HD.json,True,,structurally-nonempty,Assets/Tracks/Demonkin.ForgedReigns.0/Chart_IN.json,False,,absent,,False,,absent,
Assets/Tracks/DerRichter.Ωμεγα.0/Illustration.jpg,Assets/Tracks/DerRichter.Ωμεγα.0/,DerRichter,Ωμεγα,0,phigros:trackpath=Assets/Tracks/DerRichter.Ωμεγα.0/,Addressables primary-key path / Assets/Tracks folder,,,,structure-found-instance-relation-unresolved,"IL2CPP Chapter/ChapterSongInfo/ChapterSongItem types expose chapterCode, songs and songsId; no serialized instance values or Track→Chapter foreign-key record was recovered",Assets/Tracks/DerRichter.Ωμεγα.0/Illustration.jpg,Assets/Tracks/DerRichter.Ωμεγα.0/music.wav,direct-track-folder-key,IL2CPP LevelInfo.level/difficulty and SongListItem.SetRating/SetRatingWithScore are UI/model candidates; no numeric per-track values recovered,partial-unresolved,,not-found-in-chart-json-or-targeted-metadata,medium,medium,phigros-track-records.csv; phigros-addressables-keys.csv; APK Addressables catalog,True,,structurally-nonempty,Assets/Tracks/DerRichter.Ωμεγα.0/Chart_EZ.json,True,,structurally-nonempty,Assets/Tracks/DerRichter.Ωμεγα.0/Chart_HD.json,True,,structurally-nonempty,Assets/Tracks/DerRichter.Ωμεγα.0/Chart_IN.json,True,,structurally-nonempty,Assets/Tracks/DerRichter.Ωμεγα.0/Chart_AT.json,False,,absent,
Assets/Tracks/DerSchneid.Ωμεγα.0/Illustration.jpg,Assets/Tracks/DerSchneid.Ωμεγα.0/,DerSchneid,Ωμεγα,0,phigros:trackpath=Assets/Tracks/DerSchneid.Ωμεγα.0/,Addressables primary-key path / Assets/Tracks folder,,,,structure-found-instance-relation-unresolved,"IL2CPP Chapter/ChapterSongInfo/ChapterSongItem types expose chapterCode, songs and songsId; no serialized instance values or Track→Chapter foreign-key record was recovered",Assets/Tracks/DerSchneid.Ωμεγα.0/Illustration.jpg,Assets/Tracks/DerSchneid.Ωμεγα.0/music.wav,direct-track-folder-key,IL2CPP LevelInfo.level/difficulty and SongListItem.SetRating/SetRatingWithScore are UI/model candidates; no numeric per-track values recovered,partial-unresolved,,not-found-in-chart-json-or-targeted-metadata,medium,medium,phigros-track-records.csv; phigros-addressables-keys.csv; APK Addressables catalog,True,,structurally-nonempty,Assets/Tracks/DerSchneid.Ωμεγα.0/Chart_EZ.json,True,,structurally-nonempty,Assets/Tracks/DerSchneid.Ωμεγα.0/Chart_HD.json,True,,structurally-nonempty,Assets/Tracks/DerSchneid.Ωμεγα.0/Chart_IN.json,True,,structurally-nonempty,Assets/Tracks/DerSchneid.Ωμεγα.0/Chart_AT.json,False,,absent,
Assets/Tracks/DevIAtiOnshortver.polysha.0/Illustration.jpg,Assets/Tracks/DevIAtiOnshortver.polysha.0/,DevIAtiOnshortver,polysha,0,phigros:trackpath=Assets/Tracks/DevIAtiOnshortver.polysha.0/,Addressables primary-key path / Assets/Tracks folder,,,,structure-found-instance-relation-unresolved,"IL2CPP Chapter/ChapterSongInfo/ChapterSongItem types expose chapterCode, songs and songsId; no serialized instance values or Track→Chapter foreign-key record was recovered",Assets/Tracks/DevIAtiOnshortver.polysha.0/Illustration.jpg,Assets/Tracks/DevIAtiOnshortver.polysha.0/music.wav,direct-track-folder-key,IL2CPP LevelInfo.level/difficulty and SongListItem.SetRating/SetRatingWithScore are UI/model candidates; no numeric per-track values recovered,partial-unresolved,,not-found-in-chart-json-or-targeted-metadata,medium,medium,phigros-track-records.csv; phigros-addressables-keys.csv; APK Addressables catalog,True,,structurally-nonempty,Assets/Tracks/DevIAtiOnshortver.polysha.0/Chart_EZ.json,True,,structurally-nonempty,Assets/Tracks/DevIAtiOnshortver.polysha.0/Chart_HD.json,True,,structurally-nonempty,Assets/Tracks/DevIAtiOnshortver.polysha.0/Chart_IN.json,False,,absent,,False,,absent,
Assets/Tracks/Devotion.Connexio.0/Illustration.jpg,Assets/Tracks/Devotion.Connexio.0/,Devotion,Connexio,0,phigros:trackpath=Assets/Tracks/Devotion.Connexio.0/,Addressables primary-key path / Assets/Tracks folder,,,,structure-found-instance-relation-unresolved,"IL2CPP Chapter/ChapterSongInfo/ChapterSongItem types expose chapterCode, songs and songsId; no serialized instance values or Track→Chapter foreign-key record was recovered",Assets/Tracks/Devotion.Connexio.0/Illustration.jpg,Assets/Tracks/Devotion.Connexio.0/music.wav,direct-track-folder-key,IL2CPP LevelInfo.level/difficulty and SongListItem.SetRating/SetRatingWithScore are UI/model candidates; no numeric per-track values recovered,partial-unresolved,,not-found-in-chart-json-or-targeted-metadata,medium,medium,phigros-track-records.csv; phigros-addressables-keys.csv; APK Addressables catalog,True,,structurally-nonempty,Assets/Tracks/Devotion.Connexio.0/Chart_EZ.json,True,,structurally-nonempty,Assets/Tracks/Devotion.Connexio.0/Chart_HD.json,True,,structurally-nonempty,Assets/Tracks/Devotion.Connexio.0/Chart_IN.json,False,,absent,,False,,absent,
Assets/Tracks/DiamondDust.MasahiroGodspeedAoki.0/Illustration.jpg,Assets/Tracks/DiamondDust.MasahiroGodspeedAoki.0/,DiamondDust,MasahiroGodspeedAoki,0,phigros:trackpath=Assets/Tracks/DiamondDust.MasahiroGodspeedAoki.0/,Addressables primary-key path / Assets/Tracks folder,,,,structure-found-instance-relation-unresolved,"IL2CPP Chapter/ChapterSongInfo/ChapterSongItem types expose chapterCode, songs and songsId; no serialized instance values or Track→Chapter foreign-key record was recovered",Assets/Tracks/DiamondDust.MasahiroGodspeedAoki.0/Illustration.jpg,Assets/Tracks/DiamondDust.MasahiroGodspeedAoki.0/music.wav,direct-track-folder-key,IL2CPP LevelInfo.level/difficulty and SongListItem.SetRating/SetRatingWithScore are UI/model candidates; no numeric per-track values recovered,partial-unresolved,,not-found-in-chart-json-or-targeted-metadata,medium,medium,phigros-track-records.csv; phigros-addressables-keys.csv; APK Addressables catalog,True,,structurally-nonempty,Assets/Tracks/DiamondDust.MasahiroGodspeedAoki.0/Chart_EZ.json,True,,structurally-nonempty,Assets/Tracks/DiamondDust.MasahiroGodspeedAoki.0/Chart_HD.json,True,,structurally-nonempty,Assets/Tracks/DiamondDust.MasahiroGodspeedAoki.0/Chart_IN.json,True,,structurally-nonempty,Assets/Tracks/DiamondDust.MasahiroGodspeedAoki.0/Chart_AT.json,False,,absent,
Assets/Tracks/DiamondEyes.SYNTHETIC.0/Illustration.jpg,Assets/Tracks/DiamondEyes.SYNTHETIC.0/,DiamondEyes,SYNTHETIC,0,phigros:trackpath=Assets/Tracks/DiamondEyes.SYNTHETIC.0/,Addressables primary-key path / Assets/Tracks folder,,,,structure-found-instance-relation-unresolved,"IL2CPP Chapter/ChapterSongInfo/ChapterSongItem types expose chapterCode, songs and songsId; no serialized instance values or Track→Chapter foreign-key record was recovered",Assets/Tracks/DiamondEyes.SYNTHETIC.0/Illustration.jpg,Assets/Tracks/DiamondEyes.SYNTHETIC.0/music.wav,direct-track-folder-key,IL2CPP LevelInfo.level/difficulty and SongListItem.SetRating/SetRatingWithScore are UI/model candidates; no numeric per-track values recovered,partial-unresolved,,not-found-in-chart-json-or-targeted-metadata,medium,medium,phigros-track-records.csv; phigros-addressables-keys.csv; APK Addressables catalog,True,,structurally-nonempty,Assets/Tracks/DiamondEyes.SYNTHETIC.0/Chart_EZ.json,True,,structurally-nonempty,Assets/Tracks/DiamondEyes.SYNTHETIC.0/Chart_HD.json,True,,structurally-nonempty,Assets/Tracks/DiamondEyes.SYNTHETIC.0/Chart_IN.json,False,,absent,,False,,absent,
Assets/Tracks/Disorder.HyuNfeatYURI.0/Illustration.jpg,Assets/Tracks/Disorder.HyuNfeatYURI.0/,Disorder,HyuNfeatYURI,0,phigros:trackpath=Assets/Tracks/Disorder.HyuNfeatYURI.0/,Addressables primary-key path / Assets/Tracks folder,,,,structure-found-instance-relation-unresolved,"IL2CPP Chapter/ChapterSongInfo/ChapterSongItem types expose chapterCode, songs and songsId; no serialized instance values or Track→Chapter foreign-key record was recovered",Assets/Tracks/Disorder.HyuNfeatYURI.0/Illustration.jpg,Assets/Tracks/Disorder.HyuNfeatYURI.0/music.wav,direct-track-folder-key,IL2CPP LevelInfo.level/difficulty and SongListItem.SetRating/SetRatingWithScore are UI/model candidates; no numeric per-track values recovered,partial-unresolved,,not-found-in-chart-json-or-targeted-metadata,medium,medium,phigros-track-records.csv; phigros-addressables-keys.csv; APK Addressables catalog,True,,structurally-nonempty,Assets/Tracks/Disorder.HyuNfeatYURI.0/Chart_EZ.json,True,,structurally-nonempty,Assets/Tracks/Disorder.HyuNfeatYURI.0/Chart_HD.json,True,,structurally-nonempty,Assets/Tracks/Disorder.HyuNfeatYURI.0/Chart_IN.json,False,,absent,,False,,absent,
Assets/Tracks/DistortedFate.Sakuzyo.0/Illustration.jpg,Assets/Tracks/DistortedFate.Sakuzyo.0/,DistortedFate,Sakuzyo,0,phigros:trackpath=Assets/Tracks/DistortedFate.Sakuzyo.0/,Addressables primary-key path / Assets/Tracks folder,,,,structure-found-instance-relation-unresolved,"IL2CPP Chapter/ChapterSongInfo/ChapterSongItem types expose chapterCode, songs and songsId; no serialized instance values or Track→Chapter foreign-key record was recovered",Assets/Tracks/DistortedFate.Sakuzyo.0/Illustration.jpg,Assets/Tracks/DistortedFate.Sakuzyo.0/music.wav,direct-track-folder-key,IL2CPP LevelInfo.level/difficulty and SongListItem.SetRating/SetRatingWithScore are UI/model candidates; no numeric per-track values recovered,partial-unresolved,,not-found-in-chart-json-or-targeted-metadata,medium,medium,phigros-track-records.csv; phigros-addressables-keys.csv; APK Addressables catalog,True,,structurally-nonempty,Assets/Tracks/DistortedFate.Sakuzyo.0/Chart_EZ.json,True,,structurally-nonempty,Assets/Tracks/DistortedFate.Sakuzyo.0/Chart_HD.json,True,,structurally-nonempty,Assets/Tracks/DistortedFate.Sakuzyo.0/Chart_IN.json,True,,structurally-nonempty,Assets/Tracks/DistortedFate.Sakuzyo.0/Chart_AT.json,False,,absent,
Assets/Tracks/Dlyrotz.Likey.0/Illustration.jpg,Assets/Tracks/Dlyrotz.Likey.0/,Dlyrotz,Likey,0,phigros:trackpath=Assets/Tracks/Dlyrotz.Likey.0/,Addressables primary-key path / Assets/Tracks folder,,,,structure-found-instance-relation-unresolved,"IL2CPP Chapter/ChapterSongInfo/ChapterSongItem types expose chapterCode, songs and songsId; no serialized instance values or Track→Chapter foreign-key record was recovered",Assets/Tracks/Dlyrotz.Likey.0/Illustration.jpg,Assets/Tracks/Dlyrotz.Likey.0/music.wav,direct-track-folder-key,IL2CPP LevelInfo.level/difficulty and SongListItem.SetRating/SetRatingWithScore are UI/model candidates; no numeric per-track values recovered,partial-unresolved,,not-found-in-chart-json-or-targeted-metadata,medium,medium,phigros-track-records.csv; phigros-addressables-keys.csv; APK Addressables catalog,True,,structurally-nonempty,Assets/Tracks/Dlyrotz.Likey.0/Chart_EZ.json,True,,structurally-nonempty,Assets/Tracks/Dlyrotz.Likey.0/Chart_HD.json,True,,structurally-nonempty,Assets/Tracks/Dlyrotz.Likey.0/Chart_IN.json,False,,absent,,False,,absent,
Assets/Tracks/DontNeverAround.HAMA.0/Illustration.jpg,Assets/Tracks/DontNeverAround.HAMA.0/,DontNeverAround,HAMA,0,phigros:trackpath=Assets/Tracks/DontNeverAround.HAMA.0/,Addressables primary-key path / Assets/Tracks folder,,,,structure-found-instance-relation-unresolved,"IL2CPP Chapter/ChapterSongInfo/ChapterSongItem types expose chapterCode, songs and songsId; no serialized instance values or Track→Chapter foreign-key record was recovered",Assets/Tracks/DontNeverAround.HAMA.0/Illustration.jpg,Assets/Tracks/DontNeverAround.HAMA.0/music.wav,direct-track-folder-key,IL2CPP LevelInfo.level/difficulty and SongListItem.SetRating/SetRatingWithScore are UI/model candidates; no numeric per-track values recovered,partial-unresolved,,not-found-in-chart-json-or-targeted-metadata,medium,medium,phigros-track-records.csv; phigros-addressables-keys.csv; APK Addressables catalog,True,,structurally-nonempty,Assets/Tracks/DontNeverAround.HAMA.0/Chart_EZ.json,True,,structurally-nonempty,Assets/Tracks/DontNeverAround.HAMA.0/Chart_HD.json,True,,structurally-nonempty,Assets/Tracks/DontNeverAround.HAMA.0/Chart_IN.json,False,,absent,,False,,absent,
Assets/Tracks/Doppelganger.LeaF.0/Illustration.jpg,Assets/Tracks/Doppelganger.LeaF.0/,Doppelganger,LeaF,0,phigros:trackpath=Assets/Tracks/Doppelganger.LeaF.0/,Addressables primary-key path / Assets/Tracks folder,,,,structure-found-instance-relation-unresolved,"IL2CPP Chapter/ChapterSongInfo/ChapterSongItem types expose chapterCode, songs and songsId; no serialized instance values or Track→Chapter foreign-key record was recovered",Assets/Tracks/Doppelganger.LeaF.0/Illustration.jpg,Assets/Tracks/Doppelganger.LeaF.0/music.wav,direct-track-folder-key,IL2CPP LevelInfo.level/difficulty and SongListItem.SetRating/SetRatingWithScore are UI/model candidates; no numeric per-track values recovered,partial-unresolved,,not-found-in-chart-json-or-targeted-metadata,medium,medium,phigros-track-records.csv; phigros-addressables-keys.csv; APK Addressables catalog,True,,structurally-nonempty,Assets/Tracks/Doppelganger.LeaF.0/Chart_EZ.json,True,,structurally-nonempty,Assets/Tracks/Doppelganger.LeaF.0/Chart_HD.json,True,,structurally-nonempty,Assets/Tracks/Doppelganger.LeaF.0/Chart_IN.json,False,,absent,,False,,absent,
Assets/Tracks/Dreamland.z1onkyrrin.0/Illustration.jpg,Assets/Tracks/Dreamland.z1onkyrrin.0/,Dreamland,z1onkyrrin,0,phigros:trackpath=Assets/Tracks/Dreamland.z1onkyrrin.0/,Addressables primary-key path / Assets/Tracks folder,,,,structure-found-instance-relation-unresolved,"IL2CPP Chapter/ChapterSongInfo/ChapterSongItem types expose chapterCode, songs and songsId; no serialized instance values or Track→Chapter foreign-key record was recovered",Assets/Tracks/Dreamland.z1onkyrrin.0/Illustration.jpg,Assets/Tracks/Dreamland.z1onkyrrin.0/music.wav,direct-track-folder-key,IL2CPP LevelInfo.level/difficulty and SongListItem.SetRating/SetRatingWithScore are UI/model candidates; no numeric per-track values recovered,partial-unresolved,,not-found-in-chart-json-or-targeted-metadata,medium,medium,phigros-track-records.csv; phigros-addressables-keys.csv; APK Addressables catalog,True,,structurally-nonempty,Assets/Tracks/Dreamland.z1onkyrrin.0/Chart_EZ.json,True,,structurally-nonempty,Assets/Tracks/Dreamland.z1onkyrrin.0/Chart_HD.json,True,,structurally-nonempty,Assets/Tracks/Dreamland.z1onkyrrin.0/Chart_IN.json,False,,absent,,False,,absent,
Assets/Tracks/DropIt.Asuka.0/Illustration.jpg,Assets/Tracks/DropIt.Asuka.0/,DropIt,Asuka,0,phigros:trackpath=Assets/Tracks/DropIt.Asuka.0/,Addressables primary-key path / Assets/Tracks folder,,,,structure-found-instance-relation-unresolved,"IL2CPP Chapter/ChapterSongInfo/ChapterSongItem types expose chapterCode, songs and songsId; no serialized instance values or Track→Chapter foreign-key record was recovered",Assets/Tracks/DropIt.Asuka.0/Illustration.jpg,Assets/Tracks/DropIt.Asuka.0/music.wav,direct-track-folder-key,IL2CPP LevelInfo.level/difficulty and SongListItem.SetRating/SetRatingWithScore are UI/model candidates; no numeric per-track values recovered,partial-unresolved,,not-found-in-chart-json-or-targeted-metadata,medium,medium,phigros-track-records.csv; phigros-addressables-keys.csv; APK Addressables catalog,True,,structurally-nonempty,Assets/Tracks/DropIt.Asuka.0/Chart_EZ.json,True,,structurally-nonempty,Assets/Tracks/DropIt.Asuka.0/Chart_HD.json,True,,structurally-nonempty,Assets/Tracks/DropIt.Asuka.0/Chart_IN.json,False,,absent,,False,,absent,
Assets/Tracks/ENERGYSYNERGYMATRIX.Tanchiky.0/Illustration.jpg,Assets/Tracks/ENERGYSYNERGYMATRIX.Tanchiky.0/,ENERGYSYNERGYMATRIX,Tanchiky,0,phigros:trackpath=Assets/Tracks/ENERGYSYNERGYMATRIX.Tanchiky.0/,Addressables primary-key path / Assets/Tracks folder,,,,structure-found-instance-relation-unresolved,"IL2CPP Chapter/ChapterSongInfo/ChapterSongItem types expose chapterCode, songs and songsId; no serialized instance values or Track→Chapter foreign-key record was recovered",Assets/Tracks/ENERGYSYNERGYMATRIX.Tanchiky.0/Illustration.jpg,Assets/Tracks/ENERGYSYNERGYMATRIX.Tanchiky.0/music.wav,direct-track-folder-key,IL2CPP LevelInfo.level/difficulty and SongListItem.SetRating/SetRatingWithScore are UI/model candidates; no numeric per-track values recovered,partial-unresolved,,not-found-in-chart-json-or-targeted-metadata,medium,medium,phigros-track-records.csv; phigros-addressables-keys.csv; APK Addressables catalog,True,,structurally-nonempty,Assets/Tracks/ENERGYSYNERGYMATRIX.Tanchiky.0/Chart_EZ.json,True,,structurally-nonempty,Assets/Tracks/ENERGYSYNERGYMATRIX.Tanchiky.0/Chart_HD.json,True,,structurally-nonempty,Assets/Tracks/ENERGYSYNERGYMATRIX.Tanchiky.0/Chart_IN.json,False,,absent,,True,,structurally-nonempty,Assets/Tracks/ENERGYSYNERGYMATRIX.Tanchiky.0/Chart_Legacy.json
Assets/Tracks/ERABYECONNEC10N.かめりあ.0/Illustration.jpg,Assets/Tracks/ERABYECONNEC10N.かめりあ.0/,ERABYECONNEC10N,かめりあ,0,phigros:trackpath=Assets/Tracks/ERABYECONNEC10N.かめりあ.0/,Addressables primary-key path / Assets/Tracks folder,,,,structure-found-instance-relation-unresolved,"IL2CPP Chapter/ChapterSongInfo/ChapterSongItem types expose chapterCode, songs and songsId; no serialized instance values or Track→Chapter foreign-key record was recovered",Assets/Tracks/ERABYECONNEC10N.かめりあ.0/Illustration.jpg,Assets/Tracks/ERABYECONNEC10N.かめりあ.0/music.wav,direct-track-folder-key,IL2CPP LevelInfo.level/difficulty and SongListItem.SetRating/SetRatingWithScore are UI/model candidates; no numeric per-track values recovered,partial-unresolved,,not-found-in-chart-json-or-targeted-metadata,medium,medium,phigros-track-records.csv; phigros-addressables-keys.csv; APK Addressables catalog,True,,structurally-nonempty,Assets/Tracks/ERABYECONNEC10N.かめりあ.0/Chart_EZ.json,True,,structurally-nonempty,Assets/Tracks/ERABYECONNEC10N.かめりあ.0/Chart_HD.json,True,,structurally-nonempty,Assets/Tracks/ERABYECONNEC10N.かめりあ.0/Chart_IN.json,True,,structurally-nonempty,Assets/Tracks/ERABYECONNEC10N.かめりあ.0/Chart_AT.json,False,,absent,
Assets/Tracks/ElCondorPasaPhigrosEdit.PlasticFruits.0/Illustration.jpg,Assets/Tracks/ElCondorPasaPhigrosEdit.PlasticFruits.0/,ElCondorPasaPhigrosEdit,PlasticFruits,0,phigros:trackpath=Assets/Tracks/ElCondorPasaPhigrosEdit.PlasticFruits.0/,Addressables primary-key path / Assets/Tracks folder,,,,structure-found-instance-relation-unresolved,"IL2CPP Chapter/ChapterSongInfo/ChapterSongItem types expose chapterCode, songs and songsId; no serialized instance values or Track→Chapter foreign-key record was recovered",Assets/Tracks/ElCondorPasaPhigrosEdit.PlasticFruits.0/Illustration.jpg,Assets/Tracks/ElCondorPasaPhigrosEdit.PlasticFruits.0/music.wav,direct-track-folder-key,IL2CPP LevelInfo.level/difficulty and SongListItem.SetRating/SetRatingWithScore are UI/model candidates; no numeric per-track values recovered,partial-unresolved,,not-found-in-chart-json-or-targeted-metadata,medium,medium,phigros-track-records.csv; phigros-addressables-keys.csv; APK Addressables catalog,True,,structurally-nonempty,Assets/Tracks/ElCondorPasaPhigrosEdit.PlasticFruits.0/Chart_EZ.json,True,,structurally-nonempty,Assets/Tracks/ElCondorPasaPhigrosEdit.PlasticFruits.0/Chart_HD.json,True,,structurally-nonempty,Assets/Tracks/ElCondorPasaPhigrosEdit.PlasticFruits.0/Chart_IN.json,False,,absent,,False,,absent,
Assets/Tracks/Electron.ElousFZ.0/Illustration.jpg,Assets/Tracks/Electron.ElousFZ.0/,Electron,ElousFZ,0,phigros:trackpath=Assets/Tracks/Electron.ElousFZ.0/,Addressables primary-key path / Assets/Tracks folder,,,,structure-found-instance-relation-unresolved,"IL2CPP Chapter/ChapterSongInfo/ChapterSongItem types expose chapterCode, songs and songsId; no serialized instance values or Track→Chapter foreign-key record was recovered",Assets/Tracks/Electron.ElousFZ.0/Illustration.jpg,Assets/Tracks/Electron.ElousFZ.0/music.wav,direct-track-folder-key,IL2CPP LevelInfo.level/difficulty and SongListItem.SetRating/SetRatingWithScore are UI/model candidates; no numeric per-track values recovered,partial-unresolved,,not-found-in-chart-json-or-targeted-metadata,medium,medium,phigros-track-records.csv; phigros-addressables-keys.csv; APK Addressables catalog,True,,structurally-nonempty,Assets/Tracks/Electron.ElousFZ.0/Chart_EZ.json,True,,structurally-nonempty,Assets/Tracks/Electron.ElousFZ.0/Chart_HD.json,True,,structurally-nonempty,Assets/Tracks/Electron.ElousFZ.0/Chart_IN.json,False,,absent,,False,,absent,
Assets/Tracks/Eltaw.Fl00t.0/Illustration.jpg,Assets/Tracks/Eltaw.Fl00t.0/,Eltaw,Fl00t,0,phigros:trackpath=Assets/Tracks/Eltaw.Fl00t.0/,Addressables primary-key path / Assets/Tracks folder,,,,structure-found-instance-relation-unresolved,"IL2CPP Chapter/ChapterSongInfo/ChapterSongItem types expose chapterCode, songs and songsId; no serialized instance values or Track→Chapter foreign-key record was recovered",Assets/Tracks/Eltaw.Fl00t.0/Illustration.jpg,Assets/Tracks/Eltaw.Fl00t.0/music.wav,direct-track-folder-key,IL2CPP LevelInfo.level/difficulty and SongListItem.SetRating/SetRatingWithScore are UI/model candidates; no numeric per-track values recovered,partial-unresolved,,not-found-in-chart-json-or-targeted-metadata,medium,medium,phigros-track-records.csv; phigros-addressables-keys.csv; APK Addressables catalog,True,,structurally-nonempty,Assets/Tracks/Eltaw.Fl00t.0/Chart_EZ.json,True,,structurally-nonempty,Assets/Tracks/Eltaw.Fl00t.0/Chart_HD.json,True,,structurally-nonempty,Assets/Tracks/Eltaw.Fl00t.0/Chart_IN.json,False,,absent,,False,,absent,
Assets/Tracks/Elúltimobaile.Θ.0/Illustration.jpg,Assets/Tracks/Elúltimobaile.Θ.0/,Elúltimobaile,Θ,0,phigros:trackpath=Assets/Tracks/Elúltimobaile.Θ.0/,Addressables primary-key path / Assets/Tracks folder,,,,structure-found-instance-relation-unresolved,"IL2CPP Chapter/ChapterSongInfo/ChapterSongItem types expose chapterCode, songs and songsId; no serialized instance values or Track→Chapter foreign-key record was recovered",Assets/Tracks/Elúltimobaile.Θ.0/Illustration.jpg,Assets/Tracks/Elúltimobaile.Θ.0/music.wav,direct-track-folder-key,IL2CPP LevelInfo.level/difficulty and SongListItem.SetRating/SetRatingWithScore are UI/model candidates; no numeric per-track values recovered,partial-unresolved,,not-found-in-chart-json-or-targeted-metadata,medium,medium,phigros-track-records.csv; phigros-addressables-keys.csv; APK Addressables catalog,True,,structurally-nonempty,Assets/Tracks/Elúltimobaile.Θ.0/Chart_EZ.json,True,,structurally-nonempty,Assets/Tracks/Elúltimobaile.Θ.0/Chart_HD.json,True,,structurally-nonempty,Assets/Tracks/Elúltimobaile.Θ.0/Chart_IN.json,False,,absent,,False,,absent,
Assets/Tracks/EndMe.ZxNXasDelaina.0/Illustration.jpg,Assets/Tracks/EndMe.ZxNXasDelaina.0/,EndMe,ZxNXasDelaina,0,phigros:trackpath=Assets/Tracks/EndMe.ZxNXasDelaina.0/,Addressables primary-key path / Assets/Tracks folder,,,,structure-found-instance-relation-unresolved,"IL2CPP Chapter/ChapterSongInfo/ChapterSongItem types expose chapterCode, songs and songsId; no serialized instance values or Track→Chapter foreign-key record was recovered",Assets/Tracks/EndMe.ZxNXasDelaina.0/Illustration.jpg,Assets/Tracks/EndMe.ZxNXasDelaina.0/music.wav,direct-track-folder-key,IL2CPP LevelInfo.level/difficulty and SongListItem.SetRating/SetRatingWithScore are UI/model candidates; no numeric per-track values recovered,partial-unresolved,,not-found-in-chart-json-or-targeted-metadata,medium,medium,phigros-track-records.csv; phigros-addressables-keys.csv; APK Addressables catalog,True,,structurally-nonempty,Assets/Tracks/EndMe.ZxNXasDelaina.0/Chart_EZ.json,True,,structurally-nonempty,Assets/Tracks/EndMe.ZxNXasDelaina.0/Chart_HD.json,True,,structurally-nonempty,Assets/Tracks/EndMe.ZxNXasDelaina.0/Chart_IN.json,False,,absent,,False,,absent,
Assets/Tracks/EnginexStartmelodymix.CrossingSound.0/Illustration.jpg,Assets/Tracks/EnginexStartmelodymix.CrossingSound.0/,EnginexStartmelodymix,CrossingSound,0,phigros:trackpath=Assets/Tracks/EnginexStartmelodymix.CrossingSound.0/,Addressables primary-key path / Assets/Tracks folder,,,,structure-found-instance-relation-unresolved,"IL2CPP Chapter/ChapterSongInfo/ChapterSongItem types expose chapterCode, songs and songsId; no serialized instance values or Track→Chapter foreign-key record was recovered",Assets/Tracks/EnginexStartmelodymix.CrossingSound.0/Illustration.jpg,Assets/Tracks/EnginexStartmelodymix.CrossingSound.0/music.wav,direct-track-folder-key,IL2CPP LevelInfo.level/difficulty and SongListItem.SetRating/SetRatingWithScore are UI/model candidates; no numeric per-track values recovered,partial-unresolved,,not-found-in-chart-json-or-targeted-metadata,medium,medium,phigros-track-records.csv; phigros-addressables-keys.csv; APK Addressables catalog,True,,structurally-nonempty,Assets/Tracks/EnginexStartmelodymix.CrossingSound.0/Chart_EZ.json,True,,structurally-nonempty,Assets/Tracks/EnginexStartmelodymix.CrossingSound.0/Chart_HD.json,True,,structurally-nonempty,Assets/Tracks/EnginexStartmelodymix.CrossingSound.0/Chart_IN.json,False,,absent,,False,,absent,
Assets/Tracks/EradicationCatastrophe.NceS.0/Illustration.jpg,Assets/Tracks/EradicationCatastrophe.NceS.0/,EradicationCatastrophe,NceS,0,phigros:trackpath=Assets/Tracks/EradicationCatastrophe.NceS.0/,Addressables primary-key path / Assets/Tracks folder,,,,structure-found-instance-relation-unresolved,"IL2CPP Chapter/ChapterSongInfo/ChapterSongItem types expose chapterCode, songs and songsId; no serialized instance values or Track→Chapter foreign-key record was recovered",Assets/Tracks/EradicationCatastrophe.NceS.0/Illustration.jpg,Assets/Tracks/EradicationCatastrophe.NceS.0/music.wav,direct-track-folder-key,IL2CPP LevelInfo.level/difficulty and SongListItem.SetRating/SetRatingWithScore are UI/model candidates; no numeric per-track values recovered,partial-unresolved,,not-found-in-chart-json-or-targeted-metadata,medium,medium,phigros-track-records.csv; phigros-addressables-keys.csv; APK Addressables catalog,True,,structurally-nonempty,Assets/Tracks/EradicationCatastrophe.NceS.0/Chart_EZ.json,True,,structurally-nonempty,Assets/Tracks/EradicationCatastrophe.NceS.0/Chart_HD.json,True,,structurally-nonempty,Assets/Tracks/EradicationCatastrophe.NceS.0/Chart_IN.json,False,,absent,,False,,absent,
Assets/Tracks/EternalSnow.AbyssIdols.0/Illustration.jpg,Assets/Tracks/EternalSnow.AbyssIdols.0/,EternalSnow,AbyssIdols,0,phigros:trackpath=Assets/Tracks/EternalSnow.AbyssIdols.0/,Addressables primary-key path / Assets/Tracks folder,,,,structure-found-instance-relation-unresolved,"IL2CPP Chapter/ChapterSongInfo/ChapterSongItem types expose chapterCode, songs and songsId; no serialized instance values or Track→Chapter foreign-key record was recovered",Assets/Tracks/EternalSnow.AbyssIdols.0/Illustration.jpg,Assets/Tracks/EternalSnow.AbyssIdols.0/music.wav,direct-track-folder-key,IL2CPP LevelInfo.level/difficulty and SongListItem.SetRating/SetRatingWithScore are UI/model candidates; no numeric per-track values recovered,partial-unresolved,,not-found-in-chart-json-or-targeted-metadata,medium,medium,phigros-track-records.csv; phigros-addressables-keys.csv; APK Addressables catalog,True,,structurally-nonempty,Assets/Tracks/EternalSnow.AbyssIdols.0/Chart_EZ.json,True,,structurally-nonempty,Assets/Tracks/EternalSnow.AbyssIdols.0/Chart_HD.json,True,,structurally-nonempty,Assets/Tracks/EternalSnow.AbyssIdols.0/Chart_IN.json,False,,absent,,False,,absent,
Assets/Tracks/FULiAUTOBUSTER.MYUKKE.0/Illustration.jpg,Assets/Tracks/FULiAUTOBUSTER.MYUKKE.0/,FULiAUTOBUSTER,MYUKKE,0,phigros:trackpath=Assets/Tracks/FULiAUTOBUSTER.MYUKKE.0/,Addressables primary-key path / Assets/Tracks folder,,,,structure-found-instance-relation-unresolved,"IL2CPP Chapter/ChapterSongInfo/ChapterSongItem types expose chapterCode, songs and songsId; no serialized instance values or Track→Chapter foreign-key record was recovered",Assets/Tracks/FULiAUTOBUSTER.MYUKKE.0/Illustration.jpg,Assets/Tracks/FULiAUTOBUSTER.MYUKKE.0/music.wav,direct-track-folder-key,IL2CPP LevelInfo.level/difficulty and SongListItem.SetRating/SetRatingWithScore are UI/model candidates; no numeric per-track values recovered,partial-unresolved,,not-found-in-chart-json-or-targeted-metadata,medium,medium,phigros-track-records.csv; phigros-addressables-keys.csv; APK Addressables catalog,True,,structurally-nonempty,Assets/Tracks/FULiAUTOBUSTER.MYUKKE.0/Chart_EZ.json,True,,structurally-nonempty,Assets/Tracks/FULiAUTOBUSTER.MYUKKE.0/Chart_HD.json,True,,structurally-nonempty,Assets/Tracks/FULiAUTOBUSTER.MYUKKE.0/Chart_IN.json,False,,absent,,False,,absent,
Assets/Tracks/FULiAUTOSHOOTER.MYUKKE.0/Illustration.jpg,Assets/Tracks/FULiAUTOSHOOTER.MYUKKE.0/,FULiAUTOSHOOTER,MYUKKE,0,phigros:trackpath=Assets/Tracks/FULiAUTOSHOOTER.MYUKKE.0/,Addressables primary-key path / Assets/Tracks folder,,,,structure-found-instance-relation-unresolved,"IL2CPP Chapter/ChapterSongInfo/ChapterSongItem types expose chapterCode, songs and songsId; no serialized instance values or Track→Chapter foreign-key record was recovered",Assets/Tracks/FULiAUTOSHOOTER.MYUKKE.0/Illustration.jpg,Assets/Tracks/FULiAUTOSHOOTER.MYUKKE.0/music.wav,direct-track-folder-key,IL2CPP LevelInfo.level/difficulty and SongListItem.SetRating/SetRatingWithScore are UI/model candidates; no numeric per-track values recovered,partial-unresolved,,not-found-in-chart-json-or-targeted-metadata,medium,medium,phigros-track-records.csv; phigros-addressables-keys.csv; APK Addressables catalog,True,,structurally-nonempty,Assets/Tracks/FULiAUTOSHOOTER.MYUKKE.0/Chart_EZ.json,True,,structurally-nonempty,Assets/Tracks/FULiAUTOSHOOTER.MYUKKE.0/Chart_HD.json,True,,structurally-nonempty,Assets/Tracks/FULiAUTOSHOOTER.MYUKKE.0/Chart_IN.json,False,,absent,,False,,absent,
Assets/Tracks/Feast远东之宴.茶鸣拾贰律.0/Illustration.jpg,Assets/Tracks/Feast远东之宴.茶鸣拾贰律.0/,Feast远东之宴,茶鸣拾贰律,0,phigros:trackpath=Assets/Tracks/Feast远东之宴.茶鸣拾贰律.0/,Addressables primary-key path / Assets/Tracks folder,,,,structure-found-instance-relation-unresolved,"IL2CPP Chapter/ChapterSongInfo/ChapterSongItem types expose chapterCode, songs and songsId; no serialized instance values or Track→Chapter foreign-key record was recovered",Assets/Tracks/Feast远东之宴.茶鸣拾贰律.0/Illustration.jpg,Assets/Tracks/Feast远东之宴.茶鸣拾贰律.0/music.wav,direct-track-folder-key,IL2CPP LevelInfo.level/difficulty and SongListItem.SetRating/SetRatingWithScore are UI/model candidates; no numeric per-track values recovered,partial-unresolved,,not-found-in-chart-json-or-targeted-metadata,medium,medium,phigros-track-records.csv; phigros-addressables-keys.csv; APK Addressables catalog,True,,structurally-nonempty,Assets/Tracks/Feast远东之宴.茶鸣拾贰律.0/Chart_EZ.json,True,,structurally-nonempty,Assets/Tracks/Feast远东之宴.茶鸣拾贰律.0/Chart_HD.json,True,,structurally-nonempty,Assets/Tracks/Feast远东之宴.茶鸣拾贰律.0/Chart_IN.json,False,,absent,,False,,absent,
Assets/Tracks/FinalStep.Lime.0/Illustration.jpg,Assets/Tracks/FinalStep.Lime.0/,FinalStep,Lime,0,phigros:trackpath=Assets/Tracks/FinalStep.Lime.0/,Addressables primary-key path / Assets/Tracks folder,,,,structure-found-instance-relation-unresolved,"IL2CPP Chapter/ChapterSongInfo/ChapterSongItem types expose chapterCode, songs and songsId; no serialized instance values or Track→Chapter foreign-key record was recovered",Assets/Tracks/FinalStep.Lime.0/Illustration.jpg,Assets/Tracks/FinalStep.Lime.0/music.wav,direct-track-folder-key,IL2CPP LevelInfo.level/difficulty and SongListItem.SetRating/SetRatingWithScore are UI/model candidates; no numeric per-track values recovered,partial-unresolved,,not-found-in-chart-json-or-targeted-metadata,medium,medium,phigros-track-records.csv; phigros-addressables-keys.csv; APK Addressables catalog,True,,structurally-nonempty,Assets/Tracks/FinalStep.Lime.0/Chart_EZ.json,True,,structurally-nonempty,Assets/Tracks/FinalStep.Lime.0/Chart_HD.json,True,,structurally-nonempty,Assets/Tracks/FinalStep.Lime.0/Chart_IN.json,False,,absent,,False,,absent,
Assets/Tracks/FindMe.Kforest.0/Illustration.jpg,Assets/Tracks/FindMe.Kforest.0/,FindMe,Kforest,0,phigros:trackpath=Assets/Tracks/FindMe.Kforest.0/,Addressables primary-key path / Assets/Tracks folder,,,,structure-found-instance-relation-unresolved,"IL2CPP Chapter/ChapterSongInfo/ChapterSongItem types expose chapterCode, songs and songsId; no serialized instance values or Track→Chapter foreign-key record was recovered",Assets/Tracks/FindMe.Kforest.0/Illustration.jpg,Assets/Tracks/FindMe.Kforest.0/music.wav,direct-track-folder-key,IL2CPP LevelInfo.level/difficulty and SongListItem.SetRating/SetRatingWithScore are UI/model candidates; no numeric per-track values recovered,partial-unresolved,,not-found-in-chart-json-or-targeted-metadata,medium,medium,phigros-track-records.csv; phigros-addressables-keys.csv; APK Addressables catalog,True,,structurally-nonempty,Assets/Tracks/FindMe.Kforest.0/Chart_EZ.json,True,,structurally-nonempty,Assets/Tracks/FindMe.Kforest.0/Chart_HD.json,True,,structurally-nonempty,Assets/Tracks/FindMe.Kforest.0/Chart_IN.json,False,,absent,,False,,absent,
Assets/Tracks/FixationsTowardtheStars.Foodbot.0/Illustration.jpg,Assets/Tracks/FixationsTowardtheStars.Foodbot.0/,FixationsTowardtheStars,Foodbot,0,phigros:trackpath=Assets/Tracks/FixationsTowardtheStars.Foodbot.0/,Addressables primary-key path / Assets/Tracks folder,,,,structure-found-instance-relation-unresolved,"IL2CPP Chapter/ChapterSongInfo/ChapterSongItem types expose chapterCode, songs and songsId; no serialized instance values or Track→Chapter foreign-key record was recovered",Assets/Tracks/FixationsTowardtheStars.Foodbot.0/Illustration.jpg,Assets/Tracks/FixationsTowardtheStars.Foodbot.0/music.wav,direct-track-folder-key,IL2CPP LevelInfo.level/difficulty and SongListItem.SetRating/SetRatingWithScore are UI/model candidates; no numeric per-track values recovered,partial-unresolved,,not-found-in-chart-json-or-targeted-metadata,medium,medium,phigros-track-records.csv; phigros-addressables-keys.csv; APK Addressables catalog,True,,structurally-nonempty,Assets/Tracks/FixationsTowardtheStars.Foodbot.0/Chart_EZ.json,True,,structurally-nonempty,Assets/Tracks/FixationsTowardtheStars.Foodbot.0/Chart_HD.json,True,,structurally-nonempty,Assets/Tracks/FixationsTowardtheStars.Foodbot.0/Chart_IN.json,False,,absent,,False,,absent,
Assets/Tracks/FlutterEcho.Cansol.0/Illustration.jpg,Assets/Tracks/FlutterEcho.Cansol.0/,FlutterEcho,Cansol,0,phigros:trackpath=Assets/Tracks/FlutterEcho.Cansol.0/,Addressables primary-key path / Assets/Tracks folder,,,,structure-found-instance-relation-unresolved,"IL2CPP Chapter/ChapterSongInfo/ChapterSongItem types expose chapterCode, songs and songsId; no serialized instance values or Track→Chapter foreign-key record was recovered",Assets/Tracks/FlutterEcho.Cansol.0/Illustration.jpg,Assets/Tracks/FlutterEcho.Cansol.0/music.wav,direct-track-folder-key,IL2CPP LevelInfo.level/difficulty and SongListItem.SetRating/SetRatingWithScore are UI/model candidates; no numeric per-track values recovered,partial-unresolved,,not-found-in-chart-json-or-targeted-metadata,medium,medium,phigros-track-records.csv; phigros-addressables-keys.csv; APK Addressables catalog,True,,structurally-nonempty,Assets/Tracks/FlutterEcho.Cansol.0/Chart_EZ.json,True,,structurally-nonempty,Assets/Tracks/FlutterEcho.Cansol.0/Chart_HD.json,True,,structurally-nonempty,Assets/Tracks/FlutterEcho.Cansol.0/Chart_IN.json,False,,absent,,False,,absent,
Assets/Tracks/FracturedAngel.DJRaisei.0/Illustration.jpg,Assets/Tracks/FracturedAngel.DJRaisei.0/,FracturedAngel,DJRaisei,0,phigros:trackpath=Assets/Tracks/FracturedAngel.DJRaisei.0/,Addressables primary-key path / Assets/Tracks folder,,,,structure-found-instance-relation-unresolved,"IL2CPP Chapter/ChapterSongInfo/ChapterSongItem types expose chapterCode, songs and songsId; no serialized instance values or Track→Chapter foreign-key record was recovered",Assets/Tracks/FracturedAngel.DJRaisei.0/Illustration.jpg,Assets/Tracks/FracturedAngel.DJRaisei.0/music.wav,direct-track-folder-key,IL2CPP LevelInfo.level/difficulty and SongListItem.SetRating/SetRatingWithScore are UI/model candidates; no numeric per-track values recovered,partial-unresolved,,not-found-in-chart-json-or-targeted-metadata,medium,medium,phigros-track-records.csv; phigros-addressables-keys.csv; APK Addressables catalog,True,,structurally-nonempty,Assets/Tracks/FracturedAngel.DJRaisei.0/Chart_EZ.json,True,,structurally-nonempty,Assets/Tracks/FracturedAngel.DJRaisei.0/Chart_HD.json,True,,structurally-nonempty,Assets/Tracks/FracturedAngel.DJRaisei.0/Chart_IN.json,False,,absent,,False,,absent,
Assets/Tracks/FreakyUndulationsNobleKnightsofTune.JehezukielKURORAK.0/Illustration.jpg,Assets/Tracks/FreakyUndulationsNobleKnightsofTune.JehezukielKURORAK.0/,FreakyUndulationsNobleKnightsofTune,JehezukielKURORAK,0,phigros:trackpath=Assets/Tracks/FreakyUndulationsNobleKnightsofTune.JehezukielKURORAK.0/,Addressables primary-key path / Assets/Tracks folder,,,,structure-found-instance-relation-unresolved,"IL2CPP Chapter/ChapterSongInfo/ChapterSongItem types expose chapterCode, songs and songsId; no serialized instance values or Track→Chapter foreign-key record was recovered",Assets/Tracks/FreakyUndulationsNobleKnightsofTune.JehezukielKURORAK.0/Illustration.jpg,Assets/Tracks/FreakyUndulationsNobleKnightsofTune.JehezukielKURORAK.0/music.wav,direct-track-folder-key,IL2CPP LevelInfo.level/difficulty and SongListItem.SetRating/SetRatingWithScore are UI/model candidates; no numeric per-track values recovered,partial-unresolved,,not-found-in-chart-json-or-targeted-metadata,medium,medium,phigros-track-records.csv; phigros-addressables-keys.csv; APK Addressables catalog,True,,structurally-nonempty,Assets/Tracks/FreakyUndulationsNobleKnightsofTune.JehezukielKURORAK.0/Chart_EZ.json,True,,structurally-nonempty,Assets/Tracks/FreakyUndulationsNobleKnightsofTune.JehezukielKURORAK.0/Chart_HD.json,True,,structurally-nonempty,Assets/Tracks/FreakyUndulationsNobleKnightsofTune.JehezukielKURORAK.0/Chart_IN.json,False,,absent,,False,,absent,
Assets/Tracks/FrozenHeart.A39沙包P.0/Illustration.jpg,Assets/Tracks/FrozenHeart.A39沙包P.0/,FrozenHeart,A39沙包P,0,phigros:trackpath=Assets/Tracks/FrozenHeart.A39沙包P.0/,Addressables primary-key path / Assets/Tracks folder,,,,structure-found-instance-relation-unresolved,"IL2CPP Chapter/ChapterSongInfo/ChapterSongItem types expose chapterCode, songs and songsId; no serialized instance values or Track→Chapter foreign-key record was recovered",Assets/Tracks/FrozenHeart.A39沙包P.0/Illustration.jpg,Assets/Tracks/FrozenHeart.A39沙包P.0/music.wav,direct-track-folder-key,IL2CPP LevelInfo.level/difficulty and SongListItem.SetRating/SetRatingWithScore are UI/model candidates; no numeric per-track values recovered,partial-unresolved,,not-found-in-chart-json-or-targeted-metadata,medium,medium,phigros-track-records.csv; phigros-addressables-keys.csv; APK Addressables catalog,True,,structurally-nonempty,Assets/Tracks/FrozenHeart.A39沙包P.0/Chart_EZ.json,True,,structurally-nonempty,Assets/Tracks/FrozenHeart.A39沙包P.0/Chart_HD.json,True,,structurally-nonempty,Assets/Tracks/FrozenHeart.A39沙包P.0/Chart_IN.json,False,,absent,,False,,absent,
Assets/Tracks/FutureMind.RayNauticaRekuMochizuki.0/Illustration.jpg,Assets/Tracks/FutureMind.RayNauticaRekuMochizuki.0/,FutureMind,RayNauticaRekuMochizuki,0,phigros:trackpath=Assets/Tracks/FutureMind.RayNauticaRekuMochizuki.0/,Addressables primary-key path / Assets/Tracks folder,,,,structure-found-instance-relation-unresolved,"IL2CPP Chapter/ChapterSongInfo/ChapterSongItem types expose chapterCode, songs and songsId; no serialized instance values or Track→Chapter foreign-key record was recovered",Assets/Tracks/FutureMind.RayNauticaRekuMochizuki.0/Illustration.jpg,Assets/Tracks/FutureMind.RayNauticaRekuMochizuki.0/music.wav,direct-track-folder-key,IL2CPP LevelInfo.level/difficulty and SongListItem.SetRating/SetRatingWithScore are UI/model candidates; no numeric per-track values recovered,partial-unresolved,,not-found-in-chart-json-or-targeted-metadata,medium,medium,phigros-track-records.csv; phigros-addressables-keys.csv; APK Addressables catalog,True,,structurally-nonempty,Assets/Tracks/FutureMind.RayNauticaRekuMochizuki.0/Chart_EZ.json,True,,structurally-nonempty,Assets/Tracks/FutureMind.RayNauticaRekuMochizuki.0/Chart_HD.json,True,,structurally-nonempty,Assets/Tracks/FutureMind.RayNauticaRekuMochizuki.0/Chart_IN.json,False,,absent,,False,,absent,
Assets/Tracks/GOODBOUNCE.EBIMAYO.0/Illustration.jpg,Assets/Tracks/GOODBOUNCE.EBIMAYO.0/,GOODBOUNCE,EBIMAYO,0,phigros:trackpath=Assets/Tracks/GOODBOUNCE.EBIMAYO.0/,Addressables primary-key path / Assets/Tracks folder,,,,structure-found-instance-relation-unresolved,"IL2CPP Chapter/ChapterSongInfo/ChapterSongItem types expose chapterCode, songs and songsId; no serialized instance values or Track→Chapter foreign-key record was recovered",Assets/Tracks/GOODBOUNCE.EBIMAYO.0/Illustration.jpg,Assets/Tracks/GOODBOUNCE.EBIMAYO.0/music.wav,direct-track-folder-key,IL2CPP LevelInfo.level/difficulty and SongListItem.SetRating/SetRatingWithScore are UI/model candidates; no numeric per-track values recovered,partial-unresolved,,not-found-in-chart-json-or-targeted-metadata,medium,medium,phigros-track-records.csv; phigros-addressables-keys.csv; APK Addressables catalog,True,,structurally-nonempty,Assets/Tracks/GOODBOUNCE.EBIMAYO.0/Chart_EZ.json,True,,structurally-nonempty,Assets/Tracks/GOODBOUNCE.EBIMAYO.0/Chart_HD.json,True,,structurally-nonempty,Assets/Tracks/GOODBOUNCE.EBIMAYO.0/Chart_IN.json,False,,absent,,False,,absent,
Assets/Tracks/GOODFORTUNE.EBIMAYO.0/Illustration.jpg,Assets/Tracks/GOODFORTUNE.EBIMAYO.0/,GOODFORTUNE,EBIMAYO,0,phigros:trackpath=Assets/Tracks/GOODFORTUNE.EBIMAYO.0/,Addressables primary-key path / Assets/Tracks folder,,,,structure-found-instance-relation-unresolved,"IL2CPP Chapter/ChapterSongInfo/ChapterSongItem types expose chapterCode, songs and songsId; no serialized instance values or Track→Chapter foreign-key record was recovered",Assets/Tracks/GOODFORTUNE.EBIMAYO.0/Illustration.jpg,Assets/Tracks/GOODFORTUNE.EBIMAYO.0/music.wav,direct-track-folder-key,IL2CPP LevelInfo.level/difficulty and SongListItem.SetRating/SetRatingWithScore are UI/model candidates; no numeric per-track values recovered,partial-unresolved,,not-found-in-chart-json-or-targeted-metadata,medium,medium,phigros-track-records.csv; phigros-addressables-keys.csv; APK Addressables catalog,True,,structurally-nonempty,Assets/Tracks/GOODFORTUNE.EBIMAYO.0/Chart_EZ.json,True,,structurally-nonempty,Assets/Tracks/GOODFORTUNE.EBIMAYO.0/Chart_HD.json,True,,structurally-nonempty,Assets/Tracks/GOODFORTUNE.EBIMAYO.0/Chart_IN.json,False,,absent,,False,,absent,
Assets/Tracks/GOODRAGE.EBIMAYO.0/Illustration.jpg,Assets/Tracks/GOODRAGE.EBIMAYO.0/,GOODRAGE,EBIMAYO,0,phigros:trackpath=Assets/Tracks/GOODRAGE.EBIMAYO.0/,Addressables primary-key path / Assets/Tracks folder,,,,structure-found-instance-relation-unresolved,"IL2CPP Chapter/ChapterSongInfo/ChapterSongItem types expose chapterCode, songs and songsId; no serialized instance values or Track→Chapter foreign-key record was recovered",Assets/Tracks/GOODRAGE.EBIMAYO.0/Illustration.jpg,Assets/Tracks/GOODRAGE.EBIMAYO.0/music.wav,direct-track-folder-key,IL2CPP LevelInfo.level/difficulty and SongListItem.SetRating/SetRatingWithScore are UI/model candidates; no numeric per-track values recovered,partial-unresolved,,not-found-in-chart-json-or-targeted-metadata,medium,medium,phigros-track-records.csv; phigros-addressables-keys.csv; APK Addressables catalog,True,,structurally-nonempty,Assets/Tracks/GOODRAGE.EBIMAYO.0/Chart_EZ.json,True,,structurally-nonempty,Assets/Tracks/GOODRAGE.EBIMAYO.0/Chart_HD.json,True,,structurally-nonempty,Assets/Tracks/GOODRAGE.EBIMAYO.0/Chart_IN.json,False,,absent,,False,,absent,
Assets/Tracks/GOODTEK.EBIMAYO.0/Illustration.jpg,Assets/Tracks/GOODTEK.EBIMAYO.0/,GOODTEK,EBIMAYO,0,phigros:trackpath=Assets/Tracks/GOODTEK.EBIMAYO.0/,Addressables primary-key path / Assets/Tracks folder,,,,structure-found-instance-relation-unresolved,"IL2CPP Chapter/ChapterSongInfo/ChapterSongItem types expose chapterCode, songs and songsId; no serialized instance values or Track→Chapter foreign-key record was recovered",Assets/Tracks/GOODTEK.EBIMAYO.0/Illustration.jpg,Assets/Tracks/GOODTEK.EBIMAYO.0/music.wav,direct-track-folder-key,IL2CPP LevelInfo.level/difficulty and SongListItem.SetRating/SetRatingWithScore are UI/model candidates; no numeric per-track values recovered,partial-unresolved,,not-found-in-chart-json-or-targeted-metadata,medium,medium,phigros-track-records.csv; phigros-addressables-keys.csv; APK Addressables catalog,True,,structurally-nonempty,Assets/Tracks/GOODTEK.EBIMAYO.0/Chart_EZ.json,True,,structurally-nonempty,Assets/Tracks/GOODTEK.EBIMAYO.0/Chart_HD.json,True,,structurally-nonempty,Assets/Tracks/GOODTEK.EBIMAYO.0/Chart_IN.json,False,,absent,,False,,absent,
Assets/Tracks/GOODWORLD.EBIMAYO.0/Illustration.jpg,Assets/Tracks/GOODWORLD.EBIMAYO.0/,GOODWORLD,EBIMAYO,0,phigros:trackpath=Assets/Tracks/GOODWORLD.EBIMAYO.0/,Addressables primary-key path / Assets/Tracks folder,,,,structure-found-instance-relation-unresolved,"IL2CPP Chapter/ChapterSongInfo/ChapterSongItem types expose chapterCode, songs and songsId; no serialized instance values or Track→Chapter foreign-key record was recovered",Assets/Tracks/GOODWORLD.EBIMAYO.0/Illustration.jpg,Assets/Tracks/GOODWORLD.EBIMAYO.0/music.wav,direct-track-folder-key,IL2CPP LevelInfo.level/difficulty and SongListItem.SetRating/SetRatingWithScore are UI/model candidates; no numeric per-track values recovered,partial-unresolved,,not-found-in-chart-json-or-targeted-metadata,medium,medium,phigros-track-records.csv; phigros-addressables-keys.csv; APK Addressables catalog,True,,structurally-nonempty,Assets/Tracks/GOODWORLD.EBIMAYO.0/Chart_EZ.json,True,,structurally-nonempty,Assets/Tracks/GOODWORLD.EBIMAYO.0/Chart_HD.json,True,,structurally-nonempty,Assets/Tracks/GOODWORLD.EBIMAYO.0/Chart_IN.json,False,,absent,,False,,absent,
Assets/Tracks/GVNGlitterVomitusandNeon.SaltySaltUnfold33.0/Illustration.jpg,Assets/Tracks/GVNGlitterVomitusandNeon.SaltySaltUnfold33.0/,GVNGlitterVomitusandNeon,SaltySaltUnfold33,0,phigros:trackpath=Assets/Tracks/GVNGlitterVomitusandNeon.SaltySaltUnfold33.0/,Addressables primary-key path / Assets/Tracks folder,,,,structure-found-instance-relation-unresolved,"IL2CPP Chapter/ChapterSongInfo/ChapterSongItem types expose chapterCode, songs and songsId; no serialized instance values or Track→Chapter foreign-key record was recovered",Assets/Tracks/GVNGlitterVomitusandNeon.SaltySaltUnfold33.0/Illustration.jpg,Assets/Tracks/GVNGlitterVomitusandNeon.SaltySaltUnfold33.0/music.wav,direct-track-folder-key,IL2CPP LevelInfo.level/difficulty and SongListItem.SetRating/SetRatingWithScore are UI/model candidates; no numeric per-track values recovered,partial-unresolved,,not-found-in-chart-json-or-targeted-metadata,medium,medium,phigros-track-records.csv; phigros-addressables-keys.csv; APK Addressables catalog,True,,structurally-nonempty,Assets/Tracks/GVNGlitterVomitusandNeon.SaltySaltUnfold33.0/Chart_EZ.json,True,,structurally-nonempty,Assets/Tracks/GVNGlitterVomitusandNeon.SaltySaltUnfold33.0/Chart_HD.json,True,,structurally-nonempty,Assets/Tracks/GVNGlitterVomitusandNeon.SaltySaltUnfold33.0/Chart_IN.json,False,,absent,,False,,absent,
Assets/Tracks/GetBack.CAP3.0/Illustration.jpg,Assets/Tracks/GetBack.CAP3.0/,GetBack,CAP3,0,phigros:trackpath=Assets/Tracks/GetBack.CAP3.0/,Addressables primary-key path / Assets/Tracks folder,,,,structure-found-instance-relation-unresolved,"IL2CPP Chapter/ChapterSongInfo/ChapterSongItem types expose chapterCode, songs and songsId; no serialized instance values or Track→Chapter foreign-key record was recovered",Assets/Tracks/GetBack.CAP3.0/Illustration.jpg,Assets/Tracks/GetBack.CAP3.0/music.wav,direct-track-folder-key,IL2CPP LevelInfo.level/difficulty and SongListItem.SetRating/SetRatingWithScore are UI/model candidates; no numeric per-track values recovered,partial-unresolved,,not-found-in-chart-json-or-targeted-metadata,medium,medium,phigros-track-records.csv; phigros-addressables-keys.csv; APK Addressables catalog,True,,structurally-nonempty,Assets/Tracks/GetBack.CAP3.0/Chart_EZ.json,True,,structurally-nonempty,Assets/Tracks/GetBack.CAP3.0/Chart_HD.json,True,,structurally-nonempty,Assets/Tracks/GetBack.CAP3.0/Chart_IN.json,False,,absent,,False,,absent,
Assets/Tracks/GetReady.iF.0/Illustration.jpg,Assets/Tracks/GetReady.iF.0/,GetReady,iF,0,phigros:trackpath=Assets/Tracks/GetReady.iF.0/,Addressables primary-key path / Assets/Tracks folder,,,,structure-found-instance-relation-unresolved,"IL2CPP Chapter/ChapterSongInfo/ChapterSongItem types expose chapterCode, songs and songsId; no serialized instance values or Track→Chapter foreign-key record was recovered",Assets/Tracks/GetReady.iF.0/Illustration.jpg,Assets/Tracks/GetReady.iF.0/music.wav,direct-track-folder-key,IL2CPP LevelInfo.level/difficulty and SongListItem.SetRating/SetRatingWithScore are UI/model candidates; no numeric per-track values recovered,partial-unresolved,,not-found-in-chart-json-or-targeted-metadata,medium,medium,phigros-track-records.csv; phigros-addressables-keys.csv; APK Addressables catalog,True,,structurally-nonempty,Assets/Tracks/GetReady.iF.0/Chart_EZ.json,True,,structurally-nonempty,Assets/Tracks/GetReady.iF.0/Chart_HD.json,True,,structurally-nonempty,Assets/Tracks/GetReady.iF.0/Chart_IN.json,False,,absent,,False,,absent,
Assets/Tracks/Glaciaxion.SunsetRay.0/Illustration.jpg,Assets/Tracks/Glaciaxion.SunsetRay.0/,Glaciaxion,SunsetRay,0,phigros:trackpath=Assets/Tracks/Glaciaxion.SunsetRay.0/,Addressables primary-key path / Assets/Tracks folder,,,,structure-found-instance-relation-unresolved,"IL2CPP Chapter/ChapterSongInfo/ChapterSongItem types expose chapterCode, songs and songsId; no serialized instance values or Track→Chapter foreign-key record was recovered",Assets/Tracks/Glaciaxion.SunsetRay.0/Illustration.jpg,Assets/Tracks/Glaciaxion.SunsetRay.0/music.wav,direct-track-folder-key,IL2CPP LevelInfo.level/difficulty and SongListItem.SetRating/SetRatingWithScore are UI/model candidates; no numeric per-track values recovered,partial-unresolved,,not-found-in-chart-json-or-targeted-metadata,medium,medium,phigros-track-records.csv; phigros-addressables-keys.csv; APK Addressables catalog,True,,structurally-nonempty,Assets/Tracks/Glaciaxion.SunsetRay.0/Chart_EZ.json,True,,structurally-nonempty,Assets/Tracks/Glaciaxion.SunsetRay.0/Chart_HD.json,True,,structurally-nonempty,Assets/Tracks/Glaciaxion.SunsetRay.0/Chart_IN.json,False,,absent,,False,,absent,
Assets/Tracks/Grimheart.Puru.0/Illustration.jpg,Assets/Tracks/Grimheart.Puru.0/,Grimheart,Puru,0,phigros:trackpath=Assets/Tracks/Grimheart.Puru.0/,Addressables primary-key path / Assets/Tracks folder,,,,structure-found-instance-relation-unresolved,"IL2CPP Chapter/ChapterSongInfo/ChapterSongItem types expose chapterCode, songs and songsId; no serialized instance values or Track→Chapter foreign-key record was recovered",Assets/Tracks/Grimheart.Puru.0/Illustration.jpg,Assets/Tracks/Grimheart.Puru.0/music.wav,direct-track-folder-key,IL2CPP LevelInfo.level/difficulty and SongListItem.SetRating/SetRatingWithScore are UI/model candidates; no numeric per-track values recovered,partial-unresolved,,not-found-in-chart-json-or-targeted-metadata,medium,medium,phigros-track-records.csv; phigros-addressables-keys.csv; APK Addressables catalog,True,,structurally-nonempty,Assets/Tracks/Grimheart.Puru.0/Chart_EZ.json,True,,structurally-nonempty,Assets/Tracks/Grimheart.Puru.0/Chart_HD.json,True,,structurally-nonempty,Assets/Tracks/Grimheart.Puru.0/Chart_IN.json,False,,absent,,False,,absent,
Assets/Tracks/GungnirFracture.Kryexe.0/Illustration.jpg,Assets/Tracks/GungnirFracture.Kryexe.0/,GungnirFracture,Kryexe,0,phigros:trackpath=Assets/Tracks/GungnirFracture.Kryexe.0/,Addressables primary-key path / Assets/Tracks folder,,,,structure-found-instance-relation-unresolved,"IL2CPP Chapter/ChapterSongInfo/ChapterSongItem types expose chapterCode, songs and songsId; no serialized instance values or Track→Chapter foreign-key record was recovered",Assets/Tracks/GungnirFracture.Kryexe.0/Illustration.jpg,Assets/Tracks/GungnirFracture.Kryexe.0/music.wav,direct-track-folder-key,IL2CPP LevelInfo.level/difficulty and SongListItem.SetRating/SetRatingWithScore are UI/model candidates; no numeric per-track values recovered,partial-unresolved,,not-found-in-chart-json-or-targeted-metadata,medium,medium,phigros-track-records.csv; phigros-addressables-keys.csv; APK Addressables catalog,True,,structurally-nonempty,Assets/Tracks/GungnirFracture.Kryexe.0/Chart_EZ.json,True,,structurally-nonempty,Assets/Tracks/GungnirFracture.Kryexe.0/Chart_HD.json,True,,structurally-nonempty,Assets/Tracks/GungnirFracture.Kryexe.0/Chart_IN.json,False,,absent,,False,,absent,
Assets/Tracks/HAZARD.Limpid.0/Illustration.jpg,Assets/Tracks/HAZARD.Limpid.0/,HAZARD,Limpid,0,phigros:trackpath=Assets/Tracks/HAZARD.Limpid.0/,Addressables primary-key path / Assets/Tracks folder,,,,structure-found-instance-relation-unresolved,"IL2CPP Chapter/ChapterSongInfo/ChapterSongItem types expose chapterCode, songs and songsId; no serialized instance values or Track→Chapter foreign-key record was recovered",Assets/Tracks/HAZARD.Limpid.0/Illustration.jpg,Assets/Tracks/HAZARD.Limpid.0/music.wav,direct-track-folder-key,IL2CPP LevelInfo.level/difficulty and SongListItem.SetRating/SetRatingWithScore are UI/model candidates; no numeric per-track values recovered,partial-unresolved,,not-found-in-chart-json-or-targeted-metadata,medium,medium,phigros-track-records.csv; phigros-addressables-keys.csv; APK Addressables catalog,True,,structurally-nonempty,Assets/Tracks/HAZARD.Limpid.0/Chart_EZ.json,True,,structurally-nonempty,Assets/Tracks/HAZARD.Limpid.0/Chart_HD.json,True,,structurally-nonempty,Assets/Tracks/HAZARD.Limpid.0/Chart_IN.json,False,,absent,,False,,absent,
Assets/Tracks/HardcoreKwaya.EnFr.0/Illustration.jpg,Assets/Tracks/HardcoreKwaya.EnFr.0/,HardcoreKwaya,EnFr,0,phigros:trackpath=Assets/Tracks/HardcoreKwaya.EnFr.0/,Addressables primary-key path / Assets/Tracks folder,,,,structure-found-instance-relation-unresolved,"IL2CPP Chapter/ChapterSongInfo/ChapterSongItem types expose chapterCode, songs and songsId; no serialized instance values or Track→Chapter foreign-key record was recovered",Assets/Tracks/HardcoreKwaya.EnFr.0/Illustration.jpg,Assets/Tracks/HardcoreKwaya.EnFr.0/music.wav,direct-track-folder-key,IL2CPP LevelInfo.level/difficulty and SongListItem.SetRating/SetRatingWithScore are UI/model candidates; no numeric per-track values recovered,partial-unresolved,,not-found-in-chart-json-or-targeted-metadata,medium,medium,phigros-track-records.csv; phigros-addressables-keys.csv; APK Addressables catalog,True,,structurally-nonempty,Assets/Tracks/HardcoreKwaya.EnFr.0/Chart_EZ.json,True,,structurally-nonempty,Assets/Tracks/HardcoreKwaya.EnFr.0/Chart_HD.json,True,,structurally-nonempty,Assets/Tracks/HardcoreKwaya.EnFr.0/Chart_IN.json,False,,absent,,False,,absent,
Assets/Tracks/Helios.NOABotaNya.0/Illustration.jpg,Assets/Tracks/Helios.NOABotaNya.0/,Helios,NOABotaNya,0,phigros:trackpath=Assets/Tracks/Helios.NOABotaNya.0/,Addressables primary-key path / Assets/Tracks folder,,,,structure-found-instance-relation-unresolved,"IL2CPP Chapter/ChapterSongInfo/ChapterSongItem types expose chapterCode, songs and songsId; no serialized instance values or Track→Chapter foreign-key record was recovered",Assets/Tracks/Helios.NOABotaNya.0/Illustration.jpg,Assets/Tracks/Helios.NOABotaNya.0/music.wav,direct-track-folder-key,IL2CPP LevelInfo.level/difficulty and SongListItem.SetRating/SetRatingWithScore are UI/model candidates; no numeric per-track values recovered,partial-unresolved,,not-found-in-chart-json-or-targeted-metadata,medium,medium,phigros-track-records.csv; phigros-addressables-keys.csv; APK Addressables catalog,True,,structurally-nonempty,Assets/Tracks/Helios.NOABotaNya.0/Chart_EZ.json,True,,structurally-nonempty,Assets/Tracks/Helios.NOABotaNya.0/Chart_HD.json,True,,structurally-nonempty,Assets/Tracks/Helios.NOABotaNya.0/Chart_IN.json,False,,absent,,False,,absent,
Assets/Tracks/HorizonBlue.NothingButRequiemfeatAikapinChiyoko.0/Illustration.jpg,Assets/Tracks/HorizonBlue.NothingButRequiemfeatAikapinChiyoko.0/,HorizonBlue,NothingButRequiemfeatAikapinChiyoko,0,phigros:trackpath=Assets/Tracks/HorizonBlue.NothingButRequiemfeatAikapinChiyoko.0/,Addressables primary-key path / Assets/Tracks folder,,,,structure-found-instance-relation-unresolved,"IL2CPP Chapter/ChapterSongInfo/ChapterSongItem types expose chapterCode, songs and songsId; no serialized instance values or Track→Chapter foreign-key record was recovered",Assets/Tracks/HorizonBlue.NothingButRequiemfeatAikapinChiyoko.0/Illustration.jpg,Assets/Tracks/HorizonBlue.NothingButRequiemfeatAikapinChiyoko.0/music.wav,direct-track-folder-key,IL2CPP LevelInfo.level/difficulty and SongListItem.SetRating/SetRatingWithScore are UI/model candidates; no numeric per-track values recovered,partial-unresolved,,not-found-in-chart-json-or-targeted-metadata,medium,medium,phigros-track-records.csv; phigros-addressables-keys.csv; APK Addressables catalog,True,,structurally-nonempty,Assets/Tracks/HorizonBlue.NothingButRequiemfeatAikapinChiyoko.0/Chart_EZ.json,True,,structurally-nonempty,Assets/Tracks/HorizonBlue.NothingButRequiemfeatAikapinChiyoko.0/Chart_HD.json,True,,structurally-nonempty,Assets/Tracks/HorizonBlue.NothingButRequiemfeatAikapinChiyoko.0/Chart_IN.json,False,,absent,,False,,absent,
Assets/Tracks/HumaN.SOTUI.0/Illustration.jpg,Assets/Tracks/HumaN.SOTUI.0/,HumaN,SOTUI,0,phigros:trackpath=Assets/Tracks/HumaN.SOTUI.0/,Addressables primary-key path / Assets/Tracks folder,,,,structure-found-instance-relation-unresolved,"IL2CPP Chapter/ChapterSongInfo/ChapterSongItem types expose chapterCode, songs and songsId; no serialized instance values or Track→Chapter foreign-key record was recovered",Assets/Tracks/HumaN.SOTUI.0/Illustration.jpg,Assets/Tracks/HumaN.SOTUI.0/music.wav,direct-track-folder-key,IL2CPP LevelInfo.level/difficulty and SongListItem.SetRating/SetRatingWithScore are UI/model candidates; no numeric per-track values recovered,partial-unresolved,,not-found-in-chart-json-or-targeted-metadata,medium,medium,phigros-track-records.csv; phigros-addressables-keys.csv; APK Addressables catalog,True,,structurally-nonempty,Assets/Tracks/HumaN.SOTUI.0/Chart_EZ.json,True,,structurally-nonempty,Assets/Tracks/HumaN.SOTUI.0/Chart_HD.json,True,,structurally-nonempty,Assets/Tracks/HumaN.SOTUI.0/Chart_IN.json,False,,absent,,False,,absent,
Assets/Tracks/Hydra.JamesLandinoXAkiraComplex.0/Illustration.jpg,Assets/Tracks/Hydra.JamesLandinoXAkiraComplex.0/,Hydra,JamesLandinoXAkiraComplex,0,phigros:trackpath=Assets/Tracks/Hydra.JamesLandinoXAkiraComplex.0/,Addressables primary-key path / Assets/Tracks folder,,,,structure-found-instance-relation-unresolved,"IL2CPP Chapter/ChapterSongInfo/ChapterSongItem types expose chapterCode, songs and songsId; no serialized instance values or Track→Chapter foreign-key record was recovered",Assets/Tracks/Hydra.JamesLandinoXAkiraComplex.0/Illustration.jpg,Assets/Tracks/Hydra.JamesLandinoXAkiraComplex.0/music.wav,direct-track-folder-key,IL2CPP LevelInfo.level/difficulty and SongListItem.SetRating/SetRatingWithScore are UI/model candidates; no numeric per-track values recovered,partial-unresolved,,not-found-in-chart-json-or-targeted-metadata,medium,medium,phigros-track-records.csv; phigros-addressables-keys.csv; APK Addressables catalog,True,,structurally-nonempty,Assets/Tracks/Hydra.JamesLandinoXAkiraComplex.0/Chart_EZ.json,True,,structurally-nonempty,Assets/Tracks/Hydra.JamesLandinoXAkiraComplex.0/Chart_HD.json,True,,structurally-nonempty,Assets/Tracks/Hydra.JamesLandinoXAkiraComplex.0/Chart_IN.json,True,,structurally-nonempty,Assets/Tracks/Hydra.JamesLandinoXAkiraComplex.0/Chart_AT.json,False,,absent,
Assets/Tracks/IMustSayNo.TangJuan.0/Illustration.jpg,Assets/Tracks/IMustSayNo.TangJuan.0/,IMustSayNo,TangJuan,0,phigros:trackpath=Assets/Tracks/IMustSayNo.TangJuan.0/,Addressables primary-key path / Assets/Tracks folder,,,,structure-found-instance-relation-unresolved,"IL2CPP Chapter/ChapterSongInfo/ChapterSongItem types expose chapterCode, songs and songsId; no serialized instance values or Track→Chapter foreign-key record was recovered",Assets/Tracks/IMustSayNo.TangJuan.0/Illustration.jpg,Assets/Tracks/IMustSayNo.TangJuan.0/music.wav,direct-track-folder-key,IL2CPP LevelInfo.level/difficulty and SongListItem.SetRating/SetRatingWithScore are UI/model candidates; no numeric per-track values recovered,partial-unresolved,,not-found-in-chart-json-or-targeted-metadata,medium,medium,phigros-track-records.csv; phigros-addressables-keys.csv; APK Addressables catalog,True,,structurally-nonempty,Assets/Tracks/IMustSayNo.TangJuan.0/Chart_EZ.json,True,,structurally-nonempty,Assets/Tracks/IMustSayNo.TangJuan.0/Chart_HD.json,True,,structurally-nonempty,Assets/Tracks/IMustSayNo.TangJuan.0/Chart_IN.json,False,,absent,,False,,absent,
Assets/Tracks/INFiNiTEENERZYOverdoze.RekuMochizuki.0/Illustration.jpg,Assets/Tracks/INFiNiTEENERZYOverdoze.RekuMochizuki.0/,INFiNiTEENERZYOverdoze,RekuMochizuki,0,phigros:trackpath=Assets/Tracks/INFiNiTEENERZYOverdoze.RekuMochizuki.0/,Addressables primary-key path / Assets/Tracks folder,,,,structure-found-instance-relation-unresolved,"IL2CPP Chapter/ChapterSongInfo/ChapterSongItem types expose chapterCode, songs and songsId; no serialized instance values or Track→Chapter foreign-key record was recovered",Assets/Tracks/INFiNiTEENERZYOverdoze.RekuMochizuki.0/Illustration.jpg,Assets/Tracks/INFiNiTEENERZYOverdoze.RekuMochizuki.0/music.wav,direct-track-folder-key,IL2CPP LevelInfo.level/difficulty and SongListItem.SetRating/SetRatingWithScore are UI/model candidates; no numeric per-track values recovered,partial-unresolved,,not-found-in-chart-json-or-targeted-metadata,medium,medium,phigros-track-records.csv; phigros-addressables-keys.csv; APK Addressables catalog,True,,structurally-nonempty,Assets/Tracks/INFiNiTEENERZYOverdoze.RekuMochizuki.0/Chart_EZ.json,True,,structurally-nonempty,Assets/Tracks/INFiNiTEENERZYOverdoze.RekuMochizuki.0/Chart_HD.json,True,,structurally-nonempty,Assets/Tracks/INFiNiTEENERZYOverdoze.RekuMochizuki.0/Chart_IN.json,True,,structurally-nonempty,Assets/Tracks/INFiNiTEENERZYOverdoze.RekuMochizuki.0/Chart_AT.json,False,,absent,
Assets/Tracks/Igallta.SeURa.0/Illustration.jpg,Assets/Tracks/Igallta.SeURa.0/,Igallta,SeURa,0,phigros:trackpath=Assets/Tracks/Igallta.SeURa.0/,Addressables primary-key path / Assets/Tracks folder,,,,structure-found-instance-relation-unresolved,"IL2CPP Chapter/ChapterSongInfo/ChapterSongItem types expose chapterCode, songs and songsId; no serialized instance values or Track→Chapter foreign-key record was recovered",Assets/Tracks/Igallta.SeURa.0/Illustration.jpg,Assets/Tracks/Igallta.SeURa.0/music.wav,direct-track-folder-key,IL2CPP LevelInfo.level/difficulty and SongListItem.SetRating/SetRatingWithScore are UI/model candidates; no numeric per-track values recovered,partial-unresolved,,not-found-in-chart-json-or-targeted-metadata,medium,medium,phigros-track-records.csv; phigros-addressables-keys.csv; APK Addressables catalog,True,,structurally-nonempty,Assets/Tracks/Igallta.SeURa.0/Chart_EZ.json,True,,structurally-nonempty,Assets/Tracks/Igallta.SeURa.0/Chart_HD.json,True,,structurally-nonempty,Assets/Tracks/Igallta.SeURa.0/Chart_IN.json,True,,structurally-nonempty,Assets/Tracks/Igallta.SeURa.0/Chart_AT.json,False,,absent,
Assets/Tracks/Incyde.YbeLL.0/Illustration.jpg,Assets/Tracks/Incyde.YbeLL.0/,Incyde,YbeLL,0,phigros:trackpath=Assets/Tracks/Incyde.YbeLL.0/,Addressables primary-key path / Assets/Tracks folder,,,,structure-found-instance-relation-unresolved,"IL2CPP Chapter/ChapterSongInfo/ChapterSongItem types expose chapterCode, songs and songsId; no serialized instance values or Track→Chapter foreign-key record was recovered",Assets/Tracks/Incyde.YbeLL.0/Illustration.jpg,Assets/Tracks/Incyde.YbeLL.0/music.wav,direct-track-folder-key,IL2CPP LevelInfo.level/difficulty and SongListItem.SetRating/SetRatingWithScore are UI/model candidates; no numeric per-track values recovered,partial-unresolved,,not-found-in-chart-json-or-targeted-metadata,medium,medium,phigros-track-records.csv; phigros-addressables-keys.csv; APK Addressables catalog,True,,structurally-nonempty,Assets/Tracks/Incyde.YbeLL.0/Chart_EZ.json,True,,structurally-nonempty,Assets/Tracks/Incyde.YbeLL.0/Chart_HD.json,True,,structurally-nonempty,Assets/Tracks/Incyde.YbeLL.0/Chart_IN.json,False,,absent,,False,,absent,
Assets/Tracks/IndelibleScar.Noah.0/Illustration.jpg,Assets/Tracks/IndelibleScar.Noah.0/,IndelibleScar,Noah,0,phigros:trackpath=Assets/Tracks/IndelibleScar.Noah.0/,Addressables primary-key path / Assets/Tracks folder,,,,structure-found-instance-relation-unresolved,"IL2CPP Chapter/ChapterSongInfo/ChapterSongItem types expose chapterCode, songs and songsId; no serialized instance values or Track→Chapter foreign-key record was recovered",Assets/Tracks/IndelibleScar.Noah.0/Illustration.jpg,Assets/Tracks/IndelibleScar.Noah.0/music.wav,direct-track-folder-key,IL2CPP LevelInfo.level/difficulty and SongListItem.SetRating/SetRatingWithScore are UI/model candidates; no numeric per-track values recovered,partial-unresolved,,not-found-in-chart-json-or-targeted-metadata,medium,medium,phigros-track-records.csv; phigros-addressables-keys.csv; APK Addressables catalog,True,,structurally-nonempty,Assets/Tracks/IndelibleScar.Noah.0/Chart_EZ.json,True,,structurally-nonempty,Assets/Tracks/IndelibleScar.Noah.0/Chart_HD.json,True,,structurally-nonempty,Assets/Tracks/IndelibleScar.Noah.0/Chart_IN.json,True,,structurally-nonempty,Assets/Tracks/IndelibleScar.Noah.0/Chart_AT.json,False,,absent,
Assets/Tracks/InfinityHeaven.HyuN.0/Illustration.jpg,Assets/Tracks/InfinityHeaven.HyuN.0/,InfinityHeaven,HyuN,0,phigros:trackpath=Assets/Tracks/InfinityHeaven.HyuN.0/,Addressables primary-key path / Assets/Tracks folder,,,,structure-found-instance-relation-unresolved,"IL2CPP Chapter/ChapterSongInfo/ChapterSongItem types expose chapterCode, songs and songsId; no serialized instance values or Track→Chapter foreign-key record was recovered",Assets/Tracks/InfinityHeaven.HyuN.0/Illustration.jpg,Assets/Tracks/InfinityHeaven.HyuN.0/music.wav,direct-track-folder-key,IL2CPP LevelInfo.level/difficulty and SongListItem.SetRating/SetRatingWithScore are UI/model candidates; no numeric per-track values recovered,partial-unresolved,,not-found-in-chart-json-or-targeted-metadata,medium,medium,phigros-track-records.csv; phigros-addressables-keys.csv; APK Addressables catalog,True,,structurally-nonempty,Assets/Tracks/InfinityHeaven.HyuN.0/Chart_EZ.json,True,,structurally-nonempty,Assets/Tracks/InfinityHeaven.HyuN.0/Chart_HD.json,True,,structurally-nonempty,Assets/Tracks/InfinityHeaven.HyuN.0/Chart_IN.json,False,,absent,,False,,absent,
Assets/Tracks/Initialize.iF.0/Illustration.jpg,Assets/Tracks/Initialize.iF.0/,Initialize,iF,0,phigros:trackpath=Assets/Tracks/Initialize.iF.0/,Addressables primary-key path / Assets/Tracks folder,,,,structure-found-instance-relation-unresolved,"IL2CPP Chapter/ChapterSongInfo/ChapterSongItem types expose chapterCode, songs and songsId; no serialized instance values or Track→Chapter foreign-key record was recovered",Assets/Tracks/Initialize.iF.0/Illustration.jpg,Assets/Tracks/Initialize.iF.0/music.wav,direct-track-folder-key,IL2CPP LevelInfo.level/difficulty and SongListItem.SetRating/SetRatingWithScore are UI/model candidates; no numeric per-track values recovered,partial-unresolved,,not-found-in-chart-json-or-targeted-metadata,medium,medium,phigros-track-records.csv; phigros-addressables-keys.csv; APK Addressables catalog,True,,structurally-nonempty,Assets/Tracks/Initialize.iF.0/Chart_EZ.json,True,,structurally-nonempty,Assets/Tracks/Initialize.iF.0/Chart_HD.json,True,,structurally-nonempty,Assets/Tracks/Initialize.iF.0/Chart_IN.json,False,,absent,,False,,absent,
Assets/Tracks/Introduction/Illustration.jpg,Assets/Tracks/Introduction/,Introduction,,,phigros:trackpath=Assets/Tracks/Introduction/,Addressables primary-key path / Assets/Tracks folder,,,,structure-found-instance-relation-unresolved,"IL2CPP Chapter/ChapterSongInfo/ChapterSongItem types expose chapterCode, songs and songsId; no serialized instance values or Track→Chapter foreign-key record was recovered",Assets/Tracks/Introduction/Illustration.jpg,Assets/Tracks/Introduction/music.wav,direct-track-folder-key,IL2CPP LevelInfo.level/difficulty and SongListItem.SetRating/SetRatingWithScore are UI/model candidates; no numeric per-track values recovered,partial-unresolved,,not-found-in-chart-json-or-targeted-metadata,medium,medium,phigros-track-records.csv; phigros-addressables-keys.csv; APK Addressables catalog,True,,structurally-nonempty,Assets/Tracks/Introduction/Chart_EZ.json,False,,absent,,False,,absent,,False,,absent,,False,,absent,
Assets/Tracks/InvertedWorld.ARForest.0/Illustration.jpg,Assets/Tracks/InvertedWorld.ARForest.0/,InvertedWorld,ARForest,0,phigros:trackpath=Assets/Tracks/InvertedWorld.ARForest.0/,Addressables primary-key path / Assets/Tracks folder,,,,structure-found-instance-relation-unresolved,"IL2CPP Chapter/ChapterSongInfo/ChapterSongItem types expose chapterCode, songs and songsId; no serialized instance values or Track→Chapter foreign-key record was recovered",Assets/Tracks/InvertedWorld.ARForest.0/Illustration.jpg,Assets/Tracks/InvertedWorld.ARForest.0/music.wav,direct-track-folder-key,IL2CPP LevelInfo.level/difficulty and SongListItem.SetRating/SetRatingWithScore are UI/model candidates; no numeric per-track values recovered,partial-unresolved,,not-found-in-chart-json-or-targeted-metadata,medium,medium,phigros-track-records.csv; phigros-addressables-keys.csv; APK Addressables catalog,True,,structurally-nonempty,Assets/Tracks/InvertedWorld.ARForest.0/Chart_EZ.json,True,,structurally-nonempty,Assets/Tracks/InvertedWorld.ARForest.0/Chart_HD.json,True,,structurally-nonempty,Assets/Tracks/InvertedWorld.ARForest.0/Chart_IN.json,False,,absent,,False,,absent,
Assets/Tracks/JourneywithYou.Iris.0/Illustration.jpg,Assets/Tracks/JourneywithYou.Iris.0/,JourneywithYou,Iris,0,phigros:trackpath=Assets/Tracks/JourneywithYou.Iris.0/,Addressables primary-key path / Assets/Tracks folder,,,,structure-found-instance-relation-unresolved,"IL2CPP Chapter/ChapterSongInfo/ChapterSongItem types expose chapterCode, songs and songsId; no serialized instance values or Track→Chapter foreign-key record was recovered",Assets/Tracks/JourneywithYou.Iris.0/Illustration.jpg,Assets/Tracks/JourneywithYou.Iris.0/music.wav,direct-track-folder-key,IL2CPP LevelInfo.level/difficulty and SongListItem.SetRating/SetRatingWithScore are UI/model candidates; no numeric per-track values recovered,partial-unresolved,,not-found-in-chart-json-or-targeted-metadata,medium,medium,phigros-track-records.csv; phigros-addressables-keys.csv; APK Addressables catalog,True,,structurally-nonempty,Assets/Tracks/JourneywithYou.Iris.0/Chart_EZ.json,True,,structurally-nonempty,Assets/Tracks/JourneywithYou.Iris.0/Chart_HD.json,True,,structurally-nonempty,Assets/Tracks/JourneywithYou.Iris.0/Chart_IN.json,False,,absent,,False,,absent,
Assets/Tracks/JunXionBetweenLifeAndDeathVIPMix.1N6Fs.0/Illustration.jpg,Assets/Tracks/JunXionBetweenLifeAndDeathVIPMix.1N6Fs.0/,JunXionBetweenLifeAndDeathVIPMix,1N6Fs,0,phigros:trackpath=Assets/Tracks/JunXionBetweenLifeAndDeathVIPMix.1N6Fs.0/,Addressables primary-key path / Assets/Tracks folder,,,,structure-found-instance-relation-unresolved,"IL2CPP Chapter/ChapterSongInfo/ChapterSongItem types expose chapterCode, songs and songsId; no serialized instance values or Track→Chapter foreign-key record was recovered",Assets/Tracks/JunXionBetweenLifeAndDeathVIPMix.1N6Fs.0/Illustration.jpg,Assets/Tracks/JunXionBetweenLifeAndDeathVIPMix.1N6Fs.0/music.wav,direct-track-folder-key,IL2CPP LevelInfo.level/difficulty and SongListItem.SetRating/SetRatingWithScore are UI/model candidates; no numeric per-track values recovered,partial-unresolved,,not-found-in-chart-json-or-targeted-metadata,medium,medium,phigros-track-records.csv; phigros-addressables-keys.csv; APK Addressables catalog,True,,structurally-nonempty,Assets/Tracks/JunXionBetweenLifeAndDeathVIPMix.1N6Fs.0/Chart_EZ.json,True,,structurally-nonempty,Assets/Tracks/JunXionBetweenLifeAndDeathVIPMix.1N6Fs.0/Chart_HD.json,True,,structurally-nonempty,Assets/Tracks/JunXionBetweenLifeAndDeathVIPMix.1N6Fs.0/Chart_IN.json,False,,absent,,False,,absent,
Assets/Tracks/KIZUNAResolution.TAG.0/Illustration.jpg,Assets/Tracks/KIZUNAResolution.TAG.0/,KIZUNAResolution,TAG,0,phigros:trackpath=Assets/Tracks/KIZUNAResolution.TAG.0/,Addressables primary-key path / Assets/Tracks folder,,,,structure-found-instance-relation-unresolved,"IL2CPP Chapter/ChapterSongInfo/ChapterSongItem types expose chapterCode, songs and songsId; no serialized instance values or Track→Chapter foreign-key record was recovered",Assets/Tracks/KIZUNAResolution.TAG.0/Illustration.jpg,Assets/Tracks/KIZUNAResolution.TAG.0/music.wav,direct-track-folder-key,IL2CPP LevelInfo.level/difficulty and SongListItem.SetRating/SetRatingWithScore are UI/model candidates; no numeric per-track values recovered,partial-unresolved,,not-found-in-chart-json-or-targeted-metadata,medium,medium,phigros-track-records.csv; phigros-addressables-keys.csv; APK Addressables catalog,True,,structurally-nonempty,Assets/Tracks/KIZUNAResolution.TAG.0/Chart_EZ.json,True,,structurally-nonempty,Assets/Tracks/KIZUNAResolution.TAG.0/Chart_HD.json,True,,structurally-nonempty,Assets/Tracks/KIZUNAResolution.TAG.0/Chart_IN.json,False,,absent,,False,,absent,
Assets/Tracks/KMoeVIP.ZxNX.0/Illustration.jpg,Assets/Tracks/KMoeVIP.ZxNX.0/,KMoeVIP,ZxNX,0,phigros:trackpath=Assets/Tracks/KMoeVIP.ZxNX.0/,Addressables primary-key path / Assets/Tracks folder,,,,structure-found-instance-relation-unresolved,"IL2CPP Chapter/ChapterSongInfo/ChapterSongItem types expose chapterCode, songs and songsId; no serialized instance values or Track→Chapter foreign-key record was recovered",Assets/Tracks/KMoeVIP.ZxNX.0/Illustration.jpg,Assets/Tracks/KMoeVIP.ZxNX.0/music.wav,direct-track-folder-key,IL2CPP LevelInfo.level/difficulty and SongListItem.SetRating/SetRatingWithScore are UI/model candidates; no numeric per-track values recovered,partial-unresolved,,not-found-in-chart-json-or-targeted-metadata,medium,medium,phigros-track-records.csv; phigros-addressables-keys.csv; APK Addressables catalog,True,,structurally-nonempty,Assets/Tracks/KMoeVIP.ZxNX.0/Chart_EZ.json,True,,structurally-nonempty,Assets/Tracks/KMoeVIP.ZxNX.0/Chart_HD.json,True,,structurally-nonempty,Assets/Tracks/KMoeVIP.ZxNX.0/Chart_IN.json,False,,absent,,False,,absent,
Assets/Tracks/Kerberos.Zris.0/Illustration.jpg,Assets/Tracks/Kerberos.Zris.0/,Kerberos,Zris,0,phigros:trackpath=Assets/Tracks/Kerberos.Zris.0/,Addressables primary-key path / Assets/Tracks folder,,,,structure-found-instance-relation-unresolved,"IL2CPP Chapter/ChapterSongInfo/ChapterSongItem types expose chapterCode, songs and songsId; no serialized instance values or Track→Chapter foreign-key record was recovered",Assets/Tracks/Kerberos.Zris.0/Illustration.jpg,Assets/Tracks/Kerberos.Zris.0/music.wav,direct-track-folder-key,IL2CPP LevelInfo.level/difficulty and SongListItem.SetRating/SetRatingWithScore are UI/model candidates; no numeric per-track values recovered,partial-unresolved,,not-found-in-chart-json-or-targeted-metadata,medium,medium,phigros-track-records.csv; phigros-addressables-keys.csv; APK Addressables catalog,True,,structurally-nonempty,Assets/Tracks/Kerberos.Zris.0/Chart_EZ.json,True,,structurally-nonempty,Assets/Tracks/Kerberos.Zris.0/Chart_HD.json,True,,structurally-nonempty,Assets/Tracks/Kerberos.Zris.0/Chart_IN.json,False,,absent,,False,,absent,
Assets/Tracks/Khalid.Dolphin.0/Illustration.jpg,Assets/Tracks/Khalid.Dolphin.0/,Khalid,Dolphin,0,phigros:trackpath=Assets/Tracks/Khalid.Dolphin.0/,Addressables primary-key path / Assets/Tracks folder,,,,structure-found-instance-relation-unresolved,"IL2CPP Chapter/ChapterSongInfo/ChapterSongItem types expose chapterCode, songs and songsId; no serialized instance values or Track→Chapter foreign-key record was recovered",Assets/Tracks/Khalid.Dolphin.0/Illustration.jpg,Assets/Tracks/Khalid.Dolphin.0/music.wav,direct-track-folder-key,IL2CPP LevelInfo.level/difficulty and SongListItem.SetRating/SetRatingWithScore are UI/model candidates; no numeric per-track values recovered,partial-unresolved,,not-found-in-chart-json-or-targeted-metadata,medium,medium,phigros-track-records.csv; phigros-addressables-keys.csv; APK Addressables catalog,True,,structurally-nonempty,Assets/Tracks/Khalid.Dolphin.0/Chart_EZ.json,True,,structurally-nonempty,Assets/Tracks/Khalid.Dolphin.0/Chart_HD.json,True,,structurally-nonempty,Assets/Tracks/Khalid.Dolphin.0/Chart_IN.json,False,,absent,,False,,absent,
Assets/Tracks/KhronostasisKatharsis.Halv.0/Illustration.jpg,Assets/Tracks/KhronostasisKatharsis.Halv.0/,KhronostasisKatharsis,Halv,0,phigros:trackpath=Assets/Tracks/KhronostasisKatharsis.Halv.0/,Addressables primary-key path / Assets/Tracks folder,,,,structure-found-instance-relation-unresolved,"IL2CPP Chapter/ChapterSongInfo/ChapterSongItem types expose chapterCode, songs and songsId; no serialized instance values or Track→Chapter foreign-key record was recovered",Assets/Tracks/KhronostasisKatharsis.Halv.0/Illustration.jpg,Assets/Tracks/KhronostasisKatharsis.Halv.0/music.wav,direct-track-folder-key,IL2CPP LevelInfo.level/difficulty and SongListItem.SetRating/SetRatingWithScore are UI/model candidates; no numeric per-track values recovered,partial-unresolved,,not-found-in-chart-json-or-targeted-metadata,medium,medium,phigros-track-records.csv; phigros-addressables-keys.csv; APK Addressables catalog,True,,structurally-nonempty,Assets/Tracks/KhronostasisKatharsis.Halv.0/Chart_EZ.json,True,,structurally-nonempty,Assets/Tracks/KhronostasisKatharsis.Halv.0/Chart_HD.json,True,,structurally-nonempty,Assets/Tracks/KhronostasisKatharsis.Halv.0/Chart_IN.json,False,,absent,,False,,absent,
Assets/Tracks/KirakiraNoelStory.RekuMochizuki.0/Illustration.jpg,Assets/Tracks/KirakiraNoelStory.RekuMochizuki.0/,KirakiraNoelStory,RekuMochizuki,0,phigros:trackpath=Assets/Tracks/KirakiraNoelStory.RekuMochizuki.0/,Addressables primary-key path / Assets/Tracks folder,,,,structure-found-instance-relation-unresolved,"IL2CPP Chapter/ChapterSongInfo/ChapterSongItem types expose chapterCode, songs and songsId; no serialized instance values or Track→Chapter foreign-key record was recovered",Assets/Tracks/KirakiraNoelStory.RekuMochizuki.0/Illustration.jpg,Assets/Tracks/KirakiraNoelStory.RekuMochizuki.0/music.wav,direct-track-folder-key,IL2CPP LevelInfo.level/difficulty and SongListItem.SetRating/SetRatingWithScore are UI/model candidates; no numeric per-track values recovered,partial-unresolved,,not-found-in-chart-json-or-targeted-metadata,medium,medium,phigros-track-records.csv; phigros-addressables-keys.csv; APK Addressables catalog,True,,structurally-nonempty,Assets/Tracks/KirakiraNoelStory.RekuMochizuki.0/Chart_EZ.json,True,,structurally-nonempty,Assets/Tracks/KirakiraNoelStory.RekuMochizuki.0/Chart_HD.json,True,,structurally-nonempty,Assets/Tracks/KirakiraNoelStory.RekuMochizuki.0/Chart_IN.json,False,,absent,,False,,absent,
Assets/Tracks/Komplexe.雄之助featSennzai.0/Illustration.jpg,Assets/Tracks/Komplexe.雄之助featSennzai.0/,Komplexe,雄之助featSennzai,0,phigros:trackpath=Assets/Tracks/Komplexe.雄之助featSennzai.0/,Addressables primary-key path / Assets/Tracks folder,,,,structure-found-instance-relation-unresolved,"IL2CPP Chapter/ChapterSongInfo/ChapterSongItem types expose chapterCode, songs and songsId; no serialized instance values or Track→Chapter foreign-key record was recovered",Assets/Tracks/Komplexe.雄之助featSennzai.0/Illustration.jpg,Assets/Tracks/Komplexe.雄之助featSennzai.0/music.wav,direct-track-folder-key,IL2CPP LevelInfo.level/difficulty and SongListItem.SetRating/SetRatingWithScore are UI/model candidates; no numeric per-track values recovered,partial-unresolved,,not-found-in-chart-json-or-targeted-metadata,medium,medium,phigros-track-records.csv; phigros-addressables-keys.csv; APK Addressables catalog,True,,structurally-nonempty,Assets/Tracks/Komplexe.雄之助featSennzai.0/Chart_EZ.json,True,,structurally-nonempty,Assets/Tracks/Komplexe.雄之助featSennzai.0/Chart_HD.json,True,,structurally-nonempty,Assets/Tracks/Komplexe.雄之助featSennzai.0/Chart_IN.json,False,,absent,,False,,absent,
Assets/Tracks/LabyrinthinKowloonWalledWorld.かめりあ.0/Illustration.jpg,Assets/Tracks/LabyrinthinKowloonWalledWorld.かめりあ.0/,LabyrinthinKowloonWalledWorld,かめりあ,0,phigros:trackpath=Assets/Tracks/LabyrinthinKowloonWalledWorld.かめりあ.0/,Addressables primary-key path / Assets/Tracks folder,,,,structure-found-instance-relation-unresolved,"IL2CPP Chapter/ChapterSongInfo/ChapterSongItem types expose chapterCode, songs and songsId; no serialized instance values or Track→Chapter foreign-key record was recovered",Assets/Tracks/LabyrinthinKowloonWalledWorld.かめりあ.0/Illustration.jpg,Assets/Tracks/LabyrinthinKowloonWalledWorld.かめりあ.0/music.wav,direct-track-folder-key,IL2CPP LevelInfo.level/difficulty and SongListItem.SetRating/SetRatingWithScore are UI/model candidates; no numeric per-track values recovered,partial-unresolved,,not-found-in-chart-json-or-targeted-metadata,medium,medium,phigros-track-records.csv; phigros-addressables-keys.csv; APK Addressables catalog,True,,structurally-nonempty,Assets/Tracks/LabyrinthinKowloonWalledWorld.かめりあ.0/Chart_EZ.json,True,,structurally-nonempty,Assets/Tracks/LabyrinthinKowloonWalledWorld.かめりあ.0/Chart_HD.json,True,,structurally-nonempty,Assets/Tracks/LabyrinthinKowloonWalledWorld.かめりあ.0/Chart_IN.json,False,,absent,,False,,absent,
Assets/Tracks/LeaveAllBehind.rider.0/Illustration.jpg,Assets/Tracks/LeaveAllBehind.rider.0/,LeaveAllBehind,rider,0,phigros:trackpath=Assets/Tracks/LeaveAllBehind.rider.0/,Addressables primary-key path / Assets/Tracks folder,,,,structure-found-instance-relation-unresolved,"IL2CPP Chapter/ChapterSongInfo/ChapterSongItem types expose chapterCode, songs and songsId; no serialized instance values or Track→Chapter foreign-key record was recovered",Assets/Tracks/LeaveAllBehind.rider.0/Illustration.jpg,Assets/Tracks/LeaveAllBehind.rider.0/music.wav,direct-track-folder-key,IL2CPP LevelInfo.level/difficulty and SongListItem.SetRating/SetRatingWithScore are UI/model candidates; no numeric per-track values recovered,partial-unresolved,,not-found-in-chart-json-or-targeted-metadata,medium,medium,phigros-track-records.csv; phigros-addressables-keys.csv; APK Addressables catalog,True,,structurally-nonempty,Assets/Tracks/LeaveAllBehind.rider.0/Chart_EZ.json,True,,structurally-nonempty,Assets/Tracks/LeaveAllBehind.rider.0/Chart_HD.json,True,,structurally-nonempty,Assets/Tracks/LeaveAllBehind.rider.0/Chart_IN.json,False,,absent,,False,,absent,
Assets/Tracks/Letempsperdu.Daison.0/Illustration.jpg,Assets/Tracks/Letempsperdu.Daison.0/,Letempsperdu,Daison,0,phigros:trackpath=Assets/Tracks/Letempsperdu.Daison.0/,Addressables primary-key path / Assets/Tracks folder,,,,structure-found-instance-relation-unresolved,"IL2CPP Chapter/ChapterSongInfo/ChapterSongItem types expose chapterCode, songs and songsId; no serialized instance values or Track→Chapter foreign-key record was recovered",Assets/Tracks/Letempsperdu.Daison.0/Illustration.jpg,Assets/Tracks/Letempsperdu.Daison.0/music.wav,direct-track-folder-key,IL2CPP LevelInfo.level/difficulty and SongListItem.SetRating/SetRatingWithScore are UI/model candidates; no numeric per-track values recovered,partial-unresolved,,not-found-in-chart-json-or-targeted-metadata,medium,medium,phigros-track-records.csv; phigros-addressables-keys.csv; APK Addressables catalog,True,,structurally-nonempty,Assets/Tracks/Letempsperdu.Daison.0/Chart_EZ.json,True,,structurally-nonempty,Assets/Tracks/Letempsperdu.Daison.0/Chart_HD.json,True,,structurally-nonempty,Assets/Tracks/Letempsperdu.Daison.0/Chart_IN.json,False,,absent,,False,,absent,
Assets/Tracks/Locomotive.K.0/Illustration.jpg,Assets/Tracks/Locomotive.K.0/,Locomotive,K,0,phigros:trackpath=Assets/Tracks/Locomotive.K.0/,Addressables primary-key path / Assets/Tracks folder,,,,structure-found-instance-relation-unresolved,"IL2CPP Chapter/ChapterSongInfo/ChapterSongItem types expose chapterCode, songs and songsId; no serialized instance values or Track→Chapter foreign-key record was recovered",Assets/Tracks/Locomotive.K.0/Illustration.jpg,Assets/Tracks/Locomotive.K.0/music.wav,direct-track-folder-key,IL2CPP LevelInfo.level/difficulty and SongListItem.SetRating/SetRatingWithScore are UI/model candidates; no numeric per-track values recovered,partial-unresolved,,not-found-in-chart-json-or-targeted-metadata,medium,medium,phigros-track-records.csv; phigros-addressables-keys.csv; APK Addressables catalog,True,,structurally-nonempty,Assets/Tracks/Locomotive.K.0/Chart_EZ.json,True,,structurally-nonempty,Assets/Tracks/Locomotive.K.0/Chart_HD.json,True,,structurally-nonempty,Assets/Tracks/Locomotive.K.0/Chart_IN.json,False,,absent,,False,,absent,
Assets/Tracks/Luminescence.米虾Fomiki初云CLoudie.0/Illustration.jpg,Assets/Tracks/Luminescence.米虾Fomiki初云CLoudie.0/,Luminescence,米虾Fomiki初云CLoudie,0,phigros:trackpath=Assets/Tracks/Luminescence.米虾Fomiki初云CLoudie.0/,Addressables primary-key path / Assets/Tracks folder,,,,structure-found-instance-relation-unresolved,"IL2CPP Chapter/ChapterSongInfo/ChapterSongItem types expose chapterCode, songs and songsId; no serialized instance values or Track→Chapter foreign-key record was recovered",Assets/Tracks/Luminescence.米虾Fomiki初云CLoudie.0/Illustration.jpg,Assets/Tracks/Luminescence.米虾Fomiki初云CLoudie.0/music.wav,direct-track-folder-key,IL2CPP LevelInfo.level/difficulty and SongListItem.SetRating/SetRatingWithScore are UI/model candidates; no numeric per-track values recovered,partial-unresolved,,not-found-in-chart-json-or-targeted-metadata,medium,medium,phigros-track-records.csv; phigros-addressables-keys.csv; APK Addressables catalog,True,,structurally-nonempty,Assets/Tracks/Luminescence.米虾Fomiki初云CLoudie.0/Chart_EZ.json,True,,structurally-nonempty,Assets/Tracks/Luminescence.米虾Fomiki初云CLoudie.0/Chart_HD.json,True,,structurally-nonempty,Assets/Tracks/Luminescence.米虾Fomiki初云CLoudie.0/Chart_IN.json,False,,absent,,False,,absent,
Assets/Tracks/Luminescent.Daison.0/Illustration.jpg,Assets/Tracks/Luminescent.Daison.0/,Luminescent,Daison,0,phigros:trackpath=Assets/Tracks/Luminescent.Daison.0/,Addressables primary-key path / Assets/Tracks folder,,,,structure-found-instance-relation-unresolved,"IL2CPP Chapter/ChapterSongInfo/ChapterSongItem types expose chapterCode, songs and songsId; no serialized instance values or Track→Chapter foreign-key record was recovered",Assets/Tracks/Luminescent.Daison.0/Illustration.jpg,Assets/Tracks/Luminescent.Daison.0/music.wav,direct-track-folder-key,IL2CPP LevelInfo.level/difficulty and SongListItem.SetRating/SetRatingWithScore are UI/model candidates; no numeric per-track values recovered,partial-unresolved,,not-found-in-chart-json-or-targeted-metadata,medium,medium,phigros-track-records.csv; phigros-addressables-keys.csv; APK Addressables catalog,True,,structurally-nonempty,Assets/Tracks/Luminescent.Daison.0/Chart_EZ.json,True,,structurally-nonempty,Assets/Tracks/Luminescent.Daison.0/Chart_HD.json,True,,structurally-nonempty,Assets/Tracks/Luminescent.Daison.0/Chart_IN.json,False,,absent,,False,,absent,
Assets/Tracks/LuminousEntitiesLostHeart.NormalMfeatUsagiDenki.0/Illustration.jpg,Assets/Tracks/LuminousEntitiesLostHeart.NormalMfeatUsagiDenki.0/,LuminousEntitiesLostHeart,NormalMfeatUsagiDenki,0,phigros:trackpath=Assets/Tracks/LuminousEntitiesLostHeart.NormalMfeatUsagiDenki.0/,Addressables primary-key path / Assets/Tracks folder,,,,structure-found-instance-relation-unresolved,"IL2CPP Chapter/ChapterSongInfo/ChapterSongItem types expose chapterCode, songs and songsId; no serialized instance values or Track→Chapter foreign-key record was recovered",Assets/Tracks/LuminousEntitiesLostHeart.NormalMfeatUsagiDenki.0/Illustration.jpg,Assets/Tracks/LuminousEntitiesLostHeart.NormalMfeatUsagiDenki.0/music.wav,direct-track-folder-key,IL2CPP LevelInfo.level/difficulty and SongListItem.SetRating/SetRatingWithScore are UI/model candidates; no numeric per-track values recovered,partial-unresolved,,not-found-in-chart-json-or-targeted-metadata,medium,medium,phigros-track-records.csv; phigros-addressables-keys.csv; APK Addressables catalog,True,,structurally-nonempty,Assets/Tracks/LuminousEntitiesLostHeart.NormalMfeatUsagiDenki.0/Chart_EZ.json,True,,structurally-nonempty,Assets/Tracks/LuminousEntitiesLostHeart.NormalMfeatUsagiDenki.0/Chart_HD.json,True,,structurally-nonempty,Assets/Tracks/LuminousEntitiesLostHeart.NormalMfeatUsagiDenki.0/Chart_IN.json,False,,absent,,False,,absent,
Assets/Tracks/Lyrith迷宮リリス.ユメミド.0/Illustration.jpg,Assets/Tracks/Lyrith迷宮リリス.ユメミド.0/,Lyrith迷宮リリス,ユメミド,0,phigros:trackpath=Assets/Tracks/Lyrith迷宮リリス.ユメミド.0/,Addressables primary-key path / Assets/Tracks folder,,,,structure-found-instance-relation-unresolved,"IL2CPP Chapter/ChapterSongInfo/ChapterSongItem types expose chapterCode, songs and songsId; no serialized instance values or Track→Chapter foreign-key record was recovered",Assets/Tracks/Lyrith迷宮リリス.ユメミド.0/Illustration.jpg,Assets/Tracks/Lyrith迷宮リリス.ユメミド.0/music.wav,direct-track-folder-key,IL2CPP LevelInfo.level/difficulty and SongListItem.SetRating/SetRatingWithScore are UI/model candidates; no numeric per-track values recovered,partial-unresolved,,not-found-in-chart-json-or-targeted-metadata,medium,medium,phigros-track-records.csv; phigros-addressables-keys.csv; APK Addressables catalog,True,,structurally-nonempty,Assets/Tracks/Lyrith迷宮リリス.ユメミド.0/Chart_EZ.json,True,,structurally-nonempty,Assets/Tracks/Lyrith迷宮リリス.ユメミド.0/Chart_HD.json,True,,structurally-nonempty,Assets/Tracks/Lyrith迷宮リリス.ユメミド.0/Chart_IN.json,True,,structurally-nonempty,Assets/Tracks/Lyrith迷宮リリス.ユメミド.0/Chart_AT.json,True,,structurally-nonempty,Assets/Tracks/Lyrith迷宮リリス.ユメミド.0/Chart_Legacy.json
Assets/Tracks/MARENOL.LeaF.0/Illustration.jpg,Assets/Tracks/MARENOL.LeaF.0/,MARENOL,LeaF,0,phigros:trackpath=Assets/Tracks/MARENOL.LeaF.0/,Addressables primary-key path / Assets/Tracks folder,,,,structure-found-instance-relation-unresolved,"IL2CPP Chapter/ChapterSongInfo/ChapterSongItem types expose chapterCode, songs and songsId; no serialized instance values or Track→Chapter foreign-key record was recovered",Assets/Tracks/MARENOL.LeaF.0/Illustration.jpg,Assets/Tracks/MARENOL.LeaF.0/music.wav,direct-track-folder-key,IL2CPP LevelInfo.level/difficulty and SongListItem.SetRating/SetRatingWithScore are UI/model candidates; no numeric per-track values recovered,partial-unresolved,,not-found-in-chart-json-or-targeted-metadata,medium,medium,phigros-track-records.csv; phigros-addressables-keys.csv; APK Addressables catalog,True,,structurally-nonempty,Assets/Tracks/MARENOL.LeaF.0/Chart_EZ.json,True,,structurally-nonempty,Assets/Tracks/MARENOL.LeaF.0/Chart_HD.json,True,,structurally-nonempty,Assets/Tracks/MARENOL.LeaF.0/Chart_IN.json,False,,absent,,False,,absent,
Assets/Tracks/MOBILYS.Dachs.0/Illustration.jpg,Assets/Tracks/MOBILYS.Dachs.0/,MOBILYS,Dachs,0,phigros:trackpath=Assets/Tracks/MOBILYS.Dachs.0/,Addressables primary-key path / Assets/Tracks folder,,,,structure-found-instance-relation-unresolved,"IL2CPP Chapter/ChapterSongInfo/ChapterSongItem types expose chapterCode, songs and songsId; no serialized instance values or Track→Chapter foreign-key record was recovered",Assets/Tracks/MOBILYS.Dachs.0/Illustration.jpg,Assets/Tracks/MOBILYS.Dachs.0/music.wav,direct-track-folder-key,IL2CPP LevelInfo.level/difficulty and SongListItem.SetRating/SetRatingWithScore are UI/model candidates; no numeric per-track values recovered,partial-unresolved,,not-found-in-chart-json-or-targeted-metadata,medium,medium,phigros-track-records.csv; phigros-addressables-keys.csv; APK Addressables catalog,True,,structurally-nonempty,Assets/Tracks/MOBILYS.Dachs.0/Chart_EZ.json,True,,structurally-nonempty,Assets/Tracks/MOBILYS.Dachs.0/Chart_HD.json,True,,structurally-nonempty,Assets/Tracks/MOBILYS.Dachs.0/Chart_IN.json,False,,absent,,False,,absent,
Assets/Tracks/MagentaPotion.EmoCo.0/Illustration.jpg,Assets/Tracks/MagentaPotion.EmoCo.0/,MagentaPotion,EmoCo,0,phigros:trackpath=Assets/Tracks/MagentaPotion.EmoCo.0/,Addressables primary-key path / Assets/Tracks folder,,,,structure-found-instance-relation-unresolved,"IL2CPP Chapter/ChapterSongInfo/ChapterSongItem types expose chapterCode, songs and songsId; no serialized instance values or Track→Chapter foreign-key record was recovered",Assets/Tracks/MagentaPotion.EmoCo.0/Illustration.jpg,Assets/Tracks/MagentaPotion.EmoCo.0/music.wav,direct-track-folder-key,IL2CPP LevelInfo.level/difficulty and SongListItem.SetRating/SetRatingWithScore are UI/model candidates; no numeric per-track values recovered,partial-unresolved,,not-found-in-chart-json-or-targeted-metadata,medium,medium,phigros-track-records.csv; phigros-addressables-keys.csv; APK Addressables catalog,True,,structurally-nonempty,Assets/Tracks/MagentaPotion.EmoCo.0/Chart_EZ.json,True,,structurally-nonempty,Assets/Tracks/MagentaPotion.EmoCo.0/Chart_HD.json,True,,structurally-nonempty,Assets/Tracks/MagentaPotion.EmoCo.0/Chart_IN.json,False,,absent,,False,,absent,
Assets/Tracks/ManifoldHypothesis.cybermisofeattigerlily.0/Illustration.jpg,Assets/Tracks/ManifoldHypothesis.cybermisofeattigerlily.0/,ManifoldHypothesis,cybermisofeattigerlily,0,phigros:trackpath=Assets/Tracks/ManifoldHypothesis.cybermisofeattigerlily.0/,Addressables primary-key path / Assets/Tracks folder,,,,structure-found-instance-relation-unresolved,"IL2CPP Chapter/ChapterSongInfo/ChapterSongItem types expose chapterCode, songs and songsId; no serialized instance values or Track→Chapter foreign-key record was recovered",Assets/Tracks/ManifoldHypothesis.cybermisofeattigerlily.0/Illustration.jpg,Assets/Tracks/ManifoldHypothesis.cybermisofeattigerlily.0/music.wav,direct-track-folder-key,IL2CPP LevelInfo.level/difficulty and SongListItem.SetRating/SetRatingWithScore are UI/model candidates; no numeric per-track values recovered,partial-unresolved,,not-found-in-chart-json-or-targeted-metadata,medium,medium,phigros-track-records.csv; phigros-addressables-keys.csv; APK Addressables catalog,True,,structurally-nonempty,Assets/Tracks/ManifoldHypothesis.cybermisofeattigerlily.0/Chart_EZ.json,True,,structurally-nonempty,Assets/Tracks/ManifoldHypothesis.cybermisofeattigerlily.0/Chart_HD.json,True,,structurally-nonempty,Assets/Tracks/ManifoldHypothesis.cybermisofeattigerlily.0/Chart_IN.json,False,,absent,,False,,absent,
Assets/Tracks/MiracleForestVIPMix.Rinthlive.0/Illustration.jpg,Assets/Tracks/MiracleForestVIPMix.Rinthlive.0/,MiracleForestVIPMix,Rinthlive,0,phigros:trackpath=Assets/Tracks/MiracleForestVIPMix.Rinthlive.0/,Addressables primary-key path / Assets/Tracks folder,,,,structure-found-instance-relation-unresolved,"IL2CPP Chapter/ChapterSongInfo/ChapterSongItem types expose chapterCode, songs and songsId; no serialized instance values or Track→Chapter foreign-key record was recovered",Assets/Tracks/MiracleForestVIPMix.Rinthlive.0/Illustration.jpg,Assets/Tracks/MiracleForestVIPMix.Rinthlive.0/music.wav,direct-track-folder-key,IL2CPP LevelInfo.level/difficulty and SongListItem.SetRating/SetRatingWithScore are UI/model candidates; no numeric per-track values recovered,partial-unresolved,,not-found-in-chart-json-or-targeted-metadata,medium,medium,phigros-track-records.csv; phigros-addressables-keys.csv; APK Addressables catalog,True,,structurally-nonempty,Assets/Tracks/MiracleForestVIPMix.Rinthlive.0/Chart_EZ.json,True,,structurally-nonempty,Assets/Tracks/MiracleForestVIPMix.Rinthlive.0/Chart_HD.json,True,,structurally-nonempty,Assets/Tracks/MiracleForestVIPMix.Rinthlive.0/Chart_IN.json,False,,absent,,False,,absent,
Assets/Tracks/NOONEYESMAN.MYUKKE.0/Illustration.jpg,Assets/Tracks/NOONEYESMAN.MYUKKE.0/,NOONEYESMAN,MYUKKE,0,phigros:trackpath=Assets/Tracks/NOONEYESMAN.MYUKKE.0/,Addressables primary-key path / Assets/Tracks folder,,,,structure-found-instance-relation-unresolved,"IL2CPP Chapter/ChapterSongInfo/ChapterSongItem types expose chapterCode, songs and songsId; no serialized instance values or Track→Chapter foreign-key record was recovered",Assets/Tracks/NOONEYESMAN.MYUKKE.0/Illustration.jpg,Assets/Tracks/NOONEYESMAN.MYUKKE.0/music.wav,direct-track-folder-key,IL2CPP LevelInfo.level/difficulty and SongListItem.SetRating/SetRatingWithScore are UI/model candidates; no numeric per-track values recovered,partial-unresolved,,not-found-in-chart-json-or-targeted-metadata,medium,medium,phigros-track-records.csv; phigros-addressables-keys.csv; APK Addressables catalog,True,,structurally-nonempty,Assets/Tracks/NOONEYESMAN.MYUKKE.0/Chart_EZ.json,True,,structurally-nonempty,Assets/Tracks/NOONEYESMAN.MYUKKE.0/Chart_HD.json,True,,structurally-nonempty,Assets/Tracks/NOONEYESMAN.MYUKKE.0/Chart_IN.json,False,,absent,,False,,absent,
Assets/Tracks/NOx.Juggernaut.0/Illustration.jpg,Assets/Tracks/NOx.Juggernaut.0/,NOx,Juggernaut,0,phigros:trackpath=Assets/Tracks/NOx.Juggernaut.0/,Addressables primary-key path / Assets/Tracks folder,,,,structure-found-instance-relation-unresolved,"IL2CPP Chapter/ChapterSongInfo/ChapterSongItem types expose chapterCode, songs and songsId; no serialized instance values or Track→Chapter foreign-key record was recovered",Assets/Tracks/NOx.Juggernaut.0/Illustration.jpg,Assets/Tracks/NOx.Juggernaut.0/music.wav,direct-track-folder-key,IL2CPP LevelInfo.level/difficulty and SongListItem.SetRating/SetRatingWithScore are UI/model candidates; no numeric per-track values recovered,partial-unresolved,,not-found-in-chart-json-or-targeted-metadata,medium,medium,phigros-track-records.csv; phigros-addressables-keys.csv; APK Addressables catalog,True,,structurally-nonempty,Assets/Tracks/NOx.Juggernaut.0/Chart_EZ.json,True,,structurally-nonempty,Assets/Tracks/NOx.Juggernaut.0/Chart_HD.json,True,,structurally-nonempty,Assets/Tracks/NOx.Juggernaut.0/Chart_IN.json,False,,absent,,False,,absent,
Assets/Tracks/NYA.FLuoRiTe姜米條.0/Illustration.jpg,Assets/Tracks/NYA.FLuoRiTe姜米條.0/,NYA,FLuoRiTe姜米條,0,phigros:trackpath=Assets/Tracks/NYA.FLuoRiTe姜米條.0/,Addressables primary-key path / Assets/Tracks folder,,,,structure-found-instance-relation-unresolved,"IL2CPP Chapter/ChapterSongInfo/ChapterSongItem types expose chapterCode, songs and songsId; no serialized instance values or Track→Chapter foreign-key record was recovered",Assets/Tracks/NYA.FLuoRiTe姜米條.0/Illustration.jpg,Assets/Tracks/NYA.FLuoRiTe姜米條.0/music.wav,direct-track-folder-key,IL2CPP LevelInfo.level/difficulty and SongListItem.SetRating/SetRatingWithScore are UI/model candidates; no numeric per-track values recovered,partial-unresolved,,not-found-in-chart-json-or-targeted-metadata,medium,medium,phigros-track-records.csv; phigros-addressables-keys.csv; APK Addressables catalog,True,,structurally-nonempty,Assets/Tracks/NYA.FLuoRiTe姜米條.0/Chart_EZ.json,True,,structurally-nonempty,Assets/Tracks/NYA.FLuoRiTe姜米條.0/Chart_HD.json,True,,structurally-nonempty,Assets/Tracks/NYA.FLuoRiTe姜米條.0/Chart_IN.json,False,,absent,,False,,absent,
Assets/Tracks/NextTime.SaMZIng.0/Illustration.jpg,Assets/Tracks/NextTime.SaMZIng.0/,NextTime,SaMZIng,0,phigros:trackpath=Assets/Tracks/NextTime.SaMZIng.0/,Addressables primary-key path / Assets/Tracks folder,,,,structure-found-instance-relation-unresolved,"IL2CPP Chapter/ChapterSongInfo/ChapterSongItem types expose chapterCode, songs and songsId; no serialized instance values or Track→Chapter foreign-key record was recovered",Assets/Tracks/NextTime.SaMZIng.0/Illustration.jpg,Assets/Tracks/NextTime.SaMZIng.0/music.wav,direct-track-folder-key,IL2CPP LevelInfo.level/difficulty and SongListItem.SetRating/SetRatingWithScore are UI/model candidates; no numeric per-track values recovered,partial-unresolved,,not-found-in-chart-json-or-targeted-metadata,medium,medium,phigros-track-records.csv; phigros-addressables-keys.csv; APK Addressables catalog,True,,structurally-nonempty,Assets/Tracks/NextTime.SaMZIng.0/Chart_EZ.json,True,,structurally-nonempty,Assets/Tracks/NextTime.SaMZIng.0/Chart_HD.json,True,,structurally-nonempty,Assets/Tracks/NextTime.SaMZIng.0/Chart_IN.json,False,,absent,,False,,absent,
Assets/Tracks/Nhelv.Silentroom.0/Illustration.jpg,Assets/Tracks/Nhelv.Silentroom.0/,Nhelv,Silentroom,0,phigros:trackpath=Assets/Tracks/Nhelv.Silentroom.0/,Addressables primary-key path / Assets/Tracks folder,,,,structure-found-instance-relation-unresolved,"IL2CPP Chapter/ChapterSongInfo/ChapterSongItem types expose chapterCode, songs and songsId; no serialized instance values or Track→Chapter foreign-key record was recovered",Assets/Tracks/Nhelv.Silentroom.0/Illustration.jpg,Assets/Tracks/Nhelv.Silentroom.0/music.wav,direct-track-folder-key,IL2CPP LevelInfo.level/difficulty and SongListItem.SetRating/SetRatingWithScore are UI/model candidates; no numeric per-track values recovered,partial-unresolved,,not-found-in-chart-json-or-targeted-metadata,medium,medium,phigros-track-records.csv; phigros-addressables-keys.csv; APK Addressables catalog,True,,structurally-nonempty,Assets/Tracks/Nhelv.Silentroom.0/Chart_EZ.json,True,,structurally-nonempty,Assets/Tracks/Nhelv.Silentroom.0/Chart_HD.json,True,,structurally-nonempty,Assets/Tracks/Nhelv.Silentroom.0/Chart_IN.json,False,,absent,,False,,absent,
Assets/Tracks/NickofTime.P4koo.0/Illustration.jpg,Assets/Tracks/NickofTime.P4koo.0/,NickofTime,P4koo,0,phigros:trackpath=Assets/Tracks/NickofTime.P4koo.0/,Addressables primary-key path / Assets/Tracks folder,,,,structure-found-instance-relation-unresolved,"IL2CPP Chapter/ChapterSongInfo/ChapterSongItem types expose chapterCode, songs and songsId; no serialized instance values or Track→Chapter foreign-key record was recovered",Assets/Tracks/NickofTime.P4koo.0/Illustration.jpg,Assets/Tracks/NickofTime.P4koo.0/music.wav,direct-track-folder-key,IL2CPP LevelInfo.level/difficulty and SongListItem.SetRating/SetRatingWithScore are UI/model candidates; no numeric per-track values recovered,partial-unresolved,,not-found-in-chart-json-or-targeted-metadata,medium,medium,phigros-track-records.csv; phigros-addressables-keys.csv; APK Addressables catalog,True,,structurally-nonempty,Assets/Tracks/NickofTime.P4koo.0/Chart_EZ.json,True,,structurally-nonempty,Assets/Tracks/NickofTime.P4koo.0/Chart_HD.json,True,,structurally-nonempty,Assets/Tracks/NickofTime.P4koo.0/Chart_IN.json,False,,absent,,False,,absent,
Assets/Tracks/NightTheater.わかどり.0/Illustration.jpg,Assets/Tracks/NightTheater.わかどり.0/,NightTheater,わかどり,0,phigros:trackpath=Assets/Tracks/NightTheater.わかどり.0/,Addressables primary-key path / Assets/Tracks folder,,,,structure-found-instance-relation-unresolved,"IL2CPP Chapter/ChapterSongInfo/ChapterSongItem types expose chapterCode, songs and songsId; no serialized instance values or Track→Chapter foreign-key record was recovered",Assets/Tracks/NightTheater.わかどり.0/Illustration.jpg,Assets/Tracks/NightTheater.わかどり.0/music.wav,direct-track-folder-key,IL2CPP LevelInfo.level/difficulty and SongListItem.SetRating/SetRatingWithScore are UI/model candidates; no numeric per-track values recovered,partial-unresolved,,not-found-in-chart-json-or-targeted-metadata,medium,medium,phigros-track-records.csv; phigros-addressables-keys.csv; APK Addressables catalog,True,,structurally-nonempty,Assets/Tracks/NightTheater.わかどり.0/Chart_EZ.json,True,,structurally-nonempty,Assets/Tracks/NightTheater.わかどり.0/Chart_HD.json,True,,structurally-nonempty,Assets/Tracks/NightTheater.わかどり.0/Chart_IN.json,False,,absent,,False,,absent,
Assets/Tracks/NonMelodicRagezMUGEdit.Normal1zer.0/Illustration.jpg,Assets/Tracks/NonMelodicRagezMUGEdit.Normal1zer.0/,NonMelodicRagezMUGEdit,Normal1zer,0,phigros:trackpath=Assets/Tracks/NonMelodicRagezMUGEdit.Normal1zer.0/,Addressables primary-key path / Assets/Tracks folder,,,,structure-found-instance-relation-unresolved,"IL2CPP Chapter/ChapterSongInfo/ChapterSongItem types expose chapterCode, songs and songsId; no serialized instance values or Track→Chapter foreign-key record was recovered",Assets/Tracks/NonMelodicRagezMUGEdit.Normal1zer.0/Illustration.jpg,Assets/Tracks/NonMelodicRagezMUGEdit.Normal1zer.0/music.wav,direct-track-folder-key,IL2CPP LevelInfo.level/difficulty and SongListItem.SetRating/SetRatingWithScore are UI/model candidates; no numeric per-track values recovered,partial-unresolved,,not-found-in-chart-json-or-targeted-metadata,medium,medium,phigros-track-records.csv; phigros-addressables-keys.csv; APK Addressables catalog,True,,structurally-nonempty,Assets/Tracks/NonMelodicRagezMUGEdit.Normal1zer.0/Chart_EZ.json,True,,structurally-nonempty,Assets/Tracks/NonMelodicRagezMUGEdit.Normal1zer.0/Chart_HD.json,True,,structurally-nonempty,Assets/Tracks/NonMelodicRagezMUGEdit.Normal1zer.0/Chart_IN.json,False,,absent,,False,,absent,
Assets/Tracks/NowIsTheTimeDoIt.RoyMikelate.0/Illustration.jpg,Assets/Tracks/NowIsTheTimeDoIt.RoyMikelate.0/,NowIsTheTimeDoIt,RoyMikelate,0,phigros:trackpath=Assets/Tracks/NowIsTheTimeDoIt.RoyMikelate.0/,Addressables primary-key path / Assets/Tracks folder,,,,structure-found-instance-relation-unresolved,"IL2CPP Chapter/ChapterSongInfo/ChapterSongItem types expose chapterCode, songs and songsId; no serialized instance values or Track→Chapter foreign-key record was recovered",Assets/Tracks/NowIsTheTimeDoIt.RoyMikelate.0/Illustration.jpg,Assets/Tracks/NowIsTheTimeDoIt.RoyMikelate.0/music.wav,direct-track-folder-key,IL2CPP LevelInfo.level/difficulty and SongListItem.SetRating/SetRatingWithScore are UI/model candidates; no numeric per-track values recovered,partial-unresolved,,not-found-in-chart-json-or-targeted-metadata,medium,medium,phigros-track-records.csv; phigros-addressables-keys.csv; APK Addressables catalog,True,,structurally-nonempty,Assets/Tracks/NowIsTheTimeDoIt.RoyMikelate.0/Chart_EZ.json,True,,structurally-nonempty,Assets/Tracks/NowIsTheTimeDoIt.RoyMikelate.0/Chart_HD.json,True,,structurally-nonempty,Assets/Tracks/NowIsTheTimeDoIt.RoyMikelate.0/Chart_IN.json,False,,absent,,False,,absent,
Assets/Tracks/OnAndOn.ETIAfeatJenga.0/Illustration.jpg,Assets/Tracks/OnAndOn.ETIAfeatJenga.0/,OnAndOn,ETIAfeatJenga,0,phigros:trackpath=Assets/Tracks/OnAndOn.ETIAfeatJenga.0/,Addressables primary-key path / Assets/Tracks folder,,,,structure-found-instance-relation-unresolved,"IL2CPP Chapter/ChapterSongInfo/ChapterSongItem types expose chapterCode, songs and songsId; no serialized instance values or Track→Chapter foreign-key record was recovered",Assets/Tracks/OnAndOn.ETIAfeatJenga.0/Illustration.jpg,Assets/Tracks/OnAndOn.ETIAfeatJenga.0/music.wav,direct-track-folder-key,IL2CPP LevelInfo.level/difficulty and SongListItem.SetRating/SetRatingWithScore are UI/model candidates; no numeric per-track values recovered,partial-unresolved,,not-found-in-chart-json-or-targeted-metadata,medium,medium,phigros-track-records.csv; phigros-addressables-keys.csv; APK Addressables catalog,True,,structurally-nonempty,Assets/Tracks/OnAndOn.ETIAfeatJenga.0/Chart_EZ.json,True,,structurally-nonempty,Assets/Tracks/OnAndOn.ETIAfeatJenga.0/Chart_HD.json,True,,structurally-nonempty,Assets/Tracks/OnAndOn.ETIAfeatJenga.0/Chart_IN.json,False,,absent,,False,,absent,
Assets/Tracks/Originally.SNKSMizku.0/Illustration.jpg,Assets/Tracks/Originally.SNKSMizku.0/,Originally,SNKSMizku,0,phigros:trackpath=Assets/Tracks/Originally.SNKSMizku.0/,Addressables primary-key path / Assets/Tracks folder,,,,structure-found-instance-relation-unresolved,"IL2CPP Chapter/ChapterSongInfo/ChapterSongItem types expose chapterCode, songs and songsId; no serialized instance values or Track→Chapter foreign-key record was recovered",Assets/Tracks/Originally.SNKSMizku.0/Illustration.jpg,Assets/Tracks/Originally.SNKSMizku.0/music.wav,direct-track-folder-key,IL2CPP LevelInfo.level/difficulty and SongListItem.SetRating/SetRatingWithScore are UI/model candidates; no numeric per-track values recovered,partial-unresolved,,not-found-in-chart-json-or-targeted-metadata,medium,medium,phigros-track-records.csv; phigros-addressables-keys.csv; APK Addressables catalog,True,,structurally-nonempty,Assets/Tracks/Originally.SNKSMizku.0/Chart_EZ.json,True,,structurally-nonempty,Assets/Tracks/Originally.SNKSMizku.0/Chart_HD.json,True,,structurally-nonempty,Assets/Tracks/Originally.SNKSMizku.0/Chart_IN.json,False,,absent,,False,,absent,
Assets/Tracks/Orthodox.tokiwa.0/Illustration.jpg,Assets/Tracks/Orthodox.tokiwa.0/,Orthodox,tokiwa,0,phigros:trackpath=Assets/Tracks/Orthodox.tokiwa.0/,Addressables primary-key path / Assets/Tracks folder,,,,structure-found-instance-relation-unresolved,"IL2CPP Chapter/ChapterSongInfo/ChapterSongItem types expose chapterCode, songs and songsId; no serialized instance values or Track→Chapter foreign-key record was recovered",Assets/Tracks/Orthodox.tokiwa.0/Illustration.jpg,Assets/Tracks/Orthodox.tokiwa.0/music.wav,direct-track-folder-key,IL2CPP LevelInfo.level/difficulty and SongListItem.SetRating/SetRatingWithScore are UI/model candidates; no numeric per-track values recovered,partial-unresolved,,not-found-in-chart-json-or-targeted-metadata,medium,medium,phigros-track-records.csv; phigros-addressables-keys.csv; APK Addressables catalog,True,,structurally-nonempty,Assets/Tracks/Orthodox.tokiwa.0/Chart_EZ.json,True,,structurally-nonempty,Assets/Tracks/Orthodox.tokiwa.0/Chart_HD.json,True,,structurally-nonempty,Assets/Tracks/Orthodox.tokiwa.0/Chart_IN.json,False,,absent,,False,,absent,
Assets/Tracks/PANICPARADISE.DJSHIONY.0/Illustration.jpg,Assets/Tracks/PANICPARADISE.DJSHIONY.0/,PANICPARADISE,DJSHIONY,0,phigros:trackpath=Assets/Tracks/PANICPARADISE.DJSHIONY.0/,Addressables primary-key path / Assets/Tracks folder,,,,structure-found-instance-relation-unresolved,"IL2CPP Chapter/ChapterSongInfo/ChapterSongItem types expose chapterCode, songs and songsId; no serialized instance values or Track→Chapter foreign-key record was recovered",Assets/Tracks/PANICPARADISE.DJSHIONY.0/Illustration.jpg,Assets/Tracks/PANICPARADISE.DJSHIONY.0/music.wav,direct-track-folder-key,IL2CPP LevelInfo.level/difficulty and SongListItem.SetRating/SetRatingWithScore are UI/model candidates; no numeric per-track values recovered,partial-unresolved,,not-found-in-chart-json-or-targeted-metadata,medium,medium,phigros-track-records.csv; phigros-addressables-keys.csv; APK Addressables catalog,True,,structurally-nonempty,Assets/Tracks/PANICPARADISE.DJSHIONY.0/Chart_EZ.json,True,,structurally-nonempty,Assets/Tracks/PANICPARADISE.DJSHIONY.0/Chart_HD.json,True,,structurally-nonempty,Assets/Tracks/PANICPARADISE.DJSHIONY.0/Chart_IN.json,True,,structurally-nonempty,Assets/Tracks/PANICPARADISE.DJSHIONY.0/Chart_AT.json,False,,absent,
Assets/Tracks/PRAGMATISMRESURRECTION.Laur.0/Illustration.jpg,Assets/Tracks/PRAGMATISMRESURRECTION.Laur.0/,PRAGMATISMRESURRECTION,Laur,0,phigros:trackpath=Assets/Tracks/PRAGMATISMRESURRECTION.Laur.0/,Addressables primary-key path / Assets/Tracks folder,,,,structure-found-instance-relation-unresolved,"IL2CPP Chapter/ChapterSongInfo/ChapterSongItem types expose chapterCode, songs and songsId; no serialized instance values or Track→Chapter foreign-key record was recovered",Assets/Tracks/PRAGMATISMRESURRECTION.Laur.0/Illustration.jpg,Assets/Tracks/PRAGMATISMRESURRECTION.Laur.0/music.wav,direct-track-folder-key,IL2CPP LevelInfo.level/difficulty and SongListItem.SetRating/SetRatingWithScore are UI/model candidates; no numeric per-track values recovered,partial-unresolved,,not-found-in-chart-json-or-targeted-metadata,medium,medium,phigros-track-records.csv; phigros-addressables-keys.csv; APK Addressables catalog,True,,structurally-nonempty,Assets/Tracks/PRAGMATISMRESURRECTION.Laur.0/Chart_EZ.json,True,,structurally-nonempty,Assets/Tracks/PRAGMATISMRESURRECTION.Laur.0/Chart_HD.json,True,,structurally-nonempty,Assets/Tracks/PRAGMATISMRESURRECTION.Laur.0/Chart_IN.json,True,,structurally-nonempty,Assets/Tracks/PRAGMATISMRESURRECTION.Laur.0/Chart_AT.json,False,,absent,
Assets/Tracks/PRAW.Bluewind.0/Illustration.jpg,Assets/Tracks/PRAW.Bluewind.0/,PRAW,Bluewind,0,phigros:trackpath=Assets/Tracks/PRAW.Bluewind.0/,Addressables primary-key path / Assets/Tracks folder,,,,structure-found-instance-relation-unresolved,"IL2CPP Chapter/ChapterSongInfo/ChapterSongItem types expose chapterCode, songs and songsId; no serialized instance values or Track→Chapter foreign-key record was recovered",Assets/Tracks/PRAW.Bluewind.0/Illustration.jpg,Assets/Tracks/PRAW.Bluewind.0/music.wav,direct-track-folder-key,IL2CPP LevelInfo.level/difficulty and SongListItem.SetRating/SetRatingWithScore are UI/model candidates; no numeric per-track values recovered,partial-unresolved,,not-found-in-chart-json-or-targeted-metadata,medium,medium,phigros-track-records.csv; phigros-addressables-keys.csv; APK Addressables catalog,True,,structurally-nonempty,Assets/Tracks/PRAW.Bluewind.0/Chart_EZ.json,True,,structurally-nonempty,Assets/Tracks/PRAW.Bluewind.0/Chart_HD.json,True,,structurally-nonempty,Assets/Tracks/PRAW.Bluewind.0/Chart_IN.json,False,,absent,,False,,absent,
Assets/Tracks/Palescreen.WyvernPfeatMadol.0/Illustration.jpg,Assets/Tracks/Palescreen.WyvernPfeatMadol.0/,Palescreen,WyvernPfeatMadol,0,phigros:trackpath=Assets/Tracks/Palescreen.WyvernPfeatMadol.0/,Addressables primary-key path / Assets/Tracks folder,,,,structure-found-instance-relation-unresolved,"IL2CPP Chapter/ChapterSongInfo/ChapterSongItem types expose chapterCode, songs and songsId; no serialized instance values or Track→Chapter foreign-key record was recovered",Assets/Tracks/Palescreen.WyvernPfeatMadol.0/Illustration.jpg,Assets/Tracks/Palescreen.WyvernPfeatMadol.0/music.wav,direct-track-folder-key,IL2CPP LevelInfo.level/difficulty and SongListItem.SetRating/SetRatingWithScore are UI/model candidates; no numeric per-track values recovered,partial-unresolved,,not-found-in-chart-json-or-targeted-metadata,medium,medium,phigros-track-records.csv; phigros-addressables-keys.csv; APK Addressables catalog,True,,structurally-nonempty,Assets/Tracks/Palescreen.WyvernPfeatMadol.0/Chart_EZ.json,True,,structurally-nonempty,Assets/Tracks/Palescreen.WyvernPfeatMadol.0/Chart_HD.json,True,,structurally-nonempty,Assets/Tracks/Palescreen.WyvernPfeatMadol.0/Chart_IN.json,False,,absent,,False,,absent,
Assets/Tracks/ParallelRetrogressionGameVer.Tetrajectory.0/Illustration.jpg,Assets/Tracks/ParallelRetrogressionGameVer.Tetrajectory.0/,ParallelRetrogressionGameVer,Tetrajectory,0,phigros:trackpath=Assets/Tracks/ParallelRetrogressionGameVer.Tetrajectory.0/,Addressables primary-key path / Assets/Tracks folder,,,,structure-found-instance-relation-unresolved,"IL2CPP Chapter/ChapterSongInfo/ChapterSongItem types expose chapterCode, songs and songsId; no serialized instance values or Track→Chapter foreign-key record was recovered",Assets/Tracks/ParallelRetrogressionGameVer.Tetrajectory.0/Illustration.jpg,Assets/Tracks/ParallelRetrogressionGameVer.Tetrajectory.0/music.wav,direct-track-folder-key,IL2CPP LevelInfo.level/difficulty and SongListItem.SetRating/SetRatingWithScore are UI/model candidates; no numeric per-track values recovered,partial-unresolved,,not-found-in-chart-json-or-targeted-metadata,medium,medium,phigros-track-records.csv; phigros-addressables-keys.csv; APK Addressables catalog,True,,structurally-nonempty,Assets/Tracks/ParallelRetrogressionGameVer.Tetrajectory.0/Chart_EZ.json,True,,structurally-nonempty,Assets/Tracks/ParallelRetrogressionGameVer.Tetrajectory.0/Chart_HD.json,True,,structurally-nonempty,Assets/Tracks/ParallelRetrogressionGameVer.Tetrajectory.0/Chart_IN.json,False,,absent,,False,,absent,
Assets/Tracks/PixelRebelz.Normal1zer.0/Illustration.jpg,Assets/Tracks/PixelRebelz.Normal1zer.0/,PixelRebelz,Normal1zer,0,phigros:trackpath=Assets/Tracks/PixelRebelz.Normal1zer.0/,Addressables primary-key path / Assets/Tracks folder,,,,structure-found-instance-relation-unresolved,"IL2CPP Chapter/ChapterSongInfo/ChapterSongItem types expose chapterCode, songs and songsId; no serialized instance values or Track→Chapter foreign-key record was recovered",Assets/Tracks/PixelRebelz.Normal1zer.0/Illustration.jpg,Assets/Tracks/PixelRebelz.Normal1zer.0/music.wav,direct-track-folder-key,IL2CPP LevelInfo.level/difficulty and SongListItem.SetRating/SetRatingWithScore are UI/model candidates; no numeric per-track values recovered,partial-unresolved,,not-found-in-chart-json-or-targeted-metadata,medium,medium,phigros-track-records.csv; phigros-addressables-keys.csv; APK Addressables catalog,True,,structurally-nonempty,Assets/Tracks/PixelRebelz.Normal1zer.0/Chart_EZ.json,True,,structurally-nonempty,Assets/Tracks/PixelRebelz.Normal1zer.0/Chart_HD.json,True,,structurally-nonempty,Assets/Tracks/PixelRebelz.Normal1zer.0/Chart_IN.json,False,,absent,,False,,absent,
Assets/Tracks/PoisonANDORAffection.LeaF.0/Illustration.jpg,Assets/Tracks/PoisonANDORAffection.LeaF.0/,PoisonANDORAffection,LeaF,0,phigros:trackpath=Assets/Tracks/PoisonANDORAffection.LeaF.0/,Addressables primary-key path / Assets/Tracks folder,,,,structure-found-instance-relation-unresolved,"IL2CPP Chapter/ChapterSongInfo/ChapterSongItem types expose chapterCode, songs and songsId; no serialized instance values or Track→Chapter foreign-key record was recovered",Assets/Tracks/PoisonANDORAffection.LeaF.0/Illustration.jpg,Assets/Tracks/PoisonANDORAffection.LeaF.0/music.wav,direct-track-folder-key,IL2CPP LevelInfo.level/difficulty and SongListItem.SetRating/SetRatingWithScore are UI/model candidates; no numeric per-track values recovered,partial-unresolved,,not-found-in-chart-json-or-targeted-metadata,medium,medium,phigros-track-records.csv; phigros-addressables-keys.csv; APK Addressables catalog,True,,structurally-nonempty,Assets/Tracks/PoisonANDORAffection.LeaF.0/Chart_EZ.json,True,,structurally-nonempty,Assets/Tracks/PoisonANDORAffection.LeaF.0/Chart_HD.json,True,,structurally-nonempty,Assets/Tracks/PoisonANDORAffection.LeaF.0/Chart_IN.json,False,,absent,,False,,absent,
Assets/Tracks/Pontdessouvenirs.VeetaCrushvsitsufeatitsu.0/Illustration.jpg,Assets/Tracks/Pontdessouvenirs.VeetaCrushvsitsufeatitsu.0/,Pontdessouvenirs,VeetaCrushvsitsufeatitsu,0,phigros:trackpath=Assets/Tracks/Pontdessouvenirs.VeetaCrushvsitsufeatitsu.0/,Addressables primary-key path / Assets/Tracks folder,,,,structure-found-instance-relation-unresolved,"IL2CPP Chapter/ChapterSongInfo/ChapterSongItem types expose chapterCode, songs and songsId; no serialized instance values or Track→Chapter foreign-key record was recovered",Assets/Tracks/Pontdessouvenirs.VeetaCrushvsitsufeatitsu.0/Illustration.jpg,Assets/Tracks/Pontdessouvenirs.VeetaCrushvsitsufeatitsu.0/music.wav,direct-track-folder-key,IL2CPP LevelInfo.level/difficulty and SongListItem.SetRating/SetRatingWithScore are UI/model candidates; no numeric per-track values recovered,partial-unresolved,,not-found-in-chart-json-or-targeted-metadata,medium,medium,phigros-track-records.csv; phigros-addressables-keys.csv; APK Addressables catalog,True,,structurally-nonempty,Assets/Tracks/Pontdessouvenirs.VeetaCrushvsitsufeatitsu.0/Chart_EZ.json,True,,structurally-nonempty,Assets/Tracks/Pontdessouvenirs.VeetaCrushvsitsufeatitsu.0/Chart_HD.json,True,,structurally-nonempty,Assets/Tracks/Pontdessouvenirs.VeetaCrushvsitsufeatitsu.0/Chart_IN.json,False,,absent,,False,,absent,
Assets/Tracks/Poseidon.1112vsStar.0/Illustration.jpg,Assets/Tracks/Poseidon.1112vsStar.0/,Poseidon,1112vsStar,0,phigros:trackpath=Assets/Tracks/Poseidon.1112vsStar.0/,Addressables primary-key path / Assets/Tracks folder,,,,structure-found-instance-relation-unresolved,"IL2CPP Chapter/ChapterSongInfo/ChapterSongItem types expose chapterCode, songs and songsId; no serialized instance values or Track→Chapter foreign-key record was recovered",Assets/Tracks/Poseidon.1112vsStar.0/Illustration.jpg,Assets/Tracks/Poseidon.1112vsStar.0/music.wav,direct-track-folder-key,IL2CPP LevelInfo.level/difficulty and SongListItem.SetRating/SetRatingWithScore are UI/model candidates; no numeric per-track values recovered,partial-unresolved,,not-found-in-chart-json-or-targeted-metadata,medium,medium,phigros-track-records.csv; phigros-addressables-keys.csv; APK Addressables catalog,True,,structurally-nonempty,Assets/Tracks/Poseidon.1112vsStar.0/Chart_EZ.json,True,,structurally-nonempty,Assets/Tracks/Poseidon.1112vsStar.0/Chart_HD.json,True,,structurally-nonempty,Assets/Tracks/Poseidon.1112vsStar.0/Chart_IN.json,True,,structurally-nonempty,Assets/Tracks/Poseidon.1112vsStar.0/Chart_AT.json,False,,absent,
Assets/Tracks/Protoflicker.Silentroom.0/Illustration.jpg,Assets/Tracks/Protoflicker.Silentroom.0/,Protoflicker,Silentroom,0,phigros:trackpath=Assets/Tracks/Protoflicker.Silentroom.0/,Addressables primary-key path / Assets/Tracks folder,,,,structure-found-instance-relation-unresolved,"IL2CPP Chapter/ChapterSongInfo/ChapterSongItem types expose chapterCode, songs and songsId; no serialized instance values or Track→Chapter foreign-key record was recovered",Assets/Tracks/Protoflicker.Silentroom.0/Illustration.jpg,Assets/Tracks/Protoflicker.Silentroom.0/music.wav,direct-track-folder-key,IL2CPP LevelInfo.level/difficulty and SongListItem.SetRating/SetRatingWithScore are UI/model candidates; no numeric per-track values recovered,partial-unresolved,,not-found-in-chart-json-or-targeted-metadata,medium,medium,phigros-track-records.csv; phigros-addressables-keys.csv; APK Addressables catalog,True,,structurally-nonempty,Assets/Tracks/Protoflicker.Silentroom.0/Chart_EZ.json,True,,structurally-nonempty,Assets/Tracks/Protoflicker.Silentroom.0/Chart_HD.json,True,,structurally-nonempty,Assets/Tracks/Protoflicker.Silentroom.0/Chart_IN.json,False,,absent,,False,,absent,
Assets/Tracks/QZKagoRequiem.tpazolite.0/Illustration.jpg,Assets/Tracks/QZKagoRequiem.tpazolite.0/,QZKagoRequiem,tpazolite,0,phigros:trackpath=Assets/Tracks/QZKagoRequiem.tpazolite.0/,Addressables primary-key path / Assets/Tracks folder,,,,structure-found-instance-relation-unresolved,"IL2CPP Chapter/ChapterSongInfo/ChapterSongItem types expose chapterCode, songs and songsId; no serialized instance values or Track→Chapter foreign-key record was recovered",Assets/Tracks/QZKagoRequiem.tpazolite.0/Illustration.jpg,Assets/Tracks/QZKagoRequiem.tpazolite.0/music.wav,direct-track-folder-key,IL2CPP LevelInfo.level/difficulty and SongListItem.SetRating/SetRatingWithScore are UI/model candidates; no numeric per-track values recovered,partial-unresolved,,not-found-in-chart-json-or-targeted-metadata,medium,medium,phigros-track-records.csv; phigros-addressables-keys.csv; APK Addressables catalog,True,,structurally-nonempty,Assets/Tracks/QZKagoRequiem.tpazolite.0/Chart_EZ.json,True,,structurally-nonempty,Assets/Tracks/QZKagoRequiem.tpazolite.0/Chart_HD.json,True,,structurally-nonempty,Assets/Tracks/QZKagoRequiem.tpazolite.0/Chart_IN.json,True,,structurally-nonempty,Assets/Tracks/QZKagoRequiem.tpazolite.0/Chart_AT.json,False,,absent,
Assets/Tracks/QuantumHyperspace.D_AAN.0/Illustration.jpg,Assets/Tracks/QuantumHyperspace.D_AAN.0/,QuantumHyperspace,D_AAN,0,phigros:trackpath=Assets/Tracks/QuantumHyperspace.D_AAN.0/,Addressables primary-key path / Assets/Tracks folder,,,,structure-found-instance-relation-unresolved,"IL2CPP Chapter/ChapterSongInfo/ChapterSongItem types expose chapterCode, songs and songsId; no serialized instance values or Track→Chapter foreign-key record was recovered",Assets/Tracks/QuantumHyperspace.D_AAN.0/Illustration.jpg,Assets/Tracks/QuantumHyperspace.D_AAN.0/music.wav,direct-track-folder-key,IL2CPP LevelInfo.level/difficulty and SongListItem.SetRating/SetRatingWithScore are UI/model candidates; no numeric per-track values recovered,partial-unresolved,,not-found-in-chart-json-or-targeted-metadata,medium,medium,phigros-track-records.csv; phigros-addressables-keys.csv; APK Addressables catalog,True,,structurally-nonempty,Assets/Tracks/QuantumHyperspace.D_AAN.0/Chart_EZ.json,True,,structurally-nonempty,Assets/Tracks/QuantumHyperspace.D_AAN.0/Chart_HD.json,True,,structurally-nonempty,Assets/Tracks/QuantumHyperspace.D_AAN.0/Chart_IN.json,False,,absent,,False,,absent,
Assets/Tracks/RESSiSTANCE.ぐるたみん.0/Illustration.jpg,Assets/Tracks/RESSiSTANCE.ぐるたみん.0/,RESSiSTANCE,ぐるたみん,0,phigros:trackpath=Assets/Tracks/RESSiSTANCE.ぐるたみん.0/,Addressables primary-key path / Assets/Tracks folder,,,,structure-found-instance-relation-unresolved,"IL2CPP Chapter/ChapterSongInfo/ChapterSongItem types expose chapterCode, songs and songsId; no serialized instance values or Track→Chapter foreign-key record was recovered",Assets/Tracks/RESSiSTANCE.ぐるたみん.0/Illustration.jpg,Assets/Tracks/RESSiSTANCE.ぐるたみん.0/music.wav,direct-track-folder-key,IL2CPP LevelInfo.level/difficulty and SongListItem.SetRating/SetRatingWithScore are UI/model candidates; no numeric per-track values recovered,partial-unresolved,,not-found-in-chart-json-or-targeted-metadata,medium,medium,phigros-track-records.csv; phigros-addressables-keys.csv; APK Addressables catalog,True,,structurally-nonempty,Assets/Tracks/RESSiSTANCE.ぐるたみん.0/Chart_EZ.json,True,,structurally-nonempty,Assets/Tracks/RESSiSTANCE.ぐるたみん.0/Chart_HD.json,True,,structurally-nonempty,Assets/Tracks/RESSiSTANCE.ぐるたみん.0/Chart_IN.json,False,,absent,,False,,absent,
Assets/Tracks/RIPPER.Friedwav.0/Illustration.jpg,Assets/Tracks/RIPPER.Friedwav.0/,RIPPER,Friedwav,0,phigros:trackpath=Assets/Tracks/RIPPER.Friedwav.0/,Addressables primary-key path / Assets/Tracks folder,,,,structure-found-instance-relation-unresolved,"IL2CPP Chapter/ChapterSongInfo/ChapterSongItem types expose chapterCode, songs and songsId; no serialized instance values or Track→Chapter foreign-key record was recovered",Assets/Tracks/RIPPER.Friedwav.0/Illustration.jpg,Assets/Tracks/RIPPER.Friedwav.0/music.wav,direct-track-folder-key,IL2CPP LevelInfo.level/difficulty and SongListItem.SetRating/SetRatingWithScore are UI/model candidates; no numeric per-track values recovered,partial-unresolved,,not-found-in-chart-json-or-targeted-metadata,medium,medium,phigros-track-records.csv; phigros-addressables-keys.csv; APK Addressables catalog,True,,structurally-nonempty,Assets/Tracks/RIPPER.Friedwav.0/Chart_EZ.json,True,,structurally-nonempty,Assets/Tracks/RIPPER.Friedwav.0/Chart_HD.json,True,,structurally-nonempty,Assets/Tracks/RIPPER.Friedwav.0/Chart_IN.json,False,,absent,,False,,absent,
Assets/Tracks/Radiance.Nhato.0/Illustration.jpg,Assets/Tracks/Radiance.Nhato.0/,Radiance,Nhato,0,phigros:trackpath=Assets/Tracks/Radiance.Nhato.0/,Addressables primary-key path / Assets/Tracks folder,,,,structure-found-instance-relation-unresolved,"IL2CPP Chapter/ChapterSongInfo/ChapterSongItem types expose chapterCode, songs and songsId; no serialized instance values or Track→Chapter foreign-key record was recovered",Assets/Tracks/Radiance.Nhato.0/Illustration.jpg,Assets/Tracks/Radiance.Nhato.0/music.wav,direct-track-folder-key,IL2CPP LevelInfo.level/difficulty and SongListItem.SetRating/SetRatingWithScore are UI/model candidates; no numeric per-track values recovered,partial-unresolved,,not-found-in-chart-json-or-targeted-metadata,medium,medium,phigros-track-records.csv; phigros-addressables-keys.csv; APK Addressables catalog,True,,structurally-nonempty,Assets/Tracks/Radiance.Nhato.0/Chart_EZ.json,True,,structurally-nonempty,Assets/Tracks/Radiance.Nhato.0/Chart_HD.json,True,,structurally-nonempty,Assets/Tracks/Radiance.Nhato.0/Chart_IN.json,True,,structurally-nonempty,Assets/Tracks/Radiance.Nhato.0/Chart_AT.json,False,,absent,
Assets/Tracks/RainyHeart.BelieverInYou阿卡姆巫师.0/Illustration.jpg,Assets/Tracks/RainyHeart.BelieverInYou阿卡姆巫师.0/,RainyHeart,BelieverInYou阿卡姆巫师,0,phigros:trackpath=Assets/Tracks/RainyHeart.BelieverInYou阿卡姆巫师.0/,Addressables primary-key path / Assets/Tracks folder,,,,structure-found-instance-relation-unresolved,"IL2CPP Chapter/ChapterSongInfo/ChapterSongItem types expose chapterCode, songs and songsId; no serialized instance values or Track→Chapter foreign-key record was recovered",Assets/Tracks/RainyHeart.BelieverInYou阿卡姆巫师.0/Illustration.jpg,Assets/Tracks/RainyHeart.BelieverInYou阿卡姆巫师.0/music.wav,direct-track-folder-key,IL2CPP LevelInfo.level/difficulty and SongListItem.SetRating/SetRatingWithScore are UI/model candidates; no numeric per-track values recovered,partial-unresolved,,not-found-in-chart-json-or-targeted-metadata,medium,medium,phigros-track-records.csv; phigros-addressables-keys.csv; APK Addressables catalog,True,,structurally-nonempty,Assets/Tracks/RainyHeart.BelieverInYou阿卡姆巫师.0/Chart_EZ.json,True,,structurally-nonempty,Assets/Tracks/RainyHeart.BelieverInYou阿卡姆巫师.0/Chart_HD.json,True,,structurally-nonempty,Assets/Tracks/RainyHeart.BelieverInYou阿卡姆巫师.0/Chart_IN.json,False,,absent,,False,,absent,
Assets/Tracks/RainySeason.AbyssIdols.0/Illustration.jpg,Assets/Tracks/RainySeason.AbyssIdols.0/,RainySeason,AbyssIdols,0,phigros:trackpath=Assets/Tracks/RainySeason.AbyssIdols.0/,Addressables primary-key path / Assets/Tracks folder,,,,structure-found-instance-relation-unresolved,"IL2CPP Chapter/ChapterSongInfo/ChapterSongItem types expose chapterCode, songs and songsId; no serialized instance values or Track→Chapter foreign-key record was recovered",Assets/Tracks/RainySeason.AbyssIdols.0/Illustration.jpg,Assets/Tracks/RainySeason.AbyssIdols.0/music.wav,direct-track-folder-key,IL2CPP LevelInfo.level/difficulty and SongListItem.SetRating/SetRatingWithScore are UI/model candidates; no numeric per-track values recovered,partial-unresolved,,not-found-in-chart-json-or-targeted-metadata,medium,medium,phigros-track-records.csv; phigros-addressables-keys.csv; APK Addressables catalog,True,,structurally-nonempty,Assets/Tracks/RainySeason.AbyssIdols.0/Chart_EZ.json,True,,structurally-nonempty,Assets/Tracks/RainySeason.AbyssIdols.0/Chart_HD.json,True,,structurally-nonempty,Assets/Tracks/RainySeason.AbyssIdols.0/Chart_IN.json,False,,absent,,False,,absent,
Assets/Tracks/Ramification.rareguyReina.0/Illustration.jpg,Assets/Tracks/Ramification.rareguyReina.0/,Ramification,rareguyReina,0,phigros:trackpath=Assets/Tracks/Ramification.rareguyReina.0/,Addressables primary-key path / Assets/Tracks folder,,,,structure-found-instance-relation-unresolved,"IL2CPP Chapter/ChapterSongInfo/ChapterSongItem types expose chapterCode, songs and songsId; no serialized instance values or Track→Chapter foreign-key record was recovered",Assets/Tracks/Ramification.rareguyReina.0/Illustration.jpg,Assets/Tracks/Ramification.rareguyReina.0/music.wav,direct-track-folder-key,IL2CPP LevelInfo.level/difficulty and SongListItem.SetRating/SetRatingWithScore are UI/model candidates; no numeric per-track values recovered,partial-unresolved,,not-found-in-chart-json-or-targeted-metadata,medium,medium,phigros-track-records.csv; phigros-addressables-keys.csv; APK Addressables catalog,True,,structurally-nonempty,Assets/Tracks/Ramification.rareguyReina.0/Chart_EZ.json,True,,structurally-nonempty,Assets/Tracks/Ramification.rareguyReina.0/Chart_HD.json,True,,structurally-nonempty,Assets/Tracks/Ramification.rareguyReina.0/Chart_IN.json,False,,absent,,False,,absent,
Assets/Tracks/Random.SobremSilentroom.0/Illustration.jpg,Assets/Tracks/Random.SobremSilentroom.0/,Random,SobremSilentroom,0,phigros:trackpath=Assets/Tracks/Random.SobremSilentroom.0/,Addressables primary-key path / Assets/Tracks folder,,,,structure-found-instance-relation-unresolved,"IL2CPP Chapter/ChapterSongInfo/ChapterSongItem types expose chapterCode, songs and songsId; no serialized instance values or Track→Chapter foreign-key record was recovered",Assets/Tracks/Random.SobremSilentroom.0/Illustration.jpg,Assets/Tracks/Random.SobremSilentroom.0/music.wav,direct-track-folder-key,IL2CPP LevelInfo.level/difficulty and SongListItem.SetRating/SetRatingWithScore are UI/model candidates; no numeric per-track values recovered,partial-unresolved,,not-found-in-chart-json-or-targeted-metadata,medium,medium,phigros-track-records.csv; phigros-addressables-keys.csv; APK Addressables catalog,True,,structurally-nonempty,Assets/Tracks/Random.SobremSilentroom.0/Chart_EZ.json,True,,structurally-nonempty,Assets/Tracks/Random.SobremSilentroom.0/Chart_HD.json,True,,structurally-nonempty,Assets/Tracks/Random.SobremSilentroom.0/Chart_IN.json,False,,absent,,False,,absent,
Assets/Tracks/Random.SobremSilentroom.1/,Assets/Tracks/Random.SobremSilentroom.1/,Random,SobremSilentroom,1,phigros:trackpath=Assets/Tracks/Random.SobremSilentroom.1/,Addressables primary-key path / Assets/Tracks folder,,,,structure-found-instance-relation-unresolved,"IL2CPP Chapter/ChapterSongInfo/ChapterSongItem types expose chapterCode, songs and songsId; no serialized instance values or Track→Chapter foreign-key record was recovered",,Assets/Tracks/Random.SobremSilentroom.1/music.wav,missing,IL2CPP LevelInfo.level/difficulty and SongListItem.SetRating/SetRatingWithScore are UI/model candidates; no numeric per-track values recovered,partial-unresolved,,not-found-in-chart-json-or-targeted-metadata,medium,medium,phigros-track-records.csv; phigros-addressables-keys.csv; APK Addressables catalog,True,,structurally-nonempty,Assets/Tracks/Random.SobremSilentroom.1/Chart_EZ.json,True,,structurally-nonempty,Assets/Tracks/Random.SobremSilentroom.1/Chart_HD.json,True,,structurally-nonempty,Assets/Tracks/Random.SobremSilentroom.1/Chart_IN.json,False,,absent,,False,,absent,
Assets/Tracks/Random.SobremSilentroom.2/,Assets/Tracks/Random.SobremSilentroom.2/,Random,SobremSilentroom,2,phigros:trackpath=Assets/Tracks/Random.SobremSilentroom.2/,Addressables primary-key path / Assets/Tracks folder,,,,structure-found-instance-relation-unresolved,"IL2CPP Chapter/ChapterSongInfo/ChapterSongItem types expose chapterCode, songs and songsId; no serialized instance values or Track→Chapter foreign-key record was recovered",,Assets/Tracks/Random.SobremSilentroom.2/music.wav,missing,IL2CPP LevelInfo.level/difficulty and SongListItem.SetRating/SetRatingWithScore are UI/model candidates; no numeric per-track values recovered,partial-unresolved,,not-found-in-chart-json-or-targeted-metadata,medium,medium,phigros-track-records.csv; phigros-addressables-keys.csv; APK Addressables catalog,True,,structurally-nonempty,Assets/Tracks/Random.SobremSilentroom.2/Chart_EZ.json,True,,structurally-nonempty,Assets/Tracks/Random.SobremSilentroom.2/Chart_HD.json,True,,structurally-nonempty,Assets/Tracks/Random.SobremSilentroom.2/Chart_IN.json,False,,absent,,False,,absent,
Assets/Tracks/Random.SobremSilentroom.3/,Assets/Tracks/Random.SobremSilentroom.3/,Random,SobremSilentroom,3,phigros:trackpath=Assets/Tracks/Random.SobremSilentroom.3/,Addressables primary-key path / Assets/Tracks folder,,,,structure-found-instance-relation-unresolved,"IL2CPP Chapter/ChapterSongInfo/ChapterSongItem types expose chapterCode, songs and songsId; no serialized instance values or Track→Chapter foreign-key record was recovered",,Assets/Tracks/Random.SobremSilentroom.3/music.wav,missing,IL2CPP LevelInfo.level/difficulty and SongListItem.SetRating/SetRatingWithScore are UI/model candidates; no numeric per-track values recovered,partial-unresolved,,not-found-in-chart-json-or-targeted-metadata,medium,medium,phigros-track-records.csv; phigros-addressables-keys.csv; APK Addressables catalog,True,,structurally-nonempty,Assets/Tracks/Random.SobremSilentroom.3/Chart_EZ.json,True,,structurally-nonempty,Assets/Tracks/Random.SobremSilentroom.3/Chart_HD.json,True,,structurally-nonempty,Assets/Tracks/Random.SobremSilentroom.3/Chart_IN.json,False,,absent,,False,,absent,
Assets/Tracks/Random.SobremSilentroom.4/,Assets/Tracks/Random.SobremSilentroom.4/,Random,SobremSilentroom,4,phigros:trackpath=Assets/Tracks/Random.SobremSilentroom.4/,Addressables primary-key path / Assets/Tracks folder,,,,structure-found-instance-relation-unresolved,"IL2CPP Chapter/ChapterSongInfo/ChapterSongItem types expose chapterCode, songs and songsId; no serialized instance values or Track→Chapter foreign-key record was recovered",,Assets/Tracks/Random.SobremSilentroom.4/music.wav,missing,IL2CPP LevelInfo.level/difficulty and SongListItem.SetRating/SetRatingWithScore are UI/model candidates; no numeric per-track values recovered,partial-unresolved,,not-found-in-chart-json-or-targeted-metadata,medium,medium,phigros-track-records.csv; phigros-addressables-keys.csv; APK Addressables catalog,True,,structurally-nonempty,Assets/Tracks/Random.SobremSilentroom.4/Chart_EZ.json,True,,structurally-nonempty,Assets/Tracks/Random.SobremSilentroom.4/Chart_HD.json,True,,structurally-nonempty,Assets/Tracks/Random.SobremSilentroom.4/Chart_IN.json,False,,absent,,False,,absent,
Assets/Tracks/Random.SobremSilentroom.5/,Assets/Tracks/Random.SobremSilentroom.5/,Random,SobremSilentroom,5,phigros:trackpath=Assets/Tracks/Random.SobremSilentroom.5/,Addressables primary-key path / Assets/Tracks folder,,,,structure-found-instance-relation-unresolved,"IL2CPP Chapter/ChapterSongInfo/ChapterSongItem types expose chapterCode, songs and songsId; no serialized instance values or Track→Chapter foreign-key record was recovered",,Assets/Tracks/Random.SobremSilentroom.5/music.wav,missing,IL2CPP LevelInfo.level/difficulty and SongListItem.SetRating/SetRatingWithScore are UI/model candidates; no numeric per-track values recovered,partial-unresolved,,not-found-in-chart-json-or-targeted-metadata,medium,medium,phigros-track-records.csv; phigros-addressables-keys.csv; APK Addressables catalog,True,,structurally-nonempty,Assets/Tracks/Random.SobremSilentroom.5/Chart_EZ.json,True,,structurally-nonempty,Assets/Tracks/Random.SobremSilentroom.5/Chart_HD.json,True,,structurally-nonempty,Assets/Tracks/Random.SobremSilentroom.5/Chart_IN.json,False,,absent,,False,,absent,
Assets/Tracks/Random.SobremSilentroom.6/,Assets/Tracks/Random.SobremSilentroom.6/,Random,SobremSilentroom,6,phigros:trackpath=Assets/Tracks/Random.SobremSilentroom.6/,Addressables primary-key path / Assets/Tracks folder,,,,structure-found-instance-relation-unresolved,"IL2CPP Chapter/ChapterSongInfo/ChapterSongItem types expose chapterCode, songs and songsId; no serialized instance values or Track→Chapter foreign-key record was recovered",,Assets/Tracks/Random.SobremSilentroom.6/music.wav,missing,IL2CPP LevelInfo.level/difficulty and SongListItem.SetRating/SetRatingWithScore are UI/model candidates; no numeric per-track values recovered,partial-unresolved,,not-found-in-chart-json-or-targeted-metadata,medium,medium,phigros-track-records.csv; phigros-addressables-keys.csv; APK Addressables catalog,True,,structurally-nonempty,Assets/Tracks/Random.SobremSilentroom.6/Chart_EZ.json,True,,structurally-nonempty,Assets/Tracks/Random.SobremSilentroom.6/Chart_HD.json,True,,structurally-nonempty,Assets/Tracks/Random.SobremSilentroom.6/Chart_IN.json,False,,absent,,False,,absent,
Assets/Tracks/ReEndofaDream.umavsモリモリあつし.0/Illustration.jpg,Assets/Tracks/ReEndofaDream.umavsモリモリあつし.0/,ReEndofaDream,umavsモリモリあつし,0,phigros:trackpath=Assets/Tracks/ReEndofaDream.umavsモリモリあつし.0/,Addressables primary-key path / Assets/Tracks folder,,,,structure-found-instance-relation-unresolved,"IL2CPP Chapter/ChapterSongInfo/ChapterSongItem types expose chapterCode, songs and songsId; no serialized instance values or Track→Chapter foreign-key record was recovered",Assets/Tracks/ReEndofaDream.umavsモリモリあつし.0/Illustration.jpg,Assets/Tracks/ReEndofaDream.umavsモリモリあつし.0/music.wav,direct-track-folder-key,IL2CPP LevelInfo.level/difficulty and SongListItem.SetRating/SetRatingWithScore are UI/model candidates; no numeric per-track values recovered,partial-unresolved,,not-found-in-chart-json-or-targeted-metadata,medium,medium,phigros-track-records.csv; phigros-addressables-keys.csv; APK Addressables catalog,True,,structurally-nonempty,Assets/Tracks/ReEndofaDream.umavsモリモリあつし.0/Chart_EZ.json,True,,structurally-nonempty,Assets/Tracks/ReEndofaDream.umavsモリモリあつし.0/Chart_HD.json,True,,structurally-nonempty,Assets/Tracks/ReEndofaDream.umavsモリモリあつし.0/Chart_IN.json,True,,structurally-nonempty,Assets/Tracks/ReEndofaDream.umavsモリモリあつし.0/Chart_AT.json,False,,absent,
Assets/Tracks/Re_NascencePsystyleVer.Rinth_live.0/Illustration.jpg,Assets/Tracks/Re_NascencePsystyleVer.Rinth_live.0/,Re_NascencePsystyleVer,Rinth_live,0,phigros:trackpath=Assets/Tracks/Re_NascencePsystyleVer.Rinth_live.0/,Addressables primary-key path / Assets/Tracks folder,,,,structure-found-instance-relation-unresolved,"IL2CPP Chapter/ChapterSongInfo/ChapterSongItem types expose chapterCode, songs and songsId; no serialized instance values or Track→Chapter foreign-key record was recovered",Assets/Tracks/Re_NascencePsystyleVer.Rinth_live.0/Illustration.jpg,Assets/Tracks/Re_NascencePsystyleVer.Rinth_live.0/music.wav,direct-track-folder-key,IL2CPP LevelInfo.level/difficulty and SongListItem.SetRating/SetRatingWithScore are UI/model candidates; no numeric per-track values recovered,partial-unresolved,,not-found-in-chart-json-or-targeted-metadata,medium,medium,phigros-track-records.csv; phigros-addressables-keys.csv; APK Addressables catalog,True,,structurally-nonempty,Assets/Tracks/Re_NascencePsystyleVer.Rinth_live.0/Chart_EZ.json,True,,structurally-nonempty,Assets/Tracks/Re_NascencePsystyleVer.Rinth_live.0/Chart_HD.json,True,,structurally-nonempty,Assets/Tracks/Re_NascencePsystyleVer.Rinth_live.0/Chart_IN.json,False,,absent,,False,,absent,
Assets/Tracks/Realms.HinkikAHimitsu.0/Illustration.jpg,Assets/Tracks/Realms.HinkikAHimitsu.0/,Realms,HinkikAHimitsu,0,phigros:trackpath=Assets/Tracks/Realms.HinkikAHimitsu.0/,Addressables primary-key path / Assets/Tracks folder,,,,structure-found-instance-relation-unresolved,"IL2CPP Chapter/ChapterSongInfo/ChapterSongItem types expose chapterCode, songs and songsId; no serialized instance values or Track→Chapter foreign-key record was recovered",Assets/Tracks/Realms.HinkikAHimitsu.0/Illustration.jpg,Assets/Tracks/Realms.HinkikAHimitsu.0/music.wav,direct-track-folder-key,IL2CPP LevelInfo.level/difficulty and SongListItem.SetRating/SetRatingWithScore are UI/model candidates; no numeric per-track values recovered,partial-unresolved,,not-found-in-chart-json-or-targeted-metadata,medium,medium,phigros-track-records.csv; phigros-addressables-keys.csv; APK Addressables catalog,True,,structurally-nonempty,Assets/Tracks/Realms.HinkikAHimitsu.0/Chart_EZ.json,True,,structurally-nonempty,Assets/Tracks/Realms.HinkikAHimitsu.0/Chart_HD.json,True,,structurally-nonempty,Assets/Tracks/Realms.HinkikAHimitsu.0/Chart_IN.json,False,,absent,,False,,absent,
Assets/Tracks/Rebirth.ああああ.0/Illustration.jpg,Assets/Tracks/Rebirth.ああああ.0/,Rebirth,ああああ,0,phigros:trackpath=Assets/Tracks/Rebirth.ああああ.0/,Addressables primary-key path / Assets/Tracks folder,,,,structure-found-instance-relation-unresolved,"IL2CPP Chapter/ChapterSongInfo/ChapterSongItem types expose chapterCode, songs and songsId; no serialized instance values or Track→Chapter foreign-key record was recovered",Assets/Tracks/Rebirth.ああああ.0/Illustration.jpg,Assets/Tracks/Rebirth.ああああ.0/music.wav,direct-track-folder-key,IL2CPP LevelInfo.level/difficulty and SongListItem.SetRating/SetRatingWithScore are UI/model candidates; no numeric per-track values recovered,partial-unresolved,,not-found-in-chart-json-or-targeted-metadata,medium,medium,phigros-track-records.csv; phigros-addressables-keys.csv; APK Addressables catalog,True,,structurally-nonempty,Assets/Tracks/Rebirth.ああああ.0/Chart_EZ.json,True,,structurally-nonempty,Assets/Tracks/Rebirth.ああああ.0/Chart_HD.json,True,,structurally-nonempty,Assets/Tracks/Rebirth.ああああ.0/Chart_IN.json,False,,absent,,False,,absent,
Assets/Tracks/Reimei.影虎.0/Illustration.jpg,Assets/Tracks/Reimei.影虎.0/,Reimei,影虎,0,phigros:trackpath=Assets/Tracks/Reimei.影虎.0/,Addressables primary-key path / Assets/Tracks folder,,,,structure-found-instance-relation-unresolved,"IL2CPP Chapter/ChapterSongInfo/ChapterSongItem types expose chapterCode, songs and songsId; no serialized instance values or Track→Chapter foreign-key record was recovered",Assets/Tracks/Reimei.影虎.0/Illustration.jpg,Assets/Tracks/Reimei.影虎.0/music.wav,direct-track-folder-key,IL2CPP LevelInfo.level/difficulty and SongListItem.SetRating/SetRatingWithScore are UI/model candidates; no numeric per-track values recovered,partial-unresolved,,not-found-in-chart-json-or-targeted-metadata,medium,medium,phigros-track-records.csv; phigros-addressables-keys.csv; APK Addressables catalog,True,,structurally-nonempty,Assets/Tracks/Reimei.影虎.0/Chart_EZ.json,True,,structurally-nonempty,Assets/Tracks/Reimei.影虎.0/Chart_HD.json,True,,structurally-nonempty,Assets/Tracks/Reimei.影虎.0/Chart_IN.json,False,,absent,,False,,absent,
Assets/Tracks/Resolver.Gomadare.0/Illustration.jpg,Assets/Tracks/Resolver.Gomadare.0/,Resolver,Gomadare,0,phigros:trackpath=Assets/Tracks/Resolver.Gomadare.0/,Addressables primary-key path / Assets/Tracks folder,,,,structure-found-instance-relation-unresolved,"IL2CPP Chapter/ChapterSongInfo/ChapterSongItem types expose chapterCode, songs and songsId; no serialized instance values or Track→Chapter foreign-key record was recovered",Assets/Tracks/Resolver.Gomadare.0/Illustration.jpg,Assets/Tracks/Resolver.Gomadare.0/music.wav,direct-track-folder-key,IL2CPP LevelInfo.level/difficulty and SongListItem.SetRating/SetRatingWithScore are UI/model candidates; no numeric per-track values recovered,partial-unresolved,,not-found-in-chart-json-or-targeted-metadata,medium,medium,phigros-track-records.csv; phigros-addressables-keys.csv; APK Addressables catalog,True,,structurally-nonempty,Assets/Tracks/Resolver.Gomadare.0/Chart_EZ.json,True,,structurally-nonempty,Assets/Tracks/Resolver.Gomadare.0/Chart_HD.json,True,,structurally-nonempty,Assets/Tracks/Resolver.Gomadare.0/Chart_IN.json,False,,absent,,False,,absent,
Assets/Tracks/Retribution.nmyKryexe.0/Illustration.jpg,Assets/Tracks/Retribution.nmyKryexe.0/,Retribution,nmyKryexe,0,phigros:trackpath=Assets/Tracks/Retribution.nmyKryexe.0/,Addressables primary-key path / Assets/Tracks folder,,,,structure-found-instance-relation-unresolved,"IL2CPP Chapter/ChapterSongInfo/ChapterSongItem types expose chapterCode, songs and songsId; no serialized instance values or Track→Chapter foreign-key record was recovered",Assets/Tracks/Retribution.nmyKryexe.0/Illustration.jpg,Assets/Tracks/Retribution.nmyKryexe.0/music.wav,direct-track-folder-key,IL2CPP LevelInfo.level/difficulty and SongListItem.SetRating/SetRatingWithScore are UI/model candidates; no numeric per-track values recovered,partial-unresolved,,not-found-in-chart-json-or-targeted-metadata,medium,medium,phigros-track-records.csv; phigros-addressables-keys.csv; APK Addressables catalog,True,,structurally-nonempty,Assets/Tracks/Retribution.nmyKryexe.0/Chart_EZ.json,True,,structurally-nonempty,Assets/Tracks/Retribution.nmyKryexe.0/Chart_HD.json,True,,structurally-nonempty,Assets/Tracks/Retribution.nmyKryexe.0/Chart_IN.json,False,,absent,,False,,absent,
Assets/Tracks/RetributionCycleofRedemption.ArdolfvsDaily天利.0/Illustration.jpg,Assets/Tracks/RetributionCycleofRedemption.ArdolfvsDaily天利.0/,RetributionCycleofRedemption,ArdolfvsDaily天利,0,phigros:trackpath=Assets/Tracks/RetributionCycleofRedemption.ArdolfvsDaily天利.0/,Addressables primary-key path / Assets/Tracks folder,,,,structure-found-instance-relation-unresolved,"IL2CPP Chapter/ChapterSongInfo/ChapterSongItem types expose chapterCode, songs and songsId; no serialized instance values or Track→Chapter foreign-key record was recovered",Assets/Tracks/RetributionCycleofRedemption.ArdolfvsDaily天利.0/Illustration.jpg,Assets/Tracks/RetributionCycleofRedemption.ArdolfvsDaily天利.0/music.wav,direct-track-folder-key,IL2CPP LevelInfo.level/difficulty and SongListItem.SetRating/SetRatingWithScore are UI/model candidates; no numeric per-track values recovered,partial-unresolved,,not-found-in-chart-json-or-targeted-metadata,medium,medium,phigros-track-records.csv; phigros-addressables-keys.csv; APK Addressables catalog,True,,structurally-nonempty,Assets/Tracks/RetributionCycleofRedemption.ArdolfvsDaily天利.0/Chart_EZ.json,True,,structurally-nonempty,Assets/Tracks/RetributionCycleofRedemption.ArdolfvsDaily天利.0/Chart_HD.json,True,,structurally-nonempty,Assets/Tracks/RetributionCycleofRedemption.ArdolfvsDaily天利.0/Chart_IN.json,False,,absent,,False,,absent,
Assets/Tracks/Rrharil.TeamGrimoire.0/Illustration.jpg,Assets/Tracks/Rrharil.TeamGrimoire.0/,Rrharil,TeamGrimoire,0,phigros:trackpath=Assets/Tracks/Rrharil.TeamGrimoire.0/,Addressables primary-key path / Assets/Tracks folder,,,,structure-found-instance-relation-unresolved,"IL2CPP Chapter/ChapterSongInfo/ChapterSongItem types expose chapterCode, songs and songsId; no serialized instance values or Track→Chapter foreign-key record was recovered",Assets/Tracks/Rrharil.TeamGrimoire.0/Illustration.jpg,Assets/Tracks/Rrharil.TeamGrimoire.0/music.wav,direct-track-folder-key,IL2CPP LevelInfo.level/difficulty and SongListItem.SetRating/SetRatingWithScore are UI/model candidates; no numeric per-track values recovered,partial-unresolved,,not-found-in-chart-json-or-targeted-metadata,medium,medium,phigros-track-records.csv; phigros-addressables-keys.csv; APK Addressables catalog,True,,structurally-nonempty,Assets/Tracks/Rrharil.TeamGrimoire.0/Chart_EZ.json,True,,structurally-nonempty,Assets/Tracks/Rrharil.TeamGrimoire.0/Chart_HD.json,True,,structurally-nonempty,Assets/Tracks/Rrharil.TeamGrimoire.0/Chart_IN.json,True,,structurally-nonempty,Assets/Tracks/Rrharil.TeamGrimoire.0/Chart_AT.json,False,,absent,
Assets/Tracks/RubbishSorting.CtymaxvsNceS.0/Illustration.jpg,Assets/Tracks/RubbishSorting.CtymaxvsNceS.0/,RubbishSorting,CtymaxvsNceS,0,phigros:trackpath=Assets/Tracks/RubbishSorting.CtymaxvsNceS.0/,Addressables primary-key path / Assets/Tracks folder,,,,structure-found-instance-relation-unresolved,"IL2CPP Chapter/ChapterSongInfo/ChapterSongItem types expose chapterCode, songs and songsId; no serialized instance values or Track→Chapter foreign-key record was recovered",Assets/Tracks/RubbishSorting.CtymaxvsNceS.0/Illustration.jpg,Assets/Tracks/RubbishSorting.CtymaxvsNceS.0/music.wav,direct-track-folder-key,IL2CPP LevelInfo.level/difficulty and SongListItem.SetRating/SetRatingWithScore are UI/model candidates; no numeric per-track values recovered,partial-unresolved,,not-found-in-chart-json-or-targeted-metadata,medium,medium,phigros-track-records.csv; phigros-addressables-keys.csv; APK Addressables catalog,True,,structurally-nonempty,Assets/Tracks/RubbishSorting.CtymaxvsNceS.0/Chart_EZ.json,True,,structurally-nonempty,Assets/Tracks/RubbishSorting.CtymaxvsNceS.0/Chart_HD.json,True,,structurally-nonempty,Assets/Tracks/RubbishSorting.CtymaxvsNceS.0/Chart_IN.json,False,,absent,,False,,absent,
Assets/Tracks/SATELLITE.かめりあ.0/Illustration.jpg,Assets/Tracks/SATELLITE.かめりあ.0/,SATELLITE,かめりあ,0,phigros:trackpath=Assets/Tracks/SATELLITE.かめりあ.0/,Addressables primary-key path / Assets/Tracks folder,,,,structure-found-instance-relation-unresolved,"IL2CPP Chapter/ChapterSongInfo/ChapterSongItem types expose chapterCode, songs and songsId; no serialized instance values or Track→Chapter foreign-key record was recovered",Assets/Tracks/SATELLITE.かめりあ.0/Illustration.jpg,Assets/Tracks/SATELLITE.かめりあ.0/music.wav,direct-track-folder-key,IL2CPP LevelInfo.level/difficulty and SongListItem.SetRating/SetRatingWithScore are UI/model candidates; no numeric per-track values recovered,partial-unresolved,,not-found-in-chart-json-or-targeted-metadata,medium,medium,phigros-track-records.csv; phigros-addressables-keys.csv; APK Addressables catalog,True,,structurally-nonempty,Assets/Tracks/SATELLITE.かめりあ.0/Chart_EZ.json,True,,structurally-nonempty,Assets/Tracks/SATELLITE.かめりあ.0/Chart_HD.json,True,,structurally-nonempty,Assets/Tracks/SATELLITE.かめりあ.0/Chart_IN.json,True,,structurally-nonempty,Assets/Tracks/SATELLITE.かめりあ.0/Chart_AT.json,False,,absent,
Assets/Tracks/SIGMA.Kryexe.0/Illustration.jpg,Assets/Tracks/SIGMA.Kryexe.0/,SIGMA,Kryexe,0,phigros:trackpath=Assets/Tracks/SIGMA.Kryexe.0/,Addressables primary-key path / Assets/Tracks folder,,,,structure-found-instance-relation-unresolved,"IL2CPP Chapter/ChapterSongInfo/ChapterSongItem types expose chapterCode, songs and songsId; no serialized instance values or Track→Chapter foreign-key record was recovered",Assets/Tracks/SIGMA.Kryexe.0/Illustration.jpg,Assets/Tracks/SIGMA.Kryexe.0/music.wav,direct-track-folder-key,IL2CPP LevelInfo.level/difficulty and SongListItem.SetRating/SetRatingWithScore are UI/model candidates; no numeric per-track values recovered,partial-unresolved,,not-found-in-chart-json-or-targeted-metadata,medium,medium,phigros-track-records.csv; phigros-addressables-keys.csv; APK Addressables catalog,True,,structurally-nonempty,Assets/Tracks/SIGMA.Kryexe.0/Chart_EZ.json,True,,structurally-nonempty,Assets/Tracks/SIGMA.Kryexe.0/Chart_HD.json,True,,structurally-nonempty,Assets/Tracks/SIGMA.Kryexe.0/Chart_IN.json,False,,absent,,False,,absent,
Assets/Tracks/SURREALISM.Itsuki.0/Illustration.jpg,Assets/Tracks/SURREALISM.Itsuki.0/,SURREALISM,Itsuki,0,phigros:trackpath=Assets/Tracks/SURREALISM.Itsuki.0/,Addressables primary-key path / Assets/Tracks folder,,,,structure-found-instance-relation-unresolved,"IL2CPP Chapter/ChapterSongInfo/ChapterSongItem types expose chapterCode, songs and songsId; no serialized instance values or Track→Chapter foreign-key record was recovered",Assets/Tracks/SURREALISM.Itsuki.0/Illustration.jpg,Assets/Tracks/SURREALISM.Itsuki.0/music.wav,direct-track-folder-key,IL2CPP LevelInfo.level/difficulty and SongListItem.SetRating/SetRatingWithScore are UI/model candidates; no numeric per-track values recovered,partial-unresolved,,not-found-in-chart-json-or-targeted-metadata,medium,medium,phigros-track-records.csv; phigros-addressables-keys.csv; APK Addressables catalog,True,,structurally-nonempty,Assets/Tracks/SURREALISM.Itsuki.0/Chart_EZ.json,True,,structurally-nonempty,Assets/Tracks/SURREALISM.Itsuki.0/Chart_HD.json,True,,structurally-nonempty,Assets/Tracks/SURREALISM.Itsuki.0/Chart_IN.json,False,,absent,,False,,absent,
Assets/Tracks/Schadenfreude.ZxNX.0/Illustration.jpg,Assets/Tracks/Schadenfreude.ZxNX.0/,Schadenfreude,ZxNX,0,phigros:trackpath=Assets/Tracks/Schadenfreude.ZxNX.0/,Addressables primary-key path / Assets/Tracks folder,,,,structure-found-instance-relation-unresolved,"IL2CPP Chapter/ChapterSongInfo/ChapterSongItem types expose chapterCode, songs and songsId; no serialized instance values or Track→Chapter foreign-key record was recovered",Assets/Tracks/Schadenfreude.ZxNX.0/Illustration.jpg,Assets/Tracks/Schadenfreude.ZxNX.0/music.wav,direct-track-folder-key,IL2CPP LevelInfo.level/difficulty and SongListItem.SetRating/SetRatingWithScore are UI/model candidates; no numeric per-track values recovered,partial-unresolved,,not-found-in-chart-json-or-targeted-metadata,medium,medium,phigros-track-records.csv; phigros-addressables-keys.csv; APK Addressables catalog,True,,structurally-nonempty,Assets/Tracks/Schadenfreude.ZxNX.0/Chart_EZ.json,True,,structurally-nonempty,Assets/Tracks/Schadenfreude.ZxNX.0/Chart_HD.json,True,,structurally-nonempty,Assets/Tracks/Schadenfreude.ZxNX.0/Chart_IN.json,False,,absent,,False,,absent,
Assets/Tracks/SecretIllumination.Yooh.0/Illustration.jpg,Assets/Tracks/SecretIllumination.Yooh.0/,SecretIllumination,Yooh,0,phigros:trackpath=Assets/Tracks/SecretIllumination.Yooh.0/,Addressables primary-key path / Assets/Tracks folder,,,,structure-found-instance-relation-unresolved,"IL2CPP Chapter/ChapterSongInfo/ChapterSongItem types expose chapterCode, songs and songsId; no serialized instance values or Track→Chapter foreign-key record was recovered",Assets/Tracks/SecretIllumination.Yooh.0/Illustration.jpg,Assets/Tracks/SecretIllumination.Yooh.0/music.wav,direct-track-folder-key,IL2CPP LevelInfo.level/difficulty and SongListItem.SetRating/SetRatingWithScore are UI/model candidates; no numeric per-track values recovered,partial-unresolved,,not-found-in-chart-json-or-targeted-metadata,medium,medium,phigros-track-records.csv; phigros-addressables-keys.csv; APK Addressables catalog,True,,structurally-nonempty,Assets/Tracks/SecretIllumination.Yooh.0/Chart_EZ.json,True,,structurally-nonempty,Assets/Tracks/SecretIllumination.Yooh.0/Chart_HD.json,True,,structurally-nonempty,Assets/Tracks/SecretIllumination.Yooh.0/Chart_IN.json,False,,absent,,False,,absent,
Assets/Tracks/Sein.朔Apo11oprogramvsお月さま交響曲ftkuroa荒巻.0/Illustration.jpg,Assets/Tracks/Sein.朔Apo11oprogramvsお月さま交響曲ftkuroa荒巻.0/,Sein,朔Apo11oprogramvsお月さま交響曲ftkuroa荒巻,0,phigros:trackpath=Assets/Tracks/Sein.朔Apo11oprogramvsお月さま交響曲ftkuroa荒巻.0/,Addressables primary-key path / Assets/Tracks folder,,,,structure-found-instance-relation-unresolved,"IL2CPP Chapter/ChapterSongInfo/ChapterSongItem types expose chapterCode, songs and songsId; no serialized instance values or Track→Chapter foreign-key record was recovered",Assets/Tracks/Sein.朔Apo11oprogramvsお月さま交響曲ftkuroa荒巻.0/Illustration.jpg,Assets/Tracks/Sein.朔Apo11oprogramvsお月さま交響曲ftkuroa荒巻.0/music.wav,direct-track-folder-key,IL2CPP LevelInfo.level/difficulty and SongListItem.SetRating/SetRatingWithScore are UI/model candidates; no numeric per-track values recovered,partial-unresolved,,not-found-in-chart-json-or-targeted-metadata,medium,medium,phigros-track-records.csv; phigros-addressables-keys.csv; APK Addressables catalog,True,,structurally-nonempty,Assets/Tracks/Sein.朔Apo11oprogramvsお月さま交響曲ftkuroa荒巻.0/Chart_EZ.json,True,,structurally-nonempty,Assets/Tracks/Sein.朔Apo11oprogramvsお月さま交響曲ftkuroa荒巻.0/Chart_HD.json,True,,structurally-nonempty,Assets/Tracks/Sein.朔Apo11oprogramvsお月さま交響曲ftkuroa荒巻.0/Chart_IN.json,False,,absent,,False,,absent,
Assets/Tracks/Shadow.SumaiLightvs姜米條.0/Illustration.jpg,Assets/Tracks/Shadow.SumaiLightvs姜米條.0/,Shadow,SumaiLightvs姜米條,0,phigros:trackpath=Assets/Tracks/Shadow.SumaiLightvs姜米條.0/,Addressables primary-key path / Assets/Tracks folder,,,,structure-found-instance-relation-unresolved,"IL2CPP Chapter/ChapterSongInfo/ChapterSongItem types expose chapterCode, songs and songsId; no serialized instance values or Track→Chapter foreign-key record was recovered",Assets/Tracks/Shadow.SumaiLightvs姜米條.0/Illustration.jpg,Assets/Tracks/Shadow.SumaiLightvs姜米條.0/music.wav,direct-track-folder-key,IL2CPP LevelInfo.level/difficulty and SongListItem.SetRating/SetRatingWithScore are UI/model candidates; no numeric per-track values recovered,partial-unresolved,,not-found-in-chart-json-or-targeted-metadata,medium,medium,phigros-track-records.csv; phigros-addressables-keys.csv; APK Addressables catalog,True,,structurally-nonempty,Assets/Tracks/Shadow.SumaiLightvs姜米條.0/Chart_EZ.json,True,,structurally-nonempty,Assets/Tracks/Shadow.SumaiLightvs姜米條.0/Chart_HD.json,True,,structurally-nonempty,Assets/Tracks/Shadow.SumaiLightvs姜米條.0/Chart_IN.json,True,,structurally-nonempty,Assets/Tracks/Shadow.SumaiLightvs姜米條.0/Chart_AT.json,False,,absent,
Assets/Tracks/Shelter.MeatyRabbitNceS.0/Illustration.jpg,Assets/Tracks/Shelter.MeatyRabbitNceS.0/,Shelter,MeatyRabbitNceS,0,phigros:trackpath=Assets/Tracks/Shelter.MeatyRabbitNceS.0/,Addressables primary-key path / Assets/Tracks folder,,,,structure-found-instance-relation-unresolved,"IL2CPP Chapter/ChapterSongInfo/ChapterSongItem types expose chapterCode, songs and songsId; no serialized instance values or Track→Chapter foreign-key record was recovered",Assets/Tracks/Shelter.MeatyRabbitNceS.0/Illustration.jpg,Assets/Tracks/Shelter.MeatyRabbitNceS.0/music.wav,direct-track-folder-key,IL2CPP LevelInfo.level/difficulty and SongListItem.SetRating/SetRatingWithScore are UI/model candidates; no numeric per-track values recovered,partial-unresolved,,not-found-in-chart-json-or-targeted-metadata,medium,medium,phigros-track-records.csv; phigros-addressables-keys.csv; APK Addressables catalog,True,,structurally-nonempty,Assets/Tracks/Shelter.MeatyRabbitNceS.0/Chart_EZ.json,True,,structurally-nonempty,Assets/Tracks/Shelter.MeatyRabbitNceS.0/Chart_HD.json,True,,structurally-nonempty,Assets/Tracks/Shelter.MeatyRabbitNceS.0/Chart_IN.json,False,,absent,,False,,absent,
Assets/Tracks/ShineAfter.ADeanJocularACE.0/Illustration.jpg,Assets/Tracks/ShineAfter.ADeanJocularACE.0/,ShineAfter,ADeanJocularACE,0,phigros:trackpath=Assets/Tracks/ShineAfter.ADeanJocularACE.0/,Addressables primary-key path / Assets/Tracks folder,,,,structure-found-instance-relation-unresolved,"IL2CPP Chapter/ChapterSongInfo/ChapterSongItem types expose chapterCode, songs and songsId; no serialized instance values or Track→Chapter foreign-key record was recovered",Assets/Tracks/ShineAfter.ADeanJocularACE.0/Illustration.jpg,Assets/Tracks/ShineAfter.ADeanJocularACE.0/music.wav,direct-track-folder-key,IL2CPP LevelInfo.level/difficulty and SongListItem.SetRating/SetRatingWithScore are UI/model candidates; no numeric per-track values recovered,partial-unresolved,,not-found-in-chart-json-or-targeted-metadata,medium,medium,phigros-track-records.csv; phigros-addressables-keys.csv; APK Addressables catalog,True,,structurally-nonempty,Assets/Tracks/ShineAfter.ADeanJocularACE.0/Chart_EZ.json,True,,structurally-nonempty,Assets/Tracks/ShineAfter.ADeanJocularACE.0/Chart_HD.json,True,,structurally-nonempty,Assets/Tracks/ShineAfter.ADeanJocularACE.0/Chart_IN.json,False,,absent,,False,,absent,
Assets/Tracks/SilenceisGoldenSpeechisGolden.NIWASHI.0/Illustration.jpg,Assets/Tracks/SilenceisGoldenSpeechisGolden.NIWASHI.0/,SilenceisGoldenSpeechisGolden,NIWASHI,0,phigros:trackpath=Assets/Tracks/SilenceisGoldenSpeechisGolden.NIWASHI.0/,Addressables primary-key path / Assets/Tracks folder,,,,structure-found-instance-relation-unresolved,"IL2CPP Chapter/ChapterSongInfo/ChapterSongItem types expose chapterCode, songs and songsId; no serialized instance values or Track→Chapter foreign-key record was recovered",Assets/Tracks/SilenceisGoldenSpeechisGolden.NIWASHI.0/Illustration.jpg,Assets/Tracks/SilenceisGoldenSpeechisGolden.NIWASHI.0/music.wav,direct-track-folder-key,IL2CPP LevelInfo.level/difficulty and SongListItem.SetRating/SetRatingWithScore are UI/model candidates; no numeric per-track values recovered,partial-unresolved,,not-found-in-chart-json-or-targeted-metadata,medium,medium,phigros-track-records.csv; phigros-addressables-keys.csv; APK Addressables catalog,True,,structurally-nonempty,Assets/Tracks/SilenceisGoldenSpeechisGolden.NIWASHI.0/Chart_EZ.json,True,,structurally-nonempty,Assets/Tracks/SilenceisGoldenSpeechisGolden.NIWASHI.0/Chart_HD.json,True,,structurally-nonempty,Assets/Tracks/SilenceisGoldenSpeechisGolden.NIWASHI.0/Chart_IN.json,False,,absent,,False,,absent,
Assets/Tracks/SnowDance.悠叶いのり.0/Illustration.jpg,Assets/Tracks/SnowDance.悠叶いのり.0/,SnowDance,悠叶いのり,0,phigros:trackpath=Assets/Tracks/SnowDance.悠叶いのり.0/,Addressables primary-key path / Assets/Tracks folder,,,,structure-found-instance-relation-unresolved,"IL2CPP Chapter/ChapterSongInfo/ChapterSongItem types expose chapterCode, songs and songsId; no serialized instance values or Track→Chapter foreign-key record was recovered",Assets/Tracks/SnowDance.悠叶いのり.0/Illustration.jpg,Assets/Tracks/SnowDance.悠叶いのり.0/music.wav,direct-track-folder-key,IL2CPP LevelInfo.level/difficulty and SongListItem.SetRating/SetRatingWithScore are UI/model candidates; no numeric per-track values recovered,partial-unresolved,,not-found-in-chart-json-or-targeted-metadata,medium,medium,phigros-track-records.csv; phigros-addressables-keys.csv; APK Addressables catalog,True,,structurally-nonempty,Assets/Tracks/SnowDance.悠叶いのり.0/Chart_EZ.json,True,,structurally-nonempty,Assets/Tracks/SnowDance.悠叶いのり.0/Chart_HD.json,True,,structurally-nonempty,Assets/Tracks/SnowDance.悠叶いのり.0/Chart_IN.json,False,,absent,,False,,absent,
Assets/Tracks/SnowDesert.WyvernP.0/Illustration.jpg,Assets/Tracks/SnowDesert.WyvernP.0/,SnowDesert,WyvernP,0,phigros:trackpath=Assets/Tracks/SnowDesert.WyvernP.0/,Addressables primary-key path / Assets/Tracks folder,,,,structure-found-instance-relation-unresolved,"IL2CPP Chapter/ChapterSongInfo/ChapterSongItem types expose chapterCode, songs and songsId; no serialized instance values or Track→Chapter foreign-key record was recovered",Assets/Tracks/SnowDesert.WyvernP.0/Illustration.jpg,Assets/Tracks/SnowDesert.WyvernP.0/music.wav,direct-track-folder-key,IL2CPP LevelInfo.level/difficulty and SongListItem.SetRating/SetRatingWithScore are UI/model candidates; no numeric per-track values recovered,partial-unresolved,,not-found-in-chart-json-or-targeted-metadata,medium,medium,phigros-track-records.csv; phigros-addressables-keys.csv; APK Addressables catalog,True,,structurally-nonempty,Assets/Tracks/SnowDesert.WyvernP.0/Chart_EZ.json,True,,structurally-nonempty,Assets/Tracks/SnowDesert.WyvernP.0/Chart_HD.json,True,,structurally-nonempty,Assets/Tracks/SnowDesert.WyvernP.0/Chart_IN.json,False,,absent,,False,,absent,
Assets/Tracks/SolaggyfeatUzumaki.ShrimpCatsはぁち後藤涼輔.0/Illustration.jpg,Assets/Tracks/SolaggyfeatUzumaki.ShrimpCatsはぁち後藤涼輔.0/,SolaggyfeatUzumaki,ShrimpCatsはぁち後藤涼輔,0,phigros:trackpath=Assets/Tracks/SolaggyfeatUzumaki.ShrimpCatsはぁち後藤涼輔.0/,Addressables primary-key path / Assets/Tracks folder,,,,structure-found-instance-relation-unresolved,"IL2CPP Chapter/ChapterSongInfo/ChapterSongItem types expose chapterCode, songs and songsId; no serialized instance values or Track→Chapter foreign-key record was recovered",Assets/Tracks/SolaggyfeatUzumaki.ShrimpCatsはぁち後藤涼輔.0/Illustration.jpg,Assets/Tracks/SolaggyfeatUzumaki.ShrimpCatsはぁち後藤涼輔.0/music.wav,direct-track-folder-key,IL2CPP LevelInfo.level/difficulty and SongListItem.SetRating/SetRatingWithScore are UI/model candidates; no numeric per-track values recovered,partial-unresolved,,not-found-in-chart-json-or-targeted-metadata,medium,medium,phigros-track-records.csv; phigros-addressables-keys.csv; APK Addressables catalog,True,,structurally-nonempty,Assets/Tracks/SolaggyfeatUzumaki.ShrimpCatsはぁち後藤涼輔.0/Chart_EZ.json,True,,structurally-nonempty,Assets/Tracks/SolaggyfeatUzumaki.ShrimpCatsはぁち後藤涼輔.0/Chart_HD.json,True,,structurally-nonempty,Assets/Tracks/SolaggyfeatUzumaki.ShrimpCatsはぁち後藤涼輔.0/Chart_IN.json,False,,absent,,False,,absent,
Assets/Tracks/SparkleNewLife.rider.0/Illustration.jpg,Assets/Tracks/SparkleNewLife.rider.0/,SparkleNewLife,rider,0,phigros:trackpath=Assets/Tracks/SparkleNewLife.rider.0/,Addressables primary-key path / Assets/Tracks folder,,,,structure-found-instance-relation-unresolved,"IL2CPP Chapter/ChapterSongInfo/ChapterSongItem types expose chapterCode, songs and songsId; no serialized instance values or Track→Chapter foreign-key record was recovered",Assets/Tracks/SparkleNewLife.rider.0/Illustration.jpg,Assets/Tracks/SparkleNewLife.rider.0/music.wav,direct-track-folder-key,IL2CPP LevelInfo.level/difficulty and SongListItem.SetRating/SetRatingWithScore are UI/model candidates; no numeric per-track values recovered,partial-unresolved,,not-found-in-chart-json-or-targeted-metadata,medium,medium,phigros-track-records.csv; phigros-addressables-keys.csv; APK Addressables catalog,True,,structurally-nonempty,Assets/Tracks/SparkleNewLife.rider.0/Chart_EZ.json,True,,structurally-nonempty,Assets/Tracks/SparkleNewLife.rider.0/Chart_HD.json,True,,structurally-nonempty,Assets/Tracks/SparkleNewLife.rider.0/Chart_IN.json,False,,absent,,False,,absent,
Assets/Tracks/Spasmodic.姜米條颶風元力上人.0/Illustration.jpg,Assets/Tracks/Spasmodic.姜米條颶風元力上人.0/,Spasmodic,姜米條颶風元力上人,0,phigros:trackpath=Assets/Tracks/Spasmodic.姜米條颶風元力上人.0/,Addressables primary-key path / Assets/Tracks folder,,,,structure-found-instance-relation-unresolved,"IL2CPP Chapter/ChapterSongInfo/ChapterSongItem types expose chapterCode, songs and songsId; no serialized instance values or Track→Chapter foreign-key record was recovered",Assets/Tracks/Spasmodic.姜米條颶風元力上人.0/Illustration.jpg,Assets/Tracks/Spasmodic.姜米條颶風元力上人.0/music.wav,direct-track-folder-key,IL2CPP LevelInfo.level/difficulty and SongListItem.SetRating/SetRatingWithScore are UI/model candidates; no numeric per-track values recovered,partial-unresolved,,not-found-in-chart-json-or-targeted-metadata,medium,medium,phigros-track-records.csv; phigros-addressables-keys.csv; APK Addressables catalog,True,,structurally-nonempty,Assets/Tracks/Spasmodic.姜米條颶風元力上人.0/Chart_EZ.json,True,,structurally-nonempty,Assets/Tracks/Spasmodic.姜米條颶風元力上人.0/Chart_HD.json,True,,structurally-nonempty,Assets/Tracks/Spasmodic.姜米條颶風元力上人.0/Chart_IN.json,True,,structurally-nonempty,Assets/Tracks/Spasmodic.姜米條颶風元力上人.0/Chart_AT.json,False,,absent,
Assets/Tracks/SpeedUp.DarTokki.0/Illustration.jpg,Assets/Tracks/SpeedUp.DarTokki.0/,SpeedUp,DarTokki,0,phigros:trackpath=Assets/Tracks/SpeedUp.DarTokki.0/,Addressables primary-key path / Assets/Tracks folder,,,,structure-found-instance-relation-unresolved,"IL2CPP Chapter/ChapterSongInfo/ChapterSongItem types expose chapterCode, songs and songsId; no serialized instance values or Track→Chapter foreign-key record was recovered",Assets/Tracks/SpeedUp.DarTokki.0/Illustration.jpg,Assets/Tracks/SpeedUp.DarTokki.0/music.wav,direct-track-folder-key,IL2CPP LevelInfo.level/difficulty and SongListItem.SetRating/SetRatingWithScore are UI/model candidates; no numeric per-track values recovered,partial-unresolved,,not-found-in-chart-json-or-targeted-metadata,medium,medium,phigros-track-records.csv; phigros-addressables-keys.csv; APK Addressables catalog,True,,structurally-nonempty,Assets/Tracks/SpeedUp.DarTokki.0/Chart_EZ.json,True,,structurally-nonempty,Assets/Tracks/SpeedUp.DarTokki.0/Chart_HD.json,True,,structurally-nonempty,Assets/Tracks/SpeedUp.DarTokki.0/Chart_IN.json,False,,absent,,False,,absent,
Assets/Tracks/Spotlight.Ardolf.0/Illustration.jpg,Assets/Tracks/Spotlight.Ardolf.0/,Spotlight,Ardolf,0,phigros:trackpath=Assets/Tracks/Spotlight.Ardolf.0/,Addressables primary-key path / Assets/Tracks folder,,,,structure-found-instance-relation-unresolved,"IL2CPP Chapter/ChapterSongInfo/ChapterSongItem types expose chapterCode, songs and songsId; no serialized instance values or Track→Chapter foreign-key record was recovered",Assets/Tracks/Spotlight.Ardolf.0/Illustration.jpg,Assets/Tracks/Spotlight.Ardolf.0/music.wav,direct-track-folder-key,IL2CPP LevelInfo.level/difficulty and SongListItem.SetRating/SetRatingWithScore are UI/model candidates; no numeric per-track values recovered,partial-unresolved,,not-found-in-chart-json-or-targeted-metadata,medium,medium,phigros-track-records.csv; phigros-addressables-keys.csv; APK Addressables catalog,True,,structurally-nonempty,Assets/Tracks/Spotlight.Ardolf.0/Chart_EZ.json,True,,structurally-nonempty,Assets/Tracks/Spotlight.Ardolf.0/Chart_HD.json,True,,structurally-nonempty,Assets/Tracks/Spotlight.Ardolf.0/Chart_IN.json,False,,absent,,False,,absent,
Assets/Tracks/StardustRAY.kanonevsBlackY.0/Illustration.jpg,Assets/Tracks/StardustRAY.kanonevsBlackY.0/,StardustRAY,kanonevsBlackY,0,phigros:trackpath=Assets/Tracks/StardustRAY.kanonevsBlackY.0/,Addressables primary-key path / Assets/Tracks folder,,,,structure-found-instance-relation-unresolved,"IL2CPP Chapter/ChapterSongInfo/ChapterSongItem types expose chapterCode, songs and songsId; no serialized instance values or Track→Chapter foreign-key record was recovered",Assets/Tracks/StardustRAY.kanonevsBlackY.0/Illustration.jpg,Assets/Tracks/StardustRAY.kanonevsBlackY.0/music.wav,direct-track-folder-key,IL2CPP LevelInfo.level/difficulty and SongListItem.SetRating/SetRatingWithScore are UI/model candidates; no numeric per-track values recovered,partial-unresolved,,not-found-in-chart-json-or-targeted-metadata,medium,medium,phigros-track-records.csv; phigros-addressables-keys.csv; APK Addressables catalog,True,,structurally-nonempty,Assets/Tracks/StardustRAY.kanonevsBlackY.0/Chart_EZ.json,True,,structurally-nonempty,Assets/Tracks/StardustRAY.kanonevsBlackY.0/Chart_HD.json,True,,structurally-nonempty,Assets/Tracks/StardustRAY.kanonevsBlackY.0/Chart_IN.json,True,,structurally-nonempty,Assets/Tracks/StardustRAY.kanonevsBlackY.0/Chart_AT.json,False,,absent,
Assets/Tracks/Starduster.Quree.0/Illustration.jpg,Assets/Tracks/Starduster.Quree.0/,Starduster,Quree,0,phigros:trackpath=Assets/Tracks/Starduster.Quree.0/,Addressables primary-key path / Assets/Tracks folder,,,,structure-found-instance-relation-unresolved,"IL2CPP Chapter/ChapterSongInfo/ChapterSongItem types expose chapterCode, songs and songsId; no serialized instance values or Track→Chapter foreign-key record was recovered",Assets/Tracks/Starduster.Quree.0/Illustration.jpg,Assets/Tracks/Starduster.Quree.0/music.wav,direct-track-folder-key,IL2CPP LevelInfo.level/difficulty and SongListItem.SetRating/SetRatingWithScore are UI/model candidates; no numeric per-track values recovered,partial-unresolved,,not-found-in-chart-json-or-targeted-metadata,medium,medium,phigros-track-records.csv; phigros-addressables-keys.csv; APK Addressables catalog,True,,structurally-nonempty,Assets/Tracks/Starduster.Quree.0/Chart_EZ.json,True,,structurally-nonempty,Assets/Tracks/Starduster.Quree.0/Chart_HD.json,True,,structurally-nonempty,Assets/Tracks/Starduster.Quree.0/Chart_IN.json,False,,absent,,False,,absent,
Assets/Tracks/Stasis.Maozon.0/Illustration.jpg,Assets/Tracks/Stasis.Maozon.0/,Stasis,Maozon,0,phigros:trackpath=Assets/Tracks/Stasis.Maozon.0/,Addressables primary-key path / Assets/Tracks folder,,,,structure-found-instance-relation-unresolved,"IL2CPP Chapter/ChapterSongInfo/ChapterSongItem types expose chapterCode, songs and songsId; no serialized instance values or Track→Chapter foreign-key record was recovered",Assets/Tracks/Stasis.Maozon.0/Illustration.jpg,Assets/Tracks/Stasis.Maozon.0/music.wav,direct-track-folder-key,IL2CPP LevelInfo.level/difficulty and SongListItem.SetRating/SetRatingWithScore are UI/model candidates; no numeric per-track values recovered,partial-unresolved,,not-found-in-chart-json-or-targeted-metadata,medium,medium,phigros-track-records.csv; phigros-addressables-keys.csv; APK Addressables catalog,True,,structurally-nonempty,Assets/Tracks/Stasis.Maozon.0/Chart_EZ.json,True,,structurally-nonempty,Assets/Tracks/Stasis.Maozon.0/Chart_HD.json,True,,structurally-nonempty,Assets/Tracks/Stasis.Maozon.0/Chart_IN.json,True,,structurally-nonempty,Assets/Tracks/Stasis.Maozon.0/Chart_AT.json,False,,absent,
Assets/Tracks/SultanRage.MonstDeath.0/Illustration.jpg,Assets/Tracks/SultanRage.MonstDeath.0/,SultanRage,MonstDeath,0,phigros:trackpath=Assets/Tracks/SultanRage.MonstDeath.0/,Addressables primary-key path / Assets/Tracks folder,,,,structure-found-instance-relation-unresolved,"IL2CPP Chapter/ChapterSongInfo/ChapterSongItem types expose chapterCode, songs and songsId; no serialized instance values or Track→Chapter foreign-key record was recovered",Assets/Tracks/SultanRage.MonstDeath.0/Illustration.jpg,Assets/Tracks/SultanRage.MonstDeath.0/music.wav,direct-track-folder-key,IL2CPP LevelInfo.level/difficulty and SongListItem.SetRating/SetRatingWithScore are UI/model candidates; no numeric per-track values recovered,partial-unresolved,,not-found-in-chart-json-or-targeted-metadata,medium,medium,phigros-track-records.csv; phigros-addressables-keys.csv; APK Addressables catalog,True,,structurally-nonempty,Assets/Tracks/SultanRage.MonstDeath.0/Chart_EZ.json,True,,structurally-nonempty,Assets/Tracks/SultanRage.MonstDeath.0/Chart_HD.json,True,,structurally-nonempty,Assets/Tracks/SultanRage.MonstDeath.0/Chart_IN.json,False,,absent,,False,,absent,
Assets/Tracks/SwingSkipDrop.ミハイル.0/Illustration.jpg,Assets/Tracks/SwingSkipDrop.ミハイル.0/,SwingSkipDrop,ミハイル,0,phigros:trackpath=Assets/Tracks/SwingSkipDrop.ミハイル.0/,Addressables primary-key path / Assets/Tracks folder,,,,structure-found-instance-relation-unresolved,"IL2CPP Chapter/ChapterSongInfo/ChapterSongItem types expose chapterCode, songs and songsId; no serialized instance values or Track→Chapter foreign-key record was recovered",Assets/Tracks/SwingSkipDrop.ミハイル.0/Illustration.jpg,Assets/Tracks/SwingSkipDrop.ミハイル.0/music.wav,direct-track-folder-key,IL2CPP LevelInfo.level/difficulty and SongListItem.SetRating/SetRatingWithScore are UI/model candidates; no numeric per-track values recovered,partial-unresolved,,not-found-in-chart-json-or-targeted-metadata,medium,medium,phigros-track-records.csv; phigros-addressables-keys.csv; APK Addressables catalog,True,,structurally-nonempty,Assets/Tracks/SwingSkipDrop.ミハイル.0/Chart_EZ.json,True,,structurally-nonempty,Assets/Tracks/SwingSkipDrop.ミハイル.0/Chart_HD.json,True,,structurally-nonempty,Assets/Tracks/SwingSkipDrop.ミハイル.0/Chart_IN.json,False,,absent,,False,,absent,
Assets/Tracks/TECHNOPOLIS2085.PRASTIKDANCEFLOOR.0/Illustration.jpg,Assets/Tracks/TECHNOPOLIS2085.PRASTIKDANCEFLOOR.0/,TECHNOPOLIS2085,PRASTIKDANCEFLOOR,0,phigros:trackpath=Assets/Tracks/TECHNOPOLIS2085.PRASTIKDANCEFLOOR.0/,Addressables primary-key path / Assets/Tracks folder,,,,structure-found-instance-relation-unresolved,"IL2CPP Chapter/ChapterSongInfo/ChapterSongItem types expose chapterCode, songs and songsId; no serialized instance values or Track→Chapter foreign-key record was recovered",Assets/Tracks/TECHNOPOLIS2085.PRASTIKDANCEFLOOR.0/Illustration.jpg,Assets/Tracks/TECHNOPOLIS2085.PRASTIKDANCEFLOOR.0/music.wav,direct-track-folder-key,IL2CPP LevelInfo.level/difficulty and SongListItem.SetRating/SetRatingWithScore are UI/model candidates; no numeric per-track values recovered,partial-unresolved,,not-found-in-chart-json-or-targeted-metadata,medium,medium,phigros-track-records.csv; phigros-addressables-keys.csv; APK Addressables catalog,True,,structurally-nonempty,Assets/Tracks/TECHNOPOLIS2085.PRASTIKDANCEFLOOR.0/Chart_EZ.json,True,,structurally-nonempty,Assets/Tracks/TECHNOPOLIS2085.PRASTIKDANCEFLOOR.0/Chart_HD.json,True,,structurally-nonempty,Assets/Tracks/TECHNOPOLIS2085.PRASTIKDANCEFLOOR.0/Chart_IN.json,True,,structurally-nonempty,Assets/Tracks/TECHNOPOLIS2085.PRASTIKDANCEFLOOR.0/Chart_AT.json,False,,absent,
Assets/Tracks/TemporalShifting.LureRabbitVC.0/Illustration.jpg,Assets/Tracks/TemporalShifting.LureRabbitVC.0/,TemporalShifting,LureRabbitVC,0,phigros:trackpath=Assets/Tracks/TemporalShifting.LureRabbitVC.0/,Addressables primary-key path / Assets/Tracks folder,,,,structure-found-instance-relation-unresolved,"IL2CPP Chapter/ChapterSongInfo/ChapterSongItem types expose chapterCode, songs and songsId; no serialized instance values or Track→Chapter foreign-key record was recovered",Assets/Tracks/TemporalShifting.LureRabbitVC.0/Illustration.jpg,Assets/Tracks/TemporalShifting.LureRabbitVC.0/music.wav,direct-track-folder-key,IL2CPP LevelInfo.level/difficulty and SongListItem.SetRating/SetRatingWithScore are UI/model candidates; no numeric per-track values recovered,partial-unresolved,,not-found-in-chart-json-or-targeted-metadata,medium,medium,phigros-track-records.csv; phigros-addressables-keys.csv; APK Addressables catalog,True,,structurally-nonempty,Assets/Tracks/TemporalShifting.LureRabbitVC.0/Chart_EZ.json,True,,structurally-nonempty,Assets/Tracks/TemporalShifting.LureRabbitVC.0/Chart_HD.json,True,,structurally-nonempty,Assets/Tracks/TemporalShifting.LureRabbitVC.0/Chart_IN.json,False,,absent,,False,,absent,
Assets/Tracks/TheChariotREVIIVAL.Attoclef.0/Illustration.jpg,Assets/Tracks/TheChariotREVIIVAL.Attoclef.0/,TheChariotREVIIVAL,Attoclef,0,phigros:trackpath=Assets/Tracks/TheChariotREVIIVAL.Attoclef.0/,Addressables primary-key path / Assets/Tracks folder,,,,structure-found-instance-relation-unresolved,"IL2CPP Chapter/ChapterSongInfo/ChapterSongItem types expose chapterCode, songs and songsId; no serialized instance values or Track→Chapter foreign-key record was recovered",Assets/Tracks/TheChariotREVIIVAL.Attoclef.0/Illustration.jpg,Assets/Tracks/TheChariotREVIIVAL.Attoclef.0/music.wav,direct-track-folder-key,IL2CPP LevelInfo.level/difficulty and SongListItem.SetRating/SetRatingWithScore are UI/model candidates; no numeric per-track values recovered,partial-unresolved,,not-found-in-chart-json-or-targeted-metadata,medium,medium,phigros-track-records.csv; phigros-addressables-keys.csv; APK Addressables catalog,True,,structurally-nonempty,Assets/Tracks/TheChariotREVIIVAL.Attoclef.0/Chart_EZ.json,True,,structurally-nonempty,Assets/Tracks/TheChariotREVIIVAL.Attoclef.0/Chart_HD.json,True,,structurally-nonempty,Assets/Tracks/TheChariotREVIIVAL.Attoclef.0/Chart_IN.json,False,,absent,,False,,absent,
Assets/Tracks/TheMountainEater.PaulBazooka.0/Illustration.jpg,Assets/Tracks/TheMountainEater.PaulBazooka.0/,TheMountainEater,PaulBazooka,0,phigros:trackpath=Assets/Tracks/TheMountainEater.PaulBazooka.0/,Addressables primary-key path / Assets/Tracks folder,,,,structure-found-instance-relation-unresolved,"IL2CPP Chapter/ChapterSongInfo/ChapterSongItem types expose chapterCode, songs and songsId; no serialized instance values or Track→Chapter foreign-key record was recovered",Assets/Tracks/TheMountainEater.PaulBazooka.0/Illustration.jpg,Assets/Tracks/TheMountainEater.PaulBazooka.0/music.wav,direct-track-folder-key,IL2CPP LevelInfo.level/difficulty and SongListItem.SetRating/SetRatingWithScore are UI/model candidates; no numeric per-track values recovered,partial-unresolved,,not-found-in-chart-json-or-targeted-metadata,medium,medium,phigros-track-records.csv; phigros-addressables-keys.csv; APK Addressables catalog,True,,structurally-nonempty,Assets/Tracks/TheMountainEater.PaulBazooka.0/Chart_EZ.json,True,,structurally-nonempty,Assets/Tracks/TheMountainEater.PaulBazooka.0/Chart_HD.json,True,,structurally-nonempty,Assets/Tracks/TheMountainEater.PaulBazooka.0/Chart_IN.json,False,,absent,,False,,absent,
Assets/Tracks/TheWholeRest.KIVΛ.0/Illustration.jpg,Assets/Tracks/TheWholeRest.KIVΛ.0/,TheWholeRest,KIVΛ,0,phigros:trackpath=Assets/Tracks/TheWholeRest.KIVΛ.0/,Addressables primary-key path / Assets/Tracks folder,,,,structure-found-instance-relation-unresolved,"IL2CPP Chapter/ChapterSongInfo/ChapterSongItem types expose chapterCode, songs and songsId; no serialized instance values or Track→Chapter foreign-key record was recovered",Assets/Tracks/TheWholeRest.KIVΛ.0/Illustration.jpg,Assets/Tracks/TheWholeRest.KIVΛ.0/music.wav,direct-track-folder-key,IL2CPP LevelInfo.level/difficulty and SongListItem.SetRating/SetRatingWithScore are UI/model candidates; no numeric per-track values recovered,partial-unresolved,,not-found-in-chart-json-or-targeted-metadata,medium,medium,phigros-track-records.csv; phigros-addressables-keys.csv; APK Addressables catalog,True,,structurally-nonempty,Assets/Tracks/TheWholeRest.KIVΛ.0/Chart_EZ.json,True,,structurally-nonempty,Assets/Tracks/TheWholeRest.KIVΛ.0/Chart_HD.json,True,,structurally-nonempty,Assets/Tracks/TheWholeRest.KIVΛ.0/Chart_IN.json,False,,absent,,False,,absent,
Assets/Tracks/Thrashforce.KAHvsE0ri4.0/Illustration.jpg,Assets/Tracks/Thrashforce.KAHvsE0ri4.0/,Thrashforce,KAHvsE0ri4,0,phigros:trackpath=Assets/Tracks/Thrashforce.KAHvsE0ri4.0/,Addressables primary-key path / Assets/Tracks folder,,,,structure-found-instance-relation-unresolved,"IL2CPP Chapter/ChapterSongInfo/ChapterSongItem types expose chapterCode, songs and songsId; no serialized instance values or Track→Chapter foreign-key record was recovered",Assets/Tracks/Thrashforce.KAHvsE0ri4.0/Illustration.jpg,Assets/Tracks/Thrashforce.KAHvsE0ri4.0/music.wav,direct-track-folder-key,IL2CPP LevelInfo.level/difficulty and SongListItem.SetRating/SetRatingWithScore are UI/model candidates; no numeric per-track values recovered,partial-unresolved,,not-found-in-chart-json-or-targeted-metadata,medium,medium,phigros-track-records.csv; phigros-addressables-keys.csv; APK Addressables catalog,True,,structurally-nonempty,Assets/Tracks/Thrashforce.KAHvsE0ri4.0/Chart_EZ.json,True,,structurally-nonempty,Assets/Tracks/Thrashforce.KAHvsE0ri4.0/Chart_HD.json,True,,structurally-nonempty,Assets/Tracks/Thrashforce.KAHvsE0ri4.0/Chart_IN.json,False,,absent,,False,,absent,
Assets/Tracks/TimetoNightSkyfeatLeeYuJin.HyuNKLYDIX.0/Illustration.jpg,Assets/Tracks/TimetoNightSkyfeatLeeYuJin.HyuNKLYDIX.0/,TimetoNightSkyfeatLeeYuJin,HyuNKLYDIX,0,phigros:trackpath=Assets/Tracks/TimetoNightSkyfeatLeeYuJin.HyuNKLYDIX.0/,Addressables primary-key path / Assets/Tracks folder,,,,structure-found-instance-relation-unresolved,"IL2CPP Chapter/ChapterSongInfo/ChapterSongItem types expose chapterCode, songs and songsId; no serialized instance values or Track→Chapter foreign-key record was recovered",Assets/Tracks/TimetoNightSkyfeatLeeYuJin.HyuNKLYDIX.0/Illustration.jpg,Assets/Tracks/TimetoNightSkyfeatLeeYuJin.HyuNKLYDIX.0/music.wav,direct-track-folder-key,IL2CPP LevelInfo.level/difficulty and SongListItem.SetRating/SetRatingWithScore are UI/model candidates; no numeric per-track values recovered,partial-unresolved,,not-found-in-chart-json-or-targeted-metadata,medium,medium,phigros-track-records.csv; phigros-addressables-keys.csv; APK Addressables catalog,True,,structurally-nonempty,Assets/Tracks/TimetoNightSkyfeatLeeYuJin.HyuNKLYDIX.0/Chart_EZ.json,True,,structurally-nonempty,Assets/Tracks/TimetoNightSkyfeatLeeYuJin.HyuNKLYDIX.0/Chart_HD.json,True,,structurally-nonempty,Assets/Tracks/TimetoNightSkyfeatLeeYuJin.HyuNKLYDIX.0/Chart_IN.json,False,,absent,,False,,absent,
Assets/Tracks/Trane.MALVA.0/Illustration.jpg,Assets/Tracks/Trane.MALVA.0/,Trane,MALVA,0,phigros:trackpath=Assets/Tracks/Trane.MALVA.0/,Addressables primary-key path / Assets/Tracks folder,,,,structure-found-instance-relation-unresolved,"IL2CPP Chapter/ChapterSongInfo/ChapterSongItem types expose chapterCode, songs and songsId; no serialized instance values or Track→Chapter foreign-key record was recovered",Assets/Tracks/Trane.MALVA.0/Illustration.jpg,Assets/Tracks/Trane.MALVA.0/music.wav,direct-track-folder-key,IL2CPP LevelInfo.level/difficulty and SongListItem.SetRating/SetRatingWithScore are UI/model candidates; no numeric per-track values recovered,partial-unresolved,,not-found-in-chart-json-or-targeted-metadata,medium,medium,phigros-track-records.csv; phigros-addressables-keys.csv; APK Addressables catalog,True,,structurally-nonempty,Assets/Tracks/Trane.MALVA.0/Chart_EZ.json,True,,structurally-nonempty,Assets/Tracks/Trane.MALVA.0/Chart_HD.json,True,,structurally-nonempty,Assets/Tracks/Trane.MALVA.0/Chart_IN.json,False,,absent,,False,,absent,
Assets/Tracks/TriumphRegret.typeMARS.0/Illustration.jpg,Assets/Tracks/TriumphRegret.typeMARS.0/,TriumphRegret,typeMARS,0,phigros:trackpath=Assets/Tracks/TriumphRegret.typeMARS.0/,Addressables primary-key path / Assets/Tracks folder,,,,structure-found-instance-relation-unresolved,"IL2CPP Chapter/ChapterSongInfo/ChapterSongItem types expose chapterCode, songs and songsId; no serialized instance values or Track→Chapter foreign-key record was recovered",Assets/Tracks/TriumphRegret.typeMARS.0/Illustration.jpg,Assets/Tracks/TriumphRegret.typeMARS.0/music.wav,direct-track-folder-key,IL2CPP LevelInfo.level/difficulty and SongListItem.SetRating/SetRatingWithScore are UI/model candidates; no numeric per-track values recovered,partial-unresolved,,not-found-in-chart-json-or-targeted-metadata,medium,medium,phigros-track-records.csv; phigros-addressables-keys.csv; APK Addressables catalog,True,,structurally-nonempty,Assets/Tracks/TriumphRegret.typeMARS.0/Chart_EZ.json,True,,structurally-nonempty,Assets/Tracks/TriumphRegret.typeMARS.0/Chart_HD.json,True,,structurally-nonempty,Assets/Tracks/TriumphRegret.typeMARS.0/Chart_IN.json,False,,absent,,False,,absent,
Assets/Tracks/Trojan.litmus.0/Illustration.jpg,Assets/Tracks/Trojan.litmus.0/,Trojan,litmus,0,phigros:trackpath=Assets/Tracks/Trojan.litmus.0/,Addressables primary-key path / Assets/Tracks folder,,,,structure-found-instance-relation-unresolved,"IL2CPP Chapter/ChapterSongInfo/ChapterSongItem types expose chapterCode, songs and songsId; no serialized instance values or Track→Chapter foreign-key record was recovered",Assets/Tracks/Trojan.litmus.0/Illustration.jpg,Assets/Tracks/Trojan.litmus.0/music.wav,direct-track-folder-key,IL2CPP LevelInfo.level/difficulty and SongListItem.SetRating/SetRatingWithScore are UI/model candidates; no numeric per-track values recovered,partial-unresolved,,not-found-in-chart-json-or-targeted-metadata,medium,medium,phigros-track-records.csv; phigros-addressables-keys.csv; APK Addressables catalog,True,,structurally-nonempty,Assets/Tracks/Trojan.litmus.0/Chart_EZ.json,True,,structurally-nonempty,Assets/Tracks/Trojan.litmus.0/Chart_HD.json,True,,structurally-nonempty,Assets/Tracks/Trojan.litmus.0/Chart_IN.json,False,,absent,,False,,absent,
Assets/Tracks/UnorthodoxThoughts.Joulez.0/Illustration.jpg,Assets/Tracks/UnorthodoxThoughts.Joulez.0/,UnorthodoxThoughts,Joulez,0,phigros:trackpath=Assets/Tracks/UnorthodoxThoughts.Joulez.0/,Addressables primary-key path / Assets/Tracks folder,,,,structure-found-instance-relation-unresolved,"IL2CPP Chapter/ChapterSongInfo/ChapterSongItem types expose chapterCode, songs and songsId; no serialized instance values or Track→Chapter foreign-key record was recovered",Assets/Tracks/UnorthodoxThoughts.Joulez.0/Illustration.jpg,Assets/Tracks/UnorthodoxThoughts.Joulez.0/music.wav,direct-track-folder-key,IL2CPP LevelInfo.level/difficulty and SongListItem.SetRating/SetRatingWithScore are UI/model candidates; no numeric per-track values recovered,partial-unresolved,,not-found-in-chart-json-or-targeted-metadata,medium,medium,phigros-track-records.csv; phigros-addressables-keys.csv; APK Addressables catalog,True,,structurally-nonempty,Assets/Tracks/UnorthodoxThoughts.Joulez.0/Chart_EZ.json,True,,structurally-nonempty,Assets/Tracks/UnorthodoxThoughts.Joulez.0/Chart_HD.json,True,,structurally-nonempty,Assets/Tracks/UnorthodoxThoughts.Joulez.0/Chart_IN.json,False,,absent,,False,,absent,
Assets/Tracks/Upshift.Iriss-Frantzz.0/Illustration.jpg,Assets/Tracks/Upshift.Iriss-Frantzz.0/,Upshift,Iriss-Frantzz,0,phigros:trackpath=Assets/Tracks/Upshift.Iriss-Frantzz.0/,Addressables primary-key path / Assets/Tracks folder,,,,structure-found-instance-relation-unresolved,"IL2CPP Chapter/ChapterSongInfo/ChapterSongItem types expose chapterCode, songs and songsId; no serialized instance values or Track→Chapter foreign-key record was recovered",Assets/Tracks/Upshift.Iriss-Frantzz.0/Illustration.jpg,Assets/Tracks/Upshift.Iriss-Frantzz.0/music.wav,direct-track-folder-key,IL2CPP LevelInfo.level/difficulty and SongListItem.SetRating/SetRatingWithScore are UI/model candidates; no numeric per-track values recovered,partial-unresolved,,not-found-in-chart-json-or-targeted-metadata,medium,medium,phigros-track-records.csv; phigros-addressables-keys.csv; APK Addressables catalog,True,,structurally-nonempty,Assets/Tracks/Upshift.Iriss-Frantzz.0/Chart_EZ.json,True,,structurally-nonempty,Assets/Tracks/Upshift.Iriss-Frantzz.0/Chart_HD.json,True,,structurally-nonempty,Assets/Tracks/Upshift.Iriss-Frantzz.0/Chart_IN.json,False,,absent,,False,,absent,
Assets/Tracks/Verruckt.Raimukun.0/Illustration.jpg,Assets/Tracks/Verruckt.Raimukun.0/,Verruckt,Raimukun,0,phigros:trackpath=Assets/Tracks/Verruckt.Raimukun.0/,Addressables primary-key path / Assets/Tracks folder,,,,structure-found-instance-relation-unresolved,"IL2CPP Chapter/ChapterSongInfo/ChapterSongItem types expose chapterCode, songs and songsId; no serialized instance values or Track→Chapter foreign-key record was recovered",Assets/Tracks/Verruckt.Raimukun.0/Illustration.jpg,Assets/Tracks/Verruckt.Raimukun.0/music.wav,direct-track-folder-key,IL2CPP LevelInfo.level/difficulty and SongListItem.SetRating/SetRatingWithScore are UI/model candidates; no numeric per-track values recovered,partial-unresolved,,not-found-in-chart-json-or-targeted-metadata,medium,medium,phigros-track-records.csv; phigros-addressables-keys.csv; APK Addressables catalog,True,,structurally-nonempty,Assets/Tracks/Verruckt.Raimukun.0/Chart_EZ.json,True,,structurally-nonempty,Assets/Tracks/Verruckt.Raimukun.0/Chart_HD.json,True,,structurally-nonempty,Assets/Tracks/Verruckt.Raimukun.0/Chart_IN.json,False,,absent,,False,,absent,
Assets/Tracks/WATER.A39沙包P.0/Illustration.jpg,Assets/Tracks/WATER.A39沙包P.0/,WATER,A39沙包P,0,phigros:trackpath=Assets/Tracks/WATER.A39沙包P.0/,Addressables primary-key path / Assets/Tracks folder,,,,structure-found-instance-relation-unresolved,"IL2CPP Chapter/ChapterSongInfo/ChapterSongItem types expose chapterCode, songs and songsId; no serialized instance values or Track→Chapter foreign-key record was recovered",Assets/Tracks/WATER.A39沙包P.0/Illustration.jpg,Assets/Tracks/WATER.A39沙包P.0/music.wav,direct-track-folder-key,IL2CPP LevelInfo.level/difficulty and SongListItem.SetRating/SetRatingWithScore are UI/model candidates; no numeric per-track values recovered,partial-unresolved,,not-found-in-chart-json-or-targeted-metadata,medium,medium,phigros-track-records.csv; phigros-addressables-keys.csv; APK Addressables catalog,True,,structurally-nonempty,Assets/Tracks/WATER.A39沙包P.0/Chart_EZ.json,True,,structurally-nonempty,Assets/Tracks/WATER.A39沙包P.0/Chart_HD.json,True,,structurally-nonempty,Assets/Tracks/WATER.A39沙包P.0/Chart_IN.json,False,,absent,,False,,absent,
Assets/Tracks/Wavetapper.Frums.0/Illustration.jpg,Assets/Tracks/Wavetapper.Frums.0/,Wavetapper,Frums,0,phigros:trackpath=Assets/Tracks/Wavetapper.Frums.0/,Addressables primary-key path / Assets/Tracks folder,,,,structure-found-instance-relation-unresolved,"IL2CPP Chapter/ChapterSongInfo/ChapterSongItem types expose chapterCode, songs and songsId; no serialized instance values or Track→Chapter foreign-key record was recovered",Assets/Tracks/Wavetapper.Frums.0/Illustration.jpg,Assets/Tracks/Wavetapper.Frums.0/music.wav,direct-track-folder-key,IL2CPP LevelInfo.level/difficulty and SongListItem.SetRating/SetRatingWithScore are UI/model candidates; no numeric per-track values recovered,partial-unresolved,,not-found-in-chart-json-or-targeted-metadata,medium,medium,phigros-track-records.csv; phigros-addressables-keys.csv; APK Addressables catalog,True,,structurally-nonempty,Assets/Tracks/Wavetapper.Frums.0/Chart_EZ.json,True,,structurally-nonempty,Assets/Tracks/Wavetapper.Frums.0/Chart_HD.json,True,,structurally-nonempty,Assets/Tracks/Wavetapper.Frums.0/Chart_IN.json,False,,absent,,False,,absent,
Assets/Tracks/Wintercube.CtymaxfeatNceS.0/Illustration.jpg,Assets/Tracks/Wintercube.CtymaxfeatNceS.0/,Wintercube,CtymaxfeatNceS,0,phigros:trackpath=Assets/Tracks/Wintercube.CtymaxfeatNceS.0/,Addressables primary-key path / Assets/Tracks folder,,,,structure-found-instance-relation-unresolved,"IL2CPP Chapter/ChapterSongInfo/ChapterSongItem types expose chapterCode, songs and songsId; no serialized instance values or Track→Chapter foreign-key record was recovered",Assets/Tracks/Wintercube.CtymaxfeatNceS.0/Illustration.jpg,Assets/Tracks/Wintercube.CtymaxfeatNceS.0/music.wav,direct-track-folder-key,IL2CPP LevelInfo.level/difficulty and SongListItem.SetRating/SetRatingWithScore are UI/model candidates; no numeric per-track values recovered,partial-unresolved,,not-found-in-chart-json-or-targeted-metadata,medium,medium,phigros-track-records.csv; phigros-addressables-keys.csv; APK Addressables catalog,True,,structurally-nonempty,Assets/Tracks/Wintercube.CtymaxfeatNceS.0/Chart_EZ.json,True,,structurally-nonempty,Assets/Tracks/Wintercube.CtymaxfeatNceS.0/Chart_HD.json,True,,structurally-nonempty,Assets/Tracks/Wintercube.CtymaxfeatNceS.0/Chart_IN.json,False,,absent,,False,,absent,
Assets/Tracks/WithYou.Cashew.0/Illustration.jpg,Assets/Tracks/WithYou.Cashew.0/,WithYou,Cashew,0,phigros:trackpath=Assets/Tracks/WithYou.Cashew.0/,Addressables primary-key path / Assets/Tracks folder,,,,structure-found-instance-relation-unresolved,"IL2CPP Chapter/ChapterSongInfo/ChapterSongItem types expose chapterCode, songs and songsId; no serialized instance values or Track→Chapter foreign-key record was recovered",Assets/Tracks/WithYou.Cashew.0/Illustration.jpg,Assets/Tracks/WithYou.Cashew.0/music.wav,direct-track-folder-key,IL2CPP LevelInfo.level/difficulty and SongListItem.SetRating/SetRatingWithScore are UI/model candidates; no numeric per-track values recovered,partial-unresolved,,not-found-in-chart-json-or-targeted-metadata,medium,medium,phigros-track-records.csv; phigros-addressables-keys.csv; APK Addressables catalog,True,,structurally-nonempty,Assets/Tracks/WithYou.Cashew.0/Chart_EZ.json,True,,structurally-nonempty,Assets/Tracks/WithYou.Cashew.0/Chart_HD.json,True,,structurally-nonempty,Assets/Tracks/WithYou.Cashew.0/Chart_IN.json,False,,absent,,False,,absent,
Assets/Tracks/XING.ginkiha.0/Illustration.jpg,Assets/Tracks/XING.ginkiha.0/,XING,ginkiha,0,phigros:trackpath=Assets/Tracks/XING.ginkiha.0/,Addressables primary-key path / Assets/Tracks folder,,,,structure-found-instance-relation-unresolved,"IL2CPP Chapter/ChapterSongInfo/ChapterSongItem types expose chapterCode, songs and songsId; no serialized instance values or Track→Chapter foreign-key record was recovered",Assets/Tracks/XING.ginkiha.0/Illustration.jpg,Assets/Tracks/XING.ginkiha.0/music.wav,direct-track-folder-key,IL2CPP LevelInfo.level/difficulty and SongListItem.SetRating/SetRatingWithScore are UI/model candidates; no numeric per-track values recovered,partial-unresolved,,not-found-in-chart-json-or-targeted-metadata,medium,medium,phigros-track-records.csv; phigros-addressables-keys.csv; APK Addressables catalog,True,,structurally-nonempty,Assets/Tracks/XING.ginkiha.0/Chart_EZ.json,True,,structurally-nonempty,Assets/Tracks/XING.ginkiha.0/Chart_HD.json,True,,structurally-nonempty,Assets/Tracks/XING.ginkiha.0/Chart_IN.json,False,,absent,,False,,absent,
Assets/Tracks/Xenolith.Tatsh.0/Illustration.jpg,Assets/Tracks/Xenolith.Tatsh.0/,Xenolith,Tatsh,0,phigros:trackpath=Assets/Tracks/Xenolith.Tatsh.0/,Addressables primary-key path / Assets/Tracks folder,,,,structure-found-instance-relation-unresolved,"IL2CPP Chapter/ChapterSongInfo/ChapterSongItem types expose chapterCode, songs and songsId; no serialized instance values or Track→Chapter foreign-key record was recovered",Assets/Tracks/Xenolith.Tatsh.0/Illustration.jpg,Assets/Tracks/Xenolith.Tatsh.0/music.wav,direct-track-folder-key,IL2CPP LevelInfo.level/difficulty and SongListItem.SetRating/SetRatingWithScore are UI/model candidates; no numeric per-track values recovered,partial-unresolved,,not-found-in-chart-json-or-targeted-metadata,medium,medium,phigros-track-records.csv; phigros-addressables-keys.csv; APK Addressables catalog,True,,structurally-nonempty,Assets/Tracks/Xenolith.Tatsh.0/Chart_EZ.json,True,,structurally-nonempty,Assets/Tracks/Xenolith.Tatsh.0/Chart_HD.json,True,,structurally-nonempty,Assets/Tracks/Xenolith.Tatsh.0/Chart_IN.json,False,,absent,,False,,absent,
Assets/Tracks/Xenophobia.XinG.0/Illustration.jpg,Assets/Tracks/Xenophobia.XinG.0/,Xenophobia,XinG,0,phigros:trackpath=Assets/Tracks/Xenophobia.XinG.0/,Addressables primary-key path / Assets/Tracks folder,,,,structure-found-instance-relation-unresolved,"IL2CPP Chapter/ChapterSongInfo/ChapterSongItem types expose chapterCode, songs and songsId; no serialized instance values or Track→Chapter foreign-key record was recovered",Assets/Tracks/Xenophobia.XinG.0/Illustration.jpg,Assets/Tracks/Xenophobia.XinG.0/music.wav,direct-track-folder-key,IL2CPP LevelInfo.level/difficulty and SongListItem.SetRating/SetRatingWithScore are UI/model candidates; no numeric per-track values recovered,partial-unresolved,,not-found-in-chart-json-or-targeted-metadata,medium,medium,phigros-track-records.csv; phigros-addressables-keys.csv; APK Addressables catalog,True,,structurally-nonempty,Assets/Tracks/Xenophobia.XinG.0/Chart_EZ.json,True,,structurally-nonempty,Assets/Tracks/Xenophobia.XinG.0/Chart_HD.json,True,,structurally-nonempty,Assets/Tracks/Xenophobia.XinG.0/Chart_IN.json,False,,absent,,False,,absent,
Assets/Tracks/Xepion.Acotto.0/Illustration.jpg,Assets/Tracks/Xepion.Acotto.0/,Xepion,Acotto,0,phigros:trackpath=Assets/Tracks/Xepion.Acotto.0/,Addressables primary-key path / Assets/Tracks folder,,,,structure-found-instance-relation-unresolved,"IL2CPP Chapter/ChapterSongInfo/ChapterSongItem types expose chapterCode, songs and songsId; no serialized instance values or Track→Chapter foreign-key record was recovered",Assets/Tracks/Xepion.Acotto.0/Illustration.jpg,Assets/Tracks/Xepion.Acotto.0/music.wav,direct-track-folder-key,IL2CPP LevelInfo.level/difficulty and SongListItem.SetRating/SetRatingWithScore are UI/model candidates; no numeric per-track values recovered,partial-unresolved,,not-found-in-chart-json-or-targeted-metadata,medium,medium,phigros-track-records.csv; phigros-addressables-keys.csv; APK Addressables catalog,True,,structurally-nonempty,Assets/Tracks/Xepion.Acotto.0/Chart_EZ.json,True,,structurally-nonempty,Assets/Tracks/Xepion.Acotto.0/Chart_HD.json,True,,structurally-nonempty,Assets/Tracks/Xepion.Acotto.0/Chart_IN.json,False,,absent,,False,,absent,
Assets/Tracks/YouaretheMiserable.tpazolite.0/Illustration.jpg,Assets/Tracks/YouaretheMiserable.tpazolite.0/,YouaretheMiserable,tpazolite,0,phigros:trackpath=Assets/Tracks/YouaretheMiserable.tpazolite.0/,Addressables primary-key path / Assets/Tracks folder,,,,structure-found-instance-relation-unresolved,"IL2CPP Chapter/ChapterSongInfo/ChapterSongItem types expose chapterCode, songs and songsId; no serialized instance values or Track→Chapter foreign-key record was recovered",Assets/Tracks/YouaretheMiserable.tpazolite.0/Illustration.jpg,Assets/Tracks/YouaretheMiserable.tpazolite.0/music.wav,direct-track-folder-key,IL2CPP LevelInfo.level/difficulty and SongListItem.SetRating/SetRatingWithScore are UI/model candidates; no numeric per-track values recovered,partial-unresolved,,not-found-in-chart-json-or-targeted-metadata,medium,medium,phigros-track-records.csv; phigros-addressables-keys.csv; APK Addressables catalog,True,,structurally-nonempty,Assets/Tracks/YouaretheMiserable.tpazolite.0/Chart_EZ.json,True,,structurally-nonempty,Assets/Tracks/YouaretheMiserable.tpazolite.0/Chart_HD.json,True,,structurally-nonempty,Assets/Tracks/YouaretheMiserable.tpazolite.0/Chart_IN.json,True,,structurally-nonempty,Assets/Tracks/YouaretheMiserable.tpazolite.0/Chart_AT.json,False,,absent,
Assets/Tracks/atruthseekerCommunicationwithUtopiawillbelost.kuro.0/Illustration.jpg,Assets/Tracks/atruthseekerCommunicationwithUtopiawillbelost.kuro.0/,atruthseekerCommunicationwithUtopiawillbelost,kuro,0,phigros:trackpath=Assets/Tracks/atruthseekerCommunicationwithUtopiawillbelost.kuro.0/,Addressables primary-key path / Assets/Tracks folder,,,,structure-found-instance-relation-unresolved,"IL2CPP Chapter/ChapterSongInfo/ChapterSongItem types expose chapterCode, songs and songsId; no serialized instance values or Track→Chapter foreign-key record was recovered",Assets/Tracks/atruthseekerCommunicationwithUtopiawillbelost.kuro.0/Illustration.jpg,Assets/Tracks/atruthseekerCommunicationwithUtopiawillbelost.kuro.0/music.wav,direct-track-folder-key,IL2CPP LevelInfo.level/difficulty and SongListItem.SetRating/SetRatingWithScore are UI/model candidates; no numeric per-track values recovered,partial-unresolved,,not-found-in-chart-json-or-targeted-metadata,medium,medium,phigros-track-records.csv; phigros-addressables-keys.csv; APK Addressables catalog,True,,structurally-nonempty,Assets/Tracks/atruthseekerCommunicationwithUtopiawillbelost.kuro.0/Chart_EZ.json,True,,structurally-nonempty,Assets/Tracks/atruthseekerCommunicationwithUtopiawillbelost.kuro.0/Chart_HD.json,True,,structurally-nonempty,Assets/Tracks/atruthseekerCommunicationwithUtopiawillbelost.kuro.0/Chart_IN.json,False,,absent,,False,,absent,
Assets/Tracks/bye.DingerBox.0/Illustration.jpg,Assets/Tracks/bye.DingerBox.0/,bye,DingerBox,0,phigros:trackpath=Assets/Tracks/bye.DingerBox.0/,Addressables primary-key path / Assets/Tracks folder,,,,structure-found-instance-relation-unresolved,"IL2CPP Chapter/ChapterSongInfo/ChapterSongItem types expose chapterCode, songs and songsId; no serialized instance values or Track→Chapter foreign-key record was recovered",Assets/Tracks/bye.DingerBox.0/Illustration.jpg,Assets/Tracks/bye.DingerBox.0/music.wav,direct-track-folder-key,IL2CPP LevelInfo.level/difficulty and SongListItem.SetRating/SetRatingWithScore are UI/model candidates; no numeric per-track values recovered,partial-unresolved,,not-found-in-chart-json-or-targeted-metadata,medium,medium,phigros-track-records.csv; phigros-addressables-keys.csv; APK Addressables catalog,True,,structurally-nonempty,Assets/Tracks/bye.DingerBox.0/Chart_EZ.json,True,,structurally-nonempty,Assets/Tracks/bye.DingerBox.0/Chart_HD.json,True,,structurally-nonempty,Assets/Tracks/bye.DingerBox.0/Chart_IN.json,False,,absent,,False,,absent,
Assets/Tracks/cryout.JuE.0/Illustration.jpg,Assets/Tracks/cryout.JuE.0/,cryout,JuE,0,phigros:trackpath=Assets/Tracks/cryout.JuE.0/,Addressables primary-key path / Assets/Tracks folder,,,,structure-found-instance-relation-unresolved,"IL2CPP Chapter/ChapterSongInfo/ChapterSongItem types expose chapterCode, songs and songsId; no serialized instance values or Track→Chapter foreign-key record was recovered",Assets/Tracks/cryout.JuE.0/Illustration.jpg,Assets/Tracks/cryout.JuE.0/music.wav,direct-track-folder-key,IL2CPP LevelInfo.level/difficulty and SongListItem.SetRating/SetRatingWithScore are UI/model candidates; no numeric per-track values recovered,partial-unresolved,,not-found-in-chart-json-or-targeted-metadata,medium,medium,phigros-track-records.csv; phigros-addressables-keys.csv; APK Addressables catalog,True,,structurally-nonempty,Assets/Tracks/cryout.JuE.0/Chart_EZ.json,True,,structurally-nonempty,Assets/Tracks/cryout.JuE.0/Chart_HD.json,True,,structurally-nonempty,Assets/Tracks/cryout.JuE.0/Chart_IN.json,False,,absent,,False,,absent,
Assets/Tracks/csqn.Aoi.0/Illustration.jpg,Assets/Tracks/csqn.Aoi.0/,csqn,Aoi,0,phigros:trackpath=Assets/Tracks/csqn.Aoi.0/,Addressables primary-key path / Assets/Tracks folder,,,,structure-found-instance-relation-unresolved,"IL2CPP Chapter/ChapterSongInfo/ChapterSongItem types expose chapterCode, songs and songsId; no serialized instance values or Track→Chapter foreign-key record was recovered",Assets/Tracks/csqn.Aoi.0/Illustration.jpg,Assets/Tracks/csqn.Aoi.0/music.wav,direct-track-folder-key,IL2CPP LevelInfo.level/difficulty and SongListItem.SetRating/SetRatingWithScore are UI/model candidates; no numeric per-track values recovered,partial-unresolved,,not-found-in-chart-json-or-targeted-metadata,medium,medium,phigros-track-records.csv; phigros-addressables-keys.csv; APK Addressables catalog,True,,structurally-nonempty,Assets/Tracks/csqn.Aoi.0/Chart_EZ.json,True,,structurally-nonempty,Assets/Tracks/csqn.Aoi.0/Chart_HD.json,True,,structurally-nonempty,Assets/Tracks/csqn.Aoi.0/Chart_IN.json,False,,absent,,False,,absent,
Assets/Tracks/dBdoll.YUESTEVENuen.0/Illustration.jpg,Assets/Tracks/dBdoll.YUESTEVENuen.0/,dBdoll,YUESTEVENuen,0,phigros:trackpath=Assets/Tracks/dBdoll.YUESTEVENuen.0/,Addressables primary-key path / Assets/Tracks folder,,,,structure-found-instance-relation-unresolved,"IL2CPP Chapter/ChapterSongInfo/ChapterSongItem types expose chapterCode, songs and songsId; no serialized instance values or Track→Chapter foreign-key record was recovered",Assets/Tracks/dBdoll.YUESTEVENuen.0/Illustration.jpg,Assets/Tracks/dBdoll.YUESTEVENuen.0/music.wav,direct-track-folder-key,IL2CPP LevelInfo.level/difficulty and SongListItem.SetRating/SetRatingWithScore are UI/model candidates; no numeric per-track values recovered,partial-unresolved,,not-found-in-chart-json-or-targeted-metadata,medium,medium,phigros-track-records.csv; phigros-addressables-keys.csv; APK Addressables catalog,True,,structurally-nonempty,Assets/Tracks/dBdoll.YUESTEVENuen.0/Chart_EZ.json,True,,structurally-nonempty,Assets/Tracks/dBdoll.YUESTEVENuen.0/Chart_HD.json,True,,structurally-nonempty,Assets/Tracks/dBdoll.YUESTEVENuen.0/Chart_IN.json,True,,structurally-nonempty,Assets/Tracks/dBdoll.YUESTEVENuen.0/Chart_AT.json,False,,absent,
Assets/Tracks/energytrixxx.KAH.0/Illustration.jpg,Assets/Tracks/energytrixxx.KAH.0/,energytrixxx,KAH,0,phigros:trackpath=Assets/Tracks/energytrixxx.KAH.0/,Addressables primary-key path / Assets/Tracks folder,,,,structure-found-instance-relation-unresolved,"IL2CPP Chapter/ChapterSongInfo/ChapterSongItem types expose chapterCode, songs and songsId; no serialized instance values or Track→Chapter foreign-key record was recovered",Assets/Tracks/energytrixxx.KAH.0/Illustration.jpg,Assets/Tracks/energytrixxx.KAH.0/music.wav,direct-track-folder-key,IL2CPP LevelInfo.level/difficulty and SongListItem.SetRating/SetRatingWithScore are UI/model candidates; no numeric per-track values recovered,partial-unresolved,,not-found-in-chart-json-or-targeted-metadata,medium,medium,phigros-track-records.csv; phigros-addressables-keys.csv; APK Addressables catalog,True,,structurally-nonempty,Assets/Tracks/energytrixxx.KAH.0/Chart_EZ.json,True,,structurally-nonempty,Assets/Tracks/energytrixxx.KAH.0/Chart_HD.json,True,,structurally-nonempty,Assets/Tracks/energytrixxx.KAH.0/Chart_IN.json,False,,absent,,False,,absent,
Assets/Tracks/iLArtifact.Link0.0/Illustration.jpg,Assets/Tracks/iLArtifact.Link0.0/,iLArtifact,Link0,0,phigros:trackpath=Assets/Tracks/iLArtifact.Link0.0/,Addressables primary-key path / Assets/Tracks folder,,,,structure-found-instance-relation-unresolved,"IL2CPP Chapter/ChapterSongInfo/ChapterSongItem types expose chapterCode, songs and songsId; no serialized instance values or Track→Chapter foreign-key record was recovered",Assets/Tracks/iLArtifact.Link0.0/Illustration.jpg,Assets/Tracks/iLArtifact.Link0.0/music.wav,direct-track-folder-key,IL2CPP LevelInfo.level/difficulty and SongListItem.SetRating/SetRatingWithScore are UI/model candidates; no numeric per-track values recovered,partial-unresolved,,not-found-in-chart-json-or-targeted-metadata,medium,medium,phigros-track-records.csv; phigros-addressables-keys.csv; APK Addressables catalog,True,,structurally-nonempty,Assets/Tracks/iLArtifact.Link0.0/Chart_EZ.json,True,,structurally-nonempty,Assets/Tracks/iLArtifact.Link0.0/Chart_HD.json,True,,structurally-nonempty,Assets/Tracks/iLArtifact.Link0.0/Chart_IN.json,False,,absent,,False,,absent,
Assets/Tracks/inferior.姜米條.0/Illustration.jpg,Assets/Tracks/inferior.姜米條.0/,inferior,姜米條,0,phigros:trackpath=Assets/Tracks/inferior.姜米條.0/,Addressables primary-key path / Assets/Tracks folder,,,,structure-found-instance-relation-unresolved,"IL2CPP Chapter/ChapterSongInfo/ChapterSongItem types expose chapterCode, songs and songsId; no serialized instance values or Track→Chapter foreign-key record was recovered",Assets/Tracks/inferior.姜米條.0/Illustration.jpg,Assets/Tracks/inferior.姜米條.0/music.wav,direct-track-folder-key,IL2CPP LevelInfo.level/difficulty and SongListItem.SetRating/SetRatingWithScore are UI/model candidates; no numeric per-track values recovered,partial-unresolved,,not-found-in-chart-json-or-targeted-metadata,medium,medium,phigros-track-records.csv; phigros-addressables-keys.csv; APK Addressables catalog,True,,structurally-nonempty,Assets/Tracks/inferior.姜米條.0/Chart_EZ.json,True,,structurally-nonempty,Assets/Tracks/inferior.姜米條.0/Chart_HD.json,True,,structurally-nonempty,Assets/Tracks/inferior.姜米條.0/Chart_IN.json,False,,absent,,False,,absent,
Assets/Tracks/lifeflashesbeforeweebeyes.BilliumMoto.0/Illustration.jpg,Assets/Tracks/lifeflashesbeforeweebeyes.BilliumMoto.0/,lifeflashesbeforeweebeyes,BilliumMoto,0,phigros:trackpath=Assets/Tracks/lifeflashesbeforeweebeyes.BilliumMoto.0/,Addressables primary-key path / Assets/Tracks folder,,,,structure-found-instance-relation-unresolved,"IL2CPP Chapter/ChapterSongInfo/ChapterSongItem types expose chapterCode, songs and songsId; no serialized instance values or Track→Chapter foreign-key record was recovered",Assets/Tracks/lifeflashesbeforeweebeyes.BilliumMoto.0/Illustration.jpg,Assets/Tracks/lifeflashesbeforeweebeyes.BilliumMoto.0/music.wav,direct-track-folder-key,IL2CPP LevelInfo.level/difficulty and SongListItem.SetRating/SetRatingWithScore are UI/model candidates; no numeric per-track values recovered,partial-unresolved,,not-found-in-chart-json-or-targeted-metadata,medium,medium,phigros-track-records.csv; phigros-addressables-keys.csv; APK Addressables catalog,True,,structurally-nonempty,Assets/Tracks/lifeflashesbeforeweebeyes.BilliumMoto.0/Chart_EZ.json,True,,structurally-nonempty,Assets/Tracks/lifeflashesbeforeweebeyes.BilliumMoto.0/Chart_HD.json,True,,structurally-nonempty,Assets/Tracks/lifeflashesbeforeweebeyes.BilliumMoto.0/Chart_IN.json,False,,absent,,False,,absent,
Assets/Tracks/mechanted.rareguy.0/Illustration.jpg,Assets/Tracks/mechanted.rareguy.0/,mechanted,rareguy,0,phigros:trackpath=Assets/Tracks/mechanted.rareguy.0/,Addressables primary-key path / Assets/Tracks folder,,,,structure-found-instance-relation-unresolved,"IL2CPP Chapter/ChapterSongInfo/ChapterSongItem types expose chapterCode, songs and songsId; no serialized instance values or Track→Chapter foreign-key record was recovered",Assets/Tracks/mechanted.rareguy.0/Illustration.jpg,Assets/Tracks/mechanted.rareguy.0/music.wav,direct-track-folder-key,IL2CPP LevelInfo.level/difficulty and SongListItem.SetRating/SetRatingWithScore are UI/model candidates; no numeric per-track values recovered,partial-unresolved,,not-found-in-chart-json-or-targeted-metadata,medium,medium,phigros-track-records.csv; phigros-addressables-keys.csv; APK Addressables catalog,True,,structurally-nonempty,Assets/Tracks/mechanted.rareguy.0/Chart_EZ.json,True,,structurally-nonempty,Assets/Tracks/mechanted.rareguy.0/Chart_HD.json,True,,structurally-nonempty,Assets/Tracks/mechanted.rareguy.0/Chart_IN.json,False,,absent,,False,,absent,
Assets/Tracks/microwav.dandeless.0/Illustration.jpg,Assets/Tracks/microwav.dandeless.0/,microwav,dandeless,0,phigros:trackpath=Assets/Tracks/microwav.dandeless.0/,Addressables primary-key path / Assets/Tracks folder,,,,structure-found-instance-relation-unresolved,"IL2CPP Chapter/ChapterSongInfo/ChapterSongItem types expose chapterCode, songs and songsId; no serialized instance values or Track→Chapter foreign-key record was recovered",Assets/Tracks/microwav.dandeless.0/Illustration.jpg,Assets/Tracks/microwav.dandeless.0/music.wav,direct-track-folder-key,IL2CPP LevelInfo.level/difficulty and SongListItem.SetRating/SetRatingWithScore are UI/model candidates; no numeric per-track values recovered,partial-unresolved,,not-found-in-chart-json-or-targeted-metadata,medium,medium,phigros-track-records.csv; phigros-addressables-keys.csv; APK Addressables catalog,True,,structurally-nonempty,Assets/Tracks/microwav.dandeless.0/Chart_EZ.json,True,,structurally-nonempty,Assets/Tracks/microwav.dandeless.0/Chart_HD.json,True,,structurally-nonempty,Assets/Tracks/microwav.dandeless.0/Chart_IN.json,False,,absent,,False,,absent,
Assets/Tracks/modulus.PTB10.0/Illustration.jpg,Assets/Tracks/modulus.PTB10.0/,modulus,PTB10,0,phigros:trackpath=Assets/Tracks/modulus.PTB10.0/,Addressables primary-key path / Assets/Tracks folder,,,,structure-found-instance-relation-unresolved,"IL2CPP Chapter/ChapterSongInfo/ChapterSongItem types expose chapterCode, songs and songsId; no serialized instance values or Track→Chapter foreign-key record was recovered",Assets/Tracks/modulus.PTB10.0/Illustration.jpg,Assets/Tracks/modulus.PTB10.0/music.wav,direct-track-folder-key,IL2CPP LevelInfo.level/difficulty and SongListItem.SetRating/SetRatingWithScore are UI/model candidates; no numeric per-track values recovered,partial-unresolved,,not-found-in-chart-json-or-targeted-metadata,medium,medium,phigros-track-records.csv; phigros-addressables-keys.csv; APK Addressables catalog,True,,structurally-nonempty,Assets/Tracks/modulus.PTB10.0/Chart_EZ.json,True,,structurally-nonempty,Assets/Tracks/modulus.PTB10.0/Chart_HD.json,True,,structurally-nonempty,Assets/Tracks/modulus.PTB10.0/Chart_IN.json,False,,absent,,False,,absent,
Assets/Tracks/opia.rN.0/Illustration.jpg,Assets/Tracks/opia.rN.0/,opia,rN,0,phigros:trackpath=Assets/Tracks/opia.rN.0/,Addressables primary-key path / Assets/Tracks folder,,,,structure-found-instance-relation-unresolved,"IL2CPP Chapter/ChapterSongInfo/ChapterSongItem types expose chapterCode, songs and songsId; no serialized instance values or Track→Chapter foreign-key record was recovered",Assets/Tracks/opia.rN.0/Illustration.jpg,Assets/Tracks/opia.rN.0/music.wav,direct-track-folder-key,IL2CPP LevelInfo.level/difficulty and SongListItem.SetRating/SetRatingWithScore are UI/model candidates; no numeric per-track values recovered,partial-unresolved,,not-found-in-chart-json-or-targeted-metadata,medium,medium,phigros-track-records.csv; phigros-addressables-keys.csv; APK Addressables catalog,True,,structurally-nonempty,Assets/Tracks/opia.rN.0/Chart_EZ.json,True,,structurally-nonempty,Assets/Tracks/opia.rN.0/Chart_HD.json,True,,structurally-nonempty,Assets/Tracks/opia.rN.0/Chart_IN.json,False,,absent,,False,,absent,
Assets/Tracks/parsey.siqlo.0/Illustration.jpg,Assets/Tracks/parsey.siqlo.0/,parsey,siqlo,0,phigros:trackpath=Assets/Tracks/parsey.siqlo.0/,Addressables primary-key path / Assets/Tracks folder,,,,structure-found-instance-relation-unresolved,"IL2CPP Chapter/ChapterSongInfo/ChapterSongItem types expose chapterCode, songs and songsId; no serialized instance values or Track→Chapter foreign-key record was recovered",Assets/Tracks/parsey.siqlo.0/Illustration.jpg,Assets/Tracks/parsey.siqlo.0/music.wav,direct-track-folder-key,IL2CPP LevelInfo.level/difficulty and SongListItem.SetRating/SetRatingWithScore are UI/model candidates; no numeric per-track values recovered,partial-unresolved,,not-found-in-chart-json-or-targeted-metadata,medium,medium,phigros-track-records.csv; phigros-addressables-keys.csv; APK Addressables catalog,True,,structurally-nonempty,Assets/Tracks/parsey.siqlo.0/Chart_EZ.json,True,,structurally-nonempty,Assets/Tracks/parsey.siqlo.0/Chart_HD.json,True,,structurally-nonempty,Assets/Tracks/parsey.siqlo.0/Chart_IN.json,False,,absent,,False,,absent,
Assets/Tracks/slips.rintarosoma.0/Illustration.jpg,Assets/Tracks/slips.rintarosoma.0/,slips,rintarosoma,0,phigros:trackpath=Assets/Tracks/slips.rintarosoma.0/,Addressables primary-key path / Assets/Tracks folder,,,,structure-found-instance-relation-unresolved,"IL2CPP Chapter/ChapterSongInfo/ChapterSongItem types expose chapterCode, songs and songsId; no serialized instance values or Track→Chapter foreign-key record was recovered",Assets/Tracks/slips.rintarosoma.0/Illustration.jpg,Assets/Tracks/slips.rintarosoma.0/music.wav,direct-track-folder-key,IL2CPP LevelInfo.level/difficulty and SongListItem.SetRating/SetRatingWithScore are UI/model candidates; no numeric per-track values recovered,partial-unresolved,,not-found-in-chart-json-or-targeted-metadata,medium,medium,phigros-track-records.csv; phigros-addressables-keys.csv; APK Addressables catalog,True,,structurally-nonempty,Assets/Tracks/slips.rintarosoma.0/Chart_EZ.json,True,,structurally-nonempty,Assets/Tracks/slips.rintarosoma.0/Chart_HD.json,True,,structurally-nonempty,Assets/Tracks/slips.rintarosoma.0/Chart_IN.json,True,,structurally-nonempty,Assets/Tracks/slips.rintarosoma.0/Chart_AT.json,False,,absent,
Assets/Tracks/valorstarcross.LundyvsWyvren.0/Illustration.jpg,Assets/Tracks/valorstarcross.LundyvsWyvren.0/,valorstarcross,LundyvsWyvren,0,phigros:trackpath=Assets/Tracks/valorstarcross.LundyvsWyvren.0/,Addressables primary-key path / Assets/Tracks folder,,,,structure-found-instance-relation-unresolved,"IL2CPP Chapter/ChapterSongInfo/ChapterSongItem types expose chapterCode, songs and songsId; no serialized instance values or Track→Chapter foreign-key record was recovered",Assets/Tracks/valorstarcross.LundyvsWyvren.0/Illustration.jpg,Assets/Tracks/valorstarcross.LundyvsWyvren.0/music.wav,direct-track-folder-key,IL2CPP LevelInfo.level/difficulty and SongListItem.SetRating/SetRatingWithScore are UI/model candidates; no numeric per-track values recovered,partial-unresolved,,not-found-in-chart-json-or-targeted-metadata,medium,medium,phigros-track-records.csv; phigros-addressables-keys.csv; APK Addressables catalog,True,,structurally-nonempty,Assets/Tracks/valorstarcross.LundyvsWyvren.0/Chart_EZ.json,True,,structurally-nonempty,Assets/Tracks/valorstarcross.LundyvsWyvren.0/Chart_HD.json,True,,structurally-nonempty,Assets/Tracks/valorstarcross.LundyvsWyvren.0/Chart_IN.json,False,,absent,,False,,absent,
Assets/Tracks/volcanic.DETROakaルゼ.0/Illustration.jpg,Assets/Tracks/volcanic.DETROakaルゼ.0/,volcanic,DETROakaルゼ,0,phigros:trackpath=Assets/Tracks/volcanic.DETROakaルゼ.0/,Addressables primary-key path / Assets/Tracks folder,,,,structure-found-instance-relation-unresolved,"IL2CPP Chapter/ChapterSongInfo/ChapterSongItem types expose chapterCode, songs and songsId; no serialized instance values or Track→Chapter foreign-key record was recovered",Assets/Tracks/volcanic.DETROakaルゼ.0/Illustration.jpg,Assets/Tracks/volcanic.DETROakaルゼ.0/music.wav,direct-track-folder-key,IL2CPP LevelInfo.level/difficulty and SongListItem.SetRating/SetRatingWithScore are UI/model candidates; no numeric per-track values recovered,partial-unresolved,,not-found-in-chart-json-or-targeted-metadata,medium,medium,phigros-track-records.csv; phigros-addressables-keys.csv; APK Addressables catalog,True,,structurally-nonempty,Assets/Tracks/volcanic.DETROakaルゼ.0/Chart_EZ.json,True,,structurally-nonempty,Assets/Tracks/volcanic.DETROakaルゼ.0/Chart_HD.json,True,,structurally-nonempty,Assets/Tracks/volcanic.DETROakaルゼ.0/Chart_IN.json,True,,structurally-nonempty,Assets/Tracks/volcanic.DETROakaルゼ.0/Chart_AT.json,False,,absent,
Assets/Tracks/いざ参ります.Uskefeat棗いつき.0/Illustration.jpg,Assets/Tracks/いざ参ります.Uskefeat棗いつき.0/,いざ参ります,Uskefeat棗いつき,0,phigros:trackpath=Assets/Tracks/いざ参ります.Uskefeat棗いつき.0/,Addressables primary-key path / Assets/Tracks folder,,,,structure-found-instance-relation-unresolved,"IL2CPP Chapter/ChapterSongInfo/ChapterSongItem types expose chapterCode, songs and songsId; no serialized instance values or Track→Chapter foreign-key record was recovered",Assets/Tracks/いざ参ります.Uskefeat棗いつき.0/Illustration.jpg,Assets/Tracks/いざ参ります.Uskefeat棗いつき.0/music.wav,direct-track-folder-key,IL2CPP LevelInfo.level/difficulty and SongListItem.SetRating/SetRatingWithScore are UI/model candidates; no numeric per-track values recovered,partial-unresolved,,not-found-in-chart-json-or-targeted-metadata,medium,medium,phigros-track-records.csv; phigros-addressables-keys.csv; APK Addressables catalog,True,,structurally-nonempty,Assets/Tracks/いざ参ります.Uskefeat棗いつき.0/Chart_EZ.json,True,,structurally-nonempty,Assets/Tracks/いざ参ります.Uskefeat棗いつき.0/Chart_HD.json,True,,structurally-nonempty,Assets/Tracks/いざ参ります.Uskefeat棗いつき.0/Chart_IN.json,False,,absent,,False,,absent,
Assets/Tracks/ぱぴぷぴぷぴぱ.ころねぽちWith立秋.0/Illustration.jpg,Assets/Tracks/ぱぴぷぴぷぴぱ.ころねぽちWith立秋.0/,ぱぴぷぴぷぴぱ,ころねぽちWith立秋,0,phigros:trackpath=Assets/Tracks/ぱぴぷぴぷぴぱ.ころねぽちWith立秋.0/,Addressables primary-key path / Assets/Tracks folder,,,,structure-found-instance-relation-unresolved,"IL2CPP Chapter/ChapterSongInfo/ChapterSongItem types expose chapterCode, songs and songsId; no serialized instance values or Track→Chapter foreign-key record was recovered",Assets/Tracks/ぱぴぷぴぷぴぱ.ころねぽちWith立秋.0/Illustration.jpg,Assets/Tracks/ぱぴぷぴぷぴぱ.ころねぽちWith立秋.0/music.wav,direct-track-folder-key,IL2CPP LevelInfo.level/difficulty and SongListItem.SetRating/SetRatingWithScore are UI/model candidates; no numeric per-track values recovered,partial-unresolved,,not-found-in-chart-json-or-targeted-metadata,medium,medium,phigros-track-records.csv; phigros-addressables-keys.csv; APK Addressables catalog,True,,structurally-nonempty,Assets/Tracks/ぱぴぷぴぷぴぱ.ころねぽちWith立秋.0/Chart_EZ.json,True,,structurally-nonempty,Assets/Tracks/ぱぴぷぴぷぴぱ.ころねぽちWith立秋.0/Chart_HD.json,True,,structurally-nonempty,Assets/Tracks/ぱぴぷぴぷぴぱ.ころねぽちWith立秋.0/Chart_IN.json,False,,absent,,False,,absent,
Assets/Tracks/もぺもぺ.LeaF.0/Illustration.jpg,Assets/Tracks/もぺもぺ.LeaF.0/,もぺもぺ,LeaF,0,phigros:trackpath=Assets/Tracks/もぺもぺ.LeaF.0/,Addressables primary-key path / Assets/Tracks folder,,,,structure-found-instance-relation-unresolved,"IL2CPP Chapter/ChapterSongInfo/ChapterSongItem types expose chapterCode, songs and songsId; no serialized instance values or Track→Chapter foreign-key record was recovered",Assets/Tracks/もぺもぺ.LeaF.0/Illustration.jpg,Assets/Tracks/もぺもぺ.LeaF.0/music.wav,direct-track-folder-key,IL2CPP LevelInfo.level/difficulty and SongListItem.SetRating/SetRatingWithScore are UI/model candidates; no numeric per-track values recovered,partial-unresolved,,not-found-in-chart-json-or-targeted-metadata,medium,medium,phigros-track-records.csv; phigros-addressables-keys.csv; APK Addressables catalog,True,,structurally-nonempty,Assets/Tracks/もぺもぺ.LeaF.0/Chart_EZ.json,True,,structurally-nonempty,Assets/Tracks/もぺもぺ.LeaF.0/Chart_HD.json,True,,structurally-nonempty,Assets/Tracks/もぺもぺ.LeaF.0/Chart_IN.json,True,,structurally-nonempty,Assets/Tracks/もぺもぺ.LeaF.0/Chart_AT.json,False,,absent,
Assets/Tracks/アンビバレンス.すりぃ相沢.0/Illustration.jpg,Assets/Tracks/アンビバレンス.すりぃ相沢.0/,アンビバレンス,すりぃ相沢,0,phigros:trackpath=Assets/Tracks/アンビバレンス.すりぃ相沢.0/,Addressables primary-key path / Assets/Tracks folder,,,,structure-found-instance-relation-unresolved,"IL2CPP Chapter/ChapterSongInfo/ChapterSongItem types expose chapterCode, songs and songsId; no serialized instance values or Track→Chapter foreign-key record was recovered",Assets/Tracks/アンビバレンス.すりぃ相沢.0/Illustration.jpg,Assets/Tracks/アンビバレンス.すりぃ相沢.0/music.wav,direct-track-folder-key,IL2CPP LevelInfo.level/difficulty and SongListItem.SetRating/SetRatingWithScore are UI/model candidates; no numeric per-track values recovered,partial-unresolved,,not-found-in-chart-json-or-targeted-metadata,medium,medium,phigros-track-records.csv; phigros-addressables-keys.csv; APK Addressables catalog,True,,structurally-nonempty,Assets/Tracks/アンビバレンス.すりぃ相沢.0/Chart_EZ.json,True,,structurally-nonempty,Assets/Tracks/アンビバレンス.すりぃ相沢.0/Chart_HD.json,True,,structurally-nonempty,Assets/Tracks/アンビバレンス.すりぃ相沢.0/Chart_IN.json,False,,absent,,False,,absent,
Assets/Tracks/インフェルノシティ.Ponchifeatはぁち.0/Illustration.jpg,Assets/Tracks/インフェルノシティ.Ponchifeatはぁち.0/,インフェルノシティ,Ponchifeatはぁち,0,phigros:trackpath=Assets/Tracks/インフェルノシティ.Ponchifeatはぁち.0/,Addressables primary-key path / Assets/Tracks folder,,,,structure-found-instance-relation-unresolved,"IL2CPP Chapter/ChapterSongInfo/ChapterSongItem types expose chapterCode, songs and songsId; no serialized instance values or Track→Chapter foreign-key record was recovered",Assets/Tracks/インフェルノシティ.Ponchifeatはぁち.0/Illustration.jpg,Assets/Tracks/インフェルノシティ.Ponchifeatはぁち.0/music.wav,direct-track-folder-key,IL2CPP LevelInfo.level/difficulty and SongListItem.SetRating/SetRatingWithScore are UI/model candidates; no numeric per-track values recovered,partial-unresolved,,not-found-in-chart-json-or-targeted-metadata,medium,medium,phigros-track-records.csv; phigros-addressables-keys.csv; APK Addressables catalog,True,,structurally-nonempty,Assets/Tracks/インフェルノシティ.Ponchifeatはぁち.0/Chart_EZ.json,True,,structurally-nonempty,Assets/Tracks/インフェルノシティ.Ponchifeatはぁち.0/Chart_HD.json,True,,structurally-nonempty,Assets/Tracks/インフェルノシティ.Ponchifeatはぁち.0/Chart_IN.json,False,,absent,,False,,absent,
Assets/Tracks/インマイマインド.レシオP.0/Illustration.jpg,Assets/Tracks/インマイマインド.レシオP.0/,インマイマインド,レシオP,0,phigros:trackpath=Assets/Tracks/インマイマインド.レシオP.0/,Addressables primary-key path / Assets/Tracks folder,,,,structure-found-instance-relation-unresolved,"IL2CPP Chapter/ChapterSongInfo/ChapterSongItem types expose chapterCode, songs and songsId; no serialized instance values or Track→Chapter foreign-key record was recovered",Assets/Tracks/インマイマインド.レシオP.0/Illustration.jpg,Assets/Tracks/インマイマインド.レシオP.0/music.wav,direct-track-folder-key,IL2CPP LevelInfo.level/difficulty and SongListItem.SetRating/SetRatingWithScore are UI/model candidates; no numeric per-track values recovered,partial-unresolved,,not-found-in-chart-json-or-targeted-metadata,medium,medium,phigros-track-records.csv; phigros-addressables-keys.csv; APK Addressables catalog,True,,structurally-nonempty,Assets/Tracks/インマイマインド.レシオP.0/Chart_EZ.json,True,,structurally-nonempty,Assets/Tracks/インマイマインド.レシオP.0/Chart_HD.json,True,,structurally-nonempty,Assets/Tracks/インマイマインド.レシオP.0/Chart_IN.json,False,,absent,,False,,absent,
Assets/Tracks/ジングルベルJingleBell.A39沙包P.0/Illustration.jpg,Assets/Tracks/ジングルベルJingleBell.A39沙包P.0/,ジングルベルJingleBell,A39沙包P,0,phigros:trackpath=Assets/Tracks/ジングルベルJingleBell.A39沙包P.0/,Addressables primary-key path / Assets/Tracks folder,,,,structure-found-instance-relation-unresolved,"IL2CPP Chapter/ChapterSongInfo/ChapterSongItem types expose chapterCode, songs and songsId; no serialized instance values or Track→Chapter foreign-key record was recovered",Assets/Tracks/ジングルベルJingleBell.A39沙包P.0/Illustration.jpg,Assets/Tracks/ジングルベルJingleBell.A39沙包P.0/music.wav,direct-track-folder-key,IL2CPP LevelInfo.level/difficulty and SongListItem.SetRating/SetRatingWithScore are UI/model candidates; no numeric per-track values recovered,partial-unresolved,,not-found-in-chart-json-or-targeted-metadata,medium,medium,phigros-track-records.csv; phigros-addressables-keys.csv; APK Addressables catalog,True,,structurally-nonempty,Assets/Tracks/ジングルベルJingleBell.A39沙包P.0/Chart_EZ.json,True,,structurally-nonempty,Assets/Tracks/ジングルベルJingleBell.A39沙包P.0/Chart_HD.json,True,,structurally-nonempty,Assets/Tracks/ジングルベルJingleBell.A39沙包P.0/Chart_IN.json,False,,absent,,False,,absent,
Assets/Tracks/ストレイソウルアラウンド.みーに.0/Illustration.jpg,Assets/Tracks/ストレイソウルアラウンド.みーに.0/,ストレイソウルアラウンド,みーに,0,phigros:trackpath=Assets/Tracks/ストレイソウルアラウンド.みーに.0/,Addressables primary-key path / Assets/Tracks folder,,,,structure-found-instance-relation-unresolved,"IL2CPP Chapter/ChapterSongInfo/ChapterSongItem types expose chapterCode, songs and songsId; no serialized instance values or Track→Chapter foreign-key record was recovered",Assets/Tracks/ストレイソウルアラウンド.みーに.0/Illustration.jpg,Assets/Tracks/ストレイソウルアラウンド.みーに.0/music.wav,direct-track-folder-key,IL2CPP LevelInfo.level/difficulty and SongListItem.SetRating/SetRatingWithScore are UI/model candidates; no numeric per-track values recovered,partial-unresolved,,not-found-in-chart-json-or-targeted-metadata,medium,medium,phigros-track-records.csv; phigros-addressables-keys.csv; APK Addressables catalog,True,,structurally-nonempty,Assets/Tracks/ストレイソウルアラウンド.みーに.0/Chart_EZ.json,True,,structurally-nonempty,Assets/Tracks/ストレイソウルアラウンド.みーに.0/Chart_HD.json,True,,structurally-nonempty,Assets/Tracks/ストレイソウルアラウンド.みーに.0/Chart_IN.json,False,,absent,,False,,absent,
Assets/Tracks/ニライカナイNiraicA_naiMix.roopfromSTR.0/Illustration.jpg,Assets/Tracks/ニライカナイNiraicA_naiMix.roopfromSTR.0/,ニライカナイNiraicA_naiMix,roopfromSTR,0,phigros:trackpath=Assets/Tracks/ニライカナイNiraicA_naiMix.roopfromSTR.0/,Addressables primary-key path / Assets/Tracks folder,,,,structure-found-instance-relation-unresolved,"IL2CPP Chapter/ChapterSongInfo/ChapterSongItem types expose chapterCode, songs and songsId; no serialized instance values or Track→Chapter foreign-key record was recovered",Assets/Tracks/ニライカナイNiraicA_naiMix.roopfromSTR.0/Illustration.jpg,Assets/Tracks/ニライカナイNiraicA_naiMix.roopfromSTR.0/music.wav,direct-track-folder-key,IL2CPP LevelInfo.level/difficulty and SongListItem.SetRating/SetRatingWithScore are UI/model candidates; no numeric per-track values recovered,partial-unresolved,,not-found-in-chart-json-or-targeted-metadata,medium,medium,phigros-track-records.csv; phigros-addressables-keys.csv; APK Addressables catalog,True,,structurally-nonempty,Assets/Tracks/ニライカナイNiraicA_naiMix.roopfromSTR.0/Chart_EZ.json,True,,structurally-nonempty,Assets/Tracks/ニライカナイNiraicA_naiMix.roopfromSTR.0/Chart_HD.json,True,,structurally-nonempty,Assets/Tracks/ニライカナイNiraicA_naiMix.roopfromSTR.0/Chart_IN.json,False,,absent,,False,,absent,
Assets/Tracks/万吨匿名信.闫东炜.0/Illustration.jpg,Assets/Tracks/万吨匿名信.闫东炜.0/,万吨匿名信,闫东炜,0,phigros:trackpath=Assets/Tracks/万吨匿名信.闫东炜.0/,Addressables primary-key path / Assets/Tracks folder,,,,structure-found-instance-relation-unresolved,"IL2CPP Chapter/ChapterSongInfo/ChapterSongItem types expose chapterCode, songs and songsId; no serialized instance values or Track→Chapter foreign-key record was recovered",Assets/Tracks/万吨匿名信.闫东炜.0/Illustration.jpg,Assets/Tracks/万吨匿名信.闫东炜.0/music.wav,direct-track-folder-key,IL2CPP LevelInfo.level/difficulty and SongListItem.SetRating/SetRatingWithScore are UI/model candidates; no numeric per-track values recovered,partial-unresolved,,not-found-in-chart-json-or-targeted-metadata,medium,medium,phigros-track-records.csv; phigros-addressables-keys.csv; APK Addressables catalog,True,,structurally-nonempty,Assets/Tracks/万吨匿名信.闫东炜.0/Chart_EZ.json,True,,structurally-nonempty,Assets/Tracks/万吨匿名信.闫东炜.0/Chart_HD.json,True,,structurally-nonempty,Assets/Tracks/万吨匿名信.闫东炜.0/Chart_IN.json,False,,absent,,False,,absent,
Assets/Tracks/下一秒.BobHouSherlock卓智媛feat兰音Reine.0/Illustration.jpg,Assets/Tracks/下一秒.BobHouSherlock卓智媛feat兰音Reine.0/,下一秒,BobHouSherlock卓智媛feat兰音Reine,0,phigros:trackpath=Assets/Tracks/下一秒.BobHouSherlock卓智媛feat兰音Reine.0/,Addressables primary-key path / Assets/Tracks folder,,,,structure-found-instance-relation-unresolved,"IL2CPP Chapter/ChapterSongInfo/ChapterSongItem types expose chapterCode, songs and songsId; no serialized instance values or Track→Chapter foreign-key record was recovered",Assets/Tracks/下一秒.BobHouSherlock卓智媛feat兰音Reine.0/Illustration.jpg,Assets/Tracks/下一秒.BobHouSherlock卓智媛feat兰音Reine.0/music.wav,direct-track-folder-key,IL2CPP LevelInfo.level/difficulty and SongListItem.SetRating/SetRatingWithScore are UI/model candidates; no numeric per-track values recovered,partial-unresolved,,not-found-in-chart-json-or-targeted-metadata,medium,medium,phigros-track-records.csv; phigros-addressables-keys.csv; APK Addressables catalog,True,,structurally-nonempty,Assets/Tracks/下一秒.BobHouSherlock卓智媛feat兰音Reine.0/Chart_EZ.json,True,,structurally-nonempty,Assets/Tracks/下一秒.BobHouSherlock卓智媛feat兰音Reine.0/Chart_HD.json,True,,structurally-nonempty,Assets/Tracks/下一秒.BobHouSherlock卓智媛feat兰音Reine.0/Chart_IN.json,False,,absent,,False,,absent,
Assets/Tracks/亂舞.NekockLK.0/Illustration.jpg,Assets/Tracks/亂舞.NekockLK.0/,亂舞,NekockLK,0,phigros:trackpath=Assets/Tracks/亂舞.NekockLK.0/,Addressables primary-key path / Assets/Tracks folder,,,,structure-found-instance-relation-unresolved,"IL2CPP Chapter/ChapterSongInfo/ChapterSongItem types expose chapterCode, songs and songsId; no serialized instance values or Track→Chapter foreign-key record was recovered",Assets/Tracks/亂舞.NekockLK.0/Illustration.jpg,Assets/Tracks/亂舞.NekockLK.0/music.wav,direct-track-folder-key,IL2CPP LevelInfo.level/difficulty and SongListItem.SetRating/SetRatingWithScore are UI/model candidates; no numeric per-track values recovered,partial-unresolved,,not-found-in-chart-json-or-targeted-metadata,medium,medium,phigros-track-records.csv; phigros-addressables-keys.csv; APK Addressables catalog,True,,structurally-nonempty,Assets/Tracks/亂舞.NekockLK.0/Chart_EZ.json,True,,structurally-nonempty,Assets/Tracks/亂舞.NekockLK.0/Chart_HD.json,True,,structurally-nonempty,Assets/Tracks/亂舞.NekockLK.0/Chart_IN.json,False,,absent,,False,,absent,
Assets/Tracks/云女孩.符白牙SiYFics.0/Illustration.jpg,Assets/Tracks/云女孩.符白牙SiYFics.0/,云女孩,符白牙SiYFics,0,phigros:trackpath=Assets/Tracks/云女孩.符白牙SiYFics.0/,Addressables primary-key path / Assets/Tracks folder,,,,structure-found-instance-relation-unresolved,"IL2CPP Chapter/ChapterSongInfo/ChapterSongItem types expose chapterCode, songs and songsId; no serialized instance values or Track→Chapter foreign-key record was recovered",Assets/Tracks/云女孩.符白牙SiYFics.0/Illustration.jpg,Assets/Tracks/云女孩.符白牙SiYFics.0/music.wav,direct-track-folder-key,IL2CPP LevelInfo.level/difficulty and SongListItem.SetRating/SetRatingWithScore are UI/model candidates; no numeric per-track values recovered,partial-unresolved,,not-found-in-chart-json-or-targeted-metadata,medium,medium,phigros-track-records.csv; phigros-addressables-keys.csv; APK Addressables catalog,True,,structurally-nonempty,Assets/Tracks/云女孩.符白牙SiYFics.0/Chart_EZ.json,True,,structurally-nonempty,Assets/Tracks/云女孩.符白牙SiYFics.0/Chart_HD.json,True,,structurally-nonempty,Assets/Tracks/云女孩.符白牙SiYFics.0/Chart_IN.json,False,,absent,,False,,absent,
Assets/Tracks/今天不是明天.PIKASONICfeat兰音Reine.0/Illustration.jpg,Assets/Tracks/今天不是明天.PIKASONICfeat兰音Reine.0/,今天不是明天,PIKASONICfeat兰音Reine,0,phigros:trackpath=Assets/Tracks/今天不是明天.PIKASONICfeat兰音Reine.0/,Addressables primary-key path / Assets/Tracks folder,,,,structure-found-instance-relation-unresolved,"IL2CPP Chapter/ChapterSongInfo/ChapterSongItem types expose chapterCode, songs and songsId; no serialized instance values or Track→Chapter foreign-key record was recovered",Assets/Tracks/今天不是明天.PIKASONICfeat兰音Reine.0/Illustration.jpg,Assets/Tracks/今天不是明天.PIKASONICfeat兰音Reine.0/music.wav,direct-track-folder-key,IL2CPP LevelInfo.level/difficulty and SongListItem.SetRating/SetRatingWithScore are UI/model candidates; no numeric per-track values recovered,partial-unresolved,,not-found-in-chart-json-or-targeted-metadata,medium,medium,phigros-track-records.csv; phigros-addressables-keys.csv; APK Addressables catalog,True,,structurally-nonempty,Assets/Tracks/今天不是明天.PIKASONICfeat兰音Reine.0/Chart_EZ.json,True,,structurally-nonempty,Assets/Tracks/今天不是明天.PIKASONICfeat兰音Reine.0/Chart_HD.json,True,,structurally-nonempty,Assets/Tracks/今天不是明天.PIKASONICfeat兰音Reine.0/Chart_IN.json,False,,absent,,False,,absent,
Assets/Tracks/光.姜米條.0/Illustration.jpg,Assets/Tracks/光.姜米條.0/,光,姜米條,0,phigros:trackpath=Assets/Tracks/光.姜米條.0/,Addressables primary-key path / Assets/Tracks folder,,,,structure-found-instance-relation-unresolved,"IL2CPP Chapter/ChapterSongInfo/ChapterSongItem types expose chapterCode, songs and songsId; no serialized instance values or Track→Chapter foreign-key record was recovered",Assets/Tracks/光.姜米條.0/Illustration.jpg,Assets/Tracks/光.姜米條.0/music.wav,direct-track-folder-key,IL2CPP LevelInfo.level/difficulty and SongListItem.SetRating/SetRatingWithScore are UI/model candidates; no numeric per-track values recovered,partial-unresolved,,not-found-in-chart-json-or-targeted-metadata,medium,medium,phigros-track-records.csv; phigros-addressables-keys.csv; APK Addressables catalog,True,,structurally-nonempty,Assets/Tracks/光.姜米條.0/Chart_EZ.json,True,,structurally-nonempty,Assets/Tracks/光.姜米條.0/Chart_HD.json,True,,structurally-nonempty,Assets/Tracks/光.姜米條.0/Chart_IN.json,False,,absent,,False,,absent,
Assets/Tracks/千紫万紅.r0yvsWABI.0/Illustration.jpg,Assets/Tracks/千紫万紅.r0yvsWABI.0/,千紫万紅,r0yvsWABI,0,phigros:trackpath=Assets/Tracks/千紫万紅.r0yvsWABI.0/,Addressables primary-key path / Assets/Tracks folder,,,,structure-found-instance-relation-unresolved,"IL2CPP Chapter/ChapterSongInfo/ChapterSongItem types expose chapterCode, songs and songsId; no serialized instance values or Track→Chapter foreign-key record was recovered",Assets/Tracks/千紫万紅.r0yvsWABI.0/Illustration.jpg,Assets/Tracks/千紫万紅.r0yvsWABI.0/music.wav,direct-track-folder-key,IL2CPP LevelInfo.level/difficulty and SongListItem.SetRating/SetRatingWithScore are UI/model candidates; no numeric per-track values recovered,partial-unresolved,,not-found-in-chart-json-or-targeted-metadata,medium,medium,phigros-track-records.csv; phigros-addressables-keys.csv; APK Addressables catalog,True,,structurally-nonempty,Assets/Tracks/千紫万紅.r0yvsWABI.0/Chart_EZ.json,True,,structurally-nonempty,Assets/Tracks/千紫万紅.r0yvsWABI.0/Chart_HD.json,True,,structurally-nonempty,Assets/Tracks/千紫万紅.r0yvsWABI.0/Chart_IN.json,False,,absent,,False,,absent,
Assets/Tracks/双重间谍DoubleAgent.WAVAV.0/Illustration.jpg,Assets/Tracks/双重间谍DoubleAgent.WAVAV.0/,双重间谍DoubleAgent,WAVAV,0,phigros:trackpath=Assets/Tracks/双重间谍DoubleAgent.WAVAV.0/,Addressables primary-key path / Assets/Tracks folder,,,,structure-found-instance-relation-unresolved,"IL2CPP Chapter/ChapterSongInfo/ChapterSongItem types expose chapterCode, songs and songsId; no serialized instance values or Track→Chapter foreign-key record was recovered",Assets/Tracks/双重间谍DoubleAgent.WAVAV.0/Illustration.jpg,Assets/Tracks/双重间谍DoubleAgent.WAVAV.0/music.wav,direct-track-folder-key,IL2CPP LevelInfo.level/difficulty and SongListItem.SetRating/SetRatingWithScore are UI/model candidates; no numeric per-track values recovered,partial-unresolved,,not-found-in-chart-json-or-targeted-metadata,medium,medium,phigros-track-records.csv; phigros-addressables-keys.csv; APK Addressables catalog,True,,structurally-nonempty,Assets/Tracks/双重间谍DoubleAgent.WAVAV.0/Chart_EZ.json,True,,structurally-nonempty,Assets/Tracks/双重间谍DoubleAgent.WAVAV.0/Chart_HD.json,True,,structurally-nonempty,Assets/Tracks/双重间谍DoubleAgent.WAVAV.0/Chart_IN.json,False,,absent,,False,,absent,
Assets/Tracks/君往何处QuoVadis.M2U.0/Illustration.jpg,Assets/Tracks/君往何处QuoVadis.M2U.0/,君往何处QuoVadis,M2U,0,phigros:trackpath=Assets/Tracks/君往何处QuoVadis.M2U.0/,Addressables primary-key path / Assets/Tracks folder,,,,structure-found-instance-relation-unresolved,"IL2CPP Chapter/ChapterSongInfo/ChapterSongItem types expose chapterCode, songs and songsId; no serialized instance values or Track→Chapter foreign-key record was recovered",Assets/Tracks/君往何处QuoVadis.M2U.0/Illustration.jpg,Assets/Tracks/君往何处QuoVadis.M2U.0/music.wav,direct-track-folder-key,IL2CPP LevelInfo.level/difficulty and SongListItem.SetRating/SetRatingWithScore are UI/model candidates; no numeric per-track values recovered,partial-unresolved,,not-found-in-chart-json-or-targeted-metadata,medium,medium,phigros-track-records.csv; phigros-addressables-keys.csv; APK Addressables catalog,True,,structurally-nonempty,Assets/Tracks/君往何处QuoVadis.M2U.0/Chart_EZ.json,True,,structurally-nonempty,Assets/Tracks/君往何处QuoVadis.M2U.0/Chart_HD.json,True,,structurally-nonempty,Assets/Tracks/君往何处QuoVadis.M2U.0/Chart_IN.json,False,,absent,,False,,absent,
Assets/Tracks/夢の降る日に.seatrus.0/Illustration.jpg,Assets/Tracks/夢の降る日に.seatrus.0/,夢の降る日に,seatrus,0,phigros:trackpath=Assets/Tracks/夢の降る日に.seatrus.0/,Addressables primary-key path / Assets/Tracks folder,,,,structure-found-instance-relation-unresolved,"IL2CPP Chapter/ChapterSongInfo/ChapterSongItem types expose chapterCode, songs and songsId; no serialized instance values or Track→Chapter foreign-key record was recovered",Assets/Tracks/夢の降る日に.seatrus.0/Illustration.jpg,Assets/Tracks/夢の降る日に.seatrus.0/music.wav,direct-track-folder-key,IL2CPP LevelInfo.level/difficulty and SongListItem.SetRating/SetRatingWithScore are UI/model candidates; no numeric per-track values recovered,partial-unresolved,,not-found-in-chart-json-or-targeted-metadata,medium,medium,phigros-track-records.csv; phigros-addressables-keys.csv; APK Addressables catalog,True,,structurally-nonempty,Assets/Tracks/夢の降る日に.seatrus.0/Chart_EZ.json,True,,structurally-nonempty,Assets/Tracks/夢の降る日に.seatrus.0/Chart_HD.json,True,,structurally-nonempty,Assets/Tracks/夢の降る日に.seatrus.0/Chart_IN.json,False,,absent,,False,,absent,
Assets/Tracks/大和撫子WildDances.adapatorvsDRIVE.0/Illustration.jpg,Assets/Tracks/大和撫子WildDances.adapatorvsDRIVE.0/,大和撫子WildDances,adapatorvsDRIVE,0,phigros:trackpath=Assets/Tracks/大和撫子WildDances.adapatorvsDRIVE.0/,Addressables primary-key path / Assets/Tracks folder,,,,structure-found-instance-relation-unresolved,"IL2CPP Chapter/ChapterSongInfo/ChapterSongItem types expose chapterCode, songs and songsId; no serialized instance values or Track→Chapter foreign-key record was recovered",Assets/Tracks/大和撫子WildDances.adapatorvsDRIVE.0/Illustration.jpg,Assets/Tracks/大和撫子WildDances.adapatorvsDRIVE.0/music.wav,direct-track-folder-key,IL2CPP LevelInfo.level/difficulty and SongListItem.SetRating/SetRatingWithScore are UI/model candidates; no numeric per-track values recovered,partial-unresolved,,not-found-in-chart-json-or-targeted-metadata,medium,medium,phigros-track-records.csv; phigros-addressables-keys.csv; APK Addressables catalog,True,,structurally-nonempty,Assets/Tracks/大和撫子WildDances.adapatorvsDRIVE.0/Chart_EZ.json,True,,structurally-nonempty,Assets/Tracks/大和撫子WildDances.adapatorvsDRIVE.0/Chart_HD.json,True,,structurally-nonempty,Assets/Tracks/大和撫子WildDances.adapatorvsDRIVE.0/Chart_IN.json,False,,absent,,False,,absent,
Assets/Tracks/宇宙残骸少女CosmicDustyGirl.辻原一郎.0/Illustration.jpg,Assets/Tracks/宇宙残骸少女CosmicDustyGirl.辻原一郎.0/,宇宙残骸少女CosmicDustyGirl,辻原一郎,0,phigros:trackpath=Assets/Tracks/宇宙残骸少女CosmicDustyGirl.辻原一郎.0/,Addressables primary-key path / Assets/Tracks folder,,,,structure-found-instance-relation-unresolved,"IL2CPP Chapter/ChapterSongInfo/ChapterSongItem types expose chapterCode, songs and songsId; no serialized instance values or Track→Chapter foreign-key record was recovered",Assets/Tracks/宇宙残骸少女CosmicDustyGirl.辻原一郎.0/Illustration.jpg,Assets/Tracks/宇宙残骸少女CosmicDustyGirl.辻原一郎.0/music.wav,direct-track-folder-key,IL2CPP LevelInfo.level/difficulty and SongListItem.SetRating/SetRatingWithScore are UI/model candidates; no numeric per-track values recovered,partial-unresolved,,not-found-in-chart-json-or-targeted-metadata,medium,medium,phigros-track-records.csv; phigros-addressables-keys.csv; APK Addressables catalog,True,,structurally-nonempty,Assets/Tracks/宇宙残骸少女CosmicDustyGirl.辻原一郎.0/Chart_EZ.json,True,,structurally-nonempty,Assets/Tracks/宇宙残骸少女CosmicDustyGirl.辻原一郎.0/Chart_HD.json,True,,structurally-nonempty,Assets/Tracks/宇宙残骸少女CosmicDustyGirl.辻原一郎.0/Chart_IN.json,False,,absent,,False,,absent,
Assets/Tracks/尊師TheGuru.rider.0/Illustration.jpg,Assets/Tracks/尊師TheGuru.rider.0/,尊師TheGuru,rider,0,phigros:trackpath=Assets/Tracks/尊師TheGuru.rider.0/,Addressables primary-key path / Assets/Tracks folder,,,,structure-found-instance-relation-unresolved,"IL2CPP Chapter/ChapterSongInfo/ChapterSongItem types expose chapterCode, songs and songsId; no serialized instance values or Track→Chapter foreign-key record was recovered",Assets/Tracks/尊師TheGuru.rider.0/Illustration.jpg,Assets/Tracks/尊師TheGuru.rider.0/music.wav,direct-track-folder-key,IL2CPP LevelInfo.level/difficulty and SongListItem.SetRating/SetRatingWithScore are UI/model candidates; no numeric per-track values recovered,partial-unresolved,,not-found-in-chart-json-or-targeted-metadata,medium,medium,phigros-track-records.csv; phigros-addressables-keys.csv; APK Addressables catalog,True,,structurally-nonempty,Assets/Tracks/尊師TheGuru.rider.0/Chart_EZ.json,True,,structurally-nonempty,Assets/Tracks/尊師TheGuru.rider.0/Chart_HD.json,True,,structurally-nonempty,Assets/Tracks/尊師TheGuru.rider.0/Chart_IN.json,False,,absent,,False,,absent,
Assets/Tracks/幻影鬼魅PLEASE.R300K.0/Illustration.jpg,Assets/Tracks/幻影鬼魅PLEASE.R300K.0/,幻影鬼魅PLEASE,R300K,0,phigros:trackpath=Assets/Tracks/幻影鬼魅PLEASE.R300K.0/,Addressables primary-key path / Assets/Tracks folder,,,,structure-found-instance-relation-unresolved,"IL2CPP Chapter/ChapterSongInfo/ChapterSongItem types expose chapterCode, songs and songsId; no serialized instance values or Track→Chapter foreign-key record was recovered",Assets/Tracks/幻影鬼魅PLEASE.R300K.0/Illustration.jpg,Assets/Tracks/幻影鬼魅PLEASE.R300K.0/music.wav,direct-track-folder-key,IL2CPP LevelInfo.level/difficulty and SongListItem.SetRating/SetRatingWithScore are UI/model candidates; no numeric per-track values recovered,partial-unresolved,,not-found-in-chart-json-or-targeted-metadata,medium,medium,phigros-track-records.csv; phigros-addressables-keys.csv; APK Addressables catalog,True,,structurally-nonempty,Assets/Tracks/幻影鬼魅PLEASE.R300K.0/Chart_EZ.json,True,,structurally-nonempty,Assets/Tracks/幻影鬼魅PLEASE.R300K.0/Chart_HD.json,True,,structurally-nonempty,Assets/Tracks/幻影鬼魅PLEASE.R300K.0/Chart_IN.json,True,,structurally-nonempty,Assets/Tracks/幻影鬼魅PLEASE.R300K.0/Chart_AT.json,False,,absent,
Assets/Tracks/幽世桔梗.Capchiifeatまるもこ.0/Illustration.jpg,Assets/Tracks/幽世桔梗.Capchiifeatまるもこ.0/,幽世桔梗,Capchiifeatまるもこ,0,phigros:trackpath=Assets/Tracks/幽世桔梗.Capchiifeatまるもこ.0/,Addressables primary-key path / Assets/Tracks folder,,,,structure-found-instance-relation-unresolved,"IL2CPP Chapter/ChapterSongInfo/ChapterSongItem types expose chapterCode, songs and songsId; no serialized instance values or Track→Chapter foreign-key record was recovered",Assets/Tracks/幽世桔梗.Capchiifeatまるもこ.0/Illustration.jpg,Assets/Tracks/幽世桔梗.Capchiifeatまるもこ.0/music.wav,direct-track-folder-key,IL2CPP LevelInfo.level/difficulty and SongListItem.SetRating/SetRatingWithScore are UI/model candidates; no numeric per-track values recovered,partial-unresolved,,not-found-in-chart-json-or-targeted-metadata,medium,medium,phigros-track-records.csv; phigros-addressables-keys.csv; APK Addressables catalog,True,,structurally-nonempty,Assets/Tracks/幽世桔梗.Capchiifeatまるもこ.0/Chart_EZ.json,True,,structurally-nonempty,Assets/Tracks/幽世桔梗.Capchiifeatまるもこ.0/Chart_HD.json,True,,structurally-nonempty,Assets/Tracks/幽世桔梗.Capchiifeatまるもこ.0/Chart_IN.json,False,,absent,,False,,absent,
Assets/Tracks/开心病.闫东炜.0/Illustration.jpg,Assets/Tracks/开心病.闫东炜.0/,开心病,闫东炜,0,phigros:trackpath=Assets/Tracks/开心病.闫东炜.0/,Addressables primary-key path / Assets/Tracks folder,,,,structure-found-instance-relation-unresolved,"IL2CPP Chapter/ChapterSongInfo/ChapterSongItem types expose chapterCode, songs and songsId; no serialized instance values or Track→Chapter foreign-key record was recovered",Assets/Tracks/开心病.闫东炜.0/Illustration.jpg,Assets/Tracks/开心病.闫东炜.0/music.wav,direct-track-folder-key,IL2CPP LevelInfo.level/difficulty and SongListItem.SetRating/SetRatingWithScore are UI/model candidates; no numeric per-track values recovered,partial-unresolved,,not-found-in-chart-json-or-targeted-metadata,medium,medium,phigros-track-records.csv; phigros-addressables-keys.csv; APK Addressables catalog,True,,structurally-nonempty,Assets/Tracks/开心病.闫东炜.0/Chart_EZ.json,True,,structurally-nonempty,Assets/Tracks/开心病.闫东炜.0/Chart_HD.json,True,,structurally-nonempty,Assets/Tracks/开心病.闫东炜.0/Chart_IN.json,False,,absent,,False,,absent,
Assets/Tracks/彩.MisoilePunch.0/Illustration.jpg,Assets/Tracks/彩.MisoilePunch.0/,彩,MisoilePunch,0,phigros:trackpath=Assets/Tracks/彩.MisoilePunch.0/,Addressables primary-key path / Assets/Tracks folder,,,,structure-found-instance-relation-unresolved,"IL2CPP Chapter/ChapterSongInfo/ChapterSongItem types expose chapterCode, songs and songsId; no serialized instance values or Track→Chapter foreign-key record was recovered",Assets/Tracks/彩.MisoilePunch.0/Illustration.jpg,Assets/Tracks/彩.MisoilePunch.0/music.wav,direct-track-folder-key,IL2CPP LevelInfo.level/difficulty and SongListItem.SetRating/SetRatingWithScore are UI/model candidates; no numeric per-track values recovered,partial-unresolved,,not-found-in-chart-json-or-targeted-metadata,medium,medium,phigros-track-records.csv; phigros-addressables-keys.csv; APK Addressables catalog,True,,structurally-nonempty,Assets/Tracks/彩.MisoilePunch.0/Chart_EZ.json,True,,structurally-nonempty,Assets/Tracks/彩.MisoilePunch.0/Chart_HD.json,True,,structurally-nonempty,Assets/Tracks/彩.MisoilePunch.0/Chart_IN.json,False,,absent,,False,,absent,
Assets/Tracks/彼方へ名もなき海辺より.打打だいず&月乃.0/Illustration.jpg,Assets/Tracks/彼方へ名もなき海辺より.打打だいず&月乃.0/,彼方へ名もなき海辺より,打打だいず&月乃,0,phigros:trackpath=Assets/Tracks/彼方へ名もなき海辺より.打打だいず&月乃.0/,Addressables primary-key path / Assets/Tracks folder,,,,structure-found-instance-relation-unresolved,"IL2CPP Chapter/ChapterSongInfo/ChapterSongItem types expose chapterCode, songs and songsId; no serialized instance values or Track→Chapter foreign-key record was recovered",Assets/Tracks/彼方へ名もなき海辺より.打打だいず&月乃.0/Illustration.jpg,Assets/Tracks/彼方へ名もなき海辺より.打打だいず&月乃.0/music.wav,direct-track-folder-key,IL2CPP LevelInfo.level/difficulty and SongListItem.SetRating/SetRatingWithScore are UI/model candidates; no numeric per-track values recovered,partial-unresolved,,not-found-in-chart-json-or-targeted-metadata,medium,medium,phigros-track-records.csv; phigros-addressables-keys.csv; APK Addressables catalog,True,,structurally-nonempty,Assets/Tracks/彼方へ名もなき海辺より.打打だいず&月乃.0/Chart_EZ.json,True,,structurally-nonempty,Assets/Tracks/彼方へ名もなき海辺より.打打だいず&月乃.0/Chart_HD.json,True,,structurally-nonempty,Assets/Tracks/彼方へ名もなき海辺より.打打だいず&月乃.0/Chart_IN.json,False,,absent,,False,,absent,
Assets/Tracks/心の記憶.A39沙包P.0/Illustration.jpg,Assets/Tracks/心の記憶.A39沙包P.0/,心の記憶,A39沙包P,0,phigros:trackpath=Assets/Tracks/心の記憶.A39沙包P.0/,Addressables primary-key path / Assets/Tracks folder,,,,structure-found-instance-relation-unresolved,"IL2CPP Chapter/ChapterSongInfo/ChapterSongItem types expose chapterCode, songs and songsId; no serialized instance values or Track→Chapter foreign-key record was recovered",Assets/Tracks/心の記憶.A39沙包P.0/Illustration.jpg,Assets/Tracks/心の記憶.A39沙包P.0/music.wav,direct-track-folder-key,IL2CPP LevelInfo.level/difficulty and SongListItem.SetRating/SetRatingWithScore are UI/model candidates; no numeric per-track values recovered,partial-unresolved,,not-found-in-chart-json-or-targeted-metadata,medium,medium,phigros-track-records.csv; phigros-addressables-keys.csv; APK Addressables catalog,True,,structurally-nonempty,Assets/Tracks/心の記憶.A39沙包P.0/Chart_EZ.json,True,,structurally-nonempty,Assets/Tracks/心の記憶.A39沙包P.0/Chart_HD.json,True,,structurally-nonempty,Assets/Tracks/心の記憶.A39沙包P.0/Chart_IN.json,False,,absent,,False,,absent,
Assets/Tracks/心之所向.姜米條.0/Illustration.jpg,Assets/Tracks/心之所向.姜米條.0/,心之所向,姜米條,0,phigros:trackpath=Assets/Tracks/心之所向.姜米條.0/,Addressables primary-key path / Assets/Tracks folder,,,,structure-found-instance-relation-unresolved,"IL2CPP Chapter/ChapterSongInfo/ChapterSongItem types expose chapterCode, songs and songsId; no serialized instance values or Track→Chapter foreign-key record was recovered",Assets/Tracks/心之所向.姜米條.0/Illustration.jpg,Assets/Tracks/心之所向.姜米條.0/music.wav,direct-track-folder-key,IL2CPP LevelInfo.level/difficulty and SongListItem.SetRating/SetRatingWithScore are UI/model candidates; no numeric per-track values recovered,partial-unresolved,,not-found-in-chart-json-or-targeted-metadata,medium,medium,phigros-track-records.csv; phigros-addressables-keys.csv; APK Addressables catalog,True,,structurally-nonempty,Assets/Tracks/心之所向.姜米條.0/Chart_EZ.json,True,,structurally-nonempty,Assets/Tracks/心之所向.姜米條.0/Chart_HD.json,True,,structurally-nonempty,Assets/Tracks/心之所向.姜米條.0/Chart_IN.json,False,,absent,,False,,absent,
Assets/Tracks/明鏡烈火.MUEvsRekuMochizuki.0/Illustration.jpg,Assets/Tracks/明鏡烈火.MUEvsRekuMochizuki.0/,明鏡烈火,MUEvsRekuMochizuki,0,phigros:trackpath=Assets/Tracks/明鏡烈火.MUEvsRekuMochizuki.0/,Addressables primary-key path / Assets/Tracks folder,,,,structure-found-instance-relation-unresolved,"IL2CPP Chapter/ChapterSongInfo/ChapterSongItem types expose chapterCode, songs and songsId; no serialized instance values or Track→Chapter foreign-key record was recovered",Assets/Tracks/明鏡烈火.MUEvsRekuMochizuki.0/Illustration.jpg,Assets/Tracks/明鏡烈火.MUEvsRekuMochizuki.0/music.wav,direct-track-folder-key,IL2CPP LevelInfo.level/difficulty and SongListItem.SetRating/SetRatingWithScore are UI/model candidates; no numeric per-track values recovered,partial-unresolved,,not-found-in-chart-json-or-targeted-metadata,medium,medium,phigros-track-records.csv; phigros-addressables-keys.csv; APK Addressables catalog,True,,structurally-nonempty,Assets/Tracks/明鏡烈火.MUEvsRekuMochizuki.0/Chart_EZ.json,True,,structurally-nonempty,Assets/Tracks/明鏡烈火.MUEvsRekuMochizuki.0/Chart_HD.json,True,,structurally-nonempty,Assets/Tracks/明鏡烈火.MUEvsRekuMochizuki.0/Chart_IN.json,False,,absent,,False,,absent,
Assets/Tracks/星拂云锦featkoi.S9ryne.0/Illustration.jpg,Assets/Tracks/星拂云锦featkoi.S9ryne.0/,星拂云锦featkoi,S9ryne,0,phigros:trackpath=Assets/Tracks/星拂云锦featkoi.S9ryne.0/,Addressables primary-key path / Assets/Tracks folder,,,,structure-found-instance-relation-unresolved,"IL2CPP Chapter/ChapterSongInfo/ChapterSongItem types expose chapterCode, songs and songsId; no serialized instance values or Track→Chapter foreign-key record was recovered",Assets/Tracks/星拂云锦featkoi.S9ryne.0/Illustration.jpg,Assets/Tracks/星拂云锦featkoi.S9ryne.0/music.wav,direct-track-folder-key,IL2CPP LevelInfo.level/difficulty and SongListItem.SetRating/SetRatingWithScore are UI/model candidates; no numeric per-track values recovered,partial-unresolved,,not-found-in-chart-json-or-targeted-metadata,medium,medium,phigros-track-records.csv; phigros-addressables-keys.csv; APK Addressables catalog,True,,structurally-nonempty,Assets/Tracks/星拂云锦featkoi.S9ryne.0/Chart_EZ.json,True,,structurally-nonempty,Assets/Tracks/星拂云锦featkoi.S9ryne.0/Chart_HD.json,True,,structurally-nonempty,Assets/Tracks/星拂云锦featkoi.S9ryne.0/Chart_IN.json,False,,absent,,False,,absent,
Assets/Tracks/暗夜苏醒REANIMATE.Warak.0/Illustration.jpg,Assets/Tracks/暗夜苏醒REANIMATE.Warak.0/,暗夜苏醒REANIMATE,Warak,0,phigros:trackpath=Assets/Tracks/暗夜苏醒REANIMATE.Warak.0/,Addressables primary-key path / Assets/Tracks folder,,,,structure-found-instance-relation-unresolved,"IL2CPP Chapter/ChapterSongInfo/ChapterSongItem types expose chapterCode, songs and songsId; no serialized instance values or Track→Chapter foreign-key record was recovered",Assets/Tracks/暗夜苏醒REANIMATE.Warak.0/Illustration.jpg,Assets/Tracks/暗夜苏醒REANIMATE.Warak.0/music.wav,direct-track-folder-key,IL2CPP LevelInfo.level/difficulty and SongListItem.SetRating/SetRatingWithScore are UI/model candidates; no numeric per-track values recovered,partial-unresolved,,not-found-in-chart-json-or-targeted-metadata,medium,medium,phigros-track-records.csv; phigros-addressables-keys.csv; APK Addressables catalog,True,,structurally-nonempty,Assets/Tracks/暗夜苏醒REANIMATE.Warak.0/Chart_EZ.json,True,,structurally-nonempty,Assets/Tracks/暗夜苏醒REANIMATE.Warak.0/Chart_HD.json,True,,structurally-nonempty,Assets/Tracks/暗夜苏醒REANIMATE.Warak.0/Chart_IN.json,False,,absent,,False,,absent,
Assets/Tracks/最高傑作.PYKAMIA.0/Illustration.jpg,Assets/Tracks/最高傑作.PYKAMIA.0/,最高傑作,PYKAMIA,0,phigros:trackpath=Assets/Tracks/最高傑作.PYKAMIA.0/,Addressables primary-key path / Assets/Tracks folder,,,,structure-found-instance-relation-unresolved,"IL2CPP Chapter/ChapterSongInfo/ChapterSongItem types expose chapterCode, songs and songsId; no serialized instance values or Track→Chapter foreign-key record was recovered",Assets/Tracks/最高傑作.PYKAMIA.0/Illustration.jpg,Assets/Tracks/最高傑作.PYKAMIA.0/music.wav,direct-track-folder-key,IL2CPP LevelInfo.level/difficulty and SongListItem.SetRating/SetRatingWithScore are UI/model candidates; no numeric per-track values recovered,partial-unresolved,,not-found-in-chart-json-or-targeted-metadata,medium,medium,phigros-track-records.csv; phigros-addressables-keys.csv; APK Addressables catalog,True,,structurally-nonempty,Assets/Tracks/最高傑作.PYKAMIA.0/Chart_EZ.json,True,,structurally-nonempty,Assets/Tracks/最高傑作.PYKAMIA.0/Chart_HD.json,True,,structurally-nonempty,Assets/Tracks/最高傑作.PYKAMIA.0/Chart_IN.json,False,,absent,,False,,absent,
Assets/Tracks/月下缭乱.月見静華vsLUNARiUM.0/Illustration.jpg,Assets/Tracks/月下缭乱.月見静華vsLUNARiUM.0/,月下缭乱,月見静華vsLUNARiUM,0,phigros:trackpath=Assets/Tracks/月下缭乱.月見静華vsLUNARiUM.0/,Addressables primary-key path / Assets/Tracks folder,,,,structure-found-instance-relation-unresolved,"IL2CPP Chapter/ChapterSongInfo/ChapterSongItem types expose chapterCode, songs and songsId; no serialized instance values or Track→Chapter foreign-key record was recovered",Assets/Tracks/月下缭乱.月見静華vsLUNARiUM.0/Illustration.jpg,Assets/Tracks/月下缭乱.月見静華vsLUNARiUM.0/music.wav,direct-track-folder-key,IL2CPP LevelInfo.level/difficulty and SongListItem.SetRating/SetRatingWithScore are UI/model candidates; no numeric per-track values recovered,partial-unresolved,,not-found-in-chart-json-or-targeted-metadata,medium,medium,phigros-track-records.csv; phigros-addressables-keys.csv; APK Addressables catalog,True,,structurally-nonempty,Assets/Tracks/月下缭乱.月見静華vsLUNARiUM.0/Chart_EZ.json,True,,structurally-nonempty,Assets/Tracks/月下缭乱.月見静華vsLUNARiUM.0/Chart_HD.json,True,,structurally-nonempty,Assets/Tracks/月下缭乱.月見静華vsLUNARiUM.0/Chart_IN.json,False,,absent,,False,,absent,
Assets/Tracks/月詠に鳴る.Feryquitousfeat藍月なくる.0/Illustration.jpg,Assets/Tracks/月詠に鳴る.Feryquitousfeat藍月なくる.0/,月詠に鳴る,Feryquitousfeat藍月なくる,0,phigros:trackpath=Assets/Tracks/月詠に鳴る.Feryquitousfeat藍月なくる.0/,Addressables primary-key path / Assets/Tracks folder,,,,structure-found-instance-relation-unresolved,"IL2CPP Chapter/ChapterSongInfo/ChapterSongItem types expose chapterCode, songs and songsId; no serialized instance values or Track→Chapter foreign-key record was recovered",Assets/Tracks/月詠に鳴る.Feryquitousfeat藍月なくる.0/Illustration.jpg,Assets/Tracks/月詠に鳴る.Feryquitousfeat藍月なくる.0/music.wav,direct-track-folder-key,IL2CPP LevelInfo.level/difficulty and SongListItem.SetRating/SetRatingWithScore are UI/model candidates; no numeric per-track values recovered,partial-unresolved,,not-found-in-chart-json-or-targeted-metadata,medium,medium,phigros-track-records.csv; phigros-addressables-keys.csv; APK Addressables catalog,True,,structurally-nonempty,Assets/Tracks/月詠に鳴る.Feryquitousfeat藍月なくる.0/Chart_EZ.json,True,,structurally-nonempty,Assets/Tracks/月詠に鳴る.Feryquitousfeat藍月なくる.0/Chart_HD.json,True,,structurally-nonempty,Assets/Tracks/月詠に鳴る.Feryquitousfeat藍月なくる.0/Chart_IN.json,True,,structurally-nonempty,Assets/Tracks/月詠に鳴る.Feryquitousfeat藍月なくる.0/Chart_AT.json,False,,absent,
Assets/Tracks/望影の方舟Six.SeURa.0/Illustration.jpg,Assets/Tracks/望影の方舟Six.SeURa.0/,望影の方舟Six,SeURa,0,phigros:trackpath=Assets/Tracks/望影の方舟Six.SeURa.0/,Addressables primary-key path / Assets/Tracks folder,,,,structure-found-instance-relation-unresolved,"IL2CPP Chapter/ChapterSongInfo/ChapterSongItem types expose chapterCode, songs and songsId; no serialized instance values or Track→Chapter foreign-key record was recovered",Assets/Tracks/望影の方舟Six.SeURa.0/Illustration.jpg,Assets/Tracks/望影の方舟Six.SeURa.0/music.wav,direct-track-folder-key,IL2CPP LevelInfo.level/difficulty and SongListItem.SetRating/SetRatingWithScore are UI/model candidates; no numeric per-track values recovered,partial-unresolved,,not-found-in-chart-json-or-targeted-metadata,medium,medium,phigros-track-records.csv; phigros-addressables-keys.csv; APK Addressables catalog,True,,structurally-nonempty,Assets/Tracks/望影の方舟Six.SeURa.0/Chart_EZ.json,True,,structurally-nonempty,Assets/Tracks/望影の方舟Six.SeURa.0/Chart_HD.json,True,,structurally-nonempty,Assets/Tracks/望影の方舟Six.SeURa.0/Chart_IN.json,False,,absent,,False,,absent,
Assets/Tracks/桜樹街道.kozatosnow.0/Illustration.jpg,Assets/Tracks/桜樹街道.kozatosnow.0/,桜樹街道,kozatosnow,0,phigros:trackpath=Assets/Tracks/桜樹街道.kozatosnow.0/,Addressables primary-key path / Assets/Tracks folder,,,,structure-found-instance-relation-unresolved,"IL2CPP Chapter/ChapterSongInfo/ChapterSongItem types expose chapterCode, songs and songsId; no serialized instance values or Track→Chapter foreign-key record was recovered",Assets/Tracks/桜樹街道.kozatosnow.0/Illustration.jpg,Assets/Tracks/桜樹街道.kozatosnow.0/music.wav,direct-track-folder-key,IL2CPP LevelInfo.level/difficulty and SongListItem.SetRating/SetRatingWithScore are UI/model candidates; no numeric per-track values recovered,partial-unresolved,,not-found-in-chart-json-or-targeted-metadata,medium,medium,phigros-track-records.csv; phigros-addressables-keys.csv; APK Addressables catalog,True,,structurally-nonempty,Assets/Tracks/桜樹街道.kozatosnow.0/Chart_EZ.json,True,,structurally-nonempty,Assets/Tracks/桜樹街道.kozatosnow.0/Chart_HD.json,True,,structurally-nonempty,Assets/Tracks/桜樹街道.kozatosnow.0/Chart_IN.json,False,,absent,,False,,absent,
Assets/Tracks/混乱Confusion.OnlyMyBlackScore.0/Illustration.jpg,Assets/Tracks/混乱Confusion.OnlyMyBlackScore.0/,混乱Confusion,OnlyMyBlackScore,0,phigros:trackpath=Assets/Tracks/混乱Confusion.OnlyMyBlackScore.0/,Addressables primary-key path / Assets/Tracks folder,,,,structure-found-instance-relation-unresolved,"IL2CPP Chapter/ChapterSongInfo/ChapterSongItem types expose chapterCode, songs and songsId; no serialized instance values or Track→Chapter foreign-key record was recovered",Assets/Tracks/混乱Confusion.OnlyMyBlackScore.0/Illustration.jpg,Assets/Tracks/混乱Confusion.OnlyMyBlackScore.0/music.wav,direct-track-folder-key,IL2CPP LevelInfo.level/difficulty and SongListItem.SetRating/SetRatingWithScore are UI/model candidates; no numeric per-track values recovered,partial-unresolved,,not-found-in-chart-json-or-targeted-metadata,medium,medium,phigros-track-records.csv; phigros-addressables-keys.csv; APK Addressables catalog,True,,structurally-nonempty,Assets/Tracks/混乱Confusion.OnlyMyBlackScore.0/Chart_EZ.json,True,,structurally-nonempty,Assets/Tracks/混乱Confusion.OnlyMyBlackScore.0/Chart_HD.json,True,,structurally-nonempty,Assets/Tracks/混乱Confusion.OnlyMyBlackScore.0/Chart_IN.json,False,,absent,,False,,absent,
Assets/Tracks/游园地.椒盐菠萝.0/Illustration.jpg,Assets/Tracks/游园地.椒盐菠萝.0/,游园地,椒盐菠萝,0,phigros:trackpath=Assets/Tracks/游园地.椒盐菠萝.0/,Addressables primary-key path / Assets/Tracks folder,,,,structure-found-instance-relation-unresolved,"IL2CPP Chapter/ChapterSongInfo/ChapterSongItem types expose chapterCode, songs and songsId; no serialized instance values or Track→Chapter foreign-key record was recovered",Assets/Tracks/游园地.椒盐菠萝.0/Illustration.jpg,Assets/Tracks/游园地.椒盐菠萝.0/music.wav,direct-track-folder-key,IL2CPP LevelInfo.level/difficulty and SongListItem.SetRating/SetRatingWithScore are UI/model candidates; no numeric per-track values recovered,partial-unresolved,,not-found-in-chart-json-or-targeted-metadata,medium,medium,phigros-track-records.csv; phigros-addressables-keys.csv; APK Addressables catalog,True,,structurally-nonempty,Assets/Tracks/游园地.椒盐菠萝.0/Chart_EZ.json,True,,structurally-nonempty,Assets/Tracks/游园地.椒盐菠萝.0/Chart_HD.json,True,,structurally-nonempty,Assets/Tracks/游园地.椒盐菠萝.0/Chart_IN.json,False,,absent,,False,,absent,
Assets/Tracks/狂喜蘭舞.LeaF.0/Illustration.jpg,Assets/Tracks/狂喜蘭舞.LeaF.0/,狂喜蘭舞,LeaF,0,phigros:trackpath=Assets/Tracks/狂喜蘭舞.LeaF.0/,Addressables primary-key path / Assets/Tracks folder,,,,structure-found-instance-relation-unresolved,"IL2CPP Chapter/ChapterSongInfo/ChapterSongItem types expose chapterCode, songs and songsId; no serialized instance values or Track→Chapter foreign-key record was recovered",Assets/Tracks/狂喜蘭舞.LeaF.0/Illustration.jpg,Assets/Tracks/狂喜蘭舞.LeaF.0/music.wav,direct-track-folder-key,IL2CPP LevelInfo.level/difficulty and SongListItem.SetRating/SetRatingWithScore are UI/model candidates; no numeric per-track values recovered,partial-unresolved,,not-found-in-chart-json-or-targeted-metadata,medium,medium,phigros-track-records.csv; phigros-addressables-keys.csv; APK Addressables catalog,True,,structurally-nonempty,Assets/Tracks/狂喜蘭舞.LeaF.0/Chart_EZ.json,True,,structurally-nonempty,Assets/Tracks/狂喜蘭舞.LeaF.0/Chart_HD.json,True,,structurally-nonempty,Assets/Tracks/狂喜蘭舞.LeaF.0/Chart_IN.json,True,,structurally-nonempty,Assets/Tracks/狂喜蘭舞.LeaF.0/Chart_AT.json,False,,absent,
Assets/Tracks/玩具狂奏曲終焉.きくお.0/Illustration.jpg,Assets/Tracks/玩具狂奏曲終焉.きくお.0/,玩具狂奏曲終焉,きくお,0,phigros:trackpath=Assets/Tracks/玩具狂奏曲終焉.きくお.0/,Addressables primary-key path / Assets/Tracks folder,,,,structure-found-instance-relation-unresolved,"IL2CPP Chapter/ChapterSongInfo/ChapterSongItem types expose chapterCode, songs and songsId; no serialized instance values or Track→Chapter foreign-key record was recovered",Assets/Tracks/玩具狂奏曲終焉.きくお.0/Illustration.jpg,Assets/Tracks/玩具狂奏曲終焉.きくお.0/music.wav,direct-track-folder-key,IL2CPP LevelInfo.level/difficulty and SongListItem.SetRating/SetRatingWithScore are UI/model candidates; no numeric per-track values recovered,partial-unresolved,,not-found-in-chart-json-or-targeted-metadata,medium,medium,phigros-track-records.csv; phigros-addressables-keys.csv; APK Addressables catalog,True,,structurally-nonempty,Assets/Tracks/玩具狂奏曲終焉.きくお.0/Chart_EZ.json,True,,structurally-nonempty,Assets/Tracks/玩具狂奏曲終焉.きくお.0/Chart_HD.json,True,,structurally-nonempty,Assets/Tracks/玩具狂奏曲終焉.きくお.0/Chart_IN.json,True,,structurally-nonempty,Assets/Tracks/玩具狂奏曲終焉.きくお.0/Chart_AT.json,False,,absent,
Assets/Tracks/瓷岁.茶鸣拾贰律.0/Illustration.jpg,Assets/Tracks/瓷岁.茶鸣拾贰律.0/,瓷岁,茶鸣拾贰律,0,phigros:trackpath=Assets/Tracks/瓷岁.茶鸣拾贰律.0/,Addressables primary-key path / Assets/Tracks folder,,,,structure-found-instance-relation-unresolved,"IL2CPP Chapter/ChapterSongInfo/ChapterSongItem types expose chapterCode, songs and songsId; no serialized instance values or Track→Chapter foreign-key record was recovered",Assets/Tracks/瓷岁.茶鸣拾贰律.0/Illustration.jpg,Assets/Tracks/瓷岁.茶鸣拾贰律.0/music.wav,direct-track-folder-key,IL2CPP LevelInfo.level/difficulty and SongListItem.SetRating/SetRatingWithScore are UI/model candidates; no numeric per-track values recovered,partial-unresolved,,not-found-in-chart-json-or-targeted-metadata,medium,medium,phigros-track-records.csv; phigros-addressables-keys.csv; APK Addressables catalog,True,,structurally-nonempty,Assets/Tracks/瓷岁.茶鸣拾贰律.0/Chart_EZ.json,True,,structurally-nonempty,Assets/Tracks/瓷岁.茶鸣拾贰律.0/Chart_HD.json,True,,structurally-nonempty,Assets/Tracks/瓷岁.茶鸣拾贰律.0/Chart_IN.json,False,,absent,,False,,absent,
Assets/Tracks/白と黒のバケモノ.テヅカ.0/Illustration.jpg,Assets/Tracks/白と黒のバケモノ.テヅカ.0/,白と黒のバケモノ,テヅカ,0,phigros:trackpath=Assets/Tracks/白と黒のバケモノ.テヅカ.0/,Addressables primary-key path / Assets/Tracks folder,,,,structure-found-instance-relation-unresolved,"IL2CPP Chapter/ChapterSongInfo/ChapterSongItem types expose chapterCode, songs and songsId; no serialized instance values or Track→Chapter foreign-key record was recovered",Assets/Tracks/白と黒のバケモノ.テヅカ.0/Illustration.jpg,Assets/Tracks/白と黒のバケモノ.テヅカ.0/music.wav,direct-track-folder-key,IL2CPP LevelInfo.level/difficulty and SongListItem.SetRating/SetRatingWithScore are UI/model candidates; no numeric per-track values recovered,partial-unresolved,,not-found-in-chart-json-or-targeted-metadata,medium,medium,phigros-track-records.csv; phigros-addressables-keys.csv; APK Addressables catalog,True,,structurally-nonempty,Assets/Tracks/白と黒のバケモノ.テヅカ.0/Chart_EZ.json,True,,structurally-nonempty,Assets/Tracks/白と黒のバケモノ.テヅカ.0/Chart_HD.json,True,,structurally-nonempty,Assets/Tracks/白と黒のバケモノ.テヅカ.0/Chart_IN.json,False,,absent,,False,,absent,
Assets/Tracks/百鬼夜行.SaladSavior.0/Illustration.jpg,Assets/Tracks/百鬼夜行.SaladSavior.0/,百鬼夜行,SaladSavior,0,phigros:trackpath=Assets/Tracks/百鬼夜行.SaladSavior.0/,Addressables primary-key path / Assets/Tracks folder,,,,structure-found-instance-relation-unresolved,"IL2CPP Chapter/ChapterSongInfo/ChapterSongItem types expose chapterCode, songs and songsId; no serialized instance values or Track→Chapter foreign-key record was recovered",Assets/Tracks/百鬼夜行.SaladSavior.0/Illustration.jpg,Assets/Tracks/百鬼夜行.SaladSavior.0/music.wav,direct-track-folder-key,IL2CPP LevelInfo.level/difficulty and SongListItem.SetRating/SetRatingWithScore are UI/model candidates; no numeric per-track values recovered,partial-unresolved,,not-found-in-chart-json-or-targeted-metadata,medium,medium,phigros-track-records.csv; phigros-addressables-keys.csv; APK Addressables catalog,True,,structurally-nonempty,Assets/Tracks/百鬼夜行.SaladSavior.0/Chart_EZ.json,True,,structurally-nonempty,Assets/Tracks/百鬼夜行.SaladSavior.0/Chart_HD.json,True,,structurally-nonempty,Assets/Tracks/百鬼夜行.SaladSavior.0/Chart_IN.json,False,,absent,,False,,absent,
Assets/Tracks/盏茗.茶鸣拾贰律.0/Illustration.jpg,Assets/Tracks/盏茗.茶鸣拾贰律.0/,盏茗,茶鸣拾贰律,0,phigros:trackpath=Assets/Tracks/盏茗.茶鸣拾贰律.0/,Addressables primary-key path / Assets/Tracks folder,,,,structure-found-instance-relation-unresolved,"IL2CPP Chapter/ChapterSongInfo/ChapterSongItem types expose chapterCode, songs and songsId; no serialized instance values or Track→Chapter foreign-key record was recovered",Assets/Tracks/盏茗.茶鸣拾贰律.0/Illustration.jpg,Assets/Tracks/盏茗.茶鸣拾贰律.0/music.wav,direct-track-folder-key,IL2CPP LevelInfo.level/difficulty and SongListItem.SetRating/SetRatingWithScore are UI/model candidates; no numeric per-track values recovered,partial-unresolved,,not-found-in-chart-json-or-targeted-metadata,medium,medium,phigros-track-records.csv; phigros-addressables-keys.csv; APK Addressables catalog,True,,structurally-nonempty,Assets/Tracks/盏茗.茶鸣拾贰律.0/Chart_EZ.json,True,,structurally-nonempty,Assets/Tracks/盏茗.茶鸣拾贰律.0/Chart_HD.json,True,,structurally-nonempty,Assets/Tracks/盏茗.茶鸣拾贰律.0/Chart_IN.json,False,,absent,,False,,absent,
Assets/Tracks/祈-我ら神祖と共に歩む者なり-.光吉猛修VS穴山大輔VSKaiVS水野健治VS大国奏音.0/Illustration.jpg,Assets/Tracks/祈-我ら神祖と共に歩む者なり-.光吉猛修VS穴山大輔VSKaiVS水野健治VS大国奏音.0/,祈-我ら神祖と共に歩む者なり-,光吉猛修VS穴山大輔VSKaiVS水野健治VS大国奏音,0,phigros:trackpath=Assets/Tracks/祈-我ら神祖と共に歩む者なり-.光吉猛修VS穴山大輔VSKaiVS水野健治VS大国奏音.0/,Addressables primary-key path / Assets/Tracks folder,,,,structure-found-instance-relation-unresolved,"IL2CPP Chapter/ChapterSongInfo/ChapterSongItem types expose chapterCode, songs and songsId; no serialized instance values or Track→Chapter foreign-key record was recovered",Assets/Tracks/祈-我ら神祖と共に歩む者なり-.光吉猛修VS穴山大輔VSKaiVS水野健治VS大国奏音.0/Illustration.jpg,Assets/Tracks/祈-我ら神祖と共に歩む者なり-.光吉猛修VS穴山大輔VSKaiVS水野健治VS大国奏音.0/music.wav,direct-track-folder-key,IL2CPP LevelInfo.level/difficulty and SongListItem.SetRating/SetRatingWithScore are UI/model candidates; no numeric per-track values recovered,partial-unresolved,,not-found-in-chart-json-or-targeted-metadata,medium,medium,phigros-track-records.csv; phigros-addressables-keys.csv; APK Addressables catalog,True,,structurally-nonempty,Assets/Tracks/祈-我ら神祖と共に歩む者なり-.光吉猛修VS穴山大輔VSKaiVS水野健治VS大国奏音.0/Chart_EZ.json,True,,structurally-nonempty,Assets/Tracks/祈-我ら神祖と共に歩む者なり-.光吉猛修VS穴山大輔VSKaiVS水野健治VS大国奏音.0/Chart_HD.json,True,,structurally-nonempty,Assets/Tracks/祈-我ら神祖と共に歩む者なり-.光吉猛修VS穴山大輔VSKaiVS水野健治VS大国奏音.0/Chart_IN.json,True,,structurally-nonempty,Assets/Tracks/祈-我ら神祖と共に歩む者なり-.光吉猛修VS穴山大輔VSKaiVS水野健治VS大国奏音.0/Chart_AT.json,False,,absent,
Assets/Tracks/神話.PicaM2U.0/Illustration.jpg,Assets/Tracks/神話.PicaM2U.0/,神話,PicaM2U,0,phigros:trackpath=Assets/Tracks/神話.PicaM2U.0/,Addressables primary-key path / Assets/Tracks folder,,,,structure-found-instance-relation-unresolved,"IL2CPP Chapter/ChapterSongInfo/ChapterSongItem types expose chapterCode, songs and songsId; no serialized instance values or Track→Chapter foreign-key record was recovered",Assets/Tracks/神話.PicaM2U.0/Illustration.jpg,Assets/Tracks/神話.PicaM2U.0/music.wav,direct-track-folder-key,IL2CPP LevelInfo.level/difficulty and SongListItem.SetRating/SetRatingWithScore are UI/model candidates; no numeric per-track values recovered,partial-unresolved,,not-found-in-chart-json-or-targeted-metadata,medium,medium,phigros-track-records.csv; phigros-addressables-keys.csv; APK Addressables catalog,True,,structurally-nonempty,Assets/Tracks/神話.PicaM2U.0/Chart_EZ.json,True,,structurally-nonempty,Assets/Tracks/神話.PicaM2U.0/Chart_HD.json,True,,structurally-nonempty,Assets/Tracks/神話.PicaM2U.0/Chart_IN.json,False,,absent,,False,,absent,
Assets/Tracks/聖夜讃歌.A39沙包P.0/Illustration.jpg,Assets/Tracks/聖夜讃歌.A39沙包P.0/,聖夜讃歌,A39沙包P,0,phigros:trackpath=Assets/Tracks/聖夜讃歌.A39沙包P.0/,Addressables primary-key path / Assets/Tracks folder,,,,structure-found-instance-relation-unresolved,"IL2CPP Chapter/ChapterSongInfo/ChapterSongItem types expose chapterCode, songs and songsId; no serialized instance values or Track→Chapter foreign-key record was recovered",Assets/Tracks/聖夜讃歌.A39沙包P.0/Illustration.jpg,Assets/Tracks/聖夜讃歌.A39沙包P.0/music.wav,direct-track-folder-key,IL2CPP LevelInfo.level/difficulty and SongListItem.SetRating/SetRatingWithScore are UI/model candidates; no numeric per-track values recovered,partial-unresolved,,not-found-in-chart-json-or-targeted-metadata,medium,medium,phigros-track-records.csv; phigros-addressables-keys.csv; APK Addressables catalog,True,,structurally-nonempty,Assets/Tracks/聖夜讃歌.A39沙包P.0/Chart_EZ.json,True,,structurally-nonempty,Assets/Tracks/聖夜讃歌.A39沙包P.0/Chart_HD.json,True,,structurally-nonempty,Assets/Tracks/聖夜讃歌.A39沙包P.0/Chart_IN.json,False,,absent,,False,,absent,
Assets/Tracks/華灯爱.闫东炜.0/Illustration.jpg,Assets/Tracks/華灯爱.闫东炜.0/,華灯爱,闫东炜,0,phigros:trackpath=Assets/Tracks/華灯爱.闫东炜.0/,Addressables primary-key path / Assets/Tracks folder,,,,structure-found-instance-relation-unresolved,"IL2CPP Chapter/ChapterSongInfo/ChapterSongItem types expose chapterCode, songs and songsId; no serialized instance values or Track→Chapter foreign-key record was recovered",Assets/Tracks/華灯爱.闫东炜.0/Illustration.jpg,Assets/Tracks/華灯爱.闫东炜.0/music.wav,direct-track-folder-key,IL2CPP LevelInfo.level/difficulty and SongListItem.SetRating/SetRatingWithScore are UI/model candidates; no numeric per-track values recovered,partial-unresolved,,not-found-in-chart-json-or-targeted-metadata,medium,medium,phigros-track-records.csv; phigros-addressables-keys.csv; APK Addressables catalog,True,,structurally-nonempty,Assets/Tracks/華灯爱.闫东炜.0/Chart_EZ.json,True,,structurally-nonempty,Assets/Tracks/華灯爱.闫东炜.0/Chart_HD.json,True,,structurally-nonempty,Assets/Tracks/華灯爱.闫东炜.0/Chart_IN.json,False,,absent,,False,,absent,
Assets/Tracks/萤火虫の怨.闫东炜.0/Illustration.jpg,Assets/Tracks/萤火虫の怨.闫东炜.0/,萤火虫の怨,闫东炜,0,phigros:trackpath=Assets/Tracks/萤火虫の怨.闫东炜.0/,Addressables primary-key path / Assets/Tracks folder,,,,structure-found-instance-relation-unresolved,"IL2CPP Chapter/ChapterSongInfo/ChapterSongItem types expose chapterCode, songs and songsId; no serialized instance values or Track→Chapter foreign-key record was recovered",Assets/Tracks/萤火虫の怨.闫东炜.0/Illustration.jpg,Assets/Tracks/萤火虫の怨.闫东炜.0/music.wav,direct-track-folder-key,IL2CPP LevelInfo.level/difficulty and SongListItem.SetRating/SetRatingWithScore are UI/model candidates; no numeric per-track values recovered,partial-unresolved,,not-found-in-chart-json-or-targeted-metadata,medium,medium,phigros-track-records.csv; phigros-addressables-keys.csv; APK Addressables catalog,True,,structurally-nonempty,Assets/Tracks/萤火虫の怨.闫东炜.0/Chart_EZ.json,True,,structurally-nonempty,Assets/Tracks/萤火虫の怨.闫东炜.0/Chart_HD.json,True,,structurally-nonempty,Assets/Tracks/萤火虫の怨.闫东炜.0/Chart_IN.json,False,,absent,,False,,absent,
Assets/Tracks/蝎虎天体Lacertid.CreamvsDaily天利.0/Illustration.jpg,Assets/Tracks/蝎虎天体Lacertid.CreamvsDaily天利.0/,蝎虎天体Lacertid,CreamvsDaily天利,0,phigros:trackpath=Assets/Tracks/蝎虎天体Lacertid.CreamvsDaily天利.0/,Addressables primary-key path / Assets/Tracks folder,,,,structure-found-instance-relation-unresolved,"IL2CPP Chapter/ChapterSongInfo/ChapterSongItem types expose chapterCode, songs and songsId; no serialized instance values or Track→Chapter foreign-key record was recovered",Assets/Tracks/蝎虎天体Lacertid.CreamvsDaily天利.0/Illustration.jpg,Assets/Tracks/蝎虎天体Lacertid.CreamvsDaily天利.0/music.wav,direct-track-folder-key,IL2CPP LevelInfo.level/difficulty and SongListItem.SetRating/SetRatingWithScore are UI/model candidates; no numeric per-track values recovered,partial-unresolved,,not-found-in-chart-json-or-targeted-metadata,medium,medium,phigros-track-records.csv; phigros-addressables-keys.csv; APK Addressables catalog,True,,structurally-nonempty,Assets/Tracks/蝎虎天体Lacertid.CreamvsDaily天利.0/Chart_EZ.json,True,,structurally-nonempty,Assets/Tracks/蝎虎天体Lacertid.CreamvsDaily天利.0/Chart_HD.json,True,,structurally-nonempty,Assets/Tracks/蝎虎天体Lacertid.CreamvsDaily天利.0/Chart_IN.json,False,,absent,,False,,absent,
Assets/Tracks/贝多芬祝福BeethovenBlessing.Nauts.0/Illustration.jpg,Assets/Tracks/贝多芬祝福BeethovenBlessing.Nauts.0/,贝多芬祝福BeethovenBlessing,Nauts,0,phigros:trackpath=Assets/Tracks/贝多芬祝福BeethovenBlessing.Nauts.0/,Addressables primary-key path / Assets/Tracks folder,,,,structure-found-instance-relation-unresolved,"IL2CPP Chapter/ChapterSongInfo/ChapterSongItem types expose chapterCode, songs and songsId; no serialized instance values or Track→Chapter foreign-key record was recovered",Assets/Tracks/贝多芬祝福BeethovenBlessing.Nauts.0/Illustration.jpg,Assets/Tracks/贝多芬祝福BeethovenBlessing.Nauts.0/music.wav,direct-track-folder-key,IL2CPP LevelInfo.level/difficulty and SongListItem.SetRating/SetRatingWithScore are UI/model candidates; no numeric per-track values recovered,partial-unresolved,,not-found-in-chart-json-or-targeted-metadata,medium,medium,phigros-track-records.csv; phigros-addressables-keys.csv; APK Addressables catalog,True,,structurally-nonempty,Assets/Tracks/贝多芬祝福BeethovenBlessing.Nauts.0/Chart_EZ.json,True,,structurally-nonempty,Assets/Tracks/贝多芬祝福BeethovenBlessing.Nauts.0/Chart_HD.json,True,,structurally-nonempty,Assets/Tracks/贝多芬祝福BeethovenBlessing.Nauts.0/Chart_IN.json,False,,absent,,False,,absent,
Assets/Tracks/重生.姜米條.0/Illustration.jpg,Assets/Tracks/重生.姜米條.0/,重生,姜米條,0,phigros:trackpath=Assets/Tracks/重生.姜米條.0/,Addressables primary-key path / Assets/Tracks folder,,,,structure-found-instance-relation-unresolved,"IL2CPP Chapter/ChapterSongInfo/ChapterSongItem types expose chapterCode, songs and songsId; no serialized instance values or Track→Chapter foreign-key record was recovered",Assets/Tracks/重生.姜米條.0/Illustration.jpg,Assets/Tracks/重生.姜米條.0/music.wav,direct-track-folder-key,IL2CPP LevelInfo.level/difficulty and SongListItem.SetRating/SetRatingWithScore are UI/model candidates; no numeric per-track values recovered,partial-unresolved,,not-found-in-chart-json-or-targeted-metadata,medium,medium,phigros-track-records.csv; phigros-addressables-keys.csv; APK Addressables catalog,True,,structurally-nonempty,Assets/Tracks/重生.姜米條.0/Chart_EZ.json,True,,structurally-nonempty,Assets/Tracks/重生.姜米條.0/Chart_HD.json,True,,structurally-nonempty,Assets/Tracks/重生.姜米條.0/Chart_IN.json,False,,absent,,False,,absent,
Assets/Tracks/雪降りメリクリ.A39.0/Illustration.jpg,Assets/Tracks/雪降りメリクリ.A39.0/,雪降りメリクリ,A39,0,phigros:trackpath=Assets/Tracks/雪降りメリクリ.A39.0/,Addressables primary-key path / Assets/Tracks folder,,,,structure-found-instance-relation-unresolved,"IL2CPP Chapter/ChapterSongInfo/ChapterSongItem types expose chapterCode, songs and songsId; no serialized instance values or Track→Chapter foreign-key record was recovered",Assets/Tracks/雪降りメリクリ.A39.0/Illustration.jpg,Assets/Tracks/雪降りメリクリ.A39.0/music.wav,direct-track-folder-key,IL2CPP LevelInfo.level/difficulty and SongListItem.SetRating/SetRatingWithScore are UI/model candidates; no numeric per-track values recovered,partial-unresolved,,not-found-in-chart-json-or-targeted-metadata,medium,medium,phigros-track-records.csv; phigros-addressables-keys.csv; APK Addressables catalog,True,,structurally-nonempty,Assets/Tracks/雪降りメリクリ.A39.0/Chart_EZ.json,True,,structurally-nonempty,Assets/Tracks/雪降りメリクリ.A39.0/Chart_HD.json,True,,structurally-nonempty,Assets/Tracks/雪降りメリクリ.A39.0/Chart_IN.json,False,,absent,,False,,absent,
Assets/Tracks/雪降り雪が降っている.AiSSw夜輪ft結月ゆかり.0/Illustration.jpg,Assets/Tracks/雪降り雪が降っている.AiSSw夜輪ft結月ゆかり.0/,雪降り雪が降っている,AiSSw夜輪ft結月ゆかり,0,phigros:trackpath=Assets/Tracks/雪降り雪が降っている.AiSSw夜輪ft結月ゆかり.0/,Addressables primary-key path / Assets/Tracks folder,,,,structure-found-instance-relation-unresolved,"IL2CPP Chapter/ChapterSongInfo/ChapterSongItem types expose chapterCode, songs and songsId; no serialized instance values or Track→Chapter foreign-key record was recovered",Assets/Tracks/雪降り雪が降っている.AiSSw夜輪ft結月ゆかり.0/Illustration.jpg,Assets/Tracks/雪降り雪が降っている.AiSSw夜輪ft結月ゆかり.0/music.wav,direct-track-folder-key,IL2CPP LevelInfo.level/difficulty and SongListItem.SetRating/SetRatingWithScore are UI/model candidates; no numeric per-track values recovered,partial-unresolved,,not-found-in-chart-json-or-targeted-metadata,medium,medium,phigros-track-records.csv; phigros-addressables-keys.csv; APK Addressables catalog,True,,structurally-nonempty,Assets/Tracks/雪降り雪が降っている.AiSSw夜輪ft結月ゆかり.0/Chart_EZ.json,True,,structurally-nonempty,Assets/Tracks/雪降り雪が降っている.AiSSw夜輪ft結月ゆかり.0/Chart_HD.json,True,,structurally-nonempty,Assets/Tracks/雪降り雪が降っている.AiSSw夜輪ft結月ゆかり.0/Chart_IN.json,True,,structurally-nonempty,Assets/Tracks/雪降り雪が降っている.AiSSw夜輪ft結月ゆかり.0/Chart_AT.json,False,,absent,
Assets/Tracks/零號車輛.seatrus.0/Illustration.jpg,Assets/Tracks/零號車輛.seatrus.0/,零號車輛,seatrus,0,phigros:trackpath=Assets/Tracks/零號車輛.seatrus.0/,Addressables primary-key path / Assets/Tracks folder,,,,structure-found-instance-relation-unresolved,"IL2CPP Chapter/ChapterSongInfo/ChapterSongItem types expose chapterCode, songs and songsId; no serialized instance values or Track→Chapter foreign-key record was recovered",Assets/Tracks/零號車輛.seatrus.0/Illustration.jpg,Assets/Tracks/零號車輛.seatrus.0/music.wav,direct-track-folder-key,IL2CPP LevelInfo.level/difficulty and SongListItem.SetRating/SetRatingWithScore are UI/model candidates; no numeric per-track values recovered,partial-unresolved,,not-found-in-chart-json-or-targeted-metadata,medium,medium,phigros-track-records.csv; phigros-addressables-keys.csv; APK Addressables catalog,True,,structurally-nonempty,Assets/Tracks/零號車輛.seatrus.0/Chart_EZ.json,True,,structurally-nonempty,Assets/Tracks/零號車輛.seatrus.0/Chart_HD.json,True,,structurally-nonempty,Assets/Tracks/零號車輛.seatrus.0/Chart_IN.json,False,,absent,,False,,absent,
Assets/Tracks/青丘.BLACK0.0/Illustration.jpg,Assets/Tracks/青丘.BLACK0.0/,青丘,BLACK0,0,phigros:trackpath=Assets/Tracks/青丘.BLACK0.0/,Addressables primary-key path / Assets/Tracks folder,,,,structure-found-instance-relation-unresolved,"IL2CPP Chapter/ChapterSongInfo/ChapterSongItem types expose chapterCode, songs and songsId; no serialized instance values or Track→Chapter foreign-key record was recovered",Assets/Tracks/青丘.BLACK0.0/Illustration.jpg,Assets/Tracks/青丘.BLACK0.0/music.wav,direct-track-folder-key,IL2CPP LevelInfo.level/difficulty and SongListItem.SetRating/SetRatingWithScore are UI/model candidates; no numeric per-track values recovered,partial-unresolved,,not-found-in-chart-json-or-targeted-metadata,medium,medium,phigros-track-records.csv; phigros-addressables-keys.csv; APK Addressables catalog,True,,structurally-nonempty,Assets/Tracks/青丘.BLACK0.0/Chart_EZ.json,True,,structurally-nonempty,Assets/Tracks/青丘.BLACK0.0/Chart_HD.json,True,,structurally-nonempty,Assets/Tracks/青丘.BLACK0.0/Chart_IN.json,False,,absent,,False,,absent,
Assets/Tracks/青芽.茶鸣拾贰律.0/Illustration.jpg,Assets/Tracks/青芽.茶鸣拾贰律.0/,青芽,茶鸣拾贰律,0,phigros:trackpath=Assets/Tracks/青芽.茶鸣拾贰律.0/,Addressables primary-key path / Assets/Tracks folder,,,,structure-found-instance-relation-unresolved,"IL2CPP Chapter/ChapterSongInfo/ChapterSongItem types expose chapterCode, songs and songsId; no serialized instance values or Track→Chapter foreign-key record was recovered",Assets/Tracks/青芽.茶鸣拾贰律.0/Illustration.jpg,Assets/Tracks/青芽.茶鸣拾贰律.0/music.wav,direct-track-folder-key,IL2CPP LevelInfo.level/difficulty and SongListItem.SetRating/SetRatingWithScore are UI/model candidates; no numeric per-track values recovered,partial-unresolved,,not-found-in-chart-json-or-targeted-metadata,medium,medium,phigros-track-records.csv; phigros-addressables-keys.csv; APK Addressables catalog,True,,structurally-nonempty,Assets/Tracks/青芽.茶鸣拾贰律.0/Chart_EZ.json,True,,structurally-nonempty,Assets/Tracks/青芽.茶鸣拾贰律.0/Chart_HD.json,True,,structurally-nonempty,Assets/Tracks/青芽.茶鸣拾贰律.0/Chart_IN.json,False,,absent,,False,,absent,
Assets/Tracks/风屿.闫东炜.0/Illustration.jpg,Assets/Tracks/风屿.闫东炜.0/,风屿,闫东炜,0,phigros:trackpath=Assets/Tracks/风屿.闫东炜.0/,Addressables primary-key path / Assets/Tracks folder,,,,structure-found-instance-relation-unresolved,"IL2CPP Chapter/ChapterSongInfo/ChapterSongItem types expose chapterCode, songs and songsId; no serialized instance values or Track→Chapter foreign-key record was recovered",Assets/Tracks/风屿.闫东炜.0/Illustration.jpg,Assets/Tracks/风屿.闫东炜.0/music.wav,direct-track-folder-key,IL2CPP LevelInfo.level/difficulty and SongListItem.SetRating/SetRatingWithScore are UI/model candidates; no numeric per-track values recovered,partial-unresolved,,not-found-in-chart-json-or-targeted-metadata,medium,medium,phigros-track-records.csv; phigros-addressables-keys.csv; APK Addressables catalog,True,,structurally-nonempty,Assets/Tracks/风屿.闫东炜.0/Chart_EZ.json,True,,structurally-nonempty,Assets/Tracks/风屿.闫东炜.0/Chart_HD.json,True,,structurally-nonempty,Assets/Tracks/风屿.闫东炜.0/Chart_IN.json,True,,structurally-nonempty,Assets/Tracks/风屿.闫东炜.0/Chart_AT.json,False,,absent,
Assets/Tracks/黄金之城GOLDTOWN.Memme.0/Illustration.jpg,Assets/Tracks/黄金之城GOLDTOWN.Memme.0/,黄金之城GOLDTOWN,Memme,0,phigros:trackpath=Assets/Tracks/黄金之城GOLDTOWN.Memme.0/,Addressables primary-key path / Assets/Tracks folder,,,,structure-found-instance-relation-unresolved,"IL2CPP Chapter/ChapterSongInfo/ChapterSongItem types expose chapterCode, songs and songsId; no serialized instance values or Track→Chapter foreign-key record was recovered",Assets/Tracks/黄金之城GOLDTOWN.Memme.0/Illustration.jpg,Assets/Tracks/黄金之城GOLDTOWN.Memme.0/music.wav,direct-track-folder-key,IL2CPP LevelInfo.level/difficulty and SongListItem.SetRating/SetRatingWithScore are UI/model candidates; no numeric per-track values recovered,partial-unresolved,,not-found-in-chart-json-or-targeted-metadata,medium,medium,phigros-track-records.csv; phigros-addressables-keys.csv; APK Addressables catalog,True,,structurally-nonempty,Assets/Tracks/黄金之城GOLDTOWN.Memme.0/Chart_EZ.json,True,,structurally-nonempty,Assets/Tracks/黄金之城GOLDTOWN.Memme.0/Chart_HD.json,True,,structurally-nonempty,Assets/Tracks/黄金之城GOLDTOWN.Memme.0/Chart_IN.json,False,,absent,,False,,absent,
