sourcePath,sourceFile,unityVersion,pathId,name,difficulty,errorVariant,catalogKeys,formatVersion,offset,judgeLineCount,noteCount,bpms,textBytes,readError
assets/aa/Android/0001488b03e729136338f081478beb81.bundle,0001488b03e729136338f081478beb81.bundle,2022.3.62f2,5563821421291955251,Chart_AT,AT,,Assets/Tracks/Shadow.SumaiLightvs姜米條.0/Chart_AT.json;d6c1e81fbc5c7e64686eeb9abf01b397,3,0.0,12,1089,172.0,1855248,
assets/aa/Android/0082b94e09acadbd32ce9dd7b2e61763.bundle,0082b94e09acadbd32ce9dd7b2e61763.bundle,2022.3.62f2,-979299250861673395,Chart_EZ,EZ,,6596204447edcc245974f947f88a71e7;Assets/Tracks/GOODTEK.EBIMAYO.0/Chart_EZ.json,3,0.0,3,295,190.0,184297,
assets/aa/Android/00b114ad0788ad7402248544ab30f481.bundle,00b114ad0788ad7402248544ab30f481.bundle,2022.3.62f2,8204108737575967690,Chart_EZ,EZ,,Assets/Tracks/EternalSnow.AbyssIdols.0/Chart_EZ.json;d9b9080f46d390240a94fb61a31b7ff2,3,0.0,5,288,140.0,771900,
assets/aa/Android/00c058bcc713038c1a45a9c72737d56a.bundle,00c058bcc713038c1a45a9c72737d56a.bundle,2022.3.62f2,2970907554611076345,Chart_EZ,EZ,,Assets/Tracks/青芽.茶鸣拾贰律.0/Chart_EZ.json;f52178a4741775649a89e5e0fcfa4352,3,0.0,9,366,216.0,1911026,
assets/aa/Android/00c1925eb091b2b3bc55100d15a762c2.bundle,00c1925eb091b2b3bc55100d15a762c2.bundle,2022.3.62f2,1364743199457391037,Chart_HD,HD,,2d8d731f4a96855439aab1729822078b;Assets/Tracks/Verruckt.Raimukun.0/Chart_HD.json,3,0.0,24,621,238.0,3765531,
assets/aa/Android/00e9f0703994eecb92339ac5dfc222a4.bundle,00e9f0703994eecb92339ac5dfc222a4.bundle,2022.3.62f2,-8554319340971485898,Chart_HD,HD,,Assets/Tracks/ComputeItWithSomeDevilishAlcoholicSteampunkEngines.かめりあ.0/Chart_HD.json;cf4395889af2c974e91e229bda6842e6,3,0.0,4,723,165.0,958770,
assets/aa/Android/00f325a7d0c42ede9a8fb39a3642e1f0.bundle,00f325a7d0c42ede9a8fb39a3642e1f0.bundle,2022.3.62f2,4404819055725304927,Chart_IN,IN,,Assets/Tracks/DistortedFate.Sakuzyo.0/Chart_IN.json;eeda408ef5e17c742b70087595efd00d,3,0.0,24,1449,150.0,8548104,
assets/aa/Android/00ff3c028eac5f12408d9db2a3490f7b.bundle,00ff3c028eac5f12408d9db2a3490f7b.bundle,2022.3.62f2,-6060997784349040923,Chart_EZ,EZ,,0e8ba6fc3f7af4db3b850b295317b0c2;Assets/Tracks/SultanRage.MonstDeath.0/Chart_EZ.json,3,0.0,10,159,155.0,65613,
assets/aa/Android/01367117acdca28729565fb4043c0887.bundle,01367117acdca28729565fb4043c0887.bundle,2022.3.62f2,3141604499247673582,Chart_EZ,EZ,,56aebae93c4a2484599bf11eba559cd6;Assets/Tracks/DerSchneid.Ωμεγα.0/Chart_EZ.json,3,0.0,11,457,222.0,2057648,
assets/aa/Android/0144ae9c2af0e9052f2d7321bde0fecf.bundle,0144ae9c2af0e9052f2d7321bde0fecf.bundle,2022.3.62f2,-3786178457727710316,Chart_IN,IN,,0a716f6481f9b4b10a0a12c105c7e9a0;Assets/Tracks/Disorder.HyuNfeatYURI.0/Chart_IN.json,3,0.0,7,918,193.0,534503,
assets/aa/Android/01728f62716ce15a451588f616fa55d4.bundle,01728f62716ce15a451588f616fa55d4.bundle,2022.3.62f2,-3180253021869743581,Chart_EZ,EZ,,Assets/Tracks/PRAGMATISMRESURRECTION.Laur.0/Chart_EZ.json;b14f54cb411e5ee4ea3b025891c3f90d,3,0.0,11,1057,174.0,2210694,
assets/aa/Android/01cfd8129ea5d6c94419f5e1dc0f2ca4.bundle,01cfd8129ea5d6c94419f5e1dc0f2ca4.bundle,2022.3.62f2,-8104877205062008641,Chart_IN,IN,,1780589d8c7f6774abe2c4f97025f925;Assets/Tracks/NOx.Juggernaut.0/Chart_IN.json,3,0.0,24,1150,190.0,6097937,
assets/aa/Android/02cf98dbe24339db17694686847231ca.bundle,02cf98dbe24339db17694686847231ca.bundle,2022.3.62f2,2101361379652793287,Chart_IN,IN,,16729b33934510747a7a7b8254ce9fb0;Assets/Tracks/AphroditesChildshortver.RUQOA.0/Chart_IN.json,3,0.0,23,674,128.0,5339592,
assets/aa/Android/02e7e3473113390a0814cd65505fded5.bundle,02e7e3473113390a0814cd65505fded5.bundle,2022.3.62f2,4696130671461915274,Chart_EZ,EZ,,Assets/Tracks/Luminescence.米虾Fomiki初云CLoudie.0/Chart_EZ.json;d52b8258595fc434cab6489a8be8210b,3,0.0,22,443,184.0,2213171,
assets/aa/Android/02fc8f652f202d1902ef7df861356709.bundle,02fc8f652f202d1902ef7df861356709.bundle,2022.3.62f2,8847916364157420638,Chart_HD,HD,,707d03ac1472a0d4f9bb293f3632d1c0;Assets/Tracks/ABYSSMOTION192333.ariiolTSAR奏Sou.0/Chart_HD.json,3,0.0,8,543,192.333,1598005,
assets/aa/Android/0351e4b1b0de8d0ce1d09f00ec743769.bundle,0351e4b1b0de8d0ce1d09f00ec743769.bundle,2022.3.62f2,-8454095470631472604,Chart_AT,AT,,Assets/Tracks/祈-我ら神祖と共に歩む者なり-.光吉猛修VS穴山大輔VSKaiVS水野健治VS大国奏音.0/Chart_AT.json;e498bb9b32486c347a525ce33c40f166,3,0.0,24,2222,152.0;219.0;253.125;282.0,13226001,
assets/aa/Android/036407b89ca165baa3f99d775ef8cebd.bundle,036407b89ca165baa3f99d775ef8cebd.bundle,2022.3.62f2,5000581933577770261,Chart_HD,HD,,1c42d9140f9320b418ee8fdc50a9ea01;Assets/Tracks/csqn.Aoi.0/Chart_HD.json,3,0.0,20,755,174.0,842648,
assets/aa/Android/037e66c15d58b0f1303ab932d30f8aab.bundle,037e66c15d58b0f1303ab932d30f8aab.bundle,2022.3.62f2,-5843264759386281338,Chart_HD,HD,,22282e6a69807425493e4091be26dbf4;Assets/Tracks/ENERGYSYNERGYMATRIX.Tanchiky.0/Chart_HD.json,3,0.0,5,580,160.0,1140939,
assets/aa/Android/04687b9f9b0a7b069666978a524bfb69.bundle,04687b9f9b0a7b069666978a524bfb69.bundle,2022.3.62f2,7509648794036350292,Chart_HD,HD,,1c5e0e055afe68648adbcab012f8a1fa;Assets/Tracks/青丘.BLACK0.0/Chart_HD.json,3,0.0,14,534,180.0,2276459,
assets/aa/Android/049e111c05a291249768a06f376a4342.bundle,049e111c05a291249768a06f376a4342.bundle,2022.3.62f2,-3858331018128784190,Chart_EZ,EZ,,21d63efe90f12334ebfc1782eab74309;Assets/Tracks/Adastraperaspera.RabbitHouse.0/Chart_EZ.json,3,0.0,6,696,197.0,470497,
assets/aa/Android/04a098c33cd0f3eb5158d5d6ca846046.bundle,04a098c33cd0f3eb5158d5d6ca846046.bundle,2022.3.62f2,1753834740387859715,Chart_IN,IN,,4481c2d25f1056e41b1eb9f84d41e5b8;Assets/Tracks/Electron.ElousFZ.0/Chart_IN.json,3,0.0,8,576,134.0,792117,
assets/aa/Android/04b04a09bd19084184e1cc62c05edeb4.bundle,04b04a09bd19084184e1cc62c05edeb4.bundle,2022.3.62f2,-6834354549669305987,Chart_IN,IN,,Assets/Tracks/MOBILYS.Dachs.0/Chart_IN.json;b37d93c15a49591459230db9aa589d5f,3,0.00354522,24,938,144.0,1786530,
assets/aa/Android/04d973243118495c83c0ff63479e65db.bundle,04d973243118495c83c0ff63479e65db.bundle,2022.3.62f2,-6749850448508220732,Chart_IN,IN,,0831426201cc44919964e9f5af09617a;Assets/Tracks/KhronostasisKatharsis.Halv.0/Chart_IN.json,3,0.0,11,861,188.0,1776727,
assets/aa/Android/056ce8fc4ccdb683a3c157c41d3f8d09.bundle,056ce8fc4ccdb683a3c157c41d3f8d09.bundle,2022.3.62f2,3734624905808192526,Chart_HD,HD,,Assets/Tracks/Arkhei.SeraAmagi.0/Chart_HD.json;b6ccda6903b1ee4409791397449c0927,3,0.0,7,454,112.0,2207682,
assets/aa/Android/05a5f9cb8d1641560d3017dcf8989d55.bundle,05a5f9cb8d1641560d3017dcf8989d55.bundle,2022.3.62f2,-2526412541499425407,Chart_EZ,EZ,,Assets/Tracks/DancewithSilence.かめりあ.0/Chart_EZ.json;d255aaf696c14e644b7b8267c6af4fc2,3,0.0,14,170,128.0,2136047,
assets/aa/Android/0610cd7807131faf6c3055b99a9fe792.bundle,0610cd7807131faf6c3055b99a9fe792.bundle,2022.3.62f2,857711912153368154,Chart_IN,IN,,93372112e59342b42a4e49244fe08bb7;Assets/Tracks/星拂云锦featkoi.S9ryne.0/Chart_IN.json,3,0.0,24,1235,182.0,7240023,
assets/aa/Android/06d39d6b60055628637ecf93c282e0ed.bundle,06d39d6b60055628637ecf93c282e0ed.bundle,2022.3.62f2,1437532032246350361,Chart_EZ,EZ,,99e847a5655f9434b831814c5db03701;Assets/Tracks/狂喜蘭舞.LeaF.0/Chart_EZ.json,3,0.0,1,472,230.0,485991,
assets/aa/Android/0700ba9d3eba3d181f1948e2cafef9e0.bundle,0700ba9d3eba3d181f1948e2cafef9e0.bundle,2022.3.62f2,-3797453610677925190,Chart_HD,HD,,Assets/Tracks/Ramification.rareguyReina.0/Chart_HD.json;aeb60e80771abec4c915ceb8be057090,3,0.0,24,515,175.0,1899854,
assets/aa/Android/07074e443fc3b813362002323ea1563f.bundle,07074e443fc3b813362002323ea1563f.bundle,2022.3.62f2,-8531350464393280215,Chart_HD,HD,,Assets/Tracks/KMoeVIP.ZxNX.0/Chart_HD.json;b30c9c19c34984f4e96095e2976322d1,3,0.0,12,432,175.0,1564729,
assets/aa/Android/0712216814a196703e86303457294400.bundle,0712216814a196703e86303457294400.bundle,2022.3.62f2,7420542693055657481,Chart_IN,IN,,Assets/Tracks/UnorthodoxThoughts.Joulez.0/Chart_IN.json;a2f07312d8d1632429c5057960ca1d1b,3,0.0,14,729,146.0,1692372,
assets/aa/Android/0730f625e2b95eb41b7feb3f9e523b33.bundle,0730f625e2b95eb41b7feb3f9e523b33.bundle,2022.3.62f2,7426100857529516219,Chart_IN,IN,,8c72227d29386874faf9e8d12507507f;Assets/Tracks/Luminescent.Daison.0/Chart_IN.json,3,0.0,24,650,141.0,4345199,
assets/aa/Android/074fd512bba0f12a1ed14fbc66671e52.bundle,074fd512bba0f12a1ed14fbc66671e52.bundle,2022.3.62f2,2777170837785778217,Chart_HD,HD,,8dfcbaaa9993e4f488481b6d2f4bf960;Assets/Tracks/Kerberos.Zris.0/Chart_HD.json,3,0.0,20,683,197.0,1247876,
assets/aa/Android/076fab32b33664dea8f7e272515b1aec.bundle,076fab32b33664dea8f7e272515b1aec.bundle,2022.3.62f2,-6814039830861873182,Chart_EZ,EZ,,Assets/Tracks/Khalid.Dolphin.0/Chart_EZ.json;afdcb26fbc789e54d82925c84d67eac4,3,0.0,12,190,128.0,1331877,
assets/aa/Android/07c19e1d68359df0f81ec04fec340ce1.bundle,07c19e1d68359df0f81ec04fec340ce1.bundle,2022.3.62f2,1118818355089821336,Chart_HD,HD,,8f19b54263c8b354cb63ccfee1d56dab;Assets/Tracks/萤火虫の怨.闫东炜.0/Chart_HD.json,3,0.0,1,746,200.0,199794,
assets/aa/Android/07dbb703ad9a5e9ff1ddc5325b5d3941.bundle,07dbb703ad9a5e9ff1ddc5325b5d3941.bundle,2022.3.62f2,6857221778028261198,Chart_IN,IN,,5497efe6b361942c5bf53eb8ab519d41;Assets/Tracks/Spasmodic.姜米條颶風元力上人.0/Chart_IN.json,3,0.0,3,1389,200.0,1037345,
assets/aa/Android/07f8879f37122420e507025c87eecc17.bundle,07f8879f37122420e507025c87eecc17.bundle,2022.3.62f2,3797224293222078677,Chart_HD,HD,,14d070edf10bb684389e233848432617;Assets/Tracks/ニライカナイNiraicA_naiMix.roopfromSTR.0/Chart_HD.json,3,0.0,7,354,130.0,606034,
assets/aa/Android/08a4ba21ca6248fca6345d004ea1e6b9.bundle,08a4ba21ca6248fca6345d004ea1e6b9.bundle,2022.3.62f2,-18686979965632789,Chart_IN,IN,,Assets/Tracks/GVNGlitterVomitusandNeon.SaltySaltUnfold33.0/Chart_IN.json;ec4f81816d54acb4e893ac51080cdb74,3,0.0,17,1541,175.0,3635171,
assets/aa/Android/08c460e102525d61adda2733567463e2.bundle,08c460e102525d61adda2733567463e2.bundle,2022.3.62f2,-2107761939292245755,Chart_EZ,EZ,,0f719e535991ee8468e8fdb776fad115;Assets/Tracks/ストレイソウルアラウンド.みーに.0/Chart_EZ.json,3,0.0,24,324,150.0,2391189,
assets/aa/Android/08eb6588bee3699bfdb2fc6336209919.bundle,08eb6588bee3699bfdb2fc6336209919.bundle,2022.3.62f2,1778340412515287599,Chart_IN,IN,,83f53c508585c604c88e42eddedcf873;Assets/Tracks/桜樹街道.kozatosnow.0/Chart_IN.json,3,0.0,18,459,135.0,3031077,
assets/aa/Android/09110038964c868a2cf2ac53831c3efc.bundle,09110038964c868a2cf2ac53831c3efc.bundle,2022.3.62f2,-4734172137646630135,Chart_AT,AT,,3bbe62c0817c0224db149b55f98809dd;Assets/Tracks/Rrharil.TeamGrimoire.0/Chart_AT.json,3,0.0,24,1300,190.0,3224475,
assets/aa/Android/09174b23f6a507f50fdcb061fc61ad80.bundle,09174b23f6a507f50fdcb061fc61ad80.bundle,2022.3.62f2,-2313974307046838711,Chart_IN,IN,,59c9baf1bf14a9f4d9ab9ab0d75fbfdd;Assets/Tracks/Elúltimobaile.Θ.0/Chart_IN.json,3,0.0,18,610,175.0,3562994,
assets/aa/Android/092d343d2e6c6e82c194454cfa5d8d64.bundle,092d343d2e6c6e82c194454cfa5d8d64.bundle,2022.3.62f2,8253876616148340571,Chart_HD,HD,,Assets/Tracks/Trane.MALVA.0/Chart_HD.json;fd07cdade86734734bf9e852606a6702,3,0.0,9,420,135.0,508543,
assets/aa/Android/0947da7a9aaa89fe58443e92c3841cda.bundle,0947da7a9aaa89fe58443e92c3841cda.bundle,2022.3.62f2,7811131928995780955,Chart_IN,IN,,Assets/Tracks/FindMe.Kforest.0/Chart_IN.json;bd290d33f59fd4776948ba79d1e2ad2f,3,0.0,6,836,191.0,610693,
assets/aa/Android/098f9e05bd0a7ca91fe18bcfc4ebce5a.bundle,098f9e05bd0a7ca91fe18bcfc4ebce5a.bundle,2022.3.62f2,8566601858491970956,Chart_HD,HD,,359889e7bf00009408e964affcacaea8;Assets/Tracks/NOONEYESMAN.MYUKKE.0/Chart_HD.json,3,0.0,5,612,170.0,374260,
assets/aa/Android/09eb5765ccbd21f38c421ccb5731a312.bundle,09eb5765ccbd21f38c421ccb5731a312.bundle,2022.3.62f2,2914576202234054852,Chart_EZ,EZ,,4ff3067f165cbf74b983266d87cc1f23;Assets/Tracks/Luminescent.Daison.0/Chart_EZ.json,3,0.0,13,330,141.0,1198608,
assets/aa/Android/09fb433aecc8a3cde7d56d50ce5cb377.bundle,09fb433aecc8a3cde7d56d50ce5cb377.bundle,2022.3.62f2,6427945538591648013,Chart_HD,HD,,Assets/Tracks/亂舞.NekockLK.0/Chart_HD.json;d6d7b0084f5c8fc4f979bb5c5ed9ff17,3,0.0,9,327,196.0,1269392,
assets/aa/Android/09fc6b3993679cace39c27b124974ebf.bundle,09fc6b3993679cace39c27b124974ebf.bundle,2022.3.62f2,7684198614677487811,Chart_IN,IN,,Assets/Tracks/云女孩.符白牙SiYFics.0/Chart_IN.json;a6a1f1f14728157489fe153596e0a9c0,3,0.0,11,669,155.0,2552642,
assets/aa/Android/0a0ec2bd31adfd9c120bf7658ad4fa05.bundle,0a0ec2bd31adfd9c120bf7658ad4fa05.bundle,2022.3.62f2,7174605803157594559,Chart_EZ,EZ,,541f0256423081d4196b0a19152d2e14;Assets/Tracks/Xenophobia.XinG.0/Chart_EZ.json,3,0.0,12,366,174.0,1661623,
assets/aa/Android/0a527eb51d855b902dc2ac640c1276fe.bundle,0a527eb51d855b902dc2ac640c1276fe.bundle,2022.3.62f2,-5200393526218149755,Chart_HD,HD,,197e97d1d16ad894caf0fca2f642e49b;Assets/Tracks/BreakOver.Kforest.0/Chart_HD.json,3,0.0,2,919,185.0,379689,
assets/aa/Android/0a546c96df7079027f3b3c35094192eb.bundle,0a546c96df7079027f3b3c35094192eb.bundle,2022.3.62f2,4545932097972671430,Chart_HD,HD,,857265a92bbc944bfada3268f3f7b18b;Assets/Tracks/尊師TheGuru.rider.0/Chart_HD.json,3,0.0,10,565,152.0,1740098,
assets/aa/Android/0aa400266fe5ed0642f8a42b8dada1a6.bundle,0aa400266fe5ed0642f8a42b8dada1a6.bundle,2022.3.62f2,-6032126529216457535,Chart_AT,AT,,Assets/Tracks/AvataarReincarnationofKalpa.ScarletteakaCrYmson.0/Chart_AT.json;a730b2501fb94cb4aa82c1d9cd900834,3,0.0,24,1074,180.0,10251017,
assets/aa/Android/0add8f9cbd48246a0c3bd3e5843e239f.bundle,0add8f9cbd48246a0c3bd3e5843e239f.bundle,2022.3.62f2,8721906216948479894,Chart_IN,IN,,98be9f7becd12614aa2bb34458bf303e;Assets/Tracks/Chronomia.Lime.0/Chart_IN.json,3,0.0,24,992,227.0,7618114,
assets/aa/Android/0aff74f51162af9068017b6116ebf292.bundle,0aff74f51162af9068017b6116ebf292.bundle,2022.3.62f2,-4586231033644243382,Chart_EZ,EZ,,0f02496c594ee3f4f993ee2f3d917d88;Assets/Tracks/Feast远东之宴.茶鸣拾贰律.0/Chart_EZ.json,3,0.0,3,600,128.0,108269,
assets/aa/Android/0b0988c3bbc124a2ec8eba932232ead9.bundle,0b0988c3bbc124a2ec8eba932232ead9.bundle,2022.3.62f2,-186319129612017398,Chart_IN,IN,,0ad1bdb02ad5b4c029aaf22a86ed59f0;Assets/Tracks/SultanRage.MonstDeath.0/Chart_IN.json,3,0.0,10,485,155.0,242694,
assets/aa/Android/0b2e45c7eaeaa48ba0ed4319ee215d22.bundle,0b2e45c7eaeaa48ba0ed4319ee215d22.bundle,2022.3.62f2,240041030416622073,Chart_IN,IN,,10e52878da11eb14494ce645dbffd196;Assets/Tracks/Random.SobremSilentroom.4/Chart_IN.json,3,0.0,24,773,132.0,2264734,
assets/aa/Android/0b69df4fa9506977069a28e50fa476da.bundle,0b69df4fa9506977069a28e50fa476da.bundle,2022.3.62f2,-2586232539456330876,Chart_EZ,EZ,,22482e3c97a5081429c322fcd0abdfaa;Assets/Tracks/星拂云锦featkoi.S9ryne.0/Chart_EZ.json,3,0.0,5,227,182.0,1396878,
assets/aa/Android/0bb1548d7b2c31ba1b00b1affbdf569b.bundle,0bb1548d7b2c31ba1b00b1affbdf569b.bundle,2022.3.62f2,7919708439515725004,Chart_EZ,EZ,,Assets/Tracks/Dlyrotz.Likey.0/Chart_EZ.json;cfd7ec0dbda32204fb2691a20784864f,3,0.0,5,398,175.0,1452101,
assets/aa/Android/0bba24886d6f57619c80a8117ce57266.bundle,0bba24886d6f57619c80a8117ce57266.bundle,2022.3.62f2,2318771926669889235,Chart_HD,HD,,Assets/Tracks/Chronomia.Lime.0/Chart_HD.json;c98f2078661e4864898763d884dbccda,3,0.0,20,663,227.0,4663126,
assets/aa/Android/0bf84bbb1105b82f78bc2fd9a167fef4.bundle,0bf84bbb1105b82f78bc2fd9a167fef4.bundle,2022.3.62f2,-5363299043561110829,Chart_EZ,EZ,,77fcc14d80846ad4fbffa5c978b75ef2;Assets/Tracks/贝多芬祝福BeethovenBlessing.Nauts.0/Chart_EZ.json,3,0.0,5,301,170.0,740826,
assets/aa/Android/0c5c6e3698dc842e2c657df00801c575.bundle,0c5c6e3698dc842e2c657df00801c575.bundle,2022.3.62f2,8686694911214984295,Chart_IN,IN,,8939947b25e8cb24bb26665e53ca703a;Assets/Tracks/Wavetapper.Frums.0/Chart_IN.json,3,0.0,19,866,112.0;224.0,542417,
assets/aa/Android/0c7577d5ba5ddeb5ab7229e86ba9df3c.bundle,0c7577d5ba5ddeb5ab7229e86ba9df3c.bundle,2022.3.62f2,-746899236869045835,Chart_HD,HD,,7a6fa5b53bf578849a1e5459293128da;Assets/Tracks/Random.SobremSilentroom.0/Chart_HD.json,3,0.0,17,568,132.0,1342050,
assets/aa/Android/0c86da8897bc1a7cb1696c9f1fe25393.bundle,0c86da8897bc1a7cb1696c9f1fe25393.bundle,2022.3.62f2,5786192188805081075,Chart_HD,HD,,91b175a12899f43b189716726369203c;Assets/Tracks/Sein.朔Apo11oprogramvsお月さま交響曲ftkuroa荒巻.0/Chart_HD.json,1,0.0,1,473,210.0,54038,
assets/aa/Android/0c8ee121639d4a12c8d183ef2c72ba75.bundle,0c8ee121639d4a12c8d183ef2c72ba75.bundle,2022.3.62f2,-4607571782090222468,Chart_HD,HD,,21f5657d3b82b7a44b7eac79283aa3ae;Assets/Tracks/Bitterblossom.imvi.0/Chart_HD.json,3,0.0,21,581,180.0,1280136,
assets/aa/Android/0ca0316cb724356aaacb15428a357674.bundle,0ca0316cb724356aaacb15428a357674.bundle,2022.3.62f2,2846695795826412234,Chart_EZ,EZ,,Assets/Tracks/RetributionCycleofRedemption.ArdolfvsDaily天利.0/Chart_EZ.json;a50e2d78d3f1ada42b21cf74faf12df4,3,0.0,7,393,225.0,1944118,
assets/aa/Android/0cb056c379bf3b2adcc1846d1b01958f.bundle,0cb056c379bf3b2adcc1846d1b01958f.bundle,2022.3.62f2,920165417359604915,Chart_IN,IN,,Assets/Tracks/Bougainvillea.Jade.0/Chart_IN.json;d0b95cd1dd9a7fd4cb5a90d53682ea76,3,0.0,24,662,120.0,1631582,
assets/aa/Android/0ce4d4940adf5f1249b04c0c86f5ca83.bundle,0ce4d4940adf5f1249b04c0c86f5ca83.bundle,2022.3.62f2,129938787863704826,Chart_HD,HD,,64fdc3bca6334194a90c23ee72e22f1d;Assets/Tracks/Orthodox.tokiwa.0/Chart_HD.json,3,0.0,5,446,170.0,678401,
assets/aa/Android/0cfd4994cc79850ce41de46d50ccdfa5.bundle,0cfd4994cc79850ce41de46d50ccdfa5.bundle,2022.3.62f2,-2640126465764413757,Chart_EZ,EZ,,Assets/Tracks/KirakiraNoelStory.RekuMochizuki.0/Chart_EZ.json;aa90a24b68ba2ea49aa3ba798c8ba47a,3,0.0,12,268,180.0,2544150,
assets/aa/Android/0d655f5a05122e2d39afc0b68c50b27c.bundle,0d655f5a05122e2d39afc0b68c50b27c.bundle,2022.3.62f2,6074447403444544974,Chart_IN,IN,,Assets/Tracks/NowIsTheTimeDoIt.RoyMikelate.0/Chart_IN.json;d9e855ca5a329464dbdf13623976f2d4,3,0.0,24,795,158.0,5976187,
assets/aa/Android/0d6fca7a7b6299697185220bfc32a9cd.bundle,0d6fca7a7b6299697185220bfc32a9cd.bundle,2022.3.62f2,-8042006638682266783,Chart_IN,IN,,Assets/Tracks/Xepion.Acotto.0/Chart_IN.json;d73559d238285904291f962c6ca846c3,3,0.0,22,698,170.0,4923873,
assets/aa/Android/0dd824efe43c68388974a740ef2599a5.bundle,0dd824efe43c68388974a740ef2599a5.bundle,2022.3.62f2,5581560415953648562,Chart_HD,HD,,7e066e0016dec2a4393f5957eb059e84;Assets/Tracks/Radiance.Nhato.0/Chart_HD.json,3,0.0,10,639,155.0,1168034,
assets/aa/Android/0e7d98ec601826bdcf04425822e7b429.bundle,0e7d98ec601826bdcf04425822e7b429.bundle,2022.3.62f2,7719387471982360452,Chart_HD,HD,,1a9e2ae2ada05c04fb9f85a5237fa282;Assets/Tracks/bye.DingerBox.0/Chart_HD.json,3,0.0,15,333,160.0,2780684,
assets/aa/Android/0e86d6c26e7cc18b5546b524b45df75d.bundle,0e86d6c26e7cc18b5546b524b45df75d.bundle,2022.3.62f2,-5247705008323396238,Chart_EZ,EZ,,29f2475d5719bc249847d6de1a5a092e;Assets/Tracks/AphroditesChildshortver.RUQOA.0/Chart_EZ.json,3,0.0,4,251,128.0,498849,
assets/aa/Android/0ebd7c27437f3474db7bad5c5abf457a.bundle,0ebd7c27437f3474db7bad5c5abf457a.bundle,2022.3.62f2,3616018167080514838,Chart_HD,HD,,Assets/Tracks/Starduster.Quree.0/Chart_HD.json;ed2d233f0935b5a4595ae6187b259bdb,3,0.0,4,578,110.0,861348,
assets/aa/Android/0ec4ea584cc4dde5501f59d3b6bd232e.bundle,0ec4ea584cc4dde5501f59d3b6bd232e.bundle,2022.3.62f2,2430234415186238099,Chart_HD,HD,,Assets/Tracks/百鬼夜行.SaladSavior.0/Chart_HD.json;ea2b3e7899b58a24f9992e9d130cbccb,3,0.0,10,625,200.0,2674470,
assets/aa/Android/0f0451af0281d52b83750900fdb7646c.bundle,0f0451af0281d52b83750900fdb7646c.bundle,2022.3.62f2,-4245166528478929089,Chart_HD,HD,,216489a1b4692464c94a655bf295cb44;Assets/Tracks/Aliceinaxxxxxxxx.Nagiha.0/Chart_HD.json,3,0.0,24,433,144.0,5195676,
assets/aa/Android/0f091139162f0e0301a6093a9673b5b1.bundle,0f091139162f0e0301a6093a9673b5b1.bundle,2022.3.62f2,8112882281083095306,Chart_IN,IN,,54692576cc79a404293f2ae575df10d7;Assets/Tracks/Chronostasis.黒皇帝.0/Chart_IN.json,3,0.06,22,1326,196.0;198.0,3174751,
assets/aa/Android/0f26b18356b2a75b59aa4113dd6c8a9e.bundle,0f26b18356b2a75b59aa4113dd6c8a9e.bundle,2022.3.62f2,8438795851079838815,Chart_IN,IN,,1c6b8694854365143bef4a0f6b22cf5f;Assets/Tracks/Archidoxen.Se_IRA.0/Chart_IN.json,3,0.0,12,938,160.0,3438782,
assets/aa/Android/0f3b3e24de2cc1eeca8e6525b8a1b994.bundle,0f3b3e24de2cc1eeca8e6525b8a1b994.bundle,2022.3.62f2,2077470810826118136,Chart_HD,HD,,Assets/Tracks/DESTRUCTION321.Normal1zervsBrokenNerdz.0/Chart_HD.json;e2543056721c0ea41bce1ba8847e4a42,3,0.0,22,1250,321.321,9075429,
assets/aa/Android/0f777e2f38b0fced48d87e97e99494df.bundle,0f777e2f38b0fced48d87e97e99494df.bundle,2022.3.62f2,7438093521387111782,Chart_IN,IN,,Assets/Tracks/DevIAtiOnshortver.polysha.0/Chart_IN.json;d5cc0d3edb7a56941b6fde0b6cf1a3ec,3,0.0,24,1117,155.0,5964832,
assets/aa/Android/0f96f7ecce409527902ff404c8eacb6e.bundle,0f96f7ecce409527902ff404c8eacb6e.bundle,2022.3.62f2,2065786160813994000,Chart_IN,IN,,95e1924eab390204f87e865ed58c4178;Assets/Tracks/Trojan.litmus.0/Chart_IN.json,3,0.0,24,1305,128.0,5984409,
assets/aa/Android/0fa60ad59a0f79d1bfae12b6bec88f1a.bundle,0fa60ad59a0f79d1bfae12b6bec88f1a.bundle,2022.3.62f2,-8323230651831373167,Chart_EZ,EZ,,Assets/Tracks/Upshift.Iriss-Frantzz.0/Chart_EZ.json;ff4a0fc8374cc6049ac41bbe3572b6a0,3,0.0,16,630,155.0,583253,
assets/aa/Android/0fccc74e7a28c55a8311b078344ca6a4.bundle,0fccc74e7a28c55a8311b078344ca6a4.bundle,2022.3.62f2,1573425603955108214,Chart_IN,IN,,38228386a00259a4e96533d1b5796681;Assets/Tracks/白と黒のバケモノ.テヅカ.0/Chart_IN.json,3,0.0,24,1197,205.0,5347759,
assets/aa/Android/0fd2e42ec64a6e6b177bc2faf7298fdf.bundle,0fd2e42ec64a6e6b177bc2faf7298fdf.bundle,2022.3.62f2,5777405496743164611,Chart_HD,HD,,Assets/Tracks/IMustSayNo.TangJuan.0/Chart_HD.json;aefc5b45bd18cf44b8bcbbec36870814,3,0.0,11,364,175.0,1303888,
assets/aa/Android/0ff658ed645f00d490998c508293d5e0.bundle,0ff658ed645f00d490998c508293d5e0.bundle,2022.3.62f2,-6299085353526147304,Chart_HD,HD,,470f045a7ea1d3d4aa25f1bff5b698c6;Assets/Tracks/心の記憶.A39沙包P.0/Chart_HD.json,3,0.0,9,629,150.0,4580613,
assets/aa/Android/100111637f588707e07dbc3b79e214d2.bundle,100111637f588707e07dbc3b79e214d2.bundle,2022.3.62f2,-5659449632788100333,Chart_IN,IN,,Assets/Tracks/Luminescence.米虾Fomiki初云CLoudie.0/Chart_IN.json;f507c24afb004c344904efef54b2dbae,3,0.0,24,987,184.0,6820042,
assets/aa/Android/10480075b6e9a02b511350ad2c993224.bundle,10480075b6e9a02b511350ad2c993224.bundle,2022.3.62f2,-3414074911924161192,Chart_HD,HD,,7060fd6e5efd84a3dbe811100f1c1b3a;Assets/Tracks/KhronostasisKatharsis.Halv.0/Chart_HD.json,3,0.0,10,644,188.0,1688029,
assets/aa/Android/11e27615947f2e28f2529a9a40324b95.bundle,11e27615947f2e28f2529a9a40324b95.bundle,2022.3.62f2,6494758663002085529,Chart_HD,HD,,8219dfa54aa0444d9958b988ba8a9d7b;Assets/Tracks/狂喜蘭舞.LeaF.0/Chart_HD.json,3,0.0,5,651,230.0,288518,
assets/aa/Android/121d4ca3296009b16dfb5fd45db0682c.bundle,121d4ca3296009b16dfb5fd45db0682c.bundle,2022.3.62f2,-3791142787740274513,Chart_EZ,EZ,,959cb5dedc0177a42b64c73801721d0a;Assets/Tracks/Xepion.Acotto.0/Chart_EZ.json,3,0.0,4,123,170.0,578412,
assets/aa/Android/12d02e01479c595215c79e63c09ebd00.bundle,12d02e01479c595215c79e63c09ebd00.bundle,2022.3.62f2,7069669089831721595,Chart_EZ,EZ,,Assets/Tracks/Kerberos.Zris.0/Chart_EZ.json;cac52d0edb890a4479d5c7ffff7aab27,3,0.0,6,262,197.0,492624,
assets/aa/Android/12d1354806860f6e34a788b0933cd922.bundle,12d1354806860f6e34a788b0933cd922.bundle,2022.3.62f2,7339565797946913446,Chart_HD,HD,,Assets/Tracks/彩.MisoilePunch.0/Chart_HD.json;c5c119663b5b8cf4596cf5c35c70dbf6,3,0.0,24,817,170.0,5882141,
assets/aa/Android/1331abe37f0950ed9984f3ad854e6d20.bundle,1331abe37f0950ed9984f3ad854e6d20.bundle,2022.3.62f2,-7360360760237176317,Chart_IN,IN,,Assets/Tracks/LeaveAllBehind.rider.0/Chart_IN.json;c4a7a97e538b64c44905f27e86b9cd94,3,0.0,8,523,150.0,723252,
assets/aa/Android/135e87932f77e51fb223ef89f1617955.bundle,135e87932f77e51fb223ef89f1617955.bundle,2022.3.62f2,1260478389088663717,Chart_EZ,EZ,,Assets/Tracks/Eltaw.Fl00t.0/Chart_EZ.json;d9674e09c2b89df4ba6254274bf67005,3,0.0,2,391,193.0,276016,
assets/aa/Android/138acaf37bb7de10118a7a4ab9616396.bundle,138acaf37bb7de10118a7a4ab9616396.bundle,2022.3.62f2,-5592959331098883535,Chart_HD,HD,,76ae51cf4ac74f94d969e00860039700;Assets/Tracks/Feast远东之宴.茶鸣拾贰律.0/Chart_HD.json,3,0.0,9,800,128.0,336641,
assets/aa/Android/13cafdd1ad055cff1df22808137c68ca.bundle,13cafdd1ad055cff1df22808137c68ca.bundle,2022.3.62f2,1109483834588133928,Chart_IN,IN,,1dfa0fa2a5364aa4f8c4a9c6ab88941c;Assets/Tracks/GOODWORLD.EBIMAYO.0/Chart_IN.json,3,0.0,10,960,165.0,455433,
assets/aa/Android/1400050e6b66ada18a2a05c4518dce52.bundle,1400050e6b66ada18a2a05c4518dce52.bundle,2022.3.62f2,1892769880490009825,Chart_IN,IN,,53f6c1f8e5ee8474baad9a7ad0d23bb9;Assets/Tracks/幻影鬼魅PLEASE.R300K.0/Chart_IN.json,3,0.0,23,1080,161.0,1719624,
assets/aa/Android/143c12b32849abe7b665024b4e66eb59.bundle,143c12b32849abe7b665024b4e66eb59.bundle,2022.3.62f2,9200464706116962271,Chart_IN,IN,,Assets/Tracks/Pontdessouvenirs.VeetaCrushvsitsufeatitsu.0/Chart_IN.json;b329ee57c6ce9154a88f80aa3b0f5db2,3,0.0,24,899,190.0,7293558,
assets/aa/Android/145f3b4b63443e8dc31ea41286ad6da5.bundle,145f3b4b63443e8dc31ea41286ad6da5.bundle,2022.3.62f2,-483535625969779966,Chart_EZ,EZ,,891f6e8050487a54aacc6f0da69de3ee;Assets/Tracks/BRAINHACKER.SOMON.0/Chart_EZ.json,3,0.0,9,230,158.0,870179,
assets/aa/Android/1530cd73d64ce3c5cb3f69e6bad849ae.bundle,1530cd73d64ce3c5cb3f69e6bad849ae.bundle,2022.3.62f2,-5982572711518135884,Chart_IN,IN,,Assets/Tracks/NightTheater.わかどり.0/Chart_IN.json;b09b3c3491017534fbca12903960fb67,3,0.0,22,811,151.0,2867589,
assets/aa/Android/15714e2e031924091925d54a4ae0d883.bundle,15714e2e031924091925d54a4ae0d883.bundle,2022.3.62f2,-3169954805378425023,Chart_EZ,EZ,,4955be6030218d442ab97ccdaabd5d0a;Assets/Tracks/混乱Confusion.OnlyMyBlackScore.0/Chart_EZ.json,3,0.0,7,319,180.0,395153,
assets/aa/Android/1572c8f9071cc3c9bbe59901fb94979c.bundle,1572c8f9071cc3c9bbe59901fb94979c.bundle,2022.3.62f2,-8476821611688846416,Chart_HD,HD,,060548c15a54344a7a83ecc0e5d08df3;Assets/Tracks/DeadSoul.SoundSouler.0/Chart_HD.json,3,0.0,10,613,132.0,392193,
assets/aa/Android/1576725616e6d71ee31f69bdeb9e22e2.bundle,1576725616e6d71ee31f69bdeb9e22e2.bundle,2022.3.62f2,184493431081370902,Chart_IN,IN,,Assets/Tracks/valorstarcross.LundyvsWyvren.0/Chart_IN.json;edbc6aa25b8d98149a485665684297df,3,0.0,24,1083,175.0,4484031,
assets/aa/Android/159c8a24faf39e18ef84384e10d9f5b7.bundle,159c8a24faf39e18ef84384e10d9f5b7.bundle,2022.3.62f2,2693160431273636190,Chart_IN,IN,,57fe304eb5f8b1b4194de880a17a016f;Assets/Tracks/下一秒.BobHouSherlock卓智媛feat兰音Reine.0/Chart_IN.json,3,0.0,24,500,150.0,6071246,
assets/aa/Android/15df90cf8595fd315e70d01823866a36.bundle,15df90cf8595fd315e70d01823866a36.bundle,2022.3.62f2,4884886390606222952,Chart_EZ,EZ,,Assets/Tracks/996.李化禹.0/Chart_EZ.json;ec6aeb347f89cd5489682dec121a528f,3,0.0,21,392,140.0,1273449,
assets/aa/Android/1614c3a72aa6739e46cd3201f2645889.bundle,1614c3a72aa6739e46cd3201f2645889.bundle,2022.3.62f2,-5368351936591055672,Chart_HD,HD,,3b6659303255a3c4d929637b867c2d55;Assets/Tracks/valorstarcross.LundyvsWyvren.0/Chart_HD.json,3,0.0,7,835,175.0,1204857,
assets/aa/Android/164b0ef4493ad34bc1ef52a9fcd5f215.bundle,164b0ef4493ad34bc1ef52a9fcd5f215.bundle,2022.3.62f2,-2476268047149343597,Chart_IN,IN,,6a47da0d40d014471a5c34482f16cbdb;Assets/Tracks/SparkleNewLife.rider.0/Chart_IN.json,3,0.0,6,684,150.0,641365,
assets/aa/Android/1690e44860fb567f9ab88bcdec3a8d15.bundle,1690e44860fb567f9ab88bcdec3a8d15.bundle,2022.3.62f2,3270818593880351520,Chart_HD,HD,,599f52060b687b0419a90babe17713d6;Assets/Tracks/SecretIllumination.Yooh.0/Chart_HD.json,3,0.0,8,863,160.0,2704258,
assets/aa/Android/17329d4ecd2fe725d54db5d53a2ebda8.bundle,17329d4ecd2fe725d54db5d53a2ebda8.bundle,2022.3.62f2,4240125990546955548,Chart_HD,HD,,4ea321ae5802b5149ae35f0bc1477ea2;Assets/Tracks/Incyde.YbeLL.0/Chart_HD.json,3,0.0,22,1141,180.0,7304118,
assets/aa/Android/1758a19c5f811955c8e7d5c6d0ed7101.bundle,1758a19c5f811955c8e7d5c6d0ed7101.bundle,2022.3.62f2,-7598004585150426721,Chart_HD,HD,,32b424b33d8178f469983266df48f52d;Assets/Tracks/AbsoluTedisoRdeR.AcuteDisarray.0/Chart_HD.json,3,0.0,12,1046,256.0,7002437,
assets/aa/Android/17b18e9052f44b1e5fb97c641718400a.bundle,17b18e9052f44b1e5fb97c641718400a.bundle,2022.3.62f2,4888933284299623232,Chart_IN,IN,,Assets/Tracks/SpeedUp.DarTokki.0/Chart_IN.json;a1bf1dad4d80b47b5967ce3ac8bc1502,3,0.0,10,711,145.0,1674992,
assets/aa/Android/17e34f7b4d0c8b8cbdb08bce377edba9.bundle,17e34f7b4d0c8b8cbdb08bce377edba9.bundle,2022.3.62f2,6114412365653801463,Chart_IN,IN,,Assets/Tracks/Apocalypse.アリスシャッハと魔法の楽団.0/Chart_IN.json;d149c302b7c1c3a46a0fc518d5370efa,3,0.0,24,676,220.0,5391119,
assets/aa/Android/184dd5a6422208fbffd06681c788cbae.bundle,184dd5a6422208fbffd06681c788cbae.bundle,2022.3.62f2,3325988878566928171,Chart_IN,IN,,51b778a701252504c80df44c0e0f10dd;Assets/Tracks/Eltaw.Fl00t.0/Chart_IN.json,3,0.0,23,855,193.0,2436060,
assets/aa/Android/1852f8fb08f1680bb462acc34723e7ca.bundle,1852f8fb08f1680bb462acc34723e7ca.bundle,2022.3.62f2,2240909731186176112,Chart_EZ,EZ,,Assets/Tracks/dBdoll.YUESTEVENuen.0/Chart_EZ.json;f41141cbb441f264bb1864fa0970ebaf,3,0.0,1,60,128.0,87976,
assets/aa/Android/1899247f35bc4ae85bfa2f55fd91c0bf.bundle,1899247f35bc4ae85bfa2f55fd91c0bf.bundle,2022.3.62f2,-4717322722711434520,Chart_IN,IN,,Assets/Tracks/Starduster.Quree.0/Chart_IN.json;fab8cfb7e19cea4439f280ff7fb3ca76,3,0.0,10,874,110.0,1597209,
assets/aa/Android/190594053515ebd6d123d44580345152.bundle,190594053515ebd6d123d44580345152.bundle,2022.3.62f2,2384981819817522632,Chart_IN,IN,,Assets/Tracks/ColorfulDays.P4koofeatつゆり花鈴.0/Chart_IN.json;f0c89319cccec29468615164ab2fd441,3,0.0,6,407,136.0,412827,
assets/aa/Android/190de743e22e0b62e5c47f3508dd759e.bundle,190de743e22e0b62e5c47f3508dd759e.bundle,2022.3.62f2,4276076990269344913,Chart_HD,HD,,Assets/Tracks/Ark.kanoryo.0/Chart_HD.json;a9a9a52db04146a4e9dc5b4f2af69767,3,0.0,9,523,180.0,622854,
assets/aa/Android/1926b3d56a4be6d668755aa8409033d8.bundle,1926b3d56a4be6d668755aa8409033d8.bundle,2022.3.62f2,6768317137871402887,Chart_IN,IN,,9a6e366d5b38f68439e7502604d39076;Assets/Tracks/LuminousEntitiesLostHeart.NormalMfeatUsagiDenki.0/Chart_IN.json,3,0.0,24,929,200.0,7472525,
assets/aa/Android/194ac6243737b23d80802f32f38f7dac.bundle,194ac6243737b23d80802f32f38f7dac.bundle,2022.3.62f2,-6321021781237318241,Chart_AT,AT,,Assets/Tracks/幻影鬼魅PLEASE.R300K.0/Chart_AT.json;e6f8ad8c0ca621444ace693804dd9feb,3,0.0,22,1145,161.0,3401678,
assets/aa/Android/194f8eb5f2682d3307aad7ccc9b8a428.bundle,194f8eb5f2682d3307aad7ccc9b8a428.bundle,2022.3.62f2,4792011294167343534,Chart_IN,IN,,Assets/Tracks/重生.姜米條.0/Chart_IN.json;f1a59459a43ad2b45ad61e74ffe43644,3,0.0,19,900,195.0,2231795,
assets/aa/Android/1953e9c3704a97967d5e46ce3c5a5bfa.bundle,1953e9c3704a97967d5e46ce3c5a5bfa.bundle,2022.3.62f2,-411068059872230286,Chart_HD,HD,,5717130c8ad246e48bad13e1ad523c59;Assets/Tracks/Devotion.Connexio.0/Chart_HD.json,3,0.0,7,657,167.0,1127456,
assets/aa/Android/198ec4437f274d046c9b91e55847f8f6.bundle,198ec4437f274d046c9b91e55847f8f6.bundle,2022.3.62f2,-3646562983053068220,Chart_EZ,EZ,,60ce5b1d78c9a1948b0048798fe70c0c;Assets/Tracks/Alb.Avans.0/Chart_EZ.json,3,0.0,18,242,140.0,1224834,
assets/aa/Android/1a1255bc871031a27932a15524c48da7.bundle,1a1255bc871031a27932a15524c48da7.bundle,2022.3.62f2,-2219493111706904633,Chart_IN,IN,,1dbb5ccebfda7a741b6f8b03d3459bf8;Assets/Tracks/FreakyUndulationsNobleKnightsofTune.JehezukielKURORAK.0/Chart_IN.json,3,0.0,24,1020,202.0,8608113,
assets/aa/Android/1a1d829c2c7d55a7ac0f68eaaf719e20.bundle,1a1d829c2c7d55a7ac0f68eaaf719e20.bundle,2022.3.62f2,1507680427587931687,Chart_EZ,EZ,,Assets/Tracks/DerRichter.Ωμεγα.0/Chart_EZ.json;fcbbe6fbd29f439439dc5e9b7bf34515,3,0.0,14,310,192.0,1344533,
assets/aa/Android/1a3303ff332507bd325b59788d8ca320.bundle,1a3303ff332507bd325b59788d8ca320.bundle,2022.3.62f2,5704971235945348549,Chart_EZ,EZ,,9e581cceb64614f4ea22de9cbea539b5;Assets/Tracks/Locomotive.K.0/Chart_EZ.json,3,0.0,9,196,128.0,1491470,
assets/aa/Android/1a8cbb9789944283c0a2d5fc3b9d1929.bundle,1a8cbb9789944283c0a2d5fc3b9d1929.bundle,2022.3.62f2,-3424460432963051065,Chart_Legacy,Legacy,,546db568f540bc443b2143acd175abd5;Assets/Tracks/BreakThroughTheBarrier.lixound.0/Chart_Legacy.json,1,0.0,5,1293,176.0,456838,
assets/aa/Android/1b1f2687a6605de15918cdedb4083b5b.bundle,1b1f2687a6605de15918cdedb4083b5b.bundle,2022.3.62f2,1766268236094029583,Chart_EZ,EZ,,Assets/Tracks/opia.rN.0/Chart_EZ.json;dbd989f35f4a5274ea73e27f59bc6c6f,3,0.0,22,233,193.0,3461964,
assets/aa/Android/1b3ceed5e07666fcf2d5ea1635e22fca.bundle,1b3ceed5e07666fcf2d5ea1635e22fca.bundle,2022.3.62f2,6841897587276774890,Chart_EZ,EZ,,7449d22f0d0a81d4f9cefbe003574dd7;Assets/Tracks/ChronosCollapseLaCampanella.SunsetRay.0/Chart_EZ.json,3,0.0,10,350,180.0,984551,
assets/aa/Android/1b58a061489c3a918df56797cfa0ae1f.bundle,1b58a061489c3a918df56797cfa0ae1f.bundle,2022.3.62f2,2826015459968774688,Chart_EZ,EZ,,Assets/Tracks/PANICPARADISE.DJSHIONY.0/Chart_EZ.json;f6ed6fe17645472468c57b075e0b745d,3,0.0,10,367,170.0,816957,
assets/aa/Android/1b756c9c9847bfd5f3eb8859804faf99.bundle,1b756c9c9847bfd5f3eb8859804faf99.bundle,2022.3.62f2,8779369209827099917,Chart_EZ,EZ,,4c93a178a1d497f4ab961e28deb35439;Assets/Tracks/ABYSSMOTION192333.ariiolTSAR奏Sou.0/Chart_EZ.json,3,0.0,8,320,192.333,1484489,
assets/aa/Android/1ba0d3f8f43a760ca50ccb04ae0de1a4.bundle,1ba0d3f8f43a760ca50ccb04ae0de1a4.bundle,2022.3.62f2,-5098182670460630924,Chart_EZ,EZ,,Assets/Tracks/BetterGraphicAnimation.ルゼ.0/Chart_EZ.json;c179a06feba59d04ea1e8a8f77f92950,3,0.0,18,178,180.0,1489704,
assets/aa/Android/1c054d1541bdc17ccb70157dfd1385e5.bundle,1c054d1541bdc17ccb70157dfd1385e5.bundle,2022.3.62f2,-2494546138713215181,Chart_AT,AT,,Assets/Tracks/Antithese.Blacklolita.0/Chart_AT.json;ec2cdd4588e2e224d876403e3daf2985,3,0.0,20,1200,172.0,4228339,
assets/aa/Android/1c0e5f30c8a0ddb826685cccc7701ea6.bundle,1c0e5f30c8a0ddb826685cccc7701ea6.bundle,2022.3.62f2,-8442713305705818294,Chart_IN_Error,IN,error,0539562496d4f4a4a8f760328a1b8d9c;Assets/Tracks/望影の方舟Six.SeURa.0/Chart_IN_Error.json,3,0.0,10,1069,209.0,1095148,
assets/aa/Android/1c48932a673ebff009dc635707db9fb9.bundle,1c48932a673ebff009dc635707db9fb9.bundle,2022.3.62f2,7064162892975353120,Chart_IN,IN,,99be4634668772848949b546c7c16c54;Assets/Tracks/Helios.NOABotaNya.0/Chart_IN.json,3,0.0,24,786,150.0,10904253,
assets/aa/Android/1cbd85b37c4e0a8d6dc9e58478674e55.bundle,1cbd85b37c4e0a8d6dc9e58478674e55.bundle,2022.3.62f2,-6956169286644405969,Chart_IN,IN,,26fa685438ab44840be03f4aabf9aad2;Assets/Tracks/NonMelodicRagezMUGEdit.Normal1zer.0/Chart_IN.json,3,0.0,6,1235,205.0,485546,
assets/aa/Android/1d3e4b28ec129a7f78d5eadc36e58ab6.bundle,1d3e4b28ec129a7f78d5eadc36e58ab6.bundle,2022.3.62f2,4763294230837996521,Chart_IN,IN,,11c8a029ef9b14b9aac258e5d1d8a482;Assets/Tracks/SURREALISM.Itsuki.0/Chart_IN.json,3,0.0,9,914,180.0,780225,
assets/aa/Android/1da262c504cb6969c282fa25189ba005.bundle,1da262c504cb6969c282fa25189ba005.bundle,2022.3.62f2,4310330733037109195,Chart_EZ,EZ,,Assets/Tracks/Demiurge.Rabpit.0/Chart_EZ.json;fe53ffd0df0d3dd418f4dcb1d4603b3e,3,0.0,18,100,111.0,2454649,
assets/aa/Android/1ddec4312e0fd7b2d4355a2ca6f1ebe4.bundle,1ddec4312e0fd7b2d4355a2ca6f1ebe4.bundle,2022.3.62f2,-4201468379331836361,Chart_HD,HD,,54c32b1933142c248b4ac08a4211919e;Assets/Tracks/TheMountainEater.PaulBazooka.0/Chart_HD.json,3,0.0,3,386,127.0,260276,
assets/aa/Android/1dfdbf3b450872c0447c9630d78d1176.bundle,1dfdbf3b450872c0447c9630d78d1176.bundle,2022.3.62f2,1916573560145885184,Chart_HD,HD,,5e2c123f46134f549811e3b3efb0e17c;Assets/Tracks/BANGINGSTRIKE.DewPleiades.0/Chart_HD.json,3,0.0,18,644,234.0,2099697,
assets/aa/Android/1e1d4bf98b58478a88f0926b990cc3d9.bundle,1e1d4bf98b58478a88f0926b990cc3d9.bundle,2022.3.62f2,-7068800159715419115,Chart_HD,HD,,15705746498f84f46bf992d185878fc2;Assets/Tracks/幻影鬼魅PLEASE.R300K.0/Chart_HD.json,3,0.0,23,639,161.0,1458890,
assets/aa/Android/1f8015a27d4f7b79accc4ac301597fe2.bundle,1f8015a27d4f7b79accc4ac301597fe2.bundle,2022.3.62f2,-3897368830533039554,Chart_HD,HD,,488ec07dd24ae4a478e89e9314a2fdad;Assets/Tracks/Xenophobia.XinG.0/Chart_HD.json,3,0.0,12,873,174.0,1711583,
assets/aa/Android/1fc44ca5cc53185c0886b8b26e1c479f.bundle,1fc44ca5cc53185c0886b8b26e1c479f.bundle,2022.3.62f2,-2137961859033795039,Chart_HD,HD,,Assets/Tracks/GetReady.iF.0/Chart_HD.json;fe2a941b144bc504999919d3f17051e7,3,0.0,2,584,142.0,264465,
assets/aa/Android/204417cb754cdb7ab66191b1068e01f8.bundle,204417cb754cdb7ab66191b1068e01f8.bundle,2022.3.62f2,8876551918051547286,Chart_EZ,EZ,,2084ce999a25d264cab8976aac63fd91;Assets/Tracks/FULiAUTOSHOOTER.MYUKKE.0/Chart_EZ.json,3,0.0,24,141,145.0,1051842,
assets/aa/Android/20561ab2b5bfdd29c6d243b0e1e46450.bundle,20561ab2b5bfdd29c6d243b0e1e46450.bundle,2022.3.62f2,3514772645571475285,Chart_IN,IN,,Assets/Tracks/Stasis.Maozon.0/Chart_IN.json;da3da18e9c7df00498101e65f01d0efd,3,0.0,16,1322,180.0,5507363,
assets/aa/Android/20aae578bd351b977b1fc3137892bd0a.bundle,20aae578bd351b977b1fc3137892bd0a.bundle,2022.3.62f2,-5290426607618108329,Chart_IN,IN,,1bd565c96e50c4043aa4ac333d76e904;Assets/Tracks/MARENOL.LeaF.0/Chart_IN.json,3,0.0,7,689,140.0,813441,
assets/aa/Android/20c8d8899edaf7f74c4bc63dd9f0a542.bundle,20c8d8899edaf7f74c4bc63dd9f0a542.bundle,2022.3.62f2,-3174463502039408993,Chart_HD,HD,,Assets/Tracks/BoundedQuietude.FiniteLimitvsSiLiS.0/Chart_HD.json;b8c5d063ab63f9e47992ffc011a0c9ea,3,0.0,17,303,280.0,11849008,
assets/aa/Android/2121745c3b58ae0c21d2702f878ef84c.bundle,2121745c3b58ae0c21d2702f878ef84c.bundle,2022.3.62f2,1734103544251600629,Chart_HD,HD,,5efbb25b1b4475b48a95d2d3f843b3fd;Assets/Tracks/DevIAtiOnshortver.polysha.0/Chart_HD.json,3,0.0,23,827,140.0;155.0,3255775,
assets/aa/Android/214482f5046abbc02294f16e4791a065.bundle,214482f5046abbc02294f16e4791a065.bundle,2022.3.62f2,3353052456661799157,Chart_EZ,EZ,,784a648227005ea41ab2d99987539dc7;Assets/Tracks/幻影鬼魅PLEASE.R300K.0/Chart_EZ.json,3,0.0,23,283,161.0,1700424,
assets/aa/Android/21e95561b2a794e959406aeb1f91dbb9.bundle,21e95561b2a794e959406aeb1f91dbb9.bundle,2022.3.62f2,2963517327498808405,Chart_IN,IN,,177d0dce1f9576b47b8c97d257c06f02;Assets/Tracks/Spotlight.Ardolf.0/Chart_IN.json,3,0.0,21,777,160.0,3582823,
assets/aa/Android/21ead1c17275114e1a770e44d7dcb354.bundle,21ead1c17275114e1a770e44d7dcb354.bundle,2022.3.62f2,-3517749907050001416,Chart_IN,IN,,1c3044c4b0e7d9c408faacb5f1f080a9;Assets/Tracks/Concvssion.Halv.0/Chart_IN.json,3,0.0,24,1000,190.0,4914903,
assets/aa/Android/21f523a51fbb574fbf1c1996d889cd45.bundle,21f523a51fbb574fbf1c1996d889cd45.bundle,2022.3.62f2,138843335170553408,Chart_EZ,EZ,,04b364a246673bc4fb29e6e68fef1474;Assets/Tracks/FracturedAngel.DJRaisei.0/Chart_EZ.json,3,0.0,10,626,301.0,2824664,
assets/aa/Android/2225123d9e424cfa3f0313273082077c.bundle,2225123d9e424cfa3f0313273082077c.bundle,2022.3.62f2,-2201883402795922878,Chart_AT,AT,,7cde8fb28fd020445bde009cb29f040c;Assets/Tracks/Cthugha.USAO.0/Chart_AT.json,3,0.0,24,1444,213.0,2736778,
assets/aa/Android/2228513c4740533195671cb2f22f9692.bundle,2228513c4740533195671cb2f22f9692.bundle,2022.3.62f2,-6833289032245167095,Chart_HD,HD,,46e04e8218b18a94e9a48977e8a936d3;Assets/Tracks/TheChariotREVIIVAL.Attoclef.0/Chart_HD.json,3,0.0,10,660,190.0,1310057,
assets/aa/Android/2236f40f035ea826ee7e0557a5c25fbb.bundle,2236f40f035ea826ee7e0557a5c25fbb.bundle,2022.3.62f2,8917276440102701303,Chart_AT,AT,,Assets/Tracks/Cuvism.Fl00tvsHalv.0/Chart_AT.json;af2ebdf0421d2764b8947a5be05f98d9,3,0.0,24,1088,194.0,5827612,
assets/aa/Android/22bad2a38b2f79faa51862970dfac68f.bundle,22bad2a38b2f79faa51862970dfac68f.bundle,2022.3.62f2,-4827843575990154199,Chart_EZ,EZ,,Assets/Tracks/君往何处QuoVadis.M2U.0/Chart_EZ.json;f107b103cdecddc4395b9b3f068e3da2,3,0.0,16,208,160.0,1649425,
assets/aa/Android/22c713ddbd189a043e20eb93e929d26c.bundle,22c713ddbd189a043e20eb93e929d26c.bundle,2022.3.62f2,-7316929904311103334,Chart_EZ,EZ,,Assets/Tracks/Spotlight.Ardolf.0/Chart_EZ.json;f8ec498221bbb1c40846e0bf8d12dc47,3,0.0,23,288,160.0,2826130,
assets/aa/Android/235d5022cd6f53c2f6679a1be945b5ac.bundle,235d5022cd6f53c2f6679a1be945b5ac.bundle,2022.3.62f2,-2034077125748785434,Chart_HD,HD,,316304cdd9584492f9c3e55da40901eb;Assets/Tracks/Burn.NceS.0/Chart_HD.json,1,0.0,1,497,148.0,62025,
assets/aa/Android/238d78d3711d1d1735d46c160b703bf9.bundle,238d78d3711d1d1735d46c160b703bf9.bundle,2022.3.62f2,3919475935091675216,Chart_EZ,EZ,,Assets/Tracks/Letempsperdu.Daison.0/Chart_EZ.json;aef0bc6a9d0a1eb40b76cb7ca1ba5f60,3,0.0,11,262,188.0,2013112,
assets/aa/Android/23a5e00a7659dd968cc8f2d6a47828a5.bundle,23a5e00a7659dd968cc8f2d6a47828a5.bundle,2022.3.62f2,9003745203567963895,Chart_IN,IN,,181068cd017b1604da2f9d0d04f5a40c;Assets/Tracks/TheChariotREVIIVAL.Attoclef.0/Chart_IN.json,3,0.0,18,1009,190.0,4027915,
assets/aa/Android/23d8e5ceb38b8df251e1edfab75e82ea.bundle,23d8e5ceb38b8df251e1edfab75e82ea.bundle,2022.3.62f2,-2151176576702724898,Chart_AT,AT,,2c7a13b145ad2584dadacbbfee9596ca;Assets/Tracks/Poseidon.1112vsStar.0/Chart_AT.json,3,0.0,24,1228,175.0,6738207,
assets/aa/Android/2414508a31c5a6b0b98484ecd630a79b.bundle,2414508a31c5a6b0b98484ecd630a79b.bundle,2022.3.62f2,218427294280541244,Chart_EZ,EZ,,Assets/Tracks/DeadSoul.SoundSouler.0/Chart_EZ.json;e7757cd7d261c401cb80141fb13aaa40,3,0.0,2,273,132.0,129683,
assets/aa/Android/24223642a50d3bfe022eaa7175eaa7b4.bundle,24223642a50d3bfe022eaa7175eaa7b4.bundle,2022.3.62f2,5433472767992839178,Chart_IN,IN,,22b091da8a9c01944a2464c24c90cbb3;Assets/Tracks/ABYSSMOTION192333.ariiolTSAR奏Sou.0/Chart_IN.json,3,0.0,19,815,192.333,3501606,
assets/aa/Android/242b48e1991b2c007edce1827d1e88f5.bundle,242b48e1991b2c007edce1827d1e88f5.bundle,2022.3.62f2,7399244070623324824,Chart_EZ,EZ,,Assets/Tracks/Bitterblossom.imvi.0/Chart_EZ.json;dcc3124b3c36eb7409e9d7cd48107706,3,0.0,3,152,180.0,825495,
assets/aa/Android/249bc758f7f4c4aed14da22efbbb936d.bundle,249bc758f7f4c4aed14da22efbbb936d.bundle,2022.3.62f2,6450343844645158412,Chart_EZ,EZ,,6457b5fa384bb2445adeeedac4217595;Assets/Tracks/Antithese.Blacklolita.0/Chart_EZ.json,3,0.0,22,313,172.0,8620106,
assets/aa/Android/24b9c627a7f2d0ec1e90c9c013ff0365.bundle,24b9c627a7f2d0ec1e90c9c013ff0365.bundle,2022.3.62f2,-1595469347624311085,Chart_HD,HD,,0bb41d0ad37e0fa40bc9c36f392b8623;Assets/Tracks/ArtificialExistence.JunKuroda.0/Chart_HD.json,3,0.0,24,400,191.0,3428579,
assets/aa/Android/2531eed9c7bdb1ee562369936e1022bf.bundle,2531eed9c7bdb1ee562369936e1022bf.bundle,2022.3.62f2,2389842091365442151,Chart_IN,IN,,18f795388738d4dba927564d5d54aadd;Assets/Tracks/SnowDesert.WyvernP.0/Chart_IN.json,3,0.0,24,655,125.0,3323283,
assets/aa/Android/25904791ca75ae8498e18fc7a3ef9f10.bundle,25904791ca75ae8498e18fc7a3ef9f10.bundle,2022.3.62f2,-4782839388151579368,Chart_IN,IN,,970fa95ded42b1c4e83e5db6f34aed1a;Assets/Tracks/Upshift.Iriss-Frantzz.0/Chart_IN.json,3,0.0,23,946,155.0,2175803,
assets/aa/Android/259b048a8fa59cf6e806a2af84788a4c.bundle,259b048a8fa59cf6e806a2af84788a4c.bundle,2022.3.62f2,79865075205991745,Chart_AT,AT,,8e0a2e4a36d19034fa488915debfc8b0;Assets/Tracks/DiamondDust.MasahiroGodspeedAoki.0/Chart_AT.json,3,0.0,21,1518,200.0,6116190,
assets/aa/Android/260b33e43b5f57cf323aecc4f05e1b9c.bundle,260b33e43b5f57cf323aecc4f05e1b9c.bundle,2022.3.62f2,-7846293837966892582,Chart_HD,HD,,8d4ea4239c856c5468ff9b2c353308e0;Assets/Tracks/万吨匿名信.闫东炜.0/Chart_HD.json,3,0.0,1,648,120.0,114902,
assets/aa/Android/2677020fa1f5852cc54d51de875ab681.bundle,2677020fa1f5852cc54d51de875ab681.bundle,2022.3.62f2,-206637355946556088,Chart_IN,IN,,116159b0eb8437341a514bbf18e46dcd;Assets/Tracks/Credits.Frums.0/Chart_IN.json,3,0.0,5,535,179.0,181597,
assets/aa/Android/271daf1320120bcb69b19d62c4aacd44.bundle,271daf1320120bcb69b19d62c4aacd44.bundle,2022.3.62f2,390840929749634476,Chart_HD,HD,,11f5d49bd35095b45bcc92124cc318ce;Assets/Tracks/SwingSkipDrop.ミハイル.0/Chart_HD.json,3,0.0,14,327,210.0,1652825,
assets/aa/Android/2732c735703f317870ce4a88f33cd525.bundle,2732c735703f317870ce4a88f33cd525.bundle,2022.3.62f2,1664609864016162066,Chart_IN,IN,,6ef38c0c8a1ff67499b90f15f1a2a0f5;Assets/Tracks/Radiance.Nhato.0/Chart_IN.json,3,0.0,24,667,155.0,4833599,
assets/aa/Android/2777b2972627f58a1f5e1c6af4481258.bundle,2777b2972627f58a1f5e1c6af4481258.bundle,2022.3.62f2,7585364159385668070,Chart_HD,HD,,45eb966f279797b4fb0b94228fc79cb3;Assets/Tracks/ReEndofaDream.umavsモリモリあつし.0/Chart_HD.json,3,0.0,19,856,212.0,903281,
assets/aa/Android/280ca1fe3f66c72e2d9a09ee0f29990e.bundle,280ca1fe3f66c72e2d9a09ee0f29990e.bundle,2022.3.62f2,1604400326587399270,Chart_EZ,EZ,,Assets/Tracks/神話.PicaM2U.0/Chart_EZ.json;e9a386545b996844e83d77b5c127cd97,3,0.0,5,289,130.0,477346,
assets/aa/Android/28acb35fd881f704904491d9d1629f2f.bundle,28acb35fd881f704904491d9d1629f2f.bundle,2022.3.62f2,8192740504971915507,Chart_HD,HD,,04f75e58f5528ba46a1bc3c650debf5a;Assets/Tracks/atruthseekerCommunicationwithUtopiawillbelost.kuro.0/Chart_HD.json,3,0.0,24,555,206.0,2072343,
assets/aa/Android/28ae4550263bbdbe869f19d9f7c2ac1b.bundle,28ae4550263bbdbe869f19d9f7c2ac1b.bundle,2022.3.62f2,8607090600654443812,Chart_HD,HD,,300ec61664fdeee46826ae45045f18c4;Assets/Tracks/BRAINHACKER.SOMON.0/Chart_HD.json,3,0.0,9,372,158.0,1243656,
assets/aa/Android/28f40e5421aee667c31ea4270eab5011.bundle,28f40e5421aee667c31ea4270eab5011.bundle,2022.3.62f2,9145226189154806518,Chart_EZ,EZ,,511ca580ea210da4e90576a5b598675f;Assets/Tracks/INFiNiTEENERZYOverdoze.RekuMochizuki.0/Chart_EZ.json,3,0.0,17,333,180.0,910685,
assets/aa/Android/294aa8ce84005f987bf85d4bb62683cc.bundle,294aa8ce84005f987bf85d4bb62683cc.bundle,2022.3.62f2,3944983984072998815,Chart_EZ,EZ,,8abbe4d20ddff0248825c42d47774211;Assets/Tracks/AvataarReincarnationofKalpa.ScarletteakaCrYmson.0/Chart_EZ.json,3,0.0,2,122,180.0,235842,
assets/aa/Android/297053163e9f40358abe5b1afeb1b634.bundle,297053163e9f40358abe5b1afeb1b634.bundle,2022.3.62f2,-1896612880387448339,Chart_IN,IN,,Assets/Tracks/GOODTEK.EBIMAYO.0/Chart_IN.json;bd3bc22ec6570854e9cc52cc61faa891,3,0.0,10,873,190.0,916077,
assets/aa/Android/29957cf9d1947dba041462f1ae4cb09c.bundle,29957cf9d1947dba041462f1ae4cb09c.bundle,2022.3.62f2,-7714522588921700097,Chart_IN,IN,,84b4b5b099e29214d94f863ac986f0b4;Assets/Tracks/NickofTime.P4koo.0/Chart_IN.json,3,0.0,24,745,175.0,4043616,
assets/aa/Android/29b555b08df6e2642c364d485a954f8d.bundle,29b555b08df6e2642c364d485a954f8d.bundle,2022.3.62f2,-7581972704360608932,Chart_EZ,EZ,,7debd2d623da56744929e3468ee7ed47;Assets/Tracks/Cereris.SunsetRayNceS.0/Chart_EZ.json,3,0.05,4,490,175.0,697863,
assets/aa/Android/2a6f3c143e695ff78d9bf4d4ddc23ef7.bundle,2a6f3c143e695ff78d9bf4d4ddc23ef7.bundle,2022.3.62f2,2859428348479042732,Chart_IN,IN,,6c372c21703170d41b0a3458444d1dae;Assets/Tracks/RESSiSTANCE.ぐるたみん.0/Chart_IN.json,3,0.0,23,1026,205.0,1815439,
assets/aa/Android/2a8dae65ac29bc88a5ed12109664de6c.bundle,2a8dae65ac29bc88a5ed12109664de6c.bundle,2022.3.62f2,1291854540798311118,Chart_IN,IN,,267db127e0cf8a342a5cdb92c751fe02;Assets/Tracks/HorizonBlue.NothingButRequiemfeatAikapinChiyoko.0/Chart_IN.json,3,0.0,24,1084,200.0,6756084,
assets/aa/Android/2a9122bb3112a66bc7bc1816055766c2.bundle,2a9122bb3112a66bc7bc1816055766c2.bundle,2022.3.62f2,1375375610641813873,Chart_HD,HD,,276b60045f1078b4f965c3c5c9e94b65;Assets/Tracks/FreakyUndulationsNobleKnightsofTune.JehezukielKURORAK.0/Chart_HD.json,3,0.0,24,621,202.0,6249583,
assets/aa/Android/2ae5b980968792b59fe4836d0638f952.bundle,2ae5b980968792b59fe4836d0638f952.bundle,2022.3.62f2,-200826309250748653,Chart_IN,IN,,Assets/Tracks/GetReady.iF.0/Chart_IN.json;c11af05207935c742abacdfe48cf970b,3,0.0,8,819,142.0,1341838,
assets/aa/Android/2b720de1cbb383d73dba35b2ac4365de.bundle,2b720de1cbb383d73dba35b2ac4365de.bundle,2022.3.62f2,5789308999907034613,Chart_IN,IN,,3c8cea17877825041a25d2f802db9c42;Assets/Tracks/Ark.kanoryo.0/Chart_IN.json,3,0.0,23,726,180.0,2081287,
assets/aa/Android/2b97620049498782357b5ec62ad6171e.bundle,2b97620049498782357b5ec62ad6171e.bundle,2022.3.62f2,-7848117221361196195,Chart_HD,HD,,6275069d5ebf2ba41972e1ddddeb4331;Assets/Tracks/DerRichter.Ωμεγα.0/Chart_HD.json,3,0.0,14,615,192.0,1681346,
assets/aa/Android/2bb1809a9588ac2e3c1022f5a4c12064.bundle,2bb1809a9588ac2e3c1022f5a4c12064.bundle,2022.3.62f2,-1059850439134552878,Chart_HD,HD,,65ee22492ceed4e88b690d036333a7d2;Assets/Tracks/modulus.PTB10.0/Chart_HD.json,3,0.0,3,482,158.0,399867,
assets/aa/Android/2c08af3c87c7c5732c6efe02d71f6361.bundle,2c08af3c87c7c5732c6efe02d71f6361.bundle,2022.3.62f2,-1894716314456888643,Chart_IN,IN,,54e3b5cce1878ed44be836b994d25c01;Assets/Tracks/Devotion.Connexio.0/Chart_IN.json,3,0.0,24,793,167.0,7790329,
assets/aa/Android/2c3208b33bfe6bf38e87e36b358ae2e9.bundle,2c3208b33bfe6bf38e87e36b358ae2e9.bundle,2022.3.62f2,-5729960483342606502,Chart_IN,IN,,Assets/Tracks/JunXionBetweenLifeAndDeathVIPMix.1N6Fs.0/Chart_IN.json;a4ebd28fcb5bb42e2bea182e3a786064,3,0.0,7,722,164.0,1534127,
assets/aa/Android/2c5e4194b5c81b477f3a4500a639b6a4.bundle,2c5e4194b5c81b477f3a4500a639b6a4.bundle,2022.3.62f2,-5886716396017986188,Chart_EZ,EZ,,619fc8c6b319d104f85e13ba15e2c2d4;Assets/Tracks/FreakyUndulationsNobleKnightsofTune.JehezukielKURORAK.0/Chart_EZ.json,3,0.0,24,292,101.0,2114712,
assets/aa/Android/2ca3dcc369b6871bae85a024759515a4.bundle,2ca3dcc369b6871bae85a024759515a4.bundle,2022.3.62f2,5927217433688515422,Chart_HD,HD,,4a5a4dc19af6a654b89c7029c2f251d4;Assets/Tracks/Xepion.Acotto.0/Chart_HD.json,3,0.0,23,368,170.0,1513193,
assets/aa/Android/2cf2716d1e079b346bbe0c6f8c715852.bundle,2cf2716d1e079b346bbe0c6f8c715852.bundle,2022.3.62f2,8404695132116696457,Chart_EZ,EZ,,Assets/Tracks/WATER.A39沙包P.0/Chart_EZ.json;ef0f05ab1e45fa74791ca582128d01e8,3,0.0,10,338,170.0,1118325,
assets/aa/Android/2d000ecf801c244362579481d07f01db.bundle,2d000ecf801c244362579481d07f01db.bundle,2022.3.62f2,4285087363418202095,Chart_HD,HD,,Assets/Tracks/MARENOL.LeaF.0/Chart_HD.json;edb13fd6bb616a24b99751c90ae5fffa,3,0.0,1,467,140.0,89008,
assets/aa/Android/2d2066b2a4e758c486327340f6c4c69e.bundle,2d2066b2a4e758c486327340f6c4c69e.bundle,2022.3.62f2,-5064930419350186040,Chart_IN,IN,,01620b3af4dc34d7c927b3cc41928d64;Assets/Tracks/尊師TheGuru.rider.0/Chart_IN.json,3,0.0,5,738,152.0,471355,
assets/aa/Android/2d5d0527d291b25b0007db32bc0cfad4.bundle,2d5d0527d291b25b0007db32bc0cfad4.bundle,2022.3.62f2,1778306307056898648,Chart_IN,IN,,Assets/Tracks/BetterGraphicAnimation.ルゼ.0/Chart_IN.json;fc78ee9e570a1f642b0af1e8a76dd37a,3,0.0,11,616,180.0,1479728,
assets/aa/Android/2eb15f4f5dc6f2ca922e7b477bf4ea04.bundle,2eb15f4f5dc6f2ca922e7b477bf4ea04.bundle,2022.3.62f2,-6052280900195536382,Chart_HD,HD,,95389997c5864ee4aaf2d0929f38c780;Assets/Tracks/TECHNOPOLIS2085.PRASTIKDANCEFLOOR.0/Chart_HD.json,3,0.0,11,443,134.0,1694543,
assets/aa/Android/2edf5145bece54921eab9ed01f957cdc.bundle,2edf5145bece54921eab9ed01f957cdc.bundle,2022.3.62f2,-1573835613139172750,Chart_HD,HD,,Assets/Tracks/Archidoxen.Se_IRA.0/Chart_HD.json;eca619c1a3e821c42b46b976c2164b99,3,0.0,10,543,160.0,1332293,
assets/aa/Android/2ee53a11151ce3d7ea72584ad14df8a0.bundle,2ee53a11151ce3d7ea72584ad14df8a0.bundle,2022.3.62f2,8331996464013364911,Chart_EZ,EZ,,6c8c85e0ae22942db8726ea543f31215;Assets/Tracks/Aphasia.闫东炜.0/Chart_EZ.json,1,0.468,2,283,128.0,53984,
assets/aa/Android/2ef5f0277289245e135230a612b5d01c.bundle,2ef5f0277289245e135230a612b5d01c.bundle,2022.3.62f2,9099001843852771867,Chart_AT,AT,,6b64f0baf385f47759aca16f7cd8ac56;Assets/Tracks/狂喜蘭舞.LeaF.0/Chart_AT.json,3,0.0,14,1325,230.0,3041526,
assets/aa/Android/2f6208a8f60deaa8fd3b7685921aa043.bundle,2f6208a8f60deaa8fd3b7685921aa043.bundle,2022.3.62f2,5733360693016966331,Chart_HD,HD,,4b4cdb55f28496e4db3a6c1e6ff3dcb4;Assets/Tracks/IndelibleScar.Noah.0/Chart_HD.json,3,0.0,16,733,223.0,1676705,
assets/aa/Android/30021078afd05533c5b6c49f3882af6b.bundle,30021078afd05533c5b6c49f3882af6b.bundle,2022.3.62f2,7153136356554944190,Chart_AT,AT,,65b78d2412f20495b867dd383d55fbe0;Assets/Tracks/もぺもぺ.LeaF.0/Chart_AT.json,3,0.0,1,720,200.0,242043,
assets/aa/Android/302abe316048e7e0be07433beeb2ace4.bundle,302abe316048e7e0be07433beeb2ace4.bundle,2022.3.62f2,898884363411203796,Chart_AT,AT,,Assets/Tracks/雪降り雪が降っている.AiSSw夜輪ft結月ゆかり.0/Chart_AT.json;e7f1835326d82db4f80a9bf736dd883b,3,0.0,24,531,156.0,3436904,
assets/aa/Android/30332f75463ea7a8e74f3ae6a1d51f34.bundle,30332f75463ea7a8e74f3ae6a1d51f34.bundle,2022.3.62f2,1681768741593827839,Chart_EZ,EZ,,469930133267d414cbc83ab167541f3b;Assets/Tracks/Random.SobremSilentroom.0/Chart_EZ.json,3,0.0,24,275,132.0,2143085,
assets/aa/Android/30ef905233cac56db7c0a1f1e112b86f.bundle,30ef905233cac56db7c0a1f1e112b86f.bundle,2022.3.62f2,-1770448948101133675,Chart_IN,IN,,7127a2c378160a541b9d6e6c14ed699d;Assets/Tracks/DerSchneid.Ωμεγα.0/Chart_IN.json,3,0.0,20,1426,222.0,6408660,
assets/aa/Android/31a53b4b37b2b179a1c71a09343556a4.bundle,31a53b4b37b2b179a1c71a09343556a4.bundle,2022.3.62f2,6147171421152868120,Chart_IN,IN,,Assets/Tracks/BreakOver.Kforest.0/Chart_IN.json;ba17d0ba06b1aa34195f8e2d4d291fba,3,0.0,17,910,185.0,3144316,
assets/aa/Android/31cd218b965025a18bd1ca0b1fc18af4.bundle,31cd218b965025a18bd1ca0b1fc18af4.bundle,2022.3.62f2,1694414242619034707,Chart_IN,IN,,59a8d9cc78621a94893b8f9148a4c03a;Assets/Tracks/EradicationCatastrophe.NceS.0/Chart_IN.json,3,0.0,11,593,120.0,415696,
assets/aa/Android/31f25c4504646610274121122e2ba929.bundle,31f25c4504646610274121122e2ba929.bundle,2022.3.62f2,949502296460092112,Chart_IN,IN,,9eab2a471c9c3425eb82790481258da5;Assets/Tracks/Burn.NceS.0/Chart_IN.json,1,0.0,6,707,148.0,282701,
assets/aa/Android/328d141be260b93ae870b29e1815fcf7.bundle,328d141be260b93ae870b29e1815fcf7.bundle,2022.3.62f2,-370825949995177191,Chart_HD,HD,,Assets/Tracks/PoisonANDORAffection.LeaF.0/Chart_HD.json;c3e2ac982ce8ad74297bc91710b58090,3,0.0,6,278,120.0,623962,
assets/aa/Android/32b09b30f4775954a4dd50bf479e7dc8.bundle,32b09b30f4775954a4dd50bf479e7dc8.bundle,2022.3.62f2,-5556225028886509073,Chart_IN,IN,,012bb0242f01cb743a5dea6c428e613e;Assets/Tracks/KIZUNAResolution.TAG.0/Chart_IN.json,3,0.0,24,1039,240.0,11187900,
assets/aa/Android/32d30fc4440c34e9614420ccadb1cbcb.bundle,32d30fc4440c34e9614420ccadb1cbcb.bundle,2022.3.62f2,1449973006546249985,Chart_HD,HD,,7b9e5345f64385043babe75ea4eba645;Assets/Tracks/Wintercube.CtymaxfeatNceS.0/Chart_HD.json,3,0.0,8,449,104.0,439299,
assets/aa/Android/33137637983d1164ce4aef4caff62697.bundle,33137637983d1164ce4aef4caff62697.bundle,2022.3.62f2,-7710773088460387296,Chart_IN,IN,,9915a3c8254d1a84fb7f0b4c07cf84be;Assets/Tracks/幽世桔梗.Capchiifeatまるもこ.0/Chart_IN.json,3,0.0,24,981,182.0,11324339,
assets/aa/Android/3362f8c262367bc881ce0ae9407704a9.bundle,3362f8c262367bc881ce0ae9407704a9.bundle,2022.3.62f2,-699609740607880264,Chart_HD,HD,,Assets/Tracks/lifeflashesbeforeweebeyes.BilliumMoto.0/Chart_HD.json;c0ae87bf8e432450dba7bd8d2d881571,1,0.528409,2,960,227.0,207733,
assets/aa/Android/339e5eb118632702c461d6b77243fa2d.bundle,339e5eb118632702c461d6b77243fa2d.bundle,2022.3.62f2,8117001822341454835,Chart_EZ,EZ,,4ed05be0bbe4af7458761f4375c13dcc;Assets/Tracks/アンビバレンス.すりぃ相沢.0/Chart_EZ.json,3,0.0,24,299,187.0,5321193,
assets/aa/Android/33da4924308014293e4b36e45ae675ac.bundle,33da4924308014293e4b36e45ae675ac.bundle,2022.3.62f2,-8548519836609460957,Chart_IN,IN,,Assets/Tracks/Random.SobremSilentroom.2/Chart_IN.json;dedbe404b374bca4e98dbbc4171a4a2b,3,0.0,24,711,132.0,2376759,
assets/aa/Android/340d4b90f550bd540ee2fe6701c75435.bundle,340d4b90f550bd540ee2fe6701c75435.bundle,2022.3.62f2,-3759375634675148179,Chart_IN,IN,,4f893884d3d9aed46881b778548ff51f;Assets/Tracks/Wintercube.CtymaxfeatNceS.0/Chart_IN.json,3,0.0,5,733,104.0,1050378,
assets/aa/Android/34126041eee34ca45bdb25afcbb4a2ab.bundle,34126041eee34ca45bdb25afcbb4a2ab.bundle,2022.3.62f2,5728052806380544201,Chart_HD,HD,,97b42e4b234687d44bf19382858ace0d;Assets/Tracks/ParallelRetrogressionGameVer.Tetrajectory.0/Chart_HD.json,3,0.16,6,697,175.0,401821,
assets/aa/Android/34266129cef90c6ee583dce80ab725e5.bundle,34266129cef90c6ee583dce80ab725e5.bundle,2022.3.62f2,-6443017918977526021,Chart_HD,HD,,65f220038e52a3c4cb30bc63d59a3367;Assets/Tracks/Palescreen.WyvernPfeatMadol.0/Chart_HD.json,3,0.0,10,772,173.0,942858,
assets/aa/Android/3437c925725cb9a40f1073c0658563a4.bundle,3437c925725cb9a40f1073c0658563a4.bundle,2022.3.62f2,3750975525473130120,Chart_EZ,EZ,,Assets/Tracks/Palescreen.WyvernPfeatMadol.0/Chart_EZ.json;bd54bcf0125862e4dafffa7d36675ae2,3,0.0,10,224,173.0,781024,
assets/aa/Android/346b750090bf0d340cd9e849974100d9.bundle,346b750090bf0d340cd9e849974100d9.bundle,2022.3.62f2,8391212981085607487,Chart_EZ,EZ,,2deb5af0bba8816428f073000d689779;Assets/Tracks/Devotion.Connexio.0/Chart_EZ.json,3,0.0,7,317,167.0,1084325,
assets/aa/Android/34dfb12c4943a33fa0d976670875842d.bundle,34dfb12c4943a33fa0d976670875842d.bundle,2022.3.62f2,3387058145057963955,Chart_HD,HD,,8def38c84e54c624cafce2b37e565447;Assets/Tracks/ClockParadox.WyvernP.0/Chart_HD.json,3,0.0,13,312,140.0,479464,
assets/aa/Android/35285b2f11376eeaf4c5815d5e481ab0.bundle,35285b2f11376eeaf4c5815d5e481ab0.bundle,2022.3.62f2,-8154665110668240793,Chart_IN,IN,,Assets/Tracks/ClockParadox.WyvernP.0/Chart_IN.json;e5f0608516d55454c9ac28df8f4c120c,3,0.0,23,520,140.0,2603457,
assets/aa/Android/35b8655574de7173c2bc643c04ed5570.bundle,35b8655574de7173c2bc643c04ed5570.bundle,2022.3.62f2,1638998384358007396,Chart_EZ,EZ,,978ae2f855f6c9942824fa3089afbfd9;Assets/Tracks/SATELLITE.かめりあ.0/Chart_EZ.json,3,0.0,24,345,150.0,6334817,
assets/aa/Android/35dc9a0642cbd415aa1824b4033c4038.bundle,35dc9a0642cbd415aa1824b4033c4038.bundle,2022.3.62f2,-7607871867720073104,Chart_IN,IN,,Assets/Tracks/Demiurge.Rabpit.0/Chart_IN.json;f71787ae1e7522d4d97f89fb9818d541,3,0.0,19,520,111.0;222.0,3920930,
assets/aa/Android/3617c892204a1003a81e8eabfc41d028.bundle,3617c892204a1003a81e8eabfc41d028.bundle,2022.3.62f2,2877602487876811444,Chart_HD,HD,,Assets/Tracks/MOBILYS.Dachs.0/Chart_HD.json;d66aad48a7979b34db851218d0661e02,3,0.0,4,530,144.0,308510,
assets/aa/Android/362012e642d3ccbae9b2cd5b58f460e8.bundle,362012e642d3ccbae9b2cd5b58f460e8.bundle,2022.3.62f2,-6678436209366070074,Chart_HD,HD,,482977e59ef60534e99af5e76d3f5077;Assets/Tracks/FinalStep.Lime.0/Chart_HD.json,3,0.0,5,604,180.0,568265,
assets/aa/Android/362b879692161666cf065bdb5e73d9fe.bundle,362b879692161666cf065bdb5e73d9fe.bundle,2022.3.62f2,4552442285677797397,Chart_AT,AT,,5c7752d5988fc864eaf91647a3c73d7d;Assets/Tracks/dBdoll.YUESTEVENuen.0/Chart_AT.json,3,0.0,21,377,128.0,1360214,
assets/aa/Android/367c4c8ed3e88a247772c4b958bbfe87.bundle,367c4c8ed3e88a247772c4b958bbfe87.bundle,2022.3.62f2,8936223802305667208,Chart_HD,HD,,9740e8996ba099049bd40af0ca92025c;Assets/Tracks/Originally.SNKSMizku.0/Chart_HD.json,3,0.0,11,453,200.0,1030724,
assets/aa/Android/369b67dc78bd62c23a4e0e962d32d92a.bundle,369b67dc78bd62c23a4e0e962d32d92a.bundle,2022.3.62f2,7651679253531467990,Chart_HD,HD,,Assets/Tracks/RainySeason.AbyssIdols.0/Chart_HD.json;ce178da7337ea0d408c9828563d7272a,3,0.0,5,594,188.0,662789,
assets/aa/Android/36c1cd2425f67bcbbdd1f1177b7c5739.bundle,36c1cd2425f67bcbbdd1f1177b7c5739.bundle,2022.3.62f2,1593016270513758856,Chart_IN,IN,,Assets/Tracks/FixationsTowardtheStars.Foodbot.0/Chart_IN.json;c8f0fbf6f8616c4418256ceeede468ac,3,0.0,24,835,150.0,6834224,
assets/aa/Android/37a090585f514d9a2d1e586f2d8a777a.bundle,37a090585f514d9a2d1e586f2d8a777a.bundle,2022.3.62f2,7246050476829126389,Chart_EZ,EZ,,Assets/Tracks/Retribution.nmyKryexe.0/Chart_EZ.json;e0abe33207a2dfd4e824de132735a9bc,3,0.0,22,555,190.0,1569596,
assets/aa/Android/37b70fc34bc211b3cd2f9213518dff97.bundle,37b70fc34bc211b3cd2f9213518dff97.bundle,2022.3.62f2,-5298401821558505772,Chart_EZ,EZ,,803dad2e9a0972c41a3fd4018b392908;Assets/Tracks/BANGINGSTRIKE.DewPleiades.0/Chart_EZ.json,3,0.0,18,371,234.0,2018801,
assets/aa/Android/3868286731e49683a8b0f5751f28f305.bundle,3868286731e49683a8b0f5751f28f305.bundle,2022.3.62f2,6474449688644630155,Chart_EZ,EZ,,99722866fb0366c408a3521223d1ad15;Assets/Tracks/DropIt.Asuka.0/Chart_EZ.json,3,0.0,1,505,126.0,63282,
assets/aa/Android/395143cde75f2c65e74f4b7b43bcb7d2.bundle,395143cde75f2c65e74f4b7b43bcb7d2.bundle,2022.3.62f2,-401584455337682574,Chart_HD,HD,,3eb513d96a8ee5b40baa3b184294fb12;Assets/Tracks/游园地.椒盐菠萝.0/Chart_HD.json,3,0.0,24,444,128.0,1063453,
assets/aa/Android/39af317fcab98c195bfe12fea4c60712.bundle,39af317fcab98c195bfe12fea4c60712.bundle,2022.3.62f2,-5843468044314707670,Chart_EZ,EZ,,Assets/Tracks/开心病.闫东炜.0/Chart_EZ.json;a174ea524370f46bbbbce75a6074d775,3,0.0,11,399,131.0,588010,
assets/aa/Android/3a3f36a20a8f9fb693f3c197a17d4693.bundle,3a3f36a20a8f9fb693f3c197a17d4693.bundle,2022.3.62f2,1595772142072760606,Chart_HD,HD,,3eaad5f2c7235e54a92109c9e24b5ac5;Assets/Tracks/Upshift.Iriss-Frantzz.0/Chart_HD.json,3,0.0,24,545,155.0,1461869,
assets/aa/Android/3a8c705c2869eb2ce84c16e5bed1889c.bundle,3a8c705c2869eb2ce84c16e5bed1889c.bundle,2022.3.62f2,871115659838420886,Chart_IN,IN,,Assets/Tracks/Cleyera.Riya.0/Chart_IN.json;c656f04ebee756848ad2c53889bd4295,3,0.0,24,777,191.0,7622009,
assets/aa/Android/3b29f802f25071179888d8c133e3ee9d.bundle,3b29f802f25071179888d8c133e3ee9d.bundle,2022.3.62f2,4025905333322515440,Chart_EZ,EZ,,Assets/Tracks/Ark.kanoryo.0/Chart_EZ.json;aeb564e9b5c152e4a8ee0cf9722449bb,3,0.0,6,290,180.0,608476,
assets/aa/Android/3b4b27fcf2663ddf76ff4674594e36d2.bundle,3b4b27fcf2663ddf76ff4674594e36d2.bundle,2022.3.62f2,-7434081300344365216,Chart_HD,HD,,Assets/Tracks/Igallta.SeURa.0/Chart_HD.json;bcd31a0f226548d4f9afa1f5439c4303,3,0.0,4,601,230.0,530309,
assets/aa/Android/3b5dc6c2f5f7c9f8fba83d135260ce61.bundle,3b5dc6c2f5f7c9f8fba83d135260ce61.bundle,2022.3.62f2,-5656607419081211285,Chart_EZ,EZ,,8467f09269445b44ba259e28b660c292;Assets/Tracks/Schadenfreude.ZxNX.0/Chart_EZ.json,3,0.0,11,351,198.0,1123100,
assets/aa/Android/3b679c7e978b7b62775b415759af05fd.bundle,3b679c7e978b7b62775b415759af05fd.bundle,2022.3.62f2,-4924945611027089202,Chart_EZ,EZ,,98d8270e084656142a54d7c58b0a49d5;Assets/Tracks/盏茗.茶鸣拾贰律.0/Chart_EZ.json,3,0.0,22,83,131.0,218613,
assets/aa/Android/3b8db3adb809c503763078fd826946ce.bundle,3b8db3adb809c503763078fd826946ce.bundle,2022.3.62f2,4553585223763216934,Chart_HD,HD,,82815dadcd29b5f4fa2525436b231593;Assets/Tracks/Random.SobremSilentroom.6/Chart_HD.json,3,0.0,27,601,132.0,1478306,
assets/aa/Android/3bac9ca50a624fbb2adcd688dd6bb570.bundle,3bac9ca50a624fbb2adcd688dd6bb570.bundle,2022.3.62f2,-2838496594829679473,Chart_HD,HD,,876ffabc5e23bb446b3405386c66664a;Assets/Tracks/ChronosCollapseLaCampanella.SunsetRay.0/Chart_HD.json,3,0.0,5,773,180.0,743564,
assets/aa/Android/3bc450d6de7efed65ac72611a15a17bd.bundle,3bc450d6de7efed65ac72611a15a17bd.bundle,2022.3.62f2,-7010732931437109823,Chart_HD,HD,,25df07d72322729499de10be31a3c179;Assets/Tracks/Lyrith迷宮リリス.ユメミド.0/Chart_HD.json,3,0.0,2,700,177.0,327136,
assets/aa/Android/3be54b8cbe28f10f990ea5d131656c7b.bundle,3be54b8cbe28f10f990ea5d131656c7b.bundle,2022.3.62f2,873363631301339992,Chart_EZ,EZ,,5ac05f391e9fb214cbcd6dfe4f3f10a8;Assets/Tracks/PoisonANDORAffection.LeaF.0/Chart_EZ.json,3,0.0,6,140,120.0,597117,
assets/aa/Android/3c1f87ccb5105dc34481e88b702df640.bundle,3c1f87ccb5105dc34481e88b702df640.bundle,2022.3.62f2,-6367399000608743276,Chart_EZ,EZ,,1680cff5dd6d89b4e95d79b37b8d36b7;Assets/Tracks/Trojan.litmus.0/Chart_EZ.json,3,0.0,6,345,128.0,1512424,
assets/aa/Android/3c603fecf4d073b97f59b8c0b896ac2d.bundle,3c603fecf4d073b97f59b8c0b896ac2d.bundle,2022.3.62f2,-5277863993862828448,Chart_HD,HD,,Assets/Tracks/DistortedFate.Sakuzyo.0/Chart_HD.json;a6f90ec26f4f44344b4586b7a7733ce2,3,0.0,24,970,150.0,5366388,
assets/aa/Android/3cb5da582416fc3914f32ec8e05cba79.bundle,3cb5da582416fc3914f32ec8e05cba79.bundle,2022.3.62f2,-2725616262660446665,Chart_HD,HD,,Assets/Tracks/光.姜米條.0/Chart_HD.json;d5e6c04754274584a97fcfbf93e7f374,3,0.0,24,315,180.0,288322,
assets/aa/Android/3cd0b04f3e3fda7da14dbb6e2cdd69b8.bundle,3cd0b04f3e3fda7da14dbb6e2cdd69b8.bundle,2022.3.62f2,-8209673518250048514,Chart_HD,HD,,Assets/Tracks/ColorfulDays.P4koofeatつゆり花鈴.0/Chart_HD.json;edbcbcab41f2b4f4499d923462add8cf,3,0.0,1,186,136.0,173669,
assets/aa/Android/3cd760c0257de8a262d98e6e3752f4b4.bundle,3cd760c0257de8a262d98e6e3752f4b4.bundle,2022.3.62f2,-3500646888743971026,Chart_EZ,EZ,,6fcf15c0facafc34c8ed432c46e0251d;Assets/Tracks/BrokenSky.JungoMAX3feat刘佳宜Snow幻影刃shadow.0/Chart_EZ.json,3,0.0,5,169,130.0,666982,
assets/aa/Android/3d3a230cd542890d283fccf5e1d3707e.bundle,3d3a230cd542890d283fccf5e1d3707e.bundle,2022.3.62f2,-6860360419968289723,Chart_EZ,EZ,,0fe6fdbd32423bc48b4bd4f914c14c71;Assets/Tracks/Re_NascencePsystyleVer.Rinth_live.0/Chart_EZ.json,3,0.0,20,378,150.0,2429192,
assets/aa/Android/3d4e3f75f8d36985696e6ab935ca68f8.bundle,3d4e3f75f8d36985696e6ab935ca68f8.bundle,2022.3.62f2,-8765626885902035164,Chart_EZ,EZ,,3cdb416b5b14b4e0d980a3928e672653;Assets/Tracks/mechanted.rareguy.0/Chart_EZ.json,1,0.0,2,184,172.0,133989,
assets/aa/Android/3d56a6cfecd143786e3ac1eaa11f2c2c.bundle,3d56a6cfecd143786e3ac1eaa11f2c2c.bundle,2022.3.62f2,-4678420112382320826,Chart_AT,AT,,359929d73c01b5c4f86b4e233d2fd6c5;Assets/Tracks/BANGINGSTRIKE.DewPleiades.0/Chart_AT.json,3,0.0,24,1677,234.0,7696981,
assets/aa/Android/3d7cefedf292429c8fc2914e711ce713.bundle,3d7cefedf292429c8fc2914e711ce713.bundle,2022.3.62f2,-1613413955713249298,Chart_HD,HD,,85a72176b686eca44bcc592cf9d53066;Assets/Tracks/ATHAZA.LeaF.0/Chart_HD.json,3,0.0,20,662,280.0,5206048,
assets/aa/Android/3dc856516edf7b8c8f7efb1c7ffc65bb.bundle,3dc856516edf7b8c8f7efb1c7ffc65bb.bundle,2022.3.62f2,-6571373957515301567,Chart_IN,IN,,5e619d8eb2813c242afd8e0edb5fe972;Assets/Tracks/月詠に鳴る.Feryquitousfeat藍月なくる.0/Chart_IN.json,3,0.0,24,858,180.0,5772938,
assets/aa/Android/3e205a07b5594b3c483b61a17c80b71d.bundle,3e205a07b5594b3c483b61a17c80b71d.bundle,2022.3.62f2,3695754046327570900,Chart_IN,IN,,0fb51e64c9474214fb99ea1db04ee3ea;Assets/Tracks/CrushBETA.shadow_bling.0/Chart_IN.json,3,0.0,23,977,200.0,3767341,
assets/aa/Android/3e7d255112ef48b54d00a114fee42ffb.bundle,3e7d255112ef48b54d00a114fee42ffb.bundle,2022.3.62f2,-4668324069867502189,Chart_HD,HD,,452f0438338c0a748ae8834754088fb5;Assets/Tracks/心之所向.姜米條.0/Chart_HD.json,3,0.0,4,422,180.0,1895685,
assets/aa/Android/3e813b834f2867e0f3f4356c3637f78f.bundle,3e813b834f2867e0f3f4356c3637f78f.bundle,2022.3.62f2,-5691373330197780879,Chart_IN,IN,,Assets/Tracks/KirakiraNoelStory.RekuMochizuki.0/Chart_IN.json;e773dd06c40cb164285619c69f977e7b,3,0.0,24,935,180.0,5896691,
assets/aa/Android/3ebdf804df8b3eda1613b6d02ce50019.bundle,3ebdf804df8b3eda1613b6d02ce50019.bundle,2022.3.62f2,5111331643270116432,Chart_HD,HD,,3233d4e4895ff61408fee8607c65d51f;Assets/Tracks/ぱぴぷぴぷぴぱ.ころねぽちWith立秋.0/Chart_HD.json,3,0.0,11,1290,200.0,1599787,
assets/aa/Android/3ed9b5b27cef61ee9535b054a106dacc.bundle,3ed9b5b27cef61ee9535b054a106dacc.bundle,2022.3.62f2,-5593079361190259279,Chart_IN,IN,,Assets/Tracks/StardustRAY.kanonevsBlackY.0/Chart_IN.json;a1217ce5181d28f44a02d4df1c377cac,3,0.0,24,1392,164.0,9568874,
assets/aa/Android/3ee2ee6d88a6877b4b033b420f25c0c4.bundle,3ee2ee6d88a6877b4b033b420f25c0c4.bundle,2022.3.62f2,5662735044698891525,Chart_IN,IN,,196050537bd9dd54bb62c3859fd6be7b;Assets/Tracks/bye.DingerBox.0/Chart_IN.json,3,0.0,24,725,160.0,7214641,
assets/aa/Android/3f31ddd7fd4f94889473018da62efc98.bundle,3f31ddd7fd4f94889473018da62efc98.bundle,2022.3.62f2,6580996955625401067,Chart_EZ,EZ,,53fe10015cf5a904396147e984427602;Assets/Tracks/Random.SobremSilentroom.6/Chart_EZ.json,3,0.0,24,281,132.0,2068941,
assets/aa/Android/3f3c531e911d1ff1a896cbadf0138a92.bundle,3f3c531e911d1ff1a896cbadf0138a92.bundle,2022.3.62f2,1815900626440413777,Chart_HD,HD,,Assets/Tracks/Credits.Frums.0/Chart_HD.json;e4f5d7e911b50b240bad8ed789f80899,1,0.0,3,355,179.0,60141,
assets/aa/Android/3fadb98fc06c4f9b52caa8ff9ca1879d.bundle,3fadb98fc06c4f9b52caa8ff9ca1879d.bundle,2022.3.62f2,287858918411338194,Chart_IN,IN,,97622335323874f40858817adb8d0b27;Assets/Tracks/Palescreen.WyvernPfeatMadol.0/Chart_IN.json,3,0.0,10,1059,173.0,1703377,
assets/aa/Android/3ff0b5521862ee0952145e8f7fe399e9.bundle,3ff0b5521862ee0952145e8f7fe399e9.bundle,2022.3.62f2,-7055310794987752419,Chart_AT,AT,,9944b5b606cb0174ca54747af75c3474;Assets/Tracks/玩具狂奏曲終焉.きくお.0/Chart_AT.json,3,0.0,24,1374,130.0,8029369,
assets/aa/Android/4013638eefb8186869a6f9c1f6fe5b75.bundle,4013638eefb8186869a6f9c1f6fe5b75.bundle,2022.3.62f2,-7122876370183553945,Chart_IN,IN,,66642e3c939d62a468c8d8fa84083ef5;Assets/Tracks/Komplexe.雄之助featSennzai.0/Chart_IN.json,3,0.0,23,1051,165.0,7341875,
assets/aa/Android/40378874c571d6ac0e1efe1e49ca182a.bundle,40378874c571d6ac0e1efe1e49ca182a.bundle,2022.3.62f2,7297921863201621475,Chart_EZ,EZ,,9f0a471505ea44841b4f3821eeb64213;Assets/Tracks/蝎虎天体Lacertid.CreamvsDaily天利.0/Chart_EZ.json,3,0.0,10,273,220.0,2525494,
assets/aa/Android/4092122c7ce31bcb48e4605dc921de30.bundle,4092122c7ce31bcb48e4605dc921de30.bundle,2022.3.62f2,5959097562472714797,Chart_EZ,EZ,,9c55bfbbb3837403a836c6fd1faf6cdf;Assets/Tracks/CervelleConnexion.SCTL.0/Chart_EZ.json,3,0.0,5,301,142.0,247780,
assets/aa/Android/418803f7802f9422d6b443b5ed81cdeb.bundle,418803f7802f9422d6b443b5ed81cdeb.bundle,2022.3.62f2,-8574987958059440994,Chart_IN,IN,,Assets/Tracks/Glaciaxion.SunsetRay.0/Chart_IN.json;a27a2385f3b5cc149b3744f02fda716e,3,0.0,20,729,140.0,1098319,
assets/aa/Android/41d953583609573adf9864c4fa7c290d.bundle,41d953583609573adf9864c4fa7c290d.bundle,2022.3.62f2,-7285539769417527984,Chart_HD,HD,,43edb7b7ad469084c931730157eb1e7d;Assets/Tracks/LuminousEntitiesLostHeart.NormalMfeatUsagiDenki.0/Chart_HD.json,3,0.0,14,461,200.0,1537515,
assets/aa/Android/422c3d45e5776fad4768aa6aba6ff695.bundle,422c3d45e5776fad4768aa6aba6ff695.bundle,2022.3.62f2,2927066036472773482,Chart_IN,IN,,Assets/Tracks/iLArtifact.Link0.0/Chart_IN.json;dcada8e795be6614e84bb3158f21145c,3,0.0,24,1279,184.0,8080385,
assets/aa/Android/4281c6c0078802d258bb3090ae34da20.bundle,4281c6c0078802d258bb3090ae34da20.bundle,2022.3.62f2,-7157235586390238869,Chart_HD,HD,,8259e61bafae7b541a37eca4b7d6c45a;Assets/Tracks/BraveNotes.TurquoiseDRIVENota.0/Chart_HD.json,3,0.0,15,442,192.0,1230834,
assets/aa/Android/42cc45d036f70e565d444384375d6e48.bundle,42cc45d036f70e565d444384375d6e48.bundle,2022.3.62f2,-6177054521700470866,Chart_EZ,EZ,,3c28a00ce7929e949bfdab5f6b49ea10;Assets/Tracks/心之所向.姜米條.0/Chart_EZ.json,3,0.0,5,226,180.0,1146966,
assets/aa/Android/43110a411f0b92bd5ee5d4f6f54094bc.bundle,43110a411f0b92bd5ee5d4f6f54094bc.bundle,2022.3.62f2,-5102076185491407982,Chart_IN,IN,,99d0a4ecb6d358e41b9ee393059d61f3;Assets/Tracks/Lyrith迷宮リリス.ユメミド.0/Chart_IN.json,3,0.0,24,1267,177.0,5712176,
assets/aa/Android/4327a0e7e560abab2286ffa3a6303d86.bundle,4327a0e7e560abab2286ffa3a6303d86.bundle,2022.3.62f2,4947264151689580489,Chart_EZ,EZ,,Assets/Tracks/InfinityHeaven.HyuN.0/Chart_EZ.json;b94d662a6f08d40ad9ed63c15c169c2e,3,0.0,1,164,160.0,23413,
assets/aa/Android/43ffbb56729cfc94ec062b9134acd690.bundle,43ffbb56729cfc94ec062b9134acd690.bundle,2022.3.62f2,-3915583392202964657,Chart_HD,HD,,11035f5099ad0468eb053fd8c019bb7b;Assets/Tracks/SultanRage.MonstDeath.0/Chart_HD.json,3,0.0,10,334,155.0,64765,
assets/aa/Android/440e2393e3a639fd5007f7af8a3a62a1.bundle,440e2393e3a639fd5007f7af8a3a62a1.bundle,2022.3.62f2,-6451926159713671081,Chart_EZ,EZ,,Assets/Tracks/彼方へ名もなき海辺より.打打だいず&月乃.0/Chart_EZ.json;a87e36e7f4965c14f90a809a8938c03b,3,0.0,19,217,185.0,4839550,
assets/aa/Android/445d4e544932f89eeeb5268836f98524.bundle,445d4e544932f89eeeb5268836f98524.bundle,2022.3.62f2,-8027034957266590445,Chart_HD,HD,,2ae4ad37a5a233d4ca0530dae6e47863;Assets/Tracks/Rrharil.TeamGrimoire.0/Chart_HD.json,3,0.0,6,700,190.0,1220333,
assets/aa/Android/44719f0ef4193c1114294b012d337cea.bundle,44719f0ef4193c1114294b012d337cea.bundle,2022.3.62f2,6023839419156230463,Chart_EZ,EZ,,732f72f8d2fed0f47ac762e2d50c43b2;Assets/Tracks/Cthugha.USAO.0/Chart_EZ.json,3,0.0,8,378,213.0,896718,
assets/aa/Android/44e042d28477c42be13dcfb1b0fd5466.bundle,44e042d28477c42be13dcfb1b0fd5466.bundle,2022.3.62f2,-7828618146080900419,Chart_EZ,EZ,,4d109add3f388234ab20ac7f8faf57b2;Assets/Tracks/白と黒のバケモノ.テヅカ.0/Chart_EZ.json,3,0.0,8,231,205.0,888787,
assets/aa/Android/45050edd12824a67a8dda40fe5c1cca8.bundle,45050edd12824a67a8dda40fe5c1cca8.bundle,2022.3.62f2,-1065350856393154337,Chart_HD,HD,,80386f8a1f151cb4796c7c2907a8b343;Assets/Tracks/Eltaw.Fl00t.0/Chart_HD.json,3,0.0,2,608,193.0,321802,
assets/aa/Android/4545620c7de8efbb0f236e5676ce811a.bundle,4545620c7de8efbb0f236e5676ce811a.bundle,2022.3.62f2,3798626991768850832,Chart_HD,HD,,Assets/Tracks/YouaretheMiserable.tpazolite.0/Chart_HD.json;f6cef8204b14ad64580491ad63a19aab,3,0.0,8,762,163.0,1357406,
assets/aa/Android/454a443ba2ba63f711ec5f7fb7dd3012.bundle,454a443ba2ba63f711ec5f7fb7dd3012.bundle,2022.3.62f2,4746072476301572124,Chart_HD,HD,,2ec177ac84fe5184aa8d3112e1717499;Assets/Tracks/DiamondDust.MasahiroGodspeedAoki.0/Chart_HD.json,3,0.0,24,646,200.0,5406995,
assets/aa/Android/45514a354387df84ede07a9095ef0270.bundle,45514a354387df84ede07a9095ef0270.bundle,2022.3.62f2,-449602205692754014,Chart_EZ,EZ,,Assets/Tracks/StardustRAY.kanonevsBlackY.0/Chart_EZ.json;bab6226d59424cf4ba416a97cc695614,3,0.0,22,399,164.0,1397642,
assets/aa/Android/45716891a4e0632056b4ae90dad77ede.bundle,45716891a4e0632056b4ae90dad77ede.bundle,2022.3.62f2,3842979152582895971,Chart_HD,HD,,Assets/Tracks/Hydra.JamesLandinoXAkiraComplex.0/Chart_HD.json;bb10e258a5671014c806aa8a3670220c,3,0.0,24,723,160.0,5312838,
assets/aa/Android/45a9fcdd09775786497def5c2a941f01.bundle,45a9fcdd09775786497def5c2a941f01.bundle,2022.3.62f2,-2247427443845843645,Chart_IN,IN,,Assets/Tracks/DerRichter.Ωμεγα.0/Chart_IN.json;dd1525c2369f57146baa93241d057a24,3,0.0,17,1149,192.0,2110101,
assets/aa/Android/45b0634a16e6d2b939a554048e023e22.bundle,45b0634a16e6d2b939a554048e023e22.bundle,2022.3.62f2,4062273538091213614,Chart_IN,IN,,45872b582a55e0243ac64ae09120440b;Assets/Tracks/energytrixxx.KAH.0/Chart_IN.json,3,0.0,24,930,160.0,3155120,
assets/aa/Android/45d26b5b9328e5d658a72171ce57b404.bundle,45d26b5b9328e5d658a72171ce57b404.bundle,2022.3.62f2,6371227974113463429,Chart_HD,HD,,Assets/Tracks/Trojan.litmus.0/Chart_HD.json;e4838e2a7a03e7b428a755f8e81402ff,3,0.0,8,741,128.0,1448811,
assets/aa/Android/45e1d3378786cbef3db20b37267d2592.bundle,45e1d3378786cbef3db20b37267d2592.bundle,2022.3.62f2,-6915486818123700393,Chart_EZ,EZ,,2babc0bc28ce648848bd7c16cc46f890;Assets/Tracks/SURREALISM.Itsuki.0/Chart_EZ.json,3,0.0,9,338,180.0,1507571,
assets/aa/Android/469242611d1c64a084ba2a84c5574e3b.bundle,469242611d1c64a084ba2a84c5574e3b.bundle,2022.3.62f2,7504447607068419277,Chart_IN,IN,,2a689f549da30d74da9b160255996bda;Assets/Tracks/Shelter.MeatyRabbitNceS.0/Chart_IN.json,3,0.0,21,696,170.0,8383182,
assets/aa/Android/47ab190c5f0c443551d9873f8598a7a9.bundle,47ab190c5f0c443551d9873f8598a7a9.bundle,2022.3.62f2,-9108931194637256124,Chart_EZ,EZ,,28144cfc3c378ec4dae7108f49685f4d;Assets/Tracks/Rebirth.ああああ.0/Chart_EZ.json,3,0.0,24,320,196.0,4055279,
assets/aa/Android/47f870e5e23d8b3a3241955340d7fae3.bundle,47f870e5e23d8b3a3241955340d7fae3.bundle,2022.3.62f2,359603498529162412,Chart_IN,IN,,Assets/Tracks/DiamondDust.MasahiroGodspeedAoki.0/Chart_IN.json;cfcfb4b9e4518fb47b9be9ccfb34d8eb,3,0.0,24,986,200.0,3399040,
assets/aa/Android/489056ae27c6b080b95aede1b9586971.bundle,489056ae27c6b080b95aede1b9586971.bundle,2022.3.62f2,-4430995071620022135,Chart_HD,HD,,Assets/Tracks/cryout.JuE.0/Chart_HD.json;c8148587f1378464db3e2ab2f812d628,1,0.0,2,529,180.0,76411,
assets/aa/Android/48ac39cbc097e9d2c9a49cc3b83b4db2.bundle,48ac39cbc097e9d2c9a49cc3b83b4db2.bundle,2022.3.62f2,7993885206552445174,Chart_IN,IN,,0f458b186e94d2c4eb5d08b0e27ec864;Assets/Tracks/QZKagoRequiem.tpazolite.0/Chart_IN.json,3,0.0,24,1259,257.0,5308572,
assets/aa/Android/48bfe7b3fcd36936670d1cf85652dd9f.bundle,48bfe7b3fcd36936670d1cf85652dd9f.bundle,2022.3.62f2,5784693329707563359,Chart_EZ,EZ,,0bba62d8bc606914c98be03ba6891443;Assets/Tracks/青丘.BLACK0.0/Chart_EZ.json,3,0.0,7,284,180.0,208219,
assets/aa/Android/48d2fa553c7ee814257c475bc49bea44.bundle,48d2fa553c7ee814257c475bc49bea44.bundle,2022.3.62f2,-322090512880964374,Chart_HD,HD,,1314094324fbb0141813a2de265359db;Assets/Tracks/TheWholeRest.KIVΛ.0/Chart_HD.json,3,0.0,24,484,157.0,5220251,
assets/aa/Android/48f22086b2a0b990d6582851f3dde536.bundle,48f22086b2a0b990d6582851f3dde536.bundle,2022.3.62f2,-5282529861859473216,Chart_EZ,EZ,,Assets/Tracks/Starduster.Quree.0/Chart_EZ.json;a6762116e7c7ea645a7851d96be9370f,3,0.0,4,280,110.0,634809,
assets/aa/Android/48f5f93c0182dcd3172cff15f3268851.bundle,48f5f93c0182dcd3172cff15f3268851.bundle,2022.3.62f2,-8651151867389014428,Chart_HD,HD,,1e3cd5eaa8c2f354ba27d67ed5854837;Assets/Tracks/Bloom.targ麻团qwq.0/Chart_HD.json,3,0.0,18,724,150.0,1372825,
assets/aa/Android/490aa1156c58019182836223ba8835a3.bundle,490aa1156c58019182836223ba8835a3.bundle,2022.3.62f2,6572380638220331586,Chart_HD,HD,,4f4bdb95bbe9df445bd313cc0f33bcbd;Assets/Tracks/Protoflicker.Silentroom.0/Chart_HD.json,3,0.0,16,511,140.0,3188715,
assets/aa/Android/491f2a75dfc8cf39952dbb19ec51cbe7.bundle,491f2a75dfc8cf39952dbb19ec51cbe7.bundle,2022.3.62f2,-1794472888423275946,Chart_EZ,EZ,,3b18b84411f38d2478336ba66b6a325d;Assets/Tracks/DiamondEyes.SYNTHETIC.0/Chart_EZ.json,3,0.0,4,340,140.0,1446543,
assets/aa/Android/4a9326091cea19e3cf6a930a97ce3bdb.bundle,4a9326091cea19e3cf6a930a97ce3bdb.bundle,2022.3.62f2,-1125614655080411372,Chart_IN,IN,,1e8828cd12c894a089383df61d103622;Assets/Tracks/lifeflashesbeforeweebeyes.BilliumMoto.0/Chart_IN.json,3,0.528409,6,1065,227.0,721683,
assets/aa/Android/4aaae2453f8c2616c12a929d1bbd390e.bundle,4aaae2453f8c2616c12a929d1bbd390e.bundle,2022.3.62f2,4922448833479545832,Chart_IN,IN,,9e72b1750e0062649bba0017c9a45b4d;Assets/Tracks/Schadenfreude.ZxNX.0/Chart_IN.json,3,0.0,24,1257,198.0,4753159,
assets/aa/Android/4ab06152e0e0f63f33f712e02776113f.bundle,4ab06152e0e0f63f33f712e02776113f.bundle,2022.3.62f2,-5016467141466939347,Chart_HD,HD,,3768dc51d95020a4d91b9ac7aebeb83d;Assets/Tracks/iLArtifact.Link0.0/Chart_HD.json,3,0.0,22,925,184.0,955674,
assets/aa/Android/4ac9985fb46f344fa02055ad0cf44c40.bundle,4ac9985fb46f344fa02055ad0cf44c40.bundle,2022.3.62f2,7932698547575536137,Chart_HD,HD,,5cee0a315ee6339438f5f6fef1502367;Assets/Tracks/Apocalyptic.ZClaxxSumaiLight.0/Chart_HD.json,3,0.0,6,329,160.0,748088,
assets/aa/Android/4b71816a0dbe2d41c8989e0e5eb77f7d.bundle,4b71816a0dbe2d41c8989e0e5eb77f7d.bundle,2022.3.62f2,-196670507566662086,Chart_HD,HD,,1d97c75dd1c7385448f9c2b0caffd75c;Assets/Tracks/风屿.闫东炜.0/Chart_HD.json,3,0.0,1,802,170.0,123616,
assets/aa/Android/4bb216ae67bd3903ea69a265faff73a1.bundle,4bb216ae67bd3903ea69a265faff73a1.bundle,2022.3.62f2,2222413617676099246,Chart_HD,HD,,1ffd7ed07f262144e981de6c9f71b570;Assets/Tracks/TriumphRegret.typeMARS.0/Chart_HD.json,3,0.0,18,694,175.0,1712656,
assets/aa/Android/4be535f0d5662926f92b732b088aafbe.bundle,4be535f0d5662926f92b732b088aafbe.bundle,2022.3.62f2,1519489658134523375,Chart_EZ,EZ,,8ad03739a6b58954586c4d04aaf2bc94;Assets/Tracks/ManifoldHypothesis.cybermisofeattigerlily.0/Chart_EZ.json,3,0.0,7,187,174.0,418137,
assets/aa/Android/4c21d9156dbcc99fda20907631ee5f26.bundle,4c21d9156dbcc99fda20907631ee5f26.bundle,2022.3.62f2,-4990641699413639192,Chart_IN,IN,,5e5407314807cba4e9d9324c7e0d9df8;Assets/Tracks/OnAndOn.ETIAfeatJenga.0/Chart_IN.json,3,0.0,24,830,170.0,4218615,
assets/aa/Android/4c4f0dc9d75548af00ee6cb71d9574a3.bundle,4c4f0dc9d75548af00ee6cb71d9574a3.bundle,2022.3.62f2,2400428203747345430,Chart_HD,HD,,Assets/Tracks/Chronologika.Hundotte.0/Chart_HD.json;f18aca107768e024ea54a16adf6a0881,3,0.0,22,456,180.0,1607313,
assets/aa/Android/4c5249a21a59d15c086f1e0a419ca90e.bundle,4c5249a21a59d15c086f1e0a419ca90e.bundle,2022.3.62f2,-1464210103791044397,Chart_IN,IN,,943382ef2bde7bd4c95b399d2fb88134;Assets/Tracks/Retribution.nmyKryexe.0/Chart_IN.json,3,0.0,24,1358,190.0,8042742,
assets/aa/Android/4d25d957145a0831dd43b74de6b16df0.bundle,4d25d957145a0831dd43b74de6b16df0.bundle,2022.3.62f2,-2159886079465659698,Chart_IN,IN,,36be2489247e53f419a6341c5562611c;Assets/Tracks/BRAINHACKER.SOMON.0/Chart_IN.json,3,0.0,15,780,158.0,2303248,
assets/aa/Android/4d41301d7bd00156a401283edf5da661.bundle,4d41301d7bd00156a401283edf5da661.bundle,2022.3.62f2,3866516724175587125,Chart_EZ,EZ,,Assets/Tracks/月下缭乱.月見静華vsLUNARiUM.0/Chart_EZ.json;de4a3c794575e404f8857bf945e664df,3,0.0,24,419,175.0,2227259,
assets/aa/Android/4d6d9c36866117799ed2642f9236baf8.bundle,4d6d9c36866117799ed2642f9236baf8.bundle,2022.3.62f2,2644976975405508056,Chart_EZ,EZ,,Assets/Tracks/千紫万紅.r0yvsWABI.0/Chart_EZ.json;e769b924cea0e7743aeefd3e47045284,3,0.0,10,240,203.0,1662761,
assets/aa/Android/4d704f564b7517b2e4cde819af3fe480.bundle,4d704f564b7517b2e4cde819af3fe480.bundle,2022.3.62f2,146053053626932484,Chart_EZ,EZ,,Assets/Tracks/Sein.朔Apo11oprogramvsお月さま交響曲ftkuroa荒巻.0/Chart_EZ.json;a2b5e2c84684346ad9a5d91b94dc34b5,1,0.0,1,203,210.0,24809,
assets/aa/Android/4d80cae9d8dec9a5c154827184248c0a.bundle,4d80cae9d8dec9a5c154827184248c0a.bundle,2022.3.62f2,-6690946478523332518,Chart_HD,HD,,7ac1b8b7772c92b4fba21245e5e9bb1b;Assets/Tracks/GOODWORLD.EBIMAYO.0/Chart_HD.json,3,0.0,6,805,165.0,331881,
assets/aa/Android/4da8ae60f5d32d4773d8cf562f32306b.bundle,4da8ae60f5d32d4773d8cf562f32306b.bundle,2022.3.62f2,-2282525041511436546,Chart_EZ,EZ,,Assets/Tracks/TECHNOPOLIS2085.PRASTIKDANCEFLOOR.0/Chart_EZ.json;fba6cb7c7b9f6704ea54ea52083bdb04,3,0.0,9,141,134.0,1162509,
assets/aa/Android/4dd9a441f25dd601635939da68355cf7.bundle,4dd9a441f25dd601635939da68355cf7.bundle,2022.3.62f2,-4037671569124544809,Chart_HD,HD,,6dd66d34f391c60498150e15ad42b4cb;Assets/Tracks/AvataarReincarnationofKalpa.ScarletteakaCrYmson.0/Chart_HD.json,3,0.0,23,887,180.0;540.0,2909822,
assets/aa/Android/4dee6b13d759d04b4a2cffdd816b1cb9.bundle,4dee6b13d759d04b4a2cffdd816b1cb9.bundle,2022.3.62f2,2057482589467084965,Chart_EZ,EZ,,36369528b4ba8a944b49a00dc33fb32c;Assets/Tracks/GetReady.iF.0/Chart_EZ.json,3,0.0,2,363,142.0,243937,
assets/aa/Android/4df9db08910d0efe98c24a89b3eca6a3.bundle,4df9db08910d0efe98c24a89b3eca6a3.bundle,2022.3.62f2,1236739454943367488,Chart_Legacy,Legacy,,75b65c90ed65b1247a92a967f5402889;Assets/Tracks/Aleph0.LeaF.0/Chart_Legacy.json,1,0.0,6,684,140.0;250.0,93224,
assets/aa/Android/4e57aaa48059997b0b94e945816fdcb5.bundle,4e57aaa48059997b0b94e945816fdcb5.bundle,2022.3.62f2,-6863755759221047232,Chart_HD,HD,,1c56d574267661e43b0cf492fafd20bc;Assets/Tracks/瓷岁.茶鸣拾贰律.0/Chart_HD.json,3,0.0,7,309,126.0,2225436,
assets/aa/Android/4ee2ef5edd828c92a98d34e066541081.bundle,4ee2ef5edd828c92a98d34e066541081.bundle,2022.3.62f2,-4550658169835446999,Chart_IN,IN,,Assets/Tracks/FracturedAngel.DJRaisei.0/Chart_IN.json;fd1cbf546aaa4bc42a798ed8c3892da9,3,0.0,10,1084,301.0,5691938,
assets/aa/Android/4f3a293700ab820b34e4536e3b728af0.bundle,4f3a293700ab820b34e4536e3b728af0.bundle,2022.3.62f2,-5976626474826991476,Chart_EZ,EZ,,Assets/Tracks/今天不是明天.PIKASONICfeat兰音Reine.0/Chart_EZ.json;fc3384d2d7c1fde45a0f4c3c3026881b,3,0.0,7,294,125.0,1237873,
assets/aa/Android/4f89b182c64abc00563c51b05cc8bca9.bundle,4f89b182c64abc00563c51b05cc8bca9.bundle,2022.3.62f2,-8630787014615310068,Chart_IN,IN,,Assets/Tracks/ParallelRetrogressionGameVer.Tetrajectory.0/Chart_IN.json;ba7bd7bf96eeecc4e9f3b4195a672584,3,0.16,7,851,175.0,499915,
assets/aa/Android/4f92db8eb0df6447b37ac3ba1c78791d.bundle,4f92db8eb0df6447b37ac3ba1c78791d.bundle,2022.3.62f2,6424631268932988450,Chart_HD,HD,,417c64cffe9d4eb4eb3228e1c37bd0d9;Assets/Tracks/RetributionCycleofRedemption.ArdolfvsDaily天利.0/Chart_HD.json,3,0.0,7,789,225.0,2000953,
assets/aa/Android/4fb26817e063d997a16696ddb557fd6a.bundle,4fb26817e063d997a16696ddb557fd6a.bundle,2022.3.62f2,7154648965878863056,Chart_IN,IN,,619c00e5fa82bfb4db91d83368de7b62;Assets/Tracks/Bitterblossom.imvi.0/Chart_IN.json,3,0.0,17,597,180.0,3725607,
assets/aa/Android/4fc0de0368be36cbd6c14342a4972e78.bundle,4fc0de0368be36cbd6c14342a4972e78.bundle,2022.3.62f2,-7959840540907570287,Chart_IN,IN,,57360290a7aea4c478a31568d6d6f9e1;Assets/Tracks/Protoflicker.Silentroom.0/Chart_IN.json,3,0.0,23,1210,140.0,1956153,
assets/aa/Android/501c32d6d253e60560f214f7889c65d9.bundle,501c32d6d253e60560f214f7889c65d9.bundle,2022.3.62f2,8049388232421089093,Chart_IN,IN,,89f1b87ea7019d44da24eed4ee49975c;Assets/Tracks/BoundedQuietude.FiniteLimitvsSiLiS.0/Chart_IN.json,3,0.0,24,1286,280.0,11232849,
assets/aa/Android/501f396cce270d3d216890128ad52676.bundle,501f396cce270d3d216890128ad52676.bundle,2022.3.62f2,-26851236716824619,Chart_IN,IN,,Assets/Tracks/Feast远东之宴.茶鸣拾贰律.0/Chart_IN.json;d49df9c9b32238642875c14be074e3a0,3,0.0,24,1000,128.0,1791350,
assets/aa/Android/50a2754821e50d2e39a26233835e4f2c.bundle,50a2754821e50d2e39a26233835e4f2c.bundle,2022.3.62f2,1153983047234124211,Chart_HD,HD,,Assets/Tracks/Letempsperdu.Daison.0/Chart_HD.json;d7c9c04192b9b804ebf661ab8584977e,3,0.0,11,588,188.0,2100798,
assets/aa/Android/50b4af2c2f3384953f28257426498af3.bundle,50b4af2c2f3384953f28257426498af3.bundle,2022.3.62f2,8471609668488373712,Chart_HD,HD,,9bb417d64b5fc4e44a162586c6e1b2c3;Assets/Tracks/InfinityHeaven.HyuN.0/Chart_HD.json,3,0.0,1,422,160.0,49366,
assets/aa/Android/517058cf7eab48c642aa8cdac34603a7.bundle,517058cf7eab48c642aa8cdac34603a7.bundle,2022.3.62f2,1979724083442248199,Chart_IN,IN,,Assets/Tracks/modulus.PTB10.0/Chart_IN.json;fa8145fea59ce4b65b2b133b7d59cdb3,3,0.0,10,774,158.0,1532464,
assets/aa/Android/51deb79154226039da2b91d5a5ef01f6.bundle,51deb79154226039da2b91d5a5ef01f6.bundle,2022.3.62f2,8005911226133801618,Chart_IN,IN,,579f036942725fb4c8c27102f99a45db;Assets/Tracks/KMoeVIP.ZxNX.0/Chart_IN.json,3,0.0,24,1060,175.0,5202081,
assets/aa/Android/51eef61da9cecfefe96607549192750b.bundle,51eef61da9cecfefe96607549192750b.bundle,2022.3.62f2,-3272901076406100453,Chart_IN,IN,,Assets/Tracks/PRAW.Bluewind.0/Chart_IN.json;d1a115969e5ae0b42ac72e209091e0e8,3,0.0,10,1171,210.0,1616716,
assets/aa/Android/5221e2775cfcc315451df106637a181e.bundle,5221e2775cfcc315451df106637a181e.bundle,2022.3.62f2,2367169415188741031,Chart_IN,IN,,586d808dee1a85644ac14099f4c24013;Assets/Tracks/BANGINGSTRIKE.DewPleiades.0/Chart_IN.json,3,0.0,24,1248,234.0,7472310,
assets/aa/Android/525f3588e70a8a45bffeca8d7d5118bb.bundle,525f3588e70a8a45bffeca8d7d5118bb.bundle,2022.3.62f2,-6852063957090961743,Chart_EZ,EZ,,026fb7c236fd02f499d122be6ad0f4f2;Assets/Tracks/Credits.Frums.0/Chart_EZ.json,3,0.0,2,188,179.0,39835,
assets/aa/Android/5273c82fd937a618c334f8a50df4f9c2.bundle,5273c82fd937a618c334f8a50df4f9c2.bundle,2022.3.62f2,-6261840196837601715,Chart_EZ,EZ,,Assets/Tracks/000AinSophAur.Yumeji.0/Chart_EZ.json;b0cc87e09469c11469af6966a7a8e73c,3,0.0,6,171,194.0,710518,
assets/aa/Android/5278ac18f012e343a7cb45e2ac73664c.bundle,5278ac18f012e343a7cb45e2ac73664c.bundle,2022.3.62f2,551810188913754657,Chart_IN,IN,,20377085112374c8cac6dac8397375d1;Assets/Tracks/MagentaPotion.EmoCo.0/Chart_IN.json,3,0.0,10,791,150.0,1275452,
assets/aa/Android/5288e3dedc52e78c1ccc7f4d106ff373.bundle,5288e3dedc52e78c1ccc7f4d106ff373.bundle,2022.3.62f2,5456118287124237178,Chart_HD,HD,,47eb01f3486b62b429ab2ba69afdccc8;Assets/Tracks/混乱Confusion.OnlyMyBlackScore.0/Chart_HD.json,3,0.0,22,478,180.0,630887,
assets/aa/Android/52c96a8e1ebeb4f83ea6352f876ba09f.bundle,52c96a8e1ebeb4f83ea6352f876ba09f.bundle,2022.3.62f2,-4402751304153764348,Chart_IN,IN,,Assets/Tracks/玩具狂奏曲終焉.きくお.0/Chart_IN.json;c0634671e078f1749aa930ce6e2cffee,3,0.0,24,1418,130.0,7499630,
assets/aa/Android/52c9a70b63f42027ee6f300e95e2f55e.bundle,52c9a70b63f42027ee6f300e95e2f55e.bundle,2022.3.62f2,4313040946496425068,Chart_IN,IN,,Assets/Tracks/PANICPARADISE.DJSHIONY.0/Chart_IN.json;a2d5c9b36884a6b42a5fba70f6c14285,3,0.0,23,881,170.0,5228750,
assets/aa/Android/52cf7647bc0841812af44631ff332561.bundle,52cf7647bc0841812af44631ff332561.bundle,2022.3.62f2,7100875868004572053,Chart_EZ,EZ,,Assets/Tracks/parsey.siqlo.0/Chart_EZ.json;f5c095a270affa54687373bba73a25e7,3,0.0,16,181,180.0,753554,
assets/aa/Android/52f41ba75c5995659b64a0e5092c4ab7.bundle,52f41ba75c5995659b64a0e5092c4ab7.bundle,2022.3.62f2,-4778945442370975636,Chart_EZ,EZ,,1053c4ccb50f4fd42acb3ba9c3c36ecc;Assets/Tracks/BoundedQuietude.FiniteLimitvsSiLiS.0/Chart_EZ.json,3,0.0,11,1127,280.0,4415885,
assets/aa/Android/537ed885bcd3937292692d7af751d02d.bundle,537ed885bcd3937292692d7af751d02d.bundle,2022.3.62f2,-8675390853535825031,Chart_EZ,EZ,,091004b8f6413aa4ba008644124e3bb9;Assets/Tracks/volcanic.DETROakaルゼ.0/Chart_EZ.json,3,0.0,3,1052,191.0,242314,
assets/aa/Android/538b5fec5d44327398e3222484f4364a.bundle,538b5fec5d44327398e3222484f4364a.bundle,2022.3.62f2,5050401933927858220,Chart_EZ,EZ,,9d4c7c161a5d4e846ae6c3fd36270050;Assets/Tracks/Poseidon.1112vsStar.0/Chart_EZ.json,3,0.0,2,533,175.0,77390,
assets/aa/Android/539760f7fe9e3679ffccc1c67f0b120c.bundle,539760f7fe9e3679ffccc1c67f0b120c.bundle,2022.3.62f2,2100015778871167351,Chart_IN,IN,,Assets/Tracks/宇宙残骸少女CosmicDustyGirl.辻原一郎.0/Chart_IN.json;f1fdbeb56c0e30841af4a3071414c2be,3,0.0,24,691,140.0,1688296,
assets/aa/Android/53d4c5281b721d3134704143bb9d52f6.bundle,53d4c5281b721d3134704143bb9d52f6.bundle,2022.3.62f2,-504343182101522896,Chart_EZ,EZ,,79292644bc30ab5478ce0592d194c3fd;Assets/Tracks/KMoeVIP.ZxNX.0/Chart_EZ.json,3,0.0,12,123,175.0,1572104,
assets/aa/Android/5416e9157b5a4ae07185f93f68052be2.bundle,5416e9157b5a4ae07185f93f68052be2.bundle,2022.3.62f2,-6176200601225874571,Chart_IN,IN,,4f660255de357d84593c566d1cdcd753;Assets/Tracks/君往何处QuoVadis.M2U.0/Chart_IN.json,3,0.0,24,935,160.0,3979886,
assets/aa/Android/5428d2c81451dd78dfbf888dd7c5d146.bundle,5428d2c81451dd78dfbf888dd7c5d146.bundle,2022.3.62f2,7333449348801712934,Chart_HD,HD,,66d3f294b06ab8a42b8d59bf7ecad672;Assets/Tracks/Re_NascencePsystyleVer.Rinth_live.0/Chart_HD.json,3,0.0,20,806,150.0,2432685,
assets/aa/Android/543f9620a4d9f56ea25c7a25e58231b1.bundle,543f9620a4d9f56ea25c7a25e58231b1.bundle,2022.3.62f2,5848118052402017228,Chart_EZ,EZ,,Assets/Tracks/もぺもぺ.LeaF.0/Chart_EZ.json;a54d34fb7c4173c4e87a7d0849127e62,3,0.0,1,125,200.0,33255,
assets/aa/Android/5483aafe668b7c9117abd43e24d2e1a3.bundle,5483aafe668b7c9117abd43e24d2e1a3.bundle,2022.3.62f2,-3365291665654216471,Chart_HD,HD,,3d95456cfec1a4e4a8349caf9e5f1648;Assets/Tracks/EradicationCatastrophe.NceS.0/Chart_HD.json,3,0.0,6,200,120.0,213722,
assets/aa/Android/5499ee34ff2161efef562f062d914898.bundle,5499ee34ff2161efef562f062d914898.bundle,2022.3.62f2,-2757589924525546397,Chart_IN,IN,,Assets/Tracks/InfinityHeaven.HyuN.0/Chart_IN.json;d5bfc36e81053416f80c2fd6c7b57cd2,3,0.0,9,1029,160.0,926364,
assets/aa/Android/55097efce80379ae15aa505d14b460d4.bundle,55097efce80379ae15aa505d14b460d4.bundle,2022.3.62f2,-3079638458464790720,Chart_HD,HD,,77be0d79e124138428261d93c8164af4;Assets/Tracks/宇宙残骸少女CosmicDustyGirl.辻原一郎.0/Chart_HD.json,3,0.0,24,322,140.0,4268455,
assets/aa/Android/555fc39f111ecd3bf13b84ea2ee12515.bundle,555fc39f111ecd3bf13b84ea2ee12515.bundle,2022.3.62f2,2264741944443245439,Chart_EZ,EZ,,25588686b71bbb44698c40069e1bc912;Assets/Tracks/SecretIllumination.Yooh.0/Chart_EZ.json,3,0.0,15,281,160.0,2441351,
assets/aa/Android/56304de0acf36932d047df76674b8cf4.bundle,56304de0acf36932d047df76674b8cf4.bundle,2022.3.62f2,4421160065082059771,Chart_IN,IN,,7465c4e52b18e4f45ab7739611b0bfd6;Assets/Tracks/Originally.SNKSMizku.0/Chart_IN.json,3,0.0,24,951,200.0,3628192,
assets/aa/Android/56360b97652885ef84bbd6f3782422fb.bundle,56360b97652885ef84bbd6f3782422fb.bundle,2022.3.62f2,5920504107993169368,Chart_EZ,EZ,,990cbbe08d1bff443a3435c58f1c48fd;Assets/Tracks/EnginexStartmelodymix.CrossingSound.0/Chart_EZ.json,3,0.0,5,75,186.0,414825,
assets/aa/Android/56450a0da960d76143f4b146f63f7003.bundle,56450a0da960d76143f4b146f63f7003.bundle,2022.3.62f2,7474330958581798350,Chart_HD,HD,,7b75698e5d331af44a12daf2d6c9d7f6;Assets/Tracks/AnotherRound.JustinDai.0/Chart_HD.json,3,0.0,6,353,128.0,632719,
assets/aa/Android/564a4d855801988be6603bd1f2b167e2.bundle,564a4d855801988be6603bd1f2b167e2.bundle,2022.3.62f2,-1337007350322176197,Chart_IN,IN,,Assets/Tracks/Realms.HinkikAHimitsu.0/Chart_IN.json;bf27e5f157007824480ee0a2a1d3e420,3,0.0,24,673,174.0,5913887,
assets/aa/Android/565db146ac87ba68028c58981e911474.bundle,565db146ac87ba68028c58981e911474.bundle,2022.3.62f2,2608968155782837368,Chart_IN,IN,,56e62ee10a08447438c321174aff0857;Assets/Tracks/ENERGYSYNERGYMATRIX.Tanchiky.0/Chart_IN.json,3,0.0,24,750,160.0,1209803,
assets/aa/Android/5689b41990b8348bd37ff56810990576.bundle,5689b41990b8348bd37ff56810990576.bundle,2022.3.62f2,-2077704142804876325,Chart_IN,IN,,70b6290063c2d9d4499f5cc2f32045f7;Assets/Tracks/microwav.dandeless.0/Chart_IN.json,3,0.0,8,649,172.0,971483,
assets/aa/Android/56f4ecd567f953176c923d6192d9dd3e.bundle,56f4ecd567f953176c923d6192d9dd3e.bundle,2022.3.62f2,-4798527882134205206,Chart_HD,HD,,42d891757deb71b4a8fc2943e1ce845a;Assets/Tracks/HorizonBlue.NothingButRequiemfeatAikapinChiyoko.0/Chart_HD.json,3,0.0,9,733,200.0,2797908,
assets/aa/Android/570d7ebd44bd8776dd526ae0e5aaf41d.bundle,570d7ebd44bd8776dd526ae0e5aaf41d.bundle,2022.3.62f2,-365062058297883414,Chart_HD,HD,,3e065602e95d31d4d82cff8b8fdfbbc7;Assets/Tracks/AfterZABANIYAMUGEdit.Daily天利.0/Chart_HD.json,3,0.0,12,723,222.0,706948,
assets/aa/Android/573fca5018555f1d169ff9a1da3b11f3.bundle,573fca5018555f1d169ff9a1da3b11f3.bundle,2022.3.62f2,-1055121554857389069,Chart_EZ,EZ,,7072b0f4a0932284bb64468b76968c06;Assets/Tracks/FrozenHeart.A39沙包P.0/Chart_EZ.json,3,0.0,15,353,185.0,2973541,
assets/aa/Android/5842522d8241f67b6fd1eb234dcf0bfb.bundle,5842522d8241f67b6fd1eb234dcf0bfb.bundle,2022.3.62f2,7431763066305025804,Chart_IN,IN,,9ce2199f04c1cd14cb3a2380de2d7bd5;Assets/Tracks/Incyde.YbeLL.0/Chart_IN.json,3,0.0,24,1648,540.0,12768286,
assets/aa/Android/5952638c3eff6331e8d017201431473a.bundle,5952638c3eff6331e8d017201431473a.bundle,2022.3.62f2,1665596270176714405,Chart_EZ,EZ,,24d00dd8326e96d40819d6215301b529;Assets/Tracks/FutureMind.RayNauticaRekuMochizuki.0/Chart_EZ.json,3,0.0,23,365,180.0,1617872,
assets/aa/Android/59db250aed02a30d426ec111f6ca24d2.bundle,59db250aed02a30d426ec111f6ca24d2.bundle,2022.3.62f2,-8630089679651929702,Chart_HD,HD,,Assets/Tracks/GVNGlitterVomitusandNeon.SaltySaltUnfold33.0/Chart_HD.json;b82560179b42a6d439114019d29ca8e9,3,0.0,14,900,175.0,403466,
assets/aa/Android/59e5aa991e707e613d08b1e80d06af4d.bundle,59e5aa991e707e613d08b1e80d06af4d.bundle,2022.3.62f2,-746305021014963625,Chart_EZ,EZ,,Assets/Tracks/SwingSkipDrop.ミハイル.0/Chart_EZ.json;b1efc918d56ea9a4684f6d86973b918f,3,0.0,7,219,210.0,551163,
assets/aa/Android/59fd8cc45334fea6db469bbaac6a00d9.bundle,59fd8cc45334fea6db469bbaac6a00d9.bundle,2022.3.62f2,594273262240206161,Chart_EZ,EZ,,Assets/Tracks/DistortedFate.Sakuzyo.0/Chart_EZ.json;b58a1a17f1da3d04fbaf938687a92d1c,3,0.0,17,594,150.0,2189414,
assets/aa/Android/5a3e0f11cbad6c7b3bdac15fa3d36560.bundle,5a3e0f11cbad6c7b3bdac15fa3d36560.bundle,2022.3.62f2,6746223100290312215,Chart_EZ,EZ,,7ce831f87d08fa2468435619f52c573e;Assets/Tracks/ComputeItWithSomeDevilishAlcoholicSteampunkEngines.かめりあ.0/Chart_EZ.json,3,0.0,4,330,165.0,579423,
assets/aa/Android/5a42c7e967e2d5d0b6b9f1fccd2ebe7d.bundle,5a42c7e967e2d5d0b6b9f1fccd2ebe7d.bundle,2022.3.62f2,-6203581756182810828,Chart_IN,IN,,1aff99012ee6dbb47a392b6fe892221e;Assets/Tracks/RetributionCycleofRedemption.ArdolfvsDaily天利.0/Chart_IN.json,3,0.0,24,1502,225.0,14796828,
assets/aa/Android/5a6176e737dbd4456909ee880f9419d5.bundle,5a6176e737dbd4456909ee880f9419d5.bundle,2022.3.62f2,853049526684160513,Chart_HD,HD,,045dcf04067c36240a0c8603c7bb993f;Assets/Tracks/Retribution.nmyKryexe.0/Chart_HD.json,3,0.0,24,868,190.0,3224115,
assets/aa/Android/5a710faedf000ec1192c39a88d92c8d1.bundle,5a710faedf000ec1192c39a88d92c8d1.bundle,2022.3.62f2,-4205158948529591846,Chart_HD,HD,,Assets/Tracks/AphroditesChildshortver.RUQOA.0/Chart_HD.json;d6ff88ecafa36fc478157c8cc0fb8a5a,3,0.0,5,516,128.0,567118,
assets/aa/Android/5a878c8aa9bec9a9a59a9de9c80b06fb.bundle,5a878c8aa9bec9a9a59a9de9c80b06fb.bundle,2022.3.62f2,6896266674087713077,Chart_HD,HD,,Assets/Tracks/Realms.HinkikAHimitsu.0/Chart_HD.json;f68eacbd9e7bdcb4b84cf997a2b51dd6,3,0.0,13,562,174.0,641562,
assets/aa/Android/5ac41ef75b1fd8b423d86311abb92926.bundle,5ac41ef75b1fd8b423d86311abb92926.bundle,2022.3.62f2,8786896218874019054,Chart_IN,IN,,Assets/Tracks/PixelRebelz.Normal1zer.0/Chart_IN.json;af8c6314d36801646a6e16d005684c22,3,0.0,19,941,150.0,1859718,
assets/aa/Android/5afc9da8d05abc6d02760c843746fb43.bundle,5afc9da8d05abc6d02760c843746fb43.bundle,2022.3.62f2,-4310994989930518038,Chart_EZ,EZ,,62895220805acd645a58d3ffb80f2fe1;Assets/Tracks/インフェルノシティ.Ponchifeatはぁち.0/Chart_EZ.json,3,0.0,6,352,215.0,1189859,
assets/aa/Android/5b0211816e8ca8857fa0ba13eb88a40b.bundle,5b0211816e8ca8857fa0ba13eb88a40b.bundle,2022.3.62f2,-6094757343317644512,Chart_IN,IN,,870f089bb297c405d908b9030c4206d7;Assets/Tracks/开心病.闫东炜.0/Chart_IN.json,3,0.0,15,840,131.0,929533,
assets/aa/Android/5b07f31d1d4534f037279563693db491.bundle,5b07f31d1d4534f037279563693db491.bundle,2022.3.62f2,-3848066783987805335,Chart_IN,IN,,Assets/Tracks/Aleph0.LeaF.0/Chart_IN.json;b1a62964a249f4df0870a7fd4cc5e08a,3,0.0,20,885,140.0;250.0,1338255,
assets/aa/Android/5b2923f2b77b323f06088ab4b96166ec.bundle,5b2923f2b77b323f06088ab4b96166ec.bundle,2022.3.62f2,-6913258637711763779,Chart_EZ,EZ,,6e83158a994f02e4c849dd5f51a569c3;Assets/Tracks/Verruckt.Raimukun.0/Chart_EZ.json,3,0.0,1,273,238.0,1054241,
assets/aa/Android/5b5f9416ffe10b5a52fdd5a8ecaf8ee5.bundle,5b5f9416ffe10b5a52fdd5a8ecaf8ee5.bundle,2022.3.62f2,1246315108588101536,Chart_EZ,EZ,,Assets/Tracks/Ajourneytothemoonlight.Yesod.0/Chart_EZ.json;e3ff38e66d64ef04cbdbd0094d224b4b,3,0.0,15,242,174.0,1901477,
assets/aa/Android/5baf77c599a31e3117e948fc9e54bcfa.bundle,5baf77c599a31e3117e948fc9e54bcfa.bundle,2022.3.62f2,-6884886112938401868,Chart_EZ,EZ,,Assets/Tracks/Random.SobremSilentroom.1/Chart_EZ.json;d22bba3b31e7fbb46a0c74378e764f15,3,0.0,28,277,132.0,2268208,
assets/aa/Android/5bc780720a3d020409e3842cefdcdd25.bundle,5bc780720a3d020409e3842cefdcdd25.bundle,2022.3.62f2,2898841429922374403,Chart_HD,HD,,Assets/Tracks/FULiAUTOSHOOTER.MYUKKE.0/Chart_HD.json;c2c033b2336e439428bc25baf960d0f7,3,0.0,24,389,145.0,1456010,
assets/aa/Android/5c3119b64425864a8c360fde17e183a9.bundle,5c3119b64425864a8c360fde17e183a9.bundle,2022.3.62f2,-2903872939249286252,Chart_Legacy,Legacy,,Assets/Tracks/Lyrith迷宮リリス.ユメミド.0/Chart_Legacy.json;d019a3cc797e72446bf15d15b357eafd,3,0.0,8,1122,177.0,716854,
assets/aa/Android/5c55ab1b49492349a5c44791ff04101a.bundle,5c55ab1b49492349a5c44791ff04101a.bundle,2022.3.62f2,519264465691438575,Chart_IN,IN,,5b29e7a2fae45404e8d35000eb53ce7a;Assets/Tracks/BraveNotes.TurquoiseDRIVENota.0/Chart_IN.json,3,0.0,22,768,192.0,2803550,
assets/aa/Android/5ca2aab3d9eaa81426d09ac8bd7b419e.bundle,5ca2aab3d9eaa81426d09ac8bd7b419e.bundle,2022.3.62f2,-8120656238176532548,Chart_IN,IN,,71ce68f6099f1af4b87bd1408cc20936;Assets/Tracks/Letempsperdu.Daison.0/Chart_IN.json,3,0.0,24,698,188.0,4707970,
assets/aa/Android/5cd512631c8e0d212f40c8177c1581c5.bundle,5cd512631c8e0d212f40c8177c1581c5.bundle,2022.3.62f2,-121297174820527171,Chart_IN,IN,,7e9aefa789dd9124b9d7dbac0672945a;Assets/Tracks/WATER.A39沙包P.0/Chart_IN.json,3,0.0,10,643,170.0,1388974,
assets/aa/Android/5d0a1f8f46b0de551b4ac58953bf3088.bundle,5d0a1f8f46b0de551b4ac58953bf3088.bundle,2022.3.62f2,8362995302033583611,Chart_EZ,EZ,,907d4ffe8836d7e40a4645f0fd10801c;Assets/Tracks/NickofTime.P4koo.0/Chart_EZ.json,3,0.0,7,328,175.0,786917,
assets/aa/Android/5d527b6aa4c6117844f1618216c0b418.bundle,5d527b6aa4c6117844f1618216c0b418.bundle,2022.3.62f2,-4085817268430087572,Chart_IN,IN,,66a44ada1eb88436e82e9a1ab0a33de9;Assets/Tracks/Aventyr.GrandThawRigelTheatre.0/Chart_IN.json,3,0.0,8,954,132.0,1327859,
assets/aa/Android/5d96df7ce80f7131e80568118f9e8ed9.bundle,5d96df7ce80f7131e80568118f9e8ed9.bundle,2022.3.62f2,-2940649750149076579,Chart_HD,HD,,3de36f23612e58b44be604d0ac08359a;Assets/Tracks/GOODTEK.EBIMAYO.0/Chart_HD.json,3,0.0,3,609,190.0,297622,
assets/aa/Android/5e2bf28eda012bf674d3f104388f784f.bundle,5e2bf28eda012bf674d3f104388f784f.bundle,2022.3.62f2,-8190239305965129466,Chart_EZ,EZ,,Assets/Tracks/Chronologika.Hundotte.0/Chart_EZ.json;eb5ea40844ba9a145a8f26d13a5246c6,3,0.0,8,271,180.0,572396,
assets/aa/Android/5e4e9ca84e1b7066fc12c59794035398.bundle,5e4e9ca84e1b7066fc12c59794035398.bundle,2022.3.62f2,-7134919641068841276,Chart_IN,IN,,9a15a5d97772f674f9a30a1fc4c88854;Assets/Tracks/今天不是明天.PIKASONICfeat兰音Reine.0/Chart_IN.json,3,0.0,24,913,125.0,3649915,
assets/aa/Android/5e608bda9461bb32cf192c7e1803ece1.bundle,5e608bda9461bb32cf192c7e1803ece1.bundle,2022.3.62f2,4573569293388081787,Chart_EZ,EZ,,3db6da6907f0b4282810d88ec3888f40;Assets/Tracks/Reimei.影虎.0/Chart_EZ.json,3,0.245518,2,325,185.0,71182,
assets/aa/Android/5e6e51e9e4660fba08c65068e0bc2a74.bundle,5e6e51e9e4660fba08c65068e0bc2a74.bundle,2022.3.62f2,216074663458256572,Chart_EZ,EZ,,21bcafd66b7b84e789eac144a5442946;Assets/Tracks/SnowDesert.WyvernP.0/Chart_EZ.json,3,0.0,18,364,125.0,597077,
assets/aa/Android/5e7358148e4b0fe7c52be32dd2f321cb.bundle,5e7358148e4b0fe7c52be32dd2f321cb.bundle,2022.3.62f2,-1710697095360972484,Chart_HD,HD,,Assets/Tracks/NightTheater.わかどり.0/Chart_HD.json;ff9aad09fae36b44e9dbad32b5aa0104,3,0.0,21,616,151.0,2273568,
assets/aa/Android/5e8a5c8c98e0e5494df7986e810a5135.bundle,5e8a5c8c98e0e5494df7986e810a5135.bundle,2022.3.62f2,-3267868900797271227,Chart_EZ,EZ,,0c7c68a612ce0034cac27ca5f109b01c;Assets/Tracks/ERABYECONNEC10N.かめりあ.0/Chart_EZ.json,3,0.0,8,492,230.0,1057261,
assets/aa/Android/5e974e7bf31aaa92ae03b8efa9409209.bundle,5e974e7bf31aaa92ae03b8efa9409209.bundle,2022.3.62f2,-2852223837394317162,Chart_EZ,EZ,,Assets/Tracks/暗夜苏醒REANIMATE.Warak.0/Chart_EZ.json;e4b895962dc0e0a4f92a3831720be6ea,3,0.0,7,236,174.0,509848,
assets/aa/Android/5eaa2bf6e2034702ae58bda747aaca69.bundle,5eaa2bf6e2034702ae58bda747aaca69.bundle,2022.3.62f2,1202267034905829179,Chart_EZ,EZ,,2b7dff6e70f1de941a5603683ea17db3;Assets/Tracks/GOODFORTUNE.EBIMAYO.0/Chart_EZ.json,3,0.0,3,455,170.0,168825,
assets/aa/Android/5ecae3e57db49b7b98ab6626c7eb6ce4.bundle,5ecae3e57db49b7b98ab6626c7eb6ce4.bundle,2022.3.62f2,-166549105901748333,Chart_HD,HD,,Assets/Tracks/BrokenSky.JungoMAX3feat刘佳宜Snow幻影刃shadow.0/Chart_HD.json;f373897ef1dfff844870eada04aab306,3,0.0,5,352,130.0,782669,
assets/aa/Android/5f6d747adb95e16f45d26fc10ba74641.bundle,5f6d747adb95e16f45d26fc10ba74641.bundle,2022.3.62f2,302789939774447355,Chart_HD,HD,,Assets/Tracks/PRAGMATISMRESURRECTION.Laur.0/Chart_HD.json;b095d49a2a2ce3744b2d03a08c6f8de7,3,0.0,14,661,174.0,4294327,
assets/aa/Android/5f7ad78e4171c604b88fec78b598599c.bundle,5f7ad78e4171c604b88fec78b598599c.bundle,2022.3.62f2,1671288948461112527,Chart_IN,IN,,Assets/Tracks/NOONEYESMAN.MYUKKE.0/Chart_IN.json;e1fb84d6d9825ae47a5693f4772c4620,3,0.0,10,844,170.0,1342502,
assets/aa/Android/5f8a7595ce78d4864de3a95d406e951b.bundle,5f8a7595ce78d4864de3a95d406e951b.bundle,2022.3.62f2,-255955672738089467,Chart_HD,HD,,61b24e84b6f12704bb252f57dd2d73f9;Assets/Tracks/WithYou.Cashew.0/Chart_HD.json,3,0.0,8,654,170.0,312590,
assets/aa/Android/5fd1dd21ece18e6f032eced6b2720de5.bundle,5fd1dd21ece18e6f032eced6b2720de5.bundle,2022.3.62f2,-3051042680166966783,Chart_EZ,EZ,,Assets/Tracks/Grimheart.Puru.0/Chart_EZ.json;c599ec0c25c1531469c026fc3a40e154,3,0.0,8,132,170.0,1736251,
assets/aa/Android/60a38daedb73cd021ccdc8c0cb0f27b6.bundle,60a38daedb73cd021ccdc8c0cb0f27b6.bundle,2022.3.62f2,-3378785904643323232,Chart_EZ,EZ,,04ace21cac762904e8a217bf1512cf04;Assets/Tracks/Archidoxen.Se_IRA.0/Chart_EZ.json,3,0.0,10,262,160.0,1256600,
assets/aa/Android/60e22f291ad940a2d07dd280af1fbedc.bundle,60e22f291ad940a2d07dd280af1fbedc.bundle,2022.3.62f2,5975987034892230906,Chart_AT,AT,,Assets/Tracks/INFiNiTEENERZYOverdoze.RekuMochizuki.0/Chart_AT.json;fcd239523d7dc3246aabcdde0ac59753,3,0.0,24,888,180.0,1714044,
assets/aa/Android/617b58075884c5e9d03e74524bf98aa8.bundle,617b58075884c5e9d03e74524bf98aa8.bundle,2022.3.62f2,-4358770241983797667,Chart_EZ,EZ,,307805207c011b242b063c121126770e;Assets/Tracks/ShineAfter.ADeanJocularACE.0/Chart_EZ.json,3,0.0,9,262,170.0,3101378,
assets/aa/Android/61837c77ee8d649af44bcaf8f3111040.bundle,61837c77ee8d649af44bcaf8f3111040.bundle,2022.3.62f2,-7147637893684049052,Chart_HD,HD,,Assets/Tracks/LeaveAllBehind.rider.0/Chart_HD.json;da1545b4478f5a44da3a36514dc89497,3,0.0,4,394,150.0,197979,
assets/aa/Android/618b72fa18fd13742a7c6fb049aed2e6.bundle,618b72fa18fd13742a7c6fb049aed2e6.bundle,2022.3.62f2,-8885138887177653382,Chart_IN,IN,,Assets/Tracks/Rebirth.ああああ.0/Chart_IN.json;ea8163c06593d0442ae34d9dfa43a05d,3,0.0,21,939,196.0,7281948,
assets/aa/Android/619f76e2c01a25fd90b03ed3cc8d5d0a.bundle,619f76e2c01a25fd90b03ed3cc8d5d0a.bundle,2022.3.62f2,-6561241238904722705,Chart_EZ,EZ,,Assets/Tracks/Doppelganger.LeaF.0/Chart_EZ.json;ebf61cd479e8a844191c2f40b07eebe4,3,0.0,12,436,140.0,311886,
assets/aa/Android/61dd5e40c3c326bb048b7b68c1d6235d.bundle,61dd5e40c3c326bb048b7b68c1d6235d.bundle,2022.3.62f2,-5145928264829218324,Chart_EZ,EZ,,4c78edcc8454a694384a6865fbea0aa2;Assets/Tracks/CometFeat符白牙.CNHKSS.0/Chart_EZ.json,3,0.0,11,138,180.0,967636,
assets/aa/Android/624eb30993bc6f040219d5f31ead4dd1.bundle,624eb30993bc6f040219d5f31ead4dd1.bundle,2022.3.62f2,-7364992587708500033,Chart_EZ,EZ,,4a1b7735b48f45643bd7745a9ade1f64;Assets/Tracks/Orthodox.tokiwa.0/Chart_EZ.json,3,0.0,5,312,170.0,658389,
assets/aa/Android/62b270e094460afab6760d2bf17bab20.bundle,62b270e094460afab6760d2bf17bab20.bundle,2022.3.62f2,-6255265418471306253,Chart_HD,HD,,0838ed9172331fc46a354c7c666a1fbe;Assets/Tracks/彼方へ名もなき海辺より.打打だいず&月乃.0/Chart_HD.json,3,0.0,12,409,185.0,4791738,
assets/aa/Android/636f29507ef74a67a1e2e59c8b4e670d.bundle,636f29507ef74a67a1e2e59c8b4e670d.bundle,2022.3.62f2,-5939483785691673559,Chart_HD,HD,,1b1fe60d581d5494ba9e3d34096ebe47;Assets/Tracks/CrushBETA.shadow_bling.0/Chart_HD.json,3,0.0,15,666,200.0,379094,
assets/aa/Android/641887d55353237cfc770d14cfc45fef.bundle,641887d55353237cfc770d14cfc45fef.bundle,2022.3.62f2,6584806336252682589,Chart_EZ,EZ,,Assets/Tracks/WithYou.Cashew.0/Chart_EZ.json;a48ce0612c2ab92498688953737cdbe1,3,0.0,5,226,170.0,539110,
assets/aa/Android/642a638c5080ec64f94307886d34f2a2.bundle,642a638c5080ec64f94307886d34f2a2.bundle,2022.3.62f2,7322495714930232582,Chart_EZ,EZ,,Assets/Tracks/inferior.姜米條.0/Chart_EZ.json;a7eae2fbdc5afe443b7cc420b4d059ef,3,0.0,12,226,200.0,1331908,
assets/aa/Android/644570aefdc346caee99236457711030.bundle,644570aefdc346caee99236457711030.bundle,2022.3.62f2,-4597751773096621760,Chart_IN,IN,,Assets/Tracks/アンビバレンス.すりぃ相沢.0/Chart_IN.json;bd284ce3e69141f4eb7089116d1dfd92,3,0.0,24,1128,187.0,5046536,
assets/aa/Android/644aafdcc61899aa32492cc37338ca2a.bundle,644aafdcc61899aa32492cc37338ca2a.bundle,2022.3.62f2,6042573335813666379,Chart_IN,IN,,Assets/Tracks/Aphasia.闫东炜.0/Chart_IN.json;d5322035d92204921bddbd3ba7c46b93,3,0.468,10,553,128.0,476941,
assets/aa/Android/646160bdacf275354f2f1db340153c5c.bundle,646160bdacf275354f2f1db340153c5c.bundle,2022.3.62f2,2294811310836947248,Chart_HD,HD,,5c84f70b099c6804ab971f72236ffb01;Assets/Tracks/UnorthodoxThoughts.Joulez.0/Chart_HD.json,3,0.0,4,644,146.0,232094,
assets/aa/Android/64c7c3f09fc0dd9bbdfc48e5a48c6a0f.bundle,64c7c3f09fc0dd9bbdfc48e5a48c6a0f.bundle,2022.3.62f2,-2515358301114479831,Chart_AT,AT,,Assets/Tracks/AbsoluTedisoRdeR.AcuteDisarray.0/Chart_AT.json;d59932c0603851c468b653e9f8bdd3de,3,0.0,24,2025,256.0,12819434,
assets/aa/Android/652a084bdec802549b5c1d1bbc963ec6.bundle,652a084bdec802549b5c1d1bbc963ec6.bundle,2022.3.62f2,-7646508128697040255,Chart_IN,IN,,0325e6e142b0a7349bda19331e7ab40d;Assets/Tracks/AnotherMe.DAAN.0/Chart_IN.json,3,0.0,24,1449,210.0,3877533,
assets/aa/Android/6561f168946b01f6a478f66f4fd7a82e.bundle,6561f168946b01f6a478f66f4fd7a82e.bundle,2022.3.62f2,8034028360584024326,Chart_HD,HD,,3d11e7f9e5779584d9c986cede55a9d9;Assets/Tracks/volcanic.DETROakaルゼ.0/Chart_HD.json,3,0.0,9,985,191.0,1271757,
assets/aa/Android/65b1d3753f5175df37dff3894d4ed8de.bundle,65b1d3753f5175df37dff3894d4ed8de.bundle,2022.3.62f2,3569741065668917114,Chart_HD,HD,,8337e84ad4b577f4fb47a5e4aa61275c;Assets/Tracks/QZKagoRequiem.tpazolite.0/Chart_HD.json,3,0.0,19,1007,257.0,2403956,
assets/aa/Android/660ae11cc2d7820079c389967f17e9ad.bundle,660ae11cc2d7820079c389967f17e9ad.bundle,2022.3.62f2,4197783378028241179,Chart_IN,IN,,Assets/Tracks/祈-我ら神祖と共に歩む者なり-.光吉猛修VS穴山大輔VSKaiVS水野健治VS大国奏音.0/Chart_IN.json;c31d9753590ea6c44b577f90787b2702,3,0.0,24,2222,219.0,11865582,
assets/aa/Android/660e9dd91598902b35177fd7844e5e1c.bundle,660e9dd91598902b35177fd7844e5e1c.bundle,2022.3.62f2,9158702750136596405,Chart_HD,HD,,Assets/Tracks/RubbishSorting.CtymaxvsNceS.0/Chart_HD.json;dc53d41890a3f41c2aefd1240f218712,1,0.0,2,475,128.0,155205,
assets/aa/Android/664908c2dc70aed5ec6048873a6bf81d.bundle,664908c2dc70aed5ec6048873a6bf81d.bundle,2022.3.62f2,-8367356335184116850,Chart_IN,IN,,5735c07f326798b4f9f71c97a9b0decd;Assets/Tracks/AfterZABANIYAMUGEdit.Daily天利.0/Chart_IN.json,3,0.0,24,1130,222.0,5847833,
assets/aa/Android/669ae96bc560c3289ae98aea3329129b.bundle,669ae96bc560c3289ae98aea3329129b.bundle,2022.3.62f2,-2617769728378083621,Chart_IN,IN,,53526641c0b77274493fcc0b15b7263a;Assets/Tracks/彼方へ名もなき海辺より.打打だいず&月乃.0/Chart_IN.json,3,0.0,23,841,185.0,8034227,
assets/aa/Android/66c4824f0d140563818fdaa00cd21f41.bundle,66c4824f0d140563818fdaa00cd21f41.bundle,2022.3.62f2,104779363440430233,Chart_IN,IN,,7af99506e0cf5da4d92d54436e2ef545;Assets/Tracks/Random.SobremSilentroom.0/Chart_IN.json,3,0.0,24,732,132.0,1711576,
assets/aa/Android/66cb0b6f37378f370162f6d5b75509d2.bundle,66cb0b6f37378f370162f6d5b75509d2.bundle,2022.3.62f2,-2762443170823784126,Chart_IN,IN,,23521b40815d567408a27b5051ab66f2;Assets/Tracks/EnginexStartmelodymix.CrossingSound.0/Chart_IN.json,3,0.0,6,433,186.0,325655,
assets/aa/Android/671b75789d2644f218d599ef06b8e96d.bundle,671b75789d2644f218d599ef06b8e96d.bundle,2022.3.62f2,4580927990120366300,Chart_IN,IN,,048d74b4a46445f4c891cf6902f4df52;Assets/Tracks/EternalSnow.AbyssIdols.0/Chart_IN.json,3,0.0,18,700,140.0,2785229,
assets/aa/Android/678f456047971af16c3e9c80717df0a4.bundle,678f456047971af16c3e9c80717df0a4.bundle,2022.3.62f2,-2463813093140737999,Chart_HD,HD,,Assets/Tracks/Spotlight.Ardolf.0/Chart_HD.json;a74c1005cbd18ea4da5fc400afbd29b7,3,0.0,24,430,160.0,3812626,
assets/aa/Android/67c0124ea3386e31efd965b42b4bfa6a.bundle,67c0124ea3386e31efd965b42b4bfa6a.bundle,2022.3.62f2,6195516896266910403,Chart_Legacy,Legacy,,06948a9ee904768418da3147784c1470;Assets/Tracks/ENERGYSYNERGYMATRIX.Tanchiky.0/Chart_Legacy.json,1,0.0,7,615,160.0,85020,
assets/aa/Android/687eb4c97dc9e9e371cfc5fb68106e02.bundle,687eb4c97dc9e9e371cfc5fb68106e02.bundle,2022.3.62f2,4245453511454004036,Chart_HD,HD,,6514d6409f293804aa92813fa3968e97;Assets/Tracks/Cipher20.TetrajectoryfeatCtymax.0/Chart_HD.json,3,0.0,4,473,179.0,568067,
assets/aa/Android/68a1b2a66a9c0865587df8d00581859b.bundle,68a1b2a66a9c0865587df8d00581859b.bundle,2022.3.62f2,-6760949869641433921,Chart_HD,HD,,5bf6966b8da526f46b97deb1d5d4d663;Assets/Tracks/Resolver.Gomadare.0/Chart_HD.json,3,0.0,17,339,123.0,2577069,
assets/aa/Android/69543fe4b3f28fb28d99a77e83d89902.bundle,69543fe4b3f28fb28d99a77e83d89902.bundle,2022.3.62f2,-1664894015327108545,Chart_HD,HD,,91db6802496c6b24aaaa3d1e518b8c35;Assets/Tracks/inferior.姜米條.0/Chart_HD.json,3,0.0,20,489,200.0,1211479,
assets/aa/Android/696ab2f880fd37c09b53611f5d914a7d.bundle,696ab2f880fd37c09b53611f5d914a7d.bundle,2022.3.62f2,-5315936925177650657,Chart_EZ,EZ,,6ca81731241bf2147ac0176d16298bb4;Assets/Tracks/TheWholeRest.KIVΛ.0/Chart_EZ.json,3,0.0,24,217,157.0,5177031,
assets/aa/Android/696afb4941114c2df213e2c25fd7f321.bundle,696afb4941114c2df213e2c25fd7f321.bundle,2022.3.62f2,3909224829425728898,Chart_IN,IN,,3ce483de88d5e53458bce534d0e06a9b;Assets/Tracks/Cereris.SunsetRayNceS.0/Chart_IN.json,3,0.05,5,898,175.0,438714,
assets/aa/Android/69b60b69c40d7880e6bfdecfb55a688a.bundle,69b60b69c40d7880e6bfdecfb55a688a.bundle,2022.3.62f2,2421278662423557045,Chart_HD,HD,,Assets/Tracks/零號車輛.seatrus.0/Chart_HD.json;c7694acd42b99cf48a333d2bb30a4fbf,3,0.0,11,1058,240.0,3116950,
assets/aa/Android/69d359825fffc560e737b3ac64c65622.bundle,69d359825fffc560e737b3ac64c65622.bundle,2022.3.62f2,-4814597446713421711,Chart_HD,HD,,Assets/Tracks/000AinSophAur.Yumeji.0/Chart_HD.json;e7bfdae1c6f700d45bc404f102407079,3,0.0,9,371,194.0,1267410,
assets/aa/Android/69e20f664703d92fa35a8c656338b92d.bundle,69e20f664703d92fa35a8c656338b92d.bundle,2022.3.62f2,5056108598256125552,Chart_EZ,EZ,,79264918275d06f4f831e947c7469d0a;Assets/Tracks/QZKagoRequiem.tpazolite.0/Chart_EZ.json,3,0.0,16,296,257.0,1912260,
assets/aa/Android/6ab0964ade340639c31ebc17a0893591.bundle,6ab0964ade340639c31ebc17a0893591.bundle,2022.3.62f2,-8453683039475163235,Chart_EZ,EZ,,Assets/Tracks/Arkhei.SeraAmagi.0/Chart_EZ.json;cd349ec199c25a842ae306171e7347a3,3,0.0,7,462,112.0,2183023,
assets/aa/Android/6bceebd680d73e803e491924324c0931.bundle,6bceebd680d73e803e491924324c0931.bundle,2022.3.62f2,-7352990906567954705,Chart_EZ,EZ,,7e2285def737fb149bea08aca7183daa;Assets/Tracks/ぱぴぷぴぷぴぱ.ころねぽちWith立秋.0/Chart_EZ.json,3,0.0,3,637,200.0,445678,
assets/aa/Android/6bfd61857e7a89e082a02eac53ef6066.bundle,6bfd61857e7a89e082a02eac53ef6066.bundle,2022.3.62f2,-180128476761831972,Chart_HD,HD,,48d22f3c68099c14ab5f599e20491b80;Assets/Tracks/ストレイソウルアラウンド.みーに.0/Chart_HD.json,3,0.0,24,486,150.0,2406497,
assets/aa/Android/6c8a1b7c44f8bce61a728fbaf3f285dc.bundle,6c8a1b7c44f8bce61a728fbaf3f285dc.bundle,2022.3.62f2,5031553666635027294,Chart_HD,HD,,756896789941021468685290a017c424;Assets/Tracks/InvertedWorld.ARForest.0/Chart_HD.json,3,0.0,7,614,180.0,1518621,
assets/aa/Android/6ce1a368acd8256bb96331076a449c63.bundle,6ce1a368acd8256bb96331076a449c63.bundle,2022.3.62f2,-183432205612064623,Chart_IN,IN,,Assets/Tracks/Xenolith.Tatsh.0/Chart_IN.json;dcfb70981c51bec4c81f42de12845c8c,3,0.0,24,789,170.0,4487555,
assets/aa/Android/6d525a29722b786530a62f819a69069a.bundle,6d525a29722b786530a62f819a69069a.bundle,2022.3.62f2,-5895997716413071853,Chart_HD,HD,,Assets/Tracks/StardustRAY.kanonevsBlackY.0/Chart_HD.json;e94a5856bcbf18a45b186a03270797c5,3,0.0,14,844,164.0,3610131,
assets/aa/Android/6dc81d92f23e03e0784451bbb91679d4.bundle,6dc81d92f23e03e0784451bbb91679d4.bundle,2022.3.62f2,-3702247756139016878,Chart_EZ,EZ,,Assets/Tracks/玩具狂奏曲終焉.きくお.0/Chart_EZ.json;e19d722b03d3f414d8c0fe6e53999249,3,0.0,20,489,390.0,3089778,
assets/aa/Android/6f2faa64563c29a06cf065c9d99ad353.bundle,6f2faa64563c29a06cf065c9d99ad353.bundle,2022.3.62f2,3600823260830064636,Chart_EZ,EZ,,Assets/Tracks/NYA.FLuoRiTe姜米條.0/Chart_EZ.json;a16f4a29c632648768e0d3914da40879,1,0.0,1,122,154.0,55942,
assets/aa/Android/6f57984d87d13db5c3ce0ecc27252a6d.bundle,6f57984d87d13db5c3ce0ecc27252a6d.bundle,2022.3.62f2,5693310513675699668,Chart_IN,IN,,3ddc48464dc057e4a90a291e75c64ce9;Assets/Tracks/RainySeason.AbyssIdols.0/Chart_IN.json,3,0.0,18,660,188.0,2683894,
assets/aa/Android/6f6355bb96385fa436338d5bfa25f6f2.bundle,6f6355bb96385fa436338d5bfa25f6f2.bundle,2022.3.62f2,260593777209468636,Chart_HD,HD,,7143993477e905e4ca191c0b6f67d521;Assets/Tracks/大和撫子WildDances.adapatorvsDRIVE.0/Chart_HD.json,3,0.0,2,549,158.0,680970,
assets/aa/Android/6fb8d25c0822290430c55f6735b25ffd.bundle,6fb8d25c0822290430c55f6735b25ffd.bundle,2022.3.62f2,6321860794711914768,Chart_IN,IN,,5e0e385e282bf8a4e875b473cfb3e8d1;Assets/Tracks/SATELLITE.かめりあ.0/Chart_IN.json,3,0.0,14,897,150.0,5777402,
assets/aa/Android/6fe1ee518a54ed4998868339090aeeff.bundle,6fe1ee518a54ed4998868339090aeeff.bundle,2022.3.62f2,8886840933906052018,Chart_IN,IN,,2d1920e46c60b5a4e96c5237dc303f86;Assets/Tracks/AvataarReincarnationofKalpa.ScarletteakaCrYmson.0/Chart_IN.json,3,0.0,24,979,180.0,5342274,
assets/aa/Android/700855690e3438def50c6bc0177079b0.bundle,700855690e3438def50c6bc0177079b0.bundle,2022.3.62f2,377562712798054073,Chart_HD,HD,,4928dd57d5307c24ab5d59a444bea892;Assets/Tracks/Thrashforce.KAHvsE0ri4.0/Chart_HD.json,3,0.0,10,673,190.0,1649322,
assets/aa/Android/7166f87ba2a6ae784dd02d6c205abcee.bundle,7166f87ba2a6ae784dd02d6c205abcee.bundle,2022.3.62f2,7257851430033682698,Chart_HD,HD,,Assets/Tracks/Stasis.Maozon.0/Chart_HD.json;c98c44da0f04fd845adc21c4d597be32,3,0.0,3,902,180.0,766764,
assets/aa/Android/720f8574c6301325219a43c019408b08.bundle,720f8574c6301325219a43c019408b08.bundle,2022.3.62f2,7640527166669845546,Chart_AT,AT,,Assets/Tracks/DESTRUCTION321.Normal1zervsBrokenNerdz.0/Chart_AT.json;d3ad4719e28a949488a6c093149aecdc,3,0.0,24,2330,321.321,8475591,
assets/aa/Android/72a9cad4f2c01dcca290809393a2e982.bundle,72a9cad4f2c01dcca290809393a2e982.bundle,2022.3.62f2,6773492499834324702,Chart_HD,HD,,2b06e79970f42874b9f5bce492639332;Assets/Tracks/Cristalisia.onoken.0/Chart_HD.json,3,0.0,24,577,134.0,3145144,
assets/aa/Android/72b86a0995254fc7e57e4f9f5344e831.bundle,72b86a0995254fc7e57e4f9f5344e831.bundle,2022.3.62f2,-3995835482576953264,Chart_EZ,EZ,,66fac605a529465419f278aa20bf95b9;Assets/Tracks/幽世桔梗.Capchiifeatまるもこ.0/Chart_EZ.json,3,0.0,4,223,182.0,1254982,
assets/aa/Android/732919b403bf15152a8f5913863737db.bundle,732919b403bf15152a8f5913863737db.bundle,2022.3.62f2,8696958855667506627,Chart_EZ,EZ,,Assets/Tracks/GOODWORLD.EBIMAYO.0/Chart_EZ.json;bd13f5e164a8b664ea7da0a53c4efabd,3,0.0,1,215,165.0,26652,
assets/aa/Android/734076a51466bed78ba6d061a9f1f6d2.bundle,734076a51466bed78ba6d061a9f1f6d2.bundle,2022.3.62f2,-768534197710093819,Chart_EZ,EZ,,89542434216b524459f5aa47130e0eca;Assets/Tracks/Rrharil.TeamGrimoire.0/Chart_EZ.json,3,0.0,23,446,190.0,1897876,
assets/aa/Android/736513a5afa66fa79c173f6f2f1322d4.bundle,736513a5afa66fa79c173f6f2f1322d4.bundle,2022.3.62f2,-809756184893525121,Chart_HD,HD,,1127918a68e6641ea84616fca8ca7d46;Assets/Tracks/AnotherMe.NeutralMoon.0/Chart_HD.json,3,0.0,9,425,175.0,719570,
assets/aa/Android/737f9a9465f11a1ce28244df253466b2.bundle,737f9a9465f11a1ce28244df253466b2.bundle,2022.3.62f2,8569708737678470594,Chart_EZ,EZ,,Assets/Tracks/MOBILYS.Dachs.0/Chart_EZ.json;e2d83543bced66c42a4c36b2824eca65,3,0.0,4,311,144.0,284734,
assets/aa/Android/73859a42c8907f50159b3602d2360dc0.bundle,73859a42c8907f50159b3602d2360dc0.bundle,2022.3.62f2,6549066051596166378,Chart_AT,AT,,Assets/Tracks/Credits.Frums.0/Chart_AT.json;edb619d538cbbf14d89a626e117229a4,3,0.0,23,638,179.0,298043,
assets/aa/Android/73a78507e81e10de44c71b2711d9fa60.bundle,73a78507e81e10de44c71b2711d9fa60.bundle,2022.3.62f2,-2752303785717311713,Chart_EZ,EZ,,8f4d3ada96543d440be733a40d2e1bd2;Assets/Tracks/光.姜米條.0/Chart_EZ.json,3,0.0,24,138,180.0,106051,
assets/aa/Android/73e0513e7635a973fbdcec8c5af11f48.bundle,73e0513e7635a973fbdcec8c5af11f48.bundle,2022.3.62f2,-6638653106762435825,Chart_IN,IN,,3731f4cfe93de704aa809659433597dd;Assets/Tracks/Demonkin.ForgedReigns.0/Chart_IN.json,3,0.0,24,829,192.0,10751044,
assets/aa/Android/74809af16828d462469e1fae01d93596.bundle,74809af16828d462469e1fae01d93596.bundle,2022.3.62f2,-2894009696568953321,Chart_EZ,EZ,,2647f8219262e2944bd379ab4dccfe8f;Assets/Tracks/Wavetapper.Frums.0/Chart_EZ.json,3,0.0,22,470,112.0,950039,
assets/aa/Android/748c238ee28ac27c99dbe97e12ce5da3.bundle,748c238ee28ac27c99dbe97e12ce5da3.bundle,2022.3.62f2,-2492327946498162462,Chart_HD,HD,,4b6ef945dcf0eaa418f11560fbea181c;Assets/Tracks/SilenceisGoldenSpeechisGolden.NIWASHI.0/Chart_HD.json,3,0.0,20,795,177.0,4586578,
assets/aa/Android/74af5f90cd281b0d1bff3457d9684a58.bundle,74af5f90cd281b0d1bff3457d9684a58.bundle,2022.3.62f2,1703264490663714990,Chart_EZ,EZ,,Assets/Tracks/SnowDance.悠叶いのり.0/Chart_EZ.json;fe30afc7f9389344a81e9017f281b644,3,0.0,15,170,188.0,2444565,
assets/aa/Android/75153d51a7d967629d1eb626697bd52f.bundle,75153d51a7d967629d1eb626697bd52f.bundle,2022.3.62f2,-1411921732185600523,Chart_HD,HD,,5980e6439bc72344caa751502917b7e4;Assets/Tracks/Adastraperaspera.RabbitHouse.0/Chart_HD.json,3,0.0,13,924,197.0,1707708,
assets/aa/Android/7548241dd89215a2bc4fec43ebe27d85.bundle,7548241dd89215a2bc4fec43ebe27d85.bundle,2022.3.62f2,4756546252523522982,Chart_IN,IN,,Assets/Tracks/百鬼夜行.SaladSavior.0/Chart_IN.json;d6e40ca95558a5746943dec5ea23040e,3,0.0,24,956,200.0,5099685,
assets/aa/Android/75a783e803a2959dd73afebf228c885b.bundle,75a783e803a2959dd73afebf228c885b.bundle,2022.3.62f2,-7909488312950521744,Chart_EZ,EZ,,139b08b307f701e47b5616ec7dd6c66a;Assets/Tracks/Helios.NOABotaNya.0/Chart_EZ.json,3,0.0,17,188,150.0,3440915,
assets/aa/Android/75fd8a6ce53e26014314fd82a5be9002.bundle,75fd8a6ce53e26014314fd82a5be9002.bundle,2022.3.62f2,-3351246052028462866,Chart_IN,IN,,Assets/Tracks/JourneywithYou.Iris.0/Chart_IN.json;ed79a0bd960b84044abd39dd84f387d8,3,0.0,18,562,150.0;9.375,4172543,
assets/aa/Android/76083c1df2c08994edcb6b3f80f35fb5.bundle,76083c1df2c08994edcb6b3f80f35fb5.bundle,2022.3.62f2,-23672410633811082,Chart_IN,IN,,776614de80677a5488b5360672c0f97c;Assets/Tracks/Thrashforce.KAHvsE0ri4.0/Chart_IN.json,3,0.0,21,884,190.0,4920149,
assets/aa/Android/76413d741b7647f31f71a19fbdc56445.bundle,76413d741b7647f31f71a19fbdc56445.bundle,2022.3.62f2,6505542483725145384,Chart_EZ,EZ,,86a9726ee1113d4439cca6b695e2c2c1;Assets/Tracks/桜樹街道.kozatosnow.0/Chart_EZ.json,3,0.0,3,292,135.0,596887,
assets/aa/Android/76d5a3e72bf5a0917b839b199c73f8ca.bundle,76d5a3e72bf5a0917b839b199c73f8ca.bundle,2022.3.62f2,-2434309570078823432,Chart_HD,HD,,Assets/Tracks/Poseidon.1112vsStar.0/Chart_HD.json;d54803a3df0a84354993de20352d8c7d,3,0.0,9,397,175.0,356053,
assets/aa/Android/772e4868e617c32a6db7fd9ed6333655.bundle,772e4868e617c32a6db7fd9ed6333655.bundle,2022.3.62f2,5910426188503434912,Chart_EZ,EZ,,7a4dc90cedc4843f69c1b0c87d46047f;Assets/Tracks/Spasmodic.姜米條颶風元力上人.0/Chart_EZ.json,3,0.0,1,637,200.0,344872,
assets/aa/Android/773c8e0a92b9dde728d53079030fc26e.bundle,773c8e0a92b9dde728d53079030fc26e.bundle,2022.3.62f2,8508785485595995362,Chart_EZ,EZ,,Assets/Tracks/Random.SobremSilentroom.3/Chart_EZ.json;aecc7b67fbed57d44a5de42f87690395,3,0.0,24,285,132.0,2354943,
assets/aa/Android/773f7f091967837d584bdbe22300beca.bundle,773f7f091967837d584bdbe22300beca.bundle,2022.3.62f2,3321446224227194328,Chart_HD,HD,,2fb10da207cf52949a2274c67a59fd17;Assets/Tracks/energytrixxx.KAH.0/Chart_HD.json,3,0.0,17,477,160.0,1296906,
assets/aa/Android/77a4e5d24060837a67987f3319deb919.bundle,77a4e5d24060837a67987f3319deb919.bundle,2022.3.62f2,-5600343368472414786,Chart_HD,HD,,7aae6bda730c466479f510062d096aa3;Assets/Tracks/下一秒.BobHouSherlock卓智媛feat兰音Reine.0/Chart_HD.json,3,0.0,5,242,150.0,1770636,
assets/aa/Android/77d79511e0ddbf38f46495fac782ac75.bundle,77d79511e0ddbf38f46495fac782ac75.bundle,2022.3.62f2,-3620945429547331539,Chart_HD,HD,,57d133ddff69418438f71b3a08a2139f;Assets/Tracks/EndMe.ZxNXasDelaina.0/Chart_HD.json,3,0.0,5,320,100.0;120.0,186755,
assets/aa/Android/78100dbef1164ba197f7121a4b922889.bundle,78100dbef1164ba197f7121a4b922889.bundle,2022.3.62f2,-6044925321261843186,Chart_EZ,EZ,,5f307ae11d355dc4ab56c16e3b5dc8cf;Assets/Tracks/Introduction/Chart_EZ.json,3,0.0,11,93,138.0,374924,
assets/aa/Android/781bf6173da8ff6ab71c7bd5a2f03dae.bundle,781bf6173da8ff6ab71c7bd5a2f03dae.bundle,2022.3.62f2,-5244514279682201122,Chart_HD,HD,,4b9a2cf1a17aa1948b4efd51ae91bf7d;Assets/Tracks/DropIt.Asuka.0/Chart_HD.json,3,0.0,1,602,126.0,114818,
assets/aa/Android/7827d3c60b900b611aa2482887c81598.bundle,7827d3c60b900b611aa2482887c81598.bundle,2022.3.62f2,-3430556008689834955,Chart_IN,IN,,Assets/Tracks/996.李化禹.0/Chart_IN.json;eeaa0cb91e47a8e4fa4cebefb16bd876,3,0.0,24,996,140.0,5237956,
assets/aa/Android/78a7309e0d7837af71cef2e2428e7472.bundle,78a7309e0d7837af71cef2e2428e7472.bundle,2022.3.62f2,-2968863579458835859,Chart_HD,HD,,Assets/Tracks/OnAndOn.ETIAfeatJenga.0/Chart_HD.json;c6ece853e3457c949be7a2f349b47abe,3,0.0,7,323,170.0,953238,
assets/aa/Android/78d4d5cc4ea75169cd383c0cac8a52c0.bundle,78d4d5cc4ea75169cd383c0cac8a52c0.bundle,2022.3.62f2,-1078526120237859336,Chart_EZ,EZ,,41b66c1cc9431784ab80fc8037a6d089;Assets/Tracks/DontNeverAround.HAMA.0/Chart_EZ.json,3,0.0,13,308,175.0,1092591,
assets/aa/Android/79186a295d71bf90718d0a55215c6e31.bundle,79186a295d71bf90718d0a55215c6e31.bundle,2022.3.62f2,2489703250256431811,Chart_HD,HD,,Assets/Tracks/NOx.Juggernaut.0/Chart_HD.json;afdc21e786e7d8646a709a01ceb1d1d6,3,0.0,24,700,190.0,1375260,
assets/aa/Android/7961f12192e45d864cde997c72011bbd.bundle,7961f12192e45d864cde997c72011bbd.bundle,2022.3.62f2,-6364664685659077260,Chart_EZ,EZ,,3377f1167921b6848a8c2b0953eae343;Assets/Tracks/DiamondDust.MasahiroGodspeedAoki.0/Chart_EZ.json,3,0.0,22,266,200.0,2728580,
assets/aa/Android/79a9df2b38d466dc4f78c31749eefb2b.bundle,79a9df2b38d466dc4f78c31749eefb2b.bundle,2022.3.62f2,3098112235107584143,Chart_IN,IN,,Assets/Tracks/HumaN.SOTUI.0/Chart_IN.json;d5e7616306a75f1468bb9540e21562ee,3,0.0,10,554,180.0,661321,
assets/aa/Android/79ba303cf9d52a065bfb121d5acb2dc1.bundle,79ba303cf9d52a065bfb121d5acb2dc1.bundle,2022.3.62f2,1181434929117982427,Chart_IN,IN,,Assets/Tracks/ジングルベルJingleBell.A39沙包P.0/Chart_IN.json;a457d16df0f56c2448020c85b87435ea,3,0.0,22,1239,175.0,3531333,
assets/aa/Android/7a2cdf9a44abe3a3d446853b5de1b611.bundle,7a2cdf9a44abe3a3d446853b5de1b611.bundle,2022.3.62f2,1661251012396893061,Chart_HD,HD,,Assets/Tracks/Bougainvillea.Jade.0/Chart_HD.json;d7f3c1f4d668379478c1a5637ea7ea2c,3,0.0,4,347,120.0,335708,
assets/aa/Android/7a57e5b9914ed1e3f0de1b9ec537cdc1.bundle,7a57e5b9914ed1e3f0de1b9ec537cdc1.bundle,2022.3.62f2,-2758079379159274680,Chart_HD,HD,,9017489cfc7b59c4a86ca3cafb52f481;Assets/Tracks/雪降り雪が降っている.AiSSw夜輪ft結月ゆかり.0/Chart_HD.json,3,0.0,5,364,156.0,1916247,
assets/aa/Android/7abefe38c1d725edc6658eecd5593762.bundle,7abefe38c1d725edc6658eecd5593762.bundle,2022.3.62f2,3543636680159518655,Chart_IN,IN,,008191cf2021843469d463de52b5db9f;Assets/Tracks/Kerberos.Zris.0/Chart_IN.json,3,0.0,23,978,197.0,2865351,
assets/aa/Android/7b00528ab7f97f89a405aa05f9112b5b.bundle,7b00528ab7f97f89a405aa05f9112b5b.bundle,2022.3.62f2,8273946603010177820,Chart_IN,IN,,0effbf9b60b57db42b5f83f0cc318a6e;Assets/Tracks/AfterDawn.S9ryne.0/Chart_IN.json,3,0.0,22,975,110.0,1565649,
assets/aa/Android/7b7968f4e358fa32424d4f6862bad2b8.bundle,7b7968f4e358fa32424d4f6862bad2b8.bundle,2022.3.62f2,-3528865557542130815,Chart_HD,HD,,2e3daa9d4852b6c428bd957d389d5fcb;Assets/Tracks/Demonkin.ForgedReigns.0/Chart_HD.json,3,0.0,23,513,192.0,1259567,
assets/aa/Android/7b92ca6430e4b0990d692a198cb457c6.bundle,7b92ca6430e4b0990d692a198cb457c6.bundle,2022.3.62f2,-2272909852480992571,Chart_IN,IN,,5e26b1ccdfdf4d5459ef92c9e088e3be;Assets/Tracks/青丘.BLACK0.0/Chart_IN.json,3,0.0,14,1304,180.0,2114579,
assets/aa/Android/7be81f126726a769117d9765253d10f2.bundle,7be81f126726a769117d9765253d10f2.bundle,2022.3.62f2,3363049440179277345,Chart_IN,IN,,7b69c02d91aa9ae43911185ee0d4bd25;Assets/Tracks/いざ参ります.Uskefeat棗いつき.0/Chart_IN.json,3,0.0,24,865,188.0,3114297,
assets/aa/Android/7bfb5eee5495306e1c83f8b5653f7c77.bundle,7bfb5eee5495306e1c83f8b5653f7c77.bundle,2022.3.62f2,-1350633553006939007,Chart_AT,AT,,Assets/Tracks/DerSchneid.Ωμεγα.0/Chart_AT.json;f3d8eab3783a2e0468e0c1e82f090a30,3,0.0,24,1555,222.0,8717701,
assets/aa/Android/7c0ac33697f44a5b8c2035701632956c.bundle,7c0ac33697f44a5b8c2035701632956c.bundle,2022.3.62f2,-5917669228133181353,Chart_EZ,EZ,,3f4975765670d064581baa69829aa731;Assets/Tracks/Cuvism.Fl00tvsHalv.0/Chart_EZ.json,3,0.0,24,222,194.0,4293211,
assets/aa/Android/7c7aa97fbd0ccc8c843fc523c79801b2.bundle,7c7aa97fbd0ccc8c843fc523c79801b2.bundle,2022.3.62f2,-3096858599036132758,Chart_HD,HD,,Assets/Tracks/Random.SobremSilentroom.5/Chart_HD.json;c29c0ead77da2cb4baada74de2b32b3c,3,0.0,17,603,132.0,1462522,
assets/aa/Android/7d35a39c5cdac5f4d1eff098a982ef25.bundle,7d35a39c5cdac5f4d1eff098a982ef25.bundle,2022.3.62f2,7285607832761035051,Chart_AT,AT,,50262eed87791804c9d841dd2dc9cc81;Assets/Tracks/StardustRAY.kanonevsBlackY.0/Chart_AT.json,3,0.0,24,1570,164.0,9206009,
assets/aa/Android/7d6e79a9e9b6b6cee7394dd028e3959a.bundle,7d6e79a9e9b6b6cee7394dd028e3959a.bundle,2022.3.62f2,-2805317870992565062,Chart_IN,IN,,96e21dfbcd2b46349a5854e0af9117e8;Assets/Tracks/Rrharil.TeamGrimoire.0/Chart_IN.json,3,0.0,18,1300,190.0,3374624,
assets/aa/Android/7d9dcb716e2fd32f7e471952258f0853.bundle,7d9dcb716e2fd32f7e471952258f0853.bundle,2022.3.62f2,-8393888461245360837,Chart_HD,HD,,429806e470d23504f97576b87569d195;Assets/Tracks/神話.PicaM2U.0/Chart_HD.json,3,0.0,21,433,130.0,1540284,
assets/aa/Android/7e2bd2fb640f13db3529db5840013479.bundle,7e2bd2fb640f13db3529db5840013479.bundle,2022.3.62f2,4355417930444245206,Chart_IN,IN,,02fe8c9a75f4f3a498dcc920ef8ee258;Assets/Tracks/Aliceinaxxxxxxxx.Nagiha.0/Chart_IN.json,3,0.0,24,922,144.0,9197728,
assets/aa/Android/7e6d95e2d2b37eb473906be4a0370842.bundle,7e6d95e2d2b37eb473906be4a0370842.bundle,2022.3.62f2,-5232448298991043747,Chart_HD,HD,,60343f69c7a3a804fb89272caca2952c;Assets/Tracks/CraveWave.LandRoot.0/Chart_HD.json,3,0.0,12,396,150.0,1387955,
assets/aa/Android/7e713471b091ff07768f677cdc653882.bundle,7e713471b091ff07768f677cdc653882.bundle,2022.3.62f2,7285144795450399110,Chart_IN,IN,,Assets/Tracks/暗夜苏醒REANIMATE.Warak.0/Chart_IN.json;d9596b3003b7118479c96709cf9d922d,3,0.0,16,1262,174.0,4910645,
assets/aa/Android/7e767242b7a08470821d3500798c0e65.bundle,7e767242b7a08470821d3500798c0e65.bundle,2022.3.62f2,-7280979907874478347,Chart_EZ,EZ,,39226906e58bae14d8d78aa9e7da086e;Assets/Tracks/Pontdessouvenirs.VeetaCrushvsitsufeatitsu.0/Chart_EZ.json,3,0.0,20,461,190.0,1122614,
assets/aa/Android/7e7a60cbc15c4d290761ba48fa5cc7f8.bundle,7e7a60cbc15c4d290761ba48fa5cc7f8.bundle,2022.3.62f2,5240880689746618745,Chart_IN,IN,,0f581fbb700e3471f8c90de852c2e847;Assets/Tracks/狂喜蘭舞.LeaF.0/Chart_IN.json,3,0.0,15,968,230.0,1408432,
assets/aa/Android/7ea04bfedf20244f971c30b78f23820f.bundle,7ea04bfedf20244f971c30b78f23820f.bundle,2022.3.62f2,-3570630236396976930,Chart_EZ,EZ,,Assets/Tracks/valorstarcross.LundyvsWyvren.0/Chart_EZ.json;de48dd2b5ffccf74a96c82a3a4bd55b8,3,0.0,5,479,175.0,676265,
assets/aa/Android/7eee923ae7988fa783692b60e6e183f2.bundle,7eee923ae7988fa783692b60e6e183f2.bundle,2022.3.62f2,-4196747165062818080,Chart_EZ,EZ,,Assets/Tracks/atruthseekerCommunicationwithUtopiawillbelost.kuro.0/Chart_EZ.json;ba555182427ac30468f57ea7860af966,3,0.0,24,328,206.0,2314581,
assets/aa/Android/7f0be12f58410760c0ced1969e227604.bundle,7f0be12f58410760c0ced1969e227604.bundle,2022.3.62f2,-2271931096555939534,Chart_IN,IN,,9c78c33ebbc19c84a98caa4dae24052e;Assets/Tracks/Cipher20.TetrajectoryfeatCtymax.0/Chart_IN.json,3,0.0,22,1041,179.0,7542361,
assets/aa/Android/7f14e118fde9a98103bd038ab757689f.bundle,7f14e118fde9a98103bd038ab757689f.bundle,2022.3.62f2,-3240431492753066152,Chart_EZ,EZ,,Assets/Tracks/SilenceisGoldenSpeechisGolden.NIWASHI.0/Chart_EZ.json;fe459bfcb1d835147a08d8b53b698bb5,3,0.0,3,376,177.0,1153571,
assets/aa/Android/7f429a452de3992a4136b2b006eae173.bundle,7f429a452de3992a4136b2b006eae173.bundle,2022.3.62f2,-4221677854405497730,Chart_HD,HD,,04303af3006b54b49bdac63cff66a2d4;Assets/Tracks/dBdoll.YUESTEVENuen.0/Chart_HD.json,3,0.0,1,124,128.0,52405,
assets/aa/Android/7f5779b591e975b61910cec1acc74e2c.bundle,7f5779b591e975b61910cec1acc74e2c.bundle,2022.3.62f2,-2126595487127053097,Chart_IN,IN,,Assets/Tracks/inferior.姜米條.0/Chart_IN.json;d8a4472bad5f43543ad59b248a637761,3,0.0,21,755,200.0,1868795,
assets/aa/Android/7fb63d11750074db4672b074696b7261.bundle,7fb63d11750074db4672b074696b7261.bundle,2022.3.62f2,6354639805556140867,Chart_EZ,EZ,,83e74164b9da16c4da737c6623cb2a21;Assets/Tracks/OnAndOn.ETIAfeatJenga.0/Chart_EZ.json,3,0.0,8,195,170.0,1448195,
assets/aa/Android/7fc68bb202db154a493ae52ba0b9f00f.bundle,7fc68bb202db154a493ae52ba0b9f00f.bundle,2022.3.62f2,-2001566642007835948,Chart_EZ,EZ,,1be69239bfb5f2b4da84ab3992a8e5e6;Assets/Tracks/CrushBETA.shadow_bling.0/Chart_EZ.json,3,0.0,4,270,200.0,648613,
assets/aa/Android/7fdf8a3a77942f895972bb8ec8de18da.bundle,7fdf8a3a77942f895972bb8ec8de18da.bundle,2022.3.62f2,-279607128851637227,Chart_IN,IN,,9f826caeb295fca4286800eea8535b74;Assets/Tracks/Alb.Avans.0/Chart_IN.json,3,0.0,16,898,140.0,4063005,
assets/aa/Android/80703c72b15d1a7076db334d2f6585a0.bundle,80703c72b15d1a7076db334d2f6585a0.bundle,2022.3.62f2,6078916954684425443,Chart_HD,HD,,Assets/Tracks/NonMelodicRagezMUGEdit.Normal1zer.0/Chart_HD.json;e15bdaf58c33c8d48a39d6ac45c10cce,3,0.0,5,675,205.0,796320,
assets/aa/Android/80a4d48d79f480ad5b25983cebd77e70.bundle,80a4d48d79f480ad5b25983cebd77e70.bundle,2022.3.62f2,-5251827746800632124,Chart_HD,HD,,6c3e9d8560f584a1eb4d15af2f9b3f40;Assets/Tracks/Chronostasis.黒皇帝.0/Chart_HD.json,3,0.07,11,821,196.0,591399,
assets/aa/Android/80e168d569326e5fe61deeb5634acfae.bundle,80e168d569326e5fe61deeb5634acfae.bundle,2022.3.62f2,4690281505832095893,Chart_HD,HD,,65e4e864dc83a7f4abe6bb26f99f7b29;Assets/Tracks/Wavetapper.Frums.0/Chart_HD.json,3,0.0,22,507,112.0,1048537,
assets/aa/Android/81091edc07ed5c876cb74d98d82a11c0.bundle,81091edc07ed5c876cb74d98d82a11c0.bundle,2022.3.62f2,-7713405228974105691,Chart_IN,IN,,7db506874b33a7941b291020cce76cc9;Assets/Tracks/夢の降る日に.seatrus.0/Chart_IN.json,3,0.0,22,1243,260.0,4389304,
assets/aa/Android/8116557cff29455bcb5758ec10747869.bundle,8116557cff29455bcb5758ec10747869.bundle,2022.3.62f2,3723831469570441057,Chart_EZ,EZ,,7ca5d7eb3b212e749ac540a5e575459a;Assets/Tracks/JourneywithYou.Iris.0/Chart_EZ.json,3,0.0,7,60,150.0,712462,
assets/aa/Android/811ed110bbd0e8fb9daddf449a575bc4.bundle,811ed110bbd0e8fb9daddf449a575bc4.bundle,2022.3.62f2,-7730104427260304825,Chart_EZ,EZ,,Assets/Tracks/雪降り雪が降っている.AiSSw夜輪ft結月ゆかり.0/Chart_EZ.json;e8683ecde7081014c920eaa822a64bf5,3,0.0,4,111,156.0,1877334,
assets/aa/Android/81337afdf147bd9871f0b22b9fa8d652.bundle,81337afdf147bd9871f0b22b9fa8d652.bundle,2022.3.62f2,-4557349336174157383,Chart_EZ,EZ,,702fda2d084e32145a71a5b2574d9a42;Assets/Tracks/GOODRAGE.EBIMAYO.0/Chart_EZ.json,3,0.0,3,308,222.0,132265,
assets/aa/Android/81431e575fdcbcccc6b07d0216b21640.bundle,81431e575fdcbcccc6b07d0216b21640.bundle,2022.3.62f2,1543102983242133089,Chart_EZ,EZ,,6a34347651ab67244866eef1cd9976c7;Assets/Tracks/FinalStep.Lime.0/Chart_EZ.json,3,0.0,6,355,180.0,230377,
assets/aa/Android/81ab44726e259c0e9915b3adc6bff484.bundle,81ab44726e259c0e9915b3adc6bff484.bundle,2022.3.62f2,-6423870605073027569,Chart_IN,IN,,Assets/Tracks/PoisonANDORAffection.LeaF.0/Chart_IN.json;a1656dc6718ddcb43a0bdc3dd72a167a,3,0.0,24,888,120.0,1731172,
assets/aa/Android/8239adf8592ece711dacdac4398f7b6b.bundle,8239adf8592ece711dacdac4398f7b6b.bundle,2022.3.62f2,-5226446509031113556,Chart_EZ,EZ,,Assets/Tracks/下一秒.BobHouSherlock卓智媛feat兰音Reine.0/Chart_EZ.json;fb00aefa2c2a02c48bd147d0f950656d,3,0.0,5,155,150.0,1519122,
assets/aa/Android/82807a4ad2c51664216c5b567057b2b9.bundle,82807a4ad2c51664216c5b567057b2b9.bundle,2022.3.62f2,5578225327737216923,Chart_EZ,EZ,,4783899fa5193ea438449463546c87cc;Assets/Tracks/ClockParadox.WyvernP.0/Chart_EZ.json,3,0.0,13,188,140.0,521838,
assets/aa/Android/82cd5c4bedf74760071b639ea3ffb61a.bundle,82cd5c4bedf74760071b639ea3ffb61a.bundle,2022.3.62f2,3637651710637931930,Chart_EZ,EZ,,933dbf0a015950d43a6b1843f41a2d80;Assets/Tracks/Dreamland.z1onkyrrin.0/Chart_EZ.json,3,0.0,23,338,120.0,1515956,
assets/aa/Android/82d720fdf891badcf59dfe1633645c22.bundle,82d720fdf891badcf59dfe1633645c22.bundle,2022.3.62f2,-7395576629400132862,Chart_EZ,EZ,,Assets/Tracks/ニライカナイNiraicA_naiMix.roopfromSTR.0/Chart_EZ.json;d759b42f5be877841b64f0fa8a23b5e5,3,0.0,3,207,130.0,175880,
assets/aa/Android/82f50004cb07cb066496594d5dc11e38.bundle,82f50004cb07cb066496594d5dc11e38.bundle,2022.3.62f2,-3718054758463251209,Chart_HD,HD,,510594b47a318b04aa032570881fc46e;Assets/Tracks/幽世桔梗.Capchiifeatまるもこ.0/Chart_HD.json,3,0.0,8,562,182.0,3274669,
assets/aa/Android/834dd435534e91ae9a96160d6abeb53b.bundle,834dd435534e91ae9a96160d6abeb53b.bundle,2022.3.62f2,-2855875170601029572,Chart_EZ,EZ,,2934dbe8ef9264952834df164a47bdeb;Assets/Tracks/SparkleNewLife.rider.0/Chart_EZ.json,1,0.0,1,305,150.0,34237,
assets/aa/Android/8360aabc701a54d0f8219b65f5fae6a9.bundle,8360aabc701a54d0f8219b65f5fae6a9.bundle,2022.3.62f2,2784055280534274026,Chart_IN,IN,,41f4807926d74ee4f932e494d9d82b8e;Assets/Tracks/瓷岁.茶鸣拾贰律.0/Chart_IN.json,3,0.0,24,365,126.0,7374805,
assets/aa/Android/83693684489fb3ecca820d2bb1b3a339.bundle,83693684489fb3ecca820d2bb1b3a339.bundle,2022.3.62f2,-2751043510589973756,Chart_HD,HD,,Assets/Tracks/HardcoreKwaya.EnFr.0/Chart_HD.json;d102a232bd9eb10429c4df51e42e51ae,3,0.0,4,611,200.0,864891,
assets/aa/Android/83b70000b11152d9285de5aeaf9a63c6.bundle,83b70000b11152d9285de5aeaf9a63c6.bundle,2022.3.62f2,-1240740438897207803,Chart_HD,HD,,03861c197d8a44a51bb116638d29efb5;Assets/Tracks/Aphasia.闫东炜.0/Chart_HD.json,1,0.468,2,362,128.0,61268,
assets/aa/Android/83eae8097bbfb415e3e10c6e9c14274d.bundle,83eae8097bbfb415e3e10c6e9c14274d.bundle,2022.3.62f2,5020386596467074698,Chart_EZ,EZ,,Assets/Tracks/Apocalyptic.ZClaxxSumaiLight.0/Chart_EZ.json;b1386cbcaca0cc042b4475d64435c2a0,3,0.0,3,282,160.0,802377,
assets/aa/Android/84319a5201a10a7c448475223695e4c5.bundle,84319a5201a10a7c448475223695e4c5.bundle,2022.3.62f2,-1140649153718110320,Chart_EZ,EZ,,05b8f2629c71b164b9956b9d3818f902;Assets/Tracks/UnorthodoxThoughts.Joulez.0/Chart_EZ.json,3,0.0,1,512,146.0,178063,
assets/aa/Android/84375606e06237481744f3cdd0b10f40.bundle,84375606e06237481744f3cdd0b10f40.bundle,2022.3.62f2,-4912588576162997844,Chart_EZ,EZ,,5708b027db7c64e4cb4cfdf987ca60b1;Assets/Tracks/Chronomia.Lime.0/Chart_EZ.json,3,0.0,9,338,227.0,1586843,
assets/aa/Android/8442acee4a82fd8f212532e42b178cf6.bundle,8442acee4a82fd8f212532e42b178cf6.bundle,2022.3.62f2,2600851844331079006,Chart_EZ,EZ,,Assets/Tracks/LeaveAllBehind.rider.0/Chart_EZ.json;e4967f8237b3a6a43954b129c0c18cec,3,0.0,1,210,150.0,69254,
assets/aa/Android/84aaf492117b378e979622e081b3176f.bundle,84aaf492117b378e979622e081b3176f.bundle,2022.3.62f2,-2243789157658567742,Chart_EZ,EZ,,Assets/Tracks/SolaggyfeatUzumaki.ShrimpCatsはぁち後藤涼輔.0/Chart_EZ.json;daa6e57ffdb49e143a279714eeb1c45b,3,0.0,24,218,180.0,4499041,
assets/aa/Android/84b27d8857caa7410c60850108e9a6d5.bundle,84b27d8857caa7410c60850108e9a6d5.bundle,2022.3.62f2,6674237206991204664,Chart_HD,HD,,520371e85f908d648832ba134584b28a;Assets/Tracks/玩具狂奏曲終焉.きくお.0/Chart_HD.json,3,0.0,13,513,130.0,3033444,
assets/aa/Android/84f33c9d4eb448d70e07fca8ed57163d.bundle,84f33c9d4eb448d70e07fca8ed57163d.bundle,2022.3.62f2,-1792196801143311467,Chart_IN,IN,,40c8e53169b714b2f804e0cd008f2bb1;Assets/Tracks/AnotherMe.NeutralMoon.0/Chart_IN.json,3,0.0,22,564,175.0,1107628,
assets/aa/Android/85107211052b8f8e20d759aba92e69b3.bundle,85107211052b8f8e20d759aba92e69b3.bundle,2022.3.62f2,3921818376266284908,Chart_EZ,EZ,,Assets/Tracks/NOONEYESMAN.MYUKKE.0/Chart_EZ.json;bdcb3a7d4eeb11b41ac2b43a94a7f524,3,0.0,5,394,170.0,380616,
assets/aa/Android/8560708afaf26ae9b6f4a7fd8ea9250e.bundle,8560708afaf26ae9b6f4a7fd8ea9250e.bundle,2022.3.62f2,-5832246410703563415,Chart_IN,IN,,931db49feb8993c47856dc02e707bcd4;Assets/Tracks/DropIt.Asuka.0/Chart_IN.json,3,0.0,13,1031,126.0,1519825,
assets/aa/Android/85b665929e8b75f3bfd902617e532054.bundle,85b665929e8b75f3bfd902617e532054.bundle,2022.3.62f2,1061368143953188563,Chart_EZ,EZ,,8b7bf4bfbae42438a94f797014750497;Assets/Tracks/ENERGYSYNERGYMATRIX.Tanchiky.0/Chart_EZ.json,3,0.0,5,450,160.0,1139571,
assets/aa/Android/85bd1eae3de1d32c2efa926c01315dfe.bundle,85bd1eae3de1d32c2efa926c01315dfe.bundle,2022.3.62f2,-6634047223130827797,Chart_EZ,EZ,,3a0dd492985cc13419a14d4f4153337d;Assets/Tracks/HorizonBlue.NothingButRequiemfeatAikapinChiyoko.0/Chart_EZ.json,3,0.0,19,519,200.0,1083355,
assets/aa/Android/85ed98d2d89c87a9b0fbb1219af2fbf3.bundle,85ed98d2d89c87a9b0fbb1219af2fbf3.bundle,2022.3.62f2,4986002791825132164,Chart_EZ,EZ,,Assets/Tracks/インマイマインド.レシオP.0/Chart_EZ.json;e6f14576ae6397d4a83e82d90eae2fbb,3,0.0,10,89,155.0,1409324,
assets/aa/Android/860923bff281ca0f757e3f4b78e7d6bf.bundle,860923bff281ca0f757e3f4b78e7d6bf.bundle,2022.3.62f2,7158516076658889213,Chart_IN,IN,,Assets/Tracks/華灯爱.闫东炜.0/Chart_IN.json;ffcb1feccbbb242debc6195db0a2ba03,3,0.0,24,520,120.0,1015890,
assets/aa/Android/86ab5e856ff23e84d602a4db3fd6b339.bundle,86ab5e856ff23e84d602a4db3fd6b339.bundle,2022.3.62f2,-6287256781735807710,Chart_IN,IN,,645a2602a71204146ac549bb39a3d2fe;Assets/Tracks/FrozenHeart.A39沙包P.0/Chart_IN.json,3,0.0,23,939,185.0,11100868,
assets/aa/Android/86cf2c49af17acc649807dab53071c65.bundle,86cf2c49af17acc649807dab53071c65.bundle,2022.3.62f2,6306328044967153458,Chart_IN,IN,,1c2a783cd765b7d40adcb0b95506f792;Assets/Tracks/ERABYECONNEC10N.かめりあ.0/Chart_IN.json,3,0.0,24,1530,230.0,7051883,
assets/aa/Android/8705bde318922923f38484cf1b5099a7.bundle,8705bde318922923f38484cf1b5099a7.bundle,2022.3.62f2,-7926127732754148189,Chart_HD,HD,,4cf79f73fddc77940afdea01595b91dd;Assets/Tracks/Random.SobremSilentroom.2/Chart_HD.json,3,0.0,17,607,132.0,1296972,
assets/aa/Android/872c72b635aafa706799777ae41389c5.bundle,872c72b635aafa706799777ae41389c5.bundle,2022.3.62f2,-3263387501528957600,Chart_IN,IN,,084b8769b97bbff4d80c145a5c2e6f77;Assets/Tracks/slips.rintarosoma.0/Chart_IN.json,3,0.0,24,1128,199.0,6930803,
assets/aa/Android/8738d7da760aa4e6ab7696f827445a4f.bundle,8738d7da760aa4e6ab7696f827445a4f.bundle,2022.3.62f2,2642845458130851965,Chart_HD,HD,,6b423bab569f0a34bad50e5ce34055a7;Assets/Tracks/今天不是明天.PIKASONICfeat兰音Reine.0/Chart_HD.json,3,0.0,8,546,125.0,1324049,
assets/aa/Android/879b13b584bf0f017329922aff33e39f.bundle,879b13b584bf0f017329922aff33e39f.bundle,2022.3.62f2,-8144301713276955529,Chart_IN,IN,,8fb48ea52ee2d1a4a99d020ec5f967a8;Assets/Tracks/volcanic.DETROakaルゼ.0/Chart_IN.json,3,0.0,15,1178,191.0,1344939,
assets/aa/Android/87aa47238c8f4e35782446b69f82779d.bundle,87aa47238c8f4e35782446b69f82779d.bundle,2022.3.62f2,2827900637048253929,Chart_EZ,EZ,,89f4b6e625ff3fa46bde6ccc3a04f5e2;Assets/Tracks/ParallelRetrogressionGameVer.Tetrajectory.0/Chart_EZ.json,3,0.16,6,507,175.0,382136,
assets/aa/Android/87bd4c69f56c0b27162925620b3fa592.bundle,87bd4c69f56c0b27162925620b3fa592.bundle,2022.3.62f2,2533657757947562353,Chart_HD,HD,,3ce1d68e8a1839146a2ed789a6537d79;Assets/Tracks/FULiAUTOBUSTER.MYUKKE.0/Chart_HD.json,3,0.0,5,596,145.0,781751,
assets/aa/Android/87fca81865dfdbc3340b3a66fcb162bd.bundle,87fca81865dfdbc3340b3a66fcb162bd.bundle,2022.3.62f2,-735735343681655965,Chart_IN,IN,,727467ab16db13f47b93b9e650d8bf40;Assets/Tracks/Nhelv.Silentroom.0/Chart_IN.json,3,0.0,24,833,174.59,3320285,
assets/aa/Android/883600ae7f45a87506387aa9eca8e8b1.bundle,883600ae7f45a87506387aa9eca8e8b1.bundle,2022.3.62f2,2566615081290822548,Chart_IN,IN,,74623fae20034433783e1ae5b6e15ad9;Assets/Tracks/BonusTime.MegaloPaleWhite.0/Chart_IN.json,3,0.1,10,689,180.0,890060,
assets/aa/Android/88a0900bf13224fc976720cf33a9e445.bundle,88a0900bf13224fc976720cf33a9e445.bundle,2022.3.62f2,5166947303607431213,Chart_EZ,EZ,,5ef764cf986ccef4b932403bd8e5a81b;Assets/Tracks/Shelter.MeatyRabbitNceS.0/Chart_EZ.json,3,0.0,7,265,170.0,1556825,
assets/aa/Android/88fe0f2487404ea13181309290b15d77.bundle,88fe0f2487404ea13181309290b15d77.bundle,2022.3.62f2,8670829466075766209,Chart_IN,IN,,7d9104e6a9dbb4f1bb63c9c32b7ed26b;Assets/Tracks/Trane.MALVA.0/Chart_IN.json,3,0.0,10,661,135.0,1019649,
assets/aa/Android/890e10a54a26e446ee083501d353c0e9.bundle,890e10a54a26e446ee083501d353c0e9.bundle,2022.3.62f2,-8960822610593081206,Chart_HD,HD,,589c9999df6549a41b936a7fd43480bc;Assets/Tracks/祈-我ら神祖と共に歩む者なり-.光吉猛修VS穴山大輔VSKaiVS水野健治VS大国奏音.0/Chart_HD.json,3,0.0,15,1111,152.0;168.75;188.0;219.0,4358503,
assets/aa/Android/8961987c332228c8fc1b83337be4c86d.bundle,8961987c332228c8fc1b83337be4c86d.bundle,2022.3.62f2,7619723282012506007,Chart_HD,HD,,Assets/Tracks/Spasmodic.姜米條颶風元力上人.0/Chart_HD.json;e18d2e48dd276468c89b5327569c2087,3,0.0,1,904,200.0,260169,
assets/aa/Android/898626f845866e40c659e48dd2286e16.bundle,898626f845866e40c659e48dd2286e16.bundle,2022.3.62f2,6570406526680486341,Chart_IN,IN,,Assets/Tracks/Resolver.Gomadare.0/Chart_IN.json;c8d57cd363eb6474b9a377ed96d1754e,3,0.0,24,993,123.0,8099279,
assets/aa/Android/8a1685b7b3a669585ae8279fda8b3b6b.bundle,8a1685b7b3a669585ae8279fda8b3b6b.bundle,2022.3.62f2,-6533331889045926565,Chart_IN,IN,,Assets/Tracks/MiracleForestVIPMix.Rinthlive.0/Chart_IN.json;eca802d2149c53e4889ca327d6968b29,3,0.0,8,839,192.0,1241811,
assets/aa/Android/8a1d0af24b55c6c0ee8d18907f70f8a5.bundle,8a1d0af24b55c6c0ee8d18907f70f8a5.bundle,2022.3.62f2,-320433143566165568,Chart_EZ,EZ,,7aa1648b9e38b42a58e0bb4e7c4e1403;Assets/Tracks/Aleph0.LeaF.0/Chart_EZ.json,3,0.0,3,153,140.0;250.0,136511,
assets/aa/Android/8ab0ec213f954f18b1cb7440dbb6503e.bundle,8ab0ec213f954f18b1cb7440dbb6503e.bundle,2022.3.62f2,-6338144828170419911,Chart_EZ,EZ,,8e74048866a498e43a9aa603e46b830f;Assets/Tracks/最高傑作.PYKAMIA.0/Chart_EZ.json,3,0.0,7,203,140.0,797349,
assets/aa/Android/8b8964acf63e69acdb7b01f72a3b069b.bundle,8b8964acf63e69acdb7b01f72a3b069b.bundle,2022.3.62f2,-8985199636905670739,Chart_HD,HD,,Assets/Tracks/Disorder.HyuNfeatYURI.0/Chart_HD.json;e0d9a9d23d0e44e01b263d670d5f2e61,3,0.0,4,629,193.0,290952,
assets/aa/Android/8ba93c39f128e2e2719d6014556266b6.bundle,8ba93c39f128e2e2719d6014556266b6.bundle,2022.3.62f2,-46144842842100918,Chart_EZ,EZ,,799e79ad181ce4016ba8f706b432f743;Assets/Tracks/CROSSSOUL.HyuNfeatSyepias.0/Chart_EZ.json,3,0.0,1,517,200.0,335790,
assets/aa/Android/8bc8be01345df655a87c6cc7efbd2539.bundle,8bc8be01345df655a87c6cc7efbd2539.bundle,2022.3.62f2,-4566070541660261583,Chart_HD,HD,,Assets/Tracks/暗夜苏醒REANIMATE.Warak.0/Chart_HD.json;e87cfb49193ebe24bb56185b73c209dc,3,0.0,22,842,174.0,534502,
assets/aa/Android/8bf56218f6c2cc20bc34ec05dfc9adff.bundle,8bf56218f6c2cc20bc34ec05dfc9adff.bundle,2022.3.62f2,-4302428925198086500,Chart_EZ,EZ,,5caa48f308716d145b8a4f2c4312cac6;Assets/Tracks/Aliceinaxxxxxxxx.Nagiha.0/Chart_EZ.json,3,0.0,24,239,144.0,5104901,
assets/aa/Android/8c0be7c329ca36fe42b8ced377f0ebd2.bundle,8c0be7c329ca36fe42b8ced377f0ebd2.bundle,2022.3.62f2,6247066714728448529,Chart_EZ,EZ,,585337d48ec74400bbeeb1ed3fc742f9;Assets/Tracks/BonusTime.MegaloPaleWhite.0/Chart_EZ.json,3,0.1,10,214,180.0,461203,
assets/aa/Android/8c68e9e4d748edf1da01458decb0c5b7.bundle,8c68e9e4d748edf1da01458decb0c5b7.bundle,2022.3.62f2,-80212694790788946,Chart_IN,IN,,867aa97277526d6408841b6bafb24373;Assets/Tracks/Random.SobremSilentroom.5/Chart_IN.json,3,0.0,24,723,132.0,1761061,
assets/aa/Android/8c80fd5fb47c8c10a1f83813d966898b.bundle,8c80fd5fb47c8c10a1f83813d966898b.bundle,2022.3.62f2,2975141443120598944,Chart_EZ,EZ,,Assets/Tracks/iLArtifact.Link0.0/Chart_EZ.json;f5d679d514168644abcc563c96e40d08,3,0.0,19,482,184.0,306502,
assets/aa/Android/8cac0cb3192a50388e4a53fd303672a4.bundle,8cac0cb3192a50388e4a53fd303672a4.bundle,2022.3.62f2,301343950502246517,Chart_AT,AT,,Assets/Tracks/QZKagoRequiem.tpazolite.0/Chart_AT.json;bb2d960830783694eb0bccbbfae31464,3,0.0,24,1723,257.0,12136953,
assets/aa/Android/8cc8550ae1135d1df7c00123b5a1bb6c.bundle,8cc8550ae1135d1df7c00123b5a1bb6c.bundle,2022.3.62f2,-7150380552273091774,Chart_IN,IN,,5c2b2d53ff7342949a7fa434596acfa7;Assets/Tracks/神話.PicaM2U.0/Chart_IN.json,3,0.0,24,735,130.0,3460375,
assets/aa/Android/8d037b934e43f2b90460006f6cff72aa.bundle,8d037b934e43f2b90460006f6cff72aa.bundle,2022.3.62f2,7717561258710557876,Chart_HD,HD,,Assets/Tracks/Shelter.MeatyRabbitNceS.0/Chart_HD.json;d9bc271b498454246ba23b57bb3c5837,3,0.0,7,388,170.0,1571223,
assets/aa/Android/8d2abbebd7cd814e1bbbea740d1510d1.bundle,8d2abbebd7cd814e1bbbea740d1510d1.bundle,2022.3.62f2,-2500653494842342225,Chart_IN,IN,,3a503029d10b8bc498670110530e599a;Assets/Tracks/ニライカナイNiraicA_naiMix.roopfromSTR.0/Chart_IN.json,3,0.0,18,650,130.0,1879220,
assets/aa/Android/8d3c7dcf5e9b1574b940a3bd08b95ab2.bundle,8d3c7dcf5e9b1574b940a3bd08b95ab2.bundle,2022.3.62f2,-4944208494519007418,Chart_IN,IN,,844dcd5d28b0b448d9d8ee8d6ac0cb9d;Assets/Tracks/ClassMemories.AntistarfeatCtymax.0/Chart_IN.json,3,0.0,4,1194,145.0,296899,
assets/aa/Android/8d5a75074d307d54cffcb27628f9f062.bundle,8d5a75074d307d54cffcb27628f9f062.bundle,2022.3.62f2,-7155164150805727564,Chart_EZ_Error,EZ,error,1c6d7fd652b48444081df1e124ebbc61;Assets/Tracks/望影の方舟Six.SeURa.0/Chart_EZ_Error.json,3,0.0,7,277,209.0,676757,
assets/aa/Android/8d5c1dfbcce1fc09a9770a1cc10edd0e.bundle,8d5c1dfbcce1fc09a9770a1cc10edd0e.bundle,2022.3.62f2,-7958830107050406393,Chart_IN,IN,,9c6795b11eb92d941826c4cf89ae7da5;Assets/Tracks/Antithese.Blacklolita.0/Chart_IN.json,3,0.0,12,1063,172.0,4215149,
assets/aa/Android/8da2ca37e60ba361e405e0a8d86b5d2c.bundle,8da2ca37e60ba361e405e0a8d86b5d2c.bundle,2022.3.62f2,8165684867262509557,Chart_AT,AT,,2e339d89b00eef24a85a945cebbdca1c;Assets/Tracks/slips.rintarosoma.0/Chart_AT.json,3,0.0,24,1175,199.0,8202159,
assets/aa/Android/8e24bdce53ca2a150a95300f63dc7e99.bundle,8e24bdce53ca2a150a95300f63dc7e99.bundle,2022.3.62f2,-6158214819847204930,Chart_IN,IN,,76911e09fe60b2f4fbc051734ddeb9df;Assets/Tracks/IMustSayNo.TangJuan.0/Chart_IN.json,3,0.0,17,470,175.0,2469835,
assets/aa/Android/8eb2d39bf5b6d1ca178b2d79203bca2e.bundle,8eb2d39bf5b6d1ca178b2d79203bca2e.bundle,2022.3.62f2,-4993078195991284137,Chart_EZ,EZ,,1172578412355b74da5999d35e4321b4;Assets/Tracks/PRAW.Bluewind.0/Chart_EZ.json,3,0.0,1,413,210.0,947397,
assets/aa/Android/8eb5fa8cf76b3aa1a73dc1efbd0611b7.bundle,8eb5fa8cf76b3aa1a73dc1efbd0611b7.bundle,2022.3.62f2,1929027790712749413,Chart_IN,IN,,Assets/Tracks/GOODBOUNCE.EBIMAYO.0/Chart_IN.json;acf14c78e028d8a4fbe6f4fe67f1b674,3,0.0,10,898,180.0,1111582,
assets/aa/Android/8ec12aea43aff5ec146318d5a4c6c8dd.bundle,8ec12aea43aff5ec146318d5a4c6c8dd.bundle,2022.3.62f2,2365527313872847243,Chart_AT,AT,,333b2eb31c6d0564ebd5abb8d55bdde3;Assets/Tracks/ATHAZA.LeaF.0/Chart_AT.json,3,0.0,19,1344,280.0,3940578,
assets/aa/Android/8f659df1caf5c0b6056685bc35a51d27.bundle,8f659df1caf5c0b6056685bc35a51d27.bundle,2022.3.62f2,2194673396999801642,Chart_IN,IN,,Assets/Tracks/FlutterEcho.Cansol.0/Chart_IN.json;ff643c7229a9c114c980e84f3e9055d6,3,0.0,24,1046,219.0,8114797,
assets/aa/Android/8f969b1a6f8049963334c6e382c4b77e.bundle,8f969b1a6f8049963334c6e382c4b77e.bundle,2022.3.62f2,-1137648287977309743,Chart_HD,HD,,Assets/Tracks/RESSiSTANCE.ぐるたみん.0/Chart_HD.json;a971b88b24c2c96419eba13f71485cdf,3,0.0,7,744,205.0,1571499,
assets/aa/Android/8fc72f342051477bc2f054ce2216faeb.bundle,8fc72f342051477bc2f054ce2216faeb.bundle,2022.3.62f2,-7617128324183480248,Chart_HD,HD,,Assets/Tracks/SolaggyfeatUzumaki.ShrimpCatsはぁち後藤涼輔.0/Chart_HD.json;bdb231bc8930df940a8510d5fa93f80c,3,0.0,22,445,180.0,4414439,
assets/aa/Android/8fec2ac453862f3d8162607d66d7f4a8.bundle,8fec2ac453862f3d8162607d66d7f4a8.bundle,2022.3.62f2,-376712309051874051,Chart_EZ,EZ,,184c6ec584bd0b7458e91c33d1d0599b;Assets/Tracks/IndelibleScar.Noah.0/Chart_EZ.json,3,0.0,3,316,223.0,1229828,
assets/aa/Android/9022ede66b42ca5a5fcf530700cbe8c6.bundle,9022ede66b42ca5a5fcf530700cbe8c6.bundle,2022.3.62f2,9084108709484041578,Chart_IN,IN,,0bfd54b10d0f85743abef921c55b6f9c;Assets/Tracks/Cthugha.USAO.0/Chart_IN.json,3,0.0,13,1333,213.0,1570120,
assets/aa/Android/911c9bccf0b33430be1160cb27535916.bundle,911c9bccf0b33430be1160cb27535916.bundle,2022.3.62f2,5521175886239215478,Chart_EZ,EZ,,109e6ebd0de94954db31201240495df2;Assets/Tracks/EndMe.ZxNXasDelaina.0/Chart_EZ.json,3,0.0,2,217,100.0;120.0,50275,
assets/aa/Android/9169ba17f3a1ac120aed62662b7b29f0.bundle,9169ba17f3a1ac120aed62662b7b29f0.bundle,2022.3.62f2,-1538534597284406335,Chart_EZ,EZ,,Assets/Tracks/slips.rintarosoma.0/Chart_EZ.json;f3c9ba03cf4d86e4ab5b5925fba5641c,3,0.0,19,363,199.0,2099271,
assets/aa/Android/9175f63e348c0b56632e11e53ad025fd.bundle,9175f63e348c0b56632e11e53ad025fd.bundle,2022.3.62f2,-6667748944001884435,Chart_HD,HD,,Assets/Tracks/RIPPER.Friedwav.0/Chart_HD.json;c3ccddc4f50bb1e45b93af7d7d529d36,3,0.0,1,704,150.0,265342,
assets/aa/Android/91d9d54070162ff5cc3b56c140abf81a.bundle,91d9d54070162ff5cc3b56c140abf81a.bundle,2022.3.62f2,-1565642774274446373,Chart_EZ,EZ,,8f1dbc7dc9cbe2a4c8c884ac744a496b;Assets/Tracks/萤火虫の怨.闫东炜.0/Chart_EZ.json,3,0.0,1,245,200.0,148923,
assets/aa/Android/91dbb78781eee7128aa9efcc4c51bbee.bundle,91dbb78781eee7128aa9efcc4c51bbee.bundle,2022.3.62f2,-8956215579280157507,Chart_EZ,EZ,,2b496c7ef91b58c45ae22436e44f2f0f;Assets/Tracks/SIGMA.Kryexe.0/Chart_EZ.json,3,0.0,1,352,200.0,161595,
assets/aa/Android/92020954509cd062bf13e7f071832ae1.bundle,92020954509cd062bf13e7f071832ae1.bundle,2022.3.62f2,5928470734704466658,Chart_IN,IN,,590355770d55a3f41b41240699d9e184;Assets/Tracks/csqn.Aoi.0/Chart_IN.json,3,0.0,14,1066,174.0,2328820,
assets/aa/Android/920496fb6d4d007628f2991ac5c5c8cd.bundle,920496fb6d4d007628f2991ac5c5c8cd.bundle,2022.3.62f2,-7494985665179945282,Chart_EZ,EZ,,6bc6fba6ff656d44f8f8318190737660;Assets/Tracks/百鬼夜行.SaladSavior.0/Chart_EZ.json,3,0.0,6,253,200.0,514337,
assets/aa/Android/92311b623cb236cd17f2b016f4ebce85.bundle,92311b623cb236cd17f2b016f4ebce85.bundle,2022.3.62f2,7033993974782960886,Chart_HD,HD,,26810a2f7aaf54cf8a04f665e0065e77;Assets/Tracks/SURREALISM.Itsuki.0/Chart_HD.json,3,0.0,9,571,180.0,1529446,
assets/aa/Android/9245091c887c131252fd04bb5cf2a6d6.bundle,9245091c887c131252fd04bb5cf2a6d6.bundle,2022.3.62f2,4690811336278109554,Chart_EZ,EZ,,13ed8d7a4d262fb44a5e103809029321;Assets/Tracks/Bougainvillea.Jade.0/Chart_EZ.json,3,0.0,4,300,120.0,331134,
assets/aa/Android/927007ccdace948254ae032189e7cfd7.bundle,927007ccdace948254ae032189e7cfd7.bundle,2022.3.62f2,-6348025354893968197,Chart_HD,HD,,Assets/Tracks/GetBack.CAP3.0/Chart_HD.json;fe496d3a9ce501d45880bb5099d5eebc,3,0.0,2,550,128.0,95058,
assets/aa/Android/92d804e22bad38b17a805f78ab9b3fa8.bundle,92d804e22bad38b17a805f78ab9b3fa8.bundle,2022.3.62f2,8492804028830004643,Chart_HD,HD,,710a76a1c48ae8d4296eaab8db27659a;Assets/Tracks/FlutterEcho.Cansol.0/Chart_HD.json,3,0.0,20,555,219.0,1396469,
assets/aa/Android/932e80a1a477d6f2d7d76771ca25e9ef.bundle,932e80a1a477d6f2d7d76771ca25e9ef.bundle,2022.3.62f2,-2636065921902432890,Chart_HD,HD,,9516a73b5a91d014185acada313b1b35;Assets/Tracks/PixelRebelz.Normal1zer.0/Chart_HD.json,3,0.0,6,505,150.0,714341,
assets/aa/Android/9435382fc08298ae7f2aecc9d958246f.bundle,9435382fc08298ae7f2aecc9d958246f.bundle,2022.3.62f2,-3048613225153572036,Chart_IN,IN,,Assets/Tracks/AnotherRound.JustinDai.0/Chart_IN.json;bd28dc41100027d41bac95c363dee656,3,0.0,24,505,128.0,4120397,
assets/aa/Android/9463da05fa3d039dec2ecd21609825e0.bundle,9463da05fa3d039dec2ecd21609825e0.bundle,2022.3.62f2,-8616751664615231970,Chart_EZ,EZ,,Assets/Tracks/KIZUNAResolution.TAG.0/Chart_EZ.json;e48247bd17658674d985a1b7855b8379,3,0.0,11,262,240.0,3934044,
assets/aa/Android/948746513d93b8f5ac3cd6a8f6331ac7.bundle,948746513d93b8f5ac3cd6a8f6331ac7.bundle,2022.3.62f2,-7357270598704426480,Chart_HD,HD,,Assets/Tracks/Reimei.影虎.0/Chart_HD.json;be2219fda13174f5b917553ca0df8516,3,0.245518,2,644,185.0,125511,
assets/aa/Android/9510c092ad7063012456b3651b5ee0cf.bundle,9510c092ad7063012456b3651b5ee0cf.bundle,2022.3.62f2,7823534037491294405,Chart_EZ,EZ,,3030e3bf3acb26c498d269860cfd4104;Assets/Tracks/bye.DingerBox.0/Chart_EZ.json,3,0.0,8,186,160.0,769462,
assets/aa/Android/954411ef8127202a9310c247d98ee55b.bundle,954411ef8127202a9310c247d98ee55b.bundle,2022.3.62f2,-7705843307187835185,Chart_IN,IN,,Assets/Tracks/HardcoreKwaya.EnFr.0/Chart_IN.json;fe9c1ee5e62c1a246b3a2507ea3739f7,3,0.0,24,852,200.0,1280573,
assets/aa/Android/956a70254501f3d86b1204472aebf1b0.bundle,956a70254501f3d86b1204472aebf1b0.bundle,2022.3.62f2,3254081180302473023,Chart_AT,AT,,2c3327c7b7687c54abd27705686eb946;Assets/Tracks/ERABYECONNEC10N.かめりあ.0/Chart_AT.json,3,0.0,24,1579,230.0,8741497,
assets/aa/Android/95828b238d02d0512cffa4ef513ecfda.bundle,95828b238d02d0512cffa4ef513ecfda.bundle,2022.3.62f2,-6587464879971570786,Chart_HD,HD,,Assets/Tracks/ManifoldHypothesis.cybermisofeattigerlily.0/Chart_HD.json;ce756318ba660ad4198201e5ae4949c6,3,0.0,15,401,174.0,3423717,
assets/aa/Android/95ae329ebec95128b3c78eb31ef3fe91.bundle,95ae329ebec95128b3c78eb31ef3fe91.bundle,2022.3.62f2,-8852105134423964374,Chart_HD,HD,,Assets/Tracks/インマイマインド.レシオP.0/Chart_HD.json;e25e7a6de76300542a3200aa2688c10c,3,0.0,19,479,155.0,1290096,
assets/aa/Android/962613f32f46780bedae19fd9f7c61f9.bundle,962613f32f46780bedae19fd9f7c61f9.bundle,2022.3.62f2,6627959798787967928,Chart_EZ,EZ,,2fda9c0270988b04d82cfc5beb16eb56;Assets/Tracks/GOODBOUNCE.EBIMAYO.0/Chart_EZ.json,3,0.0,2,588,180.0,154742,
assets/aa/Android/96a8fb07f12fb1ce2e4ca4c033069876.bundle,96a8fb07f12fb1ce2e4ca4c033069876.bundle,2022.3.62f2,3449409774968484883,Chart_EZ,EZ,,99fb30ecd447aa04f812a86fb10ff1c0;Assets/Tracks/Cleyera.Riya.0/Chart_EZ.json,3,0.0,23,338,191.0,2945097,
assets/aa/Android/96c541fb40d8d076082c39018914c515.bundle,96c541fb40d8d076082c39018914c515.bundle,2022.3.62f2,8880129660027049425,Chart_IN,IN,,6aed946eaac9e4c44b5968386d9e8ae9;Assets/Tracks/mechanted.rareguy.0/Chart_IN.json,1,0.0,8,662,172.0,1235056,
assets/aa/Android/970fdf061375abe9fadc129d7e686797.bundle,970fdf061375abe9fadc129d7e686797.bundle,2022.3.62f2,6093775550884685446,Chart_HD,HD,,Assets/Tracks/千紫万紅.r0yvsWABI.0/Chart_HD.json;f86fd9b77a5aa104c85a30ded361df29,3,0.0,21,779,203.0,2314200,
assets/aa/Android/972f2083866c30a726fb4cbf81a0d6ff.bundle,972f2083866c30a726fb4cbf81a0d6ff.bundle,2022.3.62f2,7125565838586714770,Chart_HD,HD,,69a2ffce00634465db980d9d9daf5fcc;Assets/Tracks/mechanted.rareguy.0/Chart_HD.json,1,0.0,3,500,172.0,291679,
assets/aa/Android/9793c6190a9278e4416ef04015494aaa.bundle,9793c6190a9278e4416ef04015494aaa.bundle,2022.3.62f2,-3532936926262652615,Chart_EZ,EZ,,33a924fb31ffc014583e3132b547002a;Assets/Tracks/心の記憶.A39沙包P.0/Chart_EZ.json,3,0.0,9,311,150.0,4599429,
assets/aa/Android/97f0899d3234c92a5480cc54d0bcbc6b.bundle,97f0899d3234c92a5480cc54d0bcbc6b.bundle,2022.3.62f2,8339342798484047703,Chart_HD,HD,,Assets/Tracks/夢の降る日に.seatrus.0/Chart_HD.json;c2bca461b1ccfec46879548355624cb9,3,0.0,18,455,260.0,3058388,
assets/aa/Android/98291233d642eac2da66e5683b4ec8a0.bundle,98291233d642eac2da66e5683b4ec8a0.bundle,2022.3.62f2,-563217051603536785,Chart_AT,AT,,Assets/Tracks/BreakOver.Kforest.0/Chart_AT.json;f58584a1b60704f4096c79188a4dc353,3,0.0,24,570,185.0,3762210,
assets/aa/Android/9846ea3a2a0dd9d20680d4563795d46a.bundle,9846ea3a2a0dd9d20680d4563795d46a.bundle,2022.3.62f2,-7088369607893757207,Chart_IN,IN,,Assets/Tracks/ManifoldHypothesis.cybermisofeattigerlily.0/Chart_IN.json;ce52e0107f248b44d94d9c2aa25b001a,3,0.0,24,895,174.0,3430620,
assets/aa/Android/98d9bafa82d0c10fd8aa4df076d18cd1.bundle,98d9bafa82d0c10fd8aa4df076d18cd1.bundle,2022.3.62f2,3088896679476477046,Chart_IN,IN,,Assets/Tracks/GetBack.CAP3.0/Chart_IN.json;bc72523cc8304ed498df6b9f01899e04,3,0.0,6,708,128.0,1467306,
assets/aa/Android/98e66f128c610f58f5403805468149a8.bundle,98e66f128c610f58f5403805468149a8.bundle,2022.3.62f2,7897550616847737967,Chart_HD,HD,,Assets/Tracks/HAZARD.Limpid.0/Chart_HD.json;d18d8ded94582384bac99e44ece3a120,3,0.0,18,507,128.0,1471969,
assets/aa/Android/99168f9653085db15418e054c3798a48.bundle,99168f9653085db15418e054c3798a48.bundle,2022.3.62f2,-4333443702504529872,Chart_IN,IN,,4b606308fa40e4b4bab338604267bff5;Assets/Tracks/FULiAUTOSHOOTER.MYUKKE.0/Chart_IN.json,3,0.0,4,843,145.0,146736,
assets/aa/Android/9955627b896a142b8ab955ff9593f4bf.bundle,9955627b896a142b8ab955ff9593f4bf.bundle,2022.3.62f2,-7092981797610180307,Chart_HD,HD,,Assets/Tracks/BreakThroughTheBarrier.lixound.0/Chart_HD.json;b1d86cd1c65dc41edb83230aaa0a4e32,3,0.0,4,581,176.0,880822,
assets/aa/Android/997fdfa7837d7b509623ce0848c05088.bundle,997fdfa7837d7b509623ce0848c05088.bundle,2022.3.62f2,-2700069172630329510,Chart_EZ,EZ,,Assets/Tracks/祈-我ら神祖と共に歩む者なり-.光吉猛修VS穴山大輔VSKaiVS水野健治VS大国奏音.0/Chart_EZ.json;e4421becf40a3e3449bb49140743d09d,3,0.0,15,666,152.0;168.75;188.0;219.0,4260241,
assets/aa/Android/99cc6dc098f0da8365941bae0f3cf63a.bundle,99cc6dc098f0da8365941bae0f3cf63a.bundle,2022.3.62f2,-2851073785535263356,Chart_IN,IN,,66996abbec9242c4fbd79f728b9229db;Assets/Tracks/ぱぴぷぴぷぴぱ.ころねぽちWith立秋.0/Chart_IN.json,3,0.0,15,1243,200.0,6661519,
assets/aa/Android/9a12227d2d7f01eb4a39b7d84c91e878.bundle,9a12227d2d7f01eb4a39b7d84c91e878.bundle,2022.3.62f2,4203598616850015994,Chart_IN,IN,,Assets/Tracks/SolaggyfeatUzumaki.ShrimpCatsはぁち後藤涼輔.0/Chart_IN.json;c4191fb64377f2a47937a96487dbdf49,3,0.0,24,825,180.0,4478238,
assets/aa/Android/9a69e5bb364390ee30f57bb533283366.bundle,9a69e5bb364390ee30f57bb533283366.bundle,2022.3.62f2,-618133179093412448,Chart_HD,HD,,Assets/Tracks/GOODRAGE.EBIMAYO.0/Chart_HD.json;f6de94276ebbc4c4d990f4ae173b92ed,3,0.0,3,628,222.0,162080,
assets/aa/Android/9aaf01940ca277a7bf550d9945a4f5cd.bundle,9aaf01940ca277a7bf550d9945a4f5cd.bundle,2022.3.62f2,4558308583890953406,Chart_HD,HD,,416fe794e96e645a79fa9a6ca34d3ae2;Assets/Tracks/Aleph0.LeaF.0/Chart_HD.json,3,0.0,6,531,140.0;250.0,322391,
assets/aa/Android/9ab9daae3acdb910e5b476d7c453e8d4.bundle,9ab9daae3acdb910e5b476d7c453e8d4.bundle,2022.3.62f2,-3152626517775934121,Chart_IN,IN,,7b82c77e9a9d4fc4c912f7cbdae08cff;Assets/Tracks/XING.ginkiha.0/Chart_IN.json,3,0.0,20,711,177.0,2350569,
assets/aa/Android/9bee48f1c64f5ebccca2f27eda4cd4ec.bundle,9bee48f1c64f5ebccca2f27eda4cd4ec.bundle,2022.3.62f2,2710909965532273880,Chart_AT,AT,,Assets/Tracks/Spasmodic.姜米條颶風元力上人.0/Chart_AT.json;ba34c2d5c8b014e7c90d6a5c8e1501ab,3,0.0,3,1671,200.0,1060873,
assets/aa/Android/9bf7a8befe18f7b60cd15d78da0e96ad.bundle,9bf7a8befe18f7b60cd15d78da0e96ad.bundle,2022.3.62f2,-2130167374952613807,Chart_EZ,EZ,,31054fe38df7afb4cb5aaa63531724b0;Assets/Tracks/TemporalShifting.LureRabbitVC.0/Chart_EZ.json,3,0.0,4,127,155.0,1111111,
assets/aa/Android/9c3b005a00654a92fa2f06853fa15ee8.bundle,9c3b005a00654a92fa2f06853fa15ee8.bundle,2022.3.62f2,-587307356780375739,Chart_HD,HD,,557f274c5033e7a4ab6130b232ced1a9;Assets/Tracks/贝多芬祝福BeethovenBlessing.Nauts.0/Chart_HD.json,3,0.0,11,445,170.0,152380,
assets/aa/Android/9c9f949ff4b1f3f662b99360af5c11e3.bundle,9c9f949ff4b1f3f662b99360af5c11e3.bundle,2022.3.62f2,-6416416326432591256,Chart_IN,IN,,2e3dfe9c51cb4ed469ee1a8f0e87732b;Assets/Tracks/GOODRAGE.EBIMAYO.0/Chart_IN.json,3,0.0,10,1034,222.0,1043788,
assets/aa/Android/9cfcbec919636d1a5ceb3ab6090295c8.bundle,9cfcbec919636d1a5ceb3ab6090295c8.bundle,2022.3.62f2,8286467785469750755,Chart_IN,IN,,17703b39822f1cc4e83b4952a175e784;Assets/Tracks/Locomotive.K.0/Chart_IN.json,3,0.0,18,666,128.0,3030963,
assets/aa/Android/9d1197fda0ea608bb00a9ad9aab428d9.bundle,9d1197fda0ea608bb00a9ad9aab428d9.bundle,2022.3.62f2,4567503001311774770,Chart_IN,IN,,1c4471cc5de6dd742a7e9970c530983b;Assets/Tracks/WithYou.Cashew.0/Chart_IN.json,3,0.0,16,774,170.0,917892,
assets/aa/Android/9d99c32386bc8408ab6cbca8273240dd.bundle,9d99c32386bc8408ab6cbca8273240dd.bundle,2022.3.62f2,7079080295961647694,Chart_EZ,EZ,,Assets/Tracks/Initialize.iF.0/Chart_EZ.json;d67f52c3c6ea8b24e8f7b3773f6713e2,3,0.0,3,117,128.0,307486,
assets/aa/Android/9dcdceeccecc98b5d824a1e8a7fbc1db.bundle,9dcdceeccecc98b5d824a1e8a7fbc1db.bundle,2022.3.62f2,1459767513976226204,Chart_EZ,EZ,,65289d8df66f2424eaaefad6582545ed;Assets/Tracks/PixelRebelz.Normal1zer.0/Chart_EZ.json,3,0.0,1,285,150.0,687436,
assets/aa/Android/9e34ccee13bef65232fc43403d8bbcdf.bundle,9e34ccee13bef65232fc43403d8bbcdf.bundle,2022.3.62f2,-7218453041591418159,Chart_EZ,EZ,,49cb9aa71745e174084edf1d49db5b2f;Assets/Tracks/IMustSayNo.TangJuan.0/Chart_EZ.json,3,0.0,3,76,175.0,755405,
assets/aa/Android/9eb6cf64018a01cb695675c779896d33.bundle,9eb6cf64018a01cb695675c779896d33.bundle,2022.3.62f2,-2122680732927552520,Chart_EZ,EZ,,09b315088982c4a44ba52c85dad2d572;Assets/Tracks/Shadow.SumaiLightvs姜米條.0/Chart_EZ.json,3,0.0,5,393,172.0,116171,
assets/aa/Android/9ed60bd90ef103346c4f071e50138e87.bundle,9ed60bd90ef103346c4f071e50138e87.bundle,2022.3.62f2,-4160445560962870949,Chart_HD,HD,,Assets/Tracks/青芽.茶鸣拾贰律.0/Chart_HD.json;cb2858bc7092f44428eada094a6dc4d1,3,0.0,23,520,216.0,3054031,
assets/aa/Android/9f070bb09ee9c3d97a46855e47c4f89b.bundle,9f070bb09ee9c3d97a46855e47c4f89b.bundle,2022.3.62f2,-7965180300516190793,Chart_EZ,EZ,,Assets/Tracks/microwav.dandeless.0/Chart_EZ.json;bab16feccb83aa44bac71cbb97620b8d,3,0.0,3,196,172.0,193408,
assets/aa/Android/9f91af849076ade09036cbe21d21f3bb.bundle,9f91af849076ade09036cbe21d21f3bb.bundle,2022.3.62f2,9123357304081570393,Chart_HD,HD,,69e0f0f74343c04488a591d511b0f75b;Assets/Tracks/BetterGraphicAnimation.ルゼ.0/Chart_HD.json,3,0.0,21,469,180.0,1759312,
assets/aa/Android/9fc77fc4322c91da32369eb933236f4b.bundle,9fc77fc4322c91da32369eb933236f4b.bundle,2022.3.62f2,864291584163787699,Chart_HD,HD,,Assets/Tracks/Alb.Avans.0/Chart_HD.json;d534ad83be6fbd14daf3d8a1d838fc5e,3,0.0,5,687,140.0,1133066,
assets/aa/Android/a05d3911c6ef7665d3c98fe775d2ff67.bundle,a05d3911c6ef7665d3c98fe775d2ff67.bundle,2022.3.62f2,-8273772890248878190,Chart_AT,AT,,Assets/Tracks/YouaretheMiserable.tpazolite.0/Chart_AT.json;d79893d81db752c4083502f9860ea17e,3,0.0,16,1344,163.0,3482646,
assets/aa/Android/a082b158d2fb45e5470b01c03f88684d.bundle,a082b158d2fb45e5470b01c03f88684d.bundle,2022.3.62f2,-8181702552418034877,Chart_HD,HD,,3b8551c3ec3e348608ebee64af4b23c7;Assets/Tracks/MagentaPotion.EmoCo.0/Chart_HD.json,3,0.0,4,631,150.0,482171,
assets/aa/Android/a0a7ed81f69b34b331be0687f9f983db.bundle,a0a7ed81f69b34b331be0687f9f983db.bundle,2022.3.62f2,-5442693462157063447,Chart_EZ,EZ,,17090dde19b4b024e8cf7bfe6f1e4c59;Assets/Tracks/Random.SobremSilentroom.5/Chart_EZ.json,3,0.0,24,286,132.0,2063887,
assets/aa/Android/a0bef43a5df0e84a8e848306790e1ebb.bundle,a0bef43a5df0e84a8e848306790e1ebb.bundle,2022.3.62f2,-1019102056255008140,Chart_HD,HD,,3d887e6a8d0697e419ffc399d9d2af11;Assets/Tracks/ElCondorPasaPhigrosEdit.PlasticFruits.0/Chart_HD.json,3,0.0,23,585,150.0,1473322,
assets/aa/Android/a0cfddbb39aa7073160cca59f8c648ce.bundle,a0cfddbb39aa7073160cca59f8c648ce.bundle,2022.3.62f2,4301361024919204988,Chart_EZ,EZ,,Assets/Tracks/QuantumHyperspace.D_AAN.0/Chart_EZ.json;f31278a77a15032488814183ef893edd,3,0.0,5,443,200.0,471559,
assets/aa/Android/a0e4eb2b5e3f25ac3e83caf5c5cae202.bundle,a0e4eb2b5e3f25ac3e83caf5c5cae202.bundle,2022.3.62f2,-1840336204590203314,Chart_EZ,EZ,,00b0f6b61a065684891956a9e0ff7d40;Assets/Tracks/HumaN.SOTUI.0/Chart_EZ.json,3,0.0,5,111,180.0,611910,
assets/aa/Android/a0e9611a33fa74f255d6e12cc371e461.bundle,a0e9611a33fa74f255d6e12cc371e461.bundle,2022.3.62f2,9001499873429294008,Chart_HD_Error,HD,error,21b19a6d5f9331d4c9a26f3e1c41e529;Assets/Tracks/望影の方舟Six.SeURa.0/Chart_HD_Error.json,3,0.0,9,528,209.0,1047127,
assets/aa/Android/a13e20b91ca42b21ab0b82d5e4b095f2.bundle,a13e20b91ca42b21ab0b82d5e4b095f2.bundle,2022.3.62f2,-2923519135089107200,Chart_HD,HD,,5980a0b8e06d76b49b17a29aefb4c1b0;Assets/Tracks/Demiurge.Rabpit.0/Chart_HD.json,3,0.0,3,445,111.0,275994,
assets/aa/Android/a18d091a946938dca42bf5c1b8b6cc8f.bundle,a18d091a946938dca42bf5c1b8b6cc8f.bundle,2022.3.62f2,-3301669740887994378,Chart_EZ,EZ,,0d5cae740e8a7744e876effe7d99d9ad;Assets/Tracks/Igallta.SeURa.0/Chart_EZ.json,3,0.0,4,414,230.0,402963,
assets/aa/Android/a1eac50ed22717b31bf3c366d677264f.bundle,a1eac50ed22717b31bf3c366d677264f.bundle,2022.3.62f2,-7688735978685971802,Chart_IN,IN,,2080cbe37bdd0c34e96f91cd276de249;Assets/Tracks/Cuvism.Fl00tvsHalv.0/Chart_IN.json,3,0.0,18,830,194.0,5829869,
assets/aa/Android/a212b4199f70297e10b999893178364e.bundle,a212b4199f70297e10b999893178364e.bundle,2022.3.62f2,8854825684566276073,Chart_AT,AT,,47497a8da2ff6f940bb161f4045cdafb;Assets/Tracks/Lyrith迷宮リリス.ユメミド.0/Chart_AT.json,3,0.0,24,1236,177.0,1998173,
assets/aa/Android/a223f2b82b5e76f7e35e1023ba7cbdaf.bundle,a223f2b82b5e76f7e35e1023ba7cbdaf.bundle,2022.3.62f2,3127017474907508142,Chart_HD,HD,,7559791c5b2e54fb79b854e639214744;Assets/Tracks/SparkleNewLife.rider.0/Chart_HD.json,1,0.0,3,497,150.0,60833,
assets/aa/Android/a26a49240597b38ed3e561575ba402a2.bundle,a26a49240597b38ed3e561575ba402a2.bundle,2022.3.62f2,-444893567204933236,Chart_EZ,EZ,,Assets/Tracks/明鏡烈火.MUEvsRekuMochizuki.0/Chart_EZ.json;cc34a7c378423e44fb81ac7ec210329c,3,0.0,14,376,200.0,1181245,
assets/aa/Android/a2af2fbcb7fc5d5db5379ba1d0ca874f.bundle,a2af2fbcb7fc5d5db5379ba1d0ca874f.bundle,2022.3.62f2,5339672775456309251,Chart_AT,AT,,Assets/Tracks/Igallta.SeURa.0/Chart_AT.json;f4f6108f59fbb58458752070174677e5,3,0.0,10,1114,230.0,1655740,
assets/aa/Android/a32eece1e5558ccc23269af2d4271235.bundle,a32eece1e5558ccc23269af2d4271235.bundle,2022.3.62f2,-6363167710015114667,Chart_HD,HD,,19bfcc0b819e52d4388b7953fe40afc3;Assets/Tracks/聖夜讃歌.A39沙包P.0/Chart_HD.json,3,0.0,20,593,175.0,1957672,
assets/aa/Android/a37e42b4c235eab5b69647c71967acdc.bundle,a37e42b4c235eab5b69647c71967acdc.bundle,2022.3.62f2,-5442017591295913866,Chart_EZ,EZ,,Assets/Tracks/BraveNotes.TurquoiseDRIVENota.0/Chart_EZ.json;ec42e7a81ac7a464096e8464cb5be0ba,3,0.0,6,299,192.0,687082,
assets/aa/Android/a3f9198a903da6f0389c402feaa0900f.bundle,a3f9198a903da6f0389c402feaa0900f.bundle,2022.3.62f2,-3027446571616344649,Chart_EZ,EZ,,175c5bbcaf5f3494d9440c434423911d;Assets/Tracks/Demonkin.ForgedReigns.0/Chart_EZ.json,3,0.0,23,426,192.0,1251509,
assets/aa/Android/a40d4777c0db9e423534b984d3c76a28.bundle,a40d4777c0db9e423534b984d3c76a28.bundle,2022.3.62f2,-2284682338092364330,Chart_AT,AT,,740d9ecf2ff3acb44b0d283228baa794;Assets/Tracks/Ark.kanoryo.0/Chart_AT.json,3,0.0,19,1091,180.0,3640653,
assets/aa/Android/a485a96e3cdfaa2050906ce759cdfadf.bundle,a485a96e3cdfaa2050906ce759cdfadf.bundle,2022.3.62f2,8798959547452307946,Chart_EZ,EZ,,38382119237e0874b819a88f2b152a48;Assets/Tracks/FULiAUTOBUSTER.MYUKKE.0/Chart_EZ.json,3,0.0,5,285,145.0,750462,
assets/aa/Android/a4cf6b626bda22f2e153026a6c204195.bundle,a4cf6b626bda22f2e153026a6c204195.bundle,2022.3.62f2,2528119341958428739,Chart_EZ,EZ,,272df514d7be64bf090e56cd21352bb7;Assets/Tracks/RubbishSorting.CtymaxvsNceS.0/Chart_EZ.json,1,0.0,1,229,128.0,57117,
assets/aa/Android/a50adf31e6f4593190b9a6110b7afd7c.bundle,a50adf31e6f4593190b9a6110b7afd7c.bundle,2022.3.62f2,3930836967481625439,Chart_IN,IN,,4e2b9ec263f812a47b981e8ca7a6dc5f;Assets/Tracks/Verruckt.Raimukun.0/Chart_IN.json,3,0.0,24,1285,238.0,8309352,
assets/aa/Android/a54f5e6d2b69d244856d202fca7b3fea.bundle,a54f5e6d2b69d244856d202fca7b3fea.bundle,2022.3.62f2,-5257466449304339714,Chart_EZ,EZ,,3fc963334ab5ad049a3f47323e3143b6;Assets/Tracks/Electron.ElousFZ.0/Chart_EZ.json,3,0.0,5,219,134.0,471862,
assets/aa/Android/a601cf29502e95c66e81cf01434faa00.bundle,a601cf29502e95c66e81cf01434faa00.bundle,2022.3.62f2,4032825860344712330,Chart_IN,IN,,3fcd384bdc8f53642b21137c54a768b1;Assets/Tracks/ArtificialExistence.JunKuroda.0/Chart_IN.json,3,0.0,24,800,191.0,4472147,
assets/aa/Android/a64d6b821699964c2e645ae215d2b07a.bundle,a64d6b821699964c2e645ae215d2b07a.bundle,2022.3.62f2,3366824256729393570,Chart_IN,IN,,59712a9d98f3f354984182238ad06e63;Assets/Tracks/GungnirFracture.Kryexe.0/Chart_IN.json,3,0.0,24,1185,240.0,5727921,
assets/aa/Android/a6c89ead86b9bde51ea00b2e84ad634f.bundle,a6c89ead86b9bde51ea00b2e84ad634f.bundle,2022.3.62f2,-4428720961584063292,Chart_IN,IN,,0f57ec4289b7f5444afb48cadb5abef7;Assets/Tracks/SIGMA.Kryexe.0/Chart_IN.json,3,0.0,24,785,200.0,1497198,
assets/aa/Android/a6f775938171f96e97c6e37f9936ef40.bundle,a6f775938171f96e97c6e37f9936ef40.bundle,2022.3.62f2,8548023781018064662,Chart_HD,HD,,49a0f21736f5a9a41bec03dff0241bd5;Assets/Tracks/slips.rintarosoma.0/Chart_HD.json,3,0.0,24,935,199.0,2346017,
assets/aa/Android/a6fc95f9e6ce31fbad4ab17d49de1276.bundle,a6fc95f9e6ce31fbad4ab17d49de1276.bundle,2022.3.62f2,7580349616498035054,Chart_EZ,EZ,,2c5c6ad536551eb4bbcf75be185cb6f4;Assets/Tracks/DESTRUCTION321.Normal1zervsBrokenNerdz.0/Chart_EZ.json,3,0.0,24,1060,321.321,8765777,
assets/aa/Android/a704fd92f1f94320dd51f32c06ca8f08.bundle,a704fd92f1f94320dd51f32c06ca8f08.bundle,2022.3.62f2,4465538037859208226,Chart_IN,IN,,Assets/Tracks/Shadow.SumaiLightvs姜米條.0/Chart_IN.json;e9c12dcccce041445a9b406590cca411,3,0.0,19,840,172.0,1417859,
assets/aa/Android/a71b59329fba6a44a1db8933ac14173d.bundle,a71b59329fba6a44a1db8933ac14173d.bundle,2022.3.62f2,-6863020674168112092,Chart_IN,IN,,Assets/Tracks/InvertedWorld.ARForest.0/Chart_IN.json;d75bfc4ee72333f409b500168021af76,3,0.0,24,820,180.0,3944003,
assets/aa/Android/a7407cd4c4ae9ea4ce9a90c767abaddf.bundle,a7407cd4c4ae9ea4ce9a90c767abaddf.bundle,2022.3.62f2,-3531799135691711110,Chart_IN,IN,,Assets/Tracks/黄金之城GOLDTOWN.Memme.0/Chart_IN.json;f7cf6d37b89a3714fb0b55e5df13923a,3,0.0,14,857,160.0,2321055,
assets/aa/Android/a7499eb9c266db3c36d25a8e8fcb56f3.bundle,a7499eb9c266db3c36d25a8e8fcb56f3.bundle,2022.3.62f2,4669016735018079892,Chart_HD,HD,,Assets/Tracks/Luminescence.米虾Fomiki初云CLoudie.0/Chart_HD.json;ded5cdd047b4bcc459ed4e22d92c51b8,3,0.0,22,689,184.0,1871727,
assets/aa/Android/a78b62a67dc5def7dce0a24320728f08.bundle,a78b62a67dc5def7dce0a24320728f08.bundle,2022.3.62f2,-4478985009947152610,Chart_HD,HD,,0a7bac37658f14d4f88342c334022655;Assets/Tracks/FutureMind.RayNauticaRekuMochizuki.0/Chart_HD.json,3,0.0,21,570,180.0,2642762,
assets/aa/Android/a7a4f54ffdef8beef73245b5f462d9d4.bundle,a7a4f54ffdef8beef73245b5f462d9d4.bundle,2022.3.62f2,235054240937024143,Chart_IN,IN,,8cff4943d8fa0df458883e5acea4a201;Assets/Tracks/parsey.siqlo.0/Chart_IN.json,3,0.0,21,777,180.0,1791790,
assets/aa/Android/a7a6cb0dbe4ffba71fa6da5684e1904c.bundle,a7a6cb0dbe4ffba71fa6da5684e1904c.bundle,2022.3.62f2,-237185862500013609,Chart_IN,IN,,Assets/Tracks/心の記憶.A39沙包P.0/Chart_IN.json;b40ec326fdec9f342bcca45d1d0d8501,3,0.0,24,804,150.0,6050899,
assets/aa/Android/a7be597310782598c65a774f5aecc3a3.bundle,a7be597310782598c65a774f5aecc3a3.bundle,2022.3.62f2,3942239042255285787,Chart_EZ,EZ,,0c9d3a2cfdb8e6b429b86d2806b10115;Assets/Tracks/Wintercube.CtymaxfeatNceS.0/Chart_EZ.json,3,0.0,9,306,104.0,707206,
assets/aa/Android/a80fdcd26353e0cf78c5d7fec95855e8.bundle,a80fdcd26353e0cf78c5d7fec95855e8.bundle,2022.3.62f2,-367254917834252594,Chart_EZ,EZ,,Assets/Tracks/FindMe.Kforest.0/Chart_EZ.json;f6af3a320fff64d0f9a7fa18bdec036d,1,0.0,2,465,191.0,50363,
assets/aa/Android/a89c43ce00ec5b7d03c41ec519cd4931.bundle,a89c43ce00ec5b7d03c41ec519cd4931.bundle,2022.3.62f2,-7842043500136759653,Chart_IN,IN,,6e31e21b27d5a44b1b2aee3afd193ffe;Assets/Tracks/雪降りメリクリ.A39.0/Chart_IN.json,3,0.0,18,939,180.0,2197129,
assets/aa/Android/a8eba4e8fa913f1cac2aaf4466b7036c.bundle,a8eba4e8fa913f1cac2aaf4466b7036c.bundle,2022.3.62f2,8714220615867272164,Chart_IN,IN,,8b2a398637d07fd4bae42ff399d241bc;Assets/Tracks/双重间谍DoubleAgent.WAVAV.0/Chart_IN.json,3,0.0,24,1353,160.0,4703589,
assets/aa/Android/a904c90993e92b37d8726c73740398c2.bundle,a904c90993e92b37d8726c73740398c2.bundle,2022.3.62f2,6643529472940995883,Chart_HD,HD,,3520e872306d90144b97b10bf9fa5483;Assets/Tracks/TimetoNightSkyfeatLeeYuJin.HyuNKLYDIX.0/Chart_HD.json,3,0.0,24,559,128.0,1742573,
assets/aa/Android/a97e271acf935b4be09b9b12b7b8d498.bundle,a97e271acf935b4be09b9b12b7b8d498.bundle,2022.3.62f2,-1851715056364072625,Chart_IN,IN,,2617fe10ef8859343a7e1501939ab246;Assets/Tracks/万吨匿名信.闫东炜.0/Chart_IN.json,3,0.0,5,781,120.0,616171,
assets/aa/Android/a9aa41ebfab3750a00d4a99ab44a7636.bundle,a9aa41ebfab3750a00d4a99ab44a7636.bundle,2022.3.62f2,-6814782159694639107,Chart_IN,IN,,5bc9fff7e4a52e044b6eefaece1461b3;Assets/Tracks/Apocalyptic.ZClaxxSumaiLight.0/Chart_IN.json,3,0.0,21,676,160.0,3402004,
assets/aa/Android/a9afafe8f5d88ad7275bfca5c2b9e82f.bundle,a9afafe8f5d88ad7275bfca5c2b9e82f.bundle,2022.3.62f2,3629873327119863226,Chart_EZ,EZ,,642910e59285749a9926199822250991;Assets/Tracks/AnotherMe.NeutralMoon.0/Chart_EZ.json,3,0.0,6,318,175.0,568920,
assets/aa/Android/aa8678a615ce7faeaeccf0730cb65b72.bundle,aa8678a615ce7faeaeccf0730cb65b72.bundle,2022.3.62f2,-1313758428738803181,Chart_IN,IN,,13eb63451559ba349ac729d9e60458a2;Assets/Tracks/CometFeat符白牙.CNHKSS.0/Chart_IN.json,3,0.0,24,874,180.0,6307037,
assets/aa/Android/aa9b0e88c7e429179a76f071eddda6fe.bundle,aa9b0e88c7e429179a76f071eddda6fe.bundle,2022.3.62f2,1687603275979082501,Chart_EZ,EZ,,9a35f7ffe801b254ba924db9df0b19e1;Assets/Tracks/彩.MisoilePunch.0/Chart_EZ.json,3,0.0,13,378,170.0,2519789,
assets/aa/Android/aab9466cfd3094de38d388ad2c84d079.bundle,aab9466cfd3094de38d388ad2c84d079.bundle,2022.3.62f2,578619469543968561,Chart_EZ,EZ,,900fcf6ffb3f0004a8dd0c957c523b43;Assets/Tracks/望影の方舟Six.SeURa.0/Chart_EZ.json,3,0.0,6,276,209.0,676152,
assets/aa/Android/ab3f4eb344c084bea1103422fd649b5e.bundle,ab3f4eb344c084bea1103422fd649b5e.bundle,2022.3.62f2,4354971021042353777,Chart_HD,HD,,439986e78976c4a958077c5275975556;Assets/Tracks/BonusTime.MegaloPaleWhite.0/Chart_HD.json,3,0.1,10,412,180.0,494974,
assets/aa/Android/ab5a0f312c12ed4ef5fd428e0c616fcb.bundle,ab5a0f312c12ed4ef5fd428e0c616fcb.bundle,2022.3.62f2,5903372002425835544,Chart_HD,HD,,Assets/Tracks/PRAW.Bluewind.0/Chart_HD.json;f3402decb7440984e88d3112ae9c8070,3,0.0,16,575,210.0,2581541,
assets/aa/Android/ac6743066559996255bf46cd8951ee3a.bundle,ac6743066559996255bf46cd8951ee3a.bundle,2022.3.62f2,3545346434475502272,Chart_IN,IN,,9804dc0501da5c548b4934b0c78fe194;Assets/Tracks/零號車輛.seatrus.0/Chart_IN.json,3,1.0,24,1240,240.0,5024176,
assets/aa/Android/ace481e3ab2afaeb1c2cdcae43dfc181.bundle,ace481e3ab2afaeb1c2cdcae43dfc181.bundle,2022.3.62f2,-2505207018561290367,Chart_IN,IN,,07e5f4be2c38d5548b2984e213bde7d9;Assets/Tracks/SwingSkipDrop.ミハイル.0/Chart_IN.json,3,0.0,24,977,210.0,5133537,
assets/aa/Android/ad6f5ecfe678b845b56d96a7fe9e2720.bundle,ad6f5ecfe678b845b56d96a7fe9e2720.bundle,2022.3.62f2,-1340367328795904230,Chart_AT,AT,,Assets/Tracks/DerRichter.Ωμεγα.0/Chart_AT.json;cf7ed434dabacfd49843f3093b7197a5,3,0.0,24,1306,192.0,7318346,
assets/aa/Android/ad9172de53ac25036976d71625a94794.bundle,ad9172de53ac25036976d71625a94794.bundle,2022.3.62f2,-7257570588913376501,Chart_HD,HD,,8c3522d018fd5414c9d686b20f5c20e6;Assets/Tracks/明鏡烈火.MUEvsRekuMochizuki.0/Chart_HD.json,3,0.0,24,566,200.0,2394898,
assets/aa/Android/adce85d0ca7003d6b345f96efaa769e5.bundle,adce85d0ca7003d6b345f96efaa769e5.bundle,2022.3.62f2,-3124213315614570934,Chart_EZ,EZ,,7a924f6f7d624034ba759e51718ccce7;Assets/Tracks/Komplexe.雄之助featSennzai.0/Chart_EZ.json,3,0.0,12,238,165.0,2153294,
assets/aa/Android/adf00303269db5602dcc72d8df615886.bundle,adf00303269db5602dcc72d8df615886.bundle,2022.3.62f2,-4807122609065092617,Chart_EZ,EZ,,0db5fb933f04b3f4e9df2d4c30f59687;Assets/Tracks/AnotherRound.JustinDai.0/Chart_EZ.json,3,0.0,5,136,128.0,645140,
assets/aa/Android/ae529905bde4376ffea31aacec9e6dd2.bundle,ae529905bde4376ffea31aacec9e6dd2.bundle,2022.3.62f2,-8917086704368100503,Chart_HD,HD,,Assets/Tracks/Cereris.SunsetRayNceS.0/Chart_HD.json;a6d2c5e00e238fa429a41426bf037975,3,0.05,4,701,175.0,738984,
assets/aa/Android/ae54e8e912728d8c6526a6e65608923e.bundle,ae54e8e912728d8c6526a6e65608923e.bundle,2022.3.62f2,-5428278068270335509,Chart_EZ,EZ,,77e27bd2af313344b9650732bf6395d0;Assets/Tracks/Concvssion.Halv.0/Chart_EZ.json,3,0.0,9,450,190.0,1086547,
assets/aa/Android/aefe3a0a18907073eae0d83a38cb35a1.bundle,aefe3a0a18907073eae0d83a38cb35a1.bundle,2022.3.62f2,-7038171461151910729,Chart_IN,IN,,Assets/Tracks/Cristalisia.onoken.0/Chart_IN.json;a752242ff089fc44db8c8acda2e6c26e,3,0.0,24,721,134.0,8259618,
assets/aa/Android/af16e48ceef24dd321cf974cf57b0504.bundle,af16e48ceef24dd321cf974cf57b0504.bundle,2022.3.62f2,5983068147764804310,Chart_HD,HD,,Assets/Tracks/白と黒のバケモノ.テヅカ.0/Chart_HD.json;e8fb856a6465b0a45a6ea646edf5e95d,3,0.0,8,914,205.0,922603,
assets/aa/Android/af75983131acfdd6123e70963d86a193.bundle,af75983131acfdd6123e70963d86a193.bundle,2022.3.62f2,1411401777344071180,Chart_AT,AT,,Assets/Tracks/Radiance.Nhato.0/Chart_AT.json;dcd8a1d1485388c4fb454c8bd017cd2a,3,0.0,24,926,155.0,6246584,
assets/aa/Android/afc72c789b916f426075141c6a10b8c5.bundle,afc72c789b916f426075141c6a10b8c5.bundle,2022.3.62f2,-2546972608970137766,Chart_HD,HD,,4ddb0799bfe97804685495a0ff7f1737;Assets/Tracks/CometFeat符白牙.CNHKSS.0/Chart_HD.json,3,0.0,24,752,180.0,2105496,
assets/aa/Android/b034c0a56133cdb293f51f619b15a22f.bundle,b034c0a56133cdb293f51f619b15a22f.bundle,2022.3.62f2,7199623993212317400,Chart_HD,HD,,Assets/Tracks/SATELLITE.かめりあ.0/Chart_HD.json;f5cab9796838c5f4fa098e56abc8f6a0,3,0.0,20,600,150.0,2165129,
assets/aa/Android/b07151d989a6d4f670eec60f11b6ec44.bundle,b07151d989a6d4f670eec60f11b6ec44.bundle,2022.3.62f2,4904093761707274582,Chart_EZ,EZ,,85c169db7d3102548b2dbab26a998a0a;Assets/Tracks/双重间谍DoubleAgent.WAVAV.0/Chart_EZ.json,3,0.0,10,346,160.0,1415910,
assets/aa/Android/b09994e036b9dea617fd836a16933e80.bundle,b09994e036b9dea617fd836a16933e80.bundle,2022.3.62f2,415216899415319049,Chart_IN,IN,,Assets/Tracks/Grimheart.Puru.0/Chart_IN.json;ea782531df86a364e98c9af2a2c98fb6,3,0.0,24,577,170.0,7129820,
assets/aa/Android/b0b4223d67640c2d2b21a06493e7cbff.bundle,b0b4223d67640c2d2b21a06493e7cbff.bundle,2022.3.62f2,-2294830153089870480,Chart_IN,IN,,2c409a011190d6c49962fe01c9ae2303;Assets/Tracks/FinalStep.Lime.0/Chart_IN.json,3,0.0,22,931,180.0,1923926,
assets/aa/Android/b0e1248094c6cbc18ebc379eb35bf3a7.bundle,b0e1248094c6cbc18ebc379eb35bf3a7.bundle,2022.3.62f2,1761902316897621687,Chart_HD,HD,,Assets/Tracks/Concvssion.Halv.0/Chart_HD.json;c2184aac4cba4f94bbca35ff290a1c9a,3,0.0,12,700,190.0,1508765,
assets/aa/Android/b100ea7e6ab250009ba4e7a76d1554cd.bundle,b100ea7e6ab250009ba4e7a76d1554cd.bundle,2022.3.62f2,-5068258759392713850,Chart_IN,IN,,79ee652f05b85564a9db06db1c12ac0e;Assets/Tracks/盏茗.茶鸣拾贰律.0/Chart_IN.json,3,0.0,24,706,131.0,4504021,
assets/aa/Android/b1540e943f035dc130d43fffc33b05dc.bundle,b1540e943f035dc130d43fffc33b05dc.bundle,2022.3.62f2,-1128411922871134927,Chart_HD,HD,,1c3221a0904edff49bba672c76c67aa0;Assets/Tracks/BelieveLightfeat果丸哒呦.ScalerMestie果丸哒呦.0/Chart_HD.json,3,0.0,22,580,180.0,4180433,
assets/aa/Android/b16c3436fb05d02ea63e262ad1fa4102.bundle,b16c3436fb05d02ea63e262ad1fa4102.bundle,2022.3.62f2,7556416414224910657,Chart_IN,IN,,254a6fe9a56d5fb4890e5fa42fd34ca7;Assets/Tracks/TimetoNightSkyfeatLeeYuJin.HyuNKLYDIX.0/Chart_IN.json,3,0.0,24,540,128.0,2463368,
assets/aa/Android/b22416299b5fa1f0290873330733ad6d.bundle,b22416299b5fa1f0290873330733ad6d.bundle,2022.3.62f2,1787078644539729320,Chart_IN,IN,,Assets/Tracks/Xenophobia.XinG.0/Chart_IN.json;fe0f9f0e2c2fbae45970a758d8037e86,3,0.0,24,1562,174.0,5631807,
assets/aa/Android/b2637321d97dab4d90a285ffdfd47963.bundle,b2637321d97dab4d90a285ffdfd47963.bundle,2022.3.62f2,613376853571077954,Chart_HD,HD,,31c4be6e0dedc824dac7ff462817da82;Assets/Tracks/Doppelganger.LeaF.0/Chart_HD.json,3,0.0,12,591,140.0,352405,
assets/aa/Android/b2d1296bdc0c13692396724ba41a3127.bundle,b2d1296bdc0c13692396724ba41a3127.bundle,2022.3.62f2,-3753979683497580282,Chart_EZ,EZ,,Assets/Tracks/黄金之城GOLDTOWN.Memme.0/Chart_EZ.json;c4e40dcb4a770a946869f03d265a39b3,3,0.0,24,90,160.0,2890049,
assets/aa/Android/b321d6d292d65ecb48e1609bde486f09.bundle,b321d6d292d65ecb48e1609bde486f09.bundle,2022.3.62f2,-5159798866492913886,Chart_IN,IN,,2000b495c80bdb14788497ea19d9f7b2;Assets/Tracks/Initialize.iF.0/Chart_IN.json,3,0.0,22,581,128.0,1570334,
assets/aa/Android/b32ee193772f841088cc770c79945401.bundle,b32ee193772f841088cc770c79945401.bundle,2022.3.62f2,421471323450964878,Chart_EZ,EZ,,8dff5c73c9c2d99498b741ec7712bebb;Assets/Tracks/NOx.Juggernaut.0/Chart_EZ.json,3,0.0,4,198,190.0,881932,
assets/aa/Android/b36ab2d3448e71d69adca648b58ef339.bundle,b36ab2d3448e71d69adca648b58ef339.bundle,2022.3.62f2,-6493376219542693211,Chart_EZ,EZ,,6dbab1bed24b787428303b2bcd5836ac;Assets/Tracks/Stasis.Maozon.0/Chart_EZ.json,3,0.0,1,446,180.0,167894,
assets/aa/Android/b37d95ea72b8ed2c37462097c3db4445.bundle,b37d95ea72b8ed2c37462097c3db4445.bundle,2022.3.62f2,-1929333985490706267,Chart_IN,IN,,40c90c62ddf3d7a4dae97a064a24ec7f;Assets/Tracks/ReEndofaDream.umavsモリモリあつし.0/Chart_IN.json,3,0.0,22,1186,212.0,4815094,
assets/aa/Android/b4099dcf8dfa80dc06c97b6066a88da2.bundle,b4099dcf8dfa80dc06c97b6066a88da2.bundle,2022.3.62f2,-8674907347083355593,Chart_HD,HD,,Assets/Tracks/雪降りメリクリ.A39.0/Chart_HD.json;a561e8ae0863d4ce9812c925daf1606d,3,0.0,9,559,180.0,771241,
assets/aa/Android/b42da9d51927b4fa41ffe477a7d04874.bundle,b42da9d51927b4fa41ffe477a7d04874.bundle,2022.3.62f2,-5165398624267190010,Chart_EZ,EZ,,28b48c2ba4505a74881b3b9b83589d61;Assets/Tracks/TimetoNightSkyfeatLeeYuJin.HyuNKLYDIX.0/Chart_EZ.json,3,0.0,5,165,128.0,654827,
assets/aa/Android/b49d4bd4576f9c284b1698a9e33a11f2.bundle,b49d4bd4576f9c284b1698a9e33a11f2.bundle,2022.3.62f2,-1680255968402670530,Chart_HD,HD,,3a9a2a7ba79aac44593a1a648651de2d;Assets/Tracks/EternalSnow.AbyssIdols.0/Chart_HD.json,3,0.0,6,533,140.0,1101782,
assets/aa/Android/b4a6b2f3350b830dda454a3d58e9f814.bundle,b4a6b2f3350b830dda454a3d58e9f814.bundle,2022.3.62f2,-8283977343702413804,Chart_HD,HD,,Assets/Tracks/盏茗.茶鸣拾贰律.0/Chart_HD.json;ba77c6d0521ba7e459c72ded0cbe85ce,3,0.0,23,176,131.0,212200,
assets/aa/Android/b4ee8b2d2cab4180a6f247ba013f1046.bundle,b4ee8b2d2cab4180a6f247ba013f1046.bundle,2022.3.62f2,-180784810512828355,Chart_HD,HD,,9df4402c560516848b4372835b31ed83;Assets/Tracks/Grimheart.Puru.0/Chart_HD.json,3,0.0,19,349,170.0,2723316,
assets/aa/Android/b52f5f2544c7ec995a9fbe58a52f2fb4.bundle,b52f5f2544c7ec995a9fbe58a52f2fb4.bundle,2022.3.62f2,-7385289787148303097,Chart_HD,HD,,7d4971e269d23fd4c96be4ef565dee9f;Assets/Tracks/Xenolith.Tatsh.0/Chart_HD.json,3,0.0,9,533,170.0,1776414,
assets/aa/Android/b56ae5a0e666b65c0e8bb6ff70168dbd.bundle,b56ae5a0e666b65c0e8bb6ff70168dbd.bundle,2022.3.62f2,82184579997433714,Chart_EZ,EZ,,Assets/Tracks/JunXionBetweenLifeAndDeathVIPMix.1N6Fs.0/Chart_EZ.json;a568a0a63584e41e59f1dab850d5742a,3,0.0,4,262,164.0,108933,
assets/aa/Android/b5a48578d531a5a96ddc9b64ddb7c810.bundle,b5a48578d531a5a96ddc9b64ddb7c810.bundle,2022.3.62f2,7156971917767415905,Chart_EZ,EZ,,Assets/Tracks/DevIAtiOnshortver.polysha.0/Chart_EZ.json;ba749982052fc674381227bcad32f550,3,0.0,15,222,140.0;155.0,1254477,
assets/aa/Android/b5bff9691e600b724fb593d9c9e27330.bundle,b5bff9691e600b724fb593d9c9e27330.bundle,2022.3.62f2,4968879493574432809,Chart_IN,IN,,Assets/Tracks/TECHNOPOLIS2085.PRASTIKDANCEFLOOR.0/Chart_IN.json;c478158037542e34f9d2ca5a947dc40c,3,0.0,16,820,134.0,3280664,
assets/aa/Android/b5ca7a03e1b47642d7183c6deac6580c.bundle,b5ca7a03e1b47642d7183c6deac6580c.bundle,2022.3.62f2,-3482161991003244416,Chart_HD,HD,,0ab520e70a8a341e3a14823d1127b6b9;Assets/Tracks/CervelleConnexion.SCTL.0/Chart_HD.json,3,0.0,8,569,142.0,322168,
assets/aa/Android/b63a1b68d1b9305f6c6241d8e0e402c7.bundle,b63a1b68d1b9305f6c6241d8e0e402c7.bundle,2022.3.62f2,7484334673874054795,Chart_HD,HD,,68fe610abebe77942a61ca1732ca620b;Assets/Tracks/parsey.siqlo.0/Chart_HD.json,3,0.0,24,449,180.0,2243128,
assets/aa/Android/b640cb99736a71de27a30f393bd7f0a4.bundle,b640cb99736a71de27a30f393bd7f0a4.bundle,2022.3.62f2,-313132099478856719,Chart_IN,IN,,Assets/Tracks/Re_NascencePsystyleVer.Rinth_live.0/Chart_IN.json;dbff6c845a516c847833c4921e20949e,3,0.0,24,827,150.0,4046941,
assets/aa/Android/b67835877862488547d82c66c3ec42f0.bundle,b67835877862488547d82c66c3ec42f0.bundle,2022.3.62f2,-1388772909689657566,Chart_EZ,EZ,,Assets/Tracks/RainyHeart.BelieverInYou阿卡姆巫师.0/Chart_EZ.json;a858b891f3fb48448abea7c2992d8c01,3,0.0,4,194,140.0,747129,
assets/aa/Android/b6850568b6d046f2a33f728f7881765f.bundle,b6850568b6d046f2a33f728f7881765f.bundle,2022.3.62f2,-3954144561363693757,Chart_HD,HD,,8a0836dd562d0c746bd8efc0bf0590b3;Assets/Tracks/インフェルノシティ.Ponchifeatはぁち.0/Chart_HD.json,3,0.0,16,578,215.0,1076330,
assets/aa/Android/b6d9b0ca12c9c01ace1b0f6ceccd71e8.bundle,b6d9b0ca12c9c01ace1b0f6ceccd71e8.bundle,2022.3.62f2,2527208883077134068,Chart_AT,AT,,42491ff6bec5daf478c3603d32c4a785;Assets/Tracks/DistortedFate.Sakuzyo.0/Chart_AT.json,3,0.0,46,1283,150.0,6861596,
assets/aa/Android/b6e2fa4253f21cf391f8fe8f2be2b621.bundle,b6e2fa4253f21cf391f8fe8f2be2b621.bundle,2022.3.62f2,2416057886239948548,Chart_HD,HD,,301ef8bd11d30f8418dbef9757677fba;Assets/Tracks/Initialize.iF.0/Chart_HD.json,3,0.0,6,354,128.0,720947,
assets/aa/Android/b6f3f0af284fdd7b4d3084726fe4eb94.bundle,b6f3f0af284fdd7b4d3084726fe4eb94.bundle,2022.3.62f2,-5930574552409805109,Chart_IN,IN,,37c6f1e840a4366479349e4c928652d8;Assets/Tracks/YouaretheMiserable.tpazolite.0/Chart_IN.json,3,0.0,23,893,163.0,4601372,
assets/aa/Android/b70c699d7431f2523e436866ba2e3088.bundle,b70c699d7431f2523e436866ba2e3088.bundle,2022.3.62f2,3998634269068459234,Chart_HD,HD,,Assets/Tracks/SnowDance.悠叶いのり.0/Chart_HD.json;da72b0105565c9b4099250c175d5dbf3,3,0.0,18,341,188.0,3286581,
assets/aa/Android/b7613421aee09757f94ab90f6869d8a1.bundle,b7613421aee09757f94ab90f6869d8a1.bundle,2022.3.62f2,31990253128070403,Chart_EZ,EZ,,Assets/Tracks/GetBack.CAP3.0/Chart_EZ.json;cfdf8b0915f873c46a8444981bbfc4e7,3,0.0,2,321,128.0,64103,
assets/aa/Android/b768cc3e9ddcdddd00e8e9195a917590.bundle,b768cc3e9ddcdddd00e8e9195a917590.bundle,2022.3.62f2,124230418425872020,Chart_IN,IN,,Assets/Tracks/SnowDance.悠叶いのり.0/Chart_IN.json;baba5613b5be6ee408c5c9aa457c35f7,3,0.0,20,558,188.0,5144954,
assets/aa/Android/b7a361ccf3930c933a42f19936046645.bundle,b7a361ccf3930c933a42f19936046645.bundle,2022.3.62f2,271597628269656928,Chart_HD,HD,,70de70b76eb7b1643b3e2fc9d0874123;Assets/Tracks/WATER.A39沙包P.0/Chart_HD.json,3,0.0,2,703,170.0,316231,
assets/aa/Android/b7a75d0ef3e4ef634ab600ab83c4e14a.bundle,b7a75d0ef3e4ef634ab600ab83c4e14a.bundle,2022.3.62f2,8092310765933279442,Chart_EZ,EZ,,7cc5357bbb2c2db4e9997c9b7f2fbeb5;Assets/Tracks/NonMelodicRagezMUGEdit.Normal1zer.0/Chart_EZ.json,3,0.0,1,347,205.0,294111,
assets/aa/Android/b7eb9bc2baaa9385b5cd028bda4565fa.bundle,b7eb9bc2baaa9385b5cd028bda4565fa.bundle,2022.3.62f2,-1978861009078066749,Chart_HD,HD,,772a37d8d0dd32743ad0722357b5014c;Assets/Tracks/Ajourneytothemoonlight.Yesod.0/Chart_HD.json,3,0.0,15,555,174.0,1933038,
assets/aa/Android/b8337da0ec44bc0fdca1ef7c029a0782.bundle,b8337da0ec44bc0fdca1ef7c029a0782.bundle,2022.3.62f2,5060513486802263262,Chart_EZ,EZ,,Assets/Tracks/NextTime.SaMZIng.0/Chart_EZ.json;e47b744c146864f7db6edffd8f591b97,1,0.0,3,240,175.0,77212,
assets/aa/Android/b88eb718383ae06d2e369baee2601b8a.bundle,b88eb718383ae06d2e369baee2601b8a.bundle,2022.3.62f2,7883527347877600509,Chart_IN,IN,,1a1dd0da72d0ef040b957261d0601bbb;Assets/Tracks/Adastraperaspera.RabbitHouse.0/Chart_IN.json,3,0.0,24,1454,197.0,5151441,
assets/aa/Android/b894ce5269ee16d13adf332ca0d1f4a1.bundle,b894ce5269ee16d13adf332ca0d1f4a1.bundle,2022.3.62f2,-2599963074098392326,Chart_EZ,EZ,,6001e5b44d2fc7a4a9e250edcbdf6fb6;Assets/Tracks/RainySeason.AbyssIdols.0/Chart_EZ.json,3,0.0,5,304,188.0,531894,
assets/aa/Android/b8a4643daedd5e4b099753dbc3d50345.bundle,b8a4643daedd5e4b099753dbc3d50345.bundle,2022.3.62f2,-8310418746825799639,Chart_HD,HD,,0feb0d0fe0f3d4547bab20ab7748cce0;Assets/Tracks/Random.SobremSilentroom.1/Chart_HD.json,3,0.0,24,603,132.0,1409507,
assets/aa/Android/b8ee89b98c924ae25abcd3f0d5ddfeae.bundle,b8ee89b98c924ae25abcd3f0d5ddfeae.bundle,2022.3.62f2,1414210151746472592,Chart_IN,IN,,91d5f07be8044664eaae9e49ae495526;Assets/Tracks/聖夜讃歌.A39沙包P.0/Chart_IN.json,3,0.0,24,1339,175.0,6886595,
assets/aa/Android/b966ca64abda1ffd70399525ab42287e.bundle,b966ca64abda1ffd70399525ab42287e.bundle,2022.3.62f2,-1246481015345153231,Chart_EZ,EZ,,113cae2aeec790e49a3c379978c6dffb;Assets/Tracks/Originally.SNKSMizku.0/Chart_EZ.json,3,0.0,1,136,200.0,245313,
assets/aa/Android/b9cb3e52064e3fb121efb93ccd8971b3.bundle,b9cb3e52064e3fb121efb93ccd8971b3.bundle,2022.3.62f2,-6072160381622441736,Chart_IN,IN,,8dae93ba9145f2440a55e1962c0d54fd;Assets/Tracks/FutureMind.RayNauticaRekuMochizuki.0/Chart_IN.json,3,0.0,24,866,180.0,3757264,
assets/aa/Android/ba34094d6113ef731db55eab793c44dd.bundle,ba34094d6113ef731db55eab793c44dd.bundle,2022.3.62f2,1476951352364354084,Chart_HD,HD,,0e4330ba6eb874648a7b28b7a4a25b3d;Assets/Tracks/Cuvism.Fl00tvsHalv.0/Chart_HD.json,3,0.0,20,761,194.0,831454,
assets/aa/Android/ba64ccbc098986de288eb72559e036b2.bundle,ba64ccbc098986de288eb72559e036b2.bundle,2022.3.62f2,3398307085621017470,Chart_HD,HD,,Assets/Tracks/黄金之城GOLDTOWN.Memme.0/Chart_HD.json;c280d872c3b8f2048afc249ab259f0f5,3,0.0,20,408,160.0,2395540,
assets/aa/Android/ba71d9276c65ad0b57f0f87c527d70ce.bundle,ba71d9276c65ad0b57f0f87c527d70ce.bundle,2022.3.62f2,2831783626866358221,Chart_HD,HD,,Assets/Tracks/HumaN.SOTUI.0/Chart_HD.json;a8583870a9ec26f46a814e8965f06c83,3,0.0,6,222,180.0,838127,
assets/aa/Android/baa03a6bf755eca0acdc55ab9f63c910.bundle,baa03a6bf755eca0acdc55ab9f63c910.bundle,2022.3.62f2,-3947840834203940737,Chart_IN,IN,,Assets/Tracks/Doppelganger.LeaF.0/Chart_IN.json;e7004f913820037448990d197d9eea37,3,0.0,10,921,140.0,632534,
assets/aa/Android/bb3034d79c4e7a8e4c57348f28a2f731.bundle,bb3034d79c4e7a8e4c57348f28a2f731.bundle,2022.3.62f2,1792198505533649140,Chart_HD,HD,,Assets/Tracks/JunXionBetweenLifeAndDeathVIPMix.1N6Fs.0/Chart_HD.json;cdc7b6b4702dc448bbc09b5dc528e5f1,3,0.0,3,593,164.0,219667,
assets/aa/Android/bb55e66db4468c985eb2dc96c6eb483a.bundle,bb55e66db4468c985eb2dc96c6eb483a.bundle,2022.3.62f2,8794955304999910519,Chart_AT,AT,,Assets/Tracks/SATELLITE.かめりあ.0/Chart_AT.json;a3a5595f6d0988146a1837508089bfc8,3,0.0,24,1098,150.0,8491545,
assets/aa/Android/bb8554bda17d0646b53320d26f27957b.bundle,bb8554bda17d0646b53320d26f27957b.bundle,2022.3.62f2,-4083419507245970836,Chart_HD,HD,,39468cd4acf349a459ee99af3890434a;Assets/Tracks/君往何处QuoVadis.M2U.0/Chart_HD.json,3,0.0,16,390,160.0,1665729,
assets/aa/Android/bb87c4392294546f269dbd8b1d6c6542.bundle,bb87c4392294546f269dbd8b1d6c6542.bundle,2022.3.62f2,-9099986658018091607,Chart_EZ,EZ,,9aa23568744165847a90bffe50c147bb;Assets/Tracks/亂舞.NekockLK.0/Chart_EZ.json,3,0.0,3,119,196.0,619699,
assets/aa/Android/bb9c3b1b5506267f1a4b8acadb48f333.bundle,bb9c3b1b5506267f1a4b8acadb48f333.bundle,2022.3.62f2,4544747417629569712,Chart_HD,HD,,7fa23e47519bb624da4e761179739857;Assets/Tracks/Shadow.SumaiLightvs姜米條.0/Chart_HD.json,3,0.0,5,549,172.0,512048,
assets/aa/Android/bbc61f8169e6c2f01d353d7f3c729d29.bundle,bbc61f8169e6c2f01d353d7f3c729d29.bundle,2022.3.62f2,-7995777067800997181,Chart_HD,HD,,677fe0ba7bb63b1438c3a240826c5f4b;Assets/Tracks/FracturedAngel.DJRaisei.0/Chart_HD.json,3,0.0,10,796,301.0,2818037,
assets/aa/Android/bc01458b5210313a146395f0601ace7d.bundle,bc01458b5210313a146395f0601ace7d.bundle,2022.3.62f2,-5970249720066454049,Chart_IN,IN,,9fd38b8c50960e841acaae67ea9bc355;Assets/Tracks/千紫万紅.r0yvsWABI.0/Chart_IN.json,3,0.0,24,1200,203.0,7434846,
assets/aa/Android/bc6fc1b70aa97bfa1d78b86fea7940fb.bundle,bc6fc1b70aa97bfa1d78b86fea7940fb.bundle,2022.3.62f2,-5245848437994439906,Chart_EZ,EZ,,Assets/Tracks/Protoflicker.Silentroom.0/Chart_EZ.json;e3dafdd94afe58e41a2d3a2238a536ef,3,0.0,7,259,140.0,185635,
assets/aa/Android/bd2ce01e5c0fd89256e07f505d5b3a50.bundle,bd2ce01e5c0fd89256e07f505d5b3a50.bundle,2022.3.62f2,479936823187643145,Chart_IN,IN,,Assets/Tracks/心之所向.姜米條.0/Chart_IN.json;c88e4550330ae7144b8ba2627d3328d4,3,0.0,24,713,180.0,3560246,
assets/aa/Android/bd35d070bcb03c2a04e834c84429df01.bundle,bd35d070bcb03c2a04e834c84429df01.bundle,2022.3.62f2,-2805609804058074160,Chart_EZ,EZ,,4334181646995d147959f6fcbed0f8cb;Assets/Tracks/大和撫子WildDances.adapatorvsDRIVE.0/Chart_EZ.json,3,0.0,2,274,158.0,335157,
assets/aa/Android/bd8cd32a6a5cfc2ff0af4c5296beebe3.bundle,bd8cd32a6a5cfc2ff0af4c5296beebe3.bundle,2022.3.62f2,7687721394373849788,Chart_EZ,EZ,,270c6cfb2f3ece94a8150cff8a7fcb57;Assets/Tracks/Glaciaxion.SunsetRay.0/Chart_EZ.json,3,0.0,1,66,140.0,6778,
assets/aa/Android/bda3a017a16f1c77754fa28d48d7f311.bundle,bda3a017a16f1c77754fa28d48d7f311.bundle,2022.3.62f2,-2498068101214314411,Chart_EZ,EZ,,40e11f0b2a3298c41afdfa300e54665e;Assets/Tracks/聖夜讃歌.A39沙包P.0/Chart_EZ.json,3,0.0,20,402,175.0,1943216,
assets/aa/Android/be1dfacf7eb66306c7412a54427d5bf7.bundle,be1dfacf7eb66306c7412a54427d5bf7.bundle,2022.3.62f2,3658597873027737925,Chart_EZ,EZ,,6160c416041542e47ae02626fd1a04d0;Assets/Tracks/LabyrinthinKowloonWalledWorld.かめりあ.0/Chart_EZ.json,3,0.0,23,491,190.0,1431887,
assets/aa/Android/be2235a283c9fc0176a73ecbd7fdce90.bundle,be2235a283c9fc0176a73ecbd7fdce90.bundle,2022.3.62f2,7077970869833309903,Chart_EZ,EZ,,7f254cbc56c8747b9888bf238e508f41;Assets/Tracks/BreakThroughTheBarrier.lixound.0/Chart_EZ.json,3,0.0,4,419,176.0,862694,
assets/aa/Android/be81b1c8e0d4b9611fd0dd5fe01323eb.bundle,be81b1c8e0d4b9611fd0dd5fe01323eb.bundle,2022.3.62f2,-599150724755633170,Chart_IN,IN,,646dd952d7c609b429769809a3d51be5;Assets/Tracks/PRAGMATISMRESURRECTION.Laur.0/Chart_IN.json,3,0.0,24,999,174.0,12079039,
assets/aa/Android/be92832d5154ab57cdff815e67c1f2f8.bundle,be92832d5154ab57cdff815e67c1f2f8.bundle,2022.3.62f2,8995828326862062548,Chart_IN,IN,,041d5e8da71d57e4fbfd5fee7c21f66c;Assets/Tracks/インフェルノシティ.Ponchifeatはぁち.0/Chart_IN.json,3,0.0,24,1275,215.0,2589162,
assets/aa/Android/befa29cdc15f7fcf5d6250cea6128df9.bundle,befa29cdc15f7fcf5d6250cea6128df9.bundle,2022.3.62f2,5162549363271834155,Chart_EZ,EZ,,Assets/Tracks/风屿.闫东炜.0/Chart_EZ.json;e1b24e6a261000c49b2a04aa5bc23792,3,0.0,1,368,170.0,65382,
assets/aa/Android/bf0568f803b35132f27f12d6d0337110.bundle,bf0568f803b35132f27f12d6d0337110.bundle,2022.3.62f2,-1389025122043114886,Chart_EZ,EZ,,4d98dff13e9ab37448b95ab42258b439;Assets/Tracks/TheMountainEater.PaulBazooka.0/Chart_EZ.json,3,0.0,2,210,127.0,210659,
assets/aa/Android/bf23f1e104afd7005bce6532fd4ee175.bundle,bf23f1e104afd7005bce6532fd4ee175.bundle,2022.3.62f2,7438092404118446215,Chart_EZ,EZ,,Assets/Tracks/NowIsTheTimeDoIt.RoyMikelate.0/Chart_EZ.json;b641415ffc6449a488b2a4714a371dfc,3,0.0,5,246,158.0,896195,
assets/aa/Android/c0061bb2cc3b19391eccb0cc0e5e3e71.bundle,c0061bb2cc3b19391eccb0cc0e5e3e71.bundle,2022.3.62f2,8684285104217949306,Chart_HD,HD,,513998811d6814bf1be6ebae99c4d566;Assets/Tracks/FindMe.Kforest.0/Chart_HD.json,1,0.0,3,657,191.0,75502,
assets/aa/Android/c0085d40ec8e7ae48caeda3c5996c030.bundle,c0085d40ec8e7ae48caeda3c5996c030.bundle,2022.3.62f2,4123804334321834195,Chart_HD,HD,,488e99999eed798459bb7dea12b87c82;Assets/Tracks/ShineAfter.ADeanJocularACE.0/Chart_HD.json,3,0.0,9,647,170.0,3035515,
assets/aa/Android/c02fe7a8ffcfd8b7d8d6cd834fd7e381.bundle,c02fe7a8ffcfd8b7d8d6cd834fd7e381.bundle,2022.3.62f2,-1240621184753889017,Chart_EZ,EZ,,97c86e51d733644e794ad68c9a76c6dc;Assets/Tracks/雪降りメリクリ.A39.0/Chart_EZ.json,3,0.0,9,316,180.0,715692,
assets/aa/Android/c07af6ded8d3b7dbf2a416993e8d3bbe.bundle,c07af6ded8d3b7dbf2a416993e8d3bbe.bundle,2022.3.62f2,-5862168165171421433,Chart_EZ,EZ,,17688866730814dc7a1285e9db3015f1;Assets/Tracks/Burn.NceS.0/Chart_EZ.json,1,0.0,2,278,148.0,43765,
assets/aa/Android/c0b02dcdd2988141b3bbafecb6e7b43b.bundle,c0b02dcdd2988141b3bbafecb6e7b43b.bundle,2022.3.62f2,4494925475593127971,Chart_AT,AT,,Assets/Tracks/TECHNOPOLIS2085.PRASTIKDANCEFLOOR.0/Chart_AT.json;a066cc75769b8324e8582589c1174ed2,3,0.0,24,824,134.0,5993009,
assets/aa/Android/c133211096de15b1f29d17988b904682.bundle,c133211096de15b1f29d17988b904682.bundle,2022.3.62f2,8740075627800865779,Chart_EZ,EZ,,Assets/Tracks/MagentaPotion.EmoCo.0/Chart_EZ.json;df8c0905c937f4d3ea3e85bc230423ac,3,0.0,2,334,150.0,316905,
assets/aa/Android/c136b6ca05b54ad109bf9bcc4b98322d.bundle,c136b6ca05b54ad109bf9bcc4b98322d.bundle,2022.3.62f2,-3688795340200569482,Chart_IN,IN,,Assets/Tracks/亂舞.NekockLK.0/Chart_IN.json;b32984517f173f044b794df2de35c776,3,0.0,18,548,196.0,2725470,
assets/aa/Android/c1435942d5db7473fa120e8e57f01f45.bundle,c1435942d5db7473fa120e8e57f01f45.bundle,2022.3.62f2,9057144119042066420,Chart_EZ,EZ,,06cba99dbf5b71444ab4c7ae2259107d;Assets/Tracks/ColorfulDays.P4koofeatつゆり花鈴.0/Chart_EZ.json,3,0.0,1,156,136.0,170782,
assets/aa/Android/c19a6bd99e61de62f4fd643b68b7ec55.bundle,c19a6bd99e61de62f4fd643b68b7ec55.bundle,2022.3.62f2,-5128861709253289196,Chart_EZ,EZ,,Assets/Tracks/重生.姜米條.0/Chart_EZ.json;b81de264f47eaba4cb342b7feec322d0,3,0.0,3,354,195.0,164541,
assets/aa/Android/c1b8b57551130ac416d2391031ef61de.bundle,c1b8b57551130ac416d2391031ef61de.bundle,2022.3.62f2,-6554599768664287238,Chart_EZ,EZ,,1d198c9be8e8e9343bbe6e49fda784bd;Assets/Tracks/BreakOver.Kforest.0/Chart_EZ.json,3,0.0,17,300,185.0,311546,
assets/aa/Android/c20515dad97b37fc622ab2e8269b85cd.bundle,c20515dad97b37fc622ab2e8269b85cd.bundle,2022.3.62f2,211576892486243219,Chart_IN,IN,,5eaf0ee5cb228a94681eff692b0f75cf;Assets/Tracks/HAZARD.Limpid.0/Chart_IN.json,3,0.0,9,588,128.0,1853157,
assets/aa/Android/c286447afdad3903cc1313e61a160cc5.bundle,c286447afdad3903cc1313e61a160cc5.bundle,2022.3.62f2,-1957118321952244687,Chart_EZ,EZ,,Assets/Tracks/Trane.MALVA.0/Chart_EZ.json;cffffb102c20949b09a6abbb8765debd,3,0.0,3,148,135.0,125913,
assets/aa/Android/c3115790d20bbabfc89531fbe1a5bd35.bundle,c3115790d20bbabfc89531fbe1a5bd35.bundle,2022.3.62f2,-7458478282996598568,Chart_HD,HD,,1d13dbf63571c4f47911cc57b3df81dd;Assets/Tracks/月詠に鳴る.Feryquitousfeat藍月なくる.0/Chart_HD.json,3,0.0,21,544,180.0,3134622,
assets/aa/Android/c313c521332e76ffaea46519bd553024.bundle,c313c521332e76ffaea46519bd553024.bundle,2022.3.62f2,7325195870543424440,Chart_EZ,EZ,,Assets/Tracks/RESSiSTANCE.ぐるたみん.0/Chart_EZ.json;d6bd20373df6a5840bdfedf3fcb920ea,3,0.0,6,499,205.0,1504455,
assets/aa/Android/c37d94495d411f66786ebf25e24acb0c.bundle,c37d94495d411f66786ebf25e24acb0c.bundle,2022.3.62f2,542748193714444300,Chart_IN,IN,,Assets/Tracks/DESTRUCTION321.Normal1zervsBrokenNerdz.0/Chart_IN.json;b936f806892dfad4cb31d724812bba19,3,0.0,24,1532,321.321,6941265,
assets/aa/Android/c39ac447f6cdb87e78598166c791d816.bundle,c39ac447f6cdb87e78598166c791d816.bundle,2022.3.62f2,3663275648882601895,Chart_HD,HD,,Assets/Tracks/LabyrinthinKowloonWalledWorld.かめりあ.0/Chart_HD.json;c4e9c9830c2afb54895ce5fdef0591b4,3,0.0,23,968,190.0,1764884,
assets/aa/Android/c3a207f24c1247e83da906a1c4cfc4e8.bundle,c3a207f24c1247e83da906a1c4cfc4e8.bundle,2022.3.62f2,-7149578260344988737,Chart_EZ,EZ,,77cba91712d014797abe805fe073acf2;Assets/Tracks/modulus.PTB10.0/Chart_EZ.json,3,0.0,2,258,158.0,265342,
assets/aa/Android/c42ab804148c20465d38e7fce0c3bdfb.bundle,c42ab804148c20465d38e7fce0c3bdfb.bundle,2022.3.62f2,-5653627309611173081,Chart_HD,HD,,7e5c3a92318b018409c9b6d896836b74;Assets/Tracks/Komplexe.雄之助featSennzai.0/Chart_HD.json,3,0.0,7,485,165.0,1826962,
assets/aa/Android/c45967034383c882e0671f33037dd0a8.bundle,c45967034383c882e0671f33037dd0a8.bundle,2022.3.62f2,6190780709184381395,Chart_EZ,EZ,,1c230113d4093f74b80422f408a7eff3;Assets/Tracks/EradicationCatastrophe.NceS.0/Chart_EZ.json,3,0.0,2,181,120.0,161725,
assets/aa/Android/c463b2401c4b0aefe7c427f5b7ecad2d.bundle,c463b2401c4b0aefe7c427f5b7ecad2d.bundle,2022.3.62f2,4272238496594079704,Chart_HD,HD,,444f6f398e9d57844922b9886a6ab897;Assets/Tracks/AfterDawn.S9ryne.0/Chart_HD.json,3,0.0,13,478,110.0,777569,
assets/aa/Android/c473b2b14a75a5e2c50579e36c3fae60.bundle,c473b2b14a75a5e2c50579e36c3fae60.bundle,2022.3.62f2,8427655441609465921,Chart_HD,HD,,Assets/Tracks/KirakiraNoelStory.RekuMochizuki.0/Chart_HD.json;cb2ddd3c5501767408362322986468c8,3,0.0,12,626,180.0,2469725,
assets/aa/Android/c5b6f0798a0fe48cfbe567df87cba7bc.bundle,c5b6f0798a0fe48cfbe567df87cba7bc.bundle,2022.3.62f2,-704757876984310204,Chart_EZ,EZ,,Assets/Tracks/GVNGlitterVomitusandNeon.SaltySaltUnfold33.0/Chart_EZ.json;b484de9ca04b2a948a9b02073fdd79f3,3,0.0,14,635,175.0,378025,
assets/aa/Android/c5bc747390a4a6f2de4e5ad9f2972099.bundle,c5bc747390a4a6f2de4e5ad9f2972099.bundle,2022.3.62f2,313049049187354304,Chart_HD,HD,,81bac667b2c95f14d8abe7be90937b11;Assets/Tracks/INFiNiTEENERZYOverdoze.RekuMochizuki.0/Chart_HD.json,3,0.0,17,666,180.0,945248,
assets/aa/Android/c63741e448a2a2017d13e0f0820b8bdb.bundle,c63741e448a2a2017d13e0f0820b8bdb.bundle,2022.3.62f2,-5603319540820419137,Chart_HD,HD,,43de0374f4e2ab54dbde194226dba7d2;Assets/Tracks/双重间谍DoubleAgent.WAVAV.0/Chart_HD.json,3,0.0,8,738,160.0,805334,
assets/aa/Android/c682ccd92686e97b1ae087366838a745.bundle,c682ccd92686e97b1ae087366838a745.bundle,2022.3.62f2,1549866717328501827,Chart_HD,HD,,0e9406e2157cb5844be7ecabd2ed52ee;Assets/Tracks/最高傑作.PYKAMIA.0/Chart_HD.json,3,0.0,7,346,140.0,810606,
assets/aa/Android/c699d181e64627ead88401b5dd82c31c.bundle,c699d181e64627ead88401b5dd82c31c.bundle,2022.3.62f2,5619639171754850665,Chart_IN,IN,,Assets/Tracks/NextTime.SaMZIng.0/Chart_IN.json;d902d197a399144b793e31f098abdfcb,1,0.0,3,387,175.0,163583,
assets/aa/Android/c6d15b3c613c515710c6d196a5102471.bundle,c6d15b3c613c515710c6d196a5102471.bundle,2022.3.62f2,-5214319815575963264,Chart_IN,IN,,1cc9bec9b7a83ad41b21d8a3cc4b6d93;Assets/Tracks/Ajourneytothemoonlight.Yesod.0/Chart_IN.json,3,0.0,24,1199,174.0,4404124,
assets/aa/Android/c6f5e138bb0386cf5ada0f65de6d0e9e.bundle,c6f5e138bb0386cf5ada0f65de6d0e9e.bundle,2022.3.62f2,-5485482894209100070,Chart_HD,HD,,1b3f00a073f2aac429e58b97920406f1;Assets/Tracks/Cthugha.USAO.0/Chart_HD.json,3,0.0,15,697,213.0,1090584,
assets/aa/Android/c73482c56d4f85dcec8711c563e323f3.bundle,c73482c56d4f85dcec8711c563e323f3.bundle,2022.3.62f2,-8916427518571810944,Chart_IN,IN,,Assets/Tracks/000AinSophAur.Yumeji.0/Chart_IN.json;af5fb06921ae1fd458bd3f8a5a90238d,3,0.0,23,689,194.0,5497697,
assets/aa/Android/c768fea59c1776bc81e5cb4f2f88789e.bundle,c768fea59c1776bc81e5cb4f2f88789e.bundle,2022.3.62f2,2865627907272187023,Chart_HD,HD,,Assets/Tracks/もぺもぺ.LeaF.0/Chart_HD.json;e07db17ce8106e14f89a5daedf46a7d7,3,0.0,1,289,200.0,73603,
assets/aa/Android/c77244c72671561a5aa098c2721fd7f3.bundle,c77244c72671561a5aa098c2721fd7f3.bundle,2022.3.62f2,2173781613980750999,Chart_IN,IN,,110dc0c394fb2e840b3d34608fc2b199;Assets/Tracks/混乱Confusion.OnlyMyBlackScore.0/Chart_IN.json,3,0.0,18,978,180.0,1344685,
assets/aa/Android/c7b32ffd3d3e7589a45161921b79bad3.bundle,c7b32ffd3d3e7589a45161921b79bad3.bundle,2022.3.62f2,5012738872028250667,Chart_IN,IN,,42b625ba0f6c84b858dbeeb3decb0c52;Assets/Tracks/BreakThroughTheBarrier.lixound.0/Chart_IN.json,3,0.0,9,1090,176.0,1655235,
assets/aa/Android/c82d49d3adc3faf28dd29e57b53dca56.bundle,c82d49d3adc3faf28dd29e57b53dca56.bundle,2022.3.62f2,2854542197118873249,Chart_HD,HD,,98a5e03b0aa1cd4408fd68324afcb624;Assets/Tracks/70MinutesFighters.かたぎり.0/Chart_HD.json,3,0.0,24,725,223.0,3071817,
assets/aa/Android/c8572779ad5db528aab854d22adcdd3c.bundle,c8572779ad5db528aab854d22adcdd3c.bundle,2022.3.62f2,-8370449122495622733,Chart_EZ,EZ,,7253a0cfd09cb304ca21962a8a82eb52;Assets/Tracks/月詠に鳴る.Feryquitousfeat藍月なくる.0/Chart_EZ.json,3,0.0,23,293,180.0,1484926,
assets/aa/Android/c86e3871e6de1fc36d2037bfc96aaf9f.bundle,c86e3871e6de1fc36d2037bfc96aaf9f.bundle,2022.3.62f2,-4604981717990784172,Chart_HD,HD,,Assets/Tracks/SpeedUp.DarTokki.0/Chart_HD.json;b7d83202254674d3abfa68de9c4c5928,3,0.0,4,463,145.0,526620,
assets/aa/Android/c8f5551db9a14b13a1f9d91d7cebb06a.bundle,c8f5551db9a14b13a1f9d91d7cebb06a.bundle,2022.3.62f2,225718859283101567,Chart_EZ,EZ,,Assets/Tracks/MiracleForestVIPMix.Rinthlive.0/Chart_EZ.json;ddaa8b17d36e99347b2d3a544d3aea46,3,0.0,1,323,192.0,449352,
assets/aa/Android/c9629f1de5d402e2bb0b520e4bcf9536.bundle,c9629f1de5d402e2bb0b520e4bcf9536.bundle,2022.3.62f2,2984215768931313344,Chart_IN,IN,,Assets/Tracks/Sein.朔Apo11oprogramvsお月さま交響曲ftkuroa荒巻.0/Chart_IN.json;ed579691b711447ab9472db59ec24b2c,3,0.0,7,721,210.0,392465,
assets/aa/Android/c9bd369eaee23d07cec5b70b81ff09ce.bundle,c9bd369eaee23d07cec5b70b81ff09ce.bundle,2022.3.62f2,-3311677677287150073,Chart_HD,HD,,9a82f1cf0f7ded341ac041cbe00d9ea2;Assets/Tracks/AnotherMe.DAAN.0/Chart_HD.json,3,0.0,14,715,210.0,1951266,
assets/aa/Android/c9ccd292954796053ae4a20016e13026.bundle,c9ccd292954796053ae4a20016e13026.bundle,2022.3.62f2,-2686888599427240292,Chart_HD,HD,,6c2e3a2770c29d34d85ac2f5d20c8d00;Assets/Tracks/GOODBOUNCE.EBIMAYO.0/Chart_HD.json,3,0.0,2,797,180.0,267775,
assets/aa/Android/c9d52ffb7006d9351519d10d4c0c767f.bundle,c9d52ffb7006d9351519d10d4c0c767f.bundle,2022.3.62f2,2881178268748984902,Chart_HD,HD,,Assets/Tracks/Khalid.Dolphin.0/Chart_HD.json;c335137dd525504449ca306524852be4,3,0.0,11,356,128.0,1344973,
assets/aa/Android/ca0c3b03590d9542fb0556ffd253c444.bundle,ca0c3b03590d9542fb0556ffd253c444.bundle,2022.3.62f2,-7652277997381794734,Chart_HD,HD,,3070b9f2f1994e54bb6fbe4645a8164a;Assets/Tracks/いざ参ります.Uskefeat棗いつき.0/Chart_HD.json,3,0.0,7,441,188.0,1157148,
assets/aa/Android/ca109601cebae46d1fa1b42fda2b838e.bundle,ca109601cebae46d1fa1b42fda2b838e.bundle,2022.3.62f2,-5288096050253904167,Chart_HD,HD,,221a5c2d95a7332409315e33bec42e7d;Assets/Tracks/NickofTime.P4koo.0/Chart_HD.json,3,0.0,9,429,175.0,1021033,
assets/aa/Android/cb1664a77d8604cbb018b7bd886042b7.bundle,cb1664a77d8604cbb018b7bd886042b7.bundle,2022.3.62f2,5742594352599154287,Chart_HD,HD,,Assets/Tracks/Schadenfreude.ZxNX.0/Chart_HD.json;c96eed6b281cd6940b6f3b0d153a7513,3,0.0,10,600,198.0,1227564,
assets/aa/Android/cb447c042decfebfaab9048a29a3d0b3.bundle,cb447c042decfebfaab9048a29a3d0b3.bundle,2022.3.62f2,-4708471131151099849,Chart_EZ,EZ,,Assets/Tracks/KhronostasisKatharsis.Halv.0/Chart_EZ.json;c2708e74967e9484ea8ce6e781d50609,3,0.0,7,369,188.0,693598,
assets/aa/Android/cb6aa9a22c9f37badc8f589f1e1158e7.bundle,cb6aa9a22c9f37badc8f589f1e1158e7.bundle,2022.3.62f2,1941263644169329919,Chart_HD,HD,,93af0b29037c7544f90dad82ee0ed63d;Assets/Tracks/DerSchneid.Ωμεγα.0/Chart_HD.json,3,0.0,18,710,222.0,2753435,
assets/aa/Android/cb7cc9322933d3104809146e60afb393.bundle,cb7cc9322933d3104809146e60afb393.bundle,2022.3.62f2,-75504060183525767,Chart_IN,IN,,106e8f4209345044fa66596d7543704e;Assets/Tracks/月下缭乱.月見静華vsLUNARiUM.0/Chart_IN.json,3,0.0,24,969,175.0;525.0,2688206,
assets/aa/Android/cc3ff886d883c447dbd9303e180734e9.bundle,cc3ff886d883c447dbd9303e180734e9.bundle,2022.3.62f2,2445345073951041497,Chart_EZ,EZ,,Assets/Tracks/AnotherMe.DAAN.0/Chart_EZ.json;e63ea52cfb3c8d649a68e132f3a10489,3,0.0,11,455,210.0,1860436,
assets/aa/Android/ccab08746c6ef94af66f6f11de96669f.bundle,ccab08746c6ef94af66f6f11de96669f.bundle,2022.3.62f2,5377991470881376438,Chart_EZ,EZ,,77dada765f2c07645a11cf432a90b0e0;Assets/Tracks/XING.ginkiha.0/Chart_EZ.json,3,0.0,2,310,177.0,360842,
assets/aa/Android/ccbb998be89c9dd4361fbb00cbc7c1c3.bundle,ccbb998be89c9dd4361fbb00cbc7c1c3.bundle,2022.3.62f2,-2180565763074315698,Chart_IN,IN,,Assets/Tracks/SilenceisGoldenSpeechisGolden.NIWASHI.0/Chart_IN.json;ab499df94d7aa6f4cad7cbc2284c9126,3,0.0,24,1273,177.0,5999653,
assets/aa/Android/ccf1b3c205fa877c3c7f622e7bb384cf.bundle,ccf1b3c205fa877c3c7f622e7bb384cf.bundle,2022.3.62f2,-4625054563908243980,Chart_IN,IN,,4701570340001844d8107cce71873086;Assets/Tracks/Dlyrotz.Likey.0/Chart_IN.json,3,0.0,24,584,175.0,2600613,
assets/aa/Android/cd158a7c2670c22cec26a26a1f24606a.bundle,cd158a7c2670c22cec26a26a1f24606a.bundle,2022.3.62f2,-1568179370155683417,Chart_IN,IN,,Assets/Tracks/青芽.茶鸣拾贰律.0/Chart_IN.json;f25ae49901d67f246ac5679f26d3015d,3,0.0,23,1102,216.0,3449069,
assets/aa/Android/cd636cf14515b841d0d1e437d880f1ba.bundle,cd636cf14515b841d0d1e437d880f1ba.bundle,2022.3.62f2,6786974916308824726,Chart_HD,HD,,66e3b020979a641ef967858b6329c779;Assets/Tracks/NextTime.SaMZIng.0/Chart_HD.json,1,0.0,3,303,175.0,83005,
assets/aa/Android/cdd2e1184e6310c102acf230dc103dbf.bundle,cdd2e1184e6310c102acf230dc103dbf.bundle,2022.3.62f2,3223474881044774674,Chart_HD,HD,,989cd9d6f1fa3624da3267777a72cf5d;Assets/Tracks/アンビバレンス.すりぃ相沢.0/Chart_HD.json,3,0.0,24,579,187.0,4770884,
assets/aa/Android/ce12724dee9e11508fc295649298776a.bundle,ce12724dee9e11508fc295649298776a.bundle,2022.3.62f2,2663161739590979428,Chart_EZ,EZ,,Assets/Tracks/ClassMemories.AntistarfeatCtymax.0/Chart_EZ.json;d914688d994e9401e8dad180ee10dea8,3,0.0,7,393,145.0,671741,
assets/aa/Android/ce220207fdcc9c7f7221a123e2aeea0c.bundle,ce220207fdcc9c7f7221a123e2aeea0c.bundle,2022.3.62f2,102549188811883243,Chart_EZ,EZ,,0ed5d0e1c010a4841aee034e24f33a7b;Assets/Tracks/70MinutesFighters.かたぎり.0/Chart_EZ.json,3,0.0,24,365,223.0,3224436,
assets/aa/Android/ce4993d641e674ba39d62b7232e80f9a.bundle,ce4993d641e674ba39d62b7232e80f9a.bundle,2022.3.62f2,-7761964214573623364,Chart_IN,IN,,Assets/Tracks/RubbishSorting.CtymaxvsNceS.0/Chart_IN.json;a8bfe90966d7546988a05a2724f277df,1,0.0,8,613,128.0,221040,
assets/aa/Android/ceace96284eb78cc6be0bd11dd068d9f.bundle,ceace96284eb78cc6be0bd11dd068d9f.bundle,2022.3.62f2,4212776351769236216,Chart_HD,HD,,Assets/Tracks/NowIsTheTimeDoIt.RoyMikelate.0/Chart_HD.json;e6f586208dcbc5040b6774fa93ca99f7,3,0.0,5,777,158.0,822083,
assets/aa/Android/ceb5d878c59c5525fe279cf0cff2093a.bundle,ceb5d878c59c5525fe279cf0cff2093a.bundle,2022.3.62f2,8931711876922524488,Chart_EZ,EZ,,042e9f295b0503145b976c49988ff482;Assets/Tracks/ReEndofaDream.umavsモリモリあつし.0/Chart_EZ.json,3,0.0,4,421,212.0,289069,
assets/aa/Android/cf648573ea2b33bd05827e0a840be129.bundle,cf648573ea2b33bd05827e0a840be129.bundle,2022.3.62f2,4154557555826932331,Chart_EZ,EZ,,025cdd4e5029a9f4fb91349ab4752473;Assets/Tracks/Radiance.Nhato.0/Chart_EZ.json,3,0.0,7,218,155.0,3117333,
assets/aa/Android/cf689ac6de90df50f9378ba94918a2fd.bundle,cf689ac6de90df50f9378ba94918a2fd.bundle,2022.3.62f2,2540975512049778332,Chart_IN,IN,,Assets/Tracks/TheMountainEater.PaulBazooka.0/Chart_IN.json;e7df0e4d48233194fbb9d683b46bb991,3,0.0,10,697,127.0,760852,
assets/aa/Android/cf8f5aced1ac36ab93644d9b26d5a6f2.bundle,cf8f5aced1ac36ab93644d9b26d5a6f2.bundle,2022.3.62f2,-5512344706022146982,Chart_IN,IN,,579e3cca6afcb9a4ba9a4a375898d2d1;Assets/Tracks/RainyHeart.BelieverInYou阿卡姆巫师.0/Chart_IN.json,3,0.0,24,440,140.0,2010547,
assets/aa/Android/cf95675900de1409cc14553b2af7be27.bundle,cf95675900de1409cc14553b2af7be27.bundle,2022.3.62f2,4019935063843783476,Chart_IN,IN,,Assets/Tracks/dBdoll.YUESTEVENuen.0/Chart_IN.json;fd5706e90cbc7c942a6ee2a9ea2c90b1,3,0.0,2,237,128.0,145672,
assets/aa/Android/cfe15ad711ed64c9124e2fd18664b9dc.bundle,cfe15ad711ed64c9124e2fd18664b9dc.bundle,2022.3.62f2,-2994065366745487371,Chart_IN,IN,,78b40b767659b4b498a40eb1e5b396cc;Assets/Tracks/Bloom.targ麻团qwq.0/Chart_IN.json,3,0.0,24,1053,150.0,7329854,
assets/aa/Android/d02c173b08ca19599044bcb88bc5f796.bundle,d02c173b08ca19599044bcb88bc5f796.bundle,2022.3.62f2,-444822704563474918,Chart_HD,HD,,316cd6dddf2ab6440aaccdec55f40ead;Assets/Tracks/Elúltimobaile.Θ.0/Chart_HD.json,3,0.0,10,480,175.0,505043,
assets/aa/Android/d044adb4058003ffded7c2cbd3b57175.bundle,d044adb4058003ffded7c2cbd3b57175.bundle,2022.3.62f2,1216821999031418335,Chart_IN,IN,,8acb5fdebc51f384199b962f46508f01;Assets/Tracks/大和撫子WildDances.adapatorvsDRIVE.0/Chart_IN.json,3,0.0,12,1002,158.0,1653237,
assets/aa/Android/d049a0b39b0a628a02242446105ea20d.bundle,d049a0b39b0a628a02242446105ea20d.bundle,2022.3.62f2,6443718982882098786,Chart_AT,AT,,Assets/Tracks/volcanic.DETROakaルゼ.0/Chart_AT.json;e791410b9a845b6429da8e5d0172eb4d,3,0.0,24,1650,191.0,3890507,
assets/aa/Android/d0a043ad1b106acc49ad15d6202c2384.bundle,d0a043ad1b106acc49ad15d6202c2384.bundle,2022.3.62f2,16196018455818766,Chart_IN,IN,,4724332dfdcc4f04889f34d3309adcab;Assets/Tracks/Orthodox.tokiwa.0/Chart_IN.json,3,0.0,13,963,170.0,2009241,
assets/aa/Android/d0fd4c522e7a0256b8224eaceb166104.bundle,d0fd4c522e7a0256b8224eaceb166104.bundle,2022.3.62f2,2161561507321888296,Chart_HD,HD,,29c6fb023f62ad842858d9976a280e62;Assets/Tracks/Helios.NOABotaNya.0/Chart_HD.json,3,0.0,24,391,150.0,5711037,
assets/aa/Android/d1037097bf7d450b7f5983d765a09a05.bundle,d1037097bf7d450b7f5983d765a09a05.bundle,2022.3.62f2,5161877198373834772,Chart_HD,HD,,1f37dd3ca69d2a64885f420620ebbdbb;Assets/Tracks/MiracleForestVIPMix.Rinthlive.0/Chart_HD.json,3,0.0,3,586,192.0,260333,
assets/aa/Android/d17c5ea7ca4f976b6c0753d4d2317f6c.bundle,d17c5ea7ca4f976b6c0753d4d2317f6c.bundle,2022.3.62f2,-190792996376272979,Chart_HD,HD,,Assets/Tracks/Aventyr.GrandThawRigelTheatre.0/Chart_HD.json;e0f75edfd04c249b892bdb5c080458d4,3,0.0,3,626,132.0,388867,
assets/aa/Android/d197bb5905f3b26875917fec41edbbc3.bundle,d197bb5905f3b26875917fec41edbbc3.bundle,2022.3.62f2,-5880986729468196072,Chart_AT,AT,,9919ecd50ce70db419facebfdf6f1ec7;Assets/Tracks/风屿.闫东炜.0/Chart_AT.json,3,0.0,24,1236,170.0,8440786,
assets/aa/Android/d1c83b8aa60765714f020a48ec480a8a.bundle,d1c83b8aa60765714f020a48ec480a8a.bundle,2022.3.62f2,-1165098835531735639,Chart_EZ,EZ,,6a1d1aba27c111240be8935d522ac76d;Assets/Tracks/MARENOL.LeaF.0/Chart_EZ.json,3,0.0,1,95,140.0,22430,
assets/aa/Android/d2c2ac9d8a31ac72fcccae8421141cbf.bundle,d2c2ac9d8a31ac72fcccae8421141cbf.bundle,2022.3.62f2,306666135852728326,Chart_IN,IN,,Assets/Tracks/CervelleConnexion.SCTL.0/Chart_IN.json;ec32457fe6f0e4bb1aebf5741a384d1f,3,0.0,10,563,142.0,1167722,
assets/aa/Android/d2da89cece3bda6d5b81785b114388d6.bundle,d2da89cece3bda6d5b81785b114388d6.bundle,2022.3.62f2,-3008358244647079817,Chart_IN,IN,,Assets/Tracks/光.姜米條.0/Chart_IN.json;a3aa39aacf17742479fb00fbb22697d5,3,0.0,5,517,180.0,589262,
assets/aa/Android/d313846996c9eaf4e0634059fa34cd94.bundle,d313846996c9eaf4e0634059fa34cd94.bundle,2022.3.62f2,1723343318330953982,Chart_EZ,EZ,,Assets/Tracks/ElCondorPasaPhigrosEdit.PlasticFruits.0/Chart_EZ.json;cfb411082a0d8204787a89ff95d20d23,3,0.0,10,259,150.0,992762,
assets/aa/Android/d33990e306800616d9633e0ab610611e.bundle,d33990e306800616d9633e0ab610611e.bundle,2022.3.62f2,8579310976753080807,Chart_IN,IN,,Assets/Tracks/AbsoluTedisoRdeR.AcuteDisarray.0/Chart_IN.json;dd2af87936cbb0640946d26878f23422,3,0.0,24,1600,256.0,14704546,
assets/aa/Android/d37b8f4d352845c22bede2019318a573.bundle,d37b8f4d352845c22bede2019318a573.bundle,2022.3.62f2,8954839767097801042,Chart_HD,HD,,69cfb7506d1164aac813cbda2ca88ffc;Assets/Tracks/華灯爱.闫东炜.0/Chart_HD.json,3,0.0,15,357,120.0,593416,
assets/aa/Android/d3a4f5121121827d2b8cb6ee054fea7d.bundle,d3a4f5121121827d2b8cb6ee054fea7d.bundle,2022.3.62f2,-2430041785717590670,Chart_EZ,EZ,,4ca4ffe699c5afa46a7b8c5bf69bc246;Assets/Tracks/零號車輛.seatrus.0/Chart_EZ.json,3,0.0,17,594,240.0,1006604,
assets/aa/Android/d3d465819e66d97f7a3b3d8495ae71bb.bundle,d3d465819e66d97f7a3b3d8495ae71bb.bundle,2022.3.62f2,-1470091025045191315,Chart_HD,HD,,Assets/Tracks/JourneywithYou.Iris.0/Chart_HD.json;feef569f0d5db63468c21920c8884a53,3,0.0,7,175,150.0,723336,
assets/aa/Android/d4635711d6fc9c899353b017d3a38359.bundle,d4635711d6fc9c899353b017d3a38359.bundle,2022.3.62f2,-7307567908638972748,Chart_IN,IN,,8c6f4d3c0c01c8a46a5ffc55f2051a87;Assets/Tracks/Random.SobremSilentroom.3/Chart_IN.json,3,0.0,24,742,132.0,1697576,
assets/aa/Android/d4aa8b89e7c3fa43f021e594dcf83364.bundle,d4aa8b89e7c3fa43f021e594dcf83364.bundle,2022.3.62f2,31911141033560475,Chart_EZ,EZ,,0b151be418b1f824d883f97c0adea53b;Assets/Tracks/ATHAZA.LeaF.0/Chart_EZ.json,3,0.0,6,479,280.0,1485151,
assets/aa/Android/d4bfb6fcd5d1448a92ce5af2dd04f04d.bundle,d4bfb6fcd5d1448a92ce5af2dd04f04d.bundle,2022.3.62f2,-7202829651230964720,Chart_HD,HD,,5b44759dfaeca12479a877639fec3e8d;Assets/Tracks/FixationsTowardtheStars.Foodbot.0/Chart_HD.json,3,0.0,12,491,150.0,5454441,
assets/aa/Android/d520a288e3e960b5f557ca93b3a1adcb.bundle,d520a288e3e960b5f557ca93b3a1adcb.bundle,2022.3.62f2,-4867963168678098481,Chart_HD,HD,,Assets/Tracks/Dreamland.z1onkyrrin.0/Chart_HD.json;a16537e553e1a2a43ad0b72e39a89bc6,3,0.0,23,476,120.0,1528047,
assets/aa/Android/d56cde1928c23e955bbc3c61f6068ae0.bundle,d56cde1928c23e955bbc3c61f6068ae0.bundle,2022.3.62f2,1955138402558893819,Chart_EZ,EZ,,Assets/Tracks/CraveWave.LandRoot.0/Chart_EZ.json;afad52aefa1e409428c0383ba70cff99,3,0.0,6,177,150.0,544431,
assets/aa/Android/d5bef54b6ddc3084a88b1a78ad8cf53a.bundle,d5bef54b6ddc3084a88b1a78ad8cf53a.bundle,2022.3.62f2,6663696626774643805,Chart_HD,HD,,57cfeb47c85752846b19c58bc923f8fc;Assets/Tracks/Antithese.Blacklolita.0/Chart_HD.json,3,0.0,24,801,172.0,3546808,
assets/aa/Android/d62629205d738c7e84107f6bae50f795.bundle,d62629205d738c7e84107f6bae50f795.bundle,2022.3.62f2,-6860235393546436549,Chart_HD,HD,,Assets/Tracks/DiamondEyes.SYNTHETIC.0/Chart_HD.json;d78425ded6cd12a409514c7340e6825e,3,0.0,4,429,140.0,1662879,
assets/aa/Android/d64e715369e2e390d80e2a8dcadc2998.bundle,d64e715369e2e390d80e2a8dcadc2998.bundle,2022.3.62f2,3344436559980229525,Chart_HD,HD,,5ac30fc4bb72beb4f916a370ac6938f9;Assets/Tracks/Glaciaxion.SunsetRay.0/Chart_HD.json,3,0.0,3,393,140.0,498307,
assets/aa/Android/d73ff1482c6d5a4a12a6e3c4c84ac3f3.bundle,d73ff1482c6d5a4a12a6e3c4c84ac3f3.bundle,2022.3.62f2,3972438974858091035,Chart_HD,HD,,1b086140cc87bd544a55613ad2f3e6e3;Assets/Tracks/Dlyrotz.Likey.0/Chart_HD.json,3,0.0,9,458,175.0,1560338,
assets/aa/Android/d7adb154f9db97021bf389cda6cb297a.bundle,d7adb154f9db97021bf389cda6cb297a.bundle,2022.3.62f2,-7953222922191936712,Chart_EZ,EZ,,Assets/Tracks/Ramification.rareguyReina.0/Chart_EZ.json;cc770b5bda4eb7d469239dcb898846ef,3,0.0,16,222,175.0,1266663,
assets/aa/Android/d7e8efc5a3ca3edcb470fe48dfbdce5d.bundle,d7e8efc5a3ca3edcb470fe48dfbdce5d.bundle,2022.3.62f2,-2747177543202989940,Chart_HD,HD,,Assets/Tracks/云女孩.符白牙SiYFics.0/Chart_HD.json;fbcbb2bb7e6bd7f4682793a9e7e9d2a4,3,0.0,1,538,155.0,305346,
assets/aa/Android/d7f901f3bd66fcb104a0770e3648dae7.bundle,d7f901f3bd66fcb104a0770e3648dae7.bundle,2022.3.62f2,6692763866852125804,Chart_EZ,EZ,,0dc7d602b92aa94499d32f676dab15dc;Assets/Tracks/csqn.Aoi.0/Chart_EZ.json,3,0.0,16,330,174.0,667206,
assets/aa/Android/d81dab55b9b184ad73c252289fd08682.bundle,d81dab55b9b184ad73c252289fd08682.bundle,2022.3.62f2,-3923100848758619529,Chart_IN,IN,,Assets/Tracks/Random.SobremSilentroom.6/Chart_IN.json;f5bfd870ebc6e6d4c9d9ead28cf6933b,3,0.0,24,745,132.0,1900832,
assets/aa/Android/d852f7cf62d819c29e768aa6dccca3f1.bundle,d852f7cf62d819c29e768aa6dccca3f1.bundle,2022.3.62f2,1714130393607028816,Chart_HD,HD,,7c6495a293b8d4719bbceed80dbcc0cc;Assets/Tracks/CROSSSOUL.HyuNfeatSyepias.0/Chart_HD.json,3,0.0,1,892,200.0,467462,
assets/aa/Android/d889ca947d85e59f492fdf3bcce2874c.bundle,d889ca947d85e59f492fdf3bcce2874c.bundle,2022.3.62f2,-5643494872566820160,Chart_IN,IN,,875d0706b4b11e94ca07aadeb9ae669a;Assets/Tracks/ストレイソウルアラウンド.みーに.0/Chart_IN.json,3,0.0,24,908,150.0,4475663,
assets/aa/Android/d97b88c62ce4df326fa2391eeb18acb0.bundle,d97b88c62ce4df326fa2391eeb18acb0.bundle,2022.3.62f2,-4545584334128082427,Chart_IN,IN,,7c5e00c5b234a4749b277d0292279793;Assets/Tracks/RIPPER.Friedwav.0/Chart_IN.json,3,0.0,17,1186,150.0,1150047,
assets/aa/Android/d9a580a9fa54adb591c4377226364d37.bundle,d9a580a9fa54adb591c4377226364d37.bundle,2022.3.62f2,3407747853299942043,Chart_HD,HD,,Assets/Tracks/蝎虎天体Lacertid.CreamvsDaily天利.0/Chart_HD.json;f6899a5fe4e80504a81a7c1e7d55bc2c,3,0.0,10,596,220.0,2700186,
assets/aa/Android/d9d5d4121051c78eec8c247434db427b.bundle,d9d5d4121051c78eec8c247434db427b.bundle,2022.3.62f2,5410040858784214721,Chart_IN,IN,,49822604255542c408357da5284348a1;Assets/Tracks/最高傑作.PYKAMIA.0/Chart_IN.json,3,0.0,24,697,140.0,3793976,
assets/aa/Android/da48ce5cfbfc0d1246f66cc3177db777.bundle,da48ce5cfbfc0d1246f66cc3177db777.bundle,2022.3.62f2,7221398921179034046,Chart_HD,HD,,11394d9a1a65a7b43bee1b4f52599211;Assets/Tracks/XING.ginkiha.0/Chart_HD.json,3,0.0,5,587,177.0,618182,
assets/aa/Android/da6fe372d7a57df039bdeec36519bf18.bundle,da6fe372d7a57df039bdeec36519bf18.bundle,2022.3.62f2,-3790705846131859439,Chart_EZ,EZ,,6171b2d9d31295e4da5bd622961b3147;Assets/Tracks/Random.SobremSilentroom.4/Chart_EZ.json,3,0.0,24,275,132.0,2105931,
assets/aa/Android/dab0b98c62749d06bf26614f2f53ddc8.bundle,dab0b98c62749d06bf26614f2f53ddc8.bundle,2022.3.62f2,-7085087022801164055,Chart_EZ,EZ,,Assets/Tracks/Nhelv.Silentroom.0/Chart_EZ.json;a05928d9b57747b4f90afe19de002f58,3,0.0,6,196,174.59,559347,
assets/aa/Android/daea5897baf83cbcc9df7b5a582fa1d9.bundle,daea5897baf83cbcc9df7b5a582fa1d9.bundle,2022.3.62f2,4610225951666942027,Chart_EZ,EZ,,6eefd7883c62f4869b656e0f4397c01d;Assets/Tracks/SpeedUp.DarTokki.0/Chart_EZ.json,3,0.0,2,262,145.0,346786,
assets/aa/Android/db0215c32f8ba43b39ccd8cadd1c6a80.bundle,db0215c32f8ba43b39ccd8cadd1c6a80.bundle,2022.3.62f2,-8074348656523788336,Chart_IN,IN,,Assets/Tracks/IndelibleScar.Noah.0/Chart_IN.json;c2ecba2018956bc4584ff0e755f41af9,3,0.0,18,844,223.0,5594700,
assets/aa/Android/db0a0803ed1d5c501448d508262df287.bundle,db0a0803ed1d5c501448d508262df287.bundle,2022.3.62f2,7639246593327474751,Chart_IN,IN,,3c3cadcf414a41842bb6451438a5a5d5;Assets/Tracks/Dash.小红Akane李祥辉.0/Chart_IN.json,3,0.0,5,346,128.0,572243,
assets/aa/Android/dbb4b6c3123aada261e75454aa9ac0bc.bundle,dbb4b6c3123aada261e75454aa9ac0bc.bundle,2022.3.62f2,-4302923585577092756,Chart_EZ,EZ,,Assets/Tracks/RIPPER.Friedwav.0/Chart_EZ.json;ac1f5504a9eb30f4ba1effbc6c500461,3,0.0,1,520,150.0,222095,
assets/aa/Android/dc91d8a4a1f061bf22c0eee9ae6428b1.bundle,dc91d8a4a1f061bf22c0eee9ae6428b1.bundle,2022.3.62f2,4422882760740979457,Chart_EZ,EZ,,3b838878768c2483b8577fb68911a855;Assets/Tracks/Aventyr.GrandThawRigelTheatre.0/Chart_EZ.json,3,0.0,5,345,132.0,518024,
assets/aa/Android/dca260a27e22f6981b9aef5355d89603.bundle,dca260a27e22f6981b9aef5355d89603.bundle,2022.3.62f2,4676206930708659079,Chart_HD,HD,,9d08b03741268074b8d691b5990ef989;Assets/Tracks/996.李化禹.0/Chart_HD.json,3,0.0,17,453,140.0,1727662,
assets/aa/Android/dd2e7d0d5933236bdc82e2d6e9d0d853.bundle,dd2e7d0d5933236bdc82e2d6e9d0d853.bundle,2022.3.62f2,-4560403860811252230,Chart_IN,IN,,18955dc82b8f746459002192fd8ad1fa;Assets/Tracks/TheWholeRest.KIVΛ.0/Chart_IN.json,3,0.0,24,785,157.0,6867116,
assets/aa/Android/de39a52b19577a365f41c9c9e7eda634.bundle,de39a52b19577a365f41c9c9e7eda634.bundle,2022.3.62f2,-7111285345173899919,Chart_IN,IN,,88a1907127dfcfd4bbbb7e54c37bddb4;Assets/Tracks/游园地.椒盐菠萝.0/Chart_IN.json,3,0.0,24,481,128.0,1740868,
assets/aa/Android/de4b80375acea4d2003fec638d22a6b1.bundle,de4b80375acea4d2003fec638d22a6b1.bundle,2022.3.62f2,5335601667047192897,Chart_IN,IN,,270fff59f4339354eb25e46c1de81b17;Assets/Tracks/ChronosCollapseLaCampanella.SunsetRay.0/Chart_IN.json,3,0.0,23,1500,180.0,3051124,
assets/aa/Android/de4bbb8b0514f32ed59ab2d98bbebe0d.bundle,de4bbb8b0514f32ed59ab2d98bbebe0d.bundle,2022.3.62f2,8934998329519551220,Chart_IN,IN,,Assets/Tracks/DataErr0r.Cosmograph.0/Chart_IN.json;d6893e4a84d40c747a839b2c9434ed4f,3,0.0,23,613,180.0,2015170,
assets/aa/Android/de53997cc23eafc7ede3a7b06a1709dd.bundle,de53997cc23eafc7ede3a7b06a1709dd.bundle,2022.3.62f2,6346370926744376214,Chart_EZ,EZ,,Assets/Tracks/FlutterEcho.Cansol.0/Chart_EZ.json;b15e4cbd2738f9a418bd06a392aef50b,3,0.0,15,222,219.0,1367240,
assets/aa/Android/de78d03fc6bcb63ab1bc1ac0c30e97cc.bundle,de78d03fc6bcb63ab1bc1ac0c30e97cc.bundle,2022.3.62f2,5751601786785781103,Chart_IN,IN,,69ce391c25831f442a2c19ae01f99bef;Assets/Tracks/QuantumHyperspace.D_AAN.0/Chart_IN.json,3,0.0,10,888,200.0,2081133,
assets/aa/Android/deb6ee9f54ec35bca47b5443f2b1c42e.bundle,deb6ee9f54ec35bca47b5443f2b1c42e.bundle,2022.3.62f2,8858202807122545627,Chart_IN,IN,,92de30f7fc3a2544f9621378d995f170;Assets/Tracks/CraveWave.LandRoot.0/Chart_IN.json,3,0.0,24,816,150.0,2949377,
assets/aa/Android/ded479b7558c6ea353b15c4e9f3b3bcd.bundle,ded479b7558c6ea353b15c4e9f3b3bcd.bundle,2022.3.62f2,-2703685809266438627,Chart_IN,IN,,0b7424e173f3492469fc5c0ecb1bb00f;Assets/Tracks/Hydra.JamesLandinoXAkiraComplex.0/Chart_IN.json,3,0.0,20,1085,160.0,6644318,
assets/aa/Android/df2813a35d6cbc7555ea6cc7e472fd79.bundle,df2813a35d6cbc7555ea6cc7e472fd79.bundle,2022.3.62f2,3283487928258577435,Chart_EZ,EZ,,6186df673f299194ebc244f2e0f18ed2;Assets/Tracks/TriumphRegret.typeMARS.0/Chart_EZ.json,3,0.0,18,423,175.0,1687481,
assets/aa/Android/df4ad59ec2e4e18c6a66bd5a2eac15e5.bundle,df4ad59ec2e4e18c6a66bd5a2eac15e5.bundle,2022.3.62f2,6494009498442067595,Chart_IN,IN,,Assets/Tracks/70MinutesFighters.かたぎり.0/Chart_IN.json;b4b185100fff67242858eb604bc1a622,3,0.0,24,1557,223.0,7739097,
assets/aa/Android/e036a81c351e700e3fda8ca4dec887d0.bundle,e036a81c351e700e3fda8ca4dec887d0.bundle,2022.3.62f2,-5912565898881856,Chart_IN,IN,,3a1155a18a2242942a26247baa070d37;Assets/Tracks/蝎虎天体Lacertid.CreamvsDaily天利.0/Chart_IN.json,3,0.0,20,1238,220.0,4446543,
assets/aa/Android/e072319bd1ceb40aa20ab77da5d0618a.bundle,e072319bd1ceb40aa20ab77da5d0618a.bundle,2022.3.62f2,-4526923013705433418,Chart_HD,HD,,5f39f11be1c77ec4387e4f523b2468ed;Assets/Tracks/PANICPARADISE.DJSHIONY.0/Chart_HD.json,3,0.0,10,533,170.0,832969,
assets/aa/Android/e0e5c4f0859cf26f9a4e5d54b31ae8d5.bundle,e0e5c4f0859cf26f9a4e5d54b31ae8d5.bundle,2022.3.62f2,4765158659236730097,Chart_IN,IN,,3f25af81b80274f40ba6cf3d7ebdf7c1;Assets/Tracks/萤火虫の怨.闫东炜.0/Chart_IN.json,3,0.0,5,885,200.0,1023298,
assets/aa/Android/e1008d53907e939b7115418178fb8eab.bundle,e1008d53907e939b7115418178fb8eab.bundle,2022.3.62f2,3617325715720735934,Chart_EZ,EZ,,141b3eb9971504581abe87df6359a2ab;Assets/Tracks/cryout.JuE.0/Chart_EZ.json,1,0.0,2,221,180.0,47054,
assets/aa/Android/e15e5a086d40fcb039434507fe2311b5.bundle,e15e5a086d40fcb039434507fe2311b5.bundle,2022.3.62f2,3323545087046041450,Chart_IN,IN,,2fc7862002f202545b657ec04618e704;Assets/Tracks/FULiAUTOBUSTER.MYUKKE.0/Chart_IN.json,3,0.0,24,755,145.0,3201486,
assets/aa/Android/e187f22165aa2ab9a06d6fbad32bb7f4.bundle,e187f22165aa2ab9a06d6fbad32bb7f4.bundle,2022.3.62f2,-7731580747765257085,Chart_HD,HD,,9911f3fd598f51342a3591858814e4d5;Assets/Tracks/microwav.dandeless.0/Chart_HD.json,3,0.0,3,459,172.0,282554,
assets/aa/Android/e22f72c532465424ad11aa406c114a19.bundle,e22f72c532465424ad11aa406c114a19.bundle,2022.3.62f2,7576625447396268425,Chart_IN,IN,,9f9e217cd5d834f34aac08c9e94a4a9f;Assets/Tracks/DeadSoul.SoundSouler.0/Chart_IN.json,3,0.0,10,787,132.0,1309361,
assets/aa/Android/e251197581789027a00f82950e7e22e2.bundle,e251197581789027a00f82950e7e22e2.bundle,2022.3.62f2,7987537745308268408,Chart_AT,AT,,1f140eff4228b0244a8fc2faf1ac1ac8;Assets/Tracks/Stasis.Maozon.0/Chart_AT.json,3,0.0,24,1700,180.0,4437097,
assets/aa/Android/e26686bfd1994b964a1f14284b168d75.bundle,e26686bfd1994b964a1f14284b168d75.bundle,2022.3.62f2,-4994088042183762391,Chart_IN,IN,,15bb0fa18d179524ba1ab83ed8802f41;Assets/Tracks/ATHAZA.LeaF.0/Chart_IN.json,3,0.0,24,1137,280.0,9820715,
assets/aa/Android/e26b9fb9a6156085bb08155b41d30e76.bundle,e26b9fb9a6156085bb08155b41d30e76.bundle,2022.3.62f2,-627089862835376009,Chart_HD,HD,,4fa18dc99cefe684ea813c8a308fa5cd;Assets/Tracks/DataErr0r.Cosmograph.0/Chart_HD.json,3,0.0,10,400,180.0,490909,
assets/aa/Android/e27aa6eca87b85471e74b253ac3f7e6d.bundle,e27aa6eca87b85471e74b253ac3f7e6d.bundle,2022.3.62f2,8134775371661900489,Chart_EZ,EZ,,3f8a3fbb457254de79a716e5f6ce50aa;Assets/Tracks/Chronostasis.黒皇帝.0/Chart_EZ.json,3,0.07,11,291,196.0,541130,
assets/aa/Android/e27cc9ca959432607ffd5a5e5ffcb512.bundle,e27cc9ca959432607ffd5a5e5ffcb512.bundle,2022.3.62f2,5121935683859414703,Chart_EZ,EZ,,Assets/Tracks/Disorder.HyuNfeatYURI.0/Chart_EZ.json;e5a846d1b50264340a10930e033b09e4,3,0.0,4,444,193.0,274092,
assets/aa/Android/e2a00f26502a8b727a18e89f5890577a.bundle,e2a00f26502a8b727a18e89f5890577a.bundle,2022.3.62f2,6978017642901247356,Chart_HD,HD,,Assets/Tracks/Random.SobremSilentroom.3/Chart_HD.json;ece1889506a468a4a904b19b92219995,3,0.0,23,595,132.0,1317819,
assets/aa/Android/e38cd625b5b3e16b48c83b5faae084b8.bundle,e38cd625b5b3e16b48c83b5faae084b8.bundle,2022.3.62f2,-3955835030575401633,Chart_HD,HD,,1d84376df78bab747aa04a37d04499c0;Assets/Tracks/KIZUNAResolution.TAG.0/Chart_HD.json,3,0.0,20,722,240.0,1867107,
assets/aa/Android/e397f2720dfb03def471ff4a054de962.bundle,e397f2720dfb03def471ff4a054de962.bundle,2022.3.62f2,-2978447093784764893,Chart_AT,AT,,3bce4c51688a51041bfac7d08e92e7df;Assets/Tracks/月詠に鳴る.Feryquitousfeat藍月なくる.0/Chart_AT.json,3,0.0,14,938,180.0,4022856,
assets/aa/Android/e40e5f519fd0e4ea8bd2db1a77feefff.bundle,e40e5f519fd0e4ea8bd2db1a77feefff.bundle,2022.3.62f2,-5079626411051446275,Chart_IN,IN,,3558f3770d4a7483a9c6a58c68f81fd5;Assets/Tracks/CROSSSOUL.HyuNfeatSyepias.0/Chart_IN.json,3,0.0,6,1305,200.0,1080418,
assets/aa/Android/e419e00840437f21285ad6118dc40924.bundle,e419e00840437f21285ad6118dc40924.bundle,2022.3.62f2,-1817715627460439146,Chart_EZ,EZ,,Assets/Tracks/YouaretheMiserable.tpazolite.0/Chart_EZ.json;e8ab595aa7fb05e4487facbae5ad97f7,3,0.0,4,486,163.0,676306,
assets/aa/Android/e42539e6a971790e3255ad5f7f960ff0.bundle,e42539e6a971790e3255ad5f7f960ff0.bundle,2022.3.62f2,-5167475295655695541,Chart_IN,IN,,Assets/Tracks/NYA.FLuoRiTe姜米條.0/Chart_IN.json;dd3c6ce1560374c3ca94badad7feffe8,1,0.0,3,666,154.0,264547,
assets/aa/Android/e447c5fc09289b6313180a572e867893.bundle,e447c5fc09289b6313180a572e867893.bundle,2022.3.62f2,-4096654453462872545,Chart_HD,HD,,466106cc54eaf46429d45b94ad71c0d0;Assets/Tracks/EnginexStartmelodymix.CrossingSound.0/Chart_HD.json,3,0.0,5,192,186.0,461633,
assets/aa/Android/e46d617ba0e68b5c9b0c57a4e24213f2.bundle,e46d617ba0e68b5c9b0c57a4e24213f2.bundle,2022.3.62f2,-4631808243657007069,Chart_IN,IN,,Assets/Tracks/BelieveLightfeat果丸哒呦.ScalerMestie果丸哒呦.0/Chart_IN.json;bd4084648928647428deab6678652c30,3,0.0,19,972,180.0,4148559,
assets/aa/Android/e4d352aa9698c7eabac8faa3320ed7d3.bundle,e4d352aa9698c7eabac8faa3320ed7d3.bundle,2022.3.62f2,4307927303725268664,Chart_EZ,EZ,,12d0a881c54944e458cabdcebf7301ff;Assets/Tracks/Cipher20.TetrajectoryfeatCtymax.0/Chart_EZ.json,3,0.0,4,401,179.0,562102,
assets/aa/Android/e4f295c520922703532d93c005db5b14.bundle,e4f295c520922703532d93c005db5b14.bundle,2022.3.62f2,-4291254525347342394,Chart_IN,IN,,02a4a6846f15f40869f5f513be942621;Assets/Tracks/cryout.JuE.0/Chart_IN.json,3,0.0,22,712,180.0,2068592,
assets/aa/Android/e4f6035e7247ba1cc2eeff41ad04f4b8.bundle,e4f6035e7247ba1cc2eeff41ad04f4b8.bundle,2022.3.62f2,7442049753591053889,Chart_EZ,EZ,,131f0621f468bd24e8ca93149e5bba3e;Assets/Tracks/AbsoluTedisoRdeR.AcuteDisarray.0/Chart_EZ.json,3,0.0,5,766,256.0,2443498,
assets/aa/Android/e52b78c98c4d342ca6ece5e034b3a5da.bundle,e52b78c98c4d342ca6ece5e034b3a5da.bundle,2022.3.62f2,5215038775102883179,Chart_IN,IN,,4598476af2186024c8c2d8ea5ec5f879;Assets/Tracks/LabyrinthinKowloonWalledWorld.かめりあ.0/Chart_IN.json,3,0.0,24,1150,190.0,9328924,
assets/aa/Android/e5378252ccf4a69e24a0f75711794fb8.bundle,e5378252ccf4a69e24a0f75711794fb8.bundle,2022.3.62f2,-6854887625856459716,Chart_HD,HD,,Assets/Tracks/ERABYECONNEC10N.かめりあ.0/Chart_HD.json;b2a498181dfe16f4ea17999903b72a47,3,0.0,8,904,230.0,1242397,
assets/aa/Android/e55438a98d89fbb763f5dd2f5e62efec.bundle,e55438a98d89fbb763f5dd2f5e62efec.bundle,2022.3.62f2,-3331703211922024890,Chart_HD,HD,,2425e198cb5484823b7d2d7cac5205fa;Assets/Tracks/NYA.FLuoRiTe姜米條.0/Chart_HD.json,1,0.0,1,428,154.0,84205,
assets/aa/Android/e5623fd81c200e0039b64ed0a6813c42.bundle,e5623fd81c200e0039b64ed0a6813c42.bundle,2022.3.62f2,-7047785328329824966,Chart_EZ,EZ,,Assets/Tracks/Incyde.YbeLL.0/Chart_EZ.json;ff316d2f123eb6440bfba3a09a426e10,3,0.0,24,521,180.0,8059530,
assets/aa/Android/e57a2aa682f2578a0bfbebd574afc283.bundle,e57a2aa682f2578a0bfbebd574afc283.bundle,2022.3.62f2,5498013958132813088,Chart_EZ,EZ,,Assets/Tracks/Xenolith.Tatsh.0/Chart_EZ.json;a47874119af52c34e87de44a8c2fc904,3,0.0,9,202,170.0,1745908,
assets/aa/Android/e5811f508384f958595534c62d07c848.bundle,e5811f508384f958595534c62d07c848.bundle,2022.3.62f2,4101518515150904001,Chart_EZ,EZ,,455c617d23a2fea4bb063f8bb7dd8e3e;Assets/Tracks/Random.SobremSilentroom.2/Chart_EZ.json,3,0.0,24,281,132.0,2095945,
assets/aa/Android/e58aa5ad9a0ad433947d4bcc11dfd4cb.bundle,e58aa5ad9a0ad433947d4bcc11dfd4cb.bundle,2022.3.62f2,-8403978377185761353,Chart_HD,HD,,1ac71443af8291949a1778251ee0fbf0;Assets/Tracks/GOODFORTUNE.EBIMAYO.0/Chart_HD.json,3,0.0,6,733,170.0,982588,
assets/aa/Android/e5fffbaa34cfa6593c17cd46da09c8dd.bundle,e5fffbaa34cfa6593c17cd46da09c8dd.bundle,2022.3.62f2,7496859003443159946,Chart_IN,IN,,Assets/Tracks/彩.MisoilePunch.0/Chart_IN.json;f5780bf9184ea054994011c89ca4ef5e,3,0.0,24,1439,170.0,11634982,
assets/aa/Android/e60dfd338235b0f4b0c5a096f8501e17.bundle,e60dfd338235b0f4b0c5a096f8501e17.bundle,2022.3.62f2,-7336049355197665733,Chart_EZ,EZ,,2cb323b9294818a4982db40e262f8306;Assets/Tracks/BelieveLightfeat果丸哒呦.ScalerMestie果丸哒呦.0/Chart_EZ.json,3,0.0,5,264,180.0,999589,
assets/aa/Android/e6121448d577333e94359c92b9198f56.bundle,e6121448d577333e94359c92b9198f56.bundle,2022.3.62f2,1213181904950737044,Chart_IN,IN,,3a3fde9827d7beb4b8f533d4d328aea7;Assets/Tracks/INFiNiTEENERZYOverdoze.RekuMochizuki.0/Chart_IN.json,3,0.0,22,888,180.0,1927181,
assets/aa/Android/e698aa2976d51f11a8bc9ba1e835aff7.bundle,e698aa2976d51f11a8bc9ba1e835aff7.bundle,2022.3.62f2,-6364064663566148190,Chart_EZ,EZ,,678e57212e59a5d4bb43861d787c30eb;Assets/Tracks/GungnirFracture.Kryexe.0/Chart_EZ.json,3,0.0,23,364,240.0,2279434,
assets/aa/Android/e6ee5303a9abb824ce74bab12cf78e10.bundle,e6ee5303a9abb824ce74bab12cf78e10.bundle,2022.3.62f2,-2884149272653992411,Chart_HD,HD,,Assets/Tracks/ジングルベルJingleBell.A39沙包P.0/Chart_HD.json;c0b05ffd22738d94685a6caab5a0a871,3,0.0,21,492,175.0,2477245,
assets/aa/Android/e711ff097c24ee348f8e9b5aab204a50.bundle,e711ff097c24ee348f8e9b5aab204a50.bundle,2022.3.62f2,8217824826864375903,Chart_IN,IN,,Assets/Tracks/Ramification.rareguyReina.0/Chart_IN.json;dd94e68add4937e4f9ab1b98a6943466,3,0.0,24,732,175.0,6314891,
assets/aa/Android/e719386d785e68200e4b16448dc368e1.bundle,e719386d785e68200e4b16448dc368e1.bundle,2022.3.62f2,5444962232321067768,Chart_IN,IN,,Assets/Tracks/DancewithSilence.かめりあ.0/Chart_IN.json;d874fb16667c4054ea6e919228d7275e,3,0.0,24,1125,128.0,7955940,
assets/aa/Android/e74fda38283e52d701d1f5be3dc5ff9d.bundle,e74fda38283e52d701d1f5be3dc5ff9d.bundle,2022.3.62f2,-6207199836992172198,Chart_EZ,EZ,,Assets/Tracks/Cristalisia.onoken.0/Chart_EZ.json;aa1f489019c2f1142afb8686d22b472a,3,0.0,24,241,134.0,3130776,
assets/aa/Android/e74fec824500fdd43b92f75d26e99ff2.bundle,e74fec824500fdd43b92f75d26e99ff2.bundle,2022.3.62f2,5391705313285668854,Chart_HD,HD,,7d4a8628ff21cf4489b9d15a342401ce;Assets/Tracks/GungnirFracture.Kryexe.0/Chart_HD.json,3,0.0,18,506,240.0,3470349,
assets/aa/Android/e792c2243f2de14e5aa37c0388aa2598.bundle,e792c2243f2de14e5aa37c0388aa2598.bundle,2022.3.62f2,4034563888453841389,Chart_EZ,EZ,,638bb61ef7409744ab1edf00fbc97dff;Assets/Tracks/ArtificialExistence.JunKuroda.0/Chart_EZ.json,3,0.0,24,200,191.0,2351777,
assets/aa/Android/e7ed004f80585569a30cc08a1cdfb643.bundle,e7ed004f80585569a30cc08a1cdfb643.bundle,2022.3.62f2,-3108879424093512162,Chart_IN,IN,,Assets/Tracks/DiamondEyes.SYNTHETIC.0/Chart_IN.json;c0d512cf15fb2b344a5a2f7e7ce3442e,3,0.0,21,774,140.0,3478150,
assets/aa/Android/e8a84eb408466017cd30af19d36e4d21.bundle,e8a84eb408466017cd30af19d36e4d21.bundle,2022.3.62f2,-7720456299038554770,Chart_IN,IN,,Assets/Tracks/ShineAfter.ADeanJocularACE.0/Chart_IN.json;e9c5ce22d77cde14c87094ebe6f9f46a,3,0.0,24,800,170.0,7172977,
assets/aa/Android/e8d177e159f3fd8a59ffc50e2036507e.bundle,e8d177e159f3fd8a59ffc50e2036507e.bundle,2022.3.62f2,-6668618653893132114,Chart_AT,AT,,Assets/Tracks/PANICPARADISE.DJSHIONY.0/Chart_AT.json;c545b8c8c41ea984697d1397aa2f9ab1,3,0.0,23,1111,170.0,3811432,
assets/aa/Android/e8ec4a6180fae4d5114726efe97f0a6d.bundle,e8ec4a6180fae4d5114726efe97f0a6d.bundle,2022.3.62f2,-6962492741261434278,Chart_HD,HD,,Assets/Tracks/QuantumHyperspace.D_AAN.0/Chart_HD.json;ede8eab549a2eac42a781fe39ecbdb8c,3,0.0,5,790,200.0,504032,
assets/aa/Android/e8f6b0eea4df1b155deb623d4addb872.bundle,e8f6b0eea4df1b155deb623d4addb872.bundle,2022.3.62f2,8765276971030758010,Chart_EZ,EZ,,Assets/Tracks/Realms.HinkikAHimitsu.0/Chart_EZ.json;fad13a4bcfac93244870bf19e5fffb87,3,0.0,13,216,174.0,609607,
assets/aa/Android/e94c83edc67b0cb00c43ae00a67f431e.bundle,e94c83edc67b0cb00c43ae00a67f431e.bundle,2022.3.62f2,-5415515330438706103,Chart_EZ,EZ,,Assets/Tracks/AfterZABANIYAMUGEdit.Daily天利.0/Chart_EZ.json;a9cdec0f9c704a447b4350dc289de302,3,0.0,8,364,222.0,3084441,
assets/aa/Android/e99fa429c2e18caa1fed226f0d25420d.bundle,e99fa429c2e18caa1fed226f0d25420d.bundle,2022.3.62f2,-3468769477283322164,Chart_IN,IN,,216e1879fefd8bc4cabd64254d6e05cc;Assets/Tracks/atruthseekerCommunicationwithUtopiawillbelost.kuro.0/Chart_IN.json,3,0.0,24,986,206.0,5840302,
assets/aa/Android/e9a63e0d6eb56202d7db99c475940471.bundle,e9a63e0d6eb56202d7db99c475940471.bundle,2022.3.62f2,4414829361429980894,Chart_EZ,EZ,,4d2d486d2b7e85845b3370f12fa1f34d;Assets/Tracks/HAZARD.Limpid.0/Chart_EZ.json,3,0.0,18,283,128.0,1447165,
assets/aa/Android/e9be43c5caa6371fb94f6cae04474692.bundle,e9be43c5caa6371fb94f6cae04474692.bundle,2022.3.62f2,2092738963673790975,Chart_IN,IN,,649ba55b40d9749058116869d7b4a520;Assets/Tracks/Poseidon.1112vsStar.0/Chart_IN.json,3,0.0,10,450,175.0,1408691,
assets/aa/Android/ea0357ad697bad204fe4222f37ef712b.bundle,ea0357ad697bad204fe4222f37ef712b.bundle,2022.3.62f2,4812113631493792506,Chart_HD,HD,,Assets/Tracks/DontNeverAround.HAMA.0/Chart_HD.json;c8545e57a52d2f0409b07f97726adf9e,3,0.0,16,639,175.0,1193445,
assets/aa/Android/ea20eb7235336e41bb108d36483a6b3d.bundle,ea20eb7235336e41bb108d36483a6b3d.bundle,2022.3.62f2,-694140748825174169,Chart_HD,HD,,Assets/Tracks/RainyHeart.BelieverInYou阿卡姆巫师.0/Chart_HD.json;b22476de65db2fb4e9606552e72fc90f,3,0.0,19,331,140.0,1127603,
assets/aa/Android/ea4923986dd6a8dc5624e36fa563a728.bundle,ea4923986dd6a8dc5624e36fa563a728.bundle,2022.3.62f2,65419538695957049,Chart_IN,IN,,0fe1eae4332fd354f9f310dee29059ba;Assets/Tracks/风屿.闫东炜.0/Chart_IN.json,3,0.0,1,1156,170.0,274683,
assets/aa/Android/ea5e298dd13865b6253f0d1fb55a9d16.bundle,ea5e298dd13865b6253f0d1fb55a9d16.bundle,2022.3.62f2,5165099884939581577,Chart_IN,IN,,Assets/Tracks/GOODFORTUNE.EBIMAYO.0/Chart_IN.json;b9892bcfbc867f444925917901b093ac,3,0.0,10,1011,170.0,2470493,
assets/aa/Android/ea80eb189abdad5a7f6516c05627d64f.bundle,ea80eb189abdad5a7f6516c05627d64f.bundle,2022.3.62f2,-7688248761530589812,Chart_EZ,EZ,,3bf0532c46dae8f45b9bec40a1c6230e;Assets/Tracks/云女孩.符白牙SiYFics.0/Chart_EZ.json,3,0.0,1,220,155.0,55203,
assets/aa/Android/eaabc82c0d0783342d1244032d7e2fbf.bundle,eaabc82c0d0783342d1244032d7e2fbf.bundle,2022.3.62f2,1127622741051054126,Chart_HD,HD,,Assets/Tracks/开心病.闫东炜.0/Chart_HD.json;f8d0dd1f84abb4ec7b64f3a2928d6b15,3,0.0,11,601,131.0,649727,
assets/aa/Android/eac881db894760706c3cb6e9946d10c0.bundle,eac881db894760706c3cb6e9946d10c0.bundle,2022.3.62f2,-6013996896823253500,Chart_IN,IN,,8c69f3109c1fa2241a8467f36da492d7;Assets/Tracks/TemporalShifting.LureRabbitVC.0/Chart_IN.json,3,0.0,24,959,155.0,2426000,
assets/aa/Android/eb078ae83d7bc81fbc371cbd9edf0169.bundle,eb078ae83d7bc81fbc371cbd9edf0169.bundle,2022.3.62f2,8355363266687341909,Chart_HD,HD,,982150a55a26e194eb44f7e4bef71c34;Assets/Tracks/Cleyera.Riya.0/Chart_HD.json,3,0.0,7,822,191.0,1795506,
assets/aa/Android/eb4e1f0fbf6a666eea0f4a02a089ae44.bundle,eb4e1f0fbf6a666eea0f4a02a089ae44.bundle,2022.3.62f2,-3426084036827451492,Chart_EZ,EZ,,664e794fd27f5f34280def72d7c40b98;Assets/Tracks/AfterDawn.S9ryne.0/Chart_EZ.json,3,0.0,19,194,110.0,953336,
assets/aa/Android/eb7b87c283ed24f17bc564359757e874.bundle,eb7b87c283ed24f17bc564359757e874.bundle,2022.3.62f2,-2858883729601739234,Chart_EZ,EZ,,334c6293e7b7949f78f6fcc0cbb79726;Assets/Tracks/華灯爱.闫东炜.0/Chart_EZ.json,3,0.0,15,312,120.0,589062,
assets/aa/Android/ebf67f878bad981ae3beaff05ffc5dbb.bundle,ebf67f878bad981ae3beaff05ffc5dbb.bundle,2022.3.62f2,7638383127390338860,Chart_EZ,EZ,,Assets/Tracks/Lyrith迷宮リリス.ユメミド.0/Chart_EZ.json;bceb4aa2fc995c44787ad3ec3ec3a771,3,0.0,2,248,177.0,314959,
assets/aa/Android/ebfd4207ec4bc8ed7897a860d593cc11.bundle,ebfd4207ec4bc8ed7897a860d593cc11.bundle,2022.3.62f2,-7305779295276652623,Chart_HD,HD,,883e68c5ac1f7bb4aac1751794c73050;Assets/Tracks/Luminescent.Daison.0/Chart_HD.json,3,0.0,11,608,141.0,1361756,
assets/aa/Android/ec0d847a6566195c2bddb63cc2367683.bundle,ec0d847a6566195c2bddb63cc2367683.bundle,2022.3.62f2,-9096570107208729475,Chart_EZ,EZ,,Assets/Tracks/Resolver.Gomadare.0/Chart_EZ.json;f9c37efd10eb6a041b5f8d1b663a9bcb,3,0.0,17,128,123.0,2610215,
assets/aa/Android/ec63cc5256e8b44cd58aed17ff97a5fa.bundle,ec63cc5256e8b44cd58aed17ff97a5fa.bundle,2022.3.62f2,7249024732440918137,Chart_EZ,EZ,,714e8d75ccf3cc44da6513d3a7ee19ee;Assets/Tracks/InvertedWorld.ARForest.0/Chart_EZ.json,3,0.0,6,246,180.0,1289043,
assets/aa/Android/ecb98ce4c7de492ac8b7c6730462803a.bundle,ecb98ce4c7de492ac8b7c6730462803a.bundle,2022.3.62f2,4834815927007382950,Chart_EZ,EZ,,Assets/Tracks/宇宙残骸少女CosmicDustyGirl.辻原一郎.0/Chart_EZ.json;f1f076bd26398924b933498ac3b72ef6,3,0.0,22,70,140.0,3299033,
assets/aa/Android/ecc4d1d88b978b5ddb293c67646c32f4.bundle,ecc4d1d88b978b5ddb293c67646c32f4.bundle,2022.3.62f2,7256109864737109793,Chart_HD,HD,,Assets/Tracks/TemporalShifting.LureRabbitVC.0/Chart_HD.json;bf9d35fc0838a1842aa368ee808cb903,3,0.0,8,465,155.0,2263976,
assets/aa/Android/ecfc7b2d06cbbed97350ab786c85c32d.bundle,ecfc7b2d06cbbed97350ab786c85c32d.bundle,2022.3.62f2,2268897606985241098,Chart_HD,HD,,75cb55a8a71b7234185e700c8210a1d9;Assets/Tracks/重生.姜米條.0/Chart_HD.json,3,0.0,4,650,195.0,258074,
assets/aa/Android/ee3b757fe87983a9ee4ce3f1de1cb09c.bundle,ee3b757fe87983a9ee4ce3f1de1cb09c.bundle,2022.3.62f2,6764017078946401164,Chart_IN,IN,,81a89153988db3b4e9f4d4184073ae1d;Assets/Tracks/インマイマインド.レシオP.0/Chart_IN.json,3,0.0,24,562,155.0,5637657,
assets/aa/Android/ee3f2319a5f982eb5bea896346fc7de9.bundle,ee3f2319a5f982eb5bea896346fc7de9.bundle,2022.3.62f2,202513091941818426,Chart_IN,IN,,4f85fd9fbd854bc418f7d4c467b1540f;Assets/Tracks/Random.SobremSilentroom.1/Chart_IN.json,3,0.0,24,734,132.0,1908975,
assets/aa/Android/ee533852bdbeb7e0a1bdb60f02d237af.bundle,ee533852bdbeb7e0a1bdb60f02d237af.bundle,2022.3.62f2,-3273801709848426933,Chart_IN,IN,,5631985470cb3f242b775174e7cc6b8a;Assets/Tracks/明鏡烈火.MUEvsRekuMochizuki.0/Chart_IN.json,3,0.0,24,886,200.0,5562761,
assets/aa/Android/ee558a8cb90f507518e1665931757940.bundle,ee558a8cb90f507518e1665931757940.bundle,2022.3.62f2,-1256529886794089961,Chart_AT,AT,,2aeefedbc8559394ca3cff37b5b5ea61;Assets/Tracks/PRAGMATISMRESURRECTION.Laur.0/Chart_AT.json,3,0.0,24,1156,174.0,9256343,
assets/aa/Android/ee868f54afc78da071d94d562934464b.bundle,ee868f54afc78da071d94d562934464b.bundle,2022.3.62f2,-7026676599614799354,Chart_IN,IN,,920862a7d0c9bb1489f81500881701d8;Assets/Tracks/ElCondorPasaPhigrosEdit.PlasticFruits.0/Chart_IN.json,3,0.0,24,1140,150.0,4351845,
assets/aa/Android/ee9dc0c8458f6128c377ef4fe3d9408b.bundle,ee9dc0c8458f6128c377ef4fe3d9408b.bundle,2022.3.62f2,1101564622938919618,Chart_IN,IN,,Assets/Tracks/BrokenSky.JungoMAX3feat刘佳宜Snow幻影刃shadow.0/Chart_IN.json;db9292ebf902d6d46b3261143f554408,3,0.0,11,459,130.0,3718988,
assets/aa/Android/eeae0ffb89745841ba9f2410504eaee5.bundle,eeae0ffb89745841ba9f2410504eaee5.bundle,2022.3.62f2,1486248354672008752,Chart_IN,IN,,Assets/Tracks/雪降り雪が降っている.AiSSw夜輪ft結月ゆかり.0/Chart_IN.json;b1d8cadf0403b424c8873d32c00c79b7,3,0.0,23,429,234.0,4248035,
assets/aa/Android/eedfd8a7138d4e005942e069e379cee8.bundle,eedfd8a7138d4e005942e069e379cee8.bundle,2022.3.62f2,-127115372677831217,Chart_EZ,EZ,,3944c082103e1174b8cf424eb8b0d136;Assets/Tracks/Apocalypse.アリスシャッハと魔法の楽団.0/Chart_EZ.json,3,0.0,21,207,220.0,3206249,
assets/aa/Android/ef6fd816d6221512385f40156aa016d0.bundle,ef6fd816d6221512385f40156aa016d0.bundle,2022.3.62f2,5805430992315651761,Chart_HD,HD,,082a4c1c7e300d4458fe26af8cf0e6ae;Assets/Tracks/opia.rN.0/Chart_HD.json,3,0.0,22,548,193.0,1305965,
assets/aa/Android/eff19da99ff7f4095e2d057646553c35.bundle,eff19da99ff7f4095e2d057646553c35.bundle,2022.3.62f2,-4115866638375720005,Chart_IN,IN,,5797bc7b5b58d4a44aadc3c4cb70700b;Assets/Tracks/贝多芬祝福BeethovenBlessing.Nauts.0/Chart_IN.json,3,0.0,24,913,170.0,6083823,
assets/aa/Android/f0602320cafbed83293d3b8148d9dad9.bundle,f0602320cafbed83293d3b8148d9dad9.bundle,2022.3.62f2,-8155503141415188704,Chart_HD,HD,,14867476a24fbd0469a0b1011eff437a;Assets/Tracks/DancewithSilence.かめりあ.0/Chart_HD.json,3,0.0,8,552,128.0,2512773,
assets/aa/Android/f089c6e9ca3d1158ea1c6bd97bd22e3a.bundle,f089c6e9ca3d1158ea1c6bd97bd22e3a.bundle,2022.3.62f2,7111800494580091532,Chart_EZ,EZ,,74c84e1a9c77a7f4ab01ee0f26842220;Assets/Tracks/FixationsTowardtheStars.Foodbot.0/Chart_EZ.json,3,0.0,8,193,150.0,2087327,
assets/aa/Android/f0bc954c35a3ec35a7940e58f9f99764.bundle,f0bc954c35a3ec35a7940e58f9f99764.bundle,2022.3.62f2,856310022497797938,Chart_HD,HD,,7c000c43b4cf341b8a70396c9bba68a0;Assets/Tracks/SnowDesert.WyvernP.0/Chart_HD.json,3,0.0,21,459,125.0,716700,
assets/aa/Android/f2846b9d32e83b9e8356f140a2a31550.bundle,f2846b9d32e83b9e8356f140a2a31550.bundle,2022.3.62f2,2837525121960312128,Chart_EZ,EZ,,2b27572f8550f26469a9abf2afe7101c;Assets/Tracks/夢の降る日に.seatrus.0/Chart_EZ.json,3,0.0,14,128,260.0,852901,
assets/aa/Android/f2a9200a65442db70409192ae44ff14a.bundle,f2a9200a65442db70409192ae44ff14a.bundle,2022.3.62f2,2533046519836134226,Chart_HD,HD,,Assets/Tracks/FrozenHeart.A39沙包P.0/Chart_HD.json;a0ead977e8e0fa74783b5c80ae966ee0,3,0.0,15,708,185.0,2984992,
assets/aa/Android/f2ecae783dee45e697c01b7b4f0093ce.bundle,f2ecae783dee45e697c01b7b4f0093ce.bundle,2022.3.62f2,-6239368693938263073,Chart_HD,HD,,Assets/Tracks/月下缭乱.月見静華vsLUNARiUM.0/Chart_HD.json;d6b09a034e873a9438a44f554ef419c4,3,0.0,24,533,175.0,2513023,
assets/aa/Android/f2efe47503a244122937f9e45b5da3cc.bundle,f2efe47503a244122937f9e45b5da3cc.bundle,2022.3.62f2,699397638416576135,Chart_HD,HD,,291cf098c84242142a03afc243c55831;Assets/Tracks/Apocalypse.アリスシャッハと魔法の楽団.0/Chart_HD.json,3,0.0,24,382,220.0,383073,
assets/aa/Android/f31f5a06ec09b9bcd1948ef204a86f1a.bundle,f31f5a06ec09b9bcd1948ef204a86f1a.bundle,2022.3.62f2,696020150704040238,Chart_IN,IN,,63055f871fac5b743864ce0a4598b91f;Assets/Tracks/もぺもぺ.LeaF.0/Chart_IN.json,1,0.0,1,412,200.0,64534,
assets/aa/Android/f38a812c1192ac1823f0d04266f103a7.bundle,f38a812c1192ac1823f0d04266f103a7.bundle,2022.3.62f2,-1536295903861903478,Chart_HD,HD,,Assets/Tracks/Pontdessouvenirs.VeetaCrushvsitsufeatitsu.0/Chart_HD.json;dd727badaec4b5c43b192026fb4876f0,3,0.0,20,567,190.0,1198604,
assets/aa/Android/f3c8c1ab8120e86b26e712d5a04446d8.bundle,f3c8c1ab8120e86b26e712d5a04446d8.bundle,2022.3.62f2,3277188275380789137,Chart_EZ,EZ,,6130ff5bd252e4345b62abcd7a1f9e8c;Assets/Tracks/NightTheater.わかどり.0/Chart_EZ.json,3,0.0,22,256,151.0,816692,
assets/aa/Android/f44103e62ec625a593db4e750bdca9d3.bundle,f44103e62ec625a593db4e750bdca9d3.bundle,2022.3.62f2,-3264095096750019076,Chart_IN,IN,,5a6306b11bf0f6a46bfd312274ca444a;Assets/Tracks/EndMe.ZxNXasDelaina.0/Chart_IN.json,3,0.0,15,724,100.0;110.0;120.0,1230378,
assets/aa/Android/f4f60547afd93512c505eaf5bd0e7775.bundle,f4f60547afd93512c505eaf5bd0e7775.bundle,2022.3.62f2,1498808747121432623,Chart_HD,HD,,0a21c4be784ebb648a9ac95ee0cb0ba5;Assets/Tracks/Locomotive.K.0/Chart_HD.json,3,0.0,16,403,128.0,1699325,
assets/aa/Android/f500aeceea3eb4387b52a1fdfd686745.bundle,f500aeceea3eb4387b52a1fdfd686745.bundle,2022.3.62f2,-4270392072419583881,Chart_EZ,EZ,,Assets/Tracks/いざ参ります.Uskefeat棗いつき.0/Chart_EZ.json;e5dfea0668414d14c9c0acd2608dd773,3,0.0,6,188,188.0,785066,
assets/aa/Android/f5533b4252b4bfc87437d5c62626639b.bundle,f5533b4252b4bfc87437d5c62626639b.bundle,2022.3.62f2,-6915754687038008271,Chart_EZ,EZ,,0a868fd18101a6b47843ae3ce7a35152;Assets/Tracks/Dash.小红Akane李祥辉.0/Chart_EZ.json,3,0.0,1,114,128.0,63072,
assets/aa/Android/f56a12ecf0177c5e1569c74b32c51cc4.bundle,f56a12ecf0177c5e1569c74b32c51cc4.bundle,2022.3.62f2,-1293708029580953103,Chart_HD,HD,,Assets/Tracks/Nhelv.Silentroom.0/Chart_HD.json;bd9310b45c36ca1429599235cf413b99,3,0.0,15,571,174.59,2243111,
assets/aa/Android/f5831198e3e0b369df4755081fd05ee3.bundle,f5831198e3e0b369df4755081fd05ee3.bundle,2022.3.62f2,-3309787119540060218,Chart_EZ,EZ,,663eef63acad89242848f14c2029ce39;Assets/Tracks/ジングルベルJingleBell.A39沙包P.0/Chart_EZ.json,3,0.0,24,639,175.0,5371395,
assets/aa/Android/f5a9e8492b0c9b5b7bf756d4af2420cb.bundle,f5a9e8492b0c9b5b7bf756d4af2420cb.bundle,2022.3.62f2,-5072323570695624538,Chart_IN,IN,,507e908a2a7607641ad7f91080dae02d;Assets/Tracks/opia.rN.0/Chart_IN.json,3,0.0,22,793,193.0,6249143,
assets/aa/Android/f5c5512b2cbac2c8750095141ff5e521.bundle,f5c5512b2cbac2c8750095141ff5e521.bundle,2022.3.62f2,7312642831290426344,Chart_EZ,EZ,,Assets/Tracks/Hydra.JamesLandinoXAkiraComplex.0/Chart_EZ.json;e35a97fdd740fa84d955e3c3882eb651,3,0.0,4,283,160.0,1044859,
assets/aa/Android/f5dc9347e3f9b95b7a2bc6869af80af9.bundle,f5dc9347e3f9b95b7a2bc6869af80af9.bundle,2022.3.62f2,-5367680520503850818,Chart_HD,HD,,65733c155bc6ca640be2ec0376662af8;Assets/Tracks/桜樹街道.kozatosnow.0/Chart_HD.json,3,0.0,7,421,135.0,612493,
assets/aa/Android/f60834fab9e8f279b42ef02acc1b2fb7.bundle,f60834fab9e8f279b42ef02acc1b2fb7.bundle,2022.3.62f2,-8938971476529114994,Chart_EZ,EZ,,7869b06c2058e42b3bec12e5e7419532;Assets/Tracks/尊師TheGuru.rider.0/Chart_EZ.json,3,0.0,5,386,152.0,522962,
assets/aa/Android/f609f16ca104844e0ab2b25bee279a5a.bundle,f609f16ca104844e0ab2b25bee279a5a.bundle,2022.3.62f2,999292511909840668,Chart_EZ,EZ,,4b6491e50cccec94ea94987b7488c66b;Assets/Tracks/LuminousEntitiesLostHeart.NormalMfeatUsagiDenki.0/Chart_EZ.json,3,0.0,11,275,200.0,1382156,
assets/aa/Android/f63ecdd4fdfda75d2ca1655e9afe16a4.bundle,f63ecdd4fdfda75d2ca1655e9afe16a4.bundle,2022.3.62f2,7017839836485579635,Chart_IN,IN,,5758f482b44cf4e58b4b8b40f5a25028;Assets/Tracks/Reimei.影虎.0/Chart_IN.json,3,0.245518,10,983,185.0,487724,
assets/aa/Android/f67a0bdf9e41f454697b413127143d8b.bundle,f67a0bdf9e41f454697b413127143d8b.bundle,2022.3.62f2,2941162004840489321,Chart_EZ,EZ,,511d65764552fb64a97bb8d9782c372d;Assets/Tracks/万吨匿名信.闫东炜.0/Chart_EZ.json,3,0.0,1,307,120.0,98146,
assets/aa/Android/f6c8320675500291465dff0e4d88438b.bundle,f6c8320675500291465dff0e4d88438b.bundle,2022.3.62f2,8380175221885514113,Chart_EZ,EZ,,Assets/Tracks/瓷岁.茶鸣拾贰律.0/Chart_EZ.json;b276046747998cb4b951304305604708,3,0.0,5,120,126.0,832864,
assets/aa/Android/f6e257e6be41ea9deb49fc7cf65a4cbb.bundle,f6e257e6be41ea9deb49fc7cf65a4cbb.bundle,2022.3.62f2,7535169933407397564,Chart_HD,HD,,39820847772f1e345ba298587d9786b7;Assets/Tracks/Dash.小红Akane李祥辉.0/Chart_HD.json,3,0.0,1,210,128.0,73458,
assets/aa/Android/f6eea7b8a6ea5a8f2f1e9c56b1b4610a.bundle,f6eea7b8a6ea5a8f2f1e9c56b1b4610a.bundle,2022.3.62f2,-2328772030098450727,Chart_HD,HD,,016b7ce472e8fb34f963920df6bc43b1;Assets/Tracks/SIGMA.Kryexe.0/Chart_HD.json,3,0.0,9,516,200.0,495433,
assets/aa/Android/f79c7f8e9566243fa7eb0fba98223c6a.bundle,f79c7f8e9566243fa7eb0fba98223c6a.bundle,2022.3.62f2,-5036406111081479420,Chart_IN,IN,,6e864ce9a95c9574e8bb9a8519353037;Assets/Tracks/DontNeverAround.HAMA.0/Chart_IN.json,3,0.0,23,1028,175.0,2586172,
assets/aa/Android/f7a2a74067b8845366e04a09ee2eac3a.bundle,f7a2a74067b8845366e04a09ee2eac3a.bundle,2022.3.62f2,5284330673904824440,Chart_IN,IN,,9e3294687a30d27418212f0fefad05e3;Assets/Tracks/望影の方舟Six.SeURa.0/Chart_IN.json,3,0.0,9,1066,209.0,1093930,
assets/aa/Android/f7d8e157bf96d2dc83812e417a079407.bundle,f7d8e157bf96d2dc83812e417a079407.bundle,2022.3.62f2,-3587819029051130835,Chart_IN,IN,,6362f7359d87fc1479b0e89dcbfc624f;Assets/Tracks/Khalid.Dolphin.0/Chart_IN.json,3,0.0,24,631,128.0,4127085,
assets/aa/Android/f7ef85edc06e789ceb39c5ce030eabe1.bundle,f7ef85edc06e789ceb39c5ce030eabe1.bundle,2022.3.62f2,-1642177195560553822,Chart_IN,IN,,2ebec741b642ef44fb9a35745f81731e;Assets/Tracks/ComputeItWithSomeDevilishAlcoholicSteampunkEngines.かめりあ.0/Chart_IN.json,3,0.0,24,1213,165.0,4658748,
assets/aa/Android/f7f617b4d006ec5f301c9e8fb855830a.bundle,f7f617b4d006ec5f301c9e8fb855830a.bundle,2022.3.62f2,582281605672535855,Chart_HD,HD,,65278fa5a41673f408d983b5a4d8f7c1;Assets/Tracks/Random.SobremSilentroom.4/Chart_HD.json,3,0.0,17,624,132.0,1472187,
assets/aa/Android/f8312f3a19e1f1fc77e988954ae60b09.bundle,f8312f3a19e1f1fc77e988954ae60b09.bundle,2022.3.62f2,8104585165166975702,Chart_HD,HD,,7984b44bd0f519c4ea73208e15fcbb36;Assets/Tracks/Rebirth.ああああ.0/Chart_HD.json,3,0.0,24,733,196.0,4254579,
assets/aa/Android/f85d78ec0a28ea8cbee61cc33b0b9d9b.bundle,f85d78ec0a28ea8cbee61cc33b0b9d9b.bundle,2022.3.62f2,-3362197238360728466,Chart_EZ,EZ,,848b0352a9a5c274b834d75f9a19b2f5;Assets/Tracks/TheChariotREVIIVAL.Attoclef.0/Chart_EZ.json,3,0.0,12,520,190.0,1532061,
assets/aa/Android/f8c0ec27104010ae1ccaeb017cab61f8.bundle,f8c0ec27104010ae1ccaeb017cab61f8.bundle,2022.3.62f2,-2919006714875861973,Chart_EZ,EZ,,6528f1b492c1a064a9bfa7c1c71d66db;Assets/Tracks/energytrixxx.KAH.0/Chart_EZ.json,3,0.0,17,252,160.0,1273928,
assets/aa/Android/f995dc37224377ebf351d5f883c31d01.bundle,f995dc37224377ebf351d5f883c31d01.bundle,2022.3.62f2,1148297217131449826,Chart_EZ,EZ,,Assets/Tracks/lifeflashesbeforeweebeyes.BilliumMoto.0/Chart_EZ.json;ea477faf84a0d4fc684bc3348b4e376e,1,0.528409,2,567,227.0,156771,
assets/aa/Android/fa18df1a5dbb00de0a44c3c64eb87a56.bundle,fa18df1a5dbb00de0a44c3c64eb87a56.bundle,2022.3.62f2,-5883749866261958922,Chart_EZ,EZ,,Assets/Tracks/HardcoreKwaya.EnFr.0/Chart_EZ.json;c9aa19ac51a04164191af0d005fed2d2,3,0.0,3,340,200.0,317614,
assets/aa/Android/fa1a87b28c5296eb6056473e4a43dc5d.bundle,fa1a87b28c5296eb6056473e4a43dc5d.bundle,2022.3.62f2,-5550343421524662384,Chart_AT,AT,,Assets/Tracks/ReEndofaDream.umavsモリモリあつし.0/Chart_AT.json;ada68127af27d814abd4a96afaed3905,3,0.0,24,1377,212.0,7978010,
assets/aa/Android/fa331ba18e75955a57291c6760a33514.bundle,fa331ba18e75955a57291c6760a33514.bundle,2022.3.62f2,1560399733729192804,Chart_EZ,EZ,,141b9ad39d5585843aa84b4e1371c117;Assets/Tracks/游园地.椒盐菠萝.0/Chart_EZ.json,3,0.0,3,220,128.0,406408,
assets/aa/Android/faefd98dba3cd53736a2fe23f0377169.bundle,faefd98dba3cd53736a2fe23f0377169.bundle,2022.3.62f2,4223122595118719397,Chart_IN,IN,,225d7007736fc804cb11b567bec7f6f8;Assets/Tracks/Arkhei.SeraAmagi.0/Chart_IN.json,3,0.0,19,644,112.0,2891331,
assets/aa/Android/fb40d056ffb792773488364dd35d8685.bundle,fb40d056ffb792773488364dd35d8685.bundle,2022.3.62f2,-5418853318269925628,Chart_HD,HD,,33b228df8b8d78e4ea6bf48c1785e702;Assets/Tracks/星拂云锦featkoi.S9ryne.0/Chart_HD.json,3,0.0,24,600,182.0,4285665,
assets/aa/Android/fbb30bd9efc358d8f24bf5ee941fadd2.bundle,fbb30bd9efc358d8f24bf5ee941fadd2.bundle,2022.3.62f2,-6985311978805126619,Chart_IN,IN,,07c7ab49364c39a49a6de1efa69e369c;Assets/Tracks/Chronologika.Hundotte.0/Chart_IN.json,3,0.0,21,776,180.0,1355822,
assets/aa/Android/fc205671b405c60b127ae7fd01c2e162.bundle,fc205671b405c60b127ae7fd01c2e162.bundle,2022.3.62f2,-599035134504988247,Chart_IN,IN,,6baf9748ece6e294aad8e7087c6f8978;Assets/Tracks/SecretIllumination.Yooh.0/Chart_IN.json,3,0.0,24,901,160.0,6149759,
assets/aa/Android/fc93aa1274690e6b56e9bd17d62e58ae.bundle,fc93aa1274690e6b56e9bd17d62e58ae.bundle,2022.3.62f2,4356187217520634964,Chart_IN,IN,,Assets/Tracks/Igallta.SeURa.0/Chart_IN.json;b5dbd8ef46bc9964180df231a434a1e3,3,0.0,9,1018,230.0,1357554,
assets/aa/Android/fc9e659b2cd1c11d35559edd3c17ab62.bundle,fc9e659b2cd1c11d35559edd3c17ab62.bundle,2022.3.62f2,3623837168119646107,Chart_HD,HD,,99c18077c6507ff4a8399e97c14cfd96;Assets/Tracks/Electron.ElousFZ.0/Chart_HD.json,3,0.0,5,423,134.0,605144,
assets/aa/Android/fd5f60975f5251ce3182dab68606c37a.bundle,fd5f60975f5251ce3182dab68606c37a.bundle,2022.3.62f2,-4455393190781384679,Chart_AT,AT,,4c7c4e5951f00ec4e85d3f2445ea03f1;Assets/Tracks/IndelibleScar.Noah.0/Chart_AT.json,3,0.0,24,1207,223.0,7308163,
assets/aa/Android/fd8500208af55be6a030f43e2915fda5.bundle,fd8500208af55be6a030f43e2915fda5.bundle,2022.3.62f2,-2125528981090261074,Chart_EZ,EZ,,8d4ce6ecf0a67584e9aa98a2cc450b44;Assets/Tracks/DataErr0r.Cosmograph.0/Chart_EZ.json,3,0.0,19,50,180.0,1050985,
assets/aa/Android/fdb2f90cea360a49274a11bb78ca6122.bundle,fdb2f90cea360a49274a11bb78ca6122.bundle,2022.3.62f2,1789972020715283973,Chart_HD,HD,,55ac6bd70c5924577bd9e0a2a84846ff;Assets/Tracks/ClassMemories.AntistarfeatCtymax.0/Chart_HD.json,3,0.0,5,771,145.0,764504,
assets/aa/Android/fdf3a8b720076ccfcb84db9239166f6f.bundle,fdf3a8b720076ccfcb84db9239166f6f.bundle,2022.3.62f2,5265556287458541017,Chart_IN,IN,,72b14c1de856ec04080c2bc9bfba0df7;Assets/Tracks/Dreamland.z1onkyrrin.0/Chart_IN.json,3,0.0,24,627,120.0,4723752,
assets/aa/Android/fe6ba63089b666d36b0ffdbc23984939.bundle,fe6ba63089b666d36b0ffdbc23984939.bundle,2022.3.62f2,-7837494359579932760,Chart_EZ,EZ,,9a76e22552f5fd346894016761377458;Assets/Tracks/Elúltimobaile.Θ.0/Chart_EZ.json,3,0.0,7,261,175.0,251150,
assets/aa/Android/fec8a4e4f509fddda13933964f85a010.bundle,fec8a4e4f509fddda13933964f85a010.bundle,2022.3.62f2,4982728688857081387,Chart_IN,IN,,34475a02865317142b64a1bb512e5330;Assets/Tracks/TriumphRegret.typeMARS.0/Chart_IN.json,3,0.0,20,1014,175.0,3389899,
assets/aa/Android/fed30d4ca9ba950e25fc8b8ff296c377.bundle,fed30d4ca9ba950e25fc8b8ff296c377.bundle,2022.3.62f2,3031434037579990426,Chart_HD,HD,,003ecaa9e695bce4c93ca7852f453a3a;Assets/Tracks/望影の方舟Six.SeURa.0/Chart_HD.json,3,0.0,8,526,209.0,1041646,
assets/aa/Android/ff2ad2e504f6ef24f95c9b0ef2d77d20.bundle,ff2ad2e504f6ef24f95c9b0ef2d77d20.bundle,2022.3.62f2,1387733040012410703,Chart_EZ,EZ,,2404ef0af3dfd6c4f8739449f3838cd4;Assets/Tracks/Bloom.targ麻团qwq.0/Chart_EZ.json,3,0.0,9,183,150.0,1046597,
assets/aa/Android/ffafdc3524f845975e4af0288f0dfa65.bundle,ffafdc3524f845975e4af0288f0dfa65.bundle,2022.3.62f2,4751524509976965366,Chart_AT,AT,,4fcea7fc3d53f54488c91713b68d5e6d;Assets/Tracks/Hydra.JamesLandinoXAkiraComplex.0/Chart_AT.json,3,0.0,23,1547,160.0,7675001,
assets/aa/Android/fffbdb71e621f901ed23fe24c3a83a96.bundle,fffbdb71e621f901ed23fe24c3a83a96.bundle,2022.3.62f2,-2231871271716267580,Chart_EZ,EZ,,9fe084937b751a44ea72f43791c0a2d7;Assets/Tracks/Thrashforce.KAHvsE0ri4.0/Chart_EZ.json,3,0.0,9,219,190.0,1601610,
