candidateType,candidate,trackFolder,title,artist,indexRaw,uniqueWithinCurrentApk,crossVersionValidated,renameResistance,extractability,phase6Suitability,confidence,evidence
full-track-folder,Assets/Tracks/000AinSophAur.Yumeji.0/,000AinSophAur.Yumeji.0,000AinSophAur,Yumeji,0,True,False,low-to-medium: title/artist tokens are embedded in key,high,best available candidate pending APK pair,medium,Addressables key prefix Assets/Tracks/000AinSophAur.Yumeji.0/; 2 catalog rows for Illustration key
full-track-folder,Assets/Tracks/70MinutesFighters.かたぎり.0/,70MinutesFighters.かたぎり.0,70MinutesFighters,かたぎり,0,True,False,low-to-medium: title/artist tokens are embedded in key,high,best available candidate pending APK pair,medium,Addressables key prefix Assets/Tracks/70MinutesFighters.かたぎり.0/; 2 catalog rows for Illustration key
full-track-folder,Assets/Tracks/996.李化禹.0/,996.李化禹.0,996,李化禹,0,True,False,low-to-medium: title/artist tokens are embedded in key,high,best available candidate pending APK pair,medium,Addressables key prefix Assets/Tracks/996.李化禹.0/; 2 catalog rows for Illustration key
full-track-folder,Assets/Tracks/ABYSSMOTION192333.ariiolTSAR奏Sou.0/,ABYSSMOTION192333.ariiolTSAR奏Sou.0,ABYSSMOTION192333,ariiolTSAR奏Sou,0,True,False,low-to-medium: title/artist tokens are embedded in key,high,best available candidate pending APK pair,medium,Addressables key prefix Assets/Tracks/ABYSSMOTION192333.ariiolTSAR奏Sou.0/; 2 catalog rows for Illustration key
full-track-folder,Assets/Tracks/ATHAZA.LeaF.0/,ATHAZA.LeaF.0,ATHAZA,LeaF,0,True,False,low-to-medium: title/artist tokens are embedded in key,high,best available candidate pending APK pair,medium,Addressables key prefix Assets/Tracks/ATHAZA.LeaF.0/; 2 catalog rows for Illustration key
full-track-folder,Assets/Tracks/AbsoluTedisoRdeR.AcuteDisarray.0/,AbsoluTedisoRdeR.AcuteDisarray.0,AbsoluTedisoRdeR,AcuteDisarray,0,True,False,low-to-medium: title/artist tokens are embedded in key,high,best available candidate pending APK pair,medium,Addressables key prefix Assets/Tracks/AbsoluTedisoRdeR.AcuteDisarray.0/; 2 catalog rows for Illustration key
full-track-folder,Assets/Tracks/Adastraperaspera.RabbitHouse.0/,Adastraperaspera.RabbitHouse.0,Adastraperaspera,RabbitHouse,0,True,False,low-to-medium: title/artist tokens are embedded in key,high,best available candidate pending APK pair,medium,Addressables key prefix Assets/Tracks/Adastraperaspera.RabbitHouse.0/; 2 catalog rows for Illustration key
full-track-folder,Assets/Tracks/AfterDawn.S9ryne.0/,AfterDawn.S9ryne.0,AfterDawn,S9ryne,0,True,False,low-to-medium: title/artist tokens are embedded in key,high,best available candidate pending APK pair,medium,Addressables key prefix Assets/Tracks/AfterDawn.S9ryne.0/; 2 catalog rows for Illustration key
full-track-folder,Assets/Tracks/AfterZABANIYAMUGEdit.Daily天利.0/,AfterZABANIYAMUGEdit.Daily天利.0,AfterZABANIYAMUGEdit,Daily天利,0,True,False,low-to-medium: title/artist tokens are embedded in key,high,best available candidate pending APK pair,medium,Addressables key prefix Assets/Tracks/AfterZABANIYAMUGEdit.Daily天利.0/; 2 catalog rows for Illustration key
full-track-folder,Assets/Tracks/Ajourneytothemoonlight.Yesod.0/,Ajourneytothemoonlight.Yesod.0,Ajourneytothemoonlight,Yesod,0,True,False,low-to-medium: title/artist tokens are embedded in key,high,best available candidate pending APK pair,medium,Addressables key prefix Assets/Tracks/Ajourneytothemoonlight.Yesod.0/; 2 catalog rows for Illustration key
full-track-folder,Assets/Tracks/Alb.Avans.0/,Alb.Avans.0,Alb,Avans,0,True,False,low-to-medium: title/artist tokens are embedded in key,high,best available candidate pending APK pair,medium,Addressables key prefix Assets/Tracks/Alb.Avans.0/; 2 catalog rows for Illustration key
full-track-folder,Assets/Tracks/Aleph0.LeaF.0/,Aleph0.LeaF.0,Aleph0,LeaF,0,True,False,low-to-medium: title/artist tokens are embedded in key,high,best available candidate pending APK pair,medium,Addressables key prefix Assets/Tracks/Aleph0.LeaF.0/; 2 catalog rows for Illustration key
full-track-folder,Assets/Tracks/Aliceinaxxxxxxxx.Nagiha.0/,Aliceinaxxxxxxxx.Nagiha.0,Aliceinaxxxxxxxx,Nagiha,0,True,False,low-to-medium: title/artist tokens are embedded in key,high,best available candidate pending APK pair,medium,Addressables key prefix Assets/Tracks/Aliceinaxxxxxxxx.Nagiha.0/; 2 catalog rows for Illustration key
full-track-folder,Assets/Tracks/AnotherMe.DAAN.0/,AnotherMe.DAAN.0,AnotherMe,DAAN,0,True,False,low-to-medium: title/artist tokens are embedded in key,high,best available candidate pending APK pair,medium,Addressables key prefix Assets/Tracks/AnotherMe.DAAN.0/; 2 catalog rows for Illustration key
full-track-folder,Assets/Tracks/AnotherMe.NeutralMoon.0/,AnotherMe.NeutralMoon.0,AnotherMe,NeutralMoon,0,True,False,low-to-medium: title/artist tokens are embedded in key,high,best available candidate pending APK pair,medium,Addressables key prefix Assets/Tracks/AnotherMe.NeutralMoon.0/; 2 catalog rows for Illustration key
full-track-folder,Assets/Tracks/AnotherRound.JustinDai.0/,AnotherRound.JustinDai.0,AnotherRound,JustinDai,0,True,False,low-to-medium: title/artist tokens are embedded in key,high,best available candidate pending APK pair,medium,Addressables key prefix Assets/Tracks/AnotherRound.JustinDai.0/; 2 catalog rows for Illustration key
full-track-folder,Assets/Tracks/Antithese.Blacklolita.0/,Antithese.Blacklolita.0,Antithese,Blacklolita,0,True,False,low-to-medium: title/artist tokens are embedded in key,high,best available candidate pending APK pair,medium,Addressables key prefix Assets/Tracks/Antithese.Blacklolita.0/; 2 catalog rows for Illustration key
full-track-folder,Assets/Tracks/Aphasia.闫东炜.0/,Aphasia.闫东炜.0,Aphasia,闫东炜,0,True,False,low-to-medium: title/artist tokens are embedded in key,high,best available candidate pending APK pair,medium,Addressables key prefix Assets/Tracks/Aphasia.闫东炜.0/; 2 catalog rows for Illustration key
full-track-folder,Assets/Tracks/AphroditesChildshortver.RUQOA.0/,AphroditesChildshortver.RUQOA.0,AphroditesChildshortver,RUQOA,0,True,False,low-to-medium: title/artist tokens are embedded in key,high,best available candidate pending APK pair,medium,Addressables key prefix Assets/Tracks/AphroditesChildshortver.RUQOA.0/; 2 catalog rows for Illustration key
full-track-folder,Assets/Tracks/Apocalypse.アリスシャッハと魔法の楽団.0/,Apocalypse.アリスシャッハと魔法の楽団.0,Apocalypse,アリスシャッハと魔法の楽団,0,True,False,low-to-medium: title/artist tokens are embedded in key,high,best available candidate pending APK pair,medium,Addressables key prefix Assets/Tracks/Apocalypse.アリスシャッハと魔法の楽団.0/; 2 catalog rows for Illustration key
full-track-folder,Assets/Tracks/Apocalyptic.ZClaxxSumaiLight.0/,Apocalyptic.ZClaxxSumaiLight.0,Apocalyptic,ZClaxxSumaiLight,0,True,False,low-to-medium: title/artist tokens are embedded in key,high,best available candidate pending APK pair,medium,Addressables key prefix Assets/Tracks/Apocalyptic.ZClaxxSumaiLight.0/; 2 catalog rows for Illustration key
full-track-folder,Assets/Tracks/Archidoxen.Se_IRA.0/,Archidoxen.Se_IRA.0,Archidoxen,Se_IRA,0,True,False,low-to-medium: title/artist tokens are embedded in key,high,best available candidate pending APK pair,medium,Addressables key prefix Assets/Tracks/Archidoxen.Se_IRA.0/; 2 catalog rows for Illustration key
full-track-folder,Assets/Tracks/Ark.kanoryo.0/,Ark.kanoryo.0,Ark,kanoryo,0,True,False,low-to-medium: title/artist tokens are embedded in key,high,best available candidate pending APK pair,medium,Addressables key prefix Assets/Tracks/Ark.kanoryo.0/; 2 catalog rows for Illustration key
full-track-folder,Assets/Tracks/Arkhei.SeraAmagi.0/,Arkhei.SeraAmagi.0,Arkhei,SeraAmagi,0,True,False,low-to-medium: title/artist tokens are embedded in key,high,best available candidate pending APK pair,medium,Addressables key prefix Assets/Tracks/Arkhei.SeraAmagi.0/; 2 catalog rows for Illustration key
full-track-folder,Assets/Tracks/ArtificialExistence.JunKuroda.0/,ArtificialExistence.JunKuroda.0,ArtificialExistence,JunKuroda,0,True,False,low-to-medium: title/artist tokens are embedded in key,high,best available candidate pending APK pair,medium,Addressables key prefix Assets/Tracks/ArtificialExistence.JunKuroda.0/; 2 catalog rows for Illustration key
full-track-folder,Assets/Tracks/AvataarReincarnationofKalpa.ScarletteakaCrYmson.0/,AvataarReincarnationofKalpa.ScarletteakaCrYmson.0,AvataarReincarnationofKalpa,ScarletteakaCrYmson,0,True,False,low-to-medium: title/artist tokens are embedded in key,high,best available candidate pending APK pair,medium,Addressables key prefix Assets/Tracks/AvataarReincarnationofKalpa.ScarletteakaCrYmson.0/; 2 catalog rows for Illustration key
full-track-folder,Assets/Tracks/Aventyr.GrandThawRigelTheatre.0/,Aventyr.GrandThawRigelTheatre.0,Aventyr,GrandThawRigelTheatre,0,True,False,low-to-medium: title/artist tokens are embedded in key,high,best available candidate pending APK pair,medium,Addressables key prefix Assets/Tracks/Aventyr.GrandThawRigelTheatre.0/; 2 catalog rows for Illustration key
full-track-folder,Assets/Tracks/BANGINGSTRIKE.DewPleiades.0/,BANGINGSTRIKE.DewPleiades.0,BANGINGSTRIKE,DewPleiades,0,True,False,low-to-medium: title/artist tokens are embedded in key,high,best available candidate pending APK pair,medium,Addressables key prefix Assets/Tracks/BANGINGSTRIKE.DewPleiades.0/; 2 catalog rows for Illustration key
full-track-folder,Assets/Tracks/BRAINHACKER.SOMON.0/,BRAINHACKER.SOMON.0,BRAINHACKER,SOMON,0,True,False,low-to-medium: title/artist tokens are embedded in key,high,best available candidate pending APK pair,medium,Addressables key prefix Assets/Tracks/BRAINHACKER.SOMON.0/; 2 catalog rows for Illustration key
full-track-folder,Assets/Tracks/BelieveLightfeat果丸哒呦.ScalerMestie果丸哒呦.0/,BelieveLightfeat果丸哒呦.ScalerMestie果丸哒呦.0,BelieveLightfeat果丸哒呦,ScalerMestie果丸哒呦,0,True,False,low-to-medium: title/artist tokens are embedded in key,high,best available candidate pending APK pair,medium,Addressables key prefix Assets/Tracks/BelieveLightfeat果丸哒呦.ScalerMestie果丸哒呦.0/; 2 catalog rows for Illustration key
full-track-folder,Assets/Tracks/BetterGraphicAnimation.ルゼ.0/,BetterGraphicAnimation.ルゼ.0,BetterGraphicAnimation,ルゼ,0,True,False,low-to-medium: title/artist tokens are embedded in key,high,best available candidate pending APK pair,medium,Addressables key prefix Assets/Tracks/BetterGraphicAnimation.ルゼ.0/; 2 catalog rows for Illustration key
full-track-folder,Assets/Tracks/Bitterblossom.imvi.0/,Bitterblossom.imvi.0,Bitterblossom,imvi,0,True,False,low-to-medium: title/artist tokens are embedded in key,high,best available candidate pending APK pair,medium,Addressables key prefix Assets/Tracks/Bitterblossom.imvi.0/; 2 catalog rows for Illustration key
full-track-folder,Assets/Tracks/Bloom.targ麻团qwq.0/,Bloom.targ麻团qwq.0,Bloom,targ麻团qwq,0,True,False,low-to-medium: title/artist tokens are embedded in key,high,best available candidate pending APK pair,medium,Addressables key prefix Assets/Tracks/Bloom.targ麻团qwq.0/; 2 catalog rows for Illustration key
full-track-folder,Assets/Tracks/BonusTime.MegaloPaleWhite.0/,BonusTime.MegaloPaleWhite.0,BonusTime,MegaloPaleWhite,0,True,False,low-to-medium: title/artist tokens are embedded in key,high,best available candidate pending APK pair,medium,Addressables key prefix Assets/Tracks/BonusTime.MegaloPaleWhite.0/; 2 catalog rows for Illustration key
full-track-folder,Assets/Tracks/Bougainvillea.Jade.0/,Bougainvillea.Jade.0,Bougainvillea,Jade,0,True,False,low-to-medium: title/artist tokens are embedded in key,high,best available candidate pending APK pair,medium,Addressables key prefix Assets/Tracks/Bougainvillea.Jade.0/; 2 catalog rows for Illustration key
full-track-folder,Assets/Tracks/BoundedQuietude.FiniteLimitvsSiLiS.0/,BoundedQuietude.FiniteLimitvsSiLiS.0,BoundedQuietude,FiniteLimitvsSiLiS,0,True,False,low-to-medium: title/artist tokens are embedded in key,high,best available candidate pending APK pair,medium,Addressables key prefix Assets/Tracks/BoundedQuietude.FiniteLimitvsSiLiS.0/; 2 catalog rows for Illustration key
full-track-folder,Assets/Tracks/BraveNotes.TurquoiseDRIVENota.0/,BraveNotes.TurquoiseDRIVENota.0,BraveNotes,TurquoiseDRIVENota,0,True,False,low-to-medium: title/artist tokens are embedded in key,high,best available candidate pending APK pair,medium,Addressables key prefix Assets/Tracks/BraveNotes.TurquoiseDRIVENota.0/; 2 catalog rows for Illustration key
full-track-folder,Assets/Tracks/BreakOver.Kforest.0/,BreakOver.Kforest.0,BreakOver,Kforest,0,True,False,low-to-medium: title/artist tokens are embedded in key,high,best available candidate pending APK pair,medium,Addressables key prefix Assets/Tracks/BreakOver.Kforest.0/; 2 catalog rows for Illustration key
full-track-folder,Assets/Tracks/BreakThroughTheBarrier.lixound.0/,BreakThroughTheBarrier.lixound.0,BreakThroughTheBarrier,lixound,0,True,False,low-to-medium: title/artist tokens are embedded in key,high,best available candidate pending APK pair,medium,Addressables key prefix Assets/Tracks/BreakThroughTheBarrier.lixound.0/; 2 catalog rows for Illustration key
full-track-folder,Assets/Tracks/BrokenSky.JungoMAX3feat刘佳宜Snow幻影刃shadow.0/,BrokenSky.JungoMAX3feat刘佳宜Snow幻影刃shadow.0,BrokenSky,JungoMAX3feat刘佳宜Snow幻影刃shadow,0,True,False,low-to-medium: title/artist tokens are embedded in key,high,best available candidate pending APK pair,medium,Addressables key prefix Assets/Tracks/BrokenSky.JungoMAX3feat刘佳宜Snow幻影刃shadow.0/; 2 catalog rows for Illustration key
full-track-folder,Assets/Tracks/Burn.NceS.0/,Burn.NceS.0,Burn,NceS,0,True,False,low-to-medium: title/artist tokens are embedded in key,high,best available candidate pending APK pair,medium,Addressables key prefix Assets/Tracks/Burn.NceS.0/; 2 catalog rows for Illustration key
full-track-folder,Assets/Tracks/CROSSSOUL.HyuNfeatSyepias.0/,CROSSSOUL.HyuNfeatSyepias.0,CROSSSOUL,HyuNfeatSyepias,0,True,False,low-to-medium: title/artist tokens are embedded in key,high,best available candidate pending APK pair,medium,Addressables key prefix Assets/Tracks/CROSSSOUL.HyuNfeatSyepias.0/; 2 catalog rows for Illustration key
full-track-folder,Assets/Tracks/Cereris.SunsetRayNceS.0/,Cereris.SunsetRayNceS.0,Cereris,SunsetRayNceS,0,True,False,low-to-medium: title/artist tokens are embedded in key,high,best available candidate pending APK pair,medium,Addressables key prefix Assets/Tracks/Cereris.SunsetRayNceS.0/; 2 catalog rows for Illustration key
full-track-folder,Assets/Tracks/CervelleConnexion.SCTL.0/,CervelleConnexion.SCTL.0,CervelleConnexion,SCTL,0,True,False,low-to-medium: title/artist tokens are embedded in key,high,best available candidate pending APK pair,medium,Addressables key prefix Assets/Tracks/CervelleConnexion.SCTL.0/; 2 catalog rows for Illustration key
full-track-folder,Assets/Tracks/Chronologika.Hundotte.0/,Chronologika.Hundotte.0,Chronologika,Hundotte,0,True,False,low-to-medium: title/artist tokens are embedded in key,high,best available candidate pending APK pair,medium,Addressables key prefix Assets/Tracks/Chronologika.Hundotte.0/; 2 catalog rows for Illustration key
full-track-folder,Assets/Tracks/Chronomia.Lime.0/,Chronomia.Lime.0,Chronomia,Lime,0,True,False,low-to-medium: title/artist tokens are embedded in key,high,best available candidate pending APK pair,medium,Addressables key prefix Assets/Tracks/Chronomia.Lime.0/; 2 catalog rows for Illustration key
full-track-folder,Assets/Tracks/ChronosCollapseLaCampanella.SunsetRay.0/,ChronosCollapseLaCampanella.SunsetRay.0,ChronosCollapseLaCampanella,SunsetRay,0,True,False,low-to-medium: title/artist tokens are embedded in key,high,best available candidate pending APK pair,medium,Addressables key prefix Assets/Tracks/ChronosCollapseLaCampanella.SunsetRay.0/; 2 catalog rows for Illustration key
full-track-folder,Assets/Tracks/Chronostasis.黒皇帝.0/,Chronostasis.黒皇帝.0,Chronostasis,黒皇帝,0,True,False,low-to-medium: title/artist tokens are embedded in key,high,best available candidate pending APK pair,medium,Addressables key prefix Assets/Tracks/Chronostasis.黒皇帝.0/; 2 catalog rows for Illustration key
full-track-folder,Assets/Tracks/Cipher20.TetrajectoryfeatCtymax.0/,Cipher20.TetrajectoryfeatCtymax.0,Cipher20,TetrajectoryfeatCtymax,0,True,False,low-to-medium: title/artist tokens are embedded in key,high,best available candidate pending APK pair,medium,Addressables key prefix Assets/Tracks/Cipher20.TetrajectoryfeatCtymax.0/; 2 catalog rows for Illustration key
full-track-folder,Assets/Tracks/ClassMemories.AntistarfeatCtymax.0/,ClassMemories.AntistarfeatCtymax.0,ClassMemories,AntistarfeatCtymax,0,True,False,low-to-medium: title/artist tokens are embedded in key,high,best available candidate pending APK pair,medium,Addressables key prefix Assets/Tracks/ClassMemories.AntistarfeatCtymax.0/; 2 catalog rows for Illustration key
full-track-folder,Assets/Tracks/Cleyera.Riya.0/,Cleyera.Riya.0,Cleyera,Riya,0,True,False,low-to-medium: title/artist tokens are embedded in key,high,best available candidate pending APK pair,medium,Addressables key prefix Assets/Tracks/Cleyera.Riya.0/; 2 catalog rows for Illustration key
full-track-folder,Assets/Tracks/ClockParadox.WyvernP.0/,ClockParadox.WyvernP.0,ClockParadox,WyvernP,0,True,False,low-to-medium: title/artist tokens are embedded in key,high,best available candidate pending APK pair,medium,Addressables key prefix Assets/Tracks/ClockParadox.WyvernP.0/; 2 catalog rows for Illustration key
full-track-folder,Assets/Tracks/ColorfulDays.P4koofeatつゆり花鈴.0/,ColorfulDays.P4koofeatつゆり花鈴.0,ColorfulDays,P4koofeatつゆり花鈴,0,True,False,low-to-medium: title/artist tokens are embedded in key,high,best available candidate pending APK pair,medium,Addressables key prefix Assets/Tracks/ColorfulDays.P4koofeatつゆり花鈴.0/; 2 catalog rows for Illustration key
full-track-folder,Assets/Tracks/CometFeat符白牙.CNHKSS.0/,CometFeat符白牙.CNHKSS.0,CometFeat符白牙,CNHKSS,0,True,False,low-to-medium: title/artist tokens are embedded in key,high,best available candidate pending APK pair,medium,Addressables key prefix Assets/Tracks/CometFeat符白牙.CNHKSS.0/; 2 catalog rows for Illustration key
full-track-folder,Assets/Tracks/ComputeItWithSomeDevilishAlcoholicSteampunkEngines.かめりあ.0/,ComputeItWithSomeDevilishAlcoholicSteampunkEngines.かめりあ.0,ComputeItWithSomeDevilishAlcoholicSteampunkEngines,かめりあ,0,True,False,low-to-medium: title/artist tokens are embedded in key,high,best available candidate pending APK pair,medium,Addressables key prefix Assets/Tracks/ComputeItWithSomeDevilishAlcoholicSteampunkEngines.かめりあ.0/; 2 catalog rows for Illustration key
full-track-folder,Assets/Tracks/Concvssion.Halv.0/,Concvssion.Halv.0,Concvssion,Halv,0,True,False,low-to-medium: title/artist tokens are embedded in key,high,best available candidate pending APK pair,medium,Addressables key prefix Assets/Tracks/Concvssion.Halv.0/; 2 catalog rows for Illustration key
full-track-folder,Assets/Tracks/CraveWave.LandRoot.0/,CraveWave.LandRoot.0,CraveWave,LandRoot,0,True,False,low-to-medium: title/artist tokens are embedded in key,high,best available candidate pending APK pair,medium,Addressables key prefix Assets/Tracks/CraveWave.LandRoot.0/; 2 catalog rows for Illustration key
full-track-folder,Assets/Tracks/Credits.Frums.0/,Credits.Frums.0,Credits,Frums,0,True,False,low-to-medium: title/artist tokens are embedded in key,high,best available candidate pending APK pair,medium,Addressables key prefix Assets/Tracks/Credits.Frums.0/; 2 catalog rows for Illustration key
full-track-folder,Assets/Tracks/Cristalisia.onoken.0/,Cristalisia.onoken.0,Cristalisia,onoken,0,True,False,low-to-medium: title/artist tokens are embedded in key,high,best available candidate pending APK pair,medium,Addressables key prefix Assets/Tracks/Cristalisia.onoken.0/; 2 catalog rows for Illustration key
full-track-folder,Assets/Tracks/CrushBETA.shadow_bling.0/,CrushBETA.shadow_bling.0,CrushBETA,shadow_bling,0,True,False,low-to-medium: title/artist tokens are embedded in key,high,best available candidate pending APK pair,medium,Addressables key prefix Assets/Tracks/CrushBETA.shadow_bling.0/; 2 catalog rows for Illustration key
full-track-folder,Assets/Tracks/Cthugha.USAO.0/,Cthugha.USAO.0,Cthugha,USAO,0,True,False,low-to-medium: title/artist tokens are embedded in key,high,best available candidate pending APK pair,medium,Addressables key prefix Assets/Tracks/Cthugha.USAO.0/; 2 catalog rows for Illustration key
full-track-folder,Assets/Tracks/Cuvism.Fl00tvsHalv.0/,Cuvism.Fl00tvsHalv.0,Cuvism,Fl00tvsHalv,0,True,False,low-to-medium: title/artist tokens are embedded in key,high,best available candidate pending APK pair,medium,Addressables key prefix Assets/Tracks/Cuvism.Fl00tvsHalv.0/; 2 catalog rows for Illustration key
full-track-folder,Assets/Tracks/DESTRUCTION321.Normal1zervsBrokenNerdz.0/,DESTRUCTION321.Normal1zervsBrokenNerdz.0,DESTRUCTION321,Normal1zervsBrokenNerdz,0,True,False,low-to-medium: title/artist tokens are embedded in key,high,best available candidate pending APK pair,medium,Addressables key prefix Assets/Tracks/DESTRUCTION321.Normal1zervsBrokenNerdz.0/; 2 catalog rows for Illustration key
full-track-folder,Assets/Tracks/DancewithSilence.かめりあ.0/,DancewithSilence.かめりあ.0,DancewithSilence,かめりあ,0,True,False,low-to-medium: title/artist tokens are embedded in key,high,best available candidate pending APK pair,medium,Addressables key prefix Assets/Tracks/DancewithSilence.かめりあ.0/; 2 catalog rows for Illustration key
full-track-folder,Assets/Tracks/Dash.小红Akane李祥辉.0/,Dash.小红Akane李祥辉.0,Dash,小红Akane李祥辉,0,True,False,low-to-medium: title/artist tokens are embedded in key,high,best available candidate pending APK pair,medium,Addressables key prefix Assets/Tracks/Dash.小红Akane李祥辉.0/; 2 catalog rows for Illustration key
full-track-folder,Assets/Tracks/DataErr0r.Cosmograph.0/,DataErr0r.Cosmograph.0,DataErr0r,Cosmograph,0,True,False,low-to-medium: title/artist tokens are embedded in key,high,best available candidate pending APK pair,medium,Addressables key prefix Assets/Tracks/DataErr0r.Cosmograph.0/; 2 catalog rows for Illustration key
full-track-folder,Assets/Tracks/DeadSoul.SoundSouler.0/,DeadSoul.SoundSouler.0,DeadSoul,SoundSouler,0,True,False,low-to-medium: title/artist tokens are embedded in key,high,best available candidate pending APK pair,medium,Addressables key prefix Assets/Tracks/DeadSoul.SoundSouler.0/; 2 catalog rows for Illustration key
full-track-folder,Assets/Tracks/Demiurge.Rabpit.0/,Demiurge.Rabpit.0,Demiurge,Rabpit,0,True,False,low-to-medium: title/artist tokens are embedded in key,high,best available candidate pending APK pair,medium,Addressables key prefix Assets/Tracks/Demiurge.Rabpit.0/; 2 catalog rows for Illustration key
full-track-folder,Assets/Tracks/Demonkin.ForgedReigns.0/,Demonkin.ForgedReigns.0,Demonkin,ForgedReigns,0,True,False,low-to-medium: title/artist tokens are embedded in key,high,best available candidate pending APK pair,medium,Addressables key prefix Assets/Tracks/Demonkin.ForgedReigns.0/; 2 catalog rows for Illustration key
full-track-folder,Assets/Tracks/DerRichter.Ωμεγα.0/,DerRichter.Ωμεγα.0,DerRichter,Ωμεγα,0,True,False,low-to-medium: title/artist tokens are embedded in key,high,best available candidate pending APK pair,medium,Addressables key prefix Assets/Tracks/DerRichter.Ωμεγα.0/; 2 catalog rows for Illustration key
full-track-folder,Assets/Tracks/DerSchneid.Ωμεγα.0/,DerSchneid.Ωμεγα.0,DerSchneid,Ωμεγα,0,True,False,low-to-medium: title/artist tokens are embedded in key,high,best available candidate pending APK pair,medium,Addressables key prefix Assets/Tracks/DerSchneid.Ωμεγα.0/; 2 catalog rows for Illustration key
full-track-folder,Assets/Tracks/DevIAtiOnshortver.polysha.0/,DevIAtiOnshortver.polysha.0,DevIAtiOnshortver,polysha,0,True,False,low-to-medium: title/artist tokens are embedded in key,high,best available candidate pending APK pair,medium,Addressables key prefix Assets/Tracks/DevIAtiOnshortver.polysha.0/; 2 catalog rows for Illustration key
full-track-folder,Assets/Tracks/Devotion.Connexio.0/,Devotion.Connexio.0,Devotion,Connexio,0,True,False,low-to-medium: title/artist tokens are embedded in key,high,best available candidate pending APK pair,medium,Addressables key prefix Assets/Tracks/Devotion.Connexio.0/; 2 catalog rows for Illustration key
full-track-folder,Assets/Tracks/DiamondDust.MasahiroGodspeedAoki.0/,DiamondDust.MasahiroGodspeedAoki.0,DiamondDust,MasahiroGodspeedAoki,0,True,False,low-to-medium: title/artist tokens are embedded in key,high,best available candidate pending APK pair,medium,Addressables key prefix Assets/Tracks/DiamondDust.MasahiroGodspeedAoki.0/; 2 catalog rows for Illustration key
full-track-folder,Assets/Tracks/DiamondEyes.SYNTHETIC.0/,DiamondEyes.SYNTHETIC.0,DiamondEyes,SYNTHETIC,0,True,False,low-to-medium: title/artist tokens are embedded in key,high,best available candidate pending APK pair,medium,Addressables key prefix Assets/Tracks/DiamondEyes.SYNTHETIC.0/; 2 catalog rows for Illustration key
full-track-folder,Assets/Tracks/Disorder.HyuNfeatYURI.0/,Disorder.HyuNfeatYURI.0,Disorder,HyuNfeatYURI,0,True,False,low-to-medium: title/artist tokens are embedded in key,high,best available candidate pending APK pair,medium,Addressables key prefix Assets/Tracks/Disorder.HyuNfeatYURI.0/; 2 catalog rows for Illustration key
full-track-folder,Assets/Tracks/DistortedFate.Sakuzyo.0/,DistortedFate.Sakuzyo.0,DistortedFate,Sakuzyo,0,True,False,low-to-medium: title/artist tokens are embedded in key,high,best available candidate pending APK pair,medium,Addressables key prefix Assets/Tracks/DistortedFate.Sakuzyo.0/; 2 catalog rows for Illustration key
full-track-folder,Assets/Tracks/Dlyrotz.Likey.0/,Dlyrotz.Likey.0,Dlyrotz,Likey,0,True,False,low-to-medium: title/artist tokens are embedded in key,high,best available candidate pending APK pair,medium,Addressables key prefix Assets/Tracks/Dlyrotz.Likey.0/; 2 catalog rows for Illustration key
full-track-folder,Assets/Tracks/DontNeverAround.HAMA.0/,DontNeverAround.HAMA.0,DontNeverAround,HAMA,0,True,False,low-to-medium: title/artist tokens are embedded in key,high,best available candidate pending APK pair,medium,Addressables key prefix Assets/Tracks/DontNeverAround.HAMA.0/; 2 catalog rows for Illustration key
full-track-folder,Assets/Tracks/Doppelganger.LeaF.0/,Doppelganger.LeaF.0,Doppelganger,LeaF,0,True,False,low-to-medium: title/artist tokens are embedded in key,high,best available candidate pending APK pair,medium,Addressables key prefix Assets/Tracks/Doppelganger.LeaF.0/; 2 catalog rows for Illustration key
full-track-folder,Assets/Tracks/Dreamland.z1onkyrrin.0/,Dreamland.z1onkyrrin.0,Dreamland,z1onkyrrin,0,True,False,low-to-medium: title/artist tokens are embedded in key,high,best available candidate pending APK pair,medium,Addressables key prefix Assets/Tracks/Dreamland.z1onkyrrin.0/; 2 catalog rows for Illustration key
full-track-folder,Assets/Tracks/DropIt.Asuka.0/,DropIt.Asuka.0,DropIt,Asuka,0,True,False,low-to-medium: title/artist tokens are embedded in key,high,best available candidate pending APK pair,medium,Addressables key prefix Assets/Tracks/DropIt.Asuka.0/; 2 catalog rows for Illustration key
full-track-folder,Assets/Tracks/ENERGYSYNERGYMATRIX.Tanchiky.0/,ENERGYSYNERGYMATRIX.Tanchiky.0,ENERGYSYNERGYMATRIX,Tanchiky,0,True,False,low-to-medium: title/artist tokens are embedded in key,high,best available candidate pending APK pair,medium,Addressables key prefix Assets/Tracks/ENERGYSYNERGYMATRIX.Tanchiky.0/; 2 catalog rows for Illustration key
full-track-folder,Assets/Tracks/ERABYECONNEC10N.かめりあ.0/,ERABYECONNEC10N.かめりあ.0,ERABYECONNEC10N,かめりあ,0,True,False,low-to-medium: title/artist tokens are embedded in key,high,best available candidate pending APK pair,medium,Addressables key prefix Assets/Tracks/ERABYECONNEC10N.かめりあ.0/; 2 catalog rows for Illustration key
full-track-folder,Assets/Tracks/ElCondorPasaPhigrosEdit.PlasticFruits.0/,ElCondorPasaPhigrosEdit.PlasticFruits.0,ElCondorPasaPhigrosEdit,PlasticFruits,0,True,False,low-to-medium: title/artist tokens are embedded in key,high,best available candidate pending APK pair,medium,Addressables key prefix Assets/Tracks/ElCondorPasaPhigrosEdit.PlasticFruits.0/; 2 catalog rows for Illustration key
full-track-folder,Assets/Tracks/Electron.ElousFZ.0/,Electron.ElousFZ.0,Electron,ElousFZ,0,True,False,low-to-medium: title/artist tokens are embedded in key,high,best available candidate pending APK pair,medium,Addressables key prefix Assets/Tracks/Electron.ElousFZ.0/; 2 catalog rows for Illustration key
full-track-folder,Assets/Tracks/Eltaw.Fl00t.0/,Eltaw.Fl00t.0,Eltaw,Fl00t,0,True,False,low-to-medium: title/artist tokens are embedded in key,high,best available candidate pending APK pair,medium,Addressables key prefix Assets/Tracks/Eltaw.Fl00t.0/; 2 catalog rows for Illustration key
full-track-folder,Assets/Tracks/Elúltimobaile.Θ.0/,Elúltimobaile.Θ.0,Elúltimobaile,Θ,0,True,False,low-to-medium: title/artist tokens are embedded in key,high,best available candidate pending APK pair,medium,Addressables key prefix Assets/Tracks/Elúltimobaile.Θ.0/; 2 catalog rows for Illustration key
full-track-folder,Assets/Tracks/EndMe.ZxNXasDelaina.0/,EndMe.ZxNXasDelaina.0,EndMe,ZxNXasDelaina,0,True,False,low-to-medium: title/artist tokens are embedded in key,high,best available candidate pending APK pair,medium,Addressables key prefix Assets/Tracks/EndMe.ZxNXasDelaina.0/; 2 catalog rows for Illustration key
full-track-folder,Assets/Tracks/EnginexStartmelodymix.CrossingSound.0/,EnginexStartmelodymix.CrossingSound.0,EnginexStartmelodymix,CrossingSound,0,True,False,low-to-medium: title/artist tokens are embedded in key,high,best available candidate pending APK pair,medium,Addressables key prefix Assets/Tracks/EnginexStartmelodymix.CrossingSound.0/; 2 catalog rows for Illustration key
full-track-folder,Assets/Tracks/EradicationCatastrophe.NceS.0/,EradicationCatastrophe.NceS.0,EradicationCatastrophe,NceS,0,True,False,low-to-medium: title/artist tokens are embedded in key,high,best available candidate pending APK pair,medium,Addressables key prefix Assets/Tracks/EradicationCatastrophe.NceS.0/; 2 catalog rows for Illustration key
full-track-folder,Assets/Tracks/EternalSnow.AbyssIdols.0/,EternalSnow.AbyssIdols.0,EternalSnow,AbyssIdols,0,True,False,low-to-medium: title/artist tokens are embedded in key,high,best available candidate pending APK pair,medium,Addressables key prefix Assets/Tracks/EternalSnow.AbyssIdols.0/; 2 catalog rows for Illustration key
full-track-folder,Assets/Tracks/FULiAUTOBUSTER.MYUKKE.0/,FULiAUTOBUSTER.MYUKKE.0,FULiAUTOBUSTER,MYUKKE,0,True,False,low-to-medium: title/artist tokens are embedded in key,high,best available candidate pending APK pair,medium,Addressables key prefix Assets/Tracks/FULiAUTOBUSTER.MYUKKE.0/; 2 catalog rows for Illustration key
full-track-folder,Assets/Tracks/FULiAUTOSHOOTER.MYUKKE.0/,FULiAUTOSHOOTER.MYUKKE.0,FULiAUTOSHOOTER,MYUKKE,0,True,False,low-to-medium: title/artist tokens are embedded in key,high,best available candidate pending APK pair,medium,Addressables key prefix Assets/Tracks/FULiAUTOSHOOTER.MYUKKE.0/; 2 catalog rows for Illustration key
full-track-folder,Assets/Tracks/Feast远东之宴.茶鸣拾贰律.0/,Feast远东之宴.茶鸣拾贰律.0,Feast远东之宴,茶鸣拾贰律,0,True,False,low-to-medium: title/artist tokens are embedded in key,high,best available candidate pending APK pair,medium,Addressables key prefix Assets/Tracks/Feast远东之宴.茶鸣拾贰律.0/; 2 catalog rows for Illustration key
full-track-folder,Assets/Tracks/FinalStep.Lime.0/,FinalStep.Lime.0,FinalStep,Lime,0,True,False,low-to-medium: title/artist tokens are embedded in key,high,best available candidate pending APK pair,medium,Addressables key prefix Assets/Tracks/FinalStep.Lime.0/; 2 catalog rows for Illustration key
full-track-folder,Assets/Tracks/FindMe.Kforest.0/,FindMe.Kforest.0,FindMe,Kforest,0,True,False,low-to-medium: title/artist tokens are embedded in key,high,best available candidate pending APK pair,medium,Addressables key prefix Assets/Tracks/FindMe.Kforest.0/; 2 catalog rows for Illustration key
full-track-folder,Assets/Tracks/FixationsTowardtheStars.Foodbot.0/,FixationsTowardtheStars.Foodbot.0,FixationsTowardtheStars,Foodbot,0,True,False,low-to-medium: title/artist tokens are embedded in key,high,best available candidate pending APK pair,medium,Addressables key prefix Assets/Tracks/FixationsTowardtheStars.Foodbot.0/; 2 catalog rows for Illustration key
full-track-folder,Assets/Tracks/FlutterEcho.Cansol.0/,FlutterEcho.Cansol.0,FlutterEcho,Cansol,0,True,False,low-to-medium: title/artist tokens are embedded in key,high,best available candidate pending APK pair,medium,Addressables key prefix Assets/Tracks/FlutterEcho.Cansol.0/; 2 catalog rows for Illustration key
full-track-folder,Assets/Tracks/FracturedAngel.DJRaisei.0/,FracturedAngel.DJRaisei.0,FracturedAngel,DJRaisei,0,True,False,low-to-medium: title/artist tokens are embedded in key,high,best available candidate pending APK pair,medium,Addressables key prefix Assets/Tracks/FracturedAngel.DJRaisei.0/; 2 catalog rows for Illustration key
full-track-folder,Assets/Tracks/FreakyUndulationsNobleKnightsofTune.JehezukielKURORAK.0/,FreakyUndulationsNobleKnightsofTune.JehezukielKURORAK.0,FreakyUndulationsNobleKnightsofTune,JehezukielKURORAK,0,True,False,low-to-medium: title/artist tokens are embedded in key,high,best available candidate pending APK pair,medium,Addressables key prefix Assets/Tracks/FreakyUndulationsNobleKnightsofTune.JehezukielKURORAK.0/; 2 catalog rows for Illustration key
full-track-folder,Assets/Tracks/FrozenHeart.A39沙包P.0/,FrozenHeart.A39沙包P.0,FrozenHeart,A39沙包P,0,True,False,low-to-medium: title/artist tokens are embedded in key,high,best available candidate pending APK pair,medium,Addressables key prefix Assets/Tracks/FrozenHeart.A39沙包P.0/; 2 catalog rows for Illustration key
full-track-folder,Assets/Tracks/FutureMind.RayNauticaRekuMochizuki.0/,FutureMind.RayNauticaRekuMochizuki.0,FutureMind,RayNauticaRekuMochizuki,0,True,False,low-to-medium: title/artist tokens are embedded in key,high,best available candidate pending APK pair,medium,Addressables key prefix Assets/Tracks/FutureMind.RayNauticaRekuMochizuki.0/; 2 catalog rows for Illustration key
full-track-folder,Assets/Tracks/GOODBOUNCE.EBIMAYO.0/,GOODBOUNCE.EBIMAYO.0,GOODBOUNCE,EBIMAYO,0,True,False,low-to-medium: title/artist tokens are embedded in key,high,best available candidate pending APK pair,medium,Addressables key prefix Assets/Tracks/GOODBOUNCE.EBIMAYO.0/; 2 catalog rows for Illustration key
full-track-folder,Assets/Tracks/GOODFORTUNE.EBIMAYO.0/,GOODFORTUNE.EBIMAYO.0,GOODFORTUNE,EBIMAYO,0,True,False,low-to-medium: title/artist tokens are embedded in key,high,best available candidate pending APK pair,medium,Addressables key prefix Assets/Tracks/GOODFORTUNE.EBIMAYO.0/; 2 catalog rows for Illustration key
full-track-folder,Assets/Tracks/GOODRAGE.EBIMAYO.0/,GOODRAGE.EBIMAYO.0,GOODRAGE,EBIMAYO,0,True,False,low-to-medium: title/artist tokens are embedded in key,high,best available candidate pending APK pair,medium,Addressables key prefix Assets/Tracks/GOODRAGE.EBIMAYO.0/; 2 catalog rows for Illustration key
full-track-folder,Assets/Tracks/GOODTEK.EBIMAYO.0/,GOODTEK.EBIMAYO.0,GOODTEK,EBIMAYO,0,True,False,low-to-medium: title/artist tokens are embedded in key,high,best available candidate pending APK pair,medium,Addressables key prefix Assets/Tracks/GOODTEK.EBIMAYO.0/; 2 catalog rows for Illustration key
full-track-folder,Assets/Tracks/GOODWORLD.EBIMAYO.0/,GOODWORLD.EBIMAYO.0,GOODWORLD,EBIMAYO,0,True,False,low-to-medium: title/artist tokens are embedded in key,high,best available candidate pending APK pair,medium,Addressables key prefix Assets/Tracks/GOODWORLD.EBIMAYO.0/; 2 catalog rows for Illustration key
full-track-folder,Assets/Tracks/GVNGlitterVomitusandNeon.SaltySaltUnfold33.0/,GVNGlitterVomitusandNeon.SaltySaltUnfold33.0,GVNGlitterVomitusandNeon,SaltySaltUnfold33,0,True,False,low-to-medium: title/artist tokens are embedded in key,high,best available candidate pending APK pair,medium,Addressables key prefix Assets/Tracks/GVNGlitterVomitusandNeon.SaltySaltUnfold33.0/; 2 catalog rows for Illustration key
full-track-folder,Assets/Tracks/GetBack.CAP3.0/,GetBack.CAP3.0,GetBack,CAP3,0,True,False,low-to-medium: title/artist tokens are embedded in key,high,best available candidate pending APK pair,medium,Addressables key prefix Assets/Tracks/GetBack.CAP3.0/; 2 catalog rows for Illustration key
full-track-folder,Assets/Tracks/GetReady.iF.0/,GetReady.iF.0,GetReady,iF,0,True,False,low-to-medium: title/artist tokens are embedded in key,high,best available candidate pending APK pair,medium,Addressables key prefix Assets/Tracks/GetReady.iF.0/; 2 catalog rows for Illustration key
full-track-folder,Assets/Tracks/Glaciaxion.SunsetRay.0/,Glaciaxion.SunsetRay.0,Glaciaxion,SunsetRay,0,True,False,low-to-medium: title/artist tokens are embedded in key,high,best available candidate pending APK pair,medium,Addressables key prefix Assets/Tracks/Glaciaxion.SunsetRay.0/; 2 catalog rows for Illustration key
full-track-folder,Assets/Tracks/Grimheart.Puru.0/,Grimheart.Puru.0,Grimheart,Puru,0,True,False,low-to-medium: title/artist tokens are embedded in key,high,best available candidate pending APK pair,medium,Addressables key prefix Assets/Tracks/Grimheart.Puru.0/; 2 catalog rows for Illustration key
full-track-folder,Assets/Tracks/GungnirFracture.Kryexe.0/,GungnirFracture.Kryexe.0,GungnirFracture,Kryexe,0,True,False,low-to-medium: title/artist tokens are embedded in key,high,best available candidate pending APK pair,medium,Addressables key prefix Assets/Tracks/GungnirFracture.Kryexe.0/; 2 catalog rows for Illustration key
full-track-folder,Assets/Tracks/HAZARD.Limpid.0/,HAZARD.Limpid.0,HAZARD,Limpid,0,True,False,low-to-medium: title/artist tokens are embedded in key,high,best available candidate pending APK pair,medium,Addressables key prefix Assets/Tracks/HAZARD.Limpid.0/; 2 catalog rows for Illustration key
full-track-folder,Assets/Tracks/HardcoreKwaya.EnFr.0/,HardcoreKwaya.EnFr.0,HardcoreKwaya,EnFr,0,True,False,low-to-medium: title/artist tokens are embedded in key,high,best available candidate pending APK pair,medium,Addressables key prefix Assets/Tracks/HardcoreKwaya.EnFr.0/; 2 catalog rows for Illustration key
full-track-folder,Assets/Tracks/Helios.NOABotaNya.0/,Helios.NOABotaNya.0,Helios,NOABotaNya,0,True,False,low-to-medium: title/artist tokens are embedded in key,high,best available candidate pending APK pair,medium,Addressables key prefix Assets/Tracks/Helios.NOABotaNya.0/; 2 catalog rows for Illustration key
full-track-folder,Assets/Tracks/HorizonBlue.NothingButRequiemfeatAikapinChiyoko.0/,HorizonBlue.NothingButRequiemfeatAikapinChiyoko.0,HorizonBlue,NothingButRequiemfeatAikapinChiyoko,0,True,False,low-to-medium: title/artist tokens are embedded in key,high,best available candidate pending APK pair,medium,Addressables key prefix Assets/Tracks/HorizonBlue.NothingButRequiemfeatAikapinChiyoko.0/; 2 catalog rows for Illustration key
full-track-folder,Assets/Tracks/HumaN.SOTUI.0/,HumaN.SOTUI.0,HumaN,SOTUI,0,True,False,low-to-medium: title/artist tokens are embedded in key,high,best available candidate pending APK pair,medium,Addressables key prefix Assets/Tracks/HumaN.SOTUI.0/; 2 catalog rows for Illustration key
full-track-folder,Assets/Tracks/Hydra.JamesLandinoXAkiraComplex.0/,Hydra.JamesLandinoXAkiraComplex.0,Hydra,JamesLandinoXAkiraComplex,0,True,False,low-to-medium: title/artist tokens are embedded in key,high,best available candidate pending APK pair,medium,Addressables key prefix Assets/Tracks/Hydra.JamesLandinoXAkiraComplex.0/; 2 catalog rows for Illustration key
full-track-folder,Assets/Tracks/IMustSayNo.TangJuan.0/,IMustSayNo.TangJuan.0,IMustSayNo,TangJuan,0,True,False,low-to-medium: title/artist tokens are embedded in key,high,best available candidate pending APK pair,medium,Addressables key prefix Assets/Tracks/IMustSayNo.TangJuan.0/; 2 catalog rows for Illustration key
full-track-folder,Assets/Tracks/INFiNiTEENERZYOverdoze.RekuMochizuki.0/,INFiNiTEENERZYOverdoze.RekuMochizuki.0,INFiNiTEENERZYOverdoze,RekuMochizuki,0,True,False,low-to-medium: title/artist tokens are embedded in key,high,best available candidate pending APK pair,medium,Addressables key prefix Assets/Tracks/INFiNiTEENERZYOverdoze.RekuMochizuki.0/; 2 catalog rows for Illustration key
full-track-folder,Assets/Tracks/Igallta.SeURa.0/,Igallta.SeURa.0,Igallta,SeURa,0,True,False,low-to-medium: title/artist tokens are embedded in key,high,best available candidate pending APK pair,medium,Addressables key prefix Assets/Tracks/Igallta.SeURa.0/; 2 catalog rows for Illustration key
full-track-folder,Assets/Tracks/Incyde.YbeLL.0/,Incyde.YbeLL.0,Incyde,YbeLL,0,True,False,low-to-medium: title/artist tokens are embedded in key,high,best available candidate pending APK pair,medium,Addressables key prefix Assets/Tracks/Incyde.YbeLL.0/; 2 catalog rows for Illustration key
full-track-folder,Assets/Tracks/IndelibleScar.Noah.0/,IndelibleScar.Noah.0,IndelibleScar,Noah,0,True,False,low-to-medium: title/artist tokens are embedded in key,high,best available candidate pending APK pair,medium,Addressables key prefix Assets/Tracks/IndelibleScar.Noah.0/; 2 catalog rows for Illustration key
full-track-folder,Assets/Tracks/InfinityHeaven.HyuN.0/,InfinityHeaven.HyuN.0,InfinityHeaven,HyuN,0,True,False,low-to-medium: title/artist tokens are embedded in key,high,best available candidate pending APK pair,medium,Addressables key prefix Assets/Tracks/InfinityHeaven.HyuN.0/; 2 catalog rows for Illustration key
full-track-folder,Assets/Tracks/Initialize.iF.0/,Initialize.iF.0,Initialize,iF,0,True,False,low-to-medium: title/artist tokens are embedded in key,high,best available candidate pending APK pair,medium,Addressables key prefix Assets/Tracks/Initialize.iF.0/; 2 catalog rows for Illustration key
full-track-folder,Assets/Tracks/Introduction/,Introduction,Introduction,,,True,False,low-to-medium: title/artist tokens are embedded in key,high,best available candidate pending APK pair,medium,Addressables key prefix Assets/Tracks/Introduction/; 2 catalog rows for Illustration key
full-track-folder,Assets/Tracks/InvertedWorld.ARForest.0/,InvertedWorld.ARForest.0,InvertedWorld,ARForest,0,True,False,low-to-medium: title/artist tokens are embedded in key,high,best available candidate pending APK pair,medium,Addressables key prefix Assets/Tracks/InvertedWorld.ARForest.0/; 2 catalog rows for Illustration key
full-track-folder,Assets/Tracks/JourneywithYou.Iris.0/,JourneywithYou.Iris.0,JourneywithYou,Iris,0,True,False,low-to-medium: title/artist tokens are embedded in key,high,best available candidate pending APK pair,medium,Addressables key prefix Assets/Tracks/JourneywithYou.Iris.0/; 2 catalog rows for Illustration key
full-track-folder,Assets/Tracks/JunXionBetweenLifeAndDeathVIPMix.1N6Fs.0/,JunXionBetweenLifeAndDeathVIPMix.1N6Fs.0,JunXionBetweenLifeAndDeathVIPMix,1N6Fs,0,True,False,low-to-medium: title/artist tokens are embedded in key,high,best available candidate pending APK pair,medium,Addressables key prefix Assets/Tracks/JunXionBetweenLifeAndDeathVIPMix.1N6Fs.0/; 2 catalog rows for Illustration key
full-track-folder,Assets/Tracks/KIZUNAResolution.TAG.0/,KIZUNAResolution.TAG.0,KIZUNAResolution,TAG,0,True,False,low-to-medium: title/artist tokens are embedded in key,high,best available candidate pending APK pair,medium,Addressables key prefix Assets/Tracks/KIZUNAResolution.TAG.0/; 2 catalog rows for Illustration key
full-track-folder,Assets/Tracks/KMoeVIP.ZxNX.0/,KMoeVIP.ZxNX.0,KMoeVIP,ZxNX,0,True,False,low-to-medium: title/artist tokens are embedded in key,high,best available candidate pending APK pair,medium,Addressables key prefix Assets/Tracks/KMoeVIP.ZxNX.0/; 2 catalog rows for Illustration key
full-track-folder,Assets/Tracks/Kerberos.Zris.0/,Kerberos.Zris.0,Kerberos,Zris,0,True,False,low-to-medium: title/artist tokens are embedded in key,high,best available candidate pending APK pair,medium,Addressables key prefix Assets/Tracks/Kerberos.Zris.0/; 2 catalog rows for Illustration key
full-track-folder,Assets/Tracks/Khalid.Dolphin.0/,Khalid.Dolphin.0,Khalid,Dolphin,0,True,False,low-to-medium: title/artist tokens are embedded in key,high,best available candidate pending APK pair,medium,Addressables key prefix Assets/Tracks/Khalid.Dolphin.0/; 2 catalog rows for Illustration key
full-track-folder,Assets/Tracks/KhronostasisKatharsis.Halv.0/,KhronostasisKatharsis.Halv.0,KhronostasisKatharsis,Halv,0,True,False,low-to-medium: title/artist tokens are embedded in key,high,best available candidate pending APK pair,medium,Addressables key prefix Assets/Tracks/KhronostasisKatharsis.Halv.0/; 2 catalog rows for Illustration key
full-track-folder,Assets/Tracks/KirakiraNoelStory.RekuMochizuki.0/,KirakiraNoelStory.RekuMochizuki.0,KirakiraNoelStory,RekuMochizuki,0,True,False,low-to-medium: title/artist tokens are embedded in key,high,best available candidate pending APK pair,medium,Addressables key prefix Assets/Tracks/KirakiraNoelStory.RekuMochizuki.0/; 2 catalog rows for Illustration key
full-track-folder,Assets/Tracks/Komplexe.雄之助featSennzai.0/,Komplexe.雄之助featSennzai.0,Komplexe,雄之助featSennzai,0,True,False,low-to-medium: title/artist tokens are embedded in key,high,best available candidate pending APK pair,medium,Addressables key prefix Assets/Tracks/Komplexe.雄之助featSennzai.0/; 2 catalog rows for Illustration key
full-track-folder,Assets/Tracks/LabyrinthinKowloonWalledWorld.かめりあ.0/,LabyrinthinKowloonWalledWorld.かめりあ.0,LabyrinthinKowloonWalledWorld,かめりあ,0,True,False,low-to-medium: title/artist tokens are embedded in key,high,best available candidate pending APK pair,medium,Addressables key prefix Assets/Tracks/LabyrinthinKowloonWalledWorld.かめりあ.0/; 2 catalog rows for Illustration key
full-track-folder,Assets/Tracks/LeaveAllBehind.rider.0/,LeaveAllBehind.rider.0,LeaveAllBehind,rider,0,True,False,low-to-medium: title/artist tokens are embedded in key,high,best available candidate pending APK pair,medium,Addressables key prefix Assets/Tracks/LeaveAllBehind.rider.0/; 2 catalog rows for Illustration key
full-track-folder,Assets/Tracks/Letempsperdu.Daison.0/,Letempsperdu.Daison.0,Letempsperdu,Daison,0,True,False,low-to-medium: title/artist tokens are embedded in key,high,best available candidate pending APK pair,medium,Addressables key prefix Assets/Tracks/Letempsperdu.Daison.0/; 2 catalog rows for Illustration key
full-track-folder,Assets/Tracks/Locomotive.K.0/,Locomotive.K.0,Locomotive,K,0,True,False,low-to-medium: title/artist tokens are embedded in key,high,best available candidate pending APK pair,medium,Addressables key prefix Assets/Tracks/Locomotive.K.0/; 2 catalog rows for Illustration key
full-track-folder,Assets/Tracks/Luminescence.米虾Fomiki初云CLoudie.0/,Luminescence.米虾Fomiki初云CLoudie.0,Luminescence,米虾Fomiki初云CLoudie,0,True,False,low-to-medium: title/artist tokens are embedded in key,high,best available candidate pending APK pair,medium,Addressables key prefix Assets/Tracks/Luminescence.米虾Fomiki初云CLoudie.0/; 2 catalog rows for Illustration key
full-track-folder,Assets/Tracks/Luminescent.Daison.0/,Luminescent.Daison.0,Luminescent,Daison,0,True,False,low-to-medium: title/artist tokens are embedded in key,high,best available candidate pending APK pair,medium,Addressables key prefix Assets/Tracks/Luminescent.Daison.0/; 2 catalog rows for Illustration key
full-track-folder,Assets/Tracks/LuminousEntitiesLostHeart.NormalMfeatUsagiDenki.0/,LuminousEntitiesLostHeart.NormalMfeatUsagiDenki.0,LuminousEntitiesLostHeart,NormalMfeatUsagiDenki,0,True,False,low-to-medium: title/artist tokens are embedded in key,high,best available candidate pending APK pair,medium,Addressables key prefix Assets/Tracks/LuminousEntitiesLostHeart.NormalMfeatUsagiDenki.0/; 2 catalog rows for Illustration key
full-track-folder,Assets/Tracks/Lyrith迷宮リリス.ユメミド.0/,Lyrith迷宮リリス.ユメミド.0,Lyrith迷宮リリス,ユメミド,0,True,False,low-to-medium: title/artist tokens are embedded in key,high,best available candidate pending APK pair,medium,Addressables key prefix Assets/Tracks/Lyrith迷宮リリス.ユメミド.0/; 2 catalog rows for Illustration key
full-track-folder,Assets/Tracks/MARENOL.LeaF.0/,MARENOL.LeaF.0,MARENOL,LeaF,0,True,False,low-to-medium: title/artist tokens are embedded in key,high,best available candidate pending APK pair,medium,Addressables key prefix Assets/Tracks/MARENOL.LeaF.0/; 2 catalog rows for Illustration key
full-track-folder,Assets/Tracks/MOBILYS.Dachs.0/,MOBILYS.Dachs.0,MOBILYS,Dachs,0,True,False,low-to-medium: title/artist tokens are embedded in key,high,best available candidate pending APK pair,medium,Addressables key prefix Assets/Tracks/MOBILYS.Dachs.0/; 2 catalog rows for Illustration key
full-track-folder,Assets/Tracks/MagentaPotion.EmoCo.0/,MagentaPotion.EmoCo.0,MagentaPotion,EmoCo,0,True,False,low-to-medium: title/artist tokens are embedded in key,high,best available candidate pending APK pair,medium,Addressables key prefix Assets/Tracks/MagentaPotion.EmoCo.0/; 2 catalog rows for Illustration key
full-track-folder,Assets/Tracks/ManifoldHypothesis.cybermisofeattigerlily.0/,ManifoldHypothesis.cybermisofeattigerlily.0,ManifoldHypothesis,cybermisofeattigerlily,0,True,False,low-to-medium: title/artist tokens are embedded in key,high,best available candidate pending APK pair,medium,Addressables key prefix Assets/Tracks/ManifoldHypothesis.cybermisofeattigerlily.0/; 2 catalog rows for Illustration key
full-track-folder,Assets/Tracks/MiracleForestVIPMix.Rinthlive.0/,MiracleForestVIPMix.Rinthlive.0,MiracleForestVIPMix,Rinthlive,0,True,False,low-to-medium: title/artist tokens are embedded in key,high,best available candidate pending APK pair,medium,Addressables key prefix Assets/Tracks/MiracleForestVIPMix.Rinthlive.0/; 2 catalog rows for Illustration key
full-track-folder,Assets/Tracks/NOONEYESMAN.MYUKKE.0/,NOONEYESMAN.MYUKKE.0,NOONEYESMAN,MYUKKE,0,True,False,low-to-medium: title/artist tokens are embedded in key,high,best available candidate pending APK pair,medium,Addressables key prefix Assets/Tracks/NOONEYESMAN.MYUKKE.0/; 2 catalog rows for Illustration key
full-track-folder,Assets/Tracks/NOx.Juggernaut.0/,NOx.Juggernaut.0,NOx,Juggernaut,0,True,False,low-to-medium: title/artist tokens are embedded in key,high,best available candidate pending APK pair,medium,Addressables key prefix Assets/Tracks/NOx.Juggernaut.0/; 2 catalog rows for Illustration key
full-track-folder,Assets/Tracks/NYA.FLuoRiTe姜米條.0/,NYA.FLuoRiTe姜米條.0,NYA,FLuoRiTe姜米條,0,True,False,low-to-medium: title/artist tokens are embedded in key,high,best available candidate pending APK pair,medium,Addressables key prefix Assets/Tracks/NYA.FLuoRiTe姜米條.0/; 2 catalog rows for Illustration key
full-track-folder,Assets/Tracks/NextTime.SaMZIng.0/,NextTime.SaMZIng.0,NextTime,SaMZIng,0,True,False,low-to-medium: title/artist tokens are embedded in key,high,best available candidate pending APK pair,medium,Addressables key prefix Assets/Tracks/NextTime.SaMZIng.0/; 2 catalog rows for Illustration key
full-track-folder,Assets/Tracks/Nhelv.Silentroom.0/,Nhelv.Silentroom.0,Nhelv,Silentroom,0,True,False,low-to-medium: title/artist tokens are embedded in key,high,best available candidate pending APK pair,medium,Addressables key prefix Assets/Tracks/Nhelv.Silentroom.0/; 2 catalog rows for Illustration key
full-track-folder,Assets/Tracks/NickofTime.P4koo.0/,NickofTime.P4koo.0,NickofTime,P4koo,0,True,False,low-to-medium: title/artist tokens are embedded in key,high,best available candidate pending APK pair,medium,Addressables key prefix Assets/Tracks/NickofTime.P4koo.0/; 2 catalog rows for Illustration key
full-track-folder,Assets/Tracks/NightTheater.わかどり.0/,NightTheater.わかどり.0,NightTheater,わかどり,0,True,False,low-to-medium: title/artist tokens are embedded in key,high,best available candidate pending APK pair,medium,Addressables key prefix Assets/Tracks/NightTheater.わかどり.0/; 2 catalog rows for Illustration key
full-track-folder,Assets/Tracks/NonMelodicRagezMUGEdit.Normal1zer.0/,NonMelodicRagezMUGEdit.Normal1zer.0,NonMelodicRagezMUGEdit,Normal1zer,0,True,False,low-to-medium: title/artist tokens are embedded in key,high,best available candidate pending APK pair,medium,Addressables key prefix Assets/Tracks/NonMelodicRagezMUGEdit.Normal1zer.0/; 2 catalog rows for Illustration key
full-track-folder,Assets/Tracks/NowIsTheTimeDoIt.RoyMikelate.0/,NowIsTheTimeDoIt.RoyMikelate.0,NowIsTheTimeDoIt,RoyMikelate,0,True,False,low-to-medium: title/artist tokens are embedded in key,high,best available candidate pending APK pair,medium,Addressables key prefix Assets/Tracks/NowIsTheTimeDoIt.RoyMikelate.0/; 2 catalog rows for Illustration key
full-track-folder,Assets/Tracks/OnAndOn.ETIAfeatJenga.0/,OnAndOn.ETIAfeatJenga.0,OnAndOn,ETIAfeatJenga,0,True,False,low-to-medium: title/artist tokens are embedded in key,high,best available candidate pending APK pair,medium,Addressables key prefix Assets/Tracks/OnAndOn.ETIAfeatJenga.0/; 2 catalog rows for Illustration key
full-track-folder,Assets/Tracks/Originally.SNKSMizku.0/,Originally.SNKSMizku.0,Originally,SNKSMizku,0,True,False,low-to-medium: title/artist tokens are embedded in key,high,best available candidate pending APK pair,medium,Addressables key prefix Assets/Tracks/Originally.SNKSMizku.0/; 2 catalog rows for Illustration key
full-track-folder,Assets/Tracks/Orthodox.tokiwa.0/,Orthodox.tokiwa.0,Orthodox,tokiwa,0,True,False,low-to-medium: title/artist tokens are embedded in key,high,best available candidate pending APK pair,medium,Addressables key prefix Assets/Tracks/Orthodox.tokiwa.0/; 2 catalog rows for Illustration key
full-track-folder,Assets/Tracks/PANICPARADISE.DJSHIONY.0/,PANICPARADISE.DJSHIONY.0,PANICPARADISE,DJSHIONY,0,True,False,low-to-medium: title/artist tokens are embedded in key,high,best available candidate pending APK pair,medium,Addressables key prefix Assets/Tracks/PANICPARADISE.DJSHIONY.0/; 2 catalog rows for Illustration key
full-track-folder,Assets/Tracks/PRAGMATISMRESURRECTION.Laur.0/,PRAGMATISMRESURRECTION.Laur.0,PRAGMATISMRESURRECTION,Laur,0,True,False,low-to-medium: title/artist tokens are embedded in key,high,best available candidate pending APK pair,medium,Addressables key prefix Assets/Tracks/PRAGMATISMRESURRECTION.Laur.0/; 2 catalog rows for Illustration key
full-track-folder,Assets/Tracks/PRAW.Bluewind.0/,PRAW.Bluewind.0,PRAW,Bluewind,0,True,False,low-to-medium: title/artist tokens are embedded in key,high,best available candidate pending APK pair,medium,Addressables key prefix Assets/Tracks/PRAW.Bluewind.0/; 2 catalog rows for Illustration key
full-track-folder,Assets/Tracks/Palescreen.WyvernPfeatMadol.0/,Palescreen.WyvernPfeatMadol.0,Palescreen,WyvernPfeatMadol,0,True,False,low-to-medium: title/artist tokens are embedded in key,high,best available candidate pending APK pair,medium,Addressables key prefix Assets/Tracks/Palescreen.WyvernPfeatMadol.0/; 2 catalog rows for Illustration key
full-track-folder,Assets/Tracks/ParallelRetrogressionGameVer.Tetrajectory.0/,ParallelRetrogressionGameVer.Tetrajectory.0,ParallelRetrogressionGameVer,Tetrajectory,0,True,False,low-to-medium: title/artist tokens are embedded in key,high,best available candidate pending APK pair,medium,Addressables key prefix Assets/Tracks/ParallelRetrogressionGameVer.Tetrajectory.0/; 2 catalog rows for Illustration key
full-track-folder,Assets/Tracks/PixelRebelz.Normal1zer.0/,PixelRebelz.Normal1zer.0,PixelRebelz,Normal1zer,0,True,False,low-to-medium: title/artist tokens are embedded in key,high,best available candidate pending APK pair,medium,Addressables key prefix Assets/Tracks/PixelRebelz.Normal1zer.0/; 2 catalog rows for Illustration key
full-track-folder,Assets/Tracks/PoisonANDORAffection.LeaF.0/,PoisonANDORAffection.LeaF.0,PoisonANDORAffection,LeaF,0,True,False,low-to-medium: title/artist tokens are embedded in key,high,best available candidate pending APK pair,medium,Addressables key prefix Assets/Tracks/PoisonANDORAffection.LeaF.0/; 2 catalog rows for Illustration key
full-track-folder,Assets/Tracks/Pontdessouvenirs.VeetaCrushvsitsufeatitsu.0/,Pontdessouvenirs.VeetaCrushvsitsufeatitsu.0,Pontdessouvenirs,VeetaCrushvsitsufeatitsu,0,True,False,low-to-medium: title/artist tokens are embedded in key,high,best available candidate pending APK pair,medium,Addressables key prefix Assets/Tracks/Pontdessouvenirs.VeetaCrushvsitsufeatitsu.0/; 2 catalog rows for Illustration key
full-track-folder,Assets/Tracks/Poseidon.1112vsStar.0/,Poseidon.1112vsStar.0,Poseidon,1112vsStar,0,True,False,low-to-medium: title/artist tokens are embedded in key,high,best available candidate pending APK pair,medium,Addressables key prefix Assets/Tracks/Poseidon.1112vsStar.0/; 2 catalog rows for Illustration key
full-track-folder,Assets/Tracks/Protoflicker.Silentroom.0/,Protoflicker.Silentroom.0,Protoflicker,Silentroom,0,True,False,low-to-medium: title/artist tokens are embedded in key,high,best available candidate pending APK pair,medium,Addressables key prefix Assets/Tracks/Protoflicker.Silentroom.0/; 2 catalog rows for Illustration key
full-track-folder,Assets/Tracks/QZKagoRequiem.tpazolite.0/,QZKagoRequiem.tpazolite.0,QZKagoRequiem,tpazolite,0,True,False,low-to-medium: title/artist tokens are embedded in key,high,best available candidate pending APK pair,medium,Addressables key prefix Assets/Tracks/QZKagoRequiem.tpazolite.0/; 2 catalog rows for Illustration key
full-track-folder,Assets/Tracks/QuantumHyperspace.D_AAN.0/,QuantumHyperspace.D_AAN.0,QuantumHyperspace,D_AAN,0,True,False,low-to-medium: title/artist tokens are embedded in key,high,best available candidate pending APK pair,medium,Addressables key prefix Assets/Tracks/QuantumHyperspace.D_AAN.0/; 2 catalog rows for Illustration key
full-track-folder,Assets/Tracks/RESSiSTANCE.ぐるたみん.0/,RESSiSTANCE.ぐるたみん.0,RESSiSTANCE,ぐるたみん,0,True,False,low-to-medium: title/artist tokens are embedded in key,high,best available candidate pending APK pair,medium,Addressables key prefix Assets/Tracks/RESSiSTANCE.ぐるたみん.0/; 2 catalog rows for Illustration key
full-track-folder,Assets/Tracks/RIPPER.Friedwav.0/,RIPPER.Friedwav.0,RIPPER,Friedwav,0,True,False,low-to-medium: title/artist tokens are embedded in key,high,best available candidate pending APK pair,medium,Addressables key prefix Assets/Tracks/RIPPER.Friedwav.0/; 2 catalog rows for Illustration key
full-track-folder,Assets/Tracks/Radiance.Nhato.0/,Radiance.Nhato.0,Radiance,Nhato,0,True,False,low-to-medium: title/artist tokens are embedded in key,high,best available candidate pending APK pair,medium,Addressables key prefix Assets/Tracks/Radiance.Nhato.0/; 2 catalog rows for Illustration key
full-track-folder,Assets/Tracks/RainyHeart.BelieverInYou阿卡姆巫师.0/,RainyHeart.BelieverInYou阿卡姆巫师.0,RainyHeart,BelieverInYou阿卡姆巫师,0,True,False,low-to-medium: title/artist tokens are embedded in key,high,best available candidate pending APK pair,medium,Addressables key prefix Assets/Tracks/RainyHeart.BelieverInYou阿卡姆巫师.0/; 2 catalog rows for Illustration key
full-track-folder,Assets/Tracks/RainySeason.AbyssIdols.0/,RainySeason.AbyssIdols.0,RainySeason,AbyssIdols,0,True,False,low-to-medium: title/artist tokens are embedded in key,high,best available candidate pending APK pair,medium,Addressables key prefix Assets/Tracks/RainySeason.AbyssIdols.0/; 2 catalog rows for Illustration key
full-track-folder,Assets/Tracks/Ramification.rareguyReina.0/,Ramification.rareguyReina.0,Ramification,rareguyReina,0,True,False,low-to-medium: title/artist tokens are embedded in key,high,best available candidate pending APK pair,medium,Addressables key prefix Assets/Tracks/Ramification.rareguyReina.0/; 2 catalog rows for Illustration key
full-track-folder,Assets/Tracks/Random.SobremSilentroom.0/,Random.SobremSilentroom.0,Random,SobremSilentroom,0,True,False,low-to-medium: title/artist tokens are embedded in key,high,best available candidate pending APK pair,medium,Addressables key prefix Assets/Tracks/Random.SobremSilentroom.0/; 2 catalog rows for Illustration key
full-track-folder,Assets/Tracks/Random.SobremSilentroom.1/,Random.SobremSilentroom.1,Random,SobremSilentroom,1,True,False,low-to-medium: title/artist tokens are embedded in key,high,best available candidate pending APK pair,medium,Addressables key prefix Assets/Tracks/Random.SobremSilentroom.1/; 0 catalog rows for Illustration key
full-track-folder,Assets/Tracks/Random.SobremSilentroom.2/,Random.SobremSilentroom.2,Random,SobremSilentroom,2,True,False,low-to-medium: title/artist tokens are embedded in key,high,best available candidate pending APK pair,medium,Addressables key prefix Assets/Tracks/Random.SobremSilentroom.2/; 0 catalog rows for Illustration key
full-track-folder,Assets/Tracks/Random.SobremSilentroom.3/,Random.SobremSilentroom.3,Random,SobremSilentroom,3,True,False,low-to-medium: title/artist tokens are embedded in key,high,best available candidate pending APK pair,medium,Addressables key prefix Assets/Tracks/Random.SobremSilentroom.3/; 0 catalog rows for Illustration key
full-track-folder,Assets/Tracks/Random.SobremSilentroom.4/,Random.SobremSilentroom.4,Random,SobremSilentroom,4,True,False,low-to-medium: title/artist tokens are embedded in key,high,best available candidate pending APK pair,medium,Addressables key prefix Assets/Tracks/Random.SobremSilentroom.4/; 0 catalog rows for Illustration key
full-track-folder,Assets/Tracks/Random.SobremSilentroom.5/,Random.SobremSilentroom.5,Random,SobremSilentroom,5,True,False,low-to-medium: title/artist tokens are embedded in key,high,best available candidate pending APK pair,medium,Addressables key prefix Assets/Tracks/Random.SobremSilentroom.5/; 0 catalog rows for Illustration key
full-track-folder,Assets/Tracks/Random.SobremSilentroom.6/,Random.SobremSilentroom.6,Random,SobremSilentroom,6,True,False,low-to-medium: title/artist tokens are embedded in key,high,best available candidate pending APK pair,medium,Addressables key prefix Assets/Tracks/Random.SobremSilentroom.6/; 0 catalog rows for Illustration key
full-track-folder,Assets/Tracks/ReEndofaDream.umavsモリモリあつし.0/,ReEndofaDream.umavsモリモリあつし.0,ReEndofaDream,umavsモリモリあつし,0,True,False,low-to-medium: title/artist tokens are embedded in key,high,best available candidate pending APK pair,medium,Addressables key prefix Assets/Tracks/ReEndofaDream.umavsモリモリあつし.0/; 2 catalog rows for Illustration key
full-track-folder,Assets/Tracks/Re_NascencePsystyleVer.Rinth_live.0/,Re_NascencePsystyleVer.Rinth_live.0,Re_NascencePsystyleVer,Rinth_live,0,True,False,low-to-medium: title/artist tokens are embedded in key,high,best available candidate pending APK pair,medium,Addressables key prefix Assets/Tracks/Re_NascencePsystyleVer.Rinth_live.0/; 2 catalog rows for Illustration key
full-track-folder,Assets/Tracks/Realms.HinkikAHimitsu.0/,Realms.HinkikAHimitsu.0,Realms,HinkikAHimitsu,0,True,False,low-to-medium: title/artist tokens are embedded in key,high,best available candidate pending APK pair,medium,Addressables key prefix Assets/Tracks/Realms.HinkikAHimitsu.0/; 2 catalog rows for Illustration key
full-track-folder,Assets/Tracks/Rebirth.ああああ.0/,Rebirth.ああああ.0,Rebirth,ああああ,0,True,False,low-to-medium: title/artist tokens are embedded in key,high,best available candidate pending APK pair,medium,Addressables key prefix Assets/Tracks/Rebirth.ああああ.0/; 2 catalog rows for Illustration key
full-track-folder,Assets/Tracks/Reimei.影虎.0/,Reimei.影虎.0,Reimei,影虎,0,True,False,low-to-medium: title/artist tokens are embedded in key,high,best available candidate pending APK pair,medium,Addressables key prefix Assets/Tracks/Reimei.影虎.0/; 2 catalog rows for Illustration key
full-track-folder,Assets/Tracks/Resolver.Gomadare.0/,Resolver.Gomadare.0,Resolver,Gomadare,0,True,False,low-to-medium: title/artist tokens are embedded in key,high,best available candidate pending APK pair,medium,Addressables key prefix Assets/Tracks/Resolver.Gomadare.0/; 2 catalog rows for Illustration key
full-track-folder,Assets/Tracks/Retribution.nmyKryexe.0/,Retribution.nmyKryexe.0,Retribution,nmyKryexe,0,True,False,low-to-medium: title/artist tokens are embedded in key,high,best available candidate pending APK pair,medium,Addressables key prefix Assets/Tracks/Retribution.nmyKryexe.0/; 2 catalog rows for Illustration key
full-track-folder,Assets/Tracks/RetributionCycleofRedemption.ArdolfvsDaily天利.0/,RetributionCycleofRedemption.ArdolfvsDaily天利.0,RetributionCycleofRedemption,ArdolfvsDaily天利,0,True,False,low-to-medium: title/artist tokens are embedded in key,high,best available candidate pending APK pair,medium,Addressables key prefix Assets/Tracks/RetributionCycleofRedemption.ArdolfvsDaily天利.0/; 2 catalog rows for Illustration key
full-track-folder,Assets/Tracks/Rrharil.TeamGrimoire.0/,Rrharil.TeamGrimoire.0,Rrharil,TeamGrimoire,0,True,False,low-to-medium: title/artist tokens are embedded in key,high,best available candidate pending APK pair,medium,Addressables key prefix Assets/Tracks/Rrharil.TeamGrimoire.0/; 2 catalog rows for Illustration key
full-track-folder,Assets/Tracks/RubbishSorting.CtymaxvsNceS.0/,RubbishSorting.CtymaxvsNceS.0,RubbishSorting,CtymaxvsNceS,0,True,False,low-to-medium: title/artist tokens are embedded in key,high,best available candidate pending APK pair,medium,Addressables key prefix Assets/Tracks/RubbishSorting.CtymaxvsNceS.0/; 2 catalog rows for Illustration key
full-track-folder,Assets/Tracks/SATELLITE.かめりあ.0/,SATELLITE.かめりあ.0,SATELLITE,かめりあ,0,True,False,low-to-medium: title/artist tokens are embedded in key,high,best available candidate pending APK pair,medium,Addressables key prefix Assets/Tracks/SATELLITE.かめりあ.0/; 2 catalog rows for Illustration key
full-track-folder,Assets/Tracks/SIGMA.Kryexe.0/,SIGMA.Kryexe.0,SIGMA,Kryexe,0,True,False,low-to-medium: title/artist tokens are embedded in key,high,best available candidate pending APK pair,medium,Addressables key prefix Assets/Tracks/SIGMA.Kryexe.0/; 2 catalog rows for Illustration key
full-track-folder,Assets/Tracks/SURREALISM.Itsuki.0/,SURREALISM.Itsuki.0,SURREALISM,Itsuki,0,True,False,low-to-medium: title/artist tokens are embedded in key,high,best available candidate pending APK pair,medium,Addressables key prefix Assets/Tracks/SURREALISM.Itsuki.0/; 2 catalog rows for Illustration key
full-track-folder,Assets/Tracks/Schadenfreude.ZxNX.0/,Schadenfreude.ZxNX.0,Schadenfreude,ZxNX,0,True,False,low-to-medium: title/artist tokens are embedded in key,high,best available candidate pending APK pair,medium,Addressables key prefix Assets/Tracks/Schadenfreude.ZxNX.0/; 2 catalog rows for Illustration key
full-track-folder,Assets/Tracks/SecretIllumination.Yooh.0/,SecretIllumination.Yooh.0,SecretIllumination,Yooh,0,True,False,low-to-medium: title/artist tokens are embedded in key,high,best available candidate pending APK pair,medium,Addressables key prefix Assets/Tracks/SecretIllumination.Yooh.0/; 2 catalog rows for Illustration key
full-track-folder,Assets/Tracks/Sein.朔Apo11oprogramvsお月さま交響曲ftkuroa荒巻.0/,Sein.朔Apo11oprogramvsお月さま交響曲ftkuroa荒巻.0,Sein,朔Apo11oprogramvsお月さま交響曲ftkuroa荒巻,0,True,False,low-to-medium: title/artist tokens are embedded in key,high,best available candidate pending APK pair,medium,Addressables key prefix Assets/Tracks/Sein.朔Apo11oprogramvsお月さま交響曲ftkuroa荒巻.0/; 2 catalog rows for Illustration key
full-track-folder,Assets/Tracks/Shadow.SumaiLightvs姜米條.0/,Shadow.SumaiLightvs姜米條.0,Shadow,SumaiLightvs姜米條,0,True,False,low-to-medium: title/artist tokens are embedded in key,high,best available candidate pending APK pair,medium,Addressables key prefix Assets/Tracks/Shadow.SumaiLightvs姜米條.0/; 2 catalog rows for Illustration key
full-track-folder,Assets/Tracks/Shelter.MeatyRabbitNceS.0/,Shelter.MeatyRabbitNceS.0,Shelter,MeatyRabbitNceS,0,True,False,low-to-medium: title/artist tokens are embedded in key,high,best available candidate pending APK pair,medium,Addressables key prefix Assets/Tracks/Shelter.MeatyRabbitNceS.0/; 2 catalog rows for Illustration key
full-track-folder,Assets/Tracks/ShineAfter.ADeanJocularACE.0/,ShineAfter.ADeanJocularACE.0,ShineAfter,ADeanJocularACE,0,True,False,low-to-medium: title/artist tokens are embedded in key,high,best available candidate pending APK pair,medium,Addressables key prefix Assets/Tracks/ShineAfter.ADeanJocularACE.0/; 2 catalog rows for Illustration key
full-track-folder,Assets/Tracks/SilenceisGoldenSpeechisGolden.NIWASHI.0/,SilenceisGoldenSpeechisGolden.NIWASHI.0,SilenceisGoldenSpeechisGolden,NIWASHI,0,True,False,low-to-medium: title/artist tokens are embedded in key,high,best available candidate pending APK pair,medium,Addressables key prefix Assets/Tracks/SilenceisGoldenSpeechisGolden.NIWASHI.0/; 2 catalog rows for Illustration key
full-track-folder,Assets/Tracks/SnowDance.悠叶いのり.0/,SnowDance.悠叶いのり.0,SnowDance,悠叶いのり,0,True,False,low-to-medium: title/artist tokens are embedded in key,high,best available candidate pending APK pair,medium,Addressables key prefix Assets/Tracks/SnowDance.悠叶いのり.0/; 2 catalog rows for Illustration key
full-track-folder,Assets/Tracks/SnowDesert.WyvernP.0/,SnowDesert.WyvernP.0,SnowDesert,WyvernP,0,True,False,low-to-medium: title/artist tokens are embedded in key,high,best available candidate pending APK pair,medium,Addressables key prefix Assets/Tracks/SnowDesert.WyvernP.0/; 2 catalog rows for Illustration key
full-track-folder,Assets/Tracks/SolaggyfeatUzumaki.ShrimpCatsはぁち後藤涼輔.0/,SolaggyfeatUzumaki.ShrimpCatsはぁち後藤涼輔.0,SolaggyfeatUzumaki,ShrimpCatsはぁち後藤涼輔,0,True,False,low-to-medium: title/artist tokens are embedded in key,high,best available candidate pending APK pair,medium,Addressables key prefix Assets/Tracks/SolaggyfeatUzumaki.ShrimpCatsはぁち後藤涼輔.0/; 2 catalog rows for Illustration key
full-track-folder,Assets/Tracks/SparkleNewLife.rider.0/,SparkleNewLife.rider.0,SparkleNewLife,rider,0,True,False,low-to-medium: title/artist tokens are embedded in key,high,best available candidate pending APK pair,medium,Addressables key prefix Assets/Tracks/SparkleNewLife.rider.0/; 2 catalog rows for Illustration key
full-track-folder,Assets/Tracks/Spasmodic.姜米條颶風元力上人.0/,Spasmodic.姜米條颶風元力上人.0,Spasmodic,姜米條颶風元力上人,0,True,False,low-to-medium: title/artist tokens are embedded in key,high,best available candidate pending APK pair,medium,Addressables key prefix Assets/Tracks/Spasmodic.姜米條颶風元力上人.0/; 2 catalog rows for Illustration key
full-track-folder,Assets/Tracks/SpeedUp.DarTokki.0/,SpeedUp.DarTokki.0,SpeedUp,DarTokki,0,True,False,low-to-medium: title/artist tokens are embedded in key,high,best available candidate pending APK pair,medium,Addressables key prefix Assets/Tracks/SpeedUp.DarTokki.0/; 2 catalog rows for Illustration key
full-track-folder,Assets/Tracks/Spotlight.Ardolf.0/,Spotlight.Ardolf.0,Spotlight,Ardolf,0,True,False,low-to-medium: title/artist tokens are embedded in key,high,best available candidate pending APK pair,medium,Addressables key prefix Assets/Tracks/Spotlight.Ardolf.0/; 2 catalog rows for Illustration key
full-track-folder,Assets/Tracks/StardustRAY.kanonevsBlackY.0/,StardustRAY.kanonevsBlackY.0,StardustRAY,kanonevsBlackY,0,True,False,low-to-medium: title/artist tokens are embedded in key,high,best available candidate pending APK pair,medium,Addressables key prefix Assets/Tracks/StardustRAY.kanonevsBlackY.0/; 2 catalog rows for Illustration key
full-track-folder,Assets/Tracks/Starduster.Quree.0/,Starduster.Quree.0,Starduster,Quree,0,True,False,low-to-medium: title/artist tokens are embedded in key,high,best available candidate pending APK pair,medium,Addressables key prefix Assets/Tracks/Starduster.Quree.0/; 2 catalog rows for Illustration key
full-track-folder,Assets/Tracks/Stasis.Maozon.0/,Stasis.Maozon.0,Stasis,Maozon,0,True,False,low-to-medium: title/artist tokens are embedded in key,high,best available candidate pending APK pair,medium,Addressables key prefix Assets/Tracks/Stasis.Maozon.0/; 2 catalog rows for Illustration key
full-track-folder,Assets/Tracks/SultanRage.MonstDeath.0/,SultanRage.MonstDeath.0,SultanRage,MonstDeath,0,True,False,low-to-medium: title/artist tokens are embedded in key,high,best available candidate pending APK pair,medium,Addressables key prefix Assets/Tracks/SultanRage.MonstDeath.0/; 2 catalog rows for Illustration key
full-track-folder,Assets/Tracks/SwingSkipDrop.ミハイル.0/,SwingSkipDrop.ミハイル.0,SwingSkipDrop,ミハイル,0,True,False,low-to-medium: title/artist tokens are embedded in key,high,best available candidate pending APK pair,medium,Addressables key prefix Assets/Tracks/SwingSkipDrop.ミハイル.0/; 2 catalog rows for Illustration key
full-track-folder,Assets/Tracks/TECHNOPOLIS2085.PRASTIKDANCEFLOOR.0/,TECHNOPOLIS2085.PRASTIKDANCEFLOOR.0,TECHNOPOLIS2085,PRASTIKDANCEFLOOR,0,True,False,low-to-medium: title/artist tokens are embedded in key,high,best available candidate pending APK pair,medium,Addressables key prefix Assets/Tracks/TECHNOPOLIS2085.PRASTIKDANCEFLOOR.0/; 2 catalog rows for Illustration key
full-track-folder,Assets/Tracks/TemporalShifting.LureRabbitVC.0/,TemporalShifting.LureRabbitVC.0,TemporalShifting,LureRabbitVC,0,True,False,low-to-medium: title/artist tokens are embedded in key,high,best available candidate pending APK pair,medium,Addressables key prefix Assets/Tracks/TemporalShifting.LureRabbitVC.0/; 2 catalog rows for Illustration key
full-track-folder,Assets/Tracks/TheChariotREVIIVAL.Attoclef.0/,TheChariotREVIIVAL.Attoclef.0,TheChariotREVIIVAL,Attoclef,0,True,False,low-to-medium: title/artist tokens are embedded in key,high,best available candidate pending APK pair,medium,Addressables key prefix Assets/Tracks/TheChariotREVIIVAL.Attoclef.0/; 2 catalog rows for Illustration key
full-track-folder,Assets/Tracks/TheMountainEater.PaulBazooka.0/,TheMountainEater.PaulBazooka.0,TheMountainEater,PaulBazooka,0,True,False,low-to-medium: title/artist tokens are embedded in key,high,best available candidate pending APK pair,medium,Addressables key prefix Assets/Tracks/TheMountainEater.PaulBazooka.0/; 2 catalog rows for Illustration key
full-track-folder,Assets/Tracks/TheWholeRest.KIVΛ.0/,TheWholeRest.KIVΛ.0,TheWholeRest,KIVΛ,0,True,False,low-to-medium: title/artist tokens are embedded in key,high,best available candidate pending APK pair,medium,Addressables key prefix Assets/Tracks/TheWholeRest.KIVΛ.0/; 2 catalog rows for Illustration key
full-track-folder,Assets/Tracks/Thrashforce.KAHvsE0ri4.0/,Thrashforce.KAHvsE0ri4.0,Thrashforce,KAHvsE0ri4,0,True,False,low-to-medium: title/artist tokens are embedded in key,high,best available candidate pending APK pair,medium,Addressables key prefix Assets/Tracks/Thrashforce.KAHvsE0ri4.0/; 2 catalog rows for Illustration key
full-track-folder,Assets/Tracks/TimetoNightSkyfeatLeeYuJin.HyuNKLYDIX.0/,TimetoNightSkyfeatLeeYuJin.HyuNKLYDIX.0,TimetoNightSkyfeatLeeYuJin,HyuNKLYDIX,0,True,False,low-to-medium: title/artist tokens are embedded in key,high,best available candidate pending APK pair,medium,Addressables key prefix Assets/Tracks/TimetoNightSkyfeatLeeYuJin.HyuNKLYDIX.0/; 2 catalog rows for Illustration key
full-track-folder,Assets/Tracks/Trane.MALVA.0/,Trane.MALVA.0,Trane,MALVA,0,True,False,low-to-medium: title/artist tokens are embedded in key,high,best available candidate pending APK pair,medium,Addressables key prefix Assets/Tracks/Trane.MALVA.0/; 2 catalog rows for Illustration key
full-track-folder,Assets/Tracks/TriumphRegret.typeMARS.0/,TriumphRegret.typeMARS.0,TriumphRegret,typeMARS,0,True,False,low-to-medium: title/artist tokens are embedded in key,high,best available candidate pending APK pair,medium,Addressables key prefix Assets/Tracks/TriumphRegret.typeMARS.0/; 2 catalog rows for Illustration key
full-track-folder,Assets/Tracks/Trojan.litmus.0/,Trojan.litmus.0,Trojan,litmus,0,True,False,low-to-medium: title/artist tokens are embedded in key,high,best available candidate pending APK pair,medium,Addressables key prefix Assets/Tracks/Trojan.litmus.0/; 2 catalog rows for Illustration key
full-track-folder,Assets/Tracks/UnorthodoxThoughts.Joulez.0/,UnorthodoxThoughts.Joulez.0,UnorthodoxThoughts,Joulez,0,True,False,low-to-medium: title/artist tokens are embedded in key,high,best available candidate pending APK pair,medium,Addressables key prefix Assets/Tracks/UnorthodoxThoughts.Joulez.0/; 2 catalog rows for Illustration key
full-track-folder,Assets/Tracks/Upshift.Iriss-Frantzz.0/,Upshift.Iriss-Frantzz.0,Upshift,Iriss-Frantzz,0,True,False,low-to-medium: title/artist tokens are embedded in key,high,best available candidate pending APK pair,medium,Addressables key prefix Assets/Tracks/Upshift.Iriss-Frantzz.0/; 2 catalog rows for Illustration key
full-track-folder,Assets/Tracks/Verruckt.Raimukun.0/,Verruckt.Raimukun.0,Verruckt,Raimukun,0,True,False,low-to-medium: title/artist tokens are embedded in key,high,best available candidate pending APK pair,medium,Addressables key prefix Assets/Tracks/Verruckt.Raimukun.0/; 2 catalog rows for Illustration key
full-track-folder,Assets/Tracks/WATER.A39沙包P.0/,WATER.A39沙包P.0,WATER,A39沙包P,0,True,False,low-to-medium: title/artist tokens are embedded in key,high,best available candidate pending APK pair,medium,Addressables key prefix Assets/Tracks/WATER.A39沙包P.0/; 2 catalog rows for Illustration key
full-track-folder,Assets/Tracks/Wavetapper.Frums.0/,Wavetapper.Frums.0,Wavetapper,Frums,0,True,False,low-to-medium: title/artist tokens are embedded in key,high,best available candidate pending APK pair,medium,Addressables key prefix Assets/Tracks/Wavetapper.Frums.0/; 2 catalog rows for Illustration key
full-track-folder,Assets/Tracks/Wintercube.CtymaxfeatNceS.0/,Wintercube.CtymaxfeatNceS.0,Wintercube,CtymaxfeatNceS,0,True,False,low-to-medium: title/artist tokens are embedded in key,high,best available candidate pending APK pair,medium,Addressables key prefix Assets/Tracks/Wintercube.CtymaxfeatNceS.0/; 2 catalog rows for Illustration key
full-track-folder,Assets/Tracks/WithYou.Cashew.0/,WithYou.Cashew.0,WithYou,Cashew,0,True,False,low-to-medium: title/artist tokens are embedded in key,high,best available candidate pending APK pair,medium,Addressables key prefix Assets/Tracks/WithYou.Cashew.0/; 2 catalog rows for Illustration key
full-track-folder,Assets/Tracks/XING.ginkiha.0/,XING.ginkiha.0,XING,ginkiha,0,True,False,low-to-medium: title/artist tokens are embedded in key,high,best available candidate pending APK pair,medium,Addressables key prefix Assets/Tracks/XING.ginkiha.0/; 2 catalog rows for Illustration key
full-track-folder,Assets/Tracks/Xenolith.Tatsh.0/,Xenolith.Tatsh.0,Xenolith,Tatsh,0,True,False,low-to-medium: title/artist tokens are embedded in key,high,best available candidate pending APK pair,medium,Addressables key prefix Assets/Tracks/Xenolith.Tatsh.0/; 2 catalog rows for Illustration key
full-track-folder,Assets/Tracks/Xenophobia.XinG.0/,Xenophobia.XinG.0,Xenophobia,XinG,0,True,False,low-to-medium: title/artist tokens are embedded in key,high,best available candidate pending APK pair,medium,Addressables key prefix Assets/Tracks/Xenophobia.XinG.0/; 2 catalog rows for Illustration key
full-track-folder,Assets/Tracks/Xepion.Acotto.0/,Xepion.Acotto.0,Xepion,Acotto,0,True,False,low-to-medium: title/artist tokens are embedded in key,high,best available candidate pending APK pair,medium,Addressables key prefix Assets/Tracks/Xepion.Acotto.0/; 2 catalog rows for Illustration key
full-track-folder,Assets/Tracks/YouaretheMiserable.tpazolite.0/,YouaretheMiserable.tpazolite.0,YouaretheMiserable,tpazolite,0,True,False,low-to-medium: title/artist tokens are embedded in key,high,best available candidate pending APK pair,medium,Addressables key prefix Assets/Tracks/YouaretheMiserable.tpazolite.0/; 2 catalog rows for Illustration key
full-track-folder,Assets/Tracks/atruthseekerCommunicationwithUtopiawillbelost.kuro.0/,atruthseekerCommunicationwithUtopiawillbelost.kuro.0,atruthseekerCommunicationwithUtopiawillbelost,kuro,0,True,False,low-to-medium: title/artist tokens are embedded in key,high,best available candidate pending APK pair,medium,Addressables key prefix Assets/Tracks/atruthseekerCommunicationwithUtopiawillbelost.kuro.0/; 2 catalog rows for Illustration key
full-track-folder,Assets/Tracks/bye.DingerBox.0/,bye.DingerBox.0,bye,DingerBox,0,True,False,low-to-medium: title/artist tokens are embedded in key,high,best available candidate pending APK pair,medium,Addressables key prefix Assets/Tracks/bye.DingerBox.0/; 2 catalog rows for Illustration key
full-track-folder,Assets/Tracks/cryout.JuE.0/,cryout.JuE.0,cryout,JuE,0,True,False,low-to-medium: title/artist tokens are embedded in key,high,best available candidate pending APK pair,medium,Addressables key prefix Assets/Tracks/cryout.JuE.0/; 2 catalog rows for Illustration key
full-track-folder,Assets/Tracks/csqn.Aoi.0/,csqn.Aoi.0,csqn,Aoi,0,True,False,low-to-medium: title/artist tokens are embedded in key,high,best available candidate pending APK pair,medium,Addressables key prefix Assets/Tracks/csqn.Aoi.0/; 2 catalog rows for Illustration key
full-track-folder,Assets/Tracks/dBdoll.YUESTEVENuen.0/,dBdoll.YUESTEVENuen.0,dBdoll,YUESTEVENuen,0,True,False,low-to-medium: title/artist tokens are embedded in key,high,best available candidate pending APK pair,medium,Addressables key prefix Assets/Tracks/dBdoll.YUESTEVENuen.0/; 2 catalog rows for Illustration key
full-track-folder,Assets/Tracks/energytrixxx.KAH.0/,energytrixxx.KAH.0,energytrixxx,KAH,0,True,False,low-to-medium: title/artist tokens are embedded in key,high,best available candidate pending APK pair,medium,Addressables key prefix Assets/Tracks/energytrixxx.KAH.0/; 2 catalog rows for Illustration key
full-track-folder,Assets/Tracks/iLArtifact.Link0.0/,iLArtifact.Link0.0,iLArtifact,Link0,0,True,False,low-to-medium: title/artist tokens are embedded in key,high,best available candidate pending APK pair,medium,Addressables key prefix Assets/Tracks/iLArtifact.Link0.0/; 2 catalog rows for Illustration key
full-track-folder,Assets/Tracks/inferior.姜米條.0/,inferior.姜米條.0,inferior,姜米條,0,True,False,low-to-medium: title/artist tokens are embedded in key,high,best available candidate pending APK pair,medium,Addressables key prefix Assets/Tracks/inferior.姜米條.0/; 2 catalog rows for Illustration key
full-track-folder,Assets/Tracks/lifeflashesbeforeweebeyes.BilliumMoto.0/,lifeflashesbeforeweebeyes.BilliumMoto.0,lifeflashesbeforeweebeyes,BilliumMoto,0,True,False,low-to-medium: title/artist tokens are embedded in key,high,best available candidate pending APK pair,medium,Addressables key prefix Assets/Tracks/lifeflashesbeforeweebeyes.BilliumMoto.0/; 2 catalog rows for Illustration key
full-track-folder,Assets/Tracks/mechanted.rareguy.0/,mechanted.rareguy.0,mechanted,rareguy,0,True,False,low-to-medium: title/artist tokens are embedded in key,high,best available candidate pending APK pair,medium,Addressables key prefix Assets/Tracks/mechanted.rareguy.0/; 2 catalog rows for Illustration key
full-track-folder,Assets/Tracks/microwav.dandeless.0/,microwav.dandeless.0,microwav,dandeless,0,True,False,low-to-medium: title/artist tokens are embedded in key,high,best available candidate pending APK pair,medium,Addressables key prefix Assets/Tracks/microwav.dandeless.0/; 2 catalog rows for Illustration key
full-track-folder,Assets/Tracks/modulus.PTB10.0/,modulus.PTB10.0,modulus,PTB10,0,True,False,low-to-medium: title/artist tokens are embedded in key,high,best available candidate pending APK pair,medium,Addressables key prefix Assets/Tracks/modulus.PTB10.0/; 2 catalog rows for Illustration key
full-track-folder,Assets/Tracks/opia.rN.0/,opia.rN.0,opia,rN,0,True,False,low-to-medium: title/artist tokens are embedded in key,high,best available candidate pending APK pair,medium,Addressables key prefix Assets/Tracks/opia.rN.0/; 2 catalog rows for Illustration key
full-track-folder,Assets/Tracks/parsey.siqlo.0/,parsey.siqlo.0,parsey,siqlo,0,True,False,low-to-medium: title/artist tokens are embedded in key,high,best available candidate pending APK pair,medium,Addressables key prefix Assets/Tracks/parsey.siqlo.0/; 2 catalog rows for Illustration key
full-track-folder,Assets/Tracks/slips.rintarosoma.0/,slips.rintarosoma.0,slips,rintarosoma,0,True,False,low-to-medium: title/artist tokens are embedded in key,high,best available candidate pending APK pair,medium,Addressables key prefix Assets/Tracks/slips.rintarosoma.0/; 2 catalog rows for Illustration key
full-track-folder,Assets/Tracks/valorstarcross.LundyvsWyvren.0/,valorstarcross.LundyvsWyvren.0,valorstarcross,LundyvsWyvren,0,True,False,low-to-medium: title/artist tokens are embedded in key,high,best available candidate pending APK pair,medium,Addressables key prefix Assets/Tracks/valorstarcross.LundyvsWyvren.0/; 2 catalog rows for Illustration key
full-track-folder,Assets/Tracks/volcanic.DETROakaルゼ.0/,volcanic.DETROakaルゼ.0,volcanic,DETROakaルゼ,0,True,False,low-to-medium: title/artist tokens are embedded in key,high,best available candidate pending APK pair,medium,Addressables key prefix Assets/Tracks/volcanic.DETROakaルゼ.0/; 2 catalog rows for Illustration key
full-track-folder,Assets/Tracks/いざ参ります.Uskefeat棗いつき.0/,いざ参ります.Uskefeat棗いつき.0,いざ参ります,Uskefeat棗いつき,0,True,False,low-to-medium: title/artist tokens are embedded in key,high,best available candidate pending APK pair,medium,Addressables key prefix Assets/Tracks/いざ参ります.Uskefeat棗いつき.0/; 2 catalog rows for Illustration key
full-track-folder,Assets/Tracks/ぱぴぷぴぷぴぱ.ころねぽちWith立秋.0/,ぱぴぷぴぷぴぱ.ころねぽちWith立秋.0,ぱぴぷぴぷぴぱ,ころねぽちWith立秋,0,True,False,low-to-medium: title/artist tokens are embedded in key,high,best available candidate pending APK pair,medium,Addressables key prefix Assets/Tracks/ぱぴぷぴぷぴぱ.ころねぽちWith立秋.0/; 2 catalog rows for Illustration key
full-track-folder,Assets/Tracks/もぺもぺ.LeaF.0/,もぺもぺ.LeaF.0,もぺもぺ,LeaF,0,True,False,low-to-medium: title/artist tokens are embedded in key,high,best available candidate pending APK pair,medium,Addressables key prefix Assets/Tracks/もぺもぺ.LeaF.0/; 2 catalog rows for Illustration key
full-track-folder,Assets/Tracks/アンビバレンス.すりぃ相沢.0/,アンビバレンス.すりぃ相沢.0,アンビバレンス,すりぃ相沢,0,True,False,low-to-medium: title/artist tokens are embedded in key,high,best available candidate pending APK pair,medium,Addressables key prefix Assets/Tracks/アンビバレンス.すりぃ相沢.0/; 2 catalog rows for Illustration key
full-track-folder,Assets/Tracks/インフェルノシティ.Ponchifeatはぁち.0/,インフェルノシティ.Ponchifeatはぁち.0,インフェルノシティ,Ponchifeatはぁち,0,True,False,low-to-medium: title/artist tokens are embedded in key,high,best available candidate pending APK pair,medium,Addressables key prefix Assets/Tracks/インフェルノシティ.Ponchifeatはぁち.0/; 2 catalog rows for Illustration key
full-track-folder,Assets/Tracks/インマイマインド.レシオP.0/,インマイマインド.レシオP.0,インマイマインド,レシオP,0,True,False,low-to-medium: title/artist tokens are embedded in key,high,best available candidate pending APK pair,medium,Addressables key prefix Assets/Tracks/インマイマインド.レシオP.0/; 2 catalog rows for Illustration key
full-track-folder,Assets/Tracks/ジングルベルJingleBell.A39沙包P.0/,ジングルベルJingleBell.A39沙包P.0,ジングルベルJingleBell,A39沙包P,0,True,False,low-to-medium: title/artist tokens are embedded in key,high,best available candidate pending APK pair,medium,Addressables key prefix Assets/Tracks/ジングルベルJingleBell.A39沙包P.0/; 2 catalog rows for Illustration key
full-track-folder,Assets/Tracks/ストレイソウルアラウンド.みーに.0/,ストレイソウルアラウンド.みーに.0,ストレイソウルアラウンド,みーに,0,True,False,low-to-medium: title/artist tokens are embedded in key,high,best available candidate pending APK pair,medium,Addressables key prefix Assets/Tracks/ストレイソウルアラウンド.みーに.0/; 2 catalog rows for Illustration key
full-track-folder,Assets/Tracks/ニライカナイNiraicA_naiMix.roopfromSTR.0/,ニライカナイNiraicA_naiMix.roopfromSTR.0,ニライカナイNiraicA_naiMix,roopfromSTR,0,True,False,low-to-medium: title/artist tokens are embedded in key,high,best available candidate pending APK pair,medium,Addressables key prefix Assets/Tracks/ニライカナイNiraicA_naiMix.roopfromSTR.0/; 2 catalog rows for Illustration key
full-track-folder,Assets/Tracks/万吨匿名信.闫东炜.0/,万吨匿名信.闫东炜.0,万吨匿名信,闫东炜,0,True,False,low-to-medium: title/artist tokens are embedded in key,high,best available candidate pending APK pair,medium,Addressables key prefix Assets/Tracks/万吨匿名信.闫东炜.0/; 2 catalog rows for Illustration key
full-track-folder,Assets/Tracks/下一秒.BobHouSherlock卓智媛feat兰音Reine.0/,下一秒.BobHouSherlock卓智媛feat兰音Reine.0,下一秒,BobHouSherlock卓智媛feat兰音Reine,0,True,False,low-to-medium: title/artist tokens are embedded in key,high,best available candidate pending APK pair,medium,Addressables key prefix Assets/Tracks/下一秒.BobHouSherlock卓智媛feat兰音Reine.0/; 2 catalog rows for Illustration key
full-track-folder,Assets/Tracks/亂舞.NekockLK.0/,亂舞.NekockLK.0,亂舞,NekockLK,0,True,False,low-to-medium: title/artist tokens are embedded in key,high,best available candidate pending APK pair,medium,Addressables key prefix Assets/Tracks/亂舞.NekockLK.0/; 2 catalog rows for Illustration key
full-track-folder,Assets/Tracks/云女孩.符白牙SiYFics.0/,云女孩.符白牙SiYFics.0,云女孩,符白牙SiYFics,0,True,False,low-to-medium: title/artist tokens are embedded in key,high,best available candidate pending APK pair,medium,Addressables key prefix Assets/Tracks/云女孩.符白牙SiYFics.0/; 2 catalog rows for Illustration key
full-track-folder,Assets/Tracks/今天不是明天.PIKASONICfeat兰音Reine.0/,今天不是明天.PIKASONICfeat兰音Reine.0,今天不是明天,PIKASONICfeat兰音Reine,0,True,False,low-to-medium: title/artist tokens are embedded in key,high,best available candidate pending APK pair,medium,Addressables key prefix Assets/Tracks/今天不是明天.PIKASONICfeat兰音Reine.0/; 2 catalog rows for Illustration key
full-track-folder,Assets/Tracks/光.姜米條.0/,光.姜米條.0,光,姜米條,0,True,False,low-to-medium: title/artist tokens are embedded in key,high,best available candidate pending APK pair,medium,Addressables key prefix Assets/Tracks/光.姜米條.0/; 2 catalog rows for Illustration key
full-track-folder,Assets/Tracks/千紫万紅.r0yvsWABI.0/,千紫万紅.r0yvsWABI.0,千紫万紅,r0yvsWABI,0,True,False,low-to-medium: title/artist tokens are embedded in key,high,best available candidate pending APK pair,medium,Addressables key prefix Assets/Tracks/千紫万紅.r0yvsWABI.0/; 2 catalog rows for Illustration key
full-track-folder,Assets/Tracks/双重间谍DoubleAgent.WAVAV.0/,双重间谍DoubleAgent.WAVAV.0,双重间谍DoubleAgent,WAVAV,0,True,False,low-to-medium: title/artist tokens are embedded in key,high,best available candidate pending APK pair,medium,Addressables key prefix Assets/Tracks/双重间谍DoubleAgent.WAVAV.0/; 2 catalog rows for Illustration key
full-track-folder,Assets/Tracks/君往何处QuoVadis.M2U.0/,君往何处QuoVadis.M2U.0,君往何处QuoVadis,M2U,0,True,False,low-to-medium: title/artist tokens are embedded in key,high,best available candidate pending APK pair,medium,Addressables key prefix Assets/Tracks/君往何处QuoVadis.M2U.0/; 2 catalog rows for Illustration key
full-track-folder,Assets/Tracks/夢の降る日に.seatrus.0/,夢の降る日に.seatrus.0,夢の降る日に,seatrus,0,True,False,low-to-medium: title/artist tokens are embedded in key,high,best available candidate pending APK pair,medium,Addressables key prefix Assets/Tracks/夢の降る日に.seatrus.0/; 2 catalog rows for Illustration key
full-track-folder,Assets/Tracks/大和撫子WildDances.adapatorvsDRIVE.0/,大和撫子WildDances.adapatorvsDRIVE.0,大和撫子WildDances,adapatorvsDRIVE,0,True,False,low-to-medium: title/artist tokens are embedded in key,high,best available candidate pending APK pair,medium,Addressables key prefix Assets/Tracks/大和撫子WildDances.adapatorvsDRIVE.0/; 2 catalog rows for Illustration key
full-track-folder,Assets/Tracks/宇宙残骸少女CosmicDustyGirl.辻原一郎.0/,宇宙残骸少女CosmicDustyGirl.辻原一郎.0,宇宙残骸少女CosmicDustyGirl,辻原一郎,0,True,False,low-to-medium: title/artist tokens are embedded in key,high,best available candidate pending APK pair,medium,Addressables key prefix Assets/Tracks/宇宙残骸少女CosmicDustyGirl.辻原一郎.0/; 2 catalog rows for Illustration key
full-track-folder,Assets/Tracks/尊師TheGuru.rider.0/,尊師TheGuru.rider.0,尊師TheGuru,rider,0,True,False,low-to-medium: title/artist tokens are embedded in key,high,best available candidate pending APK pair,medium,Addressables key prefix Assets/Tracks/尊師TheGuru.rider.0/; 2 catalog rows for Illustration key
full-track-folder,Assets/Tracks/幻影鬼魅PLEASE.R300K.0/,幻影鬼魅PLEASE.R300K.0,幻影鬼魅PLEASE,R300K,0,True,False,low-to-medium: title/artist tokens are embedded in key,high,best available candidate pending APK pair,medium,Addressables key prefix Assets/Tracks/幻影鬼魅PLEASE.R300K.0/; 2 catalog rows for Illustration key
full-track-folder,Assets/Tracks/幽世桔梗.Capchiifeatまるもこ.0/,幽世桔梗.Capchiifeatまるもこ.0,幽世桔梗,Capchiifeatまるもこ,0,True,False,low-to-medium: title/artist tokens are embedded in key,high,best available candidate pending APK pair,medium,Addressables key prefix Assets/Tracks/幽世桔梗.Capchiifeatまるもこ.0/; 2 catalog rows for Illustration key
full-track-folder,Assets/Tracks/开心病.闫东炜.0/,开心病.闫东炜.0,开心病,闫东炜,0,True,False,low-to-medium: title/artist tokens are embedded in key,high,best available candidate pending APK pair,medium,Addressables key prefix Assets/Tracks/开心病.闫东炜.0/; 2 catalog rows for Illustration key
full-track-folder,Assets/Tracks/彩.MisoilePunch.0/,彩.MisoilePunch.0,彩,MisoilePunch,0,True,False,low-to-medium: title/artist tokens are embedded in key,high,best available candidate pending APK pair,medium,Addressables key prefix Assets/Tracks/彩.MisoilePunch.0/; 2 catalog rows for Illustration key
full-track-folder,Assets/Tracks/彼方へ名もなき海辺より.打打だいず&月乃.0/,彼方へ名もなき海辺より.打打だいず&月乃.0,彼方へ名もなき海辺より,打打だいず&月乃,0,True,False,low-to-medium: title/artist tokens are embedded in key,high,best available candidate pending APK pair,medium,Addressables key prefix Assets/Tracks/彼方へ名もなき海辺より.打打だいず&月乃.0/; 2 catalog rows for Illustration key
full-track-folder,Assets/Tracks/心の記憶.A39沙包P.0/,心の記憶.A39沙包P.0,心の記憶,A39沙包P,0,True,False,low-to-medium: title/artist tokens are embedded in key,high,best available candidate pending APK pair,medium,Addressables key prefix Assets/Tracks/心の記憶.A39沙包P.0/; 2 catalog rows for Illustration key
full-track-folder,Assets/Tracks/心之所向.姜米條.0/,心之所向.姜米條.0,心之所向,姜米條,0,True,False,low-to-medium: title/artist tokens are embedded in key,high,best available candidate pending APK pair,medium,Addressables key prefix Assets/Tracks/心之所向.姜米條.0/; 2 catalog rows for Illustration key
full-track-folder,Assets/Tracks/明鏡烈火.MUEvsRekuMochizuki.0/,明鏡烈火.MUEvsRekuMochizuki.0,明鏡烈火,MUEvsRekuMochizuki,0,True,False,low-to-medium: title/artist tokens are embedded in key,high,best available candidate pending APK pair,medium,Addressables key prefix Assets/Tracks/明鏡烈火.MUEvsRekuMochizuki.0/; 2 catalog rows for Illustration key
full-track-folder,Assets/Tracks/星拂云锦featkoi.S9ryne.0/,星拂云锦featkoi.S9ryne.0,星拂云锦featkoi,S9ryne,0,True,False,low-to-medium: title/artist tokens are embedded in key,high,best available candidate pending APK pair,medium,Addressables key prefix Assets/Tracks/星拂云锦featkoi.S9ryne.0/; 2 catalog rows for Illustration key
full-track-folder,Assets/Tracks/暗夜苏醒REANIMATE.Warak.0/,暗夜苏醒REANIMATE.Warak.0,暗夜苏醒REANIMATE,Warak,0,True,False,low-to-medium: title/artist tokens are embedded in key,high,best available candidate pending APK pair,medium,Addressables key prefix Assets/Tracks/暗夜苏醒REANIMATE.Warak.0/; 2 catalog rows for Illustration key
full-track-folder,Assets/Tracks/最高傑作.PYKAMIA.0/,最高傑作.PYKAMIA.0,最高傑作,PYKAMIA,0,True,False,low-to-medium: title/artist tokens are embedded in key,high,best available candidate pending APK pair,medium,Addressables key prefix Assets/Tracks/最高傑作.PYKAMIA.0/; 2 catalog rows for Illustration key
full-track-folder,Assets/Tracks/月下缭乱.月見静華vsLUNARiUM.0/,月下缭乱.月見静華vsLUNARiUM.0,月下缭乱,月見静華vsLUNARiUM,0,True,False,low-to-medium: title/artist tokens are embedded in key,high,best available candidate pending APK pair,medium,Addressables key prefix Assets/Tracks/月下缭乱.月見静華vsLUNARiUM.0/; 2 catalog rows for Illustration key
full-track-folder,Assets/Tracks/月詠に鳴る.Feryquitousfeat藍月なくる.0/,月詠に鳴る.Feryquitousfeat藍月なくる.0,月詠に鳴る,Feryquitousfeat藍月なくる,0,True,False,low-to-medium: title/artist tokens are embedded in key,high,best available candidate pending APK pair,medium,Addressables key prefix Assets/Tracks/月詠に鳴る.Feryquitousfeat藍月なくる.0/; 2 catalog rows for Illustration key
full-track-folder,Assets/Tracks/望影の方舟Six.SeURa.0/,望影の方舟Six.SeURa.0,望影の方舟Six,SeURa,0,True,False,low-to-medium: title/artist tokens are embedded in key,high,best available candidate pending APK pair,medium,Addressables key prefix Assets/Tracks/望影の方舟Six.SeURa.0/; 2 catalog rows for Illustration key
full-track-folder,Assets/Tracks/桜樹街道.kozatosnow.0/,桜樹街道.kozatosnow.0,桜樹街道,kozatosnow,0,True,False,low-to-medium: title/artist tokens are embedded in key,high,best available candidate pending APK pair,medium,Addressables key prefix Assets/Tracks/桜樹街道.kozatosnow.0/; 2 catalog rows for Illustration key
full-track-folder,Assets/Tracks/混乱Confusion.OnlyMyBlackScore.0/,混乱Confusion.OnlyMyBlackScore.0,混乱Confusion,OnlyMyBlackScore,0,True,False,low-to-medium: title/artist tokens are embedded in key,high,best available candidate pending APK pair,medium,Addressables key prefix Assets/Tracks/混乱Confusion.OnlyMyBlackScore.0/; 2 catalog rows for Illustration key
full-track-folder,Assets/Tracks/游园地.椒盐菠萝.0/,游园地.椒盐菠萝.0,游园地,椒盐菠萝,0,True,False,low-to-medium: title/artist tokens are embedded in key,high,best available candidate pending APK pair,medium,Addressables key prefix Assets/Tracks/游园地.椒盐菠萝.0/; 2 catalog rows for Illustration key
full-track-folder,Assets/Tracks/狂喜蘭舞.LeaF.0/,狂喜蘭舞.LeaF.0,狂喜蘭舞,LeaF,0,True,False,low-to-medium: title/artist tokens are embedded in key,high,best available candidate pending APK pair,medium,Addressables key prefix Assets/Tracks/狂喜蘭舞.LeaF.0/; 2 catalog rows for Illustration key
full-track-folder,Assets/Tracks/玩具狂奏曲終焉.きくお.0/,玩具狂奏曲終焉.きくお.0,玩具狂奏曲終焉,きくお,0,True,False,low-to-medium: title/artist tokens are embedded in key,high,best available candidate pending APK pair,medium,Addressables key prefix Assets/Tracks/玩具狂奏曲終焉.きくお.0/; 2 catalog rows for Illustration key
full-track-folder,Assets/Tracks/瓷岁.茶鸣拾贰律.0/,瓷岁.茶鸣拾贰律.0,瓷岁,茶鸣拾贰律,0,True,False,low-to-medium: title/artist tokens are embedded in key,high,best available candidate pending APK pair,medium,Addressables key prefix Assets/Tracks/瓷岁.茶鸣拾贰律.0/; 2 catalog rows for Illustration key
full-track-folder,Assets/Tracks/白と黒のバケモノ.テヅカ.0/,白と黒のバケモノ.テヅカ.0,白と黒のバケモノ,テヅカ,0,True,False,low-to-medium: title/artist tokens are embedded in key,high,best available candidate pending APK pair,medium,Addressables key prefix Assets/Tracks/白と黒のバケモノ.テヅカ.0/; 2 catalog rows for Illustration key
full-track-folder,Assets/Tracks/百鬼夜行.SaladSavior.0/,百鬼夜行.SaladSavior.0,百鬼夜行,SaladSavior,0,True,False,low-to-medium: title/artist tokens are embedded in key,high,best available candidate pending APK pair,medium,Addressables key prefix Assets/Tracks/百鬼夜行.SaladSavior.0/; 2 catalog rows for Illustration key
full-track-folder,Assets/Tracks/盏茗.茶鸣拾贰律.0/,盏茗.茶鸣拾贰律.0,盏茗,茶鸣拾贰律,0,True,False,low-to-medium: title/artist tokens are embedded in key,high,best available candidate pending APK pair,medium,Addressables key prefix Assets/Tracks/盏茗.茶鸣拾贰律.0/; 2 catalog rows for Illustration key
full-track-folder,Assets/Tracks/祈-我ら神祖と共に歩む者なり-.光吉猛修VS穴山大輔VSKaiVS水野健治VS大国奏音.0/,祈-我ら神祖と共に歩む者なり-.光吉猛修VS穴山大輔VSKaiVS水野健治VS大国奏音.0,祈-我ら神祖と共に歩む者なり-,光吉猛修VS穴山大輔VSKaiVS水野健治VS大国奏音,0,True,False,low-to-medium: title/artist tokens are embedded in key,high,best available candidate pending APK pair,medium,Addressables key prefix Assets/Tracks/祈-我ら神祖と共に歩む者なり-.光吉猛修VS穴山大輔VSKaiVS水野健治VS大国奏音.0/; 2 catalog rows for Illustration key
full-track-folder,Assets/Tracks/神話.PicaM2U.0/,神話.PicaM2U.0,神話,PicaM2U,0,True,False,low-to-medium: title/artist tokens are embedded in key,high,best available candidate pending APK pair,medium,Addressables key prefix Assets/Tracks/神話.PicaM2U.0/; 2 catalog rows for Illustration key
full-track-folder,Assets/Tracks/聖夜讃歌.A39沙包P.0/,聖夜讃歌.A39沙包P.0,聖夜讃歌,A39沙包P,0,True,False,low-to-medium: title/artist tokens are embedded in key,high,best available candidate pending APK pair,medium,Addressables key prefix Assets/Tracks/聖夜讃歌.A39沙包P.0/; 2 catalog rows for Illustration key
full-track-folder,Assets/Tracks/華灯爱.闫东炜.0/,華灯爱.闫东炜.0,華灯爱,闫东炜,0,True,False,low-to-medium: title/artist tokens are embedded in key,high,best available candidate pending APK pair,medium,Addressables key prefix Assets/Tracks/華灯爱.闫东炜.0/; 2 catalog rows for Illustration key
full-track-folder,Assets/Tracks/萤火虫の怨.闫东炜.0/,萤火虫の怨.闫东炜.0,萤火虫の怨,闫东炜,0,True,False,low-to-medium: title/artist tokens are embedded in key,high,best available candidate pending APK pair,medium,Addressables key prefix Assets/Tracks/萤火虫の怨.闫东炜.0/; 2 catalog rows for Illustration key
full-track-folder,Assets/Tracks/蝎虎天体Lacertid.CreamvsDaily天利.0/,蝎虎天体Lacertid.CreamvsDaily天利.0,蝎虎天体Lacertid,CreamvsDaily天利,0,True,False,low-to-medium: title/artist tokens are embedded in key,high,best available candidate pending APK pair,medium,Addressables key prefix Assets/Tracks/蝎虎天体Lacertid.CreamvsDaily天利.0/; 2 catalog rows for Illustration key
full-track-folder,Assets/Tracks/贝多芬祝福BeethovenBlessing.Nauts.0/,贝多芬祝福BeethovenBlessing.Nauts.0,贝多芬祝福BeethovenBlessing,Nauts,0,True,False,low-to-medium: title/artist tokens are embedded in key,high,best available candidate pending APK pair,medium,Addressables key prefix Assets/Tracks/贝多芬祝福BeethovenBlessing.Nauts.0/; 2 catalog rows for Illustration key
full-track-folder,Assets/Tracks/重生.姜米條.0/,重生.姜米條.0,重生,姜米條,0,True,False,low-to-medium: title/artist tokens are embedded in key,high,best available candidate pending APK pair,medium,Addressables key prefix Assets/Tracks/重生.姜米條.0/; 2 catalog rows for Illustration key
full-track-folder,Assets/Tracks/雪降りメリクリ.A39.0/,雪降りメリクリ.A39.0,雪降りメリクリ,A39,0,True,False,low-to-medium: title/artist tokens are embedded in key,high,best available candidate pending APK pair,medium,Addressables key prefix Assets/Tracks/雪降りメリクリ.A39.0/; 2 catalog rows for Illustration key
full-track-folder,Assets/Tracks/雪降り雪が降っている.AiSSw夜輪ft結月ゆかり.0/,雪降り雪が降っている.AiSSw夜輪ft結月ゆかり.0,雪降り雪が降っている,AiSSw夜輪ft結月ゆかり,0,True,False,low-to-medium: title/artist tokens are embedded in key,high,best available candidate pending APK pair,medium,Addressables key prefix Assets/Tracks/雪降り雪が降っている.AiSSw夜輪ft結月ゆかり.0/; 2 catalog rows for Illustration key
full-track-folder,Assets/Tracks/零號車輛.seatrus.0/,零號車輛.seatrus.0,零號車輛,seatrus,0,True,False,low-to-medium: title/artist tokens are embedded in key,high,best available candidate pending APK pair,medium,Addressables key prefix Assets/Tracks/零號車輛.seatrus.0/; 2 catalog rows for Illustration key
full-track-folder,Assets/Tracks/青丘.BLACK0.0/,青丘.BLACK0.0,青丘,BLACK0,0,True,False,low-to-medium: title/artist tokens are embedded in key,high,best available candidate pending APK pair,medium,Addressables key prefix Assets/Tracks/青丘.BLACK0.0/; 2 catalog rows for Illustration key
full-track-folder,Assets/Tracks/青芽.茶鸣拾贰律.0/,青芽.茶鸣拾贰律.0,青芽,茶鸣拾贰律,0,True,False,low-to-medium: title/artist tokens are embedded in key,high,best available candidate pending APK pair,medium,Addressables key prefix Assets/Tracks/青芽.茶鸣拾贰律.0/; 2 catalog rows for Illustration key
full-track-folder,Assets/Tracks/风屿.闫东炜.0/,风屿.闫东炜.0,风屿,闫东炜,0,True,False,low-to-medium: title/artist tokens are embedded in key,high,best available candidate pending APK pair,medium,Addressables key prefix Assets/Tracks/风屿.闫东炜.0/; 2 catalog rows for Illustration key
full-track-folder,Assets/Tracks/黄金之城GOLDTOWN.Memme.0/,黄金之城GOLDTOWN.Memme.0,黄金之城GOLDTOWN,Memme,0,True,False,low-to-medium: title/artist tokens are embedded in key,high,best available candidate pending APK pair,medium,Addressables key prefix Assets/Tracks/黄金之城GOLDTOWN.Memme.0/; 2 catalog rows for Illustration key
